timestamp,operator_name,device_count,effective_device_count,avg_battery,p10_battery,median_battery,low_battery_count,zone_count
2026-06-12T06:11:12+0900,ALPACA,1368,1368,75.20833333333333,44.0,77.0,0,195
2026-06-12T06:11:12+0900,GBIKE,2797,2797,68.31212012870934,34.0,70.0,0,187
2026-06-12T06:24:31+0900,ALPACA,1368,1368,75.20833333333333,44.0,77.0,0,195
2026-06-12T06:24:31+0900,GBIKE,2797,2797,68.27350732928137,34.0,70.0,0,187
2026-06-12T06:47:08+0900,ALPACA,1368,1368,75.20833333333333,44.0,77.0,0,195
2026-06-12T06:47:08+0900,GBIKE,2797,2797,68.2248838040758,34.0,70.0,0,187
2026-06-12T15:35:07+0900,ALPACA,1368,1368,75.20833333333333,44.0,77.0,0,195
2026-06-12T15:35:07+0900,GBIKE,2797,2797,68.80765105470147,35.0,71.0,0,193
2026-06-12T15:40:10+0900,ALPACA,1368,1368,75.20833333333333,44.0,77.0,0,195
2026-06-12T15:40:10+0900,GBIKE,2797,2797,68.85091169109761,35.0,71.0,0,193
2026-06-12T15:45:11+0900,ALPACA,1368,1368,75.20833333333333,44.0,77.0,0,195
2026-06-12T15:45:11+0900,GBIKE,2797,2797,68.81086878798713,35.0,71.0,0,193
2026-06-12T15:50:24+0900,ALPACA,1368,1368,75.20833333333333,44.0,77.0,0,195
2026-06-12T15:50:24+0900,GBIKE,2797,2797,68.76296031462282,35.0,71.0,0,193
2026-06-12T15:55:09+0900,ALPACA,1368,1368,75.20833333333333,44.0,77.0,0,195
2026-06-12T15:55:09+0900,GBIKE,2797,2797,68.71719699678226,35.0,71.0,0,191
2026-06-12T16:00:20+0900,ALPACA,1368,1368,75.20833333333333,44.0,77.0,0,195
2026-06-12T16:00:20+0900,GBIKE,2797,2797,68.67250625670361,35.0,71.0,0,191
2026-06-12T16:05:09+0900,ALPACA,1368,1368,75.20833333333333,44.0,77.0,0,195
2026-06-12T16:05:09+0900,GBIKE,2797,2797,68.6149445834823,34.60000000000002,71.0,0,190
2026-06-12T16:10:19+0900,ALPACA,1368,1368,75.20833333333333,44.0,77.0,0,195
2026-06-12T16:10:19+0900,GBIKE,2797,2797,68.57883446549874,34.60000000000002,70.0,0,191
2026-06-12T16:15:04+0900,ALPACA,1368,1368,75.20833333333333,44.0,77.0,0,195
2026-06-12T16:15:04+0900,GBIKE,2797,2797,68.55702538434036,34.60000000000002,70.0,0,190
2026-06-12T16:20:14+0900,ALPACA,1368,1368,75.20833333333333,44.0,77.0,0,195
2026-06-12T16:20:14+0900,GBIKE,2797,2797,68.51090454057919,34.0,70.0,0,190
2026-06-12T16:25:04+0900,ALPACA,1368,1368,75.20833333333333,44.0,77.0,0,195
2026-06-12T16:25:04+0900,GBIKE,2797,2797,68.48194494100822,34.0,70.0,0,190
2026-06-12T16:30:12+0900,ALPACA,1368,1368,75.20833333333333,44.0,77.0,0,195
2026-06-12T16:30:12+0900,GBIKE,2797,2797,68.46406864497676,34.0,70.0,0,190
2026-06-12T16:35:09+0900,ALPACA,1368,1368,75.20833333333333,44.0,77.0,0,195
2026-06-12T16:35:09+0900,GBIKE,2797,2797,68.44225956381838,34.0,70.0,0,190
2026-06-12T16:40:12+0900,ALPACA,1368,1368,75.20833333333333,44.0,77.0,0,195
2026-06-12T16:40:12+0900,GBIKE,2797,2797,68.4168752234537,34.0,70.0,0,189
2026-06-12T16:45:15+0900,ALPACA,1368,1368,75.20833333333333,44.0,77.0,0,195
2026-06-12T16:45:15+0900,GBIKE,2797,2797,68.35538076510547,34.0,70.0,0,188
2026-06-12T16:50:05+0900,ALPACA,1368,1368,75.20833333333333,44.0,77.0,0,195
2026-06-12T16:50:05+0900,GBIKE,2797,2797,68.32463353593135,34.0,70.0,0,188
2026-06-12T16:55:06+0900,ALPACA,1368,1368,75.20833333333333,44.0,77.0,0,195
2026-06-12T16:55:06+0900,GBIKE,2797,2797,68.27887021809082,34.0,70.0,0,188
2026-06-12T17:00:08+0900,ALPACA,1368,1368,75.20833333333333,44.0,77.0,0,195
2026-06-12T17:00:08+0900,GBIKE,2797,2797,68.22810153736145,34.0,70.0,0,188
2026-06-12T17:05:13+0900,ALPACA,1368,1368,75.20833333333333,44.0,77.0,0,195
2026-06-12T17:05:13+0900,GBIKE,2797,2797,68.19628173042545,34.0,70.0,0,188
2026-06-12T17:10:05+0900,ALPACA,1368,1368,75.20833333333333,44.0,77.0,0,195
2026-06-12T17:10:05+0900,GBIKE,2796,2796,68.16201716738198,34.0,70.0,0,188
2026-06-12T17:15:09+0900,ALPACA,1368,1368,75.20833333333333,44.0,77.0,0,195
2026-06-12T17:15:09+0900,GBIKE,2797,2797,68.11583839828387,34.0,70.0,0,188
2026-06-12T17:20:06+0900,ALPACA,1368,1368,75.20833333333333,44.0,77.0,0,195
2026-06-12T17:20:06+0900,GBIKE,2797,2797,68.08616374687165,34.0,70.0,0,188
2026-06-12T17:25:13+0900,ALPACA,1368,1368,75.20833333333333,44.0,77.0,0,195
2026-06-12T17:25:13+0900,GBIKE,2797,2797,68.04504826599928,34.0,70.0,0,188
2026-06-12T17:30:15+0900,ALPACA,1368,1368,75.20833333333333,44.0,77.0,0,195
2026-06-12T17:30:15+0900,GBIKE,2797,2797,68.00321773328567,34.0,69.0,0,188
2026-06-12T17:35:11+0900,ALPACA,1368,1368,75.20833333333333,44.0,77.0,0,195
2026-06-12T17:35:11+0900,GBIKE,2797,2797,67.96889524490526,34.0,69.0,0,188
2026-06-12T17:40:14+0900,ALPACA,1368,1368,75.20833333333333,44.0,77.0,0,195
2026-06-12T17:40:14+0900,GBIKE,2797,2797,67.9191991419378,34.0,69.0,0,188
2026-06-12T17:45:08+0900,ALPACA,1368,1368,75.20833333333333,44.0,77.0,0,195
2026-06-12T17:45:08+0900,GBIKE,2797,2797,67.89238469789059,34.0,69.0,0,188
2026-06-12T17:50:08+0900,ALPACA,1368,1368,75.20833333333333,44.0,77.0,0,195
2026-06-12T17:50:08+0900,GBIKE,2797,2797,67.84090096531999,34.0,69.0,0,190
2026-06-12T17:55:04+0900,ALPACA,1368,1368,75.20833333333333,44.0,77.0,0,195
2026-06-12T17:55:04+0900,GBIKE,2797,2797,67.80765105470147,34.0,69.0,0,190
2026-06-12T18:00:19+0900,ALPACA,1368,1368,75.20833333333333,44.0,77.0,0,195
2026-06-12T18:00:19+0900,GBIKE,2797,2797,67.7468716481945,34.0,69.0,0,190
2026-06-12T18:05:08+0900,ALPACA,1368,1368,75.20833333333333,44.0,77.0,0,195
2026-06-12T18:05:08+0900,GBIKE,2797,2797,67.68358956024312,34.0,69.0,0,191
2026-06-12T18:10:09+0900,ALPACA,1368,1368,75.20833333333333,44.0,77.0,0,195
2026-06-12T18:10:09+0900,GBIKE,2797,2797,67.64962459778334,34.0,69.0,0,191
2026-06-12T18:15:13+0900,ALPACA,1368,1368,75.20833333333333,44.0,77.0,0,195
2026-06-12T18:15:13+0900,GBIKE,2796,2796,67.61158798283262,34.0,69.0,0,191
2026-06-12T18:20:08+0900,ALPACA,1368,1368,75.20833333333333,44.0,77.0,0,195
2026-06-12T18:20:08+0900,GBIKE,2797,2797,67.5634608509117,34.0,69.0,0,192
2026-06-12T18:25:08+0900,ALPACA,1368,1368,75.20833333333333,44.0,77.0,0,195
2026-06-12T18:25:08+0900,GBIKE,2797,2797,67.5219878441187,34.0,69.0,0,193
2026-06-12T18:30:09+0900,ALPACA,1368,1368,75.20833333333333,44.0,77.0,0,195
2026-06-12T18:30:09+0900,GBIKE,2797,2797,67.46764390418305,34.0,69.0,0,194
2026-06-12T18:35:04+0900,ALPACA,1368,1368,75.20833333333333,44.0,77.0,0,195
2026-06-12T18:35:04+0900,GBIKE,2797,2797,67.42581337146943,34.0,69.0,0,194
2026-06-12T18:40:13+0900,ALPACA,1368,1368,75.20833333333333,44.0,77.0,0,195
2026-06-12T18:40:13+0900,GBIKE,2797,2797,67.40185913478727,34.0,69.0,0,194
2026-06-12T18:45:09+0900,ALPACA,1368,1368,75.20833333333333,44.0,77.0,0,195
2026-06-12T18:45:09+0900,GBIKE,2797,2797,67.35645334286735,34.0,69.0,0,194
2026-06-12T18:50:05+0900,ALPACA,1368,1368,75.20833333333333,44.0,77.0,0,195
2026-06-12T18:50:05+0900,GBIKE,2797,2797,67.3299964247408,34.0,69.0,0,194
2026-06-12T18:55:05+0900,ALPACA,1368,1368,75.20833333333333,44.0,77.0,0,195
2026-06-12T18:55:05+0900,GBIKE,2797,2797,67.27779764032893,34.0,69.0,0,194
2026-06-12T19:00:12+0900,ALPACA,1368,1368,75.20833333333333,44.0,77.0,0,195
2026-06-12T19:00:12+0900,GBIKE,2797,2797,67.23417947801215,34.0,68.0,0,195
2026-06-12T19:05:06+0900,ALPACA,1368,1368,75.20833333333333,44.0,77.0,0,195
2026-06-12T19:05:06+0900,GBIKE,2797,2797,67.21165534501252,34.0,68.0,0,197
2026-06-12T19:10:04+0900,ALPACA,1368,1368,75.20833333333333,44.0,77.0,0,195
2026-06-12T19:10:04+0900,GBIKE,2797,2797,67.17196996782266,34.0,68.0,0,196
2026-06-12T19:15:06+0900,ALPACA,1368,1368,75.20833333333333,44.0,77.0,0,195
2026-06-12T19:15:06+0900,GBIKE,2797,2797,67.15552377547372,34.0,68.0,0,196
2026-06-12T19:20:13+0900,ALPACA,1368,1368,75.20833333333333,44.0,77.0,0,195
2026-06-12T19:20:13+0900,GBIKE,2797,2797,67.1136932427601,34.0,68.0,0,196
2026-06-12T19:25:06+0900,ALPACA,1368,1368,75.20833333333333,44.0,77.0,0,195
2026-06-12T19:25:06+0900,GBIKE,2797,2797,67.09116910976046,34.0,68.0,0,196
2026-06-12T19:30:10+0900,ALPACA,1368,1368,75.20833333333333,44.0,77.0,0,195
2026-06-12T19:30:10+0900,GBIKE,2797,2797,67.04719342152306,34.0,68.0,0,197
2026-06-12T19:35:03+0900,ALPACA,1368,1368,75.20833333333333,44.0,77.0,0,195
2026-06-12T19:35:03+0900,GBIKE,2797,2797,67.02895959957097,34.0,68.0,0,197
2026-06-12T19:40:08+0900,ALPACA,1368,1368,75.20833333333333,44.0,77.0,0,195
2026-06-12T19:40:08+0900,GBIKE,2797,2797,66.97282803003218,34.0,68.0,0,197
2026-06-12T19:45:08+0900,ALPACA,1368,1368,75.20833333333333,44.0,77.0,0,195
2026-06-12T19:45:08+0900,GBIKE,2797,2797,66.92098677154094,34.0,68.0,0,197
2026-06-12T19:50:10+0900,ALPACA,1368,1368,75.20833333333333,44.0,77.0,0,195
2026-06-12T19:50:10+0900,GBIKE,2797,2797,66.88773686092242,34.0,68.0,0,196
2026-06-12T19:55:09+0900,ALPACA,1368,1368,75.20833333333333,44.0,77.0,0,195
2026-06-12T19:55:09+0900,GBIKE,2797,2797,66.85841973543081,34.0,68.0,0,194
2026-06-12T20:00:13+0900,ALPACA,1368,1368,75.20833333333333,44.0,77.0,0,195
2026-06-12T20:00:13+0900,GBIKE,2797,2797,66.82659992849482,34.0,68.0,0,194
2026-06-12T20:05:04+0900,ALPACA,1368,1368,75.20833333333333,44.0,77.0,0,195
2026-06-12T20:05:04+0900,GBIKE,2797,2797,66.77904898105113,34.0,68.0,0,194
2026-06-12T20:10:04+0900,ALPACA,1368,1368,75.20833333333333,44.0,77.0,0,195
2026-06-12T20:10:04+0900,GBIKE,2797,2797,66.74043618162317,34.0,68.0,0,194
2026-06-12T20:15:13+0900,ALPACA,1368,1368,75.20833333333333,44.0,77.0,0,195
2026-06-12T20:15:13+0900,GBIKE,2797,2797,66.69860564890955,34.0,68.0,0,194
2026-06-12T20:20:08+0900,ALPACA,1368,1368,75.20833333333333,44.0,77.0,0,195
2026-06-12T20:20:08+0900,GBIKE,2797,2797,66.67786914551304,34.0,68.0,0,194
2026-06-12T20:25:04+0900,ALPACA,1368,1368,75.20833333333333,44.0,77.0,0,195
2026-06-12T20:25:04+0900,GBIKE,2797,2797,66.64354665713265,34.0,68.0,0,194
2026-06-12T20:30:11+0900,ALPACA,1368,1368,75.20833333333333,44.0,77.0,0,195
2026-06-12T20:30:11+0900,GBIKE,2797,2797,66.61744726492671,34.0,68.0,0,194
2026-06-12T20:35:10+0900,ALPACA,1368,1368,75.20833333333333,44.0,77.0,0,195
2026-06-12T20:35:10+0900,GBIKE,2797,2797,66.59456560600644,34.0,68.0,0,194
2026-06-12T20:40:15+0900,ALPACA,1368,1368,75.20833333333333,44.0,77.0,0,195
2026-06-12T20:40:15+0900,GBIKE,2796,2796,66.5532904148784,34.0,67.0,0,194
2026-06-12T20:45:08+0900,ALPACA,1368,1368,75.20833333333333,44.0,77.0,0,195
2026-06-12T20:45:08+0900,GBIKE,2798,2798,66.51179413867048,34.0,67.0,0,195
2026-06-12T20:50:05+0900,ALPACA,1368,1368,75.20833333333333,44.0,77.0,0,195
2026-06-12T20:50:05+0900,GBIKE,2798,2798,66.49571122230165,33.0,67.0,0,195
2026-06-12T20:55:04+0900,ALPACA,1368,1368,75.20833333333333,44.0,77.0,0,195
2026-06-12T20:55:04+0900,GBIKE,2798,2798,66.53109363831308,33.69999999999999,67.0,0,195
2026-06-12T21:00:15+0900,ALPACA,1368,1368,75.20833333333333,44.0,77.0,0,195
2026-06-12T21:00:15+0900,GBIKE,2798,2798,66.60757684060043,34.0,67.0,0,194
2026-06-12T21:05:06+0900,ALPACA,1368,1368,75.20833333333333,44.0,77.0,0,195
2026-06-12T21:05:06+0900,GBIKE,2798,2798,66.63581129378127,34.0,67.0,0,194
2026-06-12T21:10:08+0900,ALPACA,1368,1368,75.20833333333333,44.0,77.0,0,195
2026-06-12T21:10:08+0900,GBIKE,2798,2798,66.7240886347391,34.0,67.5,0,194
2026-06-12T21:15:08+0900,ALPACA,1368,1368,75.20833333333333,44.0,77.0,0,195
2026-06-12T21:15:08+0900,GBIKE,2798,2798,66.73052180128663,34.0,68.0,0,194
2026-06-12T21:20:06+0900,ALPACA,1368,1368,75.20833333333333,44.0,77.0,0,195
2026-06-12T21:20:06+0900,GBIKE,2798,2798,66.8120085775554,34.0,68.0,0,194
2026-06-12T21:25:03+0900,ALPACA,1368,1368,75.20833333333333,44.0,77.0,0,195
2026-06-12T21:25:03+0900,GBIKE,2798,2798,66.77519656897785,34.0,68.0,0,194
2026-06-12T21:30:14+0900,ALPACA,1368,1368,75.20833333333333,44.0,77.0,0,195
2026-06-12T21:30:14+0900,GBIKE,2798,2798,66.85346676197284,34.0,68.0,0,194
2026-06-12T21:35:07+0900,ALPACA,1368,1368,75.20833333333333,44.0,77.0,0,195
2026-06-12T21:35:07+0900,GBIKE,2798,2798,66.79735525375268,34.0,68.0,0,194
2026-06-12T21:40:04+0900,ALPACA,1368,1368,75.20833333333333,44.0,77.0,0,195
2026-06-12T21:40:04+0900,GBIKE,2798,2798,66.79342387419585,34.0,68.0,0,194
2026-06-12T21:45:12+0900,ALPACA,1368,1368,75.20833333333333,44.0,77.0,0,195
2026-06-12T21:45:12+0900,GBIKE,2798,2798,66.81665475339528,34.0,68.0,0,194
2026-06-12T21:50:04+0900,ALPACA,1368,1368,75.20833333333333,44.0,77.0,0,195
2026-06-12T21:50:04+0900,GBIKE,2798,2798,66.77805575411008,33.69999999999999,68.0,0,194
2026-06-12T21:55:04+0900,ALPACA,1368,1368,75.20833333333333,44.0,77.0,0,195
2026-06-12T21:55:04+0900,GBIKE,2798,2798,66.83917083631165,33.69999999999999,68.0,0,194
2026-06-12T22:00:16+0900,ALPACA,1368,1368,75.20833333333333,44.0,77.0,0,195
2026-06-12T22:00:16+0900,GBIKE,2798,2798,66.91136526090064,34.0,68.0,0,194
2026-06-12T22:05:06+0900,ALPACA,1368,1368,75.20833333333333,44.0,77.0,0,195
2026-06-12T22:05:06+0900,GBIKE,2798,2798,66.93888491779843,34.0,68.0,0,194
2026-06-12T22:10:05+0900,ALPACA,1368,1368,75.20833333333333,44.0,77.0,0,195
2026-06-12T22:10:05+0900,GBIKE,2798,2798,67.01000714796282,34.0,68.0,0,194
2026-06-12T22:15:10+0900,ALPACA,1368,1368,75.20833333333333,44.0,77.0,0,195
2026-06-12T22:15:10+0900,GBIKE,2798,2798,67.01286633309506,34.0,68.0,0,194
2026-06-12T22:20:11+0900,ALPACA,1368,1368,75.20833333333333,44.0,77.0,0,195
2026-06-12T22:20:11+0900,GBIKE,2798,2798,67.02501786990707,34.0,68.0,0,194
2026-06-12T22:25:04+0900,ALPACA,1368,1368,75.20833333333333,44.0,77.0,0,195
2026-06-12T22:25:04+0900,GBIKE,2798,2798,67.06790564689064,34.0,68.0,0,195
2026-06-12T22:30:07+0900,ALPACA,1368,1368,75.20833333333333,44.0,77.0,0,195
2026-06-12T22:30:07+0900,GBIKE,2798,2798,67.01751250893496,34.0,68.0,0,195
2026-06-12T22:35:03+0900,ALPACA,1368,1368,75.20833333333333,44.0,77.0,0,195
2026-06-12T22:35:03+0900,GBIKE,2798,2798,66.97212294496069,34.0,68.0,0,195
2026-06-12T22:40:09+0900,ALPACA,1368,1368,75.20833333333333,44.0,77.0,0,195
2026-06-12T22:40:09+0900,GBIKE,2798,2798,66.93888491779843,33.69999999999999,68.0,0,195
2026-06-12T22:45:09+0900,ALPACA,1368,1368,75.20833333333333,44.0,77.0,0,195
2026-06-12T22:45:09+0900,GBIKE,2798,2798,66.92244460328806,33.69999999999999,68.0,0,195
2026-06-12T22:50:07+0900,ALPACA,1368,1368,75.20833333333333,44.0,77.0,0,195
2026-06-12T22:50:07+0900,GBIKE,2798,2798,66.87133666904933,33.69999999999999,67.5,0,194
2026-06-12T22:55:07+0900,ALPACA,1368,1368,75.20833333333333,44.0,77.0,0,195
2026-06-12T22:55:07+0900,GBIKE,2798,2798,66.84167262330236,33.69999999999999,67.0,0,195
2026-06-12T23:00:09+0900,ALPACA,1368,1368,75.20833333333333,44.0,77.0,0,195
2026-06-12T23:00:09+0900,GBIKE,2797,2797,66.78870218090812,33.0,67.0,0,195
2026-06-12T23:05:03+0900,ALPACA,1368,1368,75.20833333333333,44.0,77.0,0,195
2026-06-12T23:05:03+0900,GBIKE,2798,2798,66.74946390278771,33.0,67.0,0,195
2026-06-12T23:10:07+0900,ALPACA,1368,1368,75.20833333333333,44.0,77.0,0,195
2026-06-12T23:10:07+0900,GBIKE,2798,2798,66.7108649035025,33.0,67.0,0,195
2026-06-12T23:15:12+0900,ALPACA,1368,1368,75.20833333333333,44.0,77.0,0,195
2026-06-12T23:15:12+0900,GBIKE,2798,2798,66.65832737669764,33.0,67.0,0,195
2026-06-12T23:20:07+0900,ALPACA,1368,1368,75.20833333333333,44.0,77.0,0,195
2026-06-12T23:20:07+0900,GBIKE,2797,2797,66.59706828745084,33.0,67.0,0,195
2026-06-12T23:25:08+0900,ALPACA,1368,1368,75.20833333333333,44.0,77.0,0,195
2026-06-12T23:25:08+0900,GBIKE,2797,2797,66.547729710404,33.0,67.0,0,195
2026-06-12T23:30:13+0900,ALPACA,1368,1368,75.20833333333333,44.0,77.0,0,195
2026-06-12T23:30:13+0900,GBIKE,2798,2798,66.52358827734096,33.0,67.0,0,195
2026-06-12T23:35:07+0900,ALPACA,1368,1368,75.20833333333333,44.0,77.0,0,195
2026-06-12T23:35:07+0900,GBIKE,2797,2797,66.47336431891313,33.0,67.0,0,195
2026-06-12T23:40:05+0900,ALPACA,1368,1368,75.20833333333333,44.0,77.0,0,195
2026-06-12T23:40:05+0900,GBIKE,2798,2798,66.45461043602573,33.0,67.0,0,195
2026-06-12T23:45:09+0900,ALPACA,1368,1368,75.20833333333333,44.0,77.0,0,195
2026-06-12T23:45:09+0900,GBIKE,2797,2797,66.39292098677154,33.0,67.0,0,195
2026-06-12T23:50:08+0900,ALPACA,1368,1368,75.20833333333333,44.0,77.0,0,195
2026-06-12T23:50:08+0900,GBIKE,2798,2798,66.35453895639742,33.0,67.0,0,195
2026-06-12T23:55:03+0900,ALPACA,1368,1368,75.20833333333333,44.0,77.0,0,195
2026-06-12T23:55:03+0900,GBIKE,2797,2797,66.30496961029675,33.0,67.0,0,196
2026-06-13T00:00:29+0900,ALPACA,1368,1368,75.20833333333333,44.0,77.0,0,195
2026-06-13T00:00:29+0900,GBIKE,2798,2798,66.27662616154396,33.0,67.0,0,196
2026-06-13T00:05:11+0900,ALPACA,1368,1368,75.20833333333333,44.0,77.0,0,195
2026-06-13T00:05:11+0900,GBIKE,2798,2798,66.24195854181558,33.0,67.0,0,196
2026-06-13T00:10:08+0900,ALPACA,1368,1368,75.20833333333333,44.0,77.0,0,195
2026-06-13T00:10:08+0900,GBIKE,2798,2798,66.19728377412437,33.0,67.0,0,196
2026-06-13T00:15:15+0900,ALPACA,1368,1368,75.20833333333333,44.0,77.0,0,195
2026-06-13T00:15:15+0900,GBIKE,2798,2798,66.20836311651179,33.0,67.0,0,196
2026-06-13T00:20:05+0900,ALPACA,1368,1368,75.20833333333333,44.0,77.0,0,195
2026-06-13T00:20:05+0900,GBIKE,2798,2798,66.168691922802,33.0,67.0,0,196
2026-06-13T00:25:06+0900,ALPACA,1368,1368,75.20833333333333,44.0,77.0,0,195
2026-06-13T00:25:06+0900,GBIKE,2798,2798,66.15439599714081,33.0,67.0,0,196
2026-06-13T00:30:13+0900,ALPACA,1368,1368,75.20833333333333,44.0,77.0,0,195
2026-06-13T00:30:13+0900,GBIKE,2798,2798,66.13330950679057,33.0,67.0,0,196
2026-06-13T00:35:07+0900,ALPACA,1368,1368,75.20833333333333,44.0,77.0,0,195
2026-06-13T00:35:07+0900,GBIKE,2798,2798,66.15117941386704,33.0,67.0,0,196
2026-06-13T00:40:08+0900,ALPACA,1368,1368,75.20833333333333,44.0,77.0,0,195
2026-06-13T00:40:08+0900,GBIKE,2798,2798,66.19013581129379,33.0,67.0,0,196
2026-06-13T00:45:11+0900,ALPACA,1368,1368,75.20833333333333,44.0,77.0,0,195
2026-06-13T00:45:11+0900,GBIKE,2798,2798,66.22944960686205,33.0,67.0,0,195
2026-06-13T00:50:10+0900,ALPACA,1368,1368,75.20833333333333,44.0,77.0,0,195
2026-06-13T00:50:10+0900,GBIKE,2798,2798,66.27448177269478,33.0,67.0,0,195
2026-06-13T00:55:04+0900,ALPACA,1368,1368,75.20833333333333,44.0,77.0,0,195
2026-06-13T00:55:04+0900,GBIKE,2798,2798,66.30879199428163,33.0,67.0,0,196
2026-06-13T01:00:14+0900,ALPACA,1368,1368,75.20833333333333,44.0,77.0,0,195
2026-06-13T01:00:14+0900,GBIKE,2798,2798,66.27626876340243,33.0,67.0,0,196
2026-06-13T01:05:07+0900,ALPACA,1368,1368,75.20833333333333,44.0,77.0,0,195
2026-06-13T01:05:07+0900,GBIKE,2798,2798,66.29485346676198,33.69999999999999,67.0,0,196
2026-06-13T01:10:12+0900,ALPACA,1368,1368,75.20833333333333,44.0,77.0,0,195
2026-06-13T01:10:12+0900,GBIKE,2798,2798,66.25804145818442,33.69999999999999,67.0,0,196
2026-06-13T01:15:12+0900,ALPACA,1368,1368,75.20833333333333,44.0,77.0,0,195
2026-06-13T01:15:12+0900,GBIKE,2797,2797,66.30175187701109,33.60000000000002,67.0,0,196
2026-06-13T01:20:08+0900,ALPACA,1368,1368,75.20833333333333,44.0,77.0,0,195
2026-06-13T01:20:08+0900,GBIKE,2798,2798,66.31593995711222,34.0,67.0,0,197
2026-06-13T01:25:06+0900,ALPACA,1368,1368,75.20833333333333,44.0,77.0,0,195
2026-06-13T01:25:06+0900,GBIKE,2798,2798,66.38062902072909,34.0,67.0,0,197
2026-06-13T01:30:09+0900,ALPACA,1368,1368,75.20833333333333,44.0,77.0,0,195
2026-06-13T01:30:09+0900,GBIKE,2798,2798,66.42852037169406,34.0,67.0,0,197
2026-06-13T01:35:04+0900,ALPACA,1368,1368,75.20833333333333,44.0,77.0,0,195
2026-06-13T01:35:04+0900,GBIKE,2798,2798,66.45639742673337,34.0,67.0,0,197
2026-06-13T01:40:06+0900,ALPACA,1368,1368,75.20833333333333,44.0,77.0,0,195
2026-06-13T01:40:06+0900,GBIKE,2798,2798,66.45568263045033,34.0,67.0,0,196
2026-06-13T01:45:09+0900,ALPACA,1368,1368,75.20833333333333,44.0,77.0,0,195
2026-06-13T01:45:09+0900,GBIKE,2798,2798,66.433881343817,34.0,67.0,0,196
2026-06-13T01:50:12+0900,ALPACA,1368,1368,75.20833333333333,44.0,77.0,0,195
2026-06-13T01:50:12+0900,GBIKE,2798,2798,66.38884917798427,34.0,67.0,0,197
2026-06-13T01:55:09+0900,ALPACA,1368,1368,75.20833333333333,44.0,77.0,0,195
2026-06-13T01:55:09+0900,GBIKE,2798,2798,66.37205146533238,34.0,67.0,0,197
2026-06-13T02:00:18+0900,ALPACA,1368,1368,75.20833333333333,44.0,77.0,0,195
2026-06-13T02:00:18+0900,GBIKE,2798,2798,66.35525375268048,34.0,67.0,0,197
2026-06-13T02:05:05+0900,ALPACA,1368,1368,75.20833333333333,44.0,77.0,0,195
2026-06-13T02:05:05+0900,GBIKE,2798,2798,66.33774124374553,34.0,67.0,0,197
2026-06-13T02:10:11+0900,ALPACA,1368,1368,75.20833333333333,44.0,77.0,0,195
2026-06-13T02:10:11+0900,GBIKE,2798,2798,66.30450321658327,34.0,67.0,0,197
2026-06-13T02:15:11+0900,ALPACA,1368,1368,75.20833333333333,44.0,77.0,0,195
2026-06-13T02:15:11+0900,GBIKE,2798,2798,66.26912080057184,34.0,67.0,0,197
2026-06-13T02:20:04+0900,ALPACA,1368,1368,75.20833333333333,44.0,77.0,0,195
2026-06-13T02:20:04+0900,GBIKE,2798,2798,66.25947105075053,34.0,67.0,0,197
2026-06-13T02:25:06+0900,ALPACA,1368,1368,75.20833333333333,44.0,77.0,0,195
2026-06-13T02:25:06+0900,GBIKE,2798,2798,66.22087205146534,34.0,67.0,0,197
2026-06-13T02:30:07+0900,ALPACA,1368,1368,75.20833333333333,44.0,77.0,0,195
2026-06-13T02:30:07+0900,GBIKE,2798,2798,66.20800571837026,34.0,67.0,0,197
2026-06-13T02:35:04+0900,ALPACA,1368,1368,75.20833333333333,44.0,77.0,0,195
2026-06-13T02:35:04+0900,GBIKE,2799,2799,66.40192926045016,34.0,67.0,0,197
2026-06-13T02:40:06+0900,ALPACA,1368,1368,75.20833333333333,44.0,77.0,0,195
2026-06-13T02:40:06+0900,GBIKE,2799,2799,66.39121114683816,34.0,67.0,0,197
2026-06-13T02:45:06+0900,ALPACA,1368,1368,75.20833333333333,44.0,77.0,0,195
2026-06-13T02:45:06+0900,GBIKE,2799,2799,66.35191139692748,34.0,67.0,0,197
2026-06-13T02:50:08+0900,ALPACA,1368,1368,75.20833333333333,44.0,77.0,0,195
2026-06-13T02:50:08+0900,GBIKE,2799,2799,66.33261879242586,34.0,67.0,0,197
2026-06-13T02:55:08+0900,ALPACA,1368,1368,75.20833333333333,44.0,77.0,0,195
2026-06-13T02:55:08+0900,GBIKE,2799,2799,66.28474455162558,34.0,67.0,0,197
2026-06-13T03:00:25+0900,ALPACA,1368,1368,75.20833333333333,44.0,77.0,0,195
2026-06-13T03:00:25+0900,GBIKE,2799,2799,66.26866738120758,34.0,67.0,0,197
2026-06-13T03:05:06+0900,ALPACA,1368,1368,75.20833333333333,44.0,77.0,0,195
2026-06-13T03:05:06+0900,GBIKE,2799,2799,66.26080743122544,34.0,67.0,0,197
2026-06-13T03:10:10+0900,ALPACA,1368,1368,75.20833333333333,44.0,77.0,0,195
2026-06-13T03:10:10+0900,GBIKE,2799,2799,66.2261521972133,34.0,67.0,0,197
2026-06-13T03:15:14+0900,ALPACA,1368,1368,75.20833333333333,44.0,77.0,0,195
2026-06-13T03:15:14+0900,GBIKE,2799,2799,66.20364415862808,34.0,67.0,0,197
2026-06-13T03:20:07+0900,ALPACA,1368,1368,75.20833333333333,44.0,77.0,0,195
2026-06-13T03:20:07+0900,GBIKE,2799,2799,66.18363701321901,34.0,67.0,0,197
2026-06-13T03:25:07+0900,ALPACA,1368,1368,75.20833333333333,44.0,77.0,0,195
2026-06-13T03:25:07+0900,GBIKE,2799,2799,66.36048588781708,34.0,67.0,0,197
2026-06-13T03:30:14+0900,ALPACA,1368,1368,75.20833333333333,44.0,77.0,0,195
2026-06-13T03:30:14+0900,GBIKE,2799,2799,66.34440871739908,34.0,67.0,0,197
2026-06-13T03:35:10+0900,ALPACA,1368,1368,75.20833333333333,44.0,77.0,0,195
2026-06-13T03:35:10+0900,GBIKE,2799,2799,66.33118971061093,34.0,67.0,0,197
2026-06-13T03:40:08+0900,ALPACA,1368,1368,75.20833333333333,44.0,77.0,0,195
2026-06-13T03:40:08+0900,GBIKE,2799,2799,66.3201143265452,34.0,67.0,0,197
2026-06-13T03:45:11+0900,ALPACA,1368,1368,75.20833333333333,44.0,77.0,0,195
2026-06-13T03:45:11+0900,GBIKE,2799,2799,66.28367274026438,34.0,67.0,0,197
2026-06-13T03:50:11+0900,ALPACA,1368,1368,75.20833333333333,44.0,77.0,0,195
2026-06-13T03:50:11+0900,GBIKE,2799,2799,66.27581279028225,34.0,67.0,0,197
2026-06-13T03:55:08+0900,ALPACA,1368,1368,75.20833333333333,44.0,77.0,0,195
2026-06-13T03:55:08+0900,GBIKE,2799,2799,66.2529474812433,34.0,67.0,0,197
2026-06-13T04:00:17+0900,ALPACA,1368,1368,75.20833333333333,44.0,77.0,0,195
2026-06-13T04:00:17+0900,GBIKE,2799,2799,66.23722758127903,34.0,67.0,0,197
2026-06-13T04:05:07+0900,ALPACA,1368,1368,75.20833333333333,44.0,77.0,0,195
2026-06-13T04:05:07+0900,GBIKE,2799,2799,66.22758127902823,34.0,67.0,0,197
2026-06-13T04:10:10+0900,ALPACA,1368,1368,75.20833333333333,44.0,77.0,0,195
2026-06-13T04:10:10+0900,GBIKE,2799,2799,66.21471954269381,34.0,67.0,0,197
2026-06-13T04:15:16+0900,ALPACA,1368,1368,75.20833333333333,44.0,77.0,0,195
2026-06-13T04:15:16+0900,GBIKE,2799,2799,66.18899607002501,34.0,67.0,0,197
2026-06-13T04:20:06+0900,ALPACA,1368,1368,75.20833333333333,44.0,77.0,0,195
2026-06-13T04:20:06+0900,GBIKE,2799,2799,66.18185066095035,34.0,67.0,0,197
2026-06-13T04:25:08+0900,ALPACA,1368,1368,75.20833333333333,44.0,77.0,0,195
2026-06-13T04:25:08+0900,GBIKE,2799,2799,66.17327617006073,34.0,67.0,0,197
2026-06-13T04:30:16+0900,ALPACA,1368,1368,75.20833333333333,44.0,77.0,0,195
2026-06-13T04:30:16+0900,GBIKE,2799,2799,66.16255805644873,34.0,67.0,0,197
2026-06-13T04:35:05+0900,ALPACA,1368,1368,75.20833333333333,44.0,77.0,0,195
2026-06-13T04:35:05+0900,GBIKE,2799,2799,66.151482672383,34.0,67.0,0,197
2026-06-13T04:40:06+0900,ALPACA,1368,1368,75.20833333333333,44.0,77.0,0,195
2026-06-13T04:40:06+0900,GBIKE,2799,2799,66.14433726330833,34.0,67.0,0,197
2026-06-13T04:45:12+0900,ALPACA,1368,1368,75.20833333333333,44.0,77.0,0,195
2026-06-13T04:45:12+0900,GBIKE,2799,2799,66.13969274740978,34.0,67.0,0,197
2026-06-13T04:50:03+0900,ALPACA,1368,1368,75.20833333333333,44.0,77.0,0,195
2026-06-13T04:50:03+0900,GBIKE,2799,2799,66.13290460878885,34.0,67.0,0,197
2026-06-13T04:55:04+0900,ALPACA,1368,1368,75.20833333333333,44.0,77.0,0,195
2026-06-13T04:55:04+0900,GBIKE,2799,2799,66.12683101107538,34.0,67.0,0,197
2026-06-13T05:00:13+0900,ALPACA,1368,1368,75.20833333333333,44.0,77.0,0,195
2026-06-13T05:00:13+0900,GBIKE,2799,2799,66.11468381564845,34.0,67.0,0,197
2026-06-13T05:05:05+0900,ALPACA,1368,1368,75.20833333333333,44.0,77.0,0,195
2026-06-13T05:05:05+0900,GBIKE,2799,2799,66.14648088603073,34.0,67.0,0,197
2026-06-13T05:10:05+0900,ALPACA,1368,1368,75.20833333333333,44.0,77.0,0,195
2026-06-13T05:10:05+0900,GBIKE,2799,2799,66.14040728831726,34.0,67.0,0,197
2026-06-13T05:15:19+0900,ALPACA,1368,1368,75.20833333333333,44.0,77.0,0,195
2026-06-13T05:15:19+0900,GBIKE,2799,2799,66.12254376563058,34.0,67.0,0,197
2026-06-13T05:20:04+0900,ALPACA,1368,1368,75.20833333333333,44.0,77.0,0,195
2026-06-13T05:20:04+0900,GBIKE,2799,2799,66.11468381564845,34.0,67.0,0,197
2026-06-13T05:25:11+0900,ALPACA,1368,1368,75.20833333333333,44.0,77.0,0,195
2026-06-13T05:25:11+0900,GBIKE,2799,2799,66.0961057520543,34.0,67.0,0,197
2026-06-13T05:30:15+0900,ALPACA,1368,1368,75.20833333333333,44.0,77.0,0,195
2026-06-13T05:30:15+0900,GBIKE,1000,1000,62.657,31.0,62.0,0,75
2026-06-13T05:35:10+0900,ALPACA,1368,1368,75.20833333333333,44.0,77.0,0,195
2026-06-13T05:35:10+0900,GBIKE,2799,2799,66.06752411575563,34.0,67.0,0,197
2026-06-13T05:40:08+0900,ALPACA,1368,1368,75.20833333333333,44.0,77.0,0,195
2026-06-13T05:40:08+0900,GBIKE,2799,2799,66.05430510896748,34.0,67.0,0,197
2026-06-13T05:45:09+0900,ALPACA,1368,1368,75.20833333333333,44.0,77.0,0,195
2026-06-13T05:45:09+0900,GBIKE,2799,2799,66.04537334762415,34.0,67.0,0,197
2026-06-13T05:50:04+0900,ALPACA,1368,1368,75.20833333333333,44.0,77.0,0,195
2026-06-13T05:50:04+0900,GBIKE,2799,2799,66.03965702036442,34.0,67.0,0,197
2026-06-13T05:55:07+0900,ALPACA,1368,1368,75.20833333333333,44.0,77.0,0,195
2026-06-13T05:55:07+0900,GBIKE,2799,2799,66.02858163629868,34.0,67.0,0,197
2026-06-13T06:00:16+0900,ALPACA,1368,1368,75.20833333333333,44.0,77.0,0,195
2026-06-13T06:00:16+0900,GBIKE,2799,2799,66.02036441586282,34.0,67.0,0,197
2026-06-13T06:05:07+0900,ALPACA,1368,1368,75.20833333333333,44.0,77.0,0,195
2026-06-13T06:05:07+0900,GBIKE,2799,2799,66.0117899249732,34.0,67.0,0,197
2026-06-13T06:10:18+0900,ALPACA,1368,1368,75.20833333333333,44.0,77.0,0,195
2026-06-13T06:10:18+0900,GBIKE,2799,2799,66.00500178635227,34.0,67.0,0,197
2026-06-13T06:15:09+0900,ALPACA,1368,1368,75.20833333333333,44.0,77.0,0,195
2026-06-13T06:15:09+0900,GBIKE,2799,2799,65.99392640228653,34.0,66.0,0,197
2026-06-13T06:20:09+0900,ALPACA,1368,1368,75.20833333333333,44.0,77.0,0,195
2026-06-13T06:20:09+0900,GBIKE,2799,2799,65.98749553411933,34.0,66.0,0,197
2026-06-13T06:25:09+0900,ALPACA,1368,1368,75.20833333333333,44.0,77.0,0,195
2026-06-13T06:25:09+0900,GBIKE,2799,2799,65.97284744551625,34.0,66.0,0,197
2026-06-13T06:30:10+0900,ALPACA,1368,1368,75.20833333333333,44.0,77.0,0,195
2026-06-13T06:30:10+0900,GBIKE,2799,2799,65.96070025008932,34.0,66.0,0,196
2026-06-13T06:35:10+0900,ALPACA,1368,1368,75.20833333333333,44.0,77.0,0,195
2026-06-13T06:35:10+0900,GBIKE,2799,2799,65.95605573419078,34.0,66.0,0,196
2026-06-13T06:40:09+0900,ALPACA,1368,1368,75.20833333333333,44.0,77.0,0,195
2026-06-13T06:40:09+0900,GBIKE,2799,2799,65.94962486602358,34.0,66.0,0,196
2026-06-13T06:45:05+0900,ALPACA,1368,1368,75.20833333333333,44.0,77.0,0,195
2026-06-13T06:45:05+0900,GBIKE,2799,2799,65.9381922115041,34.0,66.0,0,196
2026-06-13T06:50:09+0900,ALPACA,1368,1368,75.20833333333333,44.0,77.0,0,195
2026-06-13T06:50:09+0900,GBIKE,2799,2799,65.92997499106824,33.80000000000001,66.0,0,196
2026-06-13T06:55:09+0900,ALPACA,1368,1368,75.20833333333333,44.0,77.0,0,195
2026-06-13T06:55:09+0900,GBIKE,2799,2799,65.9178277956413,33.80000000000001,66.0,0,197
2026-06-13T07:00:28+0900,ALPACA,1368,1368,75.20833333333333,44.0,77.0,0,195
2026-06-13T07:00:28+0900,GBIKE,2799,2799,65.90139335476957,33.80000000000001,66.0,0,197
2026-06-13T07:05:10+0900,ALPACA,1368,1368,75.20833333333333,44.0,77.0,0,195
2026-06-13T07:05:10+0900,GBIKE,2799,2799,65.88781707752769,33.80000000000001,66.0,0,197
2026-06-13T07:10:07+0900,ALPACA,1368,1368,75.20833333333333,44.0,77.0,0,195
2026-06-13T07:10:07+0900,GBIKE,2799,2799,65.87817077527689,33.80000000000001,66.0,0,197
2026-06-13T07:15:11+0900,ALPACA,1368,1368,75.20833333333333,44.0,77.0,0,195
2026-06-13T07:15:11+0900,GBIKE,2799,2799,65.86995355484102,33.80000000000001,66.0,0,197
2026-06-13T07:20:12+0900,ALPACA,1368,1368,75.20833333333333,44.0,77.0,0,195
2026-06-13T07:20:12+0900,GBIKE,2799,2799,65.86423722758128,33.80000000000001,66.0,0,197
2026-06-13T07:25:09+0900,ALPACA,1368,1368,75.20833333333333,44.0,77.0,0,195
2026-06-13T07:25:09+0900,GBIKE,2799,2799,65.8463737048946,33.80000000000001,66.0,0,197
2026-06-13T07:30:17+0900,ALPACA,1368,1368,75.20833333333333,44.0,77.0,0,195
2026-06-13T07:30:17+0900,GBIKE,2799,2799,65.82886745266167,33.0,66.0,0,197
2026-06-13T07:35:07+0900,ALPACA,1368,1368,75.20833333333333,44.0,77.0,0,195
2026-06-13T07:35:07+0900,GBIKE,2799,2799,65.81707752768845,33.0,66.0,0,197
2026-06-13T07:40:07+0900,ALPACA,1368,1368,75.20833333333333,44.0,77.0,0,195
2026-06-13T07:40:07+0900,GBIKE,2799,2799,65.80921757770632,33.0,66.0,0,197
2026-06-13T07:45:05+0900,ALPACA,1368,1368,75.20833333333333,44.0,77.0,0,195
2026-06-13T07:45:05+0900,GBIKE,2799,2799,65.79242586638085,33.0,66.0,0,197
2026-06-13T07:50:04+0900,ALPACA,1368,1368,75.20833333333333,44.0,77.0,0,195
2026-06-13T07:50:04+0900,GBIKE,2799,2799,65.7781350482315,33.0,66.0,0,197
2026-06-13T07:55:07+0900,ALPACA,1368,1368,75.20833333333333,44.0,77.0,0,195
2026-06-13T07:55:07+0900,GBIKE,2799,2799,65.76598785280457,33.0,66.0,0,197
2026-06-13T08:00:12+0900,ALPACA,1368,1368,75.20833333333333,44.0,77.0,0,195
2026-06-13T08:00:12+0900,GBIKE,2799,2799,65.7770632368703,33.0,66.0,0,197
2026-06-13T08:05:10+0900,ALPACA,1368,1368,75.20833333333333,44.0,77.0,0,195
2026-06-13T08:05:10+0900,GBIKE,2799,2799,65.83529832082887,33.0,66.0,0,197
2026-06-13T08:10:11+0900,ALPACA,1368,1368,75.20833333333333,44.0,77.0,0,195
2026-06-13T08:10:11+0900,GBIKE,2799,2799,65.84601643444087,33.0,66.0,0,197
2026-06-13T08:15:17+0900,ALPACA,1368,1368,75.20833333333333,44.0,77.0,0,195
2026-06-13T08:15:17+0900,GBIKE,2799,2799,65.8560200071454,33.0,66.0,0,197
2026-06-13T08:20:10+0900,ALPACA,1368,1368,75.20833333333333,44.0,77.0,0,195
2026-06-13T08:20:10+0900,GBIKE,2799,2799,65.97141836370132,33.0,66.0,0,197
2026-06-13T08:25:05+0900,ALPACA,1368,1368,75.20833333333333,44.0,77.0,0,195
2026-06-13T08:25:05+0900,GBIKE,2799,2799,66.04394426580922,33.0,67.0,0,197
2026-06-13T08:30:06+0900,ALPACA,1368,1368,75.20833333333333,44.0,77.0,0,195
2026-06-13T08:30:06+0900,GBIKE,2799,2799,66.12040014290818,33.0,67.0,0,197
2026-06-13T08:35:09+0900,ALPACA,1368,1368,75.20833333333333,44.0,77.0,0,195
2026-06-13T08:35:09+0900,GBIKE,2799,2799,66.12433011789925,33.0,67.0,0,197
2026-06-13T08:40:11+0900,ALPACA,1368,1368,75.20833333333333,44.0,77.0,0,195
2026-06-13T08:40:11+0900,GBIKE,2799,2799,66.19899964272955,34.0,67.0,0,197
2026-06-13T08:45:12+0900,ALPACA,1368,1368,75.20833333333333,44.0,77.0,0,195
2026-06-13T08:45:12+0900,GBIKE,2799,2799,66.26545194712398,34.0,67.0,0,197
2026-06-13T08:50:05+0900,ALPACA,1368,1368,75.20833333333333,44.0,77.0,0,195
2026-06-13T08:50:05+0900,GBIKE,2799,2799,66.4044301536263,34.0,67.0,0,197
2026-06-13T08:55:07+0900,ALPACA,1368,1368,75.20833333333333,44.0,77.0,0,195
2026-06-13T08:55:07+0900,GBIKE,2799,2799,66.44873168988924,34.0,67.0,0,197
2026-06-13T09:00:18+0900,ALPACA,1368,1368,75.20833333333333,44.0,77.0,0,195
2026-06-13T09:00:18+0900,GBIKE,2799,2799,66.50660950339407,34.0,67.0,0,195
2026-06-13T09:05:07+0900,ALPACA,1368,1368,75.20833333333333,44.0,77.0,0,195
2026-06-13T09:05:07+0900,GBIKE,2799,2799,66.56698821007502,34.0,67.0,0,195
2026-06-13T09:10:08+0900,ALPACA,1368,1368,75.20833333333333,44.0,77.0,0,195
2026-06-13T09:10:08+0900,GBIKE,2799,2799,66.56591639871382,34.0,67.0,0,195
2026-06-13T09:15:09+0900,ALPACA,1368,1368,75.20833333333333,44.0,77.0,0,195
2026-06-13T09:15:09+0900,GBIKE,2799,2799,66.55484101464809,34.0,67.0,0,195
2026-06-13T09:20:06+0900,ALPACA,1368,1368,75.20833333333333,44.0,77.0,0,195
2026-06-13T09:20:06+0900,GBIKE,2799,2799,66.5902107895677,34.0,67.0,0,195
2026-06-13T09:25:05+0900,ALPACA,1368,1368,75.20833333333333,44.0,77.0,0,195
2026-06-13T09:25:05+0900,GBIKE,2799,2799,66.69203286888174,34.0,67.0,0,195
2026-06-13T09:30:21+0900,ALPACA,1368,1368,75.20833333333333,44.0,77.0,0,195
2026-06-13T09:30:21+0900,GBIKE,2799,2799,66.76991782779564,34.0,67.0,0,195
2026-06-13T09:35:05+0900,ALPACA,1368,1368,75.20833333333333,44.0,77.0,0,195
2026-06-13T09:35:05+0900,GBIKE,2799,2799,66.89031797070382,34.0,67.0,0,195
2026-06-13T09:40:08+0900,ALPACA,1368,1368,75.20833333333333,44.0,77.0,0,195
2026-06-13T09:40:08+0900,GBIKE,2799,2799,66.94212218649518,34.0,67.0,0,195
2026-06-13T09:45:07+0900,ALPACA,1368,1368,75.20833333333333,44.0,77.0,0,195
2026-06-13T09:45:07+0900,GBIKE,2799,2799,66.97749196141478,34.0,67.0,0,195
2026-06-13T09:50:08+0900,ALPACA,1368,1368,75.20833333333333,44.0,77.0,0,195
2026-06-13T09:50:08+0900,GBIKE,2799,2799,67.0811003929975,34.0,67.0,0,195
2026-06-13T09:55:10+0900,ALPACA,1368,1368,75.20833333333333,44.0,77.0,0,195
2026-06-13T09:55:10+0900,GBIKE,2799,2799,67.11146838156485,34.0,67.0,0,195
2026-06-13T10:00:13+0900,ALPACA,1368,1368,75.20833333333333,44.0,77.0,0,195
2026-06-13T10:00:13+0900,GBIKE,2799,2799,67.06645230439443,34.0,67.0,0,195
2026-06-13T10:05:07+0900,ALPACA,1368,1368,75.20833333333333,44.0,77.0,0,195
2026-06-13T10:05:07+0900,GBIKE,2799,2799,67.08252947481243,34.0,67.0,0,195
2026-06-13T10:10:05+0900,ALPACA,1368,1368,75.20833333333333,44.0,77.0,0,195
2026-06-13T10:10:05+0900,GBIKE,2799,2799,67.14112182922473,34.0,68.0,0,195
2026-06-13T10:15:12+0900,ALPACA,1368,1368,75.20833333333333,44.0,77.0,0,195
2026-06-13T10:15:12+0900,GBIKE,2799,2799,67.1429081814934,34.0,68.0,0,195
2026-06-13T10:20:06+0900,ALPACA,1368,1368,75.20833333333333,44.0,77.0,0,195
2026-06-13T10:20:06+0900,GBIKE,2799,2799,67.20150053590568,34.0,68.0,0,195
2026-06-13T10:25:04+0900,ALPACA,1368,1368,75.20833333333333,44.0,77.0,0,195
2026-06-13T10:25:04+0900,GBIKE,2799,2799,67.21793497677741,34.0,68.0,0,195
2026-06-13T10:30:08+0900,ALPACA,1368,1368,75.20833333333333,44.0,77.0,0,195
2026-06-13T10:30:08+0900,GBIKE,2799,2799,67.21650589496248,34.0,68.0,0,195
2026-06-13T10:35:04+0900,ALPACA,1368,1368,75.20833333333333,44.0,77.0,0,195
2026-06-13T10:35:04+0900,GBIKE,2799,2799,67.20685959271168,34.0,68.0,0,195
2026-06-13T10:40:05+0900,ALPACA,1368,1368,75.20833333333333,44.0,77.0,0,195
2026-06-13T10:40:05+0900,GBIKE,2799,2799,67.22865309038943,34.0,68.0,0,194
2026-06-13T10:45:15+0900,ALPACA,1368,1368,75.20833333333333,44.0,77.0,0,195
2026-06-13T10:45:15+0900,GBIKE,2799,2799,67.20971775634155,34.0,68.0,0,194
2026-06-13T10:50:07+0900,ALPACA,1368,1368,75.20833333333333,44.0,77.0,0,195
2026-06-13T10:50:07+0900,GBIKE,2799,2799,67.2368703108253,34.0,68.0,0,194
2026-06-13T10:55:03+0900,ALPACA,1368,1368,75.20833333333333,44.0,77.0,0,195
2026-06-13T10:55:03+0900,GBIKE,2799,2799,67.25473383351196,34.0,68.0,0,194
2026-06-13T11:00:21+0900,ALPACA,1368,1368,75.20833333333333,44.0,77.0,0,195
2026-06-13T11:00:21+0900,GBIKE,2799,2799,67.2325830653805,34.0,68.0,0,194
2026-06-13T11:05:07+0900,ALPACA,1368,1368,75.20833333333333,44.0,77.0,0,195
2026-06-13T11:05:07+0900,GBIKE,2799,2799,67.36763129689174,34.0,68.0,0,194
2026-06-13T11:10:12+0900,ALPACA,1368,1368,75.20833333333333,44.0,77.0,0,195
2026-06-13T11:10:12+0900,GBIKE,2799,2799,67.45516255805644,34.0,68.0,0,194
2026-06-13T11:15:13+0900,ALPACA,1368,1368,75.20833333333333,44.0,77.0,0,195
2026-06-13T11:15:13+0900,GBIKE,2799,2799,67.57556270096462,34.0,68.0,0,194
2026-06-13T11:20:14+0900,ALPACA,1368,1368,75.20833333333333,44.0,77.0,0,195
2026-06-13T11:20:14+0900,GBIKE,2799,2799,67.60807431225437,34.0,68.0,0,195
2026-06-13T11:25:10+0900,ALPACA,1368,1368,75.20833333333333,44.0,77.0,0,195
2026-06-13T11:25:10+0900,GBIKE,2799,2799,67.61700607359771,34.0,68.0,0,194
2026-06-13T11:30:11+0900,ALPACA,1368,1368,75.20833333333333,44.0,77.0,0,195
2026-06-13T11:30:11+0900,GBIKE,2798,2798,67.65725518227305,34.0,68.0,0,194
2026-06-13T11:35:07+0900,ALPACA,1368,1368,75.20833333333333,44.0,77.0,0,195
2026-06-13T11:35:07+0900,GBIKE,2799,2799,67.71204001429082,34.0,68.0,0,194
2026-06-13T11:40:10+0900,ALPACA,1368,1368,75.20833333333333,44.0,77.0,0,195
2026-06-13T11:40:10+0900,GBIKE,2799,2799,67.82029296177207,34.0,68.0,0,194
2026-06-13T11:45:20+0900,ALPACA,1368,1368,75.20833333333333,44.0,77.0,0,195
2026-06-13T11:45:20+0900,GBIKE,2799,2799,67.84565916398714,34.0,68.0,0,194
2026-06-13T11:50:13+0900,ALPACA,1368,1368,75.20833333333333,44.0,77.0,0,195
2026-06-13T11:50:13+0900,GBIKE,2799,2799,67.99428367274027,34.0,69.0,0,195
2026-06-13T11:55:04+0900,ALPACA,1368,1368,75.20833333333333,44.0,77.0,0,195
2026-06-13T11:55:04+0900,GBIKE,2799,2799,68.08074312254377,34.0,69.0,0,195
2026-06-13T12:00:40+0900,ALPACA,1368,1368,75.20833333333333,44.0,77.0,0,195
2026-06-13T12:00:40+0900,GBIKE,2799,2799,68.1600571632726,34.0,69.0,0,196
2026-06-13T12:05:05+0900,ALPACA,1368,1368,75.20833333333333,44.0,77.0,0,195
2026-06-13T12:05:05+0900,GBIKE,2799,2799,68.19828510182208,34.0,69.0,0,196
2026-06-13T12:10:07+0900,ALPACA,1368,1368,75.20833333333333,44.0,77.0,0,195
2026-06-13T12:10:07+0900,GBIKE,2799,2799,68.20828867452661,34.0,69.0,0,196
2026-06-13T12:15:10+0900,ALPACA,1368,1368,75.20833333333333,44.0,77.0,0,195
2026-06-13T12:15:10+0900,GBIKE,2799,2799,68.21757770632368,34.0,69.0,0,195
2026-06-13T12:20:11+0900,ALPACA,1368,1368,75.20833333333333,44.0,77.0,0,195
2026-06-13T12:20:11+0900,GBIKE,2798,2798,68.23052180128663,34.0,69.0,0,195
2026-06-13T12:25:06+0900,ALPACA,1368,1368,75.20833333333333,44.0,77.0,0,195
2026-06-13T12:25:06+0900,GBIKE,2799,2799,68.27581279028225,34.0,69.0,0,195
2026-06-13T12:30:12+0900,ALPACA,1368,1368,75.20833333333333,44.0,77.0,0,195
2026-06-13T12:30:12+0900,GBIKE,2799,2799,68.36691675598428,34.0,69.0,0,196
2026-06-13T12:35:13+0900,ALPACA,1368,1368,75.20833333333333,44.0,77.0,0,195
2026-06-13T12:35:13+0900,GBIKE,2799,2799,68.35119685602001,34.0,69.0,0,196
2026-06-13T12:40:07+0900,ALPACA,1368,1368,75.20833333333333,44.0,77.0,0,195
2026-06-13T12:40:07+0900,GBIKE,2799,2799,68.32618792425866,34.0,69.0,0,195
2026-06-13T12:45:12+0900,ALPACA,1368,1368,75.20833333333333,44.0,77.0,0,195
2026-06-13T12:45:12+0900,GBIKE,2799,2799,68.29724901750625,34.0,69.0,0,195
2026-06-13T12:50:05+0900,ALPACA,1368,1368,75.20833333333333,44.0,77.0,0,195
2026-06-13T12:50:05+0900,GBIKE,2799,2799,68.27402643801358,34.0,69.0,0,195
2026-06-13T12:55:08+0900,ALPACA,1368,1368,75.20833333333333,44.0,77.0,0,195
2026-06-13T12:55:08+0900,GBIKE,2799,2799,68.25151839942836,34.0,69.0,0,195
2026-06-13T13:00:05+0900,ALPACA,1368,1368,75.20833333333333,44.0,77.0,0,195
2026-06-13T13:00:05+0900,GBIKE,2799,2799,68.22686673812076,34.0,69.0,0,194
2026-06-13T13:05:08+0900,ALPACA,1368,1368,75.20833333333333,44.0,77.0,0,195
2026-06-13T13:05:08+0900,GBIKE,2799,2799,68.18435155412648,34.0,69.0,0,195
2026-06-13T13:10:06+0900,ALPACA,1368,1368,75.20833333333333,44.0,77.0,0,195
2026-06-13T13:10:06+0900,GBIKE,2799,2799,68.14648088603073,34.0,69.0,0,196
2026-06-13T13:15:10+0900,ALPACA,1368,1368,75.20833333333333,44.0,77.0,0,195
2026-06-13T13:15:10+0900,GBIKE,2798,2798,68.10578984989279,34.0,69.0,0,196
2026-06-13T13:20:11+0900,ALPACA,1368,1368,75.20833333333333,44.0,77.0,0,195
2026-06-13T13:20:11+0900,GBIKE,2799,2799,68.0703822793855,34.0,69.0,0,196
2026-06-13T13:25:03+0900,ALPACA,1368,1368,75.20833333333333,44.0,77.0,0,195
2026-06-13T13:25:03+0900,GBIKE,2799,2799,68.05573419078242,34.0,69.0,0,196
2026-06-13T13:30:17+0900,ALPACA,1368,1368,75.20833333333333,44.0,77.0,0,195
2026-06-13T13:30:17+0900,GBIKE,2799,2799,68.03072525902108,34.0,69.0,0,196
2026-06-13T13:35:06+0900,ALPACA,1368,1368,75.20833333333333,44.0,77.0,0,195
2026-06-13T13:35:06+0900,GBIKE,2799,2799,67.99214005001787,34.0,69.0,0,196
2026-06-13T13:40:03+0900,ALPACA,1368,1368,75.20833333333333,44.0,77.0,0,195
2026-06-13T13:40:03+0900,GBIKE,2799,2799,67.9882100750268,34.0,69.0,0,196
2026-06-13T13:45:13+0900,ALPACA,1368,1368,75.20833333333333,44.0,77.0,0,195
2026-06-13T13:45:13+0900,GBIKE,2799,2799,67.96391568417292,34.0,69.0,0,196
2026-06-13T13:50:12+0900,ALPACA,1368,1368,75.20833333333333,44.0,77.0,0,195
2026-06-13T13:50:12+0900,GBIKE,2799,2799,67.94569489103252,34.0,69.0,0,196
2026-06-13T13:55:09+0900,ALPACA,1368,1368,75.20833333333333,44.0,77.0,0,195
2026-06-13T13:55:09+0900,GBIKE,2800,2800,67.92178571428572,34.0,68.5,0,197
2026-06-13T14:00:21+0900,ALPACA,1368,1368,75.20833333333333,44.0,77.0,0,195
2026-06-13T14:00:21+0900,GBIKE,2800,2800,67.92035714285714,34.0,68.5,0,197
2026-06-13T14:05:11+0900,ALPACA,1368,1368,75.20833333333333,44.0,77.0,0,195
2026-06-13T14:05:11+0900,GBIKE,2800,2800,67.8925,34.0,68.0,0,197
2026-06-13T14:10:04+0900,ALPACA,1368,1368,75.20833333333333,44.0,77.0,0,195
2026-06-13T14:10:04+0900,GBIKE,2800,2800,67.85464285714286,34.0,68.0,0,197
2026-06-13T14:15:10+0900,ALPACA,1368,1368,75.20833333333333,44.0,77.0,0,195
2026-06-13T14:15:10+0900,GBIKE,2800,2800,67.8475,34.0,68.0,0,198
2026-06-13T14:20:10+0900,ALPACA,1368,1368,75.20833333333333,44.0,77.0,0,195
2026-06-13T14:20:10+0900,GBIKE,2800,2800,67.85535714285714,34.0,68.0,0,198
2026-06-13T14:25:14+0900,ALPACA,1368,1368,75.20833333333333,44.0,77.0,0,195
2026-06-13T14:25:14+0900,GBIKE,2800,2800,67.88142857142857,34.0,68.0,0,198
2026-06-13T14:30:09+0900,ALPACA,1368,1368,75.20833333333333,44.0,77.0,0,195
2026-06-13T14:30:09+0900,GBIKE,2800,2800,67.93107142857143,34.0,69.0,0,198
2026-06-13T14:35:11+0900,ALPACA,1368,1368,75.20833333333333,44.0,77.0,0,195
2026-06-13T14:35:11+0900,GBIKE,2800,2800,67.90857142857143,34.0,69.0,0,198
2026-06-13T14:40:07+0900,ALPACA,1368,1368,75.20833333333333,44.0,77.0,0,195
2026-06-13T14:40:07+0900,GBIKE,2800,2800,67.87714285714286,34.0,68.0,0,198
2026-06-13T14:45:10+0900,ALPACA,1368,1368,75.20833333333333,44.0,77.0,0,195
2026-06-13T14:45:10+0900,GBIKE,2800,2800,67.95642857142857,34.0,69.0,0,198
2026-06-13T14:50:18+0900,ALPACA,1368,1368,75.20833333333333,44.0,77.0,0,195
2026-06-13T14:50:18+0900,GBIKE,2800,2800,67.94785714285715,34.0,68.0,0,198
2026-06-13T14:55:09+0900,ALPACA,1368,1368,75.20833333333333,44.0,77.0,0,195
2026-06-13T14:55:09+0900,GBIKE,2800,2800,67.94321428571429,34.0,68.0,0,198
2026-06-13T15:00:25+0900,ALPACA,1368,1368,75.20833333333333,44.0,77.0,0,195
2026-06-13T15:00:25+0900,GBIKE,2800,2800,67.94428571428571,34.0,68.5,0,199
2026-06-13T15:05:06+0900,ALPACA,1368,1368,75.20833333333333,44.0,77.0,0,195
2026-06-13T15:05:06+0900,GBIKE,2800,2800,67.95821428571429,34.0,69.0,0,199
2026-06-13T15:10:15+0900,ALPACA,1368,1368,75.20833333333333,44.0,77.0,0,195
2026-06-13T15:10:15+0900,GBIKE,2800,2800,67.93,34.0,69.0,0,200
2026-06-13T15:15:11+0900,ALPACA,1368,1368,75.20833333333333,44.0,77.0,0,195
2026-06-13T15:15:11+0900,GBIKE,2800,2800,67.91178571428571,34.0,68.0,0,199
2026-06-13T15:20:07+0900,ALPACA,1368,1368,75.20833333333333,44.0,77.0,0,195
2026-06-13T15:20:07+0900,GBIKE,2800,2800,67.89357142857143,34.0,68.0,0,198
2026-06-13T15:25:05+0900,ALPACA,1368,1368,75.20833333333333,44.0,77.0,0,195
2026-06-13T15:25:05+0900,GBIKE,2800,2800,67.86857142857143,34.0,68.0,0,198
2026-06-13T15:30:15+0900,ALPACA,1368,1368,75.20833333333333,44.0,77.0,0,195
2026-06-13T15:30:15+0900,GBIKE,2800,2800,67.83107142857143,34.0,68.0,0,197
2026-06-13T15:35:04+0900,ALPACA,1368,1368,75.20833333333333,44.0,77.0,0,195
2026-06-13T15:35:04+0900,GBIKE,2800,2800,67.80107142857143,34.0,68.0,0,197
2026-06-13T15:40:12+0900,ALPACA,1368,1368,75.20833333333333,44.0,77.0,0,195
2026-06-13T15:40:12+0900,GBIKE,2800,2800,67.775,34.0,68.0,0,197
2026-06-13T15:45:11+0900,ALPACA,1368,1368,75.20833333333333,44.0,77.0,0,195
2026-06-13T15:45:11+0900,GBIKE,2800,2800,67.73642857142858,34.0,68.0,0,197
2026-06-13T15:50:14+0900,ALPACA,1368,1368,75.20833333333333,44.0,77.0,0,195
2026-06-13T15:50:14+0900,GBIKE,2800,2800,67.72821428571429,34.0,68.0,0,197
2026-06-13T15:55:07+0900,ALPACA,1368,1368,75.20833333333333,44.0,77.0,0,195
2026-06-13T15:55:07+0900,GBIKE,2800,2800,67.7175,34.0,68.0,0,196
2026-06-13T16:00:19+0900,ALPACA,1368,1368,75.20833333333333,44.0,77.0,0,195
2026-06-13T16:00:19+0900,GBIKE,2800,2800,67.69285714285714,34.0,68.0,0,196
2026-06-13T16:05:15+0900,ALPACA,1368,1368,75.20833333333333,44.0,77.0,0,195
2026-06-13T16:05:15+0900,GBIKE,2800,2800,67.74,34.0,68.0,0,196
2026-06-13T16:10:11+0900,ALPACA,1368,1368,75.20833333333333,44.0,77.0,0,195
2026-06-13T16:10:11+0900,GBIKE,2800,2800,67.69571428571429,34.0,68.0,0,196
2026-06-13T16:15:14+0900,ALPACA,1368,1368,75.20833333333333,44.0,77.0,0,195
2026-06-13T16:15:14+0900,GBIKE,2800,2800,67.66178571428571,34.0,68.0,0,196
2026-06-13T16:20:12+0900,ALPACA,1368,1368,75.20833333333333,44.0,77.0,0,195
2026-06-13T16:20:12+0900,GBIKE,2800,2800,67.62142857142857,34.0,68.0,0,196
2026-06-13T16:25:05+0900,ALPACA,1368,1368,75.20833333333333,44.0,77.0,0,195
2026-06-13T16:25:05+0900,GBIKE,2800,2800,67.60285714285715,34.0,68.0,0,196
2026-06-13T16:30:10+0900,ALPACA,1368,1368,75.20833333333333,44.0,77.0,0,195
2026-06-13T16:30:10+0900,GBIKE,2800,2800,67.575,34.0,68.0,0,197
2026-06-13T16:35:04+0900,ALPACA,1368,1368,75.20833333333333,44.0,77.0,0,195
2026-06-13T16:35:04+0900,GBIKE,2800,2800,67.54714285714286,34.0,68.0,0,197
2026-06-13T16:40:09+0900,ALPACA,1368,1368,75.20833333333333,44.0,77.0,0,195
2026-06-13T16:40:09+0900,GBIKE,2800,2800,67.5125,34.0,68.0,0,197
2026-06-13T16:45:10+0900,ALPACA,1368,1368,75.20833333333333,44.0,77.0,0,195
2026-06-13T16:45:10+0900,GBIKE,2800,2800,67.48571428571428,34.0,68.0,0,198
2026-06-13T16:50:11+0900,ALPACA,1368,1368,75.20833333333333,44.0,77.0,0,195
2026-06-13T16:50:11+0900,GBIKE,2800,2800,67.44678571428571,34.0,67.5,0,197
2026-06-13T16:55:06+0900,ALPACA,1368,1368,75.20833333333333,44.0,77.0,0,195
2026-06-13T16:55:06+0900,GBIKE,2800,2800,67.41214285714285,34.0,67.0,0,198
2026-06-13T17:00:21+0900,ALPACA,1368,1368,75.20833333333333,44.0,77.0,0,195
2026-06-13T17:00:21+0900,GBIKE,2800,2800,67.37035714285715,34.0,67.0,0,198
2026-06-13T17:05:06+0900,ALPACA,1368,1368,75.20833333333333,44.0,77.0,0,195
2026-06-13T17:05:06+0900,GBIKE,2800,2800,67.34071428571428,34.0,67.0,0,198
2026-06-13T17:10:14+0900,ALPACA,1368,1368,75.20833333333333,44.0,77.0,0,195
2026-06-13T17:10:14+0900,GBIKE,2800,2800,67.28535714285714,34.0,67.0,0,199
2026-06-13T17:15:13+0900,ALPACA,1368,1368,75.20833333333333,44.0,77.0,0,195
2026-06-13T17:15:13+0900,GBIKE,2800,2800,67.26357142857142,34.0,67.0,0,200
2026-06-13T17:20:08+0900,ALPACA,1368,1368,75.20833333333333,44.0,77.0,0,195
2026-06-13T17:20:08+0900,GBIKE,2800,2800,67.23071428571428,34.0,67.0,0,199
2026-06-13T17:25:03+0900,ALPACA,1368,1368,75.20833333333333,44.0,77.0,0,195
2026-06-13T17:25:03+0900,GBIKE,2800,2800,67.20607142857143,34.0,67.0,0,199
2026-06-13T17:30:17+0900,ALPACA,1368,1368,75.20833333333333,44.0,77.0,0,195
2026-06-13T17:30:17+0900,GBIKE,2800,2800,67.17392857142858,34.0,67.0,0,200
2026-06-13T17:35:06+0900,ALPACA,1368,1368,75.20833333333333,44.0,77.0,0,195
2026-06-13T17:35:06+0900,GBIKE,2800,2800,67.14607142857143,34.0,67.0,0,199
2026-06-13T17:40:10+0900,ALPACA,1368,1368,75.20833333333333,44.0,77.0,0,195
2026-06-13T17:40:10+0900,GBIKE,2800,2800,67.10107142857143,34.0,67.0,0,199
2026-06-13T17:45:09+0900,ALPACA,1368,1368,75.20833333333333,44.0,77.0,0,195
2026-06-13T17:45:09+0900,GBIKE,2800,2800,67.07214285714285,34.0,67.0,0,200
2026-06-13T17:50:06+0900,ALPACA,1368,1368,75.20833333333333,44.0,77.0,0,195
2026-06-13T17:50:06+0900,GBIKE,2800,2800,67.035,34.0,67.0,0,199
2026-06-13T17:55:06+0900,ALPACA,1368,1368,75.20833333333333,44.0,77.0,0,195
2026-06-13T17:55:06+0900,GBIKE,2800,2800,67.00571428571429,34.0,67.0,0,200
2026-06-13T18:00:13+0900,ALPACA,1368,1368,75.20833333333333,44.0,77.0,0,195
2026-06-13T18:00:13+0900,GBIKE,2800,2800,66.97428571428571,34.0,67.0,0,200
2026-06-13T18:05:11+0900,ALPACA,1368,1368,75.20833333333333,44.0,77.0,0,195
2026-06-13T18:05:11+0900,GBIKE,2800,2800,66.93428571428572,34.0,67.0,0,200
2026-06-13T18:10:04+0900,ALPACA,1368,1368,75.20833333333333,44.0,77.0,0,195
2026-06-13T18:10:04+0900,GBIKE,2800,2800,66.88928571428572,34.0,67.0,0,200
2026-06-13T18:15:09+0900,ALPACA,1368,1368,75.20833333333333,44.0,77.0,0,195
2026-06-13T18:15:09+0900,GBIKE,2800,2800,66.85392857142857,34.0,67.0,0,200
2026-06-13T18:20:06+0900,ALPACA,1368,1368,75.20833333333333,44.0,77.0,0,195
2026-06-13T18:20:06+0900,GBIKE,2800,2800,66.79357142857143,34.0,67.0,0,200
2026-06-13T18:25:06+0900,ALPACA,1368,1368,75.20833333333333,44.0,77.0,0,195
2026-06-13T18:25:06+0900,GBIKE,2800,2800,66.76928571428572,34.0,67.0,0,200
2026-06-13T18:30:15+0900,ALPACA,1368,1368,75.20833333333333,44.0,77.0,0,195
2026-06-13T18:30:15+0900,GBIKE,2800,2800,66.72785714285715,34.0,67.0,0,200
2026-06-13T18:35:12+0900,ALPACA,1368,1368,75.20833333333333,44.0,77.0,0,195
2026-06-13T18:35:12+0900,GBIKE,2800,2800,66.70642857142857,34.0,67.0,0,200
2026-06-13T18:40:19+0900,ALPACA,1368,1368,75.20833333333333,44.0,77.0,0,195
2026-06-13T18:40:19+0900,GBIKE,2800,2800,66.68285714285715,34.0,67.0,0,200
2026-06-13T18:45:09+0900,ALPACA,1368,1368,75.20833333333333,44.0,77.0,0,195
2026-06-13T18:45:09+0900,GBIKE,2800,2800,66.65178571428571,34.0,67.0,0,200
2026-06-13T18:50:06+0900,ALPACA,1368,1368,75.20833333333333,44.0,77.0,0,195
2026-06-13T18:50:06+0900,GBIKE,2800,2800,66.61964285714286,34.0,67.0,0,200
2026-06-13T18:55:04+0900,ALPACA,1368,1368,75.20833333333333,44.0,77.0,0,195
2026-06-13T18:55:04+0900,GBIKE,2800,2800,66.59321428571428,34.0,67.0,0,200
2026-06-13T19:00:10+0900,ALPACA,1368,1368,75.20833333333333,44.0,77.0,0,195
2026-06-13T19:00:10+0900,GBIKE,2800,2800,66.56964285714285,34.0,67.0,0,200
2026-06-13T19:05:05+0900,ALPACA,1368,1368,75.20833333333333,44.0,77.0,0,195
2026-06-13T19:05:05+0900,GBIKE,2800,2800,66.53571428571429,34.0,67.0,0,200
2026-06-13T19:10:03+0900,ALPACA,1368,1368,75.20833333333333,44.0,77.0,0,195
2026-06-13T19:10:03+0900,GBIKE,2800,2800,66.53107142857142,34.0,67.0,0,200
2026-06-13T19:15:06+0900,ALPACA,1368,1368,75.20833333333333,44.0,77.0,0,195
2026-06-13T19:15:06+0900,GBIKE,2800,2800,66.52321428571429,34.0,67.0,0,199
2026-06-13T19:20:06+0900,ALPACA,1368,1368,75.20833333333333,44.0,77.0,0,195
2026-06-13T19:20:06+0900,GBIKE,2800,2800,66.49928571428572,34.0,67.0,0,199
2026-06-13T19:25:03+0900,ALPACA,1368,1368,75.20833333333333,44.0,77.0,0,195
2026-06-13T19:25:03+0900,GBIKE,2800,2800,66.49785714285714,34.0,66.5,0,199
2026-06-13T19:30:07+0900,ALPACA,1368,1368,75.20833333333333,44.0,77.0,0,195
2026-06-13T19:30:07+0900,GBIKE,2800,2800,66.54142857142857,34.0,67.0,0,199
2026-06-13T19:35:07+0900,ALPACA,1368,1368,75.20833333333333,44.0,77.0,0,195
2026-06-13T19:35:07+0900,GBIKE,2800,2800,66.52714285714286,34.0,67.0,0,199
2026-06-13T19:40:03+0900,ALPACA,1368,1368,75.20833333333333,44.0,77.0,0,195
2026-06-13T19:40:03+0900,GBIKE,2800,2800,66.52,34.0,66.5,0,201
2026-06-13T19:45:12+0900,ALPACA,1368,1368,75.20833333333333,44.0,77.0,0,195
2026-06-13T19:45:12+0900,GBIKE,2800,2800,66.48357142857142,34.0,66.0,0,201
2026-06-13T19:50:07+0900,ALPACA,1368,1368,75.20833333333333,44.0,77.0,0,195
2026-06-13T19:50:07+0900,GBIKE,2800,2800,66.49535714285715,34.0,66.5,0,201
2026-06-13T19:55:04+0900,ALPACA,1368,1368,75.20833333333333,44.0,77.0,0,195
2026-06-13T19:55:04+0900,GBIKE,2800,2800,66.46035714285715,34.0,66.5,0,200
2026-06-13T20:00:16+0900,ALPACA,1368,1368,75.20833333333333,44.0,77.0,0,195
2026-06-13T20:00:16+0900,GBIKE,2800,2800,66.50178571428572,34.0,67.0,0,200
2026-06-13T20:05:06+0900,ALPACA,1368,1368,75.20833333333333,44.0,77.0,0,195
2026-06-13T20:05:06+0900,GBIKE,2800,2800,66.46714285714286,34.0,66.5,0,201
2026-06-13T20:10:08+0900,ALPACA,1368,1368,75.20833333333333,44.0,77.0,0,195
2026-06-13T20:10:08+0900,GBIKE,2800,2800,66.43571428571428,34.0,67.0,0,201
2026-06-13T20:15:10+0900,ALPACA,1368,1368,75.20833333333333,44.0,77.0,0,195
2026-06-13T20:15:10+0900,GBIKE,2800,2800,66.41464285714285,34.0,67.0,0,201
2026-06-13T20:20:09+0900,ALPACA,1368,1368,75.20833333333333,44.0,77.0,0,195
2026-06-13T20:20:09+0900,GBIKE,2800,2800,66.52678571428571,34.0,67.0,0,202
2026-06-13T20:25:04+0900,ALPACA,1368,1368,75.20833333333333,44.0,77.0,0,195
2026-06-13T20:25:04+0900,GBIKE,2800,2800,66.65178571428571,34.0,67.0,0,202
2026-06-13T20:30:14+0900,ALPACA,1368,1368,75.20833333333333,44.0,77.0,0,195
2026-06-13T20:30:14+0900,GBIKE,2800,2800,66.75357142857143,34.0,67.0,0,202
2026-06-13T20:35:04+0900,ALPACA,1368,1368,75.20833333333333,44.0,77.0,0,195
2026-06-13T20:35:04+0900,GBIKE,2800,2800,66.79535714285714,34.0,67.0,0,202
2026-06-13T20:40:04+0900,ALPACA,1368,1368,75.20833333333333,44.0,77.0,0,195
2026-06-13T20:40:04+0900,GBIKE,2800,2800,66.85035714285715,34.0,67.0,0,201
2026-06-13T20:45:10+0900,ALPACA,1368,1368,75.20833333333333,44.0,77.0,0,195
2026-06-13T20:45:10+0900,GBIKE,2800,2800,66.92035714285714,34.0,67.0,0,200
2026-06-13T20:50:09+0900,ALPACA,1368,1368,75.20833333333333,44.0,77.0,0,195
2026-06-13T20:50:09+0900,GBIKE,2800,2800,67.04571428571428,34.0,67.0,0,200
2026-06-13T20:55:07+0900,ALPACA,1368,1368,75.20833333333333,44.0,77.0,0,195
2026-06-13T20:55:07+0900,GBIKE,2800,2800,67.115,34.0,67.0,0,201
2026-06-13T21:00:10+0900,ALPACA,1368,1368,75.20833333333333,44.0,77.0,0,195
2026-06-13T21:00:10+0900,GBIKE,2800,2800,67.17464285714286,34.0,67.5,0,201
2026-06-13T21:05:04+0900,ALPACA,1368,1368,75.20833333333333,44.0,77.0,0,195
2026-06-13T21:05:04+0900,GBIKE,2800,2800,67.34178571428572,34.0,68.0,0,200
2026-06-13T21:10:07+0900,ALPACA,1368,1368,75.20833333333333,44.0,77.0,0,195
2026-06-13T21:10:07+0900,GBIKE,2800,2800,67.29392857142857,34.0,68.0,0,200
2026-06-13T21:15:05+0900,ALPACA,1368,1368,75.20833333333333,44.0,77.0,0,195
2026-06-13T21:15:05+0900,GBIKE,2801,2801,67.43912888254195,34.0,68.0,0,200
2026-06-13T21:20:06+0900,ALPACA,1368,1368,75.20833333333333,44.0,77.0,0,195
2026-06-13T21:20:06+0900,GBIKE,2801,2801,67.45876472688326,34.0,68.0,0,200
2026-06-13T21:25:05+0900,ALPACA,1368,1368,75.20833333333333,44.0,77.0,0,195
2026-06-13T21:25:05+0900,GBIKE,2801,2801,67.47947161727954,34.0,68.0,0,200
2026-06-13T21:30:10+0900,ALPACA,1368,1368,75.20833333333333,44.0,77.0,0,195
2026-06-13T21:30:10+0900,GBIKE,2801,2801,67.5005355230275,34.0,68.0,0,200
2026-06-13T21:35:06+0900,ALPACA,1368,1368,75.20833333333333,44.0,77.0,0,195
2026-06-13T21:35:06+0900,GBIKE,2801,2801,67.527311674402,34.0,68.0,0,200
2026-06-13T21:40:05+0900,GBIKE,2801,2801,67.64262763298822,34.0,68.0,0,200
2026-06-13T21:45:05+0900,ALPACA,1368,1368,75.20833333333333,44.0,77.0,0,195
2026-06-13T21:45:05+0900,GBIKE,2801,2801,67.6822563370225,34.0,68.0,0,200
2026-06-13T21:50:11+0900,ALPACA,1368,1368,75.20833333333333,44.0,77.0,0,195
2026-06-13T21:50:11+0900,GBIKE,2801,2801,67.67154587647269,34.0,68.0,0,200
2026-06-13T21:55:07+0900,ALPACA,1368,1368,75.20833333333333,44.0,77.0,0,195
2026-06-13T21:55:07+0900,GBIKE,2801,2801,67.60406997500893,34.0,68.0,0,200
2026-06-13T22:00:13+0900,ALPACA,1368,1368,75.20833333333333,44.0,77.0,0,195
2026-06-13T22:00:13+0900,GBIKE,2801,2801,67.71046054980364,34.0,68.0,0,200
2026-06-13T22:05:08+0900,ALPACA,1368,1368,75.20833333333333,44.0,77.0,0,195
2026-06-13T22:05:08+0900,GBIKE,2801,2801,67.72188504105677,34.0,68.0,0,200
2026-06-13T22:10:06+0900,ALPACA,1368,1368,75.20833333333333,44.0,77.0,0,195
2026-06-13T22:10:06+0900,GBIKE,2801,2801,67.79757229560872,34.0,69.0,0,200
2026-06-13T22:15:06+0900,ALPACA,1368,1368,75.20833333333333,44.0,77.0,0,195
2026-06-13T22:15:06+0900,GBIKE,2801,2801,67.82791860049983,34.0,69.0,0,200
2026-06-13T22:20:04+0900,ALPACA,1368,1368,75.20833333333333,44.0,77.0,0,195
2026-06-13T22:20:04+0900,GBIKE,2801,2801,67.90324883970011,34.0,69.0,0,200
2026-06-13T22:25:03+0900,ALPACA,1368,1368,75.20833333333333,44.0,77.0,0,195
2026-06-13T22:25:03+0900,GBIKE,2802,2802,67.96431120628122,34.10000000000002,69.0,0,200
2026-06-13T22:30:09+0900,ALPACA,1368,1368,75.20833333333333,44.0,77.0,0,195
2026-06-13T22:30:09+0900,GBIKE,2802,2802,68.02177016416844,35.0,69.0,0,200
2026-06-13T22:35:06+0900,ALPACA,1368,1368,75.20833333333333,44.0,77.0,0,195
2026-06-13T22:35:06+0900,GBIKE,2803,2803,68.17695326435961,35.0,69.0,0,200
2026-06-13T22:40:04+0900,ALPACA,1368,1368,75.20833333333333,44.0,77.0,0,195
2026-06-13T22:40:04+0900,GBIKE,2803,2803,68.24152693542634,35.0,69.0,0,200
2026-06-13T22:45:04+0900,ALPACA,1368,1368,75.20833333333333,44.0,77.0,0,195
2026-06-13T22:45:04+0900,GBIKE,2803,2803,68.25187299322155,35.0,69.0,0,200
2026-06-13T22:50:09+0900,ALPACA,1368,1368,75.20833333333333,44.0,77.0,0,195
2026-06-13T22:50:09+0900,GBIKE,2803,2803,68.26364609347128,35.0,69.0,0,200
2026-06-13T22:55:04+0900,ALPACA,1368,1368,75.20833333333333,44.0,77.0,0,195
2026-06-13T22:55:04+0900,GBIKE,2803,2803,68.27934356047092,35.0,69.0,0,201
2026-06-13T23:00:05+0900,ALPACA,1368,1368,75.20833333333333,44.0,77.0,0,195
2026-06-13T23:00:05+0900,GBIKE,2803,2803,68.25401355690332,35.0,69.0,0,201
2026-06-13T23:05:04+0900,ALPACA,1368,1368,75.20833333333333,44.0,77.0,0,195
2026-06-13T23:05:04+0900,GBIKE,2803,2803,68.20620763467713,35.0,69.0,0,201
2026-06-13T23:10:03+0900,ALPACA,1368,1368,75.20833333333333,44.0,77.0,0,195
2026-06-13T23:10:03+0900,GBIKE,2803,2803,68.17374241883697,35.0,69.0,0,201
2026-06-13T23:15:09+0900,ALPACA,1368,1368,75.20833333333333,44.0,77.0,0,195
2026-06-13T23:15:09+0900,GBIKE,2803,2803,68.13663931501962,35.0,69.0,0,201
2026-06-13T23:20:08+0900,ALPACA,1368,1368,75.20833333333333,44.0,77.0,0,195
2026-06-13T23:20:08+0900,GBIKE,2803,2803,68.09632536567963,35.0,69.0,0,202
2026-06-13T23:25:03+0900,ALPACA,1368,1368,75.20833333333333,44.0,77.0,0,195
2026-06-13T23:25:03+0900,GBIKE,2803,2803,68.05529789511237,35.0,69.0,0,202
2026-06-13T23:30:13+0900,ALPACA,1368,1368,75.20833333333333,44.0,77.0,0,195
2026-06-13T23:30:13+0900,GBIKE,2802,2802,68.01463240542469,35.0,69.0,0,202
2026-06-13T23:35:04+0900,ALPACA,1368,1368,75.20833333333333,44.0,77.0,0,195
2026-06-13T23:35:04+0900,GBIKE,2803,2803,67.98894042097753,35.0,69.0,0,202
2026-06-13T23:40:05+0900,ALPACA,1368,1368,75.20833333333333,44.0,77.0,0,195
2026-06-13T23:40:05+0900,GBIKE,2803,2803,67.9393506956832,35.0,69.0,0,202
2026-06-13T23:45:04+0900,ALPACA,1368,1368,75.20833333333333,44.0,77.0,0,195
2026-06-13T23:45:04+0900,GBIKE,2803,2803,67.87549054584373,35.0,69.0,0,202
2026-06-13T23:50:04+0900,ALPACA,1368,1368,75.20833333333333,44.0,77.0,0,195
2026-06-13T23:50:04+0900,GBIKE,2803,2803,67.82804138423118,35.0,68.0,0,202
2026-06-13T23:55:04+0900,ALPACA,1368,1368,75.20833333333333,44.0,77.0,0,195
2026-06-13T23:55:04+0900,GBIKE,2803,2803,67.8005708169818,35.0,68.0,0,202
2026-06-14T00:00:22+0900,ALPACA,1368,1368,75.20833333333333,44.0,77.0,0,195
2026-06-14T00:00:22+0900,GBIKE,2803,2803,67.77238672850517,35.0,68.0,0,202
2026-06-14T00:05:07+0900,ALPACA,1368,1368,75.20833333333333,44.0,77.0,0,195
2026-06-14T00:05:07+0900,GBIKE,2803,2803,67.72636460934713,35.0,68.0,0,202
2026-06-14T00:10:14+0900,ALPACA,1368,1368,75.20833333333333,44.0,77.0,0,195
2026-06-14T00:10:14+0900,GBIKE,2803,2803,67.6867641812344,35.0,68.0,0,202
2026-06-14T00:15:11+0900,ALPACA,1368,1368,75.20833333333333,44.0,77.0,0,195
2026-06-14T00:15:11+0900,GBIKE,2803,2803,67.65822333214413,35.0,68.0,0,203
2026-06-14T00:20:07+0900,ALPACA,1368,1368,75.20833333333333,44.0,77.0,0,195
2026-06-14T00:20:07+0900,GBIKE,2803,2803,67.60078487334998,35.0,68.0,0,203
2026-06-14T00:25:04+0900,ALPACA,1368,1368,75.20833333333333,44.0,77.0,0,195
2026-06-14T00:25:04+0900,GBIKE,2803,2803,67.6250445950767,35.0,68.0,0,203
2026-06-14T00:30:06+0900,ALPACA,1368,1368,75.20833333333333,44.0,77.0,0,195
2026-06-14T00:30:06+0900,GBIKE,2803,2803,67.66821262932572,35.0,68.0,0,203
2026-06-14T00:35:09+0900,ALPACA,1368,1368,75.20833333333333,44.0,77.0,0,195
2026-06-14T00:35:09+0900,GBIKE,2803,2803,67.68105601141635,35.0,68.0,0,203
2026-06-14T00:40:10+0900,ALPACA,1368,1368,75.20833333333333,44.0,77.0,0,195
2026-06-14T00:40:10+0900,GBIKE,2803,2803,67.65501248662147,35.0,68.0,0,203
2026-06-14T00:45:11+0900,ALPACA,1368,1368,75.20833333333333,44.0,77.0,0,195
2026-06-14T00:45:11+0900,GBIKE,2803,2803,67.66214769889405,35.0,68.0,0,203
2026-06-14T00:50:04+0900,ALPACA,1368,1368,75.20833333333333,44.0,77.0,0,195
2026-06-14T00:50:04+0900,GBIKE,2803,2803,67.71138066357474,35.0,68.0,0,203
2026-06-14T00:55:06+0900,ALPACA,1368,1368,75.20833333333333,44.0,77.0,0,195
2026-06-14T00:55:06+0900,GBIKE,2803,2803,67.69033178737068,35.0,68.0,0,203
2026-06-14T01:00:13+0900,ALPACA,1368,1368,75.20833333333333,44.0,77.0,0,195
2026-06-14T01:00:13+0900,GBIKE,2803,2803,67.76846236175527,35.0,68.0,0,203
2026-06-14T01:05:08+0900,ALPACA,1368,1368,75.20833333333333,44.0,77.0,0,195
2026-06-14T01:05:08+0900,GBIKE,2803,2803,67.85622547270782,35.0,68.0,0,202
2026-06-14T01:10:06+0900,ALPACA,1368,1368,75.20833333333333,44.0,77.0,0,195
2026-06-14T01:10:06+0900,GBIKE,2803,2803,67.87941491259365,35.0,68.0,0,201
2026-06-14T01:15:03+0900,ALPACA,1368,1368,75.20833333333333,44.0,77.0,0,195
2026-06-14T01:15:03+0900,GBIKE,2803,2803,67.84231180877632,35.0,68.0,0,202
2026-06-14T01:20:05+0900,ALPACA,1368,1368,75.20833333333333,44.0,77.0,0,195
2026-06-14T01:20:05+0900,GBIKE,2803,2803,67.79628968961826,35.0,68.0,0,201
2026-06-14T01:25:07+0900,ALPACA,1368,1368,75.20833333333333,44.0,77.0,0,195
2026-06-14T01:25:07+0900,GBIKE,2803,2803,67.7702461648234,35.0,68.0,0,201
2026-06-14T01:30:07+0900,ALPACA,1368,1368,75.20833333333333,44.0,77.0,0,195
2026-06-14T01:30:07+0900,GBIKE,2803,2803,67.74313235818765,35.0,68.0,0,201
2026-06-14T01:35:06+0900,ALPACA,1368,1368,75.20833333333333,44.0,77.0,0,195
2026-06-14T01:35:06+0900,GBIKE,2803,2803,67.72707813057438,35.0,68.0,0,201
2026-06-14T01:40:07+0900,ALPACA,1368,1368,75.20833333333333,44.0,77.0,0,195
2026-06-14T01:40:07+0900,GBIKE,2803,2803,67.6931858722797,35.0,68.0,0,201
2026-06-14T01:45:09+0900,ALPACA,1368,1368,75.20833333333333,44.0,77.0,0,195
2026-06-14T01:45:09+0900,GBIKE,2803,2803,67.656439529076,35.0,68.0,0,201
2026-06-14T01:50:09+0900,ALPACA,1368,1368,75.20833333333333,44.0,77.0,0,195
2026-06-14T01:50:09+0900,GBIKE,2803,2803,67.59257937923653,35.0,68.0,0,200
2026-06-14T01:55:05+0900,ALPACA,1368,1368,75.20833333333333,44.0,77.0,0,195
2026-06-14T01:55:05+0900,GBIKE,2803,2803,67.56974669996433,35.0,68.0,0,200
2026-06-14T02:00:19+0900,ALPACA,1368,1368,75.20833333333333,44.0,77.0,0,195
2026-06-14T02:00:19+0900,GBIKE,2803,2803,67.5569033178737,35.0,68.0,0,200
2026-06-14T02:05:05+0900,ALPACA,1368,1368,75.20833333333333,44.0,77.0,0,195
2026-06-14T02:05:05+0900,GBIKE,2803,2803,67.52800570816981,35.0,68.0,0,199
2026-06-14T02:10:11+0900,ALPACA,1368,1368,75.20833333333333,44.0,77.0,0,195
2026-06-14T02:10:11+0900,GBIKE,2803,2803,67.51123795932929,35.0,68.0,0,199
2026-06-14T02:15:21+0900,ALPACA,1368,1368,75.20833333333333,44.0,77.0,0,195
2026-06-14T02:15:21+0900,GBIKE,2803,2803,67.49197288619337,34.19999999999999,68.0,0,199
2026-06-14T02:20:16+0900,ALPACA,1368,1368,75.20833333333333,44.0,77.0,0,195
2026-06-14T02:20:16+0900,GBIKE,2803,2803,67.46628612201214,34.19999999999999,68.0,0,199
2026-06-14T02:25:05+0900,ALPACA,1368,1368,75.20833333333333,44.0,77.0,0,195
2026-06-14T02:25:05+0900,GBIKE,2803,2803,67.45023189439885,34.19999999999999,68.0,0,199
2026-06-14T02:30:17+0900,ALPACA,1368,1368,75.20833333333333,44.0,77.0,0,195
2026-06-14T02:30:17+0900,GBIKE,2803,2803,67.41848019978595,34.0,67.0,0,199
2026-06-14T02:35:06+0900,ALPACA,1368,1368,75.20833333333333,44.0,77.0,0,195
2026-06-14T02:35:06+0900,GBIKE,2803,2803,67.40813414199073,34.0,67.0,0,199
2026-06-14T02:40:09+0900,ALPACA,1368,1368,75.20833333333333,44.0,77.0,0,195
2026-06-14T02:40:09+0900,GBIKE,2803,2803,67.39207991437745,34.0,67.0,0,199
2026-06-14T02:45:06+0900,ALPACA,1368,1368,75.20833333333333,44.0,77.0,0,195
2026-06-14T02:45:06+0900,GBIKE,2803,2803,67.36924723510525,34.0,67.0,0,199
2026-06-14T02:50:09+0900,ALPACA,1368,1368,75.20833333333333,44.0,77.0,0,195
2026-06-14T02:50:09+0900,GBIKE,2803,2803,67.34641455583304,34.0,67.0,0,199
2026-06-14T02:55:06+0900,ALPACA,1368,1368,75.20833333333333,44.0,77.0,0,195
2026-06-14T02:55:06+0900,GBIKE,2803,2803,67.32929004637889,34.0,67.0,0,199
2026-06-14T03:00:06+0900,ALPACA,1368,1368,75.20833333333333,44.0,77.0,0,195
2026-06-14T03:00:06+0900,GBIKE,2803,2803,67.31252229753835,34.0,67.0,0,199
2026-06-14T03:05:04+0900,ALPACA,1368,1368,75.20833333333333,44.0,77.0,0,195
2026-06-14T03:05:04+0900,GBIKE,2803,2803,67.30253300035676,34.0,67.0,0,199
2026-06-14T03:10:04+0900,ALPACA,1368,1368,75.20833333333333,44.0,77.0,0,195
2026-06-14T03:10:04+0900,GBIKE,2803,2803,67.29111666072066,34.0,67.0,0,199
2026-06-14T03:15:07+0900,ALPACA,1368,1368,75.20833333333333,44.0,77.0,0,195
2026-06-14T03:15:07+0900,GBIKE,2803,2803,67.27363539065287,34.0,67.0,0,199
2026-06-14T03:20:06+0900,ALPACA,1368,1368,75.20833333333333,44.0,77.0,0,195
2026-06-14T03:20:06+0900,GBIKE,2803,2803,67.25258651444881,34.0,67.0,0,199
2026-06-14T03:25:04+0900,ALPACA,1368,1368,75.20833333333333,44.0,77.0,0,195
2026-06-14T03:25:04+0900,GBIKE,2803,2803,67.24616482340349,34.0,67.0,0,199
2026-06-14T03:30:12+0900,ALPACA,1368,1368,75.20833333333333,44.0,77.0,0,195
2026-06-14T03:30:12+0900,GBIKE,2803,2803,67.23189439885837,34.0,67.0,0,199
2026-06-14T03:35:04+0900,ALPACA,1368,1368,75.20833333333333,44.0,77.0,0,195
2026-06-14T03:35:04+0900,GBIKE,2803,2803,67.21155904388155,34.0,67.0,0,199
2026-06-14T03:40:04+0900,ALPACA,1368,1368,75.20833333333333,44.0,77.0,0,195
2026-06-14T03:40:04+0900,GBIKE,2803,2803,67.17445594006422,34.0,67.0,0,199
2026-06-14T03:45:12+0900,ALPACA,1368,1368,75.20833333333333,44.0,77.0,0,195
2026-06-14T03:45:12+0900,GBIKE,2803,2803,67.16232607920085,34.0,67.0,0,199
2026-06-14T03:50:09+0900,ALPACA,1368,1368,75.20833333333333,44.0,77.0,0,195
2026-06-14T03:50:09+0900,GBIKE,2803,2803,67.14234748483767,34.0,67.0,0,199
2026-06-14T03:55:03+0900,ALPACA,1368,1368,75.20833333333333,44.0,77.0,0,195
2026-06-14T03:55:03+0900,GBIKE,2803,2803,67.09204423831609,34.0,67.0,0,199
2026-06-14T04:00:21+0900,ALPACA,1368,1368,75.20833333333333,44.0,77.0,0,195
2026-06-14T04:00:21+0900,GBIKE,2803,2803,67.06136282554407,34.0,67.0,0,199
2026-06-14T04:05:08+0900,ALPACA,1368,1368,75.20833333333333,44.0,77.0,0,195
2026-06-14T04:05:08+0900,GBIKE,2803,2803,67.04102747056724,34.0,67.0,0,200
2026-06-14T04:10:12+0900,ALPACA,1368,1368,75.20833333333333,44.0,77.0,0,195
2026-06-14T04:10:12+0900,GBIKE,2803,2803,67.02354620049947,34.0,67.0,0,200
2026-06-14T04:15:12+0900,ALPACA,1368,1368,75.20833333333333,44.0,77.0,0,195
2026-06-14T04:15:12+0900,GBIKE,2803,2803,67.01284338209062,34.0,67.0,0,200
2026-06-14T04:20:13+0900,ALPACA,1368,1368,75.20833333333333,44.0,77.0,0,195
2026-06-14T04:20:13+0900,GBIKE,2803,2803,67.00142704245451,34.0,67.0,0,200
2026-06-14T04:25:04+0900,ALPACA,1368,1368,75.20833333333333,44.0,77.0,0,195
2026-06-14T04:25:04+0900,GBIKE,2803,2803,66.98465929361399,34.0,67.0,0,200
2026-06-14T04:30:12+0900,ALPACA,1368,1368,75.20833333333333,44.0,77.0,0,195
2026-06-14T04:30:12+0900,GBIKE,2803,2803,66.95825900820549,34.0,67.0,0,200
2026-06-14T04:35:07+0900,ALPACA,1368,1368,75.20833333333333,44.0,77.0,0,195
2026-06-14T04:35:07+0900,GBIKE,2803,2803,66.94862647163752,34.0,67.0,0,200
2026-06-14T04:40:04+0900,ALPACA,1368,1368,75.20833333333333,44.0,77.0,0,195
2026-06-14T04:40:04+0900,GBIKE,2803,2803,66.93471280770603,34.0,67.0,0,200
2026-06-14T04:45:11+0900,ALPACA,1368,1368,75.20833333333333,44.0,77.0,0,195
2026-06-14T04:45:11+0900,GBIKE,2803,2803,66.92900463788797,34.0,67.0,0,200
2026-06-14T04:50:10+0900,ALPACA,1368,1368,75.20833333333333,44.0,77.0,0,195
2026-06-14T04:50:10+0900,GBIKE,2803,2803,66.90902604352479,34.0,67.0,0,200
2026-06-14T04:55:08+0900,ALPACA,1368,1368,75.20833333333333,44.0,77.0,0,195
2026-06-14T04:55:08+0900,GBIKE,2803,2803,66.8990367463432,34.0,67.0,0,200
2026-06-14T05:00:15+0900,ALPACA,1368,1368,75.20833333333333,44.0,77.0,0,195
2026-06-14T05:00:15+0900,GBIKE,2803,2803,66.86906885479843,34.0,67.0,0,199
2026-06-14T05:05:09+0900,ALPACA,1368,1368,75.20833333333333,44.0,77.0,0,195
2026-06-14T05:05:09+0900,GBIKE,2803,2803,66.83232251159473,34.0,67.0,0,199
2026-06-14T05:10:05+0900,ALPACA,1368,1368,75.20833333333333,44.0,77.0,0,195
2026-06-14T05:10:05+0900,GBIKE,2803,2803,66.8259008205494,34.0,67.0,0,199
2026-06-14T05:15:11+0900,ALPACA,1368,1368,75.20833333333333,44.0,77.0,0,195
2026-06-14T05:15:11+0900,GBIKE,2804,2804,66.81134094151213,34.0,67.0,0,199
2026-06-14T05:20:13+0900,ALPACA,1368,1368,75.20833333333333,44.0,77.0,0,195
2026-06-14T05:20:13+0900,GBIKE,2804,2804,66.80385164051356,34.0,67.0,0,199
2026-06-14T05:25:07+0900,ALPACA,1368,1368,75.20833333333333,44.0,77.0,0,195
2026-06-14T05:25:07+0900,GBIKE,2804,2804,66.7867332382311,34.0,67.0,0,199
2026-06-14T05:30:14+0900,ALPACA,1368,1368,75.20833333333333,44.0,77.0,0,195
2026-06-14T05:30:14+0900,GBIKE,2804,2804,66.77960057061341,34.0,67.0,0,199
2026-06-14T05:35:08+0900,ALPACA,1368,1368,75.20833333333333,44.0,77.0,0,195
2026-06-14T05:35:08+0900,GBIKE,2804,2804,66.7660485021398,34.0,67.0,0,199
2026-06-14T05:40:05+0900,ALPACA,1368,1368,75.20833333333333,44.0,77.0,0,195
2026-06-14T05:40:05+0900,GBIKE,2804,2804,66.75534950071327,34.0,67.0,0,199
2026-06-14T05:45:16+0900,ALPACA,1368,1368,75.20833333333333,44.0,77.0,0,195
2026-06-14T05:45:16+0900,GBIKE,2804,2804,66.74714693295293,34.0,67.0,0,199
2026-06-14T05:50:08+0900,ALPACA,1368,1368,75.20833333333333,44.0,77.0,0,195
2026-06-14T05:50:08+0900,GBIKE,2804,2804,66.73252496433666,34.0,66.5,0,199
2026-06-14T05:55:06+0900,ALPACA,1368,1368,75.20833333333333,44.0,77.0,0,195
2026-06-14T05:55:06+0900,GBIKE,2804,2804,66.72646219686163,34.0,66.0,0,199
2026-06-14T06:00:14+0900,ALPACA,1368,1368,75.20833333333333,44.0,77.0,0,195
2026-06-14T06:00:14+0900,GBIKE,2804,2804,66.71362339514978,34.0,66.0,0,199
2026-06-14T06:05:08+0900,ALPACA,1368,1368,75.20833333333333,44.0,77.0,0,195
2026-06-14T06:05:08+0900,GBIKE,2804,2804,66.70720399429386,34.0,66.0,0,199
2026-06-14T06:10:16+0900,ALPACA,1368,1368,75.20833333333333,44.0,77.0,0,195
2026-06-14T06:10:16+0900,GBIKE,2804,2804,66.69579172610557,34.0,66.0,0,199
2026-06-14T06:15:11+0900,ALPACA,1368,1368,75.20833333333333,44.0,77.0,0,195
2026-06-14T06:15:11+0900,GBIKE,2804,2804,66.67938659058488,34.0,66.0,0,199
2026-06-14T06:20:09+0900,ALPACA,1368,1368,75.20833333333333,44.0,77.0,0,195
2026-06-14T06:20:09+0900,GBIKE,2804,2804,66.66940085592012,34.0,66.0,0,199
2026-06-14T06:25:05+0900,ALPACA,1368,1368,75.20833333333333,44.0,77.0,0,195
2026-06-14T06:25:05+0900,GBIKE,2804,2804,66.65477888730385,34.0,66.0,0,199
2026-06-14T06:30:16+0900,ALPACA,1368,1368,75.20833333333333,44.0,77.0,0,195
2026-06-14T06:30:16+0900,GBIKE,2804,2804,66.6833095577746,34.0,66.0,0,200
2026-06-14T06:35:08+0900,ALPACA,1368,1368,75.20833333333333,44.0,77.0,0,195
2026-06-14T06:35:08+0900,GBIKE,2804,2804,66.76105563480742,34.0,66.5,0,199
2026-06-14T06:40:08+0900,ALPACA,1368,1368,75.20833333333333,44.0,77.0,0,195
2026-06-14T06:40:08+0900,GBIKE,2804,2804,66.7981455064194,34.0,67.0,0,199
2026-06-14T06:45:11+0900,ALPACA,1368,1368,75.20833333333333,44.0,77.0,0,195
2026-06-14T06:45:11+0900,GBIKE,2804,2804,66.83666191155493,34.0,67.0,0,199
2026-06-14T06:50:08+0900,ALPACA,1368,1368,75.20833333333333,44.0,77.0,0,195
2026-06-14T06:50:08+0900,GBIKE,2804,2804,66.93616262482168,34.0,67.0,0,199
2026-06-14T06:55:08+0900,ALPACA,1368,1368,75.20833333333333,44.0,77.0,0,195
2026-06-14T06:55:08+0900,GBIKE,2804,2804,67.0456490727532,34.0,67.0,0,199
2026-06-14T07:00:20+0900,ALPACA,1368,1368,75.20833333333333,44.0,77.0,0,195
2026-06-14T07:00:20+0900,GBIKE,2804,2804,67.12482168330956,34.0,67.0,0,199
2026-06-14T07:05:07+0900,ALPACA,1368,1368,75.20833333333333,44.0,77.0,0,195
2026-06-14T07:05:07+0900,GBIKE,2804,2804,67.16797432239657,34.0,67.0,0,199
2026-06-14T07:10:18+0900,ALPACA,1368,1368,75.20833333333333,44.0,77.0,0,195
2026-06-14T07:10:18+0900,GBIKE,2804,2804,67.21469329529243,34.0,67.0,0,198
2026-06-14T07:15:11+0900,ALPACA,1368,1368,75.20833333333333,44.0,77.0,0,195
2026-06-14T07:15:11+0900,GBIKE,2804,2804,67.2524964336662,34.0,67.0,0,198
2026-06-14T07:20:12+0900,ALPACA,1368,1368,75.20833333333333,44.0,77.0,0,195
2026-06-14T07:20:12+0900,GBIKE,2804,2804,67.35734664764622,34.0,67.5,0,198
2026-06-14T07:25:06+0900,ALPACA,1368,1368,75.20833333333333,44.0,77.0,0,195
2026-06-14T07:25:06+0900,GBIKE,2804,2804,67.47895863052781,35.0,68.0,0,198
2026-06-14T07:30:17+0900,ALPACA,1368,1368,75.20833333333333,44.0,77.0,0,195
2026-06-14T07:30:17+0900,GBIKE,2804,2804,67.57417974322397,35.0,68.0,0,199
2026-06-14T07:35:04+0900,ALPACA,1368,1368,75.20833333333333,44.0,77.0,0,195
2026-06-14T07:35:04+0900,GBIKE,2804,2804,67.65941512125535,35.0,68.0,0,199
2026-06-14T07:40:13+0900,ALPACA,1368,1368,75.20833333333333,44.0,77.0,0,195
2026-06-14T07:40:13+0900,GBIKE,2804,2804,67.69436519258203,35.0,68.0,0,199
2026-06-14T07:45:05+0900,ALPACA,1368,1368,75.20833333333333,44.0,77.0,0,195
2026-06-14T07:45:05+0900,GBIKE,2804,2804,67.77211126961484,35.0,69.0,0,199
2026-06-14T07:50:12+0900,ALPACA,1368,1368,75.20833333333333,44.0,77.0,0,195
2026-06-14T07:50:12+0900,GBIKE,2804,2804,67.78958630527818,35.0,69.0,0,199
2026-06-14T07:55:05+0900,ALPACA,1368,1368,75.20833333333333,44.0,77.0,0,195
2026-06-14T07:55:05+0900,GBIKE,2804,2804,67.7706847360913,35.0,69.0,0,199
2026-06-14T08:00:28+0900,ALPACA,1368,1368,75.20833333333333,44.0,77.0,0,195
2026-06-14T08:00:28+0900,GBIKE,2804,2804,67.7867332382311,35.0,69.0,0,199
2026-06-14T08:05:10+0900,ALPACA,1368,1368,75.20833333333333,44.0,77.0,0,195
2026-06-14T08:05:10+0900,GBIKE,2804,2804,67.77460770328102,35.0,69.0,0,199
2026-06-14T08:10:17+0900,ALPACA,1368,1368,75.20833333333333,44.0,77.0,0,195
2026-06-14T08:10:17+0900,GBIKE,2804,2804,67.76176890156918,35.0,69.0,0,198
2026-06-14T08:15:06+0900,ALPACA,1368,1368,75.20833333333333,44.0,77.0,0,195
2026-06-14T08:15:06+0900,GBIKE,2804,2804,67.74893009985735,35.0,69.0,0,198
2026-06-14T08:20:16+0900,ALPACA,1368,1368,75.20833333333333,44.0,77.0,0,195
2026-06-14T08:20:16+0900,GBIKE,2804,2804,67.79743223965764,35.0,69.0,0,198
2026-06-14T08:25:13+0900,ALPACA,1368,1368,75.20833333333333,44.0,77.0,0,195
2026-06-14T08:25:13+0900,GBIKE,2804,2804,67.84771754636233,35.0,69.0,0,198
2026-06-14T08:30:21+0900,ALPACA,1368,1368,75.20833333333333,44.0,77.0,0,195
2026-06-14T08:30:21+0900,GBIKE,2804,2804,67.8901569186876,35.0,69.0,0,197
2026-06-14T08:35:14+0900,ALPACA,1368,1368,75.20833333333333,44.0,77.0,0,195
2026-06-14T08:35:14+0900,GBIKE,2804,2804,67.91797432239657,35.0,69.0,0,197
2026-06-14T08:40:08+0900,ALPACA,1368,1368,75.20833333333333,44.0,77.0,0,195
2026-06-14T08:40:08+0900,GBIKE,2804,2804,67.99393723252497,35.0,69.0,0,197
2026-06-14T08:45:05+0900,ALPACA,1368,1368,75.20833333333333,44.0,77.0,0,195
2026-06-14T08:45:05+0900,GBIKE,2804,2804,68.00962910128388,35.0,69.0,0,197
2026-06-14T08:50:17+0900,ALPACA,1368,1368,75.20833333333333,44.0,77.0,0,195
2026-06-14T08:50:17+0900,GBIKE,2804,2804,68.04029957203994,35.0,69.0,0,197
2026-06-14T08:55:11+0900,ALPACA,1368,1368,75.20833333333333,44.0,77.0,0,195
2026-06-14T08:55:11+0900,GBIKE,2804,2804,68.06526390870185,35.0,69.0,0,197
2026-06-14T09:00:22+0900,ALPACA,1368,1368,75.20833333333333,44.0,77.0,0,195
2026-06-14T09:00:22+0900,GBIKE,2804,2804,68.09450784593437,35.0,69.0,0,197
2026-06-14T09:05:03+0900,ALPACA,1368,1368,75.20833333333333,44.0,77.0,0,195
2026-06-14T09:05:03+0900,GBIKE,2804,2804,68.14407988587732,35.0,69.0,0,197
2026-06-14T09:10:06+0900,ALPACA,1368,1368,75.20833333333333,44.0,77.0,0,195
2026-06-14T09:10:06+0900,GBIKE,2804,2804,68.17296718972896,35.0,69.0,0,197
2026-06-14T09:15:13+0900,ALPACA,1368,1368,75.20833333333333,44.0,77.0,0,195
2026-06-14T09:15:13+0900,GBIKE,2804,2804,68.16155492154066,35.0,69.0,0,197
2026-06-14T09:20:14+0900,ALPACA,1368,1368,75.20833333333333,44.0,77.0,0,195
2026-06-14T09:20:14+0900,GBIKE,2804,2804,68.15335235378032,35.0,69.0,0,197
2026-06-14T09:25:04+0900,ALPACA,1368,1368,75.20833333333333,44.0,77.0,0,195
2026-06-14T09:25:04+0900,GBIKE,2804,2804,68.17439372325249,35.0,69.0,0,197
2026-06-14T09:30:12+0900,ALPACA,1368,1368,75.20833333333333,44.0,77.0,0,195
2026-06-14T09:30:12+0900,GBIKE,2804,2804,68.18616262482168,35.0,69.0,0,197
2026-06-14T09:35:09+0900,ALPACA,1368,1368,75.20833333333333,44.0,77.0,0,195
2026-06-14T09:35:09+0900,GBIKE,2803,2803,68.21726721369961,35.0,69.0,0,197
2026-06-14T09:40:06+0900,ALPACA,1368,1368,75.20833333333333,44.0,77.0,0,195
2026-06-14T09:40:06+0900,GBIKE,2804,2804,68.23216833095577,35.0,69.0,0,198
2026-06-14T09:45:09+0900,ALPACA,1368,1368,75.20833333333333,44.0,77.0,0,195
2026-06-14T09:45:09+0900,GBIKE,2804,2804,68.26319543509273,35.0,69.0,0,198
2026-06-14T09:50:13+0900,ALPACA,1368,1368,75.20833333333333,44.0,77.0,0,195
2026-06-14T09:50:13+0900,GBIKE,2804,2804,68.24358059914408,35.0,69.0,0,200
2026-06-14T09:55:05+0900,ALPACA,1368,1368,75.20833333333333,44.0,77.0,0,195
2026-06-14T09:55:05+0900,GBIKE,2804,2804,68.23288159771755,35.0,69.0,0,200
2026-06-14T10:00:11+0900,ALPACA,1368,1368,75.20833333333333,44.0,77.0,0,195
2026-06-14T10:00:11+0900,GBIKE,2804,2804,68.19079885877318,35.0,69.0,0,200
2026-06-14T10:05:03+0900,ALPACA,1368,1368,75.20833333333333,44.0,77.0,0,195
2026-06-14T10:05:03+0900,GBIKE,2804,2804,68.1833095577746,35.0,69.0,0,200
2026-06-14T10:10:12+0900,ALPACA,1368,1368,75.20833333333333,44.0,77.0,0,195
2026-06-14T10:10:12+0900,GBIKE,2804,2804,68.2064907275321,35.0,69.0,0,200
2026-06-14T10:15:10+0900,ALPACA,1368,1368,75.20833333333333,44.0,77.0,0,195
2026-06-14T10:15:10+0900,GBIKE,2804,2804,68.27353780313837,35.0,69.0,0,200
2026-06-14T10:20:10+0900,ALPACA,1368,1368,75.20833333333333,44.0,77.0,0,195
2026-06-14T10:20:10+0900,GBIKE,2804,2804,68.3006419400856,35.0,69.0,0,200
2026-06-14T10:25:04+0900,ALPACA,1368,1368,75.20833333333333,44.0,77.0,0,195
2026-06-14T10:25:04+0900,GBIKE,2804,2804,68.33059914407988,35.0,69.0,0,200
2026-06-14T10:30:16+0900,ALPACA,1368,1368,75.20833333333333,44.0,77.0,0,195
2026-06-14T10:30:16+0900,GBIKE,2804,2804,68.30884450784593,35.0,69.0,0,200
2026-06-14T10:35:06+0900,ALPACA,1368,1368,75.20833333333333,44.0,77.0,0,195
2026-06-14T10:35:06+0900,GBIKE,2804,2804,68.37268188302426,35.0,69.0,0,199
2026-06-14T10:40:13+0900,ALPACA,1368,1368,75.20833333333333,44.0,77.0,0,195
2026-06-14T10:40:13+0900,GBIKE,2804,2804,68.3901569186876,35.0,69.0,0,199
2026-06-14T10:45:05+0900,ALPACA,1368,1368,75.20833333333333,44.0,77.0,0,195
2026-06-14T10:45:05+0900,GBIKE,2804,2804,68.44293865905848,35.0,70.0,0,199
2026-06-14T10:50:16+0900,ALPACA,1368,1368,75.20833333333333,44.0,77.0,0,195
2026-06-14T10:50:16+0900,GBIKE,2804,2804,68.50641940085592,35.0,70.0,0,199
2026-06-14T10:55:04+0900,ALPACA,1368,1368,75.20833333333333,44.0,77.0,0,195
2026-06-14T10:55:04+0900,GBIKE,2804,2804,68.53102710413695,35.0,70.0,0,198
2026-06-14T11:00:13+0900,ALPACA,1368,1368,75.20833333333333,44.0,77.0,0,195
2026-06-14T11:00:13+0900,GBIKE,2804,2804,68.53423680456491,35.0,70.0,0,198
2026-06-14T11:05:05+0900,ALPACA,1368,1368,75.20833333333333,44.0,77.0,0,195
2026-06-14T11:05:05+0900,GBIKE,2804,2804,68.50606276747503,35.0,70.0,0,198
2026-06-14T11:10:19+0900,ALPACA,1368,1368,75.20833333333333,44.0,77.0,0,195
2026-06-14T11:10:19+0900,GBIKE,2804,2804,68.49215406562054,35.0,70.0,0,198
2026-06-14T11:15:13+0900,ALPACA,1368,1368,75.20833333333333,44.0,77.0,0,195
2026-06-14T11:15:13+0900,GBIKE,2804,2804,68.4953637660485,35.0,70.0,0,199
2026-06-14T11:20:12+0900,ALPACA,1368,1368,75.20833333333333,44.0,77.0,0,195
2026-06-14T11:20:12+0900,GBIKE,2804,2804,68.47646219686163,35.0,70.0,0,199
2026-06-14T11:25:05+0900,ALPACA,1368,1368,75.20833333333333,44.0,77.0,0,195
2026-06-14T11:25:05+0900,GBIKE,2804,2804,68.50962910128388,35.0,70.0,0,200
2026-06-14T11:30:25+0900,ALPACA,1368,1368,75.20833333333333,44.0,77.0,0,195
2026-06-14T11:30:25+0900,GBIKE,2804,2804,68.59807417974322,35.0,70.0,0,198
2026-06-14T11:35:09+0900,ALPACA,1368,1368,75.20833333333333,44.0,77.0,0,195
2026-06-14T11:35:09+0900,GBIKE,2804,2804,68.62446504992867,35.0,70.0,0,198
2026-06-14T11:40:09+0900,ALPACA,1368,1368,75.20833333333333,44.0,77.0,0,195
2026-06-14T11:40:09+0900,GBIKE,2804,2804,68.65656205420828,35.0,70.0,0,198
2026-06-14T11:45:07+0900,ALPACA,1368,1368,75.20833333333333,44.0,77.0,0,195
2026-06-14T11:45:07+0900,GBIKE,2804,2804,68.65442225392297,35.0,70.0,0,198
2026-06-14T11:50:05+0900,ALPACA,1368,1368,75.20833333333333,44.0,77.0,0,195
2026-06-14T11:50:05+0900,GBIKE,2804,2804,68.70149786019971,35.0,70.0,0,199
2026-06-14T11:55:13+0900,ALPACA,1368,1368,75.20833333333333,44.0,77.0,0,195
2026-06-14T11:55:13+0900,GBIKE,2804,2804,68.69650499286733,35.0,70.0,0,199
2026-06-14T12:00:33+0900,ALPACA,1368,1368,75.20833333333333,44.0,77.0,0,195
2026-06-14T12:00:33+0900,GBIKE,2804,2804,68.68223965763195,35.0,70.0,0,199
2026-06-14T12:05:09+0900,ALPACA,1368,1368,75.20833333333333,44.0,77.0,0,195
2026-06-14T12:05:09+0900,GBIKE,2804,2804,68.66119828815977,35.0,70.0,0,199
2026-06-14T12:10:16+0900,ALPACA,1368,1368,75.20833333333333,44.0,77.0,0,195
2026-06-14T12:10:16+0900,GBIKE,2804,2804,68.64336661911555,35.0,70.0,0,199
2026-06-14T12:15:17+0900,ALPACA,1368,1368,75.20833333333333,44.0,77.0,0,195
2026-06-14T12:15:17+0900,GBIKE,2804,2804,68.62553495007133,35.0,70.0,0,199
2026-06-14T12:20:04+0900,ALPACA,1368,1368,75.20833333333333,44.0,77.0,0,195
2026-06-14T12:20:04+0900,GBIKE,2804,2804,68.60877318116975,35.0,70.0,0,199
2026-06-14T12:25:09+0900,ALPACA,1368,1368,75.20833333333333,44.0,77.0,0,195
2026-06-14T12:25:09+0900,GBIKE,2804,2804,68.58594864479315,35.0,70.0,0,199
2026-06-14T12:30:11+0900,ALPACA,1368,1368,75.20833333333333,44.0,77.0,0,195
2026-06-14T12:30:11+0900,GBIKE,2804,2804,68.56241084165478,35.0,70.0,0,200
2026-06-14T12:35:03+0900,ALPACA,1368,1368,75.20833333333333,44.0,77.0,0,195
2026-06-14T12:35:03+0900,GBIKE,2804,2804,68.54457917261055,35.0,70.0,0,200
2026-06-14T12:40:04+0900,ALPACA,1368,1368,75.20833333333333,44.0,77.0,0,195
2026-06-14T12:40:04+0900,GBIKE,2804,2804,68.51997146932953,35.0,70.0,0,200
2026-06-14T12:45:11+0900,ALPACA,1368,1368,75.20833333333333,44.0,77.0,0,195
2026-06-14T12:45:11+0900,GBIKE,2804,2804,68.50106990014265,35.0,70.0,0,200
2026-06-14T12:50:04+0900,ALPACA,1368,1368,75.20833333333333,44.0,77.0,0,195
2026-06-14T12:50:04+0900,GBIKE,2804,2804,68.47610556348074,35.0,70.0,0,200
2026-06-14T12:55:04+0900,ALPACA,1368,1368,75.20833333333333,44.0,77.0,0,195
2026-06-14T12:55:04+0900,GBIKE,2804,2804,68.45149786019971,35.0,70.0,0,200
2026-06-14T13:00:14+0900,ALPACA,1368,1368,75.20833333333333,44.0,77.0,0,195
2026-06-14T13:00:14+0900,GBIKE,2803,2803,68.40849090260436,35.0,70.0,0,200
2026-06-14T13:05:05+0900,ALPACA,1368,1368,75.20833333333333,44.0,77.0,0,195
2026-06-14T13:05:05+0900,GBIKE,2804,2804,68.38159771754636,34.30000000000001,70.0,0,200
2026-06-14T13:10:09+0900,ALPACA,1368,1368,75.20833333333333,44.0,77.0,0,195
2026-06-14T13:10:09+0900,GBIKE,2804,2804,68.35128388017118,34.0,69.5,0,200
2026-06-14T13:15:08+0900,ALPACA,1368,1368,75.20833333333333,44.0,77.0,0,195
2026-06-14T13:15:08+0900,GBIKE,2804,2804,68.3188302425107,34.0,69.0,0,200
2026-06-14T13:20:09+0900,ALPACA,1368,1368,75.20833333333333,44.0,77.0,0,195
2026-06-14T13:20:09+0900,GBIKE,2804,2804,68.30206847360913,34.0,69.0,0,200
2026-06-14T13:25:05+0900,ALPACA,1368,1368,75.20833333333333,44.0,77.0,0,195
2026-06-14T13:25:05+0900,GBIKE,2804,2804,68.27710413694722,34.0,69.0,0,200
2026-06-14T13:30:14+0900,ALPACA,1368,1368,75.20833333333333,44.0,77.0,0,195
2026-06-14T13:30:14+0900,GBIKE,2804,2804,68.26105563480742,34.0,69.0,0,200
2026-06-14T13:35:04+0900,ALPACA,1368,1368,75.20833333333333,44.0,77.0,0,195
2026-06-14T13:35:04+0900,GBIKE,2804,2804,68.24286733238232,34.0,69.0,0,201
2026-06-14T13:40:05+0900,ALPACA,1368,1368,75.20833333333333,44.0,77.0,0,195
2026-06-14T13:40:05+0900,GBIKE,2804,2804,68.2293152639087,34.0,69.0,0,202
2026-06-14T13:45:10+0900,ALPACA,1368,1368,75.20833333333333,44.0,77.0,0,195
2026-06-14T13:45:10+0900,GBIKE,2804,2804,68.20577746077034,34.0,69.0,0,202
2026-06-14T13:50:13+0900,ALPACA,1368,1368,75.20833333333333,44.0,77.0,0,195
2026-06-14T13:50:13+0900,GBIKE,2804,2804,68.17617689015692,34.0,69.0,0,202
2026-06-14T13:55:08+0900,ALPACA,1368,1368,75.20833333333333,44.0,77.0,0,195
2026-06-14T13:55:08+0900,GBIKE,2804,2804,68.14728958630528,34.0,69.0,0,202
2026-06-14T14:00:11+0900,ALPACA,1368,1368,75.20833333333333,44.0,77.0,0,195
2026-06-14T14:00:11+0900,GBIKE,2804,2804,68.12553495007133,34.0,69.0,0,202
2026-06-14T14:05:05+0900,ALPACA,1368,1368,75.20833333333333,44.0,77.0,0,195
2026-06-14T14:05:05+0900,GBIKE,2804,2804,68.1101997146933,34.0,69.0,0,202
2026-06-14T14:10:07+0900,ALPACA,1368,1368,75.20833333333333,44.0,77.0,0,195
2026-06-14T14:10:07+0900,GBIKE,2804,2804,68.0734664764622,34.0,69.0,0,201
2026-06-14T14:15:14+0900,ALPACA,1368,1368,75.20833333333333,44.0,77.0,0,195
2026-06-14T14:15:14+0900,GBIKE,2804,2804,68.04315263908701,34.0,69.0,0,201
2026-06-14T14:20:10+0900,ALPACA,1368,1368,75.20833333333333,44.0,77.0,0,195
2026-06-14T14:20:10+0900,GBIKE,2804,2804,68.00748930099857,34.0,69.0,0,201
2026-06-14T14:25:06+0900,ALPACA,1368,1368,75.20833333333333,44.0,77.0,0,195
2026-06-14T14:25:06+0900,GBIKE,2804,2804,67.98930099857347,34.0,69.0,0,201
2026-06-14T14:30:14+0900,ALPACA,1368,1368,75.20833333333333,44.0,77.0,0,195
2026-06-14T14:30:14+0900,GBIKE,2804,2804,67.9611269614836,34.0,69.0,0,201
2026-06-14T14:35:07+0900,ALPACA,1368,1368,75.20833333333333,44.0,77.0,0,195
2026-06-14T14:35:07+0900,GBIKE,2804,2804,67.9333095577746,34.0,69.0,0,201
2026-06-14T14:40:09+0900,ALPACA,1368,1368,75.20833333333333,44.0,77.0,0,195
2026-06-14T14:40:09+0900,GBIKE,2803,2803,67.8876204067071,34.0,69.0,0,201
2026-06-14T14:45:03+0900,ALPACA,1368,1368,75.20833333333333,44.0,77.0,0,195
2026-06-14T14:45:03+0900,GBIKE,2804,2804,67.8601997146933,34.0,69.0,0,201
2026-06-14T14:50:11+0900,ALPACA,1368,1368,75.20833333333333,44.0,77.0,0,195
2026-06-14T14:50:11+0900,GBIKE,2804,2804,67.83345221112697,34.0,69.0,0,201
2026-06-14T14:55:05+0900,ALPACA,1368,1368,75.20833333333333,44.0,77.0,0,195
2026-06-14T14:55:05+0900,GBIKE,2804,2804,67.78922967189729,34.0,69.0,0,202
2026-06-14T15:00:14+0900,ALPACA,1368,1368,75.20833333333333,44.0,77.0,0,195
2026-06-14T15:00:14+0900,GBIKE,2804,2804,67.75534950071327,34.0,69.0,0,202
2026-06-14T15:05:04+0900,ALPACA,1368,1368,75.20833333333333,44.0,77.0,0,195
2026-06-14T15:05:04+0900,GBIKE,2804,2804,67.72289586305278,34.0,69.0,0,202
2026-06-14T15:10:03+0900,ALPACA,1368,1368,75.20833333333333,44.0,77.0,0,195
2026-06-14T15:10:03+0900,GBIKE,2804,2804,67.7018544935806,34.0,69.0,0,202
2026-06-14T15:15:10+0900,ALPACA,1368,1368,75.20833333333333,44.0,77.0,0,195
2026-06-14T15:15:10+0900,GBIKE,2804,2804,67.65406562054208,34.0,69.0,0,202
2026-06-14T15:20:06+0900,ALPACA,1368,1368,75.20833333333333,44.0,77.0,0,195
2026-06-14T15:20:06+0900,GBIKE,2804,2804,67.6398002853067,34.0,69.0,0,202
2026-06-14T15:25:05+0900,ALPACA,1368,1368,75.20833333333333,44.0,77.0,0,195
2026-06-14T15:25:05+0900,GBIKE,2804,2804,67.67796005706134,34.0,69.0,0,202
2026-06-14T15:30:07+0900,ALPACA,1368,1368,75.20833333333333,44.0,77.0,0,195
2026-06-14T15:30:07+0900,GBIKE,2804,2804,67.64942938659058,34.0,69.0,0,203
2026-06-14T15:35:04+0900,ALPACA,1368,1368,75.20833333333333,44.0,77.0,0,195
2026-06-14T15:35:04+0900,GBIKE,2804,2804,67.61911554921541,34.0,69.0,0,203
2026-06-14T15:40:09+0900,ALPACA,1368,1368,75.20833333333333,44.0,77.0,0,195
2026-06-14T15:40:09+0900,GBIKE,2804,2804,67.58987161198289,34.0,69.0,0,202
2026-06-14T15:45:22+0900,ALPACA,1368,1368,75.20833333333333,44.0,77.0,0,195
2026-06-14T15:45:22+0900,GBIKE,2804,2804,67.57382310984308,34.0,69.0,0,202
2026-06-14T15:50:06+0900,ALPACA,1368,1368,75.20833333333333,44.0,77.0,0,195
2026-06-14T15:50:06+0900,GBIKE,2805,2805,67.53404634581105,34.0,69.0,0,202
2026-06-14T15:55:08+0900,ALPACA,1368,1368,75.20833333333333,44.0,77.0,0,195
2026-06-14T15:55:08+0900,GBIKE,2805,2805,67.49768270944742,34.0,69.0,0,202
2026-06-14T16:00:17+0900,ALPACA,1368,1368,75.20833333333333,44.0,77.0,0,195
2026-06-14T16:00:17+0900,GBIKE,2805,2805,67.46524064171123,34.0,69.0,0,202
2026-06-14T16:05:05+0900,ALPACA,1368,1368,75.20833333333333,44.0,77.0,0,195
2026-06-14T16:05:05+0900,GBIKE,2805,2805,67.44242424242424,34.0,69.0,0,202
2026-06-14T16:10:04+0900,ALPACA,1368,1368,75.20833333333333,44.0,77.0,0,195
2026-06-14T16:10:04+0900,GBIKE,2805,2805,67.42317290552585,34.0,69.0,0,202
2026-06-14T16:15:11+0900,ALPACA,1368,1368,75.20833333333333,44.0,77.0,0,195
2026-06-14T16:15:11+0900,GBIKE,2805,2805,67.38787878787879,34.0,69.0,0,202
2026-06-14T16:20:09+0900,ALPACA,1368,1368,75.20833333333333,44.0,77.0,0,195
2026-06-14T16:20:09+0900,GBIKE,2805,2805,67.36755793226382,34.0,69.0,0,200
2026-06-14T16:25:03+0900,ALPACA,1368,1368,75.20833333333333,44.0,77.0,0,195
2026-06-14T16:25:03+0900,GBIKE,2805,2805,67.35579322638146,34.0,69.0,0,200
2026-06-14T16:30:06+0900,ALPACA,1368,1368,75.20833333333333,44.0,77.0,0,195
2026-06-14T16:30:06+0900,GBIKE,2805,2805,67.33511586452762,34.0,69.0,0,201
2026-06-14T16:35:03+0900,ALPACA,1368,1368,75.20833333333333,44.0,77.0,0,195
2026-06-14T16:35:03+0900,GBIKE,2805,2805,67.31800356506238,34.0,69.0,0,209
2026-06-14T16:40:09+0900,ALPACA,1368,1368,75.20833333333333,44.0,77.0,0,195
2026-06-14T16:40:09+0900,GBIKE,2804,2804,67.30563480741797,34.0,69.0,0,210
2026-06-14T16:45:05+0900,ALPACA,1368,1368,75.20833333333333,44.0,77.0,0,195
2026-06-14T16:45:05+0900,GBIKE,2805,2805,67.29447415329768,34.0,69.0,0,210
2026-06-14T16:50:11+0900,ALPACA,1368,1368,75.20833333333333,44.0,77.0,0,195
2026-06-14T16:50:11+0900,GBIKE,2805,2805,67.27985739750446,34.0,68.0,0,212
2026-06-14T16:55:05+0900,ALPACA,1368,1368,75.20833333333333,44.0,77.0,0,195
2026-06-14T16:55:05+0900,GBIKE,2805,2805,67.26916221033868,34.0,68.0,0,208
2026-06-14T17:00:12+0900,ALPACA,1368,1368,75.20833333333333,44.0,77.0,0,195
2026-06-14T17:00:12+0900,GBIKE,2805,2805,67.25454545454545,34.0,68.0,0,207
2026-06-14T17:05:06+0900,ALPACA,1368,1368,75.20833333333333,44.0,77.0,0,195
2026-06-14T17:05:06+0900,GBIKE,2805,2805,67.22745098039216,34.0,68.0,0,208
2026-06-14T17:10:06+0900,ALPACA,1368,1368,75.20833333333333,44.0,77.0,0,195
2026-06-14T17:10:06+0900,GBIKE,2805,2805,67.20748663101604,34.0,68.0,0,207
2026-06-14T17:15:13+0900,ALPACA,1368,1368,75.20833333333333,44.0,77.0,0,195
2026-06-14T17:15:13+0900,GBIKE,2805,2805,67.20463458110517,34.0,68.0,0,208
2026-06-14T17:20:06+0900,ALPACA,1368,1368,75.20833333333333,44.0,77.0,0,195
2026-06-14T17:20:06+0900,GBIKE,2805,2805,67.18752228163993,34.0,68.0,0,208
2026-06-14T17:25:05+0900,ALPACA,1368,1368,75.20833333333333,44.0,77.0,0,195
2026-06-14T17:25:05+0900,GBIKE,2805,2805,67.19286987522281,34.0,68.0,0,209
2026-06-14T17:30:12+0900,ALPACA,1368,1368,75.20833333333333,44.0,77.0,0,195
2026-06-14T17:30:12+0900,GBIKE,2805,2805,67.18395721925134,34.0,68.0,0,208
2026-06-14T17:35:07+0900,ALPACA,1368,1368,75.20833333333333,44.0,77.0,0,195
2026-06-14T17:35:07+0900,GBIKE,2805,2805,67.16969696969697,34.0,68.0,0,208
2026-06-14T17:40:11+0900,ALPACA,1368,1368,75.20833333333333,44.0,77.0,0,195
2026-06-14T17:40:11+0900,GBIKE,2805,2805,67.15900178253119,34.0,68.0,0,208
2026-06-14T17:45:10+0900,ALPACA,1368,1368,75.20833333333333,44.0,77.0,0,195
2026-06-14T17:45:10+0900,GBIKE,2805,2805,67.1379679144385,34.0,68.0,0,208
2026-06-14T17:50:13+0900,ALPACA,1368,1368,75.20833333333333,44.0,77.0,0,195
2026-06-14T17:50:13+0900,GBIKE,2805,2805,67.11764705882354,34.0,68.0,0,209
2026-06-14T17:55:04+0900,ALPACA,1368,1368,75.20833333333333,44.0,77.0,0,195
2026-06-14T17:55:04+0900,GBIKE,2805,2805,67.07843137254902,34.0,68.0,0,209
2026-06-14T18:00:34+0900,ALPACA,1368,1368,75.20833333333333,44.0,77.0,0,195
2026-06-14T18:00:34+0900,GBIKE,2805,2805,67.0488413547237,34.0,68.0,0,209
2026-06-14T18:05:07+0900,ALPACA,1368,1368,75.20833333333333,44.0,77.0,0,195
2026-06-14T18:05:07+0900,GBIKE,2805,2805,67.00855614973263,34.0,68.0,0,209
2026-06-14T18:10:07+0900,ALPACA,1368,1368,75.20833333333333,44.0,77.0,0,195
2026-06-14T18:10:07+0900,GBIKE,2805,2805,66.98502673796791,34.0,68.0,0,209
2026-06-14T18:15:09+0900,ALPACA,1368,1368,75.20833333333333,44.0,77.0,0,195
2026-06-14T18:15:09+0900,GBIKE,2805,2805,66.95294117647059,34.0,68.0,0,209
2026-06-14T18:20:07+0900,ALPACA,1368,1368,75.20833333333333,44.0,77.0,0,195
2026-06-14T18:20:07+0900,GBIKE,2805,2805,66.93903743315508,34.0,68.0,0,210
2026-06-14T18:25:05+0900,ALPACA,1368,1368,75.20833333333333,44.0,77.0,0,195
2026-06-14T18:25:05+0900,GBIKE,2805,2805,66.93083778966133,34.0,68.0,0,210
2026-06-14T18:30:13+0900,ALPACA,1368,1368,75.20833333333333,44.0,77.0,0,195
2026-06-14T18:30:13+0900,GBIKE,2805,2805,66.91693404634582,34.0,68.0,0,210
2026-06-14T18:35:05+0900,ALPACA,1368,1368,75.20833333333333,44.0,77.0,0,195
2026-06-14T18:35:05+0900,GBIKE,2805,2805,66.90623885918004,34.0,68.0,0,210
2026-06-14T18:40:08+0900,ALPACA,1368,1368,75.20833333333333,44.0,77.0,0,195
2026-06-14T18:40:08+0900,GBIKE,2805,2805,66.88805704099822,34.0,68.0,0,210
2026-06-14T18:45:11+0900,ALPACA,1368,1368,75.20833333333333,44.0,77.0,0,195
2026-06-14T18:45:11+0900,GBIKE,2805,2805,66.86773618538325,34.0,68.0,0,210
2026-06-14T18:50:08+0900,ALPACA,1368,1368,75.20833333333333,44.0,77.0,0,195
2026-06-14T18:50:08+0900,GBIKE,2805,2805,66.84741532976827,34.0,68.0,0,210
2026-06-14T18:55:08+0900,ALPACA,1368,1368,75.20833333333333,44.0,77.0,0,195
2026-06-14T18:55:08+0900,GBIKE,2805,2805,66.82424242424243,34.0,68.0,0,210
2026-06-14T19:00:09+0900,ALPACA,1368,1368,75.20833333333333,44.0,77.0,0,195
2026-06-14T19:00:09+0900,GBIKE,2805,2805,66.8078431372549,34.0,68.0,0,210
2026-06-14T19:05:06+0900,ALPACA,1368,1368,75.20833333333333,44.0,77.0,0,195
2026-06-14T19:05:06+0900,GBIKE,2805,2805,66.77219251336898,34.0,68.0,0,210
2026-06-14T19:10:06+0900,ALPACA,1368,1368,75.20833333333333,44.0,77.0,0,195
2026-06-14T19:10:06+0900,GBIKE,2805,2805,66.76862745098039,34.0,68.0,0,210
2026-06-14T19:15:04+0900,ALPACA,1368,1368,75.20833333333333,44.0,77.0,0,195
2026-06-14T19:15:04+0900,GBIKE,2805,2805,66.74830659536542,34.0,68.0,0,210
2026-06-14T19:20:10+0900,ALPACA,1368,1368,75.20833333333333,44.0,77.0,0,195
2026-06-14T19:20:10+0900,GBIKE,2805,2805,66.72549019607843,34.0,68.0,0,210
2026-06-14T19:25:05+0900,ALPACA,1368,1368,75.20833333333333,44.0,77.0,0,195
2026-06-14T19:25:05+0900,GBIKE,2805,2805,66.70445632798574,34.0,68.0,0,210
2026-06-14T19:30:13+0900,ALPACA,1368,1368,75.20833333333333,44.0,77.0,0,195
2026-06-14T19:30:13+0900,GBIKE,2805,2805,66.68057040998218,34.0,68.0,0,210
2026-06-14T19:35:05+0900,ALPACA,1368,1368,75.20833333333333,44.0,77.0,0,195
2026-06-14T19:35:05+0900,GBIKE,2805,2805,66.66880570409982,34.0,68.0,0,210
2026-06-14T19:40:03+0900,ALPACA,1368,1368,75.20833333333333,44.0,77.0,0,195
2026-06-14T19:40:03+0900,GBIKE,2805,2805,66.65454545454546,34.0,68.0,0,209
2026-06-14T19:45:15+0900,ALPACA,1368,1368,75.20833333333333,44.0,77.0,0,195
2026-06-14T19:45:15+0900,GBIKE,2805,2805,66.6349376114082,34.0,68.0,0,209
2026-06-14T19:50:10+0900,ALPACA,1368,1368,75.20833333333333,44.0,77.0,0,195
2026-06-14T19:50:10+0900,GBIKE,2805,2805,66.61140819964349,34.0,68.0,0,209
2026-06-14T19:55:08+0900,ALPACA,1368,1368,75.20833333333333,44.0,77.0,0,195
2026-06-14T19:55:08+0900,GBIKE,2805,2805,66.59073083778966,34.0,67.0,0,209
2026-06-14T20:00:11+0900,ALPACA,1368,1368,75.20833333333333,44.0,77.0,0,195
2026-06-14T20:00:11+0900,GBIKE,2805,2805,66.56613190730837,34.0,67.0,0,209
2026-06-14T20:05:08+0900,ALPACA,1368,1368,75.20833333333333,44.0,77.0,0,195
2026-06-14T20:05:08+0900,GBIKE,2805,2805,66.54295900178253,34.0,67.0,0,209
2026-06-14T20:10:13+0900,ALPACA,1368,1368,75.20833333333333,44.0,77.0,0,195
2026-06-14T20:10:13+0900,GBIKE,2805,2805,66.52513368983958,34.0,67.0,0,209
2026-06-14T20:15:08+0900,ALPACA,1368,1368,75.20833333333333,44.0,77.0,0,195
2026-06-14T20:15:08+0900,GBIKE,2805,2805,66.498752228164,33.400000000000034,67.0,0,207
2026-06-14T20:20:08+0900,ALPACA,1368,1368,75.20833333333333,44.0,77.0,0,195
2026-06-14T20:20:08+0900,GBIKE,2805,2805,66.46274509803922,33.400000000000034,67.0,0,207
2026-06-14T20:25:06+0900,ALPACA,1368,1368,75.20833333333333,44.0,77.0,0,195
2026-06-14T20:25:06+0900,GBIKE,2805,2805,66.44991087344029,33.400000000000034,67.0,0,207
2026-06-14T20:30:11+0900,ALPACA,1368,1368,75.20833333333333,44.0,77.0,0,195
2026-06-14T20:30:11+0900,GBIKE,2805,2805,66.42673796791443,33.0,67.0,0,207
2026-06-14T20:35:04+0900,ALPACA,1368,1368,75.20833333333333,44.0,77.0,0,195
2026-06-14T20:35:04+0900,GBIKE,2805,2805,66.41140819964349,33.0,67.0,0,207
2026-06-14T20:40:08+0900,ALPACA,1368,1368,75.20833333333333,44.0,77.0,0,195
2026-06-14T20:40:08+0900,GBIKE,2805,2805,66.38573975044564,33.0,67.0,0,207
2026-06-14T20:45:08+0900,ALPACA,1368,1368,75.20833333333333,44.0,77.0,0,195
2026-06-14T20:45:08+0900,GBIKE,2805,2805,66.37040998217469,33.0,67.0,0,207
2026-06-14T20:50:05+0900,ALPACA,1368,1368,75.20833333333333,44.0,77.0,0,195
2026-06-14T20:50:05+0900,GBIKE,2805,2805,66.34331550802139,33.0,67.0,0,207
2026-06-14T20:55:04+0900,ALPACA,1368,1368,75.20833333333333,44.0,77.0,0,195
2026-06-14T20:55:04+0900,GBIKE,2805,2805,66.324064171123,33.0,67.0,0,206
2026-06-14T21:00:13+0900,ALPACA,1368,1368,75.20833333333333,44.0,77.0,0,195
2026-06-14T21:00:13+0900,GBIKE,2805,2805,66.29483065953654,33.0,67.0,0,206
2026-06-14T21:05:09+0900,ALPACA,1368,1368,75.20833333333333,44.0,77.0,0,195
2026-06-14T21:05:09+0900,GBIKE,2805,2805,66.27058823529411,33.0,67.0,0,206
2026-06-14T21:10:08+0900,ALPACA,1368,1368,75.20833333333333,44.0,77.0,0,195
2026-06-14T21:10:08+0900,GBIKE,2805,2805,66.24064171122994,33.0,67.0,0,206
2026-06-14T21:15:08+0900,ALPACA,1368,1368,75.20833333333333,44.0,77.0,0,195
2026-06-14T21:15:08+0900,GBIKE,2805,2805,66.2270944741533,33.0,67.0,0,206
2026-06-14T21:20:11+0900,ALPACA,1368,1368,75.20833333333333,44.0,77.0,0,195
2026-06-14T21:20:11+0900,GBIKE,2805,2805,66.2349376114082,33.0,67.0,0,206
2026-06-14T21:25:02+0900,ALPACA,1368,1368,75.20833333333333,44.0,77.0,0,195
2026-06-14T21:25:02+0900,GBIKE,2805,2805,66.26238859180036,33.0,67.0,0,206
2026-06-14T21:30:13+0900,ALPACA,1368,1368,75.20833333333333,44.0,77.0,0,195
2026-06-14T21:30:13+0900,GBIKE,2805,2805,66.25098039215686,33.0,67.0,0,206
2026-06-14T21:35:07+0900,ALPACA,1368,1368,75.20833333333333,44.0,77.0,0,195
2026-06-14T21:35:07+0900,GBIKE,2805,2805,66.26310160427808,33.0,67.0,0,206
2026-06-14T21:40:03+0900,ALPACA,1368,1368,75.20833333333333,44.0,77.0,0,195
2026-06-14T21:40:03+0900,GBIKE,2805,2805,66.26702317290552,33.0,67.0,0,206
2026-06-14T21:45:08+0900,ALPACA,1368,1368,75.20833333333333,44.0,77.0,0,195
2026-06-14T21:45:08+0900,GBIKE,2805,2805,66.23244206773619,33.0,67.0,0,206
2026-06-14T21:50:12+0900,ALPACA,1368,1368,75.20833333333333,44.0,77.0,0,195
2026-06-14T21:50:12+0900,GBIKE,2805,2805,66.20855614973262,33.0,67.0,0,206
2026-06-14T21:55:04+0900,ALPACA,1368,1368,75.20833333333333,44.0,77.0,0,195
2026-06-14T21:55:04+0900,GBIKE,2805,2805,66.18645276292335,33.0,67.0,0,206
2026-06-14T22:00:14+0900,ALPACA,1368,1368,75.20833333333333,44.0,77.0,0,195
2026-06-14T22:00:14+0900,GBIKE,2805,2805,66.16221033868092,33.0,67.0,0,206
2026-06-14T22:05:04+0900,ALPACA,1368,1368,75.20833333333333,44.0,77.0,0,195
2026-06-14T22:05:04+0900,GBIKE,2805,2805,66.19679144385027,33.0,67.0,0,206
2026-06-14T22:10:10+0900,ALPACA,1368,1368,75.20833333333333,44.0,77.0,0,195
2026-06-14T22:10:10+0900,GBIKE,2805,2805,66.18039215686275,33.0,67.0,0,206
2026-06-14T22:15:10+0900,ALPACA,1368,1368,75.20833333333333,44.0,77.0,0,195
2026-06-14T22:15:10+0900,GBIKE,2805,2805,66.19750445632799,33.0,67.0,0,206
2026-06-14T22:20:06+0900,ALPACA,1368,1368,75.20833333333333,44.0,77.0,0,195
2026-06-14T22:20:06+0900,GBIKE,2805,2805,66.21069518716577,34.0,67.0,0,204
2026-06-14T22:25:05+0900,ALPACA,1368,1368,75.20833333333333,44.0,77.0,0,195
2026-06-14T22:25:05+0900,GBIKE,2805,2805,66.19964349376114,33.400000000000034,67.0,0,204
2026-06-14T22:30:15+0900,ALPACA,1368,1368,75.20833333333333,44.0,77.0,0,195
2026-06-14T22:30:15+0900,GBIKE,2805,2805,66.19821746880571,33.0,67.0,0,205
2026-06-14T22:35:05+0900,ALPACA,1368,1368,75.20833333333333,44.0,77.0,0,195
2026-06-14T22:35:05+0900,GBIKE,2805,2805,66.20926916221033,33.0,67.0,0,205
2026-06-14T22:40:07+0900,ALPACA,1368,1368,75.20833333333333,44.0,77.0,0,195
2026-06-14T22:40:07+0900,GBIKE,2805,2805,66.22424242424242,33.0,67.0,0,204
2026-06-14T22:45:11+0900,ALPACA,1368,1368,75.20833333333333,44.0,77.0,0,195
2026-06-14T22:45:11+0900,GBIKE,2805,2805,66.26773618538324,34.0,67.0,0,203
2026-06-14T22:50:05+0900,ALPACA,1368,1368,75.20833333333333,44.0,77.0,0,195
2026-06-14T22:50:05+0900,GBIKE,2805,2805,66.25561497326203,34.0,67.0,0,203
2026-06-14T22:55:04+0900,ALPACA,1368,1368,75.20833333333333,44.0,77.0,0,195
2026-06-14T22:55:04+0900,GBIKE,2805,2805,66.24064171122994,34.0,67.0,0,203
2026-06-14T23:00:11+0900,ALPACA,1368,1368,75.20833333333333,44.0,77.0,0,195
2026-06-14T23:00:11+0900,GBIKE,2805,2805,66.2060606060606,34.0,67.0,0,203
2026-06-14T23:05:04+0900,ALPACA,1368,1368,75.20833333333333,44.0,77.0,0,195
2026-06-14T23:05:04+0900,GBIKE,2805,2805,66.16256684491978,33.400000000000034,67.0,0,203
2026-06-14T23:10:06+0900,ALPACA,1368,1368,75.20833333333333,44.0,77.0,0,195
2026-06-14T23:10:06+0900,GBIKE,2805,2805,66.11836007130125,33.400000000000034,67.0,0,203
2026-06-14T23:15:07+0900,ALPACA,1368,1368,75.20833333333333,44.0,77.0,0,195
2026-06-14T23:15:07+0900,GBIKE,2805,2805,66.10053475935828,33.400000000000034,67.0,0,203
2026-06-14T23:20:04+0900,ALPACA,1368,1368,75.20833333333333,44.0,77.0,0,195
2026-06-14T23:20:04+0900,GBIKE,2805,2805,66.07415329768271,33.400000000000034,67.0,0,203
2026-06-14T23:25:04+0900,ALPACA,1368,1368,75.20833333333333,44.0,77.0,0,195
2026-06-14T23:25:04+0900,GBIKE,2805,2805,66.0445632798574,33.0,67.0,0,203
2026-06-14T23:30:07+0900,ALPACA,1368,1368,75.20833333333333,44.0,77.0,0,195
2026-06-14T23:30:07+0900,GBIKE,2805,2805,66.02495543672015,33.0,67.0,0,203
2026-06-14T23:35:04+0900,ALPACA,1368,1368,75.20833333333333,44.0,77.0,0,195
2026-06-14T23:35:04+0900,GBIKE,2804,2804,65.99964336661911,33.0,66.5,0,203
2026-06-14T23:40:07+0900,ALPACA,1368,1368,75.20833333333333,44.0,77.0,0,195
2026-06-14T23:40:07+0900,GBIKE,2805,2805,65.96185383244207,33.0,66.0,0,203
2026-06-14T23:45:07+0900,ALPACA,1368,1368,75.20833333333333,44.0,77.0,0,195
2026-06-14T23:45:07+0900,GBIKE,2805,2805,65.92549019607843,33.0,66.0,0,203
2026-06-14T23:50:08+0900,ALPACA,1368,1368,75.20833333333333,44.0,77.0,0,195
2026-06-14T23:50:08+0900,GBIKE,2805,2805,65.8795008912656,33.0,66.0,0,203
2026-06-14T23:55:04+0900,ALPACA,1368,1368,75.20833333333333,44.0,77.0,0,195
2026-06-14T23:55:04+0900,GBIKE,2805,2805,65.84028520499109,33.0,66.0,0,203
2026-06-15T00:00:40+0900,ALPACA,1368,1368,75.20833333333333,44.0,77.0,0,195
2026-06-15T00:00:40+0900,GBIKE,2805,2805,65.81283422459893,33.0,66.0,0,203
2026-06-15T00:05:10+0900,ALPACA,1368,1368,75.20833333333333,44.0,77.0,0,195
2026-06-15T00:05:10+0900,GBIKE,2805,2805,65.86381461675579,33.0,66.0,0,203
2026-06-15T00:10:04+0900,ALPACA,1368,1368,75.20833333333333,44.0,77.0,0,195
2026-06-15T00:10:04+0900,GBIKE,2805,2805,65.87985739750445,33.0,66.0,0,203
2026-06-15T00:15:07+0900,ALPACA,1368,1368,75.20833333333333,44.0,77.0,0,195
2026-06-15T00:15:07+0900,GBIKE,2805,2805,65.89661319073083,33.400000000000034,66.0,0,202
2026-06-15T00:20:09+0900,ALPACA,1368,1368,75.20833333333333,44.0,77.0,0,195
2026-06-15T00:20:09+0900,GBIKE,2805,2805,65.92584670231729,33.400000000000034,66.0,0,202
2026-06-15T00:25:03+0900,ALPACA,1368,1368,75.20833333333333,44.0,77.0,0,195
2026-06-15T00:25:03+0900,GBIKE,2805,2805,65.93939393939394,33.400000000000034,66.0,0,202
2026-06-15T00:30:10+0900,ALPACA,1368,1368,75.20833333333333,44.0,77.0,0,195
2026-06-15T00:30:10+0900,GBIKE,2804,2804,65.92510699001427,33.0,66.0,0,202
2026-06-15T00:35:06+0900,ALPACA,1368,1368,75.20833333333333,44.0,77.0,0,195
2026-06-15T00:35:06+0900,GBIKE,2804,2804,65.94008559201141,33.0,66.5,0,202
2026-06-15T00:40:04+0900,ALPACA,1368,1368,75.20833333333333,44.0,77.0,0,195
2026-06-15T00:40:04+0900,GBIKE,2805,2805,65.96613190730838,33.0,67.0,0,202
2026-06-15T00:45:04+0900,ALPACA,1368,1368,75.20833333333333,44.0,77.0,0,195
2026-06-15T00:45:04+0900,GBIKE,2805,2805,65.99358288770054,33.0,67.0,0,202
2026-06-15T00:50:10+0900,ALPACA,1368,1368,75.20833333333333,44.0,77.0,0,195
2026-06-15T00:50:10+0900,GBIKE,2805,2805,66.07023172905525,33.0,67.0,0,202
2026-06-15T00:55:09+0900,ALPACA,1368,1368,75.20833333333333,44.0,77.0,0,195
2026-06-15T00:55:09+0900,GBIKE,2805,2805,66.13262032085561,33.0,67.0,0,202
2026-06-15T01:00:16+0900,ALPACA,1368,1368,75.20833333333333,44.0,77.0,0,195
2026-06-15T01:00:16+0900,GBIKE,2805,2805,66.20249554367201,33.400000000000034,67.0,0,202
2026-06-15T01:05:06+0900,ALPACA,1368,1368,75.20833333333333,44.0,77.0,0,195
2026-06-15T01:05:06+0900,GBIKE,2805,2805,66.18645276292335,33.0,67.0,0,202
2026-06-15T01:10:07+0900,ALPACA,1368,1368,75.20833333333333,44.0,77.0,0,195
2026-06-15T01:10:07+0900,GBIKE,2805,2805,66.20748663101604,33.0,67.0,0,202
2026-06-15T01:15:03+0900,ALPACA,1368,1368,75.20833333333333,44.0,77.0,0,195
2026-06-15T01:15:03+0900,GBIKE,2805,2805,66.2192513368984,33.0,67.0,0,202
2026-06-15T01:20:07+0900,ALPACA,1368,1368,75.20833333333333,44.0,77.0,0,195
2026-06-15T01:20:07+0900,GBIKE,2805,2805,66.22281639928698,33.0,67.0,0,202
2026-06-15T01:25:07+0900,ALPACA,1368,1368,75.20833333333333,44.0,77.0,0,195
2026-06-15T01:25:07+0900,GBIKE,2805,2805,66.20320855614973,33.0,67.0,0,202
2026-06-15T01:30:10+0900,ALPACA,1368,1368,75.20833333333333,44.0,77.0,0,195
2026-06-15T01:30:10+0900,GBIKE,2805,2805,66.18680926916221,33.0,67.0,0,202
2026-06-15T01:35:04+0900,ALPACA,1368,1368,75.20833333333333,44.0,77.0,0,195
2026-06-15T01:35:04+0900,GBIKE,2805,2805,66.16969696969697,33.0,67.0,0,202
2026-06-15T01:40:10+0900,ALPACA,1368,1368,75.20833333333333,44.0,77.0,0,195
2026-06-15T01:40:10+0900,GBIKE,2805,2805,66.15650623885918,33.0,67.0,0,202
2026-06-15T01:45:12+0900,ALPACA,1368,1368,75.20833333333333,44.0,77.0,0,195
2026-06-15T01:45:12+0900,GBIKE,2805,2805,66.11942959001783,33.0,67.0,0,202
2026-06-15T01:50:08+0900,ALPACA,1368,1368,75.20833333333333,44.0,77.0,0,195
2026-06-15T01:50:08+0900,GBIKE,2805,2805,66.10409982174689,33.0,67.0,0,202
2026-06-15T01:55:04+0900,ALPACA,1368,1368,75.20833333333333,44.0,77.0,0,195
2026-06-15T01:55:04+0900,GBIKE,2805,2805,66.09197860962567,33.0,67.0,0,202
2026-06-15T02:00:14+0900,ALPACA,1368,1368,75.20833333333333,44.0,77.0,0,195
2026-06-15T02:00:14+0900,GBIKE,2805,2805,66.07486631016043,33.0,67.0,0,202
2026-06-15T02:05:08+0900,ALPACA,1368,1368,75.20833333333333,44.0,77.0,0,195
2026-06-15T02:05:08+0900,GBIKE,2805,2805,66.04848484848485,33.0,66.0,0,201
2026-06-15T02:10:10+0900,ALPACA,1368,1368,75.20833333333333,44.0,77.0,0,195
2026-06-15T02:10:10+0900,GBIKE,2805,2805,66.03529411764706,33.0,66.0,0,202
2026-06-15T02:15:14+0900,ALPACA,1368,1368,75.20833333333333,44.0,77.0,0,195
2026-06-15T02:15:14+0900,GBIKE,2805,2805,66.02566844919787,33.0,66.0,0,202
2026-06-15T02:20:08+0900,ALPACA,1368,1368,75.20833333333333,44.0,77.0,0,195
2026-06-15T02:20:08+0900,GBIKE,2805,2805,66.00285204991087,33.0,66.0,0,202
2026-06-15T02:25:06+0900,ALPACA,1368,1368,75.20833333333333,44.0,77.0,0,195
2026-06-15T02:25:06+0900,GBIKE,2805,2805,65.99536541889483,33.0,66.0,0,202
2026-06-15T02:30:08+0900,ALPACA,1368,1368,75.20833333333333,44.0,77.0,0,195
2026-06-15T02:30:08+0900,GBIKE,2805,2805,65.9825311942959,33.0,66.0,0,202
2026-06-15T02:35:07+0900,ALPACA,1368,1368,75.20833333333333,44.0,77.0,0,195
2026-06-15T02:35:07+0900,GBIKE,2805,2805,65.96256684491979,33.0,66.0,0,202
2026-06-15T02:40:05+0900,ALPACA,1368,1368,75.20833333333333,44.0,77.0,0,195
2026-06-15T02:40:05+0900,GBIKE,2805,2805,65.95044563279858,33.0,66.0,0,202
2026-06-15T02:45:09+0900,ALPACA,1368,1368,75.20833333333333,44.0,77.0,0,195
2026-06-15T02:45:09+0900,GBIKE,2805,2805,65.93048128342247,33.0,66.0,0,202
2026-06-15T02:50:08+0900,ALPACA,1368,1368,75.20833333333333,44.0,77.0,0,195
2026-06-15T02:50:08+0900,GBIKE,2805,2805,66.10516934046346,33.0,67.0,0,201
2026-06-15T02:55:05+0900,ALPACA,1368,1368,75.20833333333333,44.0,77.0,0,195
2026-06-15T02:55:05+0900,GBIKE,2805,2805,66.14081996434938,33.0,67.0,0,201
2026-06-15T03:00:12+0900,ALPACA,1368,1368,75.20833333333333,44.0,77.0,0,195
2026-06-15T03:00:12+0900,GBIKE,2805,2805,66.11122994652406,33.0,67.0,0,201
2026-06-15T03:05:07+0900,ALPACA,1368,1368,75.20833333333333,44.0,77.0,0,195
2026-06-15T03:05:07+0900,GBIKE,2805,2805,66.10017825311942,33.0,67.0,0,201
2026-06-15T03:10:10+0900,ALPACA,1368,1368,75.20833333333333,44.0,77.0,0,195
2026-06-15T03:10:10+0900,GBIKE,2805,2805,66.09019607843138,33.0,67.0,0,201
2026-06-15T03:15:09+0900,ALPACA,1368,1368,75.20833333333333,44.0,77.0,0,195
2026-06-15T03:15:09+0900,GBIKE,2805,2805,66.06987522281639,33.0,67.0,0,201
2026-06-15T03:20:11+0900,ALPACA,1368,1368,75.20833333333333,44.0,77.0,0,195
2026-06-15T03:20:11+0900,GBIKE,2805,2805,66.06274509803922,33.0,67.0,0,201
2026-06-15T03:25:07+0900,ALPACA,1368,1368,75.20833333333333,44.0,77.0,0,195
2026-06-15T03:25:07+0900,GBIKE,2805,2805,66.05418894830659,33.0,67.0,0,201
2026-06-15T03:30:14+0900,ALPACA,1368,1368,75.20833333333333,44.0,77.0,0,195
2026-06-15T03:30:14+0900,GBIKE,2807,2807,66.42073387958675,34.0,67.0,0,201
2026-06-15T03:35:06+0900,ALPACA,1368,1368,75.20833333333333,44.0,77.0,0,195
2026-06-15T03:35:06+0900,GBIKE,2807,2807,66.41147132169576,34.0,67.0,0,201
2026-06-15T03:40:12+0900,ALPACA,1368,1368,75.20833333333333,44.0,77.0,0,195
2026-06-15T03:40:12+0900,GBIKE,2807,2807,66.39579622372639,34.0,67.0,0,201
2026-06-15T03:45:05+0900,ALPACA,1368,1368,75.20833333333333,44.0,77.0,0,195
2026-06-15T03:45:05+0900,GBIKE,2807,2807,66.37727110794442,34.0,67.0,0,201
2026-06-15T03:50:11+0900,ALPACA,1368,1368,75.20833333333333,44.0,77.0,0,195
2026-06-15T03:50:11+0900,GBIKE,2807,2807,66.3669397933737,34.0,67.0,0,202
2026-06-15T03:55:07+0900,ALPACA,1368,1368,75.20833333333333,44.0,77.0,0,195
2026-06-15T03:55:07+0900,GBIKE,2807,2807,66.3459209120057,34.0,67.0,0,202
2026-06-15T04:00:14+0900,ALPACA,1368,1368,75.20833333333333,44.0,77.0,0,195
2026-06-15T04:00:14+0900,GBIKE,2807,2807,66.33416458852868,34.0,67.0,0,201
2026-06-15T04:05:08+0900,ALPACA,1368,1368,75.20833333333333,44.0,77.0,0,195
2026-06-15T04:05:08+0900,GBIKE,2807,2807,66.32597078731742,34.0,67.0,0,201
2026-06-15T04:10:11+0900,ALPACA,1368,1368,75.20833333333333,44.0,77.0,0,195
2026-06-15T04:10:11+0900,GBIKE,2807,2807,66.42928393302458,34.0,67.0,0,201
2026-06-15T04:15:12+0900,ALPACA,1368,1368,75.20833333333333,44.0,77.0,0,195
2026-06-15T04:15:12+0900,GBIKE,2807,2807,66.41467759173494,34.0,67.0,0,201
2026-06-15T04:20:08+0900,ALPACA,1368,1368,75.20833333333333,44.0,77.0,0,195
2026-06-15T04:20:08+0900,GBIKE,2807,2807,66.39971499821874,34.0,67.0,0,201
2026-06-15T04:25:04+0900,ALPACA,1368,1368,75.20833333333333,44.0,77.0,0,195
2026-06-15T04:25:04+0900,GBIKE,2807,2807,66.5090844317777,34.0,67.0,0,201
2026-06-15T04:30:04+0900,ALPACA,1368,1368,75.20833333333333,44.0,77.0,0,195
2026-06-15T04:30:04+0900,GBIKE,2807,2807,66.49412183826149,34.0,67.0,0,202
2026-06-15T04:35:12+0900,ALPACA,1368,1368,75.20833333333333,44.0,77.0,0,195
2026-06-15T04:35:12+0900,GBIKE,2807,2807,66.48236551478446,34.0,67.0,0,202
2026-06-15T04:40:08+0900,ALPACA,1368,1368,75.20833333333333,44.0,77.0,0,195
2026-06-15T04:40:08+0900,GBIKE,2807,2807,66.47488421802636,34.0,67.0,0,202
2026-06-15T04:45:08+0900,ALPACA,1368,1368,75.20833333333333,44.0,77.0,0,195
2026-06-15T04:45:08+0900,GBIKE,2807,2807,66.46954043462772,34.0,67.0,0,202
2026-06-15T04:50:12+0900,ALPACA,1368,1368,75.20833333333333,44.0,77.0,0,195
2026-06-15T04:50:12+0900,GBIKE,2807,2807,66.45992162451016,34.0,67.0,0,202
2026-06-15T04:55:05+0900,ALPACA,1368,1368,75.20833333333333,44.0,77.0,0,195
2026-06-15T04:55:05+0900,GBIKE,2807,2807,66.45422158888493,34.0,67.0,0,202
2026-06-15T05:00:21+0900,ALPACA,1368,1368,75.20833333333333,44.0,77.0,0,195
2026-06-15T05:00:21+0900,GBIKE,2807,2807,66.42109013181333,34.0,67.0,0,202
2026-06-15T05:05:09+0900,ALPACA,1368,1368,75.20833333333333,44.0,77.0,0,195
2026-06-15T05:05:09+0900,GBIKE,2807,2807,66.41467759173494,34.0,67.0,0,202
2026-06-15T05:10:12+0900,ALPACA,1368,1368,75.20833333333333,44.0,77.0,0,195
2026-06-15T05:10:12+0900,GBIKE,2807,2807,66.39579622372639,34.0,67.0,0,202
2026-06-15T05:15:10+0900,ALPACA,1368,1368,75.20833333333333,44.0,77.0,0,195
2026-06-15T05:15:10+0900,GBIKE,2807,2807,66.38938368364802,34.0,67.0,0,202
2026-06-15T05:20:10+0900,ALPACA,1368,1368,75.20833333333333,44.0,77.0,0,195
2026-06-15T05:20:10+0900,GBIKE,2807,2807,66.40434627716424,34.0,67.0,0,202
2026-06-15T05:25:06+0900,ALPACA,1368,1368,75.20833333333333,44.0,77.0,0,195
2026-06-15T05:25:06+0900,GBIKE,2807,2807,66.39615247595297,34.0,67.0,0,202
2026-06-15T05:30:07+0900,ALPACA,1368,1368,75.20833333333333,44.0,77.0,0,195
2026-06-15T05:30:07+0900,GBIKE,2807,2807,66.38118988243677,34.0,67.0,0,201
2026-06-15T05:35:09+0900,ALPACA,1368,1368,75.20833333333333,44.0,77.0,0,195
2026-06-15T05:35:09+0900,GBIKE,2807,2807,66.37513359458497,34.0,67.0,0,201
2026-06-15T05:40:09+0900,ALPACA,1368,1368,75.20833333333333,44.0,77.0,0,195
2026-06-15T05:40:09+0900,GBIKE,2807,2807,66.3640897755611,34.0,67.0,0,201
2026-06-15T05:45:09+0900,ALPACA,1368,1368,75.20833333333333,44.0,77.0,0,195
2026-06-15T05:45:09+0900,GBIKE,2807,2807,66.35340220876381,34.0,67.0,0,201
2026-06-15T05:50:07+0900,ALPACA,1368,1368,75.20833333333333,44.0,77.0,0,195
2026-06-15T05:50:07+0900,GBIKE,2807,2807,66.34485215532597,34.0,67.0,0,202
2026-06-15T05:55:05+0900,ALPACA,1368,1368,75.20833333333333,44.0,77.0,0,195
2026-06-15T05:55:05+0900,GBIKE,2807,2807,66.32703954399715,34.0,67.0,0,202
2026-06-15T06:00:17+0900,ALPACA,1368,1368,75.20833333333333,44.0,77.0,0,195
2026-06-15T06:00:17+0900,GBIKE,2807,2807,66.3142144638404,34.0,67.0,0,202
2026-06-15T06:05:07+0900,ALPACA,1368,1368,75.20833333333333,44.0,77.0,0,195
2026-06-15T06:05:07+0900,GBIKE,2807,2807,66.30530815817599,34.0,67.0,0,202
2026-06-15T06:10:14+0900,ALPACA,1368,1368,75.20833333333333,44.0,77.0,0,195
2026-06-15T06:10:14+0900,GBIKE,2807,2807,66.28607053794086,34.0,67.0,0,202
2026-06-15T06:15:10+0900,ALPACA,1368,1368,75.20833333333333,44.0,77.0,0,195
2026-06-15T06:15:10+0900,GBIKE,2807,2807,66.26255789098681,34.0,67.0,0,202
2026-06-15T06:20:12+0900,ALPACA,1368,1368,75.20833333333333,44.0,77.0,0,195
2026-06-15T06:20:12+0900,GBIKE,2807,2807,66.24118275739224,34.0,67.0,0,202
2026-06-15T06:25:03+0900,ALPACA,1368,1368,75.20833333333333,44.0,77.0,0,195
2026-06-15T06:25:03+0900,GBIKE,2807,2807,66.22622016387602,34.0,67.0,0,202
2026-06-15T06:30:18+0900,ALPACA,1368,1368,75.20833333333333,44.0,77.0,0,195
2026-06-15T06:30:18+0900,GBIKE,2807,2807,66.22087638047738,34.0,67.0,0,202
2026-06-15T06:35:04+0900,ALPACA,1368,1368,75.20833333333333,44.0,77.0,0,195
2026-06-15T06:35:04+0900,GBIKE,2807,2807,66.22693266832918,34.0,67.0,0,202
2026-06-15T06:40:12+0900,ALPACA,1368,1368,75.20833333333333,44.0,77.0,0,195
2026-06-15T06:40:12+0900,GBIKE,2807,2807,66.27360171001068,34.0,67.0,0,202
2026-06-15T06:45:06+0900,ALPACA,1368,1368,75.20833333333333,44.0,77.0,0,195
2026-06-15T06:45:06+0900,GBIKE,2807,2807,66.32882080513004,34.0,67.0,0,204
2026-06-15T06:50:10+0900,ALPACA,1368,1368,75.20833333333333,44.0,77.0,0,195
2026-06-15T06:50:10+0900,GBIKE,2807,2807,66.34057712860705,34.0,67.0,0,204
2026-06-15T06:55:04+0900,ALPACA,1368,1368,75.20833333333333,44.0,77.0,0,195
2026-06-15T06:55:04+0900,GBIKE,2807,2807,66.33487709298183,34.0,67.0,0,204
2026-06-15T07:00:18+0900,ALPACA,1368,1368,75.20833333333333,44.0,77.0,0,195
2026-06-15T07:00:18+0900,GBIKE,2807,2807,66.33523334520841,34.0,67.0,0,203
2026-06-15T07:05:10+0900,ALPACA,1368,1368,75.20833333333333,44.0,77.0,0,195
2026-06-15T07:05:10+0900,GBIKE,2807,2807,66.33879586747418,34.0,67.0,0,203
2026-06-15T07:10:13+0900,ALPACA,1368,1368,75.20833333333333,44.0,77.0,0,195
2026-06-15T07:10:13+0900,GBIKE,2807,2807,66.34663341645886,34.0,67.0,0,203
2026-06-15T07:15:15+0900,ALPACA,1368,1368,75.20833333333333,44.0,77.0,0,195
2026-06-15T07:15:15+0900,GBIKE,2807,2807,66.40577128607053,34.0,67.0,0,202
2026-06-15T07:20:05+0900,ALPACA,1368,1368,75.20833333333333,44.0,77.0,0,195
2026-06-15T07:20:05+0900,GBIKE,2807,2807,66.43106519415747,34.0,67.0,0,202
2026-06-15T07:25:04+0900,ALPACA,1368,1368,75.20833333333333,44.0,77.0,0,195
2026-06-15T07:25:04+0900,GBIKE,2807,2807,66.40826505165657,34.0,67.0,0,202
2026-06-15T07:30:06+0900,ALPACA,1368,1368,75.20833333333333,44.0,77.0,0,195
2026-06-15T07:30:06+0900,GBIKE,2807,2807,66.37798361239757,34.0,67.0,0,202
2026-06-15T07:35:10+0900,ALPACA,1368,1368,75.20833333333333,44.0,77.0,0,195
2026-06-15T07:35:10+0900,GBIKE,2807,2807,66.3640897755611,34.0,67.0,0,202
2026-06-15T07:40:04+0900,ALPACA,1368,1368,75.20833333333333,44.0,77.0,0,195
2026-06-15T07:40:04+0900,GBIKE,2807,2807,66.3851086569291,34.0,67.0,0,202
2026-06-15T07:45:05+0900,ALPACA,1368,1368,75.20833333333333,44.0,77.0,0,195
2026-06-15T07:45:05+0900,GBIKE,2807,2807,66.42892768079801,34.0,67.0,0,202
2026-06-15T07:50:03+0900,ALPACA,1368,1368,75.20833333333333,44.0,77.0,0,195
2026-06-15T07:50:03+0900,GBIKE,2807,2807,66.44460277876736,34.0,67.0,0,202
2026-06-15T07:55:05+0900,ALPACA,1368,1368,75.20833333333333,44.0,77.0,0,195
2026-06-15T07:55:05+0900,GBIKE,2807,2807,66.46241539009618,34.0,67.0,0,202
2026-06-15T08:00:19+0900,ALPACA,1368,1368,75.20833333333333,44.0,77.0,0,195
2026-06-15T08:00:19+0900,GBIKE,2807,2807,66.43391521197007,34.0,67.0,0,202
2026-06-15T08:05:06+0900,ALPACA,1368,1368,75.20833333333333,44.0,77.0,0,195
2026-06-15T08:05:06+0900,GBIKE,2807,2807,66.4773779836124,34.0,67.0,0,202
2026-06-15T08:10:04+0900,ALPACA,1368,1368,75.20833333333333,44.0,77.0,0,195
2026-06-15T08:15:05+0900,ALPACA,1368,1368,75.20833333333333,44.0,77.0,0,195
2026-06-15T08:15:05+0900,GBIKE,2807,2807,66.4168151050944,34.0,67.0,0,202
2026-06-15T08:20:17+0900,ALPACA,1368,1368,75.20833333333333,44.0,77.0,0,195
2026-06-15T08:20:17+0900,GBIKE,2807,2807,66.37335233345209,34.0,67.0,0,202
2026-06-15T08:25:10+0900,ALPACA,1368,1368,75.20833333333333,44.0,77.0,0,195
2026-06-15T08:25:10+0900,GBIKE,2807,2807,66.29426433915212,34.0,67.0,0,203
2026-06-15T08:30:18+0900,ALPACA,1368,1368,75.20833333333333,44.0,77.0,0,195
2026-06-15T08:30:18+0900,GBIKE,2807,2807,66.21517634485215,34.0,67.0,0,203
2026-06-15T08:35:04+0900,ALPACA,1368,1368,75.20833333333333,44.0,77.0,0,195
2026-06-15T08:35:04+0900,GBIKE,2807,2807,66.1585322408265,34.0,67.0,0,203
2026-06-15T08:40:13+0900,ALPACA,1368,1368,75.20833333333333,44.0,77.0,0,195
2026-06-15T08:40:13+0900,GBIKE,2807,2807,66.12433202707517,34.0,67.0,0,203
2026-06-15T08:45:07+0900,ALPACA,1368,1368,75.20833333333333,44.0,77.0,0,195
2026-06-15T08:45:07+0900,GBIKE,2807,2807,66.09939437121481,34.0,67.0,0,203
2026-06-15T08:50:10+0900,ALPACA,1368,1368,75.20833333333333,44.0,77.0,0,195
2026-06-15T08:50:10+0900,GBIKE,2807,2807,66.05628785179907,34.0,67.0,0,203
2026-06-15T08:55:10+0900,ALPACA,1368,1368,75.20833333333333,44.0,77.0,0,195
2026-06-15T08:55:10+0900,GBIKE,2807,2807,65.98717491984326,34.0,67.0,0,203
2026-06-15T09:00:35+0900,ALPACA,1368,1368,75.20833333333333,44.0,77.0,0,195
2026-06-15T09:00:35+0900,GBIKE,2806,2806,65.91589451176051,33.0,67.0,0,203
2026-06-15T09:05:17+0900,ALPACA,1368,1368,75.20833333333333,44.0,77.0,0,195
2026-06-15T09:05:17+0900,GBIKE,2807,2807,65.88635553972212,33.0,67.0,0,203
2026-06-15T09:10:12+0900,ALPACA,1368,1368,75.20833333333333,44.0,77.0,0,195
2026-06-15T09:10:12+0900,GBIKE,2807,2807,65.86426790167438,33.0,67.0,0,203
2026-06-15T09:15:05+0900,ALPACA,1368,1368,75.20833333333333,44.0,77.0,0,195
2026-06-15T09:15:05+0900,GBIKE,2807,2807,65.85144282151764,33.0,67.0,0,203
2026-06-15T09:20:14+0900,ALPACA,1368,1368,75.20833333333333,44.0,77.0,0,195
2026-06-15T09:20:14+0900,GBIKE,2807,2807,65.8322052012825,33.0,67.0,0,203
2026-06-15T09:25:06+0900,ALPACA,1368,1368,75.20833333333333,44.0,77.0,0,195
2026-06-15T09:25:06+0900,GBIKE,2807,2807,65.81189882436765,33.0,67.0,0,203
2026-06-15T09:30:16+0900,ALPACA,1368,1368,75.20833333333333,44.0,77.0,0,195
2026-06-15T09:30:16+0900,GBIKE,2807,2807,65.78375489846812,33.0,67.0,0,203
2026-06-15T09:35:11+0900,ALPACA,1368,1368,75.20833333333333,44.0,77.0,0,195
2026-06-15T09:35:11+0900,GBIKE,2807,2807,65.77199857499109,33.0,67.0,0,203
2026-06-15T09:40:04+0900,ALPACA,1368,1368,75.20833333333333,44.0,77.0,0,195
2026-06-15T09:40:04+0900,GBIKE,2807,2807,65.75347345920912,33.0,67.0,0,203
2026-06-15T09:45:08+0900,ALPACA,1368,1368,75.20833333333333,44.0,77.0,0,195
2026-06-15T09:45:08+0900,GBIKE,2807,2807,65.73423583897399,33.0,67.0,0,203
2026-06-15T09:50:16+0900,ALPACA,1368,1368,75.20833333333333,44.0,77.0,0,195
2026-06-15T09:50:16+0900,GBIKE,2807,2807,65.73174207338796,33.0,67.0,0,203
2026-06-15T09:55:10+0900,ALPACA,1368,1368,75.20833333333333,44.0,77.0,0,195
2026-06-15T09:55:10+0900,GBIKE,2807,2807,65.76380477377984,33.0,67.0,0,203
2026-06-15T10:00:11+0900,ALPACA,1368,1368,75.20833333333333,44.0,77.0,0,195
2026-06-15T10:00:11+0900,GBIKE,2807,2807,65.81653010331314,33.0,67.0,0,202
2026-06-15T10:05:05+0900,ALPACA,1368,1368,75.20833333333333,44.0,77.0,0,195
2026-06-15T10:05:05+0900,GBIKE,2807,2807,65.81154257214108,33.0,67.0,0,203
2026-06-15T10:10:16+0900,ALPACA,1368,1368,75.20833333333333,44.0,77.0,0,195
2026-06-15T10:10:16+0900,GBIKE,2807,2807,65.83006768792305,33.0,67.0,0,203
2026-06-15T10:15:23+0900,ALPACA,1368,1368,75.20833333333333,44.0,77.0,0,195
2026-06-15T10:15:23+0900,GBIKE,2807,2807,65.83327395796223,33.0,67.0,0,203
2026-06-15T10:20:04+0900,ALPACA,1368,1368,75.20833333333333,44.0,77.0,0,195
2026-06-15T10:20:04+0900,GBIKE,2807,2807,65.88314926968293,33.0,67.0,0,202
2026-06-15T10:25:05+0900,ALPACA,1368,1368,75.20833333333333,44.0,77.0,0,195
2026-06-15T10:25:05+0900,GBIKE,2807,2807,65.93872461702885,33.0,67.0,0,202
2026-06-15T10:30:21+0900,ALPACA,1368,1368,75.20833333333333,44.0,77.0,0,195
2026-06-15T10:30:21+0900,GBIKE,2807,2807,65.9953687210545,34.0,67.0,0,202
2026-06-15T10:35:13+0900,ALPACA,1368,1368,75.20833333333333,44.0,77.0,0,195
2026-06-15T10:35:13+0900,GBIKE,2807,2807,65.98076237976487,33.60000000000002,67.0,0,202
2026-06-15T10:40:24+0900,ALPACA,1368,1368,75.20833333333333,44.0,77.0,0,195
2026-06-15T10:40:24+0900,GBIKE,2807,2807,65.96294976843605,33.0,67.0,0,202
2026-06-15T10:45:12+0900,ALPACA,1368,1368,75.20833333333333,44.0,77.0,0,195
2026-06-15T10:45:12+0900,GBIKE,2807,2807,66.00997506234414,33.0,67.0,0,202
2026-06-15T10:50:16+0900,ALPACA,1368,1368,75.20833333333333,44.0,77.0,0,195
2026-06-15T10:50:16+0900,GBIKE,2809,2809,66.21537913848344,34.0,67.0,0,201
2026-06-15T10:55:06+0900,ALPACA,1368,1368,75.20833333333333,44.0,77.0,0,195
2026-06-15T10:55:06+0900,GBIKE,2809,2809,66.250266998932,34.0,67.0,0,201
2026-06-15T11:00:19+0900,ALPACA,1368,1368,75.20833333333333,44.0,77.0,0,195
2026-06-15T11:00:19+0900,GBIKE,2809,2809,66.22997508009968,34.0,67.0,0,200
2026-06-15T11:05:08+0900,ALPACA,1368,1368,75.20833333333333,44.0,77.0,0,195
2026-06-15T11:05:08+0900,GBIKE,2809,2809,66.2061231755073,34.0,67.0,0,200
2026-06-15T11:10:14+0900,ALPACA,1368,1368,75.20833333333333,44.0,77.0,0,195
2026-06-15T11:10:14+0900,GBIKE,2809,2809,66.19295122819508,34.0,67.0,0,200
2026-06-15T11:15:11+0900,ALPACA,1368,1368,75.20833333333333,44.0,77.0,0,195
2026-06-15T11:15:11+0900,GBIKE,2809,2809,66.16981132075472,34.0,67.0,0,201
2026-06-15T11:20:10+0900,ALPACA,1368,1368,75.20833333333333,44.0,77.0,0,195
2026-06-15T11:20:10+0900,GBIKE,2809,2809,66.15379138483446,34.0,67.0,0,201
2026-06-15T11:25:12+0900,ALPACA,1368,1368,75.20833333333333,44.0,77.0,0,195
2026-06-15T11:25:12+0900,GBIKE,2809,2809,66.14026343894625,34.0,67.0,0,201
2026-06-15T11:30:18+0900,ALPACA,1368,1368,75.20833333333333,44.0,77.0,0,195
2026-06-15T11:30:18+0900,GBIKE,2809,2809,66.14453542185831,34.0,67.0,0,201
2026-06-15T11:35:09+0900,ALPACA,1368,1368,75.20833333333333,44.0,77.0,0,195
2026-06-15T11:35:09+0900,GBIKE,2809,2809,66.11427554289783,34.0,67.0,0,201
2026-06-15T11:40:13+0900,ALPACA,1368,1368,75.20833333333333,44.0,77.0,0,195
2026-06-15T11:40:13+0900,GBIKE,2809,2809,66.09006763972944,33.80000000000001,67.0,0,201
2026-06-15T11:45:12+0900,ALPACA,1368,1368,75.20833333333333,44.0,77.0,0,195
2026-06-15T11:45:12+0900,GBIKE,2809,2809,66.10145959416162,34.0,67.0,0,201
2026-06-15T11:50:05+0900,ALPACA,1368,1368,75.20833333333333,44.0,77.0,0,195
2026-06-15T11:50:05+0900,GBIKE,2809,2809,66.0875756496974,33.0,67.0,0,201
2026-06-15T11:55:10+0900,ALPACA,1368,1368,75.20833333333333,44.0,77.0,0,195
2026-06-15T11:55:10+0900,GBIKE,2809,2809,66.10466358134568,33.0,67.0,0,203
2026-06-15T12:00:20+0900,ALPACA,1368,1368,75.20833333333333,44.0,77.0,0,195
2026-06-15T12:00:20+0900,GBIKE,2809,2809,66.10786756852973,33.0,67.0,0,203
2026-06-15T12:05:07+0900,ALPACA,1368,1368,75.20833333333333,44.0,77.0,0,195
2026-06-15T12:05:07+0900,GBIKE,2809,2809,66.07404770380919,33.0,67.0,0,202
2026-06-15T12:10:07+0900,ALPACA,1368,1368,75.20833333333333,44.0,77.0,0,195
2026-06-15T12:10:07+0900,GBIKE,2809,2809,66.062299750801,33.0,67.0,0,202
2026-06-15T12:15:13+0900,ALPACA,1368,1368,75.20833333333333,44.0,77.0,0,195
2026-06-15T12:15:13+0900,GBIKE,2809,2809,66.04734781060876,33.0,67.0,0,202
2026-06-15T12:20:10+0900,ALPACA,1368,1368,75.20833333333333,44.0,77.0,0,195
2026-06-15T12:20:10+0900,GBIKE,2810,2810,66.03807829181494,33.0,67.0,0,203
2026-06-15T12:25:08+0900,ALPACA,1368,1368,75.20833333333333,44.0,77.0,0,195
2026-06-15T12:25:08+0900,GBIKE,2810,2810,66.01138790035587,33.0,67.0,0,203
2026-06-15T12:30:17+0900,ALPACA,1368,1368,75.20833333333333,44.0,77.0,0,195
2026-06-15T12:30:17+0900,GBIKE,2810,2810,65.99430604982206,33.0,67.0,0,202
2026-06-15T12:35:10+0900,ALPACA,1368,1368,75.20833333333333,44.0,77.0,0,195
2026-06-15T12:35:10+0900,GBIKE,2810,2810,65.97829181494662,33.0,67.0,0,202
2026-06-15T12:40:05+0900,ALPACA,1368,1368,75.20833333333333,44.0,77.0,0,195
2026-06-15T12:40:05+0900,GBIKE,2810,2810,65.96014234875445,33.0,67.0,0,202
2026-06-15T12:45:12+0900,ALPACA,1368,1368,75.20833333333333,44.0,77.0,0,195
2026-06-15T12:45:12+0900,GBIKE,2810,2810,65.94448398576512,33.0,67.0,0,202
2026-06-15T12:50:13+0900,ALPACA,1368,1368,75.20833333333333,44.0,77.0,0,195
2026-06-15T12:50:13+0900,GBIKE,2810,2810,65.92918149466192,33.0,67.0,0,202
2026-06-15T12:55:07+0900,ALPACA,1368,1368,75.20833333333333,44.0,77.0,0,195
2026-06-15T12:55:07+0900,GBIKE,2810,2810,65.9067615658363,33.0,67.0,0,203
2026-06-15T13:00:10+0900,ALPACA,1368,1368,75.20833333333333,44.0,77.0,0,195
2026-06-15T13:00:10+0900,GBIKE,2810,2810,65.89074733096085,33.0,67.0,0,202
2026-06-15T13:05:06+0900,ALPACA,1368,1368,75.20833333333333,44.0,77.0,0,195
2026-06-15T13:05:06+0900,GBIKE,2810,2810,65.8644128113879,33.0,67.0,0,202
2026-06-15T13:10:08+0900,ALPACA,1368,1368,75.20833333333333,44.0,77.0,0,195
2026-06-15T13:10:08+0900,GBIKE,2810,2810,65.8491103202847,33.0,67.0,0,203
2026-06-15T13:15:09+0900,ALPACA,1368,1368,75.20833333333333,44.0,77.0,0,195
2026-06-15T13:15:09+0900,GBIKE,2810,2810,65.83772241992882,33.0,67.0,0,203
2026-06-15T13:20:12+0900,ALPACA,1368,1368,75.20833333333333,44.0,77.0,0,195
2026-06-15T13:20:12+0900,GBIKE,2810,2810,65.81103202846975,33.0,67.0,0,202
2026-06-15T13:25:11+0900,ALPACA,1368,1368,75.20833333333333,44.0,77.0,0,195
2026-06-15T13:25:11+0900,GBIKE,2810,2810,65.78896797153025,33.0,67.0,0,202
2026-06-15T13:30:21+0900,ALPACA,1368,1368,75.20833333333333,44.0,77.0,0,195
2026-06-15T13:30:21+0900,GBIKE,2810,2810,65.7626334519573,33.0,67.0,0,201
2026-06-15T13:35:09+0900,ALPACA,1368,1368,75.20833333333333,44.0,77.0,0,195
2026-06-15T13:35:09+0900,GBIKE,2810,2810,65.75160142348754,33.0,66.5,0,201
2026-06-15T13:40:06+0900,ALPACA,1368,1368,75.20833333333333,44.0,77.0,0,195
2026-06-15T13:40:06+0900,GBIKE,2810,2810,65.74341637010676,33.0,66.0,0,201
2026-06-15T13:45:18+0900,ALPACA,1368,1368,75.20833333333333,44.0,77.0,0,195
2026-06-15T13:45:18+0900,GBIKE,2810,2810,65.71423487544484,33.0,66.0,0,201
2026-06-15T13:50:03+0900,ALPACA,1368,1368,75.20833333333333,44.0,77.0,0,195
2026-06-15T13:50:03+0900,GBIKE,2811,2811,65.70722162931341,33.0,66.0,0,201
2026-06-15T13:55:12+0900,ALPACA,1368,1368,75.20833333333333,44.0,77.0,0,195
2026-06-15T13:55:12+0900,GBIKE,2811,2811,65.68267520455353,33.0,66.0,0,201
2026-06-15T14:00:20+0900,ALPACA,1368,1368,75.20833333333333,44.0,77.0,0,195
2026-06-15T14:00:20+0900,GBIKE,2811,2811,65.65599430807542,33.0,66.0,0,201
2026-06-15T14:05:10+0900,ALPACA,1368,1368,75.20833333333333,44.0,77.0,0,195
2026-06-15T14:05:10+0900,GBIKE,2811,2811,65.6463891853433,33.0,66.0,0,202
2026-06-15T14:10:32+0900,ALPACA,1368,1368,75.20833333333333,44.0,77.0,0,195
2026-06-15T14:10:32+0900,GBIKE,2811,2811,65.6321593738883,33.0,66.0,0,201
2026-06-15T14:15:22+0900,ALPACA,1368,1368,75.20833333333333,44.0,77.0,0,195
2026-06-15T14:15:22+0900,GBIKE,2811,2811,65.6165065812878,33.0,66.0,0,201
2026-06-15T14:20:07+0900,ALPACA,1368,1368,75.20833333333333,44.0,77.0,0,195
2026-06-15T14:20:07+0900,GBIKE,2811,2811,65.60334400569192,33.0,66.0,0,201
2026-06-15T14:25:06+0900,ALPACA,1368,1368,75.20833333333333,44.0,77.0,0,195
2026-06-15T14:25:06+0900,GBIKE,2811,2811,65.57701885450018,33.0,66.0,0,201
2026-06-15T14:30:12+0900,ALPACA,1368,1368,75.20833333333333,44.0,77.0,0,195
2026-06-15T14:30:12+0900,GBIKE,2811,2811,65.55567413731768,33.0,66.0,0,201
2026-06-15T14:35:09+0900,ALPACA,1368,1368,75.20833333333333,44.0,77.0,0,195
2026-06-15T14:35:09+0900,GBIKE,2811,2811,65.54678050515831,33.0,66.0,0,202
2026-06-15T14:40:11+0900,ALPACA,1368,1368,75.20833333333333,44.0,77.0,0,195
2026-06-15T14:40:11+0900,GBIKE,2811,2811,65.52792600498043,33.0,66.0,0,202
2026-06-15T14:45:08+0900,ALPACA,1368,1368,75.20833333333333,44.0,77.0,0,195
2026-06-15T14:45:08+0900,GBIKE,2811,2811,65.50551405193882,33.0,66.0,0,202
2026-06-15T14:50:25+0900,ALPACA,1368,1368,75.20833333333333,44.0,77.0,0,195
2026-06-15T14:50:25+0900,GBIKE,2811,2811,65.48559231590181,33.0,66.0,0,202
2026-06-15T14:55:09+0900,ALPACA,1368,1368,75.20833333333333,44.0,77.0,0,195
2026-06-15T14:55:09+0900,GBIKE,2811,2811,65.46816079686944,33.0,66.0,0,202
2026-06-15T15:00:28+0900,ALPACA,1368,1368,75.20833333333333,44.0,77.0,0,195
2026-06-15T15:00:28+0900,GBIKE,2811,2811,65.44966204197794,33.0,66.0,0,202
2026-06-15T15:05:14+0900,ALPACA,1368,1368,75.20833333333333,44.0,77.0,0,195
2026-06-15T15:05:14+0900,GBIKE,2811,2811,65.43223052294557,33.0,66.0,0,201
2026-06-15T15:10:14+0900,ALPACA,1368,1368,75.20833333333333,44.0,77.0,0,195
2026-06-15T15:10:14+0900,GBIKE,2811,2811,65.4204909284952,33.0,66.0,0,201
2026-06-15T15:15:20+0900,ALPACA,1368,1368,75.20833333333333,44.0,77.0,0,195
2026-06-15T15:15:20+0900,GBIKE,2811,2811,65.40661686232657,33.0,66.0,0,201
2026-06-15T15:20:08+0900,ALPACA,1368,1368,75.20833333333333,44.0,77.0,0,195
2026-06-15T15:20:08+0900,GBIKE,2811,2811,65.38740661686232,33.0,66.0,0,201
2026-06-15T15:25:04+0900,ALPACA,1368,1368,75.20833333333333,44.0,77.0,0,195
2026-06-15T15:25:04+0900,GBIKE,2811,2811,65.3536108146567,33.0,66.0,0,201
2026-06-15T15:30:04+0900,ALPACA,1368,1368,75.20833333333333,44.0,77.0,0,195
2026-06-15T15:30:04+0900,GBIKE,2811,2811,65.31910352187833,33.0,66.0,0,202
2026-06-15T15:35:09+0900,ALPACA,1368,1368,75.20833333333333,44.0,77.0,0,195
2026-06-15T15:35:09+0900,GBIKE,2811,2811,65.29953753112771,33.0,66.0,0,202
2026-06-15T15:40:04+0900,ALPACA,1368,1368,75.20833333333333,44.0,77.0,0,195
2026-06-15T15:40:04+0900,GBIKE,2811,2811,65.27356812522234,33.0,66.0,0,200
2026-06-15T15:45:14+0900,ALPACA,1368,1368,75.20833333333333,44.0,77.0,0,195
2026-06-15T15:45:14+0900,GBIKE,2811,2811,65.25364638918535,33.0,66.0,0,200
2026-06-15T15:50:08+0900,ALPACA,1368,1368,75.20833333333333,44.0,77.0,0,195
2026-06-15T15:50:08+0900,GBIKE,2811,2811,65.20988971896122,33.0,66.0,0,201
2026-06-15T15:55:03+0900,ALPACA,1368,1368,75.20833333333333,44.0,77.0,0,195
2026-06-15T15:55:03+0900,GBIKE,2811,2811,65.16221985058698,33.0,66.0,0,201
2026-06-15T16:00:22+0900,ALPACA,1368,1368,75.20833333333333,44.0,77.0,0,195
2026-06-15T16:00:22+0900,GBIKE,2811,2811,65.13198150124511,33.0,66.0,0,201
2026-06-15T16:05:07+0900,ALPACA,1368,1368,75.20833333333333,44.0,77.0,0,195
2026-06-15T16:05:07+0900,GBIKE,2811,2811,65.09854144432586,33.0,66.0,0,201
2026-06-15T16:10:06+0900,ALPACA,1368,1368,75.20833333333333,44.0,77.0,0,195
2026-06-15T16:10:06+0900,GBIKE,2811,2811,65.07079331198861,33.0,66.0,0,202
2026-06-15T16:15:07+0900,ALPACA,1368,1368,75.20833333333333,44.0,77.0,0,195
2026-06-15T16:15:07+0900,GBIKE,2811,2811,65.0526503023835,33.0,66.0,0,202
2026-06-15T16:20:06+0900,ALPACA,1368,1368,75.20833333333333,44.0,77.0,0,195
2026-06-15T16:20:06+0900,GBIKE,2811,2811,65.03237282106012,33.0,66.0,0,202
2026-06-15T16:25:05+0900,ALPACA,1368,1368,75.20833333333333,44.0,77.0,0,195
2026-06-15T16:25:05+0900,GBIKE,2811,2811,65.01316257559587,33.0,66.0,0,201
2026-06-15T16:30:16+0900,ALPACA,1368,1368,75.20833333333333,44.0,77.0,0,195
2026-06-15T16:30:16+0900,GBIKE,2811,2811,64.97829953753113,33.0,66.0,0,201
2026-06-15T16:35:07+0900,ALPACA,1368,1368,75.20833333333333,44.0,77.0,0,195
2026-06-15T16:35:07+0900,GBIKE,2811,2811,64.94841693347563,33.0,66.0,0,201
2026-06-15T16:40:07+0900,ALPACA,1368,1368,75.20833333333333,44.0,77.0,0,195
2026-06-15T16:40:07+0900,GBIKE,2811,2811,64.92564923514763,33.0,66.0,0,200
2026-06-15T16:45:15+0900,ALPACA,1368,1368,75.20833333333333,44.0,77.0,0,195
2026-06-15T16:45:15+0900,GBIKE,2811,2811,64.89647812166488,33.0,66.0,0,200
2026-06-15T16:50:07+0900,ALPACA,1368,1368,75.20833333333333,44.0,77.0,0,195
2026-06-15T16:50:07+0900,GBIKE,2811,2811,64.85770188545001,33.0,65.0,0,200
2026-06-15T16:55:04+0900,ALPACA,1368,1368,75.20833333333333,44.0,77.0,0,195
2026-06-15T16:55:04+0900,GBIKE,2811,2811,64.7911775168979,33.0,65.0,0,201
2026-06-15T17:00:18+0900,ALPACA,1368,1368,75.20833333333333,44.0,77.0,0,195
2026-06-15T17:00:18+0900,GBIKE,2811,2811,64.75240128068303,33.0,65.0,0,201
2026-06-15T17:05:08+0900,ALPACA,1368,1368,75.20833333333333,44.0,77.0,0,195
2026-06-15T17:05:08+0900,GBIKE,2811,2811,64.7214514407684,33.0,65.0,0,200
2026-06-15T17:10:11+0900,ALPACA,1368,1368,75.20833333333333,44.0,77.0,0,195
2026-06-15T17:10:11+0900,GBIKE,2811,2811,64.67911775168979,32.0,65.0,0,201
2026-06-15T17:15:16+0900,ALPACA,1368,1368,75.20833333333333,44.0,77.0,0,195
2026-06-15T17:15:16+0900,GBIKE,2811,2811,64.64461045891142,32.0,65.0,0,201
2026-06-15T17:20:10+0900,ALPACA,1368,1368,75.20833333333333,44.0,77.0,0,195
2026-06-15T17:20:10+0900,GBIKE,2811,2811,64.61117040199217,32.0,65.0,0,202
2026-06-15T17:25:06+0900,ALPACA,1368,1368,75.20833333333333,44.0,77.0,0,195
2026-06-15T17:25:06+0900,GBIKE,2811,2811,64.58271077908218,32.0,65.0,0,202
2026-06-15T17:30:16+0900,ALPACA,1368,1368,75.20833333333333,44.0,77.0,0,195
2026-06-15T17:30:16+0900,GBIKE,2811,2811,64.55496264674493,32.0,65.0,0,202
2026-06-15T17:35:08+0900,ALPACA,1368,1368,75.20833333333333,44.0,77.0,0,195
2026-06-15T17:35:08+0900,GBIKE,2811,2811,64.52187833511206,32.0,65.0,0,202
2026-06-15T17:40:09+0900,ALPACA,1368,1368,75.20833333333333,44.0,77.0,0,195
2026-06-15T17:40:09+0900,GBIKE,2811,2811,64.48665955176094,32.0,65.0,0,202
2026-06-15T17:45:12+0900,ALPACA,1368,1368,75.20833333333333,44.0,77.0,0,195
2026-06-15T17:45:12+0900,GBIKE,2811,2811,64.45784418356457,32.0,65.0,0,201
2026-06-15T17:50:15+0900,ALPACA,1368,1368,75.20833333333333,44.0,77.0,0,195
2026-06-15T17:50:15+0900,GBIKE,2811,2811,64.4233368907862,32.0,65.0,0,202
2026-06-15T17:55:12+0900,ALPACA,1368,1368,75.20833333333333,44.0,77.0,0,195
2026-06-15T17:55:12+0900,GBIKE,2811,2811,64.37139807897546,32.0,65.0,0,202
2026-06-15T18:00:15+0900,ALPACA,1368,1368,75.20833333333333,44.0,77.0,0,195
2026-06-15T18:00:15+0900,GBIKE,2811,2811,64.33866951262895,32.0,65.0,0,202
2026-06-15T18:05:08+0900,ALPACA,1368,1368,75.20833333333333,44.0,77.0,0,195
2026-06-15T18:05:08+0900,GBIKE,2811,2811,64.29064389896834,32.0,65.0,0,200
2026-06-15T18:10:12+0900,ALPACA,1368,1368,75.20833333333333,44.0,77.0,0,195
2026-06-15T18:10:12+0900,GBIKE,2811,2811,64.25008893632159,32.0,65.0,0,198
2026-06-15T18:15:08+0900,ALPACA,1368,1368,75.20833333333333,44.0,77.0,0,195
2026-06-15T18:15:08+0900,GBIKE,2811,2811,64.2088224831021,32.0,64.0,0,198
2026-06-15T18:20:08+0900,ALPACA,1368,1368,75.20833333333333,44.0,77.0,0,195
2026-06-15T18:20:08+0900,GBIKE,2811,2811,64.16791177516897,32.0,64.0,0,198
2026-06-15T18:25:05+0900,ALPACA,1368,1368,75.20833333333333,44.0,77.0,0,195
2026-06-15T18:25:05+0900,GBIKE,2811,2811,64.12842404838136,32.0,64.0,0,198
2026-06-15T18:30:07+0900,ALPACA,1368,1368,75.20833333333333,44.0,77.0,0,195
2026-06-15T18:30:07+0900,GBIKE,2811,2811,64.09462824617574,32.0,64.0,0,198
2026-06-15T18:35:05+0900,ALPACA,1368,1368,75.20833333333333,44.0,77.0,0,195
2026-06-15T18:35:05+0900,GBIKE,2811,2811,64.07150480256136,32.0,64.0,0,199
2026-06-15T18:40:08+0900,ALPACA,1368,1368,75.20833333333333,44.0,77.0,0,195
2026-06-15T18:40:08+0900,GBIKE,2811,2811,64.03059409462824,32.0,64.0,0,199
2026-06-15T18:45:07+0900,ALPACA,1368,1368,75.20833333333333,44.0,77.0,0,195
2026-06-15T18:45:07+0900,GBIKE,2811,2811,64.0042689434365,32.0,64.0,0,199
2026-06-15T18:50:09+0900,ALPACA,1368,1368,75.20833333333333,44.0,77.0,0,195
2026-06-15T18:50:09+0900,GBIKE,2811,2811,63.9672714336535,32.0,64.0,0,200
2026-06-15T18:55:08+0900,ALPACA,1368,1368,75.20833333333333,44.0,77.0,0,195
2026-06-15T18:55:08+0900,GBIKE,2811,2811,63.900391319815014,32.0,64.0,0,199
2026-06-15T19:00:18+0900,ALPACA,1368,1368,75.20833333333333,44.0,77.0,0,195
2026-06-15T19:00:18+0900,GBIKE,2811,2811,63.86268231945927,32.0,64.0,0,200
2026-06-15T19:05:12+0900,ALPACA,1368,1368,75.20833333333333,44.0,77.0,0,195
2026-06-15T19:05:12+0900,GBIKE,2811,2811,63.8210601209534,32.0,64.0,0,200
2026-06-15T19:10:05+0900,ALPACA,1368,1368,75.20833333333333,44.0,77.0,0,195
2026-06-15T19:10:05+0900,GBIKE,2811,2811,63.79224475275703,32.0,64.0,0,200
2026-06-15T19:15:04+0900,ALPACA,1368,1368,75.20833333333333,44.0,77.0,0,195
2026-06-15T19:15:04+0900,GBIKE,2811,2811,63.76236214870153,32.0,64.0,0,200
2026-06-15T19:20:12+0900,ALPACA,1368,1368,75.20833333333333,44.0,77.0,0,195
2026-06-15T19:20:12+0900,GBIKE,2811,2811,63.71575951618641,32.0,64.0,0,200
2026-06-15T19:25:06+0900,ALPACA,1368,1368,75.20833333333333,44.0,77.0,0,195
2026-06-15T19:25:06+0900,GBIKE,2811,2811,63.688367129135536,32.0,64.0,0,200
2026-06-15T19:30:04+0900,ALPACA,1368,1368,75.20833333333333,44.0,77.0,0,195
2026-06-15T19:30:04+0900,GBIKE,2811,2811,63.66524368552117,32.0,64.0,0,200
2026-06-15T19:35:05+0900,ALPACA,1368,1368,75.20833333333333,44.0,77.0,0,195
2026-06-15T19:35:05+0900,GBIKE,2811,2811,63.64176449662042,32.0,64.0,0,200
2026-06-15T19:40:05+0900,ALPACA,1368,1368,75.20833333333333,44.0,77.0,0,195
2026-06-15T19:40:05+0900,GBIKE,2811,2811,63.65848452508004,32.0,64.0,0,200
2026-06-15T19:45:10+0900,ALPACA,1368,1368,75.20833333333333,44.0,77.0,0,195
2026-06-15T19:45:10+0900,GBIKE,2811,2811,63.73070081821416,32.0,64.0,0,200
2026-06-15T19:50:09+0900,ALPACA,1368,1368,75.20833333333333,44.0,77.0,0,195
2026-06-15T19:50:09+0900,GBIKE,2810,2810,63.76512455516014,32.0,64.0,0,200
2026-06-15T19:55:05+0900,ALPACA,1368,1368,75.20833333333333,44.0,77.0,0,195
2026-06-15T19:55:05+0900,GBIKE,2811,2811,63.78157239416578,32.0,64.0,0,200
2026-06-15T20:00:17+0900,ALPACA,1368,1368,75.20833333333333,44.0,77.0,0,195
2026-06-15T20:00:17+0900,GBIKE,2811,2811,63.821771611526145,32.0,64.0,0,201
2026-06-15T20:05:05+0900,ALPACA,1368,1368,75.20833333333333,44.0,77.0,0,195
2026-06-15T20:05:05+0900,GBIKE,2811,2811,63.83849163998577,32.0,64.0,0,201
2026-06-15T20:10:05+0900,ALPACA,1368,1368,75.20833333333333,44.0,77.0,0,195
2026-06-15T20:10:05+0900,GBIKE,2811,2811,63.89149768765564,32.0,64.0,0,201
2026-06-15T20:15:09+0900,ALPACA,1368,1368,75.20833333333333,44.0,77.0,0,195
2026-06-15T20:15:09+0900,GBIKE,2811,2811,63.94343649946638,32.0,64.0,0,201
2026-06-15T20:20:12+0900,ALPACA,1368,1368,75.20833333333333,44.0,77.0,0,195
2026-06-15T20:20:12+0900,GBIKE,2811,2811,64.03344005691925,32.0,64.0,0,201
2026-06-15T20:25:04+0900,ALPACA,1368,1368,75.20833333333333,44.0,77.0,0,195
2026-06-15T20:25:04+0900,GBIKE,2811,2811,64.19815012451085,32.0,64.0,0,201
2026-06-15T20:30:11+0900,ALPACA,1368,1368,75.20833333333333,44.0,77.0,0,195
2026-06-15T20:30:11+0900,GBIKE,2811,2811,64.28210601209534,32.0,64.0,0,201
2026-06-15T20:35:05+0900,ALPACA,1368,1368,75.20833333333333,44.0,77.0,0,195
2026-06-15T20:35:05+0900,GBIKE,2811,2811,64.54998221273569,32.0,65.0,0,201
2026-06-15T20:40:10+0900,ALPACA,1368,1368,75.20833333333333,44.0,77.0,0,195
2026-06-15T20:40:10+0900,GBIKE,2811,2811,64.57737459978655,33.0,65.0,0,201
2026-06-15T20:45:11+0900,ALPACA,1368,1368,75.20833333333333,44.0,77.0,0,195
2026-06-15T20:45:11+0900,GBIKE,2811,2811,64.67911775168979,33.0,65.0,0,201
2026-06-15T20:50:11+0900,ALPACA,1368,1368,75.20833333333333,44.0,77.0,0,195
2026-06-15T20:50:11+0900,GBIKE,2811,2811,64.80149413020277,33.0,65.0,0,201
2026-06-15T20:55:06+0900,ALPACA,1368,1368,75.20833333333333,44.0,77.0,0,195
2026-06-15T20:55:06+0900,GBIKE,2811,2811,64.83884738527215,33.0,65.0,0,201
2026-06-15T21:00:15+0900,ALPACA,1368,1368,75.20833333333333,44.0,77.0,0,195
2026-06-15T21:00:15+0900,GBIKE,2811,2811,64.89078619708289,33.0,65.0,0,201
2026-06-15T21:05:10+0900,ALPACA,1368,1368,75.20833333333333,44.0,77.0,0,195
2026-06-15T21:05:10+0900,GBIKE,2811,2811,64.8893632159374,33.0,65.0,0,200
2026-06-15T21:10:04+0900,ALPACA,1368,1368,75.20833333333333,44.0,77.0,0,195
2026-06-15T21:10:04+0900,GBIKE,2811,2811,64.90928495197439,33.0,65.0,0,201
2026-06-15T21:15:07+0900,ALPACA,1368,1368,75.20833333333333,44.0,77.0,0,195
2026-06-15T21:15:07+0900,GBIKE,2811,2811,64.87299893276415,33.0,65.0,0,200
2026-06-15T21:20:07+0900,ALPACA,1368,1368,75.20833333333333,44.0,77.0,0,195
2026-06-15T21:20:07+0900,GBIKE,2811,2811,64.8224831020989,33.0,65.0,0,201
2026-06-15T21:25:06+0900,ALPACA,1368,1368,75.20833333333333,44.0,77.0,0,195
2026-06-15T21:25:06+0900,GBIKE,2811,2811,64.78762006403416,33.0,65.0,0,201
2026-06-15T21:30:13+0900,ALPACA,1368,1368,75.20833333333333,44.0,77.0,0,195
2026-06-15T21:30:13+0900,GBIKE,2811,2811,64.77161152614728,33.0,65.0,0,200
2026-06-15T21:35:08+0900,ALPACA,1368,1368,75.20833333333333,44.0,77.0,0,195
2026-06-15T21:35:08+0900,GBIKE,2811,2811,64.73496976165066,33.0,65.0,0,200
2026-06-15T21:40:06+0900,ALPACA,1368,1368,75.20833333333333,44.0,77.0,0,195
2026-06-15T21:40:06+0900,GBIKE,2811,2811,64.69192458199929,33.0,65.0,0,200
2026-06-15T21:45:07+0900,ALPACA,1368,1368,75.20833333333333,44.0,77.0,0,195
2026-06-15T21:45:07+0900,GBIKE,2811,2811,64.65208110992529,33.0,65.0,0,200
2026-06-15T21:50:06+0900,ALPACA,1368,1368,75.20833333333333,44.0,77.0,0,195
2026-06-15T21:50:06+0900,GBIKE,2811,2811,64.62540021344716,33.0,65.0,0,200
2026-06-15T21:55:04+0900,ALPACA,1368,1368,75.20833333333333,44.0,77.0,0,195
2026-06-15T21:55:04+0900,GBIKE,2811,2811,64.58128779793668,33.0,65.0,0,200
2026-06-15T22:00:16+0900,ALPACA,1368,1368,75.20833333333333,44.0,77.0,0,195
2026-06-15T22:00:16+0900,GBIKE,2811,2811,64.54678050515831,33.0,65.0,0,200
2026-06-15T22:05:09+0900,ALPACA,1368,1368,75.20833333333333,44.0,77.0,0,195
2026-06-15T22:05:09+0900,GBIKE,2810,2810,64.47473309608542,33.0,65.0,0,200
2026-06-15T22:10:15+0900,ALPACA,1368,1368,75.20833333333333,44.0,77.0,0,195
2026-06-15T22:10:15+0900,GBIKE,2811,2811,64.41159729633583,33.0,65.0,0,200
2026-06-15T22:15:04+0900,ALPACA,1368,1368,75.20833333333333,44.0,77.0,0,195
2026-06-15T22:15:04+0900,GBIKE,2811,2811,64.35325506937033,33.0,65.0,0,199
2026-06-15T22:20:06+0900,ALPACA,1368,1368,75.20833333333333,44.0,77.0,0,195
2026-06-15T22:20:06+0900,GBIKE,2813,2813,64.32029861357981,33.0,64.0,0,199
2026-06-15T22:25:05+0900,ALPACA,1368,1368,75.20833333333333,44.0,77.0,0,195
2026-06-15T22:25:05+0900,GBIKE,2813,2813,64.26484180590117,33.0,64.0,0,199
2026-06-15T22:30:10+0900,ALPACA,1368,1368,75.20833333333333,44.0,77.0,0,195
2026-06-15T22:30:10+0900,GBIKE,2813,2813,64.20974049057945,33.0,64.0,0,199
2026-06-15T22:35:05+0900,ALPACA,1368,1368,75.20833333333333,44.0,77.0,0,195
2026-06-15T22:35:05+0900,GBIKE,2813,2813,64.1635264841806,33.0,64.0,0,200
2026-06-15T22:40:09+0900,ALPACA,1368,1368,75.20833333333333,44.0,77.0,0,195
2026-06-15T22:40:09+0900,GBIKE,2813,2813,64.12513330963384,33.0,64.0,0,200
2026-06-15T22:45:09+0900,ALPACA,1368,1368,75.20833333333333,44.0,77.0,0,195
2026-06-15T22:45:09+0900,GBIKE,2813,2813,64.07607536437966,32.19999999999999,64.0,0,201
2026-06-15T22:50:10+0900,ALPACA,1368,1368,75.20833333333333,44.0,77.0,0,195
2026-06-15T22:50:10+0900,GBIKE,2813,2813,64.04834696054034,32.0,64.0,0,201
2026-06-15T22:55:08+0900,ALPACA,1368,1368,75.20833333333333,44.0,77.0,0,195
2026-06-15T22:55:08+0900,GBIKE,2813,2813,64.01173124777817,32.0,64.0,0,201
2026-06-15T23:00:06+0900,ALPACA,1368,1368,75.20833333333333,44.0,77.0,0,195
2026-06-15T23:00:06+0900,GBIKE,2813,2813,63.973338073231425,32.0,64.0,0,201
2026-06-15T23:05:06+0900,ALPACA,1368,1368,75.20833333333333,44.0,77.0,0,195
2026-06-15T23:05:06+0900,GBIKE,2813,2813,63.92428012797725,32.0,64.0,0,201
2026-06-15T23:10:04+0900,ALPACA,1368,1368,75.20833333333333,44.0,77.0,0,195
2026-06-15T23:10:04+0900,GBIKE,2813,2813,63.85709207252044,32.0,64.0,0,201
2026-06-15T23:15:08+0900,ALPACA,1368,1368,75.20833333333333,44.0,77.0,0,195
2026-06-15T23:15:08+0900,GBIKE,2813,2813,63.81514397440455,32.0,64.0,0,201
2026-06-15T23:20:06+0900,ALPACA,1368,1368,75.20833333333333,44.0,77.0,0,195
2026-06-15T23:20:06+0900,GBIKE,2813,2813,63.760398151439745,32.0,64.0,0,201
2026-06-15T23:25:05+0900,ALPACA,1368,1368,75.20833333333333,44.0,77.0,0,195
2026-06-15T23:25:05+0900,GBIKE,2813,2813,63.734447209384996,32.0,64.0,0,201
2026-06-15T23:30:11+0900,ALPACA,1368,1368,75.20833333333333,44.0,77.0,0,195
2026-06-15T23:30:11+0900,GBIKE,2813,2813,63.69178812655528,32.0,64.0,0,200
2026-06-15T23:35:04+0900,ALPACA,1368,1368,75.20833333333333,44.0,77.0,0,195
2026-06-15T23:35:04+0900,GBIKE,2813,2813,63.660149306789904,32.0,63.0,0,200
2026-06-15T23:40:09+0900,ALPACA,1368,1368,75.20833333333333,44.0,77.0,0,195
2026-06-15T23:40:09+0900,GBIKE,2813,2813,63.63099893352293,32.0,63.0,0,201
2026-06-15T23:45:10+0900,ALPACA,1368,1368,75.20833333333333,44.0,77.0,0,195
2026-06-15T23:45:10+0900,GBIKE,2813,2813,63.596160682545325,32.0,63.0,0,202
2026-06-15T23:50:07+0900,ALPACA,1368,1368,75.20833333333333,44.0,77.0,0,195
2026-06-15T23:50:07+0900,GBIKE,2813,2813,63.554568076786346,32.0,63.0,0,203
2026-06-15T23:55:05+0900,ALPACA,1368,1368,75.20833333333333,44.0,77.0,0,195
2026-06-15T23:55:05+0900,GBIKE,2813,2813,63.54816921436189,32.0,63.0,0,203
2026-06-16T00:00:35+0900,ALPACA,1368,1368,75.20833333333333,44.0,77.0,0,195
2026-06-16T00:00:35+0900,GBIKE,2813,2813,63.5261286882332,32.0,63.0,0,203
2026-06-16T00:10:07+0900,ALPACA,1368,1368,75.20833333333333,44.0,77.0,0,195
2026-06-16T00:10:07+0900,GBIKE,2813,2813,63.533949520085315,32.0,63.0,0,204
2026-06-16T00:15:07+0900,ALPACA,1368,1368,75.20833333333333,44.0,77.0,0,195
2026-06-16T00:15:07+0900,GBIKE,2813,2813,63.53146107358692,32.0,63.0,0,205
2026-06-16T00:20:07+0900,ALPACA,1368,1368,75.20833333333333,44.0,77.0,0,195
2026-06-16T00:20:07+0900,GBIKE,2813,2813,63.53252755065766,32.0,63.0,0,206
2026-06-16T00:30:13+0900,ALPACA,1368,1368,75.20833333333333,44.0,77.0,0,195
2026-06-16T00:30:13+0900,GBIKE,2813,2813,63.575542125844294,32.0,63.0,0,206
2026-06-16T00:35:04+0900,ALPACA,1368,1368,75.20833333333333,44.0,77.0,0,195
2026-06-16T00:35:04+0900,GBIKE,2813,2813,63.63170991823676,32.0,63.0,0,206
2026-06-16T00:40:11+0900,ALPACA,1368,1368,75.20833333333333,44.0,77.0,0,195
2026-06-16T00:40:11+0900,GBIKE,2813,2813,63.6327763953075,32.0,63.0,0,206
2026-06-16T00:45:04+0900,ALPACA,1368,1368,75.20833333333333,44.0,77.0,0,195
2026-06-16T00:45:04+0900,GBIKE,2813,2813,63.643085673658014,32.0,63.0,0,206
2026-06-16T00:50:09+0900,ALPACA,1368,1368,75.20833333333333,44.0,77.0,0,195
2026-06-16T00:50:09+0900,GBIKE,2813,2813,63.64912904372556,32.0,63.0,0,206
2026-06-16T00:55:05+0900,ALPACA,1368,1368,75.20833333333333,44.0,77.0,0,195
2026-06-16T00:55:05+0900,GBIKE,2813,2813,63.68681123355848,32.0,63.0,0,206
2026-06-16T01:05:07+0900,ALPACA,1368,1368,75.20833333333333,44.0,77.0,0,195
2026-06-16T01:05:07+0900,GBIKE,2813,2813,63.72022751510843,32.0,64.0,0,206
2026-06-16T01:10:08+0900,ALPACA,1368,1368,75.20833333333333,44.0,77.0,0,195
2026-06-16T01:10:08+0900,GBIKE,2813,2813,63.699608958407396,32.0,64.0,0,206
2026-06-16T01:15:04+0900,ALPACA,1368,1368,75.20833333333333,44.0,77.0,0,195
2026-06-16T01:15:04+0900,GBIKE,2813,2813,63.699608958407396,32.0,64.0,0,206
2026-06-16T01:20:08+0900,GBIKE,2813,2813,63.71489512975471,32.0,64.0,0,206
2026-06-16T01:25:05+0900,ALPACA,1368,1368,75.20833333333333,44.0,77.0,0,195
2026-06-16T01:25:05+0900,GBIKE,2813,2813,63.77817276928546,32.0,64.0,0,206
2026-06-16T01:35:06+0900,ALPACA,1368,1368,75.20833333333333,44.0,77.0,0,195
2026-06-16T01:35:06+0900,GBIKE,2813,2813,63.760398151439745,32.0,64.0,0,205
2026-06-16T01:40:05+0900,ALPACA,1368,1368,75.20833333333333,44.0,77.0,0,195
2026-06-16T01:40:05+0900,GBIKE,2813,2813,63.74760042659083,32.0,64.0,0,205
2026-06-16T01:45:10+0900,ALPACA,1368,1368,75.20833333333333,44.0,77.0,0,195
2026-06-16T01:45:10+0900,GBIKE,2813,2813,63.722360469249914,32.0,64.0,0,205
2026-06-16T01:50:06+0900,ALPACA,1368,1368,75.20833333333333,44.0,77.0,0,195
2026-06-16T01:50:06+0900,GBIKE,2813,2813,63.687522218272306,32.0,64.0,0,206
2026-06-16T01:55:07+0900,ALPACA,1368,1368,75.20833333333333,44.0,77.0,0,195
2026-06-16T01:55:07+0900,GBIKE,2813,2813,63.6725915392819,32.0,64.0,0,205
2026-06-16T02:00:23+0900,ALPACA,1368,1368,75.20833333333333,44.0,77.0,0,195
2026-06-16T02:00:23+0900,GBIKE,2813,2813,63.6452186277995,32.0,64.0,0,204
2026-06-16T02:05:05+0900,ALPACA,1368,1368,75.20833333333333,44.0,77.0,0,195
2026-06-16T02:05:05+0900,GBIKE,2813,2813,63.6128688233203,32.0,63.0,0,203
2026-06-16T02:15:16+0900,ALPACA,1368,1368,75.20833333333333,44.0,77.0,0,195
2026-06-16T02:15:16+0900,GBIKE,2813,2813,63.58016352648418,32.0,63.0,0,203
2026-06-16T02:20:08+0900,ALPACA,1368,1368,75.20833333333333,44.0,77.0,0,195
2026-06-16T02:20:08+0900,GBIKE,2813,2813,63.618556701030926,32.0,63.0,0,203
2026-06-16T02:25:04+0900,ALPACA,1368,1368,75.20833333333333,44.0,77.0,0,195
2026-06-16T02:25:04+0900,GBIKE,2813,2813,63.60362602204053,32.0,63.0,0,203
2026-06-16T02:35:05+0900,ALPACA,1368,1368,75.20833333333333,44.0,77.0,0,195
2026-06-16T02:35:05+0900,GBIKE,2813,2813,63.578741557056524,32.0,63.0,0,203
2026-06-16T02:40:08+0900,ALPACA,1368,1368,75.20833333333333,44.0,77.0,0,195
2026-06-16T02:40:08+0900,GBIKE,2813,2813,63.56416637042304,32.0,63.0,0,203
2026-06-16T02:45:05+0900,ALPACA,1368,1368,75.20833333333333,44.0,77.0,0,195
2026-06-16T02:45:05+0900,GBIKE,2813,2813,63.54852470671881,32.0,63.0,0,203
2026-06-16T02:50:14+0900,ALPACA,1368,1368,75.20833333333333,44.0,77.0,0,195
2026-06-16T02:50:14+0900,GBIKE,2813,2813,63.51937433345183,32.0,63.0,0,204
2026-06-16T02:55:04+0900,ALPACA,1368,1368,75.20833333333333,44.0,77.0,0,195
2026-06-16T02:55:04+0900,GBIKE,2813,2813,63.566654816921435,32.0,63.0,0,204
2026-06-16T03:00:11+0900,ALPACA,1368,1368,75.20833333333333,44.0,77.0,0,195
2026-06-16T03:00:11+0900,GBIKE,2813,2813,63.55741201564167,32.0,63.0,0,205
2026-06-16T03:05:10+0900,ALPACA,1368,1368,75.20833333333333,44.0,77.0,0,195
2026-06-16T03:05:10+0900,GBIKE,2813,2813,63.551013153217205,32.0,63.0,0,205
2026-06-16T03:10:12+0900,ALPACA,1368,1368,75.20833333333333,44.0,77.0,0,195
2026-06-16T03:10:12+0900,GBIKE,2813,2813,63.52790615001778,32.0,63.0,0,205
2026-06-16T03:15:10+0900,ALPACA,1368,1368,75.20833333333333,44.0,77.0,0,195
2026-06-16T03:15:10+0900,GBIKE,2813,2813,63.52044081052257,32.0,63.0,0,205
2026-06-16T03:20:06+0900,GBIKE,2000,2000,63.7135,32.0,64.0,0,130
2026-06-16T03:25:05+0900,ALPACA,1368,1368,75.20833333333333,44.0,77.0,0,195
2026-06-16T03:25:05+0900,GBIKE,2813,2813,63.50906505510132,32.0,63.0,0,205
2026-06-16T03:30:11+0900,ALPACA,1368,1368,75.20833333333333,44.0,77.0,0,195
2026-06-16T03:30:11+0900,GBIKE,2813,2813,63.53323853537149,32.0,63.0,0,205
2026-06-16T03:35:06+0900,ALPACA,1368,1368,75.20833333333333,44.0,77.0,0,195
2026-06-16T03:35:06+0900,GBIKE,2813,2813,63.5211517952364,32.0,63.0,0,205
2026-06-16T03:40:09+0900,ALPACA,1368,1368,75.20833333333333,44.0,77.0,0,195
2026-06-16T03:40:09+0900,GBIKE,2813,2813,63.564877355136865,32.0,63.0,0,205
2026-06-16T03:45:06+0900,ALPACA,1368,1368,75.20833333333333,44.0,77.0,0,195
2026-06-16T03:45:06+0900,GBIKE,2813,2813,63.554568076786346,32.0,63.0,0,205
2026-06-16T03:50:07+0900,ALPACA,1368,1368,75.20833333333333,44.0,77.0,0,195
2026-06-16T03:50:07+0900,GBIKE,2814,2814,63.53589196872779,32.0,63.0,0,206
2026-06-16T03:55:05+0900,ALPACA,1368,1368,75.20833333333333,44.0,77.0,0,195
2026-06-16T03:55:05+0900,GBIKE,2814,2814,63.517768301350394,32.0,63.0,0,206
2026-06-16T04:00:11+0900,ALPACA,1368,1368,75.20833333333333,44.0,77.0,0,195
2026-06-16T04:00:11+0900,GBIKE,2814,2814,63.50817341862118,32.0,63.0,0,206
2026-06-16T04:05:05+0900,ALPACA,1368,1368,75.20833333333333,44.0,77.0,0,195
2026-06-16T04:05:05+0900,GBIKE,2814,2814,63.498223169864964,32.0,63.0,0,206
2026-06-16T04:10:07+0900,ALPACA,1368,1368,75.20833333333333,44.0,77.0,0,195
2026-06-16T04:10:07+0900,GBIKE,2814,2814,63.485074626865675,32.0,63.0,0,206
2026-06-16T04:15:07+0900,ALPACA,1368,1368,75.20833333333333,44.0,77.0,0,195
2026-06-16T04:15:07+0900,GBIKE,2814,2814,63.476190476190474,32.0,63.0,0,206
2026-06-16T04:20:06+0900,ALPACA,1368,1368,75.20833333333333,44.0,77.0,0,195
2026-06-16T04:20:06+0900,GBIKE,2814,2814,63.46197583511017,32.0,63.0,0,206
2026-06-16T04:25:05+0900,ALPACA,1368,1368,75.20833333333333,44.0,77.0,0,195
2026-06-16T04:25:05+0900,GBIKE,2814,2814,63.450248756218905,32.0,63.0,0,206
2026-06-16T04:30:10+0900,ALPACA,1368,1368,75.20833333333333,44.0,77.0,0,195
2026-06-16T04:30:10+0900,GBIKE,2814,2814,63.44278606965174,32.0,63.0,0,206
2026-06-16T04:35:05+0900,ALPACA,1368,1368,75.20833333333333,44.0,77.0,0,195
2026-06-16T04:35:05+0900,GBIKE,2814,2814,63.42928216062544,32.0,63.0,0,206
2026-06-16T04:40:03+0900,ALPACA,1368,1368,75.20833333333333,44.0,77.0,0,195
2026-06-16T04:40:03+0900,GBIKE,2814,2814,63.4182658137882,32.0,63.0,0,206
2026-06-16T04:45:05+0900,ALPACA,1368,1368,75.20833333333333,44.0,77.0,0,195
2026-06-16T04:45:05+0900,GBIKE,2814,2814,63.40724946695096,32.0,63.0,0,206
2026-06-16T04:50:05+0900,ALPACA,1368,1368,75.20833333333333,44.0,77.0,0,195
2026-06-16T04:50:05+0900,GBIKE,2814,2814,63.3955223880597,32.0,63.0,0,206
2026-06-16T04:55:08+0900,ALPACA,1368,1368,75.20833333333333,44.0,77.0,0,195
2026-06-16T04:55:08+0900,GBIKE,2814,2814,63.38592750533049,32.0,63.0,0,206
2026-06-16T05:00:22+0900,ALPACA,1368,1368,75.20833333333333,44.0,77.0,0,195
2026-06-16T05:00:22+0900,GBIKE,2814,2814,63.38308457711443,32.0,63.0,0,206
2026-06-16T05:10:07+0900,ALPACA,1368,1368,75.20833333333333,44.0,77.0,0,195
2026-06-16T05:10:07+0900,GBIKE,2814,2814,63.34896943852168,32.0,63.0,0,206
2026-06-16T05:15:19+0900,ALPACA,1368,1368,75.20833333333333,44.0,77.0,0,195
2026-06-16T05:15:19+0900,GBIKE,2814,2814,63.34186211798152,32.0,63.0,0,206
2026-06-16T05:20:12+0900,ALPACA,1368,1368,75.20833333333333,44.0,77.0,0,195
2026-06-16T05:20:12+0900,GBIKE,2814,2814,63.33475479744136,32.0,63.0,0,206
2026-06-16T05:25:06+0900,ALPACA,1368,1368,75.20833333333333,44.0,77.0,0,195
2026-06-16T05:25:06+0900,GBIKE,2814,2814,63.328002842928214,32.0,63.0,0,206
2026-06-16T05:30:08+0900,ALPACA,1368,1368,75.20833333333333,44.0,77.0,0,195
2026-06-16T05:30:08+0900,GBIKE,2814,2814,63.318052594171995,32.0,63.0,0,206
2026-06-16T05:35:06+0900,ALPACA,1368,1368,75.20833333333333,44.0,77.0,0,195
2026-06-16T05:35:06+0900,GBIKE,2814,2814,63.308102345415776,32.0,63.0,0,205
2026-06-16T05:40:11+0900,ALPACA,1368,1368,75.20833333333333,44.0,77.0,0,195
2026-06-16T05:40:11+0900,GBIKE,2814,2814,63.30063965884862,32.0,63.0,0,206
2026-06-16T05:45:09+0900,ALPACA,1368,1368,75.20833333333333,44.0,77.0,0,195
2026-06-16T05:45:09+0900,GBIKE,2814,2814,63.31094527363184,32.0,63.0,0,206
2026-06-16T05:50:13+0900,ALPACA,1368,1368,75.20833333333333,44.0,77.0,0,195
2026-06-16T05:50:13+0900,GBIKE,2814,2814,63.307391613361766,32.0,63.0,0,205
2026-06-16T05:55:07+0900,ALPACA,1368,1368,75.20833333333333,44.0,77.0,0,195
2026-06-16T05:55:07+0900,GBIKE,2814,2814,63.2999289267946,32.0,63.0,0,205
2026-06-16T06:00:15+0900,ALPACA,1368,1368,75.20833333333333,44.0,77.0,0,195
2026-06-16T06:00:15+0900,GBIKE,2814,2814,63.27754086709311,32.0,63.0,0,205
2026-06-16T06:05:09+0900,ALPACA,1368,1368,75.20833333333333,44.0,77.0,0,195
2026-06-16T06:05:09+0900,GBIKE,2814,2814,63.2679459843639,32.0,63.0,0,205
2026-06-16T06:10:09+0900,ALPACA,1368,1368,75.20833333333333,44.0,77.0,0,195
2026-06-16T06:10:09+0900,GBIKE,2814,2814,63.25373134328358,32.0,63.0,0,206
2026-06-16T06:15:12+0900,ALPACA,1368,1368,75.20833333333333,44.0,77.0,0,195
2026-06-16T06:15:12+0900,GBIKE,2814,2814,63.243781094527364,32.0,63.0,0,206
2026-06-16T06:20:09+0900,ALPACA,1368,1368,75.20833333333333,44.0,77.0,0,195
2026-06-16T06:20:09+0900,GBIKE,2814,2814,63.30597014925373,32.0,63.0,0,206
2026-06-16T06:25:04+0900,ALPACA,1368,1368,75.20833333333333,44.0,77.0,0,195
2026-06-16T06:25:04+0900,GBIKE,2814,2814,63.32018479033405,32.0,63.0,0,205
2026-06-16T06:30:13+0900,ALPACA,1368,1368,75.20833333333333,44.0,77.0,0,195
2026-06-16T06:30:13+0900,GBIKE,2814,2814,63.40689410092395,32.0,63.0,0,205
2026-06-16T06:35:10+0900,ALPACA,1368,1368,75.20833333333333,44.0,77.0,0,195
2026-06-16T06:35:10+0900,GBIKE,2814,2814,63.4452736318408,32.0,63.0,0,205
2026-06-16T06:40:16+0900,ALPACA,1368,1368,75.20833333333333,44.0,77.0,0,195
2026-06-16T06:40:16+0900,GBIKE,2814,2814,63.5227434257285,32.0,63.0,0,205
2026-06-16T06:50:09+0900,ALPACA,1368,1368,75.20833333333333,44.0,77.0,0,195
2026-06-16T06:50:09+0900,GBIKE,2814,2814,63.6183368869936,32.0,64.0,0,206
2026-06-16T06:55:10+0900,ALPACA,1368,1368,75.20833333333333,44.0,77.0,0,195
2026-06-16T06:55:10+0900,GBIKE,2814,2814,63.62864250177683,32.0,63.5,0,206
2026-06-16T07:00:21+0900,ALPACA,1368,1368,75.20833333333333,44.0,77.0,0,195
2026-06-16T07:00:21+0900,GBIKE,2814,2814,63.65138592750533,32.0,63.5,0,206
2026-06-16T07:10:10+0900,ALPACA,1368,1368,75.20833333333333,44.0,77.0,0,195
2026-06-16T07:10:10+0900,GBIKE,2814,2814,63.75728500355366,32.0,64.0,0,206
2026-06-16T07:15:10+0900,ALPACA,1368,1368,75.20833333333333,44.0,77.0,0,195
2026-06-16T07:15:10+0900,GBIKE,2814,2814,63.74804548685146,32.0,64.0,0,206
2026-06-16T07:20:08+0900,ALPACA,1368,1368,75.20833333333333,44.0,77.0,0,195
2026-06-16T07:20:08+0900,GBIKE,2814,2814,63.73845060412225,32.0,64.0,0,206
2026-06-16T07:25:03+0900,ALPACA,1368,1368,75.20833333333333,44.0,77.0,0,195
2026-06-16T07:25:03+0900,GBIKE,2814,2814,63.7320540156361,32.0,64.0,0,206
2026-06-16T07:30:13+0900,ALPACA,1368,1368,75.20833333333333,44.0,77.0,0,195
2026-06-16T07:30:13+0900,GBIKE,2814,2814,63.72174840085288,32.0,64.0,0,206
2026-06-16T07:40:04+0900,ALPACA,1368,1368,75.20833333333333,44.0,77.0,0,195
2026-06-16T07:40:04+0900,GBIKE,2814,2814,63.68407960199005,32.0,64.0,0,205
2026-06-16T07:45:09+0900,ALPACA,1368,1368,75.20833333333333,44.0,77.0,0,195
2026-06-16T07:45:09+0900,GBIKE,2814,2814,63.66062544420753,32.0,64.0,0,204
2026-06-16T07:50:06+0900,ALPACA,1368,1368,75.20833333333333,44.0,77.0,0,195
2026-06-16T07:50:06+0900,GBIKE,2814,2814,63.643567874911156,32.0,63.5,0,204
2026-06-16T07:55:07+0900,ALPACA,1368,1368,75.20833333333333,44.0,77.0,0,195
2026-06-16T07:55:07+0900,GBIKE,2814,2814,63.669509594882726,32.0,63.0,0,204
2026-06-16T08:00:08+0900,ALPACA,1368,1368,75.20833333333333,44.0,77.0,0,195
2026-06-16T08:00:08+0900,GBIKE,2814,2814,63.70042643923241,32.0,63.5,0,203
2026-06-16T08:05:06+0900,ALPACA,1368,1368,75.20833333333333,44.0,77.0,0,195
2026-06-16T08:05:06+0900,GBIKE,2814,2814,63.78038379530917,32.0,64.0,0,203
2026-06-16T08:10:06+0900,ALPACA,1368,1368,75.20833333333333,44.0,77.0,0,195
2026-06-16T08:10:06+0900,GBIKE,2814,2814,63.82835820895522,32.0,64.0,0,202
2026-06-16T08:15:09+0900,ALPACA,1368,1368,75.20833333333333,44.0,77.0,0,195
2026-06-16T08:15:09+0900,GBIKE,2814,2814,63.836886993603414,32.0,64.0,0,202
2026-06-16T08:25:09+0900,ALPACA,1368,1368,75.20833333333333,44.0,77.0,0,195
2026-06-16T08:25:09+0900,GBIKE,2814,2814,63.80312722103767,32.0,64.0,0,203
2026-06-16T08:30:09+0900,ALPACA,1368,1368,75.20833333333333,44.0,77.0,0,195
2026-06-16T08:30:09+0900,GBIKE,2814,2814,63.70611229566453,32.0,64.0,0,200
2026-06-16T08:35:05+0900,ALPACA,1368,1368,75.20833333333333,44.0,77.0,0,195
2026-06-16T08:35:05+0900,GBIKE,2815,2815,63.73143872113677,32.0,64.0,0,201
2026-06-16T08:40:07+0900,ALPACA,1368,1368,75.20833333333333,44.0,77.0,0,195
2026-06-16T08:40:07+0900,GBIKE,2815,2815,63.74564831261101,32.0,64.0,0,201
2026-06-16T08:45:05+0900,ALPACA,1368,1368,75.20833333333333,44.0,77.0,0,195
2026-06-16T08:45:05+0900,GBIKE,2815,2815,63.775488454706924,32.0,64.0,0,200
2026-06-16T08:55:03+0900,ALPACA,1368,1368,75.20833333333333,44.0,77.0,0,195
2026-06-16T08:55:03+0900,GBIKE,2815,2815,63.78792184724689,32.0,64.0,0,201
2026-06-16T09:00:06+0900,ALPACA,1368,1368,75.20833333333333,44.0,77.0,0,195
2026-06-16T09:00:06+0900,GBIKE,2815,2815,63.874600355239785,32.0,64.0,0,202
2026-06-16T09:05:09+0900,ALPACA,1368,1368,75.20833333333333,44.0,77.0,0,195
2026-06-16T09:05:09+0900,GBIKE,2815,2815,63.833747779751334,32.0,64.0,0,202
2026-06-16T09:10:14+0900,ALPACA,1368,1368,75.20833333333333,44.0,77.0,0,195
2026-06-16T09:10:14+0900,GBIKE,2815,2815,63.81492007104796,32.0,64.0,0,201
2026-06-16T09:20:17+0900,ALPACA,1368,1368,75.20833333333333,44.0,77.0,0,195
2026-06-16T09:20:17+0900,GBIKE,2815,2815,63.89200710479574,32.0,64.0,0,200
2026-06-16T09:30:28+0900,ALPACA,1368,1368,75.20833333333333,44.0,77.0,0,195
2026-06-16T09:30:28+0900,GBIKE,2815,2815,63.89271758436945,32.0,64.0,0,199
2026-06-16T09:40:13+0900,ALPACA,1368,1368,75.20833333333333,44.0,77.0,0,195
2026-06-16T09:40:13+0900,GBIKE,2815,2815,63.94777975133215,32.0,64.0,0,200
2026-06-16T09:45:15+0900,ALPACA,1368,1368,75.20833333333333,44.0,77.0,0,195
2026-06-16T09:45:15+0900,GBIKE,2815,2815,63.96909413854352,32.0,64.0,0,198
2026-06-16T09:55:09+0900,ALPACA,1368,1368,75.20833333333333,44.0,77.0,0,195
2026-06-16T09:55:09+0900,GBIKE,2815,2815,63.978330373001775,32.0,64.0,0,198
2026-06-16T10:00:31+0900,ALPACA,1368,1368,75.20833333333333,44.0,77.0,0,195
2026-06-16T10:00:31+0900,GBIKE,2815,2815,63.95737122557726,32.0,64.0,0,198
2026-06-16T10:10:09+0900,ALPACA,1368,1368,75.20833333333333,44.0,77.0,0,195
2026-06-16T10:10:09+0900,GBIKE,2815,2815,64.04831261101243,32.0,64.0,0,199
2026-06-16T10:20:17+0900,ALPACA,1368,1368,75.20833333333333,44.0,77.0,0,195
2026-06-16T10:20:17+0900,GBIKE,2815,2815,64.15346358792185,32.0,64.0,0,198
2026-06-16T10:30:31+0900,ALPACA,1368,1368,75.20833333333333,44.0,77.0,0,195
2026-06-16T10:30:31+0900,GBIKE,2815,2815,64.34209591474244,32.0,64.0,0,199
2026-06-16T10:40:08+0900,ALPACA,1368,1368,75.20833333333333,44.0,77.0,0,195
2026-06-16T10:40:08+0900,GBIKE,2815,2815,64.50159857904086,32.0,65.0,0,199
2026-06-16T10:45:13+0900,ALPACA,1368,1368,75.20833333333333,44.0,77.0,0,195
2026-06-16T10:45:13+0900,GBIKE,2815,2815,64.48667850799289,32.0,65.0,0,198
2026-06-16T10:55:05+0900,ALPACA,1368,1368,75.20833333333333,44.0,77.0,0,195
2026-06-16T10:55:05+0900,GBIKE,2815,2815,64.58756660746003,32.0,65.0,0,198
2026-06-16T11:00:25+0900,ALPACA,1368,1368,75.20833333333333,44.0,77.0,0,195
2026-06-16T11:00:25+0900,GBIKE,2815,2815,64.64085257548845,32.0,65.0,0,198
2026-06-16T11:10:04+0900,ALPACA,1368,1368,75.20833333333333,44.0,77.0,0,195
2026-06-16T11:10:04+0900,GBIKE,2815,2815,64.78294849023091,32.0,65.0,0,198
2026-06-16T11:15:10+0900,ALPACA,1368,1368,75.20833333333333,44.0,77.0,0,195
2026-06-16T11:15:10+0900,GBIKE,2815,2815,64.76625222024867,32.0,65.0,0,198
2026-06-16T11:25:05+0900,ALPACA,1368,1368,75.20833333333333,44.0,77.0,0,195
2026-06-16T11:25:05+0900,GBIKE,2815,2815,64.83019538188277,32.0,65.0,0,197
2026-06-16T11:35:03+0900,ALPACA,1368,1368,75.20833333333333,44.0,77.0,0,195
2026-06-16T11:35:03+0900,GBIKE,2815,2815,64.90408525754884,32.0,65.0,0,197
2026-06-16T11:40:24+0900,ALPACA,1368,1368,75.20833333333333,44.0,77.0,0,195
2026-06-16T11:40:24+0900,GBIKE,2815,2815,64.91545293072824,32.0,65.0,0,196
2026-06-16T11:50:18+0900,ALPACA,1368,1368,75.20833333333333,44.0,77.0,0,195
2026-06-16T11:50:18+0900,GBIKE,2815,2815,65.0234458259325,33.0,65.0,0,199
2026-06-16T12:00:25+0900,ALPACA,1368,1368,75.20833333333333,44.0,77.0,0,195
2026-06-16T12:00:25+0900,GBIKE,2816,2816,65.19850852272727,33.0,65.0,0,200
2026-06-16T12:10:18+0900,ALPACA,1368,1368,75.20833333333333,44.0,77.0,0,195
2026-06-16T12:10:18+0900,GBIKE,2816,2816,65.18323863636364,33.0,65.0,0,204
2026-06-16T12:20:16+0900,ALPACA,1368,1368,75.20833333333333,44.0,77.0,0,195
2026-06-16T12:20:16+0900,GBIKE,2816,2816,65.2471590909091,33.0,65.0,0,201
2026-06-16T12:30:28+0900,ALPACA,1368,1368,75.20833333333333,44.0,77.0,0,195
2026-06-16T12:30:28+0900,GBIKE,2816,2816,65.20845170454545,33.0,65.0,0,201
2026-06-16T12:40:09+0900,ALPACA,1368,1368,75.20833333333333,44.0,77.0,0,195
2026-06-16T12:40:09+0900,GBIKE,2816,2816,65.18110795454545,33.0,65.0,0,201
2026-06-16T12:50:05+0900,ALPACA,1368,1368,75.20833333333333,44.0,77.0,0,195
2026-06-16T12:50:05+0900,GBIKE,2816,2816,65.15553977272727,33.0,65.0,0,200
2026-06-16T13:00:11+0900,ALPACA,1368,1368,75.20833333333333,44.0,77.0,0,195
2026-06-16T13:00:11+0900,GBIKE,2820,2820,65.25602836879433,33.0,65.0,0,199
2026-06-16T13:10:06+0900,ALPACA,1368,1368,75.20833333333333,44.0,77.0,0,195
2026-06-16T13:10:06+0900,GBIKE,2820,2820,65.29645390070922,33.0,65.0,0,199
2026-06-16T13:20:08+0900,ALPACA,1368,1368,75.20833333333333,44.0,77.0,0,195
2026-06-16T13:20:08+0900,GBIKE,2820,2820,65.25106382978723,33.0,65.0,0,199
2026-06-16T13:30:13+0900,ALPACA,1368,1368,75.20833333333333,44.0,77.0,0,195
2026-06-16T13:30:13+0900,GBIKE,2820,2820,65.21560283687943,33.0,65.0,0,199
2026-06-16T13:40:28+0900,ALPACA,1368,1368,75.20833333333333,44.0,77.0,0,195
2026-06-16T13:40:28+0900,GBIKE,2820,2820,65.16347517730496,33.0,65.0,0,200
2026-06-16T13:50:14+0900,ALPACA,1368,1368,75.20833333333333,44.0,77.0,0,195
2026-06-16T13:50:14+0900,GBIKE,2820,2820,65.19716312056738,32.900000000000034,65.0,0,199
2026-06-16T14:00:11+0900,ALPACA,1368,1368,75.20833333333333,44.0,77.0,0,195
2026-06-16T14:00:11+0900,GBIKE,2820,2820,65.17695035460993,32.900000000000034,65.0,0,198
2026-06-16T14:10:08+0900,ALPACA,1368,1368,75.20833333333333,44.0,77.0,0,195
2026-06-16T14:10:08+0900,GBIKE,2820,2820,65.14645390070922,32.0,65.0,0,197
2026-06-16T14:20:11+0900,ALPACA,1368,1368,75.20833333333333,44.0,77.0,0,195
2026-06-16T14:20:11+0900,GBIKE,2820,2820,65.25673758865248,32.0,66.0,0,197
2026-06-16T14:30:20+0900,ALPACA,1368,1368,75.20833333333333,44.0,77.0,0,195
2026-06-16T14:30:20+0900,GBIKE,2820,2820,65.33262411347518,32.900000000000034,66.0,0,196
2026-06-16T14:40:08+0900,ALPACA,1368,1368,75.20833333333333,44.0,77.0,0,195
2026-06-16T14:40:08+0900,GBIKE,2820,2820,65.33687943262412,32.0,66.0,0,196
2026-06-16T14:50:09+0900,ALPACA,1368,1368,75.20833333333333,44.0,77.0,0,195
2026-06-16T14:50:09+0900,GBIKE,2820,2820,65.30744680851063,32.0,66.0,0,196
2026-06-16T15:00:17+0900,ALPACA,1368,1368,75.20833333333333,44.0,77.0,0,195
2026-06-16T15:00:17+0900,GBIKE,2820,2820,65.35531914893618,32.0,66.0,0,196
2026-06-16T15:10:13+0900,ALPACA,1368,1368,75.20833333333333,44.0,77.0,0,195
2026-06-16T15:10:13+0900,GBIKE,2820,2820,65.52198581560283,33.0,66.0,0,196
2026-06-16T15:20:13+0900,ALPACA,1368,1368,75.20833333333333,44.0,77.0,0,195
2026-06-16T15:20:13+0900,GBIKE,2820,2820,65.68829787234043,33.0,66.0,0,199
2026-06-16T15:30:05+0900,ALPACA,1368,1368,75.20833333333333,44.0,77.0,0,195
2026-06-16T15:30:05+0900,GBIKE,2820,2820,65.69574468085106,33.0,66.0,0,198
2026-06-16T15:40:07+0900,ALPACA,1368,1368,75.20833333333333,44.0,77.0,0,195
2026-06-16T15:40:07+0900,GBIKE,2820,2820,65.8241134751773,33.0,67.0,0,193
2026-06-16T15:50:07+0900,ALPACA,1368,1368,75.20833333333333,44.0,77.0,0,195
2026-06-16T15:50:07+0900,GBIKE,2820,2820,65.78794326241135,33.0,67.0,0,193
2026-06-16T16:00:18+0900,ALPACA,1368,1368,75.20833333333333,44.0,77.0,0,195
2026-06-16T16:00:18+0900,GBIKE,2820,2820,65.74574468085106,33.0,66.0,0,193
2026-06-16T16:10:15+0900,ALPACA,1368,1368,75.20833333333333,44.0,77.0,0,195
2026-06-16T16:10:15+0900,GBIKE,2820,2820,65.73971631205674,33.0,66.5,0,193
2026-06-16T16:20:12+0900,ALPACA,1368,1368,75.20833333333333,44.0,77.0,0,195
2026-06-16T16:20:12+0900,GBIKE,2820,2820,65.78191489361703,33.0,66.5,0,192
2026-06-16T16:30:09+0900,ALPACA,1368,1368,75.20833333333333,44.0,77.0,0,195
2026-06-16T16:30:09+0900,GBIKE,2820,2820,65.7372340425532,33.0,66.5,0,192
2026-06-16T16:40:05+0900,ALPACA,1368,1368,75.20833333333333,44.0,77.0,0,195
2026-06-16T16:40:05+0900,GBIKE,2820,2820,65.69539007092199,33.0,66.0,0,192
2026-06-16T16:50:05+0900,ALPACA,1368,1368,75.20833333333333,44.0,77.0,0,195
2026-06-16T16:50:05+0900,GBIKE,2821,2821,65.60864941510103,33.0,66.0,0,192
2026-06-16T17:00:52+0900,ALPACA,1368,1368,75.20833333333333,44.0,77.0,0,195
2026-06-16T17:00:52+0900,GBIKE,2819,2819,65.48953529620432,33.0,66.0,0,194
2026-06-16T17:10:23+0900,ALPACA,1368,1368,75.20833333333333,44.0,77.0,0,195
2026-06-16T17:10:23+0900,GBIKE,2820,2820,65.41063829787234,33.0,66.0,0,195
2026-06-16T17:20:08+0900,ALPACA,1368,1368,75.20833333333333,44.0,77.0,0,195
2026-06-16T17:20:08+0900,GBIKE,2821,2821,65.37149946827367,33.0,66.0,0,195
2026-06-16T17:30:13+0900,ALPACA,1368,1368,75.20833333333333,44.0,77.0,0,195
2026-06-16T17:30:13+0900,GBIKE,2821,2821,65.31336405529954,33.0,66.0,0,195
2026-06-16T17:40:06+0900,ALPACA,1368,1368,75.20833333333333,44.0,77.0,0,195
2026-06-16T17:40:06+0900,GBIKE,2821,2821,65.25274725274726,33.0,66.0,0,195
2026-06-16T17:50:11+0900,ALPACA,1368,1368,75.20833333333333,44.0,77.0,0,195
2026-06-16T17:50:11+0900,GBIKE,2821,2821,65.17830556540234,33.0,65.0,0,195
2026-06-16T18:00:12+0900,ALPACA,1368,1368,75.20833333333333,44.0,77.0,0,195
2026-06-16T18:00:12+0900,GBIKE,2821,2821,65.10811768876285,33.0,65.0,0,194
2026-06-16T18:10:09+0900,ALPACA,1368,1368,75.20833333333333,44.0,77.0,0,195
2026-06-16T18:10:09+0900,GBIKE,2821,2821,65.02268699042892,33.0,65.0,0,194
2026-06-16T18:20:06+0900,ALPACA,1368,1368,75.20833333333333,44.0,77.0,0,195
2026-06-16T18:20:06+0900,GBIKE,2821,2821,64.94753633463311,32.0,65.0,0,195
2026-06-16T18:30:10+0900,ALPACA,1368,1368,75.20833333333333,44.0,77.0,0,195
2026-06-16T18:30:10+0900,GBIKE,2821,2821,64.83091102445941,32.0,65.0,0,194
2026-06-16T18:40:06+0900,ALPACA,1368,1368,75.20833333333333,44.0,77.0,0,195
2026-06-16T18:40:06+0900,GBIKE,2821,2821,64.75327897908544,32.0,65.0,0,193
2026-06-16T18:50:09+0900,ALPACA,1368,1368,75.20833333333333,44.0,77.0,0,195
2026-06-16T18:50:09+0900,GBIKE,2820,2820,64.6886524822695,32.0,65.0,0,195
2026-06-16T19:00:11+0900,ALPACA,1368,1368,75.20833333333333,44.0,77.0,0,195
2026-06-16T19:00:11+0900,GBIKE,2821,2821,64.58667139312301,32.0,65.0,0,195
2026-06-16T19:10:09+0900,ALPACA,1368,1368,75.20833333333333,44.0,77.0,0,195
2026-06-16T19:10:09+0900,GBIKE,2821,2821,64.51152073732719,32.0,65.0,0,195
2026-06-16T19:20:09+0900,ALPACA,1368,1368,75.20833333333333,44.0,77.0,0,195
2026-06-16T19:20:09+0900,GBIKE,2821,2821,64.44665012406948,32.0,65.0,0,193
2026-06-16T19:30:08+0900,ALPACA,1368,1368,75.20833333333333,44.0,77.0,0,195
2026-06-16T19:30:08+0900,GBIKE,2821,2821,64.37149946827367,32.0,64.0,0,194
2026-06-16T19:40:04+0900,ALPACA,1368,1368,75.20833333333333,44.0,77.0,0,195
2026-06-16T19:40:04+0900,GBIKE,2821,2821,64.30591988656505,32.0,64.0,0,194
2026-06-16T19:50:10+0900,ALPACA,1368,1368,75.20833333333333,44.0,77.0,0,195
2026-06-16T19:50:10+0900,GBIKE,2821,2821,64.25771003190358,32.0,64.0,0,194
2026-06-16T20:00:06+0900,ALPACA,1368,1368,75.20833333333333,44.0,77.0,0,195
2026-06-16T20:00:06+0900,GBIKE,2821,2821,64.21942573555476,32.0,64.0,0,194
2026-06-16T20:10:06+0900,ALPACA,1368,1368,75.20833333333333,44.0,77.0,0,195
2026-06-16T20:10:06+0900,GBIKE,2821,2821,64.23785891527827,32.0,64.0,0,195
2026-06-16T20:20:10+0900,ALPACA,1368,1368,75.20833333333333,44.0,77.0,0,195
2026-06-16T20:20:10+0900,GBIKE,2821,2821,64.26621765331443,32.0,64.0,0,195
2026-06-16T20:30:08+0900,ALPACA,1368,1368,75.20833333333333,44.0,77.0,0,195
2026-06-16T20:30:08+0900,GBIKE,2821,2821,64.2538107054236,32.0,64.0,0,195
2026-06-16T20:40:07+0900,ALPACA,1368,1368,75.20833333333333,44.0,77.0,0,195
2026-06-16T20:40:07+0900,GBIKE,2821,2821,64.26834455866714,32.0,64.0,0,195
2026-06-16T20:50:10+0900,ALPACA,1368,1368,75.20833333333333,44.0,77.0,0,195
2026-06-16T20:50:10+0900,GBIKE,2821,2821,64.2516838000709,32.0,64.0,0,195
2026-06-16T21:00:21+0900,ALPACA,1368,1368,75.20833333333333,44.0,77.0,0,195
2026-06-16T21:00:21+0900,GBIKE,2821,2821,64.34136830911025,32.0,64.0,0,195
2026-06-16T21:10:04+0900,ALPACA,1368,1368,75.20833333333333,44.0,77.0,0,195
2026-06-16T21:10:04+0900,GBIKE,2821,2821,64.37504431052818,32.0,64.0,0,195
2026-06-16T21:20:09+0900,ALPACA,1368,1368,75.20833333333333,44.0,77.0,0,195
2026-06-16T21:20:09+0900,GBIKE,2821,2821,64.41510102800426,32.0,64.0,0,194
2026-06-16T21:30:10+0900,ALPACA,1368,1368,75.20833333333333,44.0,77.0,0,195
2026-06-16T21:30:10+0900,GBIKE,2821,2821,64.44771357674584,32.0,64.0,0,194
2026-06-16T21:40:10+0900,ALPACA,1368,1368,75.20833333333333,44.0,77.0,0,195
2026-06-16T21:40:10+0900,GBIKE,2821,2821,64.59907834101382,32.0,65.0,0,194
2026-06-16T21:50:04+0900,ALPACA,1368,1368,75.20833333333333,44.0,77.0,0,195
2026-06-16T21:50:04+0900,GBIKE,2821,2821,64.60120524636653,33.0,65.0,0,194
2026-06-16T22:00:11+0900,ALPACA,1368,1368,75.20833333333333,44.0,77.0,0,195
2026-06-16T22:00:11+0900,GBIKE,2821,2821,64.61928394186458,33.0,65.0,0,194
2026-06-16T22:10:09+0900,ALPACA,1368,1368,75.20833333333333,44.0,77.0,0,195
2026-06-16T22:10:09+0900,GBIKE,2821,2821,64.61396667848281,33.0,65.0,0,194
2026-06-16T22:20:04+0900,ALPACA,1368,1368,75.20833333333333,44.0,77.0,0,195
2026-06-16T22:20:04+0900,GBIKE,2821,2821,64.60723147819922,33.0,65.0,0,194
2026-06-16T22:30:07+0900,ALPACA,1368,1368,75.20833333333333,44.0,77.0,0,195
2026-06-16T22:30:07+0900,GBIKE,2821,2821,64.64338886919532,33.0,65.0,0,194
2026-06-16T22:40:07+0900,ALPACA,1368,1368,75.20833333333333,44.0,77.0,0,195
2026-06-16T22:40:07+0900,GBIKE,2821,2821,64.81318681318682,33.0,65.0,0,194
2026-06-16T22:50:12+0900,ALPACA,1368,1368,75.20833333333333,44.0,77.0,0,195
2026-06-16T22:50:12+0900,GBIKE,2821,2821,64.78660049627791,33.0,65.0,0,195
2026-06-16T23:00:10+0900,ALPACA,1368,1368,75.20833333333333,44.0,77.0,0,195
2026-06-16T23:00:10+0900,GBIKE,2821,2821,64.80467919177596,33.0,65.0,0,195
2026-06-16T23:10:07+0900,ALPACA,1368,1368,75.20833333333333,44.0,77.0,0,195
2026-06-16T23:10:07+0900,GBIKE,2821,2821,64.87451258419,33.0,65.0,0,196
2026-06-16T23:20:13+0900,ALPACA,1368,1368,75.20833333333333,44.0,77.0,0,195
2026-06-16T23:20:13+0900,GBIKE,2821,2821,64.90712513293158,33.0,65.0,0,196
2026-06-16T23:30:12+0900,ALPACA,1368,1368,75.20833333333333,44.0,77.0,0,195
2026-06-16T23:30:12+0900,GBIKE,2821,2821,64.96809641970933,33.0,65.0,0,195
2026-06-16T23:40:04+0900,ALPACA,1368,1368,75.20833333333333,44.0,77.0,0,195
2026-06-16T23:40:04+0900,GBIKE,2821,2821,65.01453385324353,33.0,65.0,0,194
2026-06-16T23:50:07+0900,ALPACA,1368,1368,75.20833333333333,44.0,77.0,0,195
2026-06-16T23:50:07+0900,GBIKE,2821,2821,65.02835873803616,33.0,65.0,0,195
2026-06-17T00:00:37+0900,ALPACA,1368,1368,75.20833333333333,44.0,77.0,0,195
2026-06-17T00:00:37+0900,GBIKE,2821,2821,65.00921658986175,33.0,65.0,0,195
2026-06-17T00:10:12+0900,ALPACA,1368,1368,75.20833333333333,44.0,77.0,0,195
2026-06-17T00:10:12+0900,GBIKE,2821,2821,65.06522509748316,33.0,65.0,0,196
2026-06-17T00:20:06+0900,ALPACA,1368,1368,75.20833333333333,44.0,77.0,0,195
2026-06-17T00:20:06+0900,GBIKE,2821,2821,65.09712867777384,33.0,65.0,0,197
2026-06-17T00:30:04+0900,ALPACA,1368,1368,75.20833333333333,44.0,77.0,0,195
2026-06-17T00:30:04+0900,GBIKE,2821,2821,65.12938674228997,33.0,65.0,0,196
2026-06-17T00:40:03+0900,ALPACA,1368,1368,75.20833333333333,44.0,77.0,0,195
2026-06-17T00:40:03+0900,GBIKE,2821,2821,65.1357674583481,33.0,65.0,0,197
2026-06-17T00:50:08+0900,ALPACA,1368,1368,75.20833333333333,44.0,77.0,0,195
2026-06-17T00:50:08+0900,GBIKE,2821,2821,65.16696207018788,33.0,65.0,0,197
2026-06-17T01:00:14+0900,ALPACA,1368,1368,75.20833333333333,44.0,77.0,0,195
2026-06-17T01:00:14+0900,GBIKE,2821,2821,65.13470400567175,33.0,65.0,0,198
2026-06-17T01:10:03+0900,ALPACA,1368,1368,75.20833333333333,44.0,77.0,0,195
2026-06-17T01:10:03+0900,GBIKE,2821,2821,65.19354838709677,33.0,65.0,0,198
2026-06-17T01:20:10+0900,ALPACA,1368,1368,75.20833333333333,44.0,77.0,0,195
2026-06-17T01:20:10+0900,GBIKE,2821,2821,65.22793335696562,33.0,65.0,0,198
2026-06-17T01:30:04+0900,ALPACA,1368,1368,75.20833333333333,44.0,77.0,0,195
2026-06-17T01:30:04+0900,GBIKE,2821,2821,65.29599432825239,33.0,66.0,0,197
2026-06-17T01:40:05+0900,ALPACA,1368,1368,75.20833333333333,44.0,77.0,0,195
2026-06-17T01:40:05+0900,GBIKE,2821,2821,65.33711449840482,33.0,66.0,0,197
2026-06-17T01:50:04+0900,ALPACA,1368,1368,75.20833333333333,44.0,77.0,0,195
2026-06-17T01:50:04+0900,GBIKE,2821,2821,65.37504431052818,33.0,66.0,0,197
2026-06-17T02:00:08+0900,ALPACA,1368,1368,75.20833333333333,44.0,77.0,0,195
2026-06-17T02:00:08+0900,GBIKE,2821,2821,65.47713576745835,33.0,66.0,0,197
2026-06-17T02:10:02+0900,ALPACA,1368,1368,75.20833333333333,44.0,77.0,0,195
2026-06-17T02:10:02+0900,GBIKE,2821,2821,65.51719248493443,33.0,66.0,0,197
2026-06-17T02:20:06+0900,ALPACA,1368,1368,75.20833333333333,44.0,77.0,0,195
2026-06-17T02:20:06+0900,GBIKE,2821,2821,65.62708259482453,33.0,66.0,0,197
2026-06-17T02:30:10+0900,ALPACA,1368,1368,75.20833333333333,44.0,77.0,0,195
2026-06-17T02:30:10+0900,GBIKE,2821,2821,65.61680255228643,33.0,66.0,0,197
2026-06-17T02:40:05+0900,ALPACA,1368,1368,75.20833333333333,44.0,77.0,0,195
2026-06-17T02:40:05+0900,GBIKE,2821,2821,65.59198865650478,33.0,66.0,0,197
2026-06-17T02:50:06+0900,ALPACA,1368,1368,75.20833333333333,44.0,77.0,0,195
2026-06-17T02:50:06+0900,GBIKE,2821,2821,65.57284650833039,33.0,66.0,0,198
2026-06-17T03:00:19+0900,ALPACA,1368,1368,75.20833333333333,44.0,77.0,0,195
2026-06-17T03:00:19+0900,GBIKE,2821,2821,65.54838709677419,33.0,66.0,0,198
2026-06-17T03:10:05+0900,ALPACA,1368,1368,75.20833333333333,44.0,77.0,0,195
2026-06-17T03:10:05+0900,GBIKE,2821,2821,65.5210918114144,33.0,66.0,0,198
2026-06-17T03:20:07+0900,ALPACA,1368,1368,75.20833333333333,44.0,77.0,0,195
2026-06-17T03:20:07+0900,GBIKE,2820,2820,65.49078014184397,33.0,66.0,0,198
2026-06-17T03:30:13+0900,ALPACA,1368,1368,75.20833333333333,44.0,77.0,0,195
2026-06-17T03:30:13+0900,GBIKE,2821,2821,65.46153846153847,33.0,66.0,0,198
2026-06-17T03:40:05+0900,ALPACA,1368,1368,75.20833333333333,44.0,77.0,0,195
2026-06-17T03:40:05+0900,GBIKE,2821,2821,65.43814250265864,33.0,66.0,0,198
2026-06-17T03:50:09+0900,ALPACA,1368,1368,75.20833333333333,44.0,77.0,0,195
2026-06-17T03:50:09+0900,GBIKE,2821,2821,65.41687344913151,33.0,66.0,0,198
2026-06-17T04:00:18+0900,ALPACA,1368,1368,75.20833333333333,44.0,77.0,0,195
2026-06-17T04:00:18+0900,GBIKE,2821,2821,65.3970223325062,33.0,66.0,0,198
2026-06-17T04:10:07+0900,ALPACA,1368,1368,75.20833333333333,44.0,77.0,0,195
2026-06-17T04:10:07+0900,GBIKE,2821,2821,65.38284296348813,33.0,66.0,0,198
2026-06-17T04:20:07+0900,ALPACA,1368,1368,75.20833333333333,44.0,77.0,0,195
2026-06-17T04:20:07+0900,GBIKE,2821,2821,65.36121942573556,33.0,66.0,0,198
2026-06-17T04:30:07+0900,ALPACA,1368,1368,75.20833333333333,44.0,77.0,0,195
2026-06-17T04:30:07+0900,GBIKE,2821,2821,65.34136830911025,33.0,66.0,0,198
2026-06-17T04:40:07+0900,ALPACA,1368,1368,75.20833333333333,44.0,77.0,0,195
2026-06-17T04:40:07+0900,GBIKE,2821,2821,65.3254165189649,33.0,66.0,0,198
2026-06-17T04:50:07+0900,ALPACA,1368,1368,75.20833333333333,44.0,77.0,0,195
2026-06-17T04:50:07+0900,GBIKE,2821,2821,65.3055654023396,33.0,66.0,0,196
2026-06-17T05:00:18+0900,ALPACA,1368,1368,75.20833333333333,44.0,77.0,0,195
2026-06-17T05:00:18+0900,GBIKE,2821,2821,65.28961361219426,33.0,66.0,0,196
2026-06-17T05:10:10+0900,ALPACA,1368,1368,75.20833333333333,44.0,77.0,0,195
2026-06-17T05:10:10+0900,GBIKE,2821,2821,65.27330733782347,33.0,66.0,0,196
2026-06-17T05:20:03+0900,ALPACA,1368,1368,75.20833333333333,44.0,77.0,0,195
2026-06-17T05:20:03+0900,GBIKE,2821,2821,65.24636653668912,33.0,66.0,0,196
2026-06-17T05:30:10+0900,ALPACA,1368,1368,75.20833333333333,44.0,77.0,0,195
2026-06-17T05:30:10+0900,GBIKE,2821,2821,65.23006026231833,33.0,66.0,0,196
2026-06-17T05:40:09+0900,ALPACA,1368,1368,75.20833333333333,44.0,77.0,0,195
2026-06-17T05:40:09+0900,GBIKE,2821,2821,65.21091811414392,33.0,65.0,0,198
2026-06-17T05:50:09+0900,ALPACA,1368,1368,75.20833333333333,44.0,77.0,0,195
2026-06-17T05:50:09+0900,GBIKE,2821,2821,65.18539524991138,33.0,66.0,0,197
2026-06-17T06:00:36+0900,ALPACA,1368,1368,75.20833333333333,44.0,77.0,0,195
2026-06-17T06:00:36+0900,GBIKE,2820,2820,65.17127659574469,33.0,65.5,0,196
2026-06-17T06:10:10+0900,ALPACA,1368,1368,75.20833333333333,44.0,77.0,0,195
2026-06-17T06:10:10+0900,GBIKE,2820,2820,65.15531914893617,33.0,65.0,0,196
2026-06-17T06:20:10+0900,ALPACA,1368,1368,75.20833333333333,44.0,77.0,0,195
2026-06-17T06:20:10+0900,GBIKE,2821,2821,65.10989010989012,33.0,65.0,0,196
2026-06-17T06:30:10+0900,ALPACA,1368,1368,75.20833333333333,44.0,77.0,0,195
2026-06-17T06:30:10+0900,GBIKE,2820,2820,65.05886524822695,33.0,65.0,0,197
2026-06-17T06:40:06+0900,ALPACA,1368,1368,75.20833333333333,44.0,77.0,0,195
2026-06-17T06:40:06+0900,GBIKE,2821,2821,65.1269053527118,33.0,65.0,0,197
2026-06-17T06:50:13+0900,ALPACA,1368,1368,75.20833333333333,44.0,77.0,0,195
2026-06-17T06:50:13+0900,GBIKE,2820,2820,65.1581560283688,33.0,65.0,0,198
2026-06-17T07:00:10+0900,ALPACA,1368,1368,75.20833333333333,44.0,77.0,0,195
2026-06-17T07:00:10+0900,GBIKE,2820,2820,65.17765957446808,33.0,66.0,0,197
2026-06-17T07:10:17+0900,ALPACA,1368,1368,75.20833333333333,44.0,77.0,0,195
2026-06-17T07:10:17+0900,GBIKE,2821,2821,65.24317617866005,33.0,66.0,0,197
2026-06-17T07:20:10+0900,ALPACA,1368,1368,75.20833333333333,44.0,77.0,0,195
2026-06-17T07:20:10+0900,GBIKE,2821,2821,65.28535980148884,33.0,66.0,0,197
2026-06-17T07:30:17+0900,ALPACA,1368,1368,75.20833333333333,44.0,77.0,0,195
2026-06-17T07:30:17+0900,GBIKE,2821,2821,65.29209500177242,33.0,66.0,0,197
2026-06-17T07:40:12+0900,ALPACA,1368,1368,75.20833333333333,44.0,77.0,0,195
2026-06-17T07:40:12+0900,GBIKE,2821,2821,65.2449485997873,33.0,66.0,0,198
2026-06-17T07:50:03+0900,ALPACA,1368,1368,75.20833333333333,44.0,77.0,0,195
2026-06-17T07:50:03+0900,GBIKE,2821,2821,65.19319390287133,33.0,66.0,0,198
2026-06-17T08:00:11+0900,ALPACA,1368,1368,75.20833333333333,44.0,77.0,0,195
2026-06-17T08:00:11+0900,GBIKE,2821,2821,65.14143920595534,33.0,66.0,0,198
2026-06-17T08:10:13+0900,ALPACA,1368,1368,75.20833333333333,44.0,77.0,0,195
2026-06-17T08:10:13+0900,GBIKE,2821,2821,65.08684863523573,33.0,65.0,0,198
2026-06-17T08:20:07+0900,ALPACA,1368,1368,75.20833333333333,44.0,77.0,0,195
2026-06-17T08:20:07+0900,GBIKE,2821,2821,65.03048564338887,33.0,65.0,0,197
2026-06-17T08:30:15+0900,ALPACA,1368,1368,75.20833333333333,44.0,77.0,0,195
2026-06-17T08:30:15+0900,GBIKE,2821,2821,64.8989719957462,33.0,65.0,0,197
2026-06-17T08:40:11+0900,ALPACA,1368,1368,75.20833333333333,44.0,77.0,0,195
2026-06-17T08:40:11+0900,GBIKE,2821,2821,64.81460475008862,33.0,65.0,0,197
2026-06-17T08:50:06+0900,ALPACA,1368,1368,75.20833333333333,44.0,77.0,0,195
2026-06-17T08:50:06+0900,GBIKE,2821,2821,64.73484579936193,33.0,65.0,0,197
2026-06-17T09:00:21+0900,ALPACA,1368,1368,75.20833333333333,44.0,77.0,0,195
2026-06-17T09:00:21+0900,GBIKE,2821,2821,64.6561503013116,32.0,65.0,0,197
2026-06-17T09:10:10+0900,ALPACA,1368,1368,75.20833333333333,44.0,77.0,0,195
2026-06-17T09:10:10+0900,GBIKE,2821,2821,64.70436015597306,32.0,65.0,0,197
2026-06-17T09:20:14+0900,ALPACA,1368,1368,75.20833333333333,44.0,77.0,0,195
2026-06-17T09:20:14+0900,GBIKE,2820,2820,64.80992907801418,32.0,65.0,0,197
2026-06-17T09:30:24+0900,ALPACA,1368,1368,75.20833333333333,44.0,77.0,0,195
2026-06-17T09:30:24+0900,GBIKE,2821,2821,65.0074441687345,32.0,65.0,0,197
2026-06-17T09:40:06+0900,ALPACA,1368,1368,75.20833333333333,44.0,77.0,0,195
2026-06-17T09:40:06+0900,GBIKE,2821,2821,65.15207373271889,33.0,66.0,0,198
2026-06-17T09:50:23+0900,ALPACA,1368,1368,75.20833333333333,44.0,77.0,0,195
2026-06-17T09:50:23+0900,GBIKE,2820,2820,65.21170212765958,33.0,66.0,0,199
2026-06-17T10:00:20+0900,ALPACA,1368,1368,75.20833333333333,44.0,77.0,0,195
2026-06-17T10:00:20+0900,GBIKE,2821,2821,65.28677773839064,33.0,66.0,0,199
2026-06-17T10:10:14+0900,ALPACA,1368,1368,75.20833333333333,44.0,77.0,0,195
2026-06-17T10:10:14+0900,GBIKE,2821,2821,65.58489897199574,33.0,66.0,0,199
2026-06-17T10:20:16+0900,ALPACA,1368,1368,75.20833333333333,44.0,77.0,0,195
2026-06-17T10:20:16+0900,GBIKE,2821,2821,65.81602268699042,33.0,67.0,0,198
2026-06-17T10:30:17+0900,ALPACA,1368,1368,75.20833333333333,44.0,77.0,0,195
2026-06-17T10:30:17+0900,GBIKE,2821,2821,66.14498404820985,33.0,67.0,0,198
2026-06-17T10:40:23+0900,ALPACA,1368,1368,75.20833333333333,44.0,77.0,0,195
2026-06-17T10:40:23+0900,GBIKE,2821,2821,66.26657213753988,33.0,67.0,0,198
2026-06-17T10:50:29+0900,ALPACA,1368,1368,75.20833333333333,44.0,77.0,0,195
2026-06-17T10:50:29+0900,GBIKE,2821,2821,66.31123714994683,33.0,67.0,0,198
2026-06-17T11:00:19+0900,ALPACA,1368,1368,75.20833333333333,44.0,77.0,0,195
2026-06-17T11:00:19+0900,GBIKE,2821,2821,66.4161644806806,33.0,67.0,0,198
2026-06-17T11:10:14+0900,ALPACA,1368,1368,75.20833333333333,44.0,77.0,0,195
2026-06-17T11:10:14+0900,GBIKE,2821,2821,66.5859624246721,33.0,68.0,0,198
2026-06-17T11:20:48+0900,ALPACA,1368,1368,75.20833333333333,44.0,77.0,0,195
2026-06-17T11:20:48+0900,GBIKE,2821,2821,66.67493796526054,33.0,68.0,0,198
2026-06-17T11:30:33+0900,ALPACA,1368,1368,75.20833333333333,44.0,77.0,0,195
2026-06-17T11:30:33+0900,GBIKE,2821,2821,66.80361573909961,33.0,68.0,0,198
2026-06-17T11:40:06+0900,ALPACA,1368,1368,75.20833333333333,44.0,77.0,0,195
2026-06-17T11:40:06+0900,GBIKE,2821,2821,66.84225451967387,33.0,68.0,0,197
2026-06-17T11:50:05+0900,ALPACA,1368,1368,75.20833333333333,44.0,77.0,0,195
2026-06-17T11:50:05+0900,GBIKE,2821,2821,66.92803970223325,33.0,68.0,0,198
2026-06-17T12:00:29+0900,ALPACA,1368,1368,75.20833333333333,44.0,77.0,0,195
2026-06-17T12:00:29+0900,GBIKE,2821,2821,67.04182913860333,33.0,68.0,0,200
2026-06-17T12:10:18+0900,ALPACA,1368,1368,75.20833333333333,44.0,77.0,0,195
2026-06-17T12:10:18+0900,GBIKE,2820,2820,67.12375886524822,33.0,68.0,0,197
2026-06-17T12:20:04+0900,ALPACA,1368,1368,75.20833333333333,44.0,77.0,0,195
2026-06-17T12:20:04+0900,GBIKE,2821,2821,67.0907479617157,33.0,68.0,0,196
2026-06-17T12:30:14+0900,ALPACA,1368,1368,75.20833333333333,44.0,77.0,0,195
2026-06-17T12:30:14+0900,GBIKE,2821,2821,67.05919886565047,33.0,68.0,0,196
2026-06-17T12:40:19+0900,ALPACA,1368,1368,75.20833333333333,44.0,77.0,0,195
2026-06-17T12:40:19+0900,GBIKE,2821,2821,67.02906770648706,33.0,68.0,0,197
2026-06-17T12:50:16+0900,ALPACA,1368,1368,75.20833333333333,44.0,77.0,0,195
2026-06-17T12:50:16+0900,GBIKE,2821,2821,66.99220134704005,33.0,68.0,0,197
2026-06-17T13:00:40+0900,ALPACA,1368,1368,75.20833333333333,44.0,77.0,0,195
2026-06-17T13:00:40+0900,GBIKE,2821,2821,66.93512938674229,33.0,68.0,0,197
2026-06-17T13:10:05+0900,ALPACA,1368,1368,75.20833333333333,44.0,77.0,0,195
2026-06-17T13:10:05+0900,GBIKE,2821,2821,66.88585607940446,33.0,68.0,0,197
2026-06-17T13:20:14+0900,ALPACA,1368,1368,75.20833333333333,44.0,77.0,0,195
2026-06-17T13:20:14+0900,GBIKE,2821,2821,66.84934420418291,33.0,68.0,0,196
2026-06-17T13:30:16+0900,ALPACA,1368,1368,75.20833333333333,44.0,77.0,0,195
2026-06-17T13:30:16+0900,GBIKE,2821,2821,66.80503367600141,33.0,68.0,0,196
2026-06-17T13:40:22+0900,ALPACA,1368,1368,75.20833333333333,44.0,77.0,0,195
2026-06-17T13:40:22+0900,GBIKE,2821,2821,66.76639489542715,33.0,68.0,0,197
2026-06-17T13:50:17+0900,ALPACA,1368,1368,75.20833333333333,44.0,77.0,0,195
2026-06-17T13:50:17+0900,GBIKE,2821,2821,66.72208436724566,33.0,68.0,0,197
2026-06-17T14:00:10+0900,ALPACA,1368,1368,75.20833333333333,44.0,77.0,0,195
2026-06-17T14:00:10+0900,GBIKE,2821,2821,66.68521800779865,33.0,68.0,0,197
2026-06-17T14:10:23+0900,ALPACA,1368,1368,75.20833333333333,44.0,77.0,0,195
2026-06-17T14:10:23+0900,GBIKE,2821,2821,66.64374335342077,33.0,68.0,0,198
2026-06-17T14:20:11+0900,ALPACA,1368,1368,75.20833333333333,44.0,77.0,0,195
2026-06-17T14:20:11+0900,GBIKE,2821,2821,66.61219425735555,33.0,68.0,0,198
2026-06-17T14:30:10+0900,ALPACA,1368,1368,75.20833333333333,44.0,77.0,0,195
2026-06-17T14:30:10+0900,GBIKE,2821,2821,66.68699042892591,33.0,68.0,0,198
2026-06-17T14:40:12+0900,ALPACA,1368,1368,75.20833333333333,44.0,77.0,0,195
2026-06-17T14:40:12+0900,GBIKE,2821,2821,66.72704714640199,33.0,68.0,0,199
2026-06-17T14:50:21+0900,ALPACA,1368,1368,75.20833333333333,44.0,77.0,0,195
2026-06-17T14:50:21+0900,GBIKE,2821,2821,66.76993973768167,33.0,68.0,0,199
2026-06-17T15:00:18+0900,ALPACA,1368,1368,75.20833333333333,44.0,77.0,0,195
2026-06-17T15:00:18+0900,GBIKE,2821,2821,66.84686281460475,33.0,68.0,0,198
2026-06-17T15:10:07+0900,ALPACA,1368,1368,75.20833333333333,44.0,77.0,0,195
2026-06-17T15:10:07+0900,GBIKE,2821,2821,66.93158454448778,33.0,68.0,0,197
2026-06-17T15:20:17+0900,ALPACA,1368,1368,75.20833333333333,44.0,77.0,0,195
2026-06-17T15:20:17+0900,GBIKE,2821,2821,66.98440269408012,33.0,68.0,0,196
2026-06-17T15:30:13+0900,ALPACA,1368,1368,75.20833333333333,44.0,77.0,0,195
2026-06-17T15:30:13+0900,GBIKE,2822,2822,66.95074415308292,33.0,68.0,0,196
2026-06-17T15:40:07+0900,ALPACA,1368,1368,75.20833333333333,44.0,77.0,0,195
2026-06-17T15:40:07+0900,GBIKE,2822,2822,66.90715804394047,33.0,68.0,0,196
2026-06-17T15:50:10+0900,ALPACA,1368,1368,75.20833333333333,44.0,77.0,0,195
2026-06-17T15:50:10+0900,GBIKE,2823,2823,66.80658873538789,33.0,68.0,0,196
2026-06-17T16:00:06+0900,ALPACA,1368,1368,75.20833333333333,44.0,77.0,0,195
2026-06-17T16:00:06+0900,GBIKE,2822,2822,66.70588235294117,33.0,68.0,0,195
2026-06-17T16:10:08+0900,ALPACA,1368,1368,75.20833333333333,44.0,77.0,0,195
2026-06-17T16:10:08+0900,GBIKE,2823,2823,66.62557562876373,33.0,68.0,0,194
2026-06-17T16:20:09+0900,ALPACA,1368,1368,75.20833333333333,44.0,77.0,0,195
2026-06-17T16:20:09+0900,GBIKE,2823,2823,66.54976974849451,33.0,68.0,0,194
2026-06-17T16:30:18+0900,ALPACA,1368,1368,75.20833333333333,44.0,77.0,0,195
2026-06-17T16:30:18+0900,GBIKE,2823,2823,66.49911441728658,33.0,67.0,0,193
2026-06-17T16:40:05+0900,ALPACA,1368,1368,75.20833333333333,44.0,77.0,0,195
2026-06-17T16:40:05+0900,GBIKE,2823,2823,66.44562522139567,33.0,67.0,0,193
2026-06-17T16:50:15+0900,ALPACA,1368,1368,75.20833333333333,44.0,77.0,0,195
2026-06-17T16:50:15+0900,GBIKE,2823,2823,66.36556854410202,33.0,67.0,0,193
2026-06-17T17:00:24+0900,ALPACA,1368,1368,75.20833333333333,44.0,77.0,0,195
2026-06-17T17:00:24+0900,GBIKE,2823,2823,66.28161530286928,33.0,67.0,0,191
2026-06-17T17:10:03+0900,ALPACA,1368,1368,75.20833333333333,44.0,77.0,0,195
2026-06-17T17:10:03+0900,GBIKE,2823,2823,66.24654622741764,33.0,67.0,0,191
2026-06-17T17:20:08+0900,ALPACA,1368,1368,75.20833333333333,44.0,77.0,0,195
2026-06-17T17:20:08+0900,GBIKE,2823,2823,66.17747077577046,33.0,67.0,0,191
2026-06-17T17:30:22+0900,ALPACA,1368,1368,75.20833333333333,44.0,77.0,0,195
2026-06-17T17:30:22+0900,GBIKE,2823,2823,66.11300035423308,33.0,67.0,0,192
2026-06-17T17:40:23+0900,ALPACA,1368,1368,75.20833333333333,44.0,77.0,0,195
2026-06-17T17:40:23+0900,GBIKE,2823,2823,66.0308182784272,33.0,67.0,0,192
2026-06-17T17:50:15+0900,ALPACA,1368,1368,75.20833333333333,44.0,77.0,0,195
2026-06-17T17:50:15+0900,GBIKE,2823,2823,65.96103436060928,33.0,67.0,0,192
2026-06-17T18:00:12+0900,ALPACA,1368,1368,75.20833333333333,44.0,77.0,0,195
2026-06-17T18:00:12+0900,GBIKE,2823,2823,65.89231314204747,33.0,67.0,0,192
2026-06-17T18:10:16+0900,ALPACA,1368,1368,75.20833333333333,44.0,77.0,0,195
2026-06-17T18:10:16+0900,GBIKE,2823,2823,65.8540559688275,33.0,67.0,0,192
2026-06-17T18:20:05+0900,ALPACA,1368,1368,75.20833333333333,44.0,77.0,0,195
2026-06-17T18:20:05+0900,GBIKE,2823,2823,65.82111229188806,33.0,67.0,0,192
2026-06-17T18:30:18+0900,ALPACA,1368,1368,75.20833333333333,44.0,77.0,0,195
2026-06-17T18:30:18+0900,GBIKE,2823,2823,65.78285511866808,33.0,67.0,0,191
2026-06-17T18:40:13+0900,ALPACA,1368,1368,75.20833333333333,44.0,77.0,0,195
2026-06-17T18:40:13+0900,GBIKE,2823,2823,65.74388947927737,33.0,67.0,0,191
2026-06-17T18:50:08+0900,ALPACA,1368,1368,75.20833333333333,44.0,77.0,0,195
2026-06-17T18:50:08+0900,GBIKE,2823,2823,65.71413390010628,33.0,66.0,0,191
2026-06-17T19:00:14+0900,ALPACA,1368,1368,75.20833333333333,44.0,77.0,0,195
2026-06-17T19:00:14+0900,GBIKE,2823,2823,65.67162592986185,33.0,66.0,0,190
2026-06-17T19:10:11+0900,ALPACA,1368,1368,75.20833333333333,44.0,77.0,0,195
2026-06-17T19:10:11+0900,GBIKE,2822,2822,65.65237420269312,33.0,66.0,0,190
2026-06-17T19:20:09+0900,ALPACA,1368,1368,75.20833333333333,44.0,77.0,0,195
2026-06-17T19:20:09+0900,GBIKE,2823,2823,65.6068012752391,33.0,66.0,0,190
2026-06-17T19:30:05+0900,ALPACA,1368,1368,75.20833333333333,44.0,77.0,0,195
2026-06-17T19:30:05+0900,GBIKE,2823,2823,65.57031526744598,33.0,66.0,0,190
2026-06-17T19:40:05+0900,ALPACA,1368,1368,75.20833333333333,44.0,77.0,0,195
2026-06-17T19:40:05+0900,GBIKE,2823,2823,65.53737159050655,33.0,66.0,0,190
2026-06-17T19:50:10+0900,ALPACA,1368,1368,75.20833333333333,44.0,77.0,0,195
2026-06-17T19:50:10+0900,GBIKE,2822,2822,65.5024805102764,33.0,66.0,0,190
2026-06-17T20:00:21+0900,ALPACA,1368,1368,75.20833333333333,44.0,77.0,0,195
2026-06-17T20:00:21+0900,GBIKE,2823,2823,65.45164718384697,33.0,66.0,0,189
2026-06-17T20:10:12+0900,ALPACA,1368,1368,75.20833333333333,44.0,77.0,0,195
2026-06-17T20:10:12+0900,GBIKE,2823,2823,65.40701381509032,33.0,66.0,0,188
2026-06-17T20:20:14+0900,ALPACA,1368,1368,75.20833333333333,44.0,77.0,0,195
2026-06-17T20:20:14+0900,GBIKE,2823,2823,65.37123627346794,33.0,66.0,0,189
2026-06-17T20:30:12+0900,ALPACA,1368,1368,75.20833333333333,44.0,77.0,0,195
2026-06-17T20:30:12+0900,GBIKE,2823,2823,65.3266029047113,33.0,66.0,0,189
2026-06-17T20:40:06+0900,ALPACA,1368,1368,75.20833333333333,44.0,77.0,0,195
2026-06-17T20:40:06+0900,GBIKE,2823,2823,65.34821112291888,33.0,66.0,0,189
2026-06-17T20:50:05+0900,ALPACA,1368,1368,75.20833333333333,44.0,77.0,0,195
2026-06-17T20:50:05+0900,GBIKE,2823,2823,65.37513283740701,33.0,66.0,0,189
2026-06-17T21:00:14+0900,ALPACA,1368,1368,75.20833333333333,44.0,77.0,0,195
2026-06-17T21:00:14+0900,GBIKE,2823,2823,65.39461565710238,33.0,66.0,0,189
2026-06-17T21:10:12+0900,ALPACA,1368,1368,75.20833333333333,44.0,77.0,0,195
2026-06-17T21:10:12+0900,GBIKE,2823,2823,65.37513283740701,33.0,66.0,0,189
2026-06-17T21:20:19+0900,ALPACA,1368,1368,75.20833333333333,44.0,77.0,0,195
2026-06-17T21:20:19+0900,GBIKE,2823,2823,65.35671271696776,33.0,66.0,0,189
2026-06-17T21:30:09+0900,ALPACA,1368,1368,75.20833333333333,44.0,77.0,0,195
2026-06-17T21:30:09+0900,GBIKE,2823,2823,65.38115479985831,33.0,66.0,0,189
2026-06-17T21:40:07+0900,ALPACA,1368,1368,75.20833333333333,44.0,77.0,0,195
2026-06-17T21:40:07+0900,GBIKE,2823,2823,65.3931987247609,33.0,66.0,0,190
2026-06-17T21:50:08+0900,ALPACA,1368,1368,75.20833333333333,44.0,77.0,0,195
2026-06-17T21:50:08+0900,GBIKE,2823,2823,65.4512929507616,33.0,66.0,0,190
2026-06-17T22:00:10+0900,ALPACA,1368,1368,75.20833333333333,44.0,77.0,0,195
2026-06-17T22:00:10+0900,GBIKE,2823,2823,65.45341834927382,33.0,66.0,0,190
2026-06-17T22:10:12+0900,ALPACA,1368,1368,75.20833333333333,44.0,77.0,0,195
2026-06-17T22:10:12+0900,GBIKE,2823,2823,65.42578816861494,33.0,66.0,0,190
2026-06-17T22:20:13+0900,ALPACA,1368,1368,75.20833333333333,44.0,77.0,0,195
2026-06-17T22:20:13+0900,GBIKE,2823,2823,65.45802337938363,33.0,66.0,0,190
2026-06-17T22:30:06+0900,ALPACA,1368,1368,75.20833333333333,44.0,77.0,0,195
2026-06-17T22:30:06+0900,GBIKE,2823,2823,65.49911441728658,33.0,66.0,0,191
2026-06-17T22:40:03+0900,ALPACA,1368,1368,75.20833333333333,44.0,77.0,0,195
2026-06-17T22:40:03+0900,GBIKE,2823,2823,65.50761601133546,33.0,66.0,0,192
2026-06-17T22:50:13+0900,ALPACA,1368,1368,75.20833333333333,44.0,77.0,0,195
2026-06-17T22:50:13+0900,GBIKE,2823,2823,65.44916755224938,33.0,66.0,0,192
2026-06-17T23:00:19+0900,ALPACA,1368,1368,75.20833333333333,44.0,77.0,0,195
2026-06-17T23:00:19+0900,GBIKE,2823,2823,65.39780375487071,33.0,66.0,0,192
2026-06-17T23:10:09+0900,ALPACA,1368,1368,75.20833333333333,44.0,77.0,0,195
2026-06-17T23:10:09+0900,GBIKE,2823,2823,65.33085370173575,33.0,66.0,0,192
2026-06-17T23:20:10+0900,ALPACA,1368,1368,75.20833333333333,44.0,77.0,0,195
2026-06-17T23:20:10+0900,GBIKE,2823,2823,65.28090683669855,33.0,66.0,0,192
2026-06-17T23:30:10+0900,ALPACA,1368,1368,75.20833333333333,44.0,77.0,0,195
2026-06-17T23:30:10+0900,GBIKE,2823,2823,65.23308537017357,33.0,65.0,0,192
2026-06-17T23:40:06+0900,ALPACA,1368,1368,75.20833333333333,44.0,77.0,0,195
2026-06-17T23:40:06+0900,GBIKE,2823,2823,65.14523556500177,33.0,65.0,0,191
2026-06-17T23:50:11+0900,ALPACA,1368,1368,75.20833333333333,44.0,77.0,0,195
2026-06-17T23:50:11+0900,GBIKE,2823,2823,65.07190931633015,32.19999999999999,65.0,0,191
2026-06-18T00:00:53+0900,ALPACA,1368,1368,75.20833333333333,44.0,77.0,0,195
2026-06-18T00:00:53+0900,GBIKE,2823,2823,65.03400637619553,32.0,65.0,0,191
2026-06-18T00:10:06+0900,ALPACA,1368,1368,75.20833333333333,44.0,77.0,0,195
2026-06-18T00:10:06+0900,GBIKE,2823,2823,64.97449521785335,32.0,65.0,0,192
2026-06-18T00:15:15+0900,ALPACA,1368,1368,75.20833333333333,44.0,77.0,0,195
2026-06-18T00:15:15+0900,GBIKE,2823,2823,64.94615657102374,32.0,65.0,0,191
2026-06-18T00:20:05+0900,ALPACA,1368,1368,75.20833333333333,44.0,77.0,0,195
2026-06-18T00:20:05+0900,GBIKE,2823,2823,64.9202975557917,32.0,65.0,0,191
2026-06-18T00:25:03+0900,ALPACA,1368,1368,75.20833333333333,44.0,77.0,0,195
2026-06-18T00:25:03+0900,GBIKE,2823,2823,64.8823946156571,32.0,65.0,0,190
2026-06-18T00:30:09+0900,ALPACA,1368,1368,75.20833333333333,44.0,77.0,0,195
2026-06-18T00:30:09+0900,GBIKE,2823,2823,64.86432872830322,32.0,65.0,0,190
2026-06-18T00:35:03+0900,ALPACA,1368,1368,75.20833333333333,44.0,77.0,0,195
2026-06-18T00:35:03+0900,GBIKE,2823,2823,64.83953241232732,32.0,65.0,0,190
2026-06-18T00:40:09+0900,ALPACA,1368,1368,75.20833333333333,44.0,77.0,0,195
2026-06-18T00:40:09+0900,GBIKE,2823,2823,64.82571732199787,32.0,65.0,0,190
2026-06-18T00:45:05+0900,ALPACA,1368,1368,75.20833333333333,44.0,77.0,0,195
2026-06-18T00:45:05+0900,GBIKE,2823,2823,64.80658873538789,32.0,65.0,0,190
2026-06-18T00:50:12+0900,ALPACA,1368,1368,75.20833333333333,44.0,77.0,0,195
2026-06-18T00:50:12+0900,GBIKE,2823,2823,64.78639744952179,32.0,65.0,0,190
2026-06-18T00:55:05+0900,ALPACA,1368,1368,75.20833333333333,44.0,77.0,0,195
2026-06-18T00:55:05+0900,GBIKE,2823,2823,64.75557917109458,32.0,65.0,0,190
2026-06-18T01:00:11+0900,ALPACA,1368,1368,75.20833333333333,44.0,77.0,0,195
2026-06-18T01:00:11+0900,GBIKE,2823,2823,64.73609635139923,32.0,65.0,0,191
2026-06-18T01:05:08+0900,ALPACA,1368,1368,75.20833333333333,44.0,77.0,0,195
2026-06-18T01:05:08+0900,GBIKE,2823,2823,64.72263549415516,32.0,65.0,0,191
2026-06-18T01:10:05+0900,ALPACA,1368,1368,75.20833333333333,44.0,77.0,0,195
2026-06-18T01:10:05+0900,GBIKE,2823,2823,64.71590506553312,32.0,65.0,0,191
2026-06-18T01:15:10+0900,ALPACA,1368,1368,75.20833333333333,44.0,77.0,0,195
2026-06-18T01:15:10+0900,GBIKE,2823,2823,64.6840240878498,32.0,65.0,0,190
2026-06-18T01:20:09+0900,ALPACA,1368,1368,75.20833333333333,44.0,77.0,0,195
2026-06-18T01:20:09+0900,GBIKE,2823,2823,64.66772936592278,32.0,65.0,0,190
2026-06-18T01:25:05+0900,ALPACA,1368,1368,75.20833333333333,44.0,77.0,0,195
2026-06-18T01:25:05+0900,GBIKE,2823,2823,64.64647538080057,32.0,65.0,0,190
2026-06-18T01:30:10+0900,ALPACA,1368,1368,75.20833333333333,44.0,77.0,0,195
2026-06-18T01:30:10+0900,GBIKE,2823,2823,64.63124335812965,32.0,65.0,0,190
2026-06-18T01:35:08+0900,ALPACA,1368,1368,75.20833333333333,44.0,77.0,0,195
2026-06-18T01:35:08+0900,GBIKE,2823,2823,64.62522139567835,32.0,65.0,0,190
2026-06-18T01:40:06+0900,ALPACA,1368,1368,75.20833333333333,44.0,77.0,0,195
2026-06-18T01:40:06+0900,GBIKE,2823,2823,64.60255047821467,32.0,65.0,0,190
2026-06-18T01:45:08+0900,ALPACA,1368,1368,75.20833333333333,44.0,77.0,0,195
2026-06-18T01:45:08+0900,GBIKE,2823,2823,64.58979808714133,32.0,65.0,0,190
2026-06-18T01:50:09+0900,ALPACA,1368,1368,75.20833333333333,44.0,77.0,0,195
2026-06-18T01:50:09+0900,GBIKE,2823,2823,64.5759829968119,32.0,65.0,0,190
2026-06-18T01:55:06+0900,ALPACA,1368,1368,75.20833333333333,44.0,77.0,0,195
2026-06-18T01:55:06+0900,GBIKE,2823,2823,64.55012398157987,32.0,65.0,0,190
2026-06-18T02:00:13+0900,ALPACA,1368,1368,75.20833333333333,44.0,77.0,0,195
2026-06-18T02:00:13+0900,GBIKE,2823,2823,64.52709883103081,32.0,65.0,0,190
2026-06-18T02:05:05+0900,ALPACA,1368,1368,75.20833333333333,44.0,77.0,0,195
2026-06-18T02:05:05+0900,GBIKE,2823,2823,64.50690754516472,32.0,65.0,0,190
2026-06-18T02:10:10+0900,ALPACA,1368,1368,75.20833333333333,44.0,77.0,0,195
2026-06-18T02:10:10+0900,GBIKE,2823,2823,64.49132128940843,32.0,65.0,0,190
2026-06-18T02:15:18+0900,ALPACA,1368,1368,75.20833333333333,44.0,77.0,0,195
2026-06-18T02:15:18+0900,GBIKE,2823,2823,64.4714842366277,32.0,64.0,0,190
2026-06-18T02:20:04+0900,ALPACA,1368,1368,75.20833333333333,44.0,77.0,0,195
2026-06-18T02:20:04+0900,GBIKE,2823,2823,64.44845908607864,32.0,64.0,0,190
2026-06-18T02:25:05+0900,ALPACA,1368,1368,75.20833333333333,44.0,77.0,0,195
2026-06-18T02:25:05+0900,GBIKE,2823,2823,64.4346439957492,32.0,64.0,0,190
2026-06-18T02:30:10+0900,ALPACA,1368,1368,75.20833333333333,44.0,77.0,0,195
2026-06-18T02:30:10+0900,GBIKE,2823,2823,64.40913921360256,32.0,64.0,0,189
2026-06-18T02:35:08+0900,ALPACA,1368,1368,75.20833333333333,44.0,77.0,0,195
2026-06-18T02:35:08+0900,GBIKE,2823,2823,64.40240878498052,32.0,64.0,0,189
2026-06-18T02:40:05+0900,ALPACA,1368,1368,75.20833333333333,44.0,77.0,0,195
2026-06-18T02:40:05+0900,GBIKE,2823,2823,64.39249025859016,32.0,64.0,0,189
2026-06-18T02:45:10+0900,ALPACA,1368,1368,75.20833333333333,44.0,77.0,0,195
2026-06-18T02:45:10+0900,GBIKE,2823,2823,64.38646829613886,32.0,64.0,0,189
