hour,hour_label,origin,destination,demand,served,unmet,rate,base_rate,regression_rate,empirical_rate,normal_z,normal_quantile,origin_latitude,origin_longitude,dest_latitude,dest_longitude
4,04:00-05:00,grid_8150_22782,grid_8151_22782,1,1,0,0.42994547083442014,0.42994547083442014,0.40301880555866093,0.4444444444444444,-1.4796143553235506,0.06948809663457722,36.60853252941177,127.28864840522877,36.61146690849673,127.28833963398694
4,04:00-05:00,grid_8123_22775,grid_8123_22775,1,0,1,0.29046360461860565,0.29046360461860565,0.41719760049760357,0.2222222222222222,1.0040601481465585,0.8423251886428366,36.486928618705036,127.2492119352518,36.48672185611511,127.24928810791367
4,04:00-05:00,grid_8151_22782,grid_8150_22782,3,3,0,1.9165652456786917,1.9165652456786917,0.3171705432089604,2.7777777777777777,-0.020528466783794053,0.49181090182432635,36.611647683453235,127.28828543884892,36.608404,127.28860376978419
4,04:00-05:00,grid_8129_22777,grid_8129_22778,1,0,1,0.1299216278055549,0.1299216278055549,0.371204650873014,0.0,0.09037892703680224,0.5360069490300219,36.5145234488189,127.25926370866142,36.51463179527559,127.26548879527559
4,04:00-05:00,grid_8129_22777,grid_8130_22773,1,0,1,0.001734983725845015,0.001734983725845015,0.004957096359557186,0.0,0.43641232054590967,0.6687311992490647,36.51468,127.25882544444443,36.518954888888885,127.23838366666668
4,04:00-05:00,grid_8122_22775,grid_8123_22775,1,0,1,0.14547645073174156,0.14547645073174156,0.20929779574148388,0.1111111111111111,1.8924001690083467,0.9707811582311796,36.483427569444444,127.24996948611111,36.48656019444444,127.24952426388889
4,04:00-05:00,grid_8149_22783,grid_8150_22782,1,1,0,0.21063422866477716,0.21063422866477716,0.1891136692009506,0.2222222222222222,0.394423065294895,0.6533656412414358,36.604029242857145,127.29334848571429,36.60859451428571,127.2884215
4,04:00-05:00,grid_8122_22784,grid_8121_22782,1,0,1,0.05022640044413552,0.05022640044413552,0.14350400126895863,0.0,1.8155627081174692,0.9652812607622342,36.48253444444444,127.29883933333333,36.478228333333334,127.28937301851853
4,04:00-05:00,grid_8127_22775,grid_8127_22777,1,0,1,0.037702785876739996,0.037702785876739996,0.10772224536211428,0.0,-1.275610082390841,0.10104669410947015,36.505046428571426,127.24995514285713,36.505441023809524,127.26113757142858
4,04:00-05:00,grid_8122_22783,grid_8121_22782,1,0,1,0.036975690969034164,0.036975690969034164,0.10564483134009763,0.0,-0.45386088739073976,0.3249644782281975,36.48265704878049,127.29439602439024,36.478321219512196,127.2892602195122
4,04:00-05:00,grid_8125_22775,grid_8124_22774,1,0,1,0.03697569096903418,0.03697569096903418,0.10564483134009765,0.0,0.13678997827916378,0.5544015973233156,36.49496595,127.248870775,36.491971925,127.2447406
4,04:00-05:00,grid_8126_22775,grid_8126_22776,1,0,1,0.03204019214996955,0.03204019214996955,0.09154340614277016,0.0,0.9838629120666619,0.8374085393147257,36.50131655263158,127.24901028947369,36.50013547368421,127.2552309736842
4,04:00-05:00,grid_8130_22775,grid_8128_22775,1,0,1,0.10253154996177533,0.10253154996177533,0.08659807925586606,0.1111111111111111,0.6808246523477186,0.7520087754133233,36.518188342857144,127.25097605714285,36.511144914285715,127.24951085714285
4,04:00-05:00,grid_8124_22775,grid_8123_22775,1,0,1,0.03162377246913983,0.03162377246913983,0.09035363562611382,0.0,-0.07995757864672881,0.4681354976168529,36.49209276470589,127.24898182352942,36.48688882352941,127.24991061764706
4,04:00-05:00,grid_8128_22775,grid_8130_22773,1,0,1,0.08942971281749618,0.08942971281749618,0.04916425884363991,0.1111111111111111,-1.3329830234613453,0.09126868749292977,36.511399652173914,127.24869704347827,36.51848404347826,127.238319
4,04:00-05:00,grid_8128_22775,grid_8129_22778,1,0,1,0.07850119800040387,0.07850119800040387,0.0179399307948047,0.1111111111111111,-0.8910380856181306,0.18645436926405923,36.511338307692306,127.24989584615385,36.514063615384615,127.26572092307691
4,04:00-05:00,grid_8123_22776,grid_8126_22775,1,0,1,0.08825322726244708,0.08825322726244708,0.04580287154349964,0.1111111111111111,-1.0913167964244164,0.13756675473209135,36.48732736363636,127.25696131818182,36.501183227272726,127.24840913636363
4,04:00-05:00,grid_8124_22777,grid_8126_22776,1,0,1,0.07802699962171944,0.07802699962171944,0.01658507828427778,0.1111111111111111,-0.4008915791497004,0.344249974996226,36.49075507692308,127.2604426153846,36.49996884615385,127.25552207692309
4,04:00-05:00,grid_8124_22777,grid_8124_22775,1,0,1,0.14891592600200346,0.14891592600200346,0.012775661593025785,0.2222222222222222,-0.01360429393539131,0.49457283936161284,36.49104254545455,127.25851154545454,36.49203218181818,127.2494469090909
4,04:00-05:00,grid_8149_22782,grid_8149_22783,1,1,0,0.07508774167280292,0.07508774167280292,0.008187198430230592,0.1111111111111111,1.233800907916141,0.8913614494817709,36.6040267,127.29012789999999,36.6035935,127.2928498
4,04:00-05:00,grid_8120_22775,grid_8120_22776,1,0,1,0.14505251453656137,0.14505251453656137,0.0017373431203341438,0.2222222222222222,-0.01989428200840193,0.4920638532700133,36.475047875,127.249936375,36.4745255,127.254066125
4,04:00-05:00,grid_8149_22781,grid_8151_22781,1,0,1,0.07222222222222222,0.07222222222222222,0.0,0.1111111111111111,-0.5650173461203085,0.2860309829124781,36.602615,127.28146,36.61195,127.284836
5,05:00-06:00,grid_8123_22776,grid_8123_22775,1,0,1,0.24616768547173132,0.24616768547173132,0.7033362442049467,0.0,0.7720634532276738,0.7799615766871419,36.4874826302521,127.25658496218487,36.48677772268908,127.24978823529412
5,05:00-06:00,grid_8123_22776,grid_8124_22776,1,0,1,0.17416447854494513,0.17416447854494513,0.29126358949349407,0.1111111111111111,-1.104709503439213,0.13464274207371296,36.48754262376238,127.25677698019803,36.49086030693069,127.25622008910891
5,05:00-06:00,grid_8151_22782,grid_8150_22782,1,1,0,0.6165947641963637,0.6165947641963637,0.3172548818308806,0.7777777777777778,-1.0112161321913764,0.15595649813513707,36.611647683453235,127.28828543884892,36.608404,127.28860376978419
5,05:00-06:00,grid_8124_22776,grid_8125_22775,2,0,2,0.4105978536178452,0.4105978536178452,0.3477398992255894,0.4444444444444444,-0.40088043691498754,0.3442540768929734,36.491381146551724,127.2563919913793,36.49579745689655,127.24914803448276
5,05:00-06:00,grid_8124_22776,grid_8125_22774,1,0,1,0.11770310080152499,0.11770310080152499,0.1299453673694365,0.1111111111111111,-0.0363691441561957,0.48549400864575726,36.491784145833336,127.25589672916668,36.496234083333334,127.24379649999999
5,05:00-06:00,grid_8150_22781,grid_8150_22782,1,1,0,0.1609430896416592,0.1609430896416592,0.25348819262696287,0.1111111111111111,-1.433484366041558,0.07585973181224198,36.60898307,127.28455935,36.60873978,127.28914721
5,05:00-06:00,grid_8150_22782,grid_8149_22782,1,1,0,0.07828451930969137,0.07828451930969137,0.22367005517054678,0.0,0.9300610129157819,0.8238302523636144,36.60860547560976,127.28799259756097,36.60363220731707,127.28990746341464
5,05:00-06:00,grid_8150_22782,grid_8151_22781,1,1,0,0.5716237165050536,0.5716237165050536,0.1887661741414231,0.7777777777777778,-0.13378449816617088,0.44678649283096594,36.609084055555556,127.28847977777777,36.61173016666666,127.28474981944444
5,05:00-06:00,grid_8125_22775,grid_8125_22776,1,0,1,0.14414741284112081,0.14414741284112081,0.20550054462542452,0.1111111111111111,1.2707424813204504,0.8980898613588834,36.49549568115942,127.24933346376811,36.494686,127.25589833333333
5,05:00-06:00,grid_8128_22774,grid_8127_22775,1,0,1,0.05316928143077421,0.05316928143077421,0.15191223265935488,0.0,1.4585300058671602,0.9276527446783644,36.51096547368421,127.24306333333334,36.50499142105263,127.24910159649123
5,05:00-06:00,grid_8128_22774,grid_8129_22775,1,0,1,0.029413456584536934,0.029413456584536934,0.08403844738439124,0.0,1.3467881383548261,0.910975761974439,36.51109005882353,127.24302879411765,36.51235088235294,127.24877985294118
5,05:00-06:00,grid_8127_22775,grid_8128_22775,1,0,1,0.04843865237769091,0.04843865237769091,0.13839614965054547,0.0,1.3683223547710148,0.9143944018033823,36.50480371153846,127.24986261538461,36.51078046153846,127.24959803846153
5,05:00-06:00,grid_8123_22777,grid_8123_22775,1,0,1,0.19033409435343945,0.19033409435343945,0.1311132854542715,0.2222222222222222,1.0846886522399792,0.8609702122473342,36.48802421568627,127.26035684313726,36.48667474509804,127.25039478431373
5,05:00-06:00,grid_8123_22777,grid_8123_22778,1,0,1,0.0939049377712684,0.0939049377712684,0.0619506158544177,0.1111111111111111,0.45415391930303906,0.6751409764870695,36.48678040740741,127.26187614814815,36.48826203703704,127.26624848148148
5,05:00-06:00,grid_8123_22777,grid_8123_22777,1,0,1,0.015567232779779581,0.015567232779779581,0.04447780794222738,0.0,0.39745495700339806,0.6544840020444412,36.487461714285715,127.26046123809523,36.48724442857143,127.26115642857143
5,05:00-06:00,grid_8151_22781,grid_8151_22782,1,1,0,0.04675202100860475,0.04675202100860475,0.13357720288172786,0.0,0.08996330264393357,0.5358418116067913,36.61172360784314,127.28470384313725,36.611199235294116,127.28945868627451
5,05:00-06:00,grid_8127_22777,grid_8127_22775,1,0,1,0.035760569367395086,0.035760569367395086,0.10217305533541454,0.0,1.0269560910630267,0.8477794298456027,36.50471438461538,127.2611405128205,36.505240410256405,127.25069584615386
5,05:00-06:00,grid_8130_22772,grid_8129_22771,1,0,1,0.10428687646139514,0.10428687646139514,0.09161329782620839,0.1111111111111111,0.11859457213486091,0.5472017170938275,36.51901610810811,127.23449908108108,36.51398348648649,127.22907856756757
5,05:00-06:00,grid_8125_22776,grid_8124_22777,1,0,1,0.028404149128769405,0.028404149128769405,0.08115471179648402,0.0,1.1776801553804919,0.8805379294170383,36.49516644117647,127.25625405882353,36.49096705882353,127.25981164705884
5,05:00-06:00,grid_8123_22775,grid_8123_22777,1,0,1,0.3895152602398806,0.3895152602398806,0.08115471179648402,0.5555555555555556,0.16012577883175855,0.5636090026952005,36.486843939393935,127.24986257575758,36.487826,127.26072245454546
5,05:00-06:00,grid_8150_22783,grid_8151_22782,2,2,0,0.10163567880675915,0.10163567880675915,0.08403844738439124,0.1111111111111111,0.9342526291115121,0.8249132032179707,36.608655212121214,127.29241545454545,36.61138851515152,127.28874633333335
5,05:00-06:00,grid_8130_22774,grid_8130_22773,1,0,1,0.09480641019091891,0.09480641019091891,0.06452625133913344,0.1111111111111111,-1.516183999145011,0.06473641643675665,36.518254551724134,127.24370755172414,36.5194415862069,127.23695396551724
5,05:00-06:00,grid_8130_22773,grid_8129_22771,1,0,1,0.01950631744618262,0.01950631744618262,0.055732335560521776,0.0,1.950591357585325,0.9744471619461139,36.51857026923077,127.23794657692308,36.51446276923077,127.22885211538461
5,05:00-06:00,grid_8128_22772,grid_8129_22772,1,0,1,0.08867609504226334,0.08867609504226334,0.04701106520011752,0.1111111111111111,-0.44886656100622946,0.3267639597473923,36.510979115384615,127.23282330769231,36.5134193076923,127.23275765384616
5,05:00-06:00,grid_8121_22776,grid_8121_22775,1,0,1,0.01508067196404329,0.01508067196404329,0.04308763418298083,0.0,0.41262923339886165,0.6600608601209627,36.479484047619046,127.25409514285714,36.477977857142854,127.25043885714285
5,05:00-06:00,grid_8124_22777,grid_8125_22778,1,0,1,0.009269669352982122,0.009269669352982122,0.02648476957994892,0.0,0.2890477645674399,0.6137275870289836,36.491130687500004,127.2598991875,36.4956994375,127.2652521875
5,05:00-06:00,grid_8124_22777,grid_8122_22775,1,0,1,0.006301788372944853,0.006301788372944853,0.018005109636985296,0.0,-1.4913555196768198,0.06793408982210519,36.49007423076923,127.2589636153846,36.48399553846154,127.24953061538461
5,05:00-06:00,grid_8133_22778,grid_8129_22777,1,0,1,0.07624457778225195,0.07624457778225195,0.0114924444572278,0.1111111111111111,-0.14358244569614198,0.4429151016564127,36.531547818181814,127.26561554545455,36.51481363636364,127.2591519090909
5,05:00-06:00,grid_8125_22778,grid_8127_22778,1,0,1,0.07464065047742505,0.07464065047742505,0.006909795014865238,0.1111111111111111,-1.5091203997037383,0.06563400863499014,36.495896900000005,127.26548840000001,36.5036003,127.2666266
5,05:00-06:00,grid_8121_22779,grid_8119_22781,1,0,1,0.21666666666666667,0.21666666666666667,0.0,0.3333333333333333,2.6680366780621125,0.996185203573644,36.478962,127.27016633333334,36.469196333333336,127.280602
5,05:00-06:00,grid_8125_22789,grid_8125_22788,1,0,1,0.07222222222222222,0.07222222222222222,0.0,0.1111111111111111,0.5105161569985569,0.6951550509035737,36.495305,127.325141,36.497888,127.32258
5,05:00-06:00,grid_8122_22776,grid_8126_22774,1,0,1,0.07222222222222222,0.07222222222222222,0.0,0.1111111111111111,0.1990637023963508,0.578893542872289,36.481165,127.252393,36.501737,127.243063
6,06:00-07:00,grid_8123_22775,grid_8123_22775,1,0,1,0.3640490884277071,0.3640490884277071,0.4210926336029728,0.3333333333333333,0.17924558154599413,0.571127562826702,36.486928618705036,127.2492119352518,36.48672185611511,127.24928810791367
6,06:00-07:00,grid_8128_22778,grid_8129_22777,2,0,2,0.3366429744751732,0.3366429744751732,0.34278945088144736,0.3333333333333333,0.7237178726976744,0.7653805208442674,36.51007996581196,127.26617884615385,36.51404345299146,127.25967005982905
6,06:00-07:00,grid_8133_22777,grid_8132_22778,1,0,1,0.4096051167101908,0.4096051167101908,0.3449035080608626,0.4444444444444444,1.2188056147239672,0.8885410100283905,36.53074722413793,127.25917694827587,36.529259353448275,127.26429103448275
6,06:00-07:00,grid_8133_22777,grid_8130_22776,1,0,1,0.07222222222222222,0.07222222222222222,0.0,0.1111111111111111,1.3368552212695908,0.9093650500874347,36.530296,127.258728,36.518537,127.257493
6,06:00-07:00,grid_8124_22776,grid_8125_22775,1,0,1,0.19519734960667914,0.19519734960667914,0.3513575068127341,0.1111111111111111,0.6795481593910532,0.7516046980407389,36.491381146551724,127.2563919913793,36.49579745689655,127.24914803448276
6,06:00-07:00,grid_8124_22776,grid_8122_22777,1,0,1,0.061438917894707006,0.061438917894707006,0.1755397654134486,0.0,0.5724479857735134,0.7164907426981834,36.49066985483871,127.2565740483871,36.483023854838706,127.26022041935484
6,06:00-07:00,grid_8124_22776,grid_8122_22776,1,0,1,0.09420368764682045,0.09420368764682045,0.06280418692742354,0.1111111111111111,0.5736679210551417,0.7169037299828017,36.490150923076925,127.25668273076923,36.48303076923077,127.2535335
6,06:00-07:00,grid_8124_22776,grid_8121_22777,1,0,1,0.011873519753486418,0.011873519753486418,0.03392434215281834,0.0,-0.3048867242551665,0.3802262136001676,36.490931823529415,127.25575100000002,36.47933423529412,127.26123352941177
6,06:00-07:00,grid_8129_22777,grid_8128_22778,1,0,1,0.1792385875762138,0.1792385875762138,0.3057610438685474,0.1111111111111111,-0.5608466471660563,0.2874510418725997,36.51409285981308,127.25992173831776,36.50993799065421,127.26573695327103
6,06:00-07:00,grid_8125_22776,grid_8125_22775,1,0,1,0.07987798753403205,0.07987798753403205,0.2282228215258059,0.0,0.9563571991362717,0.8305540995991235,36.4948034047619,127.25588263095237,36.49571840476191,127.2494781547619
6,06:00-07:00,grid_8129_22775,grid_8129_22774,1,0,1,0.056954614035510984,0.056954614035510984,0.16272746867288854,0.0,0.14434936562745795,0.5573877008368917,36.51270058064516,127.24882187096775,36.51365880645161,127.2444438548387
6,06:00-07:00,grid_8128_22775,grid_8129_22774,1,0,1,0.05188436434187117,0.05188436434187117,0.1482410409767748,0.0,1.1800028498666373,0.8810004592772157,36.51129975,127.24965080357143,36.51339569642857,127.24417078571427
6,06:00-07:00,grid_8125_22774,grid_8124_22776,1,0,1,0.046110202608360115,0.046110202608360115,0.13174343602388605,0.0,-0.4854504004109159,0.31367844406473766,36.496077130434784,127.24368858695652,36.49139923913043,127.25604832608697
6,06:00-07:00,grid_8121_22782,grid_8120_22781,1,0,1,0.03980530180590992,0.03980530180590992,0.11372943373117123,0.0,1.0872239879013152,0.8615310839965199,36.47768529268293,127.28830385365853,36.47438641463415,127.28276380487806
6,06:00-07:00,grid_8121_22782,grid_8121_22783,1,0,1,0.027700869917877007,0.027700869917877007,0.07914534262250573,0.0,0.06773873864052443,0.5270031944292122,36.47837028125,127.28822646875,36.47864609375,127.29448725
6,06:00-07:00,grid_8130_22772,grid_8129_22771,1,0,1,0.10531241558266748,0.10531241558266748,0.09454340960127218,0.1111111111111111,0.24097130466794345,0.5952113215868343,36.51901610810811,127.23449908108108,36.51398348648649,127.22907856756757
6,06:00-07:00,grid_8120_22776,grid_8121_22777,1,0,1,0.5369101273890206,0.5369101273890206,0.08958449095275728,0.7777777777777778,-0.8008636347816303,0.2116052973219913,36.474403611111114,127.25484033333333,36.47939072222222,127.26157633333332
6,06:00-07:00,grid_8128_22777,grid_8127_22777,1,0,1,0.17457720529473292,0.17457720529473292,0.0860936024293957,0.2222222222222222,1.9204451968827645,0.972599155385994,36.508855,127.26174876470589,36.50517705882353,127.26140447058822
6,06:00-07:00,grid_8128_22777,grid_8128_22778,1,0,1,0.02487548086426125,0.02487548086426125,0.07107280246931787,0.0,-0.36726234009128533,0.3567116712480236,36.50906796428571,127.26197792857144,36.50968507142857,127.26632
6,06:00-07:00,grid_8126_22775,grid_8126_22775,1,0,1,0.029718420248962287,0.029718420248962287,0.08490977213989226,0.0,0.3648005901310871,0.642369867724302,36.5011104375,127.249284125,36.50128375,127.24882025
6,06:00-07:00,grid_8126_22775,grid_8124_22775,1,0,1,0.08409574197570863,0.08409574197570863,0.03392434215281834,0.1111111111111111,-0.2559037910200699,0.39901256363170035,36.501044529411764,127.24861164705884,36.49210388235294,127.24961835294118
6,06:00-07:00,grid_8127_22773,grid_8126_22773,1,0,1,0.17002428493521768,0.17002428493521768,0.07308525854506645,0.2222222222222222,-0.7613068729718255,0.22323689818607861,36.50507910344828,127.23861317241379,36.50089179310345,127.23688413793103
6,06:00-07:00,grid_8122_22784,grid_8123_22784,1,0,1,0.025079953145362894,0.025079953145362894,0.07165700898675113,0.0,0.1664538224461638,0.5661000897565076,36.48310227586207,127.29883079310345,36.48666458620689,127.30078972413793
6,06:00-07:00,grid_8122_22784,grid_8122_22783,1,0,1,0.010714123554747143,0.010714123554747143,0.030611781584991837,0.0,0.5340961526086556,0.7033624942601396,36.4834775625,127.298873625,36.4832876875,127.2942319375
6,06:00-07:00,grid_8124_22777,grid_8122_22777,1,0,1,0.23696283956689812,0.23696283956689812,0.057989065429232746,0.3333333333333333,0.4144945340247451,0.6607440153734462,36.49050628,127.25974004,36.48307516,127.26089736
6,06:00-07:00,grid_8123_22776,grid_8121_22777,1,0,1,0.09350607638602038,0.09350607638602038,0.06081101189656618,0.1111111111111111,1.050606734627509,0.853280376651437,36.487931159999995,127.25737448,36.479068160000004,127.26048768000001
6,06:00-07:00,grid_8122_22776,grid_8122_22775,1,0,1,0.0148878114901626,0.0148878114901626,0.042536604257607434,0.0,1.0245801453941739,0.8472193316170578,36.48230825,127.25421954999999,36.4838648,127.25109990000001
6,06:00-07:00,grid_8119_22780,grid_8120_22780,1,0,1,0.012553449784200922,0.012553449784200922,0.03586699938343121,0.0,-0.21747040759409475,0.4139208832333272,36.46982077777778,127.276724,36.47286366666666,127.27790644444445
6,06:00-07:00,grid_8131_22772,grid_8130_22773,1,0,1,0.013036642447690868,0.013036642447690868,0.03724754985054534,0.0,0.3081176379185536,0.6210035897077775,36.52231972222222,127.23308205555557,36.51881538888889,127.23825811111111
6,06:00-07:00,grid_8131_22772,grid_8129_22773,2,0,2,0.14444444444444443,0.14444444444444443,0.0,0.2222222222222222,1.2008837776042465,0.8851018560716735,36.5222688,127.2339956,36.5132086,127.2409792
6,06:00-07:00,grid_8130_22776,grid_8130_22775,1,0,1,0.009079878646425078,0.009079878646425078,0.025942510418357368,0.0,-1.0839934417023698,0.13918385334696942,36.51833393333333,127.25516706666667,36.51822753333333,127.2513474
6,06:00-07:00,grid_8129_22773,grid_8127_22773,1,0,1,0.36769928653000233,0.36769928653000233,0.018823358339689004,0.5555555555555556,0.5212561773853253,0.6989058378047249,36.514381416666666,127.23969083333333,36.50592266666667,127.23814091666667
6,06:00-07:00,grid_8122_22774,grid_8123_22776,1,0,1,0.07766793500561114,0.07766793500561114,0.015559179381111206,0.1111111111111111,0.7394307763252597,0.7701772701043967,36.48278641666666,127.24628899999999,36.48731675,127.25732599999999
6,06:00-07:00,grid_8150_22782,grid_8149_22784,1,1,0,0.0038353368419739293,0.0038353368419739293,0.010958105262782656,0.0,0.8232450312255978,0.7948156671545505,36.6083752,127.28886729999999,36.6046559,127.2978404
6,06:00-07:00,grid_8149_22782,grid_8149_22783,1,1,0,0.0038353368419739293,0.0038353368419739293,0.010958105262782656,0.0,0.07100339832576497,0.52830247457671,36.6040267,127.29012789999999,36.6035935,127.2928498
6,06:00-07:00,grid_8127_22775,grid_8127_22776,1,0,1,0.07539397891735147,0.07539397891735147,0.009062161986083613,0.1111111111111111,-0.2962591089842359,0.3835161056188888,36.504972555555554,127.24957411111112,36.50437733333334,127.25466288888889
6,06:00-07:00,grid_8120_22775,grid_8124_22777,2,0,2,0.28888888888888886,0.28888888888888886,0.0,0.4444444444444444,0.8014338608182052,0.788559740494997,36.475251,127.24832333333332,36.489949833333334,127.25934883333333
6,06:00-07:00,grid_8132_22777,grid_8130_22774,1,0,1,0.28888888888888886,0.28888888888888886,0.0,0.4444444444444444,0.36147382905264513,0.6411273671620358,36.52673975,127.26334575,36.51864175,127.2463355
6,06:00-07:00,grid_8129_22770,grid_8129_22771,1,0,1,0.07222222222222222,0.07222222222222222,0.0,0.1111111111111111,0.7156167487002485,0.7628859855759089,36.515022,127.223374,36.515426,127.224547
7,07:00-08:00,grid_8123_22775,grid_8123_22776,3,0,3,1.2910143739653446,1.2910143739653446,0.7997236081549526,1.5555555555555556,0.5552811724417819,0.710648822624667,36.48683560392157,127.24977767450982,36.487664847058824,127.25658410980392
7,07:00-08:00,grid_8123_22775,grid_8123_22775,3,0,3,0.36717684636325854,0.36717684636325854,0.4300290848474054,0.3333333333333333,0.40655689908873316,0.6578332706536669,36.486928618705036,127.2492119352518,36.48672185611511,127.24928810791367
7,07:00-08:00,grid_8124_22776,grid_8123_22775,1,0,1,1.0122593523045145,1.0122593523045145,0.41597910182242237,1.3333333333333333,-0.6236380664363159,0.26643265261855364,36.49082116788321,127.25572233576642,36.48714151824817,127.24963825547447
7,07:00-08:00,grid_8124_22776,grid_8127_22777,1,0,1,0.1581089095965546,0.1581089095965546,0.03904132900602905,0.2222222222222222,1.592869346404298,0.9444052478799004,36.491689888888885,127.25580833333333,36.50415127777777,127.26110472222223
7,07:00-08:00,grid_8125_22775,grid_8124_22776,2,0,2,0.3549673547143738,0.3549673547143738,0.3951448229934489,0.3333333333333333,0.7387122226470477,0.7699591188765946,36.49545076296296,127.2491430962963,36.49143771851852,127.25604124444443
7,07:00-08:00,grid_8129_22777,grid_8129_22778,1,0,1,0.13426689825630655,0.13426689825630655,0.383619709303733,0.0,0.022296269261178614,0.5088941875789353,36.5145234488189,127.25926370866142,36.51463179527559,127.26548879527559
7,07:00-08:00,grid_8129_22777,grid_8129_22774,1,0,1,0.10016387281148852,0.10016387281148852,0.07983328739790373,0.1111111111111111,-0.36484738340342876,0.35761266633680666,36.51400724137931,127.2591835862069,36.51272893103448,127.24349165517242
7,07:00-08:00,grid_8126_22775,grid_8126_22777,2,0,2,0.8797286676227316,0.8797286676227316,0.24366920908082024,1.2222222222222223,0.6313947414880812,0.7361087732728511,36.5017021,127.2496940125,36.501271100000004,127.25955583750002
7,07:00-08:00,grid_8126_22775,grid_8128_22775,1,0,1,0.08920444068613823,0.08920444068613823,0.04852062418261718,0.1111111111111111,-1.139491500191271,0.12724910573722736,36.501849736842104,127.24937778947368,36.51078478947369,127.24920847368422
7,07:00-08:00,grid_8126_22775,grid_8123_22776,1,0,1,0.2319862421044125,0.2319862421044125,0.043770215536416655,0.3333333333333333,0.7809987926289093,0.782598397587587,36.50149922222222,127.24872455555555,36.48736927777778,127.25694138888889
7,07:00-08:00,grid_8122_22777,grid_8121_22776,2,0,2,0.22773165697844644,0.22773165697844644,0.23796346438286295,0.2222222222222222,-1.480980347910151,0.06930590518629492,36.48211620253164,127.26034237974685,36.47883979746835,127.25476645569621
7,07:00-08:00,grid_8122_22777,grid_8120_22776,1,0,1,0.12125828380902759,0.12125828380902759,0.1401030331051582,0.1111111111111111,0.5834422126162975,0.7202021760358231,36.48190928571428,127.26069424489796,36.47456712244898,127.25459024489797
7,07:00-08:00,grid_8132_22778,grid_8132_22778,2,0,2,0.5786300783366495,0.5786300783366495,0.20878435080312563,0.7777777777777778,-0.03430672513156918,0.48631628107420954,36.528707732394366,127.26617153521127,36.52871407042254,127.2662959859155
7,07:00-08:00,grid_8129_22775,grid_8129_22774,1,0,1,0.20395816685968493,0.20395816685968493,0.17003920690068713,0.2222222222222222,1.0762441866025059,0.8590909685728505,36.51270058064516,127.24882187096775,36.51365880645161,127.2444438548387
7,07:00-08:00,grid_8129_22775,grid_8128_22775,1,0,1,0.016493774337732296,0.016493774337732296,0.047125069536377996,0.0,0.8365088863892529,0.7985656601805254,36.51360505263158,127.2496264736842,36.51094484210526,127.25013594736842
7,07:00-08:00,grid_8123_22776,grid_8121_22775,1,0,1,0.06414995068700334,0.06414995068700334,0.18328557339143814,0.0,0.7522297616133242,0.774043550614508,36.487640901639345,127.25665386885247,36.478365049180326,127.25040206557377
7,07:00-08:00,grid_8123_22776,grid_8125_22775,1,0,1,0.01298245153147623,0.01298245153147623,0.03709271866136066,0.0,-0.7164591072945967,0.23685395449451452,36.4879135625,127.25679099999999,36.4955275625,127.2491366875
7,07:00-08:00,grid_8121_22775,grid_8123_22775,2,0,2,0.4926473517872258,0.4926473517872258,0.16946862415397848,0.6666666666666666,1.2053573274839264,0.885967306274238,36.47806333333333,127.24948035000001,36.48616991666667,127.24915783333334
7,07:00-08:00,grid_8121_22775,grid_8124_22775,1,0,1,0.07222222222222222,0.07222222222222222,0.0,0.1111111111111111,0.36503334451494596,0.6424567420914605,36.47769649999999,127.24996949999999,36.493283500000004,127.250459
7,07:00-08:00,grid_8120_22776,grid_8122_22777,1,0,1,0.274224577211238,0.274224577211238,0.1644511729844895,0.3333333333333333,-0.8319027083575055,0.2027319315021237,36.47482834545455,127.25441469090909,36.48195289090909,127.26037421818182
7,07:00-08:00,grid_8120_22776,grid_8123_22776,1,0,1,0.4705870498819147,0.4705870498819147,0.10643919013880379,0.6666666666666666,-0.6363457250577602,0.2622755540678072,36.47470881578948,127.25466544736844,36.48734384210527,127.2572285
7,07:00-08:00,grid_8122_22784,grid_8121_22782,1,0,1,0.34273898922630197,0.34273898922630197,0.1538574295354661,0.4444444444444444,-1.803650884586387,0.03564302685386217,36.48253444444444,127.29883933333333,36.478228333333334,127.28937301851853
7,07:00-08:00,grid_8133_22776,grid_8132_22778,3,0,3,0.6333658905674706,0.6333658905674706,0.15882317939912247,0.8888888888888888,-0.16569485280795324,0.43419854846368644,36.530791074074074,127.25480333333334,36.52914038888889,127.26423118518518
7,07:00-08:00,grid_8130_22775,grid_8129_22774,1,0,1,0.2596465124851592,0.2596465124851592,0.12279955948140722,0.3333333333333333,1.9125431914163848,0.9720967208847213,36.51838067924528,127.25106173584905,36.51327637735849,127.24471545283019
7,07:00-08:00,grid_8151_22782,grid_8151_22782,1,1,0,0.19136031566060205,0.19136031566060205,0.1340453463318789,0.2222222222222222,-1.7353585668107576,0.041338657043991534,36.6117677,127.28838878,36.61188466,127.28894539999999
7,07:00-08:00,grid_8124_22777,grid_8123_22777,1,0,1,0.1176507433118311,0.1176507433118311,0.12979577454173968,0.1111111111111111,0.8647405424772474,0.8064093941171144,36.49043719148936,127.26003719148936,36.48671155319149,127.26134863829787
7,07:00-08:00,grid_8125_22774,grid_8124_22776,1,0,1,0.04860111659195965,0.04860111659195965,0.13886033311988472,0.0,0.16266080910293504,0.5646072471246204,36.496077130434784,127.24368858695652,36.49139923913043,127.25604832608697
7,07:00-08:00,grid_8125_22774,grid_8125_22775,2,0,2,0.25443649512883443,0.25443649512883443,0.10791379560619366,0.3333333333333333,-0.6127999565883901,0.2700043097925141,36.49615964864865,127.24321764864864,36.49508791891892,127.248669
7,07:00-08:00,grid_8123_22778,grid_8124_22777,1,0,1,0.04499750827491932,0.04499750827491932,0.12856430935691235,0.0,1.809070668442301,0.964779987378038,36.488462931818184,127.26544795454546,36.49060543181818,127.25974638636363
7,07:00-08:00,grid_8123_22778,grid_8123_22776,1,0,1,0.03746494042111955,0.03746494042111955,0.10704268691748443,0.0,0.002076325800322465,0.5008283335544614,36.48830671794872,127.26552684615385,36.48739874358974,127.25744666666667
7,07:00-08:00,grid_8127_22775,grid_8127_22777,1,0,1,0.11343531761938845,0.11343531761938845,0.11775170113476069,0.1111111111111111,-0.06885678420672187,0.47255180901932453,36.505046428571426,127.24995514285713,36.505441023809524,127.26113757142858
7,07:00-08:00,grid_8127_22775,grid_8127_22772,1,0,1,0.009504770191223273,0.009504770191223273,0.02715648626063792,0.0,0.2476660584206184,0.5978036023698188,36.50458576923077,127.24878076923076,36.50543084615385,127.23460376923077
7,07:00-08:00,grid_8125_22776,grid_8125_22776,1,0,1,0.5467686509527218,0.5467686509527218,0.11775170113476069,0.7777777777777778,-0.2080796933008597,0.4175833712689116,36.495515976190475,127.25613726190477,36.496007547619044,127.25591830952382
7,07:00-08:00,grid_8149_22782,grid_8151_22782,1,1,0,0.11020355606528409,0.11020355606528409,0.10851809669446251,0.1111111111111111,1.5025711304589204,0.9335251636725895,36.60365128947368,127.2898362368421,36.61158494736842,127.28822415789473
7,07:00-08:00,grid_8149_22782,grid_8150_22781,1,1,0,0.10495406758105033,0.10495406758105033,0.09351955816808036,0.1111111111111111,-0.4879463003868151,0.31279393896301194,36.60415580555556,127.28966574999998,36.60889366666667,127.28453672222223
7,07:00-08:00,grid_8128_22774,grid_8127_22774,1,0,1,0.10793172096615881,0.10793172096615881,0.10202713926839029,0.1111111111111111,0.8015864026446068,0.7886038771691695,36.510669756756755,127.24368137837838,36.505026216216216,127.2435651081081
7,07:00-08:00,grid_8127_22773,grid_8127_22775,1,0,1,0.0300760179759197,0.0300760179759197,0.08593147993119915,0.0,0.3466165023824746,0.6355602767233951,36.50523972727273,127.23911315151514,36.50443666666667,127.24960433333332
7,07:00-08:00,grid_8126_22777,grid_8127_22776,1,0,1,0.09986671227701455,0.09986671227701455,0.07898425729940667,0.1111111111111111,-2.0403724733825674,0.020656620704850914,36.501263466666664,127.25959786666667,36.50411723333333,127.2528415
7,07:00-08:00,grid_8128_22772,grid_8129_22772,2,0,2,0.23641478366448815,0.23641478366448815,0.05642319142234711,0.3333333333333333,-1.1010577934316885,0.13543575240376043,36.510979115384615,127.23282330769231,36.5134193076923,127.23275765384616
7,07:00-08:00,grid_8128_22772,grid_8129_22771,1,0,1,0.086371360742185,0.086371360742185,0.04042611005703655,0.1111111111111111,-0.3862261826521833,0.34966458218289365,36.51057929411765,127.23284882352942,36.513832529411765,127.2285731764706
7,07:00-08:00,grid_8132_22776,grid_8132_22778,1,0,1,0.16686606758569428,0.16686606758569428,0.06406178040357104,0.2222222222222222,0.08012833062169211,0.5319324046957598,36.52973829166667,127.25510075,36.52926370833333,127.26422854166667
7,07:00-08:00,grid_8149_22783,grid_8149_22783,1,1,0,0.16378953999051463,0.16378953999051463,0.05527170156020057,0.2222222222222222,0.6818850977648536,0.7523441954249276,36.60346677272727,127.29449286363636,36.60382927272727,127.29368154545455
7,07:00-08:00,grid_8127_22774,grid_8127_22774,1,0,1,0.08404172468021735,0.08404172468021735,0.03377000702284326,0.1111111111111111,2.1630029068645786,0.9847295219798731,36.50514906666667,127.24337053333333,36.504756,127.24247426666666
7,07:00-08:00,grid_8127_22774,grid_8123_22776,1,0,1,0.1475634827667191,0.1475634827667191,0.008911538063641878,0.2222222222222222,1.0296299662953656,0.8484081286567956,36.503915142857146,127.24454814285716,36.48867057142857,127.256626
7,07:00-08:00,grid_8126_22776,grid_8126_22776,1,0,1,0.08356015199951894,0.08356015199951894,0.032394085077990645,0.1111111111111111,-0.45122647270686006,0.3259131659181501,36.499659199999996,127.25567873333333,36.500439,127.25539826666666
7,07:00-08:00,grid_8126_22776,grid_8123_22776,1,0,1,0.2983936590801121,0.2983936590801121,0.02715648626063792,0.4444444444444444,-0.05725867541578966,0.4771695692785446,36.4989933076923,127.25576784615386,36.487875076923075,127.25659753846153
7,07:00-08:00,grid_8148_22783,grid_8150_22783,1,1,0,0.08240247176215451,0.08240247176215451,0.02908642725694943,0.1111111111111111,-0.3452367716961272,0.3649581882035875,36.601063214285716,127.2950627142857,36.608742,127.29315607142857
7,07:00-08:00,grid_8127_22772,grid_8127_22775,1,0,1,0.009026278361101552,0.009026278361101552,0.025789366746004436,0.0,0.9243284326022478,0.8223423281646176,36.50547992307692,127.23470569230768,36.50469030769231,127.24972438461539
7,07:00-08:00,grid_8129_22772,grid_8129_22772,1,0,1,0.15212535513627512,0.15212535513627512,0.021945459119516234,0.2222222222222222,-0.2074709359900463,0.41782104428456235,36.513028636363636,127.2331890909091,36.51348009090909,127.23344900000001
7,07:00-08:00,grid_8129_22772,grid_8130_22774,1,0,1,0.0019876903556917285,0.0019876903556917285,0.005679115301976368,0.0,0.06424945508654645,0.5256142003779063,36.51370816666667,127.23310516666668,36.51804683333334,127.24252783333333
7,07:00-08:00,grid_8129_22778,grid_8129_22778,1,0,1,0.07666946935677012,0.07666946935677012,0.01270642038442259,0.1111111111111111,-0.15108075204404475,0.4399560079247913,36.51452966666667,127.26616077777778,36.51452855555556,127.26583211111112
7,07:00-08:00,grid_8133_22778,grid_8132_22779,1,0,1,0.005392654974374304,0.005392654974374304,0.01540758564106944,0.0,-1.0393870754847738,0.14931237624035565,36.53134655555555,127.26562133333333,36.52754755555556,127.27064233333333
7,07:00-08:00,grid_8132_22777,grid_8132_22778,1,0,1,0.07600474163793498,0.07600474163793498,0.010807198330607897,0.1111111111111111,0.680403873172303,0.7518756153687267,36.52756375,127.261899625,36.529255375,127.264447875
7,07:00-08:00,grid_8121_22782,grid_8123_22785,1,0,1,0.07222222222222222,0.07222222222222222,0.0,0.1111111111111111,0.3680607294747038,0.6435860240189747,36.478493,127.28884725,36.486155249999996,127.30317500000001
7,07:00-08:00,grid_8122_22783,grid_8122_22785,1,0,1,0.07222222222222222,0.07222222222222222,0.0,0.1111111111111111,-1.2973697496820504,0.09725199785464606,36.48306233333333,127.293986,36.48172533333334,127.30479100000001
7,07:00-08:00,grid_8131_22772,grid_8132_22778,1,0,1,0.07222222222222222,0.07222222222222222,0.0,0.1111111111111111,0.5543396867025898,0.7103268027275479,36.52232266666667,127.23373099999999,36.52870633333333,127.26682266666667
7,07:00-08:00,grid_8128_22773,grid_8125_22776,1,0,1,0.07222222222222222,0.07222222222222222,0.0,0.1111111111111111,-0.5799551098492789,0.2809724451541027,36.50888366666667,127.24000799999999,36.494627666666666,127.25631566666668
7,07:00-08:00,grid_8125_22777,grid_8122_22776,1,0,1,0.07222222222222222,0.07222222222222222,0.0,0.1111111111111111,-0.20407222455067098,0.4191485295911892,36.49599166666667,127.26140033333333,36.482745,127.25447333333334
7,07:00-08:00,grid_8121_22781,grid_8122_22784,1,0,1,0.07222222222222222,0.07222222222222222,0.0,0.1111111111111111,-0.04338070668193672,0.48269902852949964,36.4769175,127.2844575,36.4839975,127.299838
7,07:00-08:00,grid_8120_22775,grid_8122_22777,2,0,2,0.07222222222222222,0.07222222222222222,0.0,0.1111111111111111,-0.3624335531820472,0.3585140348056056,36.474706499999996,127.2491605,36.4807335,127.2605635
8,08:00-09:00,grid_8123_22775,grid_8123_22776,1,0,1,0.7990278116135252,0.7990278116135252,0.8384921601656277,0.7777777777777778,2.3514113374087318,0.99064882691371,36.48683560392157,127.24977767450982,36.487664847058824,127.25658410980392
8,08:00-09:00,grid_8123_22775,grid_8123_22775,2,0,2,0.7390696435318929,0.7390696435318929,0.4608339021546146,0.8888888888888888,1.0518183957884388,0.8535585613014685,36.486928618705036,127.2492119352518,36.48672185611511,127.24928810791367
8,08:00-09:00,grid_8123_22775,grid_8126_22775,1,0,1,0.09065162605694535,0.09065162605694535,0.05265543952778041,0.1111111111111111,0.7176468795545136,0.7635124777826748,36.48673,127.25013378571428,36.50118728571429,127.25000185714285
8,08:00-09:00,grid_8123_22775,grid_8127_22774,1,0,1,0.008417979224223625,0.008417979224223625,0.024051369212067502,0.0,0.2885864881723532,0.613551081674794,36.486605399999995,127.25003939999999,36.504277200000004,127.24396999999999
8,08:00-09:00,grid_8129_22777,grid_8129_22777,5,0,5,2.5183583193053143,2.5183583193053143,0.5921348805548673,3.5555555555555554,1.6915975888935955,0.9546386367326594,36.514462615,127.26023842000001,36.51439415,127.26052846500001
8,08:00-09:00,grid_8129_22777,grid_8128_22775,2,0,2,0.9068293723581844,0.9068293723581844,0.5274490003884631,1.1111111111111112,1.4403793261947309,0.9251199452821715,36.513801374269,127.2592953508772,36.51134628070176,127.25024701754386
8,08:00-09:00,grid_8129_22777,grid_8128_22778,1,0,1,1.0586858497357865,1.0586858497357865,0.3422770309911363,1.4444444444444444,0.3617640456952803,0.6412358188740617,36.51409285981308,127.25992173831776,36.50993799065421,127.26573695327103
8,08:00-09:00,grid_8129_22777,grid_8130_22777,1,0,1,0.13622150024700602,0.13622150024700602,0.18285508007081094,0.1111111111111111,3.096501720811713,0.9990209063728027,36.514741629629626,127.2591458888889,36.517423685185186,127.26173181481481
8,08:00-09:00,grid_8129_22777,grid_8128_22776,1,0,1,0.1014474316345311,0.1014474316345311,0.08350059832088254,0.1111111111111111,0.32160694229443865,0.626124758070411,36.51373995652174,127.25902439130435,36.51033947826087,127.25620860869564
8,08:00-09:00,grid_8124_22776,grid_8123_22775,1,0,1,0.8784906642496628,0.8784906642496628,0.44648126293554435,1.1111111111111112,0.432499949168874,0.6673109554259539,36.49082116788321,127.25572233576642,36.48714151824817,127.24963825547447
8,08:00-09:00,grid_8124_22776,grid_8125_22775,1,0,1,0.4250909031849869,0.4250909031849869,0.38914861227456576,0.4444444444444444,0.6909704226733207,0.7552079357530218,36.491381146551724,127.2563919913793,36.49579745689655,127.24914803448276
8,08:00-09:00,grid_8124_22776,grid_8124_22775,1,0,1,0.3395132178171198,0.3395132178171198,0.3509901461441518,0.3333333333333333,0.48644358678384736,0.6866736532248487,36.491389330097086,127.25589008737865,36.49212699029126,127.24963600970875
8,08:00-09:00,grid_8124_22776,grid_8124_22774,4,0,4,0.7466845924936403,0.7466845924936403,0.27624169283897204,1.0,-0.0706268809821251,0.4718473579498173,36.49125764705882,127.25596667058824,36.49161262352941,127.2450170117647
8,08:00-09:00,grid_8124_22776,grid_8123_22776,1,0,1,0.45185827441402626,0.45185827441402626,0.25927760943690037,0.5555555555555556,0.009345185764303543,0.5037281354549442,36.49103341025641,127.25601053846155,36.48761447435898,127.25666624358975
8,08:00-09:00,grid_8124_22776,grid_8126_22775,1,0,1,0.20338649603609182,0.20338649603609182,0.16840586169042115,0.2222222222222222,0.7470750690821486,0.7724908758769746,36.492016163265305,127.25641775510205,36.501432244897956,127.24901367346939
8,08:00-09:00,grid_8124_22776,grid_8120_22776,1,0,1,0.09710974856732835,0.09710974856732835,0.07110721812887465,0.1111111111111111,-0.2080890870755583,0.4175797039563791,36.490433894736846,127.2565157368421,36.474906473684214,127.25450905263159
8,08:00-09:00,grid_8124_22776,grid_8126_22778,3,0,3,0.6657845566685902,0.6657845566685902,0.045098733338828995,1.0,0.23769006216092092,0.5939392539722129,36.491976384615384,127.25643730769231,36.50188176923076,127.26527815384617
8,08:00-09:00,grid_8124_22776,grid_8126_22774,1,0,1,0.01724900342686589,0.01724900342686589,0.04928286693390254,0.0,0.8300724434379598,0.7967510869164063,36.49165592307692,127.25623846153846,36.50110915384616,127.24362715384616
8,08:00-09:00,grid_8124_22776,grid_8126_22772,1,0,1,0.004984029420038208,0.004984029420038208,0.014240084057252024,0.0,0.688133149172526,0.7543155314421282,36.491339999999994,127.2561785,36.5007515,127.2334685
8,08:00-09:00,grid_8129_22778,grid_8129_22777,2,0,2,0.6562485448849611,0.6562485448849611,0.4305513980840158,0.7777777777777778,0.436715551672913,0.6688411753126845,36.51453657364341,127.2655159767442,36.514442209302324,127.25940521705428
8,08:00-09:00,grid_8129_22778,grid_8127_22777,1,0,1,0.15517015844798737,0.15517015844798737,0.030644897152979807,0.2222222222222222,0.9883288662397437,0.8385041936865536,36.51410814285715,127.26633414285713,36.50524385714286,127.26210414285713
8,08:00-09:00,grid_8133_22777,grid_8132_22778,2,0,2,0.8561021661723128,0.8561021661723128,0.3825141255716873,1.1111111111111112,0.8208584326947586,0.7941365448151443,36.53074722413793,127.25917694827587,36.529259353448275,127.26429103448275
8,08:00-09:00,grid_8132_22778,grid_8133_22777,1,0,1,0.12898520748179462,0.12898520748179462,0.36852916423369897,0.0,0.15486667442140722,0.5615367867071159,36.529149587719296,127.2642854736842,36.530680614035084,127.25919527192983
8,08:00-09:00,grid_8132_22778,grid_8133_22778,1,0,1,0.7882082233149683,0.7882082233149683,0.18853143169355985,1.1111111111111112,0.7198300864159539,0.7641851909102214,36.52911537288136,127.26465838983052,36.532282237288136,127.26599916949152
8,08:00-09:00,grid_8122_22775,grid_8123_22776,1,0,1,0.32607861516073655,0.32607861516073655,0.312605567125914,0.3333333333333333,-1.0379966289120497,0.14963581226716982,36.48368476923077,127.25025258241757,36.48769169230769,127.25681376923077
8,08:00-09:00,grid_8122_22775,grid_8121_22775,1,0,1,0.1869861709133751,0.1869861709133751,0.12154778991123048,0.2222222222222222,1.8173891808661136,0.9654212284065846,36.483703885714284,127.2504113142857,36.47808137142857,127.24942585714287
8,08:00-09:00,grid_8122_22775,grid_8125_22776,1,0,1,0.08064020144644585,0.08064020144644585,0.024051369212067502,0.1111111111111111,-0.9468454091868033,0.17185877946311345,36.484025,127.250223,36.4956176,127.25623639999999
8,08:00-09:00,grid_8122_22775,grid_8128_22774,1,0,1,0.14942847386448263,0.14942847386448263,0.014240084057252024,0.2222222222222222,0.5432479887248411,0.7065204652114022,36.482619,127.250048,36.509778999999995,127.246251
8,08:00-09:00,grid_8123_22776,grid_8122_22775,1,0,1,0.17173351053323127,0.17173351053323127,0.284317966602883,0.1111111111111111,-0.7092173190154843,0.23909481379527098,36.4873025,127.2568888409091,36.48367968181818,127.25007542045455
8,08:00-09:00,grid_8123_22776,grid_8123_22776,1,0,1,0.7448778009789138,0.7448778009789138,0.2710794313683251,1.0,-0.4065822205352564,0.3421574288870092,36.4875495308642,127.25625320987653,36.48752739506173,127.25545916049383
8,08:00-09:00,grid_8123_22776,grid_8123_22777,1,0,1,0.20415486389536092,0.20415486389536092,0.17060119843119,0.2222222222222222,-0.29656725095175335,0.3833984582575536,36.48762902,127.25721888,36.48743196,127.26072112
8,08:00-09:00,grid_8125_22776,grid_8125_22775,1,0,1,0.5252329837365308,0.5252329837365308,0.26257042972342126,0.6666666666666666,0.16651761156387307,0.5661251876853534,36.4948034047619,127.25588263095237,36.49571840476191,127.2494781547619
8,08:00-09:00,grid_8129_22774,grid_8129_22774,2,0,2,0.5897356375726657,0.5897356375726657,0.24051452004888624,0.7777777777777778,1.4720522937296645,0.9294966216526331,36.51381897260274,127.24428763013698,36.51364278082192,127.24410376712328
8,08:00-09:00,grid_8122_22777,grid_8122_22777,1,0,1,0.07397072966562389,0.07397072966562389,0.21134494190178255,0.0,0.8426126503010218,0.8002774431206641,36.48275979104477,127.2609477164179,36.48267089552238,127.26100323880597
8,08:00-09:00,grid_8122_22777,grid_8123_22777,1,0,1,0.13878658476724107,0.13878658476724107,0.19018389298576815,0.1111111111111111,1.0338485322585602,0.849396510501417,36.482674214285716,127.26116039285715,36.48746130357143,127.26090544642857
8,08:00-09:00,grid_8122_22777,grid_8124_22777,1,0,1,0.03650432543351118,0.03650432543351118,0.10429807266717481,0.0,0.42861924442369126,0.6658998308685836,36.48298587096774,127.26118806451613,36.49041803225806,127.25968029032258
8,08:00-09:00,grid_8122_22777,grid_8123_22778,1,0,1,0.10439780339538197,0.10439780339538197,0.09193023192331361,0.1111111111111111,0.29400446623606236,0.6156227547191719,36.48174936,127.26181964,36.48704032,127.26563436
8,08:00-09:00,grid_8122_22777,grid_8126_22778,2,0,2,0.298458884115639,0.298458884115639,0.027342843505000262,0.4444444444444444,2.2020158846568734,0.9861679067823599,36.4839775,127.26045816666668,36.50148083333333,127.2645385
8,08:00-09:00,grid_8128_22774,grid_8127_22773,2,0,2,0.36903766028316787,0.36903766028316787,0.2289964896979401,0.4444444444444444,0.26375474526971177,0.604015545974667,36.510773621212124,127.2420207878788,36.505009242424244,127.23879434848483
8,08:00-09:00,grid_8128_22774,grid_8128_22775,1,0,1,0.2107817197652036,0.2107817197652036,0.18953507234502617,0.2222222222222222,1.0958851009174764,0.8634354699866427,36.51086438181818,127.24306890909092,36.510899327272725,127.24892525454544
8,08:00-09:00,grid_8128_22774,grid_8129_22774,1,0,1,0.18395577315438055,0.18395577315438055,0.1128895105998175,0.2222222222222222,1.0389202542611196,0.8505790871357368,36.51068796969697,127.24291754545456,36.51377836363636,127.24410093939396
8,08:00-09:00,grid_8128_22774,grid_8130_22775,1,0,1,0.019613598249126,0.019613598249126,0.05603885214036001,0.0,-0.7322269048468576,0.23201504261040684,36.51118613333333,127.2433424,36.51734053333333,127.25062246666667
8,08:00-09:00,grid_8127_22772,grid_8128_22772,1,0,1,0.4368037219656068,0.4368037219656068,0.21626460244141613,0.5555555555555556,0.05364605786228627,0.5213914197735611,36.505864676923075,127.23438895384615,36.51021643076923,127.23227610769231
8,08:00-09:00,grid_8149_22782,grid_8150_22782,1,1,0,0.14450011462016477,0.14450011462016477,0.2065082639941216,0.1111111111111111,0.6369596995250469,0.7379244527514954,36.603776238095236,127.28968712698412,36.60868260317461,127.28844515873017
8,08:00-09:00,grid_8149_22782,grid_8148_22783,1,1,0,0.08878248961215747,0.08878248961215747,0.047315049685529305,0.1111111111111111,0.028408238278619047,0.5113317231709112,36.60413258333333,127.28983416666667,36.601191,127.29495983333334
8,08:00-09:00,grid_8129_22775,grid_8129_22774,1,0,1,1.0072241069908012,1.0072241069908012,0.1952434802911781,1.4444444444444444,-0.3081105469498485,0.3789991080373357,36.51270058064516,127.24882187096775,36.51365880645161,127.2444438548387
8,08:00-09:00,grid_8129_22775,grid_8125_22776,1,0,1,0.2250846458908903,0.2250846458908903,0.024051369212067502,0.3333333333333333,0.44054525817545065,0.6702288796504594,36.5132566,127.24956159999999,36.4954026,127.25676719999998
8,08:00-09:00,grid_8130_22774,grid_8129_22774,4,0,4,1.0788655090900534,1.0788655090900534,0.19358399422554953,1.5555555555555556,1.9066741489129355,0.9717186017144277,36.517858245901635,127.24340052459017,36.51289986885246,127.24316890163935
8,08:00-09:00,grid_8130_22774,grid_8126_22774,1,0,1,0.07606892848414952,0.07606892848414952,0.010990589319792299,0.1111111111111111,2.0014575566273622,0.977328448324192,36.51753,127.243453,36.501939,127.243954
8,08:00-09:00,grid_8121_22775,grid_8123_22775,1,0,1,0.6459089900169961,0.6459089900169961,0.19466060639776675,0.8888888888888888,0.055081151047592924,0.5219630936850861,36.47806333333333,127.24948035000001,36.48616991666667,127.24915783333334
8,08:00-09:00,grid_8121_22775,grid_8121_22775,1,0,1,0.2446768872990332,0.2446768872990332,0.0800292018067615,0.3333333333333333,-0.04653136060847751,0.481443369499122,36.478106636363634,127.24965227272727,36.478530590909095,127.2499054090909
8,08:00-09:00,grid_8121_22782,grid_8122_22784,1,0,1,0.35869412176986004,0.35869412176986004,0.19944352251706055,0.4444444444444444,1.4714073406756165,0.9294095052932424,36.47806520338983,127.28942172881356,36.48258149152542,127.29929052542373
8,08:00-09:00,grid_8121_22782,grid_8121_22782,1,0,1,0.09801899387611784,0.09801899387611784,0.07370506186827325,0.1111111111111111,-1.013025215144933,0.15552405852734424,36.47872114285714,127.28898533333333,36.47847352380953,127.28796919047619
8,08:00-09:00,grid_8124_22777,grid_8123_22776,2,0,2,0.28252839409781266,0.28252839409781266,0.18817636408898858,0.3333333333333333,0.20997005417935893,0.5831544773324269,36.49048520689656,127.26010010344828,36.48741179310345,127.25706837931035
8,08:00-09:00,grid_8124_22777,grid_8123_22775,1,0,1,1.6448423166457897,1.6448423166457897,0.15986693644828762,2.4444444444444446,-0.5346422225252883,0.2964486405907564,36.49034392982456,127.25994738596492,36.4867457368421,127.24994392982457
8,08:00-09:00,grid_8124_22777,grid_8124_22774,1,0,1,0.09232842253900583,0.09232842253900583,0.057446286619381774,0.1111111111111111,0.12910555947012123,0.5513629384964646,36.490899266666666,127.25942586666666,36.491298066666666,127.24505773333334
8,08:00-09:00,grid_8124_22777,grid_8122_22778,2,0,2,0.07720625164226043,0.07720625164226043,0.014240084057252024,0.1111111111111111,0.8590081266420214,0.8048319837661599,36.489869999999996,127.2601325,36.483563000000004,127.265941
8,08:00-09:00,grid_8130_22773,grid_8130_22773,1,0,1,0.06846023092685026,0.06846023092685026,0.19560065979100077,0.0,-0.9285519297616268,0.1765606718670491,36.518902741379314,127.23769250000001,36.51877653448276,127.23823943103449
8,08:00-09:00,grid_8130_22773,grid_8129_22771,1,0,1,0.24752590248953665,0.24752590248953665,0.08816924520819994,0.3333333333333333,0.7772197346497417,0.7814854295246405,36.51857026923077,127.23794657692308,36.51446276923077,127.22885211538461
8,08:00-09:00,grid_8130_22773,grid_8129_22772,1,0,1,0.45822085967843945,0.45822085967843945,0.07110721812887465,0.6666666666666666,-0.0019779924143805416,0.49921089571014604,36.51790815,127.23774785,36.51397755,127.2324482
8,08:00-09:00,grid_8130_22773,grid_8127_22774,1,0,1,0.07606892848414952,0.07606892848414952,0.010990589319792299,0.1111111111111111,-0.2176878400189069,0.4138361693721021,36.517571,127.240845,36.506114,127.24502
8,08:00-09:00,grid_8133_22778,grid_8132_22778,1,0,1,0.3498925487348239,0.3498925487348239,0.17429617098838585,0.4444444444444444,-0.3301610427956735,0.3706391405991244,36.53224683018868,127.26616749056605,36.52921573584906,127.26460133962264
8,08:00-09:00,grid_8133_22778,grid_8133_22778,1,0,1,0.2417586718629679,0.2417586718629679,0.07169144341800351,0.3333333333333333,1.6652173599888322,0.9520653006303195,36.5317722,127.2655943,36.5318985,127.2655976
8,08:00-09:00,grid_8133_22778,grid_8132_22779,1,0,1,0.15749275196799598,0.15749275196799598,0.03728087863871871,0.2222222222222222,0.007457778783708013,0.5029751956953737,36.53134655555555,127.26562133333333,36.52754755555556,127.27064233333333
8,08:00-09:00,grid_8133_22778,grid_8129_22778,1,0,1,0.004984029420038208,0.004984029420038208,0.014240084057252024,0.0,2.566828901285996,0.994868337967072,36.532469500000005,127.265335,36.513996,127.2653485
8,08:00-09:00,grid_8122_22776,grid_8123_22775,1,0,1,0.9247198511876153,0.9247198511876153,0.16586624148842466,1.3333333333333333,0.4340253723748858,0.6678649917680859,36.482891,127.2547556862745,36.48638401960785,127.24985139215686
8,08:00-09:00,grid_8123_22777,grid_8123_22775,2,0,2,0.6358309622987264,0.6358309622987264,0.16586624148842463,0.8888888888888888,-0.14822638924600529,0.44108205312302706,36.48802421568627,127.26035684313726,36.48667474509804,127.25039478431373
8,08:00-09:00,grid_8121_22777,grid_8121_22776,3,0,3,1.1386760763610728,1.1386760763610728,0.15812212293639843,1.6666666666666667,2.089184078201206,0.9816544219462255,36.47914712,127.26052024,36.47846108,127.25413914
8,08:00-09:00,grid_8121_22777,grid_8124_22777,1,0,1,0.008417979224223625,0.008417979224223625,0.024051369212067502,0.0,0.3151646868370397,0.6236816919565946,36.4790704,127.26135819999999,36.490178199999995,127.260265
8,08:00-09:00,grid_8151_22782,grid_8151_22781,1,1,0,0.3472866488691183,0.3472866488691183,0.1668507428006556,0.4444444444444444,-0.4145238054183673,0.33924526835542046,36.611630857142856,127.28944100000001,36.61204228571429,127.28469273469388
8,08:00-09:00,grid_8127_22775,grid_8127_22777,1,0,1,0.3385292589894808,0.3385292589894808,0.14182962885883407,0.4444444444444444,1.205277133137882,0.8859518329168269,36.505046428571426,127.24995514285713,36.505441023809524,127.26113757142858
8,08:00-09:00,grid_8127_22775,grid_8127_22775,1,0,1,0.24589187607897556,0.24589187607897556,0.08350059832088254,0.3333333333333333,0.6828182630344359,0.7526391560468761,36.50464034782608,127.24985408695652,36.504939086956526,127.2492242173913
8,08:00-09:00,grid_8127_22775,grid_8129_22775,1,0,1,0.01304830752355155,0.01304830752355155,0.03728087863871871,0.0,-0.19651051220590054,0.4221053027627327,36.50410522222222,127.24990333333332,36.512495,127.24943644444446
8,08:00-09:00,grid_8120_22776,grid_8121_22776,1,0,1,0.4806335985355046,0.4806335985355046,0.1351436148633464,0.6666666666666666,1.6571319172211063,0.9512535962549175,36.47476180487805,127.2543906097561,36.47834929268293,127.25411641463415
8,08:00-09:00,grid_8120_22776,grid_8124_22776,1,0,1,0.17003635304851206,0.17003635304851206,0.07311973886876465,0.2222222222222222,-0.4752311407319283,0.31731111668049516,36.474742199999994,127.25425105,36.49056815,127.2560563
8,08:00-09:00,grid_8126_22775,grid_8125_22776,1,0,1,0.6248614574471127,0.6248614574471127,0.13452479905524287,0.8888888888888888,0.10109913402047727,0.5402641172616811,36.501262624999995,127.24929977500001,36.494884674999994,127.25630712499999
8,08:00-09:00,grid_8126_22775,grid_8126_22775,1,0,1,0.1847818006841306,0.1847818006841306,0.11524958925624623,0.2222222222222222,-1.4716306323348283,0.07056032446063026,36.5011104375,127.249284125,36.50128375,127.24882025
8,08:00-09:00,grid_8125_22775,grid_8124_22774,1,0,1,0.19333533198107514,0.19333533198107514,0.13968825010465916,0.2222222222222222,2.515968147645021,0.9940647044806691,36.49496595,127.248870775,36.491971925,127.2447406
8,08:00-09:00,grid_8125_22775,grid_8124_22775,1,0,1,0.02199341791507878,0.02199341791507878,0.0628383369002251,0.0,1.8823816496477068,0.9701078921917311,36.49525988235294,127.24891441176472,36.49162264705882,127.24946894117647
8,08:00-09:00,grid_8125_22775,grid_8122_22777,1,0,1,0.0841073696781671,0.0841073696781671,0.03395756415984249,0.1111111111111111,1.5966018935308761,0.9448227617097587,36.49607675,127.24814875,36.482341875,127.260781375
8,08:00-09:00,grid_8125_22775,grid_8128_22777,1,0,1,0.0817922174489723,0.0817922174489723,0.027342843505000262,0.1111111111111111,1.8470486292195376,0.967629953643814,36.49563683333333,127.24907183333333,36.50859166666667,127.25991666666668
8,08:00-09:00,grid_8127_22777,grid_8127_22775,1,0,1,0.11983511467638114,0.11983511467638114,0.13603683558331123,0.1111111111111111,1.453533935330803,0.9269622176801038,36.50471438461538,127.2611405128205,36.505240410256405,127.25069584615386
8,08:00-09:00,grid_8127_22777,grid_8127_22774,1,0,1,0.026092478257484782,0.026092478257484782,0.07454993787852796,0.0,-0.3891843974482745,0.3485698722376668,36.50451795,127.26133005,36.50482135,127.24419765
8,08:00-09:00,grid_8127_22777,grid_8125_22778,1,0,1,0.08996067630590981,0.08996067630590981,0.050681297381964585,0.1111111111111111,1.1296213633655223,0.8706820974253411,36.50474346153846,127.26117838461538,36.496266,127.26620392307692
8,08:00-09:00,grid_8127_22777,grid_8127_22773,1,0,1,0.0817922174489723,0.0817922174489723,0.027342843505000262,0.1111111111111111,1.8454725695396603,0.9675155874240768,36.504978666666666,127.26091366666667,36.503985666666665,127.23846566666667
8,08:00-09:00,grid_8124_22775,grid_8123_22776,1,0,1,0.5508402150609936,0.5508402150609936,0.12938474144410878,0.7777777777777778,0.6314843497310093,0.7361380604807272,36.491538184210526,127.24935394736842,36.48774192105263,127.25666918421054
8,08:00-09:00,grid_8124_22775,grid_8123_22775,1,0,1,0.33226306938094863,0.33226306938094863,0.12392622997731367,0.4444444444444444,1.7207058190368265,0.9573478900399068,36.49209276470589,127.24898182352942,36.48688882352941,127.24991061764706
8,08:00-09:00,grid_8124_22775,grid_8124_22774,1,0,1,0.6040753921160678,0.6040753921160678,0.07513604096654296,0.8888888888888888,0.6985109878208928,0.7575711556442783,36.49197065217391,127.2487878695652,36.49264786956522,127.2440048695652
8,08:00-09:00,grid_8124_22775,grid_8127_22776,1,0,1,0.003846706261927304,0.003846706261927304,0.010990589319792299,0.0,-0.056974306289564236,0.47728283124820386,36.493127,127.250676,36.503003,127.257441
8,08:00-09:00,grid_8125_22774,grid_8125_22775,2,0,2,0.3350118192911473,0.3350118192911473,0.13177980114930984,0.4444444444444444,0.5816826003173856,0.7196097531690275,36.49615964864865,127.24321764864864,36.49508791891892,127.248669
8,08:00-09:00,grid_8125_22774,grid_8125_22776,2,0,2,0.4077619738607916,0.4077619738607916,0.13328817928480122,0.5555555555555556,0.01579285316274459,0.5063001749615071,36.49643075675676,127.2443411891892,36.49473075675676,127.25577686486486
8,08:00-09:00,grid_8125_22774,grid_8123_22775,1,0,1,0.5396798976027869,0.5396798976027869,0.09749812013494685,0.7777777777777778,0.7127727996275981,0.7620068201324521,36.49590571428571,127.24394510714285,36.48687135714285,127.24953003571429
8,08:00-09:00,grid_8125_22774,grid_8127_22775,1,0,1,0.09183582047134822,0.09183582047134822,0.05603885214036001,0.1111111111111111,1.631054039456674,0.9485605413005891,36.496666,127.24409346666667,36.50361853333334,127.24966146666667
8,08:00-09:00,grid_8129_22771,grid_8130_22772,1,0,1,0.11497805685862661,0.11497805685862661,0.122159527532584,0.1111111111111111,0.67381541770468,0.749785664208758,36.51436591666666,127.22902944444445,36.51898516666667,127.23437330555556
8,08:00-09:00,grid_8129_22771,grid_8128_22772,1,0,1,0.7545140078041169,0.7545140078041169,0.09226224451969893,1.1111111111111112,0.5010616725775427,0.6918361401168146,36.51323579310345,127.22882451724138,36.51074455172414,127.232733
8,08:00-09:00,grid_8130_22776,grid_8129_22777,2,0,2,0.18104203603580926,0.18104203603580926,0.10456454740389956,0.2222222222222222,-0.47128346714264857,0.3187191601995695,36.51770365625,127.25524478125,36.51466934375,127.25924090625
8,08:00-09:00,grid_8121_22776,grid_8121_22777,1,0,1,0.03856890084715485,0.03856890084715485,0.11019685956329958,0.0,1.0128854587987521,0.8444425626137919,36.47846015625,127.25470849999999,36.479152375,127.26108203125
8,08:00-09:00,grid_8128_22772,grid_8127_22773,1,0,1,0.11027394761049278,0.11027394761049278,0.10871921539505877,0.1111111111111111,1.5613017752994212,0.9407737175350146,36.51024393548387,127.23303858064517,36.50578706451613,127.23851535483871
8,08:00-09:00,grid_8128_22772,grid_8130_22773,2,0,2,0.02269236238672979,0.02269236238672979,0.06483532110494226,0.0,1.3209957568163035,0.9067486104787248,36.510629333333334,127.23286166666668,36.51822738888889,127.23872605555556
8,08:00-09:00,grid_8128_22772,grid_8129_22771,1,0,1,0.38310452902618997,0.38310452902618997,0.0628383369002251,0.5555555555555556,1.8107913570440946,0.964913422642746,36.51057929411765,127.23284882352942,36.513832529411765,127.2285731764706
8,08:00-09:00,grid_8127_22773,grid_8126_22773,1,0,1,0.1805274843400896,0.1805274843400896,0.10309439970184339,0.2222222222222222,-0.3642199831236697,0.35784687297411744,36.50507910344828,127.23861317241379,36.50089179310345,127.23688413793103
8,08:00-09:00,grid_8148_22783,grid_8151_22782,1,1,0,0.10409731388916522,0.10409731388916522,0.09107169047698002,0.1111111111111111,0.9170884080070081,0.8204518425404315,36.60108437037037,127.29508448148148,36.612013814814816,127.28855407407407
8,08:00-09:00,grid_8124_22774,grid_8125_22776,1,0,1,0.17784840257078963,0.17784840257078963,0.09543988036098627,0.2222222222222222,2.308003481063419,0.9895005285616998,36.491975269230764,127.24463750000001,36.49462538461539,127.25621715384615
8,08:00-09:00,grid_8124_22774,grid_8126_22775,1,0,1,0.08064020144644585,0.08064020144644585,0.024051369212067502,0.1111111111111111,0.328731273049353,0.6288205928129353,36.4927944,127.24415880000001,36.5010238,127.2498532
8,08:00-09:00,grid_8124_22774,grid_8127_22777,1,0,1,0.07834723034935083,0.07834723034935083,0.017500023220367464,0.1111111111111111,0.6679843115141832,0.7479281965300799,36.492798666666665,127.24454133333334,36.50546,127.26008300000001
8,08:00-09:00,grid_8130_22772,grid_8128_22772,2,0,2,0.5367144815289691,0.5367144815289691,0.08902550278118153,0.7777777777777778,-0.4607238856026765,0.3224983580079246,36.519217680000004,127.23438847999999,36.5109366,127.23236332
8,08:00-09:00,grid_8130_22772,grid_8129_22772,1,0,1,0.2350960705013898,0.2350960705013898,0.052655439527780415,0.3333333333333333,2.044642629986506,0.9795549482786068,36.51909442857143,127.23489328571429,36.51424085714286,127.23190607142858
8,08:00-09:00,grid_8130_22772,grid_8130_22771,2,0,2,0.44706377821541143,0.44706377821541143,0.03922984252022305,0.6666666666666666,-0.21357964471387425,0.4154374371463414,36.51897136363636,127.233934,36.516963454545454,127.22896872727273
8,08:00-09:00,grid_8131_22772,grid_8130_22772,1,0,1,0.24660440848106752,0.24660440848106752,0.08553640518400243,0.3333333333333333,1.7457194211078755,0.9595701406612724,36.52246483333334,127.23279666666667,36.5191425,127.234287875
8,08:00-09:00,grid_8131_22772,grid_8130_22771,1,0,1,0.5893783892910222,0.5893783892910222,0.03314460432355538,0.8888888888888888,1.0781993019967748,0.8595275883080141,36.52230655555556,127.23338244444443,36.51714511111111,127.22889966666668
8,08:00-09:00,grid_8131_22772,grid_8132_22778,2,0,2,0.07834723034935083,0.07834723034935083,0.017500023220367464,0.1111111111111111,1.691514375157423,0.9546306976869555,36.52232266666667,127.23373099999999,36.52870633333333,127.26682266666667
8,08:00-09:00,grid_8126_22776,grid_8127_22777,1,0,1,0.09322607130761854,0.09322607130761854,0.06001099738684665,0.1111111111111111,-0.3522624212803458,0.36232073383351066,36.50048805555556,127.25559677777778,36.5058415,127.26130816666667
8,08:00-09:00,grid_8126_22776,grid_8123_22776,1,0,1,0.0894712256490881,0.0894712256490881,0.04928286693390254,0.1111111111111111,1.3326616622054268,0.9086785701079463,36.4989933076923,127.25576784615386,36.487875076923075,127.25659753846153
8,08:00-09:00,grid_8126_22776,grid_8125_22778,1,0,1,0.010245597127837196,0.010245597127837196,0.02927313465096342,0.0,0.9781803839594743,0.8360074417528013,36.499325428571424,127.25620285714285,36.496060428571425,127.26512557142857
8,08:00-09:00,grid_8126_22776,grid_8123_22775,1,0,1,0.08294793622576514,0.08294793622576514,0.030644897152979807,0.1111111111111111,-0.17877840688918523,0.42905585045860256,36.49939257142857,127.25504114285715,36.48713957142857,127.250644
8,08:00-09:00,grid_8125_22777,grid_8125_22776,2,0,2,0.5999740959800146,0.5999740959800146,0.06341805200639113,0.8888888888888888,-0.0345070246254191,0.4862364204223353,36.495173944444446,127.26033733333333,36.49662611111111,127.256813
8,08:00-09:00,grid_8125_22777,grid_8120_22780,1,0,1,0.003846706261927304,0.003846706261927304,0.010990589319792299,0.0,1.8106759847142686,0.9649044887894338,36.493972,127.261506,36.471932,127.276395
8,08:00-09:00,grid_8127_22779,grid_8129_22777,1,0,1,0.09491458460895201,0.09491458460895201,0.06483532110494226,0.1111111111111111,0.8922230217221809,0.8138632975452971,36.50572361111111,127.2716145,36.51430472222222,127.25937044444443
8,08:00-09:00,grid_8127_22779,grid_8127_22777,1,0,1,0.0894712256490881,0.0894712256490881,0.04928286693390254,0.1111111111111111,1.0996904167012032,0.8642664841741335,36.504964692307695,127.27163215384616,36.504677538461536,127.26170630769231
8,08:00-09:00,grid_8126_22777,grid_8126_22774,1,0,1,0.09253029346119623,0.09253029346119623,0.058023060682782894,0.1111111111111111,1.1738739760051502,0.8797772461842699,36.5013275,127.25938775,36.5015504375,127.244155375
8,08:00-09:00,grid_8126_22777,grid_8125_22774,1,0,1,0.004984029420038208,0.004984029420038208,0.014240084057252024,0.0,1.2572432008460683,0.8956672078287097,36.4998905,127.2587355,36.4970145,127.24365399999999
8,08:00-09:00,grid_8129_22772,grid_8129_22774,1,0,1,0.09114264989095625,0.09114264989095625,0.054058364767811534,0.1111111111111111,1.2994338206955978,0.9031024543536377,36.514049,127.23243873333334,36.512392866666666,127.24172533333333
8,08:00-09:00,grid_8125_22773,grid_8123_22775,1,0,1,0.307318292723612,0.307318292723612,0.05265543952778041,0.4444444444444444,1.278620714004671,0.8994846739946476,36.495582142857145,127.23928371428572,36.487627357142856,127.24876814285714
8,08:00-09:00,grid_8123_22783,grid_8121_22782,1,0,1,0.08996067630590981,0.08996067630590981,0.050681297381964585,0.1111111111111111,0.27380453963509754,0.6078825826145426,36.48585984615385,127.29607530769229,36.478085615384614,127.28923784615384
8,08:00-09:00,grid_8123_22774,grid_8124_22774,1,0,1,0.5216279404256009,0.5216279404256009,0.04592109962870116,0.7777777777777778,0.02977252533089847,0.5118757646701427,36.487702923076924,127.24533246153845,36.49226330769231,127.2431656923077
8,08:00-09:00,grid_8123_22774,grid_8126_22778,1,0,1,0.07606892848414952,0.07606892848414952,0.010990589319792299,0.1111111111111111,0.293115612622464,0.6152831082615204,36.486298,127.246333,36.50149,127.263902
8,08:00-09:00,grid_8119_22781,grid_8121_22781,1,0,1,0.5211407072651054,0.5211407072651054,0.04452900488442821,0.7777777777777778,1.439859582987571,0.9250464350717145,36.46981325,127.28145975,36.476859999999995,127.28327558333335
8,08:00-09:00,grid_8119_22781,grid_8119_22782,1,0,1,0.003846706261927304,0.003846706261927304,0.010990589319792299,0.0,0.5046412750695065,0.6930945929093835,36.470332,127.281827,36.470006,127.287669
8,08:00-09:00,grid_8127_22776,grid_8127_22777,1,0,1,0.2327390515367121,0.2327390515367121,0.04592109962870116,0.3333333333333333,1.1339420687757884,0.8715905754656954,36.504707333333336,127.25383,36.50475483333333,127.26063075
8,08:00-09:00,grid_8127_22776,grid_8127_22778,1,0,1,0.08064020144644585,0.08064020144644585,0.024051369212067502,0.1111111111111111,1.583761147301325,0.9433759580521254,36.5049998,127.25327039999999,36.504586,127.26502459999999
8,08:00-09:00,grid_8124_22785,grid_8125_22786,1,0,1,0.08712175826991976,0.08712175826991976,0.04257010299342155,0.1111111111111111,-0.1748867813593905,0.4305842985734867,36.49261490909091,127.30404045454544,36.49714109090909,127.31150518181818
8,08:00-09:00,grid_8128_22773,grid_8128_22772,2,0,2,0.4465796621182869,0.4465796621182869,0.03784665367129593,0.6666666666666666,1.6839236967838782,0.953901791981513,36.5087088,127.23952779999999,36.5098762,127.2336364
8,08:00-09:00,grid_8125_22778,grid_8127_22778,1,0,1,0.5188018843405091,0.5188018843405091,0.03784665367129593,0.7777777777777778,0.1622306216485243,0.5644378766948696,36.495896900000005,127.26548840000001,36.5036003,127.2666266
8,08:00-09:00,grid_8130_22775,grid_8130_22777,1,0,1,0.1570095437785827,0.1570095437785827,0.03590028381182365,0.2222222222222222,0.2328752539100474,0.5920708626391893,36.51859122222223,127.25164000000001,36.51726144444444,127.259281
8,08:00-09:00,grid_8122_22774,grid_8124_22774,1,0,1,0.5153216748312037,0.5153216748312037,0.0279031979304234,0.7777777777777778,0.7021617491088511,0.7587108514471681,36.482209,127.24627528571429,36.49235385714286,127.24151757142856
8,08:00-09:00,grid_8122_22774,grid_8124_22779,1,0,1,0.07606892848414952,0.07606892848414952,0.010990589319792299,0.1111111111111111,1.058030162593317,0.8549791543098328,36.482656,127.246469,36.491379,127.269722
8,08:00-09:00,grid_8124_22784,grid_8123_22784,1,0,1,0.0817922174489723,0.0817922174489723,0.027342843505000262,0.1111111111111111,0.1866419227273033,0.574029302656561,36.49024633333333,127.30067866666667,36.4868605,127.30023366666667
8,08:00-09:00,grid_8123_22778,grid_8126_22777,1,0,1,0.298458884115639,0.298458884115639,0.027342843505000262,0.4444444444444444,-0.3567553238140162,0.3606374923346868,36.48866866666666,127.265556,36.50180016666667,127.260041
8,08:00-09:00,grid_8123_22778,grid_8127_22778,1,0,1,0.07606892848414952,0.07606892848414952,0.010990589319792299,0.1111111111111111,0.42199292625623835,0.6634849096717492,36.487683,127.264372,36.505073,127.264646
8,08:00-09:00,grid_8128_22776,grid_8128_22777,1,0,1,0.15401443967119452,0.15401443967119452,0.027342843505000262,0.2222222222222222,0.3237231458095621,0.6269261770667175,36.50945466666666,127.257112,36.5087165,127.25985916666667
8,08:00-09:00,grid_8129_22776,grid_8129_22776,1,0,1,0.00956999522675009,0.00956999522675009,0.027342843505000262,0.0,1.452217257075544,0.9267793971121834,36.513930333333334,127.25735733333333,36.51394666666667,127.25676566666668
8,08:00-09:00,grid_8129_22776,grid_8127_22778,1,0,1,0.07606892848414952,0.07606892848414952,0.010990589319792299,0.1111111111111111,1.338417060773058,0.9096197397765233,36.513676,127.257784,36.503524,127.267728
8,08:00-09:00,grid_8128_22778,grid_8125_22778,1,0,1,0.08064020144644585,0.08064020144644585,0.024051369212067502,0.1111111111111111,-0.39122551498980496,0.34781527502251647,36.509059,127.26635200000001,36.4961746,127.2647228
8,08:00-09:00,grid_8129_22773,grid_8128_22772,1,0,1,0.08064020144644585,0.08064020144644585,0.024051369212067502,0.1111111111111111,1.5254832324468688,0.9364306936828242,36.512591199999996,127.2404984,36.5111306,127.2335636
8,08:00-09:00,grid_8126_22778,grid_8125_22775,1,0,1,0.008417979224223625,0.008417979224223625,0.024051369212067502,0.0,-0.7788746253075538,0.21802678635460793,36.5018196,127.2642762,36.4956034,127.24811159999999
8,08:00-09:00,grid_8122_22778,grid_8122_22777,1,0,1,0.15286242366866806,0.15286242366866806,0.024051369212067502,0.2222222222222222,0.8337824576841585,0.7977982088292572,36.483547,127.2644198,36.482505200000006,127.262024
8,08:00-09:00,grid_8126_22773,grid_8129_22774,1,0,1,0.07834723034935083,0.07834723034935083,0.017500023220367464,0.1111111111111111,0.9892840280787151,0.8387379018476047,36.50077233333334,127.238883,36.513309,127.24261866666666
8,08:00-09:00,grid_8128_22777,grid_8125_22777,1,0,1,0.07834723034935083,0.07834723034935083,0.017500023220367464,0.1111111111111111,1.3517898449325587,0.9117787231627288,36.509024000000004,127.26119166666666,36.49678133333333,127.25969133333332
8,08:00-09:00,grid_8126_22790,grid_8127_22790,1,0,1,0.004984029420038208,0.004984029420038208,0.014240084057252024,0.0,-0.4647735372114345,0.3210468201301727,36.500868499999996,127.3321565,36.503215499999996,127.3348725
8,08:00-09:00,grid_8126_22787,grid_8126_22786,1,0,1,0.07720625164226043,0.07720625164226043,0.014240084057252024,0.1111111111111111,1.3169529284054398,0.9060727983373793,36.5003275,127.3162315,36.4998245,127.3127565
8,08:00-09:00,grid_8126_22772,grid_8126_22774,1,0,1,0.07720625164226043,0.07720625164226043,0.014240084057252024,0.1111111111111111,0.6841614148486758,0.7530633778665502,36.499911999999995,127.232114,36.499563499999994,127.246305
8,08:00-09:00,grid_8131_22777,grid_8132_22777,1,0,1,0.004984029420038208,0.004984029420038208,0.014240084057252024,0.0,1.2154051191897166,0.8878941917371308,36.523236499999996,127.260302,36.527155,127.2616415
8,08:00-09:00,grid_8150_22781,grid_8152_22782,1,1,0,0.004984029420038208,0.004984029420038208,0.014240084057252024,0.0,1.1449945074359358,0.8738942836819455,36.610521,127.285505,36.6179535,127.2885345
8,08:00-09:00,grid_8152_22782,grid_8148_22784,1,1,0,0.07606892848414952,0.07606892848414952,0.010990589319792299,0.1111111111111111,-0.405754470962758,0.342461507340978,36.618951,127.290791,36.600325,127.300793
8,08:00-09:00,grid_8126_22779,grid_8126_22777,1,0,1,0.07606892848414952,0.07606892848414952,0.010990589319792299,0.1111111111111111,0.6205941560534547,0.7325666571421414,36.49969,127.269792,36.50151,127.263029
8,08:00-09:00,grid_8126_22774,grid_8125_22777,1,0,1,0.003846706261927304,0.003846706261927304,0.010990589319792299,0.0,1.4778357489288507,0.930274126392534,36.501448,127.246,36.497626,127.257989
8,08:00-09:00,grid_8130_22778,grid_8127_22778,1,0,1,0.003846706261927304,0.003846706261927304,0.010990589319792299,0.0,1.113721048839093,0.867300561813618,36.516789,127.265248,36.50706,127.267943
8,08:00-09:00,grid_8123_22784,grid_8124_22788,1,0,1,0.003846706261927304,0.003846706261927304,0.010990589319792299,0.0,1.651332343048535,0.9506646342313039,36.489193,127.299163,36.491104,127.321541
8,08:00-09:00,grid_8123_22781,grid_8124_22782,1,0,1,0.003846706261927304,0.003846706261927304,0.010990589319792299,0.0,0.40734761680181975,0.6581236526850227,36.486077,127.283731,36.491815,127.289014
9,09:00-10:00,grid_8123_22775,grid_8123_22776,3,0,3,0.8654289674548572,0.8654289674548572,0.8218605419345126,0.8888888888888888,0.32844935136995157,0.6287140331581728,36.48683560392157,127.24977767450982,36.487664847058824,127.25658410980392
9,09:00-10:00,grid_8123_22775,grid_8122_22774,1,0,1,0.08450016772989755,0.08450016772989755,0.0350798443076438,0.1111111111111111,-0.4219850611863557,0.33651796074013496,36.4863895,127.24998575000001,36.48309391666667,127.24626608333334
9,09:00-10:00,grid_8129_22777,grid_8129_22777,3,0,3,0.8522061625874572,0.8522061625874572,0.5777318931070204,1.0,0.8967621930762012,0.815077087012815,36.514462615,127.26023842000001,36.51439415,127.26052846500001
9,09:00-10:00,grid_8129_22777,grid_8128_22775,3,0,3,0.6131042474399372,0.6131042474399372,0.5136311831617252,0.6666666666666666,0.40491044082145544,0.6572283282686362,36.513801374269,127.2592953508772,36.51134628070176,127.25024701754386
9,09:00-10:00,grid_8129_22777,grid_8128_22777,1,0,1,0.14744838748550815,0.14744838748550815,0.21493190075224555,0.1111111111111111,0.3190556836918269,0.6251578559848765,36.51432083333333,127.25933243939394,36.50945165151516,127.26097834848485
9,09:00-10:00,grid_8129_22777,grid_8128_22774,1,0,1,0.6904537970312694,0.6904537970312694,0.1155822772321981,1.0,-0.08513111884266875,0.4660785754206761,36.51343886486486,127.25899867567568,36.511149081081086,127.24257824324326
9,09:00-10:00,grid_8150_22782,grid_8151_22782,4,4,0,1.5960418887372252,1.5960418887372252,0.4331355551222301,2.2222222222222223,1.0972314610410367,0.863729888266151,36.60853252941177,127.28864840522877,36.61146690849673,127.28833963398694
9,09:00-10:00,grid_8151_22782,grid_8150_22782,1,1,0,0.40979446446189155,0.40979446446189155,0.34544450163715057,0.4444444444444444,1.3072174529082794,0.9044305651350468,36.611647683453235,127.28828543884892,36.608404,127.28860376978419
9,09:00-10:00,grid_8151_22782,grid_8151_22782,1,1,0,0.48513134329421537,0.48513134329421537,0.1479943141739486,0.6666666666666666,-1.3220055216704303,0.09308315612248258,36.6117677,127.28838878,36.61188466,127.28894539999999
9,09:00-10:00,grid_8151_22782,grid_8149_22783,1,1,0,0.0411874270089171,0.0411874270089171,0.11767836288262029,0.0,-0.677836746671223,0.24893760455395103,36.61183560526316,127.28825715789473,36.60394244736842,127.29359468421052
9,09:00-10:00,grid_8128_22775,grid_8129_22777,3,0,3,0.8831657801799542,0.8831657801799542,0.459838737022091,1.1111111111111112,0.6538874569740838,0.7434078422448345,36.51129521582734,127.25035574820143,36.51391035251798,127.25896884172661
9,09:00-10:00,grid_8128_22775,grid_8129_22774,1,0,1,0.2038303706804786,0.2038303706804786,0.16967407496009762,0.2222222222222222,1.0812133294885045,0.8601988849749886,36.51129975,127.24965080357143,36.51339569642857,127.24417078571427
9,09:00-10:00,grid_8128_22775,grid_8128_22777,1,0,1,0.1697388819076266,0.1697388819076266,0.0722698213233776,0.2222222222222222,2.152938635834433,0.9843382492310164,36.51100373913044,127.2500184347826,36.50879713043478,127.26077308695652
9,09:00-10:00,grid_8129_22778,grid_8129_22777,1,0,1,0.7239413299793294,0.7239413299793294,0.4176101491472906,0.8888888888888888,1.0280009797918104,0.848025316599037,36.51453657364341,127.2655159767442,36.514442209302324,127.25940521705428
9,09:00-10:00,grid_8129_22778,grid_8128_22777,1,0,1,0.15190691235347434,0.15190691235347434,0.0213213368829426,0.2222222222222222,1.3341209257036581,0.9089178855441711,36.51504071428571,127.26486828571429,36.509104,127.26208457142856
9,09:00-10:00,grid_8129_22778,grid_8127_22778,1,0,1,0.07399494675699778,0.07399494675699778,0.005064927242215879,0.1111111111111111,1.624103509552393,0.9478231404543762,36.513044,127.26646400000001,36.504279499999996,127.26561799999999
9,09:00-10:00,grid_8133_22777,grid_8132_22778,1,0,1,0.5628359366170671,0.5628359366170671,0.370007437953525,0.6666666666666666,0.6712443099494667,0.7489675473174988,36.53074722413793,127.25917694827587,36.529259353448275,127.26429103448275
9,09:00-10:00,grid_8124_22776,grid_8124_22775,1,0,1,0.3352356889317504,0.3352356889317504,0.3387686350430963,0.3333333333333333,0.5600526513247519,0.7122782373988181,36.491389330097086,127.25589008737865,36.49212699029126,127.24963600970875
9,09:00-10:00,grid_8124_22776,grid_8123_22776,1,0,1,0.37564890516157645,0.37564890516157645,0.24788576077910746,0.4444444444444444,0.38477992865062594,0.6497997645109129,36.49103341025641,127.25601053846155,36.48761447435898,127.25666624358975
9,09:00-10:00,grid_8124_22776,grid_8125_22776,1,0,1,0.29645003927463637,0.29645003927463637,0.22795249316562768,0.3333333333333333,-0.05392222809196945,0.47849856348529685,36.49128760810811,127.25652095945945,36.495107567567565,127.25612447297297
9,09:00-10:00,grid_8124_22776,grid_8122_22777,1,0,1,0.2857854914751671,0.2857854914751671,0.19748235659571536,0.3333333333333333,1.451556260679669,0.9266874859672904,36.49066985483871,127.2565740483871,36.483023854838706,127.26022041935484
9,09:00-10:00,grid_8124_22776,grid_8126_22776,2,0,2,0.4135417027228804,0.4135417027228804,0.1498016903193407,0.5555555555555556,2.5613186130220558,0.9947862161580869,36.49158761702128,127.25640768085107,36.49939061702128,127.25534914893616
9,09:00-10:00,grid_8123_22776,grid_8124_22776,1,0,1,0.6171695015078645,0.6171695015078645,0.3188969884351686,0.7777777777777778,-0.4017224576929237,0.34394414743798507,36.48754262376238,127.25677698019803,36.49086030693069,127.25622008910891
9,09:00-10:00,grid_8123_22776,grid_8124_22775,1,0,1,0.10748602208080887,0.10748602208080887,0.1007537138816762,0.1111111111111111,-0.2070704636472938,0.4179774143787548,36.48801465625,127.25633034375,36.491609249999996,127.24928865625
9,09:00-10:00,grid_8123_22776,grid_8124_22774,1,0,1,0.03454127900703512,0.03454127900703512,0.09868936859152891,0.0,-0.09451591906455131,0.4623496687339436,36.48792059375,127.25644284375,36.491384625,127.2451521875
9,09:00-10:00,grid_8123_22776,grid_8126_22777,1,0,1,0.07399494675699778,0.07399494675699778,0.005064927242215879,0.1111111111111111,1.8250103832701428,0.966000268767171,36.487776,127.25746649999999,36.5022745,127.2605825
9,09:00-10:00,grid_8121_22776,grid_8122_22777,3,0,3,0.5892621579133863,0.5892621579133863,0.23916172102237354,0.7777777777777778,-0.922063491768696,0.1782477293168963,36.478744457831326,127.25480815662651,36.48204648192771,127.26022539759036
9,09:00-10:00,grid_8121_22776,grid_8122_22775,1,0,1,0.1618916473723489,0.1618916473723489,0.04984915122258416,0.2222222222222222,-1.2062397456095506,0.11386253146869896,36.47902005882353,127.25379888235295,36.483492764705886,127.25042817647058
9,09:00-10:00,grid_8122_22777,grid_8123_22776,1,0,1,0.5131414242101521,0.5131414242101521,0.22802311679091064,0.6666666666666666,-1.2309940563569635,0.10916254363730654,36.4830967,127.26042071428573,36.48796388571429,127.2570067857143
9,09:00-10:00,grid_8122_22777,grid_8123_22775,1,0,1,0.6518727656103759,0.6518727656103759,0.21169996523599474,0.8888888888888888,-0.33917992746196696,0.3672370947681486,36.48277963076923,127.26009444615386,36.4864872,127.25026380000001
9,09:00-10:00,grid_8125_22775,grid_8125_22776,1,0,1,0.29762117338398286,0.29762117338398286,0.23129859062090335,0.3333333333333333,-0.5963570051282616,0.2754683782554672,36.49549568115942,127.24933346376811,36.494686,127.25589833333333
9,09:00-10:00,grid_8125_22775,grid_8125_22774,1,0,1,0.12594629381634725,0.12594629381634725,0.15349734741178586,0.1111111111111111,1.3428346692181299,0.9103372426934321,36.49564165306123,127.24879269387755,36.49601683673469,127.24389059183673
9,09:00-10:00,grid_8125_22775,grid_8126_22776,1,0,1,0.16209206796959327,0.16209206796959327,0.05042178150042524,0.2222222222222222,-0.6285808064163351,0.264811764591394,36.49582129411765,127.24956376470588,36.49979999999999,127.255215
9,09:00-10:00,grid_8125_22775,grid_8126_22777,1,0,1,0.15837118990736948,0.15837118990736948,0.039790701322642966,0.2222222222222222,-0.8803093913341483,0.18934586321968716,36.496141461538464,127.24930238461539,36.50066676923077,127.25896515384616
9,09:00-10:00,grid_8125_22775,grid_8129_22774,1,0,1,0.22298387081954218,0.22298387081954218,0.01804915472250147,0.3333333333333333,0.8235060167980244,0.7948898514864022,36.496032166666666,127.25016983333335,36.5127235,127.24267733333333
9,09:00-10:00,grid_8121_22775,grid_8123_22775,1,0,1,0.28101532337306756,0.28101532337306756,0.18385330487543117,0.3333333333333333,0.18091174857770148,0.571781576506852,36.47806333333333,127.24948035000001,36.48616991666667,127.24915783333334
9,09:00-10:00,grid_8121_22775,grid_8123_22777,2,0,2,0.08663399060676095,0.08663399060676095,0.041176481098682105,0.1111111111111111,-0.7909731224598309,0.21447983796888426,36.478208307692306,127.2501263076923,36.48721838461539,127.26021999999999
9,09:00-10:00,grid_8129_22774,grid_8130_22774,1,0,1,0.27946264792801856,0.27946264792801856,0.17941708931814834,0.3333333333333333,1.3399928984548592,0.9098761731379923,36.51304364912281,127.2435240877193,36.51767496491228,127.24310754385965
9,09:00-10:00,grid_8129_22774,grid_8128_22775,1,0,1,0.11225042883426496,0.11225042883426496,0.11436630460583642,0.1111111111111111,-0.7324870620021651,0.23193566836251372,36.51347057142857,127.24411788571427,36.51133157142857,127.24935211428573
9,09:00-10:00,grid_8129_22774,grid_8127_22773,1,0,1,0.3209700735660816,0.3209700735660816,0.09166052764912207,0.4444444444444444,-0.6091445005892845,0.2712143316598058,36.5125851,127.24280426666668,36.505377599999996,127.23834616666666
9,09:00-10:00,grid_8129_22774,grid_8126_22776,1,0,1,0.15190691235347434,0.15190691235347434,0.0213213368829426,0.2222222222222222,0.45805219056184543,0.6765425270306094,36.51374514285714,127.24410557142858,36.500219,127.25497557142857
9,09:00-10:00,grid_8133_22778,grid_8132_22778,1,0,1,0.2739522492152077,0.2739522492152077,0.16367309299583163,0.3333333333333333,0.6391735227812874,0.7386449727169502,36.53224683018868,127.26616749056605,36.52921573584906,127.26460133962264
9,09:00-10:00,grid_8130_22775,grid_8129_22774,1,0,1,0.4089246818327871,0.4089246818327871,0.13661020206193125,0.5555555555555556,0.9202726043336821,0.8212848392317249,36.51838067924528,127.25106173584905,36.51327637735849,127.24471545283019
9,09:00-10:00,grid_8130_22775,grid_8129_22776,1,0,1,0.23431429019181552,0.23431429019181552,0.05042178150042524,0.3333333333333333,0.9109406146633126,0.818836667789584,36.5183784117647,127.25147558823531,36.514779058823535,127.2567071764706
9,09:00-10:00,grid_8127_22775,grid_8128_22775,1,0,1,0.1291875722660765,0.1291875722660765,0.1627581429824408,0.1111111111111111,-0.3091781027504911,0.3785930249528716,36.50480371153846,127.24986261538461,36.51078046153846,127.24959803846153
9,09:00-10:00,grid_8122_22776,grid_8123_22775,1,0,1,0.2710284648820399,0.2710284648820399,0.15531942347249494,0.3333333333333333,-0.35689363061449225,0.36058571906319603,36.482891,127.2547556862745,36.48638401960785,127.24985139215686
9,09:00-10:00,grid_8122_22776,grid_8122_22776,1,0,1,0.027916852970942707,0.027916852970942707,0.07976243705983631,0.0,1.0296703693472553,0.84841761522625,36.483058115384615,127.25481926923077,36.48311107692307,127.25421373076922
9,09:00-10:00,grid_8127_22773,grid_8128_22774,2,0,2,0.27242604100164114,0.27242604100164114,0.15931249809992704,0.3333333333333333,-0.7260983573217148,0.23388923799508504,36.50538782,127.23890012,36.51093466,127.24228886
9,09:00-10:00,grid_8127_22773,grid_8126_22773,1,0,1,0.1770348473497452,0.1770348473497452,0.09311543687228789,0.2222222222222222,0.49188114177924913,0.6885983147684313,36.50507910344828,127.23861317241379,36.50089179310345,127.23688413793103
9,09:00-10:00,grid_8127_22773,grid_8125_22775,1,0,1,0.07578867967953201,0.07578867967953201,0.010189878449456543,0.1111111111111111,-0.8129342678540815,0.20812787303063945,36.5053245,127.24003,36.49585425,127.24901224999999
9,09:00-10:00,grid_8121_22777,grid_8121_22776,1,0,1,0.1238980985094568,0.1238980985094568,0.14764536082067023,0.1111111111111111,-0.33460677629322816,0.3689608662803824,36.47914712,127.26052024,36.47846108,127.25413914
9,09:00-10:00,grid_8125_22774,grid_8124_22776,1,0,1,0.2701706508336652,0.2701706508336652,0.1528685261914244,0.3333333333333333,0.20765866848877457,0.582252254055461,36.496077130434784,127.24368858695652,36.49139923913043,127.25604832608697
9,09:00-10:00,grid_8125_22774,grid_8123_22775,1,0,1,0.3195383129850792,0.3195383129850792,0.0875697831319724,0.4444444444444444,1.1287896265468893,0.8705067051538404,36.49590571428571,127.24394510714285,36.48687135714285,127.24953003571429
9,09:00-10:00,grid_8125_22774,grid_8127_22775,1,0,1,0.3051588382542718,0.3051588382542718,0.04648556961537983,0.4444444444444444,1.9014284840957758,0.9713770442162408,36.496666,127.24409346666667,36.50361853333334,127.24966146666667
9,09:00-10:00,grid_8121_22782,grid_8120_22781,1,0,1,0.11930361849117133,0.11930361849117133,0.13451827505414035,0.1111111111111111,-1.1273296007355045,0.12980157582578344,36.47768529268293,127.28830385365853,36.47438641463415,127.28276380487806
9,09:00-10:00,grid_8121_22782,grid_8123_22783,1,0,1,0.0250898482574159,0.0250898482574159,0.071685280735474,0.0,0.4966378173867985,0.6902777600683029,36.47810477272728,127.28914327272727,36.48584231818182,127.29628531818183
9,09:00-10:00,grid_8149_22782,grid_8151_22782,1,1,0,0.5483091316785275,0.5483091316785275,0.12215307463706253,0.7777777777777778,-0.33714803966190543,0.36800265237428686,36.60365128947368,127.2898362368421,36.61158494736842,127.28822415789473
9,09:00-10:00,grid_8149_22783,grid_8151_22782,1,1,0,0.1866752754107221,0.1866752754107221,0.1206595170465076,0.2222222222222222,-1.5659426315786042,0.05868102410517434,36.604397236842104,127.29275065789474,36.61204110526316,127.28851221052632
9,09:00-10:00,grid_8149_22783,grid_8150_22781,1,1,0,0.17745232179698817,0.17745232179698817,0.09430822100726786,0.2222222222222222,-0.5382435653260312,0.2952044535108285,36.60376238709677,127.2933095483871,36.608797354838714,127.28486187096775
9,09:00-10:00,grid_8149_22783,grid_8151_22781,1,1,0,0.10064274341332242,0.10064274341332242,0.08120148911742917,0.1111111111111111,0.6124393257191953,0.7298764350994851,36.604207259259255,127.29326585185184,36.61199837037037,127.2846862962963
9,09:00-10:00,grid_8149_22783,grid_8150_22783,1,1,0,0.023888108642559348,0.023888108642559348,0.068251738978741,0.0,0.4773753147701627,0.6834525555120603,36.60334945454545,127.29347745454547,36.60831154545454,127.29367231818182
9,09:00-10:00,grid_8149_22783,grid_8148_22782,1,1,0,0.07739783189666873,0.07739783189666873,0.014787456212704303,0.1111111111111111,-0.15055791306422764,0.4401622316777656,36.6050762,127.29318579999999,36.6002638,127.2902192
9,09:00-10:00,grid_8128_22778,grid_8128_22777,1,0,1,0.18043212271073963,0.18043212271073963,0.10282193790370056,0.2222222222222222,0.0870216268579152,0.534672839215184,36.50954903030303,127.26635863636362,36.50921851515151,127.26224342424241
9,09:00-10:00,grid_8128_22778,grid_8127_22777,1,0,1,0.23766838232181758,0.23766838232181758,0.06000490187185975,0.3333333333333333,1.2007402806827372,0.8850740181192548,36.508842421052634,127.26676300000001,36.50518957894737,127.2614915263158
9,09:00-10:00,grid_8128_22778,grid_8127_22778,1,0,1,0.15604297660006688,0.15604297660006688,0.03313866330177843,0.2222222222222222,-0.5280175965558154,0.29874356138569286,36.51046663636364,127.26565718181818,36.50539090909091,127.26614363636364
9,09:00-10:00,grid_8148_22783,grid_8151_22782,1,1,0,0.3895316323022114,0.3895316323022114,0.08120148911742917,0.5555555555555556,0.3129717760136747,0.6228489473981882,36.60108437037037,127.29508448148148,36.612013814814816,127.28855407407407
9,09:00-10:00,grid_8124_22777,grid_8126_22775,1,0,1,0.24579820831809715,0.24579820831809715,0.08323297614694425,0.3333333333333333,-1.1109811877787767,0.13328822344218633,36.49066511111111,127.25978759259259,36.501043037037036,127.24922018518518
9,09:00-10:00,grid_8128_22774,grid_8130_22773,1,0,1,0.09993305639545068,0.09993305639545068,0.0791738119235099,0.1111111111111111,-0.32368609034271323,0.373087851349762,36.511396423076924,127.24269026923078,36.51859488461538,127.23775669230768
9,09:00-10:00,grid_8128_22774,grid_8127_22778,1,0,1,0.36742831526398667,0.36742831526398667,0.01804915472250147,0.5555555555555556,-0.04198397778223306,0.4832557353662713,36.5109075,127.24521316666666,36.50440616666666,127.26430883333335
9,09:00-10:00,grid_8131_22772,grid_8130_22772,1,0,1,0.24316736392337968,0.24316736392337968,0.07571627787632287,0.3333333333333333,-0.7143832631594745,0.2374951092173394,36.52246483333334,127.23279666666667,36.5191425,127.234287875
9,09:00-10:00,grid_8132_22776,grid_8132_22778,1,0,1,0.3158913669859761,0.3158913669859761,0.07714993742024925,0.4444444444444444,-0.8776267098003889,0.19007316473250624,36.52973829166667,127.25510075,36.52926370833333,127.26422854166667
9,09:00-10:00,grid_8128_22773,grid_8127_22773,1,0,1,0.09441640013700807,0.09441640013700807,0.06341193689938816,0.1111111111111111,-0.17732818284014823,0.4296253074351886,36.510082,127.23988015,36.505339750000005,127.23888409999999
9,09:00-10:00,grid_8130_22772,grid_8127_22772,1,0,1,0.3065365124140377,0.3065365124140377,0.05042178150042524,0.4444444444444444,-0.6176106358782976,0.2684160159455453,36.51872023529412,127.23442523529411,36.50582935294118,127.23401952941177
9,09:00-10:00,grid_8125_22773,grid_8125_22775,1,0,1,0.017647623525148832,0.017647623525148832,0.05042178150042524,0.0,0.2271378779730783,0.5898417343450262,36.49608282352941,127.23977570588237,36.49527329411765,127.24859711764705
9,09:00-10:00,grid_8125_22773,grid_8125_22776,1,0,1,0.08083363495881109,0.08083363495881109,0.024604036390253912,0.1111111111111111,0.6236630568168882,0.7335755551609869,36.496624499999996,127.238583875,36.49434325,127.25565987499999
9,09:00-10:00,grid_8126_22775,grid_8127_22772,1,0,1,0.08966942515012667,0.08966942515012667,0.04984915122258416,0.1111111111111111,0.3842094315497384,0.6495883857788234,36.502128,127.248661125,36.5054590625,127.234566125
9,09:00-10:00,grid_8126_22773,grid_8126_22777,1,0,1,0.2334247618557772,0.2334247618557772,0.047880271968887236,0.3333333333333333,1.9148924333119415,0.9722468884997546,36.50117853333334,127.239752,36.500237266666666,127.25903459999999
9,09:00-10:00,grid_8126_22773,grid_8124_22777,1,0,1,0.07399494675699778,0.07399494675699778,0.005064927242215879,0.1111111111111111,-1.5303149451371076,0.06296939536560503,36.5025645,127.240485,36.4897955,127.25996749999999
9,09:00-10:00,grid_8130_22774,grid_8130_22772,2,0,2,0.30398535646069946,0.30398535646069946,0.043132764490887474,0.4444444444444444,2.3574011425464216,0.9907983226759732,36.518197,127.24302228571428,36.51860242857143,127.23309221428572
9,09:00-10:00,grid_8130_22776,grid_8129_22776,1,0,1,0.013926745462925038,0.013926745462925038,0.039790701322642966,0.0,0.637856343099937,0.7382164006582348,36.51916369230769,127.25338892307693,36.514789,127.25719192307693
9,09:00-10:00,grid_8127_22776,grid_8127_22777,1,0,1,0.15720521543762464,0.15720521543762464,0.03645934569480057,0.2222222222222222,-0.06021409995305772,0.4759925579767152,36.504707333333336,127.25383,36.50475483333333,127.26063075
9,09:00-10:00,grid_8124_22775,grid_8126_22777,1,0,1,0.44609410432651353,0.44609410432651353,0.03645934569480057,0.6666666666666666,0.7107643386260323,0.7613848586454723,36.49225191666667,127.24985125,36.500565333333334,127.25915041666667
9,09:00-10:00,grid_8127_22774,grid_8124_22777,1,0,1,0.012080452153819483,0.012080452153819483,0.03451557758234138,0.0,0.5736174758765019,0.7168866583929593,36.505331545454546,127.24363345454545,36.491141999999996,127.25936409090909
9,09:00-10:00,grid_8127_22774,grid_8131_22772,1,0,1,0.0017727245347755574,0.0017727245347755574,0.005064927242215879,0.0,0.9004726336596129,0.8160656087503169,36.506031,127.24502000000001,36.5223365,127.2333415
9,09:00-10:00,grid_8126_22774,grid_8126_22777,1,0,1,0.1565248965982639,0.1565248965982639,0.03451557758234138,0.2222222222222222,1.0784740156124262,0.8595888641487397,36.50135718181818,127.24400890909091,36.50081027272727,127.25946127272728
9,09:00-10:00,grid_8129_22776,grid_8127_22777,1,0,1,0.08170340448112098,0.08170340448112098,0.0270890921682822,0.1111111111111111,0.3517320616480619,0.6374803933006485,36.5135353,127.25737140000001,36.5057768,127.2614298
9,09:00-10:00,grid_8130_22773,grid_8130_22771,1,0,1,0.008807013935745138,0.008807013935745138,0.025162896959271826,0.0,0.009657538907907326,0.503852740705286,36.5189734,127.2386569,36.5168083,127.2289783
9,09:00-10:00,grid_8128_22776,grid_8128_22775,1,0,1,0.15536483741473783,0.15536483741473783,0.03120112277226688,0.2222222222222222,0.0023519912019020067,0.5009383078684725,36.5098051,127.25685530000001,36.5111862,127.2500279
9,09:00-10:00,grid_8127_22772,grid_8127_22772,1,0,1,0.008611412736588869,0.008611412736588869,0.024604036390253912,0.0,-1.356326163470599,0.08749770725972827,36.505664125,127.234258625,36.5047915,127.23409137499999
9,09:00-10:00,grid_8132_22777,grid_8132_22778,1,0,1,0.15257855438727178,0.15257855438727178,0.023240314122363846,0.2222222222222222,2.0828099353483385,0.9813657241969,36.52756375,127.261899625,36.529255375,127.264447875
9,09:00-10:00,grid_8147_22782,grid_8150_22782,1,1,0,0.07968469013125212,0.07968469013125212,0.0213213368829426,0.1111111111111111,-0.4354965293533451,0.3316010288210177,36.59454471428571,127.2888037142857,36.60779085714285,127.28932557142856
9,09:00-10:00,grid_8123_22778,grid_8126_22777,1,0,1,0.15076164859731994,0.15076164859731994,0.01804915472250147,0.2222222222222222,0.7939963675462062,0.7864012269888079,36.48866866666666,127.265556,36.50180016666667,127.260041
9,09:00-10:00,grid_8151_22783,grid_8152_22781,1,1,0,0.15028739933762786,0.15028739933762786,0.016694156837666924,0.2222222222222222,1.1879185708007696,0.8825672537696247,36.61175816666667,127.29289283333333,36.61820216666667,127.28578233333333
9,09:00-10:00,grid_8130_22777,grid_8127_22777,1,0,1,0.22184227634111317,0.22184227634111317,0.014787456212704303,0.3333333333333333,0.6002803081670351,0.7258402799720874,36.5167494,127.25914440000001,36.506861,127.26008259999999
9,09:00-10:00,grid_8130_22777,grid_8127_22778,1,0,1,0.07399494675699778,0.07399494675699778,0.005064927242215879,0.1111111111111111,0.5649892052583348,0.7139594467373169,36.517241999999996,127.26114050000001,36.5056365,127.265203
9,09:00-10:00,grid_8131_22775,grid_8128_22774,1,0,1,0.07512560378707626,0.07512560378707626,0.008295375899583,0.1111111111111111,0.11188727756220596,0.5445436078534645,36.52146466666667,127.24797533333333,36.51153633333333,127.24226900000001
9,09:00-10:00,grid_8127_22777,grid_8128_22773,1,0,1,0.07512560378707626,0.07512560378707626,0.008295375899583,0.1111111111111111,-0.010249699150357686,0.4959110332429617,36.50452433333333,127.26025666666668,36.50884766666667,127.239285
9,09:00-10:00,grid_8126_22789,grid_8126_22788,1,0,1,0.0017727245347755574,0.0017727245347755574,0.005064927242215879,0.0,0.1404161946621975,0.5558344184369752,36.501799,127.32572400000001,36.5007585,127.32442499999999
9,09:00-10:00,grid_8121_22774,grid_8122_22775,1,0,1,0.07399494675699778,0.07399494675699778,0.005064927242215879,0.1111111111111111,0.21155475843396693,0.5837727960505273,36.480267999999995,127.24635599999999,36.482715999999996,127.2489215
9,09:00-10:00,grid_8119_22781,grid_8122_22782,1,0,1,0.07399494675699778,0.07399494675699778,0.005064927242215879,0.1111111111111111,-1.3877258521562035,0.08261027037759294,36.470817,127.283908,36.480639999999994,127.288452
9,09:00-10:00,grid_8126_22786,grid_8125_22785,1,0,1,0.07286791220657361,0.07286791220657361,0.0018448285267182903,0.1111111111111111,-0.05625128445799221,0.4775708133576703,36.501271,127.313804,36.4962,127.30566
9,09:00-10:00,grid_8120_22776,grid_8128_22777,1,0,1,0.07286791220657361,0.07286791220657361,0.0018448285267182903,0.1111111111111111,0.6649523098117651,0.746959501769622,36.475097,127.255255,36.509328,127.259044
10,10:00-11:00,grid_8129_22777,grid_8128_22775,1,0,1,0.3948933066740073,0.3948933066740073,0.5092189714495446,0.3333333333333333,1.031206992393186,0.8487781188453124,36.513801374269,127.2592953508772,36.51134628070176,127.25024701754386
10,10:00-11:00,grid_8129_22777,grid_8129_22778,1,0,1,0.427683365796432,0.427683365796432,0.39655564830726614,0.4444444444444444,0.524644739592192,0.7000849104454931,36.5145234488189,127.25926370866142,36.51463179527559,127.26548879527559
10,10:00-11:00,grid_8129_22777,grid_8130_22774,1,0,1,0.03138312736412781,0.03138312736412781,0.08966607818322231,0.0,3.015788174838176,0.9987184387488992,36.51462961290323,127.2589495483871,36.51793635483871,127.24487748387097
10,10:00-11:00,grid_8129_22777,grid_8127_22779,1,0,1,0.025586362395259764,0.025586362395259764,0.07310389255788505,0.0,1.8851886940289484,0.9702978166497793,36.5147304137931,127.25900206896551,36.50600548275862,127.27147796551724
10,10:00-11:00,grid_8129_22777,grid_8132_22779,1,0,1,0.15153459894290758,0.15153459894290758,0.020257584281323307,0.2222222222222222,0.9322993697484151,0.824409083323721,36.5140765,127.2601575,36.5268605,127.271126125
10,10:00-11:00,grid_8129_22777,grid_8133_22776,1,0,1,0.1503905280310189,0.1503905280310189,0.016988810247355636,0.2222222222222222,2.2420253569438664,0.9875201332361299,36.51454114285714,127.259259,36.530564,127.25423185714286
10,10:00-11:00,grid_8129_22777,grid_8124_22776,1,0,1,0.07296953465365043,0.07296953465365043,0.0021351783755091842,0.1111111111111111,0.40745505600545096,0.6581631012898831,36.5131835,127.258848,36.491781,127.25693100000001
10,10:00-11:00,grid_8123_22775,grid_8124_22776,2,0,2,0.4608075614817328,0.4608075614817328,0.49119620740812553,0.4444444444444444,1.1330209882831082,0.8713972802338891,36.48684029677419,127.24985213548388,36.49064255483871,127.25561443225806
10,10:00-11:00,grid_8123_22775,grid_8122_22775,2,0,2,0.4765902961710258,0.4765902961710258,0.32994052874261315,0.5555555555555556,0.9258178236538548,0.822729668579915,36.486519212121216,127.24949746464647,36.48348562626263,127.25037473737373
10,10:00-11:00,grid_8123_22775,grid_8124_22775,1,0,1,0.19224545764241183,0.19224545764241183,0.136574323422764,0.2222222222222222,1.0782857896750773,0.8595468816474509,36.486969,127.24983782222222,36.49229793333333,127.24919037777778
10,10:00-11:00,grid_8123_22775,grid_8127_22773,1,0,1,0.07522788054746624,0.07522788054746624,0.008587595214982896,0.1111111111111111,0.654211674730999,0.7435122794962656,36.4868175,127.24949225,36.50501025,127.23735975
10,10:00-11:00,grid_8150_22782,grid_8150_22782,2,2,0,0.8057782842013885,0.8057782842013885,0.4450808120039674,1.0,0.4690857495421082,0.6804958276675239,36.60864115602837,127.28858044680851,36.60864920567376,127.28828578014183
10,10:00-11:00,grid_8151_22782,grid_8150_22782,1,1,0,0.6973106708116071,0.6973106708116071,0.3415225515252268,0.8888888888888888,0.9744134094349489,0.8350743429728518,36.611647683453235,127.28828543884892,36.608404,127.28860376978419
10,10:00-11:00,grid_8151_22782,grid_8150_22781,1,1,0,0.5401154835048838,0.5401154835048838,0.09874265128379492,0.7777777777777778,1.7783142278903534,0.9623238695662555,36.61188020588235,127.28955779411766,36.609425529411766,127.28459114705883
10,10:00-11:00,grid_8124_22776,grid_8123_22775,1,0,1,0.29467059743527935,0.29467059743527935,0.42921757997381405,0.2222222222222222,1.2596403509899337,0.8961004338693369,36.49082116788321,127.25572233576642,36.48714151824817,127.24963825547447
10,10:00-11:00,grid_8124_22776,grid_8125_22776,1,0,1,0.5118638939938376,0.5118638939938376,0.22437303045858345,0.6666666666666666,2.692756797342076,0.9964568030118333,36.49128760810811,127.25652095945945,36.495107567567565,127.25612447297297
10,10:00-11:00,grid_8124_22776,grid_8125_22777,1,0,1,0.028026379015287328,0.028026379015287328,0.08007536861510665,0.0,-0.1577825496020031,0.43731407490084717,36.491429000000004,127.2565021851852,36.49595711111111,127.26047037037038
10,10:00-11:00,grid_8124_22776,grid_8127_22774,1,0,1,0.025108038837509006,0.025108038837509006,0.07173725382145431,0.0,0.49583015905428346,0.6899928776653013,36.49127544,127.25673904,36.5050528,127.2438378
10,10:00-11:00,grid_8124_22776,grid_8127_22772,1,0,1,0.07222222222222222,0.07222222222222222,0.0,0.1111111111111111,-0.6105404456545359,0.2707519297600607,36.492744,127.255086,36.504819,127.234671
10,10:00-11:00,grid_8125_22775,grid_8124_22776,1,0,1,0.6484215355498099,0.6484215355498099,0.40818851426929814,0.7777777777777778,-0.23799784777020458,0.40594138174029815,36.49545076296296,127.2491430962963,36.49143771851852,127.25604124444443
10,10:00-11:00,grid_8125_22775,grid_8124_22774,1,0,1,0.11635236657108414,0.11635236657108414,0.12608612671103406,0.1111111111111111,-0.43520195029151665,0.33170792353962614,36.49496595,127.248870775,36.491971925,127.2447406
10,10:00-11:00,grid_8125_22775,grid_8124_22777,1,0,1,0.1674460142423388,0.1674460142423388,0.0657187708511267,0.2222222222222222,0.3900681686618649,0.6517569300424142,36.49579759090909,127.24913818181818,36.49110909090909,127.26008818181818
10,10:00-11:00,grid_8125_22775,grid_8127_22774,1,0,1,0.011900616558278034,0.011900616558278034,0.0340017615950801,0.0,-1.3127815579429472,0.09462828304187637,36.49572246153846,127.24892546153845,36.50568707692308,127.24459461538461
10,10:00-11:00,grid_8125_22775,grid_8122_22777,1,0,1,0.0797882881841147,0.0797882881841147,0.02161733131969281,0.1111111111111111,-1.3117876640968507,0.09479589414818973,36.49607675,127.24814875,36.482341875,127.260781375
10,10:00-11:00,grid_8129_22778,grid_8129_22777,1,0,1,1.228050576380757,1.228050576380757,0.4134778372783527,1.6666666666666667,0.19759075162369152,0.5783173643589998,36.51453657364341,127.2655159767442,36.514442209302324,127.25940521705428
10,10:00-11:00,grid_8128_22778,grid_8129_22777,1,0,1,0.7051311040952571,0.7051311040952571,0.3638666466213697,0.8888888888888888,-0.6230581049537048,0.26662316967625554,36.51007996581196,127.26617884615385,36.51404345299146,127.25967005982905
10,10:00-11:00,grid_8128_22778,grid_8128_22778,1,0,1,0.1988237401046092,0.1988237401046092,0.1553694161718994,0.2222222222222222,-0.010948438300144803,0.49563229231616357,36.50996391666667,127.26558554166667,36.50968425,127.26599702083332
10,10:00-11:00,grid_8132_22778,grid_8133_22777,1,0,1,0.33993520917864156,0.33993520917864156,0.35219583574849966,0.3333333333333333,-0.48807813261142285,0.31274724972946943,36.529149587719296,127.2642854736842,36.530680614035084,127.25919527192983
10,10:00-11:00,grid_8123_22776,grid_8124_22776,1,0,1,0.6880461261489228,0.6880461261489228,0.31505242391755744,0.8888888888888888,1.138155008112543,0.872472119014488,36.48754262376238,127.25677698019803,36.49086030693069,127.25622008910891
10,10:00-11:00,grid_8123_22776,grid_8122_22775,1,0,1,0.23859083756602578,0.23859083756602578,0.26898969463308964,0.2222222222222222,0.29754635733012536,0.616975289212202,36.4873025,127.2568888409091,36.48367968181818,127.25007542045455
10,10:00-11:00,grid_8123_22776,grid_8121_22775,1,0,1,0.28468864842144026,0.28468864842144026,0.1943485192993532,0.3333333333333333,-0.1523275733464986,0.4394642891483496,36.487640901639345,127.25665386885247,36.478365049180326,127.25040206557377
10,10:00-11:00,grid_8150_22781,grid_8150_22782,1,1,0,0.5301367163277013,0.5301367163277013,0.27658109426962285,0.6666666666666666,-0.9858507832552074,0.1621031706581093,36.60898307,127.28455935,36.60873978,127.28914721
10,10:00-11:00,grid_8121_22776,grid_8122_22777,1,0,1,0.443553465366854,0.443553465366854,0.23554958358783676,0.5555555555555556,-0.29216142715851834,0.38508160112664824,36.478744457831326,127.25480815662651,36.48204648192771,127.26022539759036
10,10:00-11:00,grid_8121_22776,grid_8123_22775,1,0,1,0.1674460142423388,0.1674460142423388,0.0657187708511267,0.2222222222222222,0.4808381839932257,0.6846842451841417,36.47961739130435,127.25381165217392,36.48654304347826,127.24939147826086
10,10:00-11:00,grid_8122_22777,grid_8123_22775,1,0,1,0.6506365352173924,0.6506365352173924,0.20816787839889914,0.8888888888888888,-1.471399514584622,0.0705915523156459,36.48277963076923,127.26009444615386,36.4864872,127.25026380000001
10,10:00-11:00,grid_8127_22774,grid_8128_22774,1,0,1,0.35635449387298834,0.35635449387298834,0.19275887138314135,0.4444444444444444,1.6238136198066755,0.9477922038086783,36.50515158333334,127.24330068333333,36.51086015,127.24308115000001
10,10:00-11:00,grid_8127_22774,grid_8128_22775,2,0,2,0.24036907516915043,0.24036907516915043,0.06772116714995358,0.3333333333333333,0.13396747548033033,0.5532858533202061,36.50475630434782,127.24376691304349,36.5110972173913,127.24892417391305
10,10:00-11:00,grid_8151_22781,grid_8150_22782,1,1,0,0.2083377338112017,0.2083377338112017,0.18255225533359212,0.2222222222222222,0.1525507878128082,0.5606237318720826,36.611808389830514,127.28470047457627,36.609099084745765,127.28833798305084
10,10:00-11:00,grid_8130_22773,grid_8130_22773,1,0,1,0.13568815080729685,0.13568815080729685,0.1813312245287847,0.1111111111111111,2.021644736163604,0.9783934665488212,36.518902741379314,127.23769250000001,36.51877653448276,127.23823943103449
10,10:00-11:00,grid_8130_22773,grid_8128_22773,1,0,1,0.01451738045023525,0.01451738045023525,0.041478229857815005,0.0,2.1837842308577686,0.9855109465637146,36.518785666666666,127.23760546666666,36.5101138,127.23983419999999
10,10:00-11:00,grid_8126_22776,grid_8124_22776,1,0,1,0.2060371317438829,0.2060371317438829,0.17597910656982427,0.2222222222222222,0.33262701941630934,0.6302920774340529,36.499626785714284,127.25554271428572,36.49160292857143,127.25636525
10,10:00-11:00,grid_8126_22776,grid_8127_22776,1,0,1,0.07522788054746624,0.07522788054746624,0.008587595214982896,0.1111111111111111,-0.2716847010765991,0.39293223287355217,36.49961025,127.25606575,36.5039945,127.2538035
10,10:00-11:00,grid_8128_22775,grid_8127_22775,1,0,1,0.27332963225087725,0.27332963225087725,0.1618941873834588,0.3333333333333333,0.5950558467678319,0.7240969293936548,36.51101451923077,127.2495800576923,36.504806153846154,127.24979657692307
10,10:00-11:00,grid_8128_22775,grid_8127_22774,1,0,1,0.09642268214919084,0.09642268214919084,0.06914417121991033,0.1111111111111111,0.9959014720775324,0.8403509899995928,36.51137526086956,127.24884104347827,36.504968000000005,127.24381517391303
10,10:00-11:00,grid_8121_22777,grid_8121_22776,1,0,1,0.26717166392764274,0.26717166392764274,0.14429999217421735,0.3333333333333333,-0.0034402306861870957,0.498627549232148,36.47914712,127.26052024,36.47846108,127.25413914
10,10:00-11:00,grid_8121_22777,grid_8123_22777,1,0,1,0.004805678130691619,0.004805678130691619,0.013730508944833198,0.0,-0.8029788263670234,0.210993486425732,36.47954216666667,127.26164883333333,36.487459,127.25997816666667
10,10:00-11:00,grid_8127_22775,grid_8127_22777,1,0,1,0.40598179298627557,0.40598179298627557,0.12820194821475553,0.5555555555555556,-0.2716545183876762,0.3929438377782078,36.505046428571426,127.24995514285713,36.505441023809524,127.26113757142858
10,10:00-11:00,grid_8127_22775,grid_8127_22773,1,0,1,0.1075976773819577,0.1075976773819577,0.1010727290278157,0.1111111111111111,-0.1021681430823442,0.45931160677119254,36.50443906060606,127.2492671818182,36.505328575757574,127.2388903030303
10,10:00-11:00,grid_8127_22775,grid_8126_22776,1,0,1,0.17909716935511089,0.17909716935511089,0.09900778545904702,0.2222222222222222,-0.4137500904742446,0.3395285694461202,36.5043229375,127.25002284375,36.50012721875,127.25537171875
10,10:00-11:00,grid_8127_22775,grid_8126_22775,1,0,1,0.09762542571390176,0.09762542571390176,0.07258058140479871,0.1111111111111111,1.259266257827034,0.8960329117645713,36.50436932,127.24972544,36.50159632,127.24962031999999
10,10:00-11:00,grid_8127_22775,grid_8124_22777,1,0,1,0.16764946441639453,0.16764946441639453,0.06630005706271458,0.2222222222222222,-0.7489957660594267,0.2269298786695637,36.50476725,127.24930233333333,36.49083929166667,127.25950416666667
10,10:00-11:00,grid_8120_22776,grid_8121_22776,1,0,1,0.04255850601398654,0.04255850601398654,0.12159573146853296,0.0,0.9590877969520363,0.8312427412902176,36.47476180487805,127.2543906097561,36.47834929268293,127.25411641463415
10,10:00-11:00,grid_8120_22776,grid_8124_22776,1,0,1,0.0211092375876642,0.0211092375876642,0.06031210739332629,0.0,1.1563442779448496,0.8762298180225991,36.474742199999994,127.25425105,36.49056815,127.2560563
10,10:00-11:00,grid_8149_22783,grid_8151_22782,1,1,0,0.11330970632466691,0.11330970632466691,0.1173928117212706,0.1111111111111111,-0.4178528587357801,0.338027350535555,36.604397236842104,127.29275065789474,36.61204110526316,127.28851221052632
10,10:00-11:00,grid_8121_22775,grid_8122_22775,1,0,1,0.2580618893138604,0.2580618893138604,0.11827206470626792,0.3333333333333333,0.7068920188691762,0.760183207926979,36.47816242105263,127.25001531578947,36.48392336842105,127.2508222631579
10,10:00-11:00,grid_8127_22772,grid_8127_22773,1,0,1,0.11257626377919919,0.11257626377919919,0.1152972615913628,0.1111111111111111,0.5288290734616766,0.7015379862810546,36.50541618918919,127.2346387027027,36.50516781081081,127.23909391891893
10,10:00-11:00,grid_8127_22772,grid_8126_22775,1,0,1,0.019629397710958688,0.019629397710958688,0.05608399345988197,0.0,-1.0469152845333538,0.14756932588847577,36.50534595833333,127.23461845833333,36.501881,127.24854891666666
10,10:00-11:00,grid_8129_22774,grid_8128_22774,1,0,1,0.18458568715508192,0.18458568715508192,0.11468926488753571,0.2222222222222222,-0.0507440506100747,0.47976473726612623,36.51332211111111,127.24421477777777,36.51094419444444,127.24273519444445
10,10:00-11:00,grid_8123_22777,grid_8124_22776,2,0,2,0.3989678713183587,0.3989678713183587,0.10816217202070723,0.5555555555555556,0.5836138752730347,0.720259938562028,36.48710811428572,127.26070680000001,36.49074325714286,127.25627188571428
10,10:00-11:00,grid_8128_22777,grid_8127_22777,1,0,1,0.32498843224729074,0.32498843224729074,0.10314155245257685,0.4444444444444444,0.5933268077517088,0.7235187693221456,36.508855,127.26174876470589,36.50517705882353,127.26140447058822
10,10:00-11:00,grid_8127_22773,grid_8127_22775,3,0,3,0.8280739245112709,0.8280739245112709,0.09608422876236133,1.2222222222222223,1.4061098338848157,0.9201542436500991,36.50523972727273,127.23911315151514,36.50443666666667,127.24960433333332
10,10:00-11:00,grid_8127_22773,grid_8129_22777,1,0,1,0.07864269251312783,0.07864269251312783,0.018344200831158897,0.1111111111111111,0.9952220596449061,0.8401858624493925,36.50537457142857,127.23848442857143,36.51386257142857,127.25861814285715
10,10:00-11:00,grid_8127_22773,grid_8126_22776,1,0,1,0.07522788054746624,0.07522788054746624,0.008587595214982896,0.1111111111111111,1.1788837804380004,0.880777771436805,36.505407500000004,127.2377025,36.500172,127.25526225
10,10:00-11:00,grid_8123_22778,grid_8123_22777,1,0,1,0.17419129771032454,0.17419129771032454,0.08499100933108607,0.2222222222222222,0.4138498285091592,0.6605079554225151,36.488160344827584,127.26551796551725,36.48723727586207,127.2611774137931
10,10:00-11:00,grid_8132_22776,grid_8132_22778,1,0,1,0.1703479660930351,0.1703479660930351,0.07401006185311623,0.2222222222222222,-0.0854559715233994,0.4659494485057293,36.52973829166667,127.25510075,36.52926370833333,127.26422854166667
10,10:00-11:00,grid_8122_22785,grid_8121_22782,1,0,1,0.02590352164859068,0.02590352164859068,0.07401006185311623,0.0,-0.1926671437394779,0.42360982839726324,36.482096750000004,127.30507562499999,36.47741329166667,127.289100125
10,10:00-11:00,grid_8130_22777,grid_8130_22776,1,0,1,0.16864490437141305,0.16864490437141305,0.06914417121991033,0.2222222222222222,-0.06097458193495625,0.4756897260286841,36.517613652173914,127.26184995652173,36.5184127826087,127.25638513043478
10,10:00-11:00,grid_8124_22775,grid_8124_22774,1,0,1,0.02180652075854475,0.02180652075854475,0.06230434502441357,0.0,1.0999576409206284,0.8643247108209688,36.49197065217391,127.2487878695652,36.49264786956522,127.2440048695652
10,10:00-11:00,grid_8124_22775,grid_8124_22775,1,0,1,0.15546943762680718,0.15546943762680718,0.031499980521036454,0.2222222222222222,1.476616140400409,0.9301107186603037,36.49108790909091,127.249463,36.491884909090906,127.2487829090909
10,10:00-11:00,grid_8130_22775,grid_8128_22774,2,0,2,0.24016535384712587,0.24016535384712587,0.06713910622988341,0.3333333333333333,1.2706082408861024,0.8980659731255413,36.51831022727273,127.25099772727272,36.51126322727273,127.24300618181819
10,10:00-11:00,grid_8130_22775,grid_8130_22773,1,0,1,0.298757204442475,0.298757204442475,0.02819518729596045,0.4444444444444444,1.5121207103659833,0.9347484214427868,36.518591300000004,127.2493921,36.5194761,127.23758330000001
10,10:00-11:00,grid_8125_22776,grid_8124_22774,1,0,1,0.16724267497775933,0.16724267497775933,0.06513780152375688,0.2222222222222222,0.554490407027229,0.7103783654721969,36.49458961904762,127.256067,36.49192895238095,127.24515495238096
10,10:00-11:00,grid_8129_22772,grid_8128_22772,1,0,1,0.1589618248946797,0.1589618248946797,0.041478229857815005,0.2222222222222222,-0.17731295446421136,0.4296312879143985,36.512731,127.23328626666667,36.5108972,127.23308820000001
10,10:00-11:00,grid_8129_22772,grid_8127_22772,1,0,1,0.008715343771114322,0.008715343771114322,0.024900982203183777,0.0,-0.26927638786921215,0.39385850053843235,36.51428766666666,127.23193344444445,36.50574255555556,127.23453622222223
10,10:00-11:00,grid_8131_22780,grid_8132_22778,1,0,1,0.08673960267245746,0.08673960267245746,0.041478229857815005,0.1111111111111111,0.8563463938328084,0.8040968967591404,36.52435,127.27693599999999,36.528785642857144,127.26499528571428
10,10:00-11:00,grid_8130_22772,grid_8129_22772,1,0,1,0.15847666140605607,0.15847666140605607,0.04009204846174751,0.2222222222222222,0.898486061394663,0.8155367635089247,36.51909442857143,127.23489328571429,36.51424085714286,127.23190607142858
10,10:00-11:00,grid_8119_22779,grid_8120_22781,1,0,1,0.08508812679697714,0.08508812679697714,0.03675972735644265,0.1111111111111111,0.5051980133039293,0.6932901172169237,36.46912853846153,127.27386546153846,36.47425876923077,127.2829983076923
10,10:00-11:00,grid_8126_22777,grid_8126_22778,1,0,1,0.15779395810642644,0.15779395810642644,0.03814146760566287,0.2222222222222222,1.3592962859843327,0.9129736397610736,36.50143853846154,127.26073023076923,36.50010384615385,127.26616253846154
10,10:00-11:00,grid_8129_22773,grid_8127_22773,1,0,1,0.0844076107908831,0.0844076107908831,0.03481539591045969,0.1111111111111111,-1.3196114088023814,0.09348239589695018,36.514381416666666,127.23969083333333,36.50592266666667,127.23814091666667
10,10:00-11:00,grid_8123_22774,grid_8122_22775,1,0,1,0.0839255511249505,0.0839255511249505,0.03343808257922364,0.1111111111111111,0.2597391086323122,0.6024674883284767,36.48813441666667,127.2451965,36.48365141666667,127.24999858333332
10,10:00-11:00,grid_8125_22777,grid_8126_22775,1,0,1,0.012185388568660891,0.012185388568660891,0.03481539591045969,0.0,0.4876431706478668,0.687098694290932,36.496737,127.25936333333334,36.50116408333333,127.24950308333332
10,10:00-11:00,grid_8126_22774,grid_8127_22774,1,0,1,0.009868315553586157,0.009868315553586157,0.02819518729596045,0.0,-0.5419144888912364,0.29393870750741685,36.5005561,127.2442734,36.505104599999996,127.24446989999998
10,10:00-11:00,grid_8148_22783,grid_8149_22782,1,1,0,0.08209053777580837,0.08209053777580837,0.02819518729596045,0.1111111111111111,1.5189788945669767,0.9356160957294664,36.6010458,127.2950685,36.604177,127.29024999999999
10,10:00-11:00,grid_8149_22784,grid_8150_22783,1,1,0,0.07864269251312783,0.07864269251312783,0.018344200831158897,0.1111111111111111,-0.5055391452523029,0.30659010573157996,36.60411371428571,127.29814442857143,36.60809328571428,127.29360728571429
10,10:00-11:00,grid_8120_22781,grid_8120_22781,1,0,1,0.15086491473535005,0.15086491473535005,0.018344200831158897,0.2222222222222222,-0.9053984820272449,0.18262715982251815,36.47426185714286,127.28338014285714,36.47508542857143,127.28203442857144
10,10:00-11:00,grid_8127_22778,grid_8128_22777,1,0,1,0.07864269251312783,0.07864269251312783,0.018344200831158897,0.1111111111111111,0.6434272087027679,0.740026533450025,36.50600057142857,127.26664600000001,36.50870442857143,127.26270557142857
10,10:00-11:00,grid_8127_22777,grid_8128_22774,1,0,1,0.07864269251312783,0.07864269251312783,0.018344200831158897,0.1111111111111111,-0.1955873270372871,0.42246659013027404,36.50477828571429,127.26146857142858,36.50975428571429,127.24468957142857
10,10:00-11:00,grid_8150_22783,grid_8150_22783,1,1,0,0.07864269251312783,0.07864269251312783,0.018344200831158897,0.1111111111111111,1.163995538997798,0.8777870901903901,36.60851628571429,127.292885,36.608925285714285,127.29399171428572
10,10:00-11:00,grid_8150_22783,grid_8153_22782,1,1,0,0.07296953465365043,0.07296953465365043,0.0021351783755091842,0.1111111111111111,0.7092697522344761,0.7609214523929484,36.6087285,127.29356849999999,36.6210715,127.29058
10,10:00-11:00,grid_8125_22774,grid_8127_22777,1,0,1,0.07636250043526673,0.07636250043526673,0.011829366322984331,0.1111111111111111,0.5762660475307705,0.7177823158448589,36.4960962,127.24354859999998,36.505006800000004,127.26102800000001
10,10:00-11:00,grid_8149_22782,grid_8150_22784,1,1,0,0.07475803887219298,0.07475803887219298,0.007245190428487905,0.1111111111111111,-0.8164017905273626,0.2071351864451204,36.6040945,127.2905665,36.606676,127.297474
10,10:00-11:00,grid_8131_22775,grid_8130_22773,1,0,1,0.07409689583580635,0.07409689583580635,0.005356210324526087,0.1111111111111111,0.9746769775716747,0.8351397417929844,36.52144366666667,127.25134233333334,36.519906,127.23582599999999
10,10:00-11:00,grid_8133_22776,grid_8134_22778,1,0,1,0.07296953465365043,0.07296953465365043,0.0021351783755091842,0.1111111111111111,0.5927156025898577,0.7233142511025143,36.5303075,127.2547205,36.5346775,127.264159
10,10:00-11:00,grid_8125_22788,grid_8126_22788,1,0,1,0.07296953465365043,0.07296953465365043,0.0021351783755091842,0.1111111111111111,0.8205144164832678,0.794038542887911,36.497983500000004,127.32233049999999,36.501386499999995,127.32409799999999
11,11:00-12:00,grid_8129_22777,grid_8129_22777,2,0,2,1.4293481512822783,1.4293481512822783,0.5759153528700014,1.8888888888888888,-0.8302298596162467,0.20320441798164585,36.514462615,127.26023842000001,36.51439415,127.26052846500001
11,11:00-12:00,grid_8129_22777,grid_8129_22778,1,0,1,0.35632571290288506,0.35632571290288506,0.3990258463891953,0.3333333333333333,-0.6826125944069426,0.24742583682216007,36.5145234488189,127.25926370866142,36.51463179527559,127.26548879527559
11,11:00-12:00,grid_8129_22777,grid_8128_22777,2,0,2,0.43584768721009814,0.43584768721009814,0.21353307456853432,0.5555555555555556,0.6342992379030756,0.7370572231114716,36.51432083333333,127.25933243939394,36.50945165151516,127.26097834848485
11,11:00-12:00,grid_8129_22777,grid_8128_22776,1,0,1,0.0975841573240541,0.0975841573240541,0.07246267171951967,0.1111111111111111,-0.8260398785698901,0.20439073523882584,36.51373995652174,127.25902439130435,36.51033947826087,127.25620860869564
11,11:00-12:00,grid_8129_22777,grid_8126_22775,1,0,1,0.15746835887889873,0.15746835887889873,0.03721118409844089,0.2222222222222222,-0.1586887444528991,0.43695705321536793,36.514419230769235,127.25879923076923,36.50134469230769,127.24876084615386
11,11:00-12:00,grid_8123_22775,grid_8124_22776,1,0,1,0.5339529424091055,0.5339529424091055,0.49383380370855534,0.5555555555555556,0.05974197544608033,0.5238194300756974,36.48684029677419,127.24985213548388,36.49064255483871,127.25561443225806
11,11:00-12:00,grid_8123_22775,grid_8123_22775,1,0,1,0.6616387466722835,0.6616387466722835,0.44595197461922276,0.7777777777777778,-0.5478532089767568,0.29189634982845725,36.486928618705036,127.2492119352518,36.48672185611511,127.24928810791367
11,11:00-12:00,grid_8123_22775,grid_8127_22774,1,0,1,0.004766674044127965,0.004766674044127965,0.013619068697508474,0.0,0.10093613918164702,0.5401994226626486,36.486605399999995,127.25003939999999,36.504277200000004,127.24396999999999
11,11:00-12:00,grid_8123_22775,grid_8129_22776,1,0,1,0.0747192843134107,0.0747192843134107,0.007134463117681382,0.1111111111111111,0.20387818311004152,0.580775652822801,36.488519333333336,127.24854900000001,36.513981666666666,127.25706333333333
11,11:00-12:00,grid_8150_22782,grid_8151_22782,1,1,0,0.9454643685994091,0.9454643685994091,0.43148549758561316,1.2222222222222223,-0.02700938718950119,0.48922612343468763,36.60853252941177,127.28864840522877,36.61146690849673,127.28833963398694
11,11:00-12:00,grid_8150_22782,grid_8150_22782,3,3,0,1.1677840052401671,1.1677840052401671,0.4476368403687314,1.5555555555555556,0.1849611171972773,0.5733702333551962,36.60864115602837,127.28858044680851,36.60864920567376,127.28828578014183
11,11:00-12:00,grid_8151_22782,grid_8150_22782,2,2,0,0.481474503991603,0.481474503991603,0.3438954082299768,0.5555555555555556,-0.12834018779356704,0.4489398813980503,36.611647683453235,127.28828543884892,36.608404,127.28860376978419
11,11:00-12:00,grid_8151_22782,grid_8153_22782,1,1,0,0.0850482366429424,0.0850482366429424,0.03664575548777197,0.1111111111111111,0.2572698742665238,0.6015147766167035,36.6136005,127.28970333333332,36.62121608333333,127.29026208333333
11,11:00-12:00,grid_8128_22775,grid_8129_22777,1,0,1,0.3770219437283028,0.3770219437283028,0.45815793446181735,0.3333333333333333,0.6131866987904425,0.7301235506504141,36.51129521582734,127.25035574820143,36.51391035251798,127.25896884172661
11,11:00-12:00,grid_8128_22775,grid_8128_22774,1,0,1,0.209646289225329,0.209646289225329,0.1862909850882416,0.2222222222222222,-0.3841167296722453,0.350445966197642,36.51063091935484,127.24921898387096,36.51110772580645,127.24315827419356
11,11:00-12:00,grid_8128_22778,grid_8129_22777,1,0,1,0.34486432544773327,0.34486432544773327,0.36627902508876176,0.3333333333333333,0.9201553545713614,0.8212542095061046,36.51007996581196,127.26617884615385,36.51404345299146,127.25967005982905
11,11:00-12:00,grid_8133_22777,grid_8132_22778,1,0,1,0.8511727445241202,0.8511727445241202,0.3684300637197082,1.1111111111111112,-1.3856386513497823,0.08292863486742436,36.53074722413793,127.25917694827587,36.529259353448275,127.26429103448275
11,11:00-12:00,grid_8124_22776,grid_8125_22775,2,0,2,0.20347115928370502,0.20347115928370502,0.37499696303280805,0.1111111111111111,-0.13779709944841567,0.4452003883983449,36.491381146551724,127.2563919913793,36.49579745689655,127.24914803448276
11,11:00-12:00,grid_8124_22776,grid_8124_22775,1,0,1,0.2624739742352466,0.2624739742352466,0.3372272279737205,0.2222222222222222,0.89414226950151,0.8143771121058385,36.491389330097086,127.25589008737865,36.49212699029126,127.24963600970875
11,11:00-12:00,grid_8124_22776,grid_8122_22775,1,0,1,0.03729795191921539,0.03729795191921539,0.10656557691204398,0.0,0.49702994539730644,0.6904160327725615,36.49048917647059,127.25627779411765,36.483871176470586,127.24993585294118
11,11:00-12:00,grid_8124_22776,grid_8129_22777,1,0,1,0.14873893294555643,0.14873893294555643,0.012269967146034311,0.2222222222222222,-0.27048818881224485,0.3933923511774014,36.491458800000004,127.25662480000001,36.5140666,127.25907240000001
11,11:00-12:00,grid_8132_22778,grid_8133_22777,2,0,2,0.34077231656306084,0.34077231656306084,0.3545875711325548,0.3333333333333333,-1.485305096847843,0.0687315111685663,36.529149587719296,127.2642854736842,36.530680614035084,127.25919527192983
11,11:00-12:00,grid_8150_22781,grid_8150_22782,1,1,0,0.5309270126979246,0.5309270126979246,0.2788390838988324,0.6666666666666666,-1.1800547388105382,0.1189892222761414,36.60898307,127.28455935,36.60873978,127.28914721
11,11:00-12:00,grid_8150_22781,grid_8149_22782,2,2,0,0.25025397402214383,0.25025397402214383,0.09596373530136335,0.3333333333333333,0.5375720793584783,0.704563744813611,36.6087804375,127.28445628125,36.6039006875,127.28947709375
11,11:00-12:00,grid_8125_22776,grid_8125_22775,1,0,1,0.231842338306042,0.231842338306042,0.2497082681759931,0.2222222222222222,0.6340931317109334,0.7369899775781592,36.4948034047619,127.25588263095237,36.49571840476191,127.2494781547619
11,11:00-12:00,grid_8125_22776,grid_8126_22777,1,0,1,0.23536120575565836,0.23536120575565836,0.05341296882569056,0.3333333333333333,1.3140989620020191,0.9055935482881186,36.495571647058824,127.256508,36.500899705882354,127.25971470588235
11,11:00-12:00,grid_8125_22776,grid_8126_22776,1,0,1,0.08572995633134943,0.08572995633134943,0.03859352602607777,0.1111111111111111,1.5361708930105564,0.9377517636247746,36.495401538461536,127.25647938461537,36.49965353846154,127.25631961538463
11,11:00-12:00,grid_8128_22777,grid_8129_22777,1,0,1,0.23455009815956623,0.23455009815956623,0.25744472490034803,0.2222222222222222,0.6383995747342126,0.73839319614543,36.50923409523809,127.26143446428571,36.51411122619048,127.25943565476192
11,11:00-12:00,grid_8128_22777,grid_8125_22776,1,0,1,0.00819852125386212,0.00819852125386212,0.02342434643960606,0.0,0.13452858552080854,0.5535076957211117,36.5090695,127.261046625,36.49586625,127.2562975
11,11:00-12:00,grid_8125_22775,grid_8125_22776,1,0,1,0.22490276660391723,0.22490276660391723,0.22988092045563663,0.2222222222222222,-0.8028070300556712,0.2110431391112494,36.49549568115942,127.24933346376811,36.494686,127.25589833333333
11,11:00-12:00,grid_8122_22777,grid_8122_22777,1,0,1,0.2863182867697968,0.2863182867697968,0.1990046288660861,0.3333333333333333,0.41850549525644815,0.6622112151979428,36.48275979104477,127.2609477164179,36.48267089552238,127.26100323880597
11,11:00-12:00,grid_8122_22777,grid_8123_22777,1,0,1,0.13454292595833867,0.13454292595833867,0.1780591535317613,0.1111111111111111,-0.5087994353840175,0.3054464076056763,36.482674214285716,127.26116039285715,36.48746130357143,127.26090544642857
11,11:00-12:00,grid_8122_22777,grid_8120_22776,1,0,1,0.12570141527464027,0.12570141527464027,0.15279769443548014,0.1111111111111111,0.4873692267642504,0.6870016513472779,36.48190928571428,127.26069424489796,36.47456712244898,127.25459024489797
11,11:00-12:00,grid_8127_22772,grid_8128_22772,1,0,1,0.28802262666869743,0.28802262666869743,0.20387417143437364,0.3333333333333333,-0.5330265671602928,0.29700759491528717,36.505864676923075,127.23438895384615,36.51021643076923,127.23227610769231
11,11:00-12:00,grid_8126_22777,grid_8126_22775,1,0,1,0.2851997519501074,0.2851997519501074,0.19580881509554482,0.3333333333333333,0.9675489524766894,0.8333651589777815,36.501222578125,127.259533953125,36.501455765624996,127.249646265625
11,11:00-12:00,grid_8122_22776,grid_8123_22776,2,0,2,0.14345010356275517,0.14345010356275517,0.2035082324015227,0.1111111111111111,1.7184227272951735,0.9571402310884677,36.482914822580646,127.25396772580645,36.4874384032258,127.25677640322581
11,11:00-12:00,grid_8127_22774,grid_8128_22774,1,0,1,0.2126484537577613,0.2126484537577613,0.19486859803804824,0.2222222222222222,0.8400231911105933,0.7995523081605453,36.50515158333334,127.24330068333333,36.51086015,127.24308115000001
11,11:00-12:00,grid_8127_22774,grid_8124_22776,3,0,3,0.09899602974068428,0.09899602974068428,0.0764965929098916,0.1111111111111111,1.637968124319461,0.9492858283106579,36.50522792,127.2443106,36.49149716,127.25682640000001
11,11:00-12:00,grid_8124_22774,grid_8124_22776,1,0,1,0.13659773497180813,0.13659773497180813,0.18393003642738834,0.1111111111111111,1.3316477981694916,0.9085120247860927,36.49155913559322,127.24529377966101,36.491126966101696,127.25604730508475
11,11:00-12:00,grid_8130_22777,grid_8129_22777,1,0,1,0.7080492344866078,0.7080492344866078,0.1658549556760222,1.0,0.17812409733121876,0.5706872411430925,36.51740046551724,127.26197729310344,36.5148275,127.25918701724139
11,11:00-12:00,grid_8130_22777,grid_8127_22779,1,0,1,0.07246419215275668,0.07246419215275668,0.0006913426586699048,0.1111111111111111,0.15237405414445002,0.5605540400506406,36.517418,127.25898,36.506417,127.271651
11,11:00-12:00,grid_8121_22775,grid_8123_22776,1,0,1,0.20751610712127144,0.20751610712127144,0.18020475050522008,0.2222222222222222,-0.5513163492137721,0.2907084164225665,36.47815165517242,127.25060174137931,36.487779741379306,127.25681037931035
11,11:00-12:00,grid_8121_22775,grid_8120_22775,1,0,1,0.004766674044127965,0.004766674044127965,0.013619068697508474,0.0,1.2199963529971467,0.8887668712861891,36.4788666,127.250258,36.4753896,127.24880900000001
11,11:00-12:00,grid_8128_22774,grid_8127_22775,1,0,1,0.2779897549524457,0.2779897549524457,0.17520882367365434,0.3333333333333333,1.2068366630976655,0.8862524732485706,36.51096547368421,127.24306333333334,36.50499142105263,127.24910159649123
11,11:00-12:00,grid_8126_22775,grid_8124_22776,1,0,1,0.12697498696389378,0.12697498696389378,0.1564364706904902,0.1111111111111111,-0.0333143804675613,0.48671194308534155,36.501811339285716,127.24881091071428,36.49180080357143,127.25633351785714
11,11:00-12:00,grid_8126_22775,grid_8127_22773,1,0,1,0.09588354930468171,0.09588354930468171,0.06760379166417,0.1111111111111111,1.080602101355934,0.8600629262985295,36.50204327272727,127.24850195454546,36.50545177272727,127.23766254545454
11,11:00-12:00,grid_8126_22775,grid_8124_22775,1,0,1,0.09042603812923572,0.09042603812923572,0.05201090259146716,0.1111111111111111,1.5109165773532345,0.9345951466511083,36.501044529411764,127.24861164705884,36.49210388235294,127.24961835294118
11,11:00-12:00,grid_8126_22775,grid_8127_22772,1,0,1,0.08924636047607476,0.08924636047607476,0.048640395011007295,0.1111111111111111,1.5836145103837422,0.9433592650853165,36.502128,127.248661125,36.5054590625,127.234566125
11,11:00-12:00,grid_8126_22775,grid_8126_22774,1,0,1,0.1572704588651646,0.1572704588651646,0.03664575548777197,0.2222222222222222,2.047162793068375,0.9796789483635668,36.5021365,127.24856458333333,36.50116975,127.24409333333334
11,11:00-12:00,grid_8120_22776,grid_8122_22777,1,0,1,0.1343181521357673,0.1343181521357673,0.17741694261012889,0.1111111111111111,0.7167521550993545,0.7632364808709333,36.47482834545455,127.25441469090909,36.48195289090909,127.26037421818182
11,11:00-12:00,grid_8133_22776,grid_8132_22778,2,0,2,0.4212153102385856,0.4212153102385856,0.1717262832213556,0.5555555555555556,1.1620143583179339,0.8773851836728721,36.530791074074074,127.25480333333334,36.52914038888889,127.26423118518518
11,11:00-12:00,grid_8133_22778,grid_8132_22778,1,0,1,0.20126109393034697,0.20126109393034697,0.16233328424543586,0.2222222222222222,-0.6618868168093648,0.25402188061434106,36.53224683018868,127.26616749056605,36.52921573584906,127.26460133962264
11,11:00-12:00,grid_8133_22778,grid_8132_22777,1,0,1,0.07358992907864888,0.07358992907864888,0.003907733875504742,0.1111111111111111,0.08018400660951992,0.5319545449612076,36.533664,127.266149,36.527583500000006,127.26066800000001
11,11:00-12:00,grid_8127_22773,grid_8128_22774,1,0,1,0.19973664293462082,0.19973664293462082,0.15797770997193256,0.2222222222222222,-1.349527754810997,0.0885837558378309,36.50538782,127.23890012,36.51093466,127.24228886
11,11:00-12:00,grid_8121_22782,grid_8122_22783,1,0,1,0.560110938070305,0.560110938070305,0.1558725214707128,0.7777777777777778,0.23880729419900548,0.5943724930473459,36.4784528125,127.289310125,36.4825243125,127.29416083333332
11,11:00-12:00,grid_8125_22774,grid_8124_22776,1,0,1,0.05303940509229063,0.05303940509229063,0.15154115740654467,0.0,0.23981642680063187,0.5947637141085251,36.496077130434784,127.24368858695652,36.49139923913043,127.25604832608697
11,11:00-12:00,grid_8127_22775,grid_8127_22777,2,0,2,0.40668023189356894,0.40668023189356894,0.13019748794987937,0.5555555555555556,0.14831323332916707,0.5589522139136166,36.505046428571426,127.24995514285713,36.505441023809524,127.26113757142858
11,11:00-12:00,grid_8127_22775,grid_8124_22777,1,0,1,0.31275402600376734,0.31275402600376734,0.06818610604250987,0.4444444444444444,2.2226096524264434,0.9868789336100101,36.50476725,127.24930233333333,36.49083929166667,127.25950416666667
11,11:00-12:00,grid_8127_22775,grid_8125_22776,1,0,1,0.0975841573240541,0.0975841573240541,0.07246267171951967,0.1111111111111111,0.4117315737825608,0.6597319100279189,36.504585,127.24980125,36.495672750000004,127.256478
11,11:00-12:00,grid_8130_22775,grid_8129_22777,1,0,1,0.184968465562912,0.184968465562912,0.11578291748133593,0.2222222222222222,0.4489274501044785,0.6732580032994887,36.518371763157894,127.25126515789474,36.51501397368421,127.25881050000001
11,11:00-12:00,grid_8130_22775,grid_8130_22773,1,0,1,0.08272706523814402,0.08272706523814402,0.03001383718834802,0.1111111111111111,-1.0125035553609947,0.1556486738081294,36.518591300000004,127.2493921,36.5194761,127.23758330000001
11,11:00-12:00,grid_8129_22771,grid_8127_22772,1,0,1,0.17966241869286986,0.17966241869286986,0.10062278356692983,0.2222222222222222,0.9608738815621315,0.8316922076378507,36.51367369444444,127.22886375,36.505741916666665,127.23336855555554
11,11:00-12:00,grid_8129_22771,grid_8129_22772,1,0,1,0.1492111184885724,0.1492111184885724,0.013619068697508474,0.2222222222222222,0.8706206641030609,0.8080193451150363,36.513552600000004,127.22855580000001,36.5139572,127.23318280000001
11,11:00-12:00,grid_8129_22771,grid_8126_22772,1,0,1,0.07585226948689881,0.07585226948689881,0.010371563613361697,0.1111111111111111,1.1567656998187101,0.8763159504663967,36.514385000000004,127.229429,36.50055775,127.2321675
11,11:00-12:00,grid_8121_22781,grid_8121_22782,2,0,2,0.18174239636365982,0.18174239636365982,0.10656557691204398,0.2222222222222222,0.8148962761885516,0.7924341575518774,36.47730532352941,127.28367464705883,36.47797811764706,127.28830249999999
11,11:00-12:00,grid_8130_22776,grid_8129_22777,1,0,1,0.24932587940816087,0.24932587940816087,0.09331203640426916,0.3333333333333333,1.1545659096660716,0.8758658831975306,36.51770365625,127.25524478125,36.51466934375,127.25924090625
11,11:00-12:00,grid_8121_22776,grid_8122_22776,1,0,1,0.17587766630114754,0.17587766630114754,0.08980920530486598,0.2222222222222222,1.0045878649112026,0.8424523285130927,36.47888510714286,127.25434796428571,36.48241460714286,127.25492207142858
11,11:00-12:00,grid_8121_22776,grid_8125_22775,1,0,1,0.07246419215275668,0.07246419215275668,0.0006913426586699048,0.1111111111111111,1.2483030340766523,0.8940399482423977,36.480374,127.253466,36.495856,127.251223
11,11:00-12:00,grid_8129_22776,grid_8129_22777,1,0,1,0.09920153744608298,0.09920153744608298,0.07708375778245935,0.1111111111111111,0.31002527933363805,0.6217291336532359,36.5137848076923,127.25670726923077,36.51408180769231,127.26014069230769
11,11:00-12:00,grid_8126_22774,grid_8126_22775,1,0,1,0.09708456000524976,0.09708456000524976,0.07103525080865014,0.1111111111111111,-0.6084672383454276,0.2714388141525915,36.500817625,127.24422670833333,36.501917041666665,127.248388125
11,11:00-12:00,grid_8126_22774,grid_8128_22774,1,0,1,0.0856213602799944,0.0856213602799944,0.038283251593634826,0.1111111111111111,-0.5280142735898498,0.29874471456045354,36.50142533333334,127.24335873333332,36.50989513333333,127.2436258
11,11:00-12:00,grid_8126_22774,grid_8127_22777,1,0,1,0.08572995633134943,0.08572995633134943,0.03859352602607777,0.1111111111111111,1.8846868894276891,0.9702639382696161,36.501679461538465,127.24362592307692,36.50547407692308,127.26138746153846
11,11:00-12:00,grid_8149_22783,grid_8148_22783,1,1,0,0.23933398798361827,0.23933398798361827,0.06476377519129024,0.3333333333333333,0.10977579262372594,0.5437064051581677,36.604366181818186,127.29269072727271,36.600865636363636,127.2952415909091
11,11:00-12:00,grid_8129_22774,grid_8129_22773,1,0,1,0.08993596808750182,0.08993596808750182,0.05061070247222746,0.1111111111111111,0.037353330324793155,0.5148983581579322,36.51262605555556,127.2426763888889,36.51529138888889,127.23968411111112
11,11:00-12:00,grid_8123_22776,grid_8123_22774,1,0,1,0.09042603812923572,0.09042603812923572,0.05201090259146716,0.1111111111111111,0.20271485154506869,0.5803210428347718,36.48747288235295,127.25689629411764,36.487097647058825,127.24555135294116
11,11:00-12:00,grid_8122_22775,grid_8123_22777,1,0,1,0.09091676131121391,0.09091676131121391,0.05341296882569056,0.1111111111111111,1.037960534763931,0.8503557855423034,36.48366182352942,127.25061694117646,36.48785405882353,127.26044841176471
11,11:00-12:00,grid_8126_22773,grid_8127_22773,1,0,1,0.017713745865279608,0.017713745865279608,0.05061070247222746,0.0,0.5545518806025529,0.7103993948842159,36.50069082352941,127.23695005882352,36.50558552941177,127.23816194117647
11,11:00-12:00,grid_8127_22778,grid_8127_22777,1,0,1,0.08944655031669894,0.08944655031669894,0.04921236598421924,0.1111111111111111,0.24525965506816189,0.596872305780549,36.50560976470588,127.26588247058825,36.50461876470588,127.26168741176471
11,11:00-12:00,grid_8127_22778,grid_8128_22778,1,0,1,0.08061611946749128,0.08061611946749128,0.023982563557911632,0.1111111111111111,-1.1607805921829828,0.12286556875514082,36.50588311111111,127.26686077777777,36.510372555555556,127.26560644444446
11,11:00-12:00,grid_8127_22778,grid_8128_22776,1,0,1,0.0747192843134107,0.0747192843134107,0.007134463117681382,0.1111111111111111,-0.7230906516873172,0.2348120961175036,36.503656,127.264266,36.508260666666665,127.25763133333334
11,11:00-12:00,grid_8120_22780,grid_8120_22780,1,0,1,0.1598057497510819,0.1598057497510819,0.043889443733249864,0.2222222222222222,0.07981699881743154,0.5318085978213064,36.47405713333333,127.27819833333334,36.47285846666667,127.27731546666668
11,11:00-12:00,grid_8148_22783,grid_8150_22781,1,1,0,0.15960657552463803,0.15960657552463803,0.043320374514838875,0.2222222222222222,-0.15580723421241183,0.4380924840967608,36.60098571428572,127.29507071428573,36.6095295,127.28475492857142
11,11:00-12:00,grid_8127_22776,grid_8127_22777,1,0,1,0.08456532432007227,0.08456532432007227,0.0352660059938573,0.1111111111111111,0.6510921731317988,0.7425065056793224,36.504707333333336,127.25383,36.50475483333333,127.26063075
11,11:00-12:00,grid_8149_22782,grid_8151_22781,1,1,0,0.0850482366429424,0.0850482366429424,0.03664575548777197,0.1111111111111111,0.2841264394232229,0.6118432570865238,36.604311,127.29007516666667,36.612279083333334,127.28477674999999
11,11:00-12:00,grid_8149_22782,grid_8149_22783,1,1,0,0.08224724233618175,0.08224724233618175,0.02864291461131297,0.1111111111111111,-0.26924278819128566,0.3938714276604377,36.6040267,127.29012789999999,36.6035935,127.2928498
11,11:00-12:00,grid_8149_22782,grid_8150_22783,1,1,0,0.07812917635650227,0.07812917635650227,0.016877011812228723,0.1111111111111111,-1.2441219230207048,0.10672734679523138,36.60362333333333,127.28972633333335,36.60807633333334,127.29292516666668
11,11:00-12:00,grid_8127_22777,grid_8129_22776,1,0,1,0.15494928746036624,0.15494928746036624,0.03001383718834802,0.2222222222222222,0.7433130077538606,0.7713539009530822,36.506070199999996,127.2610311,36.5131144,127.257088
11,11:00-12:00,grid_8130_22778,grid_8130_22777,1,0,1,0.653995561332408,0.653995561332408,0.011415889521165784,1.0,0.8087261181648989,0.790663649278962,36.5181894,127.26447820000001,36.5172455,127.26195849999999
11,11:00-12:00,grid_8123_22777,grid_8125_22775,1,0,1,0.22601649854802278,0.22601649854802278,0.026713805375303146,0.3333333333333333,0.9667403941311493,0.833163085800197,36.48759233333333,127.26012511111111,36.495592888888886,127.24978288888889
11,11:00-12:00,grid_8130_22771,grid_8130_22773,1,0,1,0.00839389724526907,0.00839389724526907,0.023982563557911632,0.0,-0.05185890761458935,0.47932055858215006,36.51676055555556,127.2287968888889,36.51730144444444,127.23705666666666
11,11:00-12:00,grid_8125_22773,grid_8125_22776,1,0,1,0.00819852125386212,0.00819852125386212,0.02342434643960606,0.0,1.5546159116288434,0.9399812140346662,36.496624499999996,127.238583875,36.49434325,127.25565987499999
11,11:00-12:00,grid_8122_22785,grid_8124_22785,2,0,2,0.08042074347608434,0.08042074347608434,0.02342434643960606,0.1111111111111111,-0.4177841343329356,0.33805247594502513,36.482501125,127.3054155,36.491620375,127.303707
11,11:00-12:00,grid_8124_22777,grid_8125_22774,1,0,1,0.08042074347608434,0.08042074347608434,0.02342434643960606,0.1111111111111111,1.4300615421366565,0.9236503216513143,36.490902375,127.25888524999999,36.496300875,127.243431375
11,11:00-12:00,grid_8121_22783,grid_8122_22783,1,0,1,0.005906954134280052,0.005906954134280052,0.016877011812228723,0.0,0.42325308774156484,0.6639446912119709,36.4782455,127.29509866666666,36.48230866666667,127.29431416666667
11,11:00-12:00,grid_8126_22786,grid_8126_22786,1,0,1,0.07812917635650227,0.07812917635650227,0.016877011812228723,0.1111111111111111,-1.3211053104531683,0.09323312631454683,36.4998,127.31127766666667,36.49970266666667,127.31038883333333
11,11:00-12:00,grid_8126_22786,grid_8126_22787,1,0,1,0.005906954134280052,0.005906954134280052,0.016877011812228723,0.0,1.065210524759162,0.8566096640424976,36.500708333333336,127.31212783333335,36.49983233333334,127.3161255
11,11:00-12:00,grid_8131_22780,grid_8130_22778,1,0,1,0.4356125487698232,0.4356125487698232,0.006512044104256652,0.6666666666666666,0.760996985480868,0.7766705661029438,36.524097833333336,127.27720799999999,36.51838716666666,127.2644615
11,11:00-12:00,grid_8124_22775,grid_8126_22774,1,0,1,0.1492111184885724,0.1492111184885724,0.013619068697508474,0.2222222222222222,-0.20574741117470624,0.41849411100063294,36.4923454,127.24946580000001,36.5003266,127.24408820000001
11,11:00-12:00,grid_8126_22789,grid_8126_22789,1,0,1,0.004766674044127965,0.004766674044127965,0.013619068697508474,0.0,1.0302034217998577,0.8485427381060133,36.501518999999995,127.3276888,36.501221799999996,127.3271166
11,11:00-12:00,grid_8126_22789,grid_8125_22787,1,0,1,0.0036300472646765935,0.0036300472646765935,0.010371563613361697,0.0,0.2249229845380219,0.5889804058442685,36.501470749999996,127.32909775,36.496322,127.31834875
11,11:00-12:00,grid_8124_22785,grid_8121_22782,1,0,1,0.2917502939877627,0.2917502939877627,0.00817544313963956,0.4444444444444444,0.4814609543959463,0.6849055380294633,36.4922124,127.30305819999998,36.4788902,127.2891554
11,11:00-12:00,grid_8149_22781,grid_8150_22783,2,0,2,0.07585226948689881,0.07585226948689881,0.010371563613361697,0.1111111111111111,1.3242310114401283,0.9072868327532677,36.60282425,127.28264075,36.60715775,127.29305875
11,11:00-12:00,grid_8151_22783,grid_8153_22782,1,1,0,0.07585226948689881,0.07585226948689881,0.010371563613361697,0.1111111111111111,0.23903560471897486,0.5944610128572155,36.61293825,127.2934125,36.621452,127.29025125
11,11:00-12:00,grid_8148_22782,grid_8150_22781,1,1,0,0.07585226948689881,0.07585226948689881,0.010371563613361697,0.1111111111111111,-1.0840151763464565,0.1391790349741343,36.599982,127.29000425,36.609483499999996,127.28480425
11,11:00-12:00,grid_8129_22778,grid_8129_22776,1,0,1,0.0747192843134107,0.0747192843134107,0.007134463117681382,0.1111111111111111,1.9025288891466239,0.9714489771173693,36.51559433333333,127.26494666666667,36.515087666666666,127.256847
11,11:00-12:00,grid_8125_22778,grid_8129_22777,1,0,1,0.07358992907864888,0.07358992907864888,0.003907733875504742,0.1111111111111111,0.6479364810816826,0.741486982936539,36.4968405,127.26665750000001,36.513109,127.262728
11,11:00-12:00,grid_8120_22774,grid_8123_22776,1,0,1,0.07246419215275668,0.07246419215275668,0.0006913426586699048,0.1111111111111111,0.1046443312671832,0.5416709817362436,36.475865,127.243231,36.486572,127.257634
11,11:00-12:00,grid_8128_22772,grid_8126_22773,2,0,2,0.07246419215275668,0.07246419215275668,0.0006913426586699048,0.1111111111111111,0.4989076110775481,0.6910777640373905,36.509625,127.233605,36.502359,127.239865
11,11:00-12:00,grid_8126_22770,grid_8129_22777,1,0,1,0.07246419215275668,0.07246419215275668,0.0006913426586699048,0.1111111111111111,0.8241686469765908,0.7950781304139973,36.499449,127.219208,36.515153,127.258769
11,11:00-12:00,grid_8131_22778,grid_8128_22777,1,0,1,0.07246419215275668,0.07246419215275668,0.0006913426586699048,0.1111111111111111,-0.9864175726048572,0.1619641227028758,36.523182,127.267474,36.507895,127.25857
11,11:00-12:00,grid_8122_22781,grid_8123_22781,1,0,1,0.07246419215275668,0.07246419215275668,0.0006913426586699048,0.1111111111111111,0.43841542663774613,0.6694574172045411,36.484137,127.28331,36.486435,127.28355
12,12:00-13:00,grid_8123_22776,grid_8123_22775,1,0,1,1.4143971444100552,1.4143971444100552,0.7395473967271422,1.7777777777777777,0.6587369665556018,0.7449676547607722,36.4874826302521,127.25658496218487,36.48677772268908,127.24978823529412
12,12:00-13:00,grid_8123_22776,grid_8123_22777,1,0,1,0.344836755776217,0.344836755776217,0.15985104824950894,0.4444444444444444,2.4917988196584178,0.9936450997559778,36.48762902,127.25721888,36.48743196,127.26072112
12,12:00-13:00,grid_8123_22776,grid_8124_22774,1,0,1,0.2511547408885323,0.2511547408885323,0.09853735491961602,0.3333333333333333,1.2469977014213165,0.8938008298053186,36.48792059375,127.25644284375,36.491384625,127.2451521875
12,12:00-13:00,grid_8123_22776,grid_8121_22776,1,0,1,0.3235866784898752,0.3235866784898752,0.09913654171710384,0.4444444444444444,0.4745515566425644,0.682446679032042,36.4874925625,127.25692803125,36.4786765,127.2540784375
12,12:00-13:00,grid_8129_22777,grid_8129_22777,2,0,2,0.4910186487288292,0.4910186487288292,0.5775135995426868,0.4444444444444444,-0.4469929143824846,0.327440087946712,36.514462615,127.26023842000001,36.51439415,127.26052846500001
12,12:00-13:00,grid_8129_22777,grid_8128_22775,2,0,2,1.0463642821465355,1.0463642821465355,0.5134217585139113,1.3333333333333333,1.190690335019522,0.8831124132394954,36.513801374269,127.2592953508772,36.51134628070176,127.25024701754386
12,12:00-13:00,grid_8129_22777,grid_8130_22777,1,0,1,0.13241956119223788,0.13241956119223788,0.1719923970571876,0.1111111111111111,-0.17916450722822472,0.42890426593954717,36.514741629629626,127.2591458888889,36.517423685185186,127.26173181481481
12,12:00-13:00,grid_8150_22782,grid_8151_22782,1,1,0,0.8737502659441875,0.8737502659441875,0.4329372677770432,1.1111111111111112,-1.0339943771844768,0.1505693959360121,36.60853252941177,127.28864840522877,36.61146690849673,127.28833963398694
12,12:00-13:00,grid_8150_22782,grid_8149_22782,1,1,0,0.5207227349611118,0.5207227349611118,0.2496840046507956,0.6666666666666666,-0.5494294569594712,0.29135538171030106,36.60860547560976,127.28799259756097,36.60363220731707,127.28990746341464
12,12:00-13:00,grid_8151_22782,grid_8150_22782,3,3,0,0.5541737548348455,0.5541737548348455,0.3452583471471776,0.6666666666666666,1.5554211636051734,0.940077101514738,36.611647683453235,127.28828543884892,36.608404,127.28860376978419
12,12:00-13:00,grid_8151_22782,grid_8151_22783,1,1,0,0.2450348299351384,0.2450348299351384,0.08105189505277637,0.3333333333333333,-0.2651448567434098,0.3954489364214401,36.61203330769231,127.28857076923077,36.611318,127.29310453846155
12,12:00-13:00,grid_8151_22782,grid_8152_22781,1,1,0,0.08775468991975174,0.08775468991975174,0.044378479135798655,0.1111111111111111,0.9050411451127371,0.8172782050167196,36.61411121428572,127.28986857142857,36.61829278571429,127.28571864285713
12,12:00-13:00,grid_8151_22782,grid_8149_22784,1,1,0,0.006267904425293321,0.006267904425293321,0.01790829835798092,0.0,-0.05804320516805439,0.47685710688466143,36.61302733333333,127.28970033333333,36.60452633333333,127.29915833333332
12,12:00-13:00,grid_8128_22775,grid_8129_22777,3,0,3,0.521983975378155,0.521983975378155,0.4596367550486967,0.5555555555555556,0.6900679306370661,0.7549242653678738,36.51129521582734,127.25035574820143,36.51391035251798,127.25896884172661
12,12:00-13:00,grid_8128_22775,grid_8124_22775,1,0,1,0.0017240535773020316,0.0017240535773020316,0.004925867363720091,0.0,-1.1523284689338849,0.12459306130253489,36.5107145,127.25011649999999,36.493438499999996,127.2498305
12,12:00-13:00,grid_8124_22776,grid_8123_22775,1,0,1,0.4405080431902152,0.4405080431902152,0.4331975837180753,0.4444444444444444,0.28513427855864615,0.6122293654464607,36.49082116788321,127.25572233576642,36.48714151824817,127.24963825547447
12,12:00-13:00,grid_8124_22776,grid_8125_22775,1,0,1,0.42062589436787334,0.42062589436787334,0.37639144422567006,0.4444444444444444,-0.3797603600963528,0.352061654904725,36.491381146551724,127.2563919913793,36.49579745689655,127.24914803448276
12,12:00-13:00,grid_8124_22776,grid_8124_22775,3,0,3,0.40739308036589417,0.40739308036589417,0.33858340422001515,0.4444444444444444,1.529338602304407,0.936909737687398,36.491389330097086,127.25589008737865,36.49212699029126,127.24963600970875
12,12:00-13:00,grid_8124_22776,grid_8123_22776,3,0,3,0.5922551421055969,0.5922551421055969,0.24771310442868966,0.7777777777777778,1.7495237015932987,0.9598997322572103,36.49103341025641,127.25601053846155,36.48761447435898,127.25666624358975
12,12:00-13:00,grid_8124_22776,grid_8126_22776,3,0,3,0.19681935612185752,0.19681935612185752,0.14964260479260888,0.2222222222222222,1.398080100768954,0.9189554926225026,36.49158761702128,127.25640768085107,36.49939061702128,127.25534914893616
12,12:00-13:00,grid_8125_22775,grid_8124_22776,2,0,2,0.794238485114036,0.794238485114036,0.4121099574686745,1.0,-0.4322024508578031,0.3327971391158876,36.49545076296296,127.2491430962963,36.49143771851852,127.25604124444443
12,12:00-13:00,grid_8125_22775,grid_8126_22774,1,0,1,0.23712332520322713,0.23712332520322713,0.058447595818744175,0.3333333333333333,-0.7565049221292648,0.22467326120816805,36.49563231578947,127.24841899999998,36.499714157894736,127.24301915789475
12,12:00-13:00,grid_8129_22778,grid_8129_22777,1,0,1,0.6516504590147095,0.6516504590147095,0.41741400988329724,0.7777777777777778,-0.9104264992562388,0.18129881396274483,36.51453657364341,127.2655159767442,36.514442209302324,127.25940521705428
12,12:00-13:00,grid_8133_22777,grid_8132_22778,1,0,1,0.49054737084634004,0.49054737084634004,0.3698178849577967,0.5555555555555556,-0.14497630073138595,0.44236479168011245,36.53074722413793,127.25917694827587,36.529259353448275,127.26429103448275
12,12:00-13:00,grid_8125_22776,grid_8125_22775,1,0,1,0.4489526009610534,0.4489526009610534,0.25097568528554925,0.5555555555555556,0.280510587210015,0.610457098013585,36.4948034047619,127.25588263095237,36.49571840476191,127.2494781547619
12,12:00-13:00,grid_8125_22776,grid_8125_22776,1,0,1,0.1904147397125472,0.1904147397125472,0.1313437007660079,0.2222222222222222,2.160931167395665,0.9846496715510042,36.495515976190475,127.25613726190477,36.496007547619044,127.25591830952382
12,12:00-13:00,grid_8125_22776,grid_8124_22777,1,0,1,0.32533751567481595,0.32533751567481595,0.10413893367407737,0.4444444444444444,0.6386470964737918,0.7384737321104481,36.49516644117647,127.25625405882353,36.49096705882353,127.25981164705884
12,12:00-13:00,grid_8125_22776,grid_8127_22775,1,0,1,0.17965493955052703,0.17965493955052703,0.10060141458880745,0.2222222222222222,1.9796762025410664,0.9761300378673748,36.49523321875,127.2566463125,36.50454040625,127.2498370625
12,12:00-13:00,grid_8125_22776,grid_8123_22776,1,0,1,0.09988079666447908,0.09988079666447908,0.0790244984064482,0.1111111111111111,1.6387834885763597,0.9493708204544502,36.49590648,127.25612564,36.4876218,127.2567622
12,12:00-13:00,grid_8125_22776,grid_8127_22774,1,0,1,0.08775468991975174,0.08775468991975174,0.044378479135798655,0.1111111111111111,3.177418343888391,0.9992570373671842,36.49506664285714,127.25668214285714,36.50526021428571,127.244149
12,12:00-13:00,grid_8125_22776,grid_8128_22778,1,0,1,0.15300624002881688,0.15300624002881688,0.024462273098207026,0.2222222222222222,2.1267738535417706,0.9832805611231321,36.49634525,127.256852125,36.510403374999996,127.2652895
12,12:00-13:00,grid_8121_22776,grid_8122_22777,1,0,1,0.5169799284361182,0.5169799284361182,0.23899027172224246,0.6666666666666666,1.6070652178266824,0.9459799688428453,36.478744457831326,127.25480815662651,36.48204648192771,127.26022539759036
12,12:00-13:00,grid_8121_22776,grid_8120_22776,1,0,1,0.03274611948104361,0.03274611948104361,0.09356034137441033,0.0,1.5904447142455214,0.9441327009290204,36.4783455483871,127.25482632258066,36.4745799032258,127.25479690322581
12,12:00-13:00,grid_8122_22777,grid_8121_22776,1,0,1,0.4496671500105819,0.4496671500105819,0.25301725399848773,0.5555555555555556,-0.9847961733772068,0.16236210032816084,36.48211620253164,127.26034237974685,36.47883979746835,127.25476645569621
12,12:00-13:00,grid_8122_22777,grid_8123_22776,1,0,1,0.36863751190520044,0.36863751190520044,0.22785320861803315,0.4444444444444444,1.1268621833895875,0.870099622808547,36.4830967,127.26042071428573,36.48796388571429,127.2570067857143
12,12:00-13:00,grid_8122_22777,grid_8122_22777,1,0,1,0.5034105516796022,0.5034105516796022,0.2002206238464826,0.6666666666666666,0.030553152339756695,0.5121870481467244,36.48275979104477,127.2609477164179,36.48267089552238,127.26100323880597
12,12:00-13:00,grid_8122_22777,grid_8123_22775,1,0,1,0.2184807548763293,0.2184807548763293,0.21153231551967105,0.2222222222222222,-0.8696566355412285,0.19224403854301614,36.48277963076923,127.26009444615386,36.4864872,127.25026380000001
12,12:00-13:00,grid_8122_22777,grid_8123_22777,1,0,1,0.27940553384768224,0.27940553384768224,0.17925390623147308,0.3333333333333333,1.4156779548071108,0.921565092141438,36.482674214285716,127.26116039285715,36.48746130357143,127.26090544642857
12,12:00-13:00,grid_8124_22775,grid_8124_22776,1,0,1,0.16136274614218182,0.16136274614218182,0.2546872111998846,0.1111111111111111,0.12230946976589097,0.5486730337401132,36.49245114102564,127.24958782051283,36.49133744871795,127.25584129487179
12,12:00-13:00,grid_8124_22775,grid_8123_22775,1,0,1,0.1842060953033954,0.1842060953033954,0.11360471673985996,0.2222222222222222,0.6453045325931137,0.7406350720058192,36.49209276470589,127.24898182352942,36.48688882352941,127.24991061764706
12,12:00-13:00,grid_8129_22774,grid_8129_22774,1,0,1,0.5857483692409454,0.5857483692409454,0.22912232481539963,0.7777777777777778,1.5237720734987885,0.936217171003018,36.51381897260274,127.24428763013698,36.51364278082192,127.24410376712328
12,12:00-13:00,grid_8127_22772,grid_8128_22772,1,0,1,0.28844995340287954,0.28844995340287954,0.20509510496060826,0.3333333333333333,0.9890008905941705,0.8386686470338691,36.505864676923075,127.23438895384615,36.51021643076923,127.23227610769231
12,12:00-13:00,grid_8127_22772,grid_8129_22771,1,0,1,0.11618365907067764,0.11618365907067764,0.12560410528130123,0.1111111111111111,-1.204555441058866,0.11418748359550934,36.50577623076923,127.23369148717948,36.51325571794872,127.22903274358974
12,12:00-13:00,grid_8127_22772,grid_8126_22772,1,0,1,0.016707350869244266,0.016707350869244266,0.047735288197840765,0.0,-0.3317444711574672,0.370041108676627,36.5055056,127.23378973333334,36.50066373333333,127.23388786666668
12,12:00-13:00,grid_8149_22782,grid_8150_22782,2,2,0,0.21284437159874514,0.21284437159874514,0.1954283632980021,0.2222222222222222,0.5390013362592314,0.7050570337374568,36.603776238095236,127.28968712698412,36.60868260317461,127.28844515873017
12,12:00-13:00,grid_8149_22782,grid_8150_22781,1,1,0,0.32627480106390033,0.32627480106390033,0.10681689192860415,0.4444444444444444,2.2398810307357966,0.9874506762755331,36.60415580555556,127.28966574999998,36.60889366666667,127.28453672222223
12,12:00-13:00,grid_8149_22782,grid_8152_22782,1,1,0,0.08213269880352533,0.08213269880352533,0.02831564737515178,0.1111111111111111,0.07006412620967561,0.5279286901787569,36.6036065,127.29005500000001,36.6171003,127.28717510000001
12,12:00-13:00,grid_8121_22775,grid_8123_22775,1,0,1,0.7865135500215101,0.7865135500215101,0.18368950799796524,1.1111111111111112,0.17925445951986924,0.5711310481804523,36.47806333333333,127.24948035000001,36.48616991666667,127.24915783333334
12,12:00-13:00,grid_8121_22775,grid_8122_22777,1,0,1,0.2556035082971291,0.2556035082971291,0.11124811894417833,0.3333333333333333,0.5523152467704577,0.7096338068363586,36.47766071428571,127.25040988571429,36.48179502857143,127.26080782857142
12,12:00-13:00,grid_8121_22775,grid_8124_22776,1,0,1,0.23005874920246822,0.23005874920246822,0.03826309295943297,0.3333333333333333,-0.017759457896419195,0.49291537378329714,36.478231,127.24965623076923,36.49011869230769,127.2569286923077
12,12:00-13:00,grid_8121_22782,grid_8122_22784,1,0,1,0.21039441961119648,0.21039441961119648,0.1884285004764344,0.2222222222222222,2.540467218099247,0.9944647764406829,36.47806520338983,127.28942172881356,36.48258149152542,127.29929052542373
12,12:00-13:00,grid_8121_22782,grid_8121_22782,2,0,2,0.3834567742760659,0.3834567742760659,0.06384475189987064,0.5555555555555556,1.0337721862522933,0.8493786613626371,36.47872114285714,127.28898533333333,36.47847352380953,127.28796919047619
12,12:00-13:00,grid_8121_22782,grid_8121_22784,1,0,1,0.16233045475861899,0.16233045475861899,0.05110288661192729,0.2222222222222222,1.3117937634175734,0.9052051351131886,36.477502125,127.2890343125,36.4782855,127.29861025
12,12:00-13:00,grid_8124_22777,grid_8123_22775,1,0,1,0.05222537731495384,0.05222537731495384,0.14921536375701097,0.0,0.04334252181886905,0.5172857522287143,36.49034392982456,127.25994738596492,36.4867457368421,127.24994392982457
12,12:00-13:00,grid_8133_22778,grid_8132_22778,2,0,2,0.27389589754867644,0.27389589754867644,0.16351208823431357,0.3333333333333333,0.24737612287943378,0.5976914243867112,36.53224683018868,127.26616749056605,36.52921573584906,127.26460133962264
12,12:00-13:00,grid_8133_22778,grid_8132_22776,1,0,1,0.14729899861513618,0.14729899861513618,0.008155869059119282,0.2222222222222222,1.3211432751207721,0.9067732019921482,36.53002733333333,127.26541233333334,36.529779,127.25495433333333
12,12:00-13:00,grid_8127_22773,grid_8128_22774,1,0,1,0.2723699004999042,0.2723699004999042,0.15915209666639302,0.3333333333333333,0.2621764620179806,0.6034073002811049,36.50538782,127.23890012,36.51093466,127.24228886
12,12:00-13:00,grid_8127_22773,grid_8126_22773,1,0,1,0.10475969026381457,0.10475969026381457,0.09296419440454959,0.1111111111111111,2.475090177253538,0.9933398730920118,36.50507910344828,127.23861317241379,36.50089179310345,127.23688413793103
12,12:00-13:00,grid_8127_22773,grid_8130_22773,1,0,1,0.08425257725065462,0.08425257725065462,0.0343724429383783,0.1111111111111111,1.4360286574937082,0.9245029065573566,36.505542909090906,127.23749027272726,36.51838890909091,127.23769754545455
12,12:00-13:00,grid_8127_22773,grid_8127_22777,1,0,1,0.0762109106064063,0.0762109106064063,0.011396252526240257,0.1111111111111111,1.9544722985869152,0.9746773061052225,36.505660750000004,127.239326,36.504011500000004,127.26116975
12,12:00-13:00,grid_8123_22775,grid_8121_22775,1,0,1,0.19647986229113465,0.19647986229113465,0.1486726224191149,0.2222222222222222,0.9632221946897803,0.8322819853856089,36.486118734693875,127.25005179591837,36.47796177551021,127.24956514285714
12,12:00-13:00,grid_8123_22775,grid_8124_22775,1,0,1,0.1933532312551796,0.1933532312551796,0.13973939088781473,0.2222222222222222,0.7748514984622732,0.7807862926995561,36.486969,127.24983782222222,36.49229793333333,127.24919037777778
12,12:00-13:00,grid_8128_22774,grid_8128_22774,1,0,1,0.05108575422984787,0.05108575422984787,0.14595929779956535,0.0,0.35253725927098456,0.6377823095851127,36.51036472340425,127.24356142553192,36.51050636170213,127.2433600638298
12,12:00-13:00,grid_8123_22777,grid_8123_22776,1,0,1,0.12352674487857714,0.12352674487857714,0.14658435044672835,0.1111111111111111,1.0383451236449703,0.8504452960247888,36.48756006382978,127.26059019148937,36.487639531914894,127.2570979148936
12,12:00-13:00,grid_8124_22774,grid_8125_22775,1,0,1,0.26904157834407977,0.26904157834407977,0.14964260479260888,0.3333333333333333,-0.490882229317075,0.31175487327080875,36.49219185106383,127.24452044680851,36.49512676595745,127.2488350212766
12,12:00-13:00,grid_8124_22774,grid_8123_22776,1,0,1,0.1851514160401097,0.1851514160401097,0.11630563313047224,0.2222222222222222,-0.19662088176823217,0.4220621141519154,36.49152313888889,127.24524722222223,36.48748463888889,127.25656291666665
12,12:00-13:00,grid_8150_22783,grid_8150_22782,1,1,0,0.26518648365224967,0.26518648365224967,0.1386280485302371,0.3333333333333333,2.034083300645485,0.9790284013101205,36.60863315909091,127.29275254545455,36.60859193181818,127.28797629545456
12,12:00-13:00,grid_8150_22783,grid_8150_22781,1,1,0,0.16559716001051272,0.16559716001051272,0.060436330188766554,0.2222222222222222,0.7902498659197876,0.7853090704279182,36.6089444,127.2928727,36.6091068,127.28442445
12,12:00-13:00,grid_8150_22783,grid_8149_22781,1,1,0,0.0028545541706917485,0.0028545541706917485,0.008155869059119282,0.0,1.3652763868317868,0.9139169011394965,36.608506,127.29396966666667,36.602454,127.28276766666666
12,12:00-13:00,grid_8123_22778,grid_8124_22777,1,0,1,0.19424517152132642,0.19424517152132642,0.1422877916482343,0.2222222222222222,-0.43218791891477937,0.3328024195817296,36.488462931818184,127.26544795454546,36.49060543181818,127.25974638636363
12,12:00-13:00,grid_8123_22778,grid_8127_22777,1,0,1,0.0773486901190708,0.0773486901190708,0.014647051133853135,0.1111111111111111,0.10178514972884471,0.5405363933873529,36.4882758,127.26530619999998,36.5050546,127.2608596
12,12:00-13:00,grid_8123_22778,grid_8121_22776,1,0,1,0.0017240535773020316,0.0017240535773020316,0.004925867363720091,0.0,1.1067259462632721,0.8657937830456498,36.487860999999995,127.2669795,36.478155,127.2546085
12,12:00-13:00,grid_8120_22776,grid_8121_22777,1,0,1,0.1106413986738484,0.1106413986738484,0.10976907557607479,0.1111111111111111,0.6093121184577943,0.7288412119622981,36.474403611111114,127.25484033333333,36.47939072222222,127.26157633333332
12,12:00-13:00,grid_8120_22776,grid_8123_22777,1,0,1,0.08541620403995745,0.08541620403995745,0.03769709090781496,0.1111111111111111,0.9569488036054168,0.830703451798098,36.47500933333333,127.25371825,36.486595,127.26152491666666
12,12:00-13:00,grid_8129_22771,grid_8130_22772,2,0,2,0.3280378724365268,0.3280378724365268,0.11185423870753702,0.4444444444444444,0.3058626794828756,0.6201453987675218,36.51436591666666,127.22902944444445,36.51898516666667,127.23437330555556
12,12:00-13:00,grid_8126_22775,grid_8126_22775,1,0,1,0.1811971595555203,0.1811971595555203,0.10500775746021677,0.2222222222222222,0.8858673246901747,0.8121554872257049,36.5011104375,127.249284125,36.50128375,127.24882025
12,12:00-13:00,grid_8126_22775,grid_8123_22777,1,0,1,0.012030355028432405,0.012030355028432405,0.0343724429383783,0.0,0.9640985175087438,0.8325017320508925,36.50074645454546,127.24868654545456,36.48808609090909,127.26131109090908
12,12:00-13:00,grid_8126_22775,grid_8129_22775,1,0,1,0.22590216982945163,0.22590216982945163,0.026387151893671308,0.3333333333333333,0.7013803457668563,0.7584671578682654,36.50042466666667,127.25035522222223,36.51208111111111,127.2479028888889
12,12:00-13:00,grid_8127_22777,grid_8128_22777,1,0,1,0.10547844612241442,0.10547844612241442,0.09501778257197772,0.1111111111111111,0.7342398734087813,0.7685987220683059,36.50509174193549,127.26142870967743,36.508598516129034,127.26103396774194
12,12:00-13:00,grid_8127_22777,grid_8127_22779,1,0,1,0.15880579314478124,0.15880579314478124,0.04103242485810517,0.2222222222222222,0.13030866155213072,0.5518388862129184,36.504993538461534,127.261803,36.50486323076923,127.27205692307692
12,12:00-13:00,grid_8127_22777,grid_8129_22776,1,0,1,0.010870456349650585,0.010870456349650585,0.031058446713287387,0.0,1.8787114631183839,0.9698580491268609,36.506070199999996,127.2610311,36.5131144,127.257088
12,12:00-13:00,grid_8130_22774,grid_8130_22773,1,0,1,0.10272716154215333,0.10272716154215333,0.0871569694855175,0.1111111111111111,-0.8195572525884866,0.20623427560284474,36.518254551724134,127.24370755172414,36.5194415862069,127.23695396551724
12,12:00-13:00,grid_8130_22774,grid_8127_22772,1,0,1,0.005126467896848597,0.005126467896848597,0.014647051133853135,0.0,1.272001627314962,0.8983137294602583,36.5184588,127.2438768,36.5048988,127.23443400000001
12,12:00-13:00,grid_8150_22781,grid_8149_22783,1,1,0,0.03182006013235915,0.03182006013235915,0.09091445752102614,0.0,0.552201407472128,0.7095948149092849,36.60935682142857,127.28479335714285,36.604057607142856,127.29296114285715
12,12:00-13:00,grid_8128_22772,grid_8129_22772,1,0,1,0.3853554111742652,0.3853554111742652,0.06926942875186864,0.5555555555555556,0.4685487953128126,0.6803039074989764,36.510979115384615,127.23282330769231,36.5134193076923,127.23275765384616
12,12:00-13:00,grid_8127_22774,grid_8124_22776,1,0,1,0.09937814257632911,0.09937814257632911,0.07758834386887685,0.1111111111111111,-1.4291064493020995,0.07648682006965496,36.50522792,127.2443106,36.49149716,127.25682640000001
12,12:00-13:00,grid_8148_22783,grid_8149_22783,1,1,0,0.026950316373624616,0.026950316373624616,0.07700090392464176,0.0,0.9639543536384336,0.8324655942792829,36.601079166666665,127.29509791666668,36.60457983333333,127.29253899999999
12,12:00-13:00,grid_8151_22781,grid_8149_22783,1,1,0,0.16539482863622185,0.16539482863622185,0.05985824054793544,0.2222222222222222,1.3463734759222132,0.9109089497334975,36.61206515789473,127.28474999999999,36.6046232631579,127.29271268421053
12,12:00-13:00,grid_8130_22775,grid_8129_22776,1,0,1,0.08981897835316503,0.08981897835316503,0.05027644608840805,0.1111111111111111,0.5286603780590114,0.701479466156119,36.5183784117647,127.25147558823531,36.514779058823535,127.2567071764706
12,12:00-13:00,grid_8130_22775,grid_8129_22773,1,0,1,0.0028545541706917485,0.0028545541706917485,0.008155869059119282,0.0,2.1492427451684053,0.984192418758129,36.517984000000006,127.25110366666667,36.51526333333334,127.23981800000001
12,12:00-13:00,grid_8119_22780,grid_8121_22782,1,0,1,0.0907994595332291,0.0907994595332291,0.05307782088859112,0.1111111111111111,1.2446896450297253,0.893377073126109,36.47031205882353,127.27753829411765,36.477212470588235,127.28869147058825
12,12:00-13:00,grid_8119_22779,grid_8120_22780,1,0,1,0.08961858548593406,0.08961858548593406,0.04970389503917669,0.1111111111111111,-0.04603714165754713,0.4816403232590857,36.469369,127.27365475,36.4734115625,127.2782245625
12,12:00-13:00,grid_8128_22777,grid_8129_22776,1,0,1,0.15997691214197396,0.15997691214197396,0.044378479135798655,0.2222222222222222,0.37225591312631157,0.6451488400783836,36.50888885714286,127.25998278571429,36.51463721428571,127.25734592857143
12,12:00-13:00,grid_8128_22777,grid_8130_22776,1,0,1,0.07281939718458584,0.07281939718458584,0.0017062141781817965,0.1111111111111111,-0.5668149592576425,0.285419953034292,36.508126,127.262004,36.518532,127.256803
12,12:00-13:00,grid_8125_22778,grid_8124_22776,1,0,1,0.08425257725065462,0.08425257725065462,0.0343724429383783,0.1111111111111111,-0.5316690364520216,0.2974776204364009,36.49585690909091,127.26563627272726,36.49044218181818,127.25658599999998
12,12:00-13:00,grid_8130_22772,grid_8129_22773,1,0,1,0.08078401780659468,0.08078401780659468,0.024462273098207026,0.1111111111111111,1.6837208104388082,0.953882181215049,36.518946444444445,127.23487866666667,36.51272144444445,127.24068655555556
12,12:00-13:00,grid_8152_22781,grid_8153_22781,1,1,0,0.15300624002881688,0.15300624002881688,0.024462273098207026,0.2222222222222222,0.6517392263907935,0.7427152935696387,36.61817875,127.285777375,36.621383375,127.2835295
12,12:00-13:00,grid_8122_22776,grid_8121_22775,1,0,1,0.080306781052018,0.080306781052018,0.023098739513702216,0.1111111111111111,-0.32129550157030834,0.3739932325398847,36.482551875,127.253574125,36.477428375,127.250154875
12,12:00-13:00,grid_8122_22786,grid_8123_22788,1,0,1,0.006267904425293321,0.006267904425293321,0.01790829835798092,0.0,0.635044682779558,0.7373003633509685,36.481857999999995,127.308767,36.48653483333333,127.32122666666667
12,12:00-13:00,grid_8123_22784,grid_8123_22785,1,0,1,0.0773486901190708,0.0773486901190708,0.014647051133853135,0.1111111111111111,0.7888008840861047,0.7848858036418938,36.485928,127.30079880000001,36.485492799999996,127.30395860000002
12,12:00-13:00,grid_8122_22774,grid_8121_22775,1,0,1,0.07687602569946314,0.07687602569946314,0.013296581363545498,0.1111111111111111,0.6599875390244736,0.7453690870362164,36.4829646,127.2462342,36.4775244,127.2491796
12,12:00-13:00,grid_8149_22783,grid_8148_22784,1,1,0,0.14909824792168536,0.14909824792168536,0.013296581363545498,0.2222222222222222,-1.212457974283815,0.11266856018213833,36.6031866,127.2933372,36.5995114,127.2987576
12,12:00-13:00,grid_8124_22779,grid_8123_22778,1,0,1,0.14796198276500838,0.14796198276500838,0.010050109487325603,0.2222222222222222,0.8443623180658235,0.800766513821844,36.491525249999995,127.2699245,36.48840175,127.26488975
12,12:00-13:00,grid_8133_22789,grid_8135_22796,1,0,1,0.29097648648779323,0.29097648648779323,0.005964564568298212,0.4444444444444444,-0.5596863132450527,0.2878467097909808,36.53227725,127.32799625,36.54286875,127.364712
12,12:00-13:00,grid_8132_22777,grid_8130_22774,1,0,1,0.00398868838418409,0.00398868838418409,0.011396252526240257,0.0,1.1500281908616168,0.8749338697895973,36.52673975,127.26334575,36.51864175,127.2463355
12,12:00-13:00,grid_8120_22775,grid_8124_22776,1,0,1,0.14843313282862852,0.14843313282862852,0.011396252526240257,0.2222222222222222,2.712456663299874,0.9966606743178652,36.47520625,127.25027625,36.4894715,127.25695275
12,12:00-13:00,grid_8132_22778,grid_8134_22777,1,0,1,0.07507677639291396,0.07507677639291396,0.008155869059119282,0.1111111111111111,-0.30527207045252686,0.3800794729291661,36.52871533333333,127.26437933333334,36.53494633333333,127.26339666666667
12,12:00-13:00,grid_8124_22789,grid_8126_22789,1,0,1,0.14729899861513618,0.14729899861513618,0.008155869059119282,0.2222222222222222,0.26064681906535536,0.6028175595650956,36.492244666666664,127.32524466666666,36.49959066666667,127.32934733333333
12,12:00-13:00,grid_8150_22784,grid_8149_22782,1,1,0,0.07394627579952424,0.07394627579952424,0.004925867363720091,0.1111111111111111,0.5156458050753905,0.6969490937890634,36.607285000000005,127.2970885,36.603314999999995,127.2904025
12,12:00-13:00,grid_8123_22783,grid_8120_22780,1,0,1,0.07394627579952424,0.07394627579952424,0.004925867363720091,0.1111111111111111,-0.3957121658941103,0.3461586897547568,36.48659,127.296536,36.4742215,127.275958
12,12:00-13:00,grid_8127_22779,grid_8128_22775,1,0,1,0.07281939718458584,0.07281939718458584,0.0017062141781817965,0.1111111111111111,1.1225556024302212,0.8691868598551444,36.504202,127.269979,36.508553,127.24997
12,12:00-13:00,grid_8125_22787,grid_8124_22784,1,0,1,0.07281939718458584,0.07281939718458584,0.0017062141781817965,0.1111111111111111,2.6557731040239334,0.9960436583220729,36.495466,127.31759,36.490111,127.299497
12,12:00-13:00,grid_8124_22784,grid_8122_22783,1,0,1,0.07281939718458584,0.07281939718458584,0.0017062141781817965,0.1111111111111111,-0.45091385385472255,0.3260258191145584,36.489572,127.301777,36.48403,127.294198
12,12:00-13:00,grid_8151_22784,grid_8150_22782,1,0,1,0.07281939718458584,0.07281939718458584,0.0017062141781817965,0.1111111111111111,1.720420811046215,0.9573220116143885,36.611436,127.298603,36.60967,127.286913
13,13:00-14:00,grid_8123_22775,grid_8123_22776,2,0,2,1.0839772651942716,1.0839772651942716,0.8272366307137918,1.2222222222222223,0.18841154586259978,0.5747229752541897,36.48683560392157,127.24977767450982,36.487664847058824,127.25658410980392
13,13:00-14:00,grid_8123_22775,grid_8124_22776,1,0,1,0.6083224596842924,0.6083224596842924,0.49996893243131185,0.6666666666666666,0.3361424710675479,0.6316182837071229,36.48684029677419,127.24985213548388,36.49064255483871,127.25561443225806
13,13:00-14:00,grid_8123_22775,grid_8123_22775,1,0,1,0.8081616589584761,0.8081616589584761,0.4518904541670745,1.0,-1.2835285793825193,0.0996534767639512,36.486928618705036,127.2492119352518,36.48672185611511,127.24928810791367
13,13:00-14:00,grid_8123_22775,grid_8122_22776,1,0,1,0.2623719861936625,0.2623719861936625,0.13058662721998796,0.3333333333333333,-1.1069704219665086,0.13415335832670738,36.486683049999996,127.249752625,36.48270035,127.2545681
13,13:00-14:00,grid_8123_22775,grid_8126_22777,2,0,2,0.15181309731088413,0.15181309731088413,0.02105329390411342,0.2222222222222222,0.18031127548357917,0.5715458979032204,36.487613333333336,127.24952016666667,36.500018000000004,127.25925533333333
13,13:00-14:00,grid_8123_22776,grid_8123_22775,2,0,2,0.6218338164555114,0.6218338164555114,0.7449220152697149,0.5555555555555556,0.46390197972379166,0.6786410128102713,36.4874826302521,127.25658496218487,36.48677772268908,127.24978823529412
13,13:00-14:00,grid_8123_22776,grid_8124_22776,1,0,1,0.4740872236497593,0.4740872236497593,0.3227888929675662,0.5555555555555556,0.21997432857814928,0.5870544260718236,36.48754262376238,127.25677698019803,36.49086030693069,127.25622008910891
13,13:00-14:00,grid_8123_22776,grid_8124_22777,1,0,1,0.20558563734896007,0.20558563734896007,0.1746891225843304,0.2222222222222222,-2.4327276871429593,0.007492783207595,36.48781001818182,127.25706921818183,36.49024641818182,127.25998429090909
13,13:00-14:00,grid_8129_22777,grid_8128_22775,1,0,1,0.4702230925016657,0.4702230925016657,0.5180977246079339,0.4444444444444444,0.4959060985783874,0.6900196684012465,36.513801374269,127.2592953508772,36.51134628070176,127.25024701754386
13,13:00-14:00,grid_8129_22777,grid_8128_22777,1,0,1,0.2931476226030633,0.2931476226030633,0.21851701696113332,0.3333333333333333,0.010863409486753295,0.5043337881123754,36.51432083333333,127.25933243939394,36.50945165151516,127.26097834848485
13,13:00-14:00,grid_8129_22777,grid_8130_22776,1,0,1,0.03691564146604437,0.03691564146604437,0.10547326133155535,0.0,0.011457083840409332,0.5045706151603665,36.51493015625,127.25899346875,36.5184213125,127.25436275
13,13:00-14:00,grid_8129_22777,grid_8131_22777,1,0,1,0.010041387997429516,0.010041387997429516,0.028689679992655762,0.0,0.9811086094896302,0.8367304073805353,36.514869499999996,127.25894009999999,36.523115000000004,127.26162690000001
13,13:00-14:00,grid_8150_22782,grid_8151_22782,1,1,0,1.236410930650952,1.236410930650952,0.43736456376462457,1.6666666666666667,0.6262753287206049,0.7344328171960907,36.60853252941177,127.28864840522877,36.61146690849673,127.28833963398694
13,13:00-14:00,grid_8150_22782,grid_8150_22782,2,2,0,0.5920871171959703,0.5920871171959703,0.4535822396075342,0.6666666666666666,0.47674001822734446,0.6832263686837576,36.60864115602837,127.28858044680851,36.60864920567376,127.28828578014183
13,13:00-14:00,grid_8150_22782,grid_8150_22781,2,2,0,0.7669207921888171,0.7669207921888171,0.33405940625376324,1.0,0.20728894378043355,0.5821078958904594,36.60862505454545,127.28885344545455,36.60905114545454,127.2846300090909
13,13:00-14:00,grid_8150_22782,grid_8149_22783,3,3,0,0.8794536069722598,0.8794536069722598,0.24288332150804376,1.2222222222222223,0.2731497159312207,0.6076309342773516,36.608628789473684,127.28832227631578,36.603941,127.29309103947368
13,13:00-14:00,grid_8150_22782,grid_8149_22784,2,2,0,0.4448369649476677,0.4448369649476677,0.032867518898098205,0.6666666666666666,1.1943481627777055,0.8838290974874061,36.6083752,127.28886729999999,36.6046559,127.2978404
13,13:00-14:00,grid_8151_22782,grid_8150_22782,1,1,0,0.7722951606277676,0.7722951606277676,0.3494147446507644,1.0,-1.6278370291008897,0.05177972330008579,36.611647683453235,127.28828543884892,36.608404,127.28860376978419
13,13:00-14:00,grid_8151_22782,grid_8149_22783,2,2,0,0.33123066239608656,0.33123066239608656,0.1209764957348506,0.4444444444444444,-0.18080065874225767,0.42826202301507865,36.61183560526316,127.28825715789473,36.60394244736842,127.29359468421052
13,13:00-14:00,grid_8129_22778,grid_8129_22777,1,0,1,0.5809610038053459,0.5809610038053459,0.4217933442057501,0.6666666666666666,-0.08373711340162018,0.46663272426400193,36.51453657364341,127.2655159767442,36.514442209302324,127.25940521705428
13,13:00-14:00,grid_8128_22778,grid_8129_22777,1,0,1,0.4190504905023236,0.4190504905023236,0.3718902903240993,0.4444444444444444,1.1049666243315595,0.8654129743111412,36.51007996581196,127.26617884615385,36.51404345299146,127.25967005982905
13,13:00-14:00,grid_8133_22777,grid_8132_22778,1,0,1,0.7809175571212056,0.7809175571212056,0.37405016320344453,1.0,-2.2255892402778734,0.013020853781083974,36.53074722413793,127.25917694827587,36.529259353448275,127.26429103448275
13,13:00-14:00,grid_8133_22777,grid_8133_22778,1,0,1,0.1636683791663491,0.1636683791663491,0.05492552777687047,0.2222222222222222,1.1863272743413869,0.8822534601713117,36.530643294117645,127.25957841176469,36.53270488235294,127.26470770588236
13,13:00-14:00,grid_8125_22776,grid_8125_22775,2,0,2,0.378083162224054,0.378083162224054,0.25484078095761487,0.4444444444444444,-0.12429369612886648,0.45054136917948473,36.4948034047619,127.25588263095237,36.49571840476191,127.2494781547619
13,13:00-14:00,grid_8125_22776,grid_8126_22775,1,0,1,0.1769344375496531,0.1769344375496531,0.09282855172916765,0.2222222222222222,1.1054683554327434,0.8655216505243346,36.495333107142855,127.25648482142857,36.501494321428574,127.24901128571427
13,13:00-14:00,grid_8126_22775,grid_8126_22777,1,0,1,0.23638301421103272,0.23638301421103272,0.262681627904538,0.2222222222222222,0.5154815760381182,0.696891729582561,36.5017021,127.2496940125,36.501271100000004,127.25955583750002
13,13:00-14:00,grid_8126_22775,grid_8125_22776,2,0,2,0.4057637839215652,0.4057637839215652,0.1275790651727258,0.5555555555555556,-0.21923245447805637,0.41323448767004833,36.501262624999995,127.24929977500001,36.494884674999994,127.25630712499999
13,13:00-14:00,grid_8126_22775,grid_8127_22775,1,0,1,0.2616298833941441,0.2616298833941441,0.12846633350707845,0.3333333333333333,-0.3260116656127603,0.3722077645102553,36.50158587179487,127.24907994871795,36.50445817948718,127.2495671025641
13,13:00-14:00,grid_8126_22775,grid_8123_22775,1,0,1,0.44833398234031635,0.44833398234031635,0.04285899716280853,0.6666666666666666,0.14583975133392857,0.557976052825915,36.501758307692306,127.24943384615383,36.487189307692304,127.25050276923076
13,13:00-14:00,grid_8126_22775,grid_8126_22774,1,0,1,0.15876057396157606,0.15876057396157606,0.040903227191804656,0.2222222222222222,-1.387243124675161,0.08268381976705019,36.5021365,127.24856458333333,36.50116975,127.24409333333334
13,13:00-14:00,grid_8126_22775,grid_8123_22777,1,0,1,0.08537112973319737,0.08537112973319737,0.037568307174214735,0.1111111111111111,-1.2711299453609963,0.10184121184005257,36.50074645454546,127.24868654545456,36.48808609090909,127.26131109090908
13,13:00-14:00,grid_8129_22774,grid_8129_22774,1,0,1,0.5148552986576295,0.5148552986576295,0.23291990092656029,0.6666666666666666,-1.631302535348239,0.05141324934250335,36.51381897260274,127.24428763013698,36.51364278082192,127.24410376712328
13,13:00-14:00,grid_8129_22774,grid_8127_22773,1,0,1,0.24987532642904656,0.24987532642904656,0.0948818850353711,0.3333333333333333,0.030308638169230795,0.5120895462619331,36.5125851,127.24280426666668,36.505377599999996,127.23834616666666
13,13:00-14:00,grid_8132_22778,grid_8132_22778,1,0,1,0.36843110417376657,0.36843110417376657,0.2272634722425077,0.4444444444444444,0.4885610942474744,0.6874237685860379,36.528707732394366,127.26617153521127,36.52871407042254,127.2662959859155
13,13:00-14:00,grid_8127_22775,grid_8127_22774,1,0,1,0.21623083805752757,0.21623083805752757,0.20510398175166608,0.2222222222222222,0.3497839276068556,0.6367495690305937,36.504715231884056,127.24958869565218,36.504821507246376,127.24341585507247
13,13:00-14:00,grid_8127_22775,grid_8126_22777,2,0,2,0.335866072236351,0.335866072236351,0.1342205238498918,0.4444444444444444,1.1233354523131271,0.869352473823445,36.504707238095236,127.25030597619049,36.50119721428572,127.25951740476191
13,13:00-14:00,grid_8127_22775,grid_8126_22775,1,0,1,0.027611705002543716,0.027611705002543716,0.07889058572155348,0.0,0.4675708941015546,0.6799542583988467,36.50436932,127.24972544,36.50159632,127.24962031999999
13,13:00-14:00,grid_8127_22775,grid_8127_22772,1,0,1,0.015000649006982985,0.015000649006982985,0.04285899716280853,0.0,-0.6140400240779023,0.2695944396152633,36.50458576923077,127.24878076923076,36.50543084615385,127.23460376923077
13,13:00-14:00,grid_8125_22775,grid_8125_22776,1,0,1,0.3711150899179346,0.3711150899179346,0.23493200294013084,0.4444444444444444,0.8170489455598098,0.7930497712605166,36.49549568115942,127.24933346376811,36.494686,127.25589833333333
13,13:00-14:00,grid_8122_22777,grid_8122_22777,1,0,1,0.432486227296372,0.432486227296372,0.20392890338645941,0.5555555555555556,0.03402447079916765,0.5135711814401465,36.48275979104477,127.2609477164179,36.48267089552238,127.26100323880597
13,13:00-14:00,grid_8122_22777,grid_8123_22775,2,0,2,0.29201310720541673,0.29201310720541673,0.21527554439642882,0.3333333333333333,-0.25588921780971724,0.39901819022911245,36.48277963076923,127.26009444615386,36.4864872,127.25026380000001
13,13:00-14:00,grid_8122_22777,grid_8122_22775,2,0,2,0.0986241079053594,0.0986241079053594,0.07543395909467769,0.1111111111111111,-1.0392302302850724,0.1493488371077284,36.48314239130435,127.26004113043479,36.48351756521739,127.24994386956521
13,13:00-14:00,grid_8121_22782,grid_8120_22780,1,0,1,0.43281779854403263,0.43281779854403263,0.204876249808347,0.5555555555555556,0.5385657808820004,0.7049067478275771,36.478210626865675,127.28825225373133,36.47386874626866,127.27798073134328
13,13:00-14:00,grid_8121_22782,grid_8122_22783,1,0,1,0.27288354548779925,0.27288354548779925,0.16061965377466453,0.3333333333333333,-0.15194024789784874,0.4396170317846738,36.4784528125,127.289310125,36.4825243125,127.29416083333332
13,13:00-14:00,grid_8121_22782,grid_8123_22784,1,0,1,0.10104763510807524,0.10104763510807524,0.08235832253100865,0.1111111111111111,-0.8210124449854976,0.20581958976187475,36.478450280000004,127.28899944000001,36.48561884,127.3003288
13,13:00-14:00,grid_8122_22776,grid_8123_22776,1,0,1,0.36184673996716804,0.36184673996716804,0.20845100308079773,0.4444444444444444,1.0386738197564838,0.8505217695156775,36.482914822580646,127.25396772580645,36.4874384032258,127.25677640322581
13,13:00-14:00,grid_8122_22776,grid_8122_22775,1,0,1,0.16724007916764297,0.16724007916764297,0.06513038492342439,0.2222222222222222,1.6336953536601837,0.9488385827642267,36.48230825,127.25421954999999,36.4838648,127.25109990000001
13,13:00-14:00,grid_8121_22775,grid_8123_22776,1,0,1,0.13699035730177167,0.13699035730177167,0.1850518145129984,0.1111111111111111,-0.20556417223137916,0.4185656830993659,36.47815165517242,127.25060174137931,36.487779741379306,127.25681037931035
13,13:00-14:00,grid_8121_22775,grid_8121_22776,1,0,1,0.24599695865478433,0.24599695865478433,0.08380083425176475,0.3333333333333333,-0.6683112700813132,0.2519674604034887,36.47761072,127.24977948,36.47930312,127.25387868
13,13:00-14:00,grid_8121_22775,grid_8121_22777,2,0,2,0.08073951837880755,0.08073951837880755,0.02433513187595811,0.1111111111111111,-0.4970447061940054,0.3095787627817013,36.47873,127.25141699999999,36.479746999999996,127.260806
13,13:00-14:00,grid_8127_22773,grid_8127_22772,1,0,1,0.4207890658107689,0.4207890658107689,0.17050844199902215,0.5555555555555556,0.3801085400479095,0.6480675766531595,36.504951267857145,127.23863273214286,36.505412642857145,127.23472198214286
13,13:00-14:00,grid_8127_22773,grid_8127_22773,3,0,3,0.33459420841588466,0.33459420841588466,0.13058662721998796,0.4444444444444444,0.9146532500110695,0.8198131528888872,36.504724051282054,127.23881341025641,36.50461915384616,127.2387864871795
13,13:00-14:00,grid_8127_22773,grid_8129_22774,1,0,1,0.09671452502436642,0.09671452502436642,0.06997800800612633,0.1111111111111111,-0.008769765890473999,0.4965014144424576,36.50549961904762,127.23850442857143,36.51290338095238,127.24329619047619
13,13:00-14:00,grid_8127_22773,grid_8126_22775,1,0,1,0.08488778764772462,0.08488778764772462,0.036187329787149725,0.1111111111111111,1.0560900426811897,0.8545364604298106,36.50475363636364,127.238292,36.50204527272727,127.24852663636365
13,13:00-14:00,grid_8127_22773,grid_8129_22773,1,0,1,0.08189185360275157,0.08189185360275157,0.027627518230083865,0.1111111111111111,0.18994050122123007,0.5753221226262404,36.505648,127.237500875,36.514072625,127.239985125
13,13:00-14:00,grid_8128_22772,grid_8127_22772,1,0,1,0.3524517099767353,0.3524517099767353,0.18160806025098983,0.4444444444444444,-1.3633564994385388,0.08638509182916682,36.510284636363636,127.23245543636364,36.50579109090909,127.23455416363636
13,13:00-14:00,grid_8133_22776,grid_8132_22778,1,0,1,0.7117884842501861,0.7117884842501861,0.17653852642910312,1.0,0.5862745130697979,0.7211544722503533,36.530791074074074,127.25480333333334,36.52914038888889,127.26423118518518
13,13:00-14:00,grid_8133_22776,grid_8129_22775,1,0,1,0.0739026249719238,0.0739026249719238,0.004801150713433131,0.1111111111111111,-1.218945570233405,0.11143242596420039,36.530408,127.254921,36.512213,127.249988
13,13:00-14:00,grid_8123_22777,grid_8123_22775,1,0,1,0.1999994651245001,0.1999994651245001,0.15872863051444477,0.2222222222222222,-1.1153915014754785,0.13234134488954058,36.48802421568627,127.26035684313726,36.48667474509804,127.25039478431373
13,13:00-14:00,grid_8123_22777,grid_8123_22776,1,0,1,0.19698886360074244,0.19698886360074244,0.15012691187513716,0.2222222222222222,-0.06961477530234372,0.472250138241,36.48756006382978,127.26059019148937,36.487639531914894,127.2570979148936
13,13:00-14:00,grid_8123_22777,grid_8125_22776,1,0,1,0.1575933519554196,0.1575933519554196,0.037568307174214735,0.2222222222222222,0.4861015401335709,0.68655241249256,36.488091363636364,127.26092845454545,36.49515945454545,127.25640936363635
13,13:00-14:00,grid_8127_22774,grid_8127_22775,1,0,1,0.1993598566495898,0.1993598566495898,0.15690117772898676,0.2222222222222222,-0.7943341633285104,0.21350046025869335,36.504867399999995,127.24336996,36.50473012,127.24935278000001
13,13:00-14:00,grid_8127_22774,grid_8127_22773,1,0,1,0.025695984399213768,0.025695984399213768,0.07341709828346792,0.0,-0.0990693504158513,0.46054160358361174,36.504366454545455,127.2439394090909,36.50526895454545,127.23864545454545
13,13:00-14:00,grid_8126_22776,grid_8126_22775,1,0,1,0.19569916307302365,0.19569916307302365,0.1464420532245121,0.2222222222222222,-0.08466970638521776,0.466261990130451,36.50014015217391,127.25566845652175,36.501294173913045,127.24891
13,13:00-14:00,grid_8126_22776,grid_8127_22775,1,0,1,0.17991020932446333,0.17991020932446333,0.10133075680005406,0.2222222222222222,0.6838893158803215,0.7529774694358853,36.50014783333334,127.25517463333334,36.50427283333333,127.25006373333333
13,13:00-14:00,grid_8126_22776,grid_8129_22774,2,0,2,0.0739026249719238,0.0739026249719238,0.004801150713433131,0.1111111111111111,1.9161800911859816,0.9723289117142535,36.501128,127.255584,36.512211,127.243578
13,13:00-14:00,grid_8121_22783,grid_8121_22782,1,0,1,0.2633317225950058,0.2633317225950058,0.13332873122382619,0.3333333333333333,1.7409706346679794,0.9591556369957231,36.47851559523809,127.29485395238096,36.47798023809524,127.28891983333332
13,13:00-14:00,grid_8126_22777,grid_8126_22776,1,0,1,0.0408715637504342,0.0408715637504342,0.11677589642981201,0.0,0.25970943982050865,0.6024560447412693,36.50123725,127.25933175,36.50064641666667,127.25502288888889
13,13:00-14:00,grid_8124_22777,grid_8125_22777,2,0,2,0.2545207262106079,0.2545207262106079,0.10815445583983212,0.3333333333333333,0.3645024895999558,0.6422585924730067,36.49060848571429,127.25930402857144,36.49539777142857,127.2598507142857
13,13:00-14:00,grid_8124_22777,grid_8122_22777,1,0,1,0.3172100946538963,0.3172100946538963,0.08091773075716416,0.4444444444444444,0.7594649089357128,0.7762127510938595,36.49050628,127.25974004,36.48307516,127.26089736
13,13:00-14:00,grid_8124_22775,grid_8123_22775,1,0,1,0.185410328197441,0.185410328197441,0.11704538215141878,0.2222222222222222,-0.6071651673176952,0.27187065302067137,36.49209276470589,127.24898182352942,36.48688882352941,127.24991061764706
13,13:00-14:00,grid_8121_22776,grid_8120_22776,1,0,1,0.1783731211784441,0.1783731211784441,0.09693907638285618,0.2222222222222222,-0.17484386361540596,0.4306011604944012,36.4783455483871,127.25482632258066,36.4745799032258,127.25479690322581
13,13:00-14:00,grid_8150_22781,grid_8151_22782,2,2,0,0.25008434396366597,0.25008434396366597,0.09547907799142658,0.3333333333333333,-0.2923119874056024,0.3850240471267176,36.60907006451613,127.28460616129033,36.61216464516129,127.289289
13,13:00-14:00,grid_8150_22781,grid_8150_22783,1,1,0,0.16943585140172815,0.16943585140172815,0.07140401987795346,0.2222222222222222,-0.21017910684098298,0.4167639428424645,36.60897528571429,127.28456471428572,36.609234904761905,127.29252033333333
13,13:00-14:00,grid_8149_22783,grid_8150_22781,1,1,0,0.2508047536617246,0.2508047536617246,0.0975373914144513,0.3333333333333333,-0.9689296764015337,0.16629013877231286,36.60376238709677,127.2933095483871,36.608797354838714,127.28486187096775
13,13:00-14:00,grid_8129_22771,grid_8128_22772,1,0,1,0.17439578139944673,0.17439578139944673,0.08557524844286374,0.2222222222222222,0.3274668266525063,0.6283425852336963,36.51323579310345,127.22882451724138,36.51074455172414,127.232733
13,13:00-14:00,grid_8129_22771,grid_8128_22774,1,0,1,0.013148907510975156,0.013148907510975156,0.037568307174214735,0.0,1.0429359414270187,0.8515110189318573,36.51514918181818,127.2287619090909,36.511224181818186,127.24238881818182
13,13:00-14:00,grid_8130_22774,grid_8130_22773,1,0,1,0.1039027942994194,0.1039027942994194,0.0905159202205634,0.1111111111111111,-0.00026947369995204695,0.499892495548934,36.518254551724134,127.24370755172414,36.5194415862069,127.23695396551724
13,13:00-14:00,grid_8130_22774,grid_8129_22777,1,0,1,0.16604568991777713,0.16604568991777713,0.061717844209522026,0.2222222222222222,0.6001143433703274,0.7257849829670298,36.51799857894737,127.24421505263157,36.51473647368421,127.25877342105262
13,13:00-14:00,grid_8122_22784,grid_8123_22784,1,0,1,0.1776531042068243,0.1776531042068243,0.0948818850353711,0.2222222222222222,0.649355989388043,0.7419458480408267,36.48310227586207,127.29883079310345,36.48666458620689,127.30078972413793
13,13:00-14:00,grid_8122_22784,grid_8122_22785,1,0,1,0.17642535296446998,0.17642535296446998,0.09137402434293014,0.2222222222222222,-0.755326244932579,0.22502662755417274,36.482514107142855,127.29988092857143,36.48214828571428,127.30526832142857
13,13:00-14:00,grid_8122_22784,grid_8121_22783,1,0,1,0.2286520918006186,0.2286520918006186,0.03424407181129124,0.3333333333333333,0.7045616218486757,0.7594584555062855,36.4821981,127.29958719999999,36.4787164,127.2951916
13,13:00-14:00,grid_8129_22776,grid_8128_22775,1,0,1,0.24864757518669223,0.24864757518669223,0.09137402434293014,0.3333333333333333,-0.26664349927883607,0.39487183009515814,36.514121714285714,127.25755103571429,36.51155767857143,127.2503525357143
13,13:00-14:00,grid_8128_22774,grid_8130_22773,1,0,1,0.10104763510807524,0.10104763510807524,0.08235832253100865,0.1111111111111111,-1.233594678483902,0.10867698848322743,36.511396423076924,127.24269026923078,36.51859488461538,127.23775669230768
13,13:00-14:00,grid_8128_22774,grid_8124_22774,1,0,1,0.07797178710955689,0.07797178710955689,0.01642732824952765,0.1111111111111111,0.6121380682281157,0.7297767936645624,36.5098622,127.2432332,36.492969,127.2447076
13,13:00-14:00,grid_8122_22775,grid_8122_22777,1,0,1,0.09741816469139722,0.09741816469139722,0.07198840705478575,0.1111111111111111,0.38262897562879955,0.6490025585720361,36.48329086363636,127.24967286363636,36.483281090909095,127.25961163636363
13,13:00-14:00,grid_8129_22775,grid_8128_22774,1,0,1,0.3851049740532252,0.3851049740532252,0.06855389412032582,0.5555555555555556,-0.6243363491976643,0.2662033584955028,36.51258528571428,127.24879376190476,36.510720142857146,127.2430921904762
13,13:00-14:00,grid_8128_22773,grid_8127_22773,1,0,1,0.23995914431271298,0.23995914431271298,0.0665499361315609,0.3333333333333333,-1.2738374526394534,0.10136051445214644,36.510082,127.23988015,36.505339750000005,127.23888409999999
13,13:00-14:00,grid_8126_22789,grid_8127_22790,1,0,1,0.23777332020474504,0.23777332020474504,0.06030472439450962,0.3333333333333333,1.4452072172550527,0.9258001551111749,36.5016872631579,127.32848231578947,36.50327405263158,127.33460926315789
13,13:00-14:00,grid_8127_22777,grid_8126_22776,1,0,1,0.09213989778884801,0.09213989778884801,0.05690764447607371,0.1111111111111111,0.1858447479929598,0.5737167440332769,36.50584938888889,127.26144772222223,36.499839111111115,127.25576555555556
13,13:00-14:00,grid_8126_22774,grid_8128_22774,1,0,1,0.08711382917726283,0.08711382917726283,0.04254744844297318,0.1111111111111111,0.5436938160929878,0.7066739057252884,36.50142533333334,127.24335873333332,36.50989513333333,127.2436258
13,13:00-14:00,grid_8126_22774,grid_8127_22777,1,0,1,0.0872228712292052,0.0872228712292052,0.04285899716280853,0.1111111111111111,-0.0781746717908119,0.4688445546645587,36.501679461538465,127.24362592307692,36.50547407692308,127.26138746153846
13,13:00-14:00,grid_8126_22774,grid_8127_22772,1,0,1,0.08653835173935384,0.08653835173935384,0.040903227191804656,0.1111111111111111,-0.034500724573887816,0.4862389322836075,36.50162925,127.24412775,36.50525808333333,127.2344605
13,13:00-14:00,grid_8149_22784,grid_8150_22782,1,1,0,0.37261474272544554,0.37261474272544554,0.032867518898098205,0.5555555555555556,1.1818324818004107,0.8813639116816929,36.60435908333333,127.29890783333333,36.6085145,127.28859891666667
13,13:00-14:00,grid_8133_22778,grid_8133_22776,1,0,1,0.1566273111006641,0.1566273111006641,0.03480819044634191,0.2222222222222222,-0.5258961343173575,0.29948018747899185,36.53314445454546,127.26486209090909,36.53039372727273,127.25548463636363
13,13:00-14:00,grid_8133_22778,grid_8128_22775,1,0,1,0.0739026249719238,0.0739026249719238,0.004801150713433131,0.1111111111111111,0.17953037202020505,0.5712393643484648,36.530502,127.265372,36.508541,127.24938
13,13:00-14:00,grid_8152_22781,grid_8153_22782,1,1,0,0.08256764271182544,0.08256764271182544,0.02955834425600923,0.1111111111111111,0.760967153847671,0.7766616569073264,36.618240666666665,127.28578833333333,36.62116555555556,127.28982400000001
13,13:00-14:00,grid_8126_22773,grid_8126_22775,1,0,1,0.15363536456874502,0.15363536456874502,0.026259771783715975,0.2222222222222222,-0.4103878398907102,0.3407607325255143,36.501416125,127.23855499999999,36.502067249999996,127.24833075
13,13:00-14:00,grid_8126_22773,grid_8125_22774,1,0,1,0.005082394811516917,0.005082394811516917,0.014521128032905476,0.0,-0.8172324743528752,0.20689779377856155,36.50016,127.237963,36.497037,127.24358075
13,13:00-14:00,grid_8127_22778,grid_8126_22777,1,0,1,0.08073951837880755,0.08073951837880755,0.02433513187595811,0.1111111111111111,0.035342724767113365,0.5140967724207925,36.50514757142857,127.26572828571429,36.501279714285715,127.26031385714285
13,13:00-14:00,grid_8153_22782,grid_8152_22781,2,2,0,0.15296174060102977,0.15296174060102977,0.02433513187595811,0.2222222222222222,1.027147054229749,0.8478243876587979,36.620707571428575,127.28983114285714,36.61835828571429,127.28578214285713
13,13:00-14:00,grid_8127_22772,grid_8129_22773,1,0,1,0.008517296156585339,0.008517296156585339,0.02433513187595811,0.0,-0.9106550260810482,0.18123858382675745,36.50538314285714,127.23426842857143,36.51401128571428,127.24009542857142
13,13:00-14:00,grid_8127_22772,grid_8131_22772,1,0,1,0.07844591190383375,0.07844591190383375,0.01778197051889012,0.1111111111111111,0.9568890269810819,0.8306883648614207,36.5053442,127.23370460000001,36.5220146,127.23375759999999
13,13:00-14:00,grid_8120_22781,grid_8119_22780,1,0,1,0.07911522637711008,0.07911522637711008,0.01969429758539388,0.1111111111111111,-0.8162219808815484,0.20718659361666997,36.4745915,127.28263066666666,36.469707166666666,127.27660150000001
13,13:00-14:00,grid_8131_22775,grid_8129_22774,1,0,1,0.07844591190383375,0.07844591190383375,0.01778197051889012,0.1111111111111111,-0.7104124589439933,0.23872419967973635,36.521428,127.24777020000002,36.5122112,127.24320659999998
13,13:00-14:00,grid_8123_22788,grid_8122_22786,1,0,1,0.15066813412605598,0.15066813412605598,0.01778197051889012,0.2222222222222222,-0.012661998418824982,0.494948728451914,36.4864394,127.320743,36.4818644,127.3096214
13,13:00-14:00,grid_8125_22773,grid_8126_22774,1,0,1,0.005082394811516917,0.005082394811516917,0.014521128032905476,0.0,1.1283834050214687,0.8704209834243206,36.4962015,127.23944325,36.49913525,127.24432825
13,13:00-14:00,grid_8148_22784,grid_8150_22782,1,1,0,0.22061142317001406,0.22061142317001406,0.011270732866706799,0.3333333333333333,0.540572488567586,0.7055988576272172,36.59949475,127.30119975,36.60871375,127.28913775000001
13,13:00-14:00,grid_8125_22774,grid_8125_22773,1,0,1,0.07730461703373913,0.07730461703373913,0.014521128032905476,0.1111111111111111,-0.9756496404596257,0.16461905801022353,36.496013500000004,127.24417075,36.495023,127.23995975
13,13:00-14:00,grid_8130_22771,grid_8129_22771,2,0,2,0.0750329852641712,0.0750329852641712,0.008030751548425648,0.1111111111111111,0.6615095654409413,0.7458572088448016,36.5169195,127.228955,36.5156415,127.2281815
13,13:00-14:00,grid_8130_22771,grid_8128_22773,1,0,1,0.0739026249719238,0.0739026249719238,0.004801150713433131,0.1111111111111111,0.5763104844413596,0.7177973312671797,36.517369,127.229673,36.510687,127.239794
13,13:00-14:00,grid_8126_22772,grid_8128_22771,1,0,1,0.14678562521185284,0.14678562521185284,0.006689087906881144,0.2222222222222222,-0.9183358075061545,0.17922154315997585,36.502753,127.2327545,36.510732000000004,127.2298095
13,13:00-14:00,grid_8124_22774,grid_8122_22776,1,0,1,0.0739026249719238,0.0739026249719238,0.004801150713433131,0.1111111111111111,-0.1869706359361882,0.4258418280277054,36.492985,127.243228,36.481162,127.253427
13,13:00-14:00,grid_8124_22774,grid_8124_22779,1,0,1,0.0016804027497015956,0.0016804027497015956,0.004801150713433131,0.0,-0.040389980862547525,0.48389110892309,36.489612,127.24377,36.491345,127.269552
13,13:00-14:00,grid_8149_22782,grid_8145_22783,1,1,0,0.0739026249719238,0.0739026249719238,0.004801150713433131,0.1111111111111111,1.3373722726697392,0.9094494247524494,36.603198,127.290183,36.587376,127.294388
13,13:00-14:00,grid_8117_22769,grid_8116_22768,1,0,1,0.0739026249719238,0.0739026249719238,0.004801150713433131,0.1111111111111111,0.6870278715673935,0.7539674175266275,36.459914,127.213252,36.454832,127.211379
14,14:00-15:00,grid_8123_22776,grid_8123_22775,1,0,1,1.1998697721226854,1.1998697721226854,0.7456596663822758,1.4444444444444444,0.2164422677059631,0.5856784889279814,36.4874826302521,127.25658496218487,36.48677772268908,127.24978823529412
14,14:00-15:00,grid_8123_22776,grid_8121_22775,1,0,1,0.2873256316082981,0.2873256316082981,0.2018827569760898,0.3333333333333333,0.6337080007936061,0.7368642987310549,36.487640901639345,127.25665386885247,36.478365049180326,127.25040206557377
14,14:00-15:00,grid_8123_22776,grid_8124_22777,2,0,2,0.2779816660540576,0.2779816660540576,0.1751857125354026,0.3333333333333333,2.4741133301954528,0.9933216340429568,36.48781001818182,127.25706921818183,36.49024641818182,127.25998429090909
14,14:00-15:00,grid_8123_22776,grid_8124_22774,1,0,1,0.1802834992680738,0.1802834992680738,0.1023972994960839,0.2222222222222222,0.7977479799014962,0.7874916227372866,36.48792059375,127.25644284375,36.491384625,127.2451521875
14,14:00-15:00,grid_8123_22776,grid_8125_22776,1,0,1,0.1692994103501176,0.1692994103501176,0.0710141883019234,0.2222222222222222,0.04883775069398599,0.5194757013240487,36.48814390909091,127.25660781818182,36.49558518181818,127.2561571818182
14,14:00-15:00,grid_8129_22777,grid_8129_22777,1,0,1,0.998514229593908,0.998514229593908,0.5830565289984673,1.2222222222222223,0.5257633345649722,0.7004736736684413,36.514462615,127.26023842000001,36.51439415,127.26052846500001
14,14:00-15:00,grid_8129_22777,grid_8128_22778,1,0,1,0.3337848456950227,0.3337848456950227,0.33462336865244585,0.3333333333333333,2.067160489230389,0.980640483072287,36.51409285981308,127.25992173831776,36.50993799065421,127.26573695327103
14,14:00-15:00,grid_8129_22777,grid_8128_22777,1,0,1,0.22110569161957816,0.22110569161957816,0.21903213478609634,0.2222222222222222,-0.22177091777924596,0.41224610998999756,36.51432083333333,127.25933243939394,36.50945165151516,127.26097834848485
14,14:00-15:00,grid_8123_22775,grid_8124_22776,2,0,2,0.6085443944239235,0.6085443944239235,0.5006030316874003,0.6666666666666666,1.7491735841394938,0.9598694906160607,36.48684029677419,127.24985213548388,36.49064255483871,127.25561443225806
14,14:00-15:00,grid_8123_22775,grid_8123_22775,1,0,1,0.5917098133610671,0.5917098133610671,0.452504228650668,0.6666666666666666,1.379009338058348,0.9160540626040329,36.486928618705036,127.2492119352518,36.48672185611511,127.24928810791367
14,14:00-15:00,grid_8123_22775,grid_8124_22775,1,0,1,0.4836437709857626,0.4836437709857626,0.14374410757836928,0.6666666666666666,0.4047751663065268,0.6571786076963844,36.486969,127.24983782222222,36.49229793333333,127.24919037777778
14,14:00-15:00,grid_8123_22775,grid_8120_22776,1,0,1,0.10049703368267134,0.10049703368267134,0.08078517560128322,0.1111111111111111,0.8086914338929427,0.7906536716762622,36.48633579166667,127.25049458333332,36.474610375,127.2538425
14,14:00-15:00,grid_8123_22775,grid_8123_22774,1,0,1,0.025854806718177942,0.025854806718177942,0.07387087633765127,0.0,1.2386356774024272,0.8922597753443655,36.486467272727275,127.24928527272728,36.4879265,127.24554922727272
14,14:00-15:00,grid_8123_22775,grid_8127_22773,1,0,1,0.005232502908779382,0.005232502908779382,0.014950008310798233,0.0,0.18615286011368248,0.5738375550440914,36.4868175,127.24949225,36.50501025,127.23735975
14,14:00-15:00,grid_8124_22776,grid_8123_22775,1,0,1,0.5144928109694245,0.5144928109694245,0.4382334281666096,0.5555555555555556,0.8999386919586239,0.8159235610376744,36.49082116788321,127.25572233576642,36.48714151824817,127.24963825547447
14,14:00-15:00,grid_8124_22776,grid_8125_22775,1,0,1,0.7834296908785798,0.7834296908785798,0.3812276882245138,1.0,0.8860551735940297,0.8122061016062179,36.491381146551724,127.2563919913793,36.49579745689655,127.24914803448276
14,14:00-15:00,grid_8124_22776,grid_8124_22775,2,0,2,0.4812614916820471,0.4812614916820471,0.3432868016312457,0.5555555555555556,1.095678943880562,0.8633903497640585,36.491389330097086,127.25589008737865,36.49212699029126,127.24963600970875
14,14:00-15:00,grid_8124_22776,grid_8124_22776,1,0,1,0.3869445110499018,0.3869445110499018,0.2801589204600369,0.4444444444444444,0.284445295921244,0.611965424627305,36.49175751685393,127.25548176404494,36.491559955056175,127.2559599213483
14,14:00-15:00,grid_8124_22776,grid_8124_22774,2,0,2,0.23858204182164622,0.23858204182164622,0.2689645639348623,0.2222222222222222,1.192642498662594,0.8834952928879445,36.49125764705882,127.25596667058824,36.49161262352941,127.2450170117647
14,14:00-15:00,grid_8124_22776,grid_8125_22776,1,0,1,0.08123383449020297,0.08123383449020297,0.2320966699720085,0.0,2.1295805980610827,0.9833968728665509,36.49128760810811,127.25652095945945,36.495107567567565,127.25612447297297
14,14:00-15:00,grid_8124_22776,grid_8125_22774,2,0,2,0.05530753743431093,0.05530753743431093,0.15802153552660267,0.0,2.5852229026522475,0.9951341969609607,36.491784145833336,127.25589672916668,36.496234083333334,127.24379649999999
14,14:00-15:00,grid_8124_22776,grid_8126_22776,1,0,1,0.27045540815248864,0.27045540815248864,0.1536821185309199,0.3333333333333333,0.5174089829169304,0.6975646548518575,36.49158761702128,127.25640768085107,36.49939061702128,127.25534914893616
14,14:00-15:00,grid_8124_22776,grid_8120_22776,1,0,1,0.2394165846974044,0.2394165846974044,0.06499976580210777,0.3333333333333333,1.199017790597651,0.8847394859929161,36.490433894736846,127.2565157368421,36.474906473684214,127.25450905263159
14,14:00-15:00,grid_8128_22778,grid_8129_22777,2,0,2,0.49147569700495486,0.49147569700495486,0.37247024541098195,0.5555555555555556,1.0013950135875498,0.8416820630719867,36.51007996581196,127.26617884615385,36.51404345299146,127.25967005982905
14,14:00-15:00,grid_8133_22777,grid_8132_22778,1,0,1,0.9255653054198947,0.9255653054198947,0.3746310313584291,1.2222222222222223,1.336234322232772,0.9092636520229471,36.53074722413793,127.25917694827587,36.529259353448275,127.26429103448275
14,14:00-15:00,grid_8132_22778,grid_8133_22777,2,0,2,0.776254034289785,0.776254034289785,0.3607258122565286,1.0,0.5276835035666712,0.7011404876098305,36.529149587719296,127.2642854736842,36.530680614035084,127.25919527192983
14,14:00-15:00,grid_8132_22778,grid_8132_22776,1,0,1,0.027977388974791975,0.027977388974791975,0.07993539707083422,0.0,0.9113241749219944,0.8189377038090906,36.52927496,127.264307,36.52978648,127.25500316
14,14:00-15:00,grid_8132_22778,grid_8131_22779,1,0,1,0.15196417190451897,0.15196417190451897,0.02148493560021293,0.2222222222222222,2.5611415390171564,0.9947835578776144,36.528794166666664,127.26469316666667,36.52455883333334,127.27167716666668
14,14:00-15:00,grid_8132_22778,grid_8128_22774,1,0,1,0.07405129490564237,0.07405129490564237,0.005225921952629011,0.1111111111111111,2.504039421789594,0.9938607823724566,36.529092,127.264551,36.511098,127.241279
14,14:00-15:00,grid_8125_22776,grid_8125_22775,1,0,1,0.16160216124417515,0.16160216124417515,0.25537125434843694,0.1111111111111111,0.900964135462869,0.8161963055676258,36.4948034047619,127.25588263095237,36.49571840476191,127.2494781547619
14,14:00-15:00,grid_8125_22776,grid_8124_22776,1,0,1,0.2916265540709714,0.2916265540709714,0.21417110686944205,0.3333333333333333,-0.5863179538787953,0.27883093406132026,36.49559055384615,127.25614199999998,36.49140515384615,127.25632766153848
14,14:00-15:00,grid_8125_22776,grid_8123_22776,1,0,1,0.10120778036662333,0.10120778036662333,0.08281588041257462,0.1111111111111111,-0.04365492646020058,0.4825897342059977,36.49590648,127.25612564,36.4876218,127.2567622
14,14:00-15:00,grid_8125_22776,grid_8126_22777,1,0,1,0.09258748089424422,0.09258748089424422,0.058186453348634315,0.1111111111111111,-0.7248473428683617,0.23427284402863274,36.495571647058824,127.256508,36.500899705882354,127.25971470588235
14,14:00-15:00,grid_8126_22775,grid_8126_22777,1,0,1,0.09212539558162135,0.09212539558162135,0.2632154159474896,0.0,-0.16627625489023246,0.43396977588117014,36.5017021,127.2496940125,36.501271100000004,127.25955583750002
14,14:00-15:00,grid_8126_22775,grid_8124_22776,1,0,1,0.27325354691221976,0.27325354691221976,0.16167680070158025,0.3333333333333333,0.5500891609003694,0.7088708896447855,36.501811339285716,127.24881091071428,36.49180080357143,127.25633351785714
14,14:00-15:00,grid_8126_22775,grid_8123_22776,1,0,1,0.09328336619106284,0.09328336619106284,0.06017469705383036,0.1111111111111111,1.5259521628633146,0.9364891107810104,36.50149922222222,127.24872455555555,36.48736927777778,127.25694138888889
14,14:00-15:00,grid_8127_22775,grid_8128_22774,1,0,1,0.44268652927038743,0.44268652927038743,0.23307262331221795,0.5555555555555556,1.5794046688214074,0.9428783664181939,36.50464614473684,127.24919076315788,36.51077548684211,127.24330671052631
14,14:00-15:00,grid_8122_22775,grid_8123_22775,1,0,1,0.22824320086944344,0.22824320086944344,0.23942501835714003,0.2222222222222222,0.922726322053564,0.8219250774919679,36.483427569444444,127.24996948611111,36.48656019444444,127.24952426388889
14,14:00-15:00,grid_8122_22775,grid_8124_22776,1,0,1,0.7094515030628193,0.7094515030628193,0.1698614373223409,1.0,1.6691262058241634,0.9524538146086481,36.483750642857146,127.25034023214286,36.490678732142854,127.25632755357142
14,14:00-15:00,grid_8128_22774,grid_8127_22773,2,0,2,0.2221405079582769,0.2221405079582769,0.2219887528966642,0.2222222222222222,0.8064875837835235,0.790019117829424,36.510773621212124,127.2420207878788,36.505009242424244,127.23879434848483
14,14:00-15:00,grid_8128_22774,grid_8127_22774,1,0,1,0.3306604157009324,0.3306604157009324,0.1193472194629816,0.4444444444444444,0.46081813465895727,0.6775354550588233,36.510669756756755,127.24368137837838,36.505026216216216,127.2435651081081
14,14:00-15:00,grid_8128_22774,grid_8126_22775,1,0,1,0.24860073208528713,0.24860073208528713,0.09124018691034415,0.3333333333333333,1.8523384404589294,0.9680113804770153,36.5108595862069,127.24278451724138,36.502057896551726,127.24898579310346
14,14:00-15:00,grid_8128_22774,grid_8128_22773,1,0,1,0.17464812626850515,0.17464812626850515,0.08629623378303065,0.2222222222222222,0.7110956785442621,0.7614875261358778,36.51117276923077,127.2427295,36.50917384615384,127.2396883076923
14,14:00-15:00,grid_8126_22777,grid_8126_22775,1,0,1,0.6482074233505488,0.6482074233505488,0.20122755877934587,0.8888888888888888,-1.309381910519464,0.09520250795962942,36.501222578125,127.259533953125,36.501455765624996,127.249646265625
14,14:00-15:00,grid_8126_22777,grid_8129_22777,1,0,1,0.15842948492832715,0.15842948492832715,0.03995725852537915,0.2222222222222222,1.855276773455754,0.9682216433897732,36.50079075,127.25942008333334,36.51358666666667,127.25961333333333
14,14:00-15:00,grid_8129_22775,grid_8129_22774,1,0,1,0.21039431553541202,0.21039431553541202,0.18842820311705027,0.2222222222222222,0.5436267324447305,0.706650819906081,36.51270058064516,127.24882187096775,36.51365880645161,127.2444438548387
14,14:00-15:00,grid_8129_22775,grid_8128_22776,1,0,1,0.0763166058958013,0.0763166058958013,0.01169823906736881,0.1111111111111111,2.335309709200354,0.9902363763349673,36.512681,127.24958933333333,36.508024666666664,127.25762300000001
14,14:00-15:00,grid_8129_22774,grid_8129_22775,1,0,1,0.42940999517261286,0.42940999517261286,0.19513966874714767,0.5555555555555556,0.11859263267483539,0.5472009487831945,36.51382416129032,127.24414732258064,36.5126719516129,127.24859159677419
14,14:00-15:00,grid_8129_22774,grid_8129_22777,2,0,2,0.4814415636287079,0.4814415636287079,0.13745208655821295,0.6666666666666666,-1.093507406908985,0.13708553935006373,36.51304628571428,127.24373697619046,36.51381921428571,127.25956714285715
14,14:00-15:00,grid_8129_22774,grid_8127_22773,1,0,1,0.10559288022391769,0.10559288022391769,0.09534473714770135,0.1111111111111111,-1.1278497549754811,0.12969168827119038,36.5125851,127.24280426666668,36.505377599999996,127.23834616666666
14,14:00-15:00,grid_8124_22774,grid_8123_22775,2,0,2,0.13590591706935207,0.13590591706935207,0.18195341384894248,0.1111111111111111,1.1661666082709137,0.8782264548204342,36.49153754098361,127.24444829508197,36.4871737704918,127.24960018032786
14,14:00-15:00,grid_8124_22774,grid_8124_22777,2,0,2,0.22648834536015358,0.22648834536015358,0.0280619391242483,0.3333333333333333,2.4795762203785707,0.9934230693369406,36.492134375,127.245316375,36.49076575,127.258979625
14,14:00-15:00,grid_8130_22777,grid_8129_22777,1,0,1,0.5654538433223714,0.5654538433223714,0.17113796504804532,0.7777777777777778,0.2921379557402631,0.6149094263299418,36.51740046551724,127.26197729310344,36.5148275,127.25918701724139
14,14:00-15:00,grid_8130_22777,grid_8130_22776,1,0,1,0.459894339749268,0.459894339749268,0.0758885897598134,0.6666666666666666,1.4157247597877736,0.9215719469194015,36.517613652173914,127.26184995652173,36.5184127826087,127.25638513043478
14,14:00-15:00,grid_8130_22773,grid_8130_22773,1,0,1,0.2827408377595647,0.2827408377595647,0.18878334597970875,0.3333333333333333,1.4031069543922479,0.9197075261517556,36.518902741379314,127.23769250000001,36.51877653448276,127.23823943103449
14,14:00-15:00,grid_8130_22773,grid_8130_22772,2,0,2,0.25822462189994105,0.25822462189994105,0.11873701495221248,0.3333333333333333,1.8908492954103728,0.9706777677061051,36.51824847222222,127.23865269444445,36.519001055555556,127.23401158333334
14,14:00-15:00,grid_8130_22773,grid_8130_22775,1,0,1,0.08089107855173676,0.08089107855173676,0.024768160941470118,0.1111111111111111,0.7017564769783982,0.7585844772994004,36.51964257142857,127.23797085714286,36.51928,127.24952914285714
14,14:00-15:00,grid_8130_22773,grid_8127_22773,1,0,1,0.005232502908779382,0.005232502908779382,0.014950008310798233,0.0,1.0818362468549754,0.8603373513349454,36.51907625,127.23670325,36.50617525,127.237488
14,14:00-15:00,grid_8122_22777,grid_8123_22777,1,0,1,0.35307800183964383,0.35307800183964383,0.1833974655735856,0.4444444444444444,-0.1500194612154565,0.4403746305937114,36.482674214285716,127.26116039285715,36.48746130357143,127.26090544642857
14,14:00-15:00,grid_8122_22777,grid_8124_22776,1,0,1,0.2678721786070195,0.2678721786070195,0.1463014626867223,0.3333333333333333,1.6107398013596825,0.9463817766162784,36.48308409090909,127.26047547727272,36.490590840909086,127.25660027272728
14,14:00-15:00,grid_8122_22777,grid_8124_22777,3,0,3,0.17874492258636698,0.17874492258636698,0.09800136611977872,0.2222222222222222,0.2926836654011544,0.6151180217302613,36.48298587096774,127.26118806451613,36.49041803225806,127.25968029032258
14,14:00-15:00,grid_8121_22776,grid_8121_22776,2,0,2,0.2705549553079038,0.2705549553079038,0.1539665389749632,0.3333333333333333,-0.7521492829565537,0.22598064469866674,36.478213839999995,127.25481359999999,36.47880568,127.2545302
14,14:00-15:00,grid_8121_22776,grid_8123_22775,2,0,2,0.1697989978440615,0.1697989978440615,0.07244158114176305,0.2222222222222222,-0.034335436521772206,0.4863048336308958,36.47961739130435,127.25381165217392,36.48654304347826,127.24939147826086
14,14:00-15:00,grid_8123_22777,grid_8123_22776,1,0,1,0.1971590358697879,0.1971590358697879,0.1506131183581242,0.2222222222222222,0.041298217516012994,0.5164709229620613,36.48756006382978,127.26059019148937,36.487639531914894,127.2570979148936
14,14:00-15:00,grid_8123_22777,grid_8121_22776,1,0,1,0.009821678693486904,0.009821678693486904,0.0280619391242483,0.0,0.7282548462092835,0.7667712012480039,36.487250125,127.260633875,36.479659375,127.25298175
14,14:00-15:00,grid_8129_22771,grid_8127_22772,2,0,2,0.18140801333851436,0.18140801333851436,0.10561019684019983,0.2222222222222222,1.426076377226173,0.9230768516363295,36.51367369444444,127.22886375,36.505741916666665,127.23336855555554
14,14:00-15:00,grid_8129_22771,grid_8128_22772,1,0,1,0.030111958188485083,0.030111958188485083,0.08603416625281453,0.0,1.7726397824446418,0.9618557923963708,36.51323579310345,127.22882451724138,36.51074455172414,127.232733
14,14:00-15:00,grid_8129_22771,grid_8128_22774,1,0,1,0.22996909232533358,0.22996909232533358,0.038006930453334024,0.3333333333333333,0.23051468737543046,0.591154074055422,36.51514918181818,127.2287619090909,36.511224181818186,127.24238881818182
14,14:00-15:00,grid_8149_22782,grid_8150_22781,2,2,0,0.4720804082799188,0.4720804082799188,0.1107059284188157,0.6666666666666666,0.8492772397210164,0.8021364787321871,36.60415580555556,127.28966574999998,36.60889366666667,127.28453672222223
14,14:00-15:00,grid_8127_22773,grid_8127_22775,2,0,2,0.3971606181934372,0.3971606181934372,0.10299859166378868,0.5555555555555556,-0.20752847349015438,0.41779857902011563,36.50523972727273,127.23911315151514,36.50443666666667,127.24960433333332
14,14:00-15:00,grid_8127_22773,grid_8126_22777,1,0,1,0.07974194968229674,0.07974194968229674,0.02148493560021293,0.1111111111111111,0.6738639967686019,0.7498011082638532,36.504939666666665,127.23838599999999,36.50120666666667,127.25930483333333
14,14:00-15:00,grid_8151_22782,grid_8152_22782,1,1,0,0.10141449445045647,0.10141449445045647,0.0834064920806693,0.1111111111111111,1.6212950883020862,0.9475228160411091,36.612408699999996,127.28942323333334,36.617081766666665,127.28760063333333
14,14:00-15:00,grid_8150_22781,grid_8149_22783,1,1,0,0.2498283327659912,0.2498283327659912,0.09474761742664156,0.3333333333333333,0.336892599092504,0.6319010676949252,36.60935682142857,127.28479335714285,36.604057607142856,127.29296114285715
14,14:00-15:00,grid_8125_22775,grid_8123_22776,1,0,1,0.10242590404628293,0.10242590404628293,0.08629623378303065,0.1111111111111111,1.5952864107704054,0.9446758984856474,36.49547207692308,127.24896169230769,36.48785923076923,127.2562261923077
14,14:00-15:00,grid_8125_22775,grid_8127_22777,1,0,1,0.08271997570894757,0.08271997570894757,0.029993581390643852,0.1111111111111111,-0.26588074560724645,0.3951655271535766,36.49556211111111,127.249415,36.505159444444445,127.26027522222222
14,14:00-15:00,grid_8129_22776,grid_8129_22777,1,0,1,0.10090979904902969,0.10090979904902969,0.08196450521944995,0.1111111111111111,-0.3171533092823562,0.3755636380929624,36.5137848076923,127.25670726923077,36.51408180769231,127.26014069230769
14,14:00-15:00,grid_8129_22776,grid_8132_22777,1,0,1,0.08089107855173676,0.08089107855173676,0.024768160941470118,0.1111111111111111,0.8509596838661961,0.8026041256668077,36.515437428571424,127.25751585714285,36.52715,127.26217871428571
14,14:00-15:00,grid_8129_22776,grid_8126_22775,1,0,1,0.07974194968229674,0.07974194968229674,0.02148493560021293,0.1111111111111111,2.025166851130316,0.9785748828676719,36.513292666666665,127.25692233333332,36.50215433333333,127.24938366666667
14,14:00-15:00,grid_8121_22782,grid_8123_22784,1,0,1,0.17343000258884556,0.17343000258884556,0.08281588041257462,0.2222222222222222,1.4668254448371658,0.9287882269978599,36.478450280000004,127.28899944000001,36.48561884,127.3003288
14,14:00-15:00,grid_8121_22782,grid_8123_22783,1,0,1,0.026355726748732756,0.026355726748732756,0.07530207642495074,0.0,0.8182369330301875,0.7933890450473711,36.47810477272728,127.28914327272727,36.48584231818182,127.29628531818183
14,14:00-15:00,grid_8129_22778,grid_8128_22778,1,0,1,0.09728164921930715,0.09728164921930715,0.07159836284881411,0.1111111111111111,0.8558420480448661,0.8039574232162731,36.51433192,127.26546308,36.50980964,127.2667852
14,14:00-15:00,grid_8127_22772,grid_8126_22775,1,0,1,0.16640555328466133,0.16640555328466133,0.06274602525776254,0.2222222222222222,0.4155808904879197,0.6611416437955525,36.50534595833333,127.23461845833333,36.501881,127.24854891666666
14,14:00-15:00,grid_8128_22777,grid_8128_22775,1,0,1,0.09857794897095497,0.09857794897095497,0.07530207642495074,0.1111111111111111,0.37599138045229497,0.6465383479659418,36.508947772727275,127.26065163636363,36.510602636363636,127.2503200909091
14,14:00-15:00,grid_8128_22777,grid_8127_22779,1,0,1,0.16077306417313705,0.16077306417313705,0.04665319922483605,0.2222222222222222,0.08243678044178782,0.5328503054959622,36.508089,127.26221935714285,36.50557521428571,127.27153185714285
14,14:00-15:00,grid_8128_22777,grid_8129_22773,1,0,1,0.07405129490564237,0.07405129490564237,0.005225921952629011,0.1111111111111111,-0.4181877898227677,0.33790491119020505,36.508366,127.26124,36.515194,127.239536
14,14:00-15:00,grid_8127_22777,grid_8127_22778,1,0,1,0.024854965905673185,0.024854965905673185,0.0710141883019234,0.0,0.5300803024048102,0.7019718722643935,36.50466972727273,127.26171754545454,36.506189545454546,127.26718427272726
14,14:00-15:00,grid_8127_22777,grid_8127_22774,1,0,1,0.09617022153069404,0.09617022153069404,0.06842285516706238,0.1111111111111111,-0.43241175812623467,0.33272108690382757,36.50451795,127.26133005,36.50482135,127.24419765
14,14:00-15:00,grid_8128_22773,grid_8127_22772,1,0,1,0.024151965703541788,0.024151965703541788,0.06900561629583368,0.0,0.1187214997725578,0.547251998670624,36.509730857142856,127.24009580952381,36.50518385714286,127.23471385714286
14,14:00-15:00,grid_8130_22774,grid_8129_22777,1,0,1,0.16620278122028448,0.16620278122028448,0.06216667650240012,0.2222222222222222,0.3789864770116078,0.6476510470509269,36.51799857894737,127.24421505263157,36.51473647368421,127.25877342105262
14,14:00-15:00,grid_8130_22774,grid_8129_22776,1,0,1,0.0029599108259782503,0.0029599108259782503,0.008456888074223573,0.0,0.13665089181439222,0.5543466260351386,36.518333999999996,127.2450315,36.5161225,127.257808
14,14:00-15:00,grid_8151_22781,grid_8149_22783,1,1,0,0.16669824168557099,0.16669824168557099,0.06358227783179017,0.2222222222222222,-1.4692097639650639,0.07088795139186727,36.61206515789473,127.28474999999999,36.6046232631579,127.29271268421053
14,14:00-15:00,grid_8119_22780,grid_8120_22780,1,0,1,0.1650117153395835,0.1650117153395835,0.0587636311289688,0.2222222222222222,-0.7899064769676623,0.21479119425137883,36.46982077777778,127.276724,36.47286366666666,127.27790644444445
14,14:00-15:00,grid_8127_22779,grid_8129_22777,1,0,1,0.30945615978402796,0.30945615978402796,0.0587636311289688,0.4444444444444444,1.086639946807413,0.8614020182077056,36.50572361111111,127.2716145,36.51430472222222,127.25937044444443
14,14:00-15:00,grid_8119_22781,grid_8121_22782,1,0,1,0.3075761773937342,0.3075761773937342,0.05339225287098676,0.4444444444444444,0.38566516315462196,0.6501276668509394,36.46983029411765,127.28136029411765,36.47851994117647,127.28771217647058
14,14:00-15:00,grid_8127_22774,grid_8127_22774,1,0,1,0.01750606186768441,0.01750606186768441,0.050017319621955464,0.0,1.0480115411827007,0.8526833552269066,36.50514906666667,127.24337053333333,36.504756,127.24247426666666
14,14:00-15:00,grid_8127_22774,grid_8126_22773,1,0,1,0.08204390091570912,0.08204390091570912,0.0280619391242483,0.1111111111111111,0.8236286036873809,0.7949246909232801,36.504383625,127.24365850000001,36.50203275,127.238991375
14,14:00-15:00,grid_8125_22786,grid_8124_22785,1,0,1,0.08923914274129433,0.08923914274129433,0.04861977291163458,0.1111111111111111,-0.24210889230162985,0.40434789404495486,36.497014199999995,127.3109766,36.4926692,127.30368619999999
14,14:00-15:00,grid_8126_22774,grid_8126_22776,1,0,1,0.1591133823296192,0.1591133823296192,0.041911251100499355,0.2222222222222222,-0.29915341335151985,0.38241149661001433,36.500553153846155,127.24508769230769,36.499712,127.25552846153846
14,14:00-15:00,grid_8126_22774,grid_8129_22771,1,0,1,0.07518213304820047,0.07518213304820047,0.008456888074223573,0.1111111111111111,-0.17237153619970774,0.43157272402651625,36.500504500000005,127.243983,36.514007,127.22816
14,14:00-15:00,grid_8152_22782,grid_8149_22782,1,1,0,0.15842948492832715,0.15842948492832715,0.03995725852537915,0.2222222222222222,0.9283127619335725,0.8233773219769167,36.617800833333334,127.28880625,36.604508333333335,127.28989441666666
14,14:00-15:00,grid_8152_22782,grid_8150_22783,1,1,0,0.0843606736514723,0.0843606736514723,0.034681289797857395,0.1111111111111111,1.1855696160906042,0.8821038464103046,36.61701009090909,127.28741427272726,36.60834081818182,127.29382581818182
14,14:00-15:00,grid_8126_22772,grid_8127_22772,1,0,1,0.08620726270610492,0.08620726270610492,0.03995725852537915,0.1111111111111111,1.2481026894277867,0.8940032732394838,36.50080875,127.23333216666667,36.50516808333333,127.2341885
14,14:00-15:00,grid_8125_22773,grid_8124_22774,1,0,1,0.30219131454755577,0.30219131454755577,0.038006930453334024,0.4444444444444444,0.7267706443087731,0.7663167655194196,36.496190000000006,127.23850118181818,36.49223772727273,127.24463263636363
14,14:00-15:00,grid_8125_22773,grid_8126_22772,1,0,1,0.0018290726834201537,0.0018290726834201537,0.005225921952629011,0.0,0.4543224535695827,0.6752016213172929,36.496215,127.237856,36.499397,127.232461
14,14:00-15:00,grid_8126_22776,grid_8123_22777,1,0,1,0.22996909232533358,0.22996909232533358,0.038006930453334024,0.3333333333333333,0.22665636187122573,0.5896545189165315,36.50001954545455,127.25480827272727,36.48770890909091,127.26131090909092
14,14:00-15:00,grid_8128_22775,grid_8129_22771,1,0,1,0.0116564542354725,0.0116564542354725,0.03330415495849286,0.0,1.6466245640904376,0.9501823808799451,36.510853000000004,127.2491313,36.514209900000004,127.22920309999999
14,14:00-15:00,grid_8128_22775,grid_8127_22776,1,0,1,0.0763166058958013,0.0763166058958013,0.01169823906736881,0.1111111111111111,1.0814207586946825,0.8602450041265355,36.51170533333333,127.24972033333334,36.504682,127.25570799999998
14,14:00-15:00,grid_8126_22786,grid_8125_22786,1,0,1,0.15542265086795212,0.15542265086795212,0.03136630406716487,0.2222222222222222,2.218178998825095,0.9867286849593464,36.499734333333336,127.31224211111112,36.49763455555555,127.31058522222222
14,14:00-15:00,grid_8131_22772,grid_8129_22774,1,0,1,0.08320042864572992,0.08320042864572992,0.03136630406716487,0.1111111111111111,-0.25798085437420193,0.3982108416059874,36.52223588888889,127.23272655555554,36.512725,127.24234622222222
14,14:00-15:00,grid_8131_22772,grid_8128_22772,1,0,1,0.0774547251310016,0.0774547251310016,0.014950008310798233,0.1111111111111111,2.013623434145602,0.9779754579169904,36.52160075,127.23304175,36.51078575,127.2316325
14,14:00-15:00,grid_8129_22772,grid_8127_22772,1,0,1,0.15542265086795212,0.15542265086795212,0.03136630406716487,0.2222222222222222,0.45973827244855675,0.6771479526189641,36.51428766666666,127.23193344444445,36.50574255555556,127.23453622222223
14,14:00-15:00,grid_8133_22776,grid_8129_22777,1,0,1,0.15426612313793134,0.15426612313793134,0.0280619391242483,0.2222222222222222,0.0017215135351814626,0.5006867841962406,36.530872875,127.254107875,36.514954625,127.25905
14,14:00-15:00,grid_8147_22782,grid_8146_22782,1,1,0,0.08204390091570912,0.08204390091570912,0.0280619391242483,0.1111111111111111,1.610291324540775,0.946332863857154,36.59440825,127.28826725,36.59109,127.28967025
14,14:00-15:00,grid_8119_22779,grid_8119_22780,1,0,1,0.009342765066099051,0.009342765066099051,0.02669361447456872,0.0,0.05793588296603169,0.5231001496803385,36.469131125000004,127.273928375,36.46986225,127.27904525
14,14:00-15:00,grid_8123_22784,grid_8124_22784,2,0,2,0.08089107855173676,0.08089107855173676,0.024768160941470118,0.1111111111111111,0.09172325932270292,0.5365410414891421,36.487278571428575,127.30121714285714,36.48985342857143,127.30087057142858
14,14:00-15:00,grid_8123_22784,grid_8120_22780,1,0,1,0.0029599108259782503,0.0029599108259782503,0.008456888074223573,0.0,-0.4315467748792664,0.3330354248086086,36.487206,127.3001405,36.473796,127.277457
14,14:00-15:00,grid_8132_22776,grid_8133_22776,3,0,3,0.15196417190451897,0.15196417190451897,0.02148493560021293,0.2222222222222222,2.4890680616092897,0.9935960778016447,36.529093833333334,127.255971,36.530885500000004,127.2535975
14,14:00-15:00,grid_8123_22778,grid_8123_22778,1,0,1,0.22371054433869528,0.22371054433869528,0.020125364777224604,0.3333333333333333,2.8281772684730644,0.9976593061937515,36.488183,127.26562883333334,36.4872715,127.26513066666666
14,14:00-15:00,grid_8123_22778,grid_8122_22778,1,0,1,0.0774547251310016,0.0774547251310016,0.014950008310798233,0.1111111111111111,2.5935183870308514,0.9952500270364788,36.48766475,127.26469325,36.4830265,127.26498175
14,14:00-15:00,grid_8125_22778,grid_8126_22778,1,0,1,0.006374280251685581,0.006374280251685581,0.01821222929053023,0.0,0.590114677789194,0.7224431154546318,36.496446,127.26658083333332,36.50114216666666,127.26710833333334
14,14:00-15:00,grid_8126_22789,grid_8126_22787,1,0,1,0.07974194968229674,0.07974194968229674,0.02148493560021293,0.1111111111111111,0.08297215214326858,0.533063158693646,36.501511666666666,127.32852150000001,36.49930783333333,127.31718066666667
14,14:00-15:00,grid_8122_22784,grid_8124_22784,1,0,1,0.007519727460074526,0.007519727460074526,0.02148493560021293,0.0,-0.4061114710665059,0.34233034881071,36.4839005,127.30007083333334,36.489847,127.29906916666665
14,14:00-15:00,grid_8122_22784,grid_8120_22781,1,0,1,0.005232502908779382,0.005232502908779382,0.014950008310798233,0.0,-0.36319214833669733,0.3582306762417812,36.483050250000005,127.29817299999999,36.47321075,127.2840085
14,14:00-15:00,grid_8123_22785,grid_8123_22784,1,0,1,0.006374280251685581,0.006374280251685581,0.01821222929053023,0.0,-0.6403611980891434,0.26096890139659035,36.4859692,127.303767,36.4862072,127.300296
14,14:00-15:00,grid_8121_22777,grid_8120_22775,1,0,1,0.14987070555801157,0.14987070555801157,0.015503603181620381,0.2222222222222222,1.8495223543833577,0.9678087885217048,36.4789904,127.26032439999999,36.4745744,127.24893440000001
14,14:00-15:00,grid_8121_22784,grid_8121_22783,1,0,1,0.14967694735322382,0.14967694735322382,0.014950008310798233,0.2222222222222222,0.08982400997824432,0.5357864659460432,36.4780255,127.29779975,36.47771875,127.294974
14,14:00-15:00,grid_8126_22787,grid_8126_22787,1,0,1,0.0774547251310016,0.0774547251310016,0.014950008310798233,0.1111111111111111,-0.6143170001655173,0.2695029354019291,36.49929175,127.316341,36.498909499999996,127.314746
14,14:00-15:00,grid_8148_22782,grid_8146_22782,1,1,0,0.00362309293218038,0.00362309293218038,0.010351694091943944,0.0,1.3318747447756993,0.9085493243711169,36.59994866666667,127.29002200000001,36.59148266666667,127.28928466666667
14,14:00-15:00,grid_8121_22775,grid_8124_22774,1,0,1,0.0029599108259782503,0.0029599108259782503,0.008456888074223573,0.0,-0.8027692994461277,0.21105404495464902,36.476887500000004,127.2500065,36.4911015,127.243979
14,14:00-15:00,grid_8126_22773,grid_8124_22777,1,0,1,0.07518213304820047,0.07518213304820047,0.008456888074223573,0.1111111111111111,-0.23808443064486007,0.405907805062316,36.5025645,127.240485,36.4897955,127.25996749999999
14,14:00-15:00,grid_8125_22785,grid_8126_22786,1,0,1,0.07518213304820047,0.07518213304820047,0.008456888074223573,0.1111111111111111,0.8298891003818067,0.796699256018962,36.4963165,127.305048,36.500205,127.31110000000001
14,14:00-15:00,grid_8147_22780,grid_8146_22782,1,0,1,0.07405129490564237,0.07405129490564237,0.005225921952629011,0.1111111111111111,1.0098474824343293,0.8437158164144297,36.59496,127.279656,36.589101,127.289548
15,15:00-16:00,grid_8123_22775,grid_8123_22776,3,0,3,1.8126385694397082,1.8126385694397082,0.8456340079229755,2.3333333333333335,0.21413099587047055,0.5847775474368898,36.48683560392157,127.24977767450982,36.487664847058824,127.25658410980392
15,15:00-16:00,grid_8123_22775,grid_8124_22776,1,0,1,1.1191638237803792,1.1191638237803792,0.5150712425471153,1.4444444444444444,-0.547534037663988,0.2920059463132094,36.48684029677419,127.24985213548388,36.49064255483871,127.25561443225806
15,15:00-16:00,grid_8123_22775,grid_8123_22775,1,0,1,0.7410558193470006,0.7410558193470006,0.46650869019777974,0.8888888888888888,-1.340265652127814,0.09007949705376728,36.486928618705036,127.2492119352518,36.48672185611511,127.24928810791367
15,15:00-16:00,grid_8123_22775,grid_8124_22774,1,0,1,0.20882253293330608,0.20882253293330608,0.18393739568246184,0.2222222222222222,0.5721063214440191,0.7163750266122858,36.48668444444444,127.24944583333334,36.491627055555554,127.24473598148148
15,15:00-16:00,grid_8123_22775,grid_8124_22775,1,0,1,0.48750340321293956,0.48750340321293956,0.15477162822744633,0.6666666666666666,0.3346471926194631,0.6310543795748098,36.486969,127.24983782222222,36.49229793333333,127.24919037777778
15,15:00-16:00,grid_8123_22775,grid_8122_22776,1,0,1,0.3385783339005926,0.3385783339005926,0.1419698428905821,0.4444444444444444,-0.25745515076905845,0.3984137165474344,36.486683049999996,127.249752625,36.48270035,127.2545681
15,15:00-16:00,grid_8123_22775,grid_8121_22774,1,0,1,0.005221267089716748,0.005221267089716748,0.014917905970619282,0.0,-0.1509725919050944,0.43999866827129513,36.485094,127.249891,36.480232,127.24636
15,15:00-16:00,grid_8123_22776,grid_8123_22775,2,0,2,1.277982826272617,1.277982826272617,0.7624906147471595,1.5555555555555556,0.6753647833226557,0.750277982951508,36.4874826302521,127.25658496218487,36.48677772268908,127.24978823529412
15,15:00-16:00,grid_8123_22776,grid_8122_22777,1,0,1,0.613775297249465,0.613775297249465,0.3091992619825985,0.7777777777777778,0.4743886967068549,0.682388624019294,36.48803335227273,127.256990375,36.483354,127.26017020454546
15,15:00-16:00,grid_8123_22776,grid_8122_22776,1,0,1,0.28820437975885377,0.28820437975885377,0.20439346597767746,0.3333333333333333,0.21079226221934363,0.5834753116281197,36.487072603448276,127.25683496551724,36.48310244827586,127.25375925862069
15,15:00-16:00,grid_8123_22776,grid_8124_22777,1,0,1,0.20972517761701137,0.20972517761701137,0.18651638049304842,0.2222222222222222,0.2717450642968451,0.6070909758207079,36.48781001818182,127.25706921818183,36.49024641818182,127.25998429090909
15,15:00-16:00,grid_8123_22776,grid_8123_22778,1,0,1,0.26221549696208074,0.26221549696208074,0.13013951512975444,0.3333333333333333,1.7949403970519107,0.9636684016328427,36.48744967567568,127.25739054054053,36.48824354054054,127.26518681081082
15,15:00-16:00,grid_8123_22776,grid_8127_22775,1,0,1,0.08270857335275128,0.08270857335275128,0.029961003230083043,0.1111111111111111,0.5710128964719797,0.7160045495750499,36.48845083333333,127.25708200000001,36.50402916666667,127.25014966666667
15,15:00-16:00,grid_8123_22776,grid_8128_22775,1,0,1,0.07858523054102244,0.07858523054102244,0.01818002376800065,0.1111111111111111,-0.48802292300016603,0.31276680220419706,36.4887,127.25641949999999,36.511673,127.2499105
15,15:00-16:00,grid_8129_22777,grid_8129_22777,2,0,2,0.7871896809379754,0.7871896809379754,0.5983197233148504,0.8888888888888888,0.20849113691955773,0.5825772488471916,36.514462615,127.26023842000001,36.51439415,127.26052846500001
15,15:00-16:00,grid_8129_22777,grid_8128_22774,1,0,1,0.4788821636287474,0.4788821636287474,0.13013951512975444,0.6666666666666666,0.3043589578499828,0.6195727838306442,36.51343886486486,127.25899867567568,36.511149081081086,127.24257824324326
15,15:00-16:00,grid_8129_22777,grid_8130_22775,1,0,1,0.18777201771946703,0.18777201771946703,0.12379306650006458,0.2222222222222222,0.7545003497478733,0.7747255822801784,36.51474252941176,127.25892152941175,36.5181065882353,127.25143638235295
15,15:00-16:00,grid_8129_22777,grid_8126_22776,1,0,1,0.09020643782380271,0.09020643782380271,0.05138347314737284,0.1111111111111111,0.11813094288580506,0.5470180468884358,36.51367616666666,127.25999183333333,36.50058308333333,127.25568133333333
15,15:00-16:00,grid_8150_22782,grid_8151_22782,2,2,0,1.0248094581511331,1.0248094581511331,0.4518365470984753,1.3333333333333333,0.27625517265642163,0.6088239581778604,36.60853252941177,127.28864840522877,36.61146690849673,127.28833963398694
15,15:00-16:00,grid_8150_22782,grid_8150_22782,2,2,0,0.6694316837883708,0.6694316837883708,0.4682175092366152,0.7777777777777778,0.11517310796190039,0.5458460432263714,36.60864115602837,127.28858044680851,36.60864920567376,127.28828578014183
15,15:00-16:00,grid_8150_22782,grid_8152_22781,1,1,0,0.15425474216562868,0.15425474216562868,0.02802942206052638,0.2222222222222222,0.09693834237459714,0.5386123203166258,36.6087934,127.2883824,36.6181476,127.28580219999999
15,15:00-16:00,grid_8125_22775,grid_8124_22776,3,0,3,0.8007570895160712,0.8007570895160712,0.4307345414744892,1.0,0.7111950837779546,0.7615183226761589,36.49545076296296,127.2491430962963,36.49143771851852,127.25604124444443
15,15:00-16:00,grid_8128_22778,grid_8129_22777,4,0,4,1.2905516235745795,1.2905516235745795,0.3857030514829261,1.7777777777777777,0.17407896444046514,0.5690982976357091,36.51007996581196,127.26617884615385,36.51404345299146,127.25967005982905
15,15:00-16:00,grid_8128_22778,grid_8123_22776,1,0,1,0.0063630083188002265,0.0063630083188002265,0.01818002376800065,0.0,1.2538420158821073,0.8950502829323512,36.508766,127.2655925,36.488399,127.2566515
15,15:00-16:00,grid_8132_22778,grid_8133_22777,2,0,2,0.7086236619075209,0.7086236619075209,0.37384538322783767,0.8888888888888888,1.0866918885533818,0.8614135000043328,36.529149587719296,127.2642854736842,36.530680614035084,127.25919527192983
15,15:00-16:00,grid_8132_22778,grid_8133_22778,2,0,2,0.5731575051703364,0.5731575051703364,0.19314842747080235,0.7777777777777778,1.669059021297826,0.9524471582715432,36.52911537288136,127.26465838983052,36.532282237288136,127.26599916949152
15,15:00-16:00,grid_8132_22778,grid_8133_22776,1,0,1,0.2735840131781594,0.2735840131781594,0.1626209900328364,0.3333333333333333,1.2095970529087257,0.8867832252170399,36.52925917777778,127.26429897777778,36.53078891111111,127.2545746888889
15,15:00-16:00,grid_8132_22778,grid_8132_22779,1,0,1,0.1788254987835583,0.1788254987835583,0.0982315838260396,0.2222222222222222,1.8612925179040034,0.9686485604003916,36.52882003846154,127.26519246153846,36.52776576923077,127.27049842307693
15,15:00-16:00,grid_8132_22778,grid_8132_22776,1,0,1,0.3205105838182959,0.3205105838182959,0.09034769979830581,0.4444444444444444,0.6394113553246901,0.7387223180995984,36.52927496,127.264307,36.52978648,127.25500316
15,15:00-16:00,grid_8132_22778,grid_8130_22777,1,0,1,0.08087973404260507,0.08087973404260507,0.02473574805823673,0.1111111111111111,0.5112290428427545,0.6954046578199002,36.52917,127.26445175,36.517093,127.26141
15,15:00-16:00,grid_8124_22776,grid_8124_22775,1,0,1,0.4135722703256345,0.4135722703256345,0.3562382326764161,0.4444444444444444,0.2813933512971012,0.6107956414570548,36.491389330097086,127.25589008737865,36.49212699029126,127.24963600970875
15,15:00-16:00,grid_8124_22776,grid_8123_22776,1,0,1,0.4535704107004866,0.4535704107004866,0.26416942739821553,0.5555555555555556,0.3262976139116633,0.627900403326042,36.49103341025641,127.25601053846155,36.48761447435898,127.25666624358975
15,15:00-16:00,grid_8124_22776,grid_8125_22776,1,0,1,0.3020582843383629,0.3020582843383629,0.2439760504905607,0.3333333333333333,1.5821244179279328,0.9431894148323956,36.49128760810811,127.25652095945945,36.495107567567565,127.25612447297297
15,15:00-16:00,grid_8124_22776,grid_8125_22774,1,0,1,0.2758820163543204,0.2758820163543204,0.1691867133932965,0.3333333333333333,0.1358794483171027,0.5540417086791798,36.491784145833336,127.25589672916668,36.496234083333334,127.24379649999999
15,15:00-16:00,grid_8124_22776,grid_8124_22777,2,0,2,0.4066599414065252,0.4066599414065252,0.13013951512975444,0.5555555555555556,-0.23128453309545216,0.4085468808860132,36.491268702702705,127.25624951351351,36.49062394594595,127.26026313513513
15,15:00-16:00,grid_8124_22776,grid_8127_22775,1,0,1,0.03634106119546786,0.03634106119546786,0.10383160341562246,0.0,-0.5203595077776224,0.301406513490869,36.492011142857145,127.25629325,36.50486746428572,127.24943110714285
15,15:00-16:00,grid_8124_22776,grid_8126_22777,1,0,1,0.17636642948748618,0.17636642948748618,0.09120567155154789,0.2222222222222222,0.3575317663676285,0.6396531252751937,36.49185880769231,127.25638246153845,36.50111973076923,127.2600608076923
15,15:00-16:00,grid_8150_22781,grid_8150_22782,2,2,0,0.5372903332804639,0.5372903332804639,0.2970199998489445,0.6666666666666666,0.7746634283669447,0.7807307166889917,36.60898307,127.28455935,36.60873978,127.28914721
15,15:00-16:00,grid_8150_22781,grid_8149_22783,1,1,0,0.32574484565764583,0.32574484565764583,0.10530273362501985,0.4444444444444444,0.31471703064531237,0.6235117438567117,36.60935682142857,127.28479335714285,36.604057607142856,127.29296114285715
15,15:00-16:00,grid_8122_22775,grid_8123_22776,1,0,1,0.6889743682002394,0.6889743682002394,0.31770454406417625,0.8888888888888888,0.03506673046504105,0.5139867348348253,36.48368476923077,127.25025258241757,36.48769169230769,127.25681376923077
15,15:00-16:00,grid_8122_22775,grid_8122_22775,1,0,1,0.3547230869469152,0.3547230869469152,0.188097708737218,0.4444444444444444,-0.4220692246393044,0.3364872451978941,36.4833582037037,127.25037155555556,36.48322261111111,127.25002046296296
15,15:00-16:00,grid_8122_22775,grid_8121_22775,1,0,1,0.2607332695041727,0.2607332695041727,0.12590457953573145,0.3333333333333333,1.027976735249987,0.8480196142828904,36.483703885714284,127.2504113142857,36.47808137142857,127.24942585714287
15,15:00-16:00,grid_8122_22775,grid_8121_22776,1,0,1,0.16928755388276973,0.16928755388276973,0.07098031268092943,0.2222222222222222,2.0172649125608637,0.9781660624143727,36.48348847368421,127.25058131578949,36.479087368421055,127.2541012631579
15,15:00-16:00,grid_8121_22776,grid_8122_22777,1,0,1,0.9560327083299766,0.9560327083299766,0.25533154760945675,1.3333333333333333,-0.3534547387426825,0.36187377747145,36.478744457831326,127.25480815662651,36.48204648192771,127.26022539759036
15,15:00-16:00,grid_8122_22777,grid_8121_22776,1,0,1,0.4554513481493601,0.4554513481493601,0.269543534394997,0.5555555555555556,-1.0540561165984865,0.14592861291303888,36.48211620253164,127.26034237974685,36.47883979746835,127.25476645569621
15,15:00-16:00,grid_8122_22777,grid_8123_22777,1,0,1,0.42929366889399556,0.42929366889399556,0.19480730795109832,0.5555555555555556,-0.10220096354576891,0.459298581481469,36.482674214285716,127.26116039285715,36.48746130357143,127.26090544642857
15,15:00-16:00,grid_8129_22774,grid_8129_22774,1,0,1,0.5914222632283115,0.5914222632283115,0.2453334504935885,0.7777777777777778,-0.2593687399937564,0.39767537324899016,36.51381897260274,127.24428763013698,36.51364278082192,127.24410376712328
15,15:00-16:00,grid_8129_22774,grid_8130_22773,1,0,1,0.5666333267861685,0.5666333267861685,0.1745079178017514,0.7777777777777778,-0.75500243366545,0.22512376099506753,36.512950411764706,127.24279078431373,36.51820566666667,127.23813172549019
15,15:00-16:00,grid_8129_22774,grid_8125_22774,1,0,1,0.07858523054102244,0.07858523054102244,0.01818002376800065,0.1111111111111111,-0.1190984156724465,0.45259869296046795,36.513761,127.2445765,36.495861500000004,127.2427175
15,15:00-16:00,grid_8125_22776,grid_8124_22776,1,0,1,0.44016829082261083,0.44016829082261083,0.2258776563185705,0.5555555555555556,0.568422676249099,0.715126001808368,36.49559055384615,127.25614199999998,36.49140515384615,127.25632766153848
15,15:00-16:00,grid_8125_22776,grid_8125_22774,1,0,1,0.11147508709913494,0.11147508709913494,0.11215104250546493,0.1111111111111111,1.1562510236155594,0.8762107525339731,36.49455215625,127.2559395625,36.49624721875,127.24412959375
15,15:00-16:00,grid_8125_22776,grid_8124_22775,1,0,1,0.17270729126961182,0.17270729126961182,0.08075099092904969,0.2222222222222222,0.15048136694244585,0.5598075748169691,36.494581000000004,127.25612504761905,36.49239419047619,127.2497820952381
15,15:00-16:00,grid_8125_22776,grid_8121_22782,1,0,1,0.005221267089716748,0.005221267089716748,0.014917905970619282,0.0,1.6608800775185637,0.9516312328913872,36.49531,127.256854,36.478697,127.289455
15,15:00-16:00,grid_8124_22774,grid_8123_22775,1,0,1,1.1510055999745266,1.1510055999745266,0.19334933326055193,1.6666666666666667,-1.7786387069219864,0.0376495069647369,36.49153754098361,127.24444829508197,36.4871737704918,127.24960018032786
15,15:00-16:00,grid_8127_22774,grid_8128_22774,1,0,1,0.6519272825322762,0.6519272825322762,0.21185572786999554,0.8888888888888888,1.0378906906146734,0.8503395259505118,36.50515158333334,127.24330068333333,36.51086015,127.24308115000001
15,15:00-16:00,grid_8124_22777,grid_8123_22776,1,0,1,0.3563660820858249,0.3563660820858249,0.19279198056267438,0.4444444444444444,-0.4470106987019722,0.3274336675924277,36.49048520689656,127.26010010344828,36.48741179310345,127.25706837931035
15,15:00-16:00,grid_8124_22777,grid_8124_22777,1,0,1,0.3360213295136769,0.3360213295136769,0.13466411607082307,0.4444444444444444,0.05088673573143049,0.5202921124153729,36.49070513157894,127.2597019736842,36.49096273684211,127.26065786842106
15,15:00-16:00,grid_8124_22777,grid_8129_22775,1,0,1,0.07858523054102244,0.07858523054102244,0.01818002376800065,0.1111111111111111,-1.5518036251750225,0.06035460914015611,36.490787,127.2601595,36.513159,127.2501775
15,15:00-16:00,grid_8128_22774,grid_8127_22775,1,0,1,0.2116152039428245,0.2116152039428245,0.19191645570965732,0.2222222222222222,0.9401548285848317,0.826430925859315,36.51096547368421,127.24306333333334,36.50499142105263,127.24910159649123
15,15:00-16:00,grid_8128_22774,grid_8128_22775,1,0,1,0.2123990328549597,0.2123990328549597,0.19415596688718653,0.2222222222222222,1.708680242871805,0.9562449021169496,36.51086438181818,127.24306890909092,36.510899327272725,127.24892525454544
15,15:00-16:00,grid_8128_22774,grid_8127_22772,1,0,1,0.40213554423872294,0.40213554423872294,0.11721266607889076,0.5555555555555556,-0.4149165629565146,0.33910149221406033,36.51100471428571,127.24242305714286,36.50510931428572,127.23471585714285
15,15:00-16:00,grid_8122_22784,grid_8121_22782,1,0,1,0.2085966375414534,0.2085966375414534,0.18329198027716848,0.2222222222222222,0.29042621564637733,0.6142549048136514,36.48253444444444,127.29883933333333,36.478228333333334,127.28937301851853
15,15:00-16:00,grid_8122_22784,grid_8122_22783,1,0,1,0.31113091193627773,0.31113091193627773,0.06354863727825386,0.4444444444444444,-1.04543250437181,0.14791156021197144,36.4834775625,127.298873625,36.4832876875,127.2942319375
15,15:00-16:00,grid_8120_22780,grid_8121_22782,1,0,1,0.2849501347832248,0.2849501347832248,0.19509562319016605,0.3333333333333333,0.4985685635968881,0.6909583219318117,36.47362453703703,127.27775783333334,36.478149351851854,127.28798464814815
15,15:00-16:00,grid_8120_22780,grid_8121_22780,1,0,1,0.07973064151951273,0.07973064151951273,0.02145262656368719,0.1111111111111111,1.1142705875397358,0.867418439476161,36.473677333333335,127.27972299999999,36.47678633333333,127.27979533333333
15,15:00-16:00,grid_8120_22780,grid_8124_22779,1,0,1,0.005221267089716748,0.005221267089716748,0.014917905970619282,0.0,0.46729651777886205,0.6798561262592002,36.473044,127.277447,36.492584,127.26958
15,15:00-16:00,grid_8133_22778,grid_8132_22778,1,0,1,0.20704469829819294,0.20704469829819294,0.17885786815356716,0.2222222222222222,0.749840661984497,0.7733246621153403,36.53224683018868,127.26616749056605,36.52921573584906,127.26460133962264
15,15:00-16:00,grid_8133_22778,grid_8133_22778,1,0,1,0.1709935404318584,0.1709935404318584,0.07585455996403992,0.2222222222222222,0.9206395983807378,0.821380689510318,36.5317722,127.2655943,36.5318985,127.2655976
15,15:00-16:00,grid_8127_22775,grid_8128_22775,1,0,1,0.42338695374485225,0.42338695374485225,0.17793097895354604,0.5555555555555556,0.17282234862387424,0.5686044651487006,36.50480371153846,127.24986261538461,36.51078046153846,127.24959803846153
15,15:00-16:00,grid_8127_22775,grid_8127_22777,1,0,1,0.1956372664634016,0.1956372664634016,0.14626520576844904,0.2222222222222222,-0.24337375885464818,0.4038579350850007,36.505046428571426,127.24995514285713,36.505441023809524,127.26113757142858
15,15:00-16:00,grid_8127_22775,grid_8126_22773,1,0,1,0.08902746374176665,0.08902746374176665,0.04801497577012694,0.1111111111111111,1.9228681039095747,0.9727516917977899,36.50418863636364,127.2499200909091,36.501909,127.23886127272726
15,15:00-16:00,grid_8128_22775,grid_8127_22775,2,0,2,0.06317390797047398,0.06317390797047398,0.18049687991563995,0.0,0.3688119213370458,0.643866040896574,36.51101451923077,127.2495800576923,36.504806153846154,127.24979657692307
15,15:00-16:00,grid_8128_22775,grid_8128_22775,1,0,1,0.26368046603331885,0.26368046603331885,0.13432514104757765,0.3333333333333333,0.13529144800452503,0.5538092767916443,36.5100785,127.249741675,36.50997895,127.249582975
15,15:00-16:00,grid_8128_22775,grid_8129_22771,1,0,1,0.08736562252415161,0.08736562252415161,0.04326685800551257,0.1111111111111111,1.2097108118905582,0.8868050601728874,36.510853000000004,127.2491313,36.514209900000004,127.22920309999999
15,15:00-16:00,grid_8128_22775,grid_8126_22773,1,0,1,0.08318901109305746,0.08318901109305746,0.031333682488100714,0.1111111111111111,0.25004378003953803,0.5987232539357199,36.51026566666667,127.25024683333334,36.502267333333336,127.23917349999999
15,15:00-16:00,grid_8128_22775,grid_8126_22777,1,0,1,0.009810297721184233,0.009810297721184233,0.02802942206052638,0.0,-0.1350988432765713,0.4462668623630336,36.510065000000004,127.2496306,36.5019002,127.25943199999999
15,15:00-16:00,grid_8128_22775,grid_8132_22778,1,0,1,0.0063630083188002265,0.0063630083188002265,0.01818002376800065,0.0,0.2479022036226578,0.597894962562554,36.511524,127.25192100000001,36.5283615,127.2640665
15,15:00-16:00,grid_8151_22782,grid_8151_22782,1,1,0,0.4181521850190801,0.4181521850190801,0.16297449687991122,0.5555555555555556,0.6415876333628897,0.7394295176842471,36.6117677,127.28838878,36.61188466,127.28894539999999
15,15:00-16:00,grid_8151_22782,grid_8146_22782,1,1,0,0.005221267089716748,0.005221267089716748,0.014917905970619282,0.0,2.5286813670997876,0.9942754042274851,36.611141,127.289948,36.588485,127.290618
15,15:00-16:00,grid_8123_22777,grid_8123_22776,1,0,1,0.34548629242509016,0.34548629242509016,0.1617068672462895,0.4444444444444444,-0.8582702502935475,0.19537162637525418,36.48756006382978,127.26059019148937,36.487639531914894,127.2570979148936
15,15:00-16:00,grid_8123_22777,grid_8124_22776,1,0,1,0.18851104728195045,0.18851104728195045,0.12590457953573145,0.2222222222222222,-1.3477107248906819,0.08887572062044852,36.48710811428572,127.26070680000001,36.49074325714286,127.25627188571428
15,15:00-16:00,grid_8127_22777,grid_8129_22777,1,0,1,0.4149633980901121,0.4149633980901121,0.15386367708285983,0.5555555555555556,1.263764071437608,0.8968426397763853,36.50578476595744,127.26109719148937,36.51359906382979,127.25929910638298
15,15:00-16:00,grid_8127_22777,grid_8126_22775,2,0,2,0.17903515578969742,0.17903515578969742,0.09883060384358001,0.2222222222222222,1.101492994130235,0.864658924021002,36.50497371428572,127.26067825,36.501265107142856,127.24910167857142
15,15:00-16:00,grid_8126_22777,grid_8124_22776,1,0,1,0.4156457421937692,0.4156457421937692,0.15581323166473726,0.5555555555555556,0.3700157445258516,0.6443146203801066,36.50106777777778,127.25986544444444,36.49165544444445,127.2564012888889
15,15:00-16:00,grid_8126_22777,grid_8124_22775,1,0,1,0.013290934592150496,0.013290934592150496,0.037974098834715704,0.0,-1.2301055326459505,0.10932879425901709,36.501233375,127.25908675,36.491615125,127.250041125
15,15:00-16:00,grid_8123_22778,grid_8124_22777,1,0,1,0.2717404407804643,0.2717404407804643,0.15735364032513596,0.3333333333333333,0.29012319702875705,0.6141390050155155,36.488462931818184,127.26544795454546,36.49060543181818,127.25974638636363
15,15:00-16:00,grid_8127_22773,grid_8128_22772,1,0,1,0.11664469036626711,0.11664469036626711,0.12692133755441398,0.1111111111111111,0.168236177656237,0.5668012595571656,36.506141904761904,127.23817985714285,36.51000333333333,127.2332105952381
15,15:00-16:00,grid_8127_22773,grid_8129_22775,1,0,1,0.07858523054102244,0.07858523054102244,0.01818002376800065,0.1111111111111111,-1.660702138661558,0.04838664183726338,36.5044945,127.2384255,36.5119935,127.24809450000001
15,15:00-16:00,grid_8130_22773,grid_8129_22774,3,0,3,0.34039740113121186,0.34039740113121186,0.14716717783520852,0.4444444444444444,2.089708771293033,0.9816780156958165,36.51853607317073,127.23832856097562,36.5130243902439,127.24259787804878
15,15:00-16:00,grid_8130_22773,grid_8129_22773,1,0,1,0.10241387840183616,0.10241387840183616,0.08626187479889699,0.1111111111111111,1.5146263233877664,0.935066468963043,36.517879,127.23806482608697,36.512943782608694,127.24044813043479
15,15:00-16:00,grid_8130_22773,grid_8127_22772,1,0,1,0.31614548908543827,0.31614548908543827,0.07787600056156968,0.4444444444444444,-0.6863107546493922,0.24625858427601788,36.51853995238095,127.23883247619047,36.505774476190474,127.2343790952381
15,15:00-16:00,grid_8130_22773,grid_8131_22772,2,0,2,0.09446424526961106,0.09446424526961106,0.06354863727825386,0.1111111111111111,-0.022242044689444795,0.4911274395320902,36.5184054375,127.236619625,36.5221256875,127.233349875
15,15:00-16:00,grid_8127_22772,grid_8129_22771,1,0,1,0.12137969060974302,0.12137969060974302,0.14044990967863089,0.1111111111111111,0.3756295104076057,0.6464038256811551,36.50577623076923,127.23369148717948,36.51325571794872,127.22903274358974
15,15:00-16:00,grid_8127_22772,grid_8126_22773,1,0,1,0.17341801547301636,0.17341801547301636,0.08278163151020548,0.2222222222222222,0.3133222322002929,0.622982069482619,36.50474840909091,127.234816,36.500299909090906,127.23639240909091
15,15:00-16:00,grid_8127_22772,grid_8129_22772,1,0,1,0.01397352782661487,0.01397352782661487,0.03992436521889963,0.0,0.8655357621834958,0.8066276019314317,36.505804,127.23429329999999,36.5140402,127.23229610000001
15,15:00-16:00,grid_8127_22772,grid_8124_22776,1,0,1,0.37044251035269615,0.37044251035269615,0.026661140690242852,0.5555555555555556,0.3671495483889705,0.6432462650939164,36.50496957142857,127.233548,36.492985714285716,127.25616985714285
15,15:00-16:00,grid_8149_22783,grid_8151_22782,1,1,0,0.11957127497604791,0.11957127497604791,0.13528300786807346,0.1111111111111111,0.6337555142004971,0.7368798053260666,36.604397236842104,127.29275065789474,36.61204110526316,127.28851221052632
15,15:00-16:00,grid_8125_22774,grid_8125_22775,1,0,1,0.3365506072846042,0.3365506072846042,0.1361763382734723,0.4444444444444444,0.37954422498828894,0.647858115116441,36.49615964864865,127.24321764864864,36.49508791891892,127.248669
15,15:00-16:00,grid_8120_22776,grid_8121_22777,1,0,1,0.2602087767418617,0.2602087767418617,0.12440602878627154,0.3333333333333333,0.8477862927202865,0.801721500888654,36.474403611111114,127.25484033333333,36.47939072222222,127.26157633333332
15,15:00-16:00,grid_8120_22776,grid_8122_22775,1,0,1,0.30687310449046934,0.30687310449046934,0.05138347314737284,0.4444444444444444,0.8487354732921987,0.801985748675621,36.47376061538461,127.25401646153847,36.48356830769231,127.25088984615384
15,15:00-16:00,grid_8148_22783,grid_8150_22782,1,1,0,0.4069711904910917,0.4069711904910917,0.13102879822851585,0.5555555555555556,-0.4747440019703961,0.31748472537359707,36.60107355555556,127.29521377777776,36.60826733333333,127.28876002777777
15,15:00-16:00,grid_8129_22771,grid_8127_22772,2,0,2,0.9795834048699387,0.9795834048699387,0.11627004566014229,1.4444444444444444,0.6687675716875121,0.7481781221045336,36.51367369444444,127.22886375,36.505741916666665,127.23336855555554
15,15:00-16:00,grid_8130_22772,grid_8130_22773,2,0,2,0.3309562912245594,0.3309562912245594,0.1201925781019157,0.4444444444444444,0.1132963051498781,0.5451021767778398,36.51886057142857,127.23424274285715,36.51809325714286,127.23831411428571
15,15:00-16:00,grid_8130_22772,grid_8130_22774,1,0,1,0.16381278218302908,0.16381278218302908,0.055338107824527576,0.2222222222222222,1.0929575285155269,0.8627937761132836,36.51866042857143,127.23440628571429,36.51757464285714,127.24332771428571
15,15:00-16:00,grid_8121_22782,grid_8121_22783,1,0,1,0.3286605300418594,0.3286605300418594,0.11363326043705876,0.4444444444444444,-0.12599378066885258,0.4498684238254117,36.47837028125,127.28822646875,36.47864609375,127.29448725
15,15:00-16:00,grid_8121_22782,grid_8123_22784,1,0,1,0.10486180668286645,0.10486180668286645,0.09325595560184066,0.1111111111111111,0.05885675601040054,0.5234668989948206,36.478450280000004,127.28899944000001,36.48561884,127.3003288
15,15:00-16:00,grid_8125_22777,grid_8124_22777,1,0,1,0.39972772731861633,0.39972772731861633,0.11033318916430054,0.5555555555555556,0.8678137151096998,0.8072518397036095,36.49565077419355,127.25969538709677,36.49068683870968,127.25927522580645
15,15:00-16:00,grid_8150_22783,grid_8149_22783,1,1,0,0.32574484565764583,0.32574484565764583,0.10530273362501985,0.4444444444444444,0.27620895791712496,0.6088062113254826,36.609060392857145,127.29306057142857,36.603684071428574,127.29358857142857
15,15:00-16:00,grid_8150_22783,grid_8150_22781,2,2,0,0.0982701408094758,0.0982701408094758,0.07442262453501022,0.1111111111111111,1.573277511987559,0.9421727129474267,36.6089444,127.2928727,36.6091068,127.28442445
15,15:00-16:00,grid_8150_22783,grid_8151_22781,1,1,0,0.23771607416477147,0.23771607416477147,0.0601411642802994,0.3333333333333333,0.9061924641480705,0.8175830044942779,36.60898266666666,127.29265606666667,36.612035799999994,127.2848068
15,15:00-16:00,grid_8150_22783,grid_8147_22782,1,1,0,0.009810297721184233,0.009810297721184233,0.02802942206052638,0.0,1.434683877782355,0.9243113997731989,36.60916,127.295938,36.594225,127.2891152
15,15:00-16:00,grid_8128_22772,grid_8128_22774,1,0,1,0.39570182245636415,0.39570182245636415,0.09883060384358001,0.5555555555555556,0.008908900703109568,0.5035540901484986,36.51035548148148,127.23316688888889,36.51058555555556,127.24252507407408
15,15:00-16:00,grid_8128_22772,grid_8128_22773,1,0,1,0.24492951349183406,0.24492951349183406,0.08075099092904969,0.3333333333333333,0.1274084876526222,0.5506914505931818,36.50989085714286,127.23306952380952,36.509604619047614,127.23959033333334
15,15:00-16:00,grid_8128_22772,grid_8126_22775,1,0,1,0.6660290123866973,0.6660290123866973,0.04579717824770664,1.0,-0.3414010884588816,0.36640082790212436,36.50989095,127.23283945,36.5020125,127.25017365000001
15,15:00-16:00,grid_8123_22774,grid_8123_22775,1,0,1,0.10435252299534208,0.10435252299534208,0.09180085935177104,0.1111111111111111,0.04915376171062878,0.5196016202489087,36.4875055,127.24588776923078,36.486785653846155,127.24954253846155
15,15:00-16:00,grid_8122_22776,grid_8124_22776,1,0,1,0.17780297663188596,0.17780297663188596,0.09531009196411867,0.2222222222222222,1.3906994408220057,0.9178417063668602,36.483033346153846,127.25375196153846,36.49045034615385,127.25637926923076
15,15:00-16:00,grid_8122_22776,grid_8122_22775,2,0,2,0.0987713182096362,0.0987713182096362,0.07585455996403992,0.1111111111111111,0.09336708787230022,0.5371940318267243,36.48230825,127.25421954999999,36.4838648,127.25109990000001
15,15:00-16:00,grid_8122_22776,grid_8124_22777,1,0,1,0.013290934592150496,0.013290934592150496,0.037974098834715704,0.0,-0.5362359017037361,0.2958977619856008,36.482645624999996,127.254751625,36.490931125,127.25966299999999
15,15:00-16:00,grid_8121_22775,grid_8121_22776,1,0,1,0.2498162135620423,0.2498162135620423,0.09471299112964471,0.3333333333333333,0.7582639392402686,0.7758535047228887,36.47761072,127.24977948,36.47930312,127.25387868
15,15:00-16:00,grid_8121_22775,grid_8121_22775,1,0,1,0.3183675364773076,0.3183675364773076,0.08422470739548205,0.4444444444444444,0.6833904030100812,0.7528199086691609,36.478106636363634,127.24965227272727,36.478530590909095,127.2499054090909
15,15:00-16:00,grid_8121_22775,grid_8124_22776,1,0,1,0.09040715132952462,0.09040715132952462,0.05195694030657831,0.1111111111111111,-1.1968888330752738,0.11567494363862574,36.478231,127.24965623076923,36.49011869230769,127.2569286923077
15,15:00-16:00,grid_8122_22785,grid_8123_22784,1,0,1,0.17442884173287276,0.17442884173287276,0.08566970653836668,0.2222222222222222,0.7551277029288221,0.7749138187558292,36.482170454545454,127.30610590909092,36.48688109090909,127.30178663636364
15,15:00-16:00,grid_8122_22785,grid_8122_22783,1,0,1,0.009331399241584996,0.009331399241584996,0.02666114069024285,0.0,1.5930309778309553,0.9444233790934413,36.4825898,127.3056066,36.484222599999995,127.29473
15,15:00-16:00,grid_8122_22785,grid_8122_22786,1,0,1,0.07973064151951273,0.07973064151951273,0.02145262656368719,0.1111111111111111,-0.025217894948250608,0.4899405816951975,36.481525,127.30533466666668,36.482367333333336,127.31002533333333
15,15:00-16:00,grid_8122_22785,grid_8127_22781,1,0,1,0.07744348931193897,0.07744348931193897,0.014917905970619282,0.1111111111111111,1.0727770582457472,0.8583144217250334,36.482422,127.303636,36.506183,127.282401
15,15:00-16:00,grid_8128_22773,grid_8127_22772,1,0,1,0.09998161068785753,0.09998161068785753,0.07931253847324378,0.1111111111111111,1.130721846252708,0.87091390831383,36.509730857142856,127.24009580952381,36.50518385714286,127.23471385714286
15,15:00-16:00,grid_8128_22773,grid_8126_22773,1,0,1,0.009810297721184233,0.009810297721184233,0.02802942206052638,0.0,-0.34282521836642577,0.36586497643862437,36.508930199999995,127.23894620000002,36.501108599999995,127.237931
15,15:00-16:00,grid_8147_22782,grid_8149_22782,1,1,0,0.1685845759161686,0.1685845759161686,0.06897180420492623,0.2222222222222222,-0.39401298867112977,0.3467857248825085,36.594652611111115,127.28953516666667,36.60314761111111,127.29031422222222
15,15:00-16:00,grid_8119_22781,grid_8121_22782,1,0,1,0.02224202304738885,0.02224202304738885,0.06354863727825386,0.0,0.7676501258790744,0.7786524630389211,36.46983029411765,127.28136029411765,36.47851994117647,127.28771217647058
15,15:00-16:00,grid_8126_22775,grid_8124_22775,1,0,1,0.2401051385314156,0.2401051385314156,0.06696706247071126,0.3333333333333333,0.14661267438196232,0.5582811254572072,36.501044529411764,127.24861164705884,36.49210388235294,127.24961835294118
15,15:00-16:00,grid_8126_22775,grid_8124_22779,1,0,1,0.07973064151951273,0.07973064151951273,0.02145262656368719,0.1111111111111111,0.03624756838663013,0.5144575215988125,36.50209433333333,127.24932033333333,36.491362,127.269663
15,15:00-16:00,grid_8129_22773,grid_8130_22773,1,0,1,0.09615839375022729,0.09615839375022729,0.06838906150858592,0.1111111111111111,-0.18399664086507272,0.4270080450681062,36.51328029411765,127.24041411764705,36.518332470588234,127.23776111764707
15,15:00-16:00,grid_8127_22779,grid_8128_22778,1,0,1,0.09496035036718002,0.09496035036718002,0.06496608041416517,0.1111111111111111,-0.24419255698473027,0.4035408456395021,36.5058135,127.2719830625,36.5089518125,127.2667808125
15,15:00-16:00,grid_8127_22779,grid_8127_22779,1,0,1,0.08853925516745602,0.08853925516745602,0.046620094129239446,0.1111111111111111,1.2078689325380054,0.8864511593293134,36.505402272727274,127.27178945454547,36.505735,127.27196790909092
15,15:00-16:00,grid_8119_22779,grid_8120_22780,2,0,2,0.09446424526961106,0.09446424526961106,0.06354863727825386,0.1111111111111111,0.4062865347159466,0.657733961004688,36.469369,127.27365475,36.4734115625,127.2782245625
15,15:00-16:00,grid_8119_22779,grid_8119_22780,1,0,1,0.08502962569441799,0.08502962569441799,0.03659258134913078,0.1111111111111111,0.7816755600230456,0.7827973658244889,36.469131125000004,127.273928375,36.46986225,127.27904525
15,15:00-16:00,grid_8124_22785,grid_8125_22786,1,0,1,0.16076147738967825,0.16076147738967825,0.046620094129239446,0.2222222222222222,2.126546100417552,0.9832710925104596,36.49261490909091,127.30404045454544,36.49714109090909,127.31150518181818
15,15:00-16:00,grid_8122_22774,grid_8124_22776,1,0,1,0.3025553230979408,0.3025553230979408,0.03904695488300557,0.4444444444444444,0.33981280828771526,0.633001249157326,36.4833291,127.2462243,36.4913234,127.2560178
15,15:00-16:00,grid_8129_22778,grid_8132_22779,1,0,1,0.23064019449328155,0.23064019449328155,0.03992436521889963,0.3333333333333333,0.328741399873817,0.6288244203267892,36.515272700000004,127.26520109999998,36.527778,127.2707202
15,15:00-16:00,grid_8129_22775,grid_8127_22775,1,0,1,0.15890305754181056,0.15890305754181056,0.041310323135331825,0.2222222222222222,-0.29173301275287583,0.38524538305450784,36.51284966666666,127.24905844444444,36.50454422222222,127.24958199999999
15,15:00-16:00,grid_8129_22775,grid_8129_22776,1,0,1,0.008657511820382855,0.008657511820382855,0.02473574805823673,0.0,-1.1247673418883042,0.13034381840846793,36.512484,127.2498525,36.51358875,127.25648225
15,15:00-16:00,grid_8129_22775,grid_8126_22775,1,0,1,0.15147702900457,0.15147702900457,0.020093098743215933,0.2222222222222222,1.1432304397980588,0.8735285364725647,36.51214266666667,127.24812433333334,36.50160533333334,127.25004366666667
15,15:00-16:00,grid_8131_22772,grid_8129_22774,1,0,1,0.08668083531958835,0.08668083531958835,0.041310323135331825,0.1111111111111111,-0.32706213034148046,0.3718104468164858,36.52223588888889,127.23272655555554,36.512725,127.24234622222222
15,15:00-16:00,grid_8127_22778,grid_8127_22779,1,0,1,0.08551315681437271,0.08551315681437271,0.037974098834715704,0.1111111111111111,0.09346306603113314,0.5372321548708329,36.50607025,127.266989125,36.505007625000005,127.27149625
15,15:00-16:00,grid_8123_22784,grid_8124_22784,1,0,1,0.08434921940085457,0.08434921940085457,0.03464856336752102,0.1111111111111111,0.557807362211697,0.7115120325819962,36.487278571428575,127.30121714285714,36.48985342857143,127.30087057142858
15,15:00-16:00,grid_8129_22772,grid_8130_22774,1,0,1,0.15541123331527967,0.15541123331527967,0.031333682488100714,0.2222222222222222,-0.43968159087201486,0.3300838687884044,36.51370816666667,127.23310516666668,36.51804683333334,127.24252783333333
15,15:00-16:00,grid_8129_22772,grid_8125_22775,1,0,1,0.005221267089716748,0.005221267089716748,0.014917905970619282,0.0,-2.2197719436562036,0.013217126173303062,36.512293,127.233288,36.497982,127.248593
15,15:00-16:00,grid_8132_22777,grid_8133_22776,1,0,1,0.01096678887083525,0.01096678887083525,0.031333682488100714,0.0,-1.1762112855737665,0.11975522791433663,36.528111333333335,127.26225883333332,36.530968333333334,127.25422266666668
15,15:00-16:00,grid_8133_22777,grid_8129_22777,1,0,1,0.15541123331527967,0.15541123331527967,0.031333682488100714,0.2222222222222222,0.925790187013118,0.8227224860807627,36.53041016666666,127.25877416666667,36.515480000000004,127.25850133333334
15,15:00-16:00,grid_8133_22777,grid_8131_22778,1,0,1,0.07744348931193897,0.07744348931193897,0.014917905970619282,0.1111111111111111,0.5657947660673822,0.7142333475632561,36.532015,127.261097,36.523203,127.267482
15,15:00-16:00,grid_8121_22783,grid_8123_22784,1,0,1,0.08203251994340645,0.08203251994340645,0.02802942206052638,0.1111111111111111,-0.7560739428411521,0.22480243188991883,36.4787278,127.29428720000001,36.4864012,127.300766
15,15:00-16:00,grid_8122_22778,grid_8122_22777,1,0,1,0.08203251994340645,0.08203251994340645,0.02802942206052638,0.1111111111111111,0.024303020873573278,0.5096945482323584,36.483547,127.2644198,36.482505200000006,127.262024
15,15:00-16:00,grid_8125_22773,grid_8126_22774,1,0,1,0.08087973404260507,0.08087973404260507,0.02473574805823673,0.1111111111111111,-0.3341189827213297,0.3691448881299756,36.4962015,127.23944325,36.49913525,127.24432825
15,15:00-16:00,grid_8130_22771,grid_8129_22774,1,0,1,0.08087973404260507,0.08087973404260507,0.02473574805823673,0.1111111111111111,-0.5232951347882582,0.3003844430728453,36.51780575,127.22914975,36.51215225,127.24201425
15,15:00-16:00,grid_8130_22771,grid_8131_22772,1,0,1,0.08087973404260507,0.08087973404260507,0.02473574805823673,0.1111111111111111,0.9233291368585858,0.8220821458947152,36.516945,127.22871075,36.52226975,127.23329724999999
15,15:00-16:00,grid_8131_22775,grid_8129_22777,1,0,1,0.15147702900457,0.15147702900457,0.020093098743215933,0.2222222222222222,0.5007328486678282,0.6917204245917233,36.521765,127.24865966666668,36.515065666666665,127.25882333333334
15,15:00-16:00,grid_8131_22775,grid_8126_22775,1,0,1,0.07744348931193897,0.07744348931193897,0.014917905970619282,0.1111111111111111,1.3378300798235552,0.9095240830039892,36.521896,127.249026,36.502122,127.248668
15,15:00-16:00,grid_8123_22788,grid_8123_22785,1,0,1,0.007508419297290516,0.007508419297290516,0.02145262656368719,0.0,0.38099260330454005,0.6483956314596868,36.48674166666667,127.32118166666667,36.485677,127.30287299999999
15,15:00-16:00,grid_8127_22790,grid_8125_22790,1,0,1,0.22369925122679224,0.22369925122679224,0.020093098743215933,0.3333333333333333,0.3734964417317394,0.6456105034313342,36.50312533333334,127.334904,36.49808433333333,127.330879
15,15:00-16:00,grid_8152_22782,grid_8151_22781,1,1,0,0.007508419297290516,0.007508419297290516,0.02145262656368719,0.0,-1.0787217174663972,0.14035590064140852,36.61885866666666,127.28979066666666,36.611485333333334,127.284668
15,15:00-16:00,grid_8126_22778,grid_8127_22779,1,0,1,0.07858523054102244,0.07858523054102244,0.01818002376800065,0.1111111111111111,0.08810404215710421,0.5351030081506117,36.50054900000001,127.266842,36.5055985,127.269737
15,15:00-16:00,grid_8127_22776,grid_8128_22773,1,0,1,0.07858523054102244,0.07858523054102244,0.01818002376800065,0.1111111111111111,0.6316869520442207,0.736204272119379,36.505827,127.254611,36.5081015,127.239121
15,15:00-16:00,grid_8125_22787,grid_8126_22788,1,0,1,0.07858523054102244,0.07858523054102244,0.01818002376800065,0.1111111111111111,0.623915049301212,0.7336583118079423,36.497809000000004,127.3183675,36.5003535,127.32451449999999
15,15:00-16:00,grid_8120_22781,grid_8120_22782,1,0,1,0.07858523054102244,0.07858523054102244,0.01818002376800065,0.1111111111111111,1.4213122986071924,0.9223870051515031,36.472717,127.28452,36.4750965,127.2877405
15,15:00-16:00,grid_8129_22770,grid_8129_22771,1,0,1,0.005221267089716748,0.005221267089716748,0.014917905970619282,0.0,-0.4894707286481127,0.3122542364450315,36.515022,127.223374,36.515426,127.224547
15,15:00-16:00,grid_8126_22774,grid_8125_22777,1,0,1,0.07744348931193897,0.07744348931193897,0.014917905970619282,0.1111111111111111,1.448907150555526,0.9263182430094314,36.501448,127.246,36.497626,127.257989
15,15:00-16:00,grid_8130_22778,grid_8132_22777,1,0,1,0.07744348931193897,0.07744348931193897,0.014917905970619282,0.1111111111111111,1.091601140443257,0.8624957726745311,36.517541,127.264552,36.526779,127.263523
15,15:00-16:00,grid_8124_22778,grid_8124_22777,1,0,1,0.005221267089716748,0.005221267089716748,0.014917905970619282,0.0,-1.2153823513739606,0.11211014802027824,36.490539,127.266312,36.490798,127.260424
15,15:00-16:00,grid_8132_22779,grid_8131_22779,1,0,1,0.07744348931193897,0.07744348931193897,0.014917905970619282,0.1111111111111111,-0.5073216643875063,0.3059645700468774,36.528339,127.270193,36.525066,127.27052
15,15:00-16:00,grid_8123_22773,grid_8120_22776,1,0,1,0.005221267089716748,0.005221267089716748,0.014917905970619282,0.0,0.8983339671141974,0.8154962355619646,36.485972,127.236725,36.474669,127.254072
16,16:00-17:00,grid_8123_22775,grid_8123_22776,2,0,2,2.03455401174009,2.03455401174009,0.8606305097335915,2.6666666666666665,-2.2254927958741755,0.013024087108515658,36.48683560392157,127.24977767450982,36.487664847058824,127.25658410980392
16,16:00-17:00,grid_8123_22775,grid_8124_22776,2,0,2,1.1234725160709886,1.1234725160709886,0.5273817919488568,1.4444444444444444,-0.5297206969238166,0.2981527979215132,36.48684029677419,127.24985213548388,36.49064255483871,127.25561443225806
16,16:00-17:00,grid_8123_22775,grid_8122_22775,2,0,2,0.9934412374841755,0.9934412374841755,0.36221305947859656,1.3333333333333333,0.42437068862676913,0.6643522530886714,36.486519212121216,127.24949746464647,36.48348562626263,127.25037473737373
16,16:00-17:00,grid_8123_22775,grid_8121_22775,1,0,1,0.6384254972895803,0.6384254972895803,0.17327919860515018,0.8888888888888888,-1.7723342608489374,0.03816954361656966,36.486118734693875,127.25005179591837,36.47796177551021,127.24956514285714
16,16:00-17:00,grid_8123_22775,grid_8125_22775,1,0,1,0.19075179677216417,0.19075179677216417,0.1323067209363421,0.2222222222222222,-1.609543683658345,0.05374875555092967,36.48748773529412,127.24930405882354,36.4951034117647,127.24889570588236
16,16:00-17:00,grid_8123_22775,grid_8123_22777,1,0,1,0.33361592101973503,0.33361592101973503,0.12779152037384617,0.4444444444444444,-0.2673321998142636,0.39460669838220075,36.486843939393935,127.24986257575758,36.487826,127.26072245454546
16,16:00-17:00,grid_8123_22775,grid_8123_22778,1,0,1,0.3069992228516933,0.3069992228516933,0.05174381132229836,0.4444444444444444,0.890813005971109,0.813485251719865,36.4867747,127.2507625,36.4882086,127.26565020000001
16,16:00-17:00,grid_8123_22775,grid_8126_22776,1,0,1,0.0872916436006415,0.0872916436006415,0.04305548965262651,0.1111111111111111,0.9457408581178102,0.8278596113146748,36.486769,127.24937914285715,36.50002185714286,127.25649414285714
16,16:00-17:00,grid_8123_22776,grid_8123_22775,1,0,1,1.716328484776393,1.716328484776393,0.776811543805567,2.2222222222222223,-0.5489853614215859,0.2915077479030982,36.4874826302521,127.25658496218487,36.48677772268908,127.24978823529412
16,16:00-17:00,grid_8123_22776,grid_8124_22776,1,0,1,0.7714372872060656,0.7714372872060656,0.3469636777316162,1.0,-1.6624179250215714,0.048214503646906326,36.48754262376238,127.25677698019803,36.49086030693069,127.25622008910891
16,16:00-17:00,grid_8123_22776,grid_8122_22777,1,0,1,0.6174985127713256,0.6174985127713256,0.31983702061648606,0.7777777777777778,-2.668079218768929,0.003814313428814664,36.48803335227273,127.256990375,36.483354,127.26017020454546
16,16:00-17:00,grid_8123_22776,grid_8121_22775,1,0,1,0.4392768752102369,0.4392768752102369,0.22333075456893067,0.5555555555555556,0.1720178686719075,0.5682882593890091,36.487640901639345,127.25665386885247,36.478365049180326,127.25040206557377
16,16:00-17:00,grid_8123_22776,grid_8124_22775,1,0,1,0.2601290441720407,0.2601290441720407,0.12417822144392572,0.3333333333333333,0.3779933851746172,0.6472822460293173,36.48801465625,127.25633034375,36.491609249999996,127.24928865625
16,16:00-17:00,grid_8123_22776,grid_8121_22776,1,0,1,0.18738313339626614,0.18738313339626614,0.1226819684337763,0.2222222222222222,-0.5811177699031809,0.2805805415274447,36.4874925625,127.25692803125,36.4786765,127.2540784375
16,16:00-17:00,grid_8123_22776,grid_8125_22775,1,0,1,0.16971108025289727,0.16971108025289727,0.07219038802415098,0.2222222222222222,-0.5176361137863805,0.30235608994701646,36.4879135625,127.25679099999999,36.4955275625,127.2491366875
16,16:00-17:00,grid_8123_22776,grid_8125_22774,1,0,1,0.09558503456218453,0.09558503456218453,0.06675089239989233,0.1111111111111111,-1.3681974317429577,0.08562514265273602,36.488067799999996,127.25668846666667,36.49637433333333,127.2438632
16,16:00-17:00,grid_8151_22782,grid_8150_22782,1,1,0,0.8531488688822502,0.8531488688822502,0.3740761333143654,1.1111111111111112,0.13365550845303129,0.5531625057424511,36.611647683453235,127.28828543884892,36.608404,127.28860376978419
16,16:00-17:00,grid_8151_22782,grid_8151_22783,2,2,0,0.46980680428836613,0.46980680428836613,0.10420991701437933,0.6666666666666666,0.002151113036913052,0.5008581692785147,36.61203330769231,127.28857076923077,36.611318,127.29310453846155
16,16:00-17:00,grid_8129_22778,grid_8129_22777,2,0,2,1.3122776793377315,1.3122776793377315,0.44777749652050314,1.7777777777777777,0.03631740424787755,0.514485363744552,36.51453657364341,127.2655159767442,36.514442209302324,127.25940521705428
16,16:00-17:00,grid_8128_22778,grid_8129_22777,2,0,2,1.2944924072732795,1.2944924072732795,0.39696243347921134,1.7777777777777777,-0.7480502489689241,0.22721492452613795,36.51007996581196,127.26617884615385,36.51404345299146,127.25967005982905
16,16:00-17:00,grid_8128_22778,grid_8129_22778,1,0,1,0.604639708496429,0.604639708496429,0.07674837348186082,0.8888888888888888,0.37660235812425447,0.646765432467459,36.50983315789474,127.26691036842105,36.514450315789475,127.2659397368421
16,16:00-17:00,grid_8128_22778,grid_8128_22774,1,0,1,0.010413315736284842,0.010413315736284842,0.02975233067509955,0.0,1.206461140297412,0.8861801330571555,36.510116000000004,127.266428,36.511111666666665,127.24190766666668
16,16:00-17:00,grid_8132_22778,grid_8133_22777,1,0,1,0.7847529459529559,0.7847529459529559,0.38500841700844546,1.0,-0.7548412462653211,0.22517212112140333,36.529149587719296,127.2642854736842,36.530680614035084,127.25919527192983
16,16:00-17:00,grid_8132_22778,grid_8133_22776,1,0,1,0.34911259879503864,0.34911259879503864,0.17206774258899932,0.4444444444444444,-1.0992550564958201,0.13582841500596782,36.52925917777778,127.26429897777778,36.53078891111111,127.2545746888889
16,16:00-17:00,grid_8132_22778,grid_8128_22776,1,0,1,0.009258597843347219,0.009258597843347219,0.02645313669527777,0.0,-0.7329718972683248,0.2317877849229526,36.529222000000004,127.264201,36.5117155,127.255112
16,16:00-17:00,grid_8129_22777,grid_8128_22778,1,0,1,0.4865651694265446,0.4865651694265446,0.358440166615524,0.5555555555555556,-0.03498438325964148,0.4860460968021385,36.51409285981308,127.25992173831776,36.50993799065421,127.26573695327103
16,16:00-17:00,grid_8129_22777,grid_8128_22774,1,0,1,0.19320726447143466,0.19320726447143466,0.13932234293425777,0.2222222222222222,-0.6955354083279555,0.24335991457165318,36.51343886486486,127.25899867567568,36.511149081081086,127.24257824324326
16,16:00-17:00,grid_8129_22777,grid_8128_22776,1,0,1,0.2504583465991423,0.2504583465991423,0.09654765694993034,0.3333333333333333,0.2554180260458624,0.6007998751814021,36.51373995652174,127.25902439130435,36.51033947826087,127.25620860869564
16,16:00-17:00,grid_8129_22777,grid_8130_22778,1,0,1,0.0837939673100438,0.0837939673100438,0.03306212882234737,0.1111111111111111,-0.29447352992038267,0.3841980436302851,36.51473075,127.25912025,36.51773475,127.264197
16,16:00-17:00,grid_8122_22775,grid_8123_22776,1,0,1,0.9093884384548493,0.9093884384548493,0.3284114114582994,1.2222222222222223,-0.2915771953156763,0.38530495681182275,36.48368476923077,127.25025258241757,36.48769169230769,127.25681376923077
16,16:00-17:00,grid_8122_22775,grid_8124_22776,1,0,1,0.2112027457794775,0.2112027457794775,0.19073800381438027,0.2222222222222222,-0.7021900795870346,0.2412803157343974,36.483750642857146,127.25034023214286,36.490678732142854,127.25632755357142
16,16:00-17:00,grid_8122_22775,grid_8121_22775,1,0,1,0.33615743777722995,0.33615743777722995,0.13505299682383176,0.4444444444444444,-0.12294453217707513,0.4510755107590223,36.483703885714284,127.2504113142857,36.47808137142857,127.24942585714287
16,16:00-17:00,grid_8150_22782,grid_8149_22782,1,1,0,0.38564793633572764,0.38564793633572764,0.2764544212766822,0.4444444444444444,-1.5055150658429213,0.06609585321975264,36.60860547560976,127.28799259756097,36.60363220731707,127.28990746341464
16,16:00-17:00,grid_8149_22783,grid_8150_22782,1,1,0,0.44528150185882653,0.44528150185882653,0.24048683070775823,0.5555555555555556,-1.7555272568841482,0.03958458129523956,36.604029242857145,127.29334848571429,36.60859451428571,127.2884215
16,16:00-17:00,grid_8149_22783,grid_8146_22782,1,1,0,0.014583523137169456,0.014583523137169456,0.04166720896334131,0.0,-2.495918960150224,0.006281564977512033,36.603761000000006,127.29396628571429,36.59089371428571,127.29043514285715
16,16:00-17:00,grid_8125_22776,grid_8124_22776,1,0,1,0.4436545490649166,0.4436545490649166,0.23583839415372984,0.5555555555555556,-0.7148815426569697,0.237341121493235,36.49559055384615,127.25614199999998,36.49140515384615,127.25632766153848
16,16:00-17:00,grid_8125_22776,grid_8123_22776,1,0,1,0.18019312593979006,0.18019312593979006,0.10213908998670182,0.2222222222222222,0.45817852130559,0.6765879051503456,36.49590648,127.25612564,36.4876218,127.2567622
16,16:00-17:00,grid_8125_22776,grid_8125_22777,1,0,1,0.3153616951316523,0.3153616951316523,0.07563658926503841,0.4444444444444444,0.30672848284186593,0.6204749760139014,36.495453705882355,127.25663770588235,36.49538805882353,127.26074576470589
16,16:00-17:00,grid_8125_22776,grid_8128_22774,1,0,1,0.09319645422567728,0.09319645422567728,0.05992637715272877,0.1111111111111111,-0.029256742283677917,0.48832991338863857,36.49527558333333,127.25634941666665,36.510562,127.2435535
16,16:00-17:00,grid_8125_22776,grid_8125_22772,1,0,1,0.08032980174019509,0.08032980174019509,0.023164512908493917,0.1111111111111111,-2.8667130790752555,0.002073794241823357,36.494739,127.254248,36.494025,127.235516
16,16:00-17:00,grid_8128_22775,grid_8128_22774,1,0,1,0.4356374112440438,0.4356374112440438,0.2129322860940933,0.5555555555555556,-1.5584275844078685,0.059565960949003904,36.51063091935484,127.24921898387096,36.51110772580645,127.24315827419356
16,16:00-17:00,grid_8128_22775,grid_8127_22775,2,0,2,0.28319777505302995,0.28319777505302995,0.19008888110389516,0.3333333333333333,1.284412827802784,0.9005012265448175,36.51101451923077,127.2495800576923,36.504806153846154,127.24979657692307
16,16:00-17:00,grid_8129_22774,grid_8129_22775,1,0,1,0.7257635667906321,0.7257635667906321,0.21646733368752044,1.0,1.034778289042957,0.849613767805317,36.51382416129032,127.24414732258064,36.5126719516129,127.24859159677419
16,16:00-17:00,grid_8129_22774,grid_8130_22774,1,0,1,0.4326915665584499,0.4326915665584499,0.20451558699239653,0.5555555555555556,1.078614293221716,0.8596201465632562,36.51304364912281,127.2435240877193,36.51767496491228,127.24310754385965
16,16:00-17:00,grid_8129_22774,grid_8130_22773,1,0,1,0.35330682860041396,0.35330682860041396,0.18405125631864322,0.4444444444444444,0.9746363105454503,0.8351296522324636,36.512950411764706,127.24279078431373,36.51820566666667,127.23813172549019
16,16:00-17:00,grid_8129_22774,grid_8127_22774,1,0,1,0.2443495201795097,0.2443495201795097,0.0790938671795515,0.3333333333333333,0.5181339091044865,0.6978175784994531,36.51247966666667,127.24274116666668,36.50554455555556,127.24383361111111
16,16:00-17:00,grid_8129_22774,grid_8128_22773,1,0,1,0.09798899417717465,0.09798899417717465,0.07361934844272122,0.1111111111111111,1.7356365492469492,0.958685940424206,36.5123649375,127.24294,36.508641125,127.2394789375
16,16:00-17:00,grid_8129_22774,grid_8126_22775,1,0,1,0.16801090399478624,0.16801090399478624,0.06733274157240517,0.2222222222222222,0.1276553599280703,0.5507891407073107,36.51249346666667,127.24342666666666,36.501931,127.24884873333333
16,16:00-17:00,grid_8129_22774,grid_8131_22772,1,0,1,0.09389348373237405,0.09389348373237405,0.06191789002900527,0.1111111111111111,1.6219506468049891,0.9475930420459799,36.51252953846154,127.24258046153847,36.522388,127.23270661538461
16,16:00-17:00,grid_8129_22774,grid_8125_22776,1,0,1,0.16019980068502176,0.16019980068502176,0.045015303544506634,0.2222222222222222,0.21414645918084863,0.5847835765740848,36.512518125,127.24489975,36.494976375,127.255973625
16,16:00-17:00,grid_8130_22774,grid_8129_22774,1,0,1,0.5061181541209206,0.5061181541209206,0.20795663082167798,0.6666666666666666,-0.40477397330016385,0.34282183080895856,36.517858245901635,127.24340052459017,36.51289986885246,127.24316890163935
16,16:00-17:00,grid_8151_22781,grid_8150_22782,1,1,0,0.2906035509264487,0.2906035509264487,0.21124824074223428,0.3333333333333333,-0.8953174917837382,0.18530869620938933,36.611808389830514,127.28470047457627,36.609099084745765,127.28833798305084
16,16:00-17:00,grid_8124_22777,grid_8123_22776,1,0,1,0.14309158171908157,0.14309158171908157,0.20248388427674102,0.1111111111111111,-0.6769161023055408,0.24922959347496548,36.49048520689656,127.26010010344828,36.48741179310345,127.25706837931035
16,16:00-17:00,grid_8124_22777,grid_8122_22777,2,0,2,0.10745748189988913,0.10745748189988913,0.10067217050761977,0.1111111111111111,-0.8862130420800308,0.18775136851081997,36.49050628,127.25974004,36.48307516,127.26089736
16,16:00-17:00,grid_8124_22777,grid_8129_22774,1,0,1,0.08148082006556943,0.08148082006556943,0.02645313669527777,0.1111111111111111,0.6212213552314864,0.7327730047977125,36.490114,127.25920450000001,36.5139725,127.24346349999999
16,16:00-17:00,grid_8130_22773,grid_8130_22773,1,0,1,0.5790547086346303,0.5790547086346303,0.20999758022592765,0.7777777777777778,0.38804935181038047,0.6510102439556266,36.518902741379314,127.23769250000001,36.51877653448276,127.23823943103449
16,16:00-17:00,grid_8130_22773,grid_8128_22774,1,0,1,0.3177856789683863,0.3177856789683863,0.08256225736999256,0.4444444444444444,-0.8088760794778436,0.20929321466541057,36.51878442105263,127.23811221052631,36.51117210526316,127.24241194736841
16,16:00-17:00,grid_8130_22773,grid_8129_22777,1,0,1,0.4594885000030391,0.4594885000030391,0.07472904762773067,0.6666666666666666,-0.29877452457152465,0.3825560450157893,36.519238333333334,127.23653416666667,36.51439461111111,127.25878955555555
16,16:00-17:00,grid_8130_22773,grid_8126_22773,1,0,1,0.0837939673100438,0.0837939673100438,0.03306212882234737,0.1111111111111111,0.5342170468186331,0.7034043117928876,36.517670499999994,127.238202,36.5002735,127.236196
16,16:00-17:00,grid_8121_22775,grid_8123_22776,1,0,1,0.2890149458235072,0.2890149458235072,0.20670936901954423,0.3333333333333333,1.455076204743417,0.9271759170500791,36.47815165517242,127.25060174137931,36.487779741379306,127.25681037931035
16,16:00-17:00,grid_8121_22775,grid_8122_22777,1,0,1,0.11949077111056333,0.11949077111056333,0.13505299682383176,0.1111111111111111,1.2096267896433976,0.8867889331908192,36.47766071428571,127.25040988571429,36.48179502857143,127.26080782857142
16,16:00-17:00,grid_8121_22775,grid_8121_22776,1,0,1,0.18070723201976369,0.18070723201976369,0.1036079645009122,0.2222222222222222,0.16347266219759987,0.5649268519991733,36.47761072,127.24977948,36.47930312,127.25387868
16,16:00-17:00,grid_8128_22772,grid_8127_22772,1,0,1,0.36000982619570565,0.36000982619570565,0.20320267801947647,0.4444444444444444,0.029272308818747206,0.5116762941017047,36.510284636363636,127.23245543636364,36.50579109090909,127.23455416363636
16,16:00-17:00,grid_8120_22776,grid_8122_22777,1,0,1,0.28801730040087387,0.28801730040087387,0.20385895352630623,0.3333333333333333,0.8013882601980756,0.7885465452974847,36.47482834545455,127.25441469090909,36.48195289090909,127.26037421818182
16,16:00-17:00,grid_8133_22776,grid_8132_22778,1,0,1,0.35820306225544607,0.35820306225544607,0.19804049533302057,0.4444444444444444,-0.3692703656822723,0.3559631059088873,36.530791074074074,127.25480333333334,36.52914038888889,127.26423118518518
16,16:00-17:00,grid_8133_22778,grid_8132_22778,1,0,1,0.5715083486599986,0.5715083486599986,0.18843655172697998,0.7777777777777778,0.42100033945771,0.6631225830081853,36.53224683018868,127.26616749056605,36.52921573584906,127.26460133962264
16,16:00-17:00,grid_8133_22778,grid_8133_22777,1,0,1,0.6049579448876369,0.6049579448876369,0.07765762031388342,0.8888888888888888,0.5600632908320952,0.7122818658401896,36.532806368421056,127.26520984210526,36.53089289473684,127.25930678947368
16,16:00-17:00,grid_8130_22775,grid_8129_22774,1,0,1,0.12850143505640532,0.12850143505640532,0.1607977509548089,0.1111111111111111,-0.746796472888359,0.22759321249908376,36.51838067924528,127.25106173584905,36.51327637735849,127.24471545283019
16,16:00-17:00,grid_8126_22777,grid_8127_22775,1,0,1,0.3512043805698648,0.3512043805698648,0.17804426194564554,0.4444444444444444,0.17540910673602006,0.5696209073080194,36.50129704,127.2596319,36.5048174,127.25026882
16,16:00-17:00,grid_8126_22777,grid_8128_22777,1,0,1,0.027180167109859193,0.027180167109859193,0.07765762031388342,0.0,0.39424966689767604,0.6533016399858325,36.50100388888889,127.25960866666667,36.509112333333334,127.26109261111111
16,16:00-17:00,grid_8126_22777,grid_8126_22777,2,0,2,0.454774898344776,0.454774898344776,0.06126161431840763,0.6666666666666666,-0.3164480508480393,0.37583122500592747,36.5006115,127.259824625,36.500721125,127.2595535625
16,16:00-17:00,grid_8126_22777,grid_8125_22774,1,0,1,0.009258597843347219,0.009258597843347219,0.02645313669527777,0.0,0.8285829196044977,0.7963297718166232,36.4998905,127.2587355,36.4970145,127.24365399999999
16,16:00-17:00,grid_8121_22776,grid_8121_22776,1,0,1,0.3499846983904375,0.3499846983904375,0.1745594557187104,0.4444444444444444,-2.3711367697371912,0.008866733790939163,36.478213839999995,127.25481359999999,36.47880568,127.2545302
16,16:00-17:00,grid_8124_22776,grid_8126_22776,1,0,1,0.1332167081162539,0.1332167081162539,0.17426995969723344,0.1111111111111111,-0.03776408450444524,0.4849378901735232,36.49158761702128,127.25640768085107,36.49939061702128,127.25534914893616
16,16:00-17:00,grid_8124_22776,grid_8124_22777,1,0,1,0.4098739311381014,0.4098739311381014,0.13932234293425777,0.5555555555555556,-0.6444305215759143,0.25964814895280597,36.491268702702705,127.25624951351351,36.49062394594595,127.26026313513513
16,16:00-17:00,grid_8123_22777,grid_8123_22776,1,0,1,0.6376789450461962,0.6376789450461962,0.1711461921954812,0.8888888888888888,-0.39316789896169324,0.3470977387112297,36.48756006382978,127.26059019148937,36.487639531914894,127.2570979148936
16,16:00-17:00,grid_8127_22777,grid_8129_22777,1,0,1,0.34602263444900777,0.34602263444900777,0.16323927302891117,0.4444444444444444,-1.6155026486345982,0.05310094361168821,36.50578476595744,127.26109719148937,36.51359906382979,127.25929910638298
16,16:00-17:00,grid_8127_22777,grid_8125_22776,1,0,1,0.1595138658228637,0.1595138658228637,0.04305548965262651,0.2222222222222222,-1.171739105846048,0.12065090871970807,36.50500914285714,127.261472,36.496440428571425,127.25602657142858
16,16:00-17:00,grid_8127_22777,grid_8127_22773,1,0,1,0.08612200814427978,0.08612200814427978,0.039713674063021634,0.1111111111111111,-0.5308712168655261,0.29775401238551946,36.504978666666666,127.26091366666667,36.503985666666665,127.23846566666667
16,16:00-17:00,grid_8127_22777,grid_8123_22775,1,0,1,0.15485776018072928,0.15485776018072928,0.02975233067509955,0.2222222222222222,0.07008939808164971,0.52793874747221,36.503737666666666,127.26111733333335,36.48865366666667,127.249568
16,16:00-17:00,grid_8124_22775,grid_8123_22776,1,0,1,0.2667111778378288,0.2667111778378288,0.14298431763189173,0.3333333333333333,1.001103122097913,0.8416115220973683,36.491538184210526,127.24935394736842,36.48774192105263,127.25666918421054
16,16:00-17:00,grid_8124_22775,grid_8125_22776,1,0,1,0.17874762226547203,0.17874762226547203,0.09800907948865029,0.2222222222222222,0.0732006733187027,0.529176784701798,36.49209796,127.24995564000001,36.495113,127.25601828
16,16:00-17:00,grid_8124_22775,grid_8128_22774,1,0,1,0.1606872606853963,0.1606872606853963,0.04640804640271962,0.2222222222222222,-0.20179759817796739,0.4200374796499704,36.492282625,127.24931375,36.510655875,127.244012875
16,16:00-17:00,grid_8124_22775,grid_8126_22773,1,0,1,0.08032980174019509,0.08032980174019509,0.023164512908493917,0.1111111111111111,-0.4288898006359161,0.33400171151855274,36.49335,127.249238,36.49928,127.237034
16,16:00-17:00,grid_8127_22772,grid_8127_22773,1,0,1,0.6276042074091097,0.6276042074091097,0.14236122751809133,0.8888888888888888,0.07654669731236174,0.5305079180780261,36.50541618918919,127.2346387027027,36.50516781081081,127.23909391891893
16,16:00-17:00,grid_8127_22772,grid_8127_22774,1,0,1,0.01693095581376535,0.01693095581376535,0.04837415946790101,0.0,0.06770496658812653,0.5269897521897157,36.505063666666665,127.23451377777776,36.50509566666667,127.24376155555554
16,16:00-17:00,grid_8127_22772,grid_8126_22776,1,0,1,0.0872916436006415,0.0872916436006415,0.04305548965262651,0.1111111111111111,-2.049325317621081,0.020215157294066366,36.505482428571426,127.23469557142857,36.501467,127.253687
16,16:00-17:00,grid_8130_22772,grid_8129_22771,1,0,1,0.33743432608124424,0.33743432608124424,0.13870124912101536,0.4444444444444444,-1.0330933950115555,0.1507800970185027,36.51901610810811,127.23449908108108,36.51398348648649,127.22907856756757
16,16:00-17:00,grid_8130_22772,grid_8130_22773,1,0,1,0.33414199298545566,0.33414199298545566,0.1292945831330481,0.4444444444444444,-1.1212374998857793,0.13109339070617448,36.51886057142857,127.23424274285715,36.51809325714286,127.23831411428571
16,16:00-17:00,grid_8130_22772,grid_8130_22774,1,0,1,0.09459182289912615,0.09459182289912615,0.06391314479115409,0.1111111111111111,-1.4091917557340048,0.07938923743511106,36.51866042857143,127.23440628571429,36.51757464285714,127.24332771428571
16,16:00-17:00,grid_8130_22772,grid_8129_22777,1,0,1,0.232422022907244,0.232422022907244,0.045015303544506634,0.3333333333333333,0.08323808877742267,0.5331688863275976,36.51908025,127.234629125,36.51399525,127.25864975
16,16:00-17:00,grid_8122_22777,grid_8121_22775,2,0,2,0.26393521555500776,0.26393521555500776,0.13505299682383176,0.3333333333333333,-0.3906819999206346,0.3480161527633575,36.48198288571428,127.26021797142857,36.47803382857143,127.25001351428571
16,16:00-17:00,grid_8122_22777,grid_8126_22777,1,0,1,0.08612200814427978,0.08612200814427978,0.039713674063021634,0.1111111111111111,-0.20269660625485386,0.41968608796670226,36.48364316666667,127.25962466666665,36.500691833333335,127.258391
16,16:00-17:00,grid_8128_22774,grid_8129_22775,1,0,1,0.4068909882951628,0.4068909882951628,0.1307996490972904,0.5555555555555556,0.46065221409091217,0.677475927928317,36.51109005882353,127.24302879411765,36.51235088235294,127.24877985294118
16,16:00-17:00,grid_8128_22774,grid_8128_22773,1,0,1,0.18143298744171021,0.18143298744171021,0.10568155142075936,0.2222222222222222,-0.7980192577601142,0.21242965736642683,36.51117276923077,127.2427295,36.50917384615384,127.2396883076923
16,16:00-17:00,grid_8123_22778,grid_8123_22777,2,0,2,0.400072956874064,0.400072956874064,0.1113195593227224,0.5555555555555556,0.016623791483198647,0.5066316278396029,36.488160344827584,127.26551796551725,36.48723727586207,127.2611774137931
16,16:00-17:00,grid_8122_22784,grid_8123_22784,1,0,1,0.2568787015849209,0.2568787015849209,0.11489152833786917,0.3333333333333333,-0.5564107755717018,0.28896503710650445,36.48310227586207,127.29883079310345,36.48666458620689,127.30078972413793
16,16:00-17:00,grid_8122_22784,grid_8122_22785,1,0,1,0.11118406798517505,0.11118406798517505,0.1113195593227224,0.1111111111111111,-1.5189746877223864,0.06438443374469355,36.482514107142855,127.29988092857143,36.48214828571428,127.30526832142857
16,16:00-17:00,grid_8122_22784,grid_8120_22783,1,0,1,0.08263553795850706,0.08263553795850706,0.02975233067509955,0.1111111111111111,-1.1360154958883584,0.12797503953873846,36.483420333333335,127.30001733333334,36.475506,127.29348699999998
16,16:00-17:00,grid_8132_22779,grid_8132_22778,1,0,1,0.3278507346518417,0.3278507346518417,0.1113195593227224,0.4444444444444444,-0.666321440342903,0.2526028320970195,36.527587857142855,127.27066403571429,36.52882953571429,127.26493085714286
16,16:00-17:00,grid_8129_22776,grid_8129_22777,1,0,1,0.3243342714909078,0.3243342714909078,0.10127252172005421,0.4444444444444444,-1.8701228054376118,0.030733383120275626,36.5137848076923,127.25670726923077,36.51408180769231,127.26014069230769
16,16:00-17:00,grid_8129_22776,grid_8128_22776,1,0,1,0.08964220481524479,0.08964220481524479,0.049771378837207385,0.1111111111111111,-0.31407272602622033,0.37673290183479347,36.51482088888889,127.2573082222222,36.509768666666666,127.25651311111112
16,16:00-17:00,grid_8126_22775,grid_8127_22774,2,0,2,0.3953215762985738,0.3953215762985738,0.09774418624989314,0.5555555555555556,-0.4193419589323039,0.3374831178877604,36.50160632,127.24899244,36.50462776,127.24410504
16,16:00-17:00,grid_8126_22775,grid_8127_22777,1,0,1,0.17527327643397614,0.17527327643397614,0.08808237711294771,0.2222222222222222,0.3326444514955378,0.6302986575366873,36.50117338095238,127.24917628571427,36.5042310952381,127.26122476190477
16,16:00-17:00,grid_8126_22775,grid_8128_22775,1,0,1,0.17384620875407336,0.17384620875407336,0.08400504088465406,0.2222222222222222,-0.9577425527734902,0.1690962967987471,36.501849736842104,127.24937778947368,36.51078478947369,127.24920847368422
16,16:00-17:00,grid_8126_22775,grid_8129_22776,1,0,1,0.02097423200345507,0.02097423200345507,0.05992637715272877,0.0,0.9840054300575367,0.8374435784814038,36.501362,127.25036516666667,36.51436391666667,127.25734266666666
16,16:00-17:00,grid_8126_22775,grid_8129_22775,1,0,1,0.23359762248043203,0.23359762248043203,0.04837415946790101,0.3333333333333333,-0.30702355551927385,0.3794127214204317,36.50042466666667,127.25035522222223,36.51208111111111,127.2479028888889
16,16:00-17:00,grid_8126_22775,grid_8128_22777,1,0,1,0.08612200814427978,0.08612200814427978,0.039713674063021634,0.1111111111111111,-0.22428615769697913,0.4112673232104388,36.501136,127.24939466666666,36.508282333333334,127.26172966666667
16,16:00-17:00,grid_8126_22775,grid_8128_22773,1,0,1,0.08495612004943527,0.08495612004943527,0.03638256522060874,0.1111111111111111,0.9978188390632647,0.8408163933934565,36.502155,127.2483672,36.509177799999996,127.24006159999999
16,16:00-17:00,grid_8130_22777,grid_8130_22776,2,0,2,0.17772530727922564,0.17772530727922564,0.09508817952794629,0.2222222222222222,-0.7541741327574836,0.22537233390923972,36.517613652173914,127.26184995652173,36.5184127826087,127.25638513043478
16,16:00-17:00,grid_8130_22777,grid_8127_22773,1,0,1,0.008107579517972871,0.008107579517972871,0.023164512908493917,0.0,0.33566968683232634,0.6314400164027718,36.517809,127.258771,36.506771,127.237095
16,16:00-17:00,grid_8127_22774,grid_8127_22773,1,0,1,0.3214509496573964,0.3214509496573964,0.09303445933859292,0.4444444444444444,-0.8791304907441388,0.18966526360627745,36.504366454545455,127.2439394090909,36.50526895454545,127.23864545454545
16,16:00-17:00,grid_8133_22777,grid_8133_22776,1,0,1,0.5346590113011856,0.5346590113011856,0.08315273070180042,0.7777777777777778,-2.0340983466682756,0.02097084032268315,36.53104704761905,127.25979633333334,36.53073690476191,127.25474414285715
16,16:00-17:00,grid_8128_22777,grid_8126_22776,1,0,1,0.24627537207584024,0.24627537207584024,0.08459630116906736,0.3333333333333333,-1.1676011878603987,0.12148383541838964,36.508647350000004,127.26091635,36.50020885,127.25559575
16,16:00-17:00,grid_8128_22777,grid_8127_22779,1,0,1,0.16731032024784587,0.16731032024784587,0.06533107372400411,0.2222222222222222,-0.41862274462376126,0.337745932193643,36.508089,127.26221935714285,36.50557521428571,127.27153185714285
16,16:00-17:00,grid_8124_22774,grid_8123_22774,1,0,1,0.24485287653717772,0.24485287653717772,0.08053202820146015,0.3333333333333333,-0.7497808718979933,0.22669334547299602,36.49230765,127.24305645,36.487514950000005,127.24520190000001
16,16:00-17:00,grid_8122_22785,grid_8122_22784,1,0,1,0.174053149853618,0.174053149853618,0.08459630116906736,0.2222222222222222,0.8181081216209967,0.7933522741126864,36.4820309,127.30479685,36.4831071,127.2997261
16,16:00-17:00,grid_8122_22785,grid_8121_22784,1,0,1,0.014583523137169456,0.014583523137169456,0.04166720896334131,0.0,1.2197726685380355,0.8887244674534867,36.482122,127.30472285714286,36.47844371428572,127.29905014285714
16,16:00-17:00,grid_8122_22785,grid_8125_22786,1,0,1,0.008107579517972871,0.008107579517972871,0.023164512908493917,0.0,-1.3954999347127788,0.08143256723221737,36.482288,127.307149,36.497737,127.310668
16,16:00-17:00,grid_8149_22782,grid_8147_22782,2,2,0,0.029608705409173573,0.029608705409173573,0.08459630116906736,0.0,0.7486544043265291,0.7729672339829592,36.603075000000004,127.29045994999998,36.5943806,127.28863695
16,16:00-17:00,grid_8149_22782,grid_8152_22781,1,1,0,0.0837939673100438,0.0837939673100438,0.03306212882234737,0.1111111111111111,0.3176294388629374,0.6246169796465214,36.60263325,127.28965074999999,36.618264249999996,127.285766
16,16:00-17:00,grid_8150_22783,grid_8150_22781,1,1,0,0.029103455745630145,0.029103455745630145,0.08315273070180042,0.0,-1.9106561186612792,0.028024393731729047,36.6089444,127.2928727,36.6091068,127.28442445
16,16:00-17:00,grid_8129_22775,grid_8128_22775,1,0,1,0.24556345674616406,0.24556345674616406,0.08256225736999256,0.3333333333333333,-0.2654702749239296,0.3953236028850355,36.51360505263158,127.2496264736842,36.51094484210526,127.25013594736842
16,16:00-17:00,grid_8129_22775,grid_8130_22772,1,0,1,0.16019980068502176,0.16019980068502176,0.045015303544506634,0.2222222222222222,0.14247406374700733,0.556647217751224,36.5121555,127.248763125,36.51880325,127.2349925
16,16:00-17:00,grid_8129_22775,grid_8130_22776,1,0,1,0.08612200814427978,0.08612200814427978,0.039713674063021634,0.1111111111111111,0.7155444611482835,0.7628636610563109,36.5126055,127.250316,36.51856816666667,127.25456866666667
16,16:00-17:00,grid_8129_22775,grid_8132_22777,1,0,1,0.08148082006556943,0.08148082006556943,0.02645313669527777,0.1111111111111111,-0.4293426387998387,0.3338369455816714,36.513521,127.2505065,36.529036500000004,127.260956
16,16:00-17:00,grid_8127_22779,grid_8128_22778,1,0,1,0.09798899417717465,0.09798899417717465,0.07361934844272122,0.1111111111111111,0.36945600582202054,0.6441060702965358,36.5058135,127.2719830625,36.5089518125,127.2667808125
16,16:00-17:00,grid_8127_22779,grid_8132_22779,1,0,1,0.22940056449387974,0.22940056449387974,0.03638256522060874,0.3333333333333333,0.4953909433264193,0.6898379067817348,36.5060784,127.2727998,36.5258228,127.27140119999999
16,16:00-17:00,grid_8127_22779,grid_8126_22777,1,0,1,0.08263553795850706,0.08263553795850706,0.02975233067509955,0.1111111111111111,-1.244110830618716,0.10672938773231211,36.504483666666665,127.27153299999999,36.50214166666667,127.26045033333332
16,16:00-17:00,grid_8126_22776,grid_8125_22776,1,0,1,0.09798899417717465,0.09798899417717465,0.07361934844272122,0.1111111111111111,0.45700687461270406,0.676166947872358,36.4997238125,127.25518825,36.495250687500004,127.256513125
16,16:00-17:00,grid_8126_22776,grid_8126_22776,1,0,1,0.16801090399478624,0.16801090399478624,0.06733274157240517,0.2222222222222222,-0.3671322755329221,0.3567601766641655,36.499659199999996,127.25567873333333,36.500439,127.25539826666666
16,16:00-17:00,grid_8126_22773,grid_8126_22777,1,0,1,0.024562863563661788,0.024562863563661788,0.07017961018189083,0.0,0.8759493644425826,0.8094712192047664,36.50117853333334,127.239752,36.500237266666666,127.25903459999999
16,16:00-17:00,grid_8128_22773,grid_8130_22773,1,0,1,0.16801090399478624,0.16801090399478624,0.06733274157240517,0.2222222222222222,-0.1660220419568177,0.4340698019590481,36.5108788,127.240343,36.5182364,127.23837186666667
16,16:00-17:00,grid_8123_22774,grid_8123_22776,1,0,1,0.16801090399478624,0.16801090399478624,0.06733274157240517,0.2222222222222222,-1.163561412761337,0.12230089835661562,36.48713266666667,127.24588033333333,36.48753153333333,127.25681333333334
16,16:00-17:00,grid_8129_22771,grid_8127_22773,1,0,1,0.09558503456218453,0.09558503456218453,0.06675089239989233,0.1111111111111111,-0.2671731015114117,0.3946679427410205,36.51359657142857,127.22919578571428,36.50593807142857,127.23777578571428
16,16:00-17:00,grid_8125_22778,grid_8124_22777,1,0,1,0.0221666059259853,0.0221666059259853,0.06333315978852944,0.0,-0.049061629281204305,0.4804350909801023,36.495777230769235,127.265083,36.49094146153846,127.2598466153846
16,16:00-17:00,grid_8125_22778,grid_8127_22775,1,0,1,0.011571745087821578,0.011571745087821578,0.03306212882234737,0.0,1.24024585147769,0.8925577630990083,36.49676625,127.2651315,36.504349250000004,127.25026975
16,16:00-17:00,grid_8125_22775,grid_8125_22773,1,0,1,0.382782372621263,0.382782372621263,0.06191789002900527,0.5555555555555556,-0.29632619590819886,0.38349049118670564,36.495300538461535,127.24865069230769,36.49637176923077,127.23987623076923
16,16:00-17:00,grid_8130_22776,grid_8130_22776,1,0,1,0.09389348373237405,0.09389348373237405,0.06191789002900527,0.1111111111111111,-0.8886783385966568,0.18708798792838816,36.51932961538461,127.25542715384616,36.51918007692308,127.25493261538462
16,16:00-17:00,grid_8127_22778,grid_8128_22778,1,0,1,0.016442579916882947,0.016442579916882947,0.04697879976252271,0.0,-1.23067913636204,0.10922144715003018,36.50588311111111,127.26686077777777,36.510372555555556,127.26560644444446
16,16:00-17:00,grid_8129_22772,grid_8129_22773,1,0,1,0.08563766665847938,0.08563766665847938,0.03832984124644907,0.1111111111111111,0.44983204764685447,0.6735842260723972,36.51421916666667,127.23198566666667,36.513132,127.23987683333333
16,16:00-17:00,grid_8129_22772,grid_8127_22775,1,0,1,0.012733897827213058,0.012733897827213058,0.03638256522060874,0.0,0.3041584402088191,0.6194964071810374,36.5143318,127.23267820000001,36.5044152,127.24868380000001
16,16:00-17:00,grid_8131_22772,grid_8129_22777,1,0,1,0.299674729918537,0.299674729918537,0.030816688656137473,0.4444444444444444,1.3475010114112163,0.9110905360452392,36.5220312,127.234183,36.5143052,127.25865519999999
16,16:00-17:00,grid_8147_22782,grid_8147_22783,1,1,0,0.0837939673100438,0.0837939673100438,0.03306212882234737,0.1111111111111111,-1.9024508761234538,0.02855611759579274,36.59451575,127.288394,36.59388775,127.29517725
16,16:00-17:00,grid_8123_22785,grid_8122_22785,1,0,1,0.011571745087821578,0.011571745087821578,0.03306212882234737,0.0,-0.3727235445476933,0.354677105575512,36.485983000000004,127.30296725,36.48200725,127.3055695
16,16:00-17:00,grid_8122_22783,grid_8122_22785,1,0,1,0.010413315736284842,0.010413315736284842,0.02975233067509955,0.0,-0.1713971713522622,0.4319557394019352,36.48306233333333,127.293986,36.48172533333334,127.30479100000001
16,16:00-17:00,grid_8126_22789,grid_8126_22786,1,0,1,0.08263553795850706,0.08263553795850706,0.02975233067509955,0.1111111111111111,0.11439866268289349,0.545539112969199,36.501792333333334,127.32614666666666,36.50128466666666,127.31378966666666
16,16:00-17:00,grid_8125_22774,grid_8125_22772,1,0,1,0.08148082006556943,0.08148082006556943,0.02645313669527777,0.1111111111111111,0.2447671877244587,0.5966816491965524,36.4957345,127.2450115,36.497699999999995,127.2353095
16,16:00-17:00,grid_8124_22785,grid_8119_22779,1,0,1,0.15322487810688915,0.15322487810688915,0.025086953321270648,0.2222222222222222,0.35703183378260855,0.6394660128622929,36.492636,127.303065,36.4690035,127.274269
16,16:00-17:00,grid_8131_22779,grid_8132_22779,1,0,1,0.15370304228779164,0.15370304228779164,0.02645313669527777,0.2222222222222222,-1.7625252148026473,0.03899030001071685,36.524603,127.27139,36.5270705,127.270727
16,16:00-17:00,grid_8147_22781,grid_8149_22783,1,1,0,0.08148082006556943,0.08148082006556943,0.02645313669527777,0.1111111111111111,0.3726333913932238,0.6452893414074283,36.593535,127.284732,36.603708,127.2924965
16,16:00-17:00,grid_8128_22776,grid_8127_22774,1,0,1,0.008780433662444726,0.008780433662444726,0.025086953321270648,0.0,1.473730949540475,0.9297229768372841,36.5117545,127.255854,36.5053255,127.244985
16,16:00-17:00,grid_8123_22781,grid_8121_22782,1,0,1,0.08148082006556943,0.08148082006556943,0.02645313669527777,0.1111111111111111,1.5780281249784567,0.9427204256577517,36.4865125,127.283315,36.4793645,127.2878575
16,16:00-17:00,grid_8128_22779,grid_8127_22777,2,0,2,0.08148082006556943,0.08148082006556943,0.02645313669527777,0.1111111111111111,-0.0023262047769937455,0.49907197939854075,36.5076425,127.269366,36.504326000000006,127.26138750000001
16,16:00-17:00,grid_8124_22789,grid_8125_22786,1,0,1,0.08032980174019509,0.08032980174019509,0.023164512908493917,0.1111111111111111,1.8025475536129325,0.9642703499853967,36.492068,127.325143,36.497534,127.312069
16,16:00-17:00,grid_8131_22775,grid_8130_22775,1,0,1,0.08032980174019509,0.08032980174019509,0.023164512908493917,0.1111111111111111,0.05777606669729163,0.5230364988325877,36.521988,127.248897,36.519395,127.249782
16,16:00-17:00,grid_8148_22782,grid_8150_22784,1,1,0,0.008107579517972871,0.008107579517972871,0.023164512908493917,0.0,0.05353121950609768,0.5213456716335054,36.597782,127.290547,36.606642,127.298758
16,16:00-17:00,grid_8121_22779,grid_8122_22777,1,0,1,0.08032980174019509,0.08032980174019509,0.023164512908493917,0.1111111111111111,0.7570884947104422,0.7755015767628477,36.476316,127.271716,36.484588,127.259499
16,16:00-17:00,grid_8120_22783,grid_8120_22782,1,0,1,0.08032980174019509,0.08032980174019509,0.023164512908493917,0.1111111111111111,0.444153386470981,0.6715341546278359,36.475478,127.293468,36.474911,127.290875
16,16:00-17:00,grid_8120_22779,grid_8123_22778,1,0,1,0.008107579517972871,0.008107579517972871,0.023164512908493917,0.0,-1.5695233407207665,0.05826302260065952,36.474135,127.273459,36.48714,127.26497
16,16:00-17:00,grid_8120_22779,grid_8120_22779,1,0,1,0.008107579517972871,0.008107579517972871,0.023164512908493917,0.0,-2.7177973554152546,0.003285903704139892,36.47414,127.273524,36.474569,127.274691
16,16:00-17:00,grid_8119_22778,grid_8119_22776,1,0,1,0.008107579517972871,0.008107579517972871,0.023164512908493917,0.0,-2.061395029220601,0.01963268434930643,36.467827,127.263698,36.471098,127.25531
17,17:00-18:00,grid_8123_22775,grid_8123_22776,1,0,1,1.4563592232418372,1.4563592232418372,0.8594390505322337,1.7777777777777777,-0.48147654018663644,0.31508892462613775,36.48683560392157,127.24977767450982,36.487664847058824,127.25658410980392
17,17:00-18:00,grid_8123_22775,grid_8122_22775,1,0,1,0.6320248226352173,0.6320248226352173,0.3613407630847479,0.7777777777777778,1.02477718894128,0.8472658339758031,36.486519212121216,127.24949746464647,36.48348562626263,127.25037473737373
17,17:00-18:00,grid_8123_22775,grid_8124_22774,1,0,1,0.2841442359536576,0.2841442359536576,0.1927930551056884,0.3333333333333333,0.81044828293787,0.7911587113119829,36.48668444444444,127.24944583333334,36.491627055555554,127.24473598148148
17,17:00-18:00,grid_8123_22775,grid_8124_22777,2,0,2,1.072691923020155,1.072691923020155,0.1759451768829826,1.5555555555555556,0.11668854236921145,0.5464465649451086,36.4866925,127.2507220576923,36.49041157692307,127.25967015384616
17,17:00-18:00,grid_8123_22775,grid_8124_22775,2,0,2,0.34608208524542533,0.34608208524542533,0.163409132447247,0.4444444444444444,1.4745378699103429,0.9298315854117325,36.486969,127.24983782222222,36.49229793333333,127.24919037777778
17,17:00-18:00,grid_8123_22775,grid_8125_22774,1,0,1,0.3206971206754297,0.3206971206754297,0.09088066224725959,0.4444444444444444,-2.1066437822286175,0.017574234309914005,36.48693995652174,127.24931369565218,36.49590234782609,127.24404295652174
17,17:00-18:00,grid_8123_22775,grid_8127_22774,1,0,1,0.01250162030733487,0.01250162030733487,0.03571891516381392,0.0,0.5994077054447752,0.725549480069514,36.486605399999995,127.25003939999999,36.504277200000004,127.24396999999999
17,17:00-18:00,grid_8123_22775,grid_8125_22778,1,0,1,0.08010048669432188,0.08010048669432188,0.02250932706314189,0.1111111111111111,0.2593818167009171,0.6023296710377664,36.487417,127.250757,36.495923,127.266025
17,17:00-18:00,grid_8123_22776,grid_8123_22775,4,0,4,2.5825969265090087,2.5825969265090087,0.7756737582797084,3.5555555555555554,0.3661832469215047,0.6428858288187501,36.4874826302521,127.25658496218487,36.48677772268908,127.24978823529412
17,17:00-18:00,grid_8123_22776,grid_8124_22776,1,0,1,0.6989131789883346,0.6989131789883346,0.34610114631587696,0.8888888888888888,1.2918215436552285,0.9017905236078175,36.48754262376238,127.25677698019803,36.49086030693069,127.25622008910891
17,17:00-18:00,grid_8123_22776,grid_8122_22777,1,0,1,0.7616471509372007,0.7616471509372007,0.31899185982057326,1.0,0.4706260054755468,0.6810460833179002,36.48803335227273,127.256990375,36.483354,127.26017020454546
17,17:00-18:00,grid_8123_22776,grid_8122_22775,2,0,2,0.6101883580502064,0.6101883580502064,0.29895086427043105,0.7777777777777778,-0.16648319908660547,0.4338883519249258,36.4873025,127.2568888409091,36.48367968181818,127.25007542045455
17,17:00-18:00,grid_8123_22776,grid_8123_22776,2,0,2,0.7499465234491812,0.7499465234491812,0.2855614955690893,1.0,-0.9467564219577331,0.17188145617173306,36.4875495308642,127.25625320987653,36.48752739506173,127.25545916049383
17,17:00-18:00,grid_8123_22776,grid_8121_22775,1,0,1,0.5834471426825885,0.5834471426825885,0.2225473917915226,0.7777777777777778,-0.8035732642612117,0.21082173443834074,36.487640901639345,127.25665386885247,36.478365049180326,127.25040206557377
17,17:00-18:00,grid_8123_22776,grid_8122_22776,1,0,1,0.29135741338614146,0.29135741338614146,0.21340213348421375,0.3333333333333333,-0.28362885169665625,0.388347412129685,36.487072603448276,127.25683496551724,36.48310244827586,127.25375925862069
17,17:00-18:00,grid_8123_22776,grid_8126_22776,1,0,1,0.3163298922822918,0.3163298922822918,0.0784028668382941,0.4444444444444444,1.248271106051769,0.8940341041265955,36.48798294444444,127.257069,36.49901261111111,127.25572894444446
17,17:00-18:00,grid_8129_22777,grid_8129_22777,2,0,2,1.3691517688910644,1.3691517688910644,0.6102748952443113,1.7777777777777777,-0.7458727625723457,0.22787214010800277,36.514462615,127.26023842000001,36.51439415,127.26052846500001
17,17:00-18:00,grid_8129_22777,grid_8128_22775,1,0,1,1.7795870942959777,1.7795870942959777,0.5448520154488247,2.4444444444444446,0.7409207945384882,0.7706292668368895,36.513801374269,127.2592953508772,36.51134628070176,127.25024701754386
17,17:00-18:00,grid_8129_22777,grid_8128_22778,1,0,1,0.8473718223931508,0.8473718223931508,0.35757028620265263,1.1111111111111112,-1.2223405381659709,0.11078943764133581,36.51409285981308,127.25992173831776,36.50993799065421,127.26573695327103
17,17:00-18:00,grid_8129_22777,grid_8128_22777,2,0,2,0.44510818102901734,0.44510818102901734,0.2399916283368748,0.5555555555555556,-0.690410631658417,0.24496799637496353,36.51432083333333,127.25933243939394,36.50945165151516,127.26097834848485
17,17:00-18:00,grid_8129_22777,grid_8130_22776,1,0,1,0.332623362525534,0.332623362525534,0.12495563896184318,0.4444444444444444,0.8701298649886697,0.8078852807766126,36.51493015625,127.25899346875,36.5184213125,127.25436275
17,17:00-18:00,grid_8129_22777,grid_8128_22776,1,0,1,0.17799036245585728,0.17799036245585728,0.09584548003260816,0.2222222222222222,0.3928104374836278,0.6527702524577803,36.51373995652174,127.25902439130435,36.51033947826087,127.25620860869564
17,17:00-18:00,grid_8129_22777,grid_8122_22777,1,0,1,0.08010048669432188,0.08010048669432188,0.02250932706314189,0.1111111111111111,0.42811866860285486,0.6657176371417206,36.512375,127.258426,36.481722,127.260167
17,17:00-18:00,grid_8124_22776,grid_8123_22775,1,0,1,0.6675921753217936,0.6675921753217936,0.4629617707606803,0.7777777777777778,2.080764569502109,0.981272269675471,36.49082116788321,127.25572233576642,36.48714151824817,127.24963825547447
17,17:00-18:00,grid_8124_22776,grid_8125_22775,3,0,3,0.6472971204193132,0.6472971204193132,0.4049758996107363,0.7777777777777778,0.9479830865581846,0.8284309676886785,36.491381146551724,127.2563919913793,36.49579745689655,127.24914803448276
17,17:00-18:00,grid_8124_22776,grid_8124_22776,1,0,1,0.6835370680006023,0.6835370680006023,0.3021694006366417,0.8888888888888888,1.5053796233789052,0.9338867476095433,36.49175751685393,127.25548176404494,36.491559955056175,127.2559599213483
17,17:00-18:00,grid_8124_22776,grid_8125_22776,1,0,1,0.44975938736618265,0.44975938736618265,0.2532807893002043,0.5555555555555556,0.056519130074894286,0.5225358718566442,36.49128760810811,127.25652095945945,36.495107567567565,127.25612447297297
17,17:00-18:00,grid_8124_22776,grid_8125_22774,1,0,1,0.20672065848253246,0.20672065848253246,0.177932040108823,0.2222222222222222,0.1485199365121307,0.5590337733136251,36.491784145833336,127.25589672916668,36.496234083333334,127.24379649999999
17,17:00-18:00,grid_8124_22776,grid_8122_22775,2,0,2,0.3346310636315045,0.3346310636315045,0.1306919278360447,0.4444444444444444,0.7691825323455643,0.7791075207425004,36.49048917647059,127.25627779411765,36.483871176470586,127.24993585294118
17,17:00-18:00,grid_8124_22776,grid_8123_22777,1,0,1,0.11072309121601571,0.11072309121601571,0.11000248283941,0.1111111111111111,0.9900366328331798,0.8389218930377828,36.49103959259259,127.25646788888889,36.48733877777778,127.25999240740741
17,17:00-18:00,grid_8124_22776,grid_8127_22774,2,0,2,0.10618665731848143,0.10618665731848143,0.09704124313216918,0.1111111111111111,1.2740730286457302,0.8986812319844353,36.49127544,127.25673904,36.5050528,127.2438378
17,17:00-18:00,grid_8124_22776,grid_8120_22776,1,0,1,0.10138103570376716,0.10138103570376716,0.083310895661557,0.1111111111111111,1.2907421468811493,0.9016034476513333,36.490433894736846,127.2565157368421,36.474906473684214,127.25450905263159
17,17:00-18:00,grid_8124_22776,grid_8128_22777,1,0,1,0.0912792470762511,0.0912792470762511,0.054448642440082545,0.1111111111111111,0.5467078167778032,0.7077102584596708,36.49231645454545,127.2563599090909,36.50842545454546,127.26154000000001
17,17:00-18:00,grid_8124_22776,grid_8127_22776,1,0,1,0.014835648300443706,0.014835648300443706,0.04238756657269631,0.0,0.40952278344589044,0.6589219748286486,36.49106057142857,127.25659542857143,36.505615999999996,127.25334514285714
17,17:00-18:00,grid_8129_22778,grid_8129_22777,1,0,1,0.7341754208348698,0.7341754208348698,0.4468504087345488,0.8888888888888888,-0.42084250964890335,0.3369350439992064,36.51453657364341,127.2655159767442,36.514442209302324,127.25940521705428
17,17:00-18:00,grid_8128_22778,grid_8129_22777,2,0,2,0.9330682042786298,0.9330682042786298,0.39606788524052955,1.2222222222222223,-0.23972257165129607,0.4052726677183872,36.51007996581196,127.26617884615385,36.51404345299146,127.25967005982905
17,17:00-18:00,grid_8128_22778,grid_8127_22775,1,0,1,0.16045273622121134,0.16045273622121134,0.045737976505048294,0.2222222222222222,0.08689862149070227,0.5346239523661271,36.509411125,127.266102875,36.504320625,127.24969125
17,17:00-18:00,grid_8128_22778,grid_8132_22778,1,0,1,0.08010048669432188,0.08010048669432188,0.02250932706314189,0.1111111111111111,0.22347116242239795,0.5884155876510295,36.509025,127.267498,36.528826,127.264566
17,17:00-18:00,grid_8150_22782,grid_8150_22781,3,3,0,0.630705155726484,0.630705155726484,0.35757028620265263,0.7777777777777778,-0.11227584634479139,0.45530234625992916,36.60862505454545,127.28885344545455,36.60905114545454,127.2846300090909
17,17:00-18:00,grid_8150_22782,grid_8149_22782,1,1,0,1.0353618531101298,1.0353618531101298,0.2756370406321169,1.4444444444444444,-0.5474866630284628,0.29202221536508005,36.60860547560976,127.28799259756097,36.60363220731707,127.28990746341464
17,17:00-18:00,grid_8150_22782,grid_8149_22783,2,2,0,0.8148977961174133,0.8148977961174133,0.26478735398626013,1.1111111111111112,-0.17321845686228812,0.4312398582271264,36.608628789473684,127.28832227631578,36.603941,127.29309103947368
17,17:00-18:00,grid_8122_22775,grid_8123_22776,1,0,1,0.40353515489962805,0.40353515489962805,0.32756076003068346,0.4444444444444444,-0.16098218296065128,0.43605371677235405,36.48368476923077,127.25025258241757,36.48769169230769,127.25681376923077
17,17:00-18:00,grid_8122_22775,grid_8123_22775,1,0,1,0.8134795205331748,0.8134795205331748,0.26073513803129306,1.1111111111111112,0.05002183024274387,0.5199475039609892,36.483427569444444,127.24996948611111,36.48656019444444,127.24952426388889
17,17:00-18:00,grid_8122_22775,grid_8124_22776,1,0,1,0.644269206936809,0.644269206936809,0.1899755118829467,0.8888888888888888,-0.10656302277213407,0.4575678275227504,36.483750642857146,127.25034023214286,36.490678732142854,127.25632755357142
17,17:00-18:00,grid_8125_22776,grid_8125_22775,1,0,1,1.1080455523774926,1.1080455523774926,0.27695554647537557,1.5555555555555556,0.11797378601037067,0.5469557857283063,36.4948034047619,127.25588263095237,36.49571840476191,127.2494781547619
17,17:00-18:00,grid_8125_22776,grid_8125_22776,1,0,1,0.41530479027656897,0.41530479027656897,0.1548390833298794,0.5555555555555556,1.2432269652951247,0.8931078956700347,36.495515976190475,127.25613726190477,36.496007547619044,127.25591830952382
17,17:00-18:00,grid_8125_22776,grid_8124_22777,1,0,1,0.1889187121752678,0.1889187121752678,0.127069336373781,0.2222222222222222,-0.4143236364030917,0.3393185529224362,36.49516644117647,127.25625405882353,36.49096705882353,127.25981164705884
17,17:00-18:00,grid_8125_22776,grid_8125_22777,1,0,1,0.17067617542443408,0.17067617542443408,0.07494780279997049,0.2222222222222222,-0.024823375355323196,0.49009792298217936,36.495453705882355,127.25663770588235,36.49538805882353,127.26074576470589
17,17:00-18:00,grid_8125_22776,grid_8128_22774,1,0,1,0.30962556665474816,0.30962556665474816,0.059247650759598064,0.4444444444444444,0.8273033811817369,0.7959674360913722,36.49527558333333,127.25634941666665,36.510562,127.2435535
17,17:00-18:00,grid_8124_22775,grid_8124_22776,1,0,1,0.3871493421475741,0.3871493421475741,0.28074415216767223,0.4444444444444444,-1.419036575466102,0.07794417653132646,36.49245114102564,127.24958782051283,36.49133744871795,127.25584129487179
17,17:00-18:00,grid_8124_22775,grid_8124_22777,1,0,1,0.1723884818700667,0.1723884818700667,0.07984010693034935,0.2222222222222222,1.2293169025183681,0.8905234937951436,36.49203522222222,127.24965083333333,36.490960944444446,127.25851922222222
17,17:00-18:00,grid_8132_22778,grid_8132_22778,1,0,1,0.5204456128966093,0.5204456128966093,0.24889222732364547,0.6666666666666666,-0.09874232364420146,0.46067143181998005,36.528707732394366,127.26617153521127,36.52871407042254,127.2662959859155
17,17:00-18:00,grid_8132_22778,grid_8133_22778,1,0,1,0.4318366554816199,0.4318366554816199,0.20207298391573933,0.5555555555555556,0.48164820536992564,0.6849720621025093,36.52911537288136,127.26465838983052,36.532282237288136,127.26599916949152
17,17:00-18:00,grid_8132_22778,grid_8133_22776,1,0,1,0.3488499110603025,0.3488499110603025,0.17131720620403898,0.4444444444444444,-1.0551765972370875,0.1456722826619593,36.52925917777778,127.26429897777778,36.53078891111111,127.2545746888889
17,17:00-18:00,grid_8132_22778,grid_8131_22778,1,0,1,0.09295889998808154,0.09295889998808154,0.059247650759598064,0.1111111111111111,-0.4765096177561519,0.3168556785276493,36.52903558333333,127.264663,36.52391158333334,127.26706225
17,17:00-18:00,grid_8149_22783,grid_8150_22782,1,1,0,0.3727812575874616,0.3727812575874616,0.23969248199592208,0.4444444444444444,-0.6725509667067093,0.2506165025954882,36.604029242857145,127.29334848571429,36.60859451428571,127.2884215
17,17:00-18:00,grid_8127_22772,grid_8128_22772,1,0,1,0.2972094132153173,0.2972094132153173,0.23012213299614465,0.3333333333333333,1.5630572895650183,0.9409804398311064,36.505864676923075,127.23438895384615,36.51021643076923,127.23227610769231
17,17:00-18:00,grid_8128_22775,grid_8128_22774,1,0,1,0.5798100092558591,0.5798100092558591,0.21215558200086757,0.7777777777777778,1.4685174338982492,0.9290181379231478,36.51063091935484,127.24921898387096,36.51110772580645,127.24315827419356
17,17:00-18:00,grid_8128_22775,grid_8128_22777,2,0,2,0.1774798724611143,0.1774798724611143,0.09438693719048535,0.2222222222222222,1.548852425721536,0.939291400229799,36.51100373913044,127.2500184347826,36.50879713043478,127.26077308695652
17,17:00-18:00,grid_8128_22775,grid_8128_22778,1,0,1,0.08960720396963666,0.08960720396963666,0.04967137642118413,0.1111111111111111,-0.12990791461258366,0.44831964120016177,36.510743500000004,127.24988330000001,36.5102109,127.26484559999999
17,17:00-18:00,grid_8128_22775,grid_8128_22776,1,0,1,0.16114043514220192,0.16114043514220192,0.04770283056502141,0.2222222222222222,2.390742666944894,0.9915928333042203,36.51147,127.25028611111111,36.509215555555556,127.25666877777778
17,17:00-18:00,grid_8128_22775,grid_8127_22778,1,0,1,0.08308149922065738,0.08308149922065738,0.031026505709814765,0.1111111111111111,0.4413259267885079,0.6705114705018445,36.5094165,127.24887875,36.504835,127.26492825
17,17:00-18:00,grid_8130_22774,grid_8129_22774,1,0,1,0.5058474228487596,0.5058474228487596,0.20718311290121796,0.6666666666666666,-1.0736493544370278,0.1414899341707998,36.517858245901635,127.24340052459017,36.51289986885246,127.24316890163935
17,17:00-18:00,grid_8124_22777,grid_8123_22776,2,0,2,0.8650442992393661,0.8650442992393661,0.20171387084263306,1.2222222222222223,0.2408085912317154,0.5951482646501023,36.49048520689656,127.26010010344828,36.48741179310345,127.25706837931035
17,17:00-18:00,grid_8124_22777,grid_8123_22775,1,0,1,0.2772453314136482,0.2772453314136482,0.1730818992770901,0.3333333333333333,1.682053045681048,0.9537207228975673,36.49034392982456,127.25994738596492,36.4867457368421,127.24994392982457
17,17:00-18:00,grid_8122_22777,grid_8123_22777,1,0,1,0.4324216065045179,0.4324216065045179,0.20374427255259062,0.5555555555555556,-0.9507188199735785,0.17087356594036035,36.482674214285716,127.26116039285715,36.48746130357143,127.26090544642857
17,17:00-18:00,grid_8122_22777,grid_8120_22776,1,0,1,0.2789428807047547,0.2789428807047547,0.177932040108823,0.3333333333333333,-0.4410117892871249,0.3296022310757115,36.48190928571428,127.26069424489796,36.47456712244898,127.25459024489797
17,17:00-18:00,grid_8127_22773,grid_8127_22772,1,0,1,0.2835646065974904,0.2835646065974904,0.19113697123092485,0.3333333333333333,0.5448729987048133,0.7070795659757815,36.504951267857145,127.23863273214286,36.505412642857145,127.23472198214286
17,17:00-18:00,grid_8127_22773,grid_8128_22773,1,0,1,0.39047673317697223,0.39047673317697223,0.08390177733103163,0.5555555555555556,1.1488849982415894,0.874698297830881,36.50523485,127.23848425000001,36.510456399999995,127.24026590000001
17,17:00-18:00,grid_8127_22773,grid_8129_22777,1,0,1,0.014835648300443706,0.014835648300443706,0.04238756657269631,0.0,0.7760364305140439,0.7811362620162627,36.50537457142857,127.23848442857143,36.51386257142857,127.25861814285715
17,17:00-18:00,grid_8128_22772,grid_8127_22772,1,0,1,0.5764068270619817,0.5764068270619817,0.20243220430407455,0.7777777777777778,0.7059639123422712,0.7598947100486885,36.510284636363636,127.23245543636364,36.50579109090909,127.23455416363636
17,17:00-18:00,grid_8128_22772,grid_8130_22772,1,0,1,0.3990012946197507,0.3990012946197507,0.10825766716754158,0.5555555555555556,-0.3210834270306727,0.37407358461710943,36.51089065517242,127.23281872413793,36.519580241379316,127.23451786206897
17,17:00-18:00,grid_8128_22772,grid_8129_22773,1,0,1,0.08472384252955709,0.08472384252955709,0.03571891516381392,0.1111111111111111,0.8616417542395025,0.805557656678656,36.510819600000005,127.23286279999999,36.5136458,127.2391598
17,17:00-18:00,grid_8128_22772,grid_8124_22774,1,0,1,0.009028545740133757,0.009028545740133757,0.025795844971810734,0.0,-0.2965350411300943,0.38341075533468016,36.509348,127.23245800000001,36.492778,127.2426715
17,17:00-18:00,grid_8133_22776,grid_8132_22778,1,0,1,0.35793455342067004,0.35793455342067004,0.19727332723366048,0.4444444444444444,-0.4314699517363192,0.3330633482817966,36.530791074074074,127.25480333333334,36.52914038888889,127.26423118518518
17,17:00-18:00,grid_8133_22776,grid_8133_22776,1,0,1,0.15811120626739109,0.15811120626739109,0.03904789092270472,0.2222222222222222,-1.7291150594026483,0.041894252213151295,36.53087416666667,127.25554033333333,36.530893,127.25631916666667
17,17:00-18:00,grid_8127_22775,grid_8128_22775,1,0,1,0.35424848786321217,0.35424848786321217,0.1867417113552095,0.4444444444444444,1.261362409930456,0.8964108474646965,36.50480371153846,127.24986261538461,36.51078046153846,127.24959803846153
17,17:00-18:00,grid_8127_22775,grid_8127_22777,1,0,1,0.7041936791654578,0.7041936791654578,0.1548390833298794,1.0,1.0216287885400872,0.8465216865993881,36.505046428571426,127.24995514285713,36.505441023809524,127.26113757142858
17,17:00-18:00,grid_8127_22775,grid_8124_22776,3,0,3,0.24775885814819817,0.24775885814819817,0.08883483280437572,0.3333333333333333,0.43101265704994973,0.666770416304358,36.50458145454545,127.24960690909091,36.491761272727274,127.25655645454545
17,17:00-18:00,grid_8123_22777,grid_8123_22775,2,0,2,0.49603567845724844,0.49603567845724844,0.17914955749690029,0.6666666666666666,-0.5312695188667738,0.29761601232704504,36.48802421568627,127.26035684313726,36.48667474509804,127.25039478431373
17,17:00-18:00,grid_8123_22777,grid_8124_22776,1,0,1,0.19145860146642257,0.19145860146642257,0.13432616291993751,0.2222222222222222,-1.8185060626533405,0.03449341046966514,36.48710811428572,127.26070680000001,36.49074325714286,127.25627188571428
17,17:00-18:00,grid_8123_22777,grid_8126_22775,1,0,1,0.1628093425116678,0.1628093425116678,0.05247113733492386,0.2222222222222222,-1.8064566739320809,0.0354235179448254,36.4881222,127.26135830000001,36.5007191,127.24928560000001
17,17:00-18:00,grid_8129_22774,grid_8130_22775,3,0,3,0.5701600361505681,0.5701600361505681,0.1845842302714644,0.7777777777777778,0.501601066893842,0.692025915610277,36.51340094117647,127.24435537254901,36.5184172745098,127.25069047058822
17,17:00-18:00,grid_8129_22774,grid_8130_22773,1,0,1,0.35304145508058077,0.35304145508058077,0.18329304626197693,0.4444444444444444,0.7733607242742662,0.780345536385395,36.512950411764706,127.24279078431373,36.51820566666667,127.23813172549019
17,17:00-18:00,grid_8129_22774,grid_8128_22773,1,0,1,0.09774837102514736,0.09774837102514736,0.07293185372264326,0.1111111111111111,-0.08608549843356253,0.46569922570048006,36.5123649375,127.24294,36.508641125,127.2394789375
17,17:00-18:00,grid_8129_22774,grid_8126_22775,1,0,1,0.3844383564847416,0.3844383564847416,0.06664927249608707,0.5555555555555556,1.5273825852963034,0.9366670478658793,36.51249346666667,127.24342666666666,36.501931,127.24884873333333
17,17:00-18:00,grid_8129_22774,grid_8127_22776,1,0,1,0.08125076796235597,0.08125076796235597,0.025795844971810734,0.1111111111111111,0.010993198737734921,0.5043855634402974,36.512454500000004,127.242808,36.506916,127.25371999999999
17,17:00-18:00,grid_8126_22777,grid_8127_22775,1,0,1,0.1342736866909947,0.1342736866909947,0.1772898984822071,0.1111111111111111,-1.5474425843312813,0.06087827967033099,36.50129704,127.2596319,36.5048174,127.25026882
17,17:00-18:00,grid_8126_22777,grid_8126_22776,1,0,1,0.33664900225539846,0.33664900225539846,0.13645746676145595,0.4444444444444444,-0.21817958308991725,0.41364459611624593,36.50123725,127.25933175,36.50064641666667,127.25502288888889
17,17:00-18:00,grid_8127_22774,grid_8127_22775,1,0,1,0.4231625755798836,0.4231625755798836,0.1772898984822071,0.5555555555555556,-0.2405739582000164,0.4049426679020134,36.504867399999995,127.24336996,36.50473012,127.24935278000001
17,17:00-18:00,grid_8127_22774,grid_8128_22775,1,0,1,0.3936367285824142,0.3936367285824142,0.09293033563229451,0.5555555555555556,0.17828507008619487,0.5707504483391181,36.50475630434782,127.24376691304349,36.5110972173913,127.24892417391305
17,17:00-18:00,grid_8127_22774,grid_8127_22773,2,0,2,0.24898375290368685,0.24898375290368685,0.09233453210577196,0.3333333333333333,0.11918802031941933,0.5474368013031585,36.504366454545455,127.2439394090909,36.50526895454545,127.23864545454545
17,17:00-18:00,grid_8127_22774,grid_8128_22773,1,0,1,0.3032389500941848,0.3032389500941848,0.0410001748722741,0.4444444444444444,-0.2090302159255254,0.41721232535549313,36.505023,127.24357685714287,36.508725,127.240197
17,17:00-18:00,grid_8129_22775,grid_8130_22775,1,0,1,0.7818609082968548,0.7818609082968548,0.1703962459275216,1.1111111111111112,0.014807958037558556,0.5059073046588203,36.51264239130435,127.24946480434782,36.51812202173913,127.25130145652174
17,17:00-18:00,grid_8129_22775,grid_8125_22776,1,0,1,0.08472384252955709,0.08472384252955709,0.03571891516381392,0.1111111111111111,0.9894130959399793,0.8387694651301599,36.5132566,127.24956159999999,36.4954026,127.25676719999998
17,17:00-18:00,grid_8126_22776,grid_8126_22775,1,0,1,0.20277070087289836,0.20277070087289836,0.16664644693843983,0.2222222222222222,0.4112472741463883,0.6595543864410554,36.50014015217391,127.25566845652175,36.501294173913045,127.24891
17,17:00-18:00,grid_8126_22776,grid_8127_22777,1,0,1,0.6752308874817312,0.6752308874817312,0.07208824994780329,1.0,0.3636123487249192,0.6419262479094759,36.50048805555556,127.25559677777778,36.5058415,127.26130816666667
17,17:00-18:00,grid_8126_22776,grid_8128_22775,1,0,1,0.01718470432754587,0.01718470432754587,0.04909915522155963,0.0,0.7489339230029719,0.7730514836171154,36.500306333333334,127.25508377777777,36.51139488888889,127.25007633333333
17,17:00-18:00,grid_8126_22776,grid_8128_22774,1,0,1,0.23218781058923726,0.23218781058923726,0.044346125493058865,0.3333333333333333,0.12007191566190967,0.5477869102682518,36.500004375,127.255998,36.51156975,127.242204625
17,17:00-18:00,grid_8126_22776,grid_8129_22775,1,0,1,0.0824047464289264,0.0824047464289264,0.029092926304869083,0.1111111111111111,0.10243641406927853,0.5407948592836694,36.499861,127.25618633333333,36.514777333333335,127.25025766666666
17,17:00-18:00,grid_8127_22777,grid_8127_22777,1,0,1,0.27201504086517064,0.27201504086517064,0.1581382119957257,0.3333333333333333,1.82926258140807,0.9663198593356652,36.50536842222222,127.2607170888889,36.505492688888886,127.26026446666665
17,17:00-18:00,grid_8127_22777,grid_8128_22778,1,0,1,0.25861729399191585,0.25861729399191585,0.11985893521499763,0.3333333333333333,0.5984921367690882,0.7252441979545738,36.504962451612904,127.2616402580645,36.50948925806452,127.2659214516129
17,17:00-18:00,grid_8127_22777,grid_8128_22775,1,0,1,0.17964300617293716,0.17964300617293716,0.1005673192242649,0.2222222222222222,0.5309083658745571,0.7022588598998274,36.505359923076924,127.26071292307691,36.51006280769231,127.25039069230769
17,17:00-18:00,grid_8127_22777,grid_8127_22778,1,0,1,0.17574449905301376,0.17574449905301376,0.08942872745305522,0.2222222222222222,1.1075779858170298,0.8659779424454822,36.50466972727273,127.26171754545454,36.506189545454546,127.26718427272726
17,17:00-18:00,grid_8127_22777,grid_8125_22777,1,0,1,0.08823051399898912,0.08823051399898912,0.045737976505048294,0.1111111111111111,0.50810176626696,0.6943090116759193,36.505337875,127.261598125,36.496684,127.260740875
17,17:00-18:00,grid_8127_22777,grid_8128_22776,1,0,1,0.011340211755232317,0.011340211755232317,0.03240060501494948,0.0,0.44808009760524303,0.6729523044677722,36.5054725,127.26017,36.50879475,127.2563035
17,17:00-18:00,grid_8126_22775,grid_8128_22774,3,0,3,0.8445473712223966,0.8445473712223966,0.14315121936557756,1.2222222222222223,-1.544341117190612,0.0612528583098913,36.502148025000004,127.248752175,36.5107676,127.2427504
17,17:00-18:00,grid_8126_22775,grid_8127_22775,1,0,1,0.2685905425141028,0.2685905425141028,0.1483539309926746,0.3333333333333333,-0.43550332274929504,0.3315985638443786,36.50158587179487,127.24907994871795,36.50445817948718,127.2495671025641
17,17:00-18:00,grid_8126_22775,grid_8125_22774,1,0,1,0.09966322561562516,0.09966322561562516,0.0784028668382941,0.1111111111111111,-1.8863662334346734,0.0296228097688917,36.50063655555555,127.24890861111112,36.49614583333333,127.24305155555557
17,17:00-18:00,grid_8126_22775,grid_8127_22772,1,0,1,0.16947077736424876,0.16947077736424876,0.07150380834229807,0.2222222222222222,-1.4575354978554667,0.07248430999401789,36.502128,127.248661125,36.5054590625,127.234566125
17,17:00-18:00,grid_8126_22775,grid_8126_22773,1,0,1,0.23101672787196262,0.23101672787196262,0.0410001748722741,0.3333333333333333,-1.5557355641610606,0.059885493003001,36.50185314285714,127.247819,36.500642000000006,127.23913142857143
17,17:00-18:00,grid_8151_22782,grid_8149_22782,1,1,0,0.4825895667908306,0.4825895667908306,0.14073209559284933,0.6666666666666666,-1.5543962159728046,0.060044967650461634,36.611514794871795,127.28832928205128,36.60405582051282,127.2899921025641
17,17:00-18:00,grid_8151_22782,grid_8150_22781,1,1,0,0.3325283746043225,0.3325283746043225,0.12468424490123899,0.4444444444444444,-1.4552650575170794,0.07279794813261414,36.61188020588235,127.28955779411766,36.609425529411766,127.28459114705883
17,17:00-18:00,grid_8151_22782,grid_8148_22781,1,1,0,0.08010048669432188,0.08010048669432188,0.02250932706314189,0.1111111111111111,0.4771867074304512,0.683385412142986,36.611098,127.287359,36.601558,127.281084
17,17:00-18:00,grid_8123_22778,grid_8123_22776,1,0,1,0.26698782579719926,0.26698782579719926,0.14377474037295027,0.3333333333333333,-0.31950892259559005,0.3746703132218786,36.48830671794872,127.26552684615385,36.48739874358974,127.25744666666667
17,17:00-18:00,grid_8125_22774,grid_8125_22775,1,0,1,0.1950806079050844,0.1950806079050844,0.1446747527446857,0.2222222222222222,0.009671343397938181,0.5038582476428346,36.49615964864865,127.24321764864864,36.49508791891892,127.248669
17,17:00-18:00,grid_8125_22774,grid_8127_22776,1,0,1,0.00787826447209966,0.00787826447209966,0.02250932706314189,0.0,-1.5220658078026268,0.0639962961637136,36.496002,127.243318,36.50313,127.253722
17,17:00-18:00,grid_8129_22771,grid_8127_22772,1,0,1,0.11583906972575608,0.11583906972575608,0.12461956429581103,0.1111111111111111,-1.143221345460165,0.12647335098506945,36.51367369444444,127.22886375,36.505741916666665,127.23336855555554
17,17:00-18:00,grid_8129_22771,grid_8129_22774,1,0,1,0.3844383564847416,0.3844383564847416,0.06664927249608707,0.5555555555555556,0.2884685931198123,0.613505965887375,36.5146524,127.22915846666666,36.51277906666667,127.24202833333334
17,17:00-18:00,grid_8129_22771,grid_8126_22771,1,0,1,0.009028545740133757,0.009028545740133757,0.025795844971810734,0.0,1.6094536608605998,0.9462414100984144,36.513588,127.2294745,36.4990595,127.225205
17,17:00-18:00,grid_8149_22782,grid_8150_22781,1,1,0,0.26209768502845726,0.26209768502845726,0.12980290960511598,0.3333333333333333,-2.0405004056811067,0.020650255335597723,36.60415580555556,127.28966574999998,36.60889366666667,127.28453672222223
17,17:00-18:00,grid_8149_22782,grid_8149_22780,1,1,0,0.22684919087337085,0.22684919087337085,0.029092926304869083,0.3333333333333333,0.6182190125554217,0.7317845105363184,36.602622333333336,127.28935566666667,36.60394466666667,127.27913233333334
17,17:00-18:00,grid_8130_22773,grid_8130_22772,1,0,1,0.4094013387786211,0.4094013387786211,0.13797207905002848,0.5555555555555556,1.9713855446485304,0.9756601033931146,36.51824847222222,127.23865269444445,36.519001055555556,127.23401158333334
17,17:00-18:00,grid_8130_22773,grid_8129_22777,1,0,1,0.09813651703041523,0.09813651703041523,0.0740408423091229,0.1111111111111111,1.5875659486910976,0.9438077384014328,36.519238333333334,127.23653416666667,36.51439461111111,127.25878955555555
17,17:00-18:00,grid_8130_22773,grid_8131_22772,1,0,1,0.241692999586471,0.241692999586471,0.07150380834229807,0.3333333333333333,1.0972114311478687,0.8637255113699995,36.5184054375,127.236619625,36.5221256875,127.233349875
17,17:00-18:00,grid_8130_22773,grid_8128_22775,2,0,2,0.15996558836701502,0.15996558836701502,0.044346125493058865,0.2222222222222222,-0.7029483554190503,0.24104396735134226,36.51768475,127.23930625,36.51131925,127.249367875
17,17:00-18:00,grid_8121_22775,grid_8122_22777,1,0,1,0.11923637924420034,0.11923637924420034,0.13432616291993751,0.1111111111111111,0.7662331959653655,0.7782312202117027,36.47766071428571,127.25040988571429,36.48179502857143,127.26080782857142
17,17:00-18:00,grid_8121_22775,grid_8121_22775,1,0,1,0.1767615306814646,0.1767615306814646,0.09233453210577196,0.2222222222222222,-1.1224045384451629,0.13084523783925356,36.478106636363634,127.24965227272727,36.478530590909095,127.2499054090909
17,17:00-18:00,grid_8121_22781,grid_8121_22782,3,0,3,0.26240884140928233,0.26240884140928233,0.1306919278360447,0.3333333333333333,0.7338667998550072,0.7684850383821573,36.47730532352941,127.28367464705883,36.47797811764706,127.28830249999999
17,17:00-18:00,grid_8121_22781,grid_8120_22780,1,0,1,0.1804598877190059,0.1804598877190059,0.10290126649874701,0.2222222222222222,0.15115235075834338,0.5600722315404891,36.47745753571429,127.28317157142858,36.47373467857143,127.27725446428572
17,17:00-18:00,grid_8121_22777,grid_8120_22776,1,0,1,0.11595669585886734,0.11595669585886734,0.12495563896184318,0.1111111111111111,-0.11069169679831636,0.45593041525578176,36.4796299375,127.2616416875,36.4747584375,127.25463021875
17,17:00-18:00,grid_8121_22777,grid_8122_22777,1,0,1,0.25766896421355145,0.25766896421355145,0.11714942156252797,0.3333333333333333,2.10415403333071,0.9823174936214802,36.47895524137931,127.26079062068965,36.48242641379311,127.26023506896551
17,17:00-18:00,grid_8121_22777,grid_8124_22776,1,0,1,0.0953459507914519,0.0953459507914519,0.06606779591208484,0.1111111111111111,0.3783464448798155,0.6474133764491511,36.47977778571428,127.26158871428571,36.49096907142857,127.25533171428572
17,17:00-18:00,grid_8130_22772,grid_8131_22772,1,0,1,0.2573615346102293,0.2573615346102293,0.11627105126732182,0.3333333333333333,-0.8780959187600983,0.18994583380402996,36.51922419354839,127.23423377419354,36.52228516129032,127.23319806451613
17,17:00-18:00,grid_8130_22772,grid_8130_22774,1,0,1,0.166575597356082,0.166575597356082,0.06323186546182158,0.2222222222222222,-1.4690714673402976,0.07090670291957141,36.51866042857143,127.23440628571429,36.51757464285714,127.24332771428571
17,17:00-18:00,grid_8129_22776,grid_8128_22775,1,0,1,0.25537943978048955,0.25537943978048955,0.1106079231823511,0.3333333333333333,-1.184671616942854,0.1180736543978323,36.514121714285714,127.25755103571429,36.51155767857143,127.2503525357143
17,17:00-18:00,grid_8129_22776,grid_8133_22778,1,0,1,0.08356243397745453,0.08356243397745453,0.03240060501494948,0.1111111111111111,0.46778888208216246,0.6800322139769397,36.514877750000004,127.2576875,36.531929,127.26558175
17,17:00-18:00,grid_8122_22776,grid_8122_22776,1,0,1,0.4690452679703582,0.4690452679703582,0.10203409896292824,0.6666666666666666,-0.18363508390906727,0.42714986907626,36.483058115384615,127.25481926923077,36.48311107692307,127.25421373076922
17,17:00-18:00,grid_8122_22785,grid_8123_22784,1,0,1,0.10504884108486365,0.10504884108486365,0.09379033960754693,0.1111111111111111,1.1179317488613543,0.8682019279669744,36.482170454545454,127.30610590909092,36.48688109090909,127.30178663636364
17,17:00-18:00,grid_8125_22775,grid_8124_22777,1,0,1,0.17625267623098528,0.17625267623098528,0.09088066224725959,0.2222222222222222,-0.4751269580208665,0.3173482424044278,36.49579759090909,127.24913818181818,36.49110909090909,127.26008818181818
17,17:00-18:00,grid_8125_22775,grid_8127_22775,1,0,1,0.17017542042913678,0.17017542042913678,0.0735170742419781,0.2222222222222222,-0.19281809211120246,0.42355071695721347,36.49572835294117,127.24899752941177,36.50446005882353,127.24980182352941
17,17:00-18:00,grid_8124_22774,grid_8122_22775,1,0,1,0.24653788779791144,0.24653788779791144,0.08534634608927075,0.3333333333333333,0.33772581957377545,0.6322150921861356,36.491751750000006,127.24408155,36.48362985,127.24947275
17,17:00-18:00,grid_8124_22774,grid_8124_22775,1,0,1,0.16997059324736957,0.16997059324736957,0.07293185372264326,0.2222222222222222,0.8156658945240897,0.7926543748016981,36.4920360625,127.24486775,36.493212625,127.2485655625
17,17:00-18:00,grid_8124_22774,grid_8127_22773,1,0,1,0.15578465619967674,0.15578465619967674,0.03240060501494948,0.2222222222222222,0.3866060229321461,0.6504760508097482,36.49292525,127.24367125,36.506356,127.2390585
17,17:00-18:00,grid_8124_22774,grid_8128_22772,1,0,1,0.08010048669432188,0.08010048669432188,0.02250932706314189,0.1111111111111111,0.06650184437474373,0.5265108553182557,36.493156,127.243493,36.510532,127.23099
17,17:00-18:00,grid_8151_22781,grid_8149_22783,1,1,0,0.17309860705731506,0.17309860705731506,0.08186903603677323,0.2222222222222222,-0.21766043839210544,0.413846845100975,36.61206515789473,127.28474999999999,36.6046232631579,127.29271268421053
17,17:00-18:00,grid_8152_22782,grid_8149_22783,1,1,0,0.17188544783784737,0.17188544783784737,0.0784028668382941,0.2222222222222222,0.5810391356165687,0.7193929611629568,36.617161333333335,127.287841,36.60410205555556,127.29305283333332
17,17:00-18:00,grid_8127_22778,grid_8127_22777,1,0,1,0.31411977637062,0.31411977637062,0.07208824994780329,0.4444444444444444,1.6944940367977823,0.9549142780543897,36.50560976470588,127.26588247058825,36.50461876470588,127.26168741176471
17,17:00-18:00,grid_8127_22778,grid_8128_22778,1,0,1,0.08843014975577207,0.08843014975577207,0.04630836438157102,0.1111111111111111,0.8059298306611343,0.7898583451153194,36.50588311111111,127.26686077777777,36.510372555555556,127.26560644444446
17,17:00-18:00,grid_8127_22778,grid_8127_22775,1,0,1,0.0824047464289264,0.0824047464289264,0.029092926304869083,0.1111111111111111,1.4240593116215103,0.9227853482786867,36.50552666666667,127.26681266666667,36.504568,127.249284
17,17:00-18:00,grid_8126_22774,grid_8125_22775,1,0,1,0.09604701902213983,0.09604701902213983,0.06807084799976461,0.1111111111111111,0.5444373954601923,0.7069297408690024,36.49961666666666,127.24317066666666,36.49558493333333,127.24865846666667
17,17:00-18:00,grid_8126_22774,grid_8123_22776,1,0,1,0.013666761822946651,0.013666761822946651,0.03904789092270472,0.0,0.461577153780257,0.6778077094209561,36.500760500000005,127.24366216666668,36.4877615,127.25631566666668
17,17:00-18:00,grid_8127_22779,grid_8128_22777,1,0,1,0.1670715546916141,0.1670715546916141,0.06464888642048484,0.2222222222222222,-0.14405990802876523,0.44272658158812483,36.5059915,127.27156857142857,36.50873442857143,127.26164621428572
17,17:00-18:00,grid_8123_22774,grid_8122_22775,1,0,1,0.3091321254374228,0.3091321254374228,0.057837818710097036,0.4444444444444444,0.028012114827742296,0.5111737556480255,36.48813441666667,127.2451965,36.48365141666667,127.24999858333332
17,17:00-18:00,grid_8123_22774,grid_8122_22776,1,0,1,0.08125076796235597,0.08125076796235597,0.025795844971810734,0.1111111111111111,1.4686900136833534,0.9290415563379761,36.4870345,127.2455135,36.482892500000005,127.2533555
17,17:00-18:00,grid_8131_22777,grid_8129_22777,1,0,1,0.23621555181584664,0.23621555181584664,0.055853957569085594,0.3333333333333333,0.320239219014371,0.6256065025609784,36.522546545454546,127.26160800000001,36.51471527272727,127.25954863636365
17,17:00-18:00,grid_8128_22773,grid_8127_22775,1,0,1,0.09058712028944557,0.09058712028944557,0.05247113733492386,0.1111111111111111,0.8126326794166928,0.7917856553486504,36.50924827272727,127.23996090909091,36.50430818181818,127.24932236363635
17,17:00-18:00,grid_8130_22778,grid_8130_22777,1,0,1,0.08393591731591853,0.08393591731591853,0.033467700267703744,0.1111111111111111,-0.1754172244705991,0.4303759036272052,36.5181894,127.26447820000001,36.5172455,127.26195849999999
17,17:00-18:00,grid_8129_22772,grid_8127_22772,1,0,1,0.08940692654976809,0.08940692654976809,0.04909915522155963,0.1111111111111111,-0.860062557472126,0.1948772797348019,36.51428766666666,127.23193344444445,36.50574255555556,127.23453622222223
17,17:00-18:00,grid_8129_22773,grid_8130_22772,1,0,1,0.015521143922570601,0.015521143922570601,0.044346125493058865,0.0,0.09106326150408096,0.5362788378069525,36.51298222222223,127.24054533333333,36.51929144444445,127.2348211111111
17,17:00-18:00,grid_8129_22773,grid_8128_22774,1,0,1,0.08472384252955709,0.08472384252955709,0.03571891516381392,0.1111111111111111,1.4441788950611036,0.9256556700215,36.515587,127.2396774,36.5110662,127.24206480000001
17,17:00-18:00,grid_8146_22782,grid_8147_22782,1,1,0,0.08940692654976809,0.08940692654976809,0.04909915522155963,0.1111111111111111,0.5627710303902627,0.7132045953147644,36.59108933333333,127.28983722222223,36.59419188888889,127.28792544444445
17,17:00-18:00,grid_8128_22774,grid_8129_22771,1,0,1,0.08774336614479282,0.08774336614479282,0.044346125493058865,0.1111111111111111,0.37045096982419273,0.6444767488288982,36.510814375,127.243051125,36.514472875,127.229039375
17,17:00-18:00,grid_8128_22774,grid_8131_22775,1,0,1,0.08705787052266592,0.08705787052266592,0.04238756657269631,0.1111111111111111,0.2776925656480103,0.6093758160055016,36.511016142857144,127.24330742857144,36.521728714285715,127.24831371428571
17,17:00-18:00,grid_8131_22772,grid_8129_22773,1,0,1,0.01250162030733487,0.01250162030733487,0.03571891516381392,0.0,0.6401550808370069,0.7389641087333265,36.5222688,127.2339956,36.5132086,127.2409792
17,17:00-18:00,grid_8119_22780,grid_8120_22781,1,0,1,0.08472384252955709,0.08472384252955709,0.03571891516381392,0.1111111111111111,-0.1544713895908016,0.4386190341196654,36.470247799999996,127.27769559999999,36.474060200000004,127.283384
17,17:00-18:00,grid_8123_22788,grid_8123_22788,1,0,1,0.08472384252955709,0.08472384252955709,0.03571891516381392,0.1111111111111111,0.5298153325226483,0.7018800132189532,36.4867618,127.32136620000001,36.4869292,127.32162579999999
17,17:00-18:00,grid_8123_22788,grid_8125_22786,1,0,1,0.08010048669432188,0.08010048669432188,0.02250932706314189,0.1111111111111111,0.24954554780132393,0.5985305935305896,36.488734,127.321671,36.497572,127.312471
17,17:00-18:00,grid_8149_22784,grid_8147_22782,1,1,0,0.08472384252955709,0.08472384252955709,0.03571891516381392,0.1111111111111111,-1.190655682690477,0.11689439120022704,36.604335,127.299049,36.595070799999995,127.28951179999999
17,17:00-18:00,grid_8120_22776,grid_8124_22777,1,0,1,0.08356243397745453,0.08356243397745453,0.03240060501494948,0.1111111111111111,-0.5151566123949822,0.3032217925578877,36.4751105,127.25537700000001,36.489923,127.25897875
17,17:00-18:00,grid_8130_22777,grid_8128_22777,1,0,1,0.011340211755232317,0.011340211755232317,0.03240060501494948,0.0,-0.03857118005039961,0.48461614008765597,36.51717425,127.26043775,36.508906499999995,127.26186799999999
17,17:00-18:00,grid_8119_22779,grid_8120_22782,1,0,1,0.010182524206704178,0.010182524206704178,0.029092926304869083,0.0,0.23575854060450396,0.5931899794271854,36.468954,127.27354033333332,36.475264333333335,127.28782633333333
17,17:00-18:00,grid_8121_22783,grid_8123_22783,1,0,1,0.010182524206704178,0.010182524206704178,0.029092926304869083,0.0,-0.9508261029694165,0.1708463297261109,36.47874633333333,127.29218933333334,36.486003333333336,127.29616033333333
17,17:00-18:00,grid_8131_22778,grid_8129_22777,1,0,1,0.010182524206704178,0.010182524206704178,0.029092926304869083,0.0,-0.366441020447678,0.3570180076138531,36.52393133333334,127.26697266666667,36.51489733333333,127.25906866666666
17,17:00-18:00,grid_8130_22776,grid_8131_22778,1,0,1,0.22684919087337085,0.22684919087337085,0.029092926304869083,0.3333333333333333,-0.8453332315422486,0.19896240592046394,36.518661333333334,127.25707866666666,36.524741,127.26523566666667
17,17:00-18:00,grid_8130_22776,grid_8127_22777,1,0,1,0.08010048669432188,0.08010048669432188,0.02250932706314189,0.1111111111111111,-0.2672518144131455,0.3946376421476556,36.519814,127.252434,36.50686,127.258656
17,17:00-18:00,grid_8126_22787,grid_8127_22791,1,0,1,0.08125076796235597,0.08125076796235597,0.025795844971810734,0.1111111111111111,1.5555446635696337,0.9400917969774747,36.499416,127.3171605,36.506189,127.3368735
17,17:00-18:00,grid_8126_22772,grid_8128_22773,1,0,1,0.009028545740133757,0.009028545740133757,0.025795844971810734,0.0,0.15807401080769634,0.5628007602586432,36.50142,127.234139,36.5081175,127.23811
17,17:00-18:00,grid_8122_22784,grid_8124_22785,1,0,1,0.08125076796235597,0.08125076796235597,0.025795844971810734,0.1111111111111111,-0.740522345218208,0.22949155385432252,36.4831255,127.298044,36.491789999999995,127.3033345
17,17:00-18:00,grid_8147_22782,grid_8148_22782,1,1,0,0.009028545740133757,0.009028545740133757,0.025795844971810734,0.0,0.12068193401170446,0.5480285155162916,36.595045,127.28997150000001,36.5993445,127.29005699999999
17,17:00-18:00,grid_8120_22775,grid_8119_22775,3,0,3,0.1534729901845782,0.1534729901845782,0.025795844971810734,0.2222222222222222,0.566591329077982,0.7145040662974885,36.475739000000004,127.2518115,36.4709505,127.252028
17,17:00-18:00,grid_8120_22775,grid_8122_22777,1,0,1,0.08125076796235597,0.08125076796235597,0.025795844971810734,0.1111111111111111,0.8945679784842782,0.8144909621175251,36.474706499999996,127.2491605,36.4807335,127.2605635
17,17:00-18:00,grid_8123_22785,grid_8125_22788,1,0,1,0.009028545740133757,0.009028545740133757,0.025795844971810734,0.0,-0.5202854329097684,0.30143232369801665,36.485619,127.30290049999999,36.495697500000006,127.32097999999999
17,17:00-18:00,grid_8119_22775,grid_8124_22776,2,0,2,0.08125076796235597,0.08125076796235597,0.025795844971810734,0.1111111111111111,-0.9910316883916913,0.1608350535852191,36.4703025,127.25153399999999,36.490132,127.25638749999999
17,17:00-18:00,grid_8114_22768,grid_8112_22770,1,0,1,0.00787826447209966,0.00787826447209966,0.02250932706314189,0.0,-1.1362793881738762,0.1279198271714589,36.4457,127.210753,36.437592,127.220206
17,17:00-18:00,grid_8129_22770,grid_8127_22772,1,0,1,0.08010048669432188,0.08010048669432188,0.02250932706314189,0.1111111111111111,0.03639717776947103,0.5145171677481133,36.512014,127.223392,36.504617,127.234401
17,17:00-18:00,grid_8128_22770,grid_8127_22772,1,0,1,0.00787826447209966,0.00787826447209966,0.02250932706314189,0.0,0.8373710597980792,0.7988079861058749,36.507707,127.220596,36.504414,127.234645
17,17:00-18:00,grid_8127_22771,grid_8128_22768,1,0,1,0.08010048669432188,0.08010048669432188,0.02250932706314189,0.1111111111111111,-1.2077873880101366,0.11356452694778263,36.504744,127.227287,36.507729,127.211058
17,17:00-18:00,grid_8127_22770,grid_8122_22777,1,0,1,0.00787826447209966,0.00787826447209966,0.02250932706314189,0.0,-0.7260868677651346,0.23389275952216515,36.50324,127.223183,36.481523,127.261846
17,17:00-18:00,grid_8126_22778,grid_8126_22775,1,0,1,0.08010048669432188,0.08010048669432188,0.02250932706314189,0.1111111111111111,0.24690391003764467,0.5975087048877881,36.501989,127.265918,36.502278,127.248147
17,17:00-18:00,grid_8126_22779,grid_8124_22779,1,0,1,0.00787826447209966,0.00787826447209966,0.02250932706314189,0.0,1.9480508407739308,0.9742955599478528,36.499673,127.269903,36.491766,127.269507
17,17:00-18:00,grid_8126_22786,grid_8126_22785,1,0,1,0.00787826447209966,0.00787826447209966,0.02250932706314189,0.0,0.3263304138507256,0.6279128101632261,36.498516,127.31148,36.499297,127.307009
17,17:00-18:00,grid_8130_22771,grid_8127_22772,1,0,1,0.08010048669432188,0.08010048669432188,0.02250932706314189,0.1111111111111111,-0.24461494967594818,0.4033772937524915,36.518019,127.229797,36.505547,127.235448
17,17:00-18:00,grid_8125_22784,grid_8126_22787,1,0,1,0.00787826447209966,0.00787826447209966,0.02250932706314189,0.0,1.0309874384353168,0.8487266447458996,36.494458,127.302337,36.498933,127.314046
17,17:00-18:00,grid_8130_22775,grid_8127_22774,1,0,1,0.00787826447209966,0.00787826447209966,0.02250932706314189,0.0,1.833151140415013,0.9666099511861079,36.516631,127.25135,36.505385,127.2415
17,17:00-18:00,grid_8133_22795,grid_8135_22795,1,0,1,0.00787826447209966,0.00787826447209966,0.02250932706314189,0.0,0.15900572863563742,0.5631678197715853,36.53381,127.360461,36.542721,127.363987
17,17:00-18:00,grid_8146_22779,grid_8147_22782,1,0,1,0.00787826447209966,0.00787826447209966,0.02250932706314189,0.0,0.41553047672721477,0.6611231953083757,36.5888,127.27457,36.594426,127.291035
17,17:00-18:00,grid_8148_22782,grid_8148_22781,1,1,0,0.00787826447209966,0.00787826447209966,0.02250932706314189,0.0,-1.3778496904038513,0.08412485028719607,36.59863,127.290305,36.60167,127.28362
17,17:00-18:00,grid_8120_22782,grid_8120_22780,1,0,1,0.08010048669432188,0.08010048669432188,0.02250932706314189,0.1111111111111111,-0.24823339127610766,0.4019769160966266,36.475919,127.287944,36.47439,127.277257
17,17:00-18:00,grid_8119_22778,grid_8121_22775,1,0,1,0.00787826447209966,0.00787826447209966,0.02250932706314189,0.0,-2.035510060873993,0.020899788632179506,36.467749,127.263775,36.477519,127.249922
18,18:00-19:00,grid_8123_22775,grid_8123_22776,2,0,2,2.0343288424707353,2.0343288424707353,0.8599871689640048,2.6666666666666665,0.41484332859530065,0.6608717007735875,36.48683560392157,127.24977767450982,36.487664847058824,127.25658410980392
18,18:00-19:00,grid_8123_22775,grid_8124_22776,2,0,2,1.773287675802961,1.773287675802961,0.5268536768973489,2.4444444444444446,0.8143478627001813,0.7922771511708806,36.48684029677419,127.24985213548388,36.49064255483871,127.25561443225806
18,18:00-19:00,grid_8123_22775,grid_8123_22775,2,0,2,0.9617141562786502,0.9617141562786502,0.4779134623834448,1.2222222222222223,-0.6714754142358601,0.2509588583147083,36.486928618705036,127.2492119352518,36.48672185611511,127.24928810791367
18,18:00-19:00,grid_8123_22775,grid_8124_22775,1,0,1,0.2739798938981871,0.2739798938981871,0.16375207780434411,0.3333333333333333,0.8027430913656124,0.788938379536744,36.486969,127.24983782222222,36.49229793333333,127.24919037777778
18,18:00-19:00,grid_8123_22775,grid_8123_22777,1,0,1,0.26125721603465407,0.26125721603465407,0.12740156962282112,0.3333333333333333,1.988465198883393,0.9766198678947238,36.486843939393935,127.24986257575758,36.487826,127.26072245454546
18,18:00-19:00,grid_8123_22776,grid_8123_22775,1,0,1,2.077224570198627,2.077224570198627,0.7761971846944902,2.7777777777777777,0.8892294375428043,0.8130601074219264,36.4874826302521,127.25658496218487,36.48677772268908,127.24978823529412
18,18:00-19:00,grid_8123_22776,grid_8124_22776,2,0,2,0.6990520585053532,0.6990520585053532,0.3464979449359299,0.8888888888888888,0.8074669027565846,0.790301232246207,36.48754262376238,127.25677698019803,36.49086030693069,127.25622008910891
18,18:00-19:00,grid_8123_22776,grid_8124_22775,2,0,2,0.40443744312683877,0.40443744312683877,0.12378952004493599,0.5555555555555556,-1.26076702007625,0.10369639966298644,36.48801465625,127.25633034375,36.491609249999996,127.24928865625
18,18:00-19:00,grid_8123_22776,grid_8121_22776,1,0,1,0.25946949120197565,0.25946949120197565,0.12229378438659716,0.3333333333333333,0.4150790374645198,0.6609579777271076,36.4874925625,127.25692803125,36.4786765,127.2540784375
18,18:00-19:00,grid_8129_22777,grid_8129_22777,2,0,2,1.1526512369909647,1.1526512369909647,0.610749566005931,1.4444444444444444,0.05430802876145536,0.5216551235156593,36.514462615,127.26023842000001,36.51439415,127.26052846500001
18,18:00-19:00,grid_8129_22777,grid_8128_22775,1,0,1,2.0686353681629996,2.0686353681629996,0.5453074011006338,2.888888888888889,0.3676969637779948,0.6434503976240841,36.513801374269,127.2592953508772,36.51134628070176,127.25024701754386
18,18:00-19:00,grid_8129_22777,grid_8129_22778,2,0,2,0.5115936368885784,0.5115936368885784,0.42995007364990634,0.5555555555555556,1.3013463061527224,0.9034300281542709,36.5145234488189,127.25926370866142,36.51463179527559,127.26548879527559
18,18:00-19:00,grid_8129_22777,grid_8130_22777,1,0,1,0.42995072423031433,0.42995072423031433,0.19668460891200903,0.5555555555555556,0.18813027371774999,0.5746127351024689,36.514741629629626,127.2591458888889,36.517423685185186,127.26173181481481
18,18:00-19:00,grid_8129_22777,grid_8128_22774,1,0,1,0.26529160849689687,0.26529160849689687,0.1389284052292291,0.3333333333333333,-1.136170929456278,0.12794251723907513,36.51343886486486,127.25899867567568,36.511149081081086,127.24257824324326
18,18:00-19:00,grid_8129_22777,grid_8129_22774,1,0,1,0.11281921029739808,0.11281921029739808,0.11599139450050247,0.1111111111111111,-1.1202824127806692,0.1312967171088122,36.51400724137931,127.2591835862069,36.51272893103448,127.24349165517242
18,18:00-19:00,grid_8129_22777,grid_8128_22776,1,0,1,0.3225478671197439,0.3225478671197439,0.09616850923101447,0.4444444444444444,0.2767597180504257,0.609017693147134,36.51373995652174,127.25902439130435,36.51033947826087,127.25620860869564
18,18:00-19:00,grid_8129_22777,grid_8133_22778,1,0,1,0.09615721368612756,0.09615721368612756,0.06838568989687242,0.1111111111111111,0.005685822379763131,0.5022683027243008,36.514555800000004,127.25955206666666,36.531547599999996,127.26587599999999
18,18:00-19:00,grid_8129_22777,grid_8126_22777,1,0,1,0.01562889086707445,0.01562889086707445,0.044653973905927,0.0,-0.5640912346477627,0.2863460215459265,36.513738875,127.259319,36.50089475,127.25971875
18,18:00-19:00,grid_8129_22777,grid_8132_22776,1,0,1,0.012608477168053396,0.012608477168053396,0.03602422048015256,0.0,-0.0636739227589698,0.47461493461162896,36.515266,127.2587982,36.5297944,127.254989
18,18:00-19:00,grid_8150_22782,grid_8151_22782,1,1,0,0.45098341472951964,0.45098341472951964,0.46312721668751655,0.4444444444444444,1.577506208397641,0.9426604526472646,36.60853252941177,127.28864840522877,36.61146690849673,127.28833963398694
18,18:00-19:00,grid_8150_22782,grid_8149_22782,2,2,0,0.6743823516158582,0.6743823516158582,0.2760130681088014,0.8888888888888888,0.14549648317110453,0.5578405538856566,36.60860547560976,127.28799259756097,36.60363220731707,127.28990746341464
18,18:00-19:00,grid_8150_22782,grid_8150_22783,1,1,0,0.20266840385413165,0.20266840385413165,0.16635416974196354,0.2222222222222222,-0.19621631940580941,0.4222204276485575,36.60865840909091,127.2880660681818,36.60894284090909,127.29263206818182
18,18:00-19:00,grid_8150_22782,grid_8148_22784,1,1,0,0.010965649735386015,0.010965649735386015,0.03133042781538862,0.0,1.9398078371874892,0.9737984760770473,36.608156,127.289266,36.598929,127.29809425
18,18:00-19:00,grid_8150_22782,grid_8153_22782,1,1,0,0.08020598069964097,0.08020598069964097,0.02281073850691073,0.1111111111111111,1.119015389527259,0.868433213160865,36.608765,127.289136,36.622949,127.289459
18,18:00-19:00,grid_8128_22775,grid_8129_22777,2,0,2,0.6771917840108277,0.6771917840108277,0.49038922415792063,0.7777777777777778,-0.6903056448049967,0.24500099940656117,36.51129521582734,127.25035574820143,36.51391035251798,127.25896884172661
18,18:00-19:00,grid_8128_22775,grid_8128_22774,1,0,1,0.9410461804950598,0.9410461804950598,0.2125128966525517,1.3333333333333333,0.7442167849716455,0.7716273324796381,36.51063091935484,127.24921898387096,36.51110772580645,127.24315827419356
18,18:00-19:00,grid_8128_22775,grid_8127_22775,1,0,1,0.6441648643164801,0.6441648643164801,0.18967739011057824,0.8888888888888888,0.5389576677301098,0.7050419677502506,36.51101451923077,127.2495800576923,36.504806153846154,127.24979657692307
18,18:00-19:00,grid_8128_22775,grid_8128_22775,1,0,1,0.4112124148114277,0.4112124148114277,0.14314658200090424,0.5555555555555556,-0.5643442322638399,0.2862599420960401,36.5100785,127.249741675,36.50997895,127.249582975
18,18:00-19:00,grid_8128_22775,grid_8126_22773,1,0,1,0.01377396213968765,0.01377396213968765,0.03935417754196471,0.0,0.8492811542101921,0.8021375675676383,36.51026566666667,127.25024683333334,36.502267333333336,127.23917349999999
18,18:00-19:00,grid_8128_22775,grid_8124_22776,1,0,1,0.23044062880635433,0.23044062880635433,0.03935417754196471,0.3333333333333333,-0.11380607850367187,0.4546957599772242,36.510047,127.249866,36.491741499999996,127.25613933333334
18,18:00-19:00,grid_8125_22775,grid_8124_22776,2,0,2,0.8046513866071558,0.8046513866071558,0.4418611045918738,1.0,2.1900122163712954,0.9857383245718597,36.49545076296296,127.2491430962963,36.49143771851852,127.25604124444443
18,18:00-19:00,grid_8125_22775,grid_8124_22777,1,0,1,0.17636522422183457,0.17636522422183457,0.09120222793540039,0.2222222222222222,2.1218597948364133,0.9830752432218468,36.49579759090909,127.24913818181818,36.49110909090909,127.26008818181818
18,18:00-19:00,grid_8125_22775,grid_8126_22776,1,0,1,0.24200816329449468,0.24200816329449468,0.0724042760795086,0.3333333333333333,1.4036903106659653,0.9197944555020787,36.49582129411765,127.24956376470588,36.49979999999999,127.255215
18,18:00-19:00,grid_8125_22775,grid_8127_22775,1,0,1,0.24250839921165904,0.24250839921165904,0.07383352155712107,0.3333333333333333,2.5706836653774783,0.9949251004502517,36.49572835294117,127.24899752941177,36.50446005882353,127.24980182352941
18,18:00-19:00,grid_8125_22775,grid_8126_22775,2,0,2,0.1702861769894368,0.1702861769894368,0.07383352155712107,0.2222222222222222,2.0398960734864957,0.9793196610357756,36.495756529411764,127.24910464705881,36.50112276470588,127.24910399999999
18,18:00-19:00,grid_8125_22775,grid_8128_22777,1,0,1,0.08599618436190987,0.08599618436190987,0.03935417754196471,0.1111111111111111,1.0338445090297177,0.8493955699350549,36.49563683333333,127.24907183333333,36.50859166666667,127.25991666666668
18,18:00-19:00,grid_8125_22775,grid_8128_22775,1,0,1,0.08251091967524118,0.08251091967524118,0.02939627843719706,0.1111111111111111,2.963375247305618,0.9984785731225181,36.49512633333333,127.248971,36.510314666666666,127.24926066666667
18,18:00-19:00,grid_8129_22778,grid_8129_22777,2,0,2,0.878769139267018,0.878769139267018,0.4472769058422737,1.1111111111111112,0.49943539138833903,0.6912636541084776,36.51453657364341,127.2655159767442,36.514442209302324,127.25940521705428
18,18:00-19:00,grid_8132_22778,grid_8133_22777,1,0,1,0.6401408909422666,0.6401408909422666,0.38452952967631737,0.7777777777777778,0.15781570381899643,0.5626989880638311,36.529149587719296,127.2642854736842,36.530680614035084,127.25919527192983
18,18:00-19:00,grid_8132_22778,grid_8132_22778,2,0,2,0.5927966854283446,0.5927966854283446,0.2492603710651118,0.7777777777777778,0.22724541108234553,0.58988354086209,36.528707732394366,127.26617153521127,36.52871407042254,127.2662959859155
18,18:00-19:00,grid_8124_22776,grid_8124_22775,2,0,2,0.7783749080276158,0.7783749080276158,0.3667854515074736,1.0,0.908328619570713,0.8181476869504063,36.491389330097086,127.25589008737865,36.49212699029126,127.24963600970875
18,18:00-19:00,grid_8124_22776,grid_8124_22776,1,0,1,0.7558936372278262,0.7558936372278262,0.3025532492223606,1.0,1.1506367292350526,0.8750591420009316,36.49175751685393,127.25548176404494,36.491559955056175,127.2559599213483
18,18:00-19:00,grid_8124_22776,grid_8126_22775,2,0,2,0.5692788149148754,0.5692788149148754,0.1820664553123425,0.7777777777777778,0.5177435038540865,0.6976813795727299,36.492016163265305,127.25641775510205,36.501432244897956,127.24901367346939
18,18:00-19:00,grid_8124_22776,grid_8125_22774,1,0,1,0.3512866321547461,0.3512866321547461,0.17827926647387776,0.4444444444444444,1.0974744878327725,0.8637829863787514,36.491784145833336,127.25589672916668,36.496234083333334,127.24379649999999
18,18:00-19:00,grid_8124_22776,grid_8122_22775,2,0,2,0.19030327457307206,0.19030327457307206,0.13102522893893603,0.2222222222222222,-0.0030325697255833006,0.49879018157254473,36.49048917647059,127.25627779411765,36.483871176470586,127.24993585294118
18,18:00-19:00,grid_8124_22776,grid_8123_22777,1,0,1,0.03861538981500224,0.03861538981500224,0.11032968518572069,0.0,1.0806647835286123,0.8600768731562275,36.49103959259259,127.25646788888889,36.48733877777778,127.25999240740741
18,18:00-19:00,grid_8124_22776,grid_8128_22777,1,0,1,0.09138803631440288,0.09138803631440288,0.05475946883480191,0.1111111111111111,0.8911428198241947,0.8135737222106517,36.49231645454545,127.2563599090909,36.50842545454546,127.26154000000001
18,18:00-19:00,grid_8124_22776,grid_8129_22777,1,0,1,0.08434807660403135,0.08434807660403135,0.034645298233740386,0.1111111111111111,1.5683870421609392,0.9416045833456813,36.491458800000004,127.25662480000001,36.5140666,127.25907240000001
18,18:00-19:00,grid_8124_22776,grid_8126_22770,1,0,1,0.007983758477418754,0.007983758477418754,0.02281073850691073,0.0,0.11327422335983361,0.5450934237648726,36.492333,127.25532,36.498636,127.223981
18,18:00-19:00,grid_8150_22781,grid_8150_22782,2,2,0,0.46859845233824243,0.46859845233824243,0.3071066892203751,0.5555555555555556,-0.287717049745551,0.3867816689163235,36.60898307,127.28455935,36.60873978,127.28914721
18,18:00-19:00,grid_8150_22781,grid_8149_22784,1,1,0,0.15705292161249781,0.15705292161249781,0.03602422048015256,0.2222222222222222,1.2309234026795661,0.8908242430887154,36.609042,127.2849268,36.604290000000006,127.2976356
18,18:00-19:00,grid_8122_22775,grid_8123_22776,1,0,1,0.5481165660182861,0.5481165660182861,0.32795209338557907,0.6666666666666666,0.6875943996260956,0.754145882038845,36.48368476923077,127.25025258241757,36.48769169230769,127.25681376923077
18,18:00-19:00,grid_8122_22775,grid_8124_22776,1,0,1,0.42772531204313036,0.42772531204313036,0.19032628837719773,0.5555555555555556,0.5283513980380895,0.7013722680218075,36.483750642857146,127.25034023214286,36.490678732142854,127.25632755357142
18,18:00-19:00,grid_8122_22775,grid_8122_22776,1,0,1,0.09977448625135658,0.09977448625135658,0.07872075436895534,0.1111111111111111,2.003404853970277,0.9774330745545632,36.483458111111105,127.25010194444445,36.48262038888889,127.25513722222223
18,18:00-19:00,grid_8122_22775,grid_8125_22773,1,0,1,0.01377396213968765,0.01377396213968765,0.03935417754196471,0.0,0.5083737340960564,0.694404365309875,36.48349533333333,127.249908,36.4954075,127.24032033333333
18,18:00-19:00,grid_8121_22776,grid_8122_22777,1,0,1,0.453894022817388,0.453894022817388,0.2650940334465052,0.5555555555555556,-0.3744716776091114,0.3540267121530316,36.478744457831326,127.25480815662651,36.48204648192771,127.26022539759036
18,18:00-19:00,grid_8121_22776,grid_8121_22776,1,0,1,0.42206477810071286,0.42206477810071286,0.1741533342560049,0.5555555555555556,-0.07712919454366207,0.4692603841419663,36.478213839999995,127.25481359999999,36.47880568,127.2545302
18,18:00-19:00,grid_8121_22776,grid_8124_22776,1,0,1,0.30944326953867257,0.30944326953867257,0.05872680185652492,0.4444444444444444,0.6621290675377578,0.7460557457770969,36.479027384615385,127.253925,36.490154000000004,127.25679415384616
18,18:00-19:00,grid_8122_22777,grid_8121_22776,1,0,1,0.4589069016078685,0.4589069016078685,0.2794165442764497,0.5555555555555556,1.901616737055896,0.9713893608900959,36.48211620253164,127.26034237974685,36.47883979746835,127.25476645569621
18,18:00-19:00,grid_8122_22777,grid_8122_22777,1,0,1,0.7289276474931092,0.7289276474931092,0.2255075642660262,1.0,0.15489577368761187,0.561548257227824,36.48275979104477,127.2609477164179,36.48267089552238,127.26100323880597
18,18:00-19:00,grid_8122_22777,grid_8123_22775,1,0,1,0.5885257075700407,0.5885257075700407,0.23705757718424333,0.7777777777777778,0.3329420303273317,0.6304109789994787,36.48277963076923,127.26009444615386,36.4864872,127.25026380000001
18,18:00-19:00,grid_8122_22777,grid_8123_22777,2,0,2,0.6492124654903452,0.6492124654903452,0.20409910775019285,0.8888888888888888,3.2329007846975735,0.9993872994350053,36.482674214285716,127.26116039285715,36.48746130357143,127.26090544642857
18,18:00-19:00,grid_8122_22777,grid_8120_22776,1,0,1,0.20684218771030163,0.20684218771030163,0.17827926647387776,0.2222222222222222,0.9960617370309562,0.8403899252567203,36.48190928571428,127.26069424489796,36.47456712244898,127.25459024489797
18,18:00-19:00,grid_8122_22777,grid_8122_22776,1,0,1,0.2764261044885209,0.2764261044885209,0.17074125091958353,0.3333333333333333,2.217394775016878,0.9867019367727947,36.48238343478261,127.26035169565218,36.48262665217391,127.25382423913042
18,18:00-19:00,grid_8122_22777,grid_8124_22776,1,0,1,0.49155729274302057,0.49155729274302057,0.16635416974196354,0.6666666666666666,1.4556661407459248,0.9272575328539798,36.48308409090909,127.26047547727272,36.490590840909086,127.25660027272728
18,18:00-19:00,grid_8122_22777,grid_8120_22779,1,0,1,0.009134378821027578,0.009134378821027578,0.026098225202935938,0.0,-0.3214579046669577,0.3739317039791784,36.483442999999994,127.2599865,36.4732025,127.274328
18,18:00-19:00,grid_8122_22777,grid_8127_22772,1,0,1,0.007983758477418754,0.007983758477418754,0.02281073850691073,0.0,-0.2738693696021923,0.3920925057226562,36.481022,127.262049,36.505042,127.23423
18,18:00-19:00,grid_8122_22777,grid_8126_22774,1,0,1,0.08020598069964097,0.08020598069964097,0.02281073850691073,0.1111111111111111,0.4534465650916655,0.6748863938041615,36.484475,127.260435,36.498888,127.244784
18,18:00-19:00,grid_8149_22783,grid_8150_22782,1,1,0,0.3729091587437917,0.3729091587437917,0.240057913871151,0.4444444444444444,1.0709405304959385,0.8579019148693443,36.604029242857145,127.29334848571429,36.60859451428571,127.2884215
18,18:00-19:00,grid_8149_22783,grid_8149_22784,1,1,0,0.02443335286304548,0.02443335286304548,0.06980957960870138,0.0,1.013570071369418,0.8446060276796994,36.603960625,127.29303924999999,36.60415575,127.2987795
18,18:00-19:00,grid_8149_22783,grid_8147_22783,1,1,0,0.08251091967524118,0.08251091967524118,0.02939627843719706,0.1111111111111111,-0.06771363661107455,0.47300679689108666,36.60319533333333,127.29232566666667,36.595234,127.294287
18,18:00-19:00,grid_8121_22782,grid_8120_22780,1,0,1,0.7292651616693685,0.7292651616693685,0.22647189048390992,1.0,-0.22525959926239925,0.41088866355168907,36.478210626865675,127.28825225373133,36.47386874626866,127.27798073134328
18,18:00-19:00,grid_8149_22782,grid_8150_22782,1,1,0,0.5105483514961398,0.5105483514961398,0.22061433760801827,0.6666666666666666,0.6182775063453887,0.7318037866482539,36.603776238095236,127.28968712698412,36.60868260317461,127.28844515873017
18,18:00-19:00,grid_8127_22774,grid_8128_22774,2,0,2,0.43855914966000215,0.43855914966000215,0.22128011013968854,0.5555555555555556,1.0064377464714327,0.8428974780936161,36.50515158333334,127.24330068333333,36.51086015,127.24308115000001
18,18:00-19:00,grid_8127_22774,grid_8127_22775,1,0,1,0.6399507052234888,0.6399507052234888,0.1776369355591746,0.8888888888888888,0.3666408007538079,0.6430565150758821,36.504867399999995,127.24336996,36.50473012,127.24935278000001
18,18:00-19:00,grid_8127_22774,grid_8124_22776,2,0,2,0.3962131699479145,0.3962131699479145,0.10029159667658093,0.5555555555555556,0.7590216785348806,0.7760802055914606,36.50522792,127.2443106,36.49149716,127.25682640000001
18,18:00-19:00,grid_8127_22774,grid_8128_22775,1,0,1,0.17708282137484382,0.17708282137484382,0.09325250551542688,0.2222222222222222,1.5246930844775592,0.9363321662725274,36.50475630434782,127.24376691304349,36.5110972173913,127.24892417391305
18,18:00-19:00,grid_8127_22774,grid_8127_22772,1,0,1,0.09977448625135658,0.09977448625135658,0.07872075436895534,0.1111111111111111,2.0905684509652684,0.9817166168319436,36.50493727777778,127.24370338888889,36.5055715,127.23489822222223
18,18:00-19:00,grid_8127_22774,grid_8123_22776,1,0,1,0.08716541539935513,0.08716541539935513,0.042694837648951205,0.1111111111111111,-0.018402317311841276,0.49265895190449926,36.503915142857146,127.24454814285716,36.48867057142857,127.256626
18,18:00-19:00,grid_8121_22775,grid_8123_22776,1,0,1,0.3610911348244503,0.3610911348244503,0.20629213124446136,0.4444444444444444,0.7093126133610967,0.7609347486125124,36.47815165517242,127.25060174137931,36.487779741379306,127.25681037931035
18,18:00-19:00,grid_8121_22775,grid_8123_22777,2,0,2,0.09426014598943479,0.09426014598943479,0.06296549647775021,0.1111111111111111,0.7150718784138825,0.7627176851760686,36.478208307692306,127.2501263076923,36.48721838461539,127.26021999999999
18,18:00-19:00,grid_8129_22774,grid_8130_22774,1,0,1,0.5047680210459008,0.5047680210459008,0.20409910775019285,0.6666666666666666,-0.6286747148160139,0.2647810175162787,36.51304364912281,127.2435240877193,36.51767496491228,127.24310754385965
18,18:00-19:00,grid_8124_22777,grid_8123_22775,1,0,1,0.27736636024423844,0.27736636024423844,0.17342769593591933,0.3333333333333333,1.4206878478811173,0.9222962365611695,36.49034392982456,127.25994738596492,36.4867457368421,127.24994392982457
18,18:00-19:00,grid_8124_22777,grid_8123_22778,2,0,2,0.2801643876097726,0.2801643876097726,0.18142205983744547,0.3333333333333333,1.9197762299775074,0.972556914714731,36.490658395833336,127.2594879375,36.48842435416667,127.26563593750001
18,18:00-19:00,grid_8124_22777,grid_8124_22774,1,0,1,0.16887779730748992,0.16887779730748992,0.06980957960870138,0.2222222222222222,0.311331067867893,0.6222255243525673,36.490899266666666,127.25942586666666,36.491298066666666,127.24505773333334
18,18:00-19:00,grid_8124_22777,grid_8126_22778,1,0,1,0.0813566010432498,0.0813566010432498,0.026098225202935938,0.1111111111111111,1.8940381844983825,0.9708900291610689,36.490594,127.2600125,36.5013145,127.2672325
18,18:00-19:00,grid_8124_22777,grid_8127_22776,1,0,1,0.0813566010432498,0.0813566010432498,0.026098225202935938,0.1111111111111111,0.29078988792245974,0.6143939902039937,36.489670000000004,127.259401,36.504179,127.2527145
18,18:00-19:00,grid_8124_22777,grid_8120_22780,1,0,1,0.0813566010432498,0.0813566010432498,0.026098225202935938,0.1111111111111111,1.730482993217304,0.9582279914146077,36.490373500000004,127.26063099999999,36.473936,127.275521
18,18:00-19:00,grid_8133_22776,grid_8132_22778,1,0,1,0.2858358558993074,0.2858358558993074,0.19762625495040206,0.3333333333333333,1.242278687085645,0.8929331219475635,36.530791074074074,127.25480333333334,36.52914038888889,127.26423118518518
18,18:00-19:00,grid_8133_22776,grid_8134_22778,1,0,1,0.009134378821027578,0.009134378821027578,0.026098225202935938,0.0,2.487895653560272,0.9935749285216808,36.5303075,127.2547205,36.5346775,127.264159
18,18:00-19:00,grid_8133_22778,grid_8132_22778,1,0,1,0.42692008232903356,0.42692008232903356,0.18802563205120695,0.5555555555555556,0.3800240881203216,0.648036232782548,36.53224683018868,127.26616749056605,36.52921573584906,127.26460133962264
18,18:00-19:00,grid_8133_22778,grid_8133_22778,1,0,1,0.17392189447787187,0.17392189447787187,0.08422128580979271,0.2222222222222222,1.1341444030513177,0.871633009706219,36.5317722,127.2655943,36.5318985,127.2655976
18,18:00-19:00,grid_8133_22778,grid_8132_22779,1,0,1,0.1617373860945574,0.1617373860945574,0.049408404714608486,0.2222222222222222,1.8609485340568448,0.9686242775253,36.53134655555555,127.26562133333333,36.52754755555556,127.27064233333333
18,18:00-19:00,grid_8127_22775,grid_8128_22775,2,0,2,0.5710375926662328,0.5710375926662328,0.18709153460193492,0.7777777777777778,1.2027197157856677,0.8854575991251579,36.50480371153846,127.24986261538461,36.51078046153846,127.24959803846153
18,18:00-19:00,grid_8127_22775,grid_8127_22772,2,0,2,0.09376497284632637,0.09376497284632637,0.06155071606886901,0.1111111111111111,-0.34738601587491713,0.36415066885069236,36.50458576923077,127.24878076923076,36.50543084615385,127.23460376923077
18,18:00-19:00,grid_8127_22775,grid_8129_22777,1,0,1,0.16291792772729521,0.16291792772729521,0.05278138080814507,0.2222222222222222,0.6856434991615964,0.7535310279942493,36.5048158,127.25020629999999,36.5140299,127.2588168
18,18:00-19:00,grid_8127_22773,grid_8128_22774,1,0,1,0.4253619346942058,0.4253619346942058,0.1835737816659847,0.5555555555555556,1.2393251839454094,0.892387452060037,36.50538782,127.23890012,36.51093466,127.24228886
18,18:00-19:00,grid_8127_22773,grid_8127_22775,1,0,1,0.40391393564642014,0.40391393564642014,0.12229378438659716,0.5555555555555556,1.4452364032225884,0.9258042527727208,36.50523972727273,127.23911315151514,36.50443666666667,127.24960433333332
18,18:00-19:00,grid_8127_22773,grid_8131_22772,1,0,1,0.08251091967524118,0.08251091967524118,0.02939627843719706,0.1111111111111111,1.0921095821404334,0.8626075309133587,36.505457,127.23854899999999,36.522225,127.23384766666668
18,18:00-19:00,grid_8121_22777,grid_8121_22776,1,0,1,0.34897075782454334,0.34897075782454334,0.1716624826732985,0.4444444444444444,1.2726965102448247,0.898437121769778,36.47914712,127.26052024,36.47846108,127.25413914
18,18:00-19:00,grid_8121_22777,grid_8121_22777,1,0,1,0.10363467502308853,0.10363467502308853,0.08974986514533233,0.1111111111111111,1.6888490087484724,0.9543758154157698,36.47865622727273,127.26040163636362,36.478683909090904,127.26028522727273
18,18:00-19:00,grid_8128_22778,grid_8128_22778,1,0,1,0.20849325396565782,0.20849325396565782,0.1829965986320382,0.2222222222222222,1.026554479253766,0.8476848509620546,36.50996391666667,127.26558554166667,36.50968425,127.26599702083332
18,18:00-19:00,grid_8128_22778,grid_8126_22778,1,0,1,0.007983758477418754,0.007983758477418754,0.02281073850691073,0.0,-0.010520013665182064,0.49580319916917304,36.509818,127.265042,36.500031,127.268911
18,18:00-19:00,grid_8124_22774,grid_8125_22775,1,0,1,0.3497412673051232,0.3497412673051232,0.1738639383320982,0.4444444444444444,-1.7084663752900116,0.04377492017461537,36.49219185106383,127.24452044680851,36.49512676595745,127.2488350212766
18,18:00-19:00,grid_8124_22774,grid_8123_22776,1,0,1,0.19338305588693808,0.19338305588693808,0.13982460412141043,0.2222222222222222,-1.0500139623285432,0.14685584670944923,36.49152313888889,127.24524722222223,36.48748463888889,127.25656291666665
18,18:00-19:00,grid_8124_22774,grid_8125_22776,1,0,1,0.11010880563891182,0.11010880563891182,0.10824738119054174,0.1111111111111111,0.04217175340590307,0.5168191099811982,36.491975269230764,127.24463750000001,36.49462538461539,127.25621715384615
18,18:00-19:00,grid_8127_22777,grid_8127_22777,2,0,2,0.1999123057082131,0.1999123057082131,0.15847960361076763,0.2222222222222222,0.7554612596676487,0.7750138657052845,36.50536842222222,127.2607170888889,36.505492688888886,127.26026446666665
18,18:00-19:00,grid_8127_22777,grid_8126_22775,1,0,1,0.18202604802029443,0.18202604802029443,0.10737601021671427,0.2222222222222222,1.6363540394771592,0.9491172438525824,36.50497371428572,127.26067825,36.501265107142856,127.24910167857142
18,18:00-19:00,grid_8127_22777,grid_8127_22778,1,0,1,0.17585689724531073,0.17585689724531073,0.08974986514533233,0.2222222222222222,1.350108448767319,0.9115094006635289,36.50466972727273,127.26171754545454,36.506189545454546,127.26718427272726
18,18:00-19:00,grid_8127_22777,grid_8126_22776,1,0,1,0.09877012989969511,0.09877012989969511,0.07585116479277967,0.1111111111111111,-0.7561463467075601,0.22478072846903413,36.50584938888889,127.26144772222223,36.499839111111115,127.25576555555556
18,18:00-19:00,grid_8127_22777,grid_8129_22776,1,0,1,0.23514014994951746,0.23514014994951746,0.05278138080814507,0.3333333333333333,0.36379448840379003,0.6419942606627886,36.506070199999996,127.2610311,36.5131144,127.257088
18,18:00-19:00,grid_8127_22777,grid_8129_22778,1,0,1,0.08951516387233519,0.08951516387233519,0.049408404714608486,0.1111111111111111,0.8530237138201127,0.8031769230972874,36.505778,127.26216733333334,36.514725444444444,127.2653742222222
18,18:00-19:00,grid_8127_22777,grid_8125_22776,1,0,1,0.15938763762157734,0.15938763762157734,0.042694837648951205,0.2222222222222222,0.2930159939492051,0.6152450367104016,36.50500914285714,127.261472,36.496440428571425,127.25602657142858
18,18:00-19:00,grid_8127_22777,grid_8130_22777,1,0,1,0.08599618436190987,0.08599618436190987,0.03935417754196471,0.1111111111111111,0.5132961189817874,0.696127900811824,36.505782,127.26099033333334,36.516634833333335,127.26020616666666
18,18:00-19:00,grid_8127_22777,grid_8129_22775,1,0,1,0.012125854381809135,0.012125854381809135,0.034645298233740386,0.0,-0.12261151605923748,0.4512073673805065,36.504668800000005,127.2606358,36.512966399999996,127.24957319999999
18,18:00-19:00,grid_8127_22777,grid_8128_22773,1,0,1,0.01028869745301897,0.01028869745301897,0.02939627843719706,0.0,1.548551926731959,0.939255265059115,36.50452433333333,127.26025666666668,36.50884766666667,127.239285
18,18:00-19:00,grid_8126_22777,grid_8124_22776,1,0,1,0.563236179116504,0.563236179116504,0.16480178160271,0.7777777777777778,0.6006147424232068,0.7259516917630283,36.50106777777778,127.25986544444444,36.49165544444445,127.2564012888889
18,18:00-19:00,grid_8126_22777,grid_8126_22776,1,0,1,0.26454403025952655,0.26454403025952655,0.1367924674081711,0.3333333333333333,0.22378335416594308,0.588537058517185,36.50123725,127.25933175,36.50064641666667,127.25502288888889
18,18:00-19:00,grid_8126_22777,grid_8127_22776,2,0,2,0.40140098826173193,0.40140098826173193,0.1151139347160594,0.5555555555555556,0.9669712723514546,0.8332208025113067,36.501263466666664,127.25959786666667,36.50411723333333,127.2528415
18,18:00-19:00,grid_8126_22777,grid_8126_22778,2,0,2,0.16648236821165702,0.16648236821165702,0.06296549647775021,0.2222222222222222,3.348020877608226,0.9995930456015307,36.50143853846154,127.26073023076923,36.50010384615385,127.26616253846154
18,18:00-19:00,grid_8126_22777,grid_8123_22777,1,0,1,0.08483069939027561,0.08483069939027561,0.03602422048015256,0.1111111111111111,1.218999967026142,0.8885778974997373,36.5011206,127.25940539999999,36.4878142,127.26052899999999
18,18:00-19:00,grid_8126_22775,grid_8127_22775,1,0,1,0.4853756867853232,0.4853756867853232,0.14869243843425686,0.6666666666666666,0.632569423771148,0.7364925702657639,36.50158587179487,127.24907994871795,36.50445817948718,127.2495671025641
18,18:00-19:00,grid_8126_22775,grid_8126_22776,1,0,1,0.1928520786033994,0.1928520786033994,0.13830752616844277,0.2222222222222222,-0.42994297641515733,0.33361856110307486,36.50131655263158,127.24901028947369,36.50013547368421,127.2552309736842
18,18:00-19:00,grid_8126_22775,grid_8127_22773,2,0,2,0.17636522422183457,0.17636522422183457,0.09120222793540039,0.2222222222222222,-0.21986841205653657,0.412986818933141,36.50204327272727,127.24850195454546,36.50545177272727,127.23766254545454
18,18:00-19:00,grid_8126_22775,grid_8124_22775,1,0,1,0.026342635150958988,0.026342635150958988,0.07526467185988282,0.0,1.300554137556751,0.9032944429864203,36.501044529411764,127.24861164705884,36.49210388235294,127.24961835294118
18,18:00-19:00,grid_8126_22775,grid_8123_22775,1,0,1,0.021542750624104153,0.021542750624104153,0.06155071606886901,0.0,-1.3931842163179164,0.08178204571921471,36.501758307692306,127.24943384615383,36.487189307692304,127.25050276923076
18,18:00-19:00,grid_8126_22775,grid_8122_22776,2,0,2,0.08020598069964097,0.08020598069964097,0.02281073850691073,0.1111111111111111,0.08117727503181285,0.5323495141208764,36.498826,127.249494,36.481918,127.253751
18,18:00-19:00,grid_8125_22774,grid_8125_22775,2,0,2,0.2674209281448588,0.2674209281448588,0.14501217565197744,0.3333333333333333,1.2373905278829578,0.892028933186497,36.49615964864865,127.24321764864864,36.49508791891892,127.248669
18,18:00-19:00,grid_8125_22774,grid_8124_22777,1,0,1,0.15705292161249781,0.15705292161249781,0.03602422048015256,0.2222222222222222,1.3535114381237707,0.9120538507944319,36.4962576,127.24301419999999,36.4912572,127.25824680000001
18,18:00-19:00,grid_8127_22772,grid_8127_22773,1,0,1,0.33857707256456515,0.33857707256456515,0.14196623907336092,0.4444444444444444,-0.6818468970096958,0.24766788330600226,36.50541618918919,127.2346387027027,36.50516781081081,127.23909391891893
18,18:00-19:00,grid_8127_22772,grid_8126_22773,1,0,1,0.17636522422183457,0.17636522422183457,0.09120222793540039,0.2222222222222222,1.2938842002579864,0.9021472886270036,36.50474840909091,127.234816,36.500299909090906,127.23639240909091
18,18:00-19:00,grid_8127_22772,grid_8128_22771,1,0,1,0.17270609755143265,0.17270609755143265,0.08074758030568066,0.2222222222222222,0.841121183916066,0.7998599756808851,36.50549978947369,127.23375494736841,36.51110331578948,127.22981815789473
18,18:00-19:00,grid_8127_22772,grid_8126_22772,1,0,1,0.31332224175193435,0.31332224175193435,0.06980957960870138,0.4444444444444444,-0.10369052894971709,0.4587074714708984,36.5055056,127.23378973333334,36.50066373333333,127.23388786666668
18,18:00-19:00,grid_8128_22774,grid_8127_22774,1,0,1,0.26529160849689687,0.26529160849689687,0.1389284052292291,0.3333333333333333,0.8858535256170788,0.8121517688440176,36.510669756756755,127.24368137837838,36.505026216216216,127.2435651081081
18,18:00-19:00,grid_8128_22774,grid_8127_22772,1,0,1,0.3329542481348776,0.3329542481348776,0.1259010264171107,0.4444444444444444,1.882281023643568,0.9701010651834453,36.51100471428571,127.24242305714286,36.50510931428572,127.23471585714285
18,18:00-19:00,grid_8128_22774,grid_8130_22772,1,0,1,0.08716541539935513,0.08716541539935513,0.042694837648951205,0.1111111111111111,-0.046322153519112175,0.48152674115238747,36.51134028571429,127.24174514285714,36.51879314285714,127.23506328571429
18,18:00-19:00,grid_8128_22774,grid_8124_22775,1,0,1,0.08251091967524118,0.08251091967524118,0.02939627843719706,0.1111111111111111,3.0185336214976406,0.9987299939208787,36.510776,127.24321933333333,36.49201133333333,127.24975666666667
18,18:00-19:00,grid_8148_22783,grid_8150_22782,3,3,0,0.41004972255360483,0.41004972255360483,0.13982460412141043,0.5555555555555556,2.5022548957666526,0.9938297479359859,36.60107355555556,127.29521377777776,36.60826733333333,127.28876002777777
18,18:00-19:00,grid_8148_22783,grid_8151_22782,1,1,0,0.1085620642063613,0.1085620642063613,0.10382811995468312,0.1111111111111111,0.2669137794144828,0.6052322265070739,36.60108437037037,127.29508448148148,36.612013814814816,127.28855407407407
18,18:00-19:00,grid_8130_22775,grid_8128_22775,2,0,2,0.4077137268218154,0.4077137268218154,0.13315033060201212,0.5555555555555556,0.9008850172092406,0.8161752708869723,36.518188342857144,127.25097605714285,36.511144914285715,127.24951085714285
18,18:00-19:00,grid_8124_22775,grid_8123_22775,1,0,1,0.4090844852543255,0.4090844852543255,0.1370667832663267,0.5555555555555556,1.1004173664151347,0.8644248423645446,36.49209276470589,127.24898182352942,36.48688882352941,127.24991061764706
18,18:00-19:00,grid_8124_22775,grid_8124_22777,1,0,1,0.17249989078827332,0.17249989078827332,0.0801584181252254,0.2222222222222222,0.39305979950274694,0.6528623426266579,36.49203522222222,127.24965083333333,36.490960944444446,127.25851922222222
18,18:00-19:00,grid_8125_22776,grid_8127_22775,2,0,2,0.33221522090461647,0.33221522090461647,0.12378952004493599,0.4444444444444444,1.4229500585787391,0.9226246833740215,36.49523321875,127.2566463125,36.50454040625,127.2498370625
18,18:00-19:00,grid_8125_22776,grid_8128_22774,1,0,1,0.23751262879242951,0.23751262879242951,0.05955989178789382,0.3333333333333333,1.2421071932302028,0.8929014925416485,36.49527558333333,127.25634941666665,36.510562,127.2435535
18,18:00-19:00,grid_8125_22776,grid_8123_22778,1,0,1,0.08833840454310049,0.08833840454310049,0.046046235202509375,0.1111111111111111,1.0455905348396024,0.8521249394188715,36.495700625,127.256504,36.488685000000004,127.26599125
18,18:00-19:00,grid_8125_22776,grid_8124_22779,1,0,1,0.08020598069964097,0.08020598069964097,0.02281073850691073,0.1111111111111111,0.6857657203528076,0.7535695719194948,36.498304,127.257747,36.491262,127.269788
18,18:00-19:00,grid_8130_22776,grid_8129_22777,1,0,1,0.4022286668408812,0.4022286668408812,0.11747873065648588,0.5555555555555556,-0.7209453396957708,0.2354715728251533,36.51770365625,127.25524478125,36.51466934375,127.25924090625
18,18:00-19:00,grid_8128_22772,grid_8130_22772,1,0,1,0.3991156354253949,0.3991156354253949,0.10858435518366784,0.5555555555555556,1.6296204915472847,0.9484091346124746,36.51089065517242,127.23281872413793,36.519580241379316,127.23451786206897
18,18:00-19:00,grid_8128_22772,grid_8130_22773,1,0,1,0.17149419588192166,0.17149419588192166,0.07728500410707778,0.2222222222222222,1.5007391479629455,0.9332884783385877,36.510629333333334,127.23286166666668,36.51822738888889,127.23872605555556
18,18:00-19:00,grid_8128_22777,grid_8128_22778,1,0,1,0.11208668762451487,0.11208668762451487,0.11389847257797905,0.1111111111111111,0.8891199233477197,0.8130306837406164,36.50906796428571,127.26197792857144,36.50968507142857,127.26632
18,18:00-19:00,grid_8128_22777,grid_8128_22777,1,0,1,0.3972403425624598,0.3972403425624598,0.10322637557528196,0.5555555555555556,1.6343118637485523,0.9489033080721492,36.50892273076923,127.26039303846154,36.50877703846154,127.2609735
18,18:00-19:00,grid_8128_22777,grid_8127_22779,1,0,1,0.09495917408385385,0.09495917408385385,0.06496271960466182,0.1111111111111111,1.2489722208207652,0.894162382801428,36.508089,127.26221935714285,36.50557521428571,127.27153185714285
18,18:00-19:00,grid_8128_22777,grid_8126_22777,1,0,1,0.23583248075884733,0.23583248075884733,0.05475946883480191,0.3333333333333333,3.3582630130225195,0.9996078302769591,36.50847354545454,127.2600739090909,36.50126818181818,127.25970009090908
18,18:00-19:00,grid_8128_22777,grid_8128_22774,1,0,1,0.15705292161249781,0.15705292161249781,0.03602422048015256,0.2222222222222222,1.573443682987964,0.9421919405535386,36.5084564,127.26137659999999,36.5102402,127.24460939999999
18,18:00-19:00,grid_8122_22776,grid_8122_22776,2,0,2,0.2524923000133471,0.2524923000133471,0.10235895241908688,0.3333333333333333,-0.3267308128946304,0.37193574643042904,36.483058115384615,127.25481926923077,36.48311107692307,127.25421373076922
18,18:00-19:00,grid_8129_22775,grid_8130_22773,1,0,1,0.18005974757566992,0.18005974757566992,0.10175800894635857,0.2222222222222222,-0.6370106639483716,0.2620589487172421,36.51229819230769,127.24838488461539,36.518461,127.23749707692308
18,18:00-19:00,grid_8129_22773,grid_8129_22774,2,0,2,0.32152726581928825,0.32152726581928825,0.09325250551542688,0.4444444444444444,1.2344383960160163,0.8914802055363998,36.51505365217391,127.2395352173913,36.51312,127.24249347826087
18,18:00-19:00,grid_8129_22773,grid_8130_22773,1,0,1,0.17128864977870095,0.17128864977870095,0.07669772952644723,0.2222222222222222,0.4442239984079589,0.671559678364751,36.51328029411765,127.24041411764705,36.518332470588234,127.23776111764707
18,18:00-19:00,grid_8129_22773,grid_8128_22772,1,0,1,0.012608477168053396,0.012608477168053396,0.03602422048015256,0.0,2.78419758351366,0.9973169832539122,36.512591199999996,127.2404984,36.5111306,127.2335636
18,18:00-19:00,grid_8129_22773,grid_8126_22775,1,0,1,0.00980916223537842,0.00980916223537842,0.028026177815366916,0.0,0.6532401037678068,0.7431992501368287,36.51260033333333,127.24071866666668,36.501002666666665,127.248877
18,18:00-19:00,grid_8130_22777,grid_8130_22776,1,0,1,0.03314833775579638,0.03314833775579638,0.09470953644513251,0.0,-0.2814453071321273,0.38918443589686785,36.517613652173914,127.26184995652173,36.5184127826087,127.25638513043478
18,18:00-19:00,grid_8128_22773,grid_8127_22772,1,0,1,0.17514159918125385,0.17514159918125385,0.08770615639088404,0.2222222222222222,-0.36340314585731853,0.3581518760636201,36.509730857142856,127.24009580952381,36.50518385714286,127.23471385714286
18,18:00-19:00,grid_8128_22773,grid_8127_22773,1,0,1,0.17442764258184157,0.17442764258184157,0.08566628039256322,0.2222222222222222,-0.31080314892311633,0.37797513783626147,36.510082,127.23988015,36.505339750000005,127.23888409999999
18,18:00-19:00,grid_8120_22776,grid_8124_22776,1,0,1,0.17442764258184157,0.17442764258184157,0.08566628039256322,0.2222222222222222,-0.49631361573103616,0.30983658069155834,36.474742199999994,127.25425105,36.49056815,127.2560563
18,18:00-19:00,grid_8119_22780,grid_8120_22780,1,0,1,0.09927197365969943,0.09927197365969943,0.07728500410707778,0.1111111111111111,0.9153962035970248,0.8200081646581735,36.46982077777778,127.276724,36.47286366666666,127.27790644444445
18,18:00-19:00,grid_8152_22782,grid_8149_22783,1,1,0,0.09977448625135658,0.09977448625135658,0.07872075436895534,0.1111111111111111,0.42703937882039644,0.6653246770687012,36.617161333333335,127.287841,36.60410205555556,127.29305283333332
18,18:00-19:00,grid_8123_22784,grid_8123_22784,1,0,1,0.17008128942948533,0.17008128942948533,0.07324812852868827,0.2222222222222222,0.6329453761981798,0.7366153427733652,36.4865088125,127.300219,36.4865550625,127.3002365625
18,18:00-19:00,grid_8123_22784,grid_8122_22782,1,0,1,0.007983758477418754,0.007983758477418754,0.02281073850691073,0.0,-0.3436950155205684,0.3655378300594892,36.487061,127.299765,36.480851,127.289062
18,18:00-19:00,grid_8130_22773,grid_8131_22772,1,0,1,0.2418035484347454,0.2418035484347454,0.07181966219451072,0.3333333333333333,-0.6609793589234632,0.2543127754292326,36.5184054375,127.236619625,36.5221256875,127.233349875
18,18:00-19:00,grid_8150_22783,grid_8151_22781,1,1,0,0.09615721368612756,0.09615721368612756,0.06838568989687244,0.1111111111111111,0.3218839047099852,0.6262296765032529,36.60898266666666,127.29265606666667,36.612035799999994,127.2848068
18,18:00-19:00,grid_8129_22772,grid_8130_22773,3,0,3,0.09495917408385385,0.09495917408385385,0.06496271960466182,0.1111111111111111,0.25037224719943385,0.5988502551059204,36.51376557142857,127.2324205,36.518700214285715,127.23759285714286
18,18:00-19:00,grid_8129_22772,grid_8128_22774,1,0,1,0.08551201034440722,0.08551201034440722,0.037970823206242885,0.1111111111111111,0.7441815225817288,0.7716166675342523,36.51431216666666,127.23202400000001,36.5112345,127.24204250000001
18,18:00-19:00,grid_8122_22774,grid_8122_22775,1,0,1,0.09426014598943479,0.09426014598943479,0.06296549647775021,0.1111111111111111,-0.3925700080378287,0.34731854742598767,36.48274469230769,127.246271,36.48325315384615,127.25045915384615
18,18:00-19:00,grid_8151_22783,grid_8149_22783,1,1,0,0.1659871950685486,0.1659871950685486,0.06155071606886901,0.2222222222222222,0.20304998193158896,0.5804520170527353,36.61290861538461,127.29358215384615,36.60442923076923,127.293295
18,18:00-19:00,grid_8123_22777,grid_8125_22776,1,0,1,0.09188004159827706,0.09188004159827706,0.056165198217299546,0.1111111111111111,1.1432422928383745,0.873530996447531,36.488091363636364,127.26092845454545,36.49515945454545,127.25640936363635
18,18:00-19:00,grid_8125_22773,grid_8124_22776,1,0,1,0.3073623721717396,0.3073623721717396,0.05278138080814507,0.4444444444444444,1.1200908462097983,0.8686624744969441,36.4955276,127.24035,36.491213900000005,127.25654159999999
18,18:00-19:00,grid_8121_22783,grid_8122_22784,1,0,1,0.1617373860945574,0.1617373860945574,0.049408404714608486,0.2222222222222222,0.7008713523678616,0.7583083479854735,36.478084777777774,127.2948611111111,36.48332822222223,127.29912833333333
18,18:00-19:00,grid_8126_22772,grid_8124_22776,1,0,1,0.0866796851646745,0.0866796851646745,0.0413070369784351,0.1111111111111111,1.1126528214801672,0.8670712174187323,36.5009105,127.2346615,36.493119125,127.25638475
18,18:00-19:00,grid_8126_22772,grid_8128_22773,1,0,1,0.009134378821027578,0.009134378821027578,0.026098225202935938,0.0,-0.11374844525730288,0.4547186039755861,36.50142,127.234139,36.5081175,127.23811
18,18:00-19:00,grid_8122_22783,grid_8121_22783,1,0,1,0.01494319317713292,0.01494319317713292,0.042694837648951205,0.0,1.6552180492157624,0.9510598623579817,36.48202457142857,127.29443414285716,36.478432285714284,127.29579542857142
18,18:00-19:00,grid_8125_22787,grid_8125_22787,1,0,1,0.15890190738689672,0.15890190738689672,0.0413070369784351,0.2222222222222222,0.23514417785493125,0.5929515845774012,36.495496714285714,127.31736085714286,36.49742642857143,127.31632771428572
18,18:00-19:00,grid_8122_22786,grid_8123_22788,1,0,1,0.08599618436190987,0.08599618436190987,0.03935417754196471,0.1111111111111111,0.8578919395818487,0.8045239322685585,36.481857999999995,127.308767,36.48653483333333,127.32122666666667
18,18:00-19:00,grid_8126_22786,grid_8126_22787,1,0,1,0.15821840658413208,0.15821840658413208,0.03935417754196471,0.2222222222222222,-0.822062700400378,0.2055206063401792,36.500708333333336,127.31212783333335,36.49983233333334,127.3161255
18,18:00-19:00,grid_8122_22782,grid_8121_22782,1,0,1,0.08599618436190987,0.08599618436190987,0.03935417754196471,0.1111111111111111,0.4038394591700899,0.6568346110963146,36.48103233333333,127.28986149999999,36.47851416666666,127.28868233333333
18,18:00-19:00,grid_8121_22781,grid_8120_22781,1,0,1,0.08483069939027561,0.08483069939027561,0.03602422048015256,0.1111111111111111,0.31587952365437083,0.6239530227285471,36.4766304,127.2842336,36.4743854,127.28179540000001
18,18:00-19:00,grid_8123_22778,grid_8127_22777,1,0,1,0.08483069939027561,0.08483069939027561,0.03602422048015256,0.1111111111111111,0.46592963251643116,0.6793670651622538,36.4882758,127.26530619999998,36.5050546,127.2608596
18,18:00-19:00,grid_8126_22778,grid_8125_22775,1,0,1,0.08483069939027561,0.08483069939027561,0.03602422048015256,0.1111111111111111,1.0821189383763619,0.8604001591798536,36.5018196,127.2642762,36.4956034,127.24811159999999
18,18:00-19:00,grid_8126_22778,grid_8129_22777,1,0,1,0.1558911707047617,0.1558911707047617,0.03270493217233506,0.2222222222222222,0.7335863059610983,0.7683995452459715,36.5000735,127.26708925,36.51373425,127.25988125
18,18:00-19:00,grid_8130_22774,grid_8133_22774,1,0,1,0.2983944710866669,0.2983944710866669,0.027158806279365833,0.4444444444444444,-1.1090526166993349,0.1337037420408762,36.519859499999995,127.24488025,36.53136175,127.2455265
18,18:00-19:00,grid_8127_22776,grid_8126_22775,1,0,1,0.1558911707047617,0.1558911707047617,0.03270493217233506,0.2222222222222222,1.5021748362191676,0.933474019111739,36.50367975,127.25409575,36.502272250000004,127.24838175
18,18:00-19:00,grid_8128_22776,grid_8124_22776,1,0,1,0.08251091967524118,0.08251091967524118,0.02939627843719706,0.1111111111111111,1.2054762741656626,0.8859902540720335,36.50897033333333,127.257188,36.49040333333333,127.256928
18,18:00-19:00,grid_8146_22782,grid_8147_22781,1,1,0,0.08251091967524118,0.08251091967524118,0.02939627843719706,0.1111111111111111,0.507082368496977,0.6939514871758159,36.59169666666667,127.28957866666667,36.593559666666664,127.28470633333332
18,18:00-19:00,grid_8131_22775,grid_8129_22777,1,0,1,0.00980916223537842,0.00980916223537842,0.028026177815366916,0.0,0.23760513000897082,0.5939063143583597,36.521765,127.24865966666668,36.515065666666665,127.25882333333334
18,18:00-19:00,grid_8147_22783,grid_8147_22782,1,1,0,0.1547331418974634,0.1547331418974634,0.02939627843719706,0.2222222222222222,1.128272328573293,0.8703975369938166,36.594522000000005,127.295674,36.59526333333333,127.29098
18,18:00-19:00,grid_8126_22776,grid_8128_22772,1,0,1,0.009134378821027578,0.009134378821027578,0.026098225202935938,0.0,1.1461621492703316,0.8741359669596301,36.4991385,127.254012,36.510854,127.233646
18,18:00-19:00,grid_8126_22776,grid_8130_22775,1,0,1,0.08020598069964097,0.08020598069964097,0.02281073850691073,0.1111111111111111,0.9698088689319586,0.833929114373373,36.499003,127.255522,36.517861,127.251912
18,18:00-19:00,grid_8120_22775,grid_8119_22775,1,0,1,0.009134378821027578,0.009134378821027578,0.026098225202935938,0.0,-1.0795051003691838,0.14018131067196654,36.475739000000004,127.2518115,36.4709505,127.252028
18,18:00-19:00,grid_8119_22779,grid_8119_22779,2,0,2,0.1531008244169719,0.1531008244169719,0.02473251420722135,0.2222222222222222,-0.6230162964263051,0.26663690641788135,36.4685535,127.271666,36.4685235,127.271548
18,18:00-19:00,grid_8129_22771,grid_8130_22771,1,0,1,0.007983758477418754,0.007983758477418754,0.02281073850691073,0.0,1.891278706197664,0.9707064251710548,36.515218,127.228579,36.516983,127.228634
18,18:00-19:00,grid_8125_22778,grid_8120_22780,1,0,1,0.08020598069964097,0.08020598069964097,0.02281073850691073,0.1111111111111111,0.716051363120948,0.7630201829307773,36.496216,127.263529,36.474375,127.27618
18,18:00-19:00,grid_8132_22772,grid_8130_22775,1,0,1,0.007983758477418754,0.007983758477418754,0.02281073850691073,0.0,0.14947837530011332,0.5594119141666583,36.526987,127.234939,36.517383,127.248896
18,18:00-19:00,grid_8133_22795,grid_8135_22795,1,0,1,0.007983758477418754,0.007983758477418754,0.02281073850691073,0.0,1.581110615087959,0.9430736259823511,36.53381,127.360461,36.542721,127.363987
18,18:00-19:00,grid_8146_22779,grid_8148_22782,1,0,1,0.08020598069964097,0.08020598069964097,0.02281073850691073,0.1111111111111111,0.03543304795190042,0.5141327836025851,36.588771,127.274556,36.601288,127.289311
18,18:00-19:00,grid_8120_22781,grid_8122_22777,1,0,1,0.08020598069964097,0.08020598069964097,0.02281073850691073,0.1111111111111111,0.8672013054040398,0.8070841394241968,36.474645,127.284744,36.482389,127.26278
19,19:00-20:00,grid_8123_22775,grid_8123_22776,1,0,1,1.5236273824168474,1.5236273824168474,0.8452845846830555,1.8888888888888888,1.2960191456507513,0.9025155555560438,36.48683560392157,127.24977767450982,36.487664847058824,127.25658410980392
19,19:00-20:00,grid_8123_22775,grid_8124_22776,1,0,1,0.9023967632192553,0.9023967632192553,0.5147844028486659,1.1111111111111112,-0.9360768529316054,0.1746168099043589,36.48684029677419,127.24985213548388,36.49064255483871,127.25561443225806
19,19:00-20:00,grid_8123_22775,grid_8123_22775,1,0,1,1.1742919767096405,1.1742919767096405,0.46623104456722675,1.5555555555555556,0.3353577169611489,0.6313223700213537,36.486928618705036,127.2492119352518,36.48672185611511,127.24928810791367
19,19:00-20:00,grid_8123_22775,grid_8124_22775,1,0,1,0.2707602173584546,0.2707602173584546,0.154553001976537,0.3333333333333333,-1.476561105059071,0.06989666212494505,36.486969,127.24983782222222,36.49229793333333,127.24919037777778
19,19:00-20:00,grid_8150_22782,grid_8151_22782,1,1,0,0.23026880996327015,0.23026880996327015,0.451561679260137,0.1111111111111111,0.11010654288205099,0.5438375603793294,36.60853252941177,127.28864840522877,36.61146690849673,127.28833963398694
19,19:00-20:00,grid_8150_22782,grid_8151_22781,1,1,0,0.2971027574453643,0.2971027574453643,0.2298174022248503,0.3333333333333333,-0.9361221367862264,0.1746051533235891,36.609084055555556,127.28847977777777,36.61173016666666,127.28474981944444
19,19:00-20:00,grid_8151_22782,grid_8150_22782,3,3,0,0.19918232945604927,0.19918232945604927,0.3627431635252202,0.1111111111111111,2.334147245911329,0.9902059934412587,36.611647683453235,127.28828543884892,36.608404,127.28860376978419
19,19:00-20:00,grid_8151_22782,grid_8149_22783,1,1,0,0.3351058946180408,0.3351058946180408,0.132048587797577,0.4444444444444444,2.9017391275608064,0.9981445128458992,36.61183560526316,127.28825715789473,36.60394244736842,127.29359468421052
19,19:00-20:00,grid_8151_22782,grid_8150_22781,1,1,0,0.11286523614910632,0.11286523614910632,0.11612289693395458,0.1111111111111111,0.7272803768716052,0.7664728917135145,36.61188020588235,127.28955779411766,36.609425529411766,127.28459114705883
19,19:00-20:00,grid_8124_22776,grid_8123_22775,2,0,2,1.097027771406931,1.097027771406931,0.45182537862297717,1.4444444444444444,1.3480361782535637,0.911176626620012,36.49082116788321,127.25572233576642,36.48714151824817,127.24963825547447
19,19:00-20:00,grid_8124_22776,grid_8124_22776,2,0,2,0.6800677263692871,0.6800677263692871,0.2922569959757412,0.8888888888888888,2.977531635019521,0.9985471017241387,36.49175751685393,127.25548176404494,36.491559955056175,127.2559599213483
19,19:00-20:00,grid_8124_22776,grid_8126_22775,1,0,1,0.20489735807707443,0.20489735807707443,0.1727226103789429,0.2222222222222222,0.17569470651851804,0.5697331028990225,36.492016163265305,127.25641775510205,36.501432244897956,127.24901367346939
19,19:00-20:00,grid_8124_22776,grid_8125_22774,2,0,2,0.3480267641950027,0.3480267641950027,0.16896535801746815,0.4444444444444444,0.6274000650207754,0.7348014874313159,36.491784145833336,127.25589672916668,36.496234083333334,127.24379649999999
19,19:00-20:00,grid_8124_22776,grid_8124_22777,2,0,2,0.11769616553937565,0.11769616553937565,0.12992555233472408,0.1111111111111111,1.900521740481575,0.9713176576464393,36.491268702702705,127.25624951351351,36.49062394594595,127.26026313513513
19,19:00-20:00,grid_8124_22776,grid_8123_22777,1,0,1,0.32443240239368437,0.32443240239368437,0.10155289572798717,0.4444444444444444,0.7223046555835597,0.764946404397498,36.49103959259259,127.25646788888889,36.48733877777778,127.25999240740741
19,19:00-20:00,grid_8124_22776,grid_8123_22772,1,0,1,0.005154015096362627,0.005154015096362627,0.014725757418178933,0.0,1.2277015493252512,0.890220487685166,36.490137,127.256779,36.485025,127.23277
19,19:00-20:00,grid_8129_22778,grid_8129_22777,1,0,1,0.7303206087383376,0.7303206087383376,0.435836659887314,0.8888888888888888,-0.3547932482080036,0.36137224345493013,36.51453657364341,127.2655159767442,36.514442209302324,127.25940521705428
19,19:00-20:00,grid_8129_22778,grid_8128_22778,1,0,1,0.02860390666923136,0.02860390666923136,0.08172544762637532,0.0,1.175959145183251,0.8801943988856189,36.51433192,127.26546308,36.50980964,127.2667852
19,19:00-20:00,grid_8128_22778,grid_8129_22777,2,0,2,1.073793135400123,1.073793135400123,0.3854407043178123,1.4444444444444444,-0.017886921808999222,0.49286453111551526,36.51007996581196,127.26617884615385,36.51404345299146,127.25967005982905
19,19:00-20:00,grid_8133_22777,grid_8132_22778,1,0,1,0.35233433539796166,0.35233433539796166,0.3876219106608429,0.3333333333333333,0.7591130016909812,0.7761075189043565,36.53074722413793,127.25917694827587,36.529259353448275,127.26429103448275
19,19:00-20:00,grid_8132_22778,grid_8133_22777,1,0,1,0.7085326261301059,0.7085326261301059,0.373585281006652,0.8888888888888888,1.232519808213394,0.8911225140396287,36.529149587719296,127.2642854736842,36.530680614035084,127.25919527192983
19,19:00-20:00,grid_8132_22778,grid_8129_22775,1,0,1,0.07851776238838772,0.07851776238838772,0.01798725761761571,0.1111111111111111,0.6353788517394361,0.73740932121101,36.5288355,127.2645235,36.5129035,127.249878
19,19:00-20:00,grid_8122_22775,grid_8123_22776,3,0,3,0.6166648302880301,0.6166648302880301,0.3174550706642131,0.7777777777777778,1.1600236349835695,0.876980408289118,36.48368476923077,127.25025258241757,36.48769169230769,127.25681376923077
19,19:00-20:00,grid_8122_22775,grid_8123_22775,3,0,3,0.5212316824182517,0.5212316824182517,0.2511381402426238,0.6666666666666666,0.1666348079451656,0.5661712980912852,36.483427569444444,127.24996948611111,36.48656019444444,127.24952426388889
19,19:00-20:00,grid_8122_22775,grid_8122_22775,1,0,1,0.21019991501255061,0.21019991501255061,0.18787277305173197,0.2222222222222222,-0.558234552815678,0.28834211459377923,36.4833582037037,127.25037155555556,36.48322261111111,127.25002046296296
19,19:00-20:00,grid_8122_22775,grid_8121_22775,1,0,1,0.188436440925264,0.188436440925264,0.1256914185166273,0.2222222222222222,-0.3991776784266582,0.3448811446479818,36.483703885714284,127.2504113142857,36.47808137142857,127.24942585714287
19,19:00-20:00,grid_8122_22775,grid_8123_22777,1,0,1,0.16830982079419765,0.16830982079419765,0.06818678957072347,0.2222222222222222,1.9787467456994334,0.976077736479034,36.48366182352942,127.25061694117646,36.48785405882353,127.26044841176471
19,19:00-20:00,grid_8122_22775,grid_8124_22774,1,0,1,0.018115222778601208,0.018115222778601208,0.051757779367432026,0.0,0.719360079584629,0.7640404565375291,36.48416292307692,127.24935576923077,36.4919093076923,127.24247776923077
19,19:00-20:00,grid_8122_22775,grid_8120_22775,1,0,1,0.08196439913535535,0.08196439913535535,0.02783479118038036,0.1111111111111111,0.6000965894538488,0.7257790672996487,36.482448,127.2508358,36.475166,127.2510252
19,19:00-20:00,grid_8123_22776,grid_8122_22775,1,0,1,0.6067275914953765,0.6067275914953765,0.2890629598280598,0.7777777777777778,-1.0444294643751686,0.1481433687476691,36.4873025,127.2568888409091,36.48367968181818,127.25007542045455
19,19:00-20:00,grid_8123_22776,grid_8124_22775,1,0,1,0.11243943948550833,0.11243943948550833,0.11490633503796033,0.1111111111111111,0.9369650777313432,0.825611739081461,36.48801465625,127.25633034375,36.491609249999996,127.24928865625
19,19:00-20:00,grid_8123_22776,grid_8121_22776,1,0,1,0.2563645146032704,0.2563645146032704,0.11342242267601069,0.3333333333333333,-0.4481069759661749,0.3270379968590101,36.4874925625,127.25692803125,36.4786765,127.2540784375
19,19:00-20:00,grid_8121_22776,grid_8122_22777,1,0,1,0.4503939701362979,0.4503939701362979,0.2550938829291049,0.5555555555555556,-0.5786562922185934,0.28141055667294707,36.478744457831326,127.25480815662651,36.48204648192771,127.26022539759036
19,19:00-20:00,grid_8121_22776,grid_8123_22776,1,0,1,0.11822323295005957,0.11822323295005957,0.13143145922239247,0.1111111111111111,-1.6863676133794414,0.045862507695865584,36.47879655263158,127.2538377368421,36.487451078947366,127.25695700000001
19,19:00-20:00,grid_8121_22776,grid_8120_22776,1,0,1,0.2543874779106169,0.2543874779106169,0.10777374641128633,0.3333333333333333,0.15458807758072526,0.5614269651429771,36.4783455483871,127.25482632258066,36.4745799032258,127.25479690322581
19,19:00-20:00,grid_8122_22777,grid_8121_22776,1,0,1,0.5998116682199653,0.5998116682199653,0.26930317904117085,0.7777777777777778,-0.04532335659254805,0.4819247853483089,36.48211620253164,127.26034237974685,36.47883979746835,127.25476645569621
19,19:00-20:00,grid_8122_22777,grid_8122_22777,1,0,1,0.29220378276637415,0.29220378276637415,0.21582033171345005,0.3333333333333333,0.059596712835182086,0.5237615817526898,36.48275979104477,127.2609477164179,36.48267089552238,127.26100323880597
19,19:00-20:00,grid_8122_22777,grid_8124_22776,1,0,1,0.19944152827731423,0.19944152827731423,0.1571345252367709,0.2222222222222222,0.42109107530646206,0.6631557108558228,36.48308409090909,127.26047547727272,36.490590840909086,127.25660027272728
19,19:00-20:00,grid_8122_22777,grid_8120_22780,1,0,1,0.1565028822076816,0.1565028822076816,0.034452679323534796,0.2222222222222222,0.029161804105495848,0.5116322279116935,36.48286042857143,127.26021185714285,36.47366685714285,127.2776512857143
19,19:00-20:00,grid_8122_22777,grid_8125_22777,1,0,1,0.08081183148485856,0.08081183148485856,0.02454174075038954,0.1111111111111111,-0.25910714425974846,0.39777628633592277,36.48171025,127.26208774999999,36.4943375,127.26180275
19,19:00-20:00,grid_8124_22775,grid_8124_22776,1,0,1,0.3837370833400746,0.3837370833400746,0.2709948412891022,0.4444444444444444,1.257310140254366,0.8956793232243427,36.49245114102564,127.24958782051283,36.49133744871795,127.25584129487179
19,19:00-20:00,grid_8124_22775,grid_8123_22776,1,0,1,0.2634117301220166,0.2634117301220166,0.13355732415814262,0.3333333333333333,1.5474174715457294,0.9391186945502359,36.491538184210526,127.24935394736842,36.48774192105263,127.25666918421054
19,19:00-20:00,grid_8124_22775,grid_8123_22775,1,0,1,0.3337164149464019,0.3337164149464019,0.1280786458786088,0.4444444444444444,-1.1761930016480595,0.11975888021768405,36.49209276470589,127.24898182352942,36.48688882352941,127.24991061764706
19,19:00-20:00,grid_8124_22775,grid_8121_22778,1,0,1,0.07737623731858484,0.07737623731858484,0.014725757418178933,0.1111111111111111,1.6990717492576501,0.9553471672101352,36.491281,127.249456,36.479656,127.264352
19,19:00-20:00,grid_8124_22775,grid_8130_22777,1,0,1,0.005154015096362627,0.005154015096362627,0.014725757418178933,0.0,3.1323010107614,0.9991327902302418,36.493596,127.248788,36.517633,127.258546
19,19:00-20:00,grid_8149_22783,grid_8150_22782,1,1,0,0.5861450385192045,0.5861450385192045,0.23025566561042576,0.7777777777777778,1.4113951946986258,0.9209359404620145,36.604029242857145,127.29334848571429,36.60859451428571,127.2884215
19,19:00-20:00,grid_8149_22783,grid_8151_22782,1,1,0,0.2639404916164985,0.2639404916164985,0.1350680712852339,0.3333333333333333,-2.207040217947263,0.013655624855690052,36.604397236842104,127.29275065789474,36.61204110526316,127.28851221052632
19,19:00-20:00,grid_8126_22777,grid_8126_22775,1,0,1,0.5077362274769555,0.5077362274769555,0.21257969755320621,0.6666666666666666,0.4830062937257922,0.6854543662802836,36.501222578125,127.259533953125,36.501455765624996,127.249646265625
19,19:00-20:00,grid_8126_22777,grid_8124_22774,1,0,1,0.08081183148485856,0.08081183148485856,0.02454174075038954,0.1111111111111111,-0.2209225573964372,0.41257636653924845,36.501919,127.2597845,36.491727749999995,127.24565750000001
19,19:00-20:00,grid_8128_22775,grid_8128_22774,2,0,2,0.5765804894850747,0.5765804894850747,0.20292838265576887,0.7777777777777778,0.6057103119602217,0.727646432387743,36.51063091935484,127.24921898387096,36.51110772580645,127.24315827419356
19,19:00-20:00,grid_8128_22775,grid_8129_22774,1,0,1,0.13687170909645002,0.13687170909645002,0.18471281964065092,0.1111111111111111,-0.6334446143872506,0.26322166918658063,36.51129975,127.24965080357143,36.51339569642857,127.24417078571427
19,19:00-20:00,grid_8128_22775,grid_8128_22775,1,0,1,0.1191608572564704,0.1191608572564704,0.13411038581213766,0.1111111111111111,0.09811285888579935,0.5390786615611596,36.5100785,127.249741675,36.50997895,127.249582975
19,19:00-20:00,grid_8128_22775,grid_8129_22776,1,0,1,0.40015164071618975,0.40015164071618975,0.11154437030022452,0.5555555555555556,0.6910684041722169,0.7552387225591517,36.511336,127.25068820588234,36.51439026470588,127.25751138235294
19,19:00-20:00,grid_8128_22775,grid_8128_22777,1,0,1,0.24678634335320532,0.24678634335320532,0.08605621910439612,0.3333333333333333,-0.003201791506527607,0.4987226721774307,36.51100373913044,127.2500184347826,36.50879713043478,127.26077308695652
19,19:00-20:00,grid_8122_22776,grid_8123_22776,1,0,1,0.07713548395783543,0.07713548395783543,0.22038709702238696,0.0,-2.0984632479971257,0.017932121598337347,36.482914822580646,127.25396772580645,36.4874384032258,127.25677640322581
19,19:00-20:00,grid_8121_22775,grid_8123_22775,1,0,1,0.28634269087683173,0.28634269087683173,0.19907435488618586,0.3333333333333333,1.2882435832191736,0.901169407508327,36.47806333333333,127.24948035000001,36.48616991666667,127.24915783333334
19,19:00-20:00,grid_8121_22775,grid_8123_22776,1,0,1,0.7188648766203037,0.7188648766203037,0.19675679034372487,1.0,0.37934152019135337,0.6477828645269831,36.47815165517242,127.25060174137931,36.487779741379306,127.25681037931035
19,19:00-20:00,grid_8121_22775,grid_8122_22775,2,0,2,0.336475320285428,0.336475320285428,0.1359612325615404,0.4444444444444444,0.072225827874824,0.5287889044128664,36.47816242105263,127.25001531578947,36.48392336842105,127.2508222631579
19,19:00-20:00,grid_8127_22774,grid_8128_22774,1,0,1,0.21851364741997392,0.21851364741997392,0.2116262942157986,0.2222222222222222,0.8920136683964555,0.8138071969023091,36.50515158333334,127.24330068333333,36.51086015,127.24308115000001
19,19:00-20:00,grid_8127_22774,grid_8127_22775,2,0,2,0.4200259476918882,0.4200259476918882,0.16832810451650593,0.5555555555555556,0.604388321557642,0.7272072508543113,36.504867399999995,127.24336996,36.50473012,127.24935278000001
19,19:00-20:00,grid_8127_22774,grid_8130_22773,1,0,1,0.0062955401661654985,0.0062955401661654985,0.01798725761761571,0.0,0.6755803515620002,0.7503464400593578,36.50574,127.24500950000001,36.517817,127.2396295
19,19:00-20:00,grid_8124_22774,grid_8124_22776,1,0,1,0.35907590171267456,0.35907590171267456,0.20053432235367336,0.4444444444444444,-0.10445735740321455,0.4584032034784955,36.49155913559322,127.24529377966101,36.491126966101696,127.25604730508475
19,19:00-20:00,grid_8124_22774,grid_8125_22773,1,0,1,0.02336777091310328,0.02336777091310328,0.06676505975172366,0.0,0.03135900847938747,0.5125083842223696,36.49222652941177,127.2450675882353,36.496051411764704,127.23879435294117
19,19:00-20:00,grid_8124_22774,grid_8122_22774,1,0,1,0.08196439913535535,0.08196439913535535,0.02783479118038036,0.1111111111111111,-0.3561372082543205,0.36086890670452465,36.4914998,127.24217840000001,36.483074599999995,127.2461754
19,19:00-20:00,grid_8129_22774,grid_8130_22774,1,0,1,0.2847700523582311,0.2847700523582311,0.1945811019758984,0.3333333333333333,0.615038089417707,0.7307352168374301,36.51304364912281,127.2435240877193,36.51767496491228,127.24310754385965
19,19:00-20:00,grid_8129_22774,grid_8127_22773,1,0,1,0.32588257142049426,0.32588257142049426,0.10569623580458691,0.4444444444444444,-1.6155515541235677,0.05309565271785405,36.5125851,127.24280426666668,36.505377599999996,127.23834616666666
19,19:00-20:00,grid_8128_22772,grid_8127_22772,2,0,2,0.4287587686306116,0.4287587686306116,0.19327902148428683,0.5555555555555556,0.774932971810677,0.780810366122076,36.510284636363636,127.23245543636364,36.50579109090909,127.23455416363636
19,19:00-20:00,grid_8128_22772,grid_8130_22772,1,0,1,0.17938192113855678,0.17938192113855678,0.09982136198317816,0.2222222222222222,-1.3231344422930915,0.09289533630568031,36.51089065517242,127.23281872413793,36.519580241379316,127.23451786206897
19,19:00-20:00,grid_8128_22772,grid_8133_22778,1,0,1,0.005154015096362627,0.005154015096362627,0.014725757418178933,0.0,0.27176240835761656,0.6070976442647076,36.508831,127.234364,36.530312,127.265388
19,19:00-20:00,grid_8120_22776,grid_8122_22777,2,0,2,0.35676434836821036,0.35676434836821036,0.19392988422663285,0.4444444444444444,-0.5172951738233552,0.3024750612743453,36.47482834545455,127.25441469090909,36.48195289090909,127.26037421818182
19,19:00-20:00,grid_8120_22776,grid_8121_22776,2,0,2,0.26543478260032904,0.26543478260032904,0.1393374740961782,0.3333333333333333,-0.7942413834166492,0.2135274604805409,36.47476180487805,127.2543906097561,36.47834929268293,127.25411641463415
19,19:00-20:00,grid_8128_22774,grid_8128_22775,2,0,2,0.35676434836821036,0.35676434836821036,0.19392988422663285,0.4444444444444444,0.19526541190284472,0.5774074134259094,36.51086438181818,127.24306890909092,36.510899327272725,127.24892525454544
19,19:00-20:00,grid_8128_22774,grid_8130_22775,1,0,1,0.09320138107645622,0.09320138107645622,0.05994045386924001,0.1111111111111111,-0.572455279524113,0.28350678727519096,36.51118613333333,127.2433424,36.51734053333333,127.25062246666667
19,19:00-20:00,grid_8128_22774,grid_8127_22777,1,0,1,0.08196439913535535,0.08196439913535535,0.02783479118038036,0.1111111111111111,-0.7138772403443656,0.23765154603551758,36.5088978,127.2443442,36.5053064,127.2607682
19,19:00-20:00,grid_8128_22774,grid_8126_22772,1,0,1,0.08081183148485856,0.08081183148485856,0.02454174075038954,0.1111111111111111,-1.01537980489656,0.15496240795682303,36.510324,127.243066,36.50101675,127.2340895
19,19:00-20:00,grid_8133_22776,grid_8132_22778,1,0,1,0.21030023967334976,0.21030023967334976,0.1881594149397296,0.2222222222222222,-0.19870965618603764,0.42124493505572413,36.530791074074074,127.25480333333334,36.52914038888889,127.26423118518518
19,19:00-20:00,grid_8120_22780,grid_8121_22782,1,0,1,0.5015376102538002,0.5015376102538002,0.19486936262990512,0.6666666666666666,0.8108783357891383,0.791282228716653,36.47362453703703,127.27775783333334,36.478149351851854,127.28798464814815
19,19:00-20:00,grid_8120_22780,grid_8124_22777,1,0,1,0.01089844911098616,0.01089844911098616,0.031138426031389034,0.0,0.1995769812994126,0.5790942840740533,36.474476833333334,127.27639333333333,36.49016,127.26030300000001
19,19:00-20:00,grid_8123_22777,grid_8123_22775,1,0,1,0.05956076258682676,0.05956076258682676,0.1701736073909336,0.0,-0.11719743388025117,0.45335180018693527,36.48802421568627,127.26035684313726,36.48667474509804,127.25039478431373
19,19:00-20:00,grid_8123_22777,grid_8120_22776,1,0,1,0.23645725602601173,0.23645725602601173,0.056544541026700125,0.3333333333333333,0.8131122164808705,0.7919231385646391,36.486998785714285,127.26119464285715,36.47489328571429,127.2541125
19,19:00-20:00,grid_8123_22777,grid_8125_22776,1,0,1,0.08895801862135752,0.08895801862135752,0.04781656114038657,0.1111111111111111,-0.1479609836428991,0.4411867798992529,36.488091363636364,127.26092845454545,36.49515945454545,127.25640936363635
19,19:00-20:00,grid_8124_22777,grid_8123_22777,1,0,1,0.4887723413034116,0.4887723413034116,0.158397165628795,0.6666666666666666,0.2735808595797713,0.607796627578368,36.49043719148936,127.26003719148936,36.48671155319149,127.26134863829787
19,19:00-20:00,grid_8124_22777,grid_8125_22776,1,0,1,0.18092304809322557,0.18092304809322557,0.10422458185366042,0.2222222222222222,1.1026999319230977,0.8649212518176638,36.49106548387096,127.26015819354838,36.49506129032258,127.25624903225805
19,19:00-20:00,grid_8129_22775,grid_8130_22775,1,0,1,0.2009648692397487,0.2009648692397487,0.16148692798658365,0.2222222222222222,0.2528851914409511,0.599821533429675,36.51264239130435,127.24946480434782,36.51812202173913,127.25130145652174
19,19:00-20:00,grid_8127_22777,grid_8127_22777,2,0,2,0.3411516606214393,0.3411516606214393,0.1493222049501441,0.4444444444444444,0.5659774712632683,0.7142954522724579,36.50536842222222,127.2607170888889,36.505492688888886,127.26026446666665
19,19:00-20:00,grid_8127_22777,grid_8128_22777,1,0,1,0.25490421234408306,0.25490421234408306,0.10925013050690398,0.3333333333333333,-0.10684733769185994,0.457455046175762,36.50509174193549,127.26142870967743,36.508598516129034,127.26103396774194
19,19:00-20:00,grid_8127_22777,grid_8129_22776,1,0,1,0.0877830443138248,0.0877830443138248,0.0444594916902931,0.1111111111111111,0.6670059347944857,0.7476158287222314,36.506070199999996,127.2610311,36.5131144,127.257088
19,19:00-20:00,grid_8127_22777,grid_8120_22781,1,0,1,0.07737623731858484,0.07737623731858484,0.014725757418178933,0.1111111111111111,1.837438553320797,0.9669274101209818,36.505,127.26132,36.474333,127.285787
19,19:00-20:00,grid_8123_22778,grid_8124_22777,1,0,1,0.3438859727217587,0.3438859727217587,0.1571345252367709,0.4444444444444444,-0.9307817088441122,0.1759832465952047,36.488462931818184,127.26544795454546,36.49060543181818,127.25974638636363
19,19:00-20:00,grid_8123_22778,grid_8127_22778,1,0,1,0.005154015096362627,0.005154015096362627,0.014725757418178933,0.0,0.2978678686050561,0.6170979937474532,36.487683,127.264372,36.505073,127.264646
19,19:00-20:00,grid_8127_22775,grid_8127_22777,1,0,1,0.3400057553851905,0.3400057553851905,0.14604818998943336,0.4444444444444444,1.3579501251152921,0.9127602447324026,36.505046428571426,127.24995514285713,36.505441023809524,127.26113757142858
19,19:00-20:00,grid_8127_22775,grid_8124_22777,3,0,3,0.17355293500380314,0.17355293500380314,0.08316711588388205,0.2222222222222222,-0.3253408912159949,0.37246154299821777,36.50476725,127.24930233333333,36.49083929166667,127.25950416666667
19,19:00-20:00,grid_8127_22775,grid_8128_22776,1,0,1,0.00858960926263634,0.00858960926263634,0.02454174075038954,0.0,0.6736920343834051,0.7497464364209916,36.505829750000004,127.2503165,36.50765575,127.25765375
19,19:00-20:00,grid_8125_22776,grid_8125_22776,1,0,1,0.12333908871852389,0.12333908871852389,0.14604818998943336,0.1111111111111111,1.0255781207431423,0.8474547575678364,36.495515976190475,127.25613726190477,36.496007547619044,127.25591830952382
19,19:00-20:00,grid_8125_22776,grid_8126_22775,1,0,1,0.18071236191545906,0.18071236191545906,0.10362262134575606,0.2222222222222222,0.6443161592643506,0.7403147804344706,36.495333107142855,127.25648482142857,36.501494321428574,127.24901128571427
19,19:00-20:00,grid_8129_22777,grid_8127_22777,1,0,1,0.1910709823685799,0.1910709823685799,0.13321867978324417,0.2222222222222222,-1.5572171537356967,0.059709468519486886,36.513858292682926,127.25946846341463,36.50566739024391,127.26104065853657
19,19:00-20:00,grid_8129_22777,grid_8130_22774,1,0,1,0.25408262840986384,0.25408262840986384,0.10690274783770613,0.3333333333333333,-0.985018463676071,0.1623075008440672,36.51462961290323,127.2589495483871,36.51793635483871,127.24487748387097
19,19:00-20:00,grid_8149_22782,grid_8151_22782,1,1,0,0.19224773559498853,0.19224773559498853,0.13658083185869743,0.2222222222222222,0.021648498642180325,0.5086358268694815,36.60365128947368,127.2898362368421,36.61158494736842,127.28822415789473
19,19:00-20:00,grid_8149_22782,grid_8147_22782,1,1,0,0.09870002834146945,0.09870002834146945,0.07565087462642067,0.1111111111111111,0.6681012146302826,0.7479655067180047,36.603075000000004,127.29045994999998,36.5943806,127.28863695
19,19:00-20:00,grid_8149_22782,grid_8152_22781,1,1,0,0.00858960926263634,0.00858960926263634,0.02454174075038954,0.0,-0.9050990681295386,0.182706452888395,36.60263325,127.28965074999999,36.618264249999996,127.285766
19,19:00-20:00,grid_8126_22775,grid_8126_22776,1,0,1,0.26192502005791707,0.26192502005791707,0.12930958111785829,0.3333333333333333,0.46396901419654624,0.6786650271322091,36.50131655263158,127.24901028947369,36.50013547368421,127.2552309736842
19,19:00-20:00,grid_8126_22775,grid_8128_22775,1,0,1,0.17071701625256464,0.17071701625256464,0.07506449088034346,0.2222222222222222,0.35249322189468113,0.6377657995777469,36.501849736842104,127.24937778947368,36.51078478947369,127.24920847368422
19,19:00-20:00,grid_8126_22775,grid_8123_22776,1,0,1,0.16901228251893988,0.16901228251893988,0.07019382306998699,0.2222222222222222,0.1626493046141982,0.5646027178109645,36.50149922222222,127.24872455555555,36.48736927777778,127.25694138888889
19,19:00-20:00,grid_8121_22777,grid_8120_22776,1,0,1,0.47407061211213203,0.47407061211213203,0.11639222508228196,0.6666666666666666,0.7296790858733603,0.7672068160580352,36.4796299375,127.2616416875,36.4747584375,127.25463021875
19,19:00-20:00,grid_8121_22777,grid_8122_22777,1,0,1,0.254692567291053,0.254692567291053,0.10864543035538951,0.3333333333333333,0.13799362876187898,0.5548772735566386,36.47895524137931,127.26079062068965,36.48242641379311,127.26023506896551
19,19:00-20:00,grid_8121_22777,grid_8123_22776,1,0,1,0.16591802531554997,0.16591802531554997,0.0613530882031587,0.2222222222222222,1.336057066740635,0.9092346892602616,36.47893706666667,127.26105473333334,36.48863946666667,127.2571104
19,19:00-20:00,grid_8121_22777,grid_8120_22775,1,0,1,0.008785198569294213,0.008785198569294213,0.02510056734084061,0.0,-0.00559958625703455,0.49776609996344584,36.4789904,127.26032439999999,36.4745744,127.24893440000001
19,19:00-20:00,grid_8121_22782,grid_8121_22783,1,0,1,0.3285867368254926,0.3285867368254926,0.11342242267601071,0.4444444444444444,0.5589378756780806,0.7118979404445336,36.47837028125,127.28822646875,36.47864609375,127.29448725
19,19:00-20:00,grid_8121_22782,grid_8123_22784,1,0,1,0.17701158595987315,0.17701158595987315,0.09304897575836774,0.2222222222222222,1.1599929093278698,0.8769741534847508,36.478450280000004,127.28899944000001,36.48561884,127.3003288
19,19:00-20:00,grid_8121_22782,grid_8126_22777,1,0,1,0.005154015096362627,0.005154015096362627,0.014725757418178933,0.0,0.4717233185674491,0.6814378547050572,36.479749,127.288735,36.500208,127.259871
19,19:00-20:00,grid_8125_22777,grid_8124_22777,2,0,2,0.25520970833201506,0.25520970833201506,0.11012297618670965,0.3333333333333333,2.0999016366943426,0.9821312526184303,36.49565077419355,127.25969538709677,36.49068683870968,127.25927522580645
19,19:00-20:00,grid_8126_22776,grid_8127_22775,1,0,1,0.40038419260483216,0.40038419260483216,0.11220880426777423,0.5555555555555556,0.7054677613286773,0.7597404060947969,36.50014783333334,127.25517463333334,36.50427283333333,127.25006373333333
19,19:00-20:00,grid_8126_22776,grid_8126_22776,1,0,1,0.09270761712288543,0.09270761712288543,0.058529699716180605,0.1111111111111111,0.2527203945343345,0.5997578566043689,36.499659199999996,127.25567873333333,36.500439,127.25539826666666
19,19:00-20:00,grid_8126_22776,grid_8128_22775,1,0,1,0.231056278917246,0.231056278917246,0.04111317785879807,0.3333333333333333,0.08340596578886228,0.5332356274854622,36.500306333333334,127.25508377777777,36.51139488888889,127.25007633333333
19,19:00-20:00,grid_8126_22776,grid_8125_22778,1,0,1,0.011576547065641724,0.011576547065641724,0.03307584875897636,0.0,-0.5620884497174153,0.2870278787267334,36.499325428571424,127.25620285714285,36.496060428571425,127.26512557142857
19,19:00-20:00,grid_8132_22779,grid_8132_22778,1,0,1,0.3246426934521674,0.3246426934521674,0.10215372732365291,0.4444444444444444,-0.05455125512061498,0.47824798683451003,36.527587857142855,127.27066403571429,36.52882953571429,127.26493085714286
19,19:00-20:00,grid_8150_22783,grid_8149_22783,1,1,0,0.1812271600065395,0.1812271600065395,0.10509347303455732,0.2222222222222222,0.6685616973222523,0.7481124436211123,36.609060392857145,127.29306057142857,36.603684071428574,127.29358857142857
19,19:00-20:00,grid_8150_22783,grid_8148_22785,1,1,0,0.005154015096362627,0.005154015096362627,0.014725757418178933,0.0,0.476388631308763,0.6831012337489578,36.607301,127.292068,36.60163,127.303496
19,19:00-20:00,grid_8125_22774,grid_8123_22775,1,0,1,0.17998795794923994,0.17998795794923994,0.10155289572798717,0.2222222222222222,-0.05442105507813377,0.4782998520919016,36.49590571428571,127.24394510714285,36.48687135714285,127.24953003571429
19,19:00-20:00,grid_8129_22776,grid_8128_22775,2,0,2,0.3968649156743897,0.3968649156743897,0.10215372732365291,0.5555555555555556,1.1219679898405035,0.8690619748230635,36.514121714285714,127.25755103571429,36.51155767857143,127.2503525357143
19,19:00-20:00,grid_8129_22776,grid_8129_22775,1,0,1,0.22988882148186582,0.22988882148186582,0.03777758518628329,0.3333333333333333,0.3265716403476327,0.6280040519190648,36.514110125,127.25736175,36.51261425,127.250057
19,19:00-20:00,grid_8123_22784,grid_8122_22785,1,0,1,0.3190085655754275,0.3190085655754275,0.08605621910439612,0.4444444444444444,1.6229477541540867,0.9476997130390813,36.48655125,127.30129929166667,36.48244008333334,127.30557145833335
19,19:00-20:00,grid_8123_22784,grid_8123_22783,1,0,1,0.07966295651282491,0.07966295651282491,0.021259240830293413,0.1111111111111111,-1.5285984461731972,0.06318201073345159,36.486842333333335,127.30152733333334,36.485563,127.295887
19,19:00-20:00,grid_8123_22784,grid_8124_22777,1,0,1,0.07737623731858484,0.07737623731858484,0.014725757418178933,0.1111111111111111,1.5796151015996784,0.9429024806449899,36.485309,127.300648,36.490618,127.259101
19,19:00-20:00,grid_8148_22783,grid_8149_22783,2,0,2,0.32073856684567326,0.32073856684567326,0.09099907987652685,0.4444444444444444,0.4064466887105781,0.6577927897365784,36.601079166666665,127.29509791666668,36.60457983333333,127.29253899999999
19,19:00-20:00,grid_8148_22783,grid_8150_22783,1,0,1,0.3081872962508428,0.3081872962508428,0.05513830674843986,0.4444444444444444,-0.6428324878182545,0.26016640006563574,36.601063214285716,127.2950627142857,36.608742,127.29315607142857
19,19:00-20:00,grid_8129_22773,grid_8129_22774,1,0,1,0.17405819137748835,0.17405819137748835,0.08461070552298267,0.2222222222222222,-1.7541602961408014,0.03970152216351103,36.51505365217391,127.2395352173913,36.51312,127.24249347826087
19,19:00-20:00,grid_8130_22773,grid_8129_22773,1,0,1,0.24678634335320532,0.24678634335320532,0.08605621910439612,0.3333333333333333,-1.4447547981209734,0.07426338589460113,36.517879,127.23806482608697,36.512943782608694,127.24044813043479
19,19:00-20:00,grid_8130_22773,grid_8127_22772,1,0,1,0.09940739860291428,0.09940739860291428,0.07767193251626306,0.1111111111111111,0.1378099227872415,0.5548046790297986,36.51853995238095,127.23883247619047,36.505774476190474,127.2343790952381
19,19:00-20:00,grid_8130_22773,grid_8129_22775,1,0,1,0.09970419771308449,0.09970419771308449,0.0785199299738922,0.1111111111111111,0.5639966276858734,0.7136217863967659,36.51796765,127.23826584999999,36.512245300000004,127.24847445
19,19:00-20:00,grid_8130_22773,grid_8131_22772,1,0,1,0.02217154861249589,0.02217154861249589,0.06334728174998826,0.0,0.33366478063595373,0.6306837355593559,36.5184054375,127.236619625,36.5221256875,127.233349875
19,19:00-20:00,grid_8125_22775,grid_8124_22777,2,0,2,0.24556848881519824,0.24556848881519824,0.0825766347100902,0.3333333333333333,0.10176889568256686,0.5405299424589098,36.49579759090909,127.24913818181818,36.49110909090909,127.26008818181818
19,19:00-20:00,grid_8125_22775,grid_8127_22775,1,0,1,0.09509304999902816,0.09509304999902816,0.06534522221944558,0.1111111111111111,1.038633129337894,0.8505123040158054,36.49572835294117,127.24899752941177,36.50446005882353,127.24980182352941
19,19:00-20:00,grid_8125_22775,grid_8126_22775,2,0,2,0.23953749444347264,0.23953749444347264,0.06534522221944558,0.3333333333333333,2.1322738545712485,0.9835078299459019,36.495756529411764,127.24910464705881,36.50112276470588,127.24910399999999
19,19:00-20:00,grid_8125_22775,grid_8126_22777,1,0,1,0.09082805011041889,0.09082805011041889,0.05315950825199048,0.1111111111111111,-0.6008701824006641,0.27396322728561806,36.496141461538464,127.24930238461539,36.50066676923077,127.25896515384616
19,19:00-20:00,grid_8127_22772,grid_8126_22773,1,0,1,0.24556848881519824,0.24556848881519824,0.0825766347100902,0.3333333333333333,2.00470292132773,0.9775025919819869,36.50474840909091,127.234816,36.500299909090906,127.23639240909091
19,19:00-20:00,grid_8127_22772,grid_8128_22771,1,0,1,0.09749384188819787,0.09749384188819787,0.07220462761707332,0.1111111111111111,0.14314672332676703,0.5569128475009195,36.50549978947369,127.23375494736841,36.51110331578948,127.22981815789473
19,19:00-20:00,grid_8127_22772,grid_8129_22772,1,0,1,0.1583490632626685,0.1583490632626685,0.0397274823377831,0.2222222222222222,-0.2741569942161868,0.39198198798189043,36.505804,127.23429329999999,36.5140402,127.23229610000001
19,19:00-20:00,grid_8127_22772,grid_8128_22770,1,0,1,0.005154015096362627,0.005154015096362627,0.014725757418178933,0.0,-0.11444514867554384,0.4544424628069144,36.504392,127.234718,36.507707,127.220596
19,19:00-20:00,grid_8127_22773,grid_8129_22774,1,0,1,0.172635676946885,0.172635676946885,0.0805463785784016,0.2222222222222222,2.0787702058226953,0.9811807616987938,36.50549961904762,127.23850442857143,36.51290338095238,127.24329619047619
19,19:00-20:00,grid_8127_22773,grid_8125_22776,1,0,1,0.012738715239402055,0.012738715239402055,0.03639632925543444,0.0,0.8114101242394809,0.7914349065050184,36.505656625,127.237106625,36.494555875,127.256131
19,19:00-20:00,grid_8130_22774,grid_8129_22777,1,0,1,0.02527161966597566,0.02527161966597566,0.07220462761707332,0.0,0.374437750384089,0.6459606692573853,36.51799857894737,127.24421505263157,36.51473647368421,127.25877342105262
19,19:00-20:00,grid_8130_22774,grid_8132_22777,1,0,1,0.005154015096362627,0.005154015096362627,0.014725757418178933,0.0,0.20831856261050935,0.5825098806472442,36.51762,127.245707,36.52673,127.263475
19,19:00-20:00,grid_8152_22781,grid_8151_22782,1,1,0,0.09309055297568605,0.09309055297568605,0.05962380215275384,0.1111111111111111,1.0374961482554697,0.8502476550662064,36.618345176470584,127.28572476470588,36.61419111764706,127.28967688235295
19,19:00-20:00,grid_8152_22781,grid_8152_22782,3,3,0,0.3070041116674901,0.3070041116674901,0.051757779367432026,0.4444444444444444,1.131510642345054,0.8710798866615347,36.618323000000004,127.28565846153846,36.61741961538461,127.28781392307692
19,19:00-20:00,grid_8119_22781,grid_8121_22782,1,0,1,0.0943937708347181,0.0943937708347181,0.06334728174998826,0.1111111111111111,0.16560397701515447,0.5657656913463667,36.46983029411765,127.28136029411765,36.47851994117647,127.28771217647058
19,19:00-20:00,grid_8147_22782,grid_8149_22783,1,1,0,0.09509304999902816,0.09509304999902816,0.06534522221944558,0.1111111111111111,-0.817030431150519,0.2069555188220305,36.59457429411765,127.28906970588235,36.603264411764705,127.2930745882353
19,19:00-20:00,grid_8147_22782,grid_8147_22782,1,1,0,0.15971784055612098,0.15971784055612098,0.04363827460479016,0.2222222222222222,2.802627304029218,0.9974655896373686,36.59406009090909,127.2887589090909,36.59492090909091,127.28787763636363
19,19:00-20:00,grid_8147_22782,grid_8146_22782,1,1,0,0.08544437703742136,0.08544437703742136,0.03777758518628329,0.1111111111111111,1.6370065771012539,0.94918545234503,36.59440825,127.28826725,36.59109,127.28967025
19,19:00-20:00,grid_8119_22779,grid_8120_22780,1,0,1,0.16661599305694033,0.16661599305694033,0.06334728174998826,0.2222222222222222,0.23000429638637565,0.5909557844101017,36.469369,127.27365475,36.4734115625,127.2782245625
19,19:00-20:00,grid_8119_22779,grid_8121_22777,1,0,1,0.15188517873504712,0.15188517873504712,0.021259240830293413,0.2222222222222222,-0.242581491934234,0.4041648101574774,36.468941666666666,127.27407766666666,36.47937266666667,127.26275666666668
19,19:00-20:00,grid_8130_22776,grid_8130_22775,1,0,1,0.23715206156732987,0.23715206156732987,0.058529699716180605,0.3333333333333333,0.8518604409560337,0.802854222338764,36.51833393333333,127.25516706666667,36.51822753333333,127.2513474
19,19:00-20:00,grid_8130_22776,grid_8131_22776,1,0,1,0.005154015096362627,0.005154015096362627,0.014725757418178933,0.0,2.9290306098595593,0.9982998953197175,36.519324,127.252548,36.521319,127.253688
19,19:00-20:00,grid_8130_22772,grid_8129_22772,1,0,1,0.09201281158156727,0.09201281158156727,0.056544541026700125,0.1111111111111111,-1.6170925729635512,0.05292914990873554,36.51909442857143,127.23489328571429,36.51424085714286,127.23190607142858
19,19:00-20:00,grid_8129_22771,grid_8130_22773,1,0,1,0.1618693066848152,0.1618693066848152,0.04978532068677358,0.2222222222222222,1.3464702480638893,0.9109245454253394,36.51451675,127.22903983333333,36.518627333333335,127.23732916666667
19,19:00-20:00,grid_8128_22777,grid_8124_22776,1,0,1,0.16069212469898217,0.16069212469898217,0.04642194358439357,0.2222222222222222,-0.33448709519876896,0.3690060136174849,36.50955,127.26083381818181,36.491322727272724,127.25620109090909
19,19:00-20:00,grid_8130_22775,grid_8130_22773,1,0,1,0.16000526653604702,0.16000526653604702,0.0444594916902931,0.2222222222222222,1.6541610850501969,0.9509526063205617,36.518591300000004,127.2493921,36.5194761,127.23758330000001
19,19:00-20:00,grid_8126_22774,grid_8126_22773,1,0,1,0.15883405669502376,0.15883405669502376,0.04111317785879807,0.2222222222222222,-0.9706112173857944,0.16587095894731413,36.500332,127.24494744444445,36.501339333333334,127.23797933333334
19,19:00-20:00,grid_8126_22774,grid_8127_22773,1,0,1,0.012058437763237178,0.012058437763237178,0.034452679323534796,0.0,0.5954026113526919,0.7242128097984251,36.50179942857143,127.24410942857142,36.504419285714285,127.23814842857144
19,19:00-20:00,grid_8126_22774,grid_8123_22776,1,0,1,0.01089844911098616,0.01089844911098616,0.031138426031389034,0.0,-0.1145073372891846,0.45441781517114044,36.500760500000005,127.24366216666668,36.4877615,127.25631566666668
19,19:00-20:00,grid_8126_22774,grid_8129_22777,1,0,1,0.07851776238838772,0.07851776238838772,0.01798725761761571,0.1111111111111111,-1.108323441555295,0.13386107760168742,36.501886,127.2432585,36.512296,127.258905
19,19:00-20:00,grid_8126_22774,grid_8128_22777,1,0,1,0.07737623731858484,0.07737623731858484,0.014725757418178933,0.1111111111111111,1.0775549354444605,0.8593837888504883,36.499632,127.245126,36.507665,127.258055
19,19:00-20:00,grid_8125_22773,grid_8125_22776,1,0,1,0.013222154815199151,0.013222154815199151,0.03777758518628329,0.0,1.06473784299199,0.8565027100433762,36.496624499999996,127.238583875,36.49434325,127.25565987499999
19,19:00-20:00,grid_8152_22782,grid_8150_22782,1,1,0,0.08379876928786394,0.08379876928786394,0.03307584875897636,0.1111111111111111,1.8602153112025166,0.968572465168832,36.616843,127.28742828571428,36.608870714285715,127.28905528571428
19,19:00-20:00,grid_8149_22781,grid_8149_22783,1,1,0,0.22872510442990385,0.22872510442990385,0.034452679323534796,0.3333333333333333,0.6298131210683742,0.7355915700245104,36.603068428571426,127.28203599999999,36.60370014285714,127.29292428571429
19,19:00-20:00,grid_8120_22782,grid_8121_22782,1,0,1,0.08196439913535535,0.08196439913535535,0.02783479118038036,0.1111111111111111,0.8380405558886919,0.798996036743725,36.475272000000004,127.2881626,36.4778662,127.2891106
19,19:00-20:00,grid_8130_22777,grid_8132_22778,1,0,1,0.009742176913133126,0.009742176913133126,0.02783479118038036,0.0,-0.0019359447728755086,0.4992276702600113,36.5170176,127.25953159999999,36.528811000000005,127.2659196
19,19:00-20:00,grid_8126_22772,grid_8129_22771,1,0,1,0.08196439913535535,0.08196439913535535,0.02783479118038036,0.1111111111111111,1.8113196045043107,0.9649543036409969,36.5004546,127.23226260000001,36.5137068,127.229368
19,19:00-20:00,grid_8133_22796,grid_8133_22795,1,0,1,0.006964989640483623,0.006964989640483623,0.01989997040138178,0.0,0.7015748478128486,0.7585278290450859,36.5302032,127.365473,36.530938400000004,127.3597806
19,19:00-20:00,grid_8125_22778,grid_8125_22775,1,0,1,0.009742176913133126,0.009742176913133126,0.02783479118038036,0.0,1.0971307505449472,0.8637078802159865,36.4954996,127.2644632,36.4948712,127.2503366
19,19:00-20:00,grid_8122_22785,grid_8121_22783,2,0,2,0.07966295651282491,0.07966295651282491,0.021259240830293413,0.1111111111111111,-0.03943349891778275,0.48427238619856494,36.482013333333335,127.30530700000001,36.47851933333333,127.29343666666666
19,19:00-20:00,grid_8125_22786,grid_8123_22785,1,0,1,0.07851776238838772,0.07851776238838772,0.01798725761761571,0.1111111111111111,0.9119625034438262,0.8191057716562989,36.496447,127.3113265,36.4861245,127.3029425
19,19:00-20:00,grid_8120_22775,grid_8120_22775,1,0,1,0.0062955401661654985,0.0062955401661654985,0.01798725761761571,0.0,0.4147159749092151,0.6608250817573333,36.474838,127.25171700000001,36.4741215,127.249338
19,19:00-20:00,grid_8128_22776,grid_8128_22774,2,0,2,0.07851776238838772,0.07851776238838772,0.01798725761761571,0.1111111111111111,1.6740281394759569,0.9529374654141709,36.509319500000004,127.2569405,36.5113125,127.2430635
19,19:00-20:00,grid_8125_22784,grid_8121_22782,1,0,1,0.005154015096362627,0.005154015096362627,0.014725757418178933,0.0,2.004984728047851,0.9775176601364735,36.494953,127.302342,36.47872,127.289317
19,19:00-20:00,grid_8124_22778,grid_8122_22777,1,0,1,0.005154015096362627,0.005154015096362627,0.014725757418178933,0.0,1.8712320724035054,0.9693435394426677,36.491046,127.268941,36.483234,127.259344
19,19:00-20:00,grid_8148_22782,grid_8151_22783,1,1,0,0.005154015096362627,0.005154015096362627,0.014725757418178933,0.0,0.3412109562802962,0.6335276121112269,36.601341,127.287954,36.614136,127.292712
19,19:00-20:00,grid_8151_22781,grid_8151_22784,1,1,0,0.005154015096362627,0.005154015096362627,0.014725757418178933,0.0,-0.6825870191197496,0.24743391944767645,36.614423,127.282638,36.610686,127.298065
20,20:00-21:00,grid_8123_22776,grid_8123_22775,3,0,3,1.4214915986035561,1.4214915986035561,0.7598172658514302,1.7777777777777777,-1.5143245226596667,0.06497177594877612,36.4874826302521,127.25658496218487,36.48677772268908,127.24978823529412
20,20:00-21:00,grid_8123_22776,grid_8123_22778,1,0,1,0.3338377500157698,0.3338377500157698,0.12842531750537417,0.4444444444444444,-0.5505990406639922,0.29095428332524986,36.48744967567568,127.25739054054053,36.48824354054054,127.26518681081082
20,20:00-21:00,grid_8129_22777,grid_8128_22775,2,0,2,1.1247587428265458,1.1247587428265458,0.5310567255361628,1.4444444444444444,-1.027591055499097,0.15207111670610518,36.513801374269,127.2592953508772,36.51134628070176,127.25024701754386
20,20:00-21:00,grid_8129_22777,grid_8129_22778,1,0,1,1.156978235386287,1.156978235386287,0.41676321221478835,1.5555555555555556,-0.996053976704252,0.15961195991756194,36.5145234488189,127.25926370866142,36.51463179527559,127.26548879527559
20,20:00-21:00,grid_8129_22777,grid_8128_22777,1,0,1,0.3690104319984723,0.3690104319984723,0.22891869459880984,0.4444444444444444,0.30685117245071525,0.620521672042845,36.51432083333333,127.25933243939394,36.50945165151516,127.26097834848485
20,20:00-21:00,grid_8129_22777,grid_8132_22778,1,0,1,0.10994429368376386,0.10994429368376386,0.10777734703297615,0.1111111111111111,-1.1897195776357354,0.11707831396129231,36.514693566666665,127.25941616666667,36.52905173333333,127.26568583333332
20,20:00-21:00,grid_8128_22775,grid_8129_22777,1,0,1,0.6723813051060508,0.6723813051060508,0.47664499871570054,0.7777777777777778,1.0407326905730372,0.851000186649045,36.51129521582734,127.25035574820143,36.51391035251798,127.25896884172661
20,20:00-21:00,grid_8128_22775,grid_8127_22775,1,0,1,0.5681027606083657,0.5681027606083657,0.1787063001508864,0.7777777777777778,-1.0038117923538175,0.15773466965802557,36.51101451923077,127.2495800576923,36.504806153846154,127.24979657692307
20,20:00-21:00,grid_8128_22775,grid_8127_22774,1,0,1,0.39072609191117474,0.39072609191117474,0.0846142308573246,0.5555555555555556,-1.7871295835546421,0.03695827352024905,36.51137526086956,127.24884104347827,36.504968000000005,127.24381517391303
20,20:00-21:00,grid_8128_22775,grid_8128_22778,1,0,1,0.15854873504339884,0.15854873504339884,0.04029797313986976,0.2222222222222222,-1.8504362705382178,0.032125347699216156,36.510743500000004,127.24988330000001,36.5102109,127.26484559999999
20,20:00-21:00,grid_8125_22775,grid_8124_22776,2,0,2,1.0166642069397036,1.0166642069397036,0.4285644007801054,1.3333333333333333,0.9864539379747186,0.8380447960012753,36.49545076296296,127.2491430962963,36.49143771851852,127.25604124444443
20,20:00-21:00,grid_8125_22775,grid_8123_22775,1,0,1,0.4018496599119929,0.4018496599119929,0.11639585371680503,0.5555555555555556,0.8644251524238127,0.8063228097004381,36.49505766666666,127.24906166666666,36.48726512121212,127.24998336363636
20,20:00-21:00,grid_8125_22775,grid_8127_22774,1,0,1,0.23380383061647697,0.23380383061647697,0.04896332557088659,0.3333333333333333,1.1214564827991012,0.8689531974167242,36.49572246153846,127.24892546153845,36.50568707692308,127.24459461538461
20,20:00-21:00,grid_8125_22775,grid_8125_22772,1,0,1,0.15370898126679805,0.15370898126679805,0.02647010520672465,0.2222222222222222,0.746902856791371,0.7724388992999465,36.494657000000004,127.2486398,36.4982082,127.233712
20,20:00-21:00,grid_8125_22775,grid_8129_22776,1,0,1,0.004682466840700927,0.004682466840700927,0.013378476687716934,0.0,0.146796823628848,0.5583538040496562,36.495929,127.251227,36.514893,127.25756
20,20:00-21:00,grid_8128_22778,grid_8129_22777,1,0,1,0.5675937584547313,0.5675937584547313,0.38360121463256547,0.6666666666666666,-0.12023158482946572,0.4521498490864646,36.51007996581196,127.26617884615385,36.51404345299146,127.25967005982905
20,20:00-21:00,grid_8124_22776,grid_8125_22775,1,0,1,0.49846149974467785,0.49846149974467785,0.39242968181019056,0.5555555555555556,0.735501526131271,0.7689829445593477,36.491381146551724,127.2563919913793,36.49579745689655,127.24914803448276
20,20:00-21:00,grid_8124_22776,grid_8123_22776,1,0,1,0.45289928764878623,0.45289928764878623,0.2622519329647859,0.5555555555555556,0.3495786819311386,0.6366725439849132,36.49103341025641,127.25601053846155,36.48761447435898,127.25666624358975
20,20:00-21:00,grid_8132_22778,grid_8133_22777,2,0,2,0.9967832029050803,0.9967832029050803,0.37176153210975293,1.3333333333333333,-0.6552817755320575,0.256143176114922,36.529149587719296,127.2642854736842,36.530680614035084,127.25919527192983
20,20:00-21:00,grid_8132_22778,grid_8133_22778,1,0,1,0.13919075245790627,0.13919075245790627,0.19133865781624015,0.1111111111111111,0.16896283992812722,0.5670870647307584,36.52911537288136,127.26465838983052,36.532282237288136,127.26599916949152
20,20:00-21:00,grid_8125_22776,grid_8125_22775,1,0,1,0.7429433857299507,0.7429433857299507,0.26555253065700185,1.0,0.4821763332661042,0.6851596561342276,36.4948034047619,127.25588263095237,36.49571840476191,127.2494781547619
20,20:00-21:00,grid_8125_22776,grid_8123_22776,2,0,2,0.17650364050357262,0.17650364050357262,0.09159770302608053,0.2222222222222222,-0.04651185013187997,0.48145114463488664,36.49590648,127.25612564,36.4876218,127.2567622
20,20:00-21:00,grid_8125_22776,grid_8129_22775,1,0,1,0.00696614989174284,0.00696614989174284,0.019903285404979543,0.0,-1.1079866399504303,0.1339337928945451,36.49515400000001,127.25650766666666,36.51312566666667,127.248913
20,20:00-21:00,grid_8128_22777,grid_8129_22777,3,0,3,1.17901880889521,1.17901880889521,0.27338707303393284,1.6666666666666667,-0.5793826879117825,0.2811654914072834,36.50923409523809,127.26143446428571,36.51411122619048,127.25943565476192
20,20:00-21:00,grid_8128_22777,grid_8128_22777,1,0,1,0.24923505164859927,0.24923505164859927,0.09305252851980741,0.3333333333333333,-0.20172173784077635,0.4200671337965302,36.50892273076923,127.26039303846154,36.50877703846154,127.2609735
20,20:00-21:00,grid_8150_22782,grid_8149_22782,1,1,0,0.4535971407146644,0.4535971407146644,0.2642457988672949,0.5555555555555556,-1.151707127590439,0.12472072118595329,36.60860547560976,127.28799259756097,36.60363220731707,127.28990746341464
20,20:00-21:00,grid_8150_22782,grid_8149_22783,1,1,0,0.5942781049422056,0.5942781049422056,0.25349299824757154,0.7777777777777778,-0.1555406102203668,0.43819757058149195,36.608628789473684,127.28832227631578,36.603941,127.29309103947368
20,20:00-21:00,grid_8127_22775,grid_8128_22774,1,0,1,0.37396445775262316,0.37396445775262316,0.24307305389638373,0.4444444444444444,-0.20770597825275264,0.4177292747550407,36.50464614473684,127.24919076315788,36.51077548684211,127.24330671052631
20,20:00-21:00,grid_8127_22775,grid_8127_22774,2,0,2,0.508720239731427,0.508720239731427,0.21539116113741041,0.6666666666666666,-1.4067466772369772,0.07975125964409846,36.504715231884056,127.24958869565218,36.504821507246376,127.24341585507247
20,20:00-21:00,grid_8127_22775,grid_8128_22775,1,0,1,0.2060949463476201,0.2060949463476201,0.17614429115193048,0.2222222222222222,-0.7656539552562853,0.22194111557193213,36.50480371153846,127.24986261538461,36.51078046153846,127.24959803846153
20,20:00-21:00,grid_8127_22775,grid_8125_22775,1,0,1,0.17578712954204168,0.17578712954204168,0.08955052885027782,0.2222222222222222,-0.18174400365853652,0.42789181554347866,36.504528416666666,127.24991512499999,36.49595995833334,127.24896408333332
20,20:00-21:00,grid_8127_22775,grid_8129_22776,1,0,1,0.08331869365078935,0.08331869365078935,0.0317042040816204,0.1111111111111111,-0.6163939399551789,0.26881727599558825,36.504873714285715,127.24991042857143,36.51417971428572,127.256891
20,20:00-21:00,grid_8127_22772,grid_8128_22772,1,0,1,0.7989202885367557,0.7989202885367557,0.2191373323272381,1.1111111111111112,0.3097923023273358,0.6216405471512043,36.505864676923075,127.23438895384615,36.51021643076923,127.23227610769231
20,20:00-21:00,grid_8127_22772,grid_8126_22775,1,0,1,0.09719999948783489,0.09719999948783489,0.0713650779017505,0.1111111111111111,0.6052339274799792,0.727488212070175,36.50534595833333,127.23461845833333,36.501881,127.24854891666666
20,20:00-21:00,grid_8127_22772,grid_8128_22773,1,0,1,0.10255046777216556,0.10255046777216556,0.08665213014269528,0.1111111111111111,-0.6335926992747203,0.2631733333040055,36.50498970833333,127.23454908333333,36.510021583333334,127.24016270833333
20,20:00-21:00,grid_8127_22772,grid_8129_22774,1,0,1,0.08379994452817101,0.08379994452817101,0.03307920658842512,0.1111111111111111,-0.6255689775627831,0.26579884602592113,36.505035428571425,127.234761,36.512721,127.24343471428571
20,20:00-21:00,grid_8127_22772,grid_8130_22774,1,0,1,0.004682466840700927,0.004682466840700927,0.013378476687716934,0.0,1.0756656482137814,0.858961592057041,36.504001,127.235226,36.517526,127.243451
20,20:00-21:00,grid_8121_22782,grid_8122_22784,2,0,2,0.5041301161092048,0.5041301161092048,0.2022765222167754,0.6666666666666666,-0.09744136154226152,0.46118794961461207,36.47806520338983,127.28942172881356,36.48258149152542,127.29929052542373
20,20:00-21:00,grid_8130_22773,grid_8130_22773,1,0,1,0.3583374929123486,0.3583374929123486,0.19842458292417073,0.4444444444444444,-1.5902338058421184,0.05589105651516474,36.518902741379314,127.23769250000001,36.51877653448276,127.23823943103449
20,20:00-21:00,grid_8130_22773,grid_8129_22775,1,0,1,0.24364744842320454,0.24364744842320454,0.0770879478758225,0.3333333333333333,-1.026935751870202,0.15222535906143558,36.51796765,127.23826584999999,36.512245300000004,127.24847445
20,20:00-21:00,grid_8130_22773,grid_8129_22777,1,0,1,0.09477966043358045,0.09477966043358045,0.06444982346102354,0.1111111111111111,-0.7260587571125108,0.23390137550720674,36.519238333333334,127.23653416666667,36.51439461111111,127.25878955555555
20,20:00-21:00,grid_8122_22775,grid_8124_22776,1,0,1,0.42388333613024404,0.42388333613024404,0.1793492143403797,0.5555555555555556,-1.9390769251011346,0.02624598598738742,36.483750642857146,127.25034023214286,36.490678732142854,127.25632755357142
20,20:00-21:00,grid_8122_22775,grid_8122_22775,1,0,1,0.3540923488965203,0.3540923488965203,0.18629560002180415,0.4444444444444444,0.47849382625647213,0.6838506163090975,36.4833582037037,127.25037155555556,36.48322261111111,127.25002046296296
20,20:00-21:00,grid_8122_22775,grid_8123_22777,1,0,1,0.16781342892313236,0.16781342892313236,0.06676852708196551,0.2222222222222222,0.5559567318364065,0.7108797830377964,36.48366182352942,127.25061694117646,36.48785405882353,127.26044841176471
20,20:00-21:00,grid_8126_22776,grid_8124_22776,1,0,1,0.5731038132918422,0.5731038132918422,0.1929950221036764,0.7777777777777778,-0.9176821966209543,0.17939263549774076,36.499626785714284,127.25554271428572,36.49160292857143,127.25636525
20,20:00-21:00,grid_8126_22776,grid_8126_22777,1,0,1,0.2688337002055861,0.2688337002055861,0.1490486672540555,0.3333333333333333,-3.069132467551247,0.0010734068837037758,36.50056702083334,127.25490914583332,36.50121725,127.25947258333333
20,20:00-21:00,grid_8126_22776,grid_8125_22778,1,0,1,0.08331869365078935,0.08331869365078935,0.0317042040816204,0.1111111111111111,-0.14976750533563188,0.4404740235678215,36.499325428571424,127.25620285714285,36.496060428571425,127.26512557142857
20,20:00-21:00,grid_8133_22776,grid_8132_22778,1,0,1,0.20974809590892185,0.20974809590892185,0.1865818613270784,0.2222222222222222,0.049930426231901574,0.5199110845456986,36.530791074074074,127.25480333333334,36.52914038888889,127.26423118518518
20,20:00-21:00,grid_8123_22775,grid_8124_22774,2,0,2,0.2804162257347149,0.2804162257347149,0.1821415973372807,0.3333333333333333,1.4592516420254562,0.927752070080381,36.48668444444444,127.24944583333334,36.491627055555554,127.24473598148148
20,20:00-21:00,grid_8123_22775,grid_8122_22776,1,0,1,0.19352763979585708,0.19352763979585708,0.14023770100403618,0.2222222222222222,-0.5777097697409704,0.28173004104274635,36.486683049999996,127.249752625,36.48270035,127.2545681
20,20:00-21:00,grid_8123_22775,grid_8125_22775,1,0,1,0.3314057675874805,0.3314057675874805,0.12147679628169053,0.4444444444444444,1.1355629915129566,0.8719302475529126,36.48748773529412,127.24930405882354,36.4951034117647,127.24889570588236
20,20:00-21:00,grid_8123_22775,grid_8127_22775,1,0,1,0.009264536822353626,0.009264536822353626,0.02647010520672465,0.0,-1.1288549406447796,0.1294795157937162,36.4871784,127.2502206,36.505625200000004,127.2502424
20,20:00-21:00,grid_8120_22780,grid_8121_22782,1,0,1,0.3565379038978759,0.3565379038978759,0.19328290002567727,0.4444444444444444,-0.32020079742462987,0.3744080593688093,36.47362453703703,127.27775783333334,36.478149351851854,127.28798464814815
20,20:00-21:00,grid_8120_22780,grid_8121_22781,1,0,1,0.09940862457629698,0.09940862457629698,0.07767543529735647,0.1111111111111111,0.605605332125541,0.7276115696333886,36.473124047619045,127.27809033333332,36.4772739047619,127.28347014285715
20,20:00-21:00,grid_8151_22782,grid_8151_22781,1,1,0,0.13158458846332857,0.13158458846332857,0.16960676068887534,0.1111111111111111,-2.370610980461591,0.008879355781432119,36.611630857142856,127.28944100000001,36.61204228571429,127.28469273469388
20,20:00-21:00,grid_8151_22782,grid_8149_22783,1,1,0,0.40680204806453946,0.40680204806453946,0.13054553415265227,0.5555555555555556,0.10944665315819918,0.543575883951004,36.61183560526316,127.28825715789473,36.60394244736842,127.29359468421052
20,20:00-21:00,grid_8151_22782,grid_8152_22782,1,1,0,0.24893425329632235,0.24893425329632235,0.09219310465615907,0.3333333333333333,-0.04151602454862885,0.48344225906260774,36.612408699999996,127.28942323333334,36.617081766666665,127.28760063333333
20,20:00-21:00,grid_8126_22775,grid_8128_22774,1,0,1,0.47986340276662726,0.47986340276662726,0.1329430555236969,0.6666666666666666,-1.5280243101894455,0.06325325112286001,36.502148025000004,127.248752175,36.5107676,127.2427504
20,20:00-21:00,grid_8126_22775,grid_8125_22775,1,0,1,0.3323577708031033,0.3323577708031033,0.1241968054691841,0.4444444444444444,-0.8668566210575412,0.19301028699652895,36.5011972,127.24896885714287,36.4952988,127.24876225714286
20,20:00-21:00,grid_8126_22775,grid_8125_22777,1,0,1,0.09559120670091015,0.09559120670091015,0.06676852708196551,0.1111111111111111,-0.7082579309705592,0.23939254841894447,36.501364058823526,127.24974052941177,36.49682958823529,127.2590131764706
20,20:00-21:00,grid_8126_22775,grid_8124_22775,1,0,1,0.09509426194938747,0.09509426194938747,0.06534868493475787,0.1111111111111111,0.09842277459522542,0.5392017045179202,36.501044529411764,127.24861164705884,36.49210388235294,127.24961835294118
20,20:00-21:00,grid_8125_22774,grid_8125_22776,1,0,1,0.26425439034724224,0.26425439034724224,0.13596492480164446,0.3333333333333333,0.256598556588688,0.6012556553099069,36.49643075675676,127.2443411891892,36.49473075675676,127.25577686486486
20,20:00-21:00,grid_8120_22776,grid_8121_22777,1,0,1,0.2596118513701238,0.2596118513701238,0.12270052772416333,0.3333333333333333,0.2838422075698253,0.6117343463946251,36.474403611111114,127.25484033333333,36.47939072222222,127.26157633333332
20,20:00-21:00,grid_8120_22776,grid_8124_22774,1,0,1,0.005822476274659689,0.005822476274659689,0.016635646499027684,0.0,0.26371430745963104,0.6039999650286757,36.473318500000005,127.253974,36.491933,127.2438885
20,20:00-21:00,grid_8126_22777,grid_8126_22776,1,0,1,0.3330970658726828,0.3330970658726828,0.1263090770965541,0.4444444444444444,0.9697996792544177,0.833926823616788,36.50123725,127.25933175,36.50064641666667,127.25502288888889
20,20:00-21:00,grid_8126_22777,grid_8126_22774,1,0,1,0.3100716012717998,0.3100716012717998,0.06052203537974541,0.4444444444444444,-0.7169307174332173,0.23670842360977112,36.5013275,127.25938775,36.5015504375,127.244155375
20,20:00-21:00,grid_8129_22774,grid_8128_22775,1,0,1,0.18896281558081163,0.18896281558081163,0.1271953461039063,0.2222222222222222,0.3236613364659945,0.6269027772620072,36.51347057142857,127.24411788571427,36.51133157142857,127.24935211428573
20,20:00-21:00,grid_8129_22774,grid_8127_22775,1,0,1,0.23784937904957756,0.23784937904957756,0.06052203537974541,0.3333333333333333,2.318235484958832,0.9897817367552411,36.51310225,127.2437975,36.5056395625,127.24977475
20,20:00-21:00,grid_8129_22774,grid_8126_22776,1,0,1,0.08379994452817101,0.08379994452817101,0.03307920658842512,0.1111111111111111,1.4586404299121134,0.9276679501289855,36.51374514285714,127.24410557142858,36.500219,127.25497557142857
20,20:00-21:00,grid_8150_22783,grid_8151_22782,1,1,0,0.18643889302467564,0.18643889302467564,0.11998413880066064,0.2222222222222222,-0.9330043763069452,0.17540885439896003,36.608655212121214,127.29241545454545,36.61138851515152,127.28874633333335
20,20:00-21:00,grid_8127_22773,grid_8127_22775,1,0,1,0.03918043483519261,0.03918043483519261,0.11194409952912175,0.0,-0.4760852361662882,0.31700682734065677,36.50523972727273,127.23911315151514,36.50443666666667,127.24960433333332
20,20:00-21:00,grid_8125_22777,grid_8124_22777,1,0,1,0.038027161833616575,0.038027161833616575,0.10864903381033307,0.0,-0.8123613573622407,0.2082921563876049,36.49565077419355,127.25969538709677,36.49068683870968,127.25927522580645
20,20:00-21:00,grid_8125_22777,grid_8123_22776,1,0,1,0.09033864149393385,0.09033864149393385,0.05176119791917609,0.1111111111111111,-0.16535496544523692,0.4343322990127529,36.49492292307692,127.26050530769231,36.487983615384614,127.25721461538461
20,20:00-21:00,grid_8125_22777,grid_8125_22773,1,0,1,0.0780446984968819,0.0780446984968819,0.016635646499027684,0.1111111111111111,0.6485122067335611,0.7416731408493591,36.495983,127.2603295,36.4966415,127.24060349999999
20,20:00-21:00,grid_8124_22777,grid_8125_22776,3,0,3,0.46929879816443365,0.46929879816443365,0.10275847094600087,0.6666666666666666,0.11814028016976752,0.54702174602292,36.49106548387096,127.26015819354838,36.49506129032258,127.25624903225805
20,20:00-21:00,grid_8124_22777,grid_8126_22775,2,0,2,0.1779407037483831,0.1779407037483831,0.09570359801125335,0.2222222222222222,0.031373503138026115,0.5125141639106909,36.49066511111111,127.25978759259259,36.501043037037036,127.24922018518518
20,20:00-21:00,grid_8129_22776,grid_8128_22775,2,0,2,0.1796860725267466,0.1796860725267466,0.10069036594943474,0.2222222222222222,-0.0863696703103649,0.465586278199189,36.514121714285714,127.25755103571429,36.51155767857143,127.2503525357143
20,20:00-21:00,grid_8129_22776,grid_8126_22776,1,0,1,0.08729767863958687,0.08729767863958687,0.04307273262104189,0.1111111111111111,0.626747176803943,0.7345875129581586,36.5149208,127.2573773,36.501169100000006,127.2542995
20,20:00-21:00,grid_8121_22775,grid_8121_22776,1,0,1,0.32145727387082146,0.32145727387082146,0.09305252851980741,0.4444444444444444,0.0210042695070774,0.5083788750730311,36.47761072,127.24977948,36.47930312,127.25387868
20,20:00-21:00,grid_8121_22775,grid_8123_22777,1,0,1,0.16305147042037624,0.16305147042037624,0.053162931359805154,0.2222222222222222,-1.6109234798780467,0.053598200831917076,36.478208307692306,127.2501263076923,36.48721838461539,127.26021999999999
20,20:00-21:00,grid_8151_22781,grid_8150_22783,1,1,0,0.17405942524450804,0.17405942524450804,0.0846142308573246,0.2222222222222222,0.47114907787976346,0.6812328600232151,36.61180008695652,127.28468565217392,36.60909895652174,127.29261539130434
20,20:00-21:00,grid_8149_22783,grid_8150_22783,1,1,0,0.17263690619027433,0.17263690619027433,0.0805498907023711,0.2222222222222222,0.19803120997367107,0.5784896773875512,36.60334945454545,127.29347745454547,36.60831154545454,127.29367231818182
20,20:00-21:00,grid_8149_22783,grid_8151_22783,1,1,0,0.22660623145935274,0.22660623145935274,0.028398756550531635,0.3333333333333333,-0.49142327589596474,0.31156355252495865,36.604511333333335,127.29308049999999,36.61270966666667,127.294108
20,20:00-21:00,grid_8127_22777,grid_8127_22774,1,0,1,0.1714252262009823,0.1714252262009823,0.0770879478758225,0.2222222222222222,0.10536839494824857,0.5419582531963744,36.50451795,127.26133005,36.50482135,127.24419765
20,20:00-21:00,grid_8127_22777,grid_8124_22777,1,0,1,0.08033572169147686,0.08033572169147686,0.023181427055013287,0.1111111111111111,-1.505804245470342,0.06605871658228762,36.5049015,127.26132799999999,36.491022,127.260572
20,20:00-21:00,grid_8127_22777,grid_8127_22772,1,0,1,0.005822476274659689,0.005822476274659689,0.016635646499027684,0.0,0.4543584919078602,0.6752145886348528,36.5046065,127.2599875,36.505331999999996,127.2349205
20,20:00-21:00,grid_8128_22772,grid_8130_22773,1,0,1,0.09579485727782426,0.09579485727782426,0.0673503858731487,0.1111111111111111,-2.2877122079724064,0.011077143148350732,36.510629333333334,127.23286166666668,36.51822738888889,127.23872605555556
20,20:00-21:00,grid_8147_22782,grid_8149_22782,1,1,0,0.09579485727782426,0.09579485727782426,0.0673503858731487,0.1111111111111111,-1.0783080606780415,0.14044815051395904,36.594652611111115,127.28953516666667,36.60314761111111,127.29031422222222
20,20:00-21:00,grid_8147_22782,grid_8147_22782,2,2,0,0.08701063428344576,0.08701063428344576,0.042252605889210114,0.1111111111111111,1.2941261893523774,0.9021890816498057,36.59406009090909,127.2887589090909,36.59492090909091,127.28787763636363
20,20:00-21:00,grid_8147_22782,grid_8146_22783,1,1,0,0.08612802384773685,0.08612802384773685,0.039730861787184685,0.1111111111111111,-1.063987746251577,0.14366712533001724,36.59471133333333,127.28798,36.591484,127.29211877777779
20,20:00-21:00,grid_8147_22782,grid_8150_22782,1,1,0,0.011577722305948791,0.011577722305948791,0.03307920658842512,0.0,0.691045138737812,0.755231412506377,36.59454471428571,127.2888037142857,36.60779085714285,127.28932557142856
20,20:00-21:00,grid_8119_22781,grid_8121_22782,1,0,1,0.09389962790771919,0.09389962790771919,0.06193544481570563,0.1111111111111111,0.10396373054163216,0.5414009343062036,36.46983029411765,127.28136029411765,36.47851994117647,127.28771217647058
20,20:00-21:00,grid_8119_22781,grid_8119_22779,1,0,1,0.009635874731169114,0.009635874731169114,0.027531070660483183,0.0,0.3776151673972266,0.6471417521974544,36.46908242857143,127.28104385714286,36.47020342857143,127.27365714285715
20,20:00-21:00,grid_8126_22773,grid_8127_22773,1,0,1,0.09459797861886207,0.09459797861886207,0.06393073256182816,0.1111111111111111,-1.2602853947511687,0.10378321339313684,36.50069082352941,127.23695005882352,36.50558552941177,127.23816194117647
20,20:00-21:00,grid_8126_22773,grid_8128_22774,1,0,1,0.22776313809523382,0.22776313809523382,0.0317042040816204,0.3333333333333333,0.3436854225610668,0.6344585623885048,36.50133285714286,127.24000914285715,36.511234571428574,127.24183928571428
20,20:00-21:00,grid_8126_22773,grid_8127_22775,1,0,1,0.08379994452817101,0.08379994452817101,0.03307920658842512,0.1111111111111111,1.1847356316201028,0.8819390051603482,36.50113971428571,127.23820314285715,36.504315285714284,127.24943571428571
20,20:00-21:00,grid_8129_22773,grid_8130_22773,1,0,1,0.16781342892313236,0.16781342892313236,0.06676852708196551,0.2222222222222222,0.3655518363249908,0.6426502399316988,36.51328029411765,127.24041411764705,36.518332470588234,127.23776111764707
20,20:00-21:00,grid_8129_22773,grid_8128_22773,1,0,1,0.08496211647935244,0.08496211647935244,0.03639969787751494,0.1111111111111111,-1.3186425049289352,0.09364432829250435,36.51499125,127.239680375,36.509066375,127.23975437499999
20,20:00-21:00,grid_8129_22773,grid_8127_22772,1,0,1,0.08033572169147686,0.08033572169147686,0.023181427055013287,0.1111111111111111,-1.1019886311708458,0.13523330709773834,36.51351725,127.24010875,36.505438,127.23434475
20,20:00-21:00,grid_8130_22775,grid_8130_22775,2,0,2,0.37942831599778465,0.37942831599778465,0.05233487110478142,0.5555555555555556,0.4959220345828897,0.6900252903427608,36.51794114285714,127.25112307142857,36.51829371428572,127.25082642857144
20,20:00-21:00,grid_8129_22772,grid_8130_22773,1,0,1,0.01929960770079558,0.01929960770079558,0.05514173628798738,0.0,0.12734528552447028,0.5506664403115676,36.51376557142857,127.2324205,36.518700214285715,127.23759285714286
20,20:00-21:00,grid_8129_22772,grid_8130_22772,1,0,1,0.092014013520159,0.092014013520159,0.056547975136962254,0.1111111111111111,-1.172291867131933,0.12053994785615946,36.51456485714285,127.23193471428571,36.518652714285714,127.23495828571428
20,20:00-21:00,grid_8124_22775,grid_8126_22775,1,0,1,0.01811641927171163,0.01811641927171163,0.05176119791917609,0.0,-0.3164351893617237,0.3758361054250703,36.49257023076923,127.25014892307692,36.50173269230769,127.24884315384617
20,20:00-21:00,grid_8129_22771,grid_8130_22773,1,0,1,0.08915924384834797,0.08915924384834797,0.04839149036035931,0.1111111111111111,-0.7706655532596509,0.22045259732387767,36.51451675,127.22903983333333,36.518627333333335,127.23732916666667
20,20:00-21:00,grid_8127_22778,grid_8129_22777,2,0,2,0.23409272315625362,0.23409272315625362,0.04978873282739125,0.3333333333333333,-0.5920420699326843,0.27691120863493995,36.505601500000004,127.26591683333334,36.51409375,127.25979916666667
20,20:00-21:00,grid_8123_22774,grid_8122_22775,1,0,1,0.1613814660705702,0.1613814660705702,0.04839149036035931,0.2222222222222222,-0.12729497479111485,0.44935346874436183,36.48813441666667,127.2451965,36.48365141666667,127.24999858333332
20,20:00-21:00,grid_8131_22777,grid_8129_22777,1,0,1,0.23291553734419976,0.23291553734419976,0.046425344792951705,0.3333333333333333,-0.08055105126115639,0.46789949753657945,36.522546545454546,127.26160800000001,36.51471527272727,127.25954863636365
20,20:00-21:00,grid_8123_22777,grid_8125_22775,1,0,1,0.08612802384773685,0.08612802384773685,0.039730861787184685,0.1111111111111111,1.0701393484881474,0.8577217050677355,36.48759233333333,127.26012511111111,36.495592888888886,127.24978288888889
20,20:00-21:00,grid_8123_22777,grid_8127_22774,1,0,1,0.15141059433618728,0.15141059433618728,0.019903285404979543,0.2222222222222222,-1.7328127536021558,0.04156447764430993,36.488630666666666,127.26030366666667,36.50477966666667,127.24398333333333
20,20:00-21:00,grid_8126_22787,grid_8125_22786,1,0,1,0.012739894257130227,0.012739894257130227,0.03639969787751494,0.0,1.1113187374659206,0.866784411570126,36.499433875,127.316326,36.49799525,127.312033875
20,20:00-21:00,grid_8148_22783,grid_8151_22781,1,0,1,0.012739894257130227,0.012739894257130227,0.03639969787751494,0.0,-0.25525245480370407,0.3992640596938844,36.6008075,127.295082125,36.611739,127.28474250000001
20,20:00-21:00,grid_8119_22775,grid_8121_22775,1,0,1,0.08264149602639642,0.08264149602639642,0.029769353726212013,0.1111111111111111,-0.7923310170353943,0.2140838453343895,36.470824666666665,127.251819,36.4765565,127.25090216666666
20,20:00-21:00,grid_8128_22774,grid_8127_22777,1,0,1,0.08148675904457583,0.08148675904457583,0.02647010520672465,0.1111111111111111,-0.6448181921945788,0.2595225056150297,36.5088978,127.2443442,36.5053064,127.2607682
20,20:00-21:00,grid_8152_22781,grid_8151_22783,1,1,0,0.08100858695904128,0.08100858695904128,0.025103899248054482,0.1111111111111111,1.1613723573444945,0.8772547472973565,36.6182046,127.2857862,36.6134076,127.2925468
20,20:00-21:00,grid_8124_22774,grid_8127_22775,1,0,1,0.15370898126679805,0.15370898126679805,0.02647010520672465,0.2222222222222222,-0.5595557351775287,0.28789125233988133,36.492855,127.24279320000001,36.503991400000004,127.24984500000001
20,20:00-21:00,grid_8123_22785,grid_8123_22784,1,0,1,0.08148675904457583,0.08148675904457583,0.02647010520672465,0.1111111111111111,0.061110973360549575,0.524364584995875,36.4859692,127.303767,36.4862072,127.300296
20,20:00-21:00,grid_8129_22778,grid_8130_22777,1,0,1,0.08033572169147686,0.08033572169147686,0.023181427055013287,0.1111111111111111,-0.5089248486818945,0.30540245087339923,36.514617,127.2648255,36.517588,127.26124925
20,20:00-21:00,grid_8121_22776,grid_8126_22776,1,0,1,0.00696614989174284,0.00696614989174284,0.019903285404979543,0.0,0.5952219024040684,0.724152424187751,36.47985033333333,127.25473333333333,36.499425333333335,127.25621066666668
20,20:00-21:00,grid_8130_22776,grid_8131_22778,1,0,1,0.00696614989174284,0.00696614989174284,0.019903285404979543,0.0,0.0700704463275562,0.5279312053593678,36.518661333333334,127.25707866666666,36.524741,127.26523566666667
20,20:00-21:00,grid_8130_22776,grid_8127_22774,1,0,1,0.22363281655840953,0.22363281655840953,0.019903285404979543,0.3333333333333333,0.9955489988674546,0.84026533721684,36.51863666666667,127.252475,36.505947666666664,127.24500166666667
20,20:00-21:00,grid_8127_22774,grid_8123_22777,1,0,1,0.07918837211396505,0.07918837211396505,0.019903285404979543,0.1111111111111111,0.8043256522398201,0.789395536733378,36.506508333333336,127.24512700000001,36.488165,127.261047
20,20:00-21:00,grid_8125_22788,grid_8126_22788,1,0,1,0.005822476274659689,0.005822476274659689,0.016635646499027684,0.0,-1.8693239476338668,0.030788879164497407,36.497983500000004,127.32233049999999,36.501386499999995,127.32409799999999
20,20:00-21:00,grid_8123_22784,grid_8120_22780,1,0,1,0.005822476274659689,0.005822476274659689,0.016635646499027684,0.0,0.5668091691314763,0.7145780798318471,36.487206,127.3001405,36.473796,127.277457
20,20:00-21:00,grid_8128_22779,grid_8128_22777,1,0,1,0.0780446984968819,0.0780446984968819,0.016635646499027684,0.1111111111111111,-1.6089289253928536,0.05381594188576733,36.5088165,127.2712755,36.509686,127.262001
20,20:00-21:00,grid_8132_22777,grid_8127_22777,1,0,1,0.004682466840700927,0.004682466840700927,0.013378476687716934,0.0,0.9324057913587218,0.8244365735204949,36.525471,127.261217,36.507167,127.262057
20,20:00-21:00,grid_8133_22778,grid_8128_22775,1,0,1,0.004682466840700927,0.004682466840700927,0.013378476687716934,0.0,1.0860667277541656,0.8612752642814849,36.530502,127.265372,36.508541,127.24938
20,20:00-21:00,grid_8122_22782,grid_8123_22781,1,0,1,0.004682466840700927,0.004682466840700927,0.013378476687716934,0.0,0.4518311927135316,0.6743047017525399,36.48088,127.288252,36.486255,127.28417
20,20:00-21:00,grid_8121_22781,grid_8122_22779,1,0,1,0.004682466840700927,0.004682466840700927,0.013378476687716934,0.0,-1.6263393972012972,0.05193873757857986,36.477112,127.285622,36.48092,127.269266
20,20:00-21:00,grid_8120_22779,grid_8123_22778,1,0,1,0.004682466840700927,0.004682466840700927,0.013378476687716934,0.0,-1.1411222520628692,0.12690952624229163,36.474135,127.273459,36.48714,127.26497
21,21:00-22:00,grid_8123_22775,grid_8123_22776,3,0,3,1.0904307141585554,1.0904307141585554,0.8456750563260311,1.2222222222222223,0.9252782628885616,0.8225894086580804,36.48683560392157,127.24977767450982,36.487664847058824,127.25658410980392
21,21:00-22:00,grid_8123_22775,grid_8124_22776,1,0,1,0.6136200619711267,0.6136200619711267,0.515104938965124,0.6666666666666666,-0.40249607453575437,0.34365948836448995,36.48684029677419,127.24985213548388,36.49064255483871,127.25561443225806
21,21:00-22:00,grid_8123_22775,grid_8123_22775,1,0,1,0.30773390173522397,0.30773390173522397,0.46654130654508447,0.2222222222222222,-2.3592598825996633,0.00915571349017441,36.486928618705036,127.2492119352518,36.48672185611511,127.24928810791367
21,21:00-22:00,grid_8123_22775,grid_8122_22775,1,0,1,0.7007201100920107,0.7007201100920107,0.3512638066120942,0.8888888888888888,-0.8590376133363355,0.19515988233441545,36.486519212121216,127.24949746464647,36.48348562626263,127.25037473737373
21,21:00-22:00,grid_8123_22775,grid_8121_22775,2,0,2,0.4906803315015098,0.4906803315015098,0.1638485661947898,0.6666666666666666,-0.43348115433073064,0.33233262714466866,36.486118734693875,127.25005179591837,36.47796177551021,127.24956514285714
21,21:00-22:00,grid_8123_22775,grid_8123_22777,1,0,1,0.25822094541802393,0.25822094541802393,0.11872651071816359,0.3333333333333333,-0.9368923399330081,0.174406969923105,36.486843939393935,127.24986257575758,36.487826,127.26072245454546
21,21:00-22:00,grid_8123_22775,grid_8120_22776,2,0,2,0.1763749237433953,0.1763749237433953,0.09122994085414539,0.2222222222222222,-0.235466793133089,0.4069232247881728,36.48633579166667,127.25049458333332,36.474610375,127.2538425
21,21:00-22:00,grid_8123_22775,grid_8125_22776,1,0,1,0.24301885967280706,0.24301885967280706,0.07529198001754393,0.3333333333333333,0.5310851357326412,0.7023201079087125,36.487198105263154,127.24983005263158,36.49549657894737,127.25622647368422
21,21:00-22:00,grid_8129_22777,grid_8129_22777,1,0,1,1.076091011603065,1.076091011603065,0.5983552712468525,1.3333333333333333,1.5685352875005956,0.9416218693099285,36.514462615,127.26023842000001,36.51439415,127.26052846500001
21,21:00-22:00,grid_8129_22777,grid_8128_22775,3,0,3,0.9089180555352124,0.9089180555352124,0.5334166666085431,1.1111111111111112,1.760780258920405,0.9608621988200218,36.513801374269,127.2592953508772,36.51134628070176,127.25024701754386
21,21:00-22:00,grid_8129_22777,grid_8130_22777,3,0,3,0.4267278634384594,0.4267278634384594,0.18747643522099502,0.5555555555555556,2.480830072468498,0.9934461578158383,36.514741629629626,127.2591458888889,36.517423685185186,127.26173181481481
21,21:00-22:00,grid_8129_22777,grid_8129_22775,1,0,1,0.25874278890058733,0.25874278890058733,0.1202174920969161,0.3333333333333333,0.5848525728668642,0.7206765745765159,36.51426478787879,127.25882575757576,36.51319715151515,127.25012493939393
21,21:00-22:00,grid_8129_22777,grid_8130_22774,1,0,1,0.47083127427277616,0.47083127427277616,0.10713697411269382,0.6666666666666666,0.20378385427853513,0.5807387947447272,36.51462961290323,127.2589495483871,36.51793635483871,127.24487748387097
21,21:00-22:00,grid_8129_22777,grid_8133_22778,1,0,1,0.2377243266057035,0.2377243266057035,0.060164742682962374,0.3333333333333333,1.8409212744643173,0.9671834518661122,36.514555800000004,127.25955206666666,36.531547599999996,127.26587599999999
21,21:00-22:00,grid_8150_22782,grid_8151_22782,1,1,0,0.44704298188276886,0.44704298188276886,0.45186883712537146,0.4444444444444444,-1.261739707710357,0.10352123184699374,36.60853252941177,127.28864840522877,36.61146690849673,127.28833963398694
21,21:00-22:00,grid_8150_22782,grid_8150_22782,1,1,0,0.6694431128118619,0.6694431128118619,0.4682501635894467,0.7777777777777778,0.59753254136168,0.7249240562231871,36.60864115602837,127.28858044680851,36.60864920567376,127.28828578014183
21,21:00-22:00,grid_8150_22782,grid_8149_22783,1,1,0,0.4505098989064423,0.4505098989064423,0.2554251079866603,0.5555555555555556,0.5058698980656525,0.6935260073132218,36.608628789473684,127.28832227631578,36.603941,127.29309103947368
21,21:00-22:00,grid_8128_22775,grid_8129_22777,1,0,1,0.6731779302691066,0.6731779302691066,0.4789210706101458,0.7777777777777778,0.7717423918278735,0.7798664911587315,36.51129521582734,127.25035574820143,36.51391035251798,127.25896884172661
21,21:00-22:00,grid_8128_22775,grid_8129_22774,1,0,1,0.20918167326793186,0.20918167326793186,0.18496351092424984,0.2222222222222222,0.40659550409052647,0.6578474500679032,36.51129975,127.24965080357143,36.51339569642857,127.24417078571427
21,21:00-22:00,grid_8128_22775,grid_8129_22776,1,0,1,0.11134507479040359,0.11134507479040359,0.11177957876623253,0.1111111111111111,0.5372868883052861,0.7044652695331305,36.511336,127.25068820588234,36.51439026470588,127.25751138235294
21,21:00-22:00,grid_8128_22775,grid_8130_22775,1,0,1,0.11429834445614284,0.11429834445614284,0.1202174920969161,0.1111111111111111,0.8147676776352377,0.7923973471136108,36.51160212121212,127.24944196969699,36.51810654545454,127.25127584848484
21,21:00-22:00,grid_8124_22776,grid_8123_22775,1,0,1,0.8082464073009203,0.8082464073009203,0.4521325922883436,1.0,0.8754661198268794,0.8093398315150767,36.49082116788321,127.25572233576642,36.48714151824817,127.24963825547447
21,21:00-22:00,grid_8124_22776,grid_8124_22775,1,0,1,0.6302494943371926,0.6302494943371926,0.3562683965189631,0.7777777777777778,-0.5827195843383225,0.28004104356368975,36.491389330097086,127.25589008737865,36.49212699029126,127.24963600970875
21,21:00-22:00,grid_8124_22776,grid_8124_22776,1,0,1,0.46349676656582955,0.46349676656582955,0.29253044415633833,0.5555555555555556,-0.0846515971669636,0.4662691888189624,36.49175751685393,127.25548176404494,36.491559955056175,127.2559599213483
21,21:00-22:00,grid_8124_22776,grid_8124_22774,1,0,1,0.9650964333382838,0.9650964333382838,0.28122790477604886,1.3333333333333333,0.8553133536543697,0.8038111515799602,36.49125764705882,127.25596667058824,36.49161262352941,127.2450170117647
21,21:00-22:00,grid_8124_22776,grid_8123_22776,1,0,1,0.38135802913333855,0.38135802913333855,0.26419754355557057,0.4444444444444444,-0.017098685899118157,0.4931789436302493,36.49103341025641,127.25601053846155,36.48761447435898,127.25666624358975
21,21:00-22:00,grid_8124_22776,grid_8122_22776,1,0,1,0.03387799036804766,0.03387799036804766,0.09679425819442189,0.0,0.04679202559515584,0.5186605076366615,36.490150923076925,127.25668273076923,36.48303076923077,127.2535335
21,21:00-22:00,grid_8124_22776,grid_8120_22775,1,0,1,0.16125784401121393,0.16125784401121393,0.0480382844764843,0.2222222222222222,0.0049994163656651575,0.5019944702572384,36.49053590909091,127.25670845454546,36.47491545454545,127.24929290909091
21,21:00-22:00,grid_8124_22776,grid_8128_22777,1,0,1,0.0885474023565249,0.0885474023565249,0.04664337181229339,0.1111111111111111,0.8495162109156176,0.8022029431735052,36.49231645454545,127.2563599090909,36.50842545454546,127.26154000000001
21,21:00-22:00,grid_8125_22775,grid_8124_22776,2,0,2,1.306323782317015,1.306323782317015,0.43076636217559894,1.7777777777777777,-0.6423994626240236,0.2603069242673319,36.49545076296296,127.2491430962963,36.49143771851852,127.25604124444443
21,21:00-22:00,grid_8125_22775,grid_8125_22776,1,0,1,0.6643655215437495,0.6643655215437495,0.24739355361706228,0.8888888888888888,1.6786170793169948,0.9533866521143055,36.49549568115942,127.24933346376811,36.494686,127.25589833333333
21,21:00-22:00,grid_8125_22775,grid_8124_22774,2,0,2,0.3393382230083153,0.3393382230083153,0.1441409546269326,0.4444444444444444,0.2278016750386293,0.5900997877806682,36.49496595,127.248870775,36.491971925,127.2447406
21,21:00-22:00,grid_8125_22775,grid_8123_22775,1,0,1,0.041340825603888263,0.041340825603888263,0.1181166445825379,0.0,-1.6709827066319027,0.04736254682930968,36.49505766666666,127.24906166666666,36.48726512121212,127.24998336363636
21,21:00-22:00,grid_8150_22781,grid_8150_22782,1,1,0,0.4650782074315334,0.4650782074315334,0.29704884662977776,0.5555555555555556,-0.2850777856264235,0.38779227435499,36.60898307,127.28455935,36.60873978,127.28914721
21,21:00-22:00,grid_8150_22781,grid_8150_22783,1,1,0,0.17321984469859517,0.17321984469859517,0.08221542929757351,0.2222222222222222,-1.6669257747612587,0.047764582505911535,36.60897528571429,127.28456471428572,36.609234904761905,127.29252033333333
21,21:00-22:00,grid_8150_22781,grid_8150_22781,1,1,0,0.15493881308493146,0.15493881308493146,0.02998391040139152,0.2222222222222222,-0.6243140467418429,0.26621068037670137,36.6081355,127.2848535,36.6090575,127.28432500000001
21,21:00-22:00,grid_8150_22781,grid_8152_22781,1,1,0,0.005229167499918803,0.005229167499918803,0.014940478571196581,0.0,-0.6472632588050414,0.2587307880984224,36.608805,127.28383,36.618261,127.285765
21,21:00-22:00,grid_8123_22776,grid_8122_22775,2,0,2,0.6068230618025585,0.6068230618025585,0.28933573213429437,0.7777777777777778,-0.07989913704342522,0.46815873808828157,36.4873025,127.2568888409091,36.48367968181818,127.25007542045455
21,21:00-22:00,grid_8123_22776,grid_8126_22776,1,0,1,0.24131376520881725,0.24131376520881725,0.07042028154900169,0.3333333333333333,0.5859389365811168,0.7210417247473477,36.48798294444444,127.257069,36.49901261111111,127.25572894444446
21,21:00-22:00,grid_8125_22776,grid_8125_22775,1,0,1,0.45473724116482767,0.45473724116482767,0.26750322872490434,0.5555555555555556,0.693279981375968,0.7559330682922116,36.4948034047619,127.25588263095237,36.49571840476191,127.2494781547619
21,21:00-22:00,grid_8125_22776,grid_8124_22777,1,0,1,0.18599872319580169,0.18599872319580169,0.11872651071816359,0.2222222222222222,1.2300073877067776,0.8906528308083912,36.49516644117647,127.25625405882353,36.49096705882353,127.25981164705884
21,21:00-22:00,grid_8125_22776,grid_8123_22776,1,0,1,0.1770925391209931,0.1770925391209931,0.09328027050442478,0.2222222222222222,-0.8689238871796435,0.19244438156867483,36.49590648,127.25612564,36.4876218,127.2567622
21,21:00-22:00,grid_8125_22776,grid_8124_22774,1,0,1,0.31766428914303957,0.31766428914303957,0.08221542929757351,0.4444444444444444,-1.0613050600154774,0.1442756434650983,36.49458961904762,127.256067,36.49192895238095,127.24515495238096
21,21:00-22:00,grid_8125_22776,grid_8126_22776,2,0,2,0.23535049343071188,0.23535049343071188,0.05338236218298631,0.3333333333333333,-0.25444301220031085,0.3995766625718412,36.495401538461536,127.25647938461537,36.49965353846154,127.25631961538463
21,21:00-22:00,grid_8126_22775,grid_8126_22777,1,0,1,0.6019536744067293,0.6019536744067293,0.27542319671763926,0.7777777777777778,-0.43042789864702347,0.33344220235974087,36.5017021,127.2496940125,36.501271100000004,127.25955583750002
21,21:00-22:00,grid_8126_22775,grid_8127_22775,3,0,3,0.3378376320494455,0.3378376320494455,0.13985355188730472,0.4444444444444444,0.8974647178287788,0.8152645039643939,36.50158587179487,127.24907994871795,36.50445817948718,127.2495671025641
21,21:00-22:00,grid_8126_22775,grid_8126_22776,2,0,2,0.334230880966513,0.334230880966513,0.12954854879321176,0.4444444444444444,-0.21500514058659564,0.4148816553390665,36.50131655263158,127.24901028947369,36.50013547368421,127.2552309736842
21,21:00-22:00,grid_8126_22775,grid_8126_22774,1,0,1,0.0902146220923713,0.0902146220923713,0.051406856771854505,0.1111111111111111,0.6675778341705222,0.7477984446678173,36.5021365,127.24856458333333,36.50116975,127.24409333333334
21,21:00-22:00,grid_8126_22775,grid_8124_22774,1,0,1,0.08435727340011646,0.08435727340011646,0.03467157479398357,0.1111111111111111,0.8686399860238964,0.8074779618289207,36.501233142857146,127.24919771428571,36.49236142857143,127.244479
21,21:00-22:00,grid_8126_22775,grid_8122_22777,1,0,1,0.08435727340011646,0.08435727340011646,0.03467157479398357,0.1111111111111111,-0.04354791402737612,0.4826323854289098,36.500291142857144,127.24893485714286,36.482248000000006,127.26044685714285
21,21:00-22:00,grid_8124_22775,grid_8124_22776,2,0,2,0.8893867710456541,0.8893867710456541,0.27126379028917036,1.2222222222222223,-0.39080704926730064,0.3479699319936783,36.49245114102564,127.24958782051283,36.49133744871795,127.25584129487179
21,21:00-22:00,grid_8124_22775,grid_8125_22776,1,0,1,0.031214209731870193,0.031214209731870193,0.08918345637677198,0.0,0.3057804570987996,0.6201140954016353,36.49209796,127.24995564000001,36.495113,127.25601828
21,21:00-22:00,grid_8127_22775,grid_8128_22774,1,0,1,0.5190795192208695,0.5190795192208695,0.2449891025358175,0.6666666666666666,0.5164156193356575,0.6972179204707705,36.50464614473684,127.24919076315788,36.51077548684211,127.24330671052631
21,21:00-22:00,grid_8127_22775,grid_8128_22775,1,0,1,0.3511739008730461,0.3511739008730461,0.1779571770975921,0.4444444444444444,-0.519054241322701,0.3018614583742489,36.50480371153846,127.24986261538461,36.51078046153846,127.24959803846153
21,21:00-22:00,grid_8127_22775,grid_8125_22775,3,0,3,0.1763749237433953,0.1763749237433953,0.09122994085414539,0.2222222222222222,0.9051880130520752,0.817317104426476,36.504528416666666,127.24991512499999,36.49595995833334,127.24896408333332
21,21:00-22:00,grid_8127_22775,grid_8127_22775,2,0,2,0.17515126762679545,0.17515126762679545,0.08773378052100292,0.2222222222222222,0.9480279277856071,0.8284423815921744,36.50464034782608,127.24985408695652,36.504939086956526,127.2492242173913
21,21:00-22:00,grid_8127_22775,grid_8126_22773,1,0,1,0.08903562178899171,0.08903562178899171,0.0480382844764843,0.1111111111111111,-0.008591151394589353,0.4965726686320988,36.50418863636364,127.2499200909091,36.501909,127.23886127272726
21,21:00-22:00,grid_8122_22777,grid_8123_22776,1,0,1,0.15764856473256528,0.15764856473256528,0.2440752643152659,0.1111111111111111,0.19471982330759047,0.5771938539013028,36.4830967,127.26042071428573,36.48796388571429,127.2570067857143
21,21:00-22:00,grid_8122_22777,grid_8120_22776,1,0,1,0.49255778430354824,0.49255778430354824,0.1692127170577569,0.6666666666666666,-0.6536371991364227,0.25667278612829764,36.48190928571428,127.26069424489796,36.47456712244898,127.25459024489797
21,21:00-22:00,grid_8121_22782,grid_8120_22780,1,0,1,0.4370731901313709,0.4370731901313709,0.21703451148645636,0.5555555555555556,-0.4444070925343921,0.3283741432643219,36.478210626865675,127.28825225373133,36.47386874626866,127.27798073134328
21,21:00-22:00,grid_8121_22782,grid_8122_22783,1,0,1,0.34920485349709524,0.34920485349709524,0.17233132745201823,0.4444444444444444,0.45085059167071534,0.6739513822241526,36.4784528125,127.289310125,36.4825243125,127.29416083333332
21,21:00-22:00,grid_8129_22774,grid_8130_22774,1,0,1,0.4293029696145659,0.4293029696145659,0.19483388143844205,0.5555555555555556,1.7747229796156887,0.9620281804615183,36.51304364912281,127.2435240877193,36.51767496491228,127.24310754385965
21,21:00-22:00,grid_8129_22774,grid_8130_22775,1,0,1,0.205979927608677,0.205979927608677,0.17581566618352168,0.2222222222222222,0.40545789696929446,0.6574295196727473,36.51340094117647,127.24435537254901,36.5184172745098,127.25069047058822
21,21:00-22:00,grid_8129_22774,grid_8128_22775,2,0,2,0.3340153629729292,0.3340153629729292,0.12893278309725814,0.4444444444444444,0.2014630505860741,0.5798317407824544,36.51347057142857,127.24411788571427,36.51133157142857,127.24935211428573
21,21:00-22:00,grid_8128_22774,grid_8128_22775,1,0,1,0.14018610628308334,0.14018610628308334,0.19418252588817467,0.1111111111111111,-0.9808040757677137,0.16334468398804464,36.51086438181818,127.24306890909092,36.510899327272725,127.24892525454544
21,21:00-22:00,grid_8128_22774,grid_8129_22774,1,0,1,0.3299220187182664,0.3299220187182664,0.1172375137982215,0.4444444444444444,0.23016045901821555,0.5910164569067005,36.51068796969697,127.24291754545456,36.51377836363636,127.24410093939396
21,21:00-22:00,grid_8128_22774,grid_8129_22777,1,0,1,0.6892615221775582,0.6892615221775582,0.1121757776501662,1.0,-0.39727517506939813,0.345582275862067,36.51120006060606,127.24300754545455,36.51352087878788,127.25918433333332
21,21:00-22:00,grid_8128_22774,grid_8126_22775,1,0,1,0.10784731870365258,0.10784731870365258,0.10178598994694388,0.1111111111111111,-0.5514946273776548,0.290647324325805,36.5108595862069,127.24278451724138,36.502057896551726,127.24898579310346
21,21:00-22:00,grid_8128_22774,grid_8128_22772,1,0,1,0.24859714596561755,0.24859714596561755,0.09122994085414539,0.3333333333333333,1.139721860364131,0.8727989015985352,36.51066125,127.242283375,36.510347833333334,127.23322920833334
21,21:00-22:00,grid_8128_22774,grid_8130_22775,1,0,1,0.16550210438348126,0.16550210438348126,0.060164742682962374,0.2222222222222222,0.25662590580283917,0.6012662126814835,36.51118613333333,127.2433424,36.51734053333333,127.25062246666667
21,21:00-22:00,grid_8122_22775,grid_8122_22775,1,0,1,0.28251011321583097,0.28251011321583097,0.18812413299761224,0.3333333333333333,-0.32961215489138124,0.37084651857748496,36.4833582037037,127.25037155555556,36.48322261111111,127.25002046296296
21,21:00-22:00,grid_8123_22777,grid_8123_22775,1,0,1,0.5652029832915918,0.5652029832915918,0.1704212221029609,0.7777777777777778,1.4584221431611195,0.9276378895609128,36.48802421568627,127.26035684313726,36.48667474509804,127.25039478431373
21,21:00-22:00,grid_8123_22777,grid_8123_22776,1,0,1,0.12882866881573074,0.12882866881573074,0.16173270455288147,0.1111111111111111,1.472746766377448,0.929590334386424,36.48756006382978,127.26059019148937,36.487639531914894,127.2570979148936
21,21:00-22:00,grid_8123_22777,grid_8124_22776,1,0,1,0.2607420338662697,0.2607420338662697,0.12592962057029444,0.3333333333333333,0.6501115016295619,0.7421898998334967,36.48710811428572,127.26070680000001,36.49074325714286,127.25627188571428
21,21:00-22:00,grid_8126_22777,grid_8127_22775,1,0,1,0.492334698382078,0.492334698382078,0.16857532871069905,0.6666666666666666,-1.3574309580068376,0.08732215856769926,36.50129704,127.2596319,36.5048174,127.25026882
21,21:00-22:00,grid_8126_22777,grid_8127_22774,1,0,1,0.09928154947329008,0.09928154947329008,0.07731236357447963,0.1111111111111111,-0.2357398516313889,0.4068172720580069,36.5012386,127.2593957,36.5053179,127.24448665
21,21:00-22:00,grid_8126_22777,grid_8123_22778,1,0,1,0.007516370575619872,0.007516370575619872,0.021475344501771063,0.0,-1.3965199110788493,0.08127899448300302,36.502139,127.259811,36.488288,127.26536499999999
21,21:00-22:00,grid_8151_22782,grid_8150_22783,1,1,0,0.20159279527866186,0.20159279527866186,0.16328100238347837,0.2222222222222222,1.4472843670484359,0.9260913521532979,36.61171485106383,127.2887850212766,36.60859970212766,127.29257089361701
21,21:00-22:00,grid_8151_22782,grid_8149_22783,1,1,0,0.2629675139379234,0.2629675139379234,0.13228813506073347,0.3333333333333333,0.8034246074670368,0.7891353215827275,36.61183560526316,127.28825715789473,36.60394244736842,127.29359468421052
21,21:00-22:00,grid_8151_22782,grid_8152_22781,1,1,0,0.02036178117614168,0.02036178117614168,0.058176517646119086,0.0,0.27676660953577126,0.6090203391474472,36.61411121428572,127.28986857142857,36.61829278571429,127.28571864285713
21,21:00-22:00,grid_8129_22775,grid_8130_22775,1,0,1,0.20105089103795293,0.20105089103795293,0.16173270455288147,0.2222222222222222,-1.5904615901605572,0.05586539845447103,36.51264239130435,127.24946480434782,36.51812202173913,127.25130145652174
21,21:00-22:00,grid_8129_22775,grid_8130_22773,1,0,1,0.24931476134321534,0.24931476134321534,0.09328027050442478,0.3333333333333333,-0.787169730626545,0.2155912570358967,36.51229819230769,127.24838488461539,36.518461,127.23749707692308
21,21:00-22:00,grid_8129_22775,grid_8126_22776,1,0,1,0.008665488655465518,0.008665488655465518,0.02475853901561577,0.0,-0.053068568880253186,0.4788386372749054,36.5124175,127.249094,36.50113625,127.255864
21,21:00-22:00,grid_8122_22783,grid_8121_22782,1,0,1,0.4115604452305376,0.4115604452305376,0.14414095462693258,0.5555555555555556,1.9495512122956382,0.9743851834015974,36.48265704878049,127.29439602439024,36.478321219512196,127.2892602195122
21,21:00-22:00,grid_8122_22783,grid_8122_22784,1,0,1,0.3082654416800454,0.3082654416800454,0.05536157940330433,0.4444444444444444,-0.5975044951423016,0.27508530336337045,36.4831775,127.29424114285715,36.483375714285714,127.29852135714285
21,21:00-22:00,grid_8122_22783,grid_8123_22784,1,0,1,0.23113338562033114,0.23113338562033114,0.041333482724755635,0.3333333333333333,0.9879205549851127,0.8384042211006614,36.483329777777776,127.29497577777778,36.486331444444446,127.3000321111111
21,21:00-22:00,grid_8127_22777,grid_8127_22775,3,0,3,0.41027745708572383,0.41027745708572383,0.1404752742131791,0.5555555555555556,-1.2458123616014158,0.10641664511352539,36.50471438461538,127.2611405128205,36.505240410256405,127.25069584615386
21,21:00-22:00,grid_8127_22777,grid_8125_22778,1,0,1,0.09139741190212389,0.09139741190212389,0.054786256228290496,0.1111111111111111,0.047605583653428735,0.518984709017435,36.50474346153846,127.26117838461538,36.496266,127.26620392307692
21,21:00-22:00,grid_8127_22777,grid_8125_22774,1,0,1,0.08319703928834195,0.08319703928834195,0.031356620188913525,0.1111111111111111,-0.08555792372845814,0.4659089238783424,36.50388816666666,127.26116983333333,36.496618,127.243681
21,21:00-22:00,grid_8125_22774,grid_8125_22775,1,0,1,0.11989278493833172,0.11989278493833172,0.1362016077603129,0.1111111111111111,-0.7441086325467953,0.22840537860405546,36.49615964864865,127.24321764864864,36.49508791891892,127.248669
21,21:00-22:00,grid_8130_22772,grid_8129_22771,3,0,3,0.6231197698554019,0.6231197698554019,0.12954854879321176,0.8888888888888888,-0.2024808712773566,0.41977040560408313,36.51901610810811,127.23449908108108,36.51398348648649,127.22907856756757
21,21:00-22:00,grid_8130_22772,grid_8130_22774,1,0,1,0.09159877501337874,0.09159877501337874,0.05536157940330433,0.1111111111111111,1.3202844398085838,0.9066299656331042,36.51866042857143,127.23440628571429,36.51757464285714,127.24332771428571
21,21:00-22:00,grid_8130_22772,grid_8129_22777,1,0,1,0.08503769482646983,0.08503769482646983,0.03661563601213607,0.1111111111111111,0.22624148052437387,0.5894931949639527,36.51908025,127.234629125,36.51399525,127.25864975
21,21:00-22:00,grid_8124_22774,grid_8123_22776,1,0,1,0.1903133280749006,0.1903133280749006,0.1310539532298747,0.2222222222222222,-0.5905750139153794,0.27740260520245547,36.49152313888889,127.24524722222223,36.48748463888889,127.25656291666665
21,21:00-22:00,grid_8124_22774,grid_8126_22773,1,0,1,0.1565794956223387,0.1565794956223387,0.03467157479398357,0.2222222222222222,0.2774972894543888,0.6093008565834791,36.49208442857143,127.24255071428571,36.499787142857144,127.23692371428571
21,21:00-22:00,grid_8124_22774,grid_8120_22775,1,0,1,0.005229167499918803,0.005229167499918803,0.014940478571196581,0.0,-0.4575689277450028,0.3236310856500763,36.492284,127.241467,36.475419,127.248148
21,21:00-22:00,grid_8120_22776,grid_8121_22777,1,0,1,0.04355086277214601,0.04355086277214601,0.12443103649184574,0.0,0.7787753312084201,0.7819439641173596,36.474403611111114,127.25484033333333,36.47939072222222,127.26157633333332
21,21:00-22:00,grid_8130_22773,grid_8130_22772,1,0,1,0.4064531031887353,0.4064531031887353,0.12954854879321176,0.5555555555555556,-0.3821013966184821,0.35119307796324317,36.51824847222222,127.23865269444445,36.519001055555556,127.23401158333334
21,21:00-22:00,grid_8130_22773,grid_8131_22772,1,0,1,0.16669474645750618,0.16669474645750618,0.06357229146589069,0.2222222222222222,1.0747747658206666,0.8587622096449126,36.5184054375,127.236619625,36.5221256875,127.233349875
21,21:00-22:00,grid_8130_22773,grid_8125_22775,1,0,1,0.005229167499918803,0.005229167499918803,0.014940478571196581,0.0,-0.18510371604951106,0.4265738434947668,36.519545,127.239446,36.495953,127.250725
21,21:00-22:00,grid_8150_22783,grid_8151_22782,1,1,0,0.2592653278694091,0.2592653278694091,0.12171046057926406,0.3333333333333333,0.8000366395227624,0.7881552154212847,36.608655212121214,127.29241545454545,36.61138851515152,127.28874633333335
21,21:00-22:00,grid_8150_22783,grid_8148_22783,1,1,0,0.16382099723560095,0.16382099723560095,0.05536157940330433,0.2222222222222222,1.0005837017950632,0.841485943594145,36.60915228571429,127.29270292857143,36.6012515,127.29505842857144
21,21:00-22:00,grid_8123_22784,grid_8122_22784,1,0,1,0.3309650111228095,0.3309650111228095,0.1202174920969161,0.4444444444444444,0.39651760183247303,0.6541383873189527,36.48660833333333,127.30085057575756,36.483065545454544,127.2986230909091
21,21:00-22:00,grid_8132_22779,grid_8132_22778,1,0,1,0.0358354320385754,0.0358354320385754,0.10238694868164401,0.0,1.0825440144439713,0.8604945655820937,36.527587857142855,127.27066403571429,36.52882953571429,127.26493085714286
21,21:00-22:00,grid_8121_22781,grid_8120_22780,1,0,1,0.24982473511992653,0.24982473511992653,0.09473733843788529,0.3333333333333333,-0.3235980093230959,0.37312119763725715,36.47745753571429,127.28317157142858,36.47373467857143,127.27725446428572
21,21:00-22:00,grid_8121_22781,grid_8120_22781,1,0,1,0.08204052241738614,0.08204052241738614,0.02805228627189695,0.1111111111111111,-0.9213475905071059,0.17843449095961483,36.4766304,127.2842336,36.4743854,127.28179540000001
21,21:00-22:00,grid_8129_22776,grid_8128_22775,1,0,1,0.10805765426079761,0.10805765426079761,0.10238694868164401,0.1111111111111111,1.8488207639689151,0.9677581509630264,36.514121714285714,127.25755103571429,36.51155767857143,127.2503525357143
21,21:00-22:00,grid_8129_22776,grid_8128_22774,1,0,1,0.23416927788452307,0.23416927788452307,0.050007460622446834,0.3333333333333333,0.2804525354023942,0.610434831979987,36.51452591666666,127.25708341666666,36.51140425,127.24226549999999
21,21:00-22:00,grid_8129_22776,grid_8125_22776,1,0,1,0.08435727340011646,0.08435727340011646,0.03467157479398357,0.1111111111111111,0.2835799111933664,0.6116338330446914,36.514891285714285,127.25784171428572,36.495653571428576,127.25698057142857
21,21:00-22:00,grid_8129_22776,grid_8133_22777,1,0,1,0.007516370575619872,0.007516370575619872,0.021475344501771063,0.0,-0.942411993314591,0.17299087463593404,36.51552366666667,127.25655,36.530109,127.260004
21,21:00-22:00,grid_8129_22776,grid_8132_22778,1,0,1,0.07859315634447904,0.07859315634447904,0.018202668920733786,0.1111111111111111,0.5179052391236967,0.6977378067713053,36.5154495,127.257903,36.527550500000004,127.263983
21,21:00-22:00,grid_8125_22777,grid_8124_22776,1,0,1,0.2473734898490177,0.2473734898490177,0.08773378052100292,0.3333333333333333,-0.5835020905292918,0.27977767507222945,36.49678013043478,127.26036026086958,36.491360782608695,127.25683334782607
21,21:00-22:00,grid_8125_22777,grid_8125_22776,1,0,1,0.16809491489321055,0.16809491489321055,0.06757277271076029,0.2222222222222222,0.44522738010133595,0.6719222790655752,36.495173944444446,127.26033733333333,36.49662611111111,127.256813
21,21:00-22:00,grid_8125_22777,grid_8124_22779,1,0,1,0.005229167499918803,0.005229167499918803,0.014940478571196581,0.0,-0.19965619311827787,0.4208747383498388,36.497341,127.260704,36.492614,127.269688
21,21:00-22:00,grid_8127_22772,grid_8130_22772,1,0,1,0.10069980639759565,0.10069980639759565,0.0813645262153527,0.1111111111111111,-0.75954812289371,0.2237623692240281,36.505418909090906,127.23439431818183,36.51855827272727,127.23492686363637
21,21:00-22:00,grid_8127_22773,grid_8129_22774,1,0,1,0.10049348192108548,0.10049348192108548,0.08077502771103791,0.1111111111111111,1.92432644292133,0.9728431609585704,36.50549961904762,127.23850442857143,36.51290338095238,127.24329619047619
21,21:00-22:00,grid_8127_22773,grid_8128_22773,1,0,1,0.09877969296811809,0.09877969296811809,0.07587848784541679,0.1111111111111111,0.948048098943316,0.8284475158082938,36.50523485,127.23848425000001,36.510456399999995,127.24026590000001
21,21:00-22:00,grid_8121_22776,grid_8121_22775,1,0,1,0.3166566790308962,0.3166566790308962,0.07933654326287819,0.4444444444444444,0.4807508618226868,0.6846532111595961,36.479484047619046,127.25409514285714,36.477977857142854,127.25043885714285
21,21:00-22:00,grid_8121_22776,grid_8124_22776,1,0,1,0.16214750648147225,0.16214750648147225,0.05058017724865092,0.2222222222222222,1.6080751038673182,0.9460906344820059,36.479027384615385,127.253925,36.490154000000004,127.25679415384616
21,21:00-22:00,grid_8121_22776,grid_8124_22777,1,0,1,0.16145791890641686,0.16145791890641686,0.04860992703420696,0.2222222222222222,-0.7794995104871858,0.21784276291525484,36.47955158333333,127.25385016666667,36.49012091666666,127.25887349999999
21,21:00-22:00,grid_8122_22776,grid_8122_22775,1,0,1,0.1710019151903403,0.1710019151903403,0.0758784878454168,0.2222222222222222,-1.0246875463697138,0.15275532054411523,36.48230825,127.25421954999999,36.4838648,127.25109990000001
21,21:00-22:00,grid_8149_22782,grid_8147_22782,1,1,0,0.1710019151903403,0.1710019151903403,0.0758784878454168,0.2222222222222222,0.045861157588098056,0.5182895433313051,36.603075000000004,127.29045994999998,36.5943806,127.28863695
21,21:00-22:00,grid_8149_22782,grid_8151_22783,1,1,0,0.2987071890840528,0.2987071890840528,0.02805228627189695,0.4444444444444444,1.6122578226027837,0.9465470763446554,36.60357833333333,127.28997633333334,36.61141766666667,127.29550866666666
21,21:00-22:00,grid_8130_22774,grid_8128_22774,1,0,1,0.027561852604878777,0.027561852604878777,0.07874815029965365,0.0,-1.0476233855084134,0.14740607933721184,36.5177094,127.2434519,36.511017249999995,127.24366195
21,21:00-22:00,grid_8130_22774,grid_8129_22776,1,0,1,0.07859315634447904,0.07859315634447904,0.018202668920733786,0.1111111111111111,-1.414413687459771,0.0786202367905271,36.518333999999996,127.2450315,36.5161225,127.257808
21,21:00-22:00,grid_8123_22778,grid_8122_22777,2,0,2,0.17079663745058482,0.17079663745058482,0.07529198001754393,0.2222222222222222,-0.23399145797272647,0.407495805078229,36.487339684210525,127.266146,36.481609210526315,127.26204073684211
21,21:00-22:00,grid_8123_22778,grid_8125_22775,1,0,1,0.07859315634447904,0.07859315634447904,0.018202668920733786,0.1111111111111111,1.3435512214979242,0.9104532240025576,36.489241,127.266263,36.4950615,127.2490195
21,21:00-22:00,grid_8151_22781,grid_8149_22783,1,1,0,0.025851277678908297,0.025851277678908297,0.07386079336830942,0.0,0.7256912386013941,0.7659859629761339,36.61206515789473,127.28474999999999,36.6046232631579,127.29271268421053
21,21:00-22:00,grid_8128_22773,grid_8128_22774,1,0,1,0.1678912218848621,0.1678912218848621,0.06699079268690766,0.2222222222222222,-1.3328231120853704,0.09129492961769808,36.509039529411766,127.23973629411766,36.511226882352936,127.24277782352941
21,21:00-22:00,grid_8128_22773,grid_8129_22773,1,0,1,0.15426274463960837,0.15426274463960837,0.02805228627189695,0.2222222222222222,-2.0736368575320734,0.019056524727872615,36.509813799999996,127.2397992,36.51458,127.2396252
21,21:00-22:00,grid_8128_22773,grid_8125_22776,1,0,1,0.07973859279784208,0.07973859279784208,0.021475344501771063,0.1111111111111111,0.02768346954327905,0.5110426959775982,36.50888366666667,127.24000799999999,36.494627666666666,127.25631566666668
21,21:00-22:00,grid_8129_22773,grid_8130_22773,1,0,1,0.09616671039514177,0.09616671039514177,0.06841282335119872,0.1111111111111111,-0.3854243147608585,0.3499615354429845,36.51328029411765,127.24041411764705,36.518332470588234,127.23776111764707
21,21:00-22:00,grid_8120_22780,grid_8119_22779,1,0,1,0.23702844784280835,0.23702844784280835,0.058176517646119086,0.3333333333333333,-0.2582811239879515,0.39809497652224185,36.47295492857143,127.27718371428571,36.46920157142857,127.27392728571428
21,21:00-22:00,grid_8148_22783,grid_8150_22781,1,0,1,0.1648062256205861,0.1648062256205861,0.058176517646119086,0.2222222222222222,-1.0959976814582273,0.13653989456037152,36.60098571428572,127.29507071428573,36.6095295,127.28475492857142
21,21:00-22:00,grid_8126_22776,grid_8125_22775,1,0,1,0.1648062256205861,0.1648062256205861,0.058176517646119086,0.2222222222222222,1.0195665967014627,0.8460329731402716,36.50023314285714,127.25539292857142,36.495189857142854,127.24938
21,21:00-22:00,grid_8126_22776,grid_8123_22777,2,0,2,0.16125784401121393,0.16125784401121393,0.0480382844764843,0.2222222222222222,0.21866502758145756,0.5865445031800534,36.50001954545455,127.25480827272727,36.48770890909091,127.26131090909092
21,21:00-22:00,grid_8126_22776,grid_8126_22773,1,0,1,0.08204052241738614,0.08204052241738614,0.02805228627189695,0.1111111111111111,0.4207254215240706,0.6630222021722282,36.5006842,127.2555936,36.5012198,127.23883860000001
21,21:00-22:00,grid_8126_22776,grid_8127_22776,1,0,1,0.08088771087768773,0.08088771087768773,0.02475853901561577,0.1111111111111111,-1.3073859414312978,0.09554083476425473,36.49961025,127.25606575,36.5039945,127.2538035
21,21:00-22:00,grid_8152_22782,grid_8151_22782,1,1,0,0.018683826764045206,0.018683826764045206,0.05338236218298631,0.0,-0.5358859676784107,0.29601868153433325,36.617032692307696,127.28749476923076,36.613685076923076,127.28965492307692
21,21:00-22:00,grid_8122_22774,grid_8122_22775,1,0,1,0.09139741190212389,0.09139741190212389,0.054786256228290496,0.1111111111111111,0.8112531815157857,0.7913898547084577,36.48274469230769,127.246271,36.48325315384615,127.25045915384615
21,21:00-22:00,grid_8122_22774,grid_8121_22776,1,0,1,0.07745138972214102,0.07745138972214102,0.014940478571196581,0.1111111111111111,0.20281422339923683,0.580359879844613,36.482647,127.246352,36.480135,127.254005
21,21:00-22:00,grid_8123_22783,grid_8121_22782,1,0,1,0.09139741190212389,0.09139741190212389,0.054786256228290496,0.1111111111111111,0.9873184150313646,0.8382567171082753,36.48585984615385,127.29607530769229,36.478085615384614,127.28923784615384
21,21:00-22:00,grid_8124_22777,grid_8122_22775,1,0,1,0.09090604898626742,0.09090604898626742,0.05338236218298631,0.1111111111111111,0.2243821682683298,0.5887700276841101,36.49007423076923,127.2589636153846,36.48399553846154,127.24953061538461
21,21:00-22:00,grid_8124_22777,grid_8127_22778,1,0,1,0.008665488655465518,0.008665488655465518,0.02475853901561577,0.0,-1.2927024496510533,0.09805699510629451,36.491066499999995,127.25934825,36.505325,127.26660825
21,21:00-22:00,grid_8119_22781,grid_8121_22781,1,0,1,0.08923569668419465,0.08923569668419465,0.04860992703420696,0.1111111111111111,0.7238629063144143,0.7654250476221136,36.46981325,127.28145975,36.476859999999995,127.28327558333335
21,21:00-22:00,grid_8129_22778,grid_8132_22779,1,0,1,0.15842606733866627,0.15842606733866627,0.039947493983490935,0.2222222222222222,0.07703091044802901,0.5307005224828872,36.515272700000004,127.26520109999998,36.527778,127.2707202
21,21:00-22:00,grid_8128_22776,grid_8129_22776,1,0,1,0.08688773609637142,0.08688773609637142,0.04190146821185488,0.1111111111111111,-0.09572708978434391,0.46186866258015113,36.5098668,127.2563425,36.514809,127.2573472
21,21:00-22:00,grid_8128_22776,grid_8126_22776,1,0,1,0.08204052241738614,0.08204052241738614,0.02805228627189695,0.1111111111111111,-0.09896924709421073,0.46058134373015275,36.510295,127.25584260000001,36.500359200000005,127.2564956
21,21:00-22:00,grid_8126_22787,grid_8125_22786,1,0,1,0.08552123670055037,0.08552123670055037,0.03799718422379471,0.1111111111111111,-0.4682179399715185,0.3198143720897876,36.499433875,127.316326,36.49799525,127.312033875
21,21:00-22:00,grid_8127_22779,grid_8127_22775,1,0,1,0.4466323478116615,0.4466323478116615,0.03799718422379471,0.6666666666666666,0.4930201193329437,0.6890008142747448,36.504298125,127.271308125,36.506386,127.251509625
21,21:00-22:00,grid_8127_22779,grid_8129_22778,1,0,1,0.08435727340011646,0.08435727340011646,0.03467157479398357,0.1111111111111111,0.5386615076381325,0.704939780824889,36.505506714285715,127.27171514285715,36.51386142857143,127.26587185714286
21,21:00-22:00,grid_8152_22781,grid_8153_22781,1,0,1,0.013299014478328148,0.013299014478328148,0.03799718422379471,0.0,0.4363242898701042,0.6686992694996073,36.61817875,127.285777375,36.621383375,127.2835295
21,21:00-22:00,grid_8128_22778,grid_8130_22777,1,0,1,0.15774345892277258,0.15774345892277258,0.03799718422379471,0.2222222222222222,-0.23928106734966184,0.40544382256142114,36.509901375,127.264920625,36.517695625,127.26232575
21,21:00-22:00,grid_8128_22778,grid_8128_22776,1,0,1,0.07859315634447904,0.07859315634447904,0.018202668920733786,0.1111111111111111,0.21053748797429123,0.5833759019515294,36.508489,127.2662165,36.5079895,127.25788750000001
21,21:00-22:00,grid_8148_22782,grid_8148_22783,1,1,0,0.010974817066119733,0.010974817066119733,0.031356620188913525,0.0,0.7191853973523759,0.7639866522403247,36.600654166666665,127.28997166666666,36.60086166666667,127.29512416666667
21,21:00-22:00,grid_8125_22773,grid_8124_22775,1,0,1,0.22764148373278642,0.22764148373278642,0.031356620188913525,0.3333333333333333,-0.5894377820877905,0.27778381886952463,36.49618516666666,127.23899666666667,36.4916595,127.248894
21,21:00-22:00,grid_8122_22782,grid_8121_22782,2,0,2,0.15541926151056418,0.15541926151056418,0.031356620188913525,0.2222222222222222,-0.8177488345779815,0.20675030964356816,36.48103233333333,127.28986149999999,36.47851416666666,127.28868233333333
21,21:00-22:00,grid_8126_22772,grid_8125_22775,1,0,1,0.08204052241738614,0.08204052241738614,0.02805228627189695,0.1111111111111111,-0.6172495316348608,0.2685350748289077,36.499841200000006,127.23262159999999,36.4955352,127.24874059999999
21,21:00-22:00,grid_8126_22773,grid_8126_22773,1,0,1,0.08204052241738614,0.08204052241738614,0.02805228627189695,0.1111111111111111,0.7717011211644635,0.7798542667318848,36.5014068,127.2376662,36.500952,127.237606
21,21:00-22:00,grid_8121_22775,grid_8120_22775,1,0,1,0.08204052241738614,0.08204052241738614,0.02805228627189695,0.1111111111111111,0.6501218604403627,0.7421932451893112,36.4788666,127.250258,36.4753896,127.24880900000001
21,21:00-22:00,grid_8125_22778,grid_8123_22777,1,0,1,0.08088771087768773,0.08088771087768773,0.02475853901561577,0.1111111111111111,-1.7745233284232536,0.037988313421847886,36.49549375,127.2643085,36.48778125,127.26030825000001
21,21:00-22:00,grid_8123_22774,grid_8125_22775,1,0,1,0.08088771087768773,0.08088771087768773,0.02475853901561577,0.1111111111111111,-0.20410749935906836,0.4191347470288173,36.48838525,127.2446015,36.4945335,127.24868475
21,21:00-22:00,grid_8122_22784,grid_8120_22783,1,0,1,0.07973859279784208,0.07973859279784208,0.021475344501771063,0.1111111111111111,0.6002399062223439,0.7258268191514854,36.483420333333335,127.30001733333334,36.475506,127.29348699999998
21,21:00-22:00,grid_8126_22774,grid_8128_22773,1,0,1,0.006370934122256824,0.006370934122256824,0.018202668920733786,0.0,1.2821494145591856,0.9001048813147414,36.500327,127.24348,36.51014,127.239026
21,21:00-22:00,grid_8130_22777,grid_8133_22778,1,0,1,0.006370934122256824,0.006370934122256824,0.018202668920733786,0.0,0.1957047214459831,0.5775793556523621,36.5179885,127.26057850000001,36.5306425,127.2675555
21,21:00-22:00,grid_8128_22777,grid_8124_22774,1,0,1,0.006370934122256824,0.006370934122256824,0.018202668920733786,0.0,0.9057379185463139,0.8174627063443829,36.5080975,127.25988849999999,36.491894,127.2457665
21,21:00-22:00,grid_8131_22778,grid_8128_22777,1,0,1,0.005229167499918803,0.005229167499918803,0.014940478571196581,0.0,0.4929940671054841,0.6889916102879134,36.523182,127.267474,36.507895,127.25857
21,21:00-22:00,grid_8133_22776,grid_8129_22778,1,0,1,0.07745138972214102,0.07745138972214102,0.014940478571196581,0.1111111111111111,-0.19018226689989853,0.4245831532424026,36.530657,127.254616,36.514336,127.266419
21,21:00-22:00,grid_8148_22784,grid_8152_22781,1,1,0,0.07745138972214102,0.07745138972214102,0.014940478571196581,0.1111111111111111,1.0368250220190183,0.8500912940281746,36.601135,127.297981,36.618175,127.285805
21,21:00-22:00,grid_8121_22783,grid_8123_22785,1,0,1,0.07745138972214102,0.07745138972214102,0.014940478571196581,0.1111111111111111,1.084274745560129,0.8608785003853011,36.479802,127.296862,36.486072,127.302902
22,22:00-23:00,grid_8123_22775,grid_8123_22776,1,0,1,1.670247667645411,1.670247667645411,0.851501272637682,2.111111111111111,-0.8444966930425662,0.1991959552592485,36.48683560392157,127.24977767450982,36.487664847058824,127.25658410980392
22,22:00-23:00,grid_8123_22775,grid_8123_22775,2,0,2,1.1760208619624586,1.1760208619624586,0.4711707167181358,1.5555555555555556,-0.0931034111165005,0.46291070376510196,36.486928618705036,127.2492119352518,36.48672185611511,127.24928810791367
22,22:00-23:00,grid_8123_22775,grid_8124_22774,2,0,2,0.5712509506863089,0.5712509506863089,0.1877011289450097,0.7777777777777778,-0.28055287442634713,0.3895266827614197,36.48668444444444,127.24944583333334,36.491627055555554,127.24473598148148
22,22:00-23:00,grid_8123_22775,grid_8121_22775,1,0,1,0.2752995313350675,0.2752995313350675,0.1675224704811452,0.3333333333333333,0.25564640278260153,0.6008880577869807,36.486118734693875,127.25005179591837,36.47796177551021,127.24956514285714
22,22:00-23:00,grid_8123_22775,grid_8125_22774,1,0,1,0.535733882376206,0.535733882376206,0.0862237909161441,0.7777777777777778,-1.3070410532872296,0.09559938458630951,36.48693995652174,127.24931369565218,36.49590234782609,127.24404295652174
22,22:00-23:00,grid_8123_22776,grid_8123_22775,1,0,1,1.3521660817399628,1.3521660817399628,0.768093566876084,1.6666666666666667,-1.2620094792824113,0.10347268771631052,36.4874826302521,127.25658496218487,36.48677772268908,127.24978823529412
22,22:00-23:00,grid_8123_22776,grid_8124_22777,2,0,2,0.42771202043018447,0.42771202043018447,0.1902883123402095,0.5555555555555556,0.1644175554910835,0.5652987778227514,36.48781001818182,127.25706921818183,36.49024641818182,127.25998429090909
22,22:00-23:00,grid_8123_22776,grid_8123_22777,1,0,1,0.27927618410836785,0.27927618410836785,0.17888433554771765,0.3333333333333333,-1.0505977638534305,0.14672168426528093,36.48762902,127.25721888,36.48743196,127.26072112
22,22:00-23:00,grid_8123_22776,grid_8124_22774,1,0,1,0.4019086782548864,0.4019086782548864,0.11656447755364359,0.5555555555555556,-0.12360688133486691,0.45081327187893055,36.48792059375,127.25644284375,36.491384625,127.2451521875
22,22:00-23:00,grid_8123_22776,grid_8120_22776,1,0,1,0.32100579233498416,0.32100579233498416,0.09176258127455805,0.4444444444444444,-1.439944235623864,0.07494158827776354,36.48733416666666,127.25727920833333,36.47493854166667,127.25438287499999
22,22:00-23:00,grid_8123_22776,grid_8125_22775,1,0,1,0.0956476014917988,0.0956476014917988,0.06692965505593308,0.1111111111111111,-1.1143264157943862,0.13256958923736795,36.4879135625,127.25679099999999,36.4955275625,127.2491366875
22,22:00-23:00,grid_8123_22776,grid_8125_22777,1,0,1,0.16359848071171468,0.16359848071171468,0.05472581790648646,0.2222222222222222,-0.5203379748326084,0.3014140161998219,36.48787875,127.25729466666667,36.49494083333333,127.26050458333333
22,22:00-23:00,grid_8129_22777,grid_8129_22777,1,0,1,0.9334124940656523,0.9334124940656523,0.6034007766955141,1.1111111111111112,-0.10600283225162832,0.457790052518852,36.514462615,127.26023842000001,36.51439415,127.26052846500001
22,22:00-23:00,grid_8129_22777,grid_8128_22775,1,0,1,0.5495011245603748,0.5495011245603748,0.5382571812836106,0.5555555555555556,1.2760918395541445,0.8990384720198907,36.513801374269,127.2592953508772,36.51134628070176,127.25024701754386
22,22:00-23:00,grid_8129_22777,grid_8129_22778,1,0,1,1.5926435981117433,1.5926435981117433,0.4234261533351392,2.2222222222222223,-0.12325159133252883,0.4509539364935724,36.5145234488189,127.25926370866142,36.51463179527559,127.26548879527559
22,22:00-23:00,grid_8129_22777,grid_8128_22774,1,0,1,0.046806278784644856,0.046806278784644856,0.1337322250989853,0.0,-0.34266064293071063,0.36592688720822497,36.51343886486486,127.25899867567568,36.511149081081086,127.24257824324326
22,22:00-23:00,grid_8129_22777,grid_8130_22774,1,0,1,0.2553878168684845,0.2553878168684845,0.11063185771947953,0.3333333333333333,-0.7197063506549448,0.23585290765619493,36.51462961290323,127.2589495483871,36.51793635483871,127.24487748387097
22,22:00-23:00,grid_8129_22777,grid_8132_22778,1,0,1,0.3284343909074466,0.3284343909074466,0.11298714862445068,0.4444444444444444,-0.6829933058312945,0.24730553627142682,36.514693566666665,127.25941616666667,36.52905173333333,127.26568583333332
22,22:00-23:00,grid_8129_22777,grid_8130_22772,1,0,1,0.22714037929790842,0.22714037929790842,0.029924893232119307,0.3333333333333333,-0.018598846137585556,0.49258056166324,36.5150846,127.25838300000001,36.5198896,127.23541379999999
22,22:00-23:00,grid_8129_22777,grid_8125_22774,2,0,2,0.0785727366043934,0.0785727366043934,0.018144326806203384,0.1111111111111111,0.8432229282712385,0.8004481112326165,36.513807,127.258996,36.49635,127.244979
22,22:00-23:00,grid_8150_22782,grid_8151_22782,2,2,0,0.37642484248936625,0.37642484248936625,0.4564519309219987,0.3333333333333333,1.420565578375793,0.9222784543425013,36.60853252941177,127.28864840522877,36.61146690849673,127.28833963398694
22,22:00-23:00,grid_8150_22782,grid_8150_22781,1,1,0,0.4120101181961623,0.4120101181961623,0.35177494087792416,0.4444444444444444,1.0301621814990285,0.8485330602623142,36.60862505454545,127.28885344545455,36.60905114545454,127.2846300090909
22,22:00-23:00,grid_8150_22782,grid_8150_22783,2,2,0,0.2730281690361792,0.2730281690361792,0.16103286391289304,0.3333333333333333,0.6202949531502852,0.732468191498581,36.60865840909091,127.2880660681818,36.60894284090909,127.29263206818182
22,22:00-23:00,grid_8150_22782,grid_8148_22783,1,1,0,0.19060212821625844,0.19060212821625844,0.13187909649089716,0.2222222222222222,-0.09882257111870074,0.46063957352548957,36.60834305714286,127.28872254285714,36.60116397142857,127.29512514285715
22,22:00-23:00,grid_8150_22782,grid_8147_22782,1,1,0,0.08433652338120944,0.08433652338120944,0.03461228902567778,0.1111111111111111,0.0380662565983364,0.515182572432982,36.60683866666667,127.28943166666666,36.594721666666665,127.28930933333334
22,22:00-23:00,grid_8151_22782,grid_8150_22782,1,1,0,0.27301141068424273,0.27301141068424273,0.3673341892565667,0.2222222222222222,-1.153554705680047,0.12434138857632537,36.611647683453235,127.28828543884892,36.608404,127.28860376978419
22,22:00-23:00,grid_8151_22782,grid_8151_22783,1,1,0,0.1790216722017169,0.1790216722017169,0.09879207930649284,0.2222222222222222,-1.1438565003039003,0.1263415768109375,36.61203330769231,127.28857076923077,36.611318,127.29310453846155
22,22:00-23:00,grid_8128_22775,grid_8129_22777,2,0,2,1.5414785681554064,1.5414785681554064,0.48358955980909774,2.111111111111111,0.8786722105419338,0.8102104848033127,36.51129521582734,127.25035574820143,36.51391035251798,127.25896884172661
22,22:00-23:00,grid_8128_22775,grid_8128_22774,2,0,2,0.505776682967987,0.505776682967987,0.20698099895615318,0.6666666666666666,0.15056535890395756,0.5598407053042083,36.51063091935484,127.24921898387096,36.51110772580645,127.24315827419356
22,22:00-23:00,grid_8128_22775,grid_8127_22775,1,0,1,0.786709608748502,0.786709608748502,0.18424967578937052,1.1111111111111112,0.012499611308461778,0.5049864935906629,36.51101451923077,127.2495800576923,36.504806153846154,127.24979657692307
22,22:00-23:00,grid_8128_22775,grid_8130_22775,1,0,1,0.4044248944874624,0.4044248944874624,0.12375366678957486,0.5555555555555556,0.09055485300086649,0.5360768467188161,36.51160212121212,127.24944196969699,36.51810654545454,127.25127584848484
22,22:00-23:00,grid_8128_22775,grid_8126_22777,1,0,1,0.0831763557498258,0.0831763557498258,0.031297524364581684,0.1111111111111111,-0.18813672613279597,0.4253847359104829,36.510065000000004,127.2496306,36.5019002,127.25943199999999
22,22:00-23:00,grid_8128_22775,grid_8133_22777,1,0,1,0.07971810742525834,0.07971810742525834,0.021416814865817476,0.1111111111111111,-1.0025817903457466,0.158031342695083,36.511541,127.24959150000001,36.530261499999995,127.2586
22,22:00-23:00,grid_8128_22775,grid_8124_22774,1,0,1,0.0785727366043934,0.0785727366043934,0.018144326806203384,0.1111111111111111,0.9212317138170663,0.821535267975537,36.511415,127.249889,36.492186,127.245956
22,22:00-23:00,grid_8125_22775,grid_8124_22776,1,0,1,0.5856823280642761,0.5856823280642761,0.43528284208840784,0.6666666666666666,-1.1628141432525705,0.12245245879517708,36.49545076296296,127.2491430962963,36.49143771851852,127.25604124444443
22,22:00-23:00,grid_8125_22775,grid_8129_22774,1,0,1,0.08433652338120944,0.08433652338120944,0.03461228902567778,0.1111111111111111,-1.929090632464625,0.026859805860322106,36.496032166666666,127.25016983333335,36.5127235,127.24267733333333
22,22:00-23:00,grid_8124_22776,grid_8125_22775,2,0,2,1.2951979199522203,1.2951979199522203,0.39897818399047136,1.7777777777777777,-0.14195945470854673,0.4435560158609822,36.491381146551724,127.2563919913793,36.49579745689655,127.24914803448276
22,22:00-23:00,grid_8124_22776,grid_8125_22776,1,0,1,1.0978868373679753,1.0978868373679753,0.24793064644818347,1.5555555555555556,-0.286681301038946,0.3871781782475612,36.49128760810811,127.25652095945945,36.495107567567565,127.25612447297297
22,22:00-23:00,grid_8124_22776,grid_8122_22775,1,0,1,0.332941675917659,0.332941675917659,0.12586510579648608,0.4444444444444444,0.9394262571965435,0.8262440314228968,36.49048917647059,127.25627779411765,36.483871176470586,127.24993585294118
22,22:00-23:00,grid_8124_22776,grid_8127_22774,1,0,1,0.5378808810481261,0.5378808810481261,0.09235807283591588,0.7777777777777778,-0.21698721653217834,0.4141091536710846,36.49127544,127.25673904,36.5050528,127.2438378
22,22:00-23:00,grid_8124_22776,grid_8121_22777,1,0,1,0.024625631593969438,0.024625631593969438,0.07035894741134126,0.0,-0.1489977359564855,0.4407777097343932,36.490931823529415,127.25575100000002,36.47933423529412,127.26123352941177
22,22:00-23:00,grid_8124_22776,grid_8123_22774,1,0,1,0.09019353645255236,0.09019353645255236,0.05134661208665755,0.1111111111111111,0.9966086062094182,0.8405227365391591,36.490421818181815,127.25645736363636,36.48787554545454,127.24558263636364
22,22:00-23:00,grid_8124_22776,grid_8129_22774,1,0,1,0.08201990514626627,0.08201990514626627,0.027993379782983017,0.1111111111111111,-0.503632977085304,0.30725965725352844,36.49153725,127.25646,36.513983499999995,127.245018
22,22:00-23:00,grid_8132_22778,grid_8133_22777,3,0,3,1.4323744916852257,1.4323744916852257,0.37821283338635886,2.0,1.7669585827958136,0.9613824176000165,36.529149587719296,127.2642854736842,36.530680614035084,127.25919527192983
22,22:00-23:00,grid_8132_22778,grid_8132_22778,1,0,1,0.3741351754855433,0.3741351754855433,0.24356081884758413,0.4444444444444444,0.3397964468967465,0.6329950880764784,36.528707732394366,127.26617153521127,36.52871407042254,127.2662959859155
22,22:00-23:00,grid_8132_22778,grid_8133_22778,1,0,1,0.7189295049010669,0.7189295049010669,0.1969414425744768,1.0,2.1563972938790155,0.9844736720948217,36.52911537288136,127.26465838983052,36.532282237288136,127.26599916949152
22,22:00-23:00,grid_8150_22781,grid_8150_22782,1,1,0,0.5387334611575783,0.5387334611575783,0.30114322235498536,0.6666666666666666,-0.22571199076694914,0.410712715726682,36.60898307,127.28455935,36.60873978,127.28914721
22,22:00-23:00,grid_8150_22781,grid_8149_22782,1,1,0,0.04027742538596136,0.04027742538596136,0.11507835824560389,0.0,1.133268391390352,0.8714492193424352,36.6087804375,127.28445628125,36.6039006875,127.28947709375
22,22:00-23:00,grid_8125_22776,grid_8125_22775,1,0,1,0.5283598517091083,0.5283598517091083,0.27150433821649983,0.6666666666666666,0.06829312473035587,0.5272238514883424,36.4948034047619,127.25588263095237,36.49571840476191,127.2494781547619
22,22:00-23:00,grid_8128_22777,grid_8129_22777,1,0,1,0.3144481707365266,0.3144481707365266,0.27937572591388543,0.3333333333333333,2.7529133062639874,0.9970466232202475,36.50923409523809,127.26143446428571,36.51411122619048,127.25943565476192
22,22:00-23:00,grid_8128_22777,grid_8128_22778,1,0,1,0.03808577064034773,0.03808577064034773,0.10881648754385066,0.0,0.3216941767530169,0.6261578050887424,36.50906796428571,127.26197792857144,36.50968507142857,127.26632
22,22:00-23:00,grid_8124_22775,grid_8124_22776,1,0,1,0.5296802030756027,0.5296802030756027,0.2752767706921983,0.6666666666666666,-0.6174353879881496,0.26847379322547577,36.49245114102564,127.24958782051283,36.49133744871795,127.25584129487179
22,22:00-23:00,grid_8124_22775,grid_8124_22774,1,0,1,0.10118250659738179,0.10118250659738179,0.08274366964331306,0.1111111111111111,-0.43271463859096765,0.3326110468720057,36.49197065217391,127.2487878695652,36.49264786956522,127.2440048695652
22,22:00-23:00,grid_8124_22775,grid_8130_22773,1,0,1,0.0785727366043934,0.0785727366043934,0.018144326806203384,0.1111111111111111,0.567828395997433,0.7149242518387251,36.492399,127.249566,36.517312,127.236297
22,22:00-23:00,grid_8129_22774,grid_8129_22774,1,0,1,0.3039189932342119,0.3039189932342119,0.2492923616215578,0.3333333333333333,1.5924490656754668,0.9443580804931644,36.51381897260274,127.24428763013698,36.51364278082192,127.24410376712328
22,22:00-23:00,grid_8129_22774,grid_8129_22775,1,0,1,0.5070078789412545,0.5070078789412545,0.2104987017369177,0.6666666666666666,1.2983559816113215,0.9029174811469655,36.51382416129032,127.24414732258064,36.5126719516129,127.24859159677419
22,22:00-23:00,grid_8129_22774,grid_8130_22774,3,0,3,0.5750675143762689,0.5750675143762689,0.19860559663060964,0.7777777777777778,2.062826682367664,0.9804354510066996,36.51304364912281,127.2435240877193,36.51767496491228,127.24310754385965
22,22:00-23:00,grid_8129_22774,grid_8130_22775,1,0,1,0.5683901269512818,0.5683901269512818,0.17952734684493216,0.7777777777777778,0.19884176520896701,0.5788067378247103,36.51340094117647,127.24435537254901,36.5184172745098,127.25069047058822
22,22:00-23:00,grid_8129_22774,grid_8128_22775,1,0,1,0.26304043089562346,0.26304043089562346,0.13249646922559077,0.3333333333333333,0.02924251712877679,0.5116644140227109,36.51347057142857,127.24411788571427,36.51133157142857,127.24935211428573
22,22:00-23:00,grid_8129_22774,grid_8128_22773,1,0,1,0.16836750592813704,0.16836750592813704,0.06835160423912179,0.2222222222222222,0.4091023853463854,0.6587677370879025,36.5123649375,127.24294,36.508641125,127.2394789375
22,22:00-23:00,grid_8129_22774,grid_8129_22772,1,0,1,0.08970377586471728,0.08970377586471728,0.04994729612141449,0.1111111111111111,1.5721737507387565,0.9420448693618342,36.513175454545454,127.24298827272727,36.513974000000005,127.23207372727273
22,22:00-23:00,grid_8122_22775,grid_8123_22775,1,0,1,0.3060402772991553,0.3060402772991553,0.25535317323568174,0.3333333333333333,-0.7635562523895599,0.2225658640041447,36.483427569444444,127.24996948611111,36.48656019444444,127.24952426388889
22,22:00-23:00,grid_8122_22775,grid_8122_22775,2,0,2,0.4282672447787765,0.4282672447787765,0.19187466762190092,0.5555555555555556,0.7644054058591929,0.7776871558690455,36.4833582037037,127.25037155555556,36.48322261111111,127.25002046296296
22,22:00-23:00,grid_8122_22775,grid_8122_22776,1,0,1,0.24249640839899178,0.24249640839899178,0.07379926209235745,0.3333333333333333,1.8987966044516602,0.9712043880837079,36.483458111111105,127.25010194444445,36.48262038888889,127.25513722222223
22,22:00-23:00,grid_8122_22775,grid_8123_22777,1,0,1,0.09734713566511417,0.09734713566511417,0.07178546697969132,0.1111111111111111,2.283706976893982,0.9888056211238576,36.48366182352942,127.25061694117646,36.48785405882353,127.26044841176471
22,22:00-23:00,grid_8122_22777,grid_8123_22776,1,0,1,0.4479119577903008,0.4479119577903008,0.2480024190833989,0.5555555555555556,-0.28804220224682975,0.386657217124058,36.4830967,127.26042071428573,36.48796388571429,127.2570067857143
22,22:00-23:00,grid_8122_22777,grid_8123_22775,1,0,1,0.2976614610638014,0.2976614610638014,0.2314136982775279,0.3333333333333333,-0.4303071484389198,0.33348611390957267,36.48277963076923,127.26009444615386,36.4864872,127.25026380000001
22,22:00-23:00,grid_8122_22777,grid_8123_22777,1,0,1,0.5028452921540467,0.5028452921540467,0.19860559663060964,0.6666666666666666,-0.8655491174980219,0.19336873466003723,36.482674214285716,127.26116039285715,36.48746130357143,127.26090544642857
22,22:00-23:00,grid_8149_22783,grid_8150_22782,1,1,0,0.44315123235264336,0.44315123235264336,0.23440034640437774,0.5555555555555556,1.0782510938591703,0.8595391420540721,36.604029242857145,127.29334848571429,36.60859451428571,127.2884215
22,22:00-23:00,grid_8149_22783,grid_8150_22783,1,1,0,0.24663774186254073,0.24663774186254073,0.08563164341678302,0.3333333333333333,0.35926056727629235,0.6402999147034355,36.60334945454545,127.29347745454547,36.60831154545454,127.29367231818182
22,22:00-23:00,grid_8127_22775,grid_8127_22774,1,0,1,0.7273874721145537,0.7273874721145537,0.22110706318443907,1.0,0.0029644566567202935,0.5011826453666011,36.504715231884056,127.24958869565218,36.504821507246376,127.24341585507247
22,22:00-23:00,grid_8127_22775,grid_8126_22776,1,0,1,0.11427587884028245,0.11427587884028245,0.12015330462302924,0.1111111111111111,-0.04979107993884313,0.4801444375227017,36.5043229375,127.25002284375,36.50012721875,127.25537171875
22,22:00-23:00,grid_8127_22775,grid_8124_22777,1,0,1,0.3192745803777518,0.3192745803777518,0.08681626139675128,0.4444444444444444,-2.052621490557616,0.020054650812637687,36.50476725,127.24930233333333,36.49083929166667,127.25950416666667
22,22:00-23:00,grid_8127_22775,grid_8124_22774,1,0,1,0.08201990514626627,0.08201990514626627,0.027993379782983017,0.1111111111111111,0.9660479762014692,0.8329899125875364,36.5043925,127.24990700000001,36.492411,127.24548725
22,22:00-23:00,grid_8121_22782,grid_8120_22780,2,0,2,1.0884178185936921,1.0884178185936921,0.2208763070930888,1.5555555555555556,-0.31718615134959527,0.3755511787176176,36.478210626865675,127.28825225373133,36.47386874626866,127.27798073134328
22,22:00-23:00,grid_8121_22782,grid_8121_22781,1,0,1,0.09755174399685379,0.09755174399685379,0.0723700622132331,0.1111111111111111,0.2467015652503367,0.5974304024466097,36.47813583333333,127.28805483333333,36.47774461111111,127.2839131111111
22,22:00-23:00,grid_8121_22782,grid_8122_22785,1,0,1,0.23819756363234273,0.23819756363234273,0.06151684847336015,0.3333333333333333,0.3612841163201963,0.6410564668327359,36.47779807142857,127.28895592857143,36.481993,127.30526457142857
22,22:00-23:00,grid_8126_22777,grid_8126_22775,1,0,1,0.5091660233912721,0.5091660233912721,0.21666482873696807,0.6666666666666666,-2.094018082313648,0.018129184745145577,36.501222578125,127.259533953125,36.501455765624996,127.249646265625
22,22:00-23:00,grid_8126_22777,grid_8124_22776,1,0,1,0.2002650898488147,0.2002650898488147,0.1594875582982008,0.2222222222222222,0.2645951959282309,0.6043393393163841,36.50106777777778,127.25986544444444,36.49165544444445,127.2564012888889
22,22:00-23:00,grid_8126_22777,grid_8126_22777,1,0,1,0.09184129851463886,0.09184129851463886,0.05605450369261898,0.1111111111111111,0.34517976516274196,0.6350203849857101,36.5006115,127.259824625,36.500721125,127.2595535625
22,22:00-23:00,grid_8126_22777,grid_8127_22773,1,0,1,0.013278197765351009,0.013278197765351009,0.037937707901002884,0.0,-0.487494276126732,0.3129540490739116,36.50131771428571,127.25930342857143,36.504091,127.23888528571429
22,22:00-23:00,grid_8130_22774,grid_8129_22774,1,0,1,0.1429326371300123,0.1429326371300123,0.20202975687940022,0.1111111111111111,0.07574140287603023,0.5301875820758535,36.517858245901635,127.24340052459017,36.51289986885246,127.24316890163935
22,22:00-23:00,grid_8130_22774,grid_8129_22775,2,0,2,0.2562121686852244,0.2562121686852244,0.11298714862445068,0.3333333333333333,1.1901713596047934,0.8830104762184416,36.51759763333334,127.2442497,36.51222013333334,127.24839
22,22:00-23:00,grid_8124_22777,grid_8123_22776,1,0,1,0.28547101854962825,0.28547101854962825,0.19658386252274734,0.3333333333333333,-2.435477075388719,0.007436083473188693,36.49048520689656,127.26010010344828,36.48741179310345,127.25706837931035
22,22:00-23:00,grid_8124_22777,grid_8123_22778,1,0,1,0.20605564764718964,0.20605564764718964,0.1760320091507006,0.2222222222222222,-1.597173394366954,0.0551135307860795,36.490658395833336,127.2594879375,36.48842435416667,127.26563593750001
22,22:00-23:00,grid_8124_22777,grid_8124_22776,1,0,1,0.4033786096835668,0.4033786096835668,0.12076428163558757,0.5555555555555556,-2.669452991882466,0.0037987453588981257,36.49099666666667,127.25991272727272,36.491305181818184,127.25608536363636
22,22:00-23:00,grid_8124_22777,grid_8125_22775,1,0,1,0.16907007603841387,0.16907007603841387,0.07035894741134126,0.2222222222222222,-1.2170784902207128,0.11178717687485007,36.49071111764706,127.25936923529413,36.49573364705882,127.2488408235294
22,22:00-23:00,grid_8124_22777,grid_8127_22778,1,0,1,0.08201990514626627,0.08201990514626627,0.027993379782983017,0.1111111111111111,-0.5727572860872863,0.2834045218914146,36.491066499999995,127.25934825,36.505325,127.26660825
22,22:00-23:00,grid_8130_22777,grid_8129_22777,1,0,1,0.28183265785668193,0.28183265785668193,0.1861885462571865,0.3333333333333333,0.8861416908268379,0.8122294101474121,36.51740046551724,127.26197729310344,36.5148275,127.25918701724139
22,22:00-23:00,grid_8130_22777,grid_8133_22778,1,0,1,0.0074958852030361164,0.0074958852030361164,0.021416814865817476,0.0,-0.42542990645616036,0.33526165428124405,36.5179885,127.26057850000001,36.5306425,127.2675555
22,22:00-23:00,grid_8128_22774,grid_8127_22775,1,0,1,0.5018302773659736,0.5018302773659736,0.19570555437897225,0.6666666666666666,-2.0422691725956046,0.020562419121635034,36.51096547368421,127.24306333333334,36.50499142105263,127.24910159649123
22,22:00-23:00,grid_8128_22774,grid_8129_22774,1,0,1,0.4033786096835668,0.4033786096835668,0.12076428163558757,0.5555555555555556,-0.17201800810525236,0.4317116858020655,36.51068796969697,127.24291754545456,36.51377836363636,127.24410093939396
22,22:00-23:00,grid_8128_22774,grid_8126_22775,1,0,1,0.10906461598445039,0.10906461598445039,0.1052639821777948,0.1111111111111111,-0.09725120992385353,0.46126345055119017,36.5108595862069,127.24278451724138,36.502057896551726,127.24898579310346
22,22:00-23:00,grid_8128_22774,grid_8130_22775,1,0,1,0.31111786128809577,0.31111786128809577,0.06351134971201979,0.4444444444444444,1.4026289033962562,0.9196362358943341,36.51118613333333,127.2433424,36.51734053333333,127.25062246666667
22,22:00-23:00,grid_8128_22774,grid_8129_22773,1,0,1,0.08901460370484988,0.08901460370484988,0.04797823280750764,0.1111111111111111,1.0683446545975837,0.8573174637547685,36.5110547,127.2422278,36.5145958,127.2394075
22,22:00-23:00,grid_8128_22774,grid_8126_22776,1,0,1,0.08901460370484988,0.08901460370484988,0.04797823280750764,0.1111111111111111,-0.7806149738784263,0.21751449109317306,36.5112793,127.2429554,36.4994594,127.2557904
22,22:00-23:00,grid_8128_22774,grid_8124_22775,1,0,1,0.008644937439429696,0.008644937439429696,0.02469982125551342,0.0,-0.5355968168570384,0.29611861458514155,36.510776,127.24321933333333,36.49201133333333,127.24975666666667
22,22:00-23:00,grid_8123_22777,grid_8124_22777,1,0,1,0.5039642453917326,0.5039642453917326,0.20180260588114057,0.6666666666666666,-0.1815361267148904,0.4279733895934189,36.486896894736844,127.26158424561405,36.490681105263164,127.25989275438597
22,22:00-23:00,grid_8123_22777,grid_8123_22776,1,0,1,0.13011219762728715,0.13011219762728715,0.16539992972875694,0.1111111111111111,-0.8980652896581327,0.18457537136338714,36.48756006382978,127.26059019148937,36.487639531914894,127.2570979148936
22,22:00-23:00,grid_8126_22776,grid_8124_22776,1,0,1,0.43062306993182453,0.43062306993182453,0.19860559663060964,0.5555555555555556,-1.2727220344018222,0.10155834791121571,36.499626785714284,127.25554271428572,36.49160292857143,127.25636525
22,22:00-23:00,grid_8127_22773,grid_8127_22772,1,0,1,0.28178490682678814,0.28178490682678814,0.18605211474320416,0.3333333333333333,0.21334176861988363,0.5844698016347718,36.504951267857145,127.23863273214286,36.505412642857145,127.23472198214286
22,22:00-23:00,grid_8126_22775,grid_8124_22776,1,0,1,1.2895898057363555,1.2895898057363555,0.1766057941673648,1.8888888888888888,1.7555578220776333,0.9604180302929987,36.501811339285716,127.24881091071428,36.49180080357143,127.25633351785714
22,22:00-23:00,grid_8126_22775,grid_8128_22774,1,0,1,0.12061714562850462,0.12061714562850462,0.13827120973223544,0.1111111111111111,0.9230731990907022,0.8220154698599931,36.502148025000004,127.248752175,36.5107676,127.2427504
22,22:00-23:00,grid_8126_22775,grid_8126_22776,1,0,1,0.19103440698958313,0.19103440698958313,0.13311417870039627,0.2222222222222222,1.59961360860026,0.9451578361939714,36.50131655263158,127.24901028947369,36.50013547368421,127.2552309736842
22,22:00-23:00,grid_8126_22775,grid_8124_22777,1,0,1,0.17269402953389001,0.17269402953389001,0.08071310025555878,0.2222222222222222,0.6849177475141354,0.753302086940844,36.50146105,127.248827,36.49072575,127.25989835
22,22:00-23:00,grid_8126_22775,grid_8128_22775,1,0,1,0.09976244086608385,0.09976244086608385,0.07868633898246181,0.1111111111111111,-0.3002461699810923,0.38199469504738526,36.501849736842104,127.24937778947368,36.51078478947369,127.24920847368422
22,22:00-23:00,grid_8126_22775,grid_8125_22777,1,0,1,0.09734713566511417,0.09734713566511417,0.07178546697969132,0.1111111111111111,2.3046805041615004,0.9894077632217657,36.501364058823526,127.24974052941177,36.49682958823529,127.2590131764706
22,22:00-23:00,grid_8127_22774,grid_8127_22775,1,0,1,0.20473689830991607,0.20473689830991607,0.17226415390134756,0.2222222222222222,-0.12775508953576462,0.44917139604680084,36.504867399999995,127.24336996,36.50473012,127.24935278000001
22,22:00-23:00,grid_8127_22774,grid_8126_22774,1,0,1,0.09137625848949248,0.09137625848949248,0.05472581790648646,0.1111111111111111,1.4894012562186714,0.9318091310103693,36.504421083333334,127.24430466666666,36.501609,127.2438105
22,22:00-23:00,grid_8127_22774,grid_8126_22777,1,0,1,0.09019353645255236,0.09019353645255236,0.05134661208665755,0.1111111111111111,-0.5728423916708711,0.283375706655146,36.50532918181818,127.24440263636365,36.501156909090916,127.25965527272727
22,22:00-23:00,grid_8125_22774,grid_8124_22776,2,0,2,0.4211798968406103,0.4211798968406103,0.17162510208428336,0.5555555555555556,-0.4370022230953249,0.33105486789955096,36.496077130434784,127.24368858695652,36.49139923913043,127.25604832608697
22,22:00-23:00,grid_8125_22774,grid_8128_22772,1,0,1,0.006350514382171184,0.006350514382171184,0.018144326806203384,0.0,0.33061842818700105,0.6295336376737777,36.498007,127.244746,36.510905,127.232877
22,22:00-23:00,grid_8129_22775,grid_8130_22775,1,0,1,0.13011219762728715,0.13011219762728715,0.16539992972875694,0.1111111111111111,1.5028105431520915,0.9335560468126775,36.51264239130435,127.24946480434782,36.51812202173913,127.25130145652174
22,22:00-23:00,grid_8129_22775,grid_8128_22774,1,0,1,0.24562695104182625,0.24562695104182625,0.08274366964331306,0.3333333333333333,-0.030062195892765486,0.4880087252008952,36.51258528571428,127.24879376190476,36.510720142857146,127.2430921904762
22,22:00-23:00,grid_8129_22775,grid_8127_22775,1,0,1,0.01561722588376767,0.01561722588376767,0.04462064538219335,0.0,-1.184788508882933,0.11805053854331132,36.51284966666666,127.24905844444444,36.50454422222222,127.24958199999999
22,22:00-23:00,grid_8129_22775,grid_8128_22773,1,0,1,0.08086715966165191,0.08086715966165191,0.02469982125551342,0.1111111111111111,1.4758621525463025,0.9300095492192676,36.51211266666667,127.24805966666668,36.51030433333333,127.24036333333333
22,22:00-23:00,grid_8123_22778,grid_8124_22777,1,0,1,0.6341392801472903,0.6341392801472903,0.16103286391289304,0.8888888888888888,1.2584390301809565,0.8958834879863298,36.488462931818184,127.26544795454546,36.49060543181818,127.25974638636363
22,22:00-23:00,grid_8123_22778,grid_8124_22776,1,0,1,0.16478500421730893,0.16478500421730893,0.05811588506532715,0.2222222222222222,0.7949170729085386,0.7866691288672026,36.488546923076925,127.26518223076923,36.49144561538462,127.25702623076924
22,22:00-23:00,grid_8123_22778,grid_8123_22774,1,0,1,0.006350514382171184,0.006350514382171184,0.018144326806203384,0.0,1.4476949145146358,0.9261488035833911,36.485393,127.266016,36.486401,127.245146
22,22:00-23:00,grid_8120_22776,grid_8121_22776,1,0,1,0.3390004382222508,0.3390004382222508,0.14317585523817686,0.4444444444444444,0.3113260355814235,0.6222236117341917,36.47476180487805,127.2543906097561,36.47834929268293,127.25411641463415
22,22:00-23:00,grid_8130_22773,grid_8129_22774,1,0,1,0.1972293509861902,0.1972293509861902,0.1508140186907022,0.2222222222222222,-1.1079768395511758,0.13393590920204362,36.51853607317073,127.23832856097562,36.5130243902439,127.24259787804878
22,22:00-23:00,grid_8121_22775,grid_8122_22775,1,0,1,0.19337032819402555,0.19337032819402555,0.1397882392845175,0.2222222222222222,0.5413864531005494,0.7058793786997659,36.47816242105263,127.25001531578947,36.48392336842105,127.2508222631579
22,22:00-23:00,grid_8127_22777,grid_8128_22778,1,0,1,0.18472186983040578,0.18472186983040578,0.11507835824560389,0.2222222222222222,0.0138875475239858,0.5055401517952124,36.504962451612904,127.2616402580645,36.50948925806452,127.2659214516129
22,22:00-23:00,grid_8127_22777,grid_8128_22775,1,0,1,0.25022085041599074,0.25022085041599074,0.0958690964266401,0.3333333333333333,-0.5917488477915411,0.2770093905299681,36.505359923076924,127.26071292307691,36.51006280769231,127.25039069230769
22,22:00-23:00,grid_8127_22777,grid_8127_22776,1,0,1,0.09019353645255236,0.09019353645255236,0.05134661208665755,0.1111111111111111,-1.2064124997213796,0.11382923939389428,36.50499254545454,127.26099918181818,36.504898727272725,127.2538399090909
22,22:00-23:00,grid_8132_22779,grid_8132_22778,1,0,1,0.03705339328264767,0.03705339328264767,0.10586683795042193,0.0,0.5304825408584524,0.7021112945494861,36.527587857142855,127.27066403571429,36.52882953571429,127.26493085714286
22,22:00-23:00,grid_8132_22779,grid_8131_22780,1,0,1,0.012794683597793224,0.012794683597793224,0.03655623885083779,0.0,-0.8621352725997673,0.19430654163651134,36.526799,127.27104985714286,36.52412428571429,127.27717585714286
22,22:00-23:00,grid_8132_22776,grid_8132_22778,1,0,1,0.24980278050067903,0.24980278050067903,0.094674610954321,0.3333333333333333,0.4109929346889362,0.6594611422823011,36.52973829166667,127.25510075,36.52926370833333,127.26422854166667
22,22:00-23:00,grid_8151_22783,grid_8150_22782,3,3,0,0.1763530394639232,0.1763530394639232,0.09116741434136791,0.2222222222222222,1.2061089318373612,0.8861122543162484,36.61170534782609,127.2930055652174,36.608525826086954,127.28811008695654
22,22:00-23:00,grid_8151_22783,grid_8150_22781,1,1,0,0.08901460370484988,0.08901460370484988,0.04797823280750764,0.1111111111111111,1.7132375719273834,0.9566655789581326,36.6114605,127.29448070000001,36.610115,127.2853456
22,22:00-23:00,grid_8120_22780,grid_8121_22781,1,0,1,0.173404728819604,0.173404728819604,0.08274366964331306,0.2222222222222222,0.4935832546585459,0.6891997353509449,36.473124047619045,127.27809033333332,36.4772739047619,127.28347014285715
22,22:00-23:00,grid_8120_22780,grid_8119_22779,1,0,1,0.09375311918789826,0.09375311918789826,0.06151684847336015,0.1111111111111111,-0.5567488278361451,0.28884952545106846,36.47295492857143,127.27718371428571,36.46920157142857,127.27392728571428
22,22:00-23:00,grid_8120_22780,grid_8123_22778,1,0,1,0.15491815707568618,0.15491815707568618,0.029924893232119307,0.2222222222222222,-1.4554126132656449,0.07277753329509873,36.474615799999995,127.2770638,36.4875216,127.2656356
22,22:00-23:00,grid_8122_22785,grid_8122_22784,1,0,1,0.24441281104761772,0.24441281104761772,0.07927469823128871,0.3333333333333333,0.04306863837176647,0.5171765904769975,36.4820309,127.30479685,36.4831071,127.2997261
22,22:00-23:00,grid_8122_22785,grid_8124_22788,1,0,1,0.07971810742525834,0.07971810742525834,0.021416814865817476,0.1111111111111111,0.9572334211364837,0.8307752741726324,36.482566500000004,127.3070385,36.491096999999996,127.322975
22,22:00-23:00,grid_8126_22789,grid_8127_22790,1,0,1,0.026034734505980726,0.026034734505980726,0.0743849557313735,0.0,-1.0201014746375274,0.1538401687391595,36.5016872631579,127.32848231578947,36.50327405263158,127.33460926315789
22,22:00-23:00,grid_8124_22774,grid_8124_22774,1,0,1,0.16857145872110663,0.16857145872110663,0.06893432650474915,0.2222222222222222,0.08439014645557602,0.533626879335116,36.491917235294125,127.24407529411765,36.492202235294116,127.24407182352942
22,22:00-23:00,grid_8124_22774,grid_8126_22774,1,0,1,0.012114301158987222,0.012114301158987222,0.03461228902567778,0.0,0.20296067999688233,0.5804171173246763,36.492957499999996,127.244257,36.499217,127.24469699999999
22,22:00-23:00,grid_8127_22778,grid_8127_22777,1,0,1,0.16807350505093976,0.16807350505093976,0.06751160173284383,0.2222222222222222,-1.1969667728433,0.11565975299469067,36.50560976470588,127.26588247058825,36.50461876470588,127.26168741176471
22,22:00-23:00,grid_8127_22772,grid_8129_22772,1,0,1,0.1595750429729086,0.1595750429729086,0.043230281509897626,0.2222222222222222,1.0560824133995432,0.8545347177987088,36.505804,127.23429329999999,36.5140402,127.23229610000001
22,22:00-23:00,grid_8129_22776,grid_8127_22777,1,0,1,0.015329755555776274,0.015329755555776274,0.043799301587932216,0.0,-1.4833413789917056,0.06899186686092651,36.5135353,127.25737140000001,36.5057768,127.2614298
22,22:00-23:00,grid_8129_22776,grid_8126_22775,1,0,1,0.15655874560343166,0.15655874560343166,0.03461228902567778,0.2222222222222222,-1.0097552691802338,0.15630627780326434,36.513292666666665,127.25692233333332,36.50215433333333,127.24938366666667
22,22:00-23:00,grid_8128_22773,grid_8127_22774,1,0,1,0.08901460370484988,0.08901460370484988,0.04797823280750764,0.1111111111111111,-0.9757600306295114,0.16459169799654477,36.5092844,127.24033899999999,36.5053072,127.24357460000002
22,22:00-23:00,grid_8128_22773,grid_8130_22772,1,0,1,0.23297085669137024,0.23297085669137024,0.046583400070581614,0.3333333333333333,-1.6609528078060947,0.048361462557018065,36.5110022,127.2405078,36.519151199999996,127.2347217
22,22:00-23:00,grid_8128_22773,grid_8126_22775,1,0,1,0.08201990514626627,0.08201990514626627,0.027993379782983017,0.1111111111111111,-1.2150892940834215,0.11216601818640026,36.508604250000005,127.23984525,36.502272,127.24800225
22,22:00-23:00,grid_8119_22781,grid_8120_22780,1,0,1,0.08901460370484988,0.08901460370484988,0.04797823280750764,0.1111111111111111,1.2724523656477973,0.8983937807606938,36.469822300000004,127.2812275,36.4729379,127.2775364
22,22:00-23:00,grid_8122_22783,grid_8123_22784,1,0,1,0.23228389255043436,0.23228389255043436,0.04462064538219335,0.3333333333333333,0.5914221462061842,0.7228811973210322,36.483329777777776,127.29497577777778,36.486331444444446,127.3000321111111
22,22:00-23:00,grid_8122_22783,grid_8121_22781,1,0,1,0.0831763557498258,0.0831763557498258,0.031297524364581684,0.1111111111111111,0.4794350008823598,0.684185400688422,36.4820488,127.2927556,36.4776246,127.2833416
22,22:00-23:00,grid_8126_22778,grid_8127_22777,1,0,1,0.08618298929060697,0.08618298929060697,0.03988790590967072,0.1111111111111111,-0.2847992347021799,0.38789897928707073,36.501726125,127.265511625,36.505493375,127.2616155
22,22:00-23:00,grid_8152_22782,grid_8150_22782,1,1,0,0.012794683597793224,0.012794683597793224,0.03655623885083779,0.0,0.5947521856415527,0.7239954334906151,36.616843,127.28742828571428,36.608870714285715,127.28905528571428
22,22:00-23:00,grid_8129_22778,grid_8128_22777,1,0,1,0.08550041998757323,0.08550041998757323,0.037937707901002884,0.1111111111111111,-1.2315432292494064,0.10905987942865442,36.51504071428571,127.26486828571429,36.509104,127.26208457142856
22,22:00-23:00,grid_8129_22778,grid_8127_22779,1,0,1,0.0831763557498258,0.0831763557498258,0.031297524364581684,0.1111111111111111,-0.1276452433622272,0.44921486247022524,36.5133398,127.26597220000001,36.5053672,127.2730842
22,22:00-23:00,grid_8126_22774,grid_8123_22775,1,0,1,0.08433652338120944,0.08433652338120944,0.03461228902567778,0.1111111111111111,-0.68770613895263,0.2458189266666425,36.500874333333336,127.24450999999999,36.48677333333333,127.2502725
22,22:00-23:00,grid_8146_22783,grid_8150_22782,1,1,0,0.1560767805530579,0.1560767805530579,0.033235246024609956,0.2222222222222222,-0.21089612446547185,0.41648416417319367,36.591145833333336,127.29168316666666,36.608278,127.289019
22,22:00-23:00,grid_8124_22779,grid_8123_22776,1,0,1,0.0831763557498258,0.0831763557498258,0.031297524364581684,0.1111111111111111,1.1674166461156712,0.8784789240164574,36.4916664,127.2695794,36.4878856,127.2576838
22,22:00-23:00,grid_8126_22773,grid_8126_22772,1,0,1,0.0831763557498258,0.0831763557498258,0.031297524364581684,0.1111111111111111,-0.5688087420489905,0.2847429706724508,36.500723199999996,127.23643999999999,36.5000942,127.2335632
22,22:00-23:00,grid_8122_22776,grid_8123_22777,1,0,1,0.010954133527603589,0.010954133527603589,0.031297524364581684,0.0,0.3494669368253521,0.6366306057136373,36.4824842,127.2558668,36.4875312,127.26167219999999
22,22:00-23:00,grid_8150_22783,grid_8147_22782,1,1,0,0.0831763557498258,0.0831763557498258,0.031297524364581684,0.1111111111111111,-0.18113104062188146,0.4281323603311326,36.60916,127.295938,36.594225,127.2891152
22,22:00-23:00,grid_8122_22786,grid_8123_22785,1,0,1,0.08154102345664556,0.08154102345664556,0.02662514638406669,0.1111111111111111,1.1382100996693427,0.8724836187975857,36.4824825,127.31043275,36.48571525,127.303852
22,22:00-23:00,grid_8149_22784,grid_8151_22783,1,1,0,0.08086715966165191,0.08086715966165191,0.02469982125551342,0.1111111111111111,-0.45279217662969223,0.32534919879160956,36.60455366666667,127.29781033333332,36.61266166666667,127.29429166666667
22,22:00-23:00,grid_8126_22770,grid_8127_22772,2,0,2,0.0074958852030361164,0.0074958852030361164,0.021416814865817476,0.0,-0.08664850372494493,0.4654754552278198,36.499258999999995,127.22211250000001,36.50510250000001,127.233548
22,22:00-23:00,grid_8125_22785,grid_8124_22784,1,0,1,0.0074958852030361164,0.0074958852030361164,0.021416814865817476,0.0,0.33681041630161956,0.631870089829809,36.4964755,127.304323,36.4902,127.3003535
22,22:00-23:00,grid_8127_22771,grid_8128_22768,1,0,1,0.006350514382171184,0.006350514382171184,0.018144326806203384,0.0,0.7294403136154677,0.7671338172589789,36.504744,127.227287,36.507729,127.211058
22,22:00-23:00,grid_8134_22778,grid_8133_22778,1,0,1,0.006350514382171184,0.006350514382171184,0.018144326806203384,0.0,0.13581213871064582,0.5540151026621568,36.537076,127.266782,36.534165,127.263916
22,22:00-23:00,grid_8128_22779,grid_8127_22779,1,0,1,0.006350514382171184,0.006350514382171184,0.018144326806203384,0.0,-0.7696253000447083,0.22076109641516578,36.508989,127.269724,36.504809,127.274629
23,23:00-00:00,grid_8123_22775,grid_8123_22776,3,0,3,1.3767238090987002,1.3767238090987002,0.8382585021867623,1.6666666666666667,0.7938707823018051,0.7863646696859034,36.48683560392157,127.24977767450982,36.487664847058824,127.25658410980392
23,23:00-00:00,grid_8123_22775,grid_8124_22774,1,0,1,0.2793888212295762,0.2793888212295762,0.1792061558940272,0.3333333333333333,0.8515216220367816,0.8027601712189664,36.48668444444444,127.24944583333334,36.491627055555554,127.24473598148148
23,23:00-00:00,grid_8123_22775,grid_8122_22776,1,0,1,0.0480922097084243,0.0480922097084243,0.13740631345264087,0.0,-0.5839325383343513,0.27963285029423823,36.486683049999996,127.249752625,36.48270035,127.2545681
23,23:00-00:00,grid_8123_22775,grid_8125_22775,1,0,1,0.2582088649077703,0.2582088649077703,0.1186919949745818,0.3333333333333333,0.46611214488636515,0.6794323847320863,36.48748773529412,127.24930405882354,36.4951034117647,127.24889570588236
23,23:00-00:00,grid_8123_22775,grid_8122_22774,1,0,1,0.2322053553618494,0.2322053553618494,0.044396253414807844,0.3333333333333333,0.4536586067738053,0.6749627179509898,36.4863895,127.24998575000001,36.48309391666667,127.24626608333334
23,23:00-00:00,grid_8129_22777,grid_8129_22777,1,0,1,0.7127319419865685,0.7127319419865685,0.5919325326600371,0.7777777777777778,0.15423879258227322,0.5612892719582614,36.514462615,127.26023842000001,36.51439415,127.26052846500001
23,23:00-00:00,grid_8129_22777,grid_8128_22775,2,0,2,0.6178725390804674,0.6178725390804674,0.5272548735632399,0.6666666666666666,1.2914250672099878,0.9017218384781793,36.513801374269,127.2592953508772,36.51134628070176,127.25024701754386
23,23:00-00:00,grid_8129_22777,grid_8129_22778,1,0,1,1.0113024757506481,1.0113024757506481,0.4132451688113755,1.3333333333333333,2.8588888483088173,0.9978743614140017,36.5145234488189,127.25926370866142,36.51463179527559,127.26548879527559
23,23:00-00:00,grid_8129_22777,grid_8128_22778,2,0,2,0.697515031104172,0.697515031104172,0.34210643807541213,0.8888888888888888,-1.0104039638777438,0.15615089477209337,36.51409285981308,127.25992173831776,36.50993799065421,127.26573695327103
23,23:00-00:00,grid_8129_22777,grid_8127_22779,1,0,1,0.17451924688422177,0.17451924688422177,0.08592800697079242,0.2222222222222222,0.6731912857683738,0.7495871978004907,36.5147304137931,127.25900206896551,36.50600548275862,127.27147796551724
23,23:00-00:00,grid_8129_22777,grid_8133_22778,1,0,1,0.09178884547292329,0.09178884547292329,0.05590463785914592,0.1111111111111111,-1.0891686978175066,0.13803974993197105,36.514555800000004,127.25955206666666,36.531547599999996,127.26587599999999
23,23:00-00:00,grid_8129_22777,grid_8130_22773,1,0,1,0.08474124236703728,0.08474124236703728,0.035768628985185895,0.1111111111111111,0.7288143067401736,0.7669423705484564,36.51468,127.25882544444443,36.518954888888885,127.23838366666668
23,23:00-00:00,grid_8129_22777,grid_8133_22776,2,0,2,0.15464425717355323,0.15464425717355323,0.02914232208316805,0.2222222222222222,0.801848747125317,0.7886797716816805,36.51454114285714,127.259259,36.530564,127.25423185714286
23,23:00-00:00,grid_8125_22775,grid_8124_22776,1,0,1,0.6543115241720765,0.6543115241720765,0.4250170531900601,0.7777777777777778,-1.3942802932441127,0.08161648974206437,36.49545076296296,127.2491430962963,36.49143771851852,127.25604124444443
23,23:00-00:00,grid_8125_22775,grid_8123_22776,1,0,1,0.10455765942595197,0.10455765942595197,0.09238696343922785,0.1111111111111111,2.3576055636904125,0.9908033875676048,36.49547207692308,127.24896169230769,36.48785923076923,127.2562261923077
23,23:00-00:00,grid_8125_22775,grid_8127_22775,1,0,1,0.16589553392279657,0.16589553392279657,0.06128882708100613,0.2222222222222222,0.07444448218842986,0.5296716423471146,36.49572835294117,127.24899752941177,36.50446005882353,127.24980182352941
23,23:00-00:00,grid_8128_22778,grid_8129_22777,1,0,1,0.4219468200582671,0.4219468200582671,0.38016551762679496,0.4444444444444444,0.5222136208563287,0.6992391982982974,36.51007996581196,127.26617884615385,36.51404345299146,127.25967005982905
23,23:00-00:00,grid_8128_22778,grid_8130_22777,2,0,2,0.15628359912763343,0.15628359912763343,0.03382615623768286,0.2222222222222222,-0.03522230095071306,0.48595123983763844,36.509901375,127.264920625,36.517695625,127.26232575
23,23:00-00:00,grid_8128_22778,grid_8128_22774,1,0,1,0.00607974742304441,0.00607974742304441,0.01737070692298403,0.0,-1.168684668538163,0.12126535060199695,36.510116000000004,127.266428,36.511111666666665,127.24190766666668
23,23:00-00:00,grid_8133_22777,grid_8132_22778,2,0,2,0.4227073354814347,0.4227073354814347,0.3823384188358453,0.4444444444444444,2.245338538404753,0.9876267961094576,36.53074722413793,127.25917694827587,36.529259353448275,127.26429103448275
23,23:00-00:00,grid_8133_22777,grid_8133_22776,1,0,1,0.09676738155779047,0.09676738155779047,0.07012902667305217,0.1111111111111111,0.2405376717089615,0.5950432687294389,36.53104704761905,127.25979633333334,36.53073690476191,127.25474414285715
23,23:00-00:00,grid_8132_22778,grid_8133_22777,3,0,3,0.8511465544292067,0.8511465544292067,0.36835523487709826,1.1111111111111112,0.017607262236286614,0.5070239184254833,36.529149587719296,127.2642854736842,36.530680614035084,127.25919527192983
23,23:00-00:00,grid_8132_22778,grid_8132_22776,2,0,2,0.31898555069258816,0.31898555069258816,0.08599046229628375,0.4444444444444444,0.9512722498492697,0.8292669049475008,36.52927496,127.264307,36.52978648,127.25500316
23,23:00-00:00,grid_8150_22782,grid_8150_22781,1,1,0,0.4086261422152831,0.4086261422152831,0.34210643807541213,0.4444444444444444,-1.4362295593655154,0.07546851522949699,36.60862505454545,127.28885344545455,36.60905114545454,127.2846300090909
23,23:00-00:00,grid_8150_22782,grid_8150_22783,1,1,0,0.27012168867048986,0.27012168867048986,0.1527286342966377,0.3333333333333333,-1.8075137894994553,0.035341103306261945,36.60865840909091,127.2880660681818,36.60894284090909,127.29263206818182
23,23:00-00:00,grid_8150_22782,grid_8148_22783,2,2,0,0.33221307459829846,0.33221307459829846,0.12378338774117026,0.4444444444444444,-1.4661019687196188,0.07131025473976388,36.60834305714286,127.28872254285714,36.60116397142857,127.29512514285715
23,23:00-00:00,grid_8150_22782,grid_8151_22783,1,1,0,0.020754472880638676,0.020754472880638676,0.05929849394468193,0.0,-1.102757727761036,0.1350661950177025,36.608266125,127.288137875,36.612145874999996,127.2928274375
23,23:00-00:00,grid_8124_22776,grid_8124_22775,1,0,1,1.133897567161977,1.133897567161977,0.35081844585961725,1.5555555555555556,-0.37638702247138556,0.3533145962330037,36.491389330097086,127.25589008737865,36.49212699029126,127.24963600970875
23,23:00-00:00,grid_8124_22776,grid_8124_22774,1,0,1,0.9632944890411115,0.9632944890411115,0.27607949249841385,1.3333333333333333,1.0173688158694074,0.8455109945055068,36.49125764705882,127.25596667058824,36.49161262352941,127.2450170117647
23,23:00-00:00,grid_8124_22776,grid_8125_22776,1,0,1,1.0225405985615714,1.0225405985615714,0.23900488477909324,1.4444444444444444,0.11350192581646897,0.5451836818156801,36.49128760810811,127.25652095945945,36.495107567567565,127.25612447297297
23,23:00-00:00,grid_8124_22776,grid_8122_22775,1,0,1,0.1856787885797171,0.1856787885797171,0.11781241181506479,0.2222222222222222,0.4177093504011914,0.6619201824825904,36.49048917647059,127.25627779411765,36.483871176470586,127.24993585294118
23,23:00-00:00,grid_8124_22776,grid_8123_22777,1,0,1,0.3229644117356143,0.3229644117356143,0.09735863670492986,0.4444444444444444,1.1481709274611154,0.8745509957687957,36.49103959259259,127.25646788888889,36.48733877777778,127.25999240740741
23,23:00-00:00,grid_8124_22776,grid_8128_22775,1,0,1,0.08406137690541121,0.08406137690541121,0.03382615623768286,0.1111111111111111,-1.3478354198929496,0.0888556614563053,36.491653625,127.25668975,36.5097185,127.24984775
23,23:00-00:00,grid_8124_22776,grid_8127_22778,1,0,1,0.08059464932366334,0.08059464932366334,0.02392122028983179,0.1111111111111111,-1.2183842842014614,0.11153898722165911,36.4912598,127.25681180000001,36.5059212,127.2663302
23,23:00-00:00,grid_8124_22776,grid_8122_22774,1,0,1,0.1516686923975538,0.1516686923975538,0.020640708437455295,0.2222222222222222,-0.2987578095032759,0.3825624222944136,36.4909475,127.25582275,36.48311975,127.24640725
23,23:00-00:00,grid_8123_22776,grid_8124_22776,1,0,1,0.11576877941150038,0.11576877941150038,0.3307679411757154,0.0,0.28000124405449567,0.6102617247828463,36.48754262376238,127.25677698019803,36.49086030693069,127.25622008910891
23,23:00-00:00,grid_8123_22776,grid_8122_22775,1,0,1,0.7494541589408765,0.7494541589408765,0.2841547398310757,1.0,0.4838630005875153,0.6857584498982685,36.4873025,127.2568888409091,36.48367968181818,127.25007542045455
23,23:00-00:00,grid_8123_22776,grid_8125_22774,1,0,1,0.09109576298909236,0.09109576298909236,0.053924402191057576,0.1111111111111111,0.07475865299504225,0.5297966300772885,36.488067799999996,127.25668846666667,36.49637433333333,127.2438632
23,23:00-00:00,grid_8123_22776,grid_8120_22775,1,0,1,0.155124313030158,0.155124313030158,0.030513910244895887,0.2222222222222222,-1.467175148895458,0.0711642076887059,36.48724928571429,127.25699471428571,36.47521342857143,127.24912099999999
23,23:00-00:00,grid_8128_22777,grid_8129_22777,1,0,1,0.6001343247646843,0.6001343247646843,0.2702250548832251,0.7777777777777778,-0.5465799254838257,0.2923336818600258,36.50923409523809,127.26143446428571,36.51411122619048,127.25943565476192
23,23:00-00:00,grid_8121_22776,grid_8122_22777,1,0,1,0.08761025110750414,0.08761025110750414,0.25031500316429756,0.0,2.7309076373776207,0.9968419915088808,36.478744457831326,127.25480815662651,36.48204648192771,127.26022539759036
23,23:00-00:00,grid_8121_22776,grid_8122_22776,1,0,1,0.17975445097822107,0.17975445097822107,0.1008857329536475,0.2222222222222222,0.9866800837094526,0.8381002516660543,36.47888510714286,127.25434796428571,36.48241460714286,127.25492207142858
23,23:00-00:00,grid_8124_22775,grid_8124_22776,2,0,2,0.7431543960319691,0.7431543960319691,0.26615541723419733,1.0,0.5077122460638122,0.694172420488395,36.49245114102564,127.24958782051283,36.49133744871795,127.25584129487179
23,23:00-00:00,grid_8124_22775,grid_8125_22776,1,0,1,0.10190458277216599,0.10190458277216599,0.0848067444284108,0.1111111111111111,1.6798500312209732,0.953506750995158,36.49209796,127.24995564000001,36.495113,127.25601828
23,23:00-00:00,grid_8124_22775,grid_8125_22775,1,0,1,0.16213616184586926,0.16213616184586926,0.050547764004070954,0.2222222222222222,-0.1014953734351084,0.45957861502957176,36.49250953846154,127.24931161538461,36.49540061538461,127.24898261538462
23,23:00-00:00,grid_8124_22775,grid_8125_22777,1,0,1,0.004938913725426662,0.004938913725426662,0.014111182072647607,0.0,1.6321723109455468,0.9486784039826296,36.491020500000005,127.25121,36.4959855,127.260424
23,23:00-00:00,grid_8122_22777,grid_8123_22776,1,0,1,0.3725655393113299,0.3725655393113299,0.23907614406411726,0.4444444444444444,-0.11535770830422731,0.45408079949796787,36.4830967,127.26042071428573,36.48796388571429,127.2570067857143
23,23:00-00:00,grid_8122_22777,grid_8122_22775,1,0,1,0.24533900442834097,0.24533900442834097,0.08192096503335515,0.3333333333333333,-0.4856876776098795,0.3135943108112697,36.48314239130435,127.26004113043479,36.48351756521739,127.24994386956521
23,23:00-00:00,grid_8121_22782,grid_8120_22780,1,0,1,0.2909170842492853,0.2909170842492853,0.2121440502360533,0.3333333333333333,0.9441958417427754,0.8274652101195464,36.478210626865675,127.28825225373133,36.47386874626866,127.27798073134328
23,23:00-00:00,grid_8121_22782,grid_8120_22781,1,0,1,0.1950998381753574,0.1950998381753574,0.14472969637403704,0.2222222222222222,1.0263389047089269,0.8476340674454007,36.47768529268293,127.28830385365853,36.47438641463415,127.28276380487806
23,23:00-00:00,grid_8121_22782,grid_8122_22782,1,0,1,0.1523398868360089,0.1523398868360089,0.022558406833041375,0.2222222222222222,-0.6224429546028282,0.2668253215079015,36.478830800000004,127.28922480000001,36.4808584,127.28920980000001
23,23:00-00:00,grid_8125_22776,grid_8124_22776,1,0,1,0.2217870297799514,0.2217870297799514,0.22097881524430565,0.2222222222222222,0.5786537691889835,0.7185885919489543,36.49559055384615,127.25614199999998,36.49140515384615,127.25632766153848
23,23:00-00:00,grid_8125_22776,grid_8125_22776,1,0,1,0.1218118011564584,0.1218118011564584,0.1416845112406748,0.1111111111111111,0.8207535502818182,0.7941066692754645,36.495515976190475,127.25613726190477,36.496007547619044,127.25591830952382
23,23:00-00:00,grid_8149_22782,grid_8150_22782,1,1,0,0.36111311306838856,0.36111311306838856,0.20635492622714205,0.4444444444444444,-0.25879351150047053,0.39789728222516574,36.603776238095236,127.28968712698412,36.60868260317461,127.28844515873017
23,23:00-00:00,grid_8149_22782,grid_8151_22782,1,1,0,0.1185108425387276,0.1185108425387276,0.13225320090430112,0.1111111111111111,1.0448082324968926,0.85194419537889,36.60365128947368,127.2898362368421,36.61158494736842,127.28822415789473
23,23:00-00:00,grid_8149_22782,grid_8149_22784,1,1,0,0.08059464932366334,0.08059464932366334,0.02392122028983179,0.1111111111111111,0.4923300394608252,0.6887569761864606,36.6028968,127.2910734,36.6045958,127.2986608
23,23:00-00:00,grid_8122_22776,grid_8123_22776,1,0,1,0.5810646837890259,0.5810646837890259,0.21574036638134397,0.7777777777777778,0.05714938310640441,0.5227869006783381,36.482914822580646,127.25396772580645,36.4874384032258,127.25677640322581
23,23:00-00:00,grid_8129_22774,grid_8130_22774,1,0,1,0.3554003093604366,0.3554003093604366,0.19003262991870778,0.4444444444444444,0.24148497680190115,0.5954103706093627,36.51304364912281,127.2435240877193,36.51767496491228,127.24310754385965
23,23:00-00:00,grid_8129_22774,grid_8129_22777,1,0,1,0.12256259650302874,0.12256259650302874,0.14382964080230437,0.1111111111111111,-0.36006979246982634,0.35939747096522057,36.51304628571428,127.24373697619046,36.51381921428571,127.25956714285715
23,23:00-00:00,grid_8129_22774,grid_8128_22775,1,0,1,0.4046498317729776,0.4046498317729776,0.1243963447481898,0.5555555555555556,-0.5115550611111799,0.30448122178756304,36.51347057142857,127.24411788571427,36.51133157142857,127.24935211428573
23,23:00-00:00,grid_8129_22774,grid_8127_22775,1,0,1,0.1647054524229064,0.1647054524229064,0.057888594224177074,0.2222222222222222,0.6151509146370757,0.7307724697724161,36.51310225,127.2437975,36.5056395625,127.24977475
23,23:00-00:00,grid_8129_22774,grid_8125_22776,1,0,1,0.0835797780680941,0.0835797780680941,0.032450159559633936,0.1111111111111111,0.7195705002515251,0.7641052597396083,36.512518125,127.24489975,36.494976375,127.255973625
23,23:00-00:00,grid_8129_22774,grid_8124_22777,1,0,1,0.07602395733441894,0.07602395733441894,0.010862100320562057,0.1111111111111111,1.1185194916413566,0.8683274067399614,36.512071,127.241951,36.489846,127.259509
23,23:00-00:00,grid_8124_22777,grid_8123_22775,1,0,1,0.3447907231391658,0.3447907231391658,0.15971952642936274,0.4444444444444444,1.8754016145722152,0.9696312534059424,36.49034392982456,127.25994738596492,36.4867457368421,127.24994392982457
23,23:00-00:00,grid_8124_22777,grid_8123_22777,1,0,1,0.4872285968095495,0.4872285968095495,0.15398646707490335,0.6666666666666666,1.2250844218253454,0.8897282929928412,36.49043719148936,127.26003719148936,36.48671155319149,127.26134863829787
23,23:00-00:00,grid_8124_22777,grid_8124_22777,1,0,1,0.2622120902657115,0.2622120902657115,0.13012978171155673,0.3333333333333333,2.8823438380675372,0.9980263562981782,36.49070513157894,127.2597019736842,36.49096273684211,127.26065786842106
23,23:00-00:00,grid_8124_22777,grid_8125_22776,1,0,1,0.25167371921984544,0.25167371921984544,0.10002015015193934,0.3333333333333333,-0.15650015790337324,0.43781939739381937,36.49106548387096,127.26015819354838,36.49506129032258,127.25624903225805
23,23:00-00:00,grid_8124_22777,grid_8120_22776,1,0,1,0.15281687154588555,0.15281687154588555,0.02392122028983179,0.2222222222222222,1.8306680158250934,0.9664249451074272,36.4901134,127.2590952,36.4743148,127.25429260000001
23,23:00-00:00,grid_8120_22776,grid_8122_22777,1,0,1,0.13850658433052088,0.13850658433052088,0.18938389173799625,0.1111111111111111,-1.0967199277229402,0.13638192121405762,36.47482834545455,127.25441469090909,36.48195289090909,127.26037421818182
23,23:00-00:00,grid_8120_22776,grid_8120_22775,1,0,1,0.08242203495133103,0.08242203495133103,0.02914232208316805,0.1111111111111111,-0.7501679673433526,0.2265767743085088,36.47415085714285,127.25402071428572,36.47529971428572,127.25053185714286
23,23:00-00:00,grid_8122_22784,grid_8121_22782,2,0,2,0.49583049522548833,0.49583049522548833,0.17856331969187136,0.6666666666666666,-0.4616049874089774,0.32218230868092623,36.48253444444444,127.29883933333333,36.478228333333334,127.28937301851853
23,23:00-00:00,grid_8122_22784,grid_8122_22783,1,0,1,0.020754472880638676,0.020754472880638676,0.05929849394468193,0.0,2.013550398465701,0.9779716207151244,36.4834775625,127.298873625,36.4832876875,127.2942319375
23,23:00-00:00,grid_8126_22777,grid_8127_22775,1,0,1,0.3462467464542756,0.3462467464542756,0.16387959304396213,0.4444444444444444,0.4399279515762897,0.6700053546784128,36.50129704,127.2596319,36.5048174,127.25026882
23,23:00-00:00,grid_8126_22777,grid_8124_22776,1,0,1,0.19736247793557632,0.19736247793557632,0.15119438140323402,0.2222222222222222,0.8942693271082606,0.8144110964530296,36.50106777777778,127.25986544444444,36.49165544444445,127.2564012888889
23,23:00-00:00,grid_8126_22777,grid_8126_22774,1,0,1,0.09248323020068419,0.09248323020068419,0.057888594224177074,0.1111111111111111,0.9772405167316587,0.8357749531459356,36.5013275,127.25938775,36.5015504375,127.244155375
23,23:00-00:00,grid_8151_22782,grid_8151_22781,1,1,0,0.2027903002625362,0.2027903002625362,0.1667024451945479,0.2222222222222222,0.10982885313022152,0.5437274460144739,36.611630857142856,127.28944100000001,36.61204228571429,127.28469273469388
23,23:00-00:00,grid_8151_22782,grid_8149_22782,1,1,0,0.2613750414823027,0.2613750414823027,0.12773821375896002,0.3333333333333333,-0.10478882483816106,0.4582716888569345,36.611514794871795,127.28832928205128,36.60405582051282,127.2899921025641
23,23:00-00:00,grid_8151_22782,grid_8149_22783,2,2,0,0.11693059703785821,0.11693059703785821,0.12773821375896002,0.1111111111111111,-0.42813218010563764,0.33427744458672876,36.61183560526316,127.28825715789473,36.60394244736842,127.29359468421052
23,23:00-00:00,grid_8126_22776,grid_8126_22777,1,0,1,0.05116839024608583,0.05116839024608583,0.14619540070310238,0.0,1.5762475938580671,0.942515623028652,36.50056702083334,127.25490914583332,36.50121725,127.25947258333333
23,23:00-00:00,grid_8126_22776,grid_8129_22777,1,0,1,0.01720232894995471,0.01720232894995471,0.049149511285584896,0.0,0.3384704250570989,0.6324956446660717,36.500458692307696,127.255503,36.51403953846154,127.25959230769232
23,23:00-00:00,grid_8123_22777,grid_8123_22776,1,0,1,0.2716392293789359,0.2716392293789359,0.15706446489219783,0.3333333333333333,2.462160678671747,0.993094860920484,36.48756006382978,127.26059019148937,36.487639531914894,127.2570979148936
23,23:00-00:00,grid_8127_22773,grid_8128_22772,1,0,1,0.1150685029077571,0.1150685029077571,0.12241794481581394,0.1111111111111111,0.4569618661473055,0.6761507724217,36.506141904761904,127.23817985714285,36.51000333333333,127.2332105952381
23,23:00-00:00,grid_8127_22773,grid_8129_22774,2,0,2,0.09897345851974497,0.09897345851974497,0.07643210370720786,0.1111111111111111,-1.1604748981808959,0.12292775399654615,36.50549961904762,127.23850442857143,36.51290338095238,127.24329619047619
23,23:00-00:00,grid_8120_22781,grid_8121_22782,1,0,1,0.18767374121406255,0.18767374121406255,0.12351227648462322,0.2222222222222222,-1.01508835698751,0.15503185556558374,36.47443230555555,127.28250833333333,36.47756841666667,127.28850183333333
23,23:00-00:00,grid_8128_22775,grid_8129_22776,1,0,1,0.18200366819670444,0.18200366819670444,0.10731206786360006,0.2222222222222222,0.36980745273149096,0.6442370190844268,36.511336,127.25068820588234,36.51439026470588,127.25751138235294
23,23:00-00:00,grid_8121_22777,grid_8120_22776,1,0,1,0.328138401293945,0.328138401293945,0.1121414640144461,0.4444444444444444,0.2694814861284803,0.6062204063190075,36.4796299375,127.2616416875,36.4747584375,127.25463021875
23,23:00-00:00,grid_8127_22775,grid_8126_22776,3,0,3,0.4003606235161673,0.4003606235161673,0.1121414640144461,0.5555555555555556,-0.01759362467330572,0.49298152133237394,36.5043229375,127.25002284375,36.50012721875,127.25537171875
23,23:00-00:00,grid_8127_22775,grid_8127_22772,1,0,1,0.2338689956166214,0.2338689956166214,0.049149511285584896,0.3333333333333333,0.5232992228058827,0.6996169791224527,36.50458576923077,127.24878076923076,36.50543084615385,127.23460376923077
23,23:00-00:00,grid_8127_22775,grid_8126_22773,1,0,1,0.08756163999161533,0.08756163999161533,0.04382690791255176,0.1111111111111111,0.10921849900304337,0.5434854060006837,36.50418863636364,127.2499200909091,36.501909,127.23886127272726
23,23:00-00:00,grid_8127_22775,grid_8130_22774,1,0,1,0.15628359912763343,0.15628359912763343,0.03382615623768286,0.2222222222222222,-1.601010596562122,0.05468728608283285,36.50438675,127.24943175,36.517804625,127.24427375
23,23:00-00:00,grid_8126_22775,grid_8126_22775,2,0,2,0.256954414080321,0.256954414080321,0.11510784975329806,0.3333333333333333,-0.7071303201187824,0.2397427476890614,36.5011104375,127.249284125,36.50128375,127.24882025
23,23:00-00:00,grid_8126_22775,grid_8128_22775,1,0,1,0.09706210329387788,0.09706210329387788,0.07097108877615903,0.1111111111111111,1.010375424592101,0.8438422713015241,36.501849736842104,127.24937778947368,36.51078478947369,127.24920847368422
23,23:00-00:00,grid_8126_22775,grid_8127_22772,1,0,1,0.38186558399174986,0.38186558399174986,0.05929849394468193,0.5555555555555556,0.9734774546256916,0.8348419699802856,36.502128,127.248661125,36.5054590625,127.234566125
23,23:00-00:00,grid_8127_22777,grid_8128_22778,1,0,1,0.3263748744670885,0.3263748744670885,0.10710281593771337,0.4444444444444444,0.588313128603445,0.7218389324745981,36.504962451612904,127.2616402580645,36.50948925806452,127.2659214516129
23,23:00-00:00,grid_8127_22777,grid_8126_22775,1,0,1,0.03305381346330869,0.03305381346330869,0.09443946703802485,0.0,-0.3566967983397411,0.3606594013200338,36.50497371428572,127.26067825,36.501265107142856,127.24910167857142
23,23:00-00:00,grid_8127_22777,grid_8124_22776,1,0,1,0.1726127788244232,0.1726127788244232,0.08048095537136792,0.2222222222222222,1.5120114445133264,0.9347345244359145,36.504823782608696,127.2612383478261,36.49160560869565,127.25628386956522
23,23:00-00:00,grid_8127_22777,grid_8126_22778,1,0,1,0.0801176646137867,0.0801176646137867,0.022558406833041375,0.1111111111111111,0.006065983594562507,0.5024199624871968,36.5044704,127.26151300000001,36.501894,127.26538980000001
23,23:00-00:00,grid_8130_22774,grid_8129_22775,1,0,1,0.0367592972561538,0.0367592972561538,0.10502656358901087,0.0,0.25486730406603686,0.6005872049677382,36.51759763333334,127.2442497,36.51222013333334,127.24839
23,23:00-00:00,grid_8130_22774,grid_8126_22774,1,0,1,0.00380173511219672,0.00380173511219672,0.010862100320562057,0.0,0.3886896636279997,0.6512471352323224,36.51753,127.243453,36.501939,127.243954
23,23:00-00:00,grid_8123_22778,grid_8123_22777,1,0,1,0.1787294576480498,0.1787294576480498,0.09795718058172959,0.2222222222222222,-0.08295161884636398,0.46694500476503636,36.488160344827584,127.26551796551725,36.48723727586207,127.2611774137931
23,23:00-00:00,grid_8150_22783,grid_8149_22783,1,1,0,0.10753222875599884,0.10753222875599884,0.1008857329536475,0.1111111111111111,-0.026177120266703574,0.4895580325052058,36.609060392857145,127.29306057142857,36.603684071428574,127.29358857142857
23,23:00-00:00,grid_8130_22773,grid_8129_22771,2,0,2,0.5363663871473917,0.5363663871473917,0.08803094740524608,0.7777777777777778,0.594487746575926,0.7239070322625294,36.51857026923077,127.23794657692308,36.51446276923077,127.22885211538461
23,23:00-00:00,grid_8128_22774,grid_8130_22773,1,0,1,0.24777715032077144,0.24777715032077144,0.08888709615458502,0.3333333333333333,-0.03097357218833735,0.48764530794795563,36.511396423076924,127.24269026923078,36.51859488461538,127.23775669230768
23,23:00-00:00,grid_8128_22774,grid_8130_22774,1,0,1,0.09656320081589079,0.09656320081589079,0.06954565312476733,0.1111111111111111,-0.547619818238789,0.29197648924758934,36.51140131578948,127.2430725263158,36.51794073684211,127.24356252631578
23,23:00-00:00,grid_8121_22775,grid_8121_22776,1,0,1,0.17606285262606472,0.17606285262606472,0.09033830909034371,0.2222222222222222,0.07799648453660774,0.5310845752956727,36.47761072,127.24977948,36.47930312,127.25387868
23,23:00-00:00,grid_8121_22775,grid_8125_22776,1,0,1,0.07602395733441894,0.07602395733441894,0.010862100320562057,0.1111111111111111,1.3991404244372945,0.9191145612400842,36.478992,127.251213,36.495055,127.256808
23,23:00-00:00,grid_8127_22772,grid_8128_22773,1,0,1,0.02938383136424688,0.02938383136424688,0.08395380389784823,0.0,1.1679694968611052,0.8785904654342733,36.50498970833333,127.23454908333333,36.510021583333334,127.24016270833333
23,23:00-00:00,grid_8127_22772,grid_8129_22773,1,0,1,0.08290209080793577,0.08290209080793577,0.030513910244895887,0.1111111111111111,0.3293788564585304,0.6290653264530517,36.50538314285714,127.23426842857143,36.51401128571428,127.24009542857142
23,23:00-00:00,grid_8130_22777,grid_8130_22776,1,0,1,0.0286723377616743,0.0286723377616743,0.08192096503335515,0.0,0.49627860369896415,0.6901510700214444,36.517613652173914,127.26184995652173,36.5184127826087,127.25638513043478
23,23:00-00:00,grid_8130_22777,grid_8128_22775,1,0,1,0.008372427101441126,0.008372427101441126,0.02392122028983179,0.0,-1.8066720694981542,0.03540671254527655,36.517151999999996,127.26044119999999,36.511657,127.25076340000001
23,23:00-00:00,grid_8127_22774,grid_8127_22773,1,0,1,0.24462884515555436,0.24462884515555436,0.07989193853967912,0.3333333333333333,0.15314710555295444,0.5608588654332597,36.504366454545455,127.2439394090909,36.50526895454545,127.23864545454545
23,23:00-00:00,grid_8127_22774,grid_8125_22774,1,0,1,0.15281687154588555,0.15281687154588555,0.02392122028983179,0.2222222222222222,0.7490722676606858,0.7730931755118584,36.505391200000005,127.2442252,36.4960028,127.2429838
23,23:00-00:00,grid_8127_22774,grid_8124_22774,1,0,1,0.07944647017533157,0.07944647017533157,0.020640708437455295,0.1111111111111111,1.0413277305722697,0.8511382645668033,36.50548475,127.24497099999999,36.493023,127.24530125000001
23,23:00-00:00,grid_8130_22775,grid_8128_22774,1,0,1,0.027962178488887688,0.027962178488887688,0.07989193853967912,0.0,0.3943991933240911,0.6533568303695696,36.51831022727273,127.25099772727272,36.51126322727273,127.24300618181819
23,23:00-00:00,grid_8126_22774,grid_8124_22776,1,0,1,0.23980830492753197,0.23980830492753197,0.0661189664596151,0.3333333333333333,0.3583284722602854,0.6399512434749289,36.50082172222223,127.24400894444446,36.491111833333335,127.25673827777779
23,23:00-00:00,grid_8126_22774,grid_8129_22775,1,0,1,0.00380173511219672,0.00380173511219672,0.010862100320562057,0.0,0.34489106936876407,0.6349118676146739,36.500639,127.245148,36.512611,127.248707
23,23:00-00:00,grid_8128_22773,grid_8130_22773,2,0,2,0.23574140601324856,0.23574140601324856,0.05449925527594823,0.3333333333333333,1.139434172246427,0.8727389450919621,36.5108788,127.240343,36.5182364,127.23837186666667
23,23:00-00:00,grid_8128_22773,grid_8128_22775,1,0,1,0.08059464932366334,0.08059464932366334,0.02392122028983179,0.1111111111111111,0.4427434776470482,0.6710243546432471,36.51093,127.2403996,36.510434,127.2487928
23,23:00-00:00,grid_8120_22780,grid_8120_22780,1,0,1,0.0912969615688041,0.0912969615688041,0.05449925527594823,0.1111111111111111,1.1469272995139137,0.8742941655719062,36.47405713333333,127.27819833333334,36.47285846666667,127.27731546666668
23,23:00-00:00,grid_8120_22780,grid_8119_22781,2,0,2,0.29908870161799767,0.29908870161799767,0.02914232208316805,0.4444444444444444,0.8882199820382217,0.8127887838738541,36.47315185714286,127.278189,36.47043971428572,127.28129128571427
23,23:00-00:00,grid_8120_22780,grid_8119_22778,1,0,1,0.07716113594764888,0.07716113594764888,0.014111182072647607,0.1111111111111111,1.030636732418848,0.8486443980677176,36.473652,127.2768695,36.4680005,127.266261
23,23:00-00:00,grid_8122_22783,grid_8122_22784,1,0,1,0.09011449358899554,0.09011449358899554,0.05112077533363808,0.1111111111111111,-0.4302904682302904,0.3334921799485766,36.4831775,127.29424114285715,36.483375714285714,127.29852135714285
23,23:00-00:00,grid_8125_22773,grid_8123_22775,1,0,1,0.3794936904492605,0.3794936904492605,0.05252165525185535,0.5555555555555556,-0.49964940748818326,0.30866098100986106,36.495582142857145,127.23928371428572,36.487627357142856,127.24876814285714
23,23:00-00:00,grid_8125_22773,grid_8126_22775,1,0,1,0.07830196964526663,0.07830196964526663,0.01737070692298403,0.1111111111111111,-1.4603683786564379,0.07209442925738907,36.49780366666667,127.240718,36.50086133333333,127.247857
23,23:00-00:00,grid_8151_22783,grid_8149_22783,1,1,0,0.08942455117217693,0.08942455117217693,0.049149511285584896,0.1111111111111111,0.5415184084556643,0.7059248435609278,36.61290861538461,127.29358215384615,36.60442923076923,127.293295
23,23:00-00:00,grid_8129_22776,grid_8128_22777,1,0,1,0.08873590266821155,0.08873590266821155,0.04718194413139808,0.1111111111111111,1.9950633740716048,0.9769820158214918,36.51445075,127.25730874999999,36.50961291666667,127.25951425
23,23:00-00:00,grid_8129_22776,grid_8127_22774,1,0,1,0.07830196964526663,0.07830196964526663,0.01737070692298403,0.1111111111111111,-1.0705500769149106,0.1421858905134864,36.51446833333333,127.25784833333334,36.50586366666666,127.24384300000001
23,23:00-00:00,grid_8125_22774,grid_8126_22775,1,0,1,0.016025859932153125,0.016025859932153125,0.04578817123472322,0.0,0.5914422902618218,0.7228879441638967,36.49653375,127.24423533333334,36.50203425,127.24882233333334
23,23:00-00:00,grid_8125_22774,grid_8125_22773,1,0,1,0.007224247953109352,0.007224247953109352,0.020640708437455295,0.0,2.272109579025184,0.9884600536524465,36.496013500000004,127.24417075,36.495023,127.23995975
23,23:00-00:00,grid_8127_22790,grid_8126_22789,1,0,1,0.016513680445989328,0.016513680445989328,0.04718194413139808,0.0,0.24369948936937785,0.5962682155635992,36.503275333333335,127.33464533333334,36.50165325,127.32744683333334
23,23:00-00:00,grid_8147_22782,grid_8147_22782,1,1,0,0.08610480792119345,0.08610480792119345,0.03966453056848924,0.1111111111111111,0.9743234986513167,0.8350520296840728,36.59406009090909,127.2887589090909,36.59492090909091,127.28787763636363
23,23:00-00:00,grid_8147_22782,grid_8146_22783,1,1,0,0.15744661136668997,0.15744661136668997,0.037149048349272976,0.2222222222222222,1.3652263546302703,0.9139090412492508,36.59471133333333,127.28798,36.591484,127.29211877777779
23,23:00-00:00,grid_8122_22775,grid_8122_22774,1,0,1,0.08756163999161533,0.08756163999161533,0.04382690791255176,0.1111111111111111,0.49289128137411314,0.6889552959818553,36.48416372727273,127.2505189090909,36.48309718181818,127.24629090909092
23,23:00-00:00,grid_8122_22775,grid_8126_22775,1,0,1,0.15628359912763343,0.15628359912763343,0.03382615623768286,0.2222222222222222,-0.3643654528031076,0.35779256481096156,36.483810875,127.25056,36.501746625,127.2484995
23,23:00-00:00,grid_8122_22775,grid_8124_22775,1,0,1,0.010199812729108818,0.010199812729108818,0.02914232208316805,0.0,-0.36926203530549384,0.35596621021864383,36.48396057142857,127.25099771428572,36.49235142857143,127.248299
23,23:00-00:00,grid_8122_22775,grid_8125_22776,1,0,1,0.008372427101441126,0.008372427101441126,0.02392122028983179,0.0,0.4869504595684573,0.6868532805909243,36.484025,127.250223,36.4956176,127.25623639999999
23,23:00-00:00,grid_8123_22783,grid_8125_22785,1,0,1,0.012519020144815063,0.012519020144815063,0.035768628985185895,0.0,0.6566069256767053,0.7442831527271707,36.48619233333333,127.29645544444445,36.495542888888885,127.30329733333332
23,23:00-00:00,grid_8129_22772,grid_8127_22772,1,0,1,0.08522438914446775,0.08522438914446775,0.037149048349272976,0.1111111111111111,0.6662324254035716,0.7473687248711337,36.51428766666666,127.23193344444445,36.50574255555556,127.23453622222223
23,23:00-00:00,grid_8127_22779,grid_8127_22775,1,0,1,0.011839154683189001,0.011839154683189001,0.03382615623768286,0.0,-0.5390627124010074,0.29492179160867255,36.504298125,127.271308125,36.506386,127.251509625
23,23:00-00:00,grid_8123_22774,grid_8120_22776,1,0,1,0.010199812729108818,0.010199812729108818,0.02914232208316805,0.0,-0.5301825775356449,0.2979926747192241,36.487451428571426,127.24490114285713,36.472872,127.25334171428572
23,23:00-00:00,grid_8149_22783,grid_8146_22782,1,1,0,0.15464425717355323,0.15464425717355323,0.02914232208316805,0.2222222222222222,0.24230320710506564,0.5957273855505528,36.603761000000006,127.29396628571429,36.59089371428571,127.29043514285715
23,23:00-00:00,grid_8123_22784,grid_8125_22785,1,0,1,0.155124313030158,0.155124313030158,0.030513910244895887,0.2222222222222222,0.9488522361960219,0.8286521149320594,36.487517000000004,127.30123142857143,36.496183571428574,127.30602871428572
23,23:00-00:00,grid_8150_22781,grid_8151_22781,1,1,0,0.009524296691740985,0.009524296691740985,0.027212276262117103,0.0,0.6073945098563245,0.7282054344609341,36.60853,127.28436066666666,36.611882,127.28482216666667
23,23:00-00:00,grid_8124_22784,grid_8123_22784,1,0,1,0.0817465189139632,0.0817465189139632,0.027212276262117103,0.1111111111111111,0.4215004494991063,0.6633051584865859,36.49024633333333,127.30067866666667,36.4868605,127.30023366666667
23,23:00-00:00,grid_8124_22774,grid_8123_22777,2,0,2,0.08059464932366334,0.08059464932366334,0.02392122028983179,0.1111111111111111,-0.7129162663513297,0.23794878646264395,36.492116599999996,127.24472,36.487524,127.26121559999999
23,23:00-00:00,grid_8123_22785,grid_8123_22784,1,0,1,0.08059464932366334,0.08059464932366334,0.02392122028983179,0.1111111111111111,1.375795798122392,0.9155575686392623,36.4859692,127.303767,36.4862072,127.300296
23,23:00-00:00,grid_8126_22778,grid_8124_22775,1,0,1,0.07944647017533157,0.07944647017533157,0.020640708437455295,0.1111111111111111,0.36041239788936774,0.6407306217121437,36.5014945,127.26392525,36.489836249999996,127.249943
23,23:00-00:00,grid_8131_22778,grid_8132_22777,1,0,1,0.15052419186748883,0.15052419186748883,0.01737070692298403,0.2222222222222222,0.4704736390936597,0.6809916682594097,36.52444466666667,127.26641833333333,36.526949333333334,127.263149
23,23:00-00:00,grid_8126_22785,grid_8125_22786,1,0,1,0.00607974742304441,0.00607974742304441,0.01737070692298403,0.0,0.680741486290922,0.7519824596541907,36.49918733333333,127.30709666666667,36.497775999999995,127.31232966666668
23,23:00-00:00,grid_8122_22774,grid_8122_22777,1,0,1,0.004938913725426662,0.004938913725426662,0.014111182072647607,0.0,2.7972375048475584,0.997422918514311,36.4815395,127.246386,36.4817925,127.2609435
23,23:00-00:00,grid_8126_22773,grid_8124_22774,1,0,1,0.07716113594764888,0.07716113594764888,0.014111182072647607,0.1111111111111111,1.176346091517941,0.8802716978062193,36.499763,127.2405315,36.4929555,127.24414999999999
23,23:00-00:00,grid_8124_22785,grid_8126_22787,1,0,1,0.004938913725426662,0.004938913725426662,0.014111182072647607,0.0,0.4058294458482561,0.6575660393138749,36.492422000000005,127.304055,36.5008035,127.31506200000001
23,23:00-00:00,grid_8131_22780,grid_8131_22780,1,0,1,0.14891094338016037,0.14891094338016037,0.012761425530616927,0.2222222222222222,0.27872505059260083,0.6097720817660187,36.523287499999995,127.2776545,36.5228295,127.2786555
23,23:00-00:00,grid_8119_22781,grid_8122_22784,2,0,2,0.07716113594764888,0.07716113594764888,0.014111182072647607,0.1111111111111111,2.126463926794114,0.9832676750967178,36.469233,127.28058949999999,36.481317000000004,127.300804
23,23:00-00:00,grid_8128_22776,grid_8125_22776,1,0,1,0.07716113594764888,0.07716113594764888,0.014111182072647607,0.1111111111111111,2.778384776198939,0.9972685057644299,36.5100015,127.2556785,36.4945625,127.256745
23,23:00-00:00,grid_8129_22773,grid_8131_22775,1,0,1,0.07602395733441894,0.07602395733441894,0.010862100320562057,0.1111111111111111,-0.7030572436373501,0.24101003812305388,36.512828,127.241061,36.521188,127.247491
23,23:00-00:00,grid_8125_22777,grid_8129_22776,1,0,1,0.07602395733441894,0.07602395733441894,0.010862100320562057,0.1111111111111111,0.33803276547071565,0.6323307518279396,36.495652,127.258665,36.513667,127.257806
23,23:00-00:00,grid_8125_22778,grid_8123_22774,1,0,1,0.00380173511219672,0.00380173511219672,0.010862100320562057,0.0,1.141138484423389,0.8730938507282592,36.496689,127.266401,36.486245,127.246479
23,23:00-00:00,grid_8133_22795,grid_8135_22795,1,0,1,0.00380173511219672,0.00380173511219672,0.010862100320562057,0.0,1.125826069978919,0.8698804264769455,36.53381,127.360461,36.542721,127.363987
23,23:00-00:00,grid_8148_22783,grid_8151_22784,1,1,0,0.00380173511219672,0.00380173511219672,0.010862100320562057,0.0,-1.2532744793176933,0.10505291641329251,36.601446,127.295048,36.610719,127.298299
0,00:00-01:00,grid_8123_22776,grid_8123_22775,1,0,1,0.7649840621022859,0.7649840621022859,0.7412243044192297,0.7777777777777778,0.22165891185043063,0.587710290996661,36.4874826302521,127.25658496218487,36.48677772268908,127.24978823529412
0,00:00-01:00,grid_8123_22776,grid_8123_22776,1,0,1,0.3078838771286118,0.3078838771286118,0.2606206013198433,0.3333333333333333,0.23346540751693196,0.5922999858976206,36.4875495308642,127.25625320987653,36.48752739506173,127.25545916049383
0,00:00-01:00,grid_8123_22776,grid_8124_22774,1,0,1,0.5404142727448916,0.5404142727448916,0.09959633482667454,0.7777777777777778,0.4352344056490393,0.6683038542976194,36.48792059375,127.25644284375,36.491384625,127.2451521875
0,00:00-01:00,grid_8129_22777,grid_8129_22777,2,0,2,0.9248842300727935,0.9248842300727935,0.5790343081444891,1.1111111111111112,-1.1064233964279842,0.13427165172147842,36.514462615,127.26023842000001,36.51439415,127.26052846500001
0,00:00-01:00,grid_8129_22777,grid_8128_22775,1,0,1,0.46909712799853054,0.46909712799853054,0.5148806831704048,0.4444444444444444,-0.6916280190215626,0.24458548059151197,36.513801374269,127.2592953508772,36.51134628070176,127.25024701754386
0,00:00-01:00,grid_8129_22777,grid_8129_22778,2,0,2,1.007294816136874,1.007294816136874,0.40179471277202067,1.3333333333333333,-0.3751622077310777,0.3537699173909389,36.5145234488189,127.25926370866142,36.51463179527559,127.26548879527559
0,00:00-01:00,grid_8129_22777,grid_8128_22778,1,0,1,0.6214868834219074,0.6214868834219074,0.3312323653324338,0.7777777777777778,-1.2711016775422062,0.10184623931458064,36.51409285981308,127.25992173831776,36.50993799065421,127.26573695327103
0,00:00-01:00,grid_8129_22777,grid_8130_22777,1,0,1,0.1328149876544813,0.1328149876544813,0.17312218694931172,0.1111111111111111,-0.10185154281305706,0.45943725654409917,36.514741629629626,127.2591458888889,36.517423685185186,127.26173181481481
0,00:00-01:00,grid_8150_22782,grid_8151_22782,1,1,0,0.296455956588079,0.296455956588079,0.43431860612467027,0.2222222222222222,0.22924497830076074,0.5906607421850879,36.60853252941177,127.28864840522877,36.61146690849673,127.28833963398694
0,00:00-01:00,grid_8150_22782,grid_8150_22782,1,1,0,0.7354534479079088,0.7354534479079088,0.45050191465751727,0.8888888888888888,-0.16040316864828164,0.4362817468595296,36.60864115602837,127.28858044680851,36.60864920567376,127.28828578014183
0,00:00-01:00,grid_8150_22782,grid_8150_22781,1,1,0,0.5492646611996852,0.5492646611996852,0.3312323653324338,0.6666666666666666,0.4719124310656492,0.6815053526720427,36.60862505454545,127.28885344545455,36.60905114545454,127.2846300090909
0,00:00-01:00,grid_8150_22782,grid_8149_22782,1,1,0,0.3766999298772315,0.3766999298772315,0.2508886885381218,0.4444444444444444,0.6003246568905418,0.7258550553753657,36.60860547560976,127.28799259756097,36.60363220731707,127.28990746341464
0,00:00-01:00,grid_8150_22782,grid_8150_22783,1,1,0,0.33907502018976543,0.33907502018976543,0.143388946573933,0.4444444444444444,-1.6343650389091997,0.0510911123017761,36.60865840909091,127.2880660681818,36.60894284090909,127.29263206818182
0,00:00-01:00,grid_8123_22775,grid_8123_22775,2,0,2,0.22930702223589278,0.22930702223589278,0.44881371432477307,0.1111111111111111,0.7380934230377889,0.7697711599276333,36.486928618705036,127.2492119352518,36.48672185611511,127.24928810791367
0,00:00-01:00,grid_8123_22775,grid_8125_22774,1,0,1,0.09662307694799924,0.09662307694799924,0.06971672778793436,0.1111111111111111,-1.0751895702308658,0.14114493200213607,36.48693995652174,127.24931369565218,36.49590234782609,127.24404295652174
0,00:00-01:00,grid_8124_22776,grid_8123_22775,4,0,4,1.5243249327749786,1.5243249327749786,0.4345791730078754,2.111111111111111,0.13737902406690228,0.5546343948964458,36.49082116788321,127.25572233576642,36.48714151824817,127.24963825547447
0,00:00-01:00,grid_8124_22776,grid_8126_22775,1,0,1,0.27224381807054987,0.27224381807054987,0.158791861153952,0.3333333333333333,-0.5740993689355317,0.2829502801876316,36.492016163265305,127.25641775510205,36.501432244897956,127.24901367346939
0,00:00-01:00,grid_8124_22776,grid_8124_22777,1,0,1,0.1852205604317493,0.1852205604317493,0.1165031885351568,0.2222222222222222,0.13405625641962748,0.5533209551709128,36.491268702702705,127.25624951351351,36.49062394594595,127.26026313513513
0,00:00-01:00,grid_8124_22776,grid_8121_22775,1,0,1,0.312090211446439,0.312090211446439,0.06628949302157178,0.4444444444444444,-1.2939234197772875,0.09784593702926225,36.49038133333333,127.25645166666668,36.47797385714286,127.25047804761905
0,00:00-01:00,grid_8124_22776,grid_8126_22773,1,0,1,0.2244242192447518,0.2244242192447518,0.0221644359373861,0.3333333333333333,-1.5250067605349502,0.06362870571593288,36.490761285714285,127.25469799999999,36.50079542857143,127.23909042857143
0,00:00-01:00,grid_8124_22776,grid_8128_22778,2,0,2,0.22280336932362094,0.22280336932362094,0.017533436162726505,0.3333333333333333,-0.23027286382567774,0.40893987278975874,36.49234766666667,127.25663916666667,36.509063,127.26621966666666
0,00:00-01:00,grid_8150_22781,grid_8150_22782,1,1,0,0.1707017516196463,0.1707017516196463,0.2813700839926402,0.1111111111111111,2.15943998255361,0.9845919755868187,36.60898307,127.28455935,36.60873978,127.28914721
0,00:00-01:00,grid_8128_22774,grid_8127_22773,1,0,1,0.29327604250111594,0.29327604250111594,0.21888393095556932,0.3333333333333333,-1.1639957692571714,0.12221286315251934,36.510773621212124,127.2420207878788,36.505009242424244,127.23879434848483
0,00:00-01:00,grid_8128_22774,grid_8129_22775,1,0,1,0.25451958430188654,0.25451958430188654,0.10815119324348535,0.3333333333333333,-1.4674498449828774,0.07112686176236405,36.51109005882353,127.24302879411765,36.51235088235294,127.24877985294118
0,00:00-01:00,grid_8128_22774,grid_8129_22774,1,0,1,0.1807507548932086,0.1807507548932086,0.10373231556789765,0.2222222222222222,-1.96265830544596,0.02484294546640975,36.51068796969697,127.24291754545456,36.51377836363636,127.24410093939396
0,00:00-01:00,grid_8128_22774,grid_8130_22773,1,0,1,0.17246707827919414,0.17246707827919414,0.08006466809928486,0.2222222222222222,-0.6972038892805151,0.24283760265788545,36.511396423076924,127.24269026923078,36.51859488461538,127.23775669230768
0,00:00-01:00,grid_8128_22774,grid_8129_22773,1,0,1,0.15566277659514438,0.15566277659514438,0.032052377573428464,0.2222222222222222,0.5795538471603352,0.7188922378515599,36.5110547,127.2422278,36.5145958,127.2394075
0,00:00-01:00,grid_8128_22774,grid_8131_22777,1,0,1,0.07428533455241917,0.07428533455241917,0.005894606657705614,0.1111111111111111,-0.6449066670113472,0.25949383548987387,36.5116635,127.2415905,36.5252005,127.261086
0,00:00-01:00,grid_8126_22777,grid_8126_22775,1,0,1,0.14158364258820083,0.14158364258820083,0.1981754867599389,0.1111111111111111,0.8910009749764694,0.8135356764089428,36.501222578125,127.259533953125,36.501455765624996,127.249646265625
0,00:00-01:00,grid_8126_22777,grid_8126_22777,1,0,1,0.08622429262987225,0.08622429262987225,0.04000591545042864,0.1111111111111111,1.2705131679458743,0.8980490523260538,36.5006115,127.259824625,36.500721125,127.2595535625
0,00:00-01:00,grid_8126_22777,grid_8125_22775,1,0,1,0.15634147558323608,0.15634147558323608,0.03399151753940469,0.2222222222222222,-0.4146708438604564,0.33919143947905195,36.50093290909091,127.25938236363636,36.49634654545454,127.24887190909091
0,00:00-01:00,grid_8126_22777,grid_8125_22774,1,0,1,0.07428533455241917,0.07428533455241917,0.005894606657705614,0.1111111111111111,1.0025249033680912,0.8419549274684183,36.4998905,127.2587355,36.4970145,127.24365399999999
0,00:00-01:00,grid_8149_22782,grid_8150_22782,1,1,0,0.21324770528056025,0.21324770528056025,0.19658074524604524,0.2222222222222222,-0.37505384433556904,0.35381021123896844,36.603776238095236,127.28968712698412,36.60868260317461,127.28844515873017
0,00:00-01:00,grid_8128_22775,grid_8128_22774,2,0,2,0.06602358687597737,0.06602358687597737,0.18863881964564963,0.0,-1.0020394129336934,0.15816227890888634,36.51063091935484,127.24921898387096,36.51110772580645,127.24315827419356
0,00:00-01:00,grid_8128_22775,grid_8130_22775,1,0,1,0.32622558402091745,0.32622558402091745,0.10667627180579595,0.4444444444444444,0.9409564786925793,0.8266364187078372,36.51160212121212,127.24944196969699,36.51810654545454,127.25127584848484
0,00:00-01:00,grid_8122_22776,grid_8123_22776,1,0,1,0.2165059942430425,0.2165059942430425,0.20589014228170877,0.2222222222222222,0.15615473351727127,0.5620444718192115,36.482914822580646,127.25396772580645,36.4874384032258,127.25677640322581
0,00:00-01:00,grid_8122_22776,grid_8123_22775,1,0,1,0.1269178204253338,0.1269178204253338,0.15627313772317597,0.1111111111111111,-0.1642342170395893,0.4347733827543606,36.482891,127.2547556862745,36.48638401960785,127.24985139215686
0,00:00-01:00,grid_8122_22776,grid_8126_22775,1,0,1,0.07315736963685972,0.07315736963685972,0.00267184975610713,0.1111111111111111,-0.1758358864906262,0.4302114377564842,36.48462,127.256726,36.502011,127.248501
0,00:00-01:00,grid_8129_22775,grid_8129_22774,2,0,2,0.20933747251365958,0.20933747251365958,0.185408651626329,0.2222222222222222,-0.8058325962310384,0.21016969017455933,36.51270058064516,127.24882187096775,36.51365880645161,127.2444438548387
0,00:00-01:00,grid_8129_22775,grid_8129_22773,1,0,1,0.2255741125243432,0.2255741125243432,0.025449845307647188,0.3333333333333333,-0.6915606211742177,0.24460664928131282,36.512453625,127.2482595,36.51538575,127.239505125
0,00:00-01:00,grid_8129_22775,grid_8131_22772,2,0,2,0.07883356563083882,0.07883356563083882,0.01888955259604743,0.1111111111111111,-0.5053039428379643,0.306672686966742,36.513162666666666,127.2492055,36.522087,127.23359216666667
0,00:00-01:00,grid_8127_22774,grid_8128_22774,1,0,1,0.1412539153310451,0.1412539153310451,0.19723340888235108,0.1111111111111111,0.26189353679518623,0.603298238673979,36.50515158333334,127.24330068333333,36.51086015,127.24308115000001
0,00:00-01:00,grid_8127_22774,grid_8128_22775,1,0,1,0.09732654479175484,0.09732654479175484,0.07172663591295037,0.1111111111111111,0.031573066115468895,0.5125937385980467,36.50475630434782,127.24376691304349,36.5110972173913,127.24892417391305
0,00:00-01:00,grid_8127_22774,grid_8130_22774,1,0,1,0.07428533455241917,0.07428533455241917,0.005894606657705614,0.1111111111111111,-0.0898001204290309,0.4642230262449052,36.5052595,127.2415035,36.517999,127.2435925
0,00:00-01:00,grid_8123_22777,grid_8124_22777,2,0,2,0.7864609146688892,0.7864609146688892,0.18353912127619104,1.1111111111111112,0.6944613702630826,0.7563035407957641,36.486896894736844,127.26158424561405,36.490681105263164,127.25989275438597
0,00:00-01:00,grid_8123_22777,grid_8123_22775,1,0,1,0.12691782042533378,0.12691782042533378,0.15627313772317594,0.1111111111111111,1.0784623284879322,0.8595862576640977,36.48802421568627,127.26035684313726,36.48667474509804,127.25039478431373
0,00:00-01:00,grid_8124_22777,grid_8123_22775,1,0,1,0.12483534110170094,0.12483534110170094,0.15032319679851067,0.1111111111111111,-0.5224866288335869,0.30066577692608654,36.49034392982456,127.25994738596492,36.4867457368421,127.24994392982457
0,00:00-01:00,grid_8124_22777,grid_8127_22775,1,0,1,0.231578185384523,0.231578185384523,0.04260433919387521,0.3333333333333333,0.7893793145650265,0.7850548289124724,36.490665285714286,127.2588525,36.50493685714286,127.24915535714285
0,00:00-01:00,grid_8126_22776,grid_8124_22776,3,0,3,0.27980341031974704,0.27980341031974704,0.1803906961516582,0.3333333333333333,1.879546536383428,0.969915047236614,36.499626785714284,127.25554271428572,36.49160292857143,127.25636525
0,00:00-01:00,grid_8120_22776,grid_8122_22777,1,0,1,0.20735596941635226,0.20735596941635226,0.17974721420545095,0.2222222222222222,0.3581579331985969,0.6398874368680628,36.47482834545455,127.25441469090909,36.48195289090909,127.26037421818182
0,00:00-01:00,grid_8127_22775,grid_8128_22775,1,0,1,0.05730129925927007,0.05730129925927007,0.16371799788362879,0.0,-1.1976420335064557,0.11552820242447515,36.50480371153846,127.24986261538461,36.51078046153846,127.24959803846153
0,00:00-01:00,grid_8127_22775,grid_8124_22776,1,0,1,0.24036537282702594,0.24036537282702594,0.06771058902959794,0.3333333333333333,0.33306886625228943,0.6304588499793988,36.50458145454545,127.24960690909091,36.491761272727274,127.25655645454545
0,00:00-01:00,grid_8125_22775,grid_8124_22774,1,0,1,0.26227535806537183,0.26227535806537183,0.1303105468534434,0.3333333333333333,-0.8844900145098037,0.18821587522529432,36.49496595,127.248870775,36.491971925,127.2447406
0,00:00-01:00,grid_8125_22775,grid_8126_22776,1,0,1,0.01795111602312058,0.01795111602312058,0.051288902923201665,0.0,-2.1544579596261495,0.015602137732750099,36.49582129411765,127.24956376470588,36.49979999999999,127.255215
0,00:00-01:00,grid_8125_22775,grid_8125_22777,1,0,1,0.07721790870431713,0.07721790870431713,0.014273389948842646,0.1111111111111111,-0.10658312511543916,0.4575598532620092,36.4957666,127.2493626,36.495480199999996,127.2606258
0,00:00-01:00,grid_8125_22775,grid_8127_22778,1,0,1,0.0031947027157616637,0.0031947027157616637,0.009127722045033326,0.0,-0.9529393362419396,0.17031040404134518,36.495502333333334,127.24951266666666,36.505156,127.26570299999999
0,00:00-01:00,grid_8126_22775,grid_8127_22775,1,0,1,0.0441262396252028,0.0441262396252028,0.12607497035772228,0.0,0.9885404415350049,0.8385559807757738,36.50158587179487,127.24907994871795,36.50445817948718,127.2495671025641
0,00:00-01:00,grid_8127_22772,grid_8129_22771,1,0,1,0.2610078787170395,0.2610078787170395,0.12668917728677956,0.3333333333333333,-2.3037206126409586,0.010619165994512347,36.50577623076923,127.23369148717948,36.51325571794872,127.22903274358974
0,00:00-01:00,grid_8127_22772,grid_8127_22772,1,0,1,0.08112966807989873,0.08112966807989873,0.025449845307647188,0.1111111111111111,-1.5338357702362024,0.0625350302953887,36.505664125,127.234258625,36.5047915,127.23409137499999
0,00:00-01:00,grid_8127_22772,grid_8128_22777,1,0,1,0.07315736963685972,0.07315736963685972,0.00267184975610713,0.1111111111111111,-0.5017620713383442,0.3079174480265505,36.505625,127.235409,36.508098,127.258385
0,00:00-01:00,grid_8127_22777,grid_8127_22775,1,0,1,0.3332301009392617,0.3332301009392617,0.12668917728677956,0.4444444444444444,0.48753073511032124,0.6870588662581383,36.50471438461538,127.2611405128205,36.505240410256405,127.25069584615386
0,00:00-01:00,grid_8127_22777,grid_8126_22775,1,0,1,0.24661688497991524,0.24661688497991524,0.08557205232356738,0.3333333333333333,0.031573696812977364,0.512593990084567,36.50497371428572,127.26067825,36.501265107142856,127.24910167857142
0,00:00-01:00,grid_8127_22777,grid_8128_22773,1,0,1,0.07541692493798388,0.07541692493798388,0.009127722045033326,0.1111111111111111,1.3444974838982806,0.9106062152442571,36.50452433333333,127.26025666666668,36.50884766666667,127.239285
0,00:00-01:00,grid_8121_22775,grid_8122_22777,1,0,1,0.18375621761324457,0.18375621761324457,0.11231935191085754,0.2222222222222222,0.31867364201764536,0.6250129980037287,36.47766071428571,127.25040988571429,36.48179502857143,127.26080782857142
0,00:00-01:00,grid_8125_22776,grid_8124_22777,1,0,1,0.25348782637470507,0.25348782637470507,0.10520331345153831,0.3333333333333333,-0.48819327332502677,0.3127064743599425,36.49516644117647,127.25625405882353,36.49096705882353,127.25981164705884
0,00:00-01:00,grid_8125_22776,grid_8125_22777,1,0,1,0.09115476460024712,0.09115476460024712,0.054092978222928294,0.1111111111111111,0.6026762161873658,0.726637946666371,36.495453705882355,127.25663770588235,36.49538805882353,127.26074576470589
0,00:00-01:00,grid_8125_22776,grid_8123_22778,1,0,1,0.08112966807989873,0.08112966807989873,0.025449845307647188,0.1111111111111111,0.42064482152556437,0.6629927704784956,36.495700625,127.256504,36.488685000000004,127.26599125
0,00:00-01:00,grid_8121_22776,grid_8120_22776,1,0,1,0.03311508322016444,0.03311508322016444,0.09461452348618413,0.0,1.1095505312061114,0.8664036208787236,36.4783455483871,127.25482632258066,36.4745799032258,127.25479690322581
0,00:00-01:00,grid_8149_22783,grid_8150_22781,3,3,0,0.3222129386032339,0.3222129386032339,0.09521157061241442,0.4444444444444444,-1.3213303756270967,0.09319561497796458,36.60376238709677,127.2933095483871,36.608797354838714,127.28486187096775
0,00:00-01:00,grid_8149_22783,grid_8148_22783,1,1,0,0.023404881684857045,0.023404881684857045,0.066871090528163,0.0,-0.3873367918039441,0.34925344563492977,36.604366181818186,127.29269072727271,36.600865636363636,127.2952415909091
0,00:00-01:00,grid_8130_22774,grid_8130_22773,1,0,1,0.030871742581988444,0.030871742581988444,0.08820497880568128,0.0,-1.1568586870803845,0.12366504995587702,36.518254551724134,127.24370755172414,36.5194415862069,127.23695396551724
0,00:00-01:00,grid_8130_22774,grid_8130_22777,1,0,1,0.0031947027157616637,0.0031947027157616637,0.009127722045033326,0.0,0.792751949360313,0.7860388215635781,36.517783333333334,127.24433333333333,36.517160999999994,127.25886700000001
0,00:00-01:00,grid_8121_22781,grid_8120_22780,1,0,1,0.1729708874786675,0.1729708874786675,0.08150412295492314,0.2222222222222222,-2.1910410287227395,0.014224411769543255,36.47745753571429,127.28317157142858,36.47373467857143,127.27725446428572
0,00:00-01:00,grid_8124_22774,grid_8125_22776,1,0,1,0.17469363762140963,0.17469363762140963,0.08642626621990054,0.2222222222222222,-0.8361526541158752,0.20153451493983016,36.491975269230764,127.24463750000001,36.49462538461539,127.25621715384615
0,00:00-01:00,grid_8151_22782,grid_8151_22783,1,1,0,0.10095512892028927,0.10095512892028927,0.08209401913733444,0.1111111111111111,0.8388867000444235,0.7992335540696698,36.61203330769231,127.28857076923077,36.611318,127.29310453846155
0,00:00-01:00,grid_8123_22774,grid_8123_22775,1,0,1,0.0997417174149038,0.0997417174149038,0.07862712912194739,0.1111111111111111,0.3016906309285825,0.6185560444318718,36.4875055,127.24588776923078,36.486785653846155,127.24954253846155
0,00:00-01:00,grid_8130_22772,grid_8128_22772,1,0,1,0.461355967168083,0.461355967168083,0.08006466809928486,0.6666666666666666,-1.8271360740483797,0.033839656259504636,36.519217680000004,127.23438847999999,36.5109366,127.23236332
0,00:00-01:00,grid_8130_22772,grid_8129_22775,1,0,1,0.08948328547169536,0.08948328547169536,0.04931732356992327,0.1111111111111111,0.03563952310922633,0.5142151032783566,36.519153187499995,127.235020875,36.5123138125,127.24852225000001
0,00:00-01:00,grid_8130_22772,grid_8127_22773,1,0,1,0.22394805291744022,0.22394805291744022,0.02080396071649582,0.3333333333333333,-1.503552252872924,0.0663483465454967,36.519506285714286,127.23479871428572,36.505888285714285,127.2381622857143
0,00:00-01:00,grid_8132_22778,grid_8129_22777,1,0,1,0.45391794211786923,0.45391794211786923,0.05881316795581686,0.6666666666666666,0.11736039043727442,0.5467127645205692,36.529235954545456,127.2653054090909,36.51515190909091,127.25893918181818
0,00:00-01:00,grid_8132_22778,grid_8134_22777,1,0,1,0.0031947027157616637,0.0031947027157616637,0.009127722045033326,0.0,1.2638430494205422,0.896856816917174,36.52871533333333,127.26437933333334,36.53494633333333,127.26339666666667
0,00:00-01:00,grid_8121_22777,grid_8121_22777,1,0,1,0.09612475880306452,0.09612475880306452,0.06829296165954946,0.1111111111111111,2.0159788700312844,0.9780989073239141,36.47865622727273,127.26040163636362,36.478683909090904,127.26028522727273
0,00:00-01:00,grid_8121_22777,grid_8124_22774,1,0,1,0.1499132509903005,0.1499132509903005,0.01562516155958879,0.2222222222222222,0.6945358058784695,0.7563268729367388,36.479839399999996,127.2618622,36.491272,127.2462436
0,00:00-01:00,grid_8121_22782,grid_8123_22783,1,0,1,0.31428837318833863,0.31428837318833863,0.07256995514128509,0.4444444444444444,-0.35866635640747146,0.3599223498434135,36.47810477272728,127.28914327272727,36.48584231818182,127.29628531818183
0,00:00-01:00,grid_8121_22782,grid_8119_22781,1,0,1,0.45583475691913106,0.45583475691913106,0.06428978167370777,0.6666666666666666,0.1362380620966116,0.5541834567673785,36.47785080952381,127.28893633333333,36.46967638095238,127.28152042857143
0,00:00-01:00,grid_8121_22782,grid_8122_22785,1,0,1,0.08810705985686465,0.08810705985686465,0.04538525038469269,0.1111111111111111,0.7145364516705386,0.7625522378216828,36.47779807142857,127.28895592857143,36.481993,127.30526457142857
0,00:00-01:00,grid_8127_22773,grid_8129_22774,1,0,1,0.0959209283825815,0.0959209283825815,0.06771058902959794,0.1111111111111111,1.8587065124448943,0.9684656250663914,36.50549961904762,127.23850442857143,36.51290338095238,127.24329619047619
0,00:00-01:00,grid_8122_22775,grid_8121_22776,2,0,2,0.23698689818274832,0.23698689818274832,0.058057804331661876,0.3333333333333333,2.128191036447611,0.9833393761449867,36.48348847368421,127.25058131578949,36.479087368421055,127.2541012631579
0,00:00-01:00,grid_8125_22777,grid_8125_22776,1,0,1,0.09135599536182894,0.09135599536182894,0.0546679232560192,0.1111111111111111,0.08388140183714143,0.5334246366878642,36.495173944444446,127.26033733333333,36.49662611111111,127.256813
0,00:00-01:00,grid_8129_22771,grid_8127_22773,1,0,1,0.08810705985686465,0.08810705985686465,0.04538525038469269,0.1111111111111111,1.643643841952156,0.9498751038544213,36.51359657142857,127.22919578571428,36.50593807142857,127.23777578571428
0,00:00-01:00,grid_8129_22771,grid_8130_22773,1,0,1,0.08528245162478704,0.08528245162478704,0.0373149411501852,0.1111111111111111,1.5382474141217428,0.9380059340355212,36.51451675,127.22903983333333,36.518627333333335,127.23732916666667
0,00:00-01:00,grid_8129_22771,grid_8128_22774,1,0,1,0.012379348961140714,0.012379348961140714,0.03536956846040204,0.0,2.3248147384012974,0.9899590657120765,36.51514918181818,127.2287619090909,36.511224181818186,127.24238881818182
0,00:00-01:00,grid_8151_22783,grid_8151_22782,2,2,0,0.08713374094007854,0.08713374094007854,0.04260433919387521,0.1111111111111111,1.353018780609544,0.9119751846811006,36.611537999999996,127.2938127857143,36.612163,127.28859171428572
0,00:00-01:00,grid_8129_22774,grid_8131_22772,1,0,1,0.08644938860450543,0.08644938860450543,0.04064904680652347,0.1111111111111111,-0.8248005714525422,0.20474241109864483,36.51252953846154,127.24258046153847,36.522388,127.23270661538461
0,00:00-01:00,grid_8129_22774,grid_8129_22771,1,0,1,0.2308938330489499,0.2308938330489499,0.04064904680652347,0.3333333333333333,0.8174063596214192,0.7931518787312333,36.512409,127.24314030769231,36.514400461538465,127.229236
0,00:00-01:00,grid_8129_22774,grid_8129_22772,1,0,1,0.08411925336101386,0.08411925336101386,0.03399151753940469,0.1111111111111111,0.28879896480264833,0.6136323878302978,36.513175454545454,127.24298827272727,36.513974000000005,127.23207372727273
0,00:00-01:00,grid_8129_22773,grid_8127_22773,1,0,1,0.15798854192041115,0.15798854192041115,0.038697421359904935,0.2222222222222222,-0.6860968059022116,0.24632603249241264,36.514381416666666,127.23969083333333,36.50592266666667,127.23814091666667
0,00:00-01:00,grid_8129_22773,grid_8131_22772,1,0,1,0.07883356563083882,0.07883356563083882,0.01888955259604743,0.1111111111111111,-1.779560333213344,0.03757397138426627,36.51260933333334,127.24087616666667,36.522073,127.23335833333334
0,00:00-01:00,grid_8126_22774,grid_8126_22777,1,0,1,0.08460157118336292,0.08460157118336292,0.03536956846040204,0.1111111111111111,-1.2135274725280039,0.11246410869869689,36.50135718181818,127.24400890909091,36.50081027272727,127.25946127272728
0,00:00-01:00,grid_8132_22779,grid_8133_22778,1,0,1,0.08344055437292218,0.08344055437292218,0.032052377573428464,0.1111111111111111,-0.2080019594452688,0.41761371869961045,36.5277022,127.2706615,36.530674399999995,127.2669114
0,00:00-01:00,grid_8124_22775,grid_8122_22775,1,0,1,0.1545054795331882,0.1545054795331882,0.02874581453926786,0.2222222222222222,0.0023468641258955203,0.5009362624667237,36.49159333333333,127.24972944444445,36.48413933333333,127.25021855555555
0,00:00-01:00,grid_8128_22778,grid_8127_22775,1,0,1,0.008907445857676515,0.008907445857676515,0.025449845307647188,0.0,-1.5436183375967876,0.06134040997905549,36.509411125,127.266102875,36.504320625,127.24969125
0,00:00-01:00,grid_8119_22779,grid_8119_22780,1,0,1,0.08065197127347971,0.08065197127347971,0.02408499728930713,0.1111111111111111,0.334073874984073,0.6308380933009841,36.469131125000004,127.273928375,36.46986225,127.27904525
0,00:00-01:00,grid_8149_22784,grid_8150_22783,1,1,0,0.0077575525780851345,0.0077575525780851345,0.0221644359373861,0.0,-0.6310810520742707,0.2639937648020003,36.60411371428571,127.29814442857143,36.60809328571428,127.29360728571429
0,00:00-01:00,grid_8123_22778,grid_8126_22777,1,0,1,0.0066113434086166,0.0066113434086166,0.01888955259604743,0.0,-1.917592448282217,0.027581354218254417,36.48866866666666,127.265556,36.50180016666667,127.260041
0,00:00-01:00,grid_8123_22778,grid_8123_22774,1,0,1,0.07315736963685972,0.07315736963685972,0.00267184975610713,0.1111111111111111,-1.6364208669161848,0.05087576745636524,36.485393,127.266016,36.486401,127.245146
0,00:00-01:00,grid_8129_22772,grid_8130_22774,1,0,1,0.07883356563083882,0.07883356563083882,0.01888955259604743,0.1111111111111111,-0.006499743534106872,0.49740699575012254,36.51370816666667,127.23310516666668,36.51804683333334,127.24252783333333
0,00:00-01:00,grid_8127_22779,grid_8125_22778,1,0,1,0.07883356563083882,0.07883356563083882,0.01888955259604743,0.1111111111111111,1.0781348724721391,0.859513214447457,36.503986833333336,127.270315,36.49566716666667,127.26585916666666
0,00:00-01:00,grid_8128_22776,grid_8128_22777,1,0,1,0.0066113434086166,0.0066113434086166,0.01888955259604743,0.0,1.7176985799146136,0.9570741957360915,36.50945466666666,127.257112,36.5087165,127.25985916666667
0,00:00-01:00,grid_8131_22772,grid_8129_22777,1,0,1,0.07578198903106477,0.07578198903106477,0.010170762310978725,0.1111111111111111,-0.3594643029015534,0.3596238889143414,36.5220312,127.234183,36.5143052,127.25865519999999
0,00:00-01:00,grid_8152_22782,grid_8150_22781,1,1,0,0.004329930224205349,0.004329930224205349,0.012371229212015283,0.0,0.7536273802403803,0.7744635006754572,36.6180255,127.28981075,36.608779999999996,127.283749
0,00:00-01:00,grid_8125_22778,grid_8125_22778,2,0,2,0.14830277042070142,0.14830277042070142,0.01102378850359139,0.2222222222222222,1.5127387851800214,0.9348269882354341,36.4966305,127.26476725,36.4965035,127.26606075
0,00:00-01:00,grid_8128_22773,grid_8125_22776,1,0,1,0.0031947027157616637,0.0031947027157616637,0.009127722045033326,0.0,-1.381780352024189,0.08351957683427264,36.50888366666667,127.24000799999999,36.494627666666666,127.25631566666668
0,00:00-01:00,grid_8125_22786,grid_8122_22785,1,0,1,0.07428533455241917,0.07428533455241917,0.005894606657705614,0.1111111111111111,-1.1387889632761308,0.12739559310342924,36.496458000000004,127.3104735,36.481608,127.3075035
0,00:00-01:00,grid_8119_22781,grid_8122_22777,1,0,1,0.07315736963685972,0.07315736963685972,0.00267184975610713,0.1111111111111111,1.226274541877158,0.8899523108717475,36.47043,127.281147,36.482524,127.262937
1,01:00-02:00,grid_8123_22775,grid_8124_22776,2,0,2,0.7459004487551026,0.7459004487551026,0.4803504885066425,0.8888888888888888,-0.24174979530960528,0.404487021308984,36.48684029677419,127.24985213548388,36.49064255483871,127.25561443225806
1,01:00-02:00,grid_8150_22782,grid_8151_22782,1,1,0,0.5076088390598786,0.5076088390598786,0.4185649369964785,0.5555555555555556,-0.823977213427807,0.2049762527224387,36.60853252941177,127.28864840522877,36.61146690849673,127.28833963398694
1,01:00-02:00,grid_8129_22778,grid_8129_22777,1,0,1,0.14111908196898626,0.14111908196898626,0.4031973770542465,0.0,0.37938182733415066,0.6477978283055829,36.51453657364341,127.2655159767442,36.514442209302324,127.25940521705428
1,01:00-02:00,grid_8129_22777,grid_8129_22778,1,0,1,0.4241282819846572,0.4241282819846572,0.3863982659879095,0.4444444444444444,1.9849447806532878,0.9764246922866932,36.5145234488189,127.25926370866142,36.51463179527559,127.26548879527559
1,01:00-02:00,grid_8129_22777,grid_8130_22777,2,0,2,0.3449719571412964,0.3449719571412964,0.16023733786402158,0.4444444444444444,2.076546773812632,0.9810782950896129,36.514741629629626,127.2591458888889,36.517423685185186,127.26173181481481
1,01:00-02:00,grid_8129_22777,grid_8129_22775,1,0,1,0.03308242825557501,0.03308242825557501,0.09452122358735718,0.0,0.3480622682336397,0.6361032898679195,36.51426478787879,127.25882575757576,36.51319715151515,127.25012493939393
1,01:00-02:00,grid_8129_22777,grid_8127_22779,1,0,1,0.09507688231732006,0.09507688231732006,0.06529902884313668,0.1111111111111111,0.5500235770385891,0.7088483987597323,36.5147304137931,127.25900206896551,36.50600548275862,127.27147796551724
1,01:00-02:00,grid_8129_22777,grid_8132_22777,1,0,1,0.08758893148742802,0.08758893148742802,0.043904883614873734,0.1111111111111111,2.1503485308299557,0.984236171854127,36.515330705882356,127.25864970588236,36.52772523529411,127.26222082352942
1,01:00-02:00,grid_8129_22777,grid_8131_22777,1,0,1,0.29422121149951835,0.29422121149951835,0.015235207458941366,0.4444444444444444,0.16058258872168907,0.5637889154494489,36.514869499999996,127.25894009999999,36.523115000000004,127.26162690000001
1,01:00-02:00,grid_8129_22777,grid_8133_22777,1,0,1,0.07832856942745031,0.07832856942745031,0.017446706300651708,0.1111111111111111,1.3372239629406741,0.9094252289010059,36.51509688888889,127.25961555555556,36.530515333333334,127.25911255555555
1,01:00-02:00,grid_8128_22778,grid_8129_22777,1,0,1,0.19610367812572976,0.19610367812572976,0.3539470168671644,0.1111111111111111,-1.5324872338146012,0.06270112275595796,36.51007996581196,127.26617884615385,36.51404345299146,127.25967005982905
1,01:00-02:00,grid_8128_22778,grid_8127_22779,1,0,1,0.09729457262749575,0.09729457262749575,0.07163528687221007,0.1111111111111111,-1.615990076982642,0.053048229318881035,36.50937596153846,127.26609757692307,36.50584103846154,127.27166973076922
1,01:00-02:00,grid_8128_22778,grid_8125_22776,1,0,1,0.0026945448065276395,0.0026945448065276395,0.007698699447221827,0.0,-0.1140596408894538,0.45459525763766695,36.51029583333334,127.26625433333334,36.497302,127.25623883333333
1,01:00-02:00,grid_8124_22776,grid_8125_22775,2,0,2,0.34357186007147467,0.34357186007147467,0.3625862668708799,0.3333333333333333,0.3829324114858238,0.6491150605921181,36.491381146551724,127.2563919913793,36.49579745689655,127.24914803448276
1,01:00-02:00,grid_8124_22776,grid_8124_22775,1,0,1,0.3304717709167521,0.3304717709167521,0.32515744071452984,0.3333333333333333,0.005310497740214332,0.5021185721207646,36.491389330097086,127.25589008737865,36.49212699029126,127.24963600970875
1,01:00-02:00,grid_8124_22776,grid_8124_22774,1,0,1,0.5214767299264909,0.5214767299264909,0.2518382759804501,0.6666666666666666,-0.7862534178657854,0.21585951837498324,36.49125764705882,127.25596667058824,36.49161262352941,127.2450170117647
1,01:00-02:00,grid_8124_22776,grid_8125_22774,1,0,1,0.41094850872160427,0.41094850872160427,0.1423925646014089,0.5555555555555556,-0.10724094835253806,0.45729891531822336,36.491784145833336,127.25589672916668,36.496234083333334,127.24379649999999
1,01:00-02:00,grid_8124_22776,grid_8127_22775,1,0,1,0.31637620605912425,0.31637620605912425,0.07853519191495824,0.4444444444444444,0.3083686818794473,0.6210990950903968,36.492011142857145,127.25629325,36.50486746428572,127.24943110714285
1,01:00-02:00,grid_8124_22776,grid_8125_22777,1,0,1,0.09749915228922425,0.09749915228922425,0.07221980019143437,0.1111111111111111,0.7387493653860061,0.7699703981651621,36.491429000000004,127.2565021851852,36.49595711111111,127.26047037037038
1,01:00-02:00,grid_8124_22776,grid_8122_22776,1,0,1,0.16951679484971796,0.16951679484971796,0.07163528687221007,0.2222222222222222,-1.3221308587391747,0.09306228981083497,36.490150923076925,127.25668273076923,36.48303076923077,127.2535335
1,01:00-02:00,grid_8124_22776,grid_8127_22773,1,0,1,0.2922461172010969,0.2922461172010969,0.00959208089202292,0.4444444444444444,0.8710498381954148,0.808136529319506,36.49154814285714,127.25604242857142,36.505198428571425,127.23826899999999
1,01:00-02:00,grid_8122_22775,grid_8123_22775,1,0,1,0.2946107580931703,0.2946107580931703,0.22269740407572455,0.3333333333333333,-0.7450992460994144,0.228105862424905,36.483427569444444,127.24996948611111,36.48656019444444,127.24952426388889
1,01:00-02:00,grid_8127_22772,grid_8128_22772,1,0,1,0.21199725364964106,0.21199725364964106,0.19300802630056185,0.2222222222222222,0.4436869841262284,0.6713655464487068,36.505864676923075,127.23438895384615,36.51021643076923,127.23227610769231
1,01:00-02:00,grid_8127_22774,grid_8128_22774,1,0,1,0.13665153018504317,0.13665153018504317,0.18408373703663133,0.1111111111111111,-0.0035309588473332043,0.4985913541525306,36.50515158333334,127.24330068333333,36.51086015,127.24308115000001
1,01:00-02:00,grid_8127_22774,grid_8129_22774,1,0,1,0.07718765050755277,0.07718765050755277,0.014186937958087297,0.1111111111111111,-0.21729919746396958,0.4139875912424619,36.505835,127.24420125,36.5122105,127.242500375
1,01:00-02:00,grid_8121_22782,grid_8122_22784,1,0,1,0.4951113389619225,0.4951113389619225,0.17650858751025467,0.6666666666666666,0.22996817136988928,0.590941748764114,36.47806520338983,127.28942172881356,36.48258149152542,127.29929052542373
1,01:00-02:00,grid_8121_22782,grid_8121_22783,1,0,1,0.17528372327386382,0.17528372327386382,0.08811222522691257,0.2222222222222222,0.4183687667307812,0.6621612406394737,36.47837028125,127.28822646875,36.47864609375,127.29448725
1,01:00-02:00,grid_8121_22782,grid_8122_22777,1,0,1,0.07222222222222222,0.07222222222222222,0.0,0.1111111111111111,0.4899925503966725,0.6879304148159862,36.478572,127.29039,36.483018,127.260147
1,01:00-02:00,grid_8151_22781,grid_8150_22782,2,2,0,0.27754964105986024,0.27754964105986024,0.17395135540912451,0.3333333333333333,-0.3103734921935341,0.3781384748269226,36.611808389830514,127.28470047457627,36.609099084745765,127.28833798305084
1,01:00-02:00,grid_8130_22777,grid_8129_22777,1,0,1,0.1265884121607528,0.1265884121607528,0.1553319712529446,0.1111111111111111,-0.43730938322041124,0.3309434956648014,36.51740046551724,127.26197729310344,36.5148275,127.25918701724139
1,01:00-02:00,grid_8124_22777,grid_8123_22775,1,0,1,0.2648577318724267,0.2648577318724267,0.13768875773074304,0.3333333333333333,-1.1513532433774003,0.12479347056439621,36.49034392982456,127.25994738596492,36.4867457368421,127.24994392982457
1,01:00-02:00,grid_8124_22777,grid_8124_22774,1,0,1,0.08525150604353943,0.08525150604353943,0.03722652520376347,0.1111111111111111,-0.19260086365291962,0.42363578424772275,36.490899266666666,127.25942586666666,36.491298066666666,127.24505773333334
1,01:00-02:00,grid_8126_22776,grid_8124_22776,1,0,1,0.20304354943313208,0.20304354943313208,0.1674260142533933,0.2222222222222222,0.23692592821862646,0.5936428726154641,36.499626785714284,127.25554271428572,36.49160292857143,127.25636525
1,01:00-02:00,grid_8126_22776,grid_8126_22776,1,0,1,0.08428578340913107,0.08428578340913107,0.03446731767688243,0.1111111111111111,0.20626696554322543,0.581708809328714,36.499659199999996,127.25567873333333,36.500439,127.25539826666666
1,01:00-02:00,grid_8151_22782,grid_8151_22781,1,1,0,0.19503310303204166,0.19503310303204166,0.14453902453599207,0.2222222222222222,1.2671248113909137,0.8974446674330464,36.611630857142856,127.28944100000001,36.61204228571429,127.28469273469388
1,01:00-02:00,grid_8120_22776,grid_8123_22776,1,0,1,0.11025361373116507,0.11025361373116507,0.10866111859697962,0.1111111111111111,0.5698032064532303,0.7155944097345266,36.47470881578948,127.25466544736844,36.48734384210527,127.2572285
1,01:00-02:00,grid_8123_22776,grid_8123_22778,1,0,1,0.10870629486003938,0.10870629486003938,0.1042402075366205,0.1111111111111111,1.773069975738116,0.9618914438135824,36.48744967567568,127.25739054054053,36.48824354054054,127.26518681081082
1,01:00-02:00,grid_8123_22776,grid_8121_22776,1,0,1,0.24750594549608607,0.24750594549608607,0.08811222522691255,0.3333333333333333,-0.11382063373076833,0.45468999076866407,36.4874925625,127.25692803125,36.4786765,127.2540784375
1,01:00-02:00,grid_8122_22776,grid_8122_22777,1,0,1,0.025481621314769727,0.025481621314769727,0.07280463232791351,0.0,0.9214865833156937,0.8216017786045808,36.48238475,127.25402507142857,36.48255339285714,127.26031396428571
1,01:00-02:00,grid_8130_22772,grid_8128_22772,1,0,1,0.1683151112957284,0.1683151112957284,0.06820190528938277,0.2222222222222222,-0.5982817195234632,0.274825986051483,36.519217680000004,127.23438847999999,36.5109366,127.23236332
1,01:00-02:00,grid_8121_22775,grid_8121_22775,1,0,1,0.020782168890573594,0.020782168890573594,0.059377625401638844,0.0,0.6186959399553592,0.7319416574170236,36.478106636363634,127.24965227272727,36.478530590909095,127.2499054090909
1,01:00-02:00,grid_8121_22775,grid_8122_22776,1,0,1,0.07718765050755277,0.07718765050755277,0.014186937958087297,0.1111111111111111,0.10046309665256137,0.540011660409994,36.478079625,127.249897875,36.482897875,127.2541925
1,01:00-02:00,grid_8123_22777,grid_8123_22777,1,0,1,0.019594230526183525,0.019594230526183525,0.055983515789095786,0.0,1.5588173961097453,0.9404801971874116,36.487461714285715,127.26046123809523,36.48724442857143,127.26115642857143
1,01:00-02:00,grid_8126_22775,grid_8128_22775,1,0,1,0.017719184618149194,0.017719184618149194,0.050626241766140556,0.0,0.23455552061441087,0.5927231320783815,36.501849736842104,127.24937778947368,36.51078478947369,127.24920847368422
1,01:00-02:00,grid_8130_22775,grid_8130_22774,1,0,1,0.08244894250962531,0.08244894250962531,0.029219200821151717,0.1111111111111111,0.06341109855139182,0.5252804251636742,36.51803076923077,127.2506266153846,36.51855338461539,127.24376861538461
1,01:00-02:00,grid_8128_22774,grid_8126_22774,1,0,1,0.08014440003157175,0.08014440003157175,0.022634793740998662,0.1111111111111111,2.433982003639164,0.9925331312226605,36.51106781818182,127.24298336363636,36.50114609090909,127.24332690909091
1,01:00-02:00,grid_8149_22782,grid_8149_22781,1,1,0,0.07947315545371388,0.07947315545371388,0.020716952089976162,0.1111111111111111,0.8601644194783109,0.8051507925526189,36.603207600000005,127.29005380000001,36.602493800000005,127.28245489999999
1,01:00-02:00,grid_8128_22775,grid_8130_22772,1,0,1,0.149409872729775,0.149409872729775,0.014186937958087297,0.2222222222222222,1.6256897431320634,0.9479921634514326,36.511589125,127.24924525,36.51883375,127.234865875
1,01:00-02:00,grid_8127_22777,grid_8125_22775,1,0,1,0.07605038694508426,0.07605038694508426,0.010937613493891532,0.1111111111111111,-0.09275417800491925,0.4630494273315028,36.50433614285714,127.26079328571429,36.495856714285715,127.24874914285714
1,01:00-02:00,grid_8123_22774,grid_8120_22776,1,0,1,0.07557945053443024,0.07557945053443024,0.00959208089202292,0.1111111111111111,0.22718822320085635,0.5898613075937829,36.487451428571426,127.24490114285713,36.472872,127.25334171428572
1,01:00-02:00,grid_8121_22776,grid_8126_22775,1,0,1,0.3638056559176388,0.3638056559176388,0.007698699447221827,0.5555555555555556,-0.4047893471535682,0.34281617996105035,36.4801515,127.25311633333332,36.49898183333333,127.24742033333332
1,01:00-02:00,grid_8152_22781,grid_8150_22782,1,1,0,0.07444733943776502,0.07444733943776502,0.006357477758693737,0.1111111111111111,0.10658154072132153,0.5424395182361713,36.61844766666667,127.28567416666668,36.60898566666666,127.28789683333333
1,01:00-02:00,grid_8125_22775,grid_8125_22777,1,0,1,0.07331885547939641,0.07331885547939641,0.003133237877640559,0.1111111111111111,0.5897017121975502,0.7223046764402637,36.4957666,127.2493626,36.495480199999996,127.2606258
1,01:00-02:00,grid_8150_22781,grid_8147_22782,1,1,0,0.07222222222222222,0.07222222222222222,0.0,0.1111111111111111,0.6211633388659121,0.7327539208673908,36.610106,127.2850815,36.59481425,127.288903
1,01:00-02:00,grid_8123_22788,grid_8122_22784,1,0,1,0.14444444444444443,0.14444444444444443,0.0,0.2222222222222222,0.8269657218824495,0.7958717547720539,36.485608,127.3202035,36.483362,127.3003745
1,01:00-02:00,grid_8127_22773,grid_8131_22772,1,0,1,0.07222222222222222,0.07222222222222222,0.0,0.1111111111111111,1.3330786635128127,0.908747004766063,36.505457,127.23854899999999,36.522225,127.23384766666668
1,01:00-02:00,grid_8127_22773,grid_8128_22777,1,0,1,0.07222222222222222,0.07222222222222222,0.0,0.1111111111111111,1.224611491036327,0.889639181860602,36.50568,127.239933,36.508392,127.259593
1,01:00-02:00,grid_8132_22776,grid_8129_22777,1,0,1,0.07222222222222222,0.07222222222222222,0.0,0.1111111111111111,-0.1738935570764853,0.43097455809745144,36.529782000000004,127.25500366666667,36.514808,127.258848
1,01:00-02:00,grid_8149_22783,grid_8148_22785,1,1,0,0.14444444444444443,0.14444444444444443,0.0,0.2222222222222222,0.2159542169450515,0.5854882824827672,36.604665499999996,127.292488,36.600987,127.30373
1,01:00-02:00,grid_8125_22779,grid_8123_22776,1,0,1,0.14444444444444443,0.14444444444444443,0.0,0.2222222222222222,-0.5940494483093554,0.2762395202089153,36.4973375,127.2724155,36.489197000000004,127.25763549999999
1,01:00-02:00,grid_8130_22776,grid_8131_22772,1,0,1,0.07222222222222222,0.07222222222222222,0.0,0.1111111111111111,-0.7606064718953482,0.2234460765004212,36.518846499999995,127.2566445,36.5220915,127.2331015
1,01:00-02:00,grid_8128_22776,grid_8130_22777,1,0,1,0.07222222222222222,0.07222222222222222,0.0,0.1111111111111111,-0.09205125358033837,0.46332865897403547,36.5093955,127.256974,36.517458,127.262745
1,01:00-02:00,grid_8125_22778,grid_8124_22775,1,0,1,0.07222222222222222,0.07222222222222222,0.0,0.1111111111111111,-0.49238218846840653,0.3112245941899732,36.495722,127.266296,36.489868,127.24991
1,01:00-02:00,grid_8148_22784,grid_8152_22782,1,1,0,0.07222222222222222,0.07222222222222222,0.0,0.1111111111111111,-0.6998001805329503,0.24202605100107727,36.600116,127.298368,36.616351,127.28701
1,01:00-02:00,grid_8121_22783,grid_8120_22781,1,0,1,0.07222222222222222,0.07222222222222222,0.0,0.1111111111111111,0.34928179722596264,0.6365611186657976,36.477334,127.296434,36.475081,127.28125
2,02:00-03:00,grid_8123_22776,grid_8123_22775,2,0,2,0.3223631381599088,0.3223631381599088,0.7146883312505332,0.1111111111111111,0.14864412930894733,0.5590827751770805,36.4874826302521,127.25658496218487,36.48677772268908,127.24978823529412
2,02:00-03:00,grid_8123_22776,grid_8123_22776,1,0,1,0.08449313245047353,0.08449313245047353,0.2414089498584958,0.0,1.5400418052306377,0.9382249182427234,36.4875495308642,127.25625320987653,36.48752739506173,127.25545916049383
2,02:00-03:00,grid_8123_22776,grid_8123_22778,1,0,1,0.10704297421507306,0.10704297421507306,0.09948786283671666,0.1111111111111111,0.03022790446994794,0.5120573529264789,36.48744967567568,127.25739054054053,36.48824354054054,127.26518681081082
2,02:00-03:00,grid_8123_22776,grid_8124_22775,1,0,1,0.10192785270769386,0.10192785270769386,0.0848732299584904,0.1111111111111111,0.9922181577975953,0.8394544416279766,36.48801465625,127.25633034375,36.491609249999996,127.24928865625
2,02:00-03:00,grid_8150_22782,grid_8150_22782,2,2,0,0.43882766496879205,0.43882766496879205,0.42839650308543775,0.4444444444444444,1.1886841713790837,0.8827180141962316,36.60864115602837,127.28858044680851,36.60864920567376,127.28828578014183
2,02:00-03:00,grid_8150_22782,grid_8149_22782,1,1,0,0.22558331688612715,0.22558331688612715,0.2318253498333792,0.2222222222222222,1.0006102826994892,0.8414923715551126,36.60860547560976,127.28799259756097,36.60363220731707,127.28990746341464
2,02:00-03:00,grid_8150_22782,grid_8151_22781,1,1,0,0.28550776337448325,0.28550776337448325,0.19668884773661874,0.3333333333333333,0.8261541832870899,0.7956416826746366,36.609084055555556,127.28847977777777,36.61173016666666,127.28474981944444
2,02:00-03:00,grid_8151_22782,grid_8150_22782,2,2,0,0.90855630374112,0.90855630374112,0.326033883704787,1.2222222222222223,-1.335528128036671,0.09085177776219244,36.611647683453235,127.28828543884892,36.608404,127.28860376978419
2,02:00-03:00,grid_8151_22782,grid_8149_22782,1,1,0,0.10776602017295446,0.10776602017295446,0.10155370843066357,0.1111111111111111,-1.5974647776003716,0.05508107149587299,36.611514794871795,127.28832928205128,36.60405582051282,127.2899921025641
2,02:00-03:00,grid_8129_22774,grid_8129_22774,1,0,1,0.07404512760158878,0.07404512760158878,0.21155750743311083,0.0,2.345404784388232,0.9904967837630974,36.51381897260274,127.24428763013698,36.51364278082192,127.24410376712328
2,02:00-03:00,grid_8129_22774,grid_8130_22775,1,0,1,0.1225871325248898,0.1225871325248898,0.1438997437219074,0.1111111111111111,0.6033495519009355,0.726861912435175,36.51340094117647,127.24435537254901,36.5184172745098,127.25069047058822
2,02:00-03:00,grid_8129_22774,grid_8130_22773,1,0,1,0.12215073909930434,0.12215073909930434,0.14265290536309178,0.1111111111111111,2.127814752607143,0.9833237771407456,36.512950411764706,127.24279078431373,36.51820566666667,127.23813172549019
2,02:00-03:00,grid_8127_22775,grid_8127_22774,1,0,1,0.1367004631290556,0.1367004631290556,0.18422354544809533,0.1111111111111111,0.8027640578403423,0.7889444399593621,36.504715231884056,127.24958869565218,36.504821507246376,127.24341585507247
2,02:00-03:00,grid_8127_22775,grid_8124_22777,1,0,1,0.018896148252504043,0.018896148252504043,0.053988995007154414,0.0,1.3044126668452651,0.903953540680098,36.50476725,127.24930233333333,36.49083929166667,127.25950416666667
2,02:00-03:00,grid_8127_22775,grid_8127_22775,1,0,1,0.0925952747305236,0.0925952747305236,0.05820872145228969,0.1111111111111111,-0.04908733458611547,0.48042484838821314,36.50464034782608,127.24985408695652,36.504939086956526,127.2492242173913
2,02:00-03:00,grid_8149_22782,grid_8150_22782,1,1,0,0.2790874344119704,0.2790874344119704,0.17834505070086787,0.3333333333333333,0.9312136625082057,0.8241284740419099,36.603776238095236,127.28968712698412,36.60868260317461,127.28844515873017
2,02:00-03:00,grid_8149_22782,grid_8151_22781,1,1,0,0.08022596720495981,0.08022596720495981,0.022867842807821677,0.1111111111111111,-0.2721475702926749,0.3927542767879755,36.604311,127.29007516666667,36.612279083333334,127.28477674999999
2,02:00-03:00,grid_8121_22782,grid_8122_22784,1,0,1,0.20445027133037436,0.20445027133037436,0.17144521967408546,0.2222222222222222,-1.3176260036965448,0.09381443813960644,36.47806520338983,127.28942172881356,36.48258149152542,127.29929052542373
2,02:00-03:00,grid_8121_22782,grid_8119_22781,1,0,1,0.08904678513218016,0.08904678513218016,0.048070179742736974,0.1111111111111111,0.5698323720160465,0.7156043015131295,36.47785080952381,127.28893633333333,36.46967638095238,127.28152042857143
2,02:00-03:00,grid_8151_22781,grid_8150_22782,3,3,0,0.2757813142842991,0.2757813142842991,0.16889899319323548,0.3333333333333333,3.195581905276959,0.9993022541589084,36.611808389830514,127.28470047457627,36.609099084745765,127.28833798305084
2,02:00-03:00,grid_8121_22775,grid_8123_22776,1,0,1,0.12980380762936003,0.12980380762936003,0.1645188154489652,0.1111111111111111,-1.3474202463362863,0.08892246176662238,36.47815165517242,127.25060174137931,36.487779741379306,127.25681037931035
2,02:00-03:00,grid_8121_22775,grid_8122_22777,1,0,1,0.033378725519025515,0.033378725519025515,0.09536778719721577,0.0,0.07972494108238395,0.5317719887632486,36.47766071428571,127.25040988571429,36.48179502857143,127.26080782857142
2,02:00-03:00,grid_8122_22784,grid_8121_22782,1,0,1,0.1251417764730874,0.1251417764730874,0.15119872643104343,0.1111111111111111,1.0955279231308235,0.863357290386384,36.48253444444444,127.29883933333333,36.478228333333334,127.28937301851853
2,02:00-03:00,grid_8129_22777,grid_8130_22777,1,0,1,0.05433539894643726,0.05433539894643726,0.15524399698982075,0.0,0.5951706980200404,0.724135312575659,36.514741629629626,127.2591458888889,36.517423685185186,127.26173181481481
2,02:00-03:00,grid_8129_22777,grid_8130_22775,1,0,1,0.17710418436624947,0.17710418436624947,0.09331354263372867,0.2222222222222222,0.9085993376371536,0.8182191718333625,36.51474252941176,127.25892152941175,36.5181065882353,127.25143638235295
2,02:00-03:00,grid_8129_22777,grid_8130_22776,2,0,2,0.10243390491887985,0.10243390491887985,0.08631909341902182,0.1111111111111111,1.7237235054531652,0.9576211152145667,36.51493015625,127.25899346875,36.5184213125,127.25436275
2,02:00-03:00,grid_8129_22777,grid_8130_22774,1,0,1,0.026979834579114632,0.026979834579114632,0.07708524165461324,0.0,0.6233815325649679,0.7334830846276612,36.51462961290323,127.2589495483871,36.51793635483871,127.24487748387097
2,02:00-03:00,grid_8121_22776,grid_8121_22776,1,0,1,0.04672253933500639,0.04672253933500639,0.1334929695285897,0.0,-0.5674676897875519,0.285198236167494,36.478213839999995,127.25481359999999,36.47880568,127.2545302
2,02:00-03:00,grid_8121_22776,grid_8123_22776,1,0,1,0.03533362137592334,0.03533362137592334,0.10095320393120953,0.0,-0.494830847790286,0.31035976370320983,36.47879655263158,127.2538377368421,36.487451078947366,127.25695700000001
2,02:00-03:00,grid_8121_22776,grid_8124_22776,1,0,1,0.0077222608329041926,0.0077222608329041926,0.022063602379726266,0.0,1.2067214249071307,0.8862302774094367,36.479027384615385,127.253925,36.490154000000004,127.25679415384616
2,02:00-03:00,grid_8124_22777,grid_8123_22778,1,0,1,0.19362293836925373,0.19362293836925373,0.1405099826423123,0.2222222222222222,-0.3449687211925046,0.3650589429107012,36.490658395833336,127.2594879375,36.48842435416667,127.26563593750001
2,02:00-03:00,grid_8124_22777,grid_8123_22777,2,0,2,0.26118404656180283,0.26118404656180283,0.12719251398610323,0.3333333333333333,0.8258617381590778,0.7955587363304967,36.49043719148936,127.26003719148936,36.48671155319149,127.26134863829787
2,02:00-03:00,grid_8129_22775,grid_8130_22775,1,0,1,0.2622363324151023,0.2622363324151023,0.13019904499553034,0.3333333333333333,0.296124575481328,0.6164325266630083,36.51264239130435,127.24946480434782,36.51812202173913,127.25130145652174
2,02:00-03:00,grid_8126_22776,grid_8126_22775,1,0,1,0.18874675587771014,0.18874675587771014,0.12657803266647347,0.2222222222222222,-1.0137372975877876,0.15535406091749826,36.50014015217391,127.25566845652175,36.501294173913045,127.24891
2,02:00-03:00,grid_8126_22776,grid_8125_22776,1,0,1,0.08485094409715392,0.08485094409715392,0.03608206249980489,0.1111111111111111,-0.9857673481354986,0.16212364599391021,36.4997238125,127.25518825,36.495250687500004,127.256513125
2,02:00-03:00,grid_8130_22773,grid_8129_22774,1,0,1,0.040618795401890596,0.040618795401890596,0.11605370114825884,0.0,-1.0647823976959523,0.1434872062375877,36.51853607317073,127.23832856097562,36.5130243902439,127.24259787804878
2,02:00-03:00,grid_8130_22773,grid_8130_22775,1,0,1,0.07452760830342568,0.07452760830342568,0.006586817374867039,0.1111111111111111,0.28301177774777997,0.6114160956952754,36.51964257142857,127.23797085714286,36.51928,127.24952914285714
2,02:00-03:00,grid_8128_22775,grid_8128_22775,1,0,1,0.10846821038431942,0.10846821038431942,0.10355996617742061,0.1111111111111111,0.886976886308772,0.8124543276280141,36.5100785,127.249741675,36.50997895,127.249582975
2,02:00-03:00,grid_8128_22775,grid_8131_22772,1,0,1,0.14562108939616109,0.14562108939616109,0.0033618427191904167,0.2222222222222222,-0.5148655369647389,0.3033234923953373,36.51161483333333,127.24919716666666,36.52226916666667,127.23380166666668
2,02:00-03:00,grid_8123_22775,grid_8122_22776,1,0,1,0.11107128714838457,0.11107128714838457,0.11099732836046386,0.1111111111111111,0.09014447984712726,0.5359137983650681,36.486683049999996,127.249752625,36.48270035,127.2545681
2,02:00-03:00,grid_8123_22775,grid_8122_22777,1,0,1,0.02586271607457622,0.02586271607457622,0.0738934744987892,0.0,1.0267381152934163,0.8477281017698405,36.48631771428571,127.25017982142857,36.48304928571429,127.25990628571428
2,02:00-03:00,grid_8123_22778,grid_8123_22776,1,0,1,0.03657214880442275,0.03657214880442275,0.10449185372692216,0.0,-0.35454209382900675,0.36146633184796884,36.48830671794872,127.26552684615385,36.48739874358974,127.25744666666667
2,02:00-03:00,grid_8122_22775,grid_8121_22775,1,0,1,0.10560094774124773,0.10560094774124773,0.09536778719721577,0.1111111111111111,-0.1697154966695965,0.4326169431481155,36.483703885714284,127.2504113142857,36.47808137142857,127.24942585714287
2,02:00-03:00,grid_8130_22772,grid_8131_22772,1,0,1,0.09949869433234698,0.09949869433234698,0.07793277745749932,0.1111111111111111,0.9423667217674911,0.8269975405935148,36.51922419354839,127.23423377419354,36.52228516129032,127.23319806451613
2,02:00-03:00,grid_8121_22777,grid_8122_22777,1,0,1,0.027573343058991052,0.027573343058991052,0.07878098016854587,0.0,0.7923915491192426,0.7859337972721256,36.47895524137931,127.26079062068965,36.48242641379311,127.26023506896551
2,02:00-03:00,grid_8149_22783,grid_8151_22781,1,1,0,0.09518330146260025,0.09518330146260025,0.06560308354393724,0.1111111111111111,0.32587019789104044,0.6277387176904022,36.604207259259255,127.29326585185184,36.61199837037037,127.2846862962963
2,02:00-03:00,grid_8125_22777,grid_8124_22776,1,0,1,0.0925952747305236,0.0925952747305236,0.05820872145228969,0.1111111111111111,0.5603661495758263,0.7123851421176086,36.49678013043478,127.26036026086958,36.491360782608695,127.25683334782607
2,02:00-03:00,grid_8128_22772,grid_8126_22775,1,0,1,0.006101570803918116,0.006101570803918116,0.017433059439766047,0.0,0.3555742092497793,0.6389202695041148,36.50989095,127.23283945,36.5020125,127.25017365000001
2,02:00-03:00,grid_8128_22776,grid_8129_22777,1,0,1,0.011466906105759426,0.011466906105759426,0.03276258887359836,0.0,0.3096718454405156,0.6215947424656467,36.51007193333333,127.2556482,36.514185,127.25878953333334
2,02:00-03:00,grid_8152_22781,grid_8152_22782,1,1,0,0.15264345917971633,0.15264345917971633,0.023425756386491182,0.2222222222222222,-0.7337774718980391,0.2315421864229426,36.618323000000004,127.28565846153846,36.61741961538461,127.28781392307692
2,02:00-03:00,grid_8123_22774,grid_8124_22776,1,0,1,0.07974947320173391,0.07974947320173391,0.021506431370033427,0.1111111111111111,0.5098972437287734,0.6949382734720793,36.48769491666667,127.24525716666666,36.490660416666664,127.25591558333333
2,02:00-03:00,grid_8128_22774,grid_8126_22774,1,0,1,0.006381779666734451,0.006381779666734451,0.018233656190669863,0.0,0.13936352855894135,0.5554185544694006,36.51106781818182,127.24298336363636,36.50114609090909,127.24332690909091
2,02:00-03:00,grid_8129_22776,grid_8130_22773,1,0,1,0.07793564616226555,0.07793564616226555,0.01632406840012381,0.1111111111111111,0.7993219003933574,0.7879481084117715,36.51475069999999,127.25743399999999,36.5185468,127.2383563
2,02:00-03:00,grid_8129_22776,grid_8130_22777,1,0,1,0.07222222222222222,0.07222222222222222,0.0,0.1111111111111111,-0.7286854250488832,0.233097055161668,36.515594,127.25703025,36.517652999999996,127.262099
2,02:00-03:00,grid_8130_22775,grid_8130_22773,1,0,1,0.005713423940043333,0.005713423940043333,0.01632406840012381,0.0,-0.5913651140303386,0.2771379048854484,36.518591300000004,127.2493921,36.5194761,127.23758330000001
2,02:00-03:00,grid_8133_22777,grid_8132_22777,1,0,1,0.0023053860812034636,0.0023053860812034636,0.006586817374867039,0.0,2.3087281047229404,0.9895206631203466,36.53052471428571,127.26019371428572,36.52745528571428,127.26306699999999
2,02:00-03:00,grid_8130_22774,grid_8126_22775,1,0,1,0.07452760830342568,0.07452760830342568,0.006586817374867039,0.1111111111111111,-0.8012642298805417,0.21148934710427825,36.518056,127.24281957142857,36.50195985714286,127.24908442857142
2,02:00-03:00,grid_8120_22776,grid_8122_22776,1,0,1,0.07452760830342568,0.07452760830342568,0.006586817374867039,0.1111111111111111,-0.5114185360813946,0.30452900909454184,36.47486528571428,127.25448785714286,36.483531,127.25337828571428
2,02:00-03:00,grid_8126_22775,grid_8122_22775,1,0,1,0.07405869867294132,0.07405869867294132,0.005247075573483136,0.1111111111111111,-1.0428878117327576,0.14850012759778464,36.50152714285714,127.24793014285714,36.48306542857143,127.25019285714286
2,02:00-03:00,grid_8153_22782,grid_8150_22782,1,1,0,0.07222222222222222,0.07222222222222222,0.0,0.1111111111111111,-1.5412814886279866,0.061624146090095366,36.6223295,127.28970675,36.6093325,127.2875745
2,02:00-03:00,grid_8128_22779,grid_8128_22777,1,0,1,0.07222222222222222,0.07222222222222222,0.0,0.1111111111111111,-1.1539248902265251,0.12426548184527936,36.5088165,127.2712755,36.509686,127.262001
2,02:00-03:00,grid_8125_22787,grid_8122_22787,1,0,1,0.07222222222222222,0.07222222222222222,0.0,0.1111111111111111,0.018636752126970024,0.5074345580179674,36.496012,127.317646,36.484729,127.319382
3,03:00-04:00,grid_8129_22777,grid_8128_22775,1,0,1,0.1698981229769774,0.1698981229769774,0.48542320850564974,0.0,-0.30981221377082746,0.3783518815292594,36.513801374269,127.2592953508772,36.51134628070176,127.25024701754386
3,03:00-04:00,grid_8129_22777,grid_8127_22776,1,0,1,0.07641651611962208,0.07641651611962208,0.011983696849713905,0.1111111111111111,-0.15705532046425114,0.437600624801767,36.514342899999995,127.26000280000001,36.5066583,127.25359800000001
3,03:00-04:00,grid_8123_22775,grid_8124_22776,1,0,1,0.23591183511998212,0.23591183511998212,0.467684608279314,0.1111111111111111,0.4877500026967746,0.6871365353772144,36.48684029677419,127.24985213548388,36.49064255483871,127.25561443225806
3,03:00-04:00,grid_8150_22782,grid_8151_22782,1,1,0,0.358916359569569,0.358916359569569,0.4064276940082924,0.3333333333333333,1.8183695787572067,0.9654961676232066,36.60853252941177,127.28864840522877,36.61146690849673,127.28833963398694
3,03:00-04:00,grid_8150_22782,grid_8149_22782,1,1,0,0.22374207061989687,0.22374207061989687,0.22656464621557845,0.2222222222222222,0.39724164291178804,0.6544053617423325,36.60860547560976,127.28799259756097,36.60363220731707,127.28990746341464
3,03:00-04:00,grid_8150_22782,grid_8149_22783,1,1,0,0.14786853962139002,0.14786853962139002,0.21613233542619376,0.1111111111111111,0.6200951374319983,0.7324024233240296,36.608628789473684,127.28832227631578,36.603941,127.29309103947368
3,03:00-04:00,grid_8150_22782,grid_8151_22781,1,1,0,0.13927459224647726,0.13927459224647726,0.19157820006930015,0.1111111111111111,0.6226418419568611,0.7332400456886778,36.609084055555556,127.28847977777777,36.61173016666666,127.28474981944444
3,03:00-04:00,grid_8151_22782,grid_8150_22782,1,1,0,1.267685352267144,1.267685352267144,0.32037084774739594,1.7777777777777777,0.4117407586584629,0.6597352764697131,36.611647683453235,127.28828543884892,36.608404,127.28860376978419
3,03:00-04:00,grid_8151_22782,grid_8152_22782,1,1,0,0.5986517862768983,0.5986517862768983,0.05964002428320165,0.8888888888888888,-0.015292622891052654,0.4938993639382966,36.612408699999996,127.28942323333334,36.617081766666665,127.28760063333333
3,03:00-04:00,grid_8124_22776,grid_8123_22775,1,0,1,0.21456134014386913,0.21456134014386913,0.40668319406184833,0.1111111111111111,1.6420109723509508,0.9497061349081481,36.49082116788321,127.25572233576642,36.48714151824817,127.24963825547447
3,03:00-04:00,grid_8124_22776,grid_8124_22775,1,0,1,0.4709478984356682,0.4709478984356682,0.31381939235587725,0.5555555555555556,0.42717785211441694,0.6653751041352446,36.491389330097086,127.25589008737865,36.49212699029126,127.24963600970875
3,03:00-04:00,grid_8124_22776,grid_8127_22775,1,0,1,0.09647975753759633,0.09647975753759633,0.06930724375821176,0.1111111111111111,1.858917299786917,0.9684805692233973,36.492011142857145,127.25629325,36.50486746428572,127.24943110714285
3,03:00-04:00,grid_8132_22778,grid_8133_22777,1,0,1,0.11580654643356546,0.11580654643356546,0.3308758469530442,0.0,1.0726730835882232,0.8582910894144619,36.529149587719296,127.2642854736842,36.530680614035084,127.25919527192983
3,03:00-04:00,grid_8149_22783,grid_8150_22782,1,1,0,0.21164543716936907,0.21164543716936907,0.1920028363569275,0.2222222222222222,-0.09965312498395301,0.460309858029625,36.604029242857145,127.29334848571429,36.60859451428571,127.2884215
3,03:00-04:00,grid_8130_22774,grid_8129_22774,1,0,1,0.05626042378855822,0.05626042378855822,0.16074406796730922,0.0,-0.010414974545210287,0.49584510141956184,36.517858245901635,127.24340052459017,36.51289986885246,127.24316890163935
3,03:00-04:00,grid_8130_22777,grid_8129_22777,1,0,1,0.050906432421978405,0.050906432421978405,0.14544694977708117,0.0,1.314394092914916,0.9056431913446499,36.51740046551724,127.26197729310344,36.5148275,127.25918701724139
3,03:00-04:00,grid_8128_22774,grid_8128_22775,1,0,1,0.05488229143505303,0.05488229143505303,0.15680654695729437,0.0,-0.5098777430628842,0.3050685578447241,36.51086438181818,127.24306890909092,36.510899327272725,127.24892525454544
3,03:00-04:00,grid_8128_22774,grid_8130_22774,2,0,2,0.23075440809283737,0.23075440809283737,0.040250689789059116,0.3333333333333333,1.0170760472340374,0.8454413730084086,36.51140131578948,127.2430725263158,36.51794073684211,127.24356252631578
3,03:00-04:00,grid_8129_22774,grid_8130_22775,2,0,2,0.26532175574154854,0.26532175574154854,0.13901454021394813,0.3333333333333333,0.10379230284357838,0.5413329125405958,36.51340094117647,127.24435537254901,36.5184172745098,127.25069047058822
3,03:00-04:00,grid_8129_22774,grid_8125_22774,1,0,1,0.07222222222222222,0.07222222222222222,0.0,0.1111111111111111,-0.6238550469031308,0.2663613923508471,36.513761,127.2445765,36.495861500000004,127.2427175
3,03:00-04:00,grid_8125_22774,grid_8125_22775,2,0,2,0.03522411818079529,0.03522411818079529,0.10064033765941512,0.0,-0.9471827422863734,0.17177283386597325,36.49615964864865,127.24321764864864,36.49508791891892,127.248669
3,03:00-04:00,grid_8127_22775,grid_8127_22773,1,0,1,0.17374370844248987,0.17374370844248987,0.0837121828515584,0.2222222222222222,-1.5297360784021772,0.06304103473244477,36.50443906060606,127.2492671818182,36.505328575757574,127.2388903030303
3,03:00-04:00,grid_8121_22782,grid_8121_22783,1,0,1,0.09980303980954643,0.09980303980954643,0.07880233596378346,0.1111111111111111,0.4181288496037476,0.6620735435254266,36.47837028125,127.28822646875,36.47864609375,127.29448725
3,03:00-04:00,grid_8123_22776,grid_8124_22774,1,0,1,0.02737498197700999,0.02737498197700999,0.07821423422002854,0.0,1.1410134726381331,0.8730678417372183,36.48792059375,127.25644284375,36.491384625,127.2451521875
3,03:00-04:00,grid_8122_22777,grid_8121_22777,1,0,1,0.024960733873962946,0.024960733873962946,0.07131638249703699,0.0,2.543120302414089,0.9945066302762497,36.482059482758615,127.26033113793103,36.4787154137931,127.26019855172414
3,03:00-04:00,grid_8123_22774,grid_8123_22775,1,0,1,0.23684514082143027,0.23684514082143027,0.05765278329932456,0.3333333333333333,0.7479767619949648,0.772762912844021,36.4875055,127.24588776923078,36.486785653846155,127.24954253846155
3,03:00-04:00,grid_8126_22775,grid_8127_22774,1,0,1,0.09141595562136687,0.09141595562136687,0.05483923828327043,0.1111111111111111,0.5930764582739214,0.7234350076751834,36.50160632,127.24899244,36.50462776,127.24410504
3,03:00-04:00,grid_8128_22771,grid_8127_22772,1,0,1,0.019282822391820647,0.019282822391820647,0.05509377826234471,0.0,0.9886160425261827,0.8385744829340784,36.511019565217396,127.22981426086956,36.50541382608696,127.2337555652174
3,03:00-04:00,grid_8123_22778,grid_8122_22777,1,0,1,0.014572978914956042,0.014572978914956042,0.041637082614160124,0.0,1.0375490742164157,0.850259981288119,36.487339684210525,127.266146,36.481609210526315,127.26204073684211
3,03:00-04:00,grid_8125_22775,grid_8126_22774,1,0,1,0.013603149776309616,0.013603149776309616,0.03886614221802748,0.0,1.1307418836741616,0.8709181264180474,36.49563231578947,127.24841899999998,36.499714157894736,127.24301915789475
3,03:00-04:00,grid_8125_22775,grid_8124_22775,1,0,1,0.011758498150753022,0.011758498150753022,0.033595709002151496,0.0,0.11100628392200318,0.5441943181584845,36.49525988235294,127.24891441176472,36.49162264705882,127.24946894117647
3,03:00-04:00,grid_8125_22775,grid_8122_22777,1,0,1,0.0019283437337931622,0.0019283437337931622,0.005509553525123321,0.0,0.36463414214736195,0.6423077373531556,36.49607675,127.24814875,36.482341875,127.260781375
3,03:00-04:00,grid_8152_22781,grid_8151_22782,1,1,0,0.2982256629680715,0.2982256629680715,0.026676497369093242,0.4444444444444444,-0.7244898681086108,0.23438252259103004,36.618345176470584,127.28572476470588,36.61419111764706,127.28967688235295
3,03:00-04:00,grid_8125_22776,grid_8126_22777,1,0,1,0.012240631343432975,0.012240631343432975,0.0349732324098085,0.0,1.6259195799797717,0.9480166178664045,36.495571647058824,127.256508,36.500899705882354,127.25971470588235
3,03:00-04:00,grid_8153_22782,grid_8152_22782,2,2,0,0.15360598391410432,0.15360598391410432,0.026175827056171153,0.2222222222222222,-0.08992752035851348,0.46417240583247577,36.6217414375,127.28993,36.617039625,127.28741575000001
3,03:00-04:00,grid_8152_22782,grid_8152_22781,1,1,0,0.0786970559866027,0.0786970559866027,0.01849952504108711,0.1111111111111111,0.00659047815212227,0.5026292013499648,36.61739475,127.28800150000001,36.6183895,127.28558991666667
3,03:00-04:00,grid_8128_22773,grid_8129_22776,1,0,1,0.14444444444444443,0.14444444444444443,0.0,0.2222222222222222,-0.8247007171336588,0.20477076223086715,36.511643,127.24081433333333,36.51447233333334,127.25670583333333
3,03:00-04:00,grid_8132_22777,grid_8128_22777,1,0,1,0.07222222222222222,0.07222222222222222,0.0,0.1111111111111111,1.4116434361560197,0.9209725119884526,36.526839,127.263398,36.509768,127.259835
