timestamp,operator_name,device_id,battery_level,latitude,longitude,city_code,city_name
2026-06-20T08:45:07+09:00,ALPACA,425055,30.0,36.32547,127.348305,12,세종특별시
2026-06-20T08:45:07+09:00,ALPACA,425373,39.0,36.326492,127.33874,12,세종특별시
2026-06-20T08:45:07+09:00,ALPACA,425451,31.0,36.32762,127.33943,12,세종특별시
2026-06-20T08:45:07+09:00,ALPACA,424720,48.0,36.33012,127.34353,12,세종특별시
2026-06-20T08:45:07+09:00,ALPACA,425050,100.0,36.330578,127.340164,12,세종특별시
2026-06-20T08:45:07+09:00,ALPACA,425455,49.0,36.336636,127.33467,12,세종특별시
2026-06-20T08:45:07+09:00,ALPACA,425975,62.0,36.338486,127.34279,12,세종특별시
2026-06-20T08:45:07+09:00,ALPACA,425413,62.0,36.338505,127.33282,12,세종특별시
2026-06-20T08:45:07+09:00,ALPACA,424952,46.0,36.339375,127.34195,12,세종특별시
2026-06-20T08:45:07+09:00,ALPACA,425006,38.0,36.339462,127.34202,12,세종특별시
2026-06-20T08:45:07+09:00,ALPACA,424743,82.0,36.339527,127.342,12,세종특별시
2026-06-20T08:45:07+09:00,ALPACA,424714,55.0,36.340332,127.34499,12,세종특별시
2026-06-20T08:45:07+09:00,ALPACA,425212,34.0,36.341503,127.33795,12,세종특별시
2026-06-20T08:45:07+09:00,ALPACA,425061,76.0,36.341545,127.34444,12,세종특별시
2026-06-20T08:45:07+09:00,ALPACA,425057,52.0,36.341568,127.34428,12,세종특별시
2026-06-20T08:45:07+09:00,ALPACA,424770,77.0,36.34157,127.34442,12,세종특별시
2026-06-20T08:45:07+09:00,ALPACA,424908,77.0,36.34158,127.34444,12,세종특별시
2026-06-20T08:45:07+09:00,ALPACA,424920,49.0,36.341583,127.34441,12,세종특별시
2026-06-20T08:45:07+09:00,ALPACA,424350,47.0,36.34164,127.33769,12,세종특별시
2026-06-20T08:45:07+09:00,ALPACA,424710,79.0,36.34184,127.34715,12,세종특별시
2026-06-20T08:45:07+09:00,ALPACA,425679,41.0,36.342346,127.340965,12,세종특별시
2026-06-20T08:45:07+09:00,ALPACA,425476,97.0,36.342384,127.34097,12,세종특별시
2026-06-20T08:45:07+09:00,ALPACA,425126,97.0,36.342384,127.34094,12,세종특별시
2026-06-20T08:45:07+09:00,ALPACA,424450,54.0,36.34246,127.34149,12,세종특별시
2026-06-20T08:45:07+09:00,ALPACA,424868,64.0,36.3427,127.339806,12,세종특별시
2026-06-20T08:45:07+09:00,ALPACA,424324,54.0,36.342773,127.33894,12,세종특별시
2026-06-20T08:45:07+09:00,ALPACA,424404,40.0,36.34278,127.3389,12,세종특별시
2026-06-20T08:45:07+09:00,ALPACA,424432,73.0,36.342785,127.33886,12,세종특별시
2026-06-20T08:45:07+09:00,ALPACA,424501,76.0,36.342796,127.338936,12,세종특별시
2026-06-20T08:45:07+09:00,ALPACA,424402,87.0,36.3428,127.33888,12,세종특별시
2026-06-20T08:45:07+09:00,ALPACA,424486,79.0,36.342808,127.3389,12,세종특별시
2026-06-20T08:45:07+09:00,ALPACA,424358,78.0,36.34281,127.33892,12,세종특별시
2026-06-20T08:45:07+09:00,ALPACA,424568,51.0,36.34281,127.33892,12,세종특별시
2026-06-20T08:45:07+09:00,ALPACA,424165,52.0,36.34282,127.337494,12,세종특별시
2026-06-20T08:45:07+09:00,ALPACA,424367,78.0,36.34282,127.3389,12,세종특별시
2026-06-20T08:45:07+09:00,ALPACA,425094,50.0,36.34283,127.3441,12,세종특별시
2026-06-20T08:45:07+09:00,ALPACA,424517,65.0,36.342922,127.344,12,세종특별시
2026-06-20T08:45:07+09:00,ALPACA,424839,64.0,36.342976,127.33981,12,세종특별시
2026-06-20T08:45:07+09:00,ALPACA,425238,54.0,36.343094,127.3444,12,세종특별시
2026-06-20T08:45:07+09:00,ALPACA,424425,40.0,36.34312,127.33904,12,세종특별시
2026-06-20T08:45:07+09:00,ALPACA,424508,33.0,36.34314,127.33361,12,세종특별시
2026-06-20T08:45:07+09:00,ALPACA,424544,57.0,36.3432,127.339165,12,세종특별시
2026-06-20T08:45:07+09:00,ALPACA,425151,59.0,36.34334,127.34419,12,세종특별시
2026-06-20T08:45:07+09:00,ALPACA,425383,59.0,36.343346,127.34419,12,세종특별시
2026-06-20T08:45:07+09:00,ALPACA,425524,53.0,36.343357,127.34417,12,세종특별시
2026-06-20T08:45:07+09:00,ALPACA,424787,81.0,36.34337,127.34419,12,세종특별시
2026-06-20T08:45:07+09:00,ALPACA,425112,68.0,36.343372,127.34417,12,세종특별시
2026-06-20T08:45:07+09:00,ALPACA,424897,50.0,36.34348,127.33816,12,세종특별시
2026-06-20T08:45:07+09:00,ALPACA,424709,71.0,36.343708,127.34429,12,세종특별시
2026-06-20T08:45:07+09:00,ALPACA,425677,67.0,36.34379,127.382706,12,세종특별시
2026-06-20T08:45:07+09:00,ALPACA,424707,51.0,36.344,127.34178,12,세종특별시
2026-06-20T08:45:07+09:00,ALPACA,424506,55.0,36.34425,127.33572,12,세종특별시
2026-06-20T08:45:07+09:00,ALPACA,425695,55.0,36.34427,127.34741,12,세종특별시
2026-06-20T08:45:07+09:00,ALPACA,425000,48.0,36.344334,127.34692,12,세종특별시
2026-06-20T08:45:07+09:00,ALPACA,425197,43.0,36.34453,127.33241,12,세종특별시
2026-06-20T08:45:07+09:00,ALPACA,424124,75.0,36.344643,127.33933,12,세종특별시
2026-06-20T08:45:07+09:00,ALPACA,424372,38.0,36.34483,127.34741,12,세종특별시
2026-06-20T08:45:07+09:00,ALPACA,425142,31.0,36.34541,127.32393,12,세종특별시
2026-06-20T08:45:07+09:00,ALPACA,425355,63.0,36.345676,127.33903,12,세종특별시
2026-06-20T08:45:07+09:00,ALPACA,425002,37.0,36.345753,127.337074,12,세종특별시
2026-06-20T08:45:07+09:00,ALPACA,424664,96.0,36.346123,127.34138,12,세종특별시
2026-06-20T08:45:07+09:00,ALPACA,425699,69.0,36.346195,127.33606,12,세종특별시
2026-06-20T08:45:07+09:00,ALPACA,424704,61.0,36.3468,127.33569,12,세종특별시
2026-06-20T08:45:07+09:00,ALPACA,425458,33.0,36.346813,127.33569,12,세종특별시
2026-06-20T08:45:07+09:00,ALPACA,425152,58.0,36.34684,127.33569,12,세종특별시
2026-06-20T08:45:07+09:00,ALPACA,424383,30.0,36.346848,127.3357,12,세종특별시
2026-06-20T08:45:07+09:00,ALPACA,425270,78.0,36.34685,127.335724,12,세종특별시
2026-06-20T08:45:07+09:00,ALPACA,424449,34.0,36.346855,127.335686,12,세종특별시
2026-06-20T08:45:07+09:00,ALPACA,425397,42.0,36.34703,127.33079,12,세종특별시
2026-06-20T08:45:07+09:00,ALPACA,425375,52.0,36.34705,127.33089,12,세종특별시
2026-06-20T08:45:07+09:00,ALPACA,424863,56.0,36.34708,127.34418,12,세종특별시
2026-06-20T08:45:07+09:00,ALPACA,425321,46.0,36.34708,127.33897,12,세종특별시
2026-06-20T08:45:07+09:00,ALPACA,425034,48.0,36.347115,127.33427,12,세종특별시
2026-06-20T08:45:07+09:00,ALPACA,424769,55.0,36.34713,127.340744,12,세종특별시
2026-06-20T08:45:07+09:00,ALPACA,425537,49.0,36.347977,127.34169,12,세종특별시
2026-06-20T08:45:07+09:00,ALPACA,425376,68.0,36.348225,127.33536,12,세종특별시
2026-06-20T08:45:07+09:00,ALPACA,424617,55.0,36.348232,127.331154,12,세종특별시
2026-06-20T08:45:07+09:00,ALPACA,425320,31.0,36.348244,127.33526,12,세종특별시
2026-06-20T08:45:07+09:00,ALPACA,425036,42.0,36.348267,127.33569,12,세종특별시
2026-06-20T08:45:07+09:00,ALPACA,424357,82.0,36.348293,127.335205,12,세종특별시
2026-06-20T08:45:07+09:00,ALPACA,426463,37.0,36.348343,127.33219,12,세종특별시
2026-06-20T08:45:07+09:00,ALPACA,424939,47.0,36.348362,127.33257,12,세종특별시
2026-06-20T08:45:07+09:00,ALPACA,425095,42.0,36.348408,127.33114,12,세종특별시
2026-06-20T08:45:07+09:00,ALPACA,425683,67.0,36.348576,127.33992,12,세종특별시
2026-06-20T08:45:07+09:00,ALPACA,425509,66.0,36.34864,127.33996,12,세종특별시
2026-06-20T08:45:07+09:00,ALPACA,425546,67.0,36.348648,127.339935,12,세종특별시
2026-06-20T08:45:07+09:00,ALPACA,425285,59.0,36.34868,127.335335,12,세종특별시
2026-06-20T08:45:07+09:00,ALPACA,425746,34.0,36.34869,127.339935,12,세종특별시
2026-06-20T08:45:07+09:00,ALPACA,425343,34.0,36.348724,127.3327,12,세종특별시
2026-06-20T08:45:07+09:00,ALPACA,425754,43.0,36.348732,127.33499,12,세종특별시
2026-06-20T08:45:07+09:00,ALPACA,424829,53.0,36.34877,127.32756,12,세종특별시
2026-06-20T08:45:07+09:00,ALPACA,424999,38.0,36.34963,127.33635,12,세종특별시
2026-06-20T08:45:07+09:00,ALPACA,424989,54.0,36.349663,127.336586,12,세종특별시
2026-06-20T08:45:07+09:00,ALPACA,426276,41.0,36.349823,127.38254,12,세종특별시
2026-06-20T08:45:07+09:00,ALPACA,424446,79.0,36.349888,127.33428,12,세종특별시
2026-06-20T08:45:07+09:00,ALPACA,425274,45.0,36.350433,127.329445,12,세종특별시
2026-06-20T08:45:07+09:00,ALPACA,425205,68.0,36.35046,127.34865,12,세종특별시
2026-06-20T08:45:07+09:00,ALPACA,425681,73.0,36.35048,127.32943,12,세종특별시
2026-06-20T08:45:07+09:00,ALPACA,425370,51.0,36.35068,127.33554,12,세종특별시
2026-06-20T08:45:07+09:00,ALPACA,423582,53.0,36.350746,127.33879,12,세종특별시
2026-06-20T08:45:07+09:00,ALPACA,426375,99.0,36.35077,127.3544,12,세종특별시
2026-06-20T08:45:07+09:00,ALPACA,424890,89.0,36.35124,127.33933,12,세종특별시
2026-06-20T08:45:07+09:00,ALPACA,425398,53.0,36.35127,127.33036,12,세종특별시
2026-06-20T08:45:07+09:00,ALPACA,425250,81.0,36.351402,127.332756,12,세종특별시
2026-06-20T08:45:07+09:00,ALPACA,425178,54.0,36.351433,127.35114,12,세종특별시
2026-06-20T08:45:07+09:00,ALPACA,425037,78.0,36.351437,127.33275,12,세종특별시
2026-06-20T08:45:07+09:00,ALPACA,425272,46.0,36.351517,127.34447,12,세종특별시
2026-06-20T08:45:07+09:00,ALPACA,425279,44.0,36.35155,127.3445,12,세종특별시
2026-06-20T08:45:07+09:00,ALPACA,425166,53.0,36.35158,127.34449,12,세종특별시
2026-06-20T08:45:07+09:00,ALPACA,425431,48.0,36.351585,127.34447,12,세종특별시
2026-06-20T08:45:07+09:00,ALPACA,425463,46.0,36.351597,127.34452,12,세종특별시
2026-06-20T08:45:07+09:00,ALPACA,425338,45.0,36.351597,127.346924,12,세종특별시
2026-06-20T08:45:07+09:00,ALPACA,426232,97.0,36.35173,127.34654,12,세종특별시
2026-06-20T08:45:07+09:00,ALPACA,425181,50.0,36.351772,127.34651,12,세종특별시
2026-06-20T08:45:07+09:00,ALPACA,425634,96.0,36.351948,127.34456,12,세종특별시
2026-06-20T08:45:07+09:00,ALPACA,425405,79.0,36.351967,127.33053,12,세종특별시
2026-06-20T08:45:07+09:00,ALPACA,425428,53.0,36.351982,127.33056,12,세종특별시
2026-06-20T08:45:07+09:00,ALPACA,424679,55.0,36.351986,127.33054,12,세종특별시
2026-06-20T08:45:07+09:00,ALPACA,425392,79.0,36.35199,127.33057,12,세종특별시
2026-06-20T08:45:07+09:00,ALPACA,424875,78.0,36.352005,127.33059,12,세종특별시
2026-06-20T08:45:07+09:00,ALPACA,424848,58.0,36.352013,127.337074,12,세종특별시
2026-06-20T08:45:07+09:00,ALPACA,424531,43.0,36.352016,127.33705,12,세종특별시
2026-06-20T08:45:07+09:00,ALPACA,424790,83.0,36.35203,127.33708,12,세종특별시
2026-06-20T08:45:07+09:00,ALPACA,425330,54.0,36.352066,127.34851,12,세종특별시
2026-06-20T08:45:07+09:00,ALPACA,425532,42.0,36.35213,127.34611,12,세종특별시
2026-06-20T08:45:07+09:00,ALPACA,424667,57.0,36.352142,127.341324,12,세종특별시
2026-06-20T08:45:07+09:00,ALPACA,425724,32.0,36.352177,127.333824,12,세종특별시
2026-06-20T08:45:07+09:00,ALPACA,425337,83.0,36.352417,127.37541,12,세종특별시
2026-06-20T08:45:07+09:00,ALPACA,424435,58.0,36.352432,127.341324,12,세종특별시
2026-06-20T08:45:07+09:00,ALPACA,424205,49.0,36.352486,127.33277,12,세종특별시
2026-06-20T08:45:07+09:00,ALPACA,424972,37.0,36.35249,127.344025,12,세종특별시
2026-06-20T08:45:07+09:00,ALPACA,424420,83.0,36.35261,127.33354,12,세종특별시
2026-06-20T08:45:07+09:00,ALPACA,425504,75.0,36.352695,127.32905,12,세종특별시
2026-06-20T08:45:07+09:00,ALPACA,423869,60.0,36.352776,127.33581,12,세종특별시
2026-06-20T08:45:07+09:00,ALPACA,424379,100.0,36.352863,127.37431,12,세종특별시
2026-06-20T08:45:07+09:00,ALPACA,424955,98.0,36.352867,127.37439,12,세종특별시
2026-06-20T08:45:07+09:00,ALPACA,424978,83.0,36.352875,127.37447,12,세종특별시
2026-06-20T08:45:07+09:00,ALPACA,425535,98.0,36.35288,127.374374,12,세종특별시
2026-06-20T08:45:07+09:00,ALPACA,424490,100.0,36.352882,127.37442,12,세종특별시
2026-06-20T08:45:07+09:00,ALPACA,424575,100.0,36.352882,127.37443,12,세종특별시
2026-06-20T08:45:07+09:00,ALPACA,425234,100.0,36.352882,127.37444,12,세종특별시
2026-06-20T08:45:07+09:00,ALPACA,426307,87.0,36.352898,127.374405,12,세종특별시
2026-06-20T08:45:07+09:00,ALPACA,424249,100.0,36.3529,127.374405,12,세종특별시
2026-06-20T08:45:07+09:00,ALPACA,424967,100.0,36.352905,127.37436,12,세종특별시
2026-06-20T08:45:07+09:00,ALPACA,425254,100.0,36.352905,127.37443,12,세종특별시
2026-06-20T08:45:07+09:00,ALPACA,425700,85.0,36.352924,127.3744,12,세종특별시
2026-06-20T08:45:07+09:00,ALPACA,425308,95.0,36.352924,127.37443,12,세종특별시
2026-06-20T08:45:07+09:00,ALPACA,424352,100.0,36.35293,127.37446,12,세종특별시
2026-06-20T08:45:07+09:00,ALPACA,425689,51.0,36.353,127.347534,12,세종특별시
2026-06-20T08:45:07+09:00,ALPACA,425508,63.0,36.353073,127.34147,12,세종특별시
2026-06-20T08:45:07+09:00,ALPACA,424609,57.0,36.353096,127.33522,12,세종특별시
2026-06-20T08:45:07+09:00,ALPACA,424430,84.0,36.353127,127.34475,12,세종특별시
2026-06-20T08:45:07+09:00,ALPACA,425351,61.0,36.353138,127.3299,12,세종특별시
2026-06-20T08:45:07+09:00,ALPACA,425435,43.0,36.353153,127.329796,12,세종특별시
2026-06-20T08:45:07+09:00,ALPACA,424343,76.0,36.353153,127.3352,12,세종특별시
2026-06-20T08:45:07+09:00,ALPACA,424772,34.0,36.353165,127.32981,12,세종특별시
2026-06-20T08:45:07+09:00,ALPACA,424347,79.0,36.353172,127.34127,12,세종특별시
2026-06-20T08:45:07+09:00,ALPACA,424581,83.0,36.353172,127.33526,12,세종특별시
2026-06-20T08:45:07+09:00,ALPACA,424498,52.0,36.353188,127.33999,12,세종특별시
2026-06-20T08:45:07+09:00,ALPACA,424364,72.0,36.35328,127.34211,12,세종특별시
2026-06-20T08:45:07+09:00,ALPACA,425698,100.0,36.353283,127.34215,12,세종특별시
2026-06-20T08:45:07+09:00,ALPACA,424348,43.0,36.353287,127.34213,12,세종특별시
2026-06-20T08:45:07+09:00,ALPACA,424412,73.0,36.35329,127.34213,12,세종특별시
2026-06-20T08:45:07+09:00,ALPACA,425738,100.0,36.353306,127.34211,12,세종특별시
2026-06-20T08:45:07+09:00,ALPACA,424437,100.0,36.35331,127.34216,12,세종특별시
2026-06-20T08:45:07+09:00,ALPACA,425016,90.0,36.35331,127.342125,12,세종특별시
2026-06-20T08:45:07+09:00,ALPACA,425499,99.0,36.353313,127.3421,12,세종특별시
2026-06-20T08:45:07+09:00,ALPACA,424447,46.0,36.353333,127.34298,12,세종특별시
2026-06-20T08:45:07+09:00,ALPACA,424465,100.0,36.353336,127.34208,12,세종특별시
2026-06-20T08:45:07+09:00,ALPACA,425432,63.0,36.353344,127.34212,12,세종특별시
2026-06-20T08:45:07+09:00,ALPACA,425229,100.0,36.353344,127.34212,12,세종특별시
2026-06-20T08:45:07+09:00,ALPACA,424431,100.0,36.353386,127.34214,12,세종특별시
2026-06-20T08:45:07+09:00,ALPACA,424296,48.0,36.35341,127.342865,12,세종특별시
2026-06-20T08:45:07+09:00,ALPACA,425420,59.0,36.353436,127.3429,12,세종특별시
2026-06-20T08:45:07+09:00,ALPACA,425682,65.0,36.35344,127.34301,12,세종특별시
2026-06-20T08:45:07+09:00,ALPACA,425984,46.0,36.35345,127.40027,12,세종특별시
2026-06-20T08:45:07+09:00,ALPACA,424414,49.0,36.353455,127.342834,12,세종특별시
2026-06-20T08:45:07+09:00,ALPACA,425726,32.0,36.35346,127.342926,12,세종특별시
2026-06-20T08:45:07+09:00,ALPACA,424627,65.0,36.35346,127.34284,12,세종특별시
2026-06-20T08:45:07+09:00,ALPACA,425739,64.0,36.353477,127.342865,12,세종특별시
2026-06-20T08:45:07+09:00,ALPACA,424334,66.0,36.35349,127.34308,12,세종특별시
2026-06-20T08:45:07+09:00,ALPACA,424453,76.0,36.35353,127.342926,12,세종특별시
2026-06-20T08:45:07+09:00,ALPACA,425327,77.0,36.353535,127.3301,12,세종특별시
2026-06-20T08:45:07+09:00,ALPACA,425219,50.0,36.35354,127.34168,12,세종특별시
2026-06-20T08:45:07+09:00,ALPACA,424615,39.0,36.353783,127.33769,12,세종특별시
2026-06-20T08:45:07+09:00,ALPACA,424365,45.0,36.353848,127.33775,12,세종특별시
2026-06-20T08:45:07+09:00,ALPACA,424426,60.0,36.353985,127.32902,12,세종특별시
2026-06-20T08:45:07+09:00,ALPACA,425445,85.0,36.3541,127.37092,12,세종특별시
2026-06-20T08:45:07+09:00,ALPACA,424631,76.0,36.354164,127.3372,12,세종특별시
2026-06-20T08:45:07+09:00,ALPACA,425346,50.0,36.354313,127.34257,12,세종특별시
2026-06-20T08:45:07+09:00,ALPACA,424155,42.0,36.354412,127.34485,12,세종특별시
2026-06-20T08:45:07+09:00,ALPACA,425710,58.0,36.35442,127.34386,12,세종특별시
2026-06-20T08:45:07+09:00,ALPACA,426329,99.0,36.354454,127.35456,12,세종특별시
2026-06-20T08:45:07+09:00,ALPACA,426482,100.0,36.354465,127.35452,12,세종특별시
2026-06-20T08:45:07+09:00,ALPACA,426354,100.0,36.35447,127.35452,12,세종특별시
2026-06-20T08:45:07+09:00,ALPACA,425577,100.0,36.35448,127.354546,12,세종특별시
2026-06-20T08:45:07+09:00,ALPACA,425937,100.0,36.35448,127.35452,12,세종특별시
2026-06-20T08:45:07+09:00,ALPACA,424345,100.0,36.35448,127.35455,12,세종특별시
2026-06-20T08:45:07+09:00,ALPACA,426330,100.0,36.354485,127.35453,12,세종특별시
2026-06-20T08:45:07+09:00,ALPACA,424752,100.0,36.35449,127.354515,12,세종특별시
2026-06-20T08:45:07+09:00,ALPACA,426248,99.0,36.354492,127.35457,12,세종특별시
2026-06-20T08:45:07+09:00,ALPACA,426512,100.0,36.354496,127.35454,12,세종특별시
2026-06-20T08:45:07+09:00,ALPACA,424605,100.0,36.354496,127.35452,12,세종특별시
2026-06-20T08:45:07+09:00,ALPACA,426376,100.0,36.354504,127.35457,12,세종특별시
2026-06-20T08:45:07+09:00,ALPACA,425052,98.0,36.354507,127.35457,12,세종특별시
2026-06-20T08:45:07+09:00,ALPACA,424349,62.0,36.35456,127.343636,12,세종특별시
2026-06-20T08:45:07+09:00,ALPACA,424487,49.0,36.35457,127.34355,12,세종특별시
2026-06-20T08:45:07+09:00,ALPACA,425461,31.0,36.354595,127.33806,12,세종특별시
2026-06-20T08:45:07+09:00,ALPACA,424468,96.0,36.354626,127.34351,12,세종특별시
2026-06-20T08:45:07+09:00,ALPACA,424673,65.0,36.35463,127.331,12,세종특별시
2026-06-20T08:45:07+09:00,ALPACA,426253,91.0,36.354668,127.34213,12,세종특별시
2026-06-20T08:45:07+09:00,ALPACA,425391,79.0,36.354694,127.34072,12,세종특별시
2026-06-20T08:45:07+09:00,ALPACA,424589,42.0,36.35471,127.335434,12,세종특별시
2026-06-20T08:45:07+09:00,ALPACA,425312,64.0,36.35471,127.34337,12,세종특별시
2026-06-20T08:45:07+09:00,ALPACA,424645,39.0,36.35472,127.33947,12,세종특별시
2026-06-20T08:45:07+09:00,ALPACA,425259,63.0,36.354847,127.33122,12,세종특별시
2026-06-20T08:45:07+09:00,ALPACA,424650,87.0,36.35498,127.34769,12,세종특별시
2026-06-20T08:45:07+09:00,ALPACA,424639,46.0,36.35506,127.337006,12,세종특별시
2026-06-20T08:45:07+09:00,ALPACA,425025,67.0,36.35509,127.33698,12,세종특별시
2026-06-20T08:45:07+09:00,ALPACA,424433,39.0,36.35512,127.337006,12,세종특별시
2026-06-20T08:45:07+09:00,ALPACA,425545,44.0,36.355125,127.34306,12,세종특별시
2026-06-20T08:45:07+09:00,ALPACA,424838,49.0,36.355125,127.34424,12,세종특별시
2026-06-20T08:45:07+09:00,ALPACA,424574,85.0,36.35513,127.34304,12,세종특별시
2026-06-20T08:45:07+09:00,ALPACA,424603,46.0,36.35513,127.344246,12,세종특별시
2026-06-20T08:45:07+09:00,ALPACA,425419,61.0,36.35514,127.33696,12,세종특별시
2026-06-20T08:45:07+09:00,ALPACA,425688,91.0,36.35518,127.35096,12,세종특별시
2026-06-20T08:45:07+09:00,ALPACA,424356,67.0,36.355316,127.34521,12,세종특별시
2026-06-20T08:45:07+09:00,ALPACA,425339,39.0,36.355343,127.335724,12,세종특별시
2026-06-20T08:45:07+09:00,ALPACA,424315,63.0,36.355366,127.33185,12,세종특별시
2026-06-20T08:45:07+09:00,ALPACA,425676,47.0,36.35537,127.33531,12,세종특별시
2026-06-20T08:45:07+09:00,ALPACA,424608,96.0,36.355385,127.33186,12,세종특별시
2026-06-20T08:45:07+09:00,ALPACA,424554,50.0,36.35547,127.3438,12,세종특별시
2026-06-20T08:45:07+09:00,ALPACA,424965,70.0,36.35557,127.33481,12,세종특별시
2026-06-20T08:45:07+09:00,ALPACA,424853,37.0,36.355625,127.34307,12,세종특별시
2026-06-20T08:45:07+09:00,ALPACA,412506,82.0,36.35568,127.37574,12,세종특별시
2026-06-20T08:45:07+09:00,ALPACA,424862,44.0,36.355717,127.33943,12,세종특별시
2026-06-20T08:45:07+09:00,ALPACA,424451,49.0,36.355732,127.36027,12,세종특별시
2026-06-20T08:45:07+09:00,ALPACA,425486,60.0,36.35579,127.33127,12,세종특별시
2026-06-20T08:45:07+09:00,ALPACA,425269,35.0,36.355877,127.35214,12,세종특별시
2026-06-20T08:45:07+09:00,ALPACA,424289,40.0,36.355896,127.3441,12,세종특별시
2026-06-20T08:45:07+09:00,ALPACA,425430,51.0,36.355976,127.33678,12,세종특별시
2026-06-20T08:45:07+09:00,ALPACA,425678,82.0,36.355984,127.33124,12,세종특별시
2026-06-20T08:45:07+09:00,ALPACA,424884,79.0,36.35599,127.33125,12,세종특별시
2026-06-20T08:45:07+09:00,ALPACA,424264,57.0,36.356014,127.33124,12,세종특별시
2026-06-20T08:45:07+09:00,ALPACA,424613,62.0,36.356018,127.34417,12,세종특별시
2026-06-20T08:45:07+09:00,ALPACA,425470,60.0,36.356026,127.33964,12,세종특별시
2026-06-20T08:45:07+09:00,ALPACA,425045,56.0,36.3561,127.33079,12,세종특별시
2026-06-20T08:45:07+09:00,ALPACA,425547,87.0,36.356148,127.35081,12,세종특별시
2026-06-20T08:45:07+09:00,ALPACA,425007,74.0,36.356277,127.36386,12,세종특별시
2026-06-20T08:45:07+09:00,ALPACA,425407,92.0,36.35636,127.361046,12,세종특별시
2026-06-20T08:45:07+09:00,ALPACA,425047,75.0,36.35641,127.34814,12,세종특별시
2026-06-20T08:45:07+09:00,ALPACA,424818,77.0,36.35644,127.34812,12,세종특별시
2026-06-20T08:45:07+09:00,ALPACA,425282,76.0,36.356503,127.348045,12,세종특별시
2026-06-20T08:45:07+09:00,ALPACA,425233,54.0,36.356514,127.341774,12,세종특별시
2026-06-20T08:45:07+09:00,ALPACA,425265,78.0,36.35654,127.34811,12,세종특별시
2026-06-20T08:45:07+09:00,ALPACA,425402,77.0,36.356552,127.348076,12,세종특별시
2026-06-20T08:45:07+09:00,ALPACA,424713,66.0,36.35656,127.34803,12,세종특별시
2026-06-20T08:45:07+09:00,ALPACA,425008,67.0,36.35658,127.331184,12,세종특별시
2026-06-20T08:45:07+09:00,ALPACA,424595,64.0,36.356632,127.33812,12,세종특별시
2026-06-20T08:45:07+09:00,ALPACA,424183,49.0,36.35665,127.33153,12,세종특별시
2026-06-20T08:45:07+09:00,ALPACA,426460,70.0,36.356766,127.33561,12,세종특별시
2026-06-20T08:45:07+09:00,ALPACA,424502,44.0,36.35679,127.33562,12,세종특별시
2026-06-20T08:45:07+09:00,ALPACA,425411,90.0,36.35689,127.33546,12,세종특별시
2026-06-20T08:45:07+09:00,ALPACA,414766,87.0,36.3569,127.335464,12,세종특별시
2026-06-20T08:45:07+09:00,ALPACA,424909,40.0,36.35701,127.34502,12,세종특별시
2026-06-20T08:45:07+09:00,ALPACA,424821,49.0,36.357014,127.35436,12,세종특별시
2026-06-20T08:45:07+09:00,ALPACA,424828,51.0,36.357162,127.35101,12,세종특별시
2026-06-20T08:45:07+09:00,ALPACA,424966,65.0,36.357216,127.358055,12,세종특별시
2026-06-20T08:45:07+09:00,ALPACA,426311,43.0,36.35722,127.340034,12,세종특별시
2026-06-20T08:45:07+09:00,ALPACA,426301,87.0,36.35723,127.34008,12,세종특별시
2026-06-20T08:45:07+09:00,ALPACA,425222,41.0,36.35726,127.35034,12,세종특별시
2026-06-20T08:45:07+09:00,ALPACA,424693,44.0,36.357384,127.34778,12,세종특별시
2026-06-20T08:45:07+09:00,ALPACA,425475,91.0,36.357407,127.37182,12,세종특별시
2026-06-20T08:45:07+09:00,ALPACA,425056,94.0,36.357414,127.37181,12,세종특별시
2026-06-20T08:45:07+09:00,ALPACA,424371,90.0,36.357418,127.371826,12,세종특별시
2026-06-20T08:45:07+09:00,ALPACA,425539,100.0,36.35742,127.37179,12,세종특별시
2026-06-20T08:45:07+09:00,ALPACA,425536,98.0,36.35743,127.37181,12,세종특별시
2026-06-20T08:45:07+09:00,ALPACA,425194,69.0,36.35743,127.34778,12,세종특별시
2026-06-20T08:45:07+09:00,ALPACA,424375,90.0,36.357433,127.371826,12,세종특별시
2026-06-20T08:45:07+09:00,ALPACA,424986,66.0,36.357433,127.34782,12,세종특별시
2026-06-20T08:45:07+09:00,ALPACA,424716,93.0,36.357437,127.371826,12,세종특별시
2026-06-20T08:45:07+09:00,ALPACA,424836,95.0,36.357437,127.37183,12,세종특별시
2026-06-20T08:45:07+09:00,ALPACA,424992,93.0,36.357437,127.37179,12,세종특별시
2026-06-20T08:45:07+09:00,ALPACA,425304,83.0,36.35744,127.37408,12,세종특별시
2026-06-20T08:45:07+09:00,ALPACA,412524,84.0,36.35745,127.37182,12,세종특별시
2026-06-20T08:45:07+09:00,ALPACA,424366,100.0,36.35745,127.37182,12,세종특별시
2026-06-20T08:45:07+09:00,ALPACA,424519,100.0,36.35745,127.37177,12,세종특별시
2026-06-20T08:45:07+09:00,ALPACA,424881,94.0,36.35745,127.37179,12,세종특별시
2026-06-20T08:45:07+09:00,ALPACA,424931,90.0,36.35745,127.37182,12,세종특별시
2026-06-20T08:45:07+09:00,ALPACA,425284,100.0,36.35745,127.37181,12,세종특별시
2026-06-20T08:45:07+09:00,ALPACA,424573,100.0,36.357452,127.37184,12,세종특별시
2026-06-20T08:45:07+09:00,ALPACA,424398,100.0,36.357464,127.37182,12,세종특별시
2026-06-20T08:45:07+09:00,ALPACA,414820,42.0,36.357468,127.37182,12,세종특별시
2026-06-20T08:45:07+09:00,ALPACA,425772,100.0,36.357468,127.3718,12,세종특별시
2026-06-20T08:45:07+09:00,ALPACA,425382,100.0,36.357468,127.37181,12,세종특별시
2026-06-20T08:45:07+09:00,ALPACA,425714,100.0,36.35747,127.37181,12,세종특별시
2026-06-20T08:45:07+09:00,ALPACA,426451,71.0,36.357475,127.37181,12,세종특별시
2026-06-20T08:45:07+09:00,ALPACA,414275,82.0,36.357483,127.37183,12,세종특별시
2026-06-20T08:45:07+09:00,ALPACA,414686,88.0,36.357487,127.37181,12,세종특별시
2026-06-20T08:45:07+09:00,ALPACA,415028,51.0,36.357487,127.37182,12,세종특별시
2026-06-20T08:45:07+09:00,ALPACA,424445,100.0,36.357487,127.371826,12,세종특별시
2026-06-20T08:45:07+09:00,ALPACA,424845,100.0,36.35749,127.371796,12,세종특별시
2026-06-20T08:45:07+09:00,ALPACA,425701,40.0,36.357494,127.371826,12,세종특별시
2026-06-20T08:45:07+09:00,ALPACA,414769,51.0,36.35751,127.37182,12,세종특별시
2026-06-20T08:45:07+09:00,ALPACA,425583,71.0,36.357517,127.37181,12,세종특별시
2026-06-20T08:45:07+09:00,ALPACA,425200,82.0,36.357517,127.371796,12,세종특별시
2026-06-20T08:45:07+09:00,ALPACA,425015,62.0,36.357536,127.37182,12,세종특별시
2026-06-20T08:45:07+09:00,ALPACA,425755,52.0,36.35756,127.3515,12,세종특별시
2026-06-20T08:45:07+09:00,ALPACA,425674,44.0,36.35757,127.35059,12,세종특별시
2026-06-20T08:45:07+09:00,ALPACA,426441,89.0,36.357574,127.34979,12,세종특별시
2026-06-20T08:45:07+09:00,ALPACA,425357,55.0,36.357647,127.33109,12,세종특별시
2026-06-20T08:45:07+09:00,ALPACA,424906,41.0,36.35765,127.35195,12,세종특별시
2026-06-20T08:45:07+09:00,ALPACA,425485,53.0,36.357685,127.34431,12,세종특별시
2026-06-20T08:45:07+09:00,ALPACA,424916,65.0,36.357822,127.35125,12,세종특별시
2026-06-20T08:45:07+09:00,ALPACA,425491,42.0,36.357883,127.34583,12,세종특별시
2026-06-20T08:45:07+09:00,ALPACA,425332,45.0,36.3579,127.35129,12,세종특별시
2026-06-20T08:45:07+09:00,ALPACA,425422,100.0,36.35791,127.36395,12,세종특별시
2026-06-20T08:45:07+09:00,ALPACA,425460,100.0,36.35793,127.36385,12,세종특별시
2026-06-20T08:45:07+09:00,ALPACA,425753,73.0,36.35793,127.36391,12,세종특별시
2026-06-20T08:45:07+09:00,ALPACA,426268,100.0,36.357937,127.36383,12,세종특별시
2026-06-20T08:45:07+09:00,ALPACA,425765,88.0,36.357944,127.36386,12,세종특별시
2026-06-20T08:45:07+09:00,ALPACA,423880,99.0,36.357956,127.363785,12,세종특별시
2026-06-20T08:45:07+09:00,ALPACA,424185,100.0,36.35796,127.36382,12,세종특별시
2026-06-20T08:45:07+09:00,ALPACA,425209,85.0,36.35796,127.37969,12,세종특별시
2026-06-20T08:45:07+09:00,ALPACA,424400,100.0,36.357964,127.363815,12,세종특별시
2026-06-20T08:45:07+09:00,ALPACA,425543,78.0,36.357975,127.36382,12,세종특별시
2026-06-20T08:45:07+09:00,ALPACA,424326,100.0,36.357983,127.364,12,세종특별시
2026-06-20T08:45:07+09:00,ALPACA,425992,100.0,36.357986,127.363785,12,세종특별시
2026-06-20T08:45:07+09:00,ALPACA,424388,69.0,36.357994,127.36381,12,세종특별시
2026-06-20T08:45:07+09:00,ALPACA,424569,76.0,36.358,127.36382,12,세종특별시
2026-06-20T08:45:07+09:00,ALPACA,424403,76.0,36.358006,127.36379,12,세종특별시
2026-06-20T08:45:07+09:00,ALPACA,424572,86.0,36.358013,127.363914,12,세종특별시
2026-06-20T08:45:07+09:00,ALPACA,425223,49.0,36.35813,127.35243,12,세종특별시
2026-06-20T08:45:07+09:00,ALPACA,424560,38.0,36.358322,127.35582,12,세종특별시
2026-06-20T08:45:07+09:00,ALPACA,425127,51.0,36.358402,127.32857,12,세종특별시
2026-06-20T08:45:07+09:00,ALPACA,424479,62.0,36.358505,127.34494,12,세종특별시
2026-06-20T08:45:07+09:00,ALPACA,424808,47.0,36.358772,127.35916,12,세종특별시
2026-06-20T08:45:07+09:00,ALPACA,424789,58.0,36.35878,127.359116,12,세종특별시
2026-06-20T08:45:07+09:00,ALPACA,424817,76.0,36.358967,127.33226,12,세종특별시
2026-06-20T08:45:07+09:00,ALPACA,424979,68.0,36.35902,127.33379,12,세종특별시
2026-06-20T08:45:07+09:00,ALPACA,424943,64.0,36.359043,127.33376,12,세종특별시
2026-06-20T08:45:07+09:00,ALPACA,425161,70.0,36.359043,127.35218,12,세종특별시
2026-06-20T08:45:07+09:00,ALPACA,424970,45.0,36.35905,127.333725,12,세종특별시
2026-06-20T08:45:07+09:00,ALPACA,425440,66.0,36.359055,127.33343,12,세종특별시
2026-06-20T08:45:07+09:00,ALPACA,425210,46.0,36.35906,127.33347,12,세종특별시
2026-06-20T08:45:07+09:00,ALPACA,425421,62.0,36.359062,127.33345,12,세종특별시
2026-06-20T08:45:07+09:00,ALPACA,425393,56.0,36.359062,127.35218,12,세종특별시
2026-06-20T08:45:07+09:00,ALPACA,425396,71.0,36.359062,127.33344,12,세종특별시
2026-06-20T08:45:07+09:00,ALPACA,425410,63.0,36.35907,127.33347,12,세종특별시
2026-06-20T08:45:07+09:00,ALPACA,425325,56.0,36.35909,127.33349,12,세종특별시
2026-06-20T08:45:07+09:00,ALPACA,424859,62.0,36.359093,127.333466,12,세종특별시
2026-06-20T08:45:07+09:00,ALPACA,425201,65.0,36.359097,127.34553,12,세종특별시
2026-06-20T08:45:07+09:00,ALPACA,424630,81.0,36.359272,127.3417,12,세종특별시
2026-06-20T08:45:07+09:00,ALPACA,424558,84.0,36.359306,127.35442,12,세종특별시
2026-06-20T08:45:07+09:00,ALPACA,424684,51.0,36.359425,127.333916,12,세종특별시
2026-06-20T08:45:07+09:00,ALPACA,424448,89.0,36.35951,127.33482,12,세종특별시
2026-06-20T08:45:07+09:00,ALPACA,425358,98.0,36.359547,127.343346,12,세종특별시
2026-06-20T08:45:07+09:00,ALPACA,425564,87.0,36.359573,127.34343,12,세종특별시
2026-06-20T08:45:07+09:00,ALPACA,424610,46.0,36.359737,127.33646,12,세종특별시
2026-06-20T08:45:07+09:00,ALPACA,424638,40.0,36.359737,127.33638,12,세종특별시
2026-06-20T08:45:07+09:00,ALPACA,414824,48.0,36.35978,127.374146,12,세종특별시
2026-06-20T08:45:07+09:00,ALPACA,425077,99.0,36.359863,127.371994,12,세종특별시
2026-06-20T08:45:07+09:00,ALPACA,424998,54.0,36.360413,127.33222,12,세종특별시
2026-06-20T08:45:07+09:00,ALPACA,424985,41.0,36.360596,127.33354,12,세종특별시
2026-06-20T08:45:07+09:00,ALPACA,425626,32.0,36.360767,127.333916,12,세종특별시
2026-06-20T08:45:07+09:00,ALPACA,424598,65.0,36.360916,127.350266,12,세종특별시
2026-06-20T08:45:07+09:00,ALPACA,424894,58.0,36.361115,127.33635,12,세종특별시
2026-06-20T08:45:07+09:00,ALPACA,425326,71.0,36.361115,127.3372,12,세종특별시
2026-06-20T08:45:07+09:00,ALPACA,425353,44.0,36.361145,127.338425,12,세종특별시
2026-06-20T08:45:07+09:00,ALPACA,424556,100.0,36.36118,127.356,12,세종특별시
2026-06-20T08:45:07+09:00,ALPACA,425046,85.0,36.361324,127.33851,12,세종특별시
2026-06-20T08:45:07+09:00,ALPACA,425246,44.0,36.36135,127.33777,12,세종특별시
2026-06-20T08:45:07+09:00,ALPACA,424374,97.0,36.36141,127.33746,12,세종특별시
2026-06-20T08:45:07+09:00,ALPACA,424976,100.0,36.36153,127.35697,12,세종특별시
2026-06-20T08:45:07+09:00,ALPACA,426378,100.0,36.36154,127.35697,12,세종특별시
2026-06-20T08:45:07+09:00,ALPACA,424441,86.0,36.361656,127.33664,12,세종특별시
2026-06-20T08:45:07+09:00,ALPACA,414826,32.0,36.36168,127.353264,12,세종특별시
2026-06-20T08:45:07+09:00,ALPACA,425693,95.0,36.36177,127.344894,12,세종특별시
2026-06-20T08:45:07+09:00,ALPACA,425454,59.0,36.36179,127.33026,12,세종특별시
2026-06-20T08:45:07+09:00,ALPACA,424634,58.0,36.361794,127.35746,12,세종특별시
2026-06-20T08:45:07+09:00,ALPACA,424369,90.0,36.36182,127.357475,12,세종특별시
2026-06-20T08:45:07+09:00,ALPACA,424885,97.0,36.36183,127.357574,12,세종특별시
2026-06-20T08:45:07+09:00,ALPACA,426262,100.0,36.36184,127.3576,12,세종특별시
2026-06-20T08:45:07+09:00,ALPACA,424405,100.0,36.36185,127.35762,12,세종특별시
2026-06-20T08:45:07+09:00,ALPACA,424889,100.0,36.36185,127.357574,12,세종특별시
2026-06-20T08:45:07+09:00,ALPACA,424415,34.0,36.361877,127.34437,12,세종특별시
2026-06-20T08:45:07+09:00,ALPACA,424786,50.0,36.361923,127.35732,12,세종특별시
2026-06-20T08:45:07+09:00,ALPACA,424958,74.0,36.361958,127.35738,12,세종특별시
2026-06-20T08:45:07+09:00,ALPACA,425371,74.0,36.361965,127.357376,12,세종특별시
2026-06-20T08:45:07+09:00,ALPACA,424922,46.0,36.36197,127.35737,12,세종특별시
2026-06-20T08:45:07+09:00,ALPACA,425368,75.0,36.36197,127.35735,12,세종특별시
2026-06-20T08:45:07+09:00,ALPACA,424584,67.0,36.36198,127.35785,12,세종특별시
2026-06-20T08:45:07+09:00,ALPACA,425527,76.0,36.36202,127.35738,12,세종특별시
2026-06-20T08:45:07+09:00,ALPACA,425114,44.0,36.36203,127.36115,12,세종특별시
2026-06-20T08:45:07+09:00,ALPACA,424399,82.0,36.362183,127.37412,12,세종특별시
2026-06-20T08:45:07+09:00,ALPACA,424778,95.0,36.36247,127.34416,12,세종특별시
2026-06-20T08:45:07+09:00,ALPACA,425184,100.0,36.362507,127.35731,12,세종특별시
2026-06-20T08:45:07+09:00,ALPACA,424578,94.0,36.36252,127.33519,12,세종특별시
2026-06-20T08:45:07+09:00,ALPACA,425389,55.0,36.36252,127.357346,12,세종특별시
2026-06-20T08:45:07+09:00,ALPACA,424941,100.0,36.362583,127.3447,12,세종특별시
2026-06-20T08:45:07+09:00,ALPACA,425118,95.0,36.362583,127.34451,12,세종특별시
2026-06-20T08:45:07+09:00,ALPACA,424957,97.0,36.362587,127.3446,12,세종특별시
2026-06-20T08:45:07+09:00,ALPACA,424592,76.0,36.362595,127.34471,12,세종특별시
2026-06-20T08:45:07+09:00,ALPACA,425434,100.0,36.3626,127.34471,12,세종특별시
2026-06-20T08:45:07+09:00,ALPACA,424332,100.0,36.362602,127.34473,12,세종특별시
2026-06-20T08:45:07+09:00,ALPACA,424585,100.0,36.362602,127.3447,12,세종특별시
2026-06-20T08:45:07+09:00,ALPACA,425588,100.0,36.362606,127.34472,12,세종특별시
2026-06-20T08:45:07+09:00,ALPACA,425703,68.0,36.36261,127.344505,12,세종특별시
2026-06-20T08:45:07+09:00,ALPACA,425224,98.0,36.362614,127.344475,12,세종특별시
2026-06-20T08:45:07+09:00,ALPACA,424429,99.0,36.36262,127.34457,12,세종특별시
2026-06-20T08:45:07+09:00,ALPACA,424919,100.0,36.36262,127.34452,12,세종특별시
2026-06-20T08:45:07+09:00,ALPACA,425345,100.0,36.36262,127.344734,12,세종특별시
2026-06-20T08:45:07+09:00,ALPACA,425400,62.0,36.362625,127.34453,12,세종특별시
2026-06-20T08:45:07+09:00,ALPACA,425377,100.0,36.36263,127.34456,12,세종특별시
2026-06-20T08:45:07+09:00,ALPACA,425549,94.0,36.362633,127.34458,12,세종특별시
2026-06-20T08:45:07+09:00,ALPACA,424937,100.0,36.36264,127.34456,12,세종특별시
2026-06-20T08:45:07+09:00,ALPACA,425314,95.0,36.36265,127.34456,12,세종특별시
2026-06-20T08:45:07+09:00,ALPACA,425955,100.0,36.36266,127.344696,12,세종특별시
2026-06-20T08:45:07+09:00,ALPACA,424727,92.0,36.362663,127.34357,12,세종특별시
2026-06-20T08:45:07+09:00,ALPACA,424767,79.0,36.36267,127.343605,12,세종특별시
2026-06-20T08:45:07+09:00,ALPACA,425005,75.0,36.36267,127.34359,12,세종특별시
2026-06-20T08:45:07+09:00,ALPACA,426413,32.0,36.36271,127.34346,12,세종특별시
2026-06-20T08:45:07+09:00,ALPACA,424493,76.0,36.362835,127.35148,12,세종특별시
2026-06-20T08:45:07+09:00,ALPACA,424758,53.0,36.362843,127.356865,12,세종특별시
2026-06-20T08:45:07+09:00,ALPACA,425129,100.0,36.36287,127.35676,12,세종특별시
2026-06-20T08:45:07+09:00,ALPACA,425630,84.0,36.363148,127.34218,12,세종특별시
2026-06-20T08:45:07+09:00,ALPACA,424342,73.0,36.363224,127.334885,12,세종특별시
2026-06-20T08:45:07+09:00,ALPACA,425472,35.0,36.363243,127.34195,12,세종특별시
2026-06-20T08:45:07+09:00,ALPACA,424485,51.0,36.363274,127.33416,12,세종특별시
2026-06-20T08:45:07+09:00,ALPACA,425336,100.0,36.36348,127.35655,12,세종특별시
2026-06-20T08:45:07+09:00,ALPACA,424804,95.0,36.363518,127.356926,12,세종특별시
2026-06-20T08:45:07+09:00,ALPACA,425623,91.0,36.36368,127.3582,12,세종특별시
2026-06-20T08:45:07+09:00,ALPACA,425437,54.0,36.3637,127.358185,12,세종특별시
2026-06-20T08:45:07+09:00,ALPACA,425459,50.0,36.36404,127.35904,12,세종특별시
2026-06-20T08:45:07+09:00,ALPACA,425356,43.0,36.364616,127.34049,12,세종특별시
2026-06-20T08:45:07+09:00,ALPACA,425323,41.0,36.36463,127.34037,12,세종특별시
2026-06-20T08:45:07+09:00,ALPACA,424557,92.0,36.36471,127.34718,12,세종특별시
2026-06-20T08:45:07+09:00,ALPACA,425687,100.0,36.364986,127.347565,12,세종특별시
2026-06-20T08:45:07+09:00,ALPACA,425237,70.0,36.364998,127.34737,12,세종특별시
2026-06-20T08:45:07+09:00,ALPACA,424728,98.0,36.365192,127.34632,12,세종특별시
2026-06-20T08:45:07+09:00,ALPACA,424962,100.0,36.36541,127.36342,12,세종특별시
2026-06-20T08:45:07+09:00,ALPACA,423883,66.0,36.365643,127.346085,12,세종특별시
2026-06-20T08:45:07+09:00,ALPACA,425031,47.0,36.365723,127.33681,12,세종특별시
2026-06-20T08:45:07+09:00,ALPACA,424308,76.0,36.36589,127.36466,12,세종특별시
2026-06-20T08:45:07+09:00,ALPACA,425748,68.0,36.3659,127.36465,12,세종특별시
2026-06-20T08:45:07+09:00,ALPACA,424567,76.0,36.365902,127.364655,12,세종특별시
2026-06-20T08:45:07+09:00,ALPACA,424566,75.0,36.365906,127.364655,12,세종특별시
2026-06-20T08:45:07+09:00,ALPACA,425744,66.0,36.365913,127.36465,12,세종특별시
2026-06-20T08:45:07+09:00,ALPACA,424207,67.0,36.365913,127.364655,12,세종특별시
2026-06-20T08:45:07+09:00,ALPACA,424413,75.0,36.365917,127.36466,12,세종특별시
2026-06-20T08:45:07+09:00,ALPACA,426462,76.0,36.36644,127.31598,12,세종특별시
2026-06-20T08:45:07+09:00,ALPACA,424805,99.0,36.366493,127.3428,12,세종특별시
2026-06-20T08:45:07+09:00,ALPACA,426436,95.0,36.366497,127.34273,12,세종특별시
2026-06-20T08:45:07+09:00,ALPACA,424344,96.0,36.3665,127.3428,12,세종특별시
2026-06-20T08:45:07+09:00,ALPACA,424823,56.0,36.3665,127.342834,12,세종특별시
2026-06-20T08:45:07+09:00,ALPACA,425014,92.0,36.3665,127.34282,12,세종특별시
2026-06-20T08:45:07+09:00,ALPACA,425137,63.0,36.3665,127.34271,12,세종특별시
2026-06-20T08:45:07+09:00,ALPACA,424528,33.0,36.36651,127.3425,12,세종특별시
2026-06-20T08:45:07+09:00,ALPACA,425313,34.0,36.366512,127.34256,12,세종특별시
2026-06-20T08:45:07+09:00,ALPACA,424833,88.0,36.366516,127.342804,12,세종특별시
2026-06-20T08:45:07+09:00,ALPACA,425514,81.0,36.366528,127.342636,12,세종특별시
2026-06-20T08:45:07+09:00,ALPACA,425466,96.0,36.36654,127.3428,12,세종특별시
2026-06-20T08:45:07+09:00,ALPACA,425416,62.0,36.366554,127.34257,12,세종특별시
2026-06-20T08:45:07+09:00,ALPACA,425340,91.0,36.366554,127.34517,12,세종특별시
2026-06-20T08:45:07+09:00,ALPACA,425974,96.0,36.366566,127.342476,12,세종특별시
2026-06-20T08:45:07+09:00,ALPACA,425559,72.0,36.366577,127.34559,12,세종특별시
2026-06-20T08:45:07+09:00,ALPACA,424964,100.0,36.366577,127.36243,12,세종특별시
2026-06-20T08:45:07+09:00,ALPACA,424553,37.0,36.366688,127.3446,12,세종특별시
2026-06-20T08:45:07+09:00,ALPACA,424338,38.0,36.36674,127.34466,12,세종특별시
2026-06-20T08:45:07+09:00,ALPACA,425716,90.0,36.366745,127.34466,12,세종특별시
2026-06-20T08:45:07+09:00,ALPACA,425168,44.0,36.366848,127.3447,12,세종특별시
2026-06-20T08:45:07+09:00,ALPACA,425493,56.0,36.366856,127.34641,12,세종특별시
2026-06-20T08:45:07+09:00,ALPACA,424571,98.0,36.366863,127.34466,12,세종특별시
2026-06-20T08:45:07+09:00,ALPACA,425208,77.0,36.36688,127.344734,12,세종특별시
2026-06-20T08:45:07+09:00,ALPACA,425048,97.0,36.36689,127.34468,12,세종특별시
2026-06-20T08:45:07+09:00,ALPACA,425251,97.0,36.366936,127.34473,12,세종특별시
2026-06-20T08:45:07+09:00,ALPACA,424337,97.0,36.367,127.340836,12,세종특별시
2026-06-20T08:45:07+09:00,ALPACA,425598,78.0,36.36701,127.34084,12,세종특별시
2026-06-20T08:45:07+09:00,ALPACA,425009,88.0,36.367023,127.340866,12,세종특별시
2026-06-20T08:45:07+09:00,ALPACA,425756,98.0,36.367115,127.345894,12,세종특별시
2026-06-20T08:45:07+09:00,ALPACA,425060,74.0,36.367153,127.36254,12,세종특별시
2026-06-20T08:45:07+09:00,ALPACA,424496,100.0,36.36717,127.36254,12,세종특별시
2026-06-20T08:45:07+09:00,ALPACA,424802,61.0,36.367344,127.35677,12,세종특별시
2026-06-20T08:45:07+09:00,ALPACA,424454,76.0,36.36738,127.34067,12,세종특별시
2026-06-20T08:45:07+09:00,ALPACA,424968,91.0,36.36739,127.34069,12,세종특별시
2026-06-20T08:45:07+09:00,ALPACA,425018,43.0,36.367558,127.36122,12,세종특별시
2026-06-20T08:45:07+09:00,ALPACA,424751,68.0,36.367603,127.34084,12,세종특별시
2026-06-20T08:45:07+09:00,ALPACA,425106,95.0,36.367783,127.3656,12,세종특별시
2026-06-20T08:45:07+09:00,ALPACA,424987,100.0,36.367794,127.3421,12,세종특별시
2026-06-20T08:45:07+09:00,ALPACA,424742,71.0,36.367817,127.34209,12,세종특별시
2026-06-20T08:45:07+09:00,ALPACA,425125,65.0,36.367817,127.34215,12,세종특별시
2026-06-20T08:45:07+09:00,ALPACA,425441,100.0,36.367825,127.365616,12,세종특별시
2026-06-20T08:45:07+09:00,ALPACA,425684,80.0,36.36783,127.36563,12,세종특별시
2026-06-20T08:45:07+09:00,ALPACA,425119,62.0,36.36783,127.34214,12,세종특별시
2026-06-20T08:45:07+09:00,ALPACA,425691,83.0,36.367836,127.34036,12,세종특별시
2026-06-20T08:45:07+09:00,ALPACA,424551,34.0,36.367836,127.34211,12,세종특별시
2026-06-20T08:45:07+09:00,ALPACA,424391,85.0,36.36784,127.34212,12,세종특별시
2026-06-20T08:45:07+09:00,ALPACA,425483,77.0,36.367844,127.34205,12,세종특별시
2026-06-20T08:45:07+09:00,ALPACA,425620,68.0,36.367847,127.34213,12,세종특별시
2026-06-20T08:45:07+09:00,ALPACA,425468,100.0,36.367855,127.36566,12,세종특별시
2026-06-20T08:45:07+09:00,ALPACA,424361,96.0,36.367867,127.342064,12,세종특별시
2026-06-20T08:45:07+09:00,ALPACA,424773,90.0,36.36788,127.34211,12,세종특별시
2026-06-20T08:45:07+09:00,ALPACA,425185,93.0,36.36789,127.34206,12,세종특별시
2026-06-20T08:45:07+09:00,ALPACA,425426,81.0,36.36792,127.34157,12,세종특별시
2026-06-20T08:45:07+09:00,ALPACA,425480,84.0,36.368137,127.34601,12,세종특별시
2026-06-20T08:45:07+09:00,ALPACA,425777,64.0,36.368137,127.34604,12,세종특별시
2026-06-20T08:45:07+09:00,ALPACA,424851,52.0,36.368145,127.34598,12,세종특별시
2026-06-20T08:45:07+09:00,ALPACA,423922,33.0,36.368153,127.34598,12,세종특별시
2026-06-20T08:45:07+09:00,ALPACA,414685,71.0,36.368164,127.34597,12,세종특별시
2026-06-20T08:45:07+09:00,ALPACA,425624,100.0,36.368176,127.34594,12,세종특별시
2026-06-20T08:45:07+09:00,ALPACA,425729,87.0,36.36821,127.34595,12,세종특별시
2026-06-20T08:45:07+09:00,ALPACA,425478,83.0,36.368275,127.34259,12,세종특별시
2026-06-20T08:45:07+09:00,ALPACA,425481,90.0,36.368275,127.34272,12,세종특별시
2026-06-20T08:45:07+09:00,ALPACA,425139,81.0,36.368282,127.34259,12,세종특별시
2026-06-20T08:45:07+09:00,ALPACA,425331,58.0,36.368282,127.34254,12,세종특별시
2026-06-20T08:45:07+09:00,ALPACA,425003,75.0,36.368313,127.34261,12,세종특별시
2026-06-20T08:45:07+09:00,ALPACA,424524,75.0,36.36832,127.342575,12,세종특별시
2026-06-20T08:45:07+09:00,ALPACA,425617,39.0,36.368324,127.34259,12,세종특별시
2026-06-20T08:45:07+09:00,ALPACA,425621,53.0,36.36834,127.34257,12,세종특별시
2026-06-20T08:45:07+09:00,ALPACA,425063,97.0,36.368347,127.34267,12,세종특별시
2026-06-20T08:45:07+09:00,ALPACA,424858,100.0,36.36853,127.36599,12,세종특별시
2026-06-20T08:45:07+09:00,ALPACA,424409,48.0,36.36859,127.34063,12,세종특별시
2026-06-20T08:45:07+09:00,ALPACA,424428,33.0,36.36863,127.343735,12,세종특별시
2026-06-20T08:45:07+09:00,ALPACA,425423,83.0,36.36864,127.34067,12,세종특별시
2026-06-20T08:45:07+09:00,ALPACA,425088,31.0,36.36864,127.34377,12,세종특별시
2026-06-20T08:45:07+09:00,ALPACA,411802,73.0,36.368645,127.34372,12,세종특별시
2026-06-20T08:45:07+09:00,ALPACA,424123,55.0,36.368645,127.34071,12,세종특별시
2026-06-20T08:45:07+09:00,ALPACA,425315,96.0,36.36865,127.34379,12,세종특별시
2026-06-20T08:45:07+09:00,ALPACA,424907,92.0,36.368652,127.340645,12,세종특별시
2026-06-20T08:45:07+09:00,ALPACA,424683,71.0,36.368683,127.34074,12,세종특별시
2026-06-20T08:45:07+09:00,ALPACA,424824,45.0,36.368683,127.338264,12,세종특별시
2026-06-20T08:45:07+09:00,ALPACA,424423,100.0,36.368687,127.34073,12,세종특별시
2026-06-20T08:45:07+09:00,ALPACA,424632,60.0,36.368687,127.34072,12,세종특별시
2026-06-20T08:45:07+09:00,ALPACA,425548,97.0,36.36869,127.34071,12,세종특별시
2026-06-20T08:45:07+09:00,ALPACA,424945,69.0,36.36869,127.34189,12,세종특별시
2026-06-20T08:45:07+09:00,ALPACA,425158,80.0,36.368702,127.34065,12,세종특별시
2026-06-20T08:45:07+09:00,ALPACA,424354,32.0,36.368706,127.340706,12,세종특별시
2026-06-20T08:45:07+09:00,ALPACA,424362,45.0,36.368706,127.34187,12,세종특별시
2026-06-20T08:45:07+09:00,ALPACA,424530,100.0,36.368706,127.340675,12,세종특별시
2026-06-20T08:45:07+09:00,ALPACA,425540,51.0,36.368717,127.34193,12,세종특별시
2026-06-20T08:45:07+09:00,ALPACA,425442,78.0,36.368725,127.3407,12,세종특별시
2026-06-20T08:45:07+09:00,ALPACA,414402,83.0,36.36873,127.34073,12,세종특별시
2026-06-20T08:45:07+09:00,ALPACA,425172,56.0,36.36873,127.341965,12,세종특별시
2026-06-20T08:45:07+09:00,ALPACA,425715,76.0,36.368732,127.34067,12,세종특별시
2026-06-20T08:45:07+09:00,ALPACA,424626,56.0,36.368732,127.34056,12,세종특별시
2026-06-20T08:45:07+09:00,ALPACA,425394,100.0,36.368732,127.34068,12,세종특별시
2026-06-20T08:45:07+09:00,ALPACA,425522,58.0,36.368736,127.34069,12,세종특별시
2026-06-20T08:45:07+09:00,ALPACA,424475,50.0,36.368736,127.34069,12,세종특별시
2026-06-20T08:45:07+09:00,ALPACA,425230,100.0,36.368736,127.3407,12,세종특별시
2026-06-20T08:45:07+09:00,ALPACA,425249,84.0,36.368736,127.3406,12,세종특별시
2026-06-20T08:45:07+09:00,ALPACA,415497,55.0,36.368744,127.34252,12,세종특별시
2026-06-20T08:45:07+09:00,ALPACA,425473,52.0,36.368767,127.3419,12,세종특별시
2026-06-20T08:45:07+09:00,ALPACA,424500,87.0,36.36877,127.34069,12,세종특별시
2026-06-20T08:45:07+09:00,ALPACA,424877,75.0,36.36877,127.340675,12,세종특별시
2026-06-20T08:45:07+09:00,ALPACA,425277,93.0,36.36877,127.340706,12,세종특별시
2026-06-20T08:45:07+09:00,ALPACA,424959,75.0,36.368786,127.34069,12,세종특별시
2026-06-20T08:45:07+09:00,ALPACA,424633,80.0,36.36879,127.34076,12,세종특별시
2026-06-20T08:45:07+09:00,ALPACA,425457,62.0,36.368793,127.34071,12,세종특별시
2026-06-20T08:45:07+09:00,ALPACA,425542,52.0,36.368805,127.34252,12,세종특별시
2026-06-20T08:45:07+09:00,ALPACA,424440,60.0,36.36884,127.340004,12,세종특별시
2026-06-20T08:45:07+09:00,ALPACA,425538,49.0,36.36886,127.33998,12,세종특별시
2026-06-20T08:45:07+09:00,ALPACA,426105,97.0,36.368874,127.31593,12,세종특별시
2026-06-20T08:45:07+09:00,ALPACA,425080,76.0,36.368877,127.34285,12,세종특별시
2026-06-20T08:45:07+09:00,ALPACA,426099,86.0,36.36888,127.34277,12,세종특별시
2026-06-20T08:45:07+09:00,ALPACA,425043,52.0,36.368885,127.339966,12,세종특별시
2026-06-20T08:45:07+09:00,ALPACA,425311,57.0,36.36889,127.33994,12,세종특별시
2026-06-20T08:45:07+09:00,ALPACA,425081,51.0,36.368896,127.339966,12,세종특별시
2026-06-20T08:45:07+09:00,ALPACA,424417,52.0,36.3689,127.33996,12,세종특별시
2026-06-20T08:45:07+09:00,ALPACA,425415,67.0,36.368904,127.34292,12,세종특별시
2026-06-20T08:45:07+09:00,ALPACA,424686,48.0,36.368904,127.34285,12,세종특별시
2026-06-20T08:45:07+09:00,ALPACA,424718,77.0,36.368908,127.35069,12,세종특별시
2026-06-20T08:45:07+09:00,ALPACA,425071,53.0,36.36891,127.34288,12,세종특별시
2026-06-20T08:45:07+09:00,ALPACA,426361,87.0,36.368916,127.34398,12,세종특별시
2026-06-20T08:45:07+09:00,ALPACA,424355,72.0,36.368935,127.340996,12,세종특별시
2026-06-20T08:45:07+09:00,ALPACA,424980,36.0,36.368954,127.34293,12,세종특별시
2026-06-20T08:45:07+09:00,ALPACA,426267,75.0,36.36896,127.340836,12,세종특별시
2026-06-20T08:45:07+09:00,ALPACA,424552,61.0,36.368973,127.3398,12,세종특별시
2026-06-20T08:45:07+09:00,ALPACA,424940,49.0,36.368977,127.33997,12,세종특별시
2026-06-20T08:45:07+09:00,ALPACA,424339,67.0,36.36899,127.339966,12,세종특별시
2026-06-20T08:45:07+09:00,ALPACA,425163,39.0,36.36899,127.3425,12,세종특별시
2026-06-20T08:45:07+09:00,ALPACA,425447,100.0,36.368996,127.34001,12,세종특별시
2026-06-20T08:45:07+09:00,ALPACA,425264,69.0,36.369022,127.33998,12,세종특별시
2026-06-20T08:45:07+09:00,ALPACA,425429,64.0,36.36903,127.339935,12,세종특별시
2026-06-20T08:45:07+09:00,ALPACA,425628,42.0,36.369175,127.33391,12,세종특별시
2026-06-20T08:45:07+09:00,ALPACA,425232,100.0,36.369297,127.366806,12,세종특별시
2026-06-20T08:45:07+09:00,ALPACA,426370,51.0,36.369522,127.35133,12,세종특별시
2026-06-20T08:45:07+09:00,ALPACA,424341,31.0,36.369537,127.35133,12,세종특별시
2026-06-20T08:45:07+09:00,ALPACA,424513,82.0,36.369537,127.35133,12,세종특별시
2026-06-20T08:45:07+09:00,ALPACA,425771,70.0,36.36954,127.35135,12,세종특별시
2026-06-20T08:45:07+09:00,ALPACA,424351,79.0,36.36954,127.351295,12,세종특별시
2026-06-20T08:45:07+09:00,ALPACA,425633,46.0,36.369545,127.35128,12,세종특별시
2026-06-20T08:45:07+09:00,ALPACA,425280,77.0,36.369545,127.35132,12,세종특별시
2026-06-20T08:45:07+09:00,ALPACA,425418,95.0,36.369553,127.351326,12,세종특별시
2026-06-20T08:45:07+09:00,ALPACA,425187,73.0,36.369553,127.35134,12,세종특별시
2026-06-20T08:45:07+09:00,ALPACA,425528,74.0,36.369556,127.35126,12,세종특별시
2026-06-20T08:45:07+09:00,ALPACA,424796,100.0,36.369556,127.35134,12,세종특별시
2026-06-20T08:45:07+09:00,ALPACA,425177,100.0,36.369556,127.35128,12,세종특별시
2026-06-20T08:45:07+09:00,ALPACA,425692,94.0,36.36956,127.35127,12,세종특별시
2026-06-20T08:45:07+09:00,ALPACA,424888,83.0,36.36956,127.35126,12,세종특별시
2026-06-20T08:45:07+09:00,ALPACA,425176,71.0,36.36956,127.35123,12,세종특별시
2026-06-20T08:45:07+09:00,ALPACA,425484,95.0,36.369564,127.35133,12,세종특별시
2026-06-20T08:45:07+09:00,ALPACA,424186,87.0,36.369568,127.351265,12,세종특별시
2026-06-20T08:45:07+09:00,ALPACA,424749,93.0,36.369568,127.34378,12,세종특별시
2026-06-20T08:45:07+09:00,ALPACA,424803,62.0,36.369583,127.35124,12,세종특별시
2026-06-20T08:45:07+09:00,ALPACA,425462,89.0,36.369587,127.3513,12,세종특별시
2026-06-20T08:45:07+09:00,ALPACA,425631,50.0,36.36959,127.35129,12,세종특별시
2026-06-20T08:45:07+09:00,ALPACA,424464,36.0,36.369595,127.31903,12,세종특별시
2026-06-20T08:45:07+09:00,ALPACA,425534,46.0,36.3696,127.3437,12,세종특별시
2026-06-20T08:45:07+09:00,ALPACA,423908,97.0,36.369606,127.351166,12,세종특별시
2026-06-20T08:45:07+09:00,ALPACA,425581,99.0,36.369614,127.35119,12,세종특별시
2026-06-20T08:45:07+09:00,ALPACA,424855,95.0,36.369614,127.35117,12,세종특별시
2026-06-20T08:45:07+09:00,ALPACA,425328,61.0,36.369614,127.35118,12,세종특별시
2026-06-20T08:45:07+09:00,ALPACA,425775,99.0,36.369617,127.343285,12,세종특별시
2026-06-20T08:45:07+09:00,ALPACA,425105,77.0,36.36963,127.351166,12,세종특별시
2026-06-20T08:45:07+09:00,ALPACA,425513,72.0,36.369637,127.34374,12,세종특별시
2026-06-20T08:45:07+09:00,ALPACA,424480,67.0,36.369637,127.35117,12,세종특별시
2026-06-20T08:45:07+09:00,ALPACA,425369,100.0,36.36964,127.36308,12,세종특별시
2026-06-20T08:45:07+09:00,ALPACA,424784,85.0,36.369648,127.3512,12,세종특별시
2026-06-20T08:45:07+09:00,ALPACA,424419,58.0,36.36966,127.31805,12,세종특별시
2026-06-20T08:45:07+09:00,ALPACA,424368,67.0,36.36967,127.35114,12,세종특별시
2026-06-20T08:45:07+09:00,ALPACA,425069,100.0,36.36967,127.343445,12,세종특별시
2026-06-20T08:45:07+09:00,ALPACA,425283,89.0,36.36971,127.36292,12,세종특별시
2026-06-20T08:45:07+09:00,ALPACA,424774,58.0,36.369747,127.362854,12,세종특별시
2026-06-20T08:45:07+09:00,ALPACA,425474,100.0,36.36976,127.343666,12,세종특별시
2026-06-20T08:45:07+09:00,ALPACA,425399,98.0,36.369865,127.34422,12,세종특별시
2026-06-20T08:45:07+09:00,ALPACA,424353,80.0,36.369884,127.3439,12,세종특별시
2026-06-20T08:45:07+09:00,ALPACA,424522,58.0,36.36989,127.34386,12,세종특별시
2026-06-20T08:45:07+09:00,ALPACA,424167,67.0,36.3699,127.34381,12,세종특별시
2026-06-20T08:45:07+09:00,ALPACA,425100,77.0,36.369915,127.34536,12,세종특별시
2026-06-20T08:45:07+09:00,ALPACA,425686,92.0,36.36993,127.343834,12,세종특별시
2026-06-20T08:45:07+09:00,ALPACA,425512,84.0,36.369938,127.3386,12,세종특별시
2026-06-20T08:45:07+09:00,ALPACA,426360,90.0,36.369976,127.36287,12,세종특별시
2026-06-20T08:45:07+09:00,ALPACA,411686,80.0,36.370014,127.33849,12,세종특별시
2026-06-20T08:45:07+09:00,ALPACA,424680,54.0,36.37004,127.36051,12,세종특별시
2026-06-20T08:45:07+09:00,ALPACA,424721,50.0,36.37004,127.36049,12,세종특별시
2026-06-20T08:45:07+09:00,ALPACA,424659,70.0,36.370064,127.3623,12,세종특별시
2026-06-20T08:45:07+09:00,ALPACA,424359,100.0,36.370087,127.36006,12,세종특별시
2026-06-20T08:45:07+09:00,ALPACA,424444,94.0,36.37011,127.36043,12,세종특별시
2026-06-20T08:45:07+09:00,ALPACA,425023,91.0,36.370174,127.33713,12,세종특별시
2026-06-20T08:45:07+09:00,ALPACA,425523,76.0,36.370678,127.363815,12,세종특별시
2026-06-20T08:45:07+09:00,ALPACA,424822,67.0,36.370678,127.35352,12,세종특별시
2026-06-20T08:45:07+09:00,ALPACA,424996,90.0,36.37071,127.36244,12,세종특별시
2026-06-20T08:45:07+09:00,ALPACA,425108,34.0,36.370777,127.362526,12,세종특별시
2026-06-20T08:45:07+09:00,ALPACA,424473,99.0,36.370804,127.36242,12,세종특별시
2026-06-20T08:45:07+09:00,ALPACA,424988,100.0,36.37086,127.362404,12,세종특별시
2026-06-20T08:45:07+09:00,ALPACA,426302,97.0,36.37099,127.33506,12,세종특별시
2026-06-20T08:45:07+09:00,ALPACA,425576,95.0,36.371258,127.34147,12,세종특별시
2026-06-20T08:45:07+09:00,ALPACA,424373,63.0,36.371258,127.34145,12,세종특별시
2026-06-20T08:45:07+09:00,ALPACA,425026,96.0,36.371265,127.34145,12,세종특별시
2026-06-20T08:45:07+09:00,ALPACA,425425,98.0,36.37127,127.3415,12,세종특별시
2026-06-20T08:45:07+09:00,ALPACA,425511,96.0,36.37127,127.34154,12,세종특별시
2026-06-20T08:45:07+09:00,ALPACA,425533,100.0,36.37127,127.34148,12,세종특별시
2026-06-20T08:45:07+09:00,ALPACA,425145,100.0,36.37127,127.341324,12,세종특별시
2026-06-20T08:45:07+09:00,ALPACA,424421,100.0,36.371277,127.34138,12,세종특별시
2026-06-20T08:45:07+09:00,ALPACA,425082,97.0,36.371277,127.34136,12,세종특별시
2026-06-20T08:45:07+09:00,ALPACA,425500,94.0,36.37128,127.341415,12,세종특별시
2026-06-20T08:45:07+09:00,ALPACA,424798,100.0,36.37128,127.34133,12,세종특별시
2026-06-20T08:45:07+09:00,ALPACA,425501,100.0,36.371284,127.34147,12,세종특별시
2026-06-20T08:45:07+09:00,ALPACA,425439,100.0,36.37129,127.341385,12,세종특별시
2026-06-20T08:45:07+09:00,ALPACA,425530,40.0,36.37129,127.34139,12,세종특별시
2026-06-20T08:45:07+09:00,ALPACA,424489,64.0,36.371292,127.33516,12,세종특별시
2026-06-20T08:45:07+09:00,ALPACA,425099,49.0,36.371292,127.341446,12,세종특별시
2026-06-20T08:45:07+09:00,ALPACA,425495,73.0,36.371307,127.34139,12,세종특별시
2026-06-20T08:45:07+09:00,ALPACA,426495,36.0,36.37135,127.3334,12,세종특별시
2026-06-20T08:45:07+09:00,ALPACA,424340,62.0,36.37135,127.33523,12,세종특별시
2026-06-20T08:45:07+09:00,ALPACA,424689,90.0,36.37144,127.34334,12,세종특별시
2026-06-20T08:45:07+09:00,ALPACA,425170,55.0,36.37144,127.34328,12,세종특별시
2026-06-20T08:45:07+09:00,ALPACA,425276,100.0,36.37144,127.34322,12,세종특별시
2026-06-20T08:45:07+09:00,ALPACA,424565,87.0,36.371468,127.34339,12,세종특별시
2026-06-20T08:45:07+09:00,ALPACA,426231,78.0,36.371475,127.34335,12,세종특별시
2026-06-20T08:45:07+09:00,ALPACA,425503,62.0,36.37149,127.34339,12,세종특별시
2026-06-20T08:45:07+09:00,ALPACA,424766,100.0,36.37149,127.343346,12,세종특별시
2026-06-20T08:45:07+09:00,ALPACA,426499,63.0,36.371517,127.343254,12,세종특별시
2026-06-20T08:45:07+09:00,ALPACA,424390,100.0,36.371548,127.343254,12,세종특별시
2026-06-20T08:45:07+09:00,ALPACA,424923,96.0,36.37156,127.34324,12,세종특별시
2026-06-20T08:45:07+09:00,ALPACA,425011,65.0,36.37156,127.34327,12,세종특별시
2026-06-20T08:45:07+09:00,ALPACA,424636,100.0,36.371567,127.343254,12,세종특별시
2026-06-20T08:45:07+09:00,ALPACA,424606,100.0,36.37161,127.34328,12,세종특별시
2026-06-20T08:45:07+09:00,ALPACA,424122,100.0,36.371834,127.35854,12,세종특별시
2026-06-20T08:45:07+09:00,ALPACA,425452,100.0,36.371937,127.36205,12,세종특별시
2026-06-20T08:45:07+09:00,ALPACA,425469,42.0,36.3721,127.338486,12,세종특별시
2026-06-20T08:45:07+09:00,ALPACA,424549,97.0,36.372116,127.341644,12,세종특별시
2026-06-20T08:45:07+09:00,ALPACA,426455,100.0,36.372143,127.31735,12,세종특별시
2026-06-20T08:45:07+09:00,ALPACA,426166,99.0,36.372253,127.319115,12,세종특별시
2026-06-20T08:45:07+09:00,ALPACA,425708,100.0,36.372253,127.31916,12,세종특별시
2026-06-20T08:45:07+09:00,ALPACA,424757,37.0,36.372307,127.32329,12,세종특별시
2026-06-20T08:45:07+09:00,ALPACA,424043,47.0,36.372322,127.33547,12,세종특별시
2026-06-20T08:45:07+09:00,ALPACA,425146,91.0,36.372368,127.318184,12,세종특별시
2026-06-20T08:45:07+09:00,ALPACA,424854,43.0,36.372383,127.33531,12,세종특별시
2026-06-20T08:45:07+09:00,ALPACA,426560,79.0,36.37239,127.317566,12,세종특별시
2026-06-20T08:45:07+09:00,ALPACA,424831,47.0,36.372395,127.33536,12,세종특별시
2026-06-20T08:45:07+09:00,ALPACA,424476,57.0,36.372402,127.335365,12,세종특별시
2026-06-20T08:45:07+09:00,ALPACA,425580,56.0,36.372406,127.33523,12,세종특별시
2026-06-20T08:45:07+09:00,ALPACA,424867,52.0,36.372406,127.3354,12,세종특별시
2026-06-20T08:45:07+09:00,ALPACA,426247,100.0,36.372437,127.31809,12,세종특별시
2026-06-20T08:45:07+09:00,ALPACA,426433,100.0,36.372448,127.31799,12,세종특별시
2026-06-20T08:45:07+09:00,ALPACA,426492,100.0,36.37245,127.31804,12,세종특별시
2026-06-20T08:45:07+09:00,ALPACA,426108,41.0,36.372513,127.33413,12,세종특별시
2026-06-20T08:45:07+09:00,ALPACA,424702,91.0,36.372513,127.343254,12,세종특별시
2026-06-20T08:45:07+09:00,ALPACA,426389,85.0,36.372578,127.316505,12,세종특별시
2026-06-20T08:45:07+09:00,ALPACA,425347,67.0,36.372673,127.339615,12,세종특별시
2026-06-20T08:45:07+09:00,ALPACA,424474,33.0,36.372723,127.33958,12,세종특별시
2026-06-20T08:45:07+09:00,ALPACA,425022,75.0,36.37283,127.33968,12,세종특별시
2026-06-20T08:45:07+09:00,ALPACA,426278,92.0,36.3729,127.34384,12,세종특별시
2026-06-20T08:45:07+09:00,ALPACA,424869,70.0,36.372925,127.34386,12,세종특별시
2026-06-20T08:45:07+09:00,ALPACA,424690,50.0,36.37295,127.34388,12,세종특별시
2026-06-20T08:45:07+09:00,ALPACA,424406,51.0,36.37296,127.35964,12,세종특별시
2026-06-20T08:45:07+09:00,ALPACA,425544,93.0,36.372963,127.34385,12,세종특별시
2026-06-20T08:45:07+09:00,ALPACA,424503,71.0,36.372963,127.34382,12,세종특별시
2026-06-20T08:45:07+09:00,ALPACA,425707,96.0,36.372986,127.359566,12,세종특별시
2026-06-20T08:45:07+09:00,ALPACA,424730,46.0,36.37302,127.3229,12,세종특별시
2026-06-20T08:45:07+09:00,ALPACA,425783,73.0,36.37322,127.31787,12,세종특별시
2026-06-20T08:45:07+09:00,ALPACA,426206,78.0,36.373222,127.31785,12,세종특별시
2026-06-20T08:45:07+09:00,ALPACA,426341,75.0,36.373226,127.31795,12,세종특별시
2026-06-20T08:45:07+09:00,ALPACA,426488,100.0,36.373234,127.317955,12,세종특별시
2026-06-20T08:45:07+09:00,ALPACA,425768,84.0,36.37325,127.31785,12,세종특별시
2026-06-20T08:45:07+09:00,ALPACA,424604,99.0,36.373253,127.31787,12,세종특별시
2026-06-20T08:45:07+09:00,ALPACA,426269,75.0,36.373257,127.3177,12,세종특별시
2026-06-20T08:45:07+09:00,ALPACA,426271,74.0,36.37326,127.317955,12,세종특별시
2026-06-20T08:45:07+09:00,ALPACA,426180,78.0,36.37326,127.31786,12,세종특별시
2026-06-20T08:45:07+09:00,ALPACA,426374,77.0,36.373264,127.317825,12,세종특별시
2026-06-20T08:45:07+09:00,ALPACA,426309,76.0,36.373264,127.317856,12,세종특별시
2026-06-20T08:45:07+09:00,ALPACA,426259,76.0,36.37328,127.31791,12,세종특별시
2026-06-20T08:45:07+09:00,ALPACA,426181,75.0,36.373295,127.31789,12,세종특별시
2026-06-20T08:45:07+09:00,ALPACA,426346,75.0,36.373356,127.31793,12,세종특별시
2026-06-20T08:45:07+09:00,ALPACA,424559,77.0,36.373486,127.35942,12,세종특별시
2026-06-20T08:45:07+09:00,ALPACA,424477,99.0,36.3735,127.35747,12,세종특별시
2026-06-20T08:45:07+09:00,ALPACA,425012,100.0,36.37351,127.35943,12,세종특별시
2026-06-20T08:45:07+09:00,ALPACA,425414,100.0,36.37352,127.36153,12,세종특별시
2026-06-20T08:45:07+09:00,ALPACA,424463,99.0,36.373528,127.344246,12,세종특별시
2026-06-20T08:45:07+09:00,ALPACA,414534,33.0,36.37355,127.34421,12,세종특별시
2026-06-20T08:45:07+09:00,ALPACA,425776,100.0,36.37355,127.34419,12,세종특별시
2026-06-20T08:45:07+09:00,ALPACA,425372,97.0,36.373554,127.3442,12,세종특별시
2026-06-20T08:45:07+09:00,ALPACA,426359,100.0,36.373558,127.34419,12,세종특별시
2026-06-20T08:45:07+09:00,ALPACA,424118,60.0,36.37356,127.344185,12,세종특별시
2026-06-20T08:45:07+09:00,ALPACA,425604,100.0,36.373577,127.34417,12,세종특별시
2026-06-20T08:45:07+09:00,ALPACA,425378,35.0,36.37358,127.36044,12,세종특별시
2026-06-20T08:45:07+09:00,ALPACA,425390,84.0,36.373585,127.34157,12,세종특별시
2026-06-20T08:45:07+09:00,ALPACA,425541,37.0,36.373592,127.34407,12,세종특별시
2026-06-20T08:45:07+09:00,ALPACA,425978,71.0,36.373596,127.318825,12,세종특별시
2026-06-20T08:45:07+09:00,ALPACA,425449,76.0,36.373596,127.344215,12,세종특별시
2026-06-20T08:45:07+09:00,ALPACA,424537,33.0,36.373596,127.34419,12,세종특별시
2026-06-20T08:45:07+09:00,ALPACA,426308,62.0,36.373833,127.31935,12,세종특별시
2026-06-20T08:45:07+09:00,ALPACA,426552,42.0,36.37385,127.31868,12,세종특별시
2026-06-20T08:45:07+09:00,ALPACA,424472,58.0,36.373928,127.36016,12,세종특별시
2026-06-20T08:45:07+09:00,ALPACA,426358,93.0,36.374073,127.32251,12,세종특별시
2026-06-20T08:45:07+09:00,ALPACA,425706,97.0,36.37411,127.36511,12,세종특별시
2026-06-20T08:45:07+09:00,ALPACA,426213,33.0,36.374172,127.319435,12,세종특별시
2026-06-20T08:45:07+09:00,ALPACA,425252,35.0,36.37425,127.37938,12,세종특별시
2026-06-20T08:45:07+09:00,ALPACA,424729,48.0,36.374523,127.34653,12,세종특별시
2026-06-20T08:45:07+09:00,ALPACA,426515,95.0,36.374584,127.31869,12,세종특별시
2026-06-20T08:45:07+09:00,ALPACA,414747,41.0,36.374588,127.3592,12,세종특별시
2026-06-20T08:45:07+09:00,ALPACA,425444,78.0,36.374622,127.34199,12,세종특별시
2026-06-20T08:45:07+09:00,ALPACA,426270,100.0,36.37484,127.31804,12,세종특별시
2026-06-20T08:45:07+09:00,ALPACA,425619,80.0,36.374844,127.31805,12,세종특별시
2026-06-20T08:45:07+09:00,ALPACA,425903,100.0,36.374844,127.318016,12,세종특별시
2026-06-20T08:45:07+09:00,ALPACA,425895,100.0,36.37485,127.318016,12,세종특별시
2026-06-20T08:45:07+09:00,ALPACA,426363,100.0,36.37485,127.31805,12,세종특별시
2026-06-20T08:45:07+09:00,ALPACA,426319,73.0,36.374866,127.31801,12,세종특별시
2026-06-20T08:45:07+09:00,ALPACA,426327,99.0,36.37488,127.3181,12,세종특별시
2026-06-20T08:45:07+09:00,ALPACA,425273,48.0,36.374928,127.33777,12,세종특별시
2026-06-20T08:45:07+09:00,ALPACA,426510,93.0,36.374958,127.31813,12,세종특별시
2026-06-20T08:45:07+09:00,ALPACA,426345,46.0,36.37507,127.322754,12,세종특별시
2026-06-20T08:45:07+09:00,ALPACA,426501,74.0,36.37531,127.31902,12,세종특별시
2026-06-20T08:45:07+09:00,ALPACA,426264,47.0,36.375626,127.305466,12,세종특별시
2026-06-20T08:45:07+09:00,ALPACA,425550,91.0,36.375713,127.34391,12,세종특별시
2026-06-20T08:45:07+09:00,ALPACA,425395,84.0,36.37572,127.34391,12,세종특별시
2026-06-20T08:45:07+09:00,ALPACA,423795,37.0,36.375755,127.3439,12,세종특별시
2026-06-20T08:45:07+09:00,ALPACA,414468,74.0,36.375767,127.3918,12,세종특별시
2026-06-20T08:45:07+09:00,ALPACA,411696,100.0,36.375797,127.39184,12,세종특별시
2026-06-20T08:45:07+09:00,ALPACA,425521,100.0,36.375797,127.39178,12,세종특별시
2026-06-20T08:45:07+09:00,ALPACA,426491,72.0,36.375816,127.32071,12,세종특별시
2026-06-20T08:45:07+09:00,ALPACA,424974,70.0,36.375847,127.34323,12,세종특별시
2026-06-20T08:45:07+09:00,ALPACA,425424,100.0,36.37585,127.39187,12,세종특별시
2026-06-20T08:45:07+09:00,ALPACA,414802,100.0,36.375854,127.39182,12,세종특별시
2026-06-20T08:45:07+09:00,ALPACA,424975,65.0,36.37587,127.34326,12,세종특별시
2026-06-20T08:45:07+09:00,ALPACA,425675,39.0,36.375874,127.34323,12,세종특별시
2026-06-20T08:45:07+09:00,ALPACA,424928,86.0,36.375877,127.34329,12,세종특별시
2026-06-20T08:45:07+09:00,ALPACA,424706,90.0,36.375885,127.34326,12,세종특별시
2026-06-20T08:45:07+09:00,ALPACA,424763,91.0,36.37589,127.34326,12,세종특별시
2026-06-20T08:45:07+09:00,ALPACA,424224,99.0,36.375893,127.34325,12,세종특별시
2026-06-20T08:45:07+09:00,ALPACA,425221,94.0,36.375908,127.34323,12,세종특별시
2026-06-20T08:45:07+09:00,ALPACA,424387,35.0,36.375923,127.34327,12,세종특별시
2026-06-20T08:45:07+09:00,ALPACA,425049,95.0,36.37593,127.34325,12,세종특별시
2026-06-20T08:45:07+09:00,ALPACA,424458,99.0,36.37594,127.343315,12,세종특별시
2026-06-20T08:45:07+09:00,ALPACA,424903,88.0,36.37599,127.343346,12,세종특별시
2026-06-20T08:45:07+09:00,ALPACA,425385,98.0,36.37601,127.343346,12,세종특별시
2026-06-20T08:45:07+09:00,ALPACA,426367,64.0,36.376015,127.315575,12,세종특별시
2026-06-20T08:45:07+09:00,ALPACA,426380,72.0,36.37604,127.31558,12,세종특별시
2026-06-20T08:45:07+09:00,ALPACA,426275,53.0,36.37618,127.318115,12,세종특별시
2026-06-20T08:45:07+09:00,ALPACA,425970,65.0,36.376225,127.32361,12,세종특별시
2026-06-20T08:45:07+09:00,ALPACA,426468,81.0,36.37625,127.3178,12,세종특별시
2026-06-20T08:45:07+09:00,ALPACA,425713,96.0,36.376305,127.31809,12,세종특별시
2026-06-20T08:45:07+09:00,ALPACA,426369,89.0,36.376423,127.34488,12,세종특별시
2026-06-20T08:45:07+09:00,ALPACA,424401,68.0,36.37653,127.356346,12,세종특별시
2026-06-20T08:45:07+09:00,ALPACA,424346,40.0,36.37665,127.34351,12,세종특별시
2026-06-20T08:45:07+09:00,ALPACA,424668,93.0,36.37673,127.344185,12,세종특별시
2026-06-20T08:45:07+09:00,ALPACA,425202,81.0,36.376736,127.34402,12,세종특별시
2026-06-20T08:45:07+09:00,ALPACA,425705,93.0,36.376785,127.34415,12,세종특별시
2026-06-20T08:45:07+09:00,ALPACA,425029,68.0,36.37679,127.344055,12,세종특별시
2026-06-20T08:45:07+09:00,ALPACA,424665,83.0,36.376812,127.34418,12,세종특별시
2026-06-20T08:45:07+09:00,ALPACA,424850,91.0,36.376842,127.34418,12,세종특별시
2026-06-20T08:45:07+09:00,ALPACA,426352,38.0,36.376865,127.315025,12,세종특별시
2026-06-20T08:45:07+09:00,ALPACA,426106,48.0,36.37703,127.324646,12,세종특별시
2026-06-20T08:45:07+09:00,ALPACA,425349,80.0,36.37728,127.34337,12,세종특별시
2026-06-20T08:45:07+09:00,ALPACA,425961,42.0,36.37787,127.324715,12,세종특별시
2026-06-20T08:45:07+09:00,ALPACA,426233,91.0,36.377945,127.30402,12,세종특별시
2026-06-20T08:45:07+09:00,ALPACA,426317,44.0,36.37842,127.316895,12,세종특별시
2026-06-20T08:45:07+09:00,ALPACA,425248,47.0,36.378452,127.34295,12,세종특별시
2026-06-20T08:45:07+09:00,ALPACA,424880,92.0,36.378475,127.315636,12,세종특별시
2026-06-20T08:45:07+09:00,ALPACA,424982,76.0,36.378605,127.31698,12,세종특별시
2026-06-20T08:45:07+09:00,ALPACA,426447,49.0,36.378735,127.3202,12,세종특별시
2026-06-20T08:45:07+09:00,ALPACA,426110,65.0,36.379402,127.31587,12,세종특별시
2026-06-20T08:45:07+09:00,ALPACA,426469,49.0,36.379536,127.32516,12,세종특별시
2026-06-20T08:45:07+09:00,ALPACA,426364,72.0,36.37954,127.316086,12,세종특별시
2026-06-20T08:45:07+09:00,ALPACA,424525,68.0,36.38085,127.33766,12,세종특별시
2026-06-20T08:45:07+09:00,ALPACA,425241,30.0,36.381367,127.324715,12,세종특별시
2026-06-20T08:45:07+09:00,ALPACA,425531,43.0,36.38258,127.319176,12,세종특별시
2026-06-20T08:45:07+09:00,ALPACA,424949,96.0,36.382713,127.323875,12,세종특별시
2026-06-20T08:45:07+09:00,ALPACA,425117,84.0,36.383396,127.32094,12,세종특별시
2026-06-20T08:45:07+09:00,ALPACA,426207,35.0,36.38366,127.3195,12,세종특별시
2026-06-20T08:45:07+09:00,ALPACA,426443,100.0,36.38367,127.31982,12,세종특별시
2026-06-20T08:45:07+09:00,ALPACA,426303,100.0,36.383705,127.3198,12,세종특별시
2026-06-20T08:45:07+09:00,ALPACA,426440,100.0,36.38371,127.3198,12,세종특별시
2026-06-20T08:45:07+09:00,ALPACA,426479,89.0,36.383713,127.319855,12,세종특별시
2026-06-20T08:45:07+09:00,ALPACA,426561,99.0,36.383717,127.31979,12,세종특별시
2026-06-20T08:45:07+09:00,ALPACA,426356,90.0,36.38372,127.31977,12,세종특별시
2026-06-20T08:45:07+09:00,ALPACA,426230,100.0,36.383724,127.31979,12,세종특별시
2026-06-20T08:45:07+09:00,ALPACA,426432,52.0,36.383724,127.31917,12,세종특별시
2026-06-20T08:45:07+09:00,ALPACA,425905,81.0,36.383728,127.319756,12,세종특별시
2026-06-20T08:45:07+09:00,ALPACA,425971,100.0,36.38375,127.31977,12,세종특별시
2026-06-20T08:45:07+09:00,ALPACA,426326,60.0,36.383774,127.31974,12,세종특별시
2026-06-20T08:45:07+09:00,ALPACA,424717,83.0,36.383774,127.30337,12,세종특별시
2026-06-20T08:45:07+09:00,ALPACA,425702,95.0,36.3838,127.31977,12,세종특별시
2026-06-20T08:45:07+09:00,ALPACA,426430,70.0,36.383823,127.319145,12,세종특별시
2026-06-20T08:45:07+09:00,ALPACA,426130,99.0,36.383854,127.3191,12,세종특별시
2026-06-20T08:45:07+09:00,ALPACA,426372,100.0,36.383865,127.31909,12,세종특별시
2026-06-20T08:45:07+09:00,ALPACA,426485,94.0,36.383907,127.319115,12,세종특별시
2026-06-20T08:45:07+09:00,ALPACA,425506,80.0,36.384212,127.36762,12,세종특별시
2026-06-20T08:45:07+09:00,ALPACA,425243,85.0,36.384308,127.31998,12,세종특별시
2026-06-20T08:45:07+09:00,ALPACA,426404,56.0,36.38485,127.324615,12,세종특별시
2026-06-20T08:45:07+09:00,ALPACA,425179,54.0,36.384888,127.32376,12,세종특별시
2026-06-20T08:45:07+09:00,ALPACA,425727,82.0,36.38503,127.32436,12,세종특별시
2026-06-20T08:45:07+09:00,ALPACA,426296,62.0,36.385063,127.32424,12,세종특별시
2026-06-20T08:45:07+09:00,ALPACA,426472,39.0,36.385086,127.324326,12,세종특별시
2026-06-20T08:45:07+09:00,ALPACA,426412,97.0,36.38509,127.30794,12,세종특별시
2026-06-20T08:45:07+09:00,ALPACA,426528,36.0,36.385265,127.32443,12,세종특별시
2026-06-20T08:45:07+09:00,ALPACA,426298,61.0,36.385635,127.328224,12,세종특별시
2026-06-20T08:45:07+09:00,ALPACA,425969,92.0,36.385647,127.32822,12,세종특별시
2026-06-20T08:45:07+09:00,ALPACA,424712,80.0,36.38569,127.32819,12,세종특별시
2026-06-20T08:45:07+09:00,ALPACA,426428,38.0,36.385708,127.32818,12,세종특별시
2026-06-20T08:45:07+09:00,ALPACA,426390,91.0,36.38571,127.32817,12,세종특별시
2026-06-20T08:45:07+09:00,ALPACA,414714,100.0,36.385803,127.377365,12,세종특별시
2026-06-20T08:45:07+09:00,ALPACA,426129,58.0,36.385807,127.30859,12,세종특별시
2026-06-20T08:45:07+09:00,ALPACA,424509,100.0,36.385815,127.37732,12,세종특별시
2026-06-20T08:45:07+09:00,ALPACA,414750,100.0,36.385822,127.37734,12,세종특별시
2026-06-20T08:45:07+09:00,ALPACA,414717,100.0,36.385826,127.37734,12,세종특별시
2026-06-20T08:45:07+09:00,ALPACA,414748,100.0,36.385826,127.37734,12,세종특별시
2026-06-20T08:45:07+09:00,ALPACA,426046,100.0,36.385838,127.377335,12,세종특별시
2026-06-20T08:45:07+09:00,ALPACA,426109,51.0,36.386055,127.32817,12,세종특별시
2026-06-20T08:45:07+09:00,ALPACA,426280,88.0,36.3861,127.32676,12,세종특별시
2026-06-20T08:45:07+09:00,ALPACA,425083,92.0,36.3862,127.32527,12,세종특별시
2026-06-20T08:45:07+09:00,ALPACA,426244,85.0,36.386227,127.32521,12,세종특별시
2026-06-20T08:45:07+09:00,ALPACA,426086,94.0,36.386375,127.318375,12,세종특별시
2026-06-20T08:45:07+09:00,ALPACA,425909,98.0,36.38664,127.315865,12,세종특별시
2026-06-20T08:45:07+09:00,ALPACA,426377,48.0,36.386665,127.31672,12,세종특별시
2026-06-20T08:45:07+09:00,ALPACA,425642,100.0,36.38679,127.31584,12,세종특별시
2026-06-20T08:45:07+09:00,ALPACA,426387,39.0,36.386887,127.31594,12,세종특별시
2026-06-20T08:45:07+09:00,ALPACA,426347,45.0,36.386913,127.31802,12,세종특별시
2026-06-20T08:45:07+09:00,ALPACA,426229,100.0,36.38696,127.315956,12,세종특별시
2026-06-20T08:45:07+09:00,ALPACA,426202,99.0,36.386967,127.31781,12,세종특별시
2026-06-20T08:45:07+09:00,ALPACA,424832,68.0,36.386997,127.31789,12,세종특별시
2026-06-20T08:45:07+09:00,ALPACA,426449,72.0,36.387016,127.317856,12,세종특별시
2026-06-20T08:45:07+09:00,ALPACA,425281,87.0,36.387028,127.322464,12,세종특별시
2026-06-20T08:45:07+09:00,ALPACA,426388,99.0,36.38733,127.32552,12,세종특별시
2026-06-20T08:45:07+09:00,ALPACA,424635,89.0,36.387386,127.30984,12,세종특별시
2026-06-20T08:45:07+09:00,ALPACA,414796,93.0,36.387424,127.40487,12,세종특별시
2026-06-20T08:45:07+09:00,ALPACA,426239,86.0,36.38745,127.31304,12,세종특별시
2026-06-20T08:45:07+09:00,ALPACA,424328,84.0,36.38746,127.31294,12,세종특별시
2026-06-20T08:45:07+09:00,ALPACA,424363,76.0,36.387497,127.31835,12,세종특별시
2026-06-20T08:45:07+09:00,ALPACA,426148,96.0,36.387505,127.318375,12,세종특별시
2026-06-20T08:45:07+09:00,ALPACA,426383,33.0,36.387604,127.3089,12,세종특별시
2026-06-20T08:45:07+09:00,ALPACA,426498,95.0,36.387653,127.30948,12,세종특별시
2026-06-20T08:45:07+09:00,ALPACA,426445,70.0,36.38767,127.32451,12,세종특별시
2026-06-20T08:45:07+09:00,ALPACA,426252,87.0,36.387684,127.3122,12,세종특별시
2026-06-20T08:45:07+09:00,ALPACA,426240,55.0,36.387722,127.311806,12,세종특별시
2026-06-20T08:45:07+09:00,ALPACA,426417,93.0,36.38773,127.31176,12,세종특별시
2026-06-20T08:45:07+09:00,ALPACA,426532,84.0,36.387753,127.303246,12,세종특별시
2026-06-20T08:45:07+09:00,ALPACA,426274,57.0,36.387863,127.32413,12,세종특별시
2026-06-20T08:45:07+09:00,ALPACA,425448,81.0,36.388226,127.34913,12,세종특별시
2026-06-20T08:45:07+09:00,ALPACA,426060,75.0,36.388245,127.33357,12,세종특별시
2026-06-20T08:45:07+09:00,ALPACA,426362,96.0,36.38874,127.31272,12,세종특별시
2026-06-20T08:45:07+09:00,ALPACA,426266,61.0,36.389297,127.314186,12,세종특별시
2026-06-20T08:45:07+09:00,ALPACA,426272,74.0,36.389503,127.29989,12,세종특별시
2026-06-20T08:45:07+09:00,ALPACA,426351,99.0,36.38966,127.30327,12,세종특별시
2026-06-20T08:45:07+09:00,ALPACA,426429,100.0,36.389664,127.350945,12,세종특별시
2026-06-20T08:45:07+09:00,ALPACA,424708,100.0,36.38975,127.348724,12,세종특별시
2026-06-20T08:45:07+09:00,ALPACA,415442,94.0,36.39018,127.39921,12,세종특별시
2026-06-20T08:45:07+09:00,ALPACA,414901,100.0,36.390182,127.399284,12,세종특별시
2026-06-20T08:45:07+09:00,ALPACA,424883,72.0,36.390182,127.39919,12,세종특별시
2026-06-20T08:45:07+09:00,ALPACA,414612,99.0,36.390186,127.399155,12,세종특별시
2026-06-20T08:45:07+09:00,ALPACA,424646,94.0,36.390186,127.39919,12,세종특별시
2026-06-20T08:45:07+09:00,ALPACA,415142,97.0,36.390194,127.399185,12,세종특별시
2026-06-20T08:45:07+09:00,ALPACA,424697,98.0,36.390194,127.399315,12,세종특별시
2026-06-20T08:45:07+09:00,ALPACA,426203,36.0,36.390198,127.31471,12,세종특별시
2026-06-20T08:45:07+09:00,ALPACA,424973,99.0,36.390198,127.399254,12,세종특별시
2026-06-20T08:45:07+09:00,ALPACA,414739,96.0,36.3902,127.39926,12,세종특별시
2026-06-20T08:45:07+09:00,ALPACA,426517,98.0,36.39021,127.39923,12,세종특별시
2026-06-20T08:45:07+09:00,ALPACA,425182,97.0,36.39021,127.39931,12,세종특별시
2026-06-20T08:45:07+09:00,ALPACA,415292,80.0,36.390213,127.399155,12,세종특별시
2026-06-20T08:45:07+09:00,ALPACA,425433,68.0,36.39022,127.39917,12,세종특별시
2026-06-20T08:45:07+09:00,ALPACA,424887,83.0,36.39023,127.40696,12,세종특별시
2026-06-20T08:45:07+09:00,ALPACA,426273,56.0,36.390278,127.3048,12,세종특별시
2026-06-20T08:45:07+09:00,ALPACA,426382,84.0,36.390472,127.305885,12,세종특별시
2026-06-20T08:45:07+09:00,ALPACA,426464,97.0,36.39052,127.30593,12,세종특별시
2026-06-20T08:45:07+09:00,ALPACA,426209,57.0,36.390526,127.30587,12,세종특별시
2026-06-20T08:45:07+09:00,ALPACA,426245,90.0,36.390743,127.30877,12,세종특별시
2026-06-20T08:45:07+09:00,ALPACA,424439,74.0,36.39101,127.32967,12,세종특별시
2026-06-20T08:45:07+09:00,ALPACA,414678,75.0,36.39109,127.40185,12,세종특별시
2026-06-20T08:45:07+09:00,ALPACA,414429,63.0,36.391315,127.31566,12,세종특별시
2026-06-20T08:45:07+09:00,ALPACA,425525,66.0,36.391342,127.312164,12,세종특별시
2026-06-20T08:45:07+09:00,ALPACA,426343,69.0,36.3915,127.31477,12,세종특별시
2026-06-20T08:45:07+09:00,ALPACA,425374,55.0,36.391506,127.36472,12,세종특별시
2026-06-20T08:45:07+09:00,ALPACA,426518,57.0,36.391514,127.3148,12,세종특별시
2026-06-20T08:45:07+09:00,ALPACA,424725,69.0,36.391537,127.31474,12,세종특별시
2026-06-20T08:45:07+09:00,ALPACA,425436,71.0,36.39154,127.31479,12,세종특별시
2026-06-20T08:45:07+09:00,ALPACA,425973,92.0,36.391624,127.31248,12,세종특별시
2026-06-20T08:45:07+09:00,ALPACA,426328,43.0,36.39181,127.31407,12,세종특별시
2026-06-20T08:45:07+09:00,ALPACA,426385,98.0,36.391815,127.31145,12,세종특별시
2026-06-20T08:45:07+09:00,ALPACA,426102,54.0,36.39187,127.31431,12,세종특별시
2026-06-20T08:45:07+09:00,ALPACA,426473,38.0,36.391926,127.31432,12,세종특별시
2026-06-20T08:45:07+09:00,ALPACA,424764,45.0,36.392334,127.314804,12,세종특별시
2026-06-20T08:45:07+09:00,ALPACA,425977,58.0,36.392525,127.31403,12,세종특별시
2026-06-20T08:45:07+09:00,ALPACA,426178,89.0,36.39258,127.313034,12,세종특별시
2026-06-20T08:45:07+09:00,ALPACA,424926,79.0,36.393276,127.3996,12,세종특별시
2026-06-20T08:45:07+09:00,ALPACA,426265,80.0,36.39347,127.35267,12,세종특별시
2026-06-20T08:45:07+09:00,ALPACA,426250,38.0,36.393757,127.31229,12,세종특별시
2026-06-20T08:45:07+09:00,ALPACA,426386,92.0,36.39455,127.31088,12,세종특별시
2026-06-20T08:45:07+09:00,ALPACA,425446,65.0,36.39505,127.3129,12,세종특별시
2026-06-20T08:45:07+09:00,ALPACA,426353,64.0,36.39544,127.313324,12,세종특별시
2026-06-20T08:45:07+09:00,ALPACA,424418,77.0,36.395535,127.310326,12,세종특별시
2026-06-20T08:45:07+09:00,ALPACA,414936,74.0,36.39674,127.400276,12,세종특별시
2026-06-20T08:45:07+09:00,ALPACA,424904,69.0,36.398495,127.400375,12,세종특별시
2026-06-20T08:45:07+09:00,ALPACA,425335,98.0,36.398674,127.39261,12,세종특별시
2026-06-20T08:45:07+09:00,ALPACA,414702,99.0,36.399685,127.391335,12,세종특별시
2026-06-20T08:45:07+09:00,ALPACA,414825,98.0,36.399708,127.40745,12,세종특별시
2026-06-20T08:45:07+09:00,ALPACA,425257,83.0,36.399757,127.39752,12,세종특별시
2026-06-20T08:45:07+09:00,ALPACA,415044,96.0,36.399815,127.402466,12,세종특별시
2026-06-20T08:45:07+09:00,ALPACA,414727,98.0,36.40091,127.411026,12,세종특별시
2026-06-20T08:45:07+09:00,ALPACA,425362,76.0,36.401062,127.390686,12,세종특별시
2026-06-20T08:45:07+09:00,ALPACA,414672,99.0,36.401077,127.390656,12,세종특별시
2026-06-20T08:45:07+09:00,ALPACA,414690,69.0,36.401077,127.390656,12,세종특별시
2026-06-20T08:45:07+09:00,ALPACA,414773,76.0,36.401085,127.390625,12,세종특별시
2026-06-20T08:45:07+09:00,ALPACA,424314,97.0,36.401104,127.39068,12,세종특별시
2026-06-20T08:45:07+09:00,ALPACA,424460,97.0,36.40111,127.39061,12,세종특별시
2026-06-20T08:45:07+09:00,ALPACA,414524,89.0,36.401436,127.40765,12,세종특별시
2026-06-20T08:45:07+09:00,ALPACA,425192,98.0,36.403355,127.397575,12,세종특별시
2026-06-20T08:45:07+09:00,ALPACA,414898,56.0,36.40528,127.39769,12,세종특별시
2026-06-20T08:45:07+09:00,ALPACA,414643,62.0,36.411682,127.40615,12,세종특별시
2026-06-20T08:45:07+09:00,ALPACA,424765,87.0,36.41186,127.41124,12,세종특별시
2026-06-20T08:45:07+09:00,ALPACA,425305,57.0,36.412758,127.40816,12,세종특별시
2026-06-20T08:45:07+09:00,ALPACA,425704,44.0,36.41315,127.40505,12,세종특별시
2026-06-20T08:45:07+09:00,ALPACA,415569,56.0,36.41324,127.40635,12,세종특별시
2026-06-20T08:45:07+09:00,ALPACA,424780,69.0,36.41326,127.406334,12,세종특별시
2026-06-20T08:45:07+09:00,ALPACA,414541,58.0,36.416164,127.3965,12,세종특별시
2026-06-20T08:45:07+09:00,ALPACA,424593,83.0,36.417976,127.39082,12,세종특별시
2026-06-20T08:45:07+09:00,ALPACA,425387,65.0,36.418247,127.39745,12,세종특별시
2026-06-20T08:45:07+09:00,ALPACA,414779,95.0,36.41845,127.39742,12,세종특별시
2026-06-20T08:45:07+09:00,ALPACA,424954,94.0,36.418774,127.40836,12,세종특별시
2026-06-20T08:45:07+09:00,ALPACA,414687,100.0,36.419006,127.387054,12,세종특별시
2026-06-20T08:45:07+09:00,ALPACA,414648,79.0,36.419205,127.38161,12,세종특별시
2026-06-20T08:45:07+09:00,ALPACA,414827,95.0,36.419476,127.41061,12,세종특별시
2026-06-20T08:45:07+09:00,ALPACA,424550,66.0,36.419666,127.39398,12,세종특별시
2026-06-20T08:45:07+09:00,ALPACA,425409,58.0,36.419746,127.40644,12,세종특별시
2026-06-20T08:45:07+09:00,ALPACA,425191,86.0,36.420033,127.38586,12,세종특별시
2026-06-20T08:45:07+09:00,ALPACA,414669,99.0,36.420067,127.39225,12,세종특별시
2026-06-20T08:45:07+09:00,ALPACA,414966,91.0,36.420147,127.39225,12,세종특별시
2026-06-20T08:45:07+09:00,ALPACA,415070,96.0,36.420494,127.39177,12,세종특별시
2026-06-20T08:45:07+09:00,ALPACA,424827,57.0,36.420643,127.38442,12,세종특별시
2026-06-20T08:45:07+09:00,ALPACA,425575,68.0,36.42106,127.38172,12,세종특별시
2026-06-20T08:45:07+09:00,ALPACA,414689,100.0,36.421383,127.39428,12,세종특별시
2026-06-20T08:45:07+09:00,ALPACA,414566,100.0,36.421726,127.394264,12,세종특별시
2026-06-20T08:45:07+09:00,ALPACA,414953,86.0,36.421738,127.39323,12,세종특별시
2026-06-20T08:45:07+09:00,ALPACA,424539,71.0,36.421803,127.40433,12,세종특별시
2026-06-20T08:45:07+09:00,ALPACA,425367,60.0,36.42183,127.40773,12,세종특별시
2026-06-20T08:45:07+09:00,ALPACA,425551,77.0,36.422134,127.39613,12,세종특별시
2026-06-20T08:45:07+09:00,ALPACA,414831,100.0,36.422195,127.38757,12,세종특별시
2026-06-20T08:45:07+09:00,ALPACA,414776,100.0,36.422256,127.387596,12,세종특별시
2026-06-20T08:45:07+09:00,ALPACA,414914,100.0,36.422268,127.38754,12,세종특별시
2026-06-20T08:45:07+09:00,ALPACA,411733,96.0,36.422504,127.407,12,세종특별시
2026-06-20T08:45:07+09:00,ALPACA,414823,93.0,36.422623,127.40054,12,세종특별시
2026-06-20T08:45:07+09:00,ALPACA,425494,61.0,36.422726,127.40008,12,세종특별시
2026-06-20T08:45:07+09:00,ALPACA,414268,64.0,36.422913,127.38895,12,세종특별시
2026-06-20T08:45:07+09:00,ALPACA,414821,89.0,36.423122,127.40594,12,세종특별시
2026-06-20T08:45:07+09:00,ALPACA,425236,100.0,36.423275,127.39275,12,세종특별시
2026-06-20T08:45:07+09:00,ALPACA,414732,100.0,36.42347,127.39226,12,세종특별시
2026-06-20T08:45:07+09:00,ALPACA,424825,96.0,36.42347,127.392265,12,세종특별시
2026-06-20T08:45:07+09:00,ALPACA,414937,73.0,36.42349,127.39224,12,세종특별시
2026-06-20T08:45:07+09:00,ALPACA,425711,68.0,36.42349,127.39227,12,세종특별시
2026-06-20T08:45:07+09:00,ALPACA,426257,100.0,36.42349,127.39225,12,세종특별시
2026-06-20T08:45:07+09:00,ALPACA,414830,79.0,36.423496,127.39229,12,세종특별시
2026-06-20T08:45:07+09:00,ALPACA,424816,100.0,36.423496,127.39228,12,세종특별시
2026-06-20T08:45:07+09:00,ALPACA,414753,97.0,36.42365,127.40516,12,세종특별시
2026-06-20T08:45:07+09:00,ALPACA,414533,93.0,36.42367,127.4053,12,세종특별시
2026-06-20T08:45:07+09:00,ALPACA,424583,81.0,36.423676,127.405205,12,세종특별시
2026-06-20T08:45:07+09:00,ALPACA,414651,90.0,36.423725,127.40488,12,세종특별시
2026-06-20T08:45:07+09:00,ALPACA,414767,63.0,36.424538,127.389465,12,세종특별시
2026-06-20T08:45:07+09:00,ALPACA,425734,100.0,36.42461,127.39297,12,세종특별시
2026-06-20T08:45:07+09:00,ALPACA,414754,57.0,36.424698,127.40046,12,세종특별시
2026-06-20T08:45:07+09:00,ALPACA,424116,67.0,36.42471,127.39227,12,세종특별시
2026-06-20T08:45:07+09:00,ALPACA,424555,81.0,36.425125,127.39005,12,세종특별시
2026-06-20T08:45:07+09:00,ALPACA,415078,95.0,36.425358,127.39216,12,세종특별시
2026-06-20T08:45:07+09:00,ALPACA,414284,95.0,36.425426,127.39216,12,세종특별시
2026-06-20T08:45:07+09:00,ALPACA,414481,53.0,36.425526,127.393074,12,세종특별시
2026-06-20T08:45:07+09:00,ALPACA,425467,59.0,36.42554,127.393005,12,세종특별시
2026-06-20T08:45:07+09:00,ALPACA,415586,52.0,36.425552,127.39418,12,세종특별시
2026-06-20T08:45:07+09:00,ALPACA,425510,60.0,36.42561,127.39305,12,세종특별시
2026-06-20T08:45:07+09:00,ALPACA,414681,77.0,36.42564,127.39891,12,세종특별시
2026-06-20T08:45:07+09:00,ALPACA,424586,48.0,36.42572,127.389824,12,세종특별시
2026-06-20T08:45:07+09:00,ALPACA,425412,62.0,36.4258,127.38987,12,세종특별시
2026-06-20T08:45:07+09:00,ALPACA,424442,67.0,36.426086,127.39168,12,세종특별시
2026-06-20T08:45:07+09:00,ALPACA,425348,100.0,36.4261,127.390884,12,세종특별시
2026-06-20T08:45:07+09:00,ALPACA,414539,51.0,36.426254,127.391335,12,세종특별시
2026-06-20T08:45:07+09:00,ALPACA,414790,92.0,36.426254,127.390465,12,세종특별시
2026-06-20T08:45:07+09:00,ALPACA,414375,100.0,36.426323,127.39255,12,세종특별시
2026-06-20T08:45:07+09:00,ALPACA,425148,100.0,36.426376,127.39363,12,세종특별시
2026-06-20T08:45:07+09:00,ALPACA,410295,100.0,36.426437,127.39041,12,세종특별시
2026-06-20T08:45:07+09:00,ALPACA,424942,95.0,36.42664,127.3903,12,세종특별시
2026-06-20T08:45:07+09:00,ALPACA,411692,92.0,36.426975,127.38953,12,세종특별시
2026-06-20T08:45:07+09:00,ALPACA,424938,100.0,36.427086,127.394066,12,세종특별시
2026-06-20T08:45:07+09:00,ALPACA,414915,79.0,36.427414,127.402504,12,세종특별시
2026-06-20T08:45:07+09:00,ALPACA,424443,65.0,36.427795,127.39089,12,세종특별시
2026-06-20T08:45:07+09:00,ALPACA,425306,76.0,36.428364,127.3985,12,세종특별시
2026-06-20T08:45:07+09:00,ALPACA,414731,100.0,36.428577,127.391426,12,세종특별시
2026-06-20T08:45:07+09:00,ALPACA,415221,60.0,36.428673,127.3916,12,세종특별시
2026-06-20T08:45:07+09:00,ALPACA,425087,70.0,36.42878,127.39551,12,세종특별시
2026-06-20T08:45:07+09:00,ALPACA,425253,92.0,36.428925,127.39552,12,세종특별시
2026-06-20T08:45:07+09:00,ALPACA,425021,100.0,36.428967,127.38932,12,세종특별시
2026-06-20T08:45:07+09:00,ALPACA,425226,86.0,36.429646,127.38841,12,세종특별시
2026-06-20T08:45:07+09:00,ALPACA,414653,81.0,36.429653,127.393234,12,세종특별시
2026-06-20T08:45:07+09:00,ALPACA,424649,90.0,36.42984,127.39624,12,세종특별시
2026-06-20T08:45:07+09:00,ALPACA,425275,98.0,36.43029,127.39371,12,세종특별시
2026-06-20T08:45:07+09:00,ALPACA,414763,81.0,36.430313,127.39371,12,세종특별시
2026-06-20T08:45:07+09:00,ALPACA,414304,70.0,36.43032,127.38999,12,세종특별시
2026-06-20T08:45:07+09:00,ALPACA,414730,100.0,36.43057,127.39298,12,세종특별시
2026-06-20T08:45:07+09:00,ALPACA,424601,62.0,36.43121,127.38357,12,세종특별시
2026-06-20T08:45:07+09:00,ALPACA,414308,86.0,36.431248,127.39436,12,세종특별시
2026-06-20T08:45:07+09:00,ALPACA,414931,97.0,36.431248,127.39438,12,세종특별시
2026-06-20T08:45:07+09:00,ALPACA,410334,49.0,36.431282,127.394485,12,세종특별시
2026-06-20T08:45:07+09:00,ALPACA,414704,100.0,36.431293,127.39335,12,세종특별시
2026-06-20T08:45:07+09:00,ALPACA,425453,88.0,36.431355,127.39758,12,세종특별시
2026-06-20T08:45:07+09:00,ALPACA,414543,96.0,36.431534,127.39754,12,세종특별시
2026-06-20T08:45:07+09:00,ALPACA,415427,70.0,36.431553,127.39399,12,세종특별시
2026-06-20T08:45:07+09:00,ALPACA,414728,89.0,36.431667,127.39372,12,세종특별시
2026-06-20T08:45:07+09:00,ALPACA,414765,52.0,36.43168,127.39379,12,세종특별시
2026-06-20T08:45:07+09:00,ALPACA,414676,57.0,36.431934,127.39356,12,세종특별시
2026-06-20T08:45:07+09:00,ALPACA,424768,100.0,36.432198,127.393135,12,세종특별시
2026-06-20T08:45:07+09:00,ALPACA,425110,100.0,36.432365,127.39407,12,세종특별시
2026-06-20T08:45:07+09:00,ALPACA,414775,100.0,36.43237,127.39418,12,세종특별시
2026-06-20T08:45:07+09:00,ALPACA,414558,99.0,36.43239,127.38155,12,세종특별시
2026-06-20T08:45:07+09:00,ALPACA,424434,52.0,36.432396,127.38414,12,세종특별시
2026-06-20T08:45:07+09:00,ALPACA,414738,53.0,36.43243,127.39408,12,세종특별시
2026-06-20T08:45:07+09:00,ALPACA,414774,80.0,36.4326,127.38414,12,세종특별시
2026-06-20T08:45:07+09:00,ALPACA,414746,64.0,36.43275,127.39161,12,세종특별시
2026-06-20T08:45:07+09:00,ALPACA,414737,51.0,36.432827,127.394516,12,세종특별시
2026-06-20T08:45:07+09:00,ALPACA,414679,100.0,36.43294,127.38458,12,세종특별시
2026-06-20T08:45:07+09:00,ALPACA,425183,97.0,36.43316,127.38392,12,세종특별시
2026-06-20T08:45:07+09:00,ALPACA,425417,91.0,36.433212,127.384415,12,세종특별시
2026-06-20T08:45:07+09:00,ALPACA,415275,100.0,36.43347,127.382935,12,세종특별시
2026-06-20T08:45:07+09:00,ALPACA,414654,100.0,36.433575,127.38274,12,세종특별시
2026-06-20T08:45:07+09:00,ALPACA,424820,100.0,36.43375,127.385925,12,세종특별시
2026-06-20T08:45:07+09:00,ALPACA,414677,94.0,36.43431,127.385216,12,세종특별시
2026-06-20T08:45:07+09:00,ALPACA,424917,99.0,36.434444,127.392876,12,세종특별시
2026-06-20T08:45:07+09:00,ALPACA,426235,94.0,36.434452,127.40869,12,세종특별시
2026-06-20T08:45:07+09:00,ALPACA,414416,100.0,36.434555,127.38898,12,세종특별시
2026-06-20T08:45:07+09:00,ALPACA,415253,61.0,36.434692,127.38795,12,세종특별시
2026-06-20T08:45:07+09:00,ALPACA,414513,99.0,36.434956,127.39313,12,세종특별시
2026-06-20T08:45:07+09:00,ALPACA,425479,87.0,36.435455,127.403046,12,세종특별시
2026-06-20T08:45:07+09:00,ALPACA,414696,96.0,36.435905,127.403885,12,세종특별시
2026-06-20T08:45:07+09:00,ALPACA,414503,54.0,36.435974,127.40406,12,세종특별시
2026-06-20T08:45:07+09:00,ALPACA,414839,100.0,36.436565,127.389275,12,세종특별시
2026-06-20T08:45:07+09:00,ALPACA,415470,87.0,36.436783,127.3813,12,세종특별시
2026-06-20T08:45:07+09:00,ALPACA,426234,83.0,36.436787,127.38891,12,세종특별시
2026-06-20T08:45:07+09:00,ALPACA,426484,100.0,36.43732,127.388435,12,세종특별시
2026-06-20T08:45:07+09:00,ALPACA,426256,82.0,36.437454,127.388435,12,세종특별시
2026-06-20T08:45:07+09:00,ALPACA,414948,94.0,36.438084,127.39494,12,세종특별시
2026-06-20T08:45:07+09:00,ALPACA,426305,69.0,36.438095,127.381996,12,세종특별시
2026-06-20T08:45:07+09:00,ALPACA,414912,100.0,36.438103,127.38237,12,세종특별시
2026-06-20T08:45:07+09:00,ALPACA,414759,100.0,36.43812,127.3815,12,세종특별시
2026-06-20T08:45:07+09:00,ALPACA,414794,80.0,36.43812,127.38202,12,세종특별시
2026-06-20T08:45:07+09:00,ALPACA,414943,100.0,36.43813,127.38232,12,세종특별시
2026-06-20T08:45:07+09:00,ALPACA,424760,100.0,36.43815,127.38154,12,세종특별시
2026-06-20T08:45:07+09:00,ALPACA,415516,76.0,36.438152,127.38194,12,세종특별시
2026-06-20T08:45:07+09:00,ALPACA,414706,79.0,36.438187,127.382065,12,세종특별시
2026-06-20T08:45:07+09:00,ALPACA,414684,97.0,36.43893,127.39512,12,세종특별시
2026-06-20T08:45:07+09:00,ALPACA,414532,57.0,36.43929,127.38143,12,세종특별시
2026-06-20T08:45:07+09:00,ALPACA,415439,100.0,36.439877,127.38223,12,세종특별시
2026-06-20T08:45:07+09:00,ALPACA,424542,90.0,36.439896,127.38476,12,세종특별시
2026-06-20T08:45:07+09:00,ALPACA,424564,58.0,36.440174,127.38336,12,세종특별시
2026-06-20T08:45:07+09:00,ALPACA,424719,100.0,36.440266,127.38345,12,세종특별시
2026-06-20T08:45:07+09:00,ALPACA,424382,54.0,36.44033,127.38437,12,세종특별시
2026-06-20T08:45:07+09:00,ALPACA,425193,62.0,36.44123,127.38599,12,세종특별시
2026-06-20T08:45:07+09:00,ALPACA,414659,45.0,36.441647,127.399925,12,세종특별시
2026-06-20T08:45:07+09:00,ALPACA,414644,32.0,36.444366,127.41042,12,세종특별시
2026-06-20T08:45:07+09:00,ALPACA,414724,63.0,36.445915,127.41399,12,세종특별시
2026-06-20T08:45:07+09:00,ALPACA,425712,67.0,36.445957,127.405624,12,세종특별시
2026-06-20T08:45:07+09:00,ALPACA,425384,68.0,36.447025,127.40838,12,세종특별시
2026-06-20T08:45:07+09:00,ALPACA,415049,49.0,36.448135,127.42335,12,세종특별시
2026-06-20T08:45:07+09:00,ALPACA,414760,38.0,36.449184,127.41195,12,세종특별시
2026-06-20T08:45:07+09:00,ALPACA,424455,43.0,36.450794,127.432045,12,세종특별시
2026-06-20T08:45:07+09:00,ALPACA,424792,36.0,36.45336,127.423874,12,세종특별시
2026-06-20T08:45:07+09:00,ALPACA,422610,69.0,36.58649,127.294586,12,세종특별시
2026-06-20T08:45:07+09:00,ALPACA,422236,78.0,36.588135,127.28902,12,세종특별시
2026-06-20T08:45:07+09:00,ALPACA,422154,100.0,36.588425,127.29001,12,세종특별시
2026-06-20T08:45:07+09:00,ALPACA,421288,100.0,36.588444,127.290054,12,세종특별시
2026-06-20T08:45:07+09:00,ALPACA,414865,100.0,36.590813,127.29184,12,세종특별시
2026-06-20T08:45:07+09:00,ALPACA,422500,100.0,36.590828,127.291824,12,세종특별시
2026-06-20T08:45:07+09:00,ALPACA,422087,100.0,36.59086,127.29185,12,세종특별시
2026-06-20T08:45:07+09:00,ALPACA,422425,89.0,36.590874,127.29187,12,세종특별시
2026-06-20T08:45:07+09:00,ALPACA,422363,100.0,36.590958,127.29519,12,세종특별시
2026-06-20T08:45:07+09:00,ALPACA,422600,74.0,36.59098,127.29518,12,세종특별시
2026-06-20T08:45:07+09:00,ALPACA,421876,85.0,36.590992,127.2952,12,세종특별시
2026-06-20T08:45:07+09:00,ALPACA,422397,89.0,36.592003,127.29626,12,세종특별시
2026-06-20T08:45:07+09:00,ALPACA,422249,83.0,36.592037,127.29636,12,세종특별시
2026-06-20T08:45:07+09:00,ALPACA,422376,100.0,36.592087,127.29632,12,세종특별시
2026-06-20T08:45:07+09:00,ALPACA,421720,100.0,36.593098,127.28476,12,세종특별시
2026-06-20T08:45:07+09:00,ALPACA,422047,100.0,36.5931,127.284775,12,세종특별시
2026-06-20T08:45:07+09:00,ALPACA,422220,100.0,36.593105,127.28477,12,세종특별시
2026-06-20T08:45:07+09:00,ALPACA,414795,93.0,36.593204,127.28924,12,세종특별시
2026-06-20T08:45:07+09:00,ALPACA,422434,93.0,36.59417,127.30133,12,세종특별시
2026-06-20T08:45:07+09:00,ALPACA,422562,93.0,36.59511,127.28873,12,세종특별시
2026-06-20T08:45:07+09:00,ALPACA,422379,100.0,36.59515,127.28925,12,세종특별시
2026-06-20T08:45:07+09:00,ALPACA,422393,100.0,36.59518,127.289215,12,세종특별시
2026-06-20T08:45:07+09:00,ALPACA,410262,100.0,36.595184,127.28924,12,세종특별시
2026-06-20T08:45:07+09:00,ALPACA,422023,75.0,36.59577,127.289406,12,세종특별시
2026-06-20T08:45:07+09:00,ALPACA,422491,78.0,36.596176,127.29575,12,세종특별시
2026-06-20T08:45:07+09:00,ALPACA,421904,100.0,36.59622,127.29577,12,세종특별시
2026-06-20T08:45:07+09:00,ALPACA,422567,100.0,36.59646,127.28842,12,세종특별시
2026-06-20T08:45:07+09:00,ALPACA,422125,73.0,36.59647,127.2884,12,세종특별시
2026-06-20T08:45:07+09:00,ALPACA,422414,81.0,36.596535,127.30081,12,세종특별시
2026-06-20T08:45:07+09:00,ALPACA,421733,74.0,36.597267,127.29874,12,세종특별시
2026-06-20T08:45:07+09:00,ALPACA,422338,88.0,36.597286,127.29744,12,세종특별시
2026-06-20T08:45:07+09:00,ALPACA,422449,55.0,36.599773,127.29535,12,세종특별시
2026-06-20T08:45:07+09:00,ALPACA,422228,73.0,36.600174,127.294624,12,세종특별시
2026-06-20T08:45:07+09:00,ALPACA,422136,100.0,36.601013,127.29504,12,세종특별시
2026-06-20T08:45:07+09:00,ALPACA,422350,81.0,36.60106,127.29497,12,세종특별시
2026-06-20T08:45:07+09:00,ALPACA,422701,100.0,36.601227,127.29114,12,세종특별시
2026-06-20T08:45:07+09:00,ALPACA,422467,100.0,36.60136,127.2885,12,세종특별시
2026-06-20T08:45:07+09:00,ALPACA,410385,85.0,36.601765,127.28865,12,세종특별시
2026-06-20T08:45:07+09:00,ALPACA,422265,100.0,36.60182,127.290085,12,세종특별시
2026-06-20T08:45:07+09:00,ALPACA,422258,97.0,36.601833,127.29012,12,세종특별시
2026-06-20T08:45:07+09:00,ALPACA,422566,81.0,36.60185,127.294945,12,세종특별시
2026-06-20T08:45:07+09:00,ALPACA,421703,100.0,36.601852,127.2901,12,세종특별시
2026-06-20T08:45:07+09:00,ALPACA,422446,91.0,36.602337,127.29036,12,세종특별시
2026-06-20T08:45:07+09:00,ALPACA,422306,73.0,36.60238,127.28648,12,세종특별시
2026-06-20T08:45:07+09:00,ALPACA,422138,100.0,36.602406,127.29489,12,세종특별시
2026-06-20T08:45:07+09:00,ALPACA,422571,100.0,36.603333,127.29134,12,세종특별시
2026-06-20T08:45:07+09:00,ALPACA,422387,90.0,36.60345,127.30732,12,세종특별시
2026-06-20T08:45:07+09:00,ALPACA,418661,90.0,36.603523,127.29319,12,세종특별시
2026-06-20T08:45:07+09:00,ALPACA,422399,100.0,36.603596,127.29317,12,세종특별시
2026-06-20T08:45:07+09:00,ALPACA,422203,100.0,36.603607,127.29011,12,세종특별시
2026-06-20T08:45:07+09:00,ALPACA,421775,70.0,36.60373,127.29318,12,세종특별시
2026-06-20T08:45:07+09:00,ALPACA,422364,71.0,36.603767,127.29316,12,세종특별시
2026-06-20T08:45:07+09:00,ALPACA,421566,86.0,36.603878,127.29712,12,세종특별시
2026-06-20T08:45:07+09:00,ALPACA,422303,100.0,36.604046,127.297485,12,세종특별시
2026-06-20T08:45:07+09:00,ALPACA,422075,91.0,36.60406,127.29753,12,세종특별시
2026-06-20T08:45:07+09:00,ALPACA,422344,100.0,36.604065,127.29751,12,세종특별시
2026-06-20T08:45:07+09:00,ALPACA,422246,100.0,36.604084,127.297516,12,세종특별시
2026-06-20T08:45:07+09:00,ALPACA,422484,62.0,36.6041,127.297516,12,세종특별시
2026-06-20T08:45:07+09:00,ALPACA,421987,100.0,36.60448,127.292564,12,세종특별시
2026-06-20T08:45:07+09:00,ALPACA,422337,80.0,36.60455,127.29248,12,세종특별시
2026-06-20T08:45:07+09:00,ALPACA,421831,41.0,36.60456,127.29253,12,세종특별시
2026-06-20T08:45:07+09:00,ALPACA,422248,64.0,36.604572,127.2925,12,세종특별시
2026-06-20T08:45:07+09:00,ALPACA,422173,95.0,36.605038,127.293236,12,세종특별시
2026-06-20T08:45:07+09:00,ALPACA,422452,100.0,36.60527,127.29278,12,세종특별시
2026-06-20T08:45:07+09:00,ALPACA,422282,71.0,36.605328,127.29324,12,세종특별시
2026-06-20T08:45:07+09:00,ALPACA,422458,75.0,36.60533,127.29211,12,세종특별시
2026-06-20T08:45:07+09:00,ALPACA,422396,100.0,36.605366,127.29211,12,세종특별시
2026-06-20T08:45:07+09:00,ALPACA,422435,73.0,36.605366,127.29209,12,세종특별시
2026-06-20T08:45:07+09:00,ALPACA,422699,100.0,36.605373,127.29213,12,세종특별시
2026-06-20T08:45:07+09:00,ALPACA,422025,100.0,36.605587,127.297226,12,세종특별시
2026-06-20T08:45:07+09:00,ALPACA,422413,100.0,36.60559,127.29723,12,세종특별시
2026-06-20T08:45:07+09:00,ALPACA,422406,100.0,36.6056,127.29729,12,세종특별시
2026-06-20T08:45:07+09:00,ALPACA,422238,79.0,36.606304,127.29312,12,세종특별시
2026-06-20T08:45:07+09:00,ALPACA,422324,84.0,36.606316,127.2878,12,세종특별시
2026-06-20T08:45:07+09:00,ALPACA,422522,74.0,36.606323,127.29306,12,세종특별시
2026-06-20T08:45:07+09:00,ALPACA,422884,93.0,36.606495,127.29192,12,세종특별시
2026-06-20T08:45:07+09:00,ALPACA,422336,34.0,36.60691,127.289345,12,세종특별시
2026-06-20T08:45:07+09:00,ALPACA,412614,54.0,36.608784,127.29224,12,세종특별시
2026-06-20T08:45:07+09:00,ALPACA,422463,45.0,36.60894,127.28361,12,세종특별시
2026-06-20T08:45:07+09:00,ALPACA,422322,94.0,36.608997,127.28384,12,세종특별시
2026-06-20T08:45:07+09:00,ALPACA,422175,40.0,36.60901,127.28372,12,세종특별시
2026-06-20T08:45:07+09:00,ALPACA,422465,57.0,36.609043,127.283714,12,세종특별시
2026-06-20T08:45:07+09:00,ALPACA,422620,94.0,36.609062,127.28379,12,세종특별시
2026-06-20T08:45:07+09:00,ALPACA,422559,83.0,36.609077,127.283806,12,세종특별시
2026-06-20T08:45:07+09:00,ALPACA,412597,87.0,36.6091,127.28372,12,세종특별시
2026-06-20T08:45:07+09:00,ALPACA,422576,60.0,36.6091,127.2837,12,세종특별시
2026-06-20T08:45:07+09:00,ALPACA,422720,62.0,36.60919,127.28498,12,세종특별시
2026-06-20T08:45:07+09:00,ALPACA,422607,46.0,36.6092,127.29094,12,세종특별시
2026-06-20T08:45:07+09:00,ALPACA,418665,98.0,36.609303,127.28459,12,세종특별시
2026-06-20T08:45:07+09:00,ALPACA,422432,57.0,36.609337,127.28333,12,세종특별시
2026-06-20T08:45:07+09:00,ALPACA,422560,74.0,36.609386,127.286194,12,세종특별시
2026-06-20T08:45:07+09:00,ALPACA,421025,61.0,36.60967,127.28503,12,세종특별시
2026-06-20T08:45:07+09:00,ALPACA,422502,36.0,36.60986,127.28495,12,세종특별시
2026-06-20T08:45:07+09:00,ALPACA,422439,66.0,36.61011,127.284966,12,세종특별시
2026-06-20T08:45:07+09:00,ALPACA,422205,100.0,36.610172,127.29321,12,세종특별시
2026-06-20T08:45:07+09:00,ALPACA,422499,91.0,36.610237,127.28474,12,세종특별시
2026-06-20T08:45:07+09:00,ALPACA,422378,75.0,36.610306,127.296616,12,세종특별시
2026-06-20T08:45:07+09:00,ALPACA,422703,85.0,36.61031,127.29676,12,세종특별시
2026-06-20T08:45:07+09:00,ALPACA,421725,100.0,36.61032,127.29676,12,세종특별시
2026-06-20T08:45:07+09:00,ALPACA,422226,93.0,36.610325,127.28631,12,세종특별시
2026-06-20T08:45:07+09:00,ALPACA,422556,100.0,36.610325,127.29679,12,세종특별시
2026-06-20T08:45:07+09:00,ALPACA,422430,94.0,36.610447,127.2932,12,세종특별시
2026-06-20T08:45:07+09:00,ALPACA,422184,70.0,36.61051,127.2871,12,세종특별시
2026-06-20T08:45:07+09:00,ALPACA,422420,73.0,36.610695,127.293465,12,세종특별시
2026-06-20T08:45:07+09:00,ALPACA,422394,80.0,36.61074,127.29136,12,세종특별시
2026-06-20T08:45:07+09:00,ALPACA,422181,66.0,36.610786,127.29172,12,세종특별시
2026-06-20T08:45:07+09:00,ALPACA,422128,79.0,36.610897,127.288284,12,세종특별시
2026-06-20T08:45:07+09:00,ALPACA,422770,52.0,36.610916,127.29091,12,세종특별시
2026-06-20T08:45:07+09:00,ALPACA,421741,100.0,36.610943,127.29311,12,세종특별시
2026-06-20T08:45:07+09:00,ALPACA,422180,99.0,36.610947,127.28872,12,세종특별시
2026-06-20T08:45:07+09:00,ALPACA,422143,64.0,36.610985,127.28645,12,세종특별시
2026-06-20T08:45:07+09:00,ALPACA,422291,74.0,36.611,127.28635,12,세종특별시
2026-06-20T08:45:07+09:00,ALPACA,422468,100.0,36.61101,127.28643,12,세종특별시
2026-06-20T08:45:07+09:00,ALPACA,422147,68.0,36.61102,127.28641,12,세종특별시
2026-06-20T08:45:07+09:00,ALPACA,422328,38.0,36.61106,127.29008,12,세종특별시
2026-06-20T08:45:07+09:00,ALPACA,422450,30.0,36.611088,127.2864,12,세종특별시
2026-06-20T08:45:07+09:00,ALPACA,422130,47.0,36.611103,127.28619,12,세종특별시
2026-06-20T08:45:07+09:00,ALPACA,422391,100.0,36.611156,127.29014,12,세종특별시
2026-06-20T08:45:07+09:00,ALPACA,422472,94.0,36.61116,127.28979,12,세종특별시
2026-06-20T08:45:07+09:00,ALPACA,422426,77.0,36.611164,127.29007,12,세종특별시
2026-06-20T08:45:07+09:00,ALPACA,422384,47.0,36.61117,127.29002,12,세종특별시
2026-06-20T08:45:07+09:00,ALPACA,422178,39.0,36.611176,127.28975,12,세종특별시
2026-06-20T08:45:07+09:00,ALPACA,422028,85.0,36.611187,127.29089,12,세종특별시
2026-06-20T08:45:07+09:00,ALPACA,422697,37.0,36.611225,127.28979,12,세종특별시
2026-06-20T08:45:07+09:00,ALPACA,422480,87.0,36.61125,127.28734,12,세종특별시
2026-06-20T08:45:07+09:00,ALPACA,412728,54.0,36.61128,127.28816,12,세종특별시
2026-06-20T08:45:07+09:00,ALPACA,421740,94.0,36.611286,127.29007,12,세종특별시
2026-06-20T08:45:07+09:00,ALPACA,422456,79.0,36.611317,127.28831,12,세종특별시
2026-06-20T08:45:07+09:00,ALPACA,422776,41.0,36.61132,127.288216,12,세종특별시
2026-06-20T08:45:07+09:00,ALPACA,422395,94.0,36.611336,127.28808,12,세종특별시
2026-06-20T08:45:07+09:00,ALPACA,421979,98.0,36.611347,127.288185,12,세종특별시
2026-06-20T08:45:07+09:00,ALPACA,422270,76.0,36.61135,127.288124,12,세종특별시
2026-06-20T08:45:07+09:00,ALPACA,421907,99.0,36.611355,127.28818,12,세종특별시
2026-06-20T08:45:07+09:00,ALPACA,422505,59.0,36.611355,127.288216,12,세종특별시
2026-06-20T08:45:07+09:00,ALPACA,422253,98.0,36.611366,127.28825,12,세종특별시
2026-06-20T08:45:07+09:00,ALPACA,421889,73.0,36.611374,127.28744,12,세종특별시
2026-06-20T08:45:07+09:00,ALPACA,422359,95.0,36.611374,127.28823,12,세종특별시
2026-06-20T08:45:07+09:00,ALPACA,422264,95.0,36.61138,127.28822,12,세종특별시
2026-06-20T08:45:07+09:00,ALPACA,422244,47.0,36.6114,127.28746,12,세종특별시
2026-06-20T08:45:07+09:00,ALPACA,422730,74.0,36.61144,127.287445,12,세종특별시
2026-06-20T08:45:07+09:00,ALPACA,422277,99.0,36.611454,127.28744,12,세종특별시
2026-06-20T08:45:07+09:00,ALPACA,422131,88.0,36.611458,127.28745,12,세종특별시
2026-06-20T08:45:07+09:00,ALPACA,422107,43.0,36.611633,127.287544,12,세종특별시
2026-06-20T08:45:07+09:00,ALPACA,422339,32.0,36.611954,127.2846,12,세종특별시
2026-06-20T08:45:07+09:00,ALPACA,422709,86.0,36.613125,127.29592,12,세종특별시
2026-06-20T08:45:07+09:00,ALPACA,422386,86.0,36.613197,127.29332,12,세종특별시
2026-06-20T08:45:07+09:00,ALPACA,422103,100.0,36.613853,127.31,12,세종특별시
2026-06-20T08:45:07+09:00,ALPACA,418558,100.0,36.613876,127.309975,12,세종특별시
2026-06-20T08:45:07+09:00,ALPACA,422168,73.0,36.61406,127.28906,12,세종특별시
2026-06-20T08:45:07+09:00,ALPACA,422371,62.0,36.61409,127.28907,12,세종특별시
2026-06-20T08:45:07+09:00,ALPACA,422335,100.0,36.614174,127.28884,12,세종특별시
2026-06-20T08:45:07+09:00,ALPACA,422367,100.0,36.614174,127.2888,12,세종특별시
2026-06-20T08:45:07+09:00,ALPACA,422207,95.0,36.61456,127.30835,12,세종특별시
2026-06-20T08:45:07+09:00,ALPACA,422242,77.0,36.614662,127.3059,12,세종특별시
2026-06-20T08:45:07+09:00,ALPACA,422603,100.0,36.614918,127.28499,12,세종특별시
2026-06-20T08:45:07+09:00,ALPACA,422358,75.0,36.615963,127.286064,12,세종특별시
2026-06-20T08:45:07+09:00,ALPACA,422086,76.0,36.61633,127.31405,12,세종특별시
2026-06-20T08:45:07+09:00,ALPACA,422185,100.0,36.618057,127.288795,12,세종특별시
2026-06-20T08:45:07+09:00,ALPACA,422296,87.0,36.6188,127.32029,12,세종특별시
2026-06-20T08:45:07+09:00,ALPACA,410365,76.0,36.618816,127.29082,12,세종특별시
2026-06-20T08:45:07+09:00,ALPACA,422176,100.0,36.61898,127.28855,12,세종특별시
2026-06-20T08:45:07+09:00,ALPACA,422243,75.0,36.619553,127.309944,12,세종특별시
2026-06-20T08:45:07+09:00,ALPACA,421998,82.0,36.620438,127.32027,12,세종특별시
2026-06-20T08:45:07+09:00,ALPACA,422039,70.0,36.620907,127.28249,12,세종특별시
2026-06-20T08:45:07+09:00,ALPACA,422705,93.0,36.62092,127.28246,12,세종특별시
2026-06-20T08:45:07+09:00,ALPACA,422357,82.0,36.621124,127.30795,12,세종특별시
2026-06-20T08:45:07+09:00,ALPACA,422333,97.0,36.62135,127.29062,12,세종특별시
2026-06-20T08:45:07+09:00,ALPACA,422509,68.0,36.621548,127.28891,12,세종특별시
2026-06-20T08:45:07+09:00,ALPACA,422469,73.0,36.6216,127.30235,12,세종특별시
2026-06-20T08:45:07+09:00,ALPACA,422309,92.0,36.621677,127.28371,12,세종특별시
2026-06-20T08:45:07+09:00,ALPACA,422329,97.0,36.621685,127.28388,12,세종특별시
2026-06-20T08:45:07+09:00,ALPACA,421908,99.0,36.62169,127.28588,12,세종특별시
2026-06-20T08:45:07+09:00,ALPACA,422141,69.0,36.621693,127.28588,12,세종특별시
2026-06-20T08:45:07+09:00,ALPACA,422299,79.0,36.621696,127.28384,12,세종특별시
2026-06-20T08:45:07+09:00,ALPACA,421186,85.0,36.62171,127.28384,12,세종특별시
2026-06-20T08:45:07+09:00,ALPACA,422568,98.0,36.621758,127.283844,12,세종특별시
2026-06-20T08:45:07+09:00,ALPACA,422148,81.0,36.62177,127.28556,12,세종특별시
2026-06-20T08:45:07+09:00,ALPACA,422251,41.0,36.62178,127.326614,12,세종특별시
2026-06-20T08:45:07+09:00,ALPACA,422580,99.0,36.621788,127.28554,12,세종특별시
2026-06-20T08:45:07+09:00,ALPACA,422702,52.0,36.621857,127.32653,12,세종특별시
2026-06-20T08:45:07+09:00,ALPACA,421945,47.0,36.621864,127.304695,12,세종특별시
2026-06-20T08:45:07+09:00,ALPACA,422304,97.0,36.623657,127.28743,12,세종특별시
2026-06-20T08:45:07+09:00,ALPACA,422211,82.0,36.623665,127.28685,12,세종특별시
2026-06-20T08:45:07+09:00,ALPACA,422212,66.0,36.623714,127.286835,12,세종특별시
2026-06-20T08:45:07+09:00,ALPACA,422507,87.0,36.62377,127.325096,12,세종특별시
2026-06-20T08:45:07+09:00,ALPACA,422403,97.0,36.62414,127.32578,12,세종특별시
2026-06-20T08:45:07+09:00,ALPACA,422440,86.0,36.626568,127.33195,12,세종특별시
2026-06-20T08:45:07+09:00,ALPACA,413919,54.0,36.62669,127.33202,12,세종특별시
2026-06-20T08:45:07+09:00,ALPACA,422412,58.0,36.62692,127.323326,12,세종특별시
2026-06-20T08:45:07+09:00,ALPACA,422372,92.0,36.627663,127.32866,12,세종특별시
2026-06-20T08:45:07+09:00,ALPACA,422622,61.0,36.627975,127.33185,12,세종특별시
2026-06-20T08:45:07+09:00,ALPACA,422382,81.0,36.628136,127.332634,12,세종특별시
2026-06-20T08:45:07+09:00,ALPACA,422194,72.0,36.629448,127.33293,12,세종특별시
2026-06-20T08:45:07+09:00,ALPACA,422575,98.0,36.63005,127.333046,12,세종특별시
2026-06-20T08:45:07+09:00,ALPACA,422121,98.0,36.63006,127.33041,12,세종특별시
2026-06-20T08:45:07+09:00,ALPACA,422297,97.0,36.630157,127.33284,12,세종특별시
2026-06-20T08:45:07+09:00,ALPACA,422528,47.0,36.63016,127.329994,12,세종특별시
2026-06-20T08:45:07+09:00,ALPACA,421994,100.0,36.630173,127.33289,12,세종특별시
2026-06-20T08:45:07+09:00,ALPACA,410342,97.0,36.630188,127.33287,12,세종특별시
2026-06-20T08:45:07+09:00,ALPACA,422188,59.0,36.630276,127.33359,12,세종특별시
2026-06-20T08:45:07+09:00,ALPACA,422486,55.0,36.630577,127.33085,12,세종특별시
2026-06-20T08:45:07+09:00,ALPACA,422408,57.0,36.630856,127.32952,12,세종특별시
2026-06-20T08:45:07+09:00,ALPACA,422278,70.0,36.630898,127.33079,12,세종특별시
2026-06-20T08:45:07+09:00,ALPACA,422316,94.0,36.631054,127.32807,12,세종특별시
2026-06-20T08:45:07+09:00,ALPACA,422427,48.0,36.631268,127.319305,12,세종특별시
2026-06-20T08:45:07+09:00,ALPACA,422126,93.0,36.6313,127.328636,12,세종특별시
2026-06-20T08:45:07+09:00,ALPACA,422431,57.0,36.63147,127.328804,12,세종특별시
2026-06-20T08:45:07+09:00,ALPACA,416273,77.0,36.631496,127.32945,12,세종특별시
2026-06-20T08:45:07+09:00,ALPACA,422032,63.0,36.631508,127.319214,12,세종특별시
2026-06-20T08:45:07+09:00,ALPACA,422161,86.0,36.631527,127.31919,12,세종특별시
2026-06-20T08:45:07+09:00,ALPACA,422049,84.0,36.63154,127.32607,12,세종특별시
2026-06-20T08:45:07+09:00,ALPACA,421772,91.0,36.6316,127.32905,12,세종특별시
2026-06-20T08:45:07+09:00,ALPACA,422552,100.0,36.631626,127.33032,12,세종특별시
2026-06-20T08:45:07+09:00,ALPACA,422691,75.0,36.63166,127.319824,12,세종특별시
2026-06-20T08:45:07+09:00,ALPACA,422164,89.0,36.631817,127.330444,12,세종특별시
2026-06-20T08:45:07+09:00,ALPACA,422365,78.0,36.632095,127.3274,12,세종특별시
2026-06-20T08:45:07+09:00,ALPACA,422534,63.0,36.63249,127.32635,12,세종특별시
2026-06-20T08:45:07+09:00,ALPACA,422402,87.0,36.632725,127.33509,12,세종특별시
2026-06-20T08:45:07+09:00,ALPACA,422558,98.0,36.63276,127.33506,12,세종특별시
2026-06-20T08:45:07+09:00,ALPACA,422334,72.0,36.632767,127.33112,12,세종특별시
2026-06-20T08:45:07+09:00,ALPACA,422375,70.0,36.632843,127.32338,12,세종특별시
2026-06-20T08:45:07+09:00,ALPACA,422034,71.0,36.632965,127.31423,12,세종특별시
2026-06-20T08:45:07+09:00,ALPACA,422625,100.0,36.633327,127.32107,12,세종특별시
2026-06-20T08:45:07+09:00,ALPACA,422536,100.0,36.633335,127.32108,12,세종특별시
2026-06-20T08:45:07+09:00,ALPACA,422604,100.0,36.633335,127.32109,12,세종특별시
2026-06-20T08:45:07+09:00,ALPACA,419034,97.0,36.633343,127.32108,12,세종특별시
2026-06-20T08:45:07+09:00,ALPACA,422535,95.0,36.633766,127.32904,12,세종특별시
2026-06-20T08:45:07+09:00,ALPACA,422498,77.0,36.635105,127.32707,12,세종특별시
2026-06-20T08:45:07+09:00,ALPACA,422389,95.0,36.635406,127.32625,12,세종특별시
2026-06-20T08:45:07+09:00,ALPACA,421739,76.0,36.635544,127.33448,12,세종특별시
2026-06-20T08:45:07+09:00,ALPACA,422538,43.0,36.63556,127.32583,12,세종특별시
2026-06-20T08:45:07+09:00,ALPACA,422142,81.0,36.63571,127.33876,12,세종특별시
2026-06-20T08:45:07+09:00,ALPACA,422256,63.0,36.635918,127.317535,12,세종특별시
2026-06-20T08:45:07+09:00,ALPACA,422122,61.0,36.63613,127.32849,12,세종특별시
2026-06-20T08:45:07+09:00,ALPACA,421718,100.0,36.63657,127.322876,12,세종특별시
2026-06-20T08:45:07+09:00,ALPACA,422629,100.0,36.636574,127.32278,12,세종특별시
2026-06-20T08:45:07+09:00,ALPACA,422189,63.0,36.636612,127.322685,12,세종특별시
2026-06-20T08:45:07+09:00,ALPACA,422574,72.0,36.63713,127.325294,12,세종특별시
2026-06-20T08:45:07+09:00,ALPACA,422259,90.0,36.63718,127.32534,12,세종특별시
2026-06-20T08:45:07+09:00,ALPACA,422102,100.0,36.637207,127.3253,12,세종특별시
2026-06-20T08:45:07+09:00,ALPACA,422101,88.0,36.63721,127.329155,12,세종특별시
2026-06-20T08:45:07+09:00,ALPACA,418277,70.0,36.637234,127.328835,12,세종특별시
2026-06-20T08:45:07+09:00,ALPACA,422381,75.0,36.63725,127.328835,12,세종특별시
2026-06-20T08:45:07+09:00,ALPACA,422213,44.0,36.637257,127.32913,12,세종특별시
2026-06-20T08:45:07+09:00,ALPACA,421950,66.0,36.637943,127.328064,12,세종특별시
2026-06-20T08:45:07+09:00,ALPACA,422352,58.0,36.638725,127.31696,12,세종특별시
2026-06-20T08:45:07+09:00,ALPACA,422355,73.0,36.638966,127.334236,12,세종특별시
2026-06-20T08:45:07+09:00,ALPACA,422692,89.0,36.63899,127.33424,12,세종특별시
2026-06-20T08:45:07+09:00,ALPACA,422172,98.0,36.639,127.33427,12,세종특별시
2026-06-20T08:45:07+09:00,ALPACA,416786,100.0,36.639015,127.33428,12,세종특별시
2026-06-20T08:45:07+09:00,ALPACA,422573,100.0,36.639023,127.33424,12,세종특별시
2026-06-20T08:45:07+09:00,ALPACA,422496,84.0,36.639687,127.346886,12,세종특별시
2026-06-20T08:45:07+09:00,ALPACA,422388,73.0,36.641624,127.33624,12,세종특별시
2026-06-20T08:45:07+09:00,ALPACA,422326,82.0,36.642715,127.34169,12,세종특별시
2026-06-20T08:45:07+09:00,ALPACA,419832,96.0,36.643394,127.341896,12,세종특별시
2026-06-20T08:45:07+09:00,ALPACA,422362,84.0,36.643646,127.336334,12,세종특별시
2026-06-20T08:45:07+09:00,ALPACA,422455,93.0,36.644646,127.332825,12,세종특별시
2026-06-20T08:45:07+09:00,GBIKE,346764,100.0,36.440763,127.224465,12,세종특별시
2026-06-20T08:45:07+09:00,GBIKE,634021,39.0,36.441036,127.367041,12,세종특별시
2026-06-20T08:45:07+09:00,GBIKE,635594,59.0,36.442135,127.209761,12,세종특별시
2026-06-20T08:45:07+09:00,GBIKE,353074,100.0,36.447178,127.36564,12,세종특별시
2026-06-20T08:45:07+09:00,GBIKE,374180,30.0,36.447548,127.228638,12,세종특별시
2026-06-20T08:45:07+09:00,GBIKE,372222,85.0,36.451356,127.363478,12,세종특별시
2026-06-20T08:45:07+09:00,GBIKE,373279,72.0,36.451385,127.363731,12,세종특별시
2026-06-20T08:45:07+09:00,GBIKE,621255,59.0,36.451472,127.362621,12,세종특별시
2026-06-20T08:45:07+09:00,GBIKE,302403,83.0,36.451492,127.363731,12,세종특별시
2026-06-20T08:45:07+09:00,GBIKE,308243,63.0,36.451894,127.364033,12,세종특별시
2026-06-20T08:45:07+09:00,GBIKE,365258,35.0,36.451955,127.36238,12,세종특별시
2026-06-20T08:45:07+09:00,GBIKE,345118,64.0,36.452218,127.363803,12,세종특별시
2026-06-20T08:45:07+09:00,GBIKE,377379,30.0,36.453726,127.365486,12,세종특별시
2026-06-20T08:45:07+09:00,GBIKE,604668,34.0,36.453955,127.363456,12,세종특별시
2026-06-20T08:45:07+09:00,GBIKE,624269,42.0,36.454222,127.366902,12,세종특별시
2026-06-20T08:45:07+09:00,GBIKE,302018,56.0,36.454319,127.363726,12,세종특별시
2026-06-20T08:45:07+09:00,GBIKE,386937,36.0,36.45439,127.364053,12,세종특별시
2026-06-20T08:45:07+09:00,GBIKE,395865,55.0,36.45444,127.363745,12,세종특별시
2026-06-20T08:45:07+09:00,GBIKE,338805,65.0,36.454861,127.363988,12,세종특별시
2026-06-20T08:45:07+09:00,GBIKE,306339,73.0,36.454917,127.364158,12,세종특별시
2026-06-20T08:45:07+09:00,GBIKE,378795,77.0,36.455416,127.364158,12,세종특별시
2026-06-20T08:45:07+09:00,GBIKE,395213,64.0,36.456796,127.36045,12,세종특별시
2026-06-20T08:45:07+09:00,GBIKE,300588,74.0,36.463659,127.359857,12,세종특별시
2026-06-20T08:45:07+09:00,GBIKE,501246,37.0,36.464424,127.282552,12,세종특별시
2026-06-20T08:45:07+09:00,GBIKE,631883,68.0,36.467741,127.264109,12,세종특별시
2026-06-20T08:45:07+09:00,GBIKE,131962,85.0,36.468212,127.268816,12,세종특별시
2026-06-20T08:45:07+09:00,GBIKE,131956,90.0,36.46857,127.271378,12,세종특별시
2026-06-20T08:45:07+09:00,GBIKE,131468,61.0,36.468623,127.271355,12,세종특별시
2026-06-20T08:45:07+09:00,GBIKE,395909,30.0,36.468641,127.271155,12,세종특별시
2026-06-20T08:45:07+09:00,GBIKE,131762,83.0,36.468925,127.272815,12,세종특별시
2026-06-20T08:45:07+09:00,GBIKE,130777,58.0,36.468941,127.272821,12,세종특별시
2026-06-20T08:45:07+09:00,GBIKE,131641,61.0,36.46895,127.273047,12,세종특별시
2026-06-20T08:45:07+09:00,GBIKE,131895,62.0,36.46897,127.273042,12,세종특별시
2026-06-20T08:45:07+09:00,GBIKE,130931,67.0,36.468983,127.274262,12,세종특별시
2026-06-20T08:45:07+09:00,GBIKE,131657,93.0,36.468994,127.274286,12,세종특별시
2026-06-20T08:45:07+09:00,GBIKE,131652,70.0,36.468998,127.274282,12,세종특별시
2026-06-20T08:45:07+09:00,GBIKE,130389,95.0,36.468998,127.274277,12,세종특별시
2026-06-20T08:45:07+09:00,GBIKE,130094,96.0,36.468999,127.274278,12,세종특별시
2026-06-20T08:45:07+09:00,GBIKE,501495,30.0,36.469028,127.273093,12,세종특별시
2026-06-20T08:45:07+09:00,GBIKE,130545,88.0,36.469068,127.27426,12,세종특별시
2026-06-20T08:45:07+09:00,GBIKE,130669,89.0,36.469077,127.273476,12,세종특별시
2026-06-20T08:45:07+09:00,GBIKE,130434,60.0,36.469103,127.274649,12,세종특별시
2026-06-20T08:45:07+09:00,GBIKE,130524,70.0,36.46918,127.275113,12,세종특별시
2026-06-20T08:45:07+09:00,GBIKE,130936,89.0,36.469189,127.275118,12,세종특별시
2026-06-20T08:45:07+09:00,GBIKE,131681,100.0,36.469198,127.274212,12,세종특별시
2026-06-20T08:45:07+09:00,GBIKE,131432,97.0,36.469206,127.27512,12,세종특별시
2026-06-20T08:45:07+09:00,GBIKE,130909,59.0,36.469241,127.276706,12,세종특별시
2026-06-20T08:45:07+09:00,GBIKE,131556,94.0,36.469254,127.274473,12,세종특별시
2026-06-20T08:45:07+09:00,GBIKE,130661,40.0,36.469394,127.281082,12,세종특별시
2026-06-20T08:45:07+09:00,GBIKE,130425,88.0,36.469771,127.275739,12,세종특별시
2026-06-20T08:45:07+09:00,GBIKE,131547,67.0,36.470037,127.28762,12,세종특별시
2026-06-20T08:45:07+09:00,GBIKE,130863,78.0,36.47031,127.281957,12,세종특별시
2026-06-20T08:45:07+09:00,GBIKE,130836,90.0,36.47052,127.277342,12,세종특별시
2026-06-20T08:45:07+09:00,GBIKE,130026,71.0,36.470677,127.281988,12,세종특별시
2026-06-20T08:45:07+09:00,GBIKE,131357,75.0,36.470952,127.273275,12,세종특별시
2026-06-20T08:45:07+09:00,GBIKE,130163,30.0,36.470988,127.27327,12,세종특별시
2026-06-20T08:45:07+09:00,GBIKE,130811,100.0,36.471084,127.252096,12,세종특별시
2026-06-20T08:45:07+09:00,GBIKE,501348,59.0,36.4711,127.27504,12,세종특별시
2026-06-20T08:45:07+09:00,GBIKE,131231,83.0,36.471122,127.252142,12,세종특별시
2026-06-20T08:45:07+09:00,GBIKE,131994,98.0,36.471235,127.275128,12,세종특별시
2026-06-20T08:45:07+09:00,GBIKE,130233,35.0,36.471355,127.274367,12,세종특별시
2026-06-20T08:45:07+09:00,GBIKE,131507,50.0,36.471566,127.276838,12,세종특별시
2026-06-20T08:45:07+09:00,GBIKE,131081,95.0,36.471776,127.27674,12,세종특별시
2026-06-20T08:45:07+09:00,GBIKE,131683,69.0,36.471785,127.275991,12,세종특별시
2026-06-20T08:45:07+09:00,GBIKE,131963,48.0,36.471909,127.253214,12,세종특별시
2026-06-20T08:45:07+09:00,GBIKE,130742,51.0,36.471916,127.253167,12,세종특별시
2026-06-20T08:45:07+09:00,GBIKE,131084,95.0,36.47209,127.279696,12,세종특별시
2026-06-20T08:45:07+09:00,GBIKE,131615,100.0,36.472184,127.27412,12,세종특별시
2026-06-20T08:45:07+09:00,GBIKE,131104,69.0,36.47232,127.278008,12,세종특별시
2026-06-20T08:45:07+09:00,GBIKE,131340,67.0,36.472347,127.278083,12,세종특별시
2026-06-20T08:45:07+09:00,GBIKE,131311,89.0,36.472385,127.276104,12,세종특별시
2026-06-20T08:45:07+09:00,GBIKE,131470,99.0,36.472399,127.276326,12,세종특별시
2026-06-20T08:45:07+09:00,GBIKE,130296,72.0,36.472409,127.276283,12,세종특별시
2026-06-20T08:45:07+09:00,GBIKE,131824,100.0,36.472448,127.275936,12,세종특별시
2026-06-20T08:45:07+09:00,GBIKE,131428,85.0,36.472632,127.278811,12,세종특별시
2026-06-20T08:45:07+09:00,GBIKE,130517,80.0,36.472772,127.283963,12,세종특별시
2026-06-20T08:45:07+09:00,GBIKE,131521,83.0,36.472888,127.277149,12,세종특별시
2026-06-20T08:45:07+09:00,GBIKE,501161,51.0,36.472994,127.253381,12,세종특별시
2026-06-20T08:45:07+09:00,GBIKE,131719,44.0,36.473096,127.253649,12,세종특별시
2026-06-20T08:45:07+09:00,GBIKE,130471,64.0,36.473145,127.250538,12,세종특별시
2026-06-20T08:45:07+09:00,GBIKE,130619,53.0,36.47315,127.286206,12,세종특별시
2026-06-20T08:45:07+09:00,GBIKE,131568,59.0,36.473182,127.250489,12,세종특별시
2026-06-20T08:45:07+09:00,GBIKE,130024,62.0,36.473186,127.250462,12,세종특별시
2026-06-20T08:45:07+09:00,GBIKE,131149,77.0,36.473385,127.257272,12,세종특별시
2026-06-20T08:45:07+09:00,GBIKE,501597,81.0,36.473471,127.27869,12,세종특별시
2026-06-20T08:45:07+09:00,GBIKE,130992,58.0,36.473559,127.250008,12,세종특별시
2026-06-20T08:45:07+09:00,GBIKE,130324,91.0,36.473613,127.278824,12,세종특별시
2026-06-20T08:45:07+09:00,GBIKE,130691,49.0,36.473694,127.288247,12,세종특별시
2026-06-20T08:45:07+09:00,GBIKE,501425,70.0,36.473946,127.278577,12,세종특별시
2026-06-20T08:45:07+09:00,GBIKE,130063,92.0,36.474141,127.279745,12,세종특별시
2026-06-20T08:45:07+09:00,GBIKE,501276,57.0,36.474187,127.284117,12,세종특별시
2026-06-20T08:45:07+09:00,GBIKE,131660,100.0,36.474221,127.274537,12,세종특별시
2026-06-20T08:45:07+09:00,GBIKE,501148,93.0,36.474249,127.27567,12,세종특별시
2026-06-20T08:45:07+09:00,GBIKE,131758,80.0,36.474273,127.248861,12,세종특별시
2026-06-20T08:45:07+09:00,GBIKE,131396,96.0,36.474282,127.275334,12,세종특별시
2026-06-20T08:45:07+09:00,GBIKE,130045,96.0,36.474355,127.274842,12,세종특별시
2026-06-20T08:45:07+09:00,GBIKE,131997,50.0,36.474376,127.253642,12,세종특별시
2026-06-20T08:45:07+09:00,GBIKE,130234,96.0,36.474435,127.254666,12,세종특별시
2026-06-20T08:45:07+09:00,GBIKE,131583,49.0,36.474435,127.282341,12,세종특별시
2026-06-20T08:45:07+09:00,GBIKE,130104,96.0,36.474473,127.280131,12,세종특별시
2026-06-20T08:45:07+09:00,GBIKE,130333,57.0,36.474477,127.254549,12,세종특별시
2026-06-20T08:45:07+09:00,GBIKE,130982,69.0,36.47462,127.255404,12,세종특별시
2026-06-20T08:45:07+09:00,GBIKE,501414,88.0,36.474655,127.27574,12,세종특별시
2026-06-20T08:45:07+09:00,GBIKE,131217,98.0,36.474686,127.275773,12,세종특별시
2026-06-20T08:45:07+09:00,GBIKE,131886,41.0,36.474706,127.248691,12,세종특별시
2026-06-20T08:45:07+09:00,GBIKE,130098,97.0,36.474718,127.275714,12,세종특별시
2026-06-20T08:45:07+09:00,GBIKE,501103,53.0,36.474721,127.252212,12,세종특별시
2026-06-20T08:45:07+09:00,GBIKE,130562,100.0,36.474755,127.254827,12,세종특별시
2026-06-20T08:45:07+09:00,GBIKE,131330,98.0,36.474765,127.254786,12,세종특별시
2026-06-20T08:45:07+09:00,GBIKE,131904,100.0,36.474789,127.254509,12,세종특별시
2026-06-20T08:45:07+09:00,GBIKE,130022,100.0,36.474793,127.254772,12,세종특별시
2026-06-20T08:45:07+09:00,GBIKE,131863,100.0,36.474825,127.254897,12,세종특별시
2026-06-20T08:45:07+09:00,GBIKE,131454,78.0,36.474829,127.253753,12,세종특별시
2026-06-20T08:45:07+09:00,GBIKE,131241,86.0,36.474843,127.25575,12,세종특별시
2026-06-20T08:45:07+09:00,GBIKE,501430,84.0,36.474855,127.280896,12,세종특별시
2026-06-20T08:45:07+09:00,GBIKE,130626,74.0,36.474902,127.25573,12,세종특별시
2026-06-20T08:45:07+09:00,GBIKE,501191,51.0,36.474959,127.253774,12,세종특별시
2026-06-20T08:45:07+09:00,GBIKE,130546,95.0,36.474985,127.253327,12,세종특별시
2026-06-20T08:45:07+09:00,GBIKE,130073,95.0,36.475076,127.253122,12,세종특별시
2026-06-20T08:45:07+09:00,GBIKE,131467,55.0,36.47508,127.25522,12,세종특별시
2026-06-20T08:45:07+09:00,GBIKE,130305,37.0,36.47509,127.25522,12,세종특별시
2026-06-20T08:45:07+09:00,GBIKE,501408,96.0,36.475105,127.248262,12,세종특별시
2026-06-20T08:45:07+09:00,GBIKE,131097,33.0,36.475108,127.254634,12,세종특별시
2026-06-20T08:45:07+09:00,GBIKE,501380,46.0,36.475124,127.253801,12,세종특별시
2026-06-20T08:45:07+09:00,GBIKE,131747,93.0,36.475226,127.28161,12,세종특별시
2026-06-20T08:45:07+09:00,GBIKE,501206,64.0,36.475239,127.286073,12,세종특별시
2026-06-20T08:45:07+09:00,GBIKE,131629,58.0,36.4753,127.253282,12,세종특별시
2026-06-20T08:45:07+09:00,GBIKE,130780,89.0,36.475376,127.252799,12,세종특별시
2026-06-20T08:45:07+09:00,GBIKE,131276,57.0,36.475395,127.276907,12,세종특별시
2026-06-20T08:45:07+09:00,GBIKE,501511,62.0,36.4755,127.252888,12,세종특별시
2026-06-20T08:45:07+09:00,GBIKE,130693,100.0,36.475501,127.252903,12,세종특별시
2026-06-20T08:45:07+09:00,GBIKE,131746,98.0,36.475509,127.277329,12,세종특별시
2026-06-20T08:45:07+09:00,GBIKE,131899,51.0,36.475538,127.252064,12,세종특별시
2026-06-20T08:45:07+09:00,GBIKE,501140,82.0,36.475559,127.276889,12,세종특별시
2026-06-20T08:45:07+09:00,GBIKE,130220,32.0,36.475583,127.252108,12,세종특별시
2026-06-20T08:45:07+09:00,GBIKE,131393,61.0,36.475589,127.252096,12,세종특별시
2026-06-20T08:45:07+09:00,GBIKE,501469,67.0,36.475611,127.276939,12,세종특별시
2026-06-20T08:45:07+09:00,GBIKE,131738,43.0,36.475616,127.277515,12,세종특별시
2026-06-20T08:45:07+09:00,GBIKE,131327,48.0,36.475628,127.252074,12,세종특별시
2026-06-20T08:45:07+09:00,GBIKE,131047,49.0,36.475701,127.25307,12,세종특별시
2026-06-20T08:45:07+09:00,GBIKE,130862,92.0,36.475705,127.254188,12,세종특별시
2026-06-20T08:45:07+09:00,GBIKE,130350,65.0,36.475739,127.281472,12,세종특별시
2026-06-20T08:45:07+09:00,GBIKE,131208,40.0,36.475854,127.276226,12,세종특별시
2026-06-20T08:45:07+09:00,GBIKE,501321,96.0,36.476103,127.283381,12,세종특별시
2026-06-20T08:45:07+09:00,GBIKE,131019,86.0,36.476138,127.251396,12,세종특별시
2026-06-20T08:45:07+09:00,GBIKE,130310,72.0,36.47615,127.282354,12,세종특별시
2026-06-20T08:45:07+09:00,GBIKE,501409,48.0,36.476262,127.253912,12,세종특별시
2026-06-20T08:45:07+09:00,GBIKE,130116,83.0,36.476308,127.252635,12,세종특별시
2026-06-20T08:45:07+09:00,GBIKE,501216,100.0,36.476313,127.253853,12,세종특별시
2026-06-20T08:45:07+09:00,GBIKE,131438,43.0,36.47634,127.25115,12,세종특별시
2026-06-20T08:45:07+09:00,GBIKE,501315,85.0,36.476348,127.25388,12,세종특별시
2026-06-20T08:45:07+09:00,GBIKE,131801,34.0,36.476374,127.25408,12,세종특별시
2026-06-20T08:45:07+09:00,GBIKE,131089,91.0,36.47642,127.259023,12,세종특별시
2026-06-20T08:45:07+09:00,GBIKE,131040,30.0,36.476461,127.253889,12,세종특별시
2026-06-20T08:45:07+09:00,GBIKE,130925,48.0,36.476541,127.283366,12,세종특별시
2026-06-20T08:45:07+09:00,GBIKE,131222,71.0,36.476552,127.253922,12,세종특별시
2026-06-20T08:45:07+09:00,GBIKE,130339,78.0,36.476555,127.247855,12,세종특별시
2026-06-20T08:45:07+09:00,GBIKE,130695,74.0,36.476638,127.247928,12,세종특별시
2026-06-20T08:45:07+09:00,GBIKE,131362,36.0,36.476661,127.296642,12,세종특별시
2026-06-20T08:45:07+09:00,GBIKE,130038,84.0,36.476679,127.256084,12,세종특별시
2026-06-20T08:45:07+09:00,GBIKE,130170,94.0,36.476759,127.25085,12,세종특별시
2026-06-20T08:45:07+09:00,GBIKE,501378,67.0,36.47678,127.255509,12,세종특별시
2026-06-20T08:45:07+09:00,GBIKE,501202,100.0,36.476783,127.288984,12,세종특별시
2026-06-20T08:45:07+09:00,GBIKE,131990,30.0,36.476813,127.283505,12,세종특별시
2026-06-20T08:45:07+09:00,GBIKE,501458,87.0,36.476838,127.287811,12,세종특별시
2026-06-20T08:45:07+09:00,GBIKE,130160,97.0,36.47686,127.253947,12,세종특별시
2026-06-20T08:45:07+09:00,GBIKE,131118,70.0,36.47686,127.289723,12,세종특별시
2026-06-20T08:45:07+09:00,GBIKE,130583,95.0,36.476863,127.254036,12,세종특별시
2026-06-20T08:45:07+09:00,GBIKE,131515,82.0,36.476931,127.254024,12,세종특별시
2026-06-20T08:45:07+09:00,GBIKE,131903,54.0,36.476933,127.289335,12,세종특별시
2026-06-20T08:45:07+09:00,GBIKE,131593,96.0,36.476997,127.28284,12,세종특별시
2026-06-20T08:45:07+09:00,GBIKE,131225,58.0,36.477065,127.289828,12,세종특별시
2026-06-20T08:45:07+09:00,GBIKE,130055,35.0,36.4771,127.248263,12,세종특별시
2026-06-20T08:45:07+09:00,GBIKE,130698,60.0,36.477182,127.254128,12,세종특별시
2026-06-20T08:45:07+09:00,GBIKE,130854,89.0,36.47724,127.290311,12,세종특별시
2026-06-20T08:45:07+09:00,GBIKE,130920,93.0,36.477273,127.290222,12,세종특별시
2026-06-20T08:45:07+09:00,GBIKE,131305,30.0,36.477296,127.254081,12,세종특별시
2026-06-20T08:45:07+09:00,GBIKE,131558,80.0,36.477334,127.297368,12,세종특별시
2026-06-20T08:45:07+09:00,GBIKE,130568,68.0,36.477336,127.297415,12,세종특별시
2026-06-20T08:45:07+09:00,GBIKE,501387,30.0,36.477338,127.250906,12,세종특별시
2026-06-20T08:45:07+09:00,GBIKE,130556,33.0,36.47741,127.250577,12,세종특별시
2026-06-20T08:45:07+09:00,GBIKE,131080,39.0,36.477431,127.281658,12,세종특별시
2026-06-20T08:45:07+09:00,GBIKE,130726,33.0,36.47744,127.250142,12,세종특별시
2026-06-20T08:45:07+09:00,GBIKE,130842,43.0,36.477461,127.283199,12,세종특별시
2026-06-20T08:45:07+09:00,GBIKE,131985,30.0,36.477474,127.254247,12,세종특별시
2026-06-20T08:45:07+09:00,GBIKE,131275,86.0,36.477489,127.250535,12,세종특별시
2026-06-20T08:45:07+09:00,GBIKE,501372,92.0,36.47749,127.248728,12,세종특별시
2026-06-20T08:45:07+09:00,GBIKE,131672,58.0,36.477499,127.283181,12,세종특별시
2026-06-20T08:45:07+09:00,GBIKE,130291,30.0,36.477532,127.24986,12,세종특별시
2026-06-20T08:45:07+09:00,GBIKE,131033,93.0,36.477542,127.25425,12,세종특별시
2026-06-20T08:45:07+09:00,GBIKE,130376,35.0,36.47756,127.24987,12,세종특별시
2026-06-20T08:45:07+09:00,GBIKE,131537,87.0,36.477563,127.286017,12,세종특별시
2026-06-20T08:45:07+09:00,GBIKE,130990,69.0,36.477572,127.286018,12,세종특별시
2026-06-20T08:45:07+09:00,GBIKE,501598,100.0,36.477572,127.287364,12,세종특별시
2026-06-20T08:45:07+09:00,GBIKE,130917,39.0,36.47758,127.249861,12,세종특별시
2026-06-20T08:45:07+09:00,GBIKE,501468,66.0,36.477582,127.285951,12,세종특별시
2026-06-20T08:45:07+09:00,GBIKE,131602,100.0,36.477589,127.298115,12,세종특별시
2026-06-20T08:45:07+09:00,GBIKE,130801,98.0,36.4776,127.249828,12,세종특별시
2026-06-20T08:45:07+09:00,GBIKE,130161,86.0,36.477604,127.249841,12,세종특별시
2026-06-20T08:45:07+09:00,GBIKE,131552,83.0,36.477612,127.298264,12,세종특별시
2026-06-20T08:45:07+09:00,GBIKE,131793,66.0,36.477618,127.249837,12,세종특별시
2026-06-20T08:45:07+09:00,GBIKE,131145,80.0,36.47762,127.253642,12,세종특별시
2026-06-20T08:45:07+09:00,GBIKE,131505,100.0,36.477626,127.260073,12,세종특별시
2026-06-20T08:45:07+09:00,GBIKE,131661,86.0,36.477661,127.250167,12,세종특별시
2026-06-20T08:45:07+09:00,GBIKE,131854,96.0,36.477663,127.249705,12,세종특별시
2026-06-20T08:45:07+09:00,GBIKE,130065,35.0,36.477675,127.255619,12,세종특별시
2026-06-20T08:45:07+09:00,GBIKE,131187,83.0,36.477689,127.249355,12,세종특별시
2026-06-20T08:45:07+09:00,GBIKE,130749,94.0,36.477693,127.255244,12,세종특별시
2026-06-20T08:45:07+09:00,GBIKE,131983,33.0,36.477734,127.255724,12,세종특별시
2026-06-20T08:45:07+09:00,GBIKE,131235,30.0,36.477744,127.249601,12,세종특별시
2026-06-20T08:45:07+09:00,GBIKE,130688,45.0,36.47775,127.249093,12,세종특별시
2026-06-20T08:45:07+09:00,GBIKE,131014,31.0,36.477754,127.248813,12,세종특별시
2026-06-20T08:45:07+09:00,GBIKE,501334,83.0,36.477799,127.248808,12,세종특별시
2026-06-20T08:45:07+09:00,GBIKE,501324,71.0,36.477801,127.25366,12,세종특별시
2026-06-20T08:45:07+09:00,GBIKE,131966,100.0,36.47783,127.248818,12,세종특별시
2026-06-20T08:45:07+09:00,GBIKE,130555,51.0,36.47783,127.283155,12,세종특별시
2026-06-20T08:45:07+09:00,GBIKE,131435,68.0,36.477834,127.283222,12,세종특별시
2026-06-20T08:45:07+09:00,GBIKE,501112,90.0,36.477851,127.252175,12,세종특별시
2026-06-20T08:45:07+09:00,GBIKE,131634,92.0,36.477875,127.24907,12,세종특별시
2026-06-20T08:45:07+09:00,GBIKE,131774,94.0,36.477924,127.249335,12,세종특별시
2026-06-20T08:45:07+09:00,GBIKE,131791,96.0,36.477942,127.287597,12,세종특별시
2026-06-20T08:45:07+09:00,GBIKE,131059,50.0,36.477947,127.287606,12,세종특별시
2026-06-20T08:45:07+09:00,GBIKE,501207,95.0,36.477968,127.287662,12,세종특별시
2026-06-20T08:45:07+09:00,GBIKE,131462,57.0,36.477973,127.295187,12,세종특별시
2026-06-20T08:45:07+09:00,GBIKE,130173,66.0,36.477993,127.299339,12,세종특별시
2026-06-20T08:45:07+09:00,GBIKE,501600,100.0,36.478029,127.299326,12,세종특별시
2026-06-20T08:45:07+09:00,GBIKE,501538,92.0,36.478036,127.288791,12,세종특별시
2026-06-20T08:45:07+09:00,GBIKE,501547,57.0,36.478036,127.283205,12,세종특별시
2026-06-20T08:45:07+09:00,GBIKE,130232,94.0,36.478131,127.29524,12,세종특별시
2026-06-20T08:45:07+09:00,GBIKE,130952,35.0,36.478223,127.299958,12,세종특별시
2026-06-20T08:45:07+09:00,GBIKE,131651,69.0,36.478224,127.288232,12,세종특별시
2026-06-20T08:45:07+09:00,GBIKE,130018,44.0,36.478225,127.255643,12,세종특별시
2026-06-20T08:45:07+09:00,GBIKE,131317,59.0,36.478225,127.299927,12,세종특별시
2026-06-20T08:45:07+09:00,GBIKE,130171,100.0,36.478226,127.299917,12,세종특별시
2026-06-20T08:45:07+09:00,GBIKE,131381,89.0,36.478273,127.24941,12,세종특별시
2026-06-20T08:45:07+09:00,GBIKE,130548,65.0,36.478286,127.258193,12,세종특별시
2026-06-20T08:45:07+09:00,GBIKE,130405,47.0,36.478312,127.287414,12,세종특별시
2026-06-20T08:45:07+09:00,GBIKE,130776,92.0,36.478366,127.287699,12,세종특별시
2026-06-20T08:45:07+09:00,GBIKE,131003,81.0,36.478392,127.257721,12,세종특별시
2026-06-20T08:45:07+09:00,GBIKE,501159,97.0,36.478425,127.288252,12,세종특별시
2026-06-20T08:45:07+09:00,GBIKE,131715,97.0,36.478441,127.256504,12,세종특별시
2026-06-20T08:45:07+09:00,GBIKE,501298,90.0,36.478443,127.288646,12,세종특별시
2026-06-20T08:45:07+09:00,GBIKE,131986,67.0,36.478453,127.291035,12,세종특별시
2026-06-20T08:45:07+09:00,GBIKE,130686,32.0,36.478466,127.293575,12,세종특별시
2026-06-20T08:45:07+09:00,GBIKE,131415,88.0,36.478483,127.293834,12,세종특별시
2026-06-20T08:45:07+09:00,GBIKE,131566,49.0,36.478499,127.252214,12,세종특별시
2026-06-20T08:45:07+09:00,GBIKE,131662,79.0,36.478576,127.257273,12,세종특별시
2026-06-20T08:45:07+09:00,GBIKE,131161,89.0,36.478619,127.255832,12,세종특별시
2026-06-20T08:45:07+09:00,GBIKE,130768,82.0,36.478676,127.257778,12,세종특별시
2026-06-20T08:45:07+09:00,GBIKE,501490,69.0,36.478679,127.261399,12,세종특별시
2026-06-20T08:45:07+09:00,GBIKE,131740,100.0,36.478684,127.255564,12,세종특별시
2026-06-20T08:45:07+09:00,GBIKE,131173,96.0,36.478693,127.288589,12,세종특별시
2026-06-20T08:45:07+09:00,GBIKE,131879,47.0,36.47871,127.255517,12,세종특별시
2026-06-20T08:45:07+09:00,GBIKE,131695,62.0,36.478749,127.28856,12,세종특별시
2026-06-20T08:45:07+09:00,GBIKE,130639,76.0,36.478762,127.288666,12,세종특별시
2026-06-20T08:45:07+09:00,GBIKE,130518,79.0,36.478767,127.288648,12,세종특별시
2026-06-20T08:45:07+09:00,GBIKE,130351,94.0,36.478768,127.288673,12,세종특별시
2026-06-20T08:45:07+09:00,GBIKE,130653,83.0,36.478771,127.288741,12,세종특별시
2026-06-20T08:45:07+09:00,GBIKE,131332,98.0,36.478777,127.255324,12,세종특별시
2026-06-20T08:45:07+09:00,GBIKE,131157,66.0,36.478778,127.288698,12,세종특별시
2026-06-20T08:45:07+09:00,GBIKE,130374,36.0,36.478785,127.250989,12,세종특별시
2026-06-20T08:45:07+09:00,GBIKE,131754,95.0,36.478827,127.288829,12,세종특별시
2026-06-20T08:45:07+09:00,GBIKE,131280,65.0,36.478841,127.289386,12,세종특별시
2026-06-20T08:45:07+09:00,GBIKE,131249,58.0,36.478847,127.288914,12,세종특별시
2026-06-20T08:45:07+09:00,GBIKE,130743,30.0,36.478851,127.251036,12,세종특별시
2026-06-20T08:45:07+09:00,GBIKE,130867,77.0,36.478855,127.25106,12,세종특별시
2026-06-20T08:45:07+09:00,GBIKE,131917,79.0,36.478857,127.288902,12,세종특별시
2026-06-20T08:45:07+09:00,GBIKE,130272,34.0,36.478868,127.301188,12,세종특별시
2026-06-20T08:45:07+09:00,GBIKE,501397,77.0,36.478886,127.290302,12,세종특별시
2026-06-20T08:45:07+09:00,GBIKE,131745,77.0,36.478901,127.289841,12,세종특별시
2026-06-20T08:45:07+09:00,GBIKE,131771,70.0,36.478908,127.251046,12,세종특별시
2026-06-20T08:45:07+09:00,GBIKE,501251,82.0,36.478922,127.287364,12,세종특별시
2026-06-20T08:45:07+09:00,GBIKE,130426,50.0,36.478922,127.290281,12,세종특별시
2026-06-20T08:45:07+09:00,GBIKE,130287,45.0,36.478937,127.262093,12,세종특별시
2026-06-20T08:45:07+09:00,GBIKE,130670,100.0,36.478949,127.284542,12,세종특별시
2026-06-20T08:45:07+09:00,GBIKE,501319,75.0,36.478956,127.28457,12,세종특별시
2026-06-20T08:45:07+09:00,GBIKE,131665,64.0,36.478966,127.290196,12,세종특별시
2026-06-20T08:45:07+09:00,GBIKE,130634,65.0,36.479201,127.261956,12,세종특별시
2026-06-20T08:45:07+09:00,GBIKE,130924,89.0,36.479246,127.285506,12,세종특별시
2026-06-20T08:45:07+09:00,GBIKE,131303,100.0,36.479256,127.25165,12,세종특별시
2026-06-20T08:45:07+09:00,GBIKE,131139,57.0,36.479258,127.255053,12,세종특별시
2026-06-20T08:45:07+09:00,GBIKE,130893,98.0,36.479265,127.29501,12,세종특별시
2026-06-20T08:45:07+09:00,GBIKE,501513,100.0,36.479295,127.28542,12,세종특별시
2026-06-20T08:45:07+09:00,GBIKE,131503,94.0,36.479318,127.285383,12,세종특별시
2026-06-20T08:45:07+09:00,GBIKE,130797,31.0,36.479319,127.261828,12,세종특별시
2026-06-20T08:45:07+09:00,GBIKE,131514,32.0,36.479399,127.2619,12,세종특별시
2026-06-20T08:45:07+09:00,GBIKE,131531,63.0,36.47942,127.246822,12,세종특별시
2026-06-20T08:45:07+09:00,GBIKE,131392,92.0,36.479474,127.262132,12,세종특별시
2026-06-20T08:45:07+09:00,GBIKE,130072,47.0,36.479538,127.263295,12,세종특별시
2026-06-20T08:45:07+09:00,GBIKE,130717,49.0,36.479554,127.26321,12,세종특별시
2026-06-20T08:45:07+09:00,GBIKE,501303,100.0,36.479603,127.286633,12,세종특별시
2026-06-20T08:45:07+09:00,GBIKE,501135,87.0,36.479608,127.286614,12,세종특별시
2026-06-20T08:45:07+09:00,GBIKE,501172,30.0,36.479628,127.264191,12,세종특별시
2026-06-20T08:45:07+09:00,GBIKE,130643,30.0,36.479649,127.261235,12,세종특별시
2026-06-20T08:45:07+09:00,GBIKE,131644,84.0,36.479655,127.250589,12,세종특별시
2026-06-20T08:45:07+09:00,GBIKE,130250,32.0,36.479689,127.257889,12,세종특별시
2026-06-20T08:45:07+09:00,GBIKE,501307,30.0,36.479695,127.264542,12,세종특별시
2026-06-20T08:45:07+09:00,GBIKE,131322,66.0,36.479728,127.247838,12,세종특별시
2026-06-20T08:45:07+09:00,GBIKE,501561,47.0,36.479734,127.286484,12,세종특별시
2026-06-20T08:45:07+09:00,GBIKE,131937,86.0,36.479737,127.286481,12,세종특별시
2026-06-20T08:45:07+09:00,GBIKE,501392,92.0,36.479744,127.247846,12,세종특별시
2026-06-20T08:45:07+09:00,GBIKE,130279,65.0,36.479757,127.286402,12,세종특별시
2026-06-20T08:45:07+09:00,GBIKE,130775,93.0,36.479795,127.307489,12,세종특별시
2026-06-20T08:45:07+09:00,GBIKE,131513,65.0,36.479811,127.297275,12,세종특별시
2026-06-20T08:45:07+09:00,GBIKE,130967,31.0,36.479816,127.254545,12,세종특별시
2026-06-20T08:45:07+09:00,GBIKE,131673,58.0,36.479898,127.25448,12,세종특별시
2026-06-20T08:45:07+09:00,GBIKE,130460,69.0,36.479923,127.262357,12,세종특별시
2026-06-20T08:45:07+09:00,GBIKE,130411,31.0,36.479938,127.252449,12,세종특별시
2026-06-20T08:45:07+09:00,GBIKE,130511,96.0,36.479953,127.250787,12,세종특별시
2026-06-20T08:45:07+09:00,GBIKE,130052,96.0,36.479955,127.287084,12,세종특별시
2026-06-20T08:45:07+09:00,GBIKE,130853,96.0,36.480007,127.286636,12,세종특별시
2026-06-20T08:45:07+09:00,GBIKE,131682,71.0,36.480011,127.253933,12,세종특별시
2026-06-20T08:45:07+09:00,GBIKE,130308,93.0,36.480025,127.286591,12,세종특별시
2026-06-20T08:45:07+09:00,GBIKE,130050,47.0,36.48003,127.25425,12,세종특별시
2026-06-20T08:45:07+09:00,GBIKE,130541,87.0,36.480048,127.286603,12,세종특별시
2026-06-20T08:45:07+09:00,GBIKE,131712,60.0,36.480072,127.286652,12,세종특별시
2026-06-20T08:45:07+09:00,GBIKE,130962,65.0,36.480082,127.261296,12,세종특별시
2026-06-20T08:45:07+09:00,GBIKE,131388,96.0,36.480089,127.28671,12,세종특별시
2026-06-20T08:45:07+09:00,GBIKE,130838,100.0,36.480092,127.261319,12,세종특별시
2026-06-20T08:45:07+09:00,GBIKE,131961,43.0,36.480094,127.253494,12,세종특별시
2026-06-20T08:45:07+09:00,GBIKE,130377,88.0,36.480094,127.254651,12,세종특별시
2026-06-20T08:45:07+09:00,GBIKE,130637,83.0,36.480106,127.286646,12,세종특별시
2026-06-20T08:45:07+09:00,GBIKE,130729,100.0,36.480108,127.25304,12,세종특별시
2026-06-20T08:45:07+09:00,GBIKE,131805,73.0,36.480129,127.286772,12,세종특별시
2026-06-20T08:45:07+09:00,GBIKE,131548,82.0,36.480135,127.24833,12,세종특별시
2026-06-20T08:45:07+09:00,GBIKE,501285,43.0,36.480147,127.264309,12,세종특별시
2026-06-20T08:45:07+09:00,GBIKE,130708,84.0,36.48016,127.248371,12,세종특별시
2026-06-20T08:45:07+09:00,GBIKE,501195,47.0,36.480174,127.248091,12,세종특별시
2026-06-20T08:45:07+09:00,GBIKE,130335,88.0,36.480206,127.253127,12,세종특별시
2026-06-20T08:45:07+09:00,GBIKE,131559,40.0,36.480215,127.25312,12,세종특별시
2026-06-20T08:45:07+09:00,GBIKE,130027,94.0,36.480234,127.24637,12,세종특별시
2026-06-20T08:45:07+09:00,GBIKE,130190,63.0,36.480235,127.246379,12,세종특별시
2026-06-20T08:45:07+09:00,GBIKE,131463,37.0,36.480239,127.246353,12,세종특별시
2026-06-20T08:45:07+09:00,GBIKE,131082,38.0,36.480245,127.253206,12,세종특별시
2026-06-20T08:45:07+09:00,GBIKE,131069,56.0,36.480269,127.253293,12,세종특별시
2026-06-20T08:45:07+09:00,GBIKE,131544,33.0,36.480273,127.25332,12,세종특별시
2026-06-20T08:45:07+09:00,GBIKE,131320,34.0,36.480273,127.262089,12,세종특별시
2026-06-20T08:45:07+09:00,GBIKE,130818,57.0,36.480275,127.253552,12,세종특별시
2026-06-20T08:45:07+09:00,GBIKE,131351,51.0,36.480282,127.261513,12,세종특별시
2026-06-20T08:45:07+09:00,GBIKE,131735,55.0,36.480306,127.253371,12,세종특별시
2026-06-20T08:45:07+09:00,GBIKE,130886,44.0,36.480308,127.25331,12,세종특별시
2026-06-20T08:45:07+09:00,GBIKE,131707,34.0,36.480389,127.262081,12,세종특별시
2026-06-20T08:45:07+09:00,GBIKE,131889,87.0,36.480411,127.287842,12,세종특별시
2026-06-20T08:45:07+09:00,GBIKE,501491,92.0,36.480445,127.287844,12,세종특별시
2026-06-20T08:45:07+09:00,GBIKE,131936,84.0,36.480508,127.261999,12,세종특별시
2026-06-20T08:45:07+09:00,GBIKE,130896,33.0,36.480557,127.262419,12,세종특별시
2026-06-20T08:45:07+09:00,GBIKE,130943,93.0,36.480557,127.262381,12,세종특별시
2026-06-20T08:45:07+09:00,GBIKE,131282,70.0,36.480584,127.254707,12,세종특별시
2026-06-20T08:45:07+09:00,GBIKE,131168,49.0,36.480608,127.299247,12,세종특별시
2026-06-20T08:45:07+09:00,GBIKE,130921,100.0,36.480614,127.287736,12,세종특별시
2026-06-20T08:45:07+09:00,GBIKE,130584,35.0,36.480661,127.299595,12,세종특별시
2026-06-20T08:45:07+09:00,GBIKE,131842,71.0,36.480703,127.261742,12,세종특별시
2026-06-20T08:45:07+09:00,GBIKE,501252,32.0,36.480723,127.24678,12,세종특별시
2026-06-20T08:45:07+09:00,GBIKE,501108,100.0,36.480768,127.261854,12,세종특별시
2026-06-20T08:45:07+09:00,GBIKE,501133,43.0,36.480791,127.26182,12,세종특별시
2026-06-20T08:45:07+09:00,GBIKE,131942,94.0,36.480826,127.289057,12,세종특별시
2026-06-20T08:45:07+09:00,GBIKE,501101,67.0,36.480859,127.261763,12,세종특별시
2026-06-20T08:45:07+09:00,GBIKE,501151,53.0,36.480899,127.261781,12,세종특별시
2026-06-20T08:45:07+09:00,GBIKE,130905,39.0,36.480914,127.253792,12,세종특별시
2026-06-20T08:45:07+09:00,GBIKE,130627,32.0,36.480926,127.261719,12,세종특별시
2026-06-20T08:45:07+09:00,GBIKE,501482,50.0,36.480957,127.299452,12,세종특별시
2026-06-20T08:45:07+09:00,GBIKE,130819,59.0,36.480967,127.294878,12,세종특별시
2026-06-20T08:45:07+09:00,GBIKE,501154,38.0,36.480973,127.259096,12,세종특별시
2026-06-20T08:45:07+09:00,GBIKE,501498,30.0,36.480987,127.261683,12,세종특별시
2026-06-20T08:45:07+09:00,GBIKE,131172,30.0,36.481005,127.262876,12,세종특별시
2026-06-20T08:45:07+09:00,GBIKE,131880,63.0,36.481005,127.262872,12,세종특별시
2026-06-20T08:45:07+09:00,GBIKE,501407,94.0,36.481053,127.261582,12,세종특별시
2026-06-20T08:45:07+09:00,GBIKE,131810,32.0,36.481065,127.253425,12,세종특별시
2026-06-20T08:45:07+09:00,GBIKE,131756,62.0,36.481074,127.260741,12,세종특별시
2026-06-20T08:45:07+09:00,GBIKE,130567,33.0,36.481077,127.262055,12,세종특별시
2026-06-20T08:45:07+09:00,GBIKE,130713,40.0,36.481118,127.253428,12,세종특별시
2026-06-20T08:45:07+09:00,GBIKE,130657,40.0,36.48112,127.253408,12,세종특별시
2026-06-20T08:45:07+09:00,GBIKE,131839,84.0,36.481123,127.301218,12,세종특별시
2026-06-20T08:45:07+09:00,GBIKE,131726,100.0,36.481147,127.262098,12,세종특별시
2026-06-20T08:45:07+09:00,GBIKE,131386,98.0,36.481161,127.29055,12,세종특별시
2026-06-20T08:45:07+09:00,GBIKE,131795,84.0,36.481172,127.290042,12,세종특별시
2026-06-20T08:45:07+09:00,GBIKE,131384,39.0,36.481267,127.290093,12,세종특별시
2026-06-20T08:45:07+09:00,GBIKE,131761,30.0,36.481291,127.261401,12,세종특별시
2026-06-20T08:45:07+09:00,GBIKE,130360,89.0,36.481292,127.290165,12,세종특별시
2026-06-20T08:45:07+09:00,GBIKE,501107,70.0,36.481316,127.259285,12,세종특별시
2026-06-20T08:45:07+09:00,GBIKE,130937,95.0,36.481336,127.251487,12,세종특별시
2026-06-20T08:45:07+09:00,GBIKE,131037,100.0,36.481348,127.269087,12,세종특별시
2026-06-20T08:45:07+09:00,GBIKE,130451,47.0,36.481369,127.308391,12,세종특별시
2026-06-20T08:45:07+09:00,GBIKE,501499,83.0,36.481389,127.307812,12,세종특별시
2026-06-20T08:45:07+09:00,GBIKE,131255,90.0,36.481394,127.308465,12,세종특별시
2026-06-20T08:45:07+09:00,GBIKE,501187,49.0,36.481407,127.307807,12,세종특별시
2026-06-20T08:45:07+09:00,GBIKE,332827,30.0,36.481435,127.24633,12,세종특별시
2026-06-20T08:45:07+09:00,GBIKE,501339,76.0,36.481461,127.293397,12,세종특별시
2026-06-20T08:45:07+09:00,GBIKE,130926,93.0,36.481494,127.293414,12,세종특별시
2026-06-20T08:45:07+09:00,GBIKE,501413,100.0,36.481502,127.259192,12,세종특별시
2026-06-20T08:45:07+09:00,GBIKE,131271,100.0,36.481529,127.253703,12,세종특별시
2026-06-20T08:45:07+09:00,GBIKE,501113,88.0,36.481562,127.290741,12,세종특별시
2026-06-20T08:45:07+09:00,GBIKE,131643,59.0,36.481562,127.290719,12,세종특별시
2026-06-20T08:45:07+09:00,GBIKE,501129,30.0,36.481576,127.260242,12,세종특별시
2026-06-20T08:45:07+09:00,GBIKE,130396,42.0,36.481583,127.253772,12,세종특별시
2026-06-20T08:45:07+09:00,GBIKE,131158,80.0,36.481617,127.261979,12,세종특별시
2026-06-20T08:45:07+09:00,GBIKE,131227,62.0,36.481751,127.252203,12,세종특별시
2026-06-20T08:45:07+09:00,GBIKE,130407,91.0,36.481854,127.253563,12,세종특별시
2026-06-20T08:45:07+09:00,GBIKE,130214,82.0,36.481869,127.307243,12,세종특별시
2026-06-20T08:45:07+09:00,GBIKE,131026,100.0,36.481911,127.260334,12,세종특별시
2026-06-20T08:45:07+09:00,GBIKE,130235,96.0,36.481953,127.250278,12,세종특별시
2026-06-20T08:45:07+09:00,GBIKE,131349,75.0,36.481957,127.262046,12,세종특별시
2026-06-20T08:45:07+09:00,GBIKE,131248,87.0,36.481962,127.254234,12,세종특별시
2026-06-20T08:45:07+09:00,GBIKE,131002,36.0,36.481994,127.259953,12,세종특별시
2026-06-20T08:45:07+09:00,GBIKE,131111,100.0,36.482018,127.25781,12,세종특별시
2026-06-20T08:45:07+09:00,GBIKE,131924,81.0,36.482037,127.291921,12,세종특별시
2026-06-20T08:45:07+09:00,GBIKE,130908,83.0,36.482094,127.253024,12,세종특별시
2026-06-20T08:45:07+09:00,GBIKE,131083,100.0,36.482138,127.262303,12,세종특별시
2026-06-20T08:45:07+09:00,GBIKE,501450,79.0,36.482178,127.307971,12,세종특별시
2026-06-20T08:45:07+09:00,GBIKE,501330,36.0,36.482214,127.260629,12,세종특별시
2026-06-20T08:45:07+09:00,GBIKE,130354,32.0,36.48223,127.249695,12,세종특별시
2026-06-20T08:45:07+09:00,GBIKE,131866,51.0,36.482234,127.260677,12,세종특별시
2026-06-20T08:45:07+09:00,GBIKE,130259,48.0,36.482252,127.260619,12,세종특별시
2026-06-20T08:45:07+09:00,GBIKE,131335,63.0,36.482271,127.292911,12,세종특별시
2026-06-20T08:45:07+09:00,GBIKE,501150,85.0,36.482296,127.307184,12,세종특별시
2026-06-20T08:45:07+09:00,GBIKE,130998,65.0,36.482298,127.29742,12,세종특별시
2026-06-20T08:45:07+09:00,GBIKE,131587,33.0,36.482299,127.248515,12,세종특별시
2026-06-20T08:45:07+09:00,GBIKE,130152,88.0,36.482303,127.251902,12,세종특별시
2026-06-20T08:45:07+09:00,GBIKE,130860,95.0,36.482329,127.307066,12,세종특별시
2026-06-20T08:45:07+09:00,GBIKE,130503,100.0,36.482372,127.26268,12,세종특별시
2026-06-20T08:45:07+09:00,GBIKE,130141,79.0,36.482398,127.311312,12,세종특별시
2026-06-20T08:45:07+09:00,GBIKE,131277,100.0,36.482413,127.26258,12,세종특별시
2026-06-20T08:45:07+09:00,GBIKE,130697,50.0,36.48242,127.30708,12,세종특별시
2026-06-20T08:45:07+09:00,GBIKE,131338,53.0,36.482437,127.265462,12,세종특별시
2026-06-20T08:45:07+09:00,GBIKE,131121,69.0,36.482518,127.261897,12,세종특별시
2026-06-20T08:45:07+09:00,GBIKE,501302,95.0,36.482518,127.262957,12,세종특별시
2026-06-20T08:45:07+09:00,GBIKE,131025,47.0,36.482523,127.311266,12,세종특별시
2026-06-20T08:45:07+09:00,GBIKE,130955,100.0,36.482581,127.262877,12,세종특별시
2026-06-20T08:45:07+09:00,GBIKE,130591,35.0,36.482603,127.267197,12,세종특별시
2026-06-20T08:45:07+09:00,GBIKE,131127,46.0,36.482648,127.259556,12,세종특별시
2026-06-20T08:45:07+09:00,GBIKE,131007,49.0,36.482658,127.305234,12,세종특별시
2026-06-20T08:45:07+09:00,GBIKE,501506,75.0,36.482672,127.248856,12,세종특별시
2026-06-20T08:45:07+09:00,GBIKE,130847,30.0,36.482702,127.245966,12,세종특별시
2026-06-20T08:45:07+09:00,GBIKE,131385,44.0,36.482717,127.266219,12,세종특별시
2026-06-20T08:45:07+09:00,GBIKE,131298,91.0,36.482747,127.261308,12,세종특별시
2026-06-20T08:45:07+09:00,GBIKE,131560,91.0,36.482844,127.260936,12,세종특별시
2026-06-20T08:45:07+09:00,GBIKE,501411,100.0,36.482897,127.263672,12,세종특별시
2026-06-20T08:45:07+09:00,GBIKE,501105,65.0,36.48292,127.248313,12,세종특별시
2026-06-20T08:45:07+09:00,GBIKE,501484,54.0,36.482957,127.297735,12,세종특별시
2026-06-20T08:45:07+09:00,GBIKE,501139,49.0,36.482984,127.297711,12,세종특별시
2026-06-20T08:45:07+09:00,GBIKE,130153,100.0,36.483005,127.268037,12,세종특별시
2026-06-20T08:45:07+09:00,GBIKE,501365,41.0,36.483012,127.263724,12,세종특별시
2026-06-20T08:45:07+09:00,GBIKE,501356,68.0,36.483029,127.26805,12,세종특별시
2026-06-20T08:45:07+09:00,GBIKE,131517,41.0,36.483036,127.248331,12,세종특별시
2026-06-20T08:45:07+09:00,GBIKE,130512,96.0,36.483065,127.252894,12,세종특별시
2026-06-20T08:45:07+09:00,GBIKE,130075,95.0,36.483096,127.293763,12,세종특별시
2026-06-20T08:45:07+09:00,GBIKE,501170,82.0,36.483108,127.293701,12,세종특별시
2026-06-20T08:45:07+09:00,GBIKE,501556,94.0,36.483117,127.293708,12,세종특별시
2026-06-20T08:45:07+09:00,GBIKE,501427,93.0,36.483193,127.261716,12,세종특별시
2026-06-20T08:45:07+09:00,GBIKE,131450,88.0,36.483329,127.253275,12,세종특별시
2026-06-20T08:45:07+09:00,GBIKE,131713,100.0,36.483391,127.262833,12,세종특별시
2026-06-20T08:45:07+09:00,GBIKE,130593,100.0,36.483392,127.262809,12,세종특별시
2026-06-20T08:45:07+09:00,GBIKE,130281,76.0,36.483396,127.293965,12,세종특별시
2026-06-20T08:45:07+09:00,GBIKE,131768,77.0,36.483401,127.264379,12,세종특별시
2026-06-20T08:45:07+09:00,GBIKE,130453,45.0,36.483411,127.263313,12,세종특별시
2026-06-20T08:45:07+09:00,GBIKE,130504,59.0,36.483531,127.252569,12,세종특별시
2026-06-20T08:45:07+09:00,GBIKE,130096,78.0,36.483536,127.258518,12,세종특별시
2026-06-20T08:45:07+09:00,GBIKE,131046,68.0,36.483573,127.25947,12,세종특별시
2026-06-20T08:45:07+09:00,GBIKE,131453,39.0,36.483627,127.24918,12,세종특별시
2026-06-20T08:45:07+09:00,GBIKE,131228,97.0,36.483658,127.294305,12,세종특별시
2026-06-20T08:45:07+09:00,GBIKE,131035,75.0,36.483724,127.249271,12,세종특별시
2026-06-20T08:45:07+09:00,GBIKE,131604,56.0,36.483736,127.24716,12,세종특별시
2026-06-20T08:45:07+09:00,GBIKE,130264,75.0,36.483757,127.25236,12,세종특별시
2026-06-20T08:45:07+09:00,GBIKE,131471,88.0,36.483758,127.306254,12,세종특별시
2026-06-20T08:45:07+09:00,GBIKE,130211,80.0,36.483779,127.264057,12,세종특별시
2026-06-20T08:45:07+09:00,GBIKE,501275,45.0,36.483783,127.306193,12,세종특별시
2026-06-20T08:45:07+09:00,GBIKE,501374,100.0,36.483822,127.2631,12,세종특별시
2026-06-20T08:45:07+09:00,GBIKE,131898,86.0,36.483854,127.293969,12,세종특별시
2026-06-20T08:45:07+09:00,GBIKE,131473,82.0,36.483873,127.260054,12,세종특별시
2026-06-20T08:45:07+09:00,GBIKE,131946,34.0,36.483891,127.25666,12,세종특별시
2026-06-20T08:45:07+09:00,GBIKE,130904,48.0,36.483893,127.247201,12,세종특별시
2026-06-20T08:45:07+09:00,GBIKE,131811,99.0,36.483915,127.246104,12,세종특별시
2026-06-20T08:45:07+09:00,GBIKE,131319,60.0,36.483941,127.256621,12,세종특별시
2026-06-20T08:45:07+09:00,GBIKE,130705,54.0,36.483997,127.294474,12,세종특별시
2026-06-20T08:45:07+09:00,GBIKE,130060,100.0,36.484047,127.294326,12,세종특별시
2026-06-20T08:45:07+09:00,GBIKE,501384,100.0,36.484063,127.259082,12,세종특별시
2026-06-20T08:45:07+09:00,GBIKE,130681,55.0,36.484078,127.294183,12,세종특별시
2026-06-20T08:45:07+09:00,GBIKE,501177,77.0,36.484093,127.293709,12,세종특별시
2026-06-20T08:45:07+09:00,GBIKE,501236,82.0,36.484101,127.252086,12,세종특별시
2026-06-20T08:45:07+09:00,GBIKE,131448,32.0,36.484136,127.249008,12,세종특별시
2026-06-20T08:45:07+09:00,GBIKE,131063,62.0,36.484174,127.25752,12,세종특별시
2026-06-20T08:45:07+09:00,GBIKE,130172,69.0,36.484218,127.248785,12,세종특별시
2026-06-20T08:45:07+09:00,GBIKE,131283,94.0,36.484237,127.252418,12,세종특별시
2026-06-20T08:45:07+09:00,GBIKE,131653,35.0,36.48424,127.260625,12,세종특별시
2026-06-20T08:45:07+09:00,GBIKE,131371,67.0,36.484256,127.248687,12,세종특별시
2026-06-20T08:45:07+09:00,GBIKE,130117,95.0,36.484259,127.29428,12,세종특별시
2026-06-20T08:45:07+09:00,GBIKE,131798,95.0,36.484295,127.250681,12,세종특별시
2026-06-20T08:45:07+09:00,GBIKE,130090,31.0,36.484296,127.25005,12,세종특별시
2026-06-20T08:45:07+09:00,GBIKE,131100,77.0,36.484299,127.259222,12,세종특별시
2026-06-20T08:45:07+09:00,GBIKE,130421,69.0,36.48434,127.299382,12,세종특별시
2026-06-20T08:45:07+09:00,GBIKE,130665,92.0,36.484359,127.25205,12,세종특별시
2026-06-20T08:45:07+09:00,GBIKE,130875,99.0,36.484364,127.252528,12,세종특별시
2026-06-20T08:45:07+09:00,GBIKE,130438,71.0,36.48439,127.252075,12,세종특별시
2026-06-20T08:45:07+09:00,GBIKE,131501,93.0,36.484406,127.252059,12,세종특별시
2026-06-20T08:45:07+09:00,GBIKE,501136,85.0,36.484424,127.26087,12,세종특별시
2026-06-20T08:45:07+09:00,GBIKE,130601,31.0,36.484425,127.252052,12,세종특별시
2026-06-20T08:45:07+09:00,GBIKE,131098,63.0,36.484427,127.300028,12,세종특별시
2026-06-20T08:45:07+09:00,GBIKE,130762,30.0,36.48444,127.252064,12,세종특별시
2026-06-20T08:45:07+09:00,GBIKE,130493,35.0,36.484447,127.250416,12,세종특별시
2026-06-20T08:45:07+09:00,GBIKE,131612,66.0,36.484451,127.252018,12,세종특별시
2026-06-20T08:45:07+09:00,GBIKE,131030,100.0,36.484465,127.252847,12,세종특별시
2026-06-20T08:45:07+09:00,GBIKE,130746,96.0,36.48448,127.304974,12,세종특별시
2026-06-20T08:45:07+09:00,GBIKE,131649,95.0,36.484492,127.246071,12,세종특별시
2026-06-20T08:45:07+09:00,GBIKE,131647,56.0,36.484528,127.249493,12,세종특별시
2026-06-20T08:45:07+09:00,GBIKE,130068,35.0,36.484574,127.304069,12,세종특별시
2026-06-20T08:45:07+09:00,GBIKE,131207,30.0,36.484591,127.250947,12,세종특별시
2026-06-20T08:45:07+09:00,GBIKE,131635,32.0,36.484593,127.258473,12,세종특별시
2026-06-20T08:45:07+09:00,GBIKE,131817,89.0,36.484624,127.253452,12,세종특별시
2026-06-20T08:45:07+09:00,GBIKE,501543,30.0,36.484647,127.254154,12,세종특별시
2026-06-20T08:45:07+09:00,GBIKE,131858,94.0,36.484647,127.246181,12,세종특별시
2026-06-20T08:45:07+09:00,GBIKE,130850,100.0,36.484656,127.246177,12,세종특별시
2026-06-20T08:45:07+09:00,GBIKE,130162,96.0,36.484662,127.246126,12,세종특별시
2026-06-20T08:45:07+09:00,GBIKE,130570,33.0,36.484675,127.246235,12,세종특별시
2026-06-20T08:45:07+09:00,GBIKE,130923,30.0,36.484684,127.248745,12,세종특별시
2026-06-20T08:45:07+09:00,GBIKE,130682,81.0,36.484695,127.246174,12,세종특별시
2026-06-20T08:45:07+09:00,GBIKE,131491,61.0,36.484697,127.245744,12,세종특별시
2026-06-20T08:45:07+09:00,GBIKE,131752,75.0,36.48475,127.258925,12,세종특별시
2026-06-20T08:45:07+09:00,GBIKE,501263,46.0,36.48482,127.253148,12,세종특별시
2026-06-20T08:45:07+09:00,GBIKE,131800,88.0,36.484852,127.250942,12,세종특별시
2026-06-20T08:45:07+09:00,GBIKE,501131,30.0,36.484876,127.251069,12,세종특별시
2026-06-20T08:45:07+09:00,GBIKE,130531,49.0,36.484936,127.266356,12,세종특별시
2026-06-20T08:45:07+09:00,GBIKE,131398,68.0,36.484949,127.250254,12,세종특별시
2026-06-20T08:45:07+09:00,GBIKE,130589,49.0,36.484966,127.301886,12,세종특별시
2026-06-20T08:45:07+09:00,GBIKE,501141,72.0,36.484969,127.259172,12,세종특별시
2026-06-20T08:45:07+09:00,GBIKE,501390,95.0,36.484972,127.303248,12,세종특별시
2026-06-20T08:45:07+09:00,GBIKE,501209,64.0,36.485,127.25114,12,세종특별시
2026-06-20T08:45:07+09:00,GBIKE,130331,98.0,36.485001,127.250497,12,세종특별시
2026-06-20T08:45:07+09:00,GBIKE,130790,59.0,36.485013,127.25055,12,세종특별시
2026-06-20T08:45:07+09:00,GBIKE,131333,94.0,36.485013,127.266773,12,세종특별시
2026-06-20T08:45:07+09:00,GBIKE,501566,32.0,36.485019,127.301814,12,세종특별시
2026-06-20T08:45:07+09:00,GBIKE,130282,95.0,36.485034,127.250242,12,세종특별시
2026-06-20T08:45:07+09:00,GBIKE,130702,95.0,36.485053,127.251029,12,세종특별시
2026-06-20T08:45:07+09:00,GBIKE,130271,77.0,36.485084,127.265744,12,세종특별시
2026-06-20T08:45:07+09:00,GBIKE,501176,80.0,36.485177,127.25053,12,세종특별시
2026-06-20T08:45:07+09:00,GBIKE,131472,96.0,36.485212,127.250228,12,세종특별시
2026-06-20T08:45:07+09:00,GBIKE,131005,86.0,36.485213,127.297189,12,세종특별시
2026-06-20T08:45:07+09:00,GBIKE,131656,84.0,36.485232,127.248109,12,세종특별시
2026-06-20T08:45:07+09:00,GBIKE,501208,30.0,36.485234,127.250932,12,세종특별시
2026-06-20T08:45:07+09:00,GBIKE,130472,100.0,36.485247,127.2482,12,세종특별시
2026-06-20T08:45:07+09:00,GBIKE,130989,33.0,36.485267,127.250622,12,세종특별시
2026-06-20T08:45:07+09:00,GBIKE,131594,31.0,36.485298,127.25047,12,세종특별시
2026-06-20T08:45:07+09:00,GBIKE,130557,98.0,36.485325,127.250419,12,세종특별시
2026-06-20T08:45:07+09:00,GBIKE,131356,100.0,36.485364,127.258826,12,세종특별시
2026-06-20T08:45:07+09:00,GBIKE,131290,34.0,36.485451,127.302394,12,세종특별시
2026-06-20T08:45:07+09:00,GBIKE,130618,32.0,36.485465,127.250766,12,세종특별시
2026-06-20T08:45:07+09:00,GBIKE,501593,100.0,36.485509,127.266228,12,세종특별시
2026-06-20T08:45:07+09:00,GBIKE,131988,83.0,36.485539,127.320035,12,세종특별시
2026-06-20T08:45:07+09:00,GBIKE,131611,98.0,36.485567,127.301839,12,세종특별시
2026-06-20T08:45:07+09:00,GBIKE,501203,31.0,36.485689,127.320354,12,세종특별시
2026-06-20T08:45:07+09:00,GBIKE,130352,40.0,36.485697,127.320334,12,세종특별시
2026-06-20T08:45:07+09:00,GBIKE,501350,85.0,36.4857,127.257235,12,세종특별시
2026-06-20T08:45:07+09:00,GBIKE,131000,87.0,36.485722,127.250155,12,세종특별시
2026-06-20T08:45:07+09:00,GBIKE,393554,30.0,36.485738,127.296456,12,세종특별시
2026-06-20T08:45:07+09:00,GBIKE,130031,46.0,36.485748,127.320464,12,세종특별시
2026-06-20T08:45:07+09:00,GBIKE,131405,100.0,36.48577,127.250202,12,세종특별시
2026-06-20T08:45:07+09:00,GBIKE,131238,54.0,36.485828,127.2548,12,세종특별시
2026-06-20T08:45:07+09:00,GBIKE,130107,96.0,36.485859,127.245495,12,세종특별시
2026-06-20T08:45:07+09:00,GBIKE,501588,55.0,36.485922,127.250162,12,세종특별시
2026-06-20T08:45:07+09:00,GBIKE,130876,61.0,36.485966,127.296357,12,세종특별시
2026-06-20T08:45:07+09:00,GBIKE,131071,31.0,36.485983,127.246203,12,세종특별시
2026-06-20T08:45:07+09:00,GBIKE,131206,100.0,36.485992,127.259063,12,세종특별시
2026-06-20T08:45:07+09:00,GBIKE,130127,51.0,36.486031,127.249957,12,세종특별시
2026-06-20T08:45:07+09:00,GBIKE,501121,100.0,36.486036,127.295252,12,세종특별시
2026-06-20T08:45:07+09:00,GBIKE,130403,94.0,36.486046,127.258744,12,세종특별시
2026-06-20T08:45:07+09:00,GBIKE,131836,95.0,36.486088,127.247913,12,세종특별시
2026-06-20T08:45:07+09:00,GBIKE,130194,100.0,36.486243,127.250744,12,세종특별시
2026-06-20T08:45:07+09:00,GBIKE,131573,44.0,36.486253,127.2481,12,세종특별시
2026-06-20T08:45:07+09:00,GBIKE,130617,81.0,36.48626,127.248188,12,세종특별시
2026-06-20T08:45:07+09:00,GBIKE,130830,74.0,36.48629,127.253964,12,세종특별시
2026-06-20T08:45:07+09:00,GBIKE,131845,32.0,36.486301,127.257233,12,세종특별시
2026-06-20T08:45:07+09:00,GBIKE,501473,95.0,36.486387,127.248176,12,세종특별시
2026-06-20T08:45:07+09:00,GBIKE,131054,32.0,36.486433,127.250434,12,세종특별시
2026-06-20T08:45:07+09:00,GBIKE,345936,43.0,36.486455,127.246401,12,세종특별시
2026-06-20T08:45:07+09:00,GBIKE,130845,83.0,36.486464,127.25172,12,세종특별시
2026-06-20T08:45:07+09:00,GBIKE,130985,67.0,36.486473,127.250531,12,세종특별시
2026-06-20T08:45:07+09:00,GBIKE,131359,89.0,36.486483,127.254162,12,세종특별시
2026-06-20T08:45:07+09:00,GBIKE,131018,92.0,36.486485,127.250042,12,세종특별시
2026-06-20T08:45:07+09:00,GBIKE,130033,31.0,36.48649,127.257698,12,세종특별시
2026-06-20T08:45:07+09:00,GBIKE,501517,79.0,36.486501,127.300047,12,세종특별시
2026-06-20T08:45:07+09:00,GBIKE,130304,61.0,36.486526,127.250322,12,세종특별시
2026-06-20T08:45:07+09:00,GBIKE,130794,39.0,36.486549,127.2577,12,세종특별시
2026-06-20T08:45:07+09:00,GBIKE,130916,93.0,36.486553,127.296554,12,세종특별시
2026-06-20T08:45:07+09:00,GBIKE,130841,93.0,36.486556,127.250499,12,세종특별시
2026-06-20T08:45:07+09:00,GBIKE,501527,72.0,36.486593,127.248186,12,세종특별시
2026-06-20T08:45:07+09:00,GBIKE,130406,47.0,36.486598,127.250493,12,세종특별시
2026-06-20T08:45:07+09:00,GBIKE,130390,70.0,36.486607,127.250397,12,세종특별시
2026-06-20T08:45:07+09:00,GBIKE,131741,100.0,36.486632,127.246793,12,세종특별시
2026-06-20T08:45:07+09:00,GBIKE,501580,92.0,36.48664,127.30385,12,세종특별시
2026-06-20T08:45:07+09:00,GBIKE,131562,33.0,36.486649,127.246958,12,세종특별시
2026-06-20T08:45:07+09:00,GBIKE,131951,33.0,36.486688,127.26265,12,세종특별시
2026-06-20T08:45:07+09:00,GBIKE,131617,96.0,36.486716,127.295078,12,세종특별시
2026-06-20T08:45:07+09:00,GBIKE,130605,47.0,36.486801,127.249677,12,세종특별시
2026-06-20T08:45:07+09:00,GBIKE,130041,39.0,36.486805,127.249814,12,세종특별시
2026-06-20T08:45:07+09:00,GBIKE,131736,100.0,36.486815,127.250723,12,세종특별시
2026-06-20T08:45:07+09:00,GBIKE,130021,89.0,36.486849,127.249942,12,세종특별시
2026-06-20T08:45:07+09:00,GBIKE,131469,100.0,36.486882,127.24991,12,세종특별시
2026-06-20T08:45:07+09:00,GBIKE,501471,37.0,36.486898,127.249969,12,세종특별시
2026-06-20T08:45:07+09:00,GBIKE,130414,40.0,36.486926,127.249809,12,세종특별시
2026-06-20T08:45:07+09:00,GBIKE,501464,54.0,36.486937,127.251912,12,세종특별시
2026-06-20T08:45:07+09:00,GBIKE,130299,77.0,36.48694,127.249922,12,세종특별시
2026-06-20T08:45:07+09:00,GBIKE,131361,99.0,36.48694,127.250074,12,세종특별시
2026-06-20T08:45:07+09:00,GBIKE,130397,40.0,36.486952,127.251577,12,세종특별시
2026-06-20T08:45:07+09:00,GBIKE,501237,45.0,36.486988,127.249508,12,세종특별시
2026-06-20T08:45:07+09:00,GBIKE,501227,39.0,36.48699,127.263385,12,세종특별시
2026-06-20T08:45:07+09:00,GBIKE,501284,100.0,36.487006,127.263393,12,세종특별시
2026-06-20T08:45:07+09:00,GBIKE,130348,100.0,36.487009,127.249975,12,세종특별시
2026-06-20T08:45:07+09:00,GBIKE,131427,95.0,36.487024,127.257878,12,세종특별시
2026-06-20T08:45:07+09:00,GBIKE,130334,52.0,36.487029,127.250043,12,세종특별시
2026-06-20T08:45:07+09:00,GBIKE,131818,100.0,36.487035,127.257878,12,세종특별시
2026-06-20T08:45:07+09:00,GBIKE,131551,91.0,36.487047,127.245027,12,세종특별시
2026-06-20T08:45:07+09:00,GBIKE,339068,33.0,36.487068,127.257466,12,세종특별시
2026-06-20T08:45:07+09:00,GBIKE,131496,30.0,36.487091,127.2481,12,세종특별시
2026-06-20T08:45:07+09:00,GBIKE,130321,100.0,36.487094,127.257912,12,세종특별시
2026-06-20T08:45:07+09:00,GBIKE,130940,77.0,36.487122,127.250762,12,세종특별시
2026-06-20T08:45:07+09:00,GBIKE,131200,33.0,36.487153,127.247575,12,세종특별시
2026-06-20T08:45:07+09:00,GBIKE,131164,100.0,36.487189,127.322358,12,세종특별시
2026-06-20T08:45:07+09:00,GBIKE,501132,84.0,36.487215,127.322357,12,세종특별시
2026-06-20T08:45:07+09:00,GBIKE,131931,91.0,36.487248,127.247541,12,세종특별시
2026-06-20T08:45:07+09:00,GBIKE,501175,30.0,36.487271,127.249468,12,세종특별시
2026-06-20T08:45:07+09:00,GBIKE,131814,35.0,36.487274,127.249182,12,세종특별시
2026-06-20T08:45:07+09:00,GBIKE,131312,100.0,36.487276,127.248588,12,세종특별시
2026-06-20T08:45:07+09:00,GBIKE,131749,43.0,36.487282,127.248578,12,세종특별시
2026-06-20T08:45:07+09:00,GBIKE,130258,81.0,36.487286,127.248584,12,세종특별시
2026-06-20T08:45:07+09:00,GBIKE,130481,38.0,36.487289,127.247768,12,세종특별시
2026-06-20T08:45:07+09:00,GBIKE,501582,30.0,36.487296,127.249492,12,세종특별시
2026-06-20T08:45:07+09:00,GBIKE,131211,43.0,36.487299,127.255423,12,세종특별시
2026-06-20T08:45:07+09:00,GBIKE,501114,59.0,36.487327,127.265813,12,세종특별시
2026-06-20T08:45:07+09:00,GBIKE,130268,52.0,36.487331,127.251777,12,세종특별시
2026-06-20T08:45:07+09:00,GBIKE,130437,94.0,36.487354,127.301993,12,세종특별시
2026-06-20T08:45:07+09:00,GBIKE,131575,30.0,36.487362,127.250338,12,세종특별시
2026-06-20T08:45:07+09:00,GBIKE,130380,48.0,36.487372,127.264373,12,세종특별시
2026-06-20T08:45:07+09:00,GBIKE,131107,66.0,36.487387,127.250681,12,세종특별시
2026-06-20T08:45:07+09:00,GBIKE,501577,42.0,36.487398,127.322265,12,세종특별시
2026-06-20T08:45:07+09:00,GBIKE,130709,95.0,36.487427,127.250745,12,세종특별시
2026-06-20T08:45:07+09:00,GBIKE,131803,100.0,36.487435,127.302111,12,세종특별시
2026-06-20T08:45:07+09:00,GBIKE,131637,30.0,36.487444,127.257263,12,세종특별시
2026-06-20T08:45:07+09:00,GBIKE,501395,44.0,36.487464,127.244728,12,세종특별시
2026-06-20T08:45:07+09:00,GBIKE,130676,35.0,36.487468,127.265961,12,세종특별시
2026-06-20T08:45:07+09:00,GBIKE,130479,72.0,36.487543,127.247662,12,세종특별시
2026-06-20T08:45:07+09:00,GBIKE,131921,34.0,36.487562,127.247701,12,세종특별시
2026-06-20T08:45:07+09:00,GBIKE,501317,65.0,36.487593,127.264666,12,세종특별시
2026-06-20T08:45:07+09:00,GBIKE,501446,37.0,36.487594,127.251419,12,세종특별시
2026-06-20T08:45:07+09:00,GBIKE,130383,100.0,36.487614,127.257546,12,세종특별시
2026-06-20T08:45:07+09:00,GBIKE,130947,100.0,36.487633,127.257564,12,세종특별시
2026-06-20T08:45:07+09:00,GBIKE,131274,98.0,36.487671,127.251462,12,세종특별시
2026-06-20T08:45:07+09:00,GBIKE,501502,100.0,36.487673,127.266692,12,세종특별시
2026-06-20T08:45:07+09:00,GBIKE,501375,34.0,36.487718,127.264296,12,세종특별시
2026-06-20T08:45:07+09:00,GBIKE,131697,68.0,36.487741,127.250191,12,세종특별시
2026-06-20T08:45:07+09:00,GBIKE,130675,99.0,36.487845,127.252491,12,세종특별시
2026-06-20T08:45:07+09:00,GBIKE,131444,55.0,36.487857,127.252582,12,세종특별시
2026-06-20T08:45:07+09:00,GBIKE,131008,42.0,36.48786,127.300554,12,세종특별시
2026-06-20T08:45:07+09:00,GBIKE,501332,31.0,36.487861,127.26103,12,세종특별시
2026-06-20T08:45:07+09:00,GBIKE,131043,30.0,36.487873,127.252518,12,세종특별시
2026-06-20T08:45:07+09:00,GBIKE,130788,100.0,36.488011,127.252937,12,세종특별시
2026-06-20T08:45:07+09:00,GBIKE,130196,68.0,36.488045,127.252867,12,세종특별시
2026-06-20T08:45:07+09:00,GBIKE,131561,93.0,36.488048,127.263943,12,세종특별시
2026-06-20T08:45:07+09:00,GBIKE,131354,71.0,36.488122,127.255057,12,세종특별시
2026-06-20T08:45:07+09:00,GBIKE,131128,100.0,36.488156,127.244275,12,세종특별시
2026-06-20T08:45:07+09:00,GBIKE,130551,58.0,36.488178,127.245303,12,세종특별시
2026-06-20T08:45:07+09:00,GBIKE,131477,73.0,36.488206,127.263972,12,세종특별시
2026-06-20T08:45:07+09:00,GBIKE,130983,85.0,36.488232,127.256913,12,세종특별시
2026-06-20T08:45:07+09:00,GBIKE,501382,36.0,36.488457,127.260149,12,세종특별시
2026-06-20T08:45:07+09:00,GBIKE,130680,33.0,36.488501,127.253804,12,세종특별시
2026-06-20T08:45:07+09:00,GBIKE,130880,48.0,36.488543,127.25373,12,세종특별시
2026-06-20T08:45:07+09:00,GBIKE,131209,42.0,36.488573,127.253764,12,세종특별시
2026-06-20T08:45:07+09:00,GBIKE,131094,36.0,36.488625,127.25466,12,세종특별시
2026-06-20T08:45:07+09:00,GBIKE,130652,85.0,36.488664,127.247206,12,세종특별시
2026-06-20T08:45:07+09:00,GBIKE,131509,48.0,36.488665,127.249949,12,세종특별시
2026-06-20T08:45:07+09:00,GBIKE,619461,70.0,36.488711,127.25979,12,세종특별시
2026-06-20T08:45:07+09:00,GBIKE,131784,34.0,36.488723,127.256164,12,세종특별시
2026-06-20T08:45:07+09:00,GBIKE,131518,32.0,36.488726,127.25671,12,세종특별시
2026-06-20T08:45:07+09:00,GBIKE,130887,31.0,36.488729,127.255335,12,세종특별시
2026-06-20T08:45:07+09:00,GBIKE,130114,30.0,36.488776,127.266839,12,세종특별시
2026-06-20T08:45:07+09:00,GBIKE,501552,72.0,36.488778,127.261103,12,세종특별시
2026-06-20T08:45:07+09:00,GBIKE,131881,100.0,36.488814,127.259787,12,세종특별시
2026-06-20T08:45:07+09:00,GBIKE,130178,55.0,36.48882,127.256158,12,세종특별시
2026-06-20T08:45:07+09:00,GBIKE,501583,60.0,36.488839,127.255569,12,세종특별시
2026-06-20T08:45:07+09:00,GBIKE,130856,84.0,36.488841,127.255823,12,세종특별시
2026-06-20T08:45:07+09:00,GBIKE,130459,90.0,36.488856,127.256748,12,세종특별시
2026-06-20T08:45:07+09:00,GBIKE,130394,79.0,36.488864,127.247201,12,세종특별시
2026-06-20T08:45:07+09:00,GBIKE,130462,100.0,36.488866,127.257059,12,세종특별시
2026-06-20T08:45:07+09:00,GBIKE,131224,30.0,36.488879,127.257066,12,세종특별시
2026-06-20T08:45:07+09:00,GBIKE,131261,72.0,36.488881,127.256698,12,세종특별시
2026-06-20T08:45:07+09:00,GBIKE,130668,83.0,36.488889,127.266862,12,세종특별시
2026-06-20T08:45:07+09:00,GBIKE,130715,53.0,36.488893,127.25661,12,세종특별시
2026-06-20T08:45:07+09:00,GBIKE,131696,47.0,36.488897,127.256139,12,세종특별시
2026-06-20T08:45:07+09:00,GBIKE,131015,96.0,36.488905,127.256633,12,세종특별시
2026-06-20T08:45:07+09:00,GBIKE,130733,96.0,36.488915,127.263764,12,세종특별시
2026-06-20T08:45:07+09:00,GBIKE,501553,69.0,36.488917,127.255033,12,세종특별시
2026-06-20T08:45:07+09:00,GBIKE,131373,77.0,36.488923,127.255864,12,세종특별시
2026-06-20T08:45:07+09:00,GBIKE,501323,95.0,36.488939,127.301947,12,세종특별시
2026-06-20T08:45:07+09:00,GBIKE,131861,94.0,36.488943,127.302052,12,세종특별시
2026-06-20T08:45:07+09:00,GBIKE,131070,32.0,36.488959,127.253831,12,세종특별시
2026-06-20T08:45:07+09:00,GBIKE,130410,37.0,36.488963,127.257042,12,세종특별시
2026-06-20T08:45:07+09:00,GBIKE,131714,75.0,36.488982,127.256618,12,세종특별시
2026-06-20T08:45:07+09:00,GBIKE,130966,95.0,36.489061,127.247342,12,세종특별시
2026-06-20T08:45:07+09:00,GBIKE,130122,59.0,36.489067,127.247524,12,세종특별시
2026-06-20T08:45:07+09:00,GBIKE,130968,40.0,36.48907,127.244808,12,세종특별시
2026-06-20T08:45:07+09:00,GBIKE,130544,35.0,36.489083,127.254078,12,세종특별시
2026-06-20T08:45:07+09:00,GBIKE,131998,89.0,36.489088,127.255588,12,세종특별시
2026-06-20T08:45:07+09:00,GBIKE,130938,44.0,36.489106,127.256187,12,세종특별시
2026-06-20T08:45:07+09:00,GBIKE,131565,62.0,36.48912,127.256919,12,세종특별시
2026-06-20T08:45:07+09:00,GBIKE,131204,65.0,36.489125,127.302184,12,세종특별시
2026-06-20T08:45:07+09:00,GBIKE,131102,94.0,36.489147,127.246465,12,세종특별시
2026-06-20T08:45:07+09:00,GBIKE,131934,97.0,36.489164,127.256179,12,세종특별시
2026-06-20T08:45:07+09:00,GBIKE,131664,30.0,36.489164,127.25621,12,세종특별시
2026-06-20T08:45:07+09:00,GBIKE,131628,100.0,36.489169,127.256181,12,세종특별시
2026-06-20T08:45:07+09:00,GBIKE,131727,60.0,36.489173,127.256188,12,세종특별시
2026-06-20T08:45:07+09:00,GBIKE,501336,60.0,36.48918,127.269419,12,세종특별시
2026-06-20T08:45:07+09:00,GBIKE,501555,36.0,36.489201,127.269394,12,세종특별시
2026-06-20T08:45:07+09:00,GBIKE,130781,90.0,36.489225,127.256012,12,세종특별시
2026-06-20T08:45:07+09:00,GBIKE,501370,79.0,36.489228,127.302298,12,세종특별시
2026-06-20T08:45:07+09:00,GBIKE,131822,100.0,36.489244,127.256013,12,세종특별시
2026-06-20T08:45:07+09:00,GBIKE,131379,38.0,36.489286,127.256509,12,세종특별시
2026-06-20T08:45:07+09:00,GBIKE,130857,76.0,36.489305,127.254773,12,세종특별시
2026-06-20T08:45:07+09:00,GBIKE,130103,45.0,36.489318,127.244535,12,세종특별시
2026-06-20T08:45:07+09:00,GBIKE,130193,78.0,36.489329,127.256554,12,세종특별시
2026-06-20T08:45:07+09:00,GBIKE,501415,72.0,36.489341,127.258039,12,세종특별시
2026-06-20T08:45:07+09:00,GBIKE,131995,87.0,36.48935,127.252155,12,세종특별시
2026-06-20T08:45:07+09:00,GBIKE,131619,40.0,36.489351,127.256596,12,세종특별시
2026-06-20T08:45:07+09:00,GBIKE,131286,100.0,36.489361,127.25009,12,세종특별시
2026-06-20T08:45:07+09:00,GBIKE,131183,30.0,36.489363,127.256529,12,세종특별시
2026-06-20T08:45:07+09:00,GBIKE,130659,34.0,36.489382,127.25661,12,세종특별시
2026-06-20T08:45:07+09:00,GBIKE,131337,31.0,36.489386,127.256584,12,세종특별시
2026-06-20T08:45:07+09:00,GBIKE,130069,100.0,36.489387,127.25817,12,세종특별시
2026-06-20T08:45:07+09:00,GBIKE,131254,48.0,36.489402,127.258192,12,세종특별시
2026-06-20T08:45:07+09:00,GBIKE,501489,100.0,36.489424,127.258216,12,세종특별시
2026-06-20T08:45:07+09:00,GBIKE,131949,94.0,36.489429,127.256535,12,세종특별시
2026-06-20T08:45:07+09:00,GBIKE,130473,88.0,36.489432,127.256511,12,세종특별시
2026-06-20T08:45:07+09:00,GBIKE,130221,76.0,36.489435,127.256516,12,세종특별시
2026-06-20T08:45:07+09:00,GBIKE,130212,30.0,36.489452,127.256476,12,세종특별시
2026-06-20T08:45:07+09:00,GBIKE,131878,100.0,36.489453,127.256532,12,세종특별시
2026-06-20T08:45:07+09:00,GBIKE,131911,100.0,36.489457,127.256496,12,세종특별시
2026-06-20T08:45:07+09:00,GBIKE,130053,79.0,36.489462,127.256473,12,세종특별시
2026-06-20T08:45:07+09:00,GBIKE,130126,30.0,36.489465,127.256552,12,세종특별시
2026-06-20T08:45:07+09:00,GBIKE,130293,78.0,36.489466,127.256531,12,세종특별시
2026-06-20T08:45:07+09:00,GBIKE,130120,79.0,36.489469,127.256524,12,세종특별시
2026-06-20T08:45:07+09:00,GBIKE,130566,61.0,36.489473,127.256546,12,세종특별시
2026-06-20T08:45:07+09:00,GBIKE,131834,74.0,36.489475,127.256505,12,세종특별시
2026-06-20T08:45:07+09:00,GBIKE,131595,43.0,36.489476,127.25657,12,세종특별시
2026-06-20T08:45:07+09:00,GBIKE,130600,39.0,36.489492,127.256456,12,세종특별시
2026-06-20T08:45:07+09:00,GBIKE,130950,92.0,36.489492,127.260874,12,세종특별시
2026-06-20T08:45:07+09:00,GBIKE,130988,92.0,36.489498,127.259293,12,세종특별시
2026-06-20T08:45:07+09:00,GBIKE,131497,100.0,36.489509,127.256461,12,세종특별시
2026-06-20T08:45:07+09:00,GBIKE,131813,35.0,36.489509,127.256532,12,세종특별시
2026-06-20T08:45:07+09:00,GBIKE,501157,92.0,36.489513,127.254679,12,세종특별시
2026-06-20T08:45:07+09:00,GBIKE,501486,36.0,36.489522,127.259602,12,세종특별시
2026-06-20T08:45:07+09:00,GBIKE,501452,78.0,36.489525,127.259677,12,세종특별시
2026-06-20T08:45:07+09:00,GBIKE,131439,84.0,36.489548,127.247147,12,세종특별시
2026-06-20T08:45:07+09:00,GBIKE,131038,76.0,36.489569,127.256452,12,세종특별시
2026-06-20T08:45:07+09:00,GBIKE,130313,100.0,36.489571,127.256487,12,세종특별시
2026-06-20T08:45:07+09:00,GBIKE,131326,36.0,36.489599,127.302445,12,세종특별시
2026-06-20T08:45:07+09:00,GBIKE,131251,38.0,36.4896,127.256552,12,세종특별시
2026-06-20T08:45:07+09:00,GBIKE,130798,99.0,36.489602,127.256714,12,세종특별시
2026-06-20T08:45:07+09:00,GBIKE,501189,98.0,36.489658,127.260437,12,세종특별시
2026-06-20T08:45:07+09:00,GBIKE,130662,100.0,36.489658,127.256406,12,세종특별시
2026-06-20T08:45:07+09:00,GBIKE,130822,90.0,36.489764,127.263142,12,세종특별시
2026-06-20T08:45:07+09:00,GBIKE,130428,93.0,36.489776,127.320991,12,세종특별시
2026-06-20T08:45:07+09:00,GBIKE,131973,32.0,36.489783,127.259577,12,세종특별시
2026-06-20T08:45:07+09:00,GBIKE,131607,47.0,36.489789,127.244961,12,세종특별시
2026-06-20T08:45:07+09:00,GBIKE,131939,48.0,36.489799,127.249948,12,세종특별시
2026-06-20T08:45:07+09:00,GBIKE,130956,76.0,36.489809,127.254321,12,세종특별시
2026-06-20T08:45:07+09:00,GBIKE,130487,30.0,36.48981,127.244886,12,세종특별시
2026-06-20T08:45:07+09:00,GBIKE,501528,92.0,36.48981,127.261112,12,세종특별시
2026-06-20T08:45:07+09:00,GBIKE,131799,95.0,36.489814,127.30188,12,세종특별시
2026-06-20T08:45:07+09:00,GBIKE,131706,39.0,36.489819,127.254335,12,세종특별시
2026-06-20T08:45:07+09:00,GBIKE,131263,100.0,36.489836,127.249816,12,세종특별시
2026-06-20T08:45:07+09:00,GBIKE,130328,74.0,36.489845,127.301975,12,세종특별시
2026-06-20T08:45:07+09:00,GBIKE,131698,86.0,36.489856,127.254336,12,세종특별시
2026-06-20T08:45:07+09:00,GBIKE,501261,91.0,36.489872,127.260381,12,세종특별시
2026-06-20T08:45:07+09:00,GBIKE,131737,89.0,36.489884,127.259213,12,세종특별시
2026-06-20T08:45:07+09:00,GBIKE,131106,100.0,36.489911,127.255631,12,세종특별시
2026-06-20T08:45:07+09:00,GBIKE,131717,91.0,36.489952,127.244945,12,세종특별시
2026-06-20T08:45:07+09:00,GBIKE,131894,80.0,36.489955,127.244872,12,세종특별시
2026-06-20T08:45:07+09:00,GBIKE,131050,87.0,36.489968,127.262481,12,세종특별시
2026-06-20T08:45:07+09:00,GBIKE,130362,91.0,36.489982,127.259107,12,세종특별시
2026-06-20T08:45:07+09:00,GBIKE,501516,100.0,36.490019,127.259183,12,세종특별시
2026-06-20T08:45:07+09:00,GBIKE,130239,67.0,36.490026,127.243835,12,세종특별시
2026-06-20T08:45:07+09:00,GBIKE,130157,96.0,36.490118,127.302003,12,세종특별시
2026-06-20T08:45:07+09:00,GBIKE,130219,34.0,36.490152,127.247594,12,세종특별시
2026-06-20T08:45:07+09:00,GBIKE,130821,100.0,36.490158,127.25677,12,세종특별시
2026-06-20T08:45:07+09:00,GBIKE,131088,34.0,36.490193,127.25635,12,세종특별시
2026-06-20T08:45:07+09:00,GBIKE,131086,68.0,36.490214,127.252911,12,세종특별시
2026-06-20T08:45:07+09:00,GBIKE,131557,83.0,36.490215,127.259006,12,세종특별시
2026-06-20T08:45:07+09:00,GBIKE,130588,100.0,36.490217,127.256678,12,세종특별시
2026-06-20T08:45:07+09:00,GBIKE,131571,32.0,36.490238,127.247121,12,세종특별시
2026-06-20T08:45:07+09:00,GBIKE,130174,39.0,36.490265,127.256721,12,세종특별시
2026-06-20T08:45:07+09:00,GBIKE,130881,77.0,36.490316,127.24784,12,세종특별시
2026-06-20T08:45:07+09:00,GBIKE,131971,61.0,36.490346,127.254152,12,세종특별시
2026-06-20T08:45:07+09:00,GBIKE,130032,83.0,36.490368,127.247549,12,세종특별시
2026-06-20T08:45:07+09:00,GBIKE,131202,51.0,36.490417,127.256317,12,세종특별시
2026-06-20T08:45:07+09:00,GBIKE,131802,79.0,36.490429,127.254306,12,세종특별시
2026-06-20T08:45:07+09:00,GBIKE,131686,53.0,36.490433,127.245362,12,세종특별시
2026-06-20T08:45:07+09:00,GBIKE,131148,36.0,36.490471,127.259089,12,세종특별시
2026-06-20T08:45:07+09:00,GBIKE,131422,69.0,36.490531,127.259099,12,세종특별시
2026-06-20T08:45:07+09:00,GBIKE,130755,33.0,36.490551,127.25908,12,세종특별시
2026-06-20T08:45:07+09:00,GBIKE,501264,33.0,36.490553,127.24823,12,세종특별시
2026-06-20T08:45:07+09:00,GBIKE,130735,30.0,36.490566,127.258997,12,세종특별시
2026-06-20T08:45:07+09:00,GBIKE,130965,30.0,36.490572,127.262793,12,세종특별시
2026-06-20T08:45:07+09:00,GBIKE,130372,35.0,36.490595,127.259115,12,세종특별시
2026-06-20T08:45:07+09:00,GBIKE,130960,40.0,36.490618,127.259133,12,세종특별시
2026-06-20T08:45:07+09:00,GBIKE,131259,94.0,36.490624,127.255527,12,세종특별시
2026-06-20T08:45:07+09:00,GBIKE,130320,44.0,36.490627,127.259076,12,세종특별시
2026-06-20T08:45:07+09:00,GBIKE,131076,49.0,36.490658,127.25908,12,세종특별시
2026-06-20T08:45:07+09:00,GBIKE,130789,41.0,36.490678,127.259091,12,세종특별시
2026-06-20T08:45:07+09:00,GBIKE,131488,92.0,36.490686,127.259092,12,세종특별시
2026-06-20T08:45:07+09:00,GBIKE,131022,90.0,36.490695,127.259084,12,세종특별시
2026-06-20T08:45:07+09:00,GBIKE,131090,60.0,36.490716,127.256257,12,세종특별시
2026-06-20T08:45:07+09:00,GBIKE,130523,45.0,36.490732,127.25912,12,세종특별시
2026-06-20T08:45:07+09:00,GBIKE,130023,51.0,36.490735,127.248304,12,세종특별시
2026-06-20T08:45:07+09:00,GBIKE,501269,67.0,36.490759,127.321417,12,세종특별시
2026-06-20T08:45:07+09:00,GBIKE,130621,80.0,36.490774,127.25625,12,세종특별시
2026-06-20T08:45:07+09:00,GBIKE,501312,49.0,36.49078,127.257392,12,세종특별시
2026-06-20T08:45:07+09:00,GBIKE,130537,100.0,36.490793,127.256248,12,세종특별시
2026-06-20T08:45:07+09:00,GBIKE,130554,38.0,36.490793,127.256245,12,세종특별시
2026-06-20T08:45:07+09:00,GBIKE,130086,76.0,36.4908,127.262615,12,세종특별시
2026-06-20T08:45:07+09:00,GBIKE,131776,40.0,36.490874,127.258994,12,세종특별시
2026-06-20T08:45:07+09:00,GBIKE,501274,41.0,36.490962,127.25703,12,세종특별시
2026-06-20T08:45:07+09:00,GBIKE,130169,32.0,36.49101,127.258261,12,세종특별시
2026-06-20T08:45:07+09:00,GBIKE,501126,72.0,36.491068,127.262957,12,세종특별시
2026-06-20T08:45:07+09:00,GBIKE,130646,77.0,36.491082,127.26265,12,세종특별시
2026-06-20T08:45:07+09:00,GBIKE,131915,68.0,36.491093,127.251498,12,세종특별시
2026-06-20T08:45:07+09:00,GBIKE,130815,95.0,36.491099,127.257164,12,세종특별시
2026-06-20T08:45:07+09:00,GBIKE,131210,74.0,36.491103,127.300668,12,세종특별시
2026-06-20T08:45:07+09:00,GBIKE,501401,45.0,36.491122,127.257645,12,세종특별시
2026-06-20T08:45:07+09:00,GBIKE,501366,81.0,36.4912,127.254538,12,세종특별시
2026-06-20T08:45:07+09:00,GBIKE,501466,87.0,36.491228,127.260485,12,세종특별시
2026-06-20T08:45:07+09:00,GBIKE,131323,90.0,36.49124,127.258609,12,세종특별시
2026-06-20T08:45:07+09:00,GBIKE,130131,100.0,36.491246,127.258564,12,세종특별시
2026-06-20T08:45:07+09:00,GBIKE,130492,56.0,36.491256,127.260576,12,세종특별시
2026-06-20T08:45:07+09:00,GBIKE,501145,80.0,36.491262,127.269788,12,세종특별시
2026-06-20T08:45:07+09:00,GBIKE,131179,69.0,36.491265,127.25884,12,세종특별시
2026-06-20T08:45:07+09:00,GBIKE,130202,44.0,36.491276,127.254982,12,세종특별시
2026-06-20T08:45:07+09:00,GBIKE,501435,62.0,36.491285,127.258016,12,세종특별시
2026-06-20T08:45:07+09:00,GBIKE,131270,40.0,36.491287,127.256841,12,세종특별시
2026-06-20T08:45:07+09:00,GBIKE,131838,49.0,36.491291,127.304102,12,세종특별시
2026-06-20T08:45:07+09:00,GBIKE,130276,98.0,36.491334,127.299625,12,세종특별시
2026-06-20T08:45:07+09:00,GBIKE,131954,61.0,36.491347,127.256079,12,세종특별시
2026-06-20T08:45:07+09:00,GBIKE,131492,100.0,36.491348,127.257647,12,세종특별시
2026-06-20T08:45:07+09:00,GBIKE,130635,100.0,36.491368,127.258006,12,세종특별시
2026-06-20T08:45:07+09:00,GBIKE,130577,98.0,36.491377,127.256113,12,세종특별시
2026-06-20T08:45:07+09:00,GBIKE,131114,100.0,36.491379,127.256098,12,세종특별시
2026-06-20T08:45:07+09:00,GBIKE,131645,77.0,36.491381,127.256139,12,세종특별시
2026-06-20T08:45:07+09:00,GBIKE,131778,75.0,36.491382,127.25818,12,세종특별시
2026-06-20T08:45:07+09:00,GBIKE,131621,95.0,36.491385,127.256161,12,세종특별시
2026-06-20T08:45:07+09:00,GBIKE,131978,86.0,36.491388,127.258035,12,세종특별시
2026-06-20T08:45:07+09:00,GBIKE,130444,30.0,36.491394,127.256178,12,세종특별시
2026-06-20T08:45:07+09:00,GBIKE,131884,82.0,36.491395,127.25671,12,세종특별시
2026-06-20T08:45:07+09:00,GBIKE,131897,52.0,36.491397,127.256162,12,세종특별시
2026-06-20T08:45:07+09:00,GBIKE,131787,30.0,36.4914,127.258093,12,세종특별시
2026-06-20T08:45:07+09:00,GBIKE,501591,87.0,36.491401,127.258187,12,세종특별시
2026-06-20T08:45:07+09:00,GBIKE,130207,52.0,36.491405,127.256176,12,세종특별시
2026-06-20T08:45:07+09:00,GBIKE,131130,100.0,36.491412,127.258258,12,세종특별시
2026-06-20T08:45:07+09:00,GBIKE,130914,44.0,36.491418,127.257988,12,세종특별시
2026-06-20T08:45:07+09:00,GBIKE,131702,84.0,36.491425,127.256182,12,세종특별시
2026-06-20T08:45:07+09:00,GBIKE,131598,100.0,36.491426,127.260593,12,세종특별시
2026-06-20T08:45:07+09:00,GBIKE,131843,87.0,36.49143,127.257276,12,세종특별시
2026-06-20T08:45:07+09:00,GBIKE,131666,37.0,36.491431,127.25614,12,세종특별시
2026-06-20T08:45:07+09:00,GBIKE,130915,72.0,36.491432,127.256156,12,세종특별시
2026-06-20T08:45:07+09:00,GBIKE,501441,33.0,36.491434,127.256827,12,세종특별시
2026-06-20T08:45:07+09:00,GBIKE,130500,86.0,36.491435,127.256186,12,세종특별시
2026-06-20T08:45:07+09:00,GBIKE,131870,100.0,36.491437,127.260572,12,세종특별시
2026-06-20T08:45:07+09:00,GBIKE,130454,59.0,36.49144,127.260593,12,세종특별시
2026-06-20T08:45:07+09:00,GBIKE,131812,80.0,36.491451,127.258175,12,세종특별시
2026-06-20T08:45:07+09:00,GBIKE,130530,94.0,36.491478,127.261571,12,세종특별시
2026-06-20T08:45:07+09:00,GBIKE,130644,100.0,36.491488,127.256122,12,세종특별시
2026-06-20T08:45:07+09:00,GBIKE,130951,100.0,36.49149,127.256141,12,세종특별시
2026-06-20T08:45:07+09:00,GBIKE,131331,66.0,36.491493,127.256097,12,세종특별시
2026-06-20T08:45:07+09:00,GBIKE,131742,30.0,36.491493,127.261036,12,세종특별시
2026-06-20T08:45:07+09:00,GBIKE,131363,74.0,36.491502,127.256109,12,세종특별시
2026-06-20T08:45:07+09:00,GBIKE,130571,33.0,36.491503,127.256138,12,세종특별시
2026-06-20T08:45:07+09:00,GBIKE,130515,74.0,36.491507,127.256093,12,세종특별시
2026-06-20T08:45:07+09:00,GBIKE,130736,89.0,36.491507,127.256031,12,세종특별시
2026-06-20T08:45:07+09:00,GBIKE,131699,77.0,36.49151,127.256116,12,세종특별시
2026-06-20T08:45:07+09:00,GBIKE,131343,44.0,36.491511,127.256113,12,세종특별시
2026-06-20T08:45:07+09:00,GBIKE,130519,100.0,36.491516,127.256643,12,세종특별시
2026-06-20T08:45:07+09:00,GBIKE,131347,90.0,36.491522,127.256572,12,세종특별시
2026-06-20T08:45:07+09:00,GBIKE,130699,35.0,36.491525,127.256186,12,세종특별시
2026-06-20T08:45:07+09:00,GBIKE,130763,89.0,36.491539,127.256668,12,세종특별시
2026-06-20T08:45:07+09:00,GBIKE,131048,34.0,36.491547,127.256051,12,세종특별시
2026-06-20T08:45:07+09:00,GBIKE,131977,80.0,36.491552,127.262174,12,세종특별시
2026-06-20T08:45:07+09:00,GBIKE,131203,45.0,36.491558,127.256041,12,세종특별시
2026-06-20T08:45:07+09:00,GBIKE,131744,90.0,36.491575,127.256642,12,세종특별시
2026-06-20T08:45:07+09:00,GBIKE,131684,44.0,36.491583,127.256119,12,세종특별시
2026-06-20T08:45:07+09:00,GBIKE,131603,79.0,36.491588,127.256084,12,세종특별시
2026-06-20T08:45:07+09:00,GBIKE,131284,84.0,36.491589,127.24605,12,세종특별시
2026-06-20T08:45:07+09:00,GBIKE,131534,37.0,36.491598,127.25864,12,세종특별시
2026-06-20T08:45:07+09:00,GBIKE,131062,44.0,36.491645,127.257338,12,세종특별시
2026-06-20T08:45:07+09:00,GBIKE,501210,49.0,36.491649,127.241967,12,세종특별시
2026-06-20T08:45:07+09:00,GBIKE,501198,40.0,36.491664,127.261413,12,세종특별시
2026-06-20T08:45:07+09:00,GBIKE,131060,96.0,36.491672,127.255393,12,세종특별시
2026-06-20T08:45:07+09:00,GBIKE,131414,89.0,36.491688,127.303298,12,세종특별시
2026-06-20T08:45:07+09:00,GBIKE,131570,30.0,36.491707,127.245934,12,세종특별시
2026-06-20T08:45:07+09:00,GBIKE,130738,33.0,36.491721,127.26053,12,세종특별시
2026-06-20T08:45:07+09:00,GBIKE,501562,68.0,36.491724,127.26054,12,세종특별시
2026-06-20T08:45:07+09:00,GBIKE,130573,83.0,36.491747,127.256596,12,세종특별시
2026-06-20T08:45:07+09:00,GBIKE,130779,100.0,36.491751,127.2566,12,세종특별시
2026-06-20T08:45:07+09:00,GBIKE,130441,100.0,36.491765,127.2566,12,세종특별시
2026-06-20T08:45:07+09:00,GBIKE,130864,100.0,36.491767,127.25658,12,세종특별시
2026-06-20T08:45:07+09:00,GBIKE,131115,62.0,36.491801,127.30372,12,세종특별시
2026-06-20T08:45:07+09:00,GBIKE,501163,91.0,36.491804,127.256604,12,세종특별시
2026-06-20T08:45:07+09:00,GBIKE,131481,30.0,36.491817,127.246222,12,세종특별시
2026-06-20T08:45:07+09:00,GBIKE,131902,30.0,36.491829,127.246223,12,세종특별시
2026-06-20T08:45:07+09:00,GBIKE,130294,56.0,36.491837,127.246203,12,세종특별시
2026-06-20T08:45:07+09:00,GBIKE,130388,65.0,36.491844,127.261658,12,세종특별시
2026-06-20T08:45:07+09:00,GBIKE,131137,79.0,36.491846,127.246221,12,세종특별시
2026-06-20T08:45:07+09:00,GBIKE,130249,63.0,36.491889,127.255491,12,세종특별시
2026-06-20T08:45:07+09:00,GBIKE,501585,82.0,36.491958,127.257723,12,세종특별시
2026-06-20T08:45:07+09:00,GBIKE,131885,96.0,36.491961,127.245815,12,세종특별시
2026-06-20T08:45:07+09:00,GBIKE,130539,56.0,36.491984,127.249698,12,세종특별시
2026-06-20T08:45:07+09:00,GBIKE,130706,30.0,36.491993,127.322162,12,세종특별시
2026-06-20T08:45:07+09:00,GBIKE,131067,89.0,36.492063,127.302348,12,세종특별시
2026-06-20T08:45:07+09:00,GBIKE,131237,64.0,36.492071,127.246093,12,세종특별시
2026-06-20T08:45:07+09:00,GBIKE,130095,100.0,36.492077,127.246104,12,세종특별시
2026-06-20T08:45:07+09:00,GBIKE,501196,67.0,36.492083,127.257241,12,세종특별시
2026-06-20T08:45:07+09:00,GBIKE,130204,32.0,36.49217,127.241461,12,세종특별시
2026-06-20T08:45:07+09:00,GBIKE,131233,100.0,36.492184,127.249561,12,세종특별시
2026-06-20T08:45:07+09:00,GBIKE,130612,94.0,36.492197,127.25624,12,세종특별시
2026-06-20T08:45:07+09:00,GBIKE,130408,33.0,36.492219,127.241496,12,세종특별시
2026-06-20T08:45:07+09:00,GBIKE,501386,90.0,36.492225,127.262533,12,세종특별시
2026-06-20T08:45:07+09:00,GBIKE,131788,43.0,36.49223,127.256187,12,세종특별시
2026-06-20T08:45:07+09:00,GBIKE,130991,32.0,36.492359,127.318988,12,세종특별시
2026-06-20T08:45:07+09:00,GBIKE,131806,99.0,36.492415,127.241574,12,세종특별시
2026-06-20T08:45:07+09:00,GBIKE,130727,94.0,36.492458,127.24589,12,세종특별시
2026-06-20T08:45:07+09:00,GBIKE,130386,76.0,36.492484,127.241955,12,세종특별시
2026-06-20T08:45:07+09:00,GBIKE,501381,47.0,36.492515,127.303027,12,세종특별시
2026-06-20T08:45:07+09:00,GBIKE,130654,45.0,36.492535,127.244162,12,세종특별시
2026-06-20T08:45:07+09:00,GBIKE,130030,95.0,36.492563,127.24567,12,세종특별시
2026-06-20T08:45:07+09:00,GBIKE,501581,100.0,36.492563,127.303048,12,세종특별시
2026-06-20T08:45:07+09:00,GBIKE,501320,75.0,36.492567,127.261202,12,세종특별시
2026-06-20T08:45:07+09:00,GBIKE,501371,30.0,36.492576,127.269653,12,세종특별시
2026-06-20T08:45:07+09:00,GBIKE,131150,55.0,36.492581,127.253716,12,세종특별시
2026-06-20T08:45:07+09:00,GBIKE,501142,35.0,36.492588,127.269783,12,세종특별시
2026-06-20T08:45:07+09:00,GBIKE,501438,54.0,36.492605,127.269783,12,세종특별시
2026-06-20T08:45:07+09:00,GBIKE,131455,98.0,36.492629,127.303075,12,세종특별시
2026-06-20T08:45:07+09:00,GBIKE,501197,100.0,36.492639,127.255599,12,세종특별시
2026-06-20T08:45:07+09:00,GBIKE,131315,81.0,36.49264,127.303064,12,세종특별시
2026-06-20T08:45:07+09:00,GBIKE,501574,86.0,36.492653,127.255076,12,세종특별시
2026-06-20T08:45:07+09:00,GBIKE,501217,98.0,36.49266,127.24176,12,세종특별시
2026-06-20T08:45:07+09:00,GBIKE,130298,96.0,36.492677,127.241732,12,세종특별시
2026-06-20T08:45:07+09:00,GBIKE,131865,41.0,36.492715,127.255576,12,세종특별시
2026-06-20T08:45:07+09:00,GBIKE,130855,57.0,36.492748,127.253275,12,세종특별시
2026-06-20T08:45:07+09:00,GBIKE,130969,95.0,36.492902,127.302098,12,세종특별시
2026-06-20T08:45:07+09:00,GBIKE,130484,96.0,36.49296,127.251496,12,세종특별시
2026-06-20T08:45:07+09:00,GBIKE,501322,66.0,36.492964,127.252971,12,세종특별시
2026-06-20T08:45:07+09:00,GBIKE,130449,96.0,36.492985,127.243898,12,세종특별시
2026-06-20T08:45:07+09:00,GBIKE,501367,48.0,36.493031,127.254713,12,세종특별시
2026-06-20T08:45:07+09:00,GBIKE,501137,84.0,36.49318,127.301436,12,세종특별시
2026-06-20T08:45:07+09:00,GBIKE,131508,31.0,36.4932,127.256074,12,세종특별시
2026-06-20T08:45:07+09:00,GBIKE,501194,71.0,36.493314,127.243395,12,세종특별시
2026-06-20T08:45:07+09:00,GBIKE,130703,94.0,36.493324,127.252898,12,세종특별시
2026-06-20T08:45:07+09:00,GBIKE,501123,100.0,36.493508,127.258334,12,세종특별시
2026-06-20T08:45:07+09:00,GBIKE,131639,96.0,36.493549,127.245027,12,세종특별시
2026-06-20T08:45:07+09:00,GBIKE,131218,31.0,36.493609,127.2492,12,세종특별시
2026-06-20T08:45:07+09:00,GBIKE,131926,30.0,36.493726,127.256071,12,세종특별시
2026-06-20T08:45:07+09:00,GBIKE,131851,30.0,36.493795,127.325488,12,세종특별시
2026-06-20T08:45:07+09:00,GBIKE,131751,33.0,36.493874,127.248504,12,세종특별시
2026-06-20T08:45:07+09:00,GBIKE,131027,50.0,36.493937,127.261622,12,세종특별시
2026-06-20T08:45:07+09:00,GBIKE,130647,98.0,36.493945,127.249567,12,세종특별시
2026-06-20T08:45:07+09:00,GBIKE,501542,63.0,36.49395,127.261423,12,세종특별시
2026-06-20T08:45:07+09:00,GBIKE,130136,32.0,36.494022,127.248883,12,세종특별시
2026-06-20T08:45:07+09:00,GBIKE,501186,43.0,36.494025,127.256613,12,세종특별시
2026-06-20T08:45:07+09:00,GBIKE,130505,35.0,36.494244,127.249492,12,세종특별시
2026-06-20T08:45:07+09:00,GBIKE,131260,50.0,36.494244,127.249316,12,세종특별시
2026-06-20T08:45:07+09:00,GBIKE,130300,94.0,36.494248,127.249466,12,세종특별시
2026-06-20T08:45:07+09:00,GBIKE,131728,66.0,36.494254,127.249825,12,세종특별시
2026-06-20T08:45:07+09:00,GBIKE,131873,41.0,36.494279,127.252543,12,세종특별시
2026-06-20T08:45:07+09:00,GBIKE,131679,33.0,36.494317,127.255877,12,세종특별시
2026-06-20T08:45:07+09:00,GBIKE,501345,66.0,36.494332,127.249518,12,세종특별시
2026-06-20T08:45:07+09:00,GBIKE,131964,30.0,36.494333,127.255764,12,세종특별시
2026-06-20T08:45:07+09:00,GBIKE,131101,45.0,36.494381,127.318382,12,세종특별시
2026-06-20T08:45:07+09:00,GBIKE,131358,76.0,36.494391,127.302282,12,세종특별시
2026-06-20T08:45:07+09:00,GBIKE,131364,37.0,36.494436,127.251886,12,세종특별시
2026-06-20T08:45:07+09:00,GBIKE,130198,47.0,36.494467,127.249697,12,세종특별시
2026-06-20T08:45:07+09:00,GBIKE,131378,72.0,36.49448,127.241554,12,세종특별시
2026-06-20T08:45:07+09:00,GBIKE,130108,50.0,36.494485,127.246908,12,세종특별시
2026-06-20T08:45:07+09:00,GBIKE,131790,30.0,36.494502,127.25614,12,세종특별시
2026-06-20T08:45:07+09:00,GBIKE,131984,69.0,36.494515,127.246888,12,세종특별시
2026-06-20T08:45:07+09:00,GBIKE,130865,31.0,36.494545,127.249672,12,세종특별시
2026-06-20T08:45:07+09:00,GBIKE,501167,80.0,36.494547,127.252966,12,세종특별시
2026-06-20T08:45:07+09:00,GBIKE,131600,92.0,36.494562,127.249915,12,세종특별시
2026-06-20T08:45:07+09:00,GBIKE,131724,47.0,36.494579,127.25001,12,세종특별시
2026-06-20T08:45:07+09:00,GBIKE,131264,32.0,36.494579,127.260699,12,세종특별시
2026-06-20T08:45:07+09:00,GBIKE,501128,56.0,36.494584,127.240665,12,세종특별시
2026-06-20T08:45:07+09:00,GBIKE,131674,31.0,36.494587,127.256278,12,세종특별시
2026-06-20T08:45:07+09:00,GBIKE,130267,80.0,36.494615,127.260726,12,세종특별시
2026-06-20T08:45:07+09:00,GBIKE,130980,82.0,36.49462,127.256027,12,세종특별시
2026-06-20T08:45:07+09:00,GBIKE,131678,34.0,36.494727,127.249706,12,세종특별시
2026-06-20T08:45:07+09:00,GBIKE,130760,43.0,36.494733,127.249693,12,세종특별시
2026-06-20T08:45:07+09:00,GBIKE,130615,31.0,36.494734,127.249727,12,세종특별시
2026-06-20T08:45:07+09:00,GBIKE,131625,33.0,36.494742,127.249763,12,세종특별시
2026-06-20T08:45:07+09:00,GBIKE,501165,77.0,36.494748,127.246983,12,세종특별시
2026-06-20T08:45:07+09:00,GBIKE,501534,83.0,36.494748,127.306063,12,세종특별시
2026-06-20T08:45:07+09:00,GBIKE,130205,71.0,36.49481,127.248136,12,세종특별시
2026-06-20T08:45:07+09:00,GBIKE,130252,30.0,36.494816,127.248787,12,세종특별시
2026-06-20T08:45:07+09:00,GBIKE,130087,55.0,36.494862,127.249373,12,세종특별시
2026-06-20T08:45:07+09:00,GBIKE,501570,100.0,36.494868,127.244801,12,세종특별시
2026-06-20T08:45:07+09:00,GBIKE,131883,40.0,36.494913,127.325376,12,세종특별시
2026-06-20T08:45:07+09:00,GBIKE,131152,50.0,36.494984,127.245222,12,세종특별시
2026-06-20T08:45:07+09:00,GBIKE,131528,100.0,36.495009,127.30281,12,세종특별시
2026-06-20T08:45:07+09:00,GBIKE,131765,50.0,36.495021,127.256717,12,세종특별시
2026-06-20T08:45:07+09:00,GBIKE,501353,51.0,36.495049,127.255531,12,세종특별시
2026-06-20T08:45:07+09:00,GBIKE,501253,51.0,36.495121,127.256964,12,세종특별시
2026-06-20T08:45:07+09:00,GBIKE,131980,100.0,36.495144,127.262772,12,세종특별시
2026-06-20T08:45:07+09:00,GBIKE,501270,81.0,36.495189,127.303051,12,세종특별시
2026-06-20T08:45:07+09:00,GBIKE,131474,98.0,36.49519,127.30303,12,세종특별시
2026-06-20T08:45:07+09:00,GBIKE,501120,100.0,36.495208,127.248834,12,세종특별시
2026-06-20T08:45:07+09:00,GBIKE,131182,92.0,36.495235,127.209446,12,세종특별시
2026-06-20T08:45:07+09:00,GBIKE,501134,100.0,36.495243,127.249086,12,세종특별시
2026-06-20T08:45:07+09:00,GBIKE,501512,100.0,36.495245,127.249054,12,세종특별시
2026-06-20T08:45:07+09:00,GBIKE,131524,31.0,36.49525,127.248991,12,세종특별시
2026-06-20T08:45:07+09:00,GBIKE,501278,100.0,36.495255,127.248863,12,세종특별시
2026-06-20T08:45:07+09:00,GBIKE,501115,42.0,36.49526,127.242622,12,세종특별시
2026-06-20T08:45:07+09:00,GBIKE,501474,100.0,36.495268,127.249099,12,세종특별시
2026-06-20T08:45:07+09:00,GBIKE,130858,33.0,36.495309,127.249456,12,세종특별시
2026-06-20T08:45:07+09:00,GBIKE,130563,89.0,36.495382,127.262755,12,세종특별시
2026-06-20T08:45:07+09:00,GBIKE,501282,56.0,36.495383,127.317641,12,세종특별시
2026-06-20T08:45:07+09:00,GBIKE,130417,65.0,36.495439,127.251912,12,세종특별시
2026-06-20T08:45:07+09:00,GBIKE,130839,84.0,36.495443,127.265466,12,세종특별시
2026-06-20T08:45:07+09:00,GBIKE,501184,100.0,36.495455,127.248772,12,세종특별시
2026-06-20T08:45:07+09:00,GBIKE,501361,30.0,36.495466,127.31759,12,세종특별시
2026-06-20T08:45:07+09:00,GBIKE,501299,30.0,36.495536,127.248953,12,세종특별시
2026-06-20T08:45:07+09:00,GBIKE,130151,30.0,36.495616,127.249548,12,세종특별시
2026-06-20T08:45:07+09:00,GBIKE,130341,61.0,36.495629,127.248768,12,세종특별시
2026-06-20T08:45:07+09:00,GBIKE,501545,80.0,36.495645,127.257103,12,세종특별시
2026-06-20T08:45:07+09:00,GBIKE,130879,49.0,36.495665,127.248768,12,세종특별시
2026-06-20T08:45:07+09:00,GBIKE,131012,77.0,36.495743,127.242144,12,세종특별시
2026-06-20T08:45:07+09:00,GBIKE,131117,82.0,36.495745,127.258526,12,세종특별시
2026-06-20T08:45:07+09:00,GBIKE,131920,76.0,36.495776,127.303488,12,세종특별시
2026-06-20T08:45:07+09:00,GBIKE,501341,92.0,36.495826,127.252044,12,세종특별시
2026-06-20T08:45:07+09:00,GBIKE,130273,44.0,36.495874,127.251236,12,세종특별시
2026-06-20T08:45:07+09:00,GBIKE,131252,60.0,36.495874,127.244642,12,세종특별시
2026-06-20T08:45:07+09:00,GBIKE,130488,43.0,36.495923,127.266026,12,세종특별시
2026-06-20T08:45:07+09:00,GBIKE,130215,76.0,36.495947,127.238726,12,세종특별시
2026-06-20T08:45:07+09:00,GBIKE,131321,66.0,36.495954,127.238754,12,세종특별시
2026-06-20T08:45:07+09:00,GBIKE,501449,85.0,36.495972,127.305414,12,세종특별시
2026-06-20T08:45:07+09:00,GBIKE,131459,40.0,36.495984,127.238737,12,세종특별시
2026-06-20T08:45:07+09:00,GBIKE,501479,58.0,36.496007,127.265079,12,세종특별시
2026-06-20T08:45:07+09:00,GBIKE,131031,77.0,36.496019,127.248703,12,세종특별시
2026-06-20T08:45:07+09:00,GBIKE,131640,86.0,36.496119,127.263467,12,세종특별시
2026-06-20T08:45:07+09:00,GBIKE,131058,58.0,36.49619,127.30561,12,세종특별시
2026-06-20T08:45:07+09:00,GBIKE,131244,95.0,36.496201,127.305607,12,세종특별시
2026-06-20T08:45:07+09:00,GBIKE,501548,95.0,36.496208,127.304712,12,세종특별시
2026-06-20T08:45:07+09:00,GBIKE,131162,30.0,36.496234,127.237853,12,세종특별시
2026-06-20T08:45:07+09:00,GBIKE,130146,59.0,36.496251,127.238563,12,세종특별시
2026-06-20T08:45:07+09:00,GBIKE,131289,81.0,36.496279,127.2447,12,세종특별시
2026-06-20T08:45:07+09:00,GBIKE,130483,76.0,36.496343,127.239135,12,세종특별시
2026-06-20T08:45:07+09:00,GBIKE,130981,100.0,36.49636,127.238829,12,세종특별시
2026-06-20T08:45:07+09:00,GBIKE,501476,100.0,36.496368,127.305531,12,세종특별시
2026-06-20T08:45:07+09:00,GBIKE,131465,41.0,36.496379,127.237575,12,세종특별시
2026-06-20T08:45:07+09:00,GBIKE,130783,96.0,36.496427,127.237475,12,세종특별시
2026-06-20T08:45:07+09:00,GBIKE,131599,39.0,36.49646,127.237507,12,세종특별시
2026-06-20T08:45:07+09:00,GBIKE,130277,30.0,36.496483,127.249007,12,세종특별시
2026-06-20T08:45:07+09:00,GBIKE,130942,30.0,36.496527,127.26317,12,세종특별시
2026-06-20T08:45:07+09:00,GBIKE,131265,52.0,36.496541,127.303872,12,세종특별시
2026-06-20T08:45:07+09:00,GBIKE,130427,63.0,36.496574,127.258589,12,세종특별시
2026-06-20T08:45:07+09:00,GBIKE,501477,98.0,36.496576,127.237322,12,세종특별시
2026-06-20T08:45:07+09:00,GBIKE,501391,88.0,36.496576,127.237326,12,세종특별시
2026-06-20T08:45:07+09:00,GBIKE,130057,37.0,36.4966,127.237299,12,세종특별시
2026-06-20T08:45:07+09:00,GBIKE,501180,100.0,36.49669,127.304608,12,세종특별시
2026-06-20T08:45:07+09:00,GBIKE,501311,95.0,36.496708,127.304657,12,세종특별시
2026-06-20T08:45:07+09:00,GBIKE,501220,30.0,36.496732,127.256249,12,세종특별시
2026-06-20T08:45:07+09:00,GBIKE,130347,38.0,36.496891,127.24717,12,세종특별시
2026-06-20T08:45:07+09:00,GBIKE,130766,100.0,36.496929,127.304174,12,세종특별시
2026-06-20T08:45:07+09:00,GBIKE,130533,30.0,36.497,127.249109,12,세종특별시
2026-06-20T08:45:07+09:00,GBIKE,131808,89.0,36.497,127.249838,12,세종특별시
2026-06-20T08:45:07+09:00,GBIKE,130164,42.0,36.497031,127.249322,12,세종특별시
2026-06-20T08:45:07+09:00,GBIKE,501400,30.0,36.497038,127.253261,12,세종특별시
2026-06-20T08:45:07+09:00,GBIKE,130228,79.0,36.497337,127.310254,12,세종특별시
2026-06-20T08:45:07+09:00,GBIKE,131346,37.0,36.497355,127.308817,12,세종특별시
2026-06-20T08:45:07+09:00,GBIKE,501532,86.0,36.497389,127.244618,12,세종특별시
2026-06-20T08:45:07+09:00,GBIKE,130486,41.0,36.497398,127.245181,12,세종특별시
2026-06-20T08:45:07+09:00,GBIKE,131464,79.0,36.497404,127.255727,12,세종특별시
2026-06-20T08:45:07+09:00,GBIKE,130885,99.0,36.497408,127.244596,12,세종특별시
2026-06-20T08:45:07+09:00,GBIKE,501362,76.0,36.497433,127.309143,12,세종특별시
2026-06-20T08:45:07+09:00,GBIKE,131299,34.0,36.497439,127.24907,12,세종특별시
2026-06-20T08:45:07+09:00,GBIKE,130594,30.0,36.497447,127.30916,12,세종특별시
2026-06-20T08:45:07+09:00,GBIKE,501529,62.0,36.497456,127.244947,12,세종특별시
2026-06-20T08:45:07+09:00,GBIKE,501346,34.0,36.497515,127.313894,12,세종특별시
2026-06-20T08:45:07+09:00,GBIKE,131045,100.0,36.497539,127.3152,12,세종특별시
2026-06-20T08:45:07+09:00,GBIKE,130225,98.0,36.497552,127.313801,12,세종특별시
2026-06-20T08:45:07+09:00,GBIKE,131979,33.0,36.497562,127.311227,12,세종특별시
2026-06-20T08:45:07+09:00,GBIKE,130700,100.0,36.497588,127.310033,12,세종특별시
2026-06-20T08:45:07+09:00,GBIKE,131387,100.0,36.497613,127.248764,12,세종특별시
2026-06-20T08:45:07+09:00,GBIKE,131525,51.0,36.497628,127.245331,12,세종특별시
2026-06-20T08:45:07+09:00,GBIKE,131009,100.0,36.497631,127.257977,12,세종특별시
2026-06-20T08:45:07+09:00,GBIKE,130679,36.0,36.497652,127.257015,12,세종특별시
2026-06-20T08:45:07+09:00,GBIKE,130062,63.0,36.497667,127.247748,12,세종특별시
2026-06-20T08:45:07+09:00,GBIKE,501443,97.0,36.497674,127.310809,12,세종특별시
2026-06-20T08:45:07+09:00,GBIKE,131750,61.0,36.497683,127.25988,12,세종특별시
2026-06-20T08:45:07+09:00,GBIKE,131797,41.0,36.49769,127.259998,12,세종특별시
2026-06-20T08:45:07+09:00,GBIKE,131908,96.0,36.497701,127.249112,12,세종특별시
2026-06-20T08:45:07+09:00,GBIKE,501405,37.0,36.497785,127.322104,12,세종특별시
2026-06-20T08:45:07+09:00,GBIKE,131590,32.0,36.497802,127.243249,12,세종특별시
2026-06-20T08:45:07+09:00,GBIKE,131443,34.0,36.497807,127.255767,12,세종특별시
2026-06-20T08:45:07+09:00,GBIKE,501258,49.0,36.497831,127.311819,12,세종특별시
2026-06-20T08:45:07+09:00,GBIKE,130638,90.0,36.497839,127.259331,12,세종특별시
2026-06-20T08:45:07+09:00,GBIKE,131636,96.0,36.497855,127.259349,12,세종특별시
2026-06-20T08:45:07+09:00,GBIKE,130478,30.0,36.49787,127.311798,12,세종특별시
2026-06-20T08:45:07+09:00,GBIKE,130540,78.0,36.497952,127.248729,12,세종특별시
2026-06-20T08:45:07+09:00,GBIKE,130077,76.0,36.497975,127.258915,12,세종특별시
2026-06-20T08:45:07+09:00,GBIKE,130782,95.0,36.498013,127.24472,12,세종특별시
2026-06-20T08:45:07+09:00,GBIKE,131380,65.0,36.498088,127.235198,12,세종특별시
2026-06-20T08:45:07+09:00,GBIKE,131825,63.0,36.498103,127.258571,12,세종특별시
2026-06-20T08:45:07+09:00,GBIKE,501592,35.0,36.498121,127.247338,12,세종특별시
2026-06-20T08:45:07+09:00,GBIKE,130655,70.0,36.498135,127.258539,12,세종특별시
2026-06-20T08:45:07+09:00,GBIKE,131295,35.0,36.498166,127.245023,12,세종특별시
2026-06-20T08:45:07+09:00,GBIKE,130590,61.0,36.498171,127.264135,12,세종특별시
2026-06-20T08:45:07+09:00,GBIKE,130342,81.0,36.498258,127.233313,12,세종특별시
2026-06-20T08:45:07+09:00,GBIKE,130694,100.0,36.49839,127.311204,12,세종특별시
2026-06-20T08:45:07+09:00,GBIKE,501410,51.0,36.498497,127.242406,12,세종특별시
2026-06-20T08:45:07+09:00,GBIKE,131167,58.0,36.498505,127.313471,12,세종특별시
2026-06-20T08:45:07+09:00,GBIKE,130364,83.0,36.498551,127.313518,12,세종특별시
2026-06-20T08:45:07+09:00,GBIKE,130132,91.0,36.498559,127.265668,12,세종특별시
2026-06-20T08:45:07+09:00,GBIKE,130930,66.0,36.498589,127.2585,12,세종특별시
2026-06-20T08:45:07+09:00,GBIKE,131506,42.0,36.498654,127.267584,12,세종특별시
2026-06-20T08:45:07+09:00,GBIKE,131423,88.0,36.498718,127.314089,12,세종특별시
2026-06-20T08:45:07+09:00,GBIKE,131677,34.0,36.498748,127.233295,12,세종특별시
2026-06-20T08:45:07+09:00,GBIKE,501171,100.0,36.498748,127.329537,12,세종특별시
2026-06-20T08:45:07+09:00,GBIKE,130773,100.0,36.498766,127.254473,12,세종특별시
2026-06-20T08:45:07+09:00,GBIKE,131412,96.0,36.498794,127.232731,12,세종특별시
2026-06-20T08:45:07+09:00,GBIKE,131535,75.0,36.498806,127.257637,12,세종특별시
2026-06-20T08:45:07+09:00,GBIKE,501457,81.0,36.498883,127.249347,12,세종특별시
2026-06-20T08:45:07+09:00,GBIKE,336891,44.0,36.498906,127.249625,12,세종특별시
2026-06-20T08:45:07+09:00,GBIKE,131538,54.0,36.498935,127.317433,12,세종특별시
2026-06-20T08:45:07+09:00,GBIKE,130315,71.0,36.498949,127.317363,12,세종특별시
2026-06-20T08:45:07+09:00,GBIKE,131864,30.0,36.498955,127.254497,12,세종특별시
2026-06-20T08:45:07+09:00,GBIKE,130527,98.0,36.498957,127.256745,12,세종특별시
2026-06-20T08:45:07+09:00,GBIKE,130270,92.0,36.498985,127.242478,12,세종특별시
2026-06-20T08:45:07+09:00,GBIKE,131092,46.0,36.499007,127.256604,12,세종특별시
2026-06-20T08:45:07+09:00,GBIKE,131434,37.0,36.499044,127.254008,12,세종특별시
2026-06-20T08:45:07+09:00,GBIKE,131051,100.0,36.499053,127.24891,12,세종특별시
2026-06-20T08:45:07+09:00,GBIKE,130043,60.0,36.499092,127.331882,12,세종특별시
2026-06-20T08:45:07+09:00,GBIKE,130229,97.0,36.499094,127.25663,12,세종특별시
2026-06-20T08:45:07+09:00,GBIKE,130873,57.0,36.499095,127.24712,12,세종특별시
2026-06-20T08:45:07+09:00,GBIKE,130137,55.0,36.499104,127.331838,12,세종특별시
2026-06-20T08:45:07+09:00,GBIKE,501576,100.0,36.499151,127.314439,12,세종특별시
2026-06-20T08:45:07+09:00,GBIKE,616900,56.0,36.499152,127.307621,12,세종특별시
2026-06-20T08:45:07+09:00,GBIKE,131192,97.0,36.499156,127.236344,12,세종특별시
2026-06-20T08:45:07+09:00,GBIKE,131266,66.0,36.49917,127.256083,12,세종특별시
2026-06-20T08:45:07+09:00,GBIKE,130891,57.0,36.499201,127.255008,12,세종특별시
2026-06-20T08:45:07+09:00,GBIKE,130418,46.0,36.499215,127.256045,12,세종특별시
2026-06-20T08:45:07+09:00,GBIKE,130795,48.0,36.499268,127.259754,12,세종특별시
2026-06-20T08:45:07+09:00,GBIKE,131367,56.0,36.49928,127.237033,12,세종특별시
2026-06-20T08:45:07+09:00,GBIKE,131057,98.0,36.499322,127.259607,12,세종특별시
2026-06-20T08:45:07+09:00,GBIKE,131871,84.0,36.499337,127.233747,12,세종특별시
2026-06-20T08:45:07+09:00,GBIKE,130240,35.0,36.499394,127.249016,12,세종특별시
2026-06-20T08:45:07+09:00,GBIKE,501104,100.0,36.499419,127.232235,12,세종특별시
2026-06-20T08:45:07+09:00,GBIKE,501520,41.0,36.49949,127.264722,12,세종특별시
2026-06-20T08:45:07+09:00,GBIKE,130607,54.0,36.499491,127.259096,12,세종특별시
2026-06-20T08:45:07+09:00,GBIKE,131687,37.0,36.499526,127.23456,12,세종특별시
2026-06-20T08:45:07+09:00,GBIKE,130751,85.0,36.499546,127.249539,12,세종특별시
2026-06-20T08:45:07+09:00,GBIKE,374246,30.0,36.499555,127.240646,12,세종특별시
2026-06-20T08:45:07+09:00,GBIKE,130224,60.0,36.499583,127.266181,12,세종특별시
2026-06-20T08:45:07+09:00,GBIKE,501503,69.0,36.499584,127.269403,12,세종특별시
2026-06-20T08:45:07+09:00,GBIKE,130175,64.0,36.499596,127.335308,12,세종특별시
2026-06-20T08:45:07+09:00,GBIKE,130355,95.0,36.499617,127.235749,12,세종특별시
2026-06-20T08:45:07+09:00,GBIKE,131932,49.0,36.499664,127.235974,12,세종특별시
2026-06-20T08:45:07+09:00,GBIKE,501260,98.0,36.499685,127.269876,12,세종특별시
2026-06-20T08:45:07+09:00,GBIKE,501465,65.0,36.499694,127.269866,12,세종특별시
2026-06-20T08:45:07+09:00,GBIKE,501308,98.0,36.499752,127.268319,12,세종특별시
2026-06-20T08:45:07+09:00,GBIKE,131400,84.0,36.499888,127.232374,12,세종특별시
2026-06-20T08:45:07+09:00,GBIKE,130145,77.0,36.499924,127.232374,12,세종특별시
2026-06-20T08:45:07+09:00,GBIKE,130079,82.0,36.499988,127.256508,12,세종특별시
2026-06-20T08:45:07+09:00,GBIKE,501357,54.0,36.499988,127.312772,12,세종특별시
2026-06-20T08:45:07+09:00,GBIKE,130436,56.0,36.499998,127.315691,12,세종특별시
2026-06-20T08:45:07+09:00,GBIKE,501428,53.0,36.5,127.260341,12,세종특별시
2026-06-20T08:45:07+09:00,GBIKE,131638,73.0,36.500022,127.235547,12,세종특별시
2026-06-20T08:45:07+09:00,GBIKE,501116,79.0,36.500024,127.235491,12,세종특별시
2026-06-20T08:45:07+09:00,GBIKE,131024,95.0,36.500039,127.234741,12,세종특별시
2026-06-20T08:45:07+09:00,GBIKE,337807,51.0,36.500041,127.235431,12,세종특별시
2026-06-20T08:45:07+09:00,GBIKE,131129,51.0,36.500045,127.235587,12,세종특별시
2026-06-20T08:45:07+09:00,GBIKE,131456,72.0,36.500045,127.235579,12,세종특별시
2026-06-20T08:45:07+09:00,GBIKE,131782,82.0,36.500047,127.256981,12,세종특별시
2026-06-20T08:45:07+09:00,GBIKE,130012,58.0,36.500048,127.235866,12,세종특별시
2026-06-20T08:45:07+09:00,GBIKE,131876,92.0,36.500048,127.235635,12,세종특별시
2026-06-20T08:45:07+09:00,GBIKE,130393,56.0,36.500049,127.257019,12,세종특별시
2026-06-20T08:45:07+09:00,GBIKE,130816,94.0,36.500049,127.235558,12,세종특별시
2026-06-20T08:45:07+09:00,GBIKE,131146,74.0,36.50005,127.235603,12,세종특별시
2026-06-20T08:45:07+09:00,GBIKE,501394,53.0,36.50005,127.235755,12,세종특별시
2026-06-20T08:45:07+09:00,GBIKE,501358,81.0,36.500052,127.235722,12,세종특별시
2026-06-20T08:45:07+09:00,GBIKE,131807,43.0,36.500054,127.235505,12,세종특별시
2026-06-20T08:45:07+09:00,GBIKE,130874,33.0,36.500057,127.242529,12,세종특별시
2026-06-20T08:45:07+09:00,GBIKE,131974,65.0,36.50006,127.235594,12,세종특별시
2026-06-20T08:45:07+09:00,GBIKE,501475,38.0,36.500062,127.235545,12,세종특별시
2026-06-20T08:45:07+09:00,GBIKE,131112,35.0,36.500063,127.235527,12,세종특별시
2026-06-20T08:45:07+09:00,GBIKE,131250,72.0,36.500066,127.235443,12,세종특별시
2026-06-20T08:45:07+09:00,GBIKE,130812,47.0,36.500073,127.235606,12,세종특별시
2026-06-20T08:45:07+09:00,GBIKE,131905,30.0,36.500082,127.235497,12,세종특별시
2026-06-20T08:45:07+09:00,GBIKE,131219,94.0,36.500093,127.236007,12,세종특별시
2026-06-20T08:45:07+09:00,GBIKE,131828,92.0,36.500094,127.235663,12,세종특별시
2026-06-20T08:45:07+09:00,GBIKE,131160,98.0,36.500107,127.235995,12,세종특별시
2026-06-20T08:45:07+09:00,GBIKE,130712,100.0,36.500136,127.236051,12,세종특별시
2026-06-20T08:45:07+09:00,GBIKE,131563,60.0,36.500149,127.332221,12,세종특별시
2026-06-20T08:45:07+09:00,GBIKE,130959,65.0,36.500162,127.267728,12,세종특별시
2026-06-20T08:45:07+09:00,GBIKE,131772,86.0,36.500168,127.267741,12,세종특별시
2026-06-20T08:45:07+09:00,GBIKE,130796,83.0,36.500173,127.267717,12,세종특별시
2026-06-20T08:45:07+09:00,GBIKE,131519,65.0,36.500173,127.267693,12,세종특별시
2026-06-20T08:45:07+09:00,GBIKE,130133,44.0,36.500215,127.236,12,세종특별시
2026-06-20T08:45:07+09:00,GBIKE,131691,30.0,36.500258,127.235987,12,세종특별시
2026-06-20T08:45:07+09:00,GBIKE,501149,53.0,36.500258,127.314082,12,세종특별시
2026-06-20T08:45:07+09:00,GBIKE,130192,39.0,36.500265,127.236023,12,세종특별시
2026-06-20T08:45:07+09:00,GBIKE,131334,95.0,36.500276,127.236053,12,세종특별시
2026-06-20T08:45:07+09:00,GBIKE,501224,88.0,36.500314,127.236051,12,세종특별시
2026-06-20T08:45:07+09:00,GBIKE,501421,53.0,36.500422,127.309796,12,세종특별시
2026-06-20T08:45:07+09:00,GBIKE,501578,62.0,36.500431,127.261639,12,세종특별시
2026-06-20T08:45:07+09:00,GBIKE,131079,42.0,36.50053,127.24987,12,세종특별시
2026-06-20T08:45:07+09:00,GBIKE,131780,96.0,36.500584,127.249894,12,세종특별시
2026-06-20T08:45:07+09:00,GBIKE,501567,82.0,36.500625,127.245188,12,세종특별시
2026-06-20T08:45:07+09:00,GBIKE,131256,72.0,36.500627,127.252792,12,세종특별시
2026-06-20T08:45:07+09:00,GBIKE,130195,47.0,36.500653,127.257847,12,세종특별시
2026-06-20T08:45:07+09:00,GBIKE,501434,68.0,36.500673,127.25805,12,세종특별시
2026-06-20T08:45:07+09:00,GBIKE,501188,85.0,36.500676,127.268322,12,세종특별시
2026-06-20T08:45:07+09:00,GBIKE,131174,87.0,36.500683,127.245147,12,세종특별시
2026-06-20T08:45:07+09:00,GBIKE,131133,95.0,36.500685,127.268566,12,세종특별시
2026-06-20T08:45:07+09:00,GBIKE,130155,95.0,36.500691,127.257919,12,세종특별시
2026-06-20T08:45:07+09:00,GBIKE,130226,53.0,36.500692,127.257896,12,세종특별시
2026-06-20T08:45:07+09:00,GBIKE,501554,70.0,36.500699,127.308472,12,세종특별시
2026-06-20T08:45:07+09:00,GBIKE,131307,97.0,36.500726,127.265939,12,세종특별시
2026-06-20T08:45:07+09:00,GBIKE,131868,38.0,36.500731,127.249983,12,세종특별시
2026-06-20T08:45:07+09:00,GBIKE,131532,98.0,36.500735,127.26064,12,세종특별시
2026-06-20T08:45:07+09:00,GBIKE,130285,55.0,36.500748,127.24945,12,세종특별시
2026-06-20T08:45:07+09:00,GBIKE,501436,100.0,36.500753,127.259194,12,세종특별시
2026-06-20T08:45:07+09:00,GBIKE,130625,46.0,36.500761,127.268382,12,세종특별시
2026-06-20T08:45:07+09:00,GBIKE,131867,55.0,36.500788,127.259257,12,세종특별시
2026-06-20T08:45:07+09:00,GBIKE,130861,64.0,36.500792,127.250006,12,세종특별시
2026-06-20T08:45:07+09:00,GBIKE,131890,71.0,36.500794,127.25924,12,세종특별시
2026-06-20T08:45:07+09:00,GBIKE,131480,92.0,36.500804,127.25976,12,세종특별시
2026-06-20T08:45:07+09:00,GBIKE,130236,86.0,36.500807,127.259168,12,세종특별시
2026-06-20T08:45:07+09:00,GBIKE,130941,45.0,36.500808,127.259182,12,세종특별시
2026-06-20T08:45:07+09:00,GBIKE,130973,74.0,36.500818,127.259228,12,세종특별시
2026-06-20T08:45:07+09:00,GBIKE,130042,30.0,36.50084,127.332117,12,세종특별시
2026-06-20T08:45:07+09:00,GBIKE,130730,55.0,36.50084,127.328585,12,세종특별시
2026-06-20T08:45:07+09:00,GBIKE,131336,97.0,36.500863,127.245255,12,세종특별시
2026-06-20T08:45:07+09:00,GBIKE,501501,96.0,36.500877,127.259812,12,세종특별시
2026-06-20T08:45:07+09:00,GBIKE,130997,60.0,36.50092,127.245245,12,세종특별시
2026-06-20T08:45:07+09:00,GBIKE,131056,59.0,36.500924,127.257885,12,세종특별시
2026-06-20T08:45:07+09:00,GBIKE,130529,95.0,36.500946,127.257277,12,세종특별시
2026-06-20T08:45:07+09:00,GBIKE,130475,59.0,36.500959,127.25785,12,세종특별시
2026-06-20T08:45:07+09:00,GBIKE,501530,98.0,36.500964,127.259824,12,세종특별시
2026-06-20T08:45:07+09:00,GBIKE,130663,100.0,36.500991,127.249382,12,세종특별시
2026-06-20T08:45:07+09:00,GBIKE,130752,30.0,36.501015,127.315434,12,세종특별시
2026-06-20T08:45:07+09:00,GBIKE,501212,100.0,36.501022,127.308404,12,세종특별시
2026-06-20T08:45:07+09:00,GBIKE,130099,73.0,36.501045,127.259481,12,세종특별시
2026-06-20T08:45:07+09:00,GBIKE,501297,93.0,36.501088,127.259461,12,세종특별시
2026-06-20T08:45:07+09:00,GBIKE,501211,62.0,36.501107,127.259433,12,세종특별시
2026-06-20T08:45:07+09:00,GBIKE,131835,56.0,36.501119,127.255604,12,세종특별시
2026-06-20T08:45:07+09:00,GBIKE,131144,86.0,36.501169,127.246797,12,세종특별시
2026-06-20T08:45:07+09:00,GBIKE,501448,48.0,36.501257,127.313795,12,세종특별시
2026-06-20T08:45:07+09:00,GBIKE,130899,100.0,36.501274,127.256963,12,세종특별시
2026-06-20T08:45:07+09:00,GBIKE,131447,89.0,36.501378,127.243946,12,세종특별시
2026-06-20T08:45:07+09:00,GBIKE,130498,85.0,36.50139,127.268883,12,세종특별시
2026-06-20T08:45:07+09:00,GBIKE,130945,93.0,36.501391,127.264214,12,세종특별시
2026-06-20T08:45:07+09:00,GBIKE,131743,64.0,36.501403,127.245157,12,세종특별시
2026-06-20T08:45:07+09:00,GBIKE,131526,67.0,36.50141,127.268916,12,세종특별시
2026-06-20T08:45:07+09:00,GBIKE,130561,57.0,36.501422,127.256659,12,세종특별시
2026-06-20T08:45:07+09:00,GBIKE,131764,92.0,36.501425,127.245235,12,세종특별시
2026-06-20T08:45:07+09:00,GBIKE,130934,36.0,36.501481,127.313959,12,세종특별시
2026-06-20T08:45:07+09:00,GBIKE,131819,47.0,36.501484,127.24401,12,세종특별시
2026-06-20T08:45:07+09:00,GBIKE,131630,94.0,36.501488,127.243963,12,세종특별시
2026-06-20T08:45:07+09:00,GBIKE,131407,32.0,36.501527,127.259659,12,세종특별시
2026-06-20T08:45:07+09:00,GBIKE,130269,38.0,36.501531,127.329112,12,세종특별시
2026-06-20T08:45:07+09:00,GBIKE,131176,90.0,36.501533,127.263002,12,세종특별시
2026-06-20T08:45:07+09:00,GBIKE,130251,82.0,36.501554,127.253771,12,세종특별시
2026-06-20T08:45:07+09:00,GBIKE,131987,40.0,36.501582,127.259682,12,세종특별시
2026-06-20T08:45:07+09:00,GBIKE,501467,73.0,36.501624,127.264076,12,세종특별시
2026-06-20T08:45:07+09:00,GBIKE,131478,66.0,36.501663,127.258641,12,세종특별시
2026-06-20T08:45:07+09:00,GBIKE,501480,86.0,36.501678,127.258693,12,세종특별시
2026-06-20T08:45:07+09:00,GBIKE,131169,46.0,36.501696,127.236096,12,세종특별시
2026-06-20T08:45:07+09:00,GBIKE,131775,51.0,36.501701,127.263333,12,세종특별시
2026-06-20T08:45:07+09:00,GBIKE,501306,59.0,36.501709,127.236095,12,세종특별시
2026-06-20T08:45:07+09:00,GBIKE,130614,54.0,36.501715,127.258296,12,세종특별시
2026-06-20T08:45:07+09:00,GBIKE,131820,87.0,36.501728,127.223373,12,세종특별시
2026-06-20T08:45:07+09:00,GBIKE,501290,100.0,36.501743,127.265852,12,세종특별시
2026-06-20T08:45:07+09:00,GBIKE,501504,30.0,36.50177,127.243736,12,세종특별시
2026-06-20T08:45:07+09:00,GBIKE,501596,50.0,36.501774,127.243716,12,세종특별시
2026-06-20T08:45:07+09:00,GBIKE,131585,99.0,36.501783,127.253257,12,세종특별시
2026-06-20T08:45:07+09:00,GBIKE,130261,100.0,36.501867,127.259783,12,세종특별시
2026-06-20T08:45:07+09:00,GBIKE,131011,57.0,36.501906,127.252015,12,세종특별시
2026-06-20T08:45:07+09:00,GBIKE,131906,74.0,36.501943,127.265923,12,세종특별시
2026-06-20T08:45:07+09:00,GBIKE,131872,92.0,36.501948,127.26593,12,세종특별시
2026-06-20T08:45:07+09:00,GBIKE,131891,89.0,36.501949,127.246971,12,세종특별시
2026-06-20T08:45:07+09:00,GBIKE,501522,95.0,36.501955,127.262416,12,세종특별시
2026-06-20T08:45:07+09:00,GBIKE,131108,76.0,36.501966,127.243716,12,세종특별시
2026-06-20T08:45:07+09:00,GBIKE,130552,44.0,36.501967,127.235098,12,세종특별시
2026-06-20T08:45:07+09:00,GBIKE,501109,97.0,36.501988,127.249134,12,세종특별시
2026-06-20T08:45:07+09:00,GBIKE,130469,38.0,36.501994,127.24375,12,세종특별시
2026-06-20T08:45:07+09:00,GBIKE,501111,63.0,36.501994,127.262269,12,세종특별시
2026-06-20T08:45:07+09:00,GBIKE,131577,58.0,36.502009,127.246196,12,세종특별시
2026-06-20T08:45:07+09:00,GBIKE,131055,41.0,36.502012,127.248199,12,세종특별시
2026-06-20T08:45:07+09:00,GBIKE,131574,33.0,36.502017,127.236058,12,세종특별시
2026-06-20T08:45:07+09:00,GBIKE,130265,70.0,36.502029,127.236091,12,세종특별시
2026-06-20T08:45:07+09:00,GBIKE,131523,96.0,36.50212,127.247142,12,세종특별시
2026-06-20T08:45:07+09:00,GBIKE,130130,100.0,36.502128,127.247245,12,세종특별시
2026-06-20T08:45:07+09:00,GBIKE,130765,92.0,36.502144,127.236165,12,세종특별시
2026-06-20T08:45:07+09:00,GBIKE,130543,73.0,36.502168,127.247145,12,세종특별시
2026-06-20T08:45:07+09:00,GBIKE,130574,96.0,36.502168,127.247125,12,세종특별시
2026-06-20T08:45:07+09:00,GBIKE,131993,61.0,36.50218,127.32924,12,세종특별시
2026-06-20T08:45:07+09:00,GBIKE,130834,100.0,36.502181,127.247166,12,세종특별시
2026-06-20T08:45:07+09:00,GBIKE,131777,96.0,36.502191,127.24715,12,세종특별시
2026-06-20T08:45:07+09:00,GBIKE,131342,98.0,36.502201,127.26054,12,세종특별시
2026-06-20T08:45:07+09:00,GBIKE,501169,100.0,36.502205,127.239714,12,세종특별시
2026-06-20T08:45:07+09:00,GBIKE,130076,97.0,36.502206,127.246269,12,세종특별시
2026-06-20T08:45:07+09:00,GBIKE,131690,40.0,36.502213,127.248934,12,세종특별시
2026-06-20T08:45:07+09:00,GBIKE,629253,45.0,36.502214,127.248912,12,세종특별시
2026-06-20T08:45:07+09:00,GBIKE,131304,55.0,36.502216,127.248935,12,세종특별시
2026-06-20T08:45:07+09:00,GBIKE,130461,73.0,36.502237,127.247732,12,세종특별시
2026-06-20T08:45:07+09:00,GBIKE,131147,98.0,36.50224,127.248808,12,세종특별시
2026-06-20T08:45:07+09:00,GBIKE,130399,98.0,36.502261,127.260606,12,세종특별시
2026-06-20T08:45:07+09:00,GBIKE,131436,100.0,36.502267,127.248924,12,세종특별시
2026-06-20T08:45:07+09:00,GBIKE,131953,71.0,36.502267,127.260605,12,세종특별시
2026-06-20T08:45:07+09:00,GBIKE,131922,91.0,36.502297,127.249052,12,세종특별시
2026-06-20T08:45:07+09:00,GBIKE,131663,87.0,36.502307,127.248924,12,세종특별시
2026-06-20T08:45:07+09:00,GBIKE,130083,81.0,36.502308,127.260578,12,세종특별시
2026-06-20T08:45:07+09:00,GBIKE,130707,80.0,36.50231,127.260598,12,세종특별시
2026-06-20T08:45:07+09:00,GBIKE,130176,94.0,36.502315,127.249056,12,세종특별시
2026-06-20T08:45:07+09:00,GBIKE,131302,95.0,36.502368,127.25771,12,세종특별시
2026-06-20T08:45:07+09:00,GBIKE,131935,45.0,36.502391,127.242734,12,세종특별시
2026-06-20T08:45:07+09:00,GBIKE,130737,96.0,36.502405,127.260021,12,세종특별시
2026-06-20T08:45:07+09:00,GBIKE,131581,43.0,36.502406,127.242865,12,세종특별시
2026-06-20T08:45:07+09:00,GBIKE,130019,78.0,36.50243,127.259974,12,세종특별시
2026-06-20T08:45:07+09:00,GBIKE,130978,65.0,36.502473,127.258105,12,세종특별시
2026-06-20T08:45:07+09:00,GBIKE,130470,80.0,36.502498,127.257489,12,세종특별시
2026-06-20T08:45:07+09:00,GBIKE,130714,94.0,36.502513,127.266202,12,세종특별시
2026-06-20T08:45:07+09:00,GBIKE,501342,74.0,36.502546,127.238945,12,세종특별시
2026-06-20T08:45:07+09:00,GBIKE,131486,96.0,36.502552,127.266221,12,세종특별시
2026-06-20T08:45:07+09:00,GBIKE,131669,52.0,36.502611,127.333737,12,세종특별시
2026-06-20T08:45:07+09:00,GBIKE,501340,89.0,36.502662,127.23813,12,세종특별시
2026-06-20T08:45:07+09:00,GBIKE,130398,47.0,36.502754,127.232763,12,세종특별시
2026-06-20T08:45:07+09:00,GBIKE,130954,90.0,36.502806,127.266576,12,세종특별시
2026-06-20T08:45:07+09:00,GBIKE,131567,86.0,36.50281,127.263132,12,세종특별시
2026-06-20T08:45:07+09:00,GBIKE,130809,32.0,36.502883,127.260062,12,세종특별시
2026-06-20T08:45:07+09:00,GBIKE,130510,97.0,36.502896,127.266658,12,세종특별시
2026-06-20T08:45:07+09:00,GBIKE,130129,100.0,36.502968,127.334546,12,세종특별시
2026-06-20T08:45:07+09:00,GBIKE,501509,97.0,36.502986,127.248211,12,세종특별시
2026-06-20T08:45:07+09:00,GBIKE,130844,72.0,36.502995,127.248461,12,세종특별시
2026-06-20T08:45:07+09:00,GBIKE,131417,82.0,36.503005,127.252274,12,세종특별시
2026-06-20T08:45:07+09:00,GBIKE,131214,95.0,36.503009,127.334488,12,세종특별시
2026-06-20T08:45:07+09:00,GBIKE,130814,64.0,36.503011,127.240715,12,세종특별시
2026-06-20T08:45:07+09:00,GBIKE,131267,100.0,36.503023,127.334477,12,세종특별시
2026-06-20T08:45:07+09:00,GBIKE,131875,62.0,36.503032,127.334502,12,세종특별시
2026-06-20T08:45:07+09:00,GBIKE,130368,100.0,36.503035,127.334521,12,세종특별시
2026-06-20T08:45:07+09:00,GBIKE,131554,100.0,36.503041,127.334544,12,세종특별시
2026-06-20T08:45:07+09:00,GBIKE,501267,31.0,36.503045,127.237052,12,세종특별시
2026-06-20T08:45:07+09:00,GBIKE,130446,61.0,36.503126,127.244955,12,세종특별시
2026-06-20T08:45:07+09:00,GBIKE,130894,81.0,36.50316,127.244968,12,세종특별시
2026-06-20T08:45:07+09:00,GBIKE,130135,70.0,36.50319,127.245104,12,세종특별시
2026-06-20T08:45:07+09:00,GBIKE,501289,61.0,36.503216,127.266818,12,세종특별시
2026-06-20T08:45:07+09:00,GBIKE,130302,86.0,36.503238,127.335015,12,세종특별시
2026-06-20T08:45:07+09:00,GBIKE,130489,100.0,36.503239,127.335068,12,세종특별시
2026-06-20T08:45:07+09:00,GBIKE,501456,54.0,36.503254,127.335029,12,세종특별시
2026-06-20T08:45:07+09:00,GBIKE,130994,47.0,36.503258,127.334663,12,세종특별시
2026-06-20T08:45:07+09:00,GBIKE,130306,87.0,36.503327,127.240977,12,세종특별시
2026-06-20T08:45:07+09:00,GBIKE,501368,100.0,36.503331,127.248181,12,세종특별시
2026-06-20T08:45:07+09:00,GBIKE,131154,95.0,36.503417,127.265665,12,세종특별시
2026-06-20T08:45:07+09:00,GBIKE,131832,98.0,36.503444,127.334402,12,세종특별시
2026-06-20T08:45:07+09:00,GBIKE,131794,100.0,36.503481,127.334472,12,세종특별시
2026-06-20T08:45:07+09:00,GBIKE,131353,100.0,36.503495,127.334434,12,세종특별시
2026-06-20T08:45:07+09:00,GBIKE,130329,35.0,36.503505,127.249556,12,세종특별시
2026-06-20T08:45:07+09:00,GBIKE,131389,88.0,36.503511,127.240797,12,세종특별시
2026-06-20T08:45:07+09:00,GBIKE,130993,84.0,36.503536,127.334464,12,세종특별시
2026-06-20T08:45:07+09:00,GBIKE,131119,88.0,36.503547,127.334345,12,세종특별시
2026-06-20T08:45:07+09:00,GBIKE,130758,65.0,36.50355,127.261004,12,세종특별시
2026-06-20T08:45:07+09:00,GBIKE,131366,30.0,36.503559,127.249565,12,세종특별시
2026-06-20T08:45:07+09:00,GBIKE,131178,80.0,36.50356,127.235898,12,세종특별시
2026-06-20T08:45:07+09:00,GBIKE,131530,84.0,36.503581,127.237401,12,세종특별시
2026-06-20T08:45:07+09:00,GBIKE,130721,32.0,36.503622,127.236209,12,세종특별시
2026-06-20T08:45:07+09:00,GBIKE,501549,96.0,36.503626,127.264387,12,세종특별시
2026-06-20T08:45:07+09:00,GBIKE,130356,52.0,36.503632,127.237326,12,세종특별시
2026-06-20T08:45:07+09:00,GBIKE,130538,51.0,36.503632,127.237437,12,세종특별시
2026-06-20T08:45:07+09:00,GBIKE,131140,41.0,36.503633,127.237443,12,세종특별시
2026-06-20T08:45:07+09:00,GBIKE,131490,93.0,36.503652,127.266967,12,세종특별시
2026-06-20T08:45:07+09:00,GBIKE,130071,95.0,36.503697,127.237567,12,세종특별시
2026-06-20T08:45:07+09:00,GBIKE,501168,78.0,36.503717,127.250104,12,세종특별시
2026-06-20T08:45:07+09:00,GBIKE,130883,58.0,36.503774,127.261246,12,세종특별시
2026-06-20T08:45:07+09:00,GBIKE,131579,74.0,36.503785,127.261242,12,세종특별시
2026-06-20T08:45:07+09:00,GBIKE,130166,53.0,36.503797,127.265562,12,세종특별시
2026-06-20T08:45:07+09:00,GBIKE,131703,79.0,36.503797,127.261271,12,세종특별시
2026-06-20T08:45:07+09:00,GBIKE,501201,93.0,36.503819,127.261237,12,세종특별시
2026-06-20T08:45:07+09:00,GBIKE,130716,54.0,36.503872,127.245003,12,세종특별시
2026-06-20T08:45:07+09:00,GBIKE,130829,91.0,36.503876,127.2612,12,세종특별시
2026-06-20T08:45:07+09:00,GBIKE,130633,45.0,36.503877,127.261173,12,세종특별시
2026-06-20T08:45:07+09:00,GBIKE,131175,43.0,36.503887,127.240189,12,세종특별시
2026-06-20T08:45:07+09:00,GBIKE,131498,95.0,36.503896,127.271137,12,세종특별시
2026-06-20T08:45:07+09:00,GBIKE,130147,84.0,36.503922,127.261205,12,세종특별시
2026-06-20T08:45:07+09:00,GBIKE,501423,46.0,36.503922,127.261121,12,세종특별시
2026-06-20T08:45:07+09:00,GBIKE,130275,64.0,36.503925,127.261244,12,세종특별시
2026-06-20T08:45:07+09:00,GBIKE,501403,60.0,36.503926,127.261204,12,세종특별시
2026-06-20T08:45:07+09:00,GBIKE,131510,95.0,36.503932,127.261219,12,세종특별시
2026-06-20T08:45:07+09:00,GBIKE,501225,58.0,36.503934,127.244981,12,세종특별시
2026-06-20T08:45:07+09:00,GBIKE,131720,67.0,36.503937,127.27215,12,세종특별시
2026-06-20T08:45:07+09:00,GBIKE,130034,45.0,36.503941,127.266787,12,세종특별시
2026-06-20T08:45:07+09:00,GBIKE,130237,96.0,36.503945,127.261219,12,세종특별시
2026-06-20T08:45:07+09:00,GBIKE,130824,86.0,36.503946,127.261225,12,세종특별시
2026-06-20T08:45:07+09:00,GBIKE,131613,85.0,36.503975,127.26681,12,세종특별시
2026-06-20T08:45:07+09:00,GBIKE,131032,92.0,36.504026,127.270114,12,세종특별시
2026-06-20T08:45:07+09:00,GBIKE,130581,95.0,36.504051,127.26582,12,세종특별시
2026-06-20T08:45:07+09:00,GBIKE,130831,57.0,36.504068,127.252474,12,세종특별시
2026-06-20T08:45:07+09:00,GBIKE,130987,57.0,36.504068,127.240853,12,세종특별시
2026-06-20T08:45:07+09:00,GBIKE,130928,95.0,36.504105,127.244637,12,세종특별시
2026-06-20T08:45:07+09:00,GBIKE,130143,78.0,36.504117,127.252681,12,세종특별시
2026-06-20T08:45:07+09:00,GBIKE,131887,69.0,36.504117,127.240836,12,세종특별시
2026-06-20T08:45:07+09:00,GBIKE,130109,96.0,36.50412,127.26999,12,세종특별시
2026-06-20T08:45:07+09:00,GBIKE,342605,33.0,36.504121,127.235255,12,세종특별시
2026-06-20T08:45:07+09:00,GBIKE,131925,49.0,36.504148,127.244559,12,세종특별시
2026-06-20T08:45:07+09:00,GBIKE,131991,74.0,36.504164,127.27033,12,세종특별시
2026-06-20T08:45:07+09:00,GBIKE,130359,100.0,36.504186,127.244906,12,세종특별시
2026-06-20T08:45:07+09:00,GBIKE,131952,78.0,36.504186,127.270935,12,세종특별시
2026-06-20T08:45:07+09:00,GBIKE,130870,60.0,36.504228,127.26151,12,세종특별시
2026-06-20T08:45:07+09:00,GBIKE,131844,91.0,36.504258,127.262233,12,세종특별시
2026-06-20T08:45:07+09:00,GBIKE,501519,96.0,36.504263,127.261526,12,세종특별시
2026-06-20T08:45:07+09:00,GBIKE,131039,100.0,36.504268,127.261577,12,세종특별시
2026-06-20T08:45:07+09:00,GBIKE,131760,59.0,36.504272,127.235353,12,세종특별시
2026-06-20T08:45:07+09:00,GBIKE,131916,49.0,36.504304,127.252637,12,세종특별시
2026-06-20T08:45:07+09:00,GBIKE,130445,57.0,36.504336,127.234791,12,세종특별시
2026-06-20T08:45:07+09:00,GBIKE,130852,95.0,36.504354,127.252634,12,세종특별시
2026-06-20T08:45:07+09:00,GBIKE,131377,95.0,36.504365,127.270406,12,세종특별시
2026-06-20T08:45:07+09:00,GBIKE,131452,37.0,36.504369,127.270373,12,세종특별시
2026-06-20T08:45:07+09:00,GBIKE,130256,50.0,36.504383,127.234829,12,세종특별시
2026-06-20T08:45:07+09:00,GBIKE,130903,78.0,36.504401,127.261642,12,세종특별시
2026-06-20T08:45:07+09:00,GBIKE,130602,100.0,36.50446,127.235018,12,세종특별시
2026-06-20T08:45:07+09:00,GBIKE,501369,100.0,36.504468,127.269961,12,세종특별시
2026-06-20T08:45:07+09:00,GBIKE,131539,86.0,36.50447,127.24155,12,세종특별시
2026-06-20T08:45:07+09:00,GBIKE,130522,39.0,36.50449,127.234557,12,세종특별시
2026-06-20T08:45:07+09:00,GBIKE,130353,85.0,36.504497,127.234576,12,세종특별시
2026-06-20T08:45:07+09:00,GBIKE,131564,94.0,36.5045,127.23455,12,세종특별시
2026-06-20T08:45:07+09:00,GBIKE,130685,85.0,36.504567,127.261763,12,세종특별시
2026-06-20T08:45:07+09:00,GBIKE,130944,98.0,36.504602,127.250452,12,세종특별시
2026-06-20T08:45:07+09:00,GBIKE,501183,67.0,36.504612,127.249915,12,세종특별시
2026-06-20T08:45:07+09:00,GBIKE,130718,67.0,36.504632,127.234598,12,세종특별시
2026-06-20T08:45:07+09:00,GBIKE,130384,73.0,36.504663,127.271254,12,세종특별시
2026-06-20T08:45:07+09:00,GBIKE,131709,66.0,36.504708,127.234683,12,세종특별시
2026-06-20T08:45:07+09:00,GBIKE,501273,65.0,36.504747,127.234101,12,세종특별시
2026-06-20T08:45:07+09:00,GBIKE,130184,69.0,36.504749,127.250231,12,세종특별시
2026-06-20T08:45:07+09:00,GBIKE,501152,49.0,36.504752,127.234125,12,세종특별시
2026-06-20T08:45:07+09:00,GBIKE,130092,34.0,36.504754,127.234084,12,세종특별시
2026-06-20T08:45:07+09:00,GBIKE,131006,62.0,36.504761,127.234078,12,세종특별시
2026-06-20T08:45:07+09:00,GBIKE,131236,30.0,36.504771,127.274543,12,세종특별시
2026-06-20T08:45:07+09:00,GBIKE,131240,43.0,36.504774,127.234646,12,세종특별시
2026-06-20T08:45:07+09:00,GBIKE,131718,37.0,36.504821,127.234123,12,세종특별시
2026-06-20T08:45:07+09:00,GBIKE,130301,40.0,36.504848,127.270951,12,세종특별시
2026-06-20T08:45:07+09:00,GBIKE,130739,94.0,36.504848,127.236217,12,세종특별시
2026-06-20T08:45:07+09:00,GBIKE,130375,55.0,36.504893,127.261321,12,세종특별시
2026-06-20T08:45:07+09:00,GBIKE,501124,64.0,36.504946,127.24955,12,세종특별시
2026-06-20T08:45:07+09:00,GBIKE,501535,48.0,36.504963,127.248195,12,세종특별시
2026-06-20T08:45:07+09:00,GBIKE,131483,95.0,36.504969,127.261721,12,세종특별시
2026-06-20T08:45:07+09:00,GBIKE,130366,67.0,36.505019,127.243673,12,세종특별시
2026-06-20T08:45:07+09:00,GBIKE,501221,52.0,36.505031,127.272486,12,세종특별시
2026-06-20T08:45:07+09:00,GBIKE,130725,44.0,36.50508,127.234611,12,세종특별시
2026-06-20T08:45:07+09:00,GBIKE,130616,48.0,36.505112,127.242615,12,세종특별시
2026-06-20T08:45:07+09:00,GBIKE,131960,36.0,36.505123,127.272546,12,세종특별시
2026-06-20T08:45:07+09:00,GBIKE,501351,88.0,36.505146,127.249662,12,세종특별시
2026-06-20T08:45:07+09:00,GBIKE,130592,56.0,36.505148,127.259194,12,세종특별시
2026-06-20T08:45:07+09:00,GBIKE,131848,54.0,36.505172,127.23614,12,세종특별시
2026-06-20T08:45:07+09:00,GBIKE,131429,77.0,36.505173,127.2404,12,세종특별시
2026-06-20T08:45:07+09:00,GBIKE,130165,81.0,36.505193,127.272591,12,세종특별시
2026-06-20T08:45:07+09:00,GBIKE,130578,70.0,36.50522,127.232851,12,세종특별시
2026-06-20T08:45:07+09:00,GBIKE,130238,91.0,36.505226,127.275547,12,세종특별시
2026-06-20T08:45:07+09:00,GBIKE,131066,64.0,36.50524,127.233757,12,세종특별시
2026-06-20T08:45:07+09:00,GBIKE,131849,95.0,36.505276,127.235127,12,세종특별시
2026-06-20T08:45:07+09:00,GBIKE,131424,98.0,36.505282,127.233812,12,세종특별시
2026-06-20T08:45:07+09:00,GBIKE,131624,100.0,36.505291,127.261441,12,세종특별시
2026-06-20T08:45:07+09:00,GBIKE,130222,100.0,36.505302,127.261453,12,세종특별시
2026-06-20T08:45:07+09:00,GBIKE,130902,60.0,36.505305,127.242871,12,세종특별시
2026-06-20T08:45:07+09:00,GBIKE,131375,61.0,36.505311,127.242838,12,세종특별시
2026-06-20T08:45:07+09:00,GBIKE,130799,96.0,36.505323,127.26755,12,세종특별시
2026-06-20T08:45:07+09:00,GBIKE,130036,95.0,36.505344,127.266688,12,세종특별시
2026-06-20T08:45:07+09:00,GBIKE,130180,56.0,36.505349,127.235182,12,세종특별시
2026-06-20T08:45:07+09:00,GBIKE,130640,96.0,36.505352,127.261491,12,세종특별시
2026-06-20T08:45:07+09:00,GBIKE,131075,56.0,36.505362,127.241596,12,세종특별시
2026-06-20T08:45:07+09:00,GBIKE,130792,96.0,36.505363,127.261506,12,세종특별시
2026-06-20T08:45:07+09:00,GBIKE,131833,48.0,36.505372,127.235174,12,세종특별시
2026-06-20T08:45:07+09:00,GBIKE,131461,88.0,36.505376,127.2333,12,세종특별시
2026-06-20T08:45:07+09:00,GBIKE,501584,77.0,36.505396,127.264846,12,세종특별시
2026-06-20T08:45:07+09:00,GBIKE,130128,94.0,36.505404,127.266472,12,세종특별시
2026-06-20T08:45:07+09:00,GBIKE,131399,99.0,36.505414,127.241548,12,세종특별시
2026-06-20T08:45:07+09:00,GBIKE,130757,96.0,36.505447,127.261876,12,세종특별시
2026-06-20T08:45:07+09:00,GBIKE,130311,68.0,36.505458,127.23932,12,세종특별시
2026-06-20T08:45:07+09:00,GBIKE,131028,55.0,36.505523,127.23559,12,세종특별시
2026-06-20T08:45:07+09:00,GBIKE,131020,92.0,36.505528,127.239251,12,세종특별시
2026-06-20T08:45:07+09:00,GBIKE,501192,64.0,36.505528,127.235545,12,세종특별시
2026-06-20T08:45:07+09:00,GBIKE,130284,68.0,36.505558,127.235486,12,세종특별시
2026-06-20T08:45:07+09:00,GBIKE,131458,30.0,36.505573,127.239878,12,세종특별시
2026-06-20T08:45:07+09:00,GBIKE,130206,98.0,36.50562,127.235363,12,세종특별시
2026-06-20T08:45:07+09:00,GBIKE,130159,63.0,36.505626,127.234892,12,세종특별시
2026-06-20T08:45:07+09:00,GBIKE,131606,59.0,36.505636,127.235042,12,세종특별시
2026-06-20T08:45:07+09:00,GBIKE,130280,88.0,36.505662,127.235279,12,세종특별시
2026-06-20T08:45:07+09:00,GBIKE,130423,64.0,36.505673,127.235227,12,세종특별시
2026-06-20T08:45:07+09:00,GBIKE,130804,54.0,36.505687,127.239177,12,세종특별시
2026-06-20T08:45:07+09:00,GBIKE,130579,69.0,36.505693,127.235122,12,세종특별시
2026-06-20T08:45:07+09:00,GBIKE,130935,44.0,36.505709,127.235441,12,세종특별시
2026-06-20T08:45:07+09:00,GBIKE,131441,67.0,36.505719,127.270043,12,세종특별시
2026-06-20T08:45:07+09:00,GBIKE,130154,61.0,36.505726,127.250074,12,세종특별시
2026-06-20T08:45:07+09:00,GBIKE,131520,37.0,36.505727,127.269922,12,세종특별시
2026-06-20T08:45:07+09:00,GBIKE,131992,40.0,36.505805,127.235138,12,세종특별시
2026-06-20T08:45:07+09:00,GBIKE,131042,73.0,36.505809,127.233048,12,세종특별시
2026-06-20T08:45:07+09:00,GBIKE,131136,80.0,36.505845,127.234608,12,세종특별시
2026-06-20T08:45:07+09:00,GBIKE,130241,55.0,36.505858,127.233694,12,세종특별시
2026-06-20T08:45:07+09:00,GBIKE,130148,42.0,36.505866,127.234207,12,세종특별시
2026-06-20T08:45:07+09:00,GBIKE,131783,76.0,36.505874,127.235077,12,세종특별시
2026-06-20T08:45:07+09:00,GBIKE,501229,88.0,36.505898,127.23441,12,세종특별시
2026-06-20T08:45:07+09:00,GBIKE,131404,96.0,36.505929,127.234937,12,세종특별시
2026-06-20T08:45:07+09:00,GBIKE,501478,95.0,36.505945,127.246204,12,세종특별시
2026-06-20T08:45:07+09:00,GBIKE,130074,33.0,36.505953,127.244983,12,세종특별시
2026-06-20T08:45:07+09:00,GBIKE,131482,70.0,36.505957,127.272946,12,세종특별시
2026-06-20T08:45:07+09:00,GBIKE,131419,76.0,36.506057,127.234757,12,세종특별시
2026-06-20T08:45:07+09:00,GBIKE,131671,83.0,36.506099,127.234726,12,세종특별시
2026-06-20T08:45:07+09:00,GBIKE,131085,60.0,36.506117,127.272537,12,세종특별시
2026-06-20T08:45:07+09:00,GBIKE,130100,42.0,36.50613,127.245014,12,세종특별시
2026-06-20T08:45:07+09:00,GBIKE,131132,100.0,36.506134,127.33686,12,세종특별시
2026-06-20T08:45:07+09:00,GBIKE,131273,39.0,36.506137,127.23469,12,세종특별시
2026-06-20T08:45:07+09:00,GBIKE,131512,81.0,36.506153,127.245001,12,세종특별시
2026-06-20T08:45:07+09:00,GBIKE,130440,98.0,36.506179,127.249978,12,세종특별시
2026-06-20T08:45:07+09:00,GBIKE,501493,64.0,36.506213,127.249648,12,세종특별시
2026-06-20T08:45:07+09:00,GBIKE,371780,34.0,36.506248,127.234743,12,세종특별시
2026-06-20T08:45:07+09:00,GBIKE,130832,61.0,36.50625,127.270086,12,세종특별시
2026-06-20T08:45:07+09:00,GBIKE,501539,79.0,36.5063,127.263243,12,세종특별시
2026-06-20T08:45:07+09:00,GBIKE,501257,64.0,36.506317,127.263131,12,세종특별시
2026-06-20T08:45:07+09:00,GBIKE,131451,38.0,36.506354,127.272274,12,세종특별시
2026-06-20T08:45:07+09:00,GBIKE,130266,54.0,36.506405,127.238968,12,세종특별시
2026-06-20T08:45:07+09:00,GBIKE,130677,49.0,36.506437,127.271614,12,세종특별시
2026-06-20T08:45:07+09:00,GBIKE,130332,30.0,36.506442,127.239875,12,세종특별시
2026-06-20T08:45:07+09:00,GBIKE,131247,94.0,36.506457,127.269908,12,세종특별시
2026-06-20T08:45:07+09:00,GBIKE,131242,80.0,36.506472,127.23429,12,세종특별시
2026-06-20T08:45:07+09:00,GBIKE,130723,87.0,36.506505,127.258378,12,세종특별시
2026-06-20T08:45:07+09:00,GBIKE,130244,82.0,36.506513,127.262034,12,세종특별시
2026-06-20T08:45:07+09:00,GBIKE,130401,99.0,36.506515,127.258376,12,세종특별시
2026-06-20T08:45:07+09:00,GBIKE,130468,69.0,36.506527,127.234186,12,세종특별시
2026-06-20T08:45:07+09:00,GBIKE,131189,94.0,36.506536,127.258369,12,세종특별시
2026-06-20T08:45:07+09:00,GBIKE,130534,78.0,36.506552,127.258361,12,세종특별시
2026-06-20T08:45:07+09:00,GBIKE,131646,96.0,36.506577,127.258344,12,세종특별시
2026-06-20T08:45:07+09:00,GBIKE,501551,69.0,36.506583,127.25864,12,세종특별시
2026-06-20T08:45:07+09:00,GBIKE,130254,77.0,36.506584,127.272803,12,세종특별시
2026-06-20T08:45:07+09:00,GBIKE,131408,97.0,36.506592,127.26991,12,세종특별시
2026-06-20T08:45:07+09:00,GBIKE,131688,30.0,36.506601,127.272776,12,세종특별시
2026-06-20T08:45:07+09:00,GBIKE,131770,36.0,36.506603,127.272774,12,세종특별시
2026-06-20T08:45:07+09:00,GBIKE,131487,54.0,36.506613,127.258878,12,세종특별시
2026-06-20T08:45:07+09:00,GBIKE,501272,95.0,36.506616,127.263233,12,세종특별시
2026-06-20T08:45:07+09:00,GBIKE,130986,92.0,36.506672,127.258276,12,세종특별시
2026-06-20T08:45:07+09:00,GBIKE,131440,41.0,36.506692,127.232107,12,세종특별시
2026-06-20T08:45:07+09:00,GBIKE,131975,75.0,36.506699,127.232097,12,세종특별시
2026-06-20T08:45:07+09:00,GBIKE,130134,84.0,36.506708,127.258273,12,세종특별시
2026-06-20T08:45:07+09:00,GBIKE,131243,81.0,36.50671,127.266951,12,세종특별시
2026-06-20T08:45:07+09:00,GBIKE,130542,57.0,36.506716,127.232094,12,세종특별시
2026-06-20T08:45:07+09:00,GBIKE,131230,89.0,36.506741,127.262868,12,세종특별시
2026-06-20T08:45:07+09:00,GBIKE,130379,49.0,36.50676,127.259922,12,세종특별시
2026-06-20T08:45:07+09:00,GBIKE,131091,100.0,36.506796,127.252058,12,세종특별시
2026-06-20T08:45:07+09:00,GBIKE,131034,90.0,36.506804,127.236925,12,세종특별시
2026-06-20T08:45:07+09:00,GBIKE,501243,48.0,36.506822,127.258282,12,세종특별시
2026-06-20T08:45:07+09:00,GBIKE,130443,76.0,36.506823,127.258601,12,세종특별시
2026-06-20T08:45:07+09:00,GBIKE,130039,63.0,36.506827,127.25869,12,세종특별시
2026-06-20T08:45:07+09:00,GBIKE,130409,77.0,36.506827,127.261394,12,세종특별시
2026-06-20T08:45:07+09:00,GBIKE,130197,98.0,36.506837,127.261406,12,세종특별시
2026-06-20T08:45:07+09:00,GBIKE,131073,72.0,36.506837,127.261425,12,세종특별시
2026-06-20T08:45:07+09:00,GBIKE,131310,55.0,36.506841,127.252059,12,세종특별시
2026-06-20T08:45:07+09:00,GBIKE,130871,38.0,36.506854,127.245135,12,세종특별시
2026-06-20T08:45:07+09:00,GBIKE,130495,96.0,36.506869,127.258724,12,세종특별시
2026-06-20T08:45:07+09:00,GBIKE,131888,82.0,36.506876,127.258608,12,세종특별시
2026-06-20T08:45:07+09:00,GBIKE,130213,55.0,36.506878,127.270203,12,세종특별시
2026-06-20T08:45:07+09:00,GBIKE,130957,100.0,36.506883,127.265807,12,세종특별시
2026-06-20T08:45:07+09:00,GBIKE,131457,48.0,36.506887,127.25856,12,세종특별시
2026-06-20T08:45:07+09:00,GBIKE,130467,62.0,36.506899,127.258506,12,세종특별시
2026-06-20T08:45:07+09:00,GBIKE,131572,94.0,36.506921,127.259799,12,세종특별시
2026-06-20T08:45:07+09:00,GBIKE,131325,97.0,36.50693,127.253541,12,세종특별시
2026-06-20T08:45:07+09:00,GBIKE,131476,94.0,36.506946,127.258546,12,세종특별시
2026-06-20T08:45:07+09:00,GBIKE,130927,50.0,36.506951,127.259811,12,세종특별시
2026-06-20T08:45:07+09:00,GBIKE,130231,100.0,36.506958,127.259848,12,세종특별시
2026-06-20T08:45:07+09:00,GBIKE,131215,100.0,36.506973,127.261682,12,세종특별시
2026-06-20T08:45:07+09:00,GBIKE,131892,73.0,36.506992,127.25849,12,세종특별시
2026-06-20T08:45:07+09:00,GBIKE,131830,48.0,36.507019,127.239429,12,세종특별시
2026-06-20T08:45:07+09:00,GBIKE,130785,64.0,36.507045,127.252267,12,세종특별시
2026-06-20T08:45:07+09:00,GBIKE,130156,64.0,36.507054,127.262027,12,세종특별시
2026-06-20T08:45:07+09:00,GBIKE,131411,99.0,36.507171,127.235856,12,세종특별시
2026-06-20T08:45:07+09:00,GBIKE,130150,73.0,36.50718,127.269362,12,세종특별시
2026-06-20T08:45:07+09:00,GBIKE,130696,96.0,36.507207,127.251238,12,세종특별시
2026-06-20T08:45:07+09:00,GBIKE,130828,91.0,36.507235,127.239489,12,세종특별시
2026-06-20T08:45:07+09:00,GBIKE,130112,79.0,36.507269,127.231404,12,세종특별시
2026-06-20T08:45:07+09:00,GBIKE,130919,93.0,36.507287,127.258317,12,세종특별시
2026-06-20T08:45:07+09:00,GBIKE,130179,65.0,36.507338,127.268947,12,세종특별시
2026-06-20T08:45:07+09:00,GBIKE,131155,93.0,36.507342,127.239021,12,세종특별시
2026-06-20T08:45:07+09:00,GBIKE,131350,47.0,36.507366,127.239078,12,세종특별시
2026-06-20T08:45:07+09:00,GBIKE,130187,66.0,36.507415,127.267539,12,세종특별시
2026-06-20T08:45:07+09:00,GBIKE,130049,38.0,36.50752,127.233277,12,세종특별시
2026-06-20T08:45:07+09:00,GBIKE,130082,96.0,36.50758,127.25718,12,세종특별시
2026-06-20T08:45:07+09:00,GBIKE,501146,97.0,36.507672,127.250216,12,세종특별시
2026-06-20T08:45:07+09:00,GBIKE,131232,75.0,36.507716,127.239116,12,세종특별시
2026-06-20T08:45:07+09:00,GBIKE,130458,54.0,36.5079,127.249734,12,세종특별시
2026-06-20T08:45:07+09:00,GBIKE,501280,45.0,36.50794,127.26008,12,세종특별시
2026-06-20T08:45:07+09:00,GBIKE,130826,50.0,36.507988,127.258925,12,세종특별시
2026-06-20T08:45:07+09:00,GBIKE,341583,38.0,36.507998,127.257881,12,세종특별시
2026-06-20T08:45:07+09:00,GBIKE,130480,56.0,36.508019,127.234908,12,세종특별시
2026-06-20T08:45:07+09:00,GBIKE,131877,100.0,36.508034,127.258861,12,세종특별시
2026-06-20T08:45:07+09:00,GBIKE,130106,51.0,36.508098,127.258385,12,세종특별시
2026-06-20T08:45:07+09:00,GBIKE,130848,37.0,36.508125,127.261377,12,세종특별시
2026-06-20T08:45:07+09:00,GBIKE,131655,58.0,36.508183,127.241534,12,세종특별시
2026-06-20T08:45:07+09:00,GBIKE,130029,96.0,36.508204,127.259767,12,세종특별시
2026-06-20T08:45:07+09:00,GBIKE,130825,43.0,36.50822,127.265913,12,세종특별시
2026-06-20T08:45:07+09:00,GBIKE,130722,100.0,36.508262,127.262899,12,세종특별시
2026-06-20T08:45:07+09:00,GBIKE,130975,96.0,36.508329,127.261063,12,세종특별시
2026-06-20T08:45:07+09:00,GBIKE,131944,76.0,36.508364,127.266814,12,세종특별시
2026-06-20T08:45:07+09:00,GBIKE,131229,79.0,36.508396,127.266585,12,세종특별시
2026-06-20T08:45:07+09:00,GBIKE,130970,61.0,36.508405,127.259592,12,세종특별시
2026-06-20T08:45:07+09:00,GBIKE,501247,95.0,36.508443,127.262542,12,세종특별시
2026-06-20T08:45:07+09:00,GBIKE,130507,41.0,36.508443,127.242527,12,세종특별시
2026-06-20T08:45:07+09:00,GBIKE,501569,42.0,36.508459,127.239148,12,세종특별시
2026-06-20T08:45:07+09:00,GBIKE,130535,51.0,36.508464,127.239124,12,세종특별시
2026-06-20T08:45:07+09:00,GBIKE,130808,83.0,36.508464,127.259831,12,세종특별시
2026-06-20T08:45:07+09:00,GBIKE,130501,45.0,36.508495,127.239016,12,세종특별시
2026-06-20T08:45:07+09:00,GBIKE,131882,78.0,36.508595,127.239108,12,세종특별시
2026-06-20T08:45:07+09:00,GBIKE,130756,37.0,36.508667,127.249568,12,세종특별시
2026-06-20T08:45:07+09:00,GBIKE,130958,91.0,36.508689,127.240314,12,세종특별시
2026-06-20T08:45:07+09:00,GBIKE,131344,95.0,36.508722,127.261837,12,세종특별시
2026-06-20T08:45:07+09:00,GBIKE,130732,44.0,36.508724,127.240182,12,세종특별시
2026-06-20T08:45:07+09:00,GBIKE,130210,52.0,36.508734,127.266185,12,세종특별시
2026-06-20T08:45:07+09:00,GBIKE,131576,55.0,36.508741,127.267876,12,세종특별시
2026-06-20T08:45:07+09:00,GBIKE,131748,74.0,36.508756,127.240219,12,세종특별시
2026-06-20T08:45:07+09:00,GBIKE,131234,78.0,36.508791,127.239564,12,세종특별시
2026-06-20T08:45:07+09:00,GBIKE,130807,85.0,36.508803,127.263513,12,세종특별시
2026-06-20T08:45:07+09:00,GBIKE,130314,100.0,36.50884,127.25738,12,세종특별시
2026-06-20T08:45:07+09:00,GBIKE,130759,80.0,36.508849,127.266276,12,세종특별시
2026-06-20T08:45:07+09:00,GBIKE,130139,60.0,36.508898,127.243142,12,세종특별시
2026-06-20T08:45:07+09:00,GBIKE,130995,99.0,36.508923,127.243095,12,세종특별시
2026-06-20T08:45:07+09:00,GBIKE,501429,97.0,36.508972,127.26581,12,세종특별시
2026-06-20T08:45:07+09:00,GBIKE,130066,89.0,36.508973,127.257138,12,세종특별시
2026-06-20T08:45:07+09:00,GBIKE,130608,49.0,36.509095,127.232326,12,세종특별시
2026-06-20T08:45:07+09:00,GBIKE,131196,53.0,36.509131,127.231905,12,세종특별시
2026-06-20T08:45:07+09:00,GBIKE,131376,95.0,36.509135,127.234389,12,세종특별시
2026-06-20T08:45:07+09:00,GBIKE,130611,85.0,36.509214,127.231929,12,세종특별시
2026-06-20T08:45:07+09:00,GBIKE,130740,88.0,36.509312,127.232317,12,세종특별시
2026-06-20T08:45:07+09:00,GBIKE,130085,45.0,36.509327,127.232417,12,세종특별시
2026-06-20T08:45:07+09:00,GBIKE,131857,48.0,36.509333,127.232284,12,세종특별시
2026-06-20T08:45:07+09:00,GBIKE,130704,53.0,36.509345,127.234309,12,세종특별시
2026-06-20T08:45:07+09:00,GBIKE,130307,100.0,36.509364,127.267865,12,세종특별시
2026-06-20T08:45:07+09:00,GBIKE,131052,89.0,36.509374,127.232497,12,세종특별시
2026-06-20T08:45:07+09:00,GBIKE,131846,43.0,36.509392,127.232513,12,세종특별시
2026-06-20T08:45:07+09:00,GBIKE,501241,65.0,36.509411,127.234332,12,세종특별시
2026-06-20T08:45:07+09:00,GBIKE,130559,86.0,36.509445,127.256679,12,세종특별시
2026-06-20T08:45:07+09:00,GBIKE,130953,100.0,36.509503,127.251085,12,세종특별시
2026-06-20T08:45:07+09:00,GBIKE,130514,47.0,36.509516,127.233059,12,세종특별시
2026-06-20T08:45:07+09:00,GBIKE,130168,63.0,36.509542,127.267491,12,세종특별시
2026-06-20T08:45:07+09:00,GBIKE,131397,30.0,36.509544,127.261432,12,세종특별시
2026-06-20T08:45:07+09:00,GBIKE,130872,55.0,36.509601,127.233595,12,세종특별시
2026-06-20T08:45:07+09:00,GBIKE,130840,54.0,36.509632,127.233603,12,세종특별시
2026-06-20T08:45:07+09:00,GBIKE,131550,79.0,36.509881,127.260449,12,세종특별시
2026-06-20T08:45:07+09:00,GBIKE,130167,100.0,36.509949,127.250164,12,세종특별시
2026-06-20T08:45:07+09:00,GBIKE,131099,64.0,36.50999,127.267089,12,세종특별시
2026-06-20T08:45:07+09:00,GBIKE,501271,56.0,36.510039,127.246173,12,세종특별시
2026-06-20T08:45:07+09:00,GBIKE,131923,64.0,36.510101,127.267136,12,세종특별시
2026-06-20T08:45:07+09:00,GBIKE,130061,100.0,36.510132,127.267014,12,세종특별시
2026-06-20T08:45:07+09:00,GBIKE,131853,79.0,36.510141,127.264491,12,세종특별시
2026-06-20T08:45:07+09:00,GBIKE,130415,100.0,36.510162,127.260007,12,세종특별시
2026-06-20T08:45:07+09:00,GBIKE,501419,82.0,36.510362,127.256161,12,세종특별시
2026-06-20T08:45:07+09:00,GBIKE,131900,61.0,36.510401,127.233988,12,세종특별시
2026-06-20T08:45:07+09:00,GBIKE,131786,96.0,36.510456,127.231743,12,세종특별시
2026-06-20T08:45:07+09:00,GBIKE,130429,42.0,36.510473,127.231671,12,세종특별시
2026-06-20T08:45:07+09:00,GBIKE,131950,45.0,36.510474,127.231748,12,세종특별시
2026-06-20T08:45:07+09:00,GBIKE,130230,69.0,36.510476,127.229934,12,세종특별시
2026-06-20T08:45:07+09:00,GBIKE,131151,46.0,36.510478,127.22992,12,세종특별시
2026-06-20T08:45:07+09:00,GBIKE,501461,79.0,36.510484,127.260179,12,세종특별시
2026-06-20T08:45:07+09:00,GBIKE,130558,38.0,36.510505,127.2299,12,세종특별시
2026-06-20T08:45:07+09:00,GBIKE,130636,77.0,36.510508,127.231748,12,세종특별시
2026-06-20T08:45:07+09:00,GBIKE,131959,34.0,36.510509,127.231762,12,세종특별시
2026-06-20T08:45:07+09:00,GBIKE,131976,95.0,36.51052,127.231795,12,세종특별시
2026-06-20T08:45:07+09:00,GBIKE,131495,68.0,36.510525,127.230798,12,세종특별시
2026-06-20T08:45:07+09:00,GBIKE,131194,55.0,36.510529,127.231513,12,세종특별시
2026-06-20T08:45:07+09:00,GBIKE,130649,38.0,36.510532,127.23099,12,세종특별시
2026-06-20T08:45:07+09:00,GBIKE,130419,53.0,36.510535,127.230848,12,세종특별시
2026-06-20T08:45:07+09:00,GBIKE,131631,44.0,36.510538,127.256103,12,세종특별시
2026-06-20T08:45:07+09:00,GBIKE,130181,40.0,36.510549,127.23172,12,세종특별시
2026-06-20T08:45:07+09:00,GBIKE,130748,87.0,36.510559,127.230979,12,세종특별시
2026-06-20T08:45:07+09:00,GBIKE,131933,38.0,36.510565,127.241337,12,세종특별시
2026-06-20T08:45:07+09:00,GBIKE,130452,60.0,36.510568,127.258215,12,세종특별시
2026-06-20T08:45:07+09:00,GBIKE,612778,63.0,36.51058,127.246234,12,세종특별시
2026-06-20T08:45:07+09:00,GBIKE,130922,95.0,36.510589,127.231301,12,세종특별시
2026-06-20T08:45:07+09:00,GBIKE,501393,58.0,36.510589,127.241589,12,세종특별시
2026-06-20T08:45:07+09:00,GBIKE,131190,87.0,36.510604,127.258016,12,세종특별시
2026-06-20T08:45:07+09:00,GBIKE,130209,93.0,36.510608,127.239028,12,세종특별시
2026-06-20T08:45:07+09:00,GBIKE,131360,62.0,36.510645,127.239989,12,세종특별시
2026-06-20T08:45:07+09:00,GBIKE,131589,56.0,36.510658,127.232079,12,세종특별시
2026-06-20T08:45:07+09:00,GBIKE,131945,48.0,36.510668,127.240005,12,세종특별시
2026-06-20T08:45:07+09:00,GBIKE,130835,59.0,36.510672,127.232088,12,세종특별시
2026-06-20T08:45:07+09:00,GBIKE,131374,89.0,36.510696,127.232259,12,세종특별시
2026-06-20T08:45:07+09:00,GBIKE,130683,69.0,36.51071,127.23164,12,세종특별시
2026-06-20T08:45:07+09:00,GBIKE,131017,57.0,36.510728,127.229869,12,세종특별시
2026-06-20T08:45:07+09:00,GBIKE,501360,78.0,36.510733,127.241049,12,세종특별시
2026-06-20T08:45:07+09:00,GBIKE,130787,81.0,36.510737,127.241666,12,세종특별시
2026-06-20T08:45:07+09:00,GBIKE,130402,90.0,36.510756,127.23174,12,세종특별시
2026-06-20T08:45:07+09:00,GBIKE,130490,73.0,36.510764,127.232461,12,세종특별시
2026-06-20T08:45:07+09:00,GBIKE,130656,47.0,36.510765,127.231756,12,세종특별시
2026-06-20T08:45:07+09:00,GBIKE,130793,78.0,36.510778,127.242424,12,세종특별시
2026-06-20T08:45:07+09:00,GBIKE,131722,82.0,36.510787,127.231725,12,세종특별시
2026-06-20T08:45:07+09:00,GBIKE,131569,92.0,36.51079,127.231765,12,세종특별시
2026-06-20T08:45:07+09:00,GBIKE,130672,95.0,36.510792,127.229896,12,세종특별시
2026-06-20T08:45:07+09:00,GBIKE,130918,97.0,36.510792,127.231762,12,세종특별시
2026-06-20T08:45:07+09:00,GBIKE,130772,44.0,36.510794,127.231763,12,세종특별시
2026-06-20T08:45:07+09:00,GBIKE,130912,43.0,36.510794,127.241029,12,세종특별시
2026-06-20T08:45:07+09:00,GBIKE,130771,95.0,36.510795,127.232913,12,세종특별시
2026-06-20T08:45:07+09:00,GBIKE,130358,88.0,36.510801,127.232463,12,세종특별시
2026-06-20T08:45:07+09:00,GBIKE,130666,42.0,36.510806,127.23291,12,세종특별시
2026-06-20T08:45:07+09:00,GBIKE,130158,76.0,36.510807,127.239549,12,세종특별시
2026-06-20T08:45:07+09:00,GBIKE,131001,94.0,36.510813,127.232868,12,세종특별시
2026-06-20T08:45:07+09:00,GBIKE,130286,46.0,36.510814,127.229845,12,세종특별시
2026-06-20T08:45:07+09:00,GBIKE,130974,96.0,36.510821,127.231779,12,세종특별시
2026-06-20T08:45:07+09:00,GBIKE,358176,42.0,36.510821,127.243048,12,세종특별시
2026-06-20T08:45:07+09:00,GBIKE,131246,84.0,36.51083,127.242233,12,세종특별시
2026-06-20T08:45:07+09:00,GBIKE,359456,34.0,36.510831,127.23251,12,세종특별시
2026-06-20T08:45:07+09:00,GBIKE,131753,30.0,36.510832,127.232528,12,세종특별시
2026-06-20T08:45:07+09:00,GBIKE,131704,45.0,36.510834,127.233263,12,세종특별시
2026-06-20T08:45:07+09:00,GBIKE,131668,44.0,36.510836,127.232419,12,세종특별시
2026-06-20T08:45:07+09:00,GBIKE,131036,47.0,36.510856,127.239564,12,세종특별시
2026-06-20T08:45:07+09:00,GBIKE,130257,95.0,36.510861,127.242345,12,세종특별시
2026-06-20T08:45:07+09:00,GBIKE,130576,67.0,36.510865,127.231678,12,세종특별시
2026-06-20T08:45:07+09:00,GBIKE,130664,71.0,36.510865,127.240989,12,세종특별시
2026-06-20T08:45:07+09:00,GBIKE,131324,63.0,36.510869,127.234014,12,세종특별시
2026-06-20T08:45:07+09:00,GBIKE,131785,60.0,36.510869,127.24094,12,세종특별시
2026-06-20T08:45:07+09:00,GBIKE,130791,70.0,36.510873,127.232934,12,세종특별시
2026-06-20T08:45:07+09:00,GBIKE,130078,47.0,36.510889,127.232927,12,세종특별시
2026-06-20T08:45:07+09:00,GBIKE,131731,80.0,36.51089,127.232935,12,세종특별시
2026-06-20T08:45:07+09:00,GBIKE,131223,49.0,36.510893,127.232905,12,세종특별시
2026-06-20T08:45:07+09:00,GBIKE,130595,56.0,36.510894,127.24098,12,세종특별시
2026-06-20T08:45:07+09:00,GBIKE,131213,80.0,36.510897,127.232898,12,세종특별시
2026-06-20T08:45:07+09:00,GBIKE,130877,82.0,36.5109,127.232979,12,세종특별시
2026-06-20T08:45:07+09:00,GBIKE,131016,79.0,36.5109,127.233083,12,세종특별시
2026-06-20T08:45:07+09:00,GBIKE,130456,96.0,36.510903,127.241,12,세종특별시
2026-06-20T08:45:07+09:00,GBIKE,131708,78.0,36.510903,127.241093,12,세종특별시
2026-06-20T08:45:07+09:00,GBIKE,131348,42.0,36.510905,127.241045,12,세종특별시
2026-06-20T08:45:07+09:00,GBIKE,131355,52.0,36.510909,127.232837,12,세종특별시
2026-06-20T08:45:07+09:00,GBIKE,130906,60.0,36.51092,127.239533,12,세종특별시
2026-06-20T08:45:07+09:00,GBIKE,130496,57.0,36.510927,127.232948,12,세종특별시
2026-06-20T08:45:07+09:00,GBIKE,131141,95.0,36.510929,127.241018,12,세종특별시
2026-06-20T08:45:07+09:00,GBIKE,130929,84.0,36.510935,127.232962,12,세종특별시
2026-06-20T08:45:07+09:00,GBIKE,131829,65.0,36.510945,127.256192,12,세종특별시
2026-06-20T08:45:07+09:00,GBIKE,130761,72.0,36.510947,127.242981,12,세종특별시
2026-06-20T08:45:07+09:00,GBIKE,501204,70.0,36.510959,127.241316,12,세종특별시
2026-06-20T08:45:07+09:00,GBIKE,501462,92.0,36.510963,127.241298,12,세종특별시
2026-06-20T08:45:07+09:00,GBIKE,131773,73.0,36.510987,127.239589,12,세종특별시
2026-06-20T08:45:07+09:00,GBIKE,130404,49.0,36.510991,127.239568,12,세종특별시
2026-06-20T08:45:07+09:00,GBIKE,501122,70.0,36.510994,127.241272,12,세종특별시
2026-06-20T08:45:07+09:00,GBIKE,130674,93.0,36.510998,127.249847,12,세종특별시
2026-06-20T08:45:07+09:00,GBIKE,130345,75.0,36.511013,127.239636,12,세종특별시
2026-06-20T08:45:07+09:00,GBIKE,130976,58.0,36.51102,127.232446,12,세종특별시
2026-06-20T08:45:07+09:00,GBIKE,131013,44.0,36.511046,127.232204,12,세종특별시
2026-06-20T08:45:07+09:00,GBIKE,130946,97.0,36.511084,127.242269,12,세종특별시
2026-06-20T08:45:07+09:00,GBIKE,130059,40.0,36.511113,127.248559,12,세종특별시
2026-06-20T08:45:07+09:00,GBIKE,130849,71.0,36.511155,127.239561,12,세종특별시
2026-06-20T08:45:07+09:00,GBIKE,130701,88.0,36.511206,127.233523,12,세종특별시
2026-06-20T08:45:07+09:00,GBIKE,130183,36.0,36.511228,127.241291,12,세종특별시
2026-06-20T08:45:07+09:00,GBIKE,130371,52.0,36.511249,127.240182,12,세종특별시
2026-06-20T08:45:07+09:00,GBIKE,131623,71.0,36.511263,127.265805,12,세종특별시
2026-06-20T08:45:07+09:00,GBIKE,130485,35.0,36.511277,127.241251,12,세종특별시
2026-06-20T08:45:07+09:00,GBIKE,131734,39.0,36.511286,127.229815,12,세종특별시
2026-06-20T08:45:07+09:00,GBIKE,130303,79.0,36.511293,127.239846,12,세종특별시
2026-06-20T08:45:07+09:00,GBIKE,131300,96.0,36.511309,127.239862,12,세종특별시
2026-06-20T08:45:07+09:00,GBIKE,501316,100.0,36.511331,127.241254,12,세종특별시
2026-06-20T08:45:07+09:00,GBIKE,131855,58.0,36.51134,127.233363,12,세종특별시
2026-06-20T08:45:07+09:00,GBIKE,131847,44.0,36.511358,127.249991,12,세종특별시
2026-06-20T08:45:07+09:00,GBIKE,501344,98.0,36.51136,127.250197,12,세종특별시
2026-06-20T08:45:07+09:00,GBIKE,131171,100.0,36.511366,127.251811,12,세종특별시
2026-06-20T08:45:07+09:00,GBIKE,501424,95.0,36.511371,127.244342,12,세종특별시
2026-06-20T08:45:07+09:00,GBIKE,130248,33.0,36.51138,127.251749,12,세종특별시
2026-06-20T08:45:07+09:00,GBIKE,130337,45.0,36.511429,127.24384,12,세종특별시
2026-06-20T08:45:07+09:00,GBIKE,501363,52.0,36.511436,127.249179,12,세종특별시
2026-06-20T08:45:07+09:00,GBIKE,501594,89.0,36.511442,127.243848,12,세종특별시
2026-06-20T08:45:07+09:00,GBIKE,131406,35.0,36.511447,127.260646,12,세종특별시
2026-06-20T08:45:07+09:00,GBIKE,131823,84.0,36.511454,127.233915,12,세종특별시
2026-06-20T08:45:07+09:00,GBIKE,130526,59.0,36.511457,127.240787,12,세종특별시
2026-06-20T08:45:07+09:00,GBIKE,131199,49.0,36.511464,127.241641,12,세종특별시
2026-06-20T08:45:07+09:00,GBIKE,131620,64.0,36.511464,127.241616,12,세종특별시
2026-06-20T08:45:07+09:00,GBIKE,130508,86.0,36.511467,127.23386,12,세종특별시
2026-06-20T08:45:07+09:00,GBIKE,131216,98.0,36.511471,127.260239,12,세종특별시
2026-06-20T08:45:07+09:00,GBIKE,130961,47.0,36.511472,127.241289,12,세종특별시
2026-06-20T08:45:07+09:00,GBIKE,131135,32.0,36.511474,127.241297,12,세종특별시
2026-06-20T08:45:07+09:00,GBIKE,131068,87.0,36.511476,127.24162,12,세종특별시
2026-06-20T08:45:07+09:00,GBIKE,501505,39.0,36.5115,127.241322,12,세종특별시
2026-06-20T08:45:07+09:00,GBIKE,131725,81.0,36.511511,127.265547,12,세종특별시
2026-06-20T08:45:07+09:00,GBIKE,131705,79.0,36.511526,127.248248,12,세종특별시
2026-06-20T08:45:07+09:00,GBIKE,130971,69.0,36.511529,127.250266,12,세종특별시
2026-06-20T08:45:07+09:00,GBIKE,131329,52.0,36.511532,127.24164,12,세종특별시
2026-06-20T08:45:07+09:00,GBIKE,131680,58.0,36.511539,127.240838,12,세종특별시
2026-06-20T08:45:07+09:00,GBIKE,130455,49.0,36.511541,127.249638,12,세종특별시
2026-06-20T08:45:07+09:00,GBIKE,130123,66.0,36.511554,127.248498,12,세종특별시
2026-06-20T08:45:07+09:00,GBIKE,501262,100.0,36.511554,127.265558,12,세종특별시
2026-06-20T08:45:07+09:00,GBIKE,130263,100.0,36.511568,127.248456,12,세종특별시
2026-06-20T08:45:07+09:00,GBIKE,130091,78.0,36.511574,127.251926,12,세종특별시
2026-06-20T08:45:07+09:00,GBIKE,130628,70.0,36.511599,127.248564,12,세종특별시
2026-06-20T08:45:07+09:00,GBIKE,131831,79.0,36.511601,127.242845,12,세종특별시
2026-06-20T08:45:07+09:00,GBIKE,130177,42.0,36.511619,127.243011,12,세종특별시
2026-06-20T08:45:07+09:00,GBIKE,130385,96.0,36.511647,127.240807,12,세종특별시
2026-06-20T08:45:07+09:00,GBIKE,131064,72.0,36.511647,127.239841,12,세종특별시
2026-06-20T08:45:07+09:00,GBIKE,131390,46.0,36.511651,127.239932,12,세종특별시
2026-06-20T08:45:07+09:00,GBIKE,131850,99.0,36.511659,127.25028,12,세종특별시
2026-06-20T08:45:07+09:00,GBIKE,130599,92.0,36.511673,127.266661,12,세종특별시
2026-06-20T08:45:07+09:00,GBIKE,130413,66.0,36.511674,127.25044,12,세종특별시
2026-06-20T08:45:07+09:00,GBIKE,130769,69.0,36.511675,127.250466,12,세종특별시
2026-06-20T08:45:07+09:00,GBIKE,332266,50.0,36.511675,127.246423,12,세종특별시
2026-06-20T08:45:07+09:00,GBIKE,501219,81.0,36.51168,127.242897,12,세종특별시
2026-06-20T08:45:07+09:00,GBIKE,501250,43.0,36.511683,127.240891,12,세종특별시
2026-06-20T08:45:07+09:00,GBIKE,501571,82.0,36.511693,127.241629,12,세종특별시
2026-06-20T08:45:07+09:00,GBIKE,130575,100.0,36.511696,127.250455,12,세종특별시
2026-06-20T08:45:07+09:00,GBIKE,501279,83.0,36.511701,127.229769,12,세종특별시
2026-06-20T08:45:07+09:00,GBIKE,130497,76.0,36.511704,127.239956,12,세종특별시
2026-06-20T08:45:07+09:00,GBIKE,131257,44.0,36.511704,127.242994,12,세종특별시
2026-06-20T08:45:07+09:00,GBIKE,501127,82.0,36.511706,127.241316,12,세종특별시
2026-06-20T08:45:07+09:00,GBIKE,358190,51.0,36.511708,127.246433,12,세종특별시
2026-06-20T08:45:07+09:00,GBIKE,501575,75.0,36.511711,127.229827,12,세종특별시
2026-06-20T08:45:07+09:00,GBIKE,130859,38.0,36.511712,127.245955,12,세종특별시
2026-06-20T08:45:07+09:00,GBIKE,130247,73.0,36.511725,127.244032,12,세종특별시
2026-06-20T08:45:07+09:00,GBIKE,501255,95.0,36.511726,127.24646,12,세종특별시
2026-06-20T08:45:07+09:00,GBIKE,501292,96.0,36.511735,127.241338,12,세종특별시
2026-06-20T08:45:07+09:00,GBIKE,130631,58.0,36.511744,127.250932,12,세종특별시
2026-06-20T08:45:07+09:00,GBIKE,130118,95.0,36.511749,127.244008,12,세종특별시
2026-06-20T08:45:07+09:00,GBIKE,130892,84.0,36.511752,127.249197,12,세종특별시
2026-06-20T08:45:07+09:00,GBIKE,130650,71.0,36.511753,127.250288,12,세종특별시
2026-06-20T08:45:07+09:00,GBIKE,501190,36.0,36.511756,127.241636,12,세종특별시
2026-06-20T08:45:07+09:00,GBIKE,501301,39.0,36.511766,127.229886,12,세종특별시
2026-06-20T08:45:07+09:00,GBIKE,130344,89.0,36.51177,127.248824,12,세종특별시
2026-06-20T08:45:07+09:00,GBIKE,501178,58.0,36.511788,127.24128,12,세종특별시
2026-06-20T08:45:07+09:00,GBIKE,131909,63.0,36.511793,127.250395,12,세종특별시
2026-06-20T08:45:07+09:00,GBIKE,131188,56.0,36.5118,127.244807,12,세종특별시
2026-06-20T08:45:07+09:00,GBIKE,131821,32.0,36.5118,127.248359,12,세종특별시
2026-06-20T08:45:07+09:00,GBIKE,501337,43.0,36.511816,127.247419,12,세종특별시
2026-06-20T08:45:07+09:00,GBIKE,131365,93.0,36.511821,127.242801,12,세종특별시
2026-06-20T08:45:07+09:00,GBIKE,130058,41.0,36.511824,127.229668,12,세종특별시
2026-06-20T08:45:07+09:00,GBIKE,131837,100.0,36.511826,127.242981,12,세종특별시
2026-06-20T08:45:07+09:00,GBIKE,131693,34.0,36.511833,127.24082,12,세종특별시
2026-06-20T08:45:07+09:00,GBIKE,130381,77.0,36.511849,127.242256,12,세종특별시
2026-06-20T08:45:07+09:00,GBIKE,130125,68.0,36.511862,127.250037,12,세종특별시
2026-06-20T08:45:07+09:00,GBIKE,130113,53.0,36.511866,127.242876,12,세종특별시
2026-06-20T08:45:07+09:00,GBIKE,130089,67.0,36.51187,127.242213,12,세종특별시
2026-06-20T08:45:07+09:00,GBIKE,131156,96.0,36.511886,127.250012,12,세종특별시
2026-06-20T08:45:07+09:00,GBIKE,501433,45.0,36.511898,127.24067,12,세종특별시
2026-06-20T08:45:07+09:00,GBIKE,130121,79.0,36.511899,127.243682,12,세종특별시
2026-06-20T08:45:07+09:00,GBIKE,131860,95.0,36.511899,127.241065,12,세종특별시
2026-06-20T08:45:07+09:00,GBIKE,131181,49.0,36.511901,127.240402,12,세종특별시
2026-06-20T08:45:07+09:00,GBIKE,131729,64.0,36.511912,127.250524,12,세종특별시
2026-06-20T08:45:07+09:00,GBIKE,130400,55.0,36.511913,127.259955,12,세종특별시
2026-06-20T08:45:07+09:00,GBIKE,501565,94.0,36.511916,127.245581,12,세종특별시
2026-06-20T08:45:07+09:00,GBIKE,130996,43.0,36.511917,127.242838,12,세종특별시
2026-06-20T08:45:07+09:00,GBIKE,130898,61.0,36.511918,127.24091,12,세종특별시
2026-06-20T08:45:07+09:00,GBIKE,130525,95.0,36.511923,127.241008,12,세종특별시
2026-06-20T08:45:07+09:00,GBIKE,501162,30.0,36.511926,127.240519,12,세종특별시
2026-06-20T08:45:07+09:00,GBIKE,131370,75.0,36.511929,127.240879,12,세종특별시
2026-06-20T08:45:07+09:00,GBIKE,501376,38.0,36.51193,127.240885,12,세종특별시
2026-06-20T08:45:07+09:00,GBIKE,501335,36.0,36.511932,127.240937,12,세종특별시
2026-06-20T08:45:07+09:00,GBIKE,130784,85.0,36.511936,127.227765,12,세종특별시
2026-06-20T08:45:07+09:00,GBIKE,501451,92.0,36.511942,127.240888,12,세종특별시
2026-06-20T08:45:07+09:00,GBIKE,501432,60.0,36.511943,127.240928,12,세종특별시
2026-06-20T08:45:07+09:00,GBIKE,501331,90.0,36.511944,127.241518,12,세종특별시
2026-06-20T08:45:07+09:00,GBIKE,131285,56.0,36.51195,127.241136,12,세종특별시
2026-06-20T08:45:07+09:00,GBIKE,130373,94.0,36.511957,127.241145,12,세종특별시
2026-06-20T08:45:07+09:00,GBIKE,131485,39.0,36.511963,127.240943,12,세종특별시
2026-06-20T08:45:07+09:00,GBIKE,131313,37.0,36.511969,127.24113,12,세종특별시
2026-06-20T08:45:07+09:00,GBIKE,130227,62.0,36.511975,127.22786,12,세종특별시
2026-06-20T08:45:07+09:00,GBIKE,501327,65.0,36.511995,127.243875,12,세종특별시
2026-06-20T08:45:07+09:00,GBIKE,501558,87.0,36.512014,127.243881,12,세종특별시
2026-06-20T08:45:07+09:00,GBIKE,131968,91.0,36.512015,127.242579,12,세종특별시
2026-06-20T08:45:07+09:00,GBIKE,501213,81.0,36.512023,127.24394,12,세종특별시
2026-06-20T08:45:07+09:00,GBIKE,501333,85.0,36.512026,127.243005,12,세종특별시
2026-06-20T08:45:07+09:00,GBIKE,131816,96.0,36.512031,127.227773,12,세종특별시
2026-06-20T08:45:07+09:00,GBIKE,501507,94.0,36.512033,127.247934,12,세종특별시
2026-06-20T08:45:07+09:00,GBIKE,131314,74.0,36.512038,127.227573,12,세종특별시
2026-06-20T08:45:07+09:00,GBIKE,501174,100.0,36.512046,127.247892,12,세종특별시
2026-06-20T08:45:07+09:00,GBIKE,130283,64.0,36.512048,127.242569,12,세종특별시
2026-06-20T08:45:07+09:00,GBIKE,131970,45.0,36.512054,127.242849,12,세종특별시
2026-06-20T08:45:07+09:00,GBIKE,501412,96.0,36.512075,127.242664,12,세종특별시
2026-06-20T08:45:07+09:00,GBIKE,130416,61.0,36.512079,127.242643,12,세종특별시
2026-06-20T08:45:07+09:00,GBIKE,131328,42.0,36.51208,127.243227,12,세종특별시
2026-06-20T08:45:07+09:00,GBIKE,501454,70.0,36.512084,127.241489,12,세종특별시
2026-06-20T08:45:07+09:00,GBIKE,131269,56.0,36.512098,127.243076,12,세종특별시
2026-06-20T08:45:07+09:00,GBIKE,130363,93.0,36.51213,127.248214,12,세종특별시
2026-06-20T08:45:07+09:00,GBIKE,130933,90.0,36.512134,127.240067,12,세종특별시
2026-06-20T08:45:07+09:00,GBIKE,501200,57.0,36.51214,127.242106,12,세종특별시
2026-06-20T08:45:07+09:00,GBIKE,131969,95.0,36.512143,127.263484,12,세종특별시
2026-06-20T08:45:07+09:00,GBIKE,501238,100.0,36.512144,127.248017,12,세종특별시
2026-06-20T08:45:07+09:00,GBIKE,501254,90.0,36.512148,127.24123,12,세종특별시
2026-06-20T08:45:07+09:00,GBIKE,501496,92.0,36.512162,127.248051,12,세종특별시
2026-06-20T08:45:07+09:00,GBIKE,131502,95.0,36.512174,127.248123,12,세종특별시
2026-06-20T08:45:07+09:00,GBIKE,130550,51.0,36.512183,127.248061,12,세종특별시
2026-06-20T08:45:07+09:00,GBIKE,130466,47.0,36.51219,127.259501,12,세종특별시
2026-06-20T08:45:07+09:00,GBIKE,130827,64.0,36.512201,127.249394,12,세종특별시
2026-06-20T08:45:07+09:00,GBIKE,130630,70.0,36.512218,127.24832,12,세종특별시
2026-06-20T08:45:07+09:00,GBIKE,501313,67.0,36.512226,127.247985,12,세종특별시
2026-06-20T08:45:07+09:00,GBIKE,131197,60.0,36.512236,127.255684,12,세종특별시
2026-06-20T08:45:07+09:00,GBIKE,130048,42.0,36.512242,127.258487,12,세종특별시
2026-06-20T08:45:07+09:00,GBIKE,501544,74.0,36.512279,127.257532,12,세종특별시
2026-06-20T08:45:07+09:00,GBIKE,131667,57.0,36.512302,127.242515,12,세종특별시
2026-06-20T08:45:07+09:00,GBIKE,501523,56.0,36.512308,127.243522,12,세종특별시
2026-06-20T08:45:07+09:00,GBIKE,131716,69.0,36.512314,127.259799,12,세종특별시
2026-06-20T08:45:07+09:00,GBIKE,501560,66.0,36.512317,127.233369,12,세종특별시
2026-06-20T08:45:07+09:00,GBIKE,130064,76.0,36.512345,127.24127,12,세종특별시
2026-06-20T08:45:07+09:00,GBIKE,130744,34.0,36.512346,127.259835,12,세종특별시
2026-06-20T08:45:07+09:00,GBIKE,501242,76.0,36.512351,127.241669,12,세종특별시
2026-06-20T08:45:07+09:00,GBIKE,501164,61.0,36.512363,127.249748,12,세종특별시
2026-06-20T08:45:07+09:00,GBIKE,130572,39.0,36.512365,127.259825,12,세종특별시
2026-06-20T08:45:07+09:00,GBIKE,131258,81.0,36.512379,127.250005,12,세종특별시
2026-06-20T08:45:07+09:00,GBIKE,131296,55.0,36.512385,127.239962,12,세종특별시
2026-06-20T08:45:07+09:00,GBIKE,131901,86.0,36.512388,127.239923,12,세종특별시
2026-06-20T08:45:07+09:00,GBIKE,130609,45.0,36.51243,127.258084,12,세종특별시
2026-06-20T08:45:07+09:00,GBIKE,130482,97.0,36.512447,127.249983,12,세종특별시
2026-06-20T08:45:07+09:00,GBIKE,501422,38.0,36.512477,127.250354,12,세종특별시
2026-06-20T08:45:07+09:00,GBIKE,131533,40.0,36.512528,127.248023,12,세종특별시
2026-06-20T08:45:07+09:00,GBIKE,131792,89.0,36.512554,127.266383,12,세종특별시
2026-06-20T08:45:07+09:00,GBIKE,131072,97.0,36.512558,127.266312,12,세종특별시
2026-06-20T08:45:07+09:00,GBIKE,130948,88.0,36.51258,127.266852,12,세종특별시
2026-06-20T08:45:07+09:00,GBIKE,131449,48.0,36.512606,127.246873,12,세종특별시
2026-06-20T08:45:07+09:00,GBIKE,501293,59.0,36.512609,127.246257,12,세종특별시
2026-06-20T08:45:07+09:00,GBIKE,130651,52.0,36.512612,127.233539,12,세종특별시
2026-06-20T08:45:07+09:00,GBIKE,501347,96.0,36.512628,127.246033,12,세종특별시
2026-06-20T08:45:07+09:00,GBIKE,130984,65.0,36.512632,127.239054,12,세종특별시
2026-06-20T08:45:07+09:00,GBIKE,131352,100.0,36.512642,127.259327,12,세종특별시
2026-06-20T08:45:07+09:00,GBIKE,501546,83.0,36.512645,127.259316,12,세종특별시
2026-06-20T08:45:07+09:00,GBIKE,130067,95.0,36.512674,127.262566,12,세종특별시
2026-06-20T08:45:07+09:00,GBIKE,131316,72.0,36.512676,127.261248,12,세종특별시
2026-06-20T08:45:07+09:00,GBIKE,501445,70.0,36.512676,127.255708,12,세종특별시
2026-06-20T08:45:07+09:00,GBIKE,501329,84.0,36.512722,127.242343,12,세종특별시
2026-06-20T08:45:07+09:00,GBIKE,130323,95.0,36.512776,127.242608,12,세종특별시
2026-06-20T08:45:07+09:00,GBIKE,501144,68.0,36.512776,127.242396,12,세종특별시
2026-06-20T08:45:07+09:00,GBIKE,131841,33.0,36.512778,127.228677,12,세종특별시
2026-06-20T08:45:07+09:00,GBIKE,130361,92.0,36.512783,127.262634,12,세종특별시
2026-06-20T08:45:07+09:00,GBIKE,130597,41.0,36.512785,127.241019,12,세종특별시
2026-06-20T08:45:07+09:00,GBIKE,130603,95.0,36.512787,127.262657,12,세종특별시
2026-06-20T08:45:07+09:00,GBIKE,130382,97.0,36.512803,127.262613,12,세종특별시
2026-06-20T08:45:07+09:00,GBIKE,131711,50.0,36.512804,127.240001,12,세종특별시
2026-06-20T08:45:07+09:00,GBIKE,131288,89.0,36.512813,127.250416,12,세종특별시
2026-06-20T08:45:07+09:00,GBIKE,130800,98.0,36.512827,127.258609,12,세종특별시
2026-06-20T08:45:07+09:00,GBIKE,501166,71.0,36.512883,127.262982,12,세종특별시
2026-06-20T08:45:07+09:00,GBIKE,130119,46.0,36.512927,127.259693,12,세종특별시
2026-06-20T08:45:07+09:00,GBIKE,130719,46.0,36.51293,127.258,12,세종특별시
2026-06-20T08:45:07+09:00,GBIKE,501525,37.0,36.51297,127.243295,12,세종특별시
2026-06-20T08:45:07+09:00,GBIKE,131826,43.0,36.512977,127.239807,12,세종특별시
2026-06-20T08:45:07+09:00,GBIKE,130319,39.0,36.512991,127.231324,12,세종특별시
2026-06-20T08:45:07+09:00,GBIKE,131940,69.0,36.512992,127.243279,12,세종특별시
2026-06-20T08:45:07+09:00,GBIKE,130246,72.0,36.513053,127.26182,12,세종특별시
2026-06-20T08:45:07+09:00,GBIKE,130900,100.0,36.513072,127.262181,12,세종특별시
2026-06-20T08:45:07+09:00,GBIKE,130549,73.0,36.513108,127.229399,12,세종특별시
2026-06-20T08:45:07+09:00,GBIKE,130728,68.0,36.513115,127.24167,12,세종특별시
2026-06-20T08:45:07+09:00,GBIKE,130435,94.0,36.513124,127.262178,12,세종특별시
2026-06-20T08:45:07+09:00,GBIKE,131177,49.0,36.513129,127.241669,12,세종특별시
2026-06-20T08:45:07+09:00,GBIKE,131403,79.0,36.513147,127.262105,12,세종특별시
2026-06-20T08:45:07+09:00,GBIKE,131421,80.0,36.513149,127.241677,12,세종특별시
2026-06-20T08:45:07+09:00,GBIKE,131972,70.0,36.513166,127.262095,12,세종특별시
2026-06-20T08:45:07+09:00,GBIKE,131540,67.0,36.513171,127.260238,12,세종특별시
2026-06-20T08:45:07+09:00,GBIKE,130587,78.0,36.513204,127.233116,12,세종특별시
2026-06-20T08:45:07+09:00,GBIKE,130499,63.0,36.513281,127.250518,12,세종특별시
2026-06-20T08:45:07+09:00,GBIKE,131869,41.0,36.513307,127.229359,12,세종특별시
2026-06-20T08:45:07+09:00,GBIKE,130149,84.0,36.51333,127.229386,12,세종특별시
2026-06-20T08:45:07+09:00,GBIKE,131345,61.0,36.513358,127.229383,12,세종특별시
2026-06-20T08:45:07+09:00,GBIKE,130897,48.0,36.513387,127.264844,12,세종특별시
2026-06-20T08:45:07+09:00,GBIKE,501119,99.0,36.513388,127.250257,12,세종특별시
2026-06-20T08:45:07+09:00,GBIKE,501338,44.0,36.5134,127.264994,12,세종특별시
2026-06-20T08:45:07+09:00,GBIKE,501118,42.0,36.513478,127.264287,12,세종특별시
2026-06-20T08:45:07+09:00,GBIKE,130097,47.0,36.51352,127.265626,12,세종특별시
2026-06-20T08:45:07+09:00,GBIKE,130817,38.0,36.51353,127.233221,12,세종특별시
2026-06-20T08:45:07+09:00,GBIKE,131609,60.0,36.513568,127.229415,12,세종특별시
2026-06-20T08:45:07+09:00,GBIKE,130868,96.0,36.513583,127.266356,12,세종특별시
2026-06-20T08:45:07+09:00,GBIKE,131065,40.0,36.513604,127.266355,12,세종특별시
2026-06-20T08:45:07+09:00,GBIKE,501244,99.0,36.513631,127.259466,12,세종특별시
2026-06-20T08:45:07+09:00,GBIKE,501235,65.0,36.513641,127.245778,12,세종특별시
2026-06-20T08:45:07+09:00,GBIKE,130720,44.0,36.513707,127.257753,12,세종특별시
2026-06-20T08:45:07+09:00,GBIKE,130851,57.0,36.513712,127.250337,12,세종특별시
2026-06-20T08:45:07+09:00,GBIKE,131308,64.0,36.513718,127.228623,12,세종특별시
2026-06-20T08:45:07+09:00,GBIKE,130642,73.0,36.513759,127.260766,12,세종특별시
2026-06-20T08:45:07+09:00,GBIKE,130412,45.0,36.51377,127.258508,12,세종특별시
2026-06-20T08:45:07+09:00,GBIKE,130648,100.0,36.513826,127.258946,12,세종특별시
2026-06-20T08:45:07+09:00,GBIKE,130474,78.0,36.513873,127.228899,12,세종특별시
2026-06-20T08:45:07+09:00,GBIKE,131608,97.0,36.514016,127.241739,12,세종특별시
2026-06-20T08:45:07+09:00,GBIKE,131689,70.0,36.514043,127.229384,12,세종특별시
2026-06-20T08:45:07+09:00,GBIKE,130025,73.0,36.514048,127.240849,12,세종특별시
2026-06-20T08:45:07+09:00,GBIKE,501579,65.0,36.514048,127.2458,12,세종특별시
2026-06-20T08:45:07+09:00,GBIKE,131545,95.0,36.514058,127.241734,12,세종특별시
2026-06-20T08:45:07+09:00,GBIKE,131852,95.0,36.514063,127.241716,12,세종특별시
2026-06-20T08:45:07+09:00,GBIKE,131479,41.0,36.514078,127.24173,12,세종특별시
2026-06-20T08:45:07+09:00,GBIKE,130245,71.0,36.514083,127.241725,12,세종특별시
2026-06-20T08:45:07+09:00,GBIKE,131710,91.0,36.514105,127.24173,12,세종특별시
2026-06-20T08:45:07+09:00,GBIKE,130516,98.0,36.514106,127.241728,12,세종특별시
2026-06-20T08:45:07+09:00,GBIKE,131431,49.0,36.514124,127.25881,12,세종특별시
2026-06-20T08:45:07+09:00,GBIKE,131341,47.0,36.514152,127.245753,12,세종특별시
2026-06-20T08:45:07+09:00,GBIKE,130274,93.0,36.514203,127.258944,12,세종특별시
2026-06-20T08:45:07+09:00,GBIKE,130253,100.0,36.514231,127.26292,12,세종특별시
2026-06-20T08:45:07+09:00,GBIKE,131586,83.0,36.514278,127.26289,12,세종특별시
2026-06-20T08:45:07+09:00,GBIKE,501222,100.0,36.514313,127.266437,12,세종특별시
2026-06-20T08:45:07+09:00,GBIKE,130450,61.0,36.514405,127.256526,12,세종특별시
2026-06-20T08:45:07+09:00,GBIKE,130564,96.0,36.514425,127.229503,12,세종특별시
2026-06-20T08:45:07+09:00,GBIKE,130689,63.0,36.514534,127.232395,12,세종특별시
2026-06-20T08:45:07+09:00,GBIKE,131755,81.0,36.514565,127.245853,12,세종특별시
2026-06-20T08:45:07+09:00,GBIKE,501359,46.0,36.514569,127.231613,12,세종특별시
2026-06-20T08:45:07+09:00,GBIKE,501147,44.0,36.514569,127.231678,12,세종특별시
2026-06-20T08:45:07+09:00,GBIKE,501541,86.0,36.514572,127.231628,12,세종특별시
2026-06-20T08:45:07+09:00,GBIKE,131670,92.0,36.514579,127.268062,12,세종특별시
2026-06-20T08:45:07+09:00,GBIKE,501379,36.0,36.514591,127.231635,12,세종특별시
2026-06-20T08:45:07+09:00,GBIKE,501444,34.0,36.5146,127.231634,12,세종특별시
2026-06-20T08:45:07+09:00,GBIKE,131504,96.0,36.514609,127.26789,12,세종특별시
2026-06-20T08:45:07+09:00,GBIKE,130778,47.0,36.514615,127.228648,12,세종특별시
2026-06-20T08:45:07+09:00,GBIKE,131220,53.0,36.514617,127.259257,12,세종특별시
2026-06-20T08:45:07+09:00,GBIKE,501398,87.0,36.514654,127.245642,12,세종특별시
2026-06-20T08:45:07+09:00,GBIKE,501526,62.0,36.514657,127.259205,12,세종특별시
2026-06-20T08:45:07+09:00,GBIKE,130295,30.0,36.514664,127.267882,12,세종특별시
2026-06-20T08:45:07+09:00,GBIKE,130343,82.0,36.514706,127.262884,12,세종특별시
2026-06-20T08:45:07+09:00,GBIKE,130420,68.0,36.514706,127.259191,12,세종특별시
2026-06-20T08:45:07+09:00,GBIKE,131804,39.0,36.514709,127.257871,12,세종특별시
2026-06-20T08:45:07+09:00,GBIKE,131049,73.0,36.514714,127.259201,12,세종특별시
2026-06-20T08:45:07+09:00,GBIKE,130629,45.0,36.514721,127.2592,12,세종특별시
2026-06-20T08:45:07+09:00,GBIKE,131907,100.0,36.514726,127.259203,12,세종특별시
2026-06-20T08:45:07+09:00,GBIKE,130624,98.0,36.514732,127.258804,12,세종특별시
2026-06-20T08:45:07+09:00,GBIKE,131294,76.0,36.514746,127.262841,12,세종특별시
2026-06-20T08:45:07+09:00,GBIKE,130805,85.0,36.514756,127.259231,12,세종특별시
2026-06-20T08:45:07+09:00,GBIKE,130430,42.0,36.514774,127.262857,12,세종특별시
2026-06-20T08:45:07+09:00,GBIKE,501417,53.0,36.514779,127.258816,12,세종특별시
2026-06-20T08:45:07+09:00,GBIKE,131779,71.0,36.514781,127.262842,12,세종특별시
2026-06-20T08:45:07+09:00,GBIKE,130889,96.0,36.514801,127.262845,12,세종특별시
2026-06-20T08:45:07+09:00,GBIKE,131445,95.0,36.514806,127.25849,12,세종특별시
2026-06-20T08:45:07+09:00,GBIKE,131781,88.0,36.51481,127.262754,12,세종특별시
2026-06-20T08:45:07+09:00,GBIKE,131184,52.0,36.51483,127.258564,12,세종특별시
2026-06-20T08:45:07+09:00,GBIKE,130963,88.0,36.514832,127.228719,12,세종특별시
2026-06-20T08:45:07+09:00,GBIKE,131368,96.0,36.514842,127.257429,12,세종특별시
2026-06-20T08:45:07+09:00,GBIKE,130433,36.0,36.514851,127.258502,12,세종특별시
2026-06-20T08:45:07+09:00,GBIKE,501586,39.0,36.514853,127.229945,12,세종특별시
2026-06-20T08:45:07+09:00,GBIKE,501288,57.0,36.514875,127.259358,12,세종특별시
2026-06-20T08:45:07+09:00,GBIKE,130037,55.0,36.514897,127.257984,12,세종특별시
2026-06-20T08:45:07+09:00,GBIKE,131105,54.0,36.514897,127.229375,12,세종특별시
2026-06-20T08:45:07+09:00,GBIKE,131654,54.0,36.514904,127.25573,12,세종특별시
2026-06-20T08:45:07+09:00,GBIKE,131840,89.0,36.514906,127.258532,12,세종특별시
2026-06-20T08:45:07+09:00,GBIKE,501536,54.0,36.514916,127.256127,12,세종특별시
2026-06-20T08:45:07+09:00,GBIKE,130622,50.0,36.514961,127.257459,12,세종특별시
2026-06-20T08:45:07+09:00,GBIKE,501215,47.0,36.514986,127.259227,12,세종특별시
2026-06-20T08:45:07+09:00,GBIKE,501402,76.0,36.514988,127.259221,12,세종특별시
2026-06-20T08:45:07+09:00,GBIKE,501214,93.0,36.514998,127.259215,12,세종특별시
2026-06-20T08:45:07+09:00,GBIKE,501537,95.0,36.515009,127.259211,12,세종특별시
2026-06-20T08:45:07+09:00,GBIKE,131180,76.0,36.51502,127.257423,12,세종특별시
2026-06-20T08:45:07+09:00,GBIKE,131580,32.0,36.51508,127.266173,12,세종특별시
2026-06-20T08:45:07+09:00,GBIKE,130910,32.0,36.515176,127.258921,12,세종특별시
2026-06-20T08:45:07+09:00,GBIKE,131113,62.0,36.51522,127.258783,12,세종특별시
2026-06-20T08:45:07+09:00,GBIKE,501318,100.0,36.515232,127.258794,12,세종특별시
2026-06-20T08:45:07+09:00,GBIKE,130895,39.0,36.515247,127.258676,12,세종특별시
2026-06-20T08:45:07+09:00,GBIKE,131138,100.0,36.515453,127.251131,12,세종특별시
2026-06-20T08:45:07+09:00,GBIKE,501572,71.0,36.515493,127.255841,12,세종특별시
2026-06-20T08:45:07+09:00,GBIKE,131318,78.0,36.515539,127.258666,12,세종특별시
2026-06-20T08:45:07+09:00,GBIKE,130387,81.0,36.515582,127.255876,12,세종특별시
2026-06-20T08:45:07+09:00,GBIKE,130964,100.0,36.515702,127.24544,12,세종특별시
2026-06-20T08:45:07+09:00,GBIKE,130439,75.0,36.515763,127.241404,12,세종특별시
2026-06-20T08:45:07+09:00,GBIKE,131279,41.0,36.515774,127.258769,12,세종특별시
2026-06-20T08:45:07+09:00,GBIKE,130051,34.0,36.515789,127.255802,12,세종특별시
2026-06-20T08:45:07+09:00,GBIKE,130810,86.0,36.515796,127.258689,12,세종특별시
2026-06-20T08:45:07+09:00,GBIKE,131123,53.0,36.515832,127.261613,12,세종특별시
2026-06-20T08:45:07+09:00,GBIKE,131433,95.0,36.515852,127.265422,12,세종특별시
2026-06-20T08:45:07+09:00,GBIKE,130292,96.0,36.515881,127.265391,12,세종특별시
2026-06-20T08:45:07+09:00,GBIKE,501153,73.0,36.515899,127.251055,12,세종특별시
2026-06-20T08:45:07+09:00,GBIKE,131914,71.0,36.515901,127.264824,12,세종특별시
2026-06-20T08:45:07+09:00,GBIKE,131074,88.0,36.515934,127.264528,12,세종특별시
2026-06-20T08:45:07+09:00,GBIKE,130218,97.0,36.515936,127.264492,12,세종특별시
2026-06-20T08:45:07+09:00,GBIKE,131766,44.0,36.515974,127.262796,12,세종특별시
2026-06-20T08:45:07+09:00,GBIKE,131632,68.0,36.51603,127.245644,12,세종특별시
2026-06-20T08:45:07+09:00,GBIKE,131382,87.0,36.516081,127.26447,12,세종특별시
2026-06-20T08:45:07+09:00,GBIKE,130878,96.0,36.516106,127.258469,12,세종특별시
2026-06-20T08:45:07+09:00,GBIKE,130911,82.0,36.51611,127.264162,12,세종특별시
2026-06-20T08:45:07+09:00,GBIKE,131622,100.0,36.516117,127.265182,12,세종특별시
2026-06-20T08:45:07+09:00,GBIKE,131185,70.0,36.516133,127.258258,12,세종특별시
2026-06-20T08:45:07+09:00,GBIKE,130317,96.0,36.516137,127.264137,12,세종특별시
2026-06-20T08:45:07+09:00,GBIKE,131967,93.0,36.51617,127.256444,12,세종특별시
2026-06-20T08:45:07+09:00,GBIKE,131874,54.0,36.516174,127.262196,12,세종특별시
2026-06-20T08:45:07+09:00,GBIKE,130521,59.0,36.516183,127.262886,12,세종특별시
2026-06-20T08:45:07+09:00,GBIKE,130610,96.0,36.516251,127.258469,12,세종특별시
2026-06-20T08:45:07+09:00,GBIKE,131142,34.0,36.5163,127.257853,12,세종특별시
2026-06-20T08:45:07+09:00,GBIKE,130336,83.0,36.516305,127.257878,12,세종특별시
2026-06-20T08:45:07+09:00,GBIKE,501531,58.0,36.51633,127.25932,12,세종특별시
2026-06-20T08:45:07+09:00,GBIKE,131549,72.0,36.516338,127.257836,12,세종특별시
2026-06-20T08:45:07+09:00,GBIKE,130645,30.0,36.516342,127.258714,12,세종특별시
2026-06-20T08:45:07+09:00,GBIKE,501455,73.0,36.516345,127.259293,12,세종특별시
2026-06-20T08:45:07+09:00,GBIKE,131596,74.0,36.516406,127.241439,12,세종특별시
2026-06-20T08:45:07+09:00,GBIKE,501249,78.0,36.516407,127.258703,12,세종특별시
2026-06-20T08:45:07+09:00,GBIKE,130547,71.0,36.516419,127.24566,12,세종특별시
2026-06-20T08:45:07+09:00,GBIKE,501590,97.0,36.516431,127.251615,12,세종특별시
2026-06-20T08:45:07+09:00,GBIKE,130604,63.0,36.516434,127.258804,12,세종특별시
2026-06-20T08:45:07+09:00,GBIKE,501515,45.0,36.516436,127.251543,12,세종특별시
2026-06-20T08:45:07+09:00,GBIKE,131109,37.0,36.516444,127.241697,12,세종특별시
2026-06-20T08:45:07+09:00,GBIKE,131500,63.0,36.516498,127.228844,12,세종특별시
2026-06-20T08:45:07+09:00,GBIKE,131369,95.0,36.516577,127.25157,12,세종특별시
2026-06-20T08:45:07+09:00,GBIKE,131862,82.0,36.516637,127.251335,12,세종특별시
2026-06-20T08:45:07+09:00,GBIKE,131555,43.0,36.51666,127.262212,12,세종특별시
2026-06-20T08:45:07+09:00,GBIKE,131948,43.0,36.516661,127.251351,12,세종특별시
2026-06-20T08:45:07+09:00,GBIKE,131306,95.0,36.516688,127.262177,12,세종특별시
2026-06-20T08:45:07+09:00,GBIKE,130979,63.0,36.516772,127.256116,12,세종특별시
2026-06-20T08:45:07+09:00,GBIKE,130442,71.0,36.516779,127.229054,12,세종특별시
2026-06-20T08:45:07+09:00,GBIKE,131442,38.0,36.516859,127.244302,12,세종특별시
2026-06-20T08:45:07+09:00,GBIKE,131943,66.0,36.516892,127.249464,12,세종특별시
2026-06-20T08:45:07+09:00,GBIKE,131292,62.0,36.516975,127.259288,12,세종특별시
2026-06-20T08:45:07+09:00,GBIKE,130327,72.0,36.517236,127.237503,12,세종특별시
2026-06-20T08:45:07+09:00,GBIKE,501497,61.0,36.517237,127.237214,12,세종특별시
2026-06-20T08:45:07+09:00,GBIKE,358231,30.0,36.51742,127.23707,12,세종특별시
2026-06-20T08:45:07+09:00,GBIKE,130186,72.0,36.517576,127.240944,12,세종특별시
2026-06-20T08:45:07+09:00,GBIKE,130185,74.0,36.517598,127.229224,12,세종특별시
2026-06-20T08:45:07+09:00,GBIKE,131023,85.0,36.517605,127.240832,12,세종특별시
2026-06-20T08:45:07+09:00,GBIKE,131116,65.0,36.517782,127.236981,12,세종특별시
2026-06-20T08:45:07+09:00,GBIKE,131297,88.0,36.517784,127.25221,12,세종특별시
2026-06-20T08:45:07+09:00,GBIKE,501485,79.0,36.517811,127.245538,12,세종특별시
2026-06-20T08:45:07+09:00,GBIKE,130046,78.0,36.517813,127.258773,12,세종특별시
2026-06-20T08:45:07+09:00,GBIKE,130191,92.0,36.517814,127.235319,12,세종특별시
2026-06-20T08:45:07+09:00,GBIKE,131739,34.0,36.517827,127.25875,12,세종특별시
2026-06-20T08:45:07+09:00,GBIKE,131989,96.0,36.517838,127.252207,12,세종특별시
2026-06-20T08:45:07+09:00,GBIKE,131410,70.0,36.517848,127.251899,12,세종특별시
2026-06-20T08:45:07+09:00,GBIKE,130536,87.0,36.517881,127.243405,12,세종특별시
2026-06-20T08:45:07+09:00,GBIKE,131633,85.0,36.517881,127.261598,12,세종특별시
2026-06-20T08:45:07+09:00,GBIKE,130949,74.0,36.517883,127.229637,12,세종특별시
2026-06-20T08:45:07+09:00,GBIKE,130972,67.0,36.517923,127.234688,12,세종특별시
2026-06-20T08:45:07+09:00,GBIKE,130528,100.0,36.517929,127.261892,12,세종특별시
2026-06-20T08:45:07+09:00,GBIKE,131996,82.0,36.517997,127.252167,12,세종특별시
2026-06-20T08:45:07+09:00,GBIKE,131913,32.0,36.518004,127.234988,12,세종특별시
2026-06-20T08:45:07+09:00,GBIKE,131627,95.0,36.51803,127.252052,12,세종특별시
2026-06-20T08:45:07+09:00,GBIKE,130346,95.0,36.518045,127.252035,12,세종특별시
2026-06-20T08:45:07+09:00,GBIKE,130734,93.0,36.518046,127.252034,12,세종특별시
2026-06-20T08:45:07+09:00,GBIKE,130509,84.0,36.518048,127.252,12,세종특별시
2026-06-20T08:45:07+09:00,GBIKE,131126,72.0,36.518049,127.252042,12,세종특별시
2026-06-20T08:45:07+09:00,GBIKE,130188,100.0,36.518051,127.25201,12,세종특별시
2026-06-20T08:45:07+09:00,GBIKE,130124,99.0,36.518057,127.251908,12,세종특별시
2026-06-20T08:45:07+09:00,GBIKE,131809,96.0,36.518094,127.252063,12,세종특별시
2026-06-20T08:45:07+09:00,GBIKE,131420,95.0,36.518124,127.234935,12,세종특별시
2026-06-20T08:45:07+09:00,GBIKE,131896,36.0,36.518127,127.263703,12,세종특별시
2026-06-20T08:45:07+09:00,GBIKE,131919,40.0,36.518163,127.261802,12,세종특별시
2026-06-20T08:45:07+09:00,GBIKE,131124,35.0,36.51823,127.241347,12,세종특별시
2026-06-20T08:45:07+09:00,GBIKE,131077,86.0,36.51828,127.25211,12,세종특별시
2026-06-20T08:45:07+09:00,GBIKE,131120,47.0,36.518435,127.241782,12,세종특별시
2026-06-20T08:45:07+09:00,GBIKE,131856,96.0,36.518548,127.241974,12,세종특별시
2026-06-20T08:45:07+09:00,GBIKE,131078,55.0,36.518568,127.235,12,세종특별시
2026-06-20T08:45:07+09:00,GBIKE,131272,43.0,36.518673,127.234833,12,세종특별시
2026-06-20T08:45:07+09:00,GBIKE,130318,84.0,36.518703,127.235364,12,세종특별시
2026-06-20T08:45:07+09:00,GBIKE,130977,44.0,36.518704,127.235498,12,세종특별시
2026-06-20T08:45:07+09:00,GBIKE,501352,69.0,36.518723,127.256282,12,세종특별시
2026-06-20T08:45:07+09:00,GBIKE,358227,99.0,36.518761,127.245071,12,세종특별시
2026-06-20T08:45:07+09:00,GBIKE,131618,81.0,36.518781,127.235524,12,세종특별시
2026-06-20T08:45:07+09:00,GBIKE,501355,31.0,36.518793,127.244514,12,세종특별시
2026-06-20T08:45:07+09:00,GBIKE,130424,35.0,36.518813,127.234729,12,세종특별시
2026-06-20T08:45:07+09:00,GBIKE,501300,43.0,36.518834,127.23788,12,세종특별시
2026-06-20T08:45:07+09:00,GBIKE,131268,38.0,36.518864,127.241708,12,세종특별시
2026-06-20T08:45:07+09:00,GBIKE,131475,36.0,36.518883,127.235484,12,세종특별시
2026-06-20T08:45:07+09:00,GBIKE,131239,83.0,36.518915,127.245146,12,세종특별시
2026-06-20T08:45:07+09:00,GBIKE,131588,77.0,36.518921,127.235815,12,세종특별시
2026-06-20T08:45:07+09:00,GBIKE,131193,78.0,36.518927,127.23577,12,세종특별시
2026-06-20T08:45:07+09:00,GBIKE,501291,39.0,36.518991,127.245799,12,세종특별시
2026-06-20T08:45:07+09:00,GBIKE,130110,64.0,36.519008,127.234613,12,세종특별시
2026-06-20T08:45:07+09:00,GBIKE,131597,94.0,36.519059,127.236021,12,세종특별시
2026-06-20T08:45:07+09:00,GBIKE,130553,89.0,36.519104,127.23598,12,세종특별시
2026-06-20T08:45:07+09:00,GBIKE,130392,100.0,36.519144,127.249868,12,세종특별시
2026-06-20T08:45:07+09:00,GBIKE,131191,80.0,36.51918,127.235785,12,세종특별시
2026-06-20T08:45:07+09:00,GBIKE,131166,64.0,36.519202,127.236524,12,세종특별시
2026-06-20T08:45:07+09:00,GBIKE,501117,88.0,36.519208,127.234528,12,세종특별시
2026-06-20T08:45:07+09:00,GBIKE,131763,71.0,36.519213,127.236278,12,세종특별시
2026-06-20T08:45:07+09:00,GBIKE,130502,34.0,36.51925,127.251531,12,세종특별시
2026-06-20T08:45:07+09:00,GBIKE,130747,40.0,36.51926,127.234268,12,세종특별시
2026-06-20T08:45:07+09:00,GBIKE,130223,32.0,36.519399,127.235827,12,세종특별시
2026-06-20T08:45:07+09:00,GBIKE,130491,80.0,36.519404,127.233902,12,세종특별시
2026-06-20T08:45:07+09:00,GBIKE,130378,90.0,36.519406,127.253114,12,세종특별시
2026-06-20T08:45:07+09:00,GBIKE,131918,53.0,36.519443,127.252673,12,세종특별시
2026-06-20T08:45:07+09:00,GBIKE,130606,89.0,36.519448,127.252796,12,세종특별시
2026-06-20T08:45:07+09:00,GBIKE,130632,73.0,36.519463,127.234119,12,세종특별시
2026-06-20T08:45:07+09:00,GBIKE,131418,100.0,36.519464,127.252545,12,세종특별시
2026-06-20T08:45:07+09:00,GBIKE,131685,87.0,36.519509,127.236887,12,세종특별시
2026-06-20T08:45:07+09:00,GBIKE,130070,63.0,36.519518,127.234081,12,세종특별시
2026-06-20T08:45:07+09:00,GBIKE,501287,30.0,36.519544,127.234748,12,세종특별시
2026-06-20T08:45:07+09:00,GBIKE,131339,95.0,36.519632,127.252662,12,세종특별시
2026-06-20T08:45:07+09:00,GBIKE,130520,98.0,36.51967,127.252593,12,세종특별시
2026-06-20T08:45:07+09:00,GBIKE,130623,93.0,36.519732,127.241712,12,세종특별시
2026-06-20T08:45:07+09:00,GBIKE,131287,94.0,36.519747,127.235635,12,세종특별시
2026-06-20T08:45:07+09:00,GBIKE,130357,48.0,36.51976,127.241677,12,세종특별시
2026-06-20T08:45:07+09:00,GBIKE,130658,38.0,36.519766,127.241746,12,세종특별시
2026-06-20T08:45:07+09:00,GBIKE,130322,36.0,36.519845,127.235758,12,세종특별시
2026-06-20T08:45:07+09:00,GBIKE,131759,96.0,36.519908,127.235726,12,세종특별시
2026-06-20T08:45:07+09:00,GBIKE,130476,91.0,36.519911,127.235793,12,세종특별시
2026-06-20T08:45:07+09:00,GBIKE,131004,74.0,36.520041,127.229337,12,세종특별시
2026-06-20T08:45:07+09:00,GBIKE,130869,71.0,36.520058,127.236911,12,세종특별시
2026-06-20T08:45:07+09:00,GBIKE,130939,51.0,36.520068,127.23441,12,세종특별시
2026-06-20T08:45:07+09:00,GBIKE,130620,58.0,36.520164,127.234257,12,세종특별시
2026-06-20T08:45:07+09:00,GBIKE,501193,93.0,36.520185,127.236122,12,세종특별시
2026-06-20T08:45:07+09:00,GBIKE,131516,95.0,36.52077,127.233357,12,세종특별시
2026-06-20T08:45:07+09:00,GBIKE,130678,84.0,36.520795,127.259318,12,세종특별시
2026-06-20T08:45:07+09:00,GBIKE,131053,82.0,36.521065,127.233165,12,세종특별시
2026-06-20T08:45:07+09:00,GBIKE,501110,76.0,36.521068,127.262172,12,세종특별시
2026-06-20T08:45:07+09:00,GBIKE,501143,89.0,36.52109,127.26214,12,세종특별시
2026-06-20T08:45:07+09:00,GBIKE,501453,92.0,36.52109,127.262155,12,세종특별시
2026-06-20T08:45:07+09:00,GBIKE,130340,77.0,36.521102,127.233168,12,세종특별시
2026-06-20T08:45:07+09:00,GBIKE,131965,76.0,36.521206,127.247562,12,세종특별시
2026-06-20T08:45:07+09:00,GBIKE,131721,47.0,36.521211,127.247535,12,세종특별시
2026-06-20T08:45:07+09:00,GBIKE,131511,96.0,36.521285,127.232956,12,세종특별시
2026-06-20T08:45:07+09:00,GBIKE,130569,96.0,36.521318,127.232907,12,세종특별시
2026-06-20T08:45:07+09:00,GBIKE,501589,31.0,36.521475,127.236317,12,세종특별시
2026-06-20T08:45:07+09:00,GBIKE,130465,85.0,36.521484,127.232827,12,세종특별시
2026-06-20T08:45:07+09:00,GBIKE,131827,47.0,36.521494,127.253421,12,세종특별시
2026-06-20T08:45:07+09:00,GBIKE,131159,37.0,36.521659,127.233792,12,세종특별시
2026-06-20T08:45:07+09:00,GBIKE,131095,34.0,36.52167,127.233832,12,세종특별시
2026-06-20T08:45:07+09:00,GBIKE,130182,72.0,36.521693,127.249407,12,세종특별시
2026-06-20T08:45:07+09:00,GBIKE,130431,49.0,36.521714,127.233386,12,세종특별시
2026-06-20T08:45:07+09:00,GBIKE,131122,63.0,36.521725,127.233339,12,세종특별시
2026-06-20T08:45:07+09:00,GBIKE,130217,53.0,36.521751,127.233428,12,세종특별시
2026-06-20T08:45:07+09:00,GBIKE,130111,34.0,36.521771,127.233351,12,세종특별시
2026-06-20T08:45:07+09:00,GBIKE,130054,34.0,36.521796,127.234136,12,세종특별시
2026-06-20T08:45:07+09:00,GBIKE,130888,42.0,36.521899,127.248419,12,세종특별시
2026-06-20T08:45:07+09:00,GBIKE,130463,58.0,36.521949,127.234406,12,세종특별시
2026-06-20T08:45:07+09:00,GBIKE,501233,89.0,36.521979,127.248928,12,세종특별시
2026-06-20T08:45:07+09:00,GBIKE,501256,41.0,36.521985,127.234462,12,세종특별시
2026-06-20T08:45:07+09:00,GBIKE,130580,84.0,36.522089,127.234254,12,세종특별시
2026-06-20T08:45:07+09:00,GBIKE,131928,53.0,36.522134,127.234763,12,세종특별시
2026-06-20T08:45:07+09:00,GBIKE,131186,59.0,36.522159,127.234799,12,세종특별시
2026-06-20T08:45:07+09:00,GBIKE,131153,64.0,36.522173,127.234225,12,세종특별시
2026-06-20T08:45:07+09:00,GBIKE,501343,53.0,36.522428,127.23249,12,세종특별시
2026-06-20T08:45:07+09:00,GBIKE,131395,68.0,36.522519,127.2324,12,세종특별시
2026-06-20T08:45:07+09:00,GBIKE,501158,51.0,36.522522,127.232426,12,세종특별시
2026-06-20T08:45:07+09:00,GBIKE,501385,90.0,36.522546,127.232393,12,세종특별시
2026-06-20T08:45:07+09:00,GBIKE,130144,48.0,36.522571,127.232357,12,세종특별시
2026-06-20T08:45:07+09:00,GBIKE,131125,71.0,36.52258,127.232376,12,세종특별시
2026-06-20T08:45:07+09:00,GBIKE,501294,62.0,36.522588,127.232391,12,세종특별시
2026-06-20T08:45:07+09:00,GBIKE,131402,87.0,36.522594,127.232327,12,세종특별시
2026-06-20T08:45:07+09:00,GBIKE,130040,82.0,36.522607,127.232342,12,세종특별시
2026-06-20T08:45:07+09:00,GBIKE,130115,94.0,36.52261,127.232338,12,세종특별시
2026-06-20T08:45:07+09:00,GBIKE,131543,42.0,36.523379,127.279217,12,세종특별시
2026-06-20T08:45:07+09:00,GBIKE,130560,100.0,36.523701,127.277155,12,세종특별시
2026-06-20T08:45:07+09:00,GBIKE,131205,35.0,36.524201,127.277385,12,세종특별시
2026-06-20T08:45:07+09:00,GBIKE,131484,61.0,36.524234,127.27738,12,세종특별시
2026-06-20T08:45:07+09:00,GBIKE,130432,41.0,36.524244,127.277323,12,세종특별시
2026-06-20T08:45:07+09:00,GBIKE,130820,67.0,36.524676,127.263104,12,세종특별시
2026-06-20T08:45:07+09:00,GBIKE,130056,99.0,36.525015,127.265189,12,세종특별시
2026-06-20T08:45:07+09:00,GBIKE,131430,82.0,36.525087,127.26161,12,세종특별시
2026-06-20T08:45:07+09:00,GBIKE,131226,31.0,36.525095,127.26159,12,세종특별시
2026-06-20T08:45:07+09:00,GBIKE,130084,42.0,36.525914,127.263404,12,세종특별시
2026-06-20T08:45:07+09:00,GBIKE,131616,68.0,36.525965,127.263413,12,세종특별시
2026-06-20T08:45:07+09:00,GBIKE,131466,38.0,36.526682,127.262628,12,세종특별시
2026-06-20T08:45:07+09:00,GBIKE,131103,63.0,36.526707,127.262661,12,세종특별시
2026-06-20T08:45:07+09:00,GBIKE,131912,57.0,36.526843,127.263305,12,세종특별시
2026-06-20T08:45:07+09:00,GBIKE,130448,42.0,36.526939,127.262661,12,세종특별시
2026-06-20T08:45:07+09:00,GBIKE,131143,77.0,36.527082,127.261594,12,세종특별시
2026-06-20T08:45:07+09:00,GBIKE,131730,33.0,36.527085,127.269657,12,세종특별시
2026-06-20T08:45:07+09:00,GBIKE,130932,44.0,36.527249,127.249425,12,세종특별시
2026-06-20T08:45:07+09:00,GBIKE,131642,77.0,36.527469,127.263102,12,세종특별시
2026-06-20T08:45:07+09:00,GBIKE,131401,53.0,36.527721,127.267425,12,세종특별시
2026-06-20T08:45:07+09:00,GBIKE,130365,96.0,36.5281,127.264547,12,세종특별시
2026-06-20T08:45:07+09:00,GBIKE,501439,78.0,36.528237,127.267662,12,세종특별시
2026-06-20T08:45:07+09:00,GBIKE,130999,80.0,36.528342,127.248345,12,세종특별시
2026-06-20T08:45:07+09:00,GBIKE,130447,84.0,36.528514,127.263994,12,세종특별시
2026-06-20T08:45:07+09:00,GBIKE,130290,45.0,36.528537,127.263925,12,세종특별시
2026-06-20T08:45:07+09:00,GBIKE,130101,42.0,36.52855,127.263943,12,세종특별시
2026-06-20T08:45:07+09:00,GBIKE,130255,41.0,36.528691,127.264763,12,세종특별시
2026-06-20T08:45:07+09:00,GBIKE,130189,54.0,36.528727,127.263743,12,세종특별시
2026-06-20T08:45:07+09:00,GBIKE,131723,62.0,36.528785,127.265035,12,세종특별시
2026-06-20T08:45:07+09:00,GBIKE,131757,78.0,36.528913,127.264355,12,세종특별시
2026-06-20T08:45:07+09:00,GBIKE,131281,100.0,36.528958,127.263902,12,세종특별시
2026-06-20T08:45:07+09:00,GBIKE,131733,100.0,36.529144,127.265432,12,세종특별시
2026-06-20T08:45:07+09:00,GBIKE,130671,34.0,36.529266,127.264733,12,세종특별시
2026-06-20T08:45:07+09:00,GBIKE,130325,33.0,36.529319,127.264264,12,세종특별시
2026-06-20T08:45:07+09:00,GBIKE,131460,30.0,36.52937,127.264501,12,세종특별시
2026-06-20T08:45:07+09:00,GBIKE,131553,96.0,36.52941,127.264158,12,세종특별시
2026-06-20T08:45:07+09:00,GBIKE,131253,100.0,36.529522,127.266323,12,세종특별시
2026-06-20T08:45:07+09:00,GBIKE,501155,34.0,36.529534,127.264345,12,세종특별시
2026-06-20T08:45:07+09:00,GBIKE,131262,73.0,36.529535,127.26788,12,세종특별시
2026-06-20T08:45:07+09:00,GBIKE,501156,100.0,36.529541,127.264318,12,세종특별시
2026-06-20T08:45:07+09:00,GBIKE,131584,100.0,36.529594,127.268008,12,세종특별시
2026-06-20T08:45:07+09:00,GBIKE,130803,79.0,36.529743,127.255153,12,세종특별시
2026-06-20T08:45:07+09:00,GBIKE,131212,66.0,36.529762,127.254972,12,세종특별시
2026-06-20T08:45:07+09:00,GBIKE,131010,81.0,36.529768,127.255224,12,세종특별시
2026-06-20T08:45:07+09:00,GBIKE,131929,68.0,36.529768,127.255132,12,세종특별시
2026-06-20T08:45:07+09:00,GBIKE,130764,53.0,36.529774,127.254969,12,세종특별시
2026-06-20T08:45:07+09:00,GBIKE,130753,100.0,36.529779,127.254875,12,세종특별시
2026-06-20T08:45:07+09:00,GBIKE,131044,80.0,36.529779,127.254896,12,세종특별시
2026-06-20T08:45:07+09:00,GBIKE,131582,45.0,36.52978,127.254909,12,세종특별시
2026-06-20T08:45:07+09:00,GBIKE,130142,70.0,36.529781,127.254925,12,세종특별시
2026-06-20T08:45:07+09:00,GBIKE,131957,32.0,36.529785,127.254943,12,세종특별시
2026-06-20T08:45:07+09:00,GBIKE,131291,100.0,36.529791,127.254923,12,세종특별시
2026-06-20T08:45:07+09:00,GBIKE,130506,100.0,36.529792,127.254958,12,세종특별시
2026-06-20T08:45:07+09:00,GBIKE,131394,100.0,36.529792,127.254945,12,세종특별시
2026-06-20T08:45:07+09:00,GBIKE,130105,60.0,36.529793,127.25504,12,세종특별시
2026-06-20T08:45:07+09:00,GBIKE,131938,49.0,36.529796,127.25517,12,세종특별시
2026-06-20T08:45:07+09:00,GBIKE,130262,43.0,36.529805,127.254854,12,세종특별시
2026-06-20T08:45:07+09:00,GBIKE,131426,49.0,36.529807,127.254896,12,세종특별시
2026-06-20T08:45:07+09:00,GBIKE,501281,84.0,36.52982,127.256023,12,세종특별시
2026-06-20T08:45:07+09:00,GBIKE,131489,36.0,36.529828,127.256043,12,세종특별시
2026-06-20T08:45:07+09:00,GBIKE,130216,31.0,36.529849,127.260314,12,세종특별시
2026-06-20T08:45:07+09:00,GBIKE,130464,50.0,36.529967,127.258477,12,세종특별시
2026-06-20T08:45:07+09:00,GBIKE,501326,35.0,36.530043,127.258893,12,세종특별시
2026-06-20T08:45:07+09:00,GBIKE,130582,96.0,36.530125,127.258624,12,세종특별시
2026-06-20T08:45:07+09:00,GBIKE,130309,30.0,36.530158,127.258555,12,세종특별시
2026-06-20T08:45:07+09:00,GBIKE,501488,63.0,36.530176,127.267354,12,세종특별시
2026-06-20T08:45:07+09:00,GBIKE,130833,50.0,36.530212,127.266751,12,세종특별시
2026-06-20T08:45:07+09:00,GBIKE,131930,30.0,36.53045,127.254902,12,세종특별시
2026-06-20T08:45:07+09:00,GBIKE,130613,30.0,36.530451,127.266228,12,세종특별시
2026-06-20T08:45:07+09:00,GBIKE,131769,62.0,36.530461,127.254877,12,세종특별시
2026-06-20T08:45:07+09:00,GBIKE,130806,47.0,36.530465,127.254861,12,세종특별시
2026-06-20T08:45:07+09:00,GBIKE,130907,100.0,36.530472,127.25735,12,세종특별시
2026-06-20T08:45:07+09:00,GBIKE,501388,96.0,36.530516,127.265663,12,세종특별시
2026-06-20T08:45:07+09:00,GBIKE,130660,45.0,36.530517,127.254947,12,세종특별시
2026-06-20T08:45:07+09:00,GBIKE,130028,100.0,36.53055,127.253895,12,세종특별시
2026-06-20T08:45:07+09:00,GBIKE,131170,100.0,36.530566,127.264762,12,세종특별시
2026-06-20T08:45:07+09:00,GBIKE,131163,55.0,36.530604,127.2667,12,세종특별시
2026-06-20T08:45:07+09:00,GBIKE,131958,67.0,36.530627,127.256865,12,세종특별시
2026-06-20T08:45:07+09:00,GBIKE,131658,42.0,36.530702,127.254576,12,세종특별시
2026-06-20T08:45:07+09:00,GBIKE,130684,30.0,36.530757,127.262284,12,세종특별시
2026-06-20T08:45:07+09:00,GBIKE,131372,49.0,36.530785,127.25373,12,세종특별시
2026-06-20T08:45:07+09:00,GBIKE,501500,42.0,36.530814,127.268871,12,세종특별시
2026-06-20T08:45:07+09:00,GBIKE,130088,100.0,36.530861,127.26883,12,세종특별시
2026-06-20T08:45:07+09:00,GBIKE,130585,100.0,36.530872,127.25355,12,세종특별시
2026-06-20T08:45:07+09:00,GBIKE,131446,71.0,36.530878,127.262501,12,세종특별시
2026-06-20T08:45:07+09:00,GBIKE,130513,46.0,36.530904,127.253554,12,세종특별시
2026-06-20T08:45:07+09:00,GBIKE,130316,96.0,36.530909,127.253091,12,세종특별시
2026-06-20T08:45:07+09:00,GBIKE,130770,100.0,36.530909,127.253097,12,세종특별시
2026-06-20T08:45:07+09:00,GBIKE,131592,45.0,36.53091,127.253099,12,세종특별시
2026-06-20T08:45:07+09:00,GBIKE,130297,65.0,36.530917,127.253542,12,세종특별시
2026-06-20T08:45:07+09:00,GBIKE,131522,70.0,36.530918,127.262461,12,세종특별시
2026-06-20T08:45:07+09:00,GBIKE,130586,100.0,36.530948,127.253552,12,세종특별시
2026-06-20T08:45:07+09:00,GBIKE,130823,82.0,36.530952,127.253553,12,세종특별시
2026-06-20T08:45:07+09:00,GBIKE,131021,100.0,36.530964,127.259346,12,세종특별시
2026-06-20T08:45:07+09:00,GBIKE,130843,41.0,36.530984,127.259161,12,세종특별시
2026-06-20T08:45:07+09:00,GBIKE,343326,35.0,36.531011,127.259373,12,세종특별시
2026-06-20T08:45:07+09:00,GBIKE,130890,67.0,36.531037,127.25362,12,세종특별시
2026-06-20T08:45:07+09:00,GBIKE,131029,64.0,36.531082,127.254043,12,세종특별시
2026-06-20T08:45:07+09:00,GBIKE,501550,100.0,36.53109,127.266386,12,세종특별시
2026-06-20T08:45:07+09:00,GBIKE,130690,60.0,36.531095,127.245813,12,세종특별시
2026-06-20T08:45:07+09:00,GBIKE,131927,54.0,36.531112,127.265741,12,세종특별시
2026-06-20T08:45:07+09:00,GBIKE,131245,64.0,36.531117,127.253979,12,세종특별시
2026-06-20T08:45:07+09:00,GBIKE,131391,63.0,36.531138,127.245749,12,세종특별시
2026-06-20T08:45:07+09:00,GBIKE,130457,30.0,36.531189,127.253969,12,세종특별시
2026-06-20T08:45:07+09:00,GBIKE,131499,100.0,36.531244,127.259491,12,세종특별시
2026-06-20T08:45:07+09:00,GBIKE,130641,39.0,36.53129,127.254003,12,세종특별시
2026-06-20T08:45:07+09:00,GBIKE,130882,68.0,36.531306,127.254014,12,세종특별시
2026-06-20T08:45:07+09:00,GBIKE,131437,48.0,36.531306,127.254064,12,세종특별시
2026-06-20T08:45:07+09:00,GBIKE,131601,100.0,36.531442,127.265464,12,세종특별시
2026-06-20T08:45:07+09:00,GBIKE,131413,30.0,36.531501,127.265552,12,세종특별시
2026-06-20T08:45:07+09:00,GBIKE,130667,57.0,36.531716,127.264777,12,세종특별시
2026-06-20T08:45:07+09:00,GBIKE,130767,74.0,36.531809,127.265751,12,세종특별시
2026-06-20T08:45:07+09:00,GBIKE,131061,65.0,36.531824,127.255497,12,세종특별시
2026-06-20T08:45:07+09:00,GBIKE,131493,66.0,36.53187,127.264146,12,세종특별시
2026-06-20T08:45:07+09:00,GBIKE,130201,100.0,36.53191,127.265648,12,세종특별시
2026-06-20T08:45:07+09:00,GBIKE,131676,30.0,36.531917,127.268667,12,세종특별시
2026-06-20T08:45:07+09:00,GBIKE,130312,100.0,36.532083,127.265606,12,세종특별시
2026-06-20T08:45:07+09:00,GBIKE,130802,30.0,36.532514,127.265184,12,세종특별시
2026-06-20T08:45:07+09:00,GBIKE,501240,30.0,36.532582,127.257046,12,세종특별시
2026-06-20T08:45:07+09:00,GBIKE,131981,30.0,36.532646,127.267189,12,세종특별시
2026-06-20T08:45:07+09:00,GBIKE,131383,98.0,36.532717,127.265158,12,세종특별시
2026-06-20T08:45:07+09:00,GBIKE,130774,54.0,36.533081,127.266179,12,세종특별시
2026-06-20T08:45:07+09:00,GBIKE,130754,95.0,36.533545,127.266256,12,세종특별시
2026-06-20T08:45:07+09:00,GBIKE,131648,35.0,36.533688,127.266832,12,세종특별시
2026-06-20T08:45:07+09:00,GBIKE,130203,95.0,36.534622,127.263387,12,세종특별시
2026-06-20T08:45:07+09:00,GBIKE,131700,71.0,36.535007,127.26341,12,세종특별시
2026-06-20T08:45:07+09:00,GBIKE,301478,50.0,36.542767,127.36581,12,세종특별시
2026-06-20T08:45:07+09:00,GBIKE,130093,100.0,36.54278,127.364632,12,세종특별시
2026-06-20T08:45:07+09:00,GBIKE,501228,100.0,36.542868,127.364729,12,세종특별시
2026-06-20T08:45:07+09:00,GBIKE,501559,100.0,36.542932,127.36435,12,세종특별시
2026-06-20T08:45:07+09:00,GBIKE,385850,30.0,36.585196,127.369438,12,세종특별시
2026-06-20T08:45:07+09:00,GBIKE,385504,61.0,36.585886,127.295251,12,세종특별시
2026-06-20T08:45:07+09:00,GBIKE,625563,93.0,36.586483,127.293832,12,세종특별시
2026-06-20T08:45:07+09:00,GBIKE,384782,62.0,36.588676,127.291876,12,세종특별시
2026-06-20T08:45:07+09:00,GBIKE,383611,60.0,36.588825,127.274546,12,세종특별시
2026-06-20T08:45:07+09:00,GBIKE,365682,38.0,36.589265,127.298868,12,세종특별시
2026-06-20T08:45:07+09:00,GBIKE,603062,55.0,36.589832,127.288551,12,세종특별시
2026-06-20T08:45:07+09:00,GBIKE,602329,69.0,36.5903,127.288395,12,세종특별시
2026-06-20T08:45:07+09:00,GBIKE,630534,33.0,36.590556,127.291661,12,세종특별시
2026-06-20T08:45:07+09:00,GBIKE,354814,33.0,36.590928,127.289155,12,세종특별시
2026-06-20T08:45:07+09:00,GBIKE,378077,30.0,36.591423,127.29003,12,세종특별시
2026-06-20T08:45:07+09:00,GBIKE,374639,30.0,36.591551,127.29188,12,세종특별시
2026-06-20T08:45:07+09:00,GBIKE,381308,82.0,36.591621,127.291658,12,세종특별시
2026-06-20T08:45:07+09:00,GBIKE,381716,30.0,36.591936,127.295601,12,세종특별시
2026-06-20T08:45:07+09:00,GBIKE,343439,34.0,36.59236,127.288025,12,세종특별시
2026-06-20T08:45:07+09:00,GBIKE,369813,45.0,36.5924,127.287861,12,세종특별시
2026-06-20T08:45:07+09:00,GBIKE,628253,90.0,36.592808,127.287002,12,세종특별시
2026-06-20T08:45:07+09:00,GBIKE,611872,32.0,36.592875,127.286874,12,세종특별시
2026-06-20T08:45:07+09:00,GBIKE,376390,57.0,36.592946,127.29362,12,세종특별시
2026-06-20T08:45:07+09:00,GBIKE,612853,94.0,36.593002,127.288066,12,세종특별시
2026-06-20T08:45:07+09:00,GBIKE,625545,83.0,36.593029,127.28783,12,세종특별시
2026-06-20T08:45:07+09:00,GBIKE,373517,99.0,36.593111,127.287891,12,세종특별시
2026-06-20T08:45:07+09:00,GBIKE,381658,34.0,36.593215,127.291403,12,세종특별시
2026-06-20T08:45:07+09:00,GBIKE,362212,39.0,36.593255,127.289321,12,세종특별시
2026-06-20T08:45:07+09:00,GBIKE,347346,58.0,36.59328,127.289263,12,세종특별시
2026-06-20T08:45:07+09:00,GBIKE,384327,35.0,36.594426,127.28692,12,세종특별시
2026-06-20T08:45:07+09:00,GBIKE,616296,32.0,36.594461,127.286898,12,세종특별시
2026-06-20T08:45:07+09:00,GBIKE,375544,36.0,36.594608,127.28848,12,세종특별시
2026-06-20T08:45:07+09:00,GBIKE,383788,30.0,36.594758,127.285415,12,세종특별시
2026-06-20T08:45:07+09:00,GBIKE,380917,49.0,36.594791,127.284543,12,세종특별시
2026-06-20T08:45:07+09:00,GBIKE,376034,47.0,36.594813,127.287531,12,세종특별시
2026-06-20T08:45:07+09:00,GBIKE,637500,88.0,36.59485,127.287925,12,세종특별시
2026-06-20T08:45:07+09:00,GBIKE,631743,93.0,36.594982,127.290896,12,세종특별시
2026-06-20T08:45:07+09:00,GBIKE,390480,92.0,36.594985,127.27958,12,세종특별시
2026-06-20T08:45:07+09:00,GBIKE,609681,46.0,36.594991,127.288078,12,세종특별시
2026-06-20T08:45:07+09:00,GBIKE,383605,30.0,36.59501,127.289535,12,세종특별시
2026-06-20T08:45:07+09:00,GBIKE,371981,30.0,36.595326,127.290863,12,세종특별시
2026-06-20T08:45:07+09:00,GBIKE,623923,69.0,36.595348,127.290886,12,세종특별시
2026-06-20T08:45:07+09:00,GBIKE,607530,37.0,36.595478,127.291181,12,세종특별시
2026-06-20T08:45:07+09:00,GBIKE,369717,100.0,36.596536,127.288306,12,세종특별시
2026-06-20T08:45:07+09:00,GBIKE,604011,90.0,36.596845,127.295823,12,세종특별시
2026-06-20T08:45:07+09:00,GBIKE,384350,33.0,36.596916,127.300061,12,세종특별시
2026-06-20T08:45:07+09:00,GBIKE,613103,43.0,36.596964,127.30177,12,세종특별시
2026-06-20T08:45:07+09:00,GBIKE,635266,34.0,36.59811,127.295358,12,세종특별시
2026-06-20T08:45:07+09:00,GBIKE,383829,40.0,36.598643,127.290348,12,세종특별시
2026-06-20T08:45:07+09:00,GBIKE,377794,98.0,36.599051,127.297308,12,세종특별시
2026-06-20T08:45:07+09:00,GBIKE,374564,30.0,36.59913,127.29732,12,세종특별시
2026-06-20T08:45:07+09:00,GBIKE,383167,30.0,36.599216,127.297855,12,세종특별시
2026-06-20T08:45:07+09:00,GBIKE,612617,30.0,36.599379,127.298609,12,세종특별시
2026-06-20T08:45:07+09:00,GBIKE,614001,36.0,36.599921,127.298397,12,세종특별시
2026-06-20T08:45:07+09:00,GBIKE,377732,87.0,36.60014,127.301511,12,세종특별시
2026-06-20T08:45:07+09:00,GBIKE,602862,41.0,36.600215,127.300911,12,세종특별시
2026-06-20T08:45:07+09:00,GBIKE,367806,69.0,36.60032,127.29523,12,세종특별시
2026-06-20T08:45:07+09:00,GBIKE,382545,46.0,36.600483,127.301911,12,세종특별시
2026-06-20T08:45:07+09:00,GBIKE,620595,93.0,36.60053,127.301249,12,세종특별시
2026-06-20T08:45:07+09:00,GBIKE,628141,67.0,36.600634,127.290092,12,세종특별시
2026-06-20T08:45:07+09:00,GBIKE,371887,71.0,36.600851,127.295216,12,세종특별시
2026-06-20T08:45:07+09:00,GBIKE,375444,50.0,36.601028,127.29503,12,세종특별시
2026-06-20T08:45:07+09:00,GBIKE,332032,40.0,36.601285,127.29167,12,세종특별시
2026-06-20T08:45:07+09:00,GBIKE,372002,32.0,36.601341,127.294896,12,세종특별시
2026-06-20T08:45:07+09:00,GBIKE,630518,51.0,36.601402,127.294866,12,세종특별시
2026-06-20T08:45:07+09:00,GBIKE,612261,87.0,36.60144,127.295074,12,세종특별시
2026-06-20T08:45:07+09:00,GBIKE,366207,30.0,36.601486,127.294916,12,세종특별시
2026-06-20T08:45:07+09:00,GBIKE,617006,34.0,36.601487,127.295057,12,세종특별시
2026-06-20T08:45:07+09:00,GBIKE,383566,35.0,36.601576,127.303496,12,세종특별시
2026-06-20T08:45:07+09:00,GBIKE,631918,55.0,36.601588,127.281075,12,세종특별시
2026-06-20T08:45:07+09:00,GBIKE,347317,50.0,36.601663,127.283603,12,세종특별시
2026-06-20T08:45:07+09:00,GBIKE,636622,89.0,36.60172,127.303358,12,세종특별시
2026-06-20T08:45:07+09:00,GBIKE,384300,50.0,36.601773,127.303378,12,세종특별시
2026-06-20T08:45:07+09:00,GBIKE,624058,50.0,36.601863,127.28133,12,세종특별시
2026-06-20T08:45:07+09:00,GBIKE,367831,57.0,36.60187,127.290141,12,세종특별시
2026-06-20T08:45:07+09:00,GBIKE,367059,48.0,36.601883,127.280045,12,세종특별시
2026-06-20T08:45:07+09:00,GBIKE,365775,37.0,36.601926,127.294901,12,세종특별시
2026-06-20T08:45:07+09:00,GBIKE,345485,30.0,36.601953,127.294798,12,세종특별시
2026-06-20T08:45:07+09:00,GBIKE,373224,67.0,36.60202,127.290093,12,세종특별시
2026-06-20T08:45:07+09:00,GBIKE,383706,31.0,36.602133,127.294841,12,세종특별시
2026-06-20T08:45:07+09:00,GBIKE,366495,50.0,36.602146,127.279975,12,세종특별시
2026-06-20T08:45:07+09:00,GBIKE,346312,100.0,36.602158,127.292421,12,세종특별시
2026-06-20T08:45:07+09:00,GBIKE,607348,94.0,36.60229,127.281892,12,세종특별시
2026-06-20T08:45:07+09:00,GBIKE,392234,100.0,36.602366,127.28199,12,세종특별시
2026-06-20T08:45:07+09:00,GBIKE,394153,98.0,36.602383,127.28198,12,세종특별시
2026-06-20T08:45:07+09:00,GBIKE,347574,55.0,36.602485,127.294848,12,세종특별시
2026-06-20T08:45:07+09:00,GBIKE,388650,100.0,36.602585,127.303388,12,세종특별시
2026-06-20T08:45:07+09:00,GBIKE,377611,44.0,36.602793,127.28004,12,세종특별시
2026-06-20T08:45:07+09:00,GBIKE,367102,51.0,36.602803,127.291145,12,세종특별시
2026-06-20T08:45:07+09:00,GBIKE,617634,30.0,36.602803,127.290844,12,세종특별시
2026-06-20T08:45:07+09:00,GBIKE,392835,30.0,36.60291,127.279925,12,세종특별시
2026-06-20T08:45:07+09:00,GBIKE,365321,76.0,36.602933,127.279895,12,세종특별시
2026-06-20T08:45:07+09:00,GBIKE,383734,55.0,36.602956,127.279865,12,세종특별시
2026-06-20T08:45:07+09:00,GBIKE,384363,92.0,36.603016,127.289053,12,세종특별시
2026-06-20T08:45:07+09:00,GBIKE,351964,35.0,36.603023,127.289603,12,세종특별시
2026-06-20T08:45:07+09:00,GBIKE,614604,84.0,36.603062,127.289978,12,세종특별시
2026-06-20T08:45:07+09:00,GBIKE,347727,32.0,36.603175,127.290663,12,세종특별시
2026-06-20T08:45:07+09:00,GBIKE,609454,36.0,36.603182,127.298405,12,세종특별시
2026-06-20T08:45:07+09:00,GBIKE,367389,33.0,36.603188,127.282021,12,세종특별시
2026-06-20T08:45:07+09:00,GBIKE,383623,40.0,36.603268,127.29155,12,세종특별시
2026-06-20T08:45:07+09:00,GBIKE,370368,100.0,36.603366,127.304426,12,세종특별시
2026-06-20T08:45:07+09:00,GBIKE,377574,30.0,36.60337,127.289596,12,세종특별시
2026-06-20T08:45:07+09:00,GBIKE,381538,48.0,36.603375,127.293721,12,세종특별시
2026-06-20T08:45:07+09:00,GBIKE,628466,34.0,36.603394,127.304844,12,세종특별시
2026-06-20T08:45:07+09:00,GBIKE,629818,30.0,36.60341,127.304843,12,세종특별시
2026-06-20T08:45:07+09:00,GBIKE,374698,49.0,36.603448,127.289566,12,세종특별시
2026-06-20T08:45:07+09:00,GBIKE,388399,42.0,36.603538,127.281635,12,세종특별시
2026-06-20T08:45:07+09:00,GBIKE,623385,94.0,36.603615,127.293166,12,세종특별시
2026-06-20T08:45:07+09:00,GBIKE,638836,50.0,36.603634,127.291522,12,세종특별시
2026-06-20T08:45:07+09:00,GBIKE,630894,68.0,36.603669,127.290796,12,세종특별시
2026-06-20T08:45:07+09:00,GBIKE,618900,43.0,36.603688,127.291082,12,세종특별시
2026-06-20T08:45:07+09:00,GBIKE,617731,69.0,36.603693,127.293042,12,세종특별시
2026-06-20T08:45:07+09:00,GBIKE,635969,67.0,36.603844,127.297523,12,세종특별시
2026-06-20T08:45:07+09:00,GBIKE,377781,98.0,36.60389,127.297235,12,세종특별시
2026-06-20T08:45:07+09:00,GBIKE,604153,51.0,36.6039,127.289534,12,세종특별시
2026-06-20T08:45:07+09:00,GBIKE,375093,30.0,36.603908,127.287095,12,세종특별시
2026-06-20T08:45:07+09:00,GBIKE,392507,37.0,36.603913,127.289911,12,세종특별시
2026-06-20T08:45:07+09:00,GBIKE,390538,87.0,36.604018,127.297553,12,세종특별시
2026-06-20T08:45:07+09:00,GBIKE,626555,54.0,36.604056,127.297513,12,세종특별시
2026-06-20T08:45:07+09:00,GBIKE,607950,30.0,36.604067,127.297909,12,세종특별시
2026-06-20T08:45:07+09:00,GBIKE,630536,73.0,36.604068,127.298387,12,세종특별시
2026-06-20T08:45:07+09:00,GBIKE,615987,92.0,36.604098,127.298728,12,세종특별시
2026-06-20T08:45:07+09:00,GBIKE,368833,48.0,36.604105,127.298915,12,세종특별시
2026-06-20T08:45:07+09:00,GBIKE,386976,43.0,36.604156,127.29203,12,세종특별시
2026-06-20T08:45:07+09:00,GBIKE,630979,77.0,36.604222,127.292581,12,세종특별시
2026-06-20T08:45:07+09:00,GBIKE,332859,78.0,36.604285,127.30017,12,세종특별시
2026-06-20T08:45:07+09:00,GBIKE,374614,92.0,36.604291,127.29702,12,세종특별시
2026-06-20T08:45:07+09:00,GBIKE,604547,45.0,36.604291,127.289848,12,세종특별시
2026-06-20T08:45:07+09:00,GBIKE,625142,32.0,36.604376,127.291361,12,세종특별시
2026-06-20T08:45:07+09:00,GBIKE,382652,49.0,36.604388,127.300781,12,세종특별시
2026-06-20T08:45:07+09:00,GBIKE,635581,67.0,36.604403,127.290361,12,세종특별시
2026-06-20T08:45:07+09:00,GBIKE,601954,92.0,36.604418,127.29292,12,세종특별시
2026-06-20T08:45:07+09:00,GBIKE,381932,59.0,36.604435,127.300773,12,세종특별시
2026-06-20T08:45:07+09:00,GBIKE,624662,47.0,36.604487,127.291994,12,세종특별시
2026-06-20T08:45:07+09:00,GBIKE,638303,91.0,36.604534,127.292562,12,세종특별시
2026-06-20T08:45:07+09:00,GBIKE,373728,93.0,36.604543,127.292363,12,세종특별시
2026-06-20T08:45:07+09:00,GBIKE,369424,54.0,36.604546,127.292488,12,세종특별시
2026-06-20T08:45:07+09:00,GBIKE,363988,85.0,36.604551,127.292505,12,세종특별시
2026-06-20T08:45:07+09:00,GBIKE,369480,90.0,36.604595,127.29248,12,세종특별시
2026-06-20T08:45:07+09:00,GBIKE,382570,98.0,36.604596,127.292506,12,세종특별시
2026-06-20T08:45:07+09:00,GBIKE,615828,32.0,36.604604,127.292555,12,세종특별시
2026-06-20T08:45:07+09:00,GBIKE,383739,37.0,36.604781,127.29068,12,세종특별시
2026-06-20T08:45:07+09:00,GBIKE,367874,30.0,36.60483,127.292431,12,세종특별시
2026-06-20T08:45:07+09:00,GBIKE,636806,47.0,36.604937,127.291217,12,세종특별시
2026-06-20T08:45:07+09:00,GBIKE,629532,30.0,36.604938,127.287893,12,세종특별시
2026-06-20T08:45:07+09:00,GBIKE,382572,92.0,36.604975,127.290211,12,세종특별시
2026-06-20T08:45:07+09:00,GBIKE,633367,90.0,36.605102,127.289948,12,세종특별시
2026-06-20T08:45:07+09:00,GBIKE,364026,33.0,36.605108,127.294156,12,세종특별시
2026-06-20T08:45:07+09:00,GBIKE,368846,34.0,36.605108,127.291198,12,세종특별시
2026-06-20T08:45:07+09:00,GBIKE,353905,56.0,36.605186,127.289726,12,세종특별시
2026-06-20T08:45:07+09:00,GBIKE,389105,32.0,36.605218,127.291721,12,세종특별시
2026-06-20T08:45:07+09:00,GBIKE,381375,92.0,36.605318,127.297415,12,세종특별시
2026-06-20T08:45:07+09:00,GBIKE,385508,86.0,36.605336,127.292276,12,세종특별시
2026-06-20T08:45:07+09:00,GBIKE,382436,94.0,36.605526,127.288571,12,세종특별시
2026-06-20T08:45:07+09:00,GBIKE,368537,49.0,36.605621,127.292765,12,세종특별시
2026-06-20T08:45:07+09:00,GBIKE,383781,30.0,36.60563,127.300511,12,세종특별시
2026-06-20T08:45:07+09:00,GBIKE,620391,89.0,36.605719,127.294068,12,세종특별시
2026-06-20T08:45:07+09:00,GBIKE,387673,100.0,36.60572,127.294081,12,세종특별시
2026-06-20T08:45:07+09:00,GBIKE,383778,34.0,36.605735,127.289481,12,세종특별시
2026-06-20T08:45:07+09:00,GBIKE,623340,44.0,36.605828,127.289604,12,세종특별시
2026-06-20T08:45:07+09:00,GBIKE,376326,30.0,36.605958,127.286655,12,세종특별시
2026-06-20T08:45:07+09:00,GBIKE,384302,57.0,36.606028,127.277433,12,세종특별시
2026-06-20T08:45:07+09:00,GBIKE,384342,50.0,36.606113,127.293325,12,세종특별시
2026-06-20T08:45:07+09:00,GBIKE,383890,34.0,36.60612,127.292278,12,세종특별시
2026-06-20T08:45:07+09:00,GBIKE,632897,56.0,36.606214,127.293926,12,세종특별시
2026-06-20T08:45:07+09:00,GBIKE,379855,44.0,36.606233,127.293183,12,세종특별시
2026-06-20T08:45:07+09:00,GBIKE,391985,86.0,36.606243,127.293175,12,세종특별시
2026-06-20T08:45:07+09:00,GBIKE,638335,54.0,36.606243,127.289948,12,세종특별시
2026-06-20T08:45:07+09:00,GBIKE,394330,69.0,36.60638,127.294115,12,세종특별시
2026-06-20T08:45:07+09:00,GBIKE,348036,65.0,36.606431,127.292951,12,세종특별시
2026-06-20T08:45:07+09:00,GBIKE,389748,30.0,36.606513,127.286393,12,세종특별시
2026-06-20T08:45:07+09:00,GBIKE,625200,86.0,36.606583,127.292941,12,세종특별시
2026-06-20T08:45:07+09:00,GBIKE,390746,64.0,36.606613,127.297151,12,세종특별시
2026-06-20T08:45:07+09:00,GBIKE,635165,83.0,36.606834,127.29705,12,세종특별시
2026-06-20T08:45:07+09:00,GBIKE,617002,52.0,36.606851,127.29707,12,세종특별시
2026-06-20T08:45:07+09:00,GBIKE,374569,31.0,36.606853,127.293958,12,세종특별시
2026-06-20T08:45:07+09:00,GBIKE,388632,73.0,36.606991,127.290141,12,세종특별시
2026-06-20T08:45:07+09:00,GBIKE,345320,74.0,36.607011,127.284333,12,세종특별시
2026-06-20T08:45:07+09:00,GBIKE,369515,31.0,36.607013,127.29047,12,세종특별시
2026-06-20T08:45:07+09:00,GBIKE,368766,39.0,36.607018,127.285425,12,세종특별시
2026-06-20T08:45:07+09:00,GBIKE,368384,50.0,36.607103,127.283605,12,세종특별시
2026-06-20T08:45:07+09:00,GBIKE,619363,48.0,36.607155,127.291906,12,세종특별시
2026-06-20T08:45:07+09:00,GBIKE,377098,63.0,36.607175,127.284298,12,세종특별시
2026-06-20T08:45:07+09:00,GBIKE,375429,32.0,36.607218,127.290868,12,세종특별시
2026-06-20T08:45:07+09:00,GBIKE,621289,88.0,36.607314,127.292508,12,세종특별시
2026-06-20T08:45:07+09:00,GBIKE,365795,41.0,36.607318,127.286208,12,세종특별시
2026-06-20T08:45:07+09:00,GBIKE,348952,100.0,36.607323,127.286298,12,세종특별시
2026-06-20T08:45:07+09:00,GBIKE,394908,86.0,36.607328,127.28633,12,세종특별시
2026-06-20T08:45:07+09:00,GBIKE,630578,73.0,36.607341,127.296882,12,세종특별시
2026-06-20T08:45:07+09:00,GBIKE,368132,38.0,36.607418,127.29245,12,세종특별시
2026-06-20T08:45:07+09:00,GBIKE,374321,99.0,36.607933,127.292788,12,세종특별시
2026-06-20T08:45:07+09:00,GBIKE,348243,95.0,36.608046,127.289146,12,세종특별시
2026-06-20T08:45:07+09:00,GBIKE,626567,65.0,36.608086,127.288376,12,세종특별시
2026-06-20T08:45:07+09:00,GBIKE,373521,98.0,36.608088,127.289065,12,세종특별시
2026-06-20T08:45:07+09:00,GBIKE,608840,54.0,36.608148,127.288329,12,세종특별시
2026-06-20T08:45:07+09:00,GBIKE,378994,55.0,36.608195,127.2886,12,세종특별시
2026-06-20T08:45:07+09:00,GBIKE,384361,94.0,36.608205,127.288313,12,세종특별시
2026-06-20T08:45:07+09:00,GBIKE,633047,66.0,36.60833,127.289103,12,세종특별시
2026-06-20T08:45:07+09:00,GBIKE,355960,30.0,36.608448,127.285631,12,세종특별시
2026-06-20T08:45:07+09:00,GBIKE,611309,69.0,36.608486,127.288349,12,세종특별시
2026-06-20T08:45:07+09:00,GBIKE,627925,71.0,36.608518,127.285617,12,세종특별시
2026-06-20T08:45:07+09:00,GBIKE,375487,31.0,36.60852,127.289178,12,세종특별시
2026-06-20T08:45:07+09:00,GBIKE,612254,51.0,36.608582,127.285472,12,세종특별시
2026-06-20T08:45:07+09:00,GBIKE,370374,31.0,36.608611,127.289476,12,세종특별시
2026-06-20T08:45:07+09:00,GBIKE,369487,30.0,36.608613,127.289291,12,세종특별시
2026-06-20T08:45:07+09:00,GBIKE,381468,80.0,36.608633,127.283736,12,세종특별시
2026-06-20T08:45:07+09:00,GBIKE,389216,79.0,36.608653,127.289148,12,세종특별시
2026-06-20T08:45:07+09:00,GBIKE,389490,74.0,36.608653,127.283886,12,세종특별시
2026-06-20T08:45:07+09:00,GBIKE,370217,66.0,36.608655,127.283785,12,세종특별시
2026-06-20T08:45:07+09:00,GBIKE,388389,88.0,36.608656,127.283895,12,세종특별시
2026-06-20T08:45:07+09:00,GBIKE,373770,91.0,36.608663,127.288871,12,세종특별시
2026-06-20T08:45:07+09:00,GBIKE,392829,87.0,36.608666,127.28885,12,세종특별시
2026-06-20T08:45:07+09:00,GBIKE,374566,84.0,36.608671,127.283736,12,세종특별시
2026-06-20T08:45:07+09:00,GBIKE,383266,92.0,36.608671,127.28369,12,세종특별시
2026-06-20T08:45:07+09:00,GBIKE,371895,63.0,36.608673,127.283775,12,세종특별시
2026-06-20T08:45:07+09:00,GBIKE,383197,86.0,36.608673,127.283971,12,세종특별시
2026-06-20T08:45:07+09:00,GBIKE,387829,51.0,36.608675,127.288863,12,세종특별시
2026-06-20T08:45:07+09:00,GBIKE,388893,58.0,36.608675,127.283788,12,세종특별시
2026-06-20T08:45:07+09:00,GBIKE,377780,89.0,36.60868,127.289008,12,세종특별시
2026-06-20T08:45:07+09:00,GBIKE,387860,49.0,36.60868,127.283845,12,세종특별시
2026-06-20T08:45:07+09:00,GBIKE,381351,58.0,36.608681,127.283781,12,세종특별시
2026-06-20T08:45:07+09:00,GBIKE,388764,32.0,36.608683,127.283756,12,세종특별시
2026-06-20T08:45:07+09:00,GBIKE,383321,85.0,36.608685,127.283768,12,세종특별시
2026-06-20T08:45:07+09:00,GBIKE,389159,91.0,36.608688,127.283816,12,세종특별시
2026-06-20T08:45:07+09:00,GBIKE,386463,35.0,36.608691,127.28379,12,세종특별시
2026-06-20T08:45:07+09:00,GBIKE,368693,50.0,36.608695,127.283851,12,세종특별시
2026-06-20T08:45:07+09:00,GBIKE,385640,36.0,36.608695,127.283868,12,세종특별시
2026-06-20T08:45:07+09:00,GBIKE,382936,45.0,36.608698,127.283861,12,세종특별시
2026-06-20T08:45:07+09:00,GBIKE,369437,77.0,36.6087,127.289163,12,세종특별시
2026-06-20T08:45:07+09:00,GBIKE,608280,99.0,36.608707,127.289116,12,세종특별시
2026-06-20T08:45:07+09:00,GBIKE,384392,72.0,36.608708,127.283821,12,세종특별시
2026-06-20T08:45:07+09:00,GBIKE,392076,82.0,36.608708,127.283758,12,세종특별시
2026-06-20T08:45:07+09:00,GBIKE,369472,67.0,36.60871,127.283756,12,세종특별시
2026-06-20T08:45:07+09:00,GBIKE,352898,46.0,36.608711,127.28394,12,세종특별시
2026-06-20T08:45:07+09:00,GBIKE,372626,62.0,36.608716,127.283788,12,세종특별시
2026-06-20T08:45:07+09:00,GBIKE,376044,48.0,36.608716,127.283813,12,세종특별시
2026-06-20T08:45:07+09:00,GBIKE,382510,56.0,36.608716,127.283715,12,세종특별시
2026-06-20T08:45:07+09:00,GBIKE,351622,40.0,36.608718,127.283866,12,세종특별시
2026-06-20T08:45:07+09:00,GBIKE,376304,81.0,36.608718,127.283881,12,세종특별시
2026-06-20T08:45:07+09:00,GBIKE,392376,74.0,36.608718,127.283798,12,세종특별시
2026-06-20T08:45:07+09:00,GBIKE,384555,100.0,36.608723,127.283723,12,세종특별시
2026-06-20T08:45:07+09:00,GBIKE,367411,81.0,36.608725,127.288913,12,세종특별시
2026-06-20T08:45:07+09:00,GBIKE,374386,53.0,36.608726,127.283738,12,세종특별시
2026-06-20T08:45:07+09:00,GBIKE,366505,43.0,36.608728,127.283965,12,세종특별시
2026-06-20T08:45:07+09:00,GBIKE,368100,70.0,36.608728,127.289081,12,세종특별시
2026-06-20T08:45:07+09:00,GBIKE,383883,66.0,36.60873,127.283763,12,세종특별시
2026-06-20T08:45:07+09:00,GBIKE,383553,50.0,36.608731,127.283763,12,세종특별시
2026-06-20T08:45:07+09:00,GBIKE,389295,94.0,36.608731,127.283793,12,세종특별시
2026-06-20T08:45:07+09:00,GBIKE,611134,50.0,36.608732,127.2918,12,세종특별시
2026-06-20T08:45:07+09:00,GBIKE,347357,43.0,36.608735,127.28912,12,세종특별시
2026-06-20T08:45:07+09:00,GBIKE,387855,60.0,36.608735,127.289053,12,세종특별시
2026-06-20T08:45:07+09:00,GBIKE,374638,38.0,36.608736,127.283835,12,세종특별시
2026-06-20T08:45:07+09:00,GBIKE,603979,30.0,36.60874,127.283825,12,세종특별시
2026-06-20T08:45:07+09:00,GBIKE,367103,81.0,36.608745,127.283795,12,세종특별시
2026-06-20T08:45:07+09:00,GBIKE,636680,93.0,36.608748,127.28387,12,세종특별시
2026-06-20T08:45:07+09:00,GBIKE,375524,78.0,36.60875,127.283925,12,세종특별시
2026-06-20T08:45:07+09:00,GBIKE,384358,84.0,36.60875,127.283928,12,세종특별시
2026-06-20T08:45:07+09:00,GBIKE,348558,100.0,36.608753,127.289083,12,세종특별시
2026-06-20T08:45:07+09:00,GBIKE,363877,72.0,36.608756,127.283858,12,세종특별시
2026-06-20T08:45:07+09:00,GBIKE,367058,46.0,36.608756,127.28402,12,세종특별시
2026-06-20T08:45:07+09:00,GBIKE,378828,39.0,36.608756,127.288828,12,세종특별시
2026-06-20T08:45:07+09:00,GBIKE,377483,85.0,36.608758,127.283901,12,세종특별시
2026-06-20T08:45:07+09:00,GBIKE,392296,44.0,36.608761,127.289095,12,세종특별시
2026-06-20T08:45:07+09:00,GBIKE,375391,100.0,36.608765,127.289071,12,세종특별시
2026-06-20T08:45:07+09:00,GBIKE,386746,33.0,36.608766,127.29183,12,세종특별시
2026-06-20T08:45:07+09:00,GBIKE,371898,95.0,36.60877,127.283816,12,세종특별시
2026-06-20T08:45:07+09:00,GBIKE,365780,52.0,36.608771,127.283936,12,세종특별시
2026-06-20T08:45:07+09:00,GBIKE,390703,51.0,36.608776,127.283936,12,세종특별시
2026-06-20T08:45:07+09:00,GBIKE,385514,50.0,36.60878,127.283928,12,세종특별시
2026-06-20T08:45:07+09:00,GBIKE,345843,59.0,36.608781,127.283948,12,세종특별시
2026-06-20T08:45:07+09:00,GBIKE,382588,87.0,36.608785,127.283861,12,세종특별시
2026-06-20T08:45:07+09:00,GBIKE,385642,42.0,36.608786,127.28389,12,세종특별시
2026-06-20T08:45:07+09:00,GBIKE,384378,37.0,36.608788,127.283876,12,세종특별시
2026-06-20T08:45:07+09:00,GBIKE,387312,56.0,36.608793,127.283931,12,세종특별시
2026-06-20T08:45:07+09:00,GBIKE,355329,63.0,36.608795,127.283898,12,세종특별시
2026-06-20T08:45:07+09:00,GBIKE,365565,87.0,36.608801,127.283926,12,세종특별시
2026-06-20T08:45:07+09:00,GBIKE,625620,37.0,36.608812,127.28385,12,세종특별시
2026-06-20T08:45:07+09:00,GBIKE,617959,55.0,36.608819,127.283904,12,세종특별시
2026-06-20T08:45:07+09:00,GBIKE,367718,68.0,36.608821,127.283916,12,세종특별시
2026-06-20T08:45:07+09:00,GBIKE,612172,51.0,36.608833,127.288873,12,세종특별시
2026-06-20T08:45:07+09:00,GBIKE,622703,100.0,36.608835,127.288884,12,세종특별시
2026-06-20T08:45:07+09:00,GBIKE,365828,60.0,36.608836,127.28909,12,세종특별시
2026-06-20T08:45:07+09:00,GBIKE,614674,93.0,36.608852,127.289105,12,세종특별시
2026-06-20T08:45:07+09:00,GBIKE,383567,31.0,36.608855,127.291916,12,세종특별시
2026-06-20T08:45:07+09:00,GBIKE,615848,100.0,36.608855,127.288909,12,세종특별시
2026-06-20T08:45:07+09:00,GBIKE,377729,46.0,36.608858,127.28394,12,세종특별시
2026-06-20T08:45:07+09:00,GBIKE,395237,100.0,36.608878,127.289061,12,세종특별시
2026-06-20T08:45:07+09:00,GBIKE,365566,54.0,36.609043,127.286016,12,세종특별시
2026-06-20T08:45:07+09:00,GBIKE,638316,45.0,36.60905,127.286045,12,세종특별시
2026-06-20T08:45:07+09:00,GBIKE,374050,90.0,36.609051,127.286048,12,세종특별시
2026-06-20T08:45:07+09:00,GBIKE,367416,41.0,36.609058,127.286045,12,세종특별시
2026-06-20T08:45:07+09:00,GBIKE,638332,54.0,36.609065,127.286077,12,세종특별시
2026-06-20T08:45:07+09:00,GBIKE,390561,44.0,36.609071,127.286013,12,세종특별시
2026-06-20T08:45:07+09:00,GBIKE,372868,89.0,36.609093,127.286073,12,세종특별시
2026-06-20T08:45:07+09:00,GBIKE,390484,34.0,36.6091,127.28609,12,세종특별시
2026-06-20T08:45:07+09:00,GBIKE,380915,30.0,36.60911,127.285976,12,세종특별시
2026-06-20T08:45:07+09:00,GBIKE,380639,34.0,36.609263,127.29129,12,세종특별시
2026-06-20T08:45:07+09:00,GBIKE,628775,63.0,36.609282,127.293583,12,세종특별시
2026-06-20T08:45:07+09:00,GBIKE,382505,100.0,36.609295,127.292561,12,세종특별시
2026-06-20T08:45:07+09:00,GBIKE,349257,32.0,36.609325,127.292735,12,세종특별시
2026-06-20T08:45:07+09:00,GBIKE,612402,93.0,36.609332,127.292185,12,세종특별시
2026-06-20T08:45:07+09:00,GBIKE,617603,39.0,36.609372,127.292758,12,세종특별시
2026-06-20T08:45:07+09:00,GBIKE,628874,75.0,36.609579,127.289973,12,세종특별시
2026-06-20T08:45:07+09:00,GBIKE,631829,58.0,36.609641,127.290016,12,세종특별시
2026-06-20T08:45:07+09:00,GBIKE,383163,92.0,36.609646,127.288595,12,세종특별시
2026-06-20T08:45:07+09:00,GBIKE,383624,83.0,36.609653,127.28689,12,세종특별시
2026-06-20T08:45:07+09:00,GBIKE,372399,33.0,36.609668,127.286911,12,세종특별시
2026-06-20T08:45:07+09:00,GBIKE,369415,35.0,36.609681,127.28693,12,세종특별시
2026-06-20T08:45:07+09:00,GBIKE,385638,32.0,36.609691,127.286855,12,세종특별시
2026-06-20T08:45:07+09:00,GBIKE,388372,33.0,36.609705,127.286891,12,세종특별시
2026-06-20T08:45:07+09:00,GBIKE,630625,30.0,36.609807,127.293207,12,세종특별시
2026-06-20T08:45:07+09:00,GBIKE,380931,82.0,36.609861,127.290858,12,세종특별시
2026-06-20T08:45:07+09:00,GBIKE,625542,88.0,36.609898,127.293513,12,세종특별시
2026-06-20T08:45:07+09:00,GBIKE,386474,41.0,36.609911,127.290061,12,세종특별시
2026-06-20T08:45:07+09:00,GBIKE,610809,30.0,36.609923,127.29683,12,세종특별시
2026-06-20T08:45:07+09:00,GBIKE,384694,87.0,36.610013,127.29024,12,세종특별시
2026-06-20T08:45:07+09:00,GBIKE,618274,52.0,36.610371,127.289131,12,세종특별시
2026-06-20T08:45:07+09:00,GBIKE,389584,33.0,36.610378,127.289981,12,세종특별시
2026-06-20T08:45:07+09:00,GBIKE,618953,49.0,36.610381,127.289263,12,세종특별시
2026-06-20T08:45:07+09:00,GBIKE,626724,89.0,36.610383,127.293234,12,세종특별시
2026-06-20T08:45:07+09:00,GBIKE,370088,57.0,36.610388,127.289173,12,세종특별시
2026-06-20T08:45:07+09:00,GBIKE,377014,95.0,36.610391,127.289163,12,세종특별시
2026-06-20T08:45:07+09:00,GBIKE,638395,39.0,36.6104,127.289217,12,세종특별시
2026-06-20T08:45:07+09:00,GBIKE,372751,55.0,36.610405,127.289091,12,세종특별시
2026-06-20T08:45:07+09:00,GBIKE,613735,32.0,36.610413,127.293221,12,세종특별시
2026-06-20T08:45:07+09:00,GBIKE,365501,45.0,36.610418,127.289148,12,세종특별시
2026-06-20T08:45:07+09:00,GBIKE,383531,97.0,36.6105,127.285476,12,세종특별시
2026-06-20T08:45:07+09:00,GBIKE,367752,40.0,36.610506,127.285585,12,세종특별시
2026-06-20T08:45:07+09:00,GBIKE,384391,47.0,36.610508,127.285671,12,세종특별시
2026-06-20T08:45:07+09:00,GBIKE,362576,84.0,36.610515,127.28548,12,세종특별시
2026-06-20T08:45:07+09:00,GBIKE,384693,30.0,36.610518,127.29318,12,세종특별시
2026-06-20T08:45:07+09:00,GBIKE,366565,31.0,36.610521,127.285605,12,세종특별시
2026-06-20T08:45:07+09:00,GBIKE,345873,55.0,36.610533,127.28549,12,세종특별시
2026-06-20T08:45:07+09:00,GBIKE,383599,38.0,36.610535,127.285478,12,세종특별시
2026-06-20T08:45:07+09:00,GBIKE,370326,45.0,36.610538,127.28553,12,세종특별시
2026-06-20T08:45:07+09:00,GBIKE,387871,53.0,36.610538,127.285496,12,세종특별시
2026-06-20T08:45:07+09:00,GBIKE,392267,92.0,36.610541,127.285536,12,세종특별시
2026-06-20T08:45:07+09:00,GBIKE,364617,50.0,36.610545,127.285498,12,세종특별시
2026-06-20T08:45:07+09:00,GBIKE,352300,36.0,36.610546,127.285493,12,세종특별시
2026-06-20T08:45:07+09:00,GBIKE,379183,58.0,36.61055,127.285566,12,세종특별시
2026-06-20T08:45:07+09:00,GBIKE,361763,38.0,36.610551,127.285538,12,세종특별시
2026-06-20T08:45:07+09:00,GBIKE,372817,87.0,36.610551,127.28553,12,세종특별시
2026-06-20T08:45:07+09:00,GBIKE,380920,41.0,36.610553,127.285558,12,세종특별시
2026-06-20T08:45:07+09:00,GBIKE,383149,100.0,36.610558,127.285518,12,세종특별시
2026-06-20T08:45:07+09:00,GBIKE,343404,35.0,36.610571,127.29318,12,세종특별시
2026-06-20T08:45:07+09:00,GBIKE,367380,43.0,36.610586,127.285513,12,세종특별시
2026-06-20T08:45:07+09:00,GBIKE,385510,95.0,36.610596,127.285491,12,세종특별시
2026-06-20T08:45:07+09:00,GBIKE,362145,86.0,36.610616,127.285505,12,세종특별시
2026-06-20T08:45:07+09:00,GBIKE,390685,33.0,36.610671,127.297201,12,세종특별시
2026-06-20T08:45:07+09:00,GBIKE,384320,35.0,36.610686,127.298065,12,세종특별시
2026-06-20T08:45:07+09:00,GBIKE,375330,33.0,36.610771,127.291425,12,세종특별시
2026-06-20T08:45:07+09:00,GBIKE,394098,32.0,36.610773,127.298521,12,세종특별시
2026-06-20T08:45:07+09:00,GBIKE,618647,77.0,36.610782,127.296843,12,세종특별시
2026-06-20T08:45:07+09:00,GBIKE,367523,100.0,36.61088,127.289991,12,세종특별시
2026-06-20T08:45:07+09:00,GBIKE,614015,62.0,36.610942,127.285846,12,세종특별시
2026-06-20T08:45:07+09:00,GBIKE,377293,30.0,36.611021,127.286191,12,세종특별시
2026-06-20T08:45:07+09:00,GBIKE,375527,93.0,36.611026,127.289926,12,세종특별시
2026-06-20T08:45:07+09:00,GBIKE,394836,90.0,36.61105,127.288981,12,세종특별시
2026-06-20T08:45:07+09:00,GBIKE,383223,87.0,36.611058,127.289913,12,세종특별시
2026-06-20T08:45:07+09:00,GBIKE,368120,94.0,36.611063,127.289958,12,세종특별시
2026-06-20T08:45:07+09:00,GBIKE,378803,30.0,36.611066,127.286173,12,세종특별시
2026-06-20T08:45:07+09:00,GBIKE,376081,57.0,36.611076,127.290128,12,세종특별시
2026-06-20T08:45:07+09:00,GBIKE,390382,64.0,36.611083,127.289985,12,세종특별시
2026-06-20T08:45:07+09:00,GBIKE,377436,89.0,36.611086,127.289978,12,세종특별시
2026-06-20T08:45:07+09:00,GBIKE,372070,33.0,36.61109,127.289973,12,세종특별시
2026-06-20T08:45:07+09:00,GBIKE,378931,89.0,36.61109,127.289996,12,세종특별시
2026-06-20T08:45:07+09:00,GBIKE,339870,60.0,36.611095,127.290046,12,세종특별시
2026-06-20T08:45:07+09:00,GBIKE,363973,100.0,36.611098,127.290041,12,세종특별시
2026-06-20T08:45:07+09:00,GBIKE,627295,36.0,36.611103,127.29664,12,세종특별시
2026-06-20T08:45:07+09:00,GBIKE,388680,75.0,36.611106,127.290108,12,세종특별시
2026-06-20T08:45:07+09:00,GBIKE,363571,35.0,36.611113,127.289985,12,세종특별시
2026-06-20T08:45:07+09:00,GBIKE,377296,58.0,36.611113,127.289938,12,세종특별시
2026-06-20T08:45:07+09:00,GBIKE,368902,56.0,36.611118,127.290086,12,세종특별시
2026-06-20T08:45:07+09:00,GBIKE,366516,31.0,36.611123,127.287396,12,세종특별시
2026-06-20T08:45:07+09:00,GBIKE,381177,49.0,36.611123,127.29006,12,세종특별시
2026-06-20T08:45:07+09:00,GBIKE,386357,74.0,36.611125,127.290066,12,세종특별시
2026-06-20T08:45:07+09:00,GBIKE,383834,41.0,36.611126,127.29002,12,세종특별시
2026-06-20T08:45:07+09:00,GBIKE,637872,88.0,36.611126,127.2874,12,세종특별시
2026-06-20T08:45:07+09:00,GBIKE,379750,100.0,36.611128,127.289988,12,세종특별시
2026-06-20T08:45:07+09:00,GBIKE,383887,95.0,36.611128,127.289965,12,세종특별시
2026-06-20T08:45:07+09:00,GBIKE,385493,62.0,36.611128,127.289968,12,세종특별시
2026-06-20T08:45:07+09:00,GBIKE,394095,50.0,36.611128,127.290073,12,세종특별시
2026-06-20T08:45:07+09:00,GBIKE,601083,59.0,36.61113,127.290105,12,세종특별시
2026-06-20T08:45:07+09:00,GBIKE,363636,56.0,36.611133,127.289965,12,세종특별시
2026-06-20T08:45:07+09:00,GBIKE,620566,93.0,36.611142,127.287369,12,세종특별시
2026-06-20T08:45:07+09:00,GBIKE,372400,42.0,36.611145,127.290008,12,세종특별시
2026-06-20T08:45:07+09:00,GBIKE,338106,100.0,36.611148,127.290055,12,세종특별시
2026-06-20T08:45:07+09:00,GBIKE,355297,30.0,36.611148,127.289956,12,세종특별시
2026-06-20T08:45:07+09:00,GBIKE,388631,64.0,36.611148,127.290086,12,세종특별시
2026-06-20T08:45:07+09:00,GBIKE,344002,61.0,36.61115,127.289915,12,세종특별시
2026-06-20T08:45:07+09:00,GBIKE,377764,64.0,36.61115,127.28746,12,세종특별시
2026-06-20T08:45:07+09:00,GBIKE,603533,51.0,36.61115,127.287334,12,세종특별시
2026-06-20T08:45:07+09:00,GBIKE,372728,84.0,36.611153,127.287396,12,세종특별시
2026-06-20T08:45:07+09:00,GBIKE,383557,81.0,36.611155,127.287396,12,세종특별시
2026-06-20T08:45:07+09:00,GBIKE,383612,94.0,36.611155,127.287416,12,세종특별시
2026-06-20T08:45:07+09:00,GBIKE,389488,88.0,36.611158,127.287363,12,세종특별시
2026-06-20T08:45:07+09:00,GBIKE,376843,41.0,36.61116,127.29004,12,세종특별시
2026-06-20T08:45:07+09:00,GBIKE,638562,41.0,36.61116,127.289955,12,세종특별시
2026-06-20T08:45:07+09:00,GBIKE,364199,33.0,36.611173,127.289935,12,세종특별시
2026-06-20T08:45:07+09:00,GBIKE,604672,31.0,36.61118,127.287401,12,세종특별시
2026-06-20T08:45:07+09:00,GBIKE,367387,87.0,36.611186,127.287353,12,세종특별시
2026-06-20T08:45:07+09:00,GBIKE,390838,38.0,36.611186,127.287401,12,세종특별시
2026-06-20T08:45:07+09:00,GBIKE,616066,43.0,36.611187,127.287329,12,세종특별시
2026-06-20T08:45:07+09:00,GBIKE,382998,71.0,36.611188,127.287431,12,세종특별시
2026-06-20T08:45:07+09:00,GBIKE,394698,38.0,36.61119,127.287246,12,세종특별시
2026-06-20T08:45:07+09:00,GBIKE,364639,64.0,36.611191,127.28725,12,세종특별시
2026-06-20T08:45:07+09:00,GBIKE,379519,36.0,36.611195,127.287433,12,세종특별시
2026-06-20T08:45:07+09:00,GBIKE,613464,34.0,36.611195,127.287279,12,세종특별시
2026-06-20T08:45:07+09:00,GBIKE,347359,44.0,36.611196,127.287328,12,세종특별시
2026-06-20T08:45:07+09:00,GBIKE,375058,45.0,36.611196,127.287428,12,세종특별시
2026-06-20T08:45:07+09:00,GBIKE,382650,38.0,36.611203,127.28744,12,세종특별시
2026-06-20T08:45:07+09:00,GBIKE,382533,30.0,36.611206,127.287365,12,세종특별시
2026-06-20T08:45:07+09:00,GBIKE,631081,75.0,36.611206,127.287341,12,세종특별시
2026-06-20T08:45:07+09:00,GBIKE,389264,47.0,36.611208,127.287368,12,세종특별시
2026-06-20T08:45:07+09:00,GBIKE,639358,93.0,36.611208,127.287241,12,세종특별시
2026-06-20T08:45:07+09:00,GBIKE,367351,92.0,36.611211,127.287345,12,세종특별시
2026-06-20T08:45:07+09:00,GBIKE,371839,40.0,36.611211,127.287435,12,세종특별시
2026-06-20T08:45:07+09:00,GBIKE,390771,33.0,36.611211,127.287213,12,세종특별시
2026-06-20T08:45:07+09:00,GBIKE,624252,69.0,36.611212,127.287371,12,세종특별시
2026-06-20T08:45:07+09:00,GBIKE,370121,62.0,36.611213,127.28717,12,세종특별시
2026-06-20T08:45:07+09:00,GBIKE,383726,61.0,36.611213,127.287246,12,세종특별시
2026-06-20T08:45:07+09:00,GBIKE,389536,37.0,36.611216,127.287393,12,세종특별시
2026-06-20T08:45:07+09:00,GBIKE,373290,37.0,36.61122,127.287401,12,세종특별시
2026-06-20T08:45:07+09:00,GBIKE,384713,56.0,36.611223,127.287203,12,세종특별시
2026-06-20T08:45:07+09:00,GBIKE,374717,54.0,36.611225,127.287306,12,세종특별시
2026-06-20T08:45:07+09:00,GBIKE,375376,77.0,36.611225,127.287408,12,세종특별시
2026-06-20T08:45:07+09:00,GBIKE,375506,75.0,36.611225,127.28724,12,세종특별시
2026-06-20T08:45:07+09:00,GBIKE,386032,39.0,36.611225,127.28744,12,세종특별시
2026-06-20T08:45:07+09:00,GBIKE,389847,98.0,36.611225,127.28741,12,세종특별시
2026-06-20T08:45:07+09:00,GBIKE,380113,49.0,36.61123,127.287291,12,세종특별시
2026-06-20T08:45:07+09:00,GBIKE,604326,55.0,36.611235,127.287363,12,세종특별시
2026-06-20T08:45:07+09:00,GBIKE,393158,65.0,36.611238,127.287491,12,세종특별시
2026-06-20T08:45:07+09:00,GBIKE,382502,33.0,36.611241,127.287396,12,세종특별시
2026-06-20T08:45:07+09:00,GBIKE,378046,31.0,36.611248,127.28741,12,세종특별시
2026-06-20T08:45:07+09:00,GBIKE,386486,37.0,36.611255,127.287413,12,세종특별시
2026-06-20T08:45:07+09:00,GBIKE,390442,100.0,36.611255,127.287506,12,세종특별시
2026-06-20T08:45:07+09:00,GBIKE,392112,98.0,36.611258,127.287443,12,세종특별시
2026-06-20T08:45:07+09:00,GBIKE,376030,96.0,36.61126,127.287228,12,세종특별시
2026-06-20T08:45:07+09:00,GBIKE,390748,37.0,36.611271,127.287406,12,세종특별시
2026-06-20T08:45:07+09:00,GBIKE,372771,31.0,36.611296,127.287371,12,세종특별시
2026-06-20T08:45:07+09:00,GBIKE,368165,38.0,36.61148,127.28461,12,세종특별시
2026-06-20T08:45:07+09:00,GBIKE,371980,85.0,36.611518,127.284593,12,세종특별시
2026-06-20T08:45:07+09:00,GBIKE,364370,40.0,36.611925,127.28479,12,세종특별시
2026-06-20T08:45:07+09:00,GBIKE,377735,31.0,36.611946,127.284841,12,세종특별시
2026-06-20T08:45:07+09:00,GBIKE,347744,87.0,36.613296,127.331585,12,세종특별시
2026-06-20T08:45:07+09:00,GBIKE,385435,67.0,36.613308,127.331583,12,세종특별시
2026-06-20T08:45:07+09:00,GBIKE,367337,33.0,36.613763,127.2925,12,세종특별시
2026-06-20T08:45:07+09:00,GBIKE,387886,30.0,36.613773,127.290445,12,세종특별시
2026-06-20T08:45:07+09:00,GBIKE,384398,32.0,36.613971,127.292441,12,세종특별시
2026-06-20T08:45:07+09:00,GBIKE,638210,100.0,36.614018,127.315002,12,세종특별시
2026-06-20T08:45:07+09:00,GBIKE,347335,51.0,36.614265,127.28256,12,세종특별시
2026-06-20T08:45:07+09:00,GBIKE,390295,35.0,36.614725,127.288108,12,세종특별시
2026-06-20T08:45:07+09:00,GBIKE,383347,96.0,36.614836,127.28433,12,세종특별시
2026-06-20T08:45:07+09:00,GBIKE,392394,34.0,36.614931,127.284973,12,세종특별시
2026-06-20T08:45:07+09:00,GBIKE,630971,66.0,36.614945,127.284957,12,세종특별시
2026-06-20T08:45:07+09:00,GBIKE,637526,70.0,36.615302,127.360331,12,세종특별시
2026-06-20T08:45:07+09:00,GBIKE,367251,34.0,36.615383,127.29262,12,세종특별시
2026-06-20T08:45:07+09:00,GBIKE,379960,63.0,36.616015,127.287118,12,세종특별시
2026-06-20T08:45:07+09:00,GBIKE,376341,67.0,36.616055,127.28744,12,세종특별시
2026-06-20T08:45:07+09:00,GBIKE,382690,99.0,36.616063,127.360265,12,세종특별시
2026-06-20T08:45:07+09:00,GBIKE,390769,31.0,36.616515,127.286928,12,세종특별시
2026-06-20T08:45:07+09:00,GBIKE,372300,36.0,36.616611,127.28667,12,세종특별시
2026-06-20T08:45:07+09:00,GBIKE,384375,64.0,36.616831,127.329133,12,세종특별시
2026-06-20T08:45:07+09:00,GBIKE,130745,33.0,36.617507,127.285737,12,세종특별시
2026-06-20T08:45:07+09:00,GBIKE,372776,89.0,36.617553,127.290468,12,세종특별시
2026-06-20T08:45:07+09:00,GBIKE,368400,71.0,36.618043,127.321585,12,세종특별시
2026-06-20T08:45:07+09:00,GBIKE,632681,46.0,36.618151,127.285781,12,세종특별시
2026-06-20T08:45:07+09:00,GBIKE,637354,50.0,36.618157,127.285784,12,세종특별시
2026-06-20T08:45:07+09:00,GBIKE,375530,30.0,36.618186,127.285706,12,세종특별시
2026-06-20T08:45:07+09:00,GBIKE,373233,99.0,36.618206,127.285786,12,세종특별시
2026-06-20T08:45:07+09:00,GBIKE,617885,51.0,36.618294,127.285756,12,세종특별시
2026-06-20T08:45:07+09:00,GBIKE,617890,34.0,36.618296,127.28576,12,세종특별시
2026-06-20T08:45:07+09:00,GBIKE,610792,52.0,36.618798,127.290773,12,세종특별시
2026-06-20T08:45:07+09:00,GBIKE,333967,92.0,36.618813,127.290806,12,세종특별시
2026-06-20T08:45:07+09:00,GBIKE,383590,43.0,36.618901,127.288586,12,세종특별시
2026-06-20T08:45:07+09:00,GBIKE,386756,43.0,36.61891,127.288586,12,세종특별시
2026-06-20T08:45:07+09:00,GBIKE,620351,96.0,36.618988,127.318896,12,세종특별시
2026-06-20T08:45:07+09:00,GBIKE,368554,30.0,36.619125,127.289853,12,세종특별시
2026-06-20T08:45:07+09:00,GBIKE,349173,42.0,36.61987,127.310753,12,세종특별시
2026-06-20T08:45:07+09:00,GBIKE,367800,36.0,36.62091,127.282471,12,세종특별시
2026-06-20T08:45:07+09:00,GBIKE,377277,92.0,36.621166,127.290566,12,세종특별시
2026-06-20T08:45:07+09:00,GBIKE,374732,39.0,36.62144,127.358601,12,세종특별시
2026-06-20T08:45:07+09:00,GBIKE,381558,100.0,36.621485,127.321955,12,세종특별시
2026-06-20T08:45:07+09:00,GBIKE,337661,78.0,36.621506,127.290936,12,세종특별시
2026-06-20T08:45:07+09:00,GBIKE,379714,54.0,36.62151,127.290941,12,세종특별시
2026-06-20T08:45:07+09:00,GBIKE,375561,32.0,36.622878,127.289225,12,세종특별시
2026-06-20T08:45:07+09:00,GBIKE,624613,45.0,36.622948,127.289448,12,세종특별시
2026-06-20T08:45:07+09:00,GBIKE,343399,100.0,36.623003,127.290195,12,세종특별시
2026-06-20T08:45:07+09:00,GBIKE,385639,72.0,36.624126,127.33088,12,세종특별시
2026-06-20T08:45:07+09:00,GBIKE,632299,41.0,36.629276,127.333273,12,세종특별시
2026-06-20T08:45:07+09:00,GBIKE,620356,93.0,36.631625,127.328545,12,세종특별시
2026-06-20T08:45:07+09:00,GBIKE,368357,67.0,36.656701,127.369016,12,세종특별시
