timestamp,operator_name,device_id,battery_level,latitude,longitude,city_code,city_name
2026-06-15T18:55:08+09:00,ALPACA,425055,30.0,36.32547,127.348305,12,세종특별시
2026-06-15T18:55:08+09:00,ALPACA,425373,39.0,36.326492,127.33874,12,세종특별시
2026-06-15T18:55:08+09:00,ALPACA,425451,31.0,36.32762,127.33943,12,세종특별시
2026-06-15T18:55:08+09:00,ALPACA,424720,48.0,36.33012,127.34353,12,세종특별시
2026-06-15T18:55:08+09:00,ALPACA,425050,100.0,36.330578,127.340164,12,세종특별시
2026-06-15T18:55:08+09:00,ALPACA,425455,49.0,36.336636,127.33467,12,세종특별시
2026-06-15T18:55:08+09:00,ALPACA,425975,62.0,36.338486,127.34279,12,세종특별시
2026-06-15T18:55:08+09:00,ALPACA,425413,62.0,36.338505,127.33282,12,세종특별시
2026-06-15T18:55:08+09:00,ALPACA,424952,46.0,36.339375,127.34195,12,세종특별시
2026-06-15T18:55:08+09:00,ALPACA,425006,38.0,36.339462,127.34202,12,세종특별시
2026-06-15T18:55:08+09:00,ALPACA,424743,82.0,36.339527,127.342,12,세종특별시
2026-06-15T18:55:08+09:00,ALPACA,424714,55.0,36.340332,127.34499,12,세종특별시
2026-06-15T18:55:08+09:00,ALPACA,425212,34.0,36.341503,127.33795,12,세종특별시
2026-06-15T18:55:08+09:00,ALPACA,425061,76.0,36.341545,127.34444,12,세종특별시
2026-06-15T18:55:08+09:00,ALPACA,425057,52.0,36.341568,127.34428,12,세종특별시
2026-06-15T18:55:08+09:00,ALPACA,424770,77.0,36.34157,127.34442,12,세종특별시
2026-06-15T18:55:08+09:00,ALPACA,424908,77.0,36.34158,127.34444,12,세종특별시
2026-06-15T18:55:08+09:00,ALPACA,424920,49.0,36.341583,127.34441,12,세종특별시
2026-06-15T18:55:08+09:00,ALPACA,424350,47.0,36.34164,127.33769,12,세종특별시
2026-06-15T18:55:08+09:00,ALPACA,424710,79.0,36.34184,127.34715,12,세종특별시
2026-06-15T18:55:08+09:00,ALPACA,425679,41.0,36.342346,127.340965,12,세종특별시
2026-06-15T18:55:08+09:00,ALPACA,425476,97.0,36.342384,127.34097,12,세종특별시
2026-06-15T18:55:08+09:00,ALPACA,425126,97.0,36.342384,127.34094,12,세종특별시
2026-06-15T18:55:08+09:00,ALPACA,424450,54.0,36.34246,127.34149,12,세종특별시
2026-06-15T18:55:08+09:00,ALPACA,424868,64.0,36.3427,127.339806,12,세종특별시
2026-06-15T18:55:08+09:00,ALPACA,424324,54.0,36.342773,127.33894,12,세종특별시
2026-06-15T18:55:08+09:00,ALPACA,424404,40.0,36.34278,127.3389,12,세종특별시
2026-06-15T18:55:08+09:00,ALPACA,424432,73.0,36.342785,127.33886,12,세종특별시
2026-06-15T18:55:08+09:00,ALPACA,424501,76.0,36.342796,127.338936,12,세종특별시
2026-06-15T18:55:08+09:00,ALPACA,424402,87.0,36.3428,127.33888,12,세종특별시
2026-06-15T18:55:08+09:00,ALPACA,424486,79.0,36.342808,127.3389,12,세종특별시
2026-06-15T18:55:08+09:00,ALPACA,424358,78.0,36.34281,127.33892,12,세종특별시
2026-06-15T18:55:08+09:00,ALPACA,424568,51.0,36.34281,127.33892,12,세종특별시
2026-06-15T18:55:08+09:00,ALPACA,424165,52.0,36.34282,127.337494,12,세종특별시
2026-06-15T18:55:08+09:00,ALPACA,424367,78.0,36.34282,127.3389,12,세종특별시
2026-06-15T18:55:08+09:00,ALPACA,425094,50.0,36.34283,127.3441,12,세종특별시
2026-06-15T18:55:08+09:00,ALPACA,424517,65.0,36.342922,127.344,12,세종특별시
2026-06-15T18:55:08+09:00,ALPACA,424839,64.0,36.342976,127.33981,12,세종특별시
2026-06-15T18:55:08+09:00,ALPACA,425238,54.0,36.343094,127.3444,12,세종특별시
2026-06-15T18:55:08+09:00,ALPACA,424425,40.0,36.34312,127.33904,12,세종특별시
2026-06-15T18:55:08+09:00,ALPACA,424508,33.0,36.34314,127.33361,12,세종특별시
2026-06-15T18:55:08+09:00,ALPACA,424544,57.0,36.3432,127.339165,12,세종특별시
2026-06-15T18:55:08+09:00,ALPACA,425151,59.0,36.34334,127.34419,12,세종특별시
2026-06-15T18:55:08+09:00,ALPACA,425383,59.0,36.343346,127.34419,12,세종특별시
2026-06-15T18:55:08+09:00,ALPACA,425524,53.0,36.343357,127.34417,12,세종특별시
2026-06-15T18:55:08+09:00,ALPACA,424787,81.0,36.34337,127.34419,12,세종특별시
2026-06-15T18:55:08+09:00,ALPACA,425112,68.0,36.343372,127.34417,12,세종특별시
2026-06-15T18:55:08+09:00,ALPACA,424897,50.0,36.34348,127.33816,12,세종특별시
2026-06-15T18:55:08+09:00,ALPACA,424709,71.0,36.343708,127.34429,12,세종특별시
2026-06-15T18:55:08+09:00,ALPACA,425677,67.0,36.34379,127.382706,12,세종특별시
2026-06-15T18:55:08+09:00,ALPACA,424707,51.0,36.344,127.34178,12,세종특별시
2026-06-15T18:55:08+09:00,ALPACA,424506,55.0,36.34425,127.33572,12,세종특별시
2026-06-15T18:55:08+09:00,ALPACA,425695,55.0,36.34427,127.34741,12,세종특별시
2026-06-15T18:55:08+09:00,ALPACA,425000,48.0,36.344334,127.34692,12,세종특별시
2026-06-15T18:55:08+09:00,ALPACA,425197,43.0,36.34453,127.33241,12,세종특별시
2026-06-15T18:55:08+09:00,ALPACA,424124,75.0,36.344643,127.33933,12,세종특별시
2026-06-15T18:55:08+09:00,ALPACA,424372,38.0,36.34483,127.34741,12,세종특별시
2026-06-15T18:55:08+09:00,ALPACA,425142,31.0,36.34541,127.32393,12,세종특별시
2026-06-15T18:55:08+09:00,ALPACA,425355,63.0,36.345676,127.33903,12,세종특별시
2026-06-15T18:55:08+09:00,ALPACA,425002,37.0,36.345753,127.337074,12,세종특별시
2026-06-15T18:55:08+09:00,ALPACA,424664,96.0,36.346123,127.34138,12,세종특별시
2026-06-15T18:55:08+09:00,ALPACA,425699,69.0,36.346195,127.33606,12,세종특별시
2026-06-15T18:55:08+09:00,ALPACA,424704,61.0,36.3468,127.33569,12,세종특별시
2026-06-15T18:55:08+09:00,ALPACA,425458,33.0,36.346813,127.33569,12,세종특별시
2026-06-15T18:55:08+09:00,ALPACA,425152,58.0,36.34684,127.33569,12,세종특별시
2026-06-15T18:55:08+09:00,ALPACA,424383,30.0,36.346848,127.3357,12,세종특별시
2026-06-15T18:55:08+09:00,ALPACA,425270,78.0,36.34685,127.335724,12,세종특별시
2026-06-15T18:55:08+09:00,ALPACA,424449,34.0,36.346855,127.335686,12,세종특별시
2026-06-15T18:55:08+09:00,ALPACA,425397,42.0,36.34703,127.33079,12,세종특별시
2026-06-15T18:55:08+09:00,ALPACA,425375,52.0,36.34705,127.33089,12,세종특별시
2026-06-15T18:55:08+09:00,ALPACA,424863,56.0,36.34708,127.34418,12,세종특별시
2026-06-15T18:55:08+09:00,ALPACA,425321,46.0,36.34708,127.33897,12,세종특별시
2026-06-15T18:55:08+09:00,ALPACA,425034,48.0,36.347115,127.33427,12,세종특별시
2026-06-15T18:55:08+09:00,ALPACA,424769,55.0,36.34713,127.340744,12,세종특별시
2026-06-15T18:55:08+09:00,ALPACA,425537,49.0,36.347977,127.34169,12,세종특별시
2026-06-15T18:55:08+09:00,ALPACA,425376,68.0,36.348225,127.33536,12,세종특별시
2026-06-15T18:55:08+09:00,ALPACA,424617,55.0,36.348232,127.331154,12,세종특별시
2026-06-15T18:55:08+09:00,ALPACA,425320,31.0,36.348244,127.33526,12,세종특별시
2026-06-15T18:55:08+09:00,ALPACA,425036,42.0,36.348267,127.33569,12,세종특별시
2026-06-15T18:55:08+09:00,ALPACA,424357,82.0,36.348293,127.335205,12,세종특별시
2026-06-15T18:55:08+09:00,ALPACA,426463,37.0,36.348343,127.33219,12,세종특별시
2026-06-15T18:55:08+09:00,ALPACA,424939,47.0,36.348362,127.33257,12,세종특별시
2026-06-15T18:55:08+09:00,ALPACA,425095,42.0,36.348408,127.33114,12,세종특별시
2026-06-15T18:55:08+09:00,ALPACA,425683,67.0,36.348576,127.33992,12,세종특별시
2026-06-15T18:55:08+09:00,ALPACA,425509,66.0,36.34864,127.33996,12,세종특별시
2026-06-15T18:55:08+09:00,ALPACA,425546,67.0,36.348648,127.339935,12,세종특별시
2026-06-15T18:55:08+09:00,ALPACA,425285,59.0,36.34868,127.335335,12,세종특별시
2026-06-15T18:55:08+09:00,ALPACA,425746,34.0,36.34869,127.339935,12,세종특별시
2026-06-15T18:55:08+09:00,ALPACA,425343,34.0,36.348724,127.3327,12,세종특별시
2026-06-15T18:55:08+09:00,ALPACA,425754,43.0,36.348732,127.33499,12,세종특별시
2026-06-15T18:55:08+09:00,ALPACA,424829,53.0,36.34877,127.32756,12,세종특별시
2026-06-15T18:55:08+09:00,ALPACA,424999,38.0,36.34963,127.33635,12,세종특별시
2026-06-15T18:55:08+09:00,ALPACA,424989,54.0,36.349663,127.336586,12,세종특별시
2026-06-15T18:55:08+09:00,ALPACA,426276,41.0,36.349823,127.38254,12,세종특별시
2026-06-15T18:55:08+09:00,ALPACA,424446,79.0,36.349888,127.33428,12,세종특별시
2026-06-15T18:55:08+09:00,ALPACA,425274,45.0,36.350433,127.329445,12,세종특별시
2026-06-15T18:55:08+09:00,ALPACA,425205,68.0,36.35046,127.34865,12,세종특별시
2026-06-15T18:55:08+09:00,ALPACA,425681,73.0,36.35048,127.32943,12,세종특별시
2026-06-15T18:55:08+09:00,ALPACA,425370,51.0,36.35068,127.33554,12,세종특별시
2026-06-15T18:55:08+09:00,ALPACA,423582,53.0,36.350746,127.33879,12,세종특별시
2026-06-15T18:55:08+09:00,ALPACA,426375,99.0,36.35077,127.3544,12,세종특별시
2026-06-15T18:55:08+09:00,ALPACA,424890,89.0,36.35124,127.33933,12,세종특별시
2026-06-15T18:55:08+09:00,ALPACA,425398,53.0,36.35127,127.33036,12,세종특별시
2026-06-15T18:55:08+09:00,ALPACA,425250,81.0,36.351402,127.332756,12,세종특별시
2026-06-15T18:55:08+09:00,ALPACA,425178,54.0,36.351433,127.35114,12,세종특별시
2026-06-15T18:55:08+09:00,ALPACA,425037,78.0,36.351437,127.33275,12,세종특별시
2026-06-15T18:55:08+09:00,ALPACA,425272,46.0,36.351517,127.34447,12,세종특별시
2026-06-15T18:55:08+09:00,ALPACA,425279,44.0,36.35155,127.3445,12,세종특별시
2026-06-15T18:55:08+09:00,ALPACA,425166,53.0,36.35158,127.34449,12,세종특별시
2026-06-15T18:55:08+09:00,ALPACA,425431,48.0,36.351585,127.34447,12,세종특별시
2026-06-15T18:55:08+09:00,ALPACA,425463,46.0,36.351597,127.34452,12,세종특별시
2026-06-15T18:55:08+09:00,ALPACA,425338,45.0,36.351597,127.346924,12,세종특별시
2026-06-15T18:55:08+09:00,ALPACA,426232,97.0,36.35173,127.34654,12,세종특별시
2026-06-15T18:55:08+09:00,ALPACA,425181,50.0,36.351772,127.34651,12,세종특별시
2026-06-15T18:55:08+09:00,ALPACA,425634,96.0,36.351948,127.34456,12,세종특별시
2026-06-15T18:55:08+09:00,ALPACA,425405,79.0,36.351967,127.33053,12,세종특별시
2026-06-15T18:55:08+09:00,ALPACA,425428,53.0,36.351982,127.33056,12,세종특별시
2026-06-15T18:55:08+09:00,ALPACA,424679,55.0,36.351986,127.33054,12,세종특별시
2026-06-15T18:55:08+09:00,ALPACA,425392,79.0,36.35199,127.33057,12,세종특별시
2026-06-15T18:55:08+09:00,ALPACA,424875,78.0,36.352005,127.33059,12,세종특별시
2026-06-15T18:55:08+09:00,ALPACA,424848,58.0,36.352013,127.337074,12,세종특별시
2026-06-15T18:55:08+09:00,ALPACA,424531,43.0,36.352016,127.33705,12,세종특별시
2026-06-15T18:55:08+09:00,ALPACA,424790,83.0,36.35203,127.33708,12,세종특별시
2026-06-15T18:55:08+09:00,ALPACA,425330,54.0,36.352066,127.34851,12,세종특별시
2026-06-15T18:55:08+09:00,ALPACA,425532,42.0,36.35213,127.34611,12,세종특별시
2026-06-15T18:55:08+09:00,ALPACA,424667,57.0,36.352142,127.341324,12,세종특별시
2026-06-15T18:55:08+09:00,ALPACA,425724,32.0,36.352177,127.333824,12,세종특별시
2026-06-15T18:55:08+09:00,ALPACA,425337,83.0,36.352417,127.37541,12,세종특별시
2026-06-15T18:55:08+09:00,ALPACA,424435,58.0,36.352432,127.341324,12,세종특별시
2026-06-15T18:55:08+09:00,ALPACA,424205,49.0,36.352486,127.33277,12,세종특별시
2026-06-15T18:55:08+09:00,ALPACA,424972,37.0,36.35249,127.344025,12,세종특별시
2026-06-15T18:55:08+09:00,ALPACA,424420,83.0,36.35261,127.33354,12,세종특별시
2026-06-15T18:55:08+09:00,ALPACA,425504,75.0,36.352695,127.32905,12,세종특별시
2026-06-15T18:55:08+09:00,ALPACA,423869,60.0,36.352776,127.33581,12,세종특별시
2026-06-15T18:55:08+09:00,ALPACA,424379,100.0,36.352863,127.37431,12,세종특별시
2026-06-15T18:55:08+09:00,ALPACA,424955,98.0,36.352867,127.37439,12,세종특별시
2026-06-15T18:55:08+09:00,ALPACA,424978,83.0,36.352875,127.37447,12,세종특별시
2026-06-15T18:55:08+09:00,ALPACA,425535,98.0,36.35288,127.374374,12,세종특별시
2026-06-15T18:55:08+09:00,ALPACA,424490,100.0,36.352882,127.37442,12,세종특별시
2026-06-15T18:55:08+09:00,ALPACA,424575,100.0,36.352882,127.37443,12,세종특별시
2026-06-15T18:55:08+09:00,ALPACA,425234,100.0,36.352882,127.37444,12,세종특별시
2026-06-15T18:55:08+09:00,ALPACA,426307,87.0,36.352898,127.374405,12,세종특별시
2026-06-15T18:55:08+09:00,ALPACA,424249,100.0,36.3529,127.374405,12,세종특별시
2026-06-15T18:55:08+09:00,ALPACA,424967,100.0,36.352905,127.37436,12,세종특별시
2026-06-15T18:55:08+09:00,ALPACA,425254,100.0,36.352905,127.37443,12,세종특별시
2026-06-15T18:55:08+09:00,ALPACA,425700,85.0,36.352924,127.3744,12,세종특별시
2026-06-15T18:55:08+09:00,ALPACA,425308,95.0,36.352924,127.37443,12,세종특별시
2026-06-15T18:55:08+09:00,ALPACA,424352,100.0,36.35293,127.37446,12,세종특별시
2026-06-15T18:55:08+09:00,ALPACA,425689,51.0,36.353,127.347534,12,세종특별시
2026-06-15T18:55:08+09:00,ALPACA,425508,63.0,36.353073,127.34147,12,세종특별시
2026-06-15T18:55:08+09:00,ALPACA,424609,57.0,36.353096,127.33522,12,세종특별시
2026-06-15T18:55:08+09:00,ALPACA,424430,84.0,36.353127,127.34475,12,세종특별시
2026-06-15T18:55:08+09:00,ALPACA,425351,61.0,36.353138,127.3299,12,세종특별시
2026-06-15T18:55:08+09:00,ALPACA,425435,43.0,36.353153,127.329796,12,세종특별시
2026-06-15T18:55:08+09:00,ALPACA,424343,76.0,36.353153,127.3352,12,세종특별시
2026-06-15T18:55:08+09:00,ALPACA,424772,34.0,36.353165,127.32981,12,세종특별시
2026-06-15T18:55:08+09:00,ALPACA,424347,79.0,36.353172,127.34127,12,세종특별시
2026-06-15T18:55:08+09:00,ALPACA,424581,83.0,36.353172,127.33526,12,세종특별시
2026-06-15T18:55:08+09:00,ALPACA,424498,52.0,36.353188,127.33999,12,세종특별시
2026-06-15T18:55:08+09:00,ALPACA,424364,72.0,36.35328,127.34211,12,세종특별시
2026-06-15T18:55:08+09:00,ALPACA,425698,100.0,36.353283,127.34215,12,세종특별시
2026-06-15T18:55:08+09:00,ALPACA,424348,43.0,36.353287,127.34213,12,세종특별시
2026-06-15T18:55:08+09:00,ALPACA,424412,73.0,36.35329,127.34213,12,세종특별시
2026-06-15T18:55:08+09:00,ALPACA,425738,100.0,36.353306,127.34211,12,세종특별시
2026-06-15T18:55:08+09:00,ALPACA,424437,100.0,36.35331,127.34216,12,세종특별시
2026-06-15T18:55:08+09:00,ALPACA,425016,90.0,36.35331,127.342125,12,세종특별시
2026-06-15T18:55:08+09:00,ALPACA,425499,99.0,36.353313,127.3421,12,세종특별시
2026-06-15T18:55:08+09:00,ALPACA,424447,46.0,36.353333,127.34298,12,세종특별시
2026-06-15T18:55:08+09:00,ALPACA,424465,100.0,36.353336,127.34208,12,세종특별시
2026-06-15T18:55:08+09:00,ALPACA,425432,63.0,36.353344,127.34212,12,세종특별시
2026-06-15T18:55:08+09:00,ALPACA,425229,100.0,36.353344,127.34212,12,세종특별시
2026-06-15T18:55:08+09:00,ALPACA,424431,100.0,36.353386,127.34214,12,세종특별시
2026-06-15T18:55:08+09:00,ALPACA,424296,48.0,36.35341,127.342865,12,세종특별시
2026-06-15T18:55:08+09:00,ALPACA,425420,59.0,36.353436,127.3429,12,세종특별시
2026-06-15T18:55:08+09:00,ALPACA,425682,65.0,36.35344,127.34301,12,세종특별시
2026-06-15T18:55:08+09:00,ALPACA,425984,46.0,36.35345,127.40027,12,세종특별시
2026-06-15T18:55:08+09:00,ALPACA,424414,49.0,36.353455,127.342834,12,세종특별시
2026-06-15T18:55:08+09:00,ALPACA,425726,32.0,36.35346,127.342926,12,세종특별시
2026-06-15T18:55:08+09:00,ALPACA,424627,65.0,36.35346,127.34284,12,세종특별시
2026-06-15T18:55:08+09:00,ALPACA,425739,64.0,36.353477,127.342865,12,세종특별시
2026-06-15T18:55:08+09:00,ALPACA,424334,66.0,36.35349,127.34308,12,세종특별시
2026-06-15T18:55:08+09:00,ALPACA,424453,76.0,36.35353,127.342926,12,세종특별시
2026-06-15T18:55:08+09:00,ALPACA,425327,77.0,36.353535,127.3301,12,세종특별시
2026-06-15T18:55:08+09:00,ALPACA,425219,50.0,36.35354,127.34168,12,세종특별시
2026-06-15T18:55:08+09:00,ALPACA,424615,39.0,36.353783,127.33769,12,세종특별시
2026-06-15T18:55:08+09:00,ALPACA,424365,45.0,36.353848,127.33775,12,세종특별시
2026-06-15T18:55:08+09:00,ALPACA,424426,60.0,36.353985,127.32902,12,세종특별시
2026-06-15T18:55:08+09:00,ALPACA,425445,85.0,36.3541,127.37092,12,세종특별시
2026-06-15T18:55:08+09:00,ALPACA,424631,76.0,36.354164,127.3372,12,세종특별시
2026-06-15T18:55:08+09:00,ALPACA,425346,50.0,36.354313,127.34257,12,세종특별시
2026-06-15T18:55:08+09:00,ALPACA,424155,42.0,36.354412,127.34485,12,세종특별시
2026-06-15T18:55:08+09:00,ALPACA,425710,58.0,36.35442,127.34386,12,세종특별시
2026-06-15T18:55:08+09:00,ALPACA,426329,99.0,36.354454,127.35456,12,세종특별시
2026-06-15T18:55:08+09:00,ALPACA,426482,100.0,36.354465,127.35452,12,세종특별시
2026-06-15T18:55:08+09:00,ALPACA,426354,100.0,36.35447,127.35452,12,세종특별시
2026-06-15T18:55:08+09:00,ALPACA,425577,100.0,36.35448,127.354546,12,세종특별시
2026-06-15T18:55:08+09:00,ALPACA,425937,100.0,36.35448,127.35452,12,세종특별시
2026-06-15T18:55:08+09:00,ALPACA,424345,100.0,36.35448,127.35455,12,세종특별시
2026-06-15T18:55:08+09:00,ALPACA,426330,100.0,36.354485,127.35453,12,세종특별시
2026-06-15T18:55:08+09:00,ALPACA,424752,100.0,36.35449,127.354515,12,세종특별시
2026-06-15T18:55:08+09:00,ALPACA,426248,99.0,36.354492,127.35457,12,세종특별시
2026-06-15T18:55:08+09:00,ALPACA,426512,100.0,36.354496,127.35454,12,세종특별시
2026-06-15T18:55:08+09:00,ALPACA,424605,100.0,36.354496,127.35452,12,세종특별시
2026-06-15T18:55:08+09:00,ALPACA,426376,100.0,36.354504,127.35457,12,세종특별시
2026-06-15T18:55:08+09:00,ALPACA,425052,98.0,36.354507,127.35457,12,세종특별시
2026-06-15T18:55:08+09:00,ALPACA,424349,62.0,36.35456,127.343636,12,세종특별시
2026-06-15T18:55:08+09:00,ALPACA,424487,49.0,36.35457,127.34355,12,세종특별시
2026-06-15T18:55:08+09:00,ALPACA,425461,31.0,36.354595,127.33806,12,세종특별시
2026-06-15T18:55:08+09:00,ALPACA,424468,96.0,36.354626,127.34351,12,세종특별시
2026-06-15T18:55:08+09:00,ALPACA,424673,65.0,36.35463,127.331,12,세종특별시
2026-06-15T18:55:08+09:00,ALPACA,426253,91.0,36.354668,127.34213,12,세종특별시
2026-06-15T18:55:08+09:00,ALPACA,425391,79.0,36.354694,127.34072,12,세종특별시
2026-06-15T18:55:08+09:00,ALPACA,424589,42.0,36.35471,127.335434,12,세종특별시
2026-06-15T18:55:08+09:00,ALPACA,425312,64.0,36.35471,127.34337,12,세종특별시
2026-06-15T18:55:08+09:00,ALPACA,424645,39.0,36.35472,127.33947,12,세종특별시
2026-06-15T18:55:08+09:00,ALPACA,425259,63.0,36.354847,127.33122,12,세종특별시
2026-06-15T18:55:08+09:00,ALPACA,424650,87.0,36.35498,127.34769,12,세종특별시
2026-06-15T18:55:08+09:00,ALPACA,424639,46.0,36.35506,127.337006,12,세종특별시
2026-06-15T18:55:08+09:00,ALPACA,425025,67.0,36.35509,127.33698,12,세종특별시
2026-06-15T18:55:08+09:00,ALPACA,424433,39.0,36.35512,127.337006,12,세종특별시
2026-06-15T18:55:08+09:00,ALPACA,425545,44.0,36.355125,127.34306,12,세종특별시
2026-06-15T18:55:08+09:00,ALPACA,424838,49.0,36.355125,127.34424,12,세종특별시
2026-06-15T18:55:08+09:00,ALPACA,424574,85.0,36.35513,127.34304,12,세종특별시
2026-06-15T18:55:08+09:00,ALPACA,424603,46.0,36.35513,127.344246,12,세종특별시
2026-06-15T18:55:08+09:00,ALPACA,425419,61.0,36.35514,127.33696,12,세종특별시
2026-06-15T18:55:08+09:00,ALPACA,425688,91.0,36.35518,127.35096,12,세종특별시
2026-06-15T18:55:08+09:00,ALPACA,424356,67.0,36.355316,127.34521,12,세종특별시
2026-06-15T18:55:08+09:00,ALPACA,425339,39.0,36.355343,127.335724,12,세종특별시
2026-06-15T18:55:08+09:00,ALPACA,424315,63.0,36.355366,127.33185,12,세종특별시
2026-06-15T18:55:08+09:00,ALPACA,425676,47.0,36.35537,127.33531,12,세종특별시
2026-06-15T18:55:08+09:00,ALPACA,424608,96.0,36.355385,127.33186,12,세종특별시
2026-06-15T18:55:08+09:00,ALPACA,424554,50.0,36.35547,127.3438,12,세종특별시
2026-06-15T18:55:08+09:00,ALPACA,424965,70.0,36.35557,127.33481,12,세종특별시
2026-06-15T18:55:08+09:00,ALPACA,424853,37.0,36.355625,127.34307,12,세종특별시
2026-06-15T18:55:08+09:00,ALPACA,412506,82.0,36.35568,127.37574,12,세종특별시
2026-06-15T18:55:08+09:00,ALPACA,424862,44.0,36.355717,127.33943,12,세종특별시
2026-06-15T18:55:08+09:00,ALPACA,424451,49.0,36.355732,127.36027,12,세종특별시
2026-06-15T18:55:08+09:00,ALPACA,425486,60.0,36.35579,127.33127,12,세종특별시
2026-06-15T18:55:08+09:00,ALPACA,425269,35.0,36.355877,127.35214,12,세종특별시
2026-06-15T18:55:08+09:00,ALPACA,424289,40.0,36.355896,127.3441,12,세종특별시
2026-06-15T18:55:08+09:00,ALPACA,425430,51.0,36.355976,127.33678,12,세종특별시
2026-06-15T18:55:08+09:00,ALPACA,425678,82.0,36.355984,127.33124,12,세종특별시
2026-06-15T18:55:08+09:00,ALPACA,424884,79.0,36.35599,127.33125,12,세종특별시
2026-06-15T18:55:08+09:00,ALPACA,424264,57.0,36.356014,127.33124,12,세종특별시
2026-06-15T18:55:08+09:00,ALPACA,424613,62.0,36.356018,127.34417,12,세종특별시
2026-06-15T18:55:08+09:00,ALPACA,425470,60.0,36.356026,127.33964,12,세종특별시
2026-06-15T18:55:08+09:00,ALPACA,425045,56.0,36.3561,127.33079,12,세종특별시
2026-06-15T18:55:08+09:00,ALPACA,425547,87.0,36.356148,127.35081,12,세종특별시
2026-06-15T18:55:08+09:00,ALPACA,425007,74.0,36.356277,127.36386,12,세종특별시
2026-06-15T18:55:08+09:00,ALPACA,425407,92.0,36.35636,127.361046,12,세종특별시
2026-06-15T18:55:08+09:00,ALPACA,425047,75.0,36.35641,127.34814,12,세종특별시
2026-06-15T18:55:08+09:00,ALPACA,424818,77.0,36.35644,127.34812,12,세종특별시
2026-06-15T18:55:08+09:00,ALPACA,425282,76.0,36.356503,127.348045,12,세종특별시
2026-06-15T18:55:08+09:00,ALPACA,425233,54.0,36.356514,127.341774,12,세종특별시
2026-06-15T18:55:08+09:00,ALPACA,425265,78.0,36.35654,127.34811,12,세종특별시
2026-06-15T18:55:08+09:00,ALPACA,425402,77.0,36.356552,127.348076,12,세종특별시
2026-06-15T18:55:08+09:00,ALPACA,424713,66.0,36.35656,127.34803,12,세종특별시
2026-06-15T18:55:08+09:00,ALPACA,425008,67.0,36.35658,127.331184,12,세종특별시
2026-06-15T18:55:08+09:00,ALPACA,424595,64.0,36.356632,127.33812,12,세종특별시
2026-06-15T18:55:08+09:00,ALPACA,424183,49.0,36.35665,127.33153,12,세종특별시
2026-06-15T18:55:08+09:00,ALPACA,426460,70.0,36.356766,127.33561,12,세종특별시
2026-06-15T18:55:08+09:00,ALPACA,424502,44.0,36.35679,127.33562,12,세종특별시
2026-06-15T18:55:08+09:00,ALPACA,425411,90.0,36.35689,127.33546,12,세종특별시
2026-06-15T18:55:08+09:00,ALPACA,414766,87.0,36.3569,127.335464,12,세종특별시
2026-06-15T18:55:08+09:00,ALPACA,424909,40.0,36.35701,127.34502,12,세종특별시
2026-06-15T18:55:08+09:00,ALPACA,424821,49.0,36.357014,127.35436,12,세종특별시
2026-06-15T18:55:08+09:00,ALPACA,424828,51.0,36.357162,127.35101,12,세종특별시
2026-06-15T18:55:08+09:00,ALPACA,424966,65.0,36.357216,127.358055,12,세종특별시
2026-06-15T18:55:08+09:00,ALPACA,426311,43.0,36.35722,127.340034,12,세종특별시
2026-06-15T18:55:08+09:00,ALPACA,426301,87.0,36.35723,127.34008,12,세종특별시
2026-06-15T18:55:08+09:00,ALPACA,425222,41.0,36.35726,127.35034,12,세종특별시
2026-06-15T18:55:08+09:00,ALPACA,424693,44.0,36.357384,127.34778,12,세종특별시
2026-06-15T18:55:08+09:00,ALPACA,425475,91.0,36.357407,127.37182,12,세종특별시
2026-06-15T18:55:08+09:00,ALPACA,425056,94.0,36.357414,127.37181,12,세종특별시
2026-06-15T18:55:08+09:00,ALPACA,424371,90.0,36.357418,127.371826,12,세종특별시
2026-06-15T18:55:08+09:00,ALPACA,425539,100.0,36.35742,127.37179,12,세종특별시
2026-06-15T18:55:08+09:00,ALPACA,425536,98.0,36.35743,127.37181,12,세종특별시
2026-06-15T18:55:08+09:00,ALPACA,425194,69.0,36.35743,127.34778,12,세종특별시
2026-06-15T18:55:08+09:00,ALPACA,424375,90.0,36.357433,127.371826,12,세종특별시
2026-06-15T18:55:08+09:00,ALPACA,424986,66.0,36.357433,127.34782,12,세종특별시
2026-06-15T18:55:08+09:00,ALPACA,424716,93.0,36.357437,127.371826,12,세종특별시
2026-06-15T18:55:08+09:00,ALPACA,424836,95.0,36.357437,127.37183,12,세종특별시
2026-06-15T18:55:08+09:00,ALPACA,424992,93.0,36.357437,127.37179,12,세종특별시
2026-06-15T18:55:08+09:00,ALPACA,425304,83.0,36.35744,127.37408,12,세종특별시
2026-06-15T18:55:08+09:00,ALPACA,412524,84.0,36.35745,127.37182,12,세종특별시
2026-06-15T18:55:08+09:00,ALPACA,424366,100.0,36.35745,127.37182,12,세종특별시
2026-06-15T18:55:08+09:00,ALPACA,424519,100.0,36.35745,127.37177,12,세종특별시
2026-06-15T18:55:08+09:00,ALPACA,424881,94.0,36.35745,127.37179,12,세종특별시
2026-06-15T18:55:08+09:00,ALPACA,424931,90.0,36.35745,127.37182,12,세종특별시
2026-06-15T18:55:08+09:00,ALPACA,425284,100.0,36.35745,127.37181,12,세종특별시
2026-06-15T18:55:08+09:00,ALPACA,424573,100.0,36.357452,127.37184,12,세종특별시
2026-06-15T18:55:08+09:00,ALPACA,424398,100.0,36.357464,127.37182,12,세종특별시
2026-06-15T18:55:08+09:00,ALPACA,414820,42.0,36.357468,127.37182,12,세종특별시
2026-06-15T18:55:08+09:00,ALPACA,425772,100.0,36.357468,127.3718,12,세종특별시
2026-06-15T18:55:08+09:00,ALPACA,425382,100.0,36.357468,127.37181,12,세종특별시
2026-06-15T18:55:08+09:00,ALPACA,425714,100.0,36.35747,127.37181,12,세종특별시
2026-06-15T18:55:08+09:00,ALPACA,426451,71.0,36.357475,127.37181,12,세종특별시
2026-06-15T18:55:08+09:00,ALPACA,414275,82.0,36.357483,127.37183,12,세종특별시
2026-06-15T18:55:08+09:00,ALPACA,414686,88.0,36.357487,127.37181,12,세종특별시
2026-06-15T18:55:08+09:00,ALPACA,415028,51.0,36.357487,127.37182,12,세종특별시
2026-06-15T18:55:08+09:00,ALPACA,424445,100.0,36.357487,127.371826,12,세종특별시
2026-06-15T18:55:08+09:00,ALPACA,424845,100.0,36.35749,127.371796,12,세종특별시
2026-06-15T18:55:08+09:00,ALPACA,425701,40.0,36.357494,127.371826,12,세종특별시
2026-06-15T18:55:08+09:00,ALPACA,414769,51.0,36.35751,127.37182,12,세종특별시
2026-06-15T18:55:08+09:00,ALPACA,425583,71.0,36.357517,127.37181,12,세종특별시
2026-06-15T18:55:08+09:00,ALPACA,425200,82.0,36.357517,127.371796,12,세종특별시
2026-06-15T18:55:08+09:00,ALPACA,425015,62.0,36.357536,127.37182,12,세종특별시
2026-06-15T18:55:08+09:00,ALPACA,425755,52.0,36.35756,127.3515,12,세종특별시
2026-06-15T18:55:08+09:00,ALPACA,425674,44.0,36.35757,127.35059,12,세종특별시
2026-06-15T18:55:08+09:00,ALPACA,426441,89.0,36.357574,127.34979,12,세종특별시
2026-06-15T18:55:08+09:00,ALPACA,425357,55.0,36.357647,127.33109,12,세종특별시
2026-06-15T18:55:08+09:00,ALPACA,424906,41.0,36.35765,127.35195,12,세종특별시
2026-06-15T18:55:08+09:00,ALPACA,425485,53.0,36.357685,127.34431,12,세종특별시
2026-06-15T18:55:08+09:00,ALPACA,424916,65.0,36.357822,127.35125,12,세종특별시
2026-06-15T18:55:08+09:00,ALPACA,425491,42.0,36.357883,127.34583,12,세종특별시
2026-06-15T18:55:08+09:00,ALPACA,425332,45.0,36.3579,127.35129,12,세종특별시
2026-06-15T18:55:08+09:00,ALPACA,425422,100.0,36.35791,127.36395,12,세종특별시
2026-06-15T18:55:08+09:00,ALPACA,425460,100.0,36.35793,127.36385,12,세종특별시
2026-06-15T18:55:08+09:00,ALPACA,425753,73.0,36.35793,127.36391,12,세종특별시
2026-06-15T18:55:08+09:00,ALPACA,426268,100.0,36.357937,127.36383,12,세종특별시
2026-06-15T18:55:08+09:00,ALPACA,425765,88.0,36.357944,127.36386,12,세종특별시
2026-06-15T18:55:08+09:00,ALPACA,423880,99.0,36.357956,127.363785,12,세종특별시
2026-06-15T18:55:08+09:00,ALPACA,424185,100.0,36.35796,127.36382,12,세종특별시
2026-06-15T18:55:08+09:00,ALPACA,425209,85.0,36.35796,127.37969,12,세종특별시
2026-06-15T18:55:08+09:00,ALPACA,424400,100.0,36.357964,127.363815,12,세종특별시
2026-06-15T18:55:08+09:00,ALPACA,425543,78.0,36.357975,127.36382,12,세종특별시
2026-06-15T18:55:08+09:00,ALPACA,424326,100.0,36.357983,127.364,12,세종특별시
2026-06-15T18:55:08+09:00,ALPACA,425992,100.0,36.357986,127.363785,12,세종특별시
2026-06-15T18:55:08+09:00,ALPACA,424388,69.0,36.357994,127.36381,12,세종특별시
2026-06-15T18:55:08+09:00,ALPACA,424569,76.0,36.358,127.36382,12,세종특별시
2026-06-15T18:55:08+09:00,ALPACA,424403,76.0,36.358006,127.36379,12,세종특별시
2026-06-15T18:55:08+09:00,ALPACA,424572,86.0,36.358013,127.363914,12,세종특별시
2026-06-15T18:55:08+09:00,ALPACA,425223,49.0,36.35813,127.35243,12,세종특별시
2026-06-15T18:55:08+09:00,ALPACA,424560,38.0,36.358322,127.35582,12,세종특별시
2026-06-15T18:55:08+09:00,ALPACA,425127,51.0,36.358402,127.32857,12,세종특별시
2026-06-15T18:55:08+09:00,ALPACA,424479,62.0,36.358505,127.34494,12,세종특별시
2026-06-15T18:55:08+09:00,ALPACA,424808,47.0,36.358772,127.35916,12,세종특별시
2026-06-15T18:55:08+09:00,ALPACA,424789,58.0,36.35878,127.359116,12,세종특별시
2026-06-15T18:55:08+09:00,ALPACA,424817,76.0,36.358967,127.33226,12,세종특별시
2026-06-15T18:55:08+09:00,ALPACA,424979,68.0,36.35902,127.33379,12,세종특별시
2026-06-15T18:55:08+09:00,ALPACA,424943,64.0,36.359043,127.33376,12,세종특별시
2026-06-15T18:55:08+09:00,ALPACA,425161,70.0,36.359043,127.35218,12,세종특별시
2026-06-15T18:55:08+09:00,ALPACA,424970,45.0,36.35905,127.333725,12,세종특별시
2026-06-15T18:55:08+09:00,ALPACA,425440,66.0,36.359055,127.33343,12,세종특별시
2026-06-15T18:55:08+09:00,ALPACA,425210,46.0,36.35906,127.33347,12,세종특별시
2026-06-15T18:55:08+09:00,ALPACA,425421,62.0,36.359062,127.33345,12,세종특별시
2026-06-15T18:55:08+09:00,ALPACA,425393,56.0,36.359062,127.35218,12,세종특별시
2026-06-15T18:55:08+09:00,ALPACA,425396,71.0,36.359062,127.33344,12,세종특별시
2026-06-15T18:55:08+09:00,ALPACA,425410,63.0,36.35907,127.33347,12,세종특별시
2026-06-15T18:55:08+09:00,ALPACA,425325,56.0,36.35909,127.33349,12,세종특별시
2026-06-15T18:55:08+09:00,ALPACA,424859,62.0,36.359093,127.333466,12,세종특별시
2026-06-15T18:55:08+09:00,ALPACA,425201,65.0,36.359097,127.34553,12,세종특별시
2026-06-15T18:55:08+09:00,ALPACA,424630,81.0,36.359272,127.3417,12,세종특별시
2026-06-15T18:55:08+09:00,ALPACA,424558,84.0,36.359306,127.35442,12,세종특별시
2026-06-15T18:55:08+09:00,ALPACA,424684,51.0,36.359425,127.333916,12,세종특별시
2026-06-15T18:55:08+09:00,ALPACA,424448,89.0,36.35951,127.33482,12,세종특별시
2026-06-15T18:55:08+09:00,ALPACA,425358,98.0,36.359547,127.343346,12,세종특별시
2026-06-15T18:55:08+09:00,ALPACA,425564,87.0,36.359573,127.34343,12,세종특별시
2026-06-15T18:55:08+09:00,ALPACA,424610,46.0,36.359737,127.33646,12,세종특별시
2026-06-15T18:55:08+09:00,ALPACA,424638,40.0,36.359737,127.33638,12,세종특별시
2026-06-15T18:55:08+09:00,ALPACA,414824,48.0,36.35978,127.374146,12,세종특별시
2026-06-15T18:55:08+09:00,ALPACA,425077,99.0,36.359863,127.371994,12,세종특별시
2026-06-15T18:55:08+09:00,ALPACA,424998,54.0,36.360413,127.33222,12,세종특별시
2026-06-15T18:55:08+09:00,ALPACA,424985,41.0,36.360596,127.33354,12,세종특별시
2026-06-15T18:55:08+09:00,ALPACA,425626,32.0,36.360767,127.333916,12,세종특별시
2026-06-15T18:55:08+09:00,ALPACA,424598,65.0,36.360916,127.350266,12,세종특별시
2026-06-15T18:55:08+09:00,ALPACA,424894,58.0,36.361115,127.33635,12,세종특별시
2026-06-15T18:55:08+09:00,ALPACA,425326,71.0,36.361115,127.3372,12,세종특별시
2026-06-15T18:55:08+09:00,ALPACA,425353,44.0,36.361145,127.338425,12,세종특별시
2026-06-15T18:55:08+09:00,ALPACA,424556,100.0,36.36118,127.356,12,세종특별시
2026-06-15T18:55:08+09:00,ALPACA,425046,85.0,36.361324,127.33851,12,세종특별시
2026-06-15T18:55:08+09:00,ALPACA,425246,44.0,36.36135,127.33777,12,세종특별시
2026-06-15T18:55:08+09:00,ALPACA,424374,97.0,36.36141,127.33746,12,세종특별시
2026-06-15T18:55:08+09:00,ALPACA,424976,100.0,36.36153,127.35697,12,세종특별시
2026-06-15T18:55:08+09:00,ALPACA,426378,100.0,36.36154,127.35697,12,세종특별시
2026-06-15T18:55:08+09:00,ALPACA,424441,86.0,36.361656,127.33664,12,세종특별시
2026-06-15T18:55:08+09:00,ALPACA,414826,32.0,36.36168,127.353264,12,세종특별시
2026-06-15T18:55:08+09:00,ALPACA,425693,95.0,36.36177,127.344894,12,세종특별시
2026-06-15T18:55:08+09:00,ALPACA,425454,59.0,36.36179,127.33026,12,세종특별시
2026-06-15T18:55:08+09:00,ALPACA,424634,58.0,36.361794,127.35746,12,세종특별시
2026-06-15T18:55:08+09:00,ALPACA,424369,90.0,36.36182,127.357475,12,세종특별시
2026-06-15T18:55:08+09:00,ALPACA,424885,97.0,36.36183,127.357574,12,세종특별시
2026-06-15T18:55:08+09:00,ALPACA,426262,100.0,36.36184,127.3576,12,세종특별시
2026-06-15T18:55:08+09:00,ALPACA,424405,100.0,36.36185,127.35762,12,세종특별시
2026-06-15T18:55:08+09:00,ALPACA,424889,100.0,36.36185,127.357574,12,세종특별시
2026-06-15T18:55:08+09:00,ALPACA,424415,34.0,36.361877,127.34437,12,세종특별시
2026-06-15T18:55:08+09:00,ALPACA,424786,50.0,36.361923,127.35732,12,세종특별시
2026-06-15T18:55:08+09:00,ALPACA,424958,74.0,36.361958,127.35738,12,세종특별시
2026-06-15T18:55:08+09:00,ALPACA,425371,74.0,36.361965,127.357376,12,세종특별시
2026-06-15T18:55:08+09:00,ALPACA,424922,46.0,36.36197,127.35737,12,세종특별시
2026-06-15T18:55:08+09:00,ALPACA,425368,75.0,36.36197,127.35735,12,세종특별시
2026-06-15T18:55:08+09:00,ALPACA,424584,67.0,36.36198,127.35785,12,세종특별시
2026-06-15T18:55:08+09:00,ALPACA,425527,76.0,36.36202,127.35738,12,세종특별시
2026-06-15T18:55:08+09:00,ALPACA,425114,44.0,36.36203,127.36115,12,세종특별시
2026-06-15T18:55:08+09:00,ALPACA,424399,82.0,36.362183,127.37412,12,세종특별시
2026-06-15T18:55:08+09:00,ALPACA,424778,95.0,36.36247,127.34416,12,세종특별시
2026-06-15T18:55:08+09:00,ALPACA,425184,100.0,36.362507,127.35731,12,세종특별시
2026-06-15T18:55:08+09:00,ALPACA,424578,94.0,36.36252,127.33519,12,세종특별시
2026-06-15T18:55:08+09:00,ALPACA,425389,55.0,36.36252,127.357346,12,세종특별시
2026-06-15T18:55:08+09:00,ALPACA,424941,100.0,36.362583,127.3447,12,세종특별시
2026-06-15T18:55:08+09:00,ALPACA,425118,95.0,36.362583,127.34451,12,세종특별시
2026-06-15T18:55:08+09:00,ALPACA,424957,97.0,36.362587,127.3446,12,세종특별시
2026-06-15T18:55:08+09:00,ALPACA,424592,76.0,36.362595,127.34471,12,세종특별시
2026-06-15T18:55:08+09:00,ALPACA,425434,100.0,36.3626,127.34471,12,세종특별시
2026-06-15T18:55:08+09:00,ALPACA,424332,100.0,36.362602,127.34473,12,세종특별시
2026-06-15T18:55:08+09:00,ALPACA,424585,100.0,36.362602,127.3447,12,세종특별시
2026-06-15T18:55:08+09:00,ALPACA,425588,100.0,36.362606,127.34472,12,세종특별시
2026-06-15T18:55:08+09:00,ALPACA,425703,68.0,36.36261,127.344505,12,세종특별시
2026-06-15T18:55:08+09:00,ALPACA,425224,98.0,36.362614,127.344475,12,세종특별시
2026-06-15T18:55:08+09:00,ALPACA,424429,99.0,36.36262,127.34457,12,세종특별시
2026-06-15T18:55:08+09:00,ALPACA,424919,100.0,36.36262,127.34452,12,세종특별시
2026-06-15T18:55:08+09:00,ALPACA,425345,100.0,36.36262,127.344734,12,세종특별시
2026-06-15T18:55:08+09:00,ALPACA,425400,62.0,36.362625,127.34453,12,세종특별시
2026-06-15T18:55:08+09:00,ALPACA,425377,100.0,36.36263,127.34456,12,세종특별시
2026-06-15T18:55:08+09:00,ALPACA,425549,94.0,36.362633,127.34458,12,세종특별시
2026-06-15T18:55:08+09:00,ALPACA,424937,100.0,36.36264,127.34456,12,세종특별시
2026-06-15T18:55:08+09:00,ALPACA,425314,95.0,36.36265,127.34456,12,세종특별시
2026-06-15T18:55:08+09:00,ALPACA,425955,100.0,36.36266,127.344696,12,세종특별시
2026-06-15T18:55:08+09:00,ALPACA,424727,92.0,36.362663,127.34357,12,세종특별시
2026-06-15T18:55:08+09:00,ALPACA,424767,79.0,36.36267,127.343605,12,세종특별시
2026-06-15T18:55:08+09:00,ALPACA,425005,75.0,36.36267,127.34359,12,세종특별시
2026-06-15T18:55:08+09:00,ALPACA,426413,32.0,36.36271,127.34346,12,세종특별시
2026-06-15T18:55:08+09:00,ALPACA,424493,76.0,36.362835,127.35148,12,세종특별시
2026-06-15T18:55:08+09:00,ALPACA,424758,53.0,36.362843,127.356865,12,세종특별시
2026-06-15T18:55:08+09:00,ALPACA,425129,100.0,36.36287,127.35676,12,세종특별시
2026-06-15T18:55:08+09:00,ALPACA,425630,84.0,36.363148,127.34218,12,세종특별시
2026-06-15T18:55:08+09:00,ALPACA,424342,73.0,36.363224,127.334885,12,세종특별시
2026-06-15T18:55:08+09:00,ALPACA,425472,35.0,36.363243,127.34195,12,세종특별시
2026-06-15T18:55:08+09:00,ALPACA,424485,51.0,36.363274,127.33416,12,세종특별시
2026-06-15T18:55:08+09:00,ALPACA,425336,100.0,36.36348,127.35655,12,세종특별시
2026-06-15T18:55:08+09:00,ALPACA,424804,95.0,36.363518,127.356926,12,세종특별시
2026-06-15T18:55:08+09:00,ALPACA,425623,91.0,36.36368,127.3582,12,세종특별시
2026-06-15T18:55:08+09:00,ALPACA,425437,54.0,36.3637,127.358185,12,세종특별시
2026-06-15T18:55:08+09:00,ALPACA,425459,50.0,36.36404,127.35904,12,세종특별시
2026-06-15T18:55:08+09:00,ALPACA,425356,43.0,36.364616,127.34049,12,세종특별시
2026-06-15T18:55:08+09:00,ALPACA,425323,41.0,36.36463,127.34037,12,세종특별시
2026-06-15T18:55:08+09:00,ALPACA,424557,92.0,36.36471,127.34718,12,세종특별시
2026-06-15T18:55:08+09:00,ALPACA,425687,100.0,36.364986,127.347565,12,세종특별시
2026-06-15T18:55:08+09:00,ALPACA,425237,70.0,36.364998,127.34737,12,세종특별시
2026-06-15T18:55:08+09:00,ALPACA,424728,98.0,36.365192,127.34632,12,세종특별시
2026-06-15T18:55:08+09:00,ALPACA,424962,100.0,36.36541,127.36342,12,세종특별시
2026-06-15T18:55:08+09:00,ALPACA,423883,66.0,36.365643,127.346085,12,세종특별시
2026-06-15T18:55:08+09:00,ALPACA,425031,47.0,36.365723,127.33681,12,세종특별시
2026-06-15T18:55:08+09:00,ALPACA,424308,76.0,36.36589,127.36466,12,세종특별시
2026-06-15T18:55:08+09:00,ALPACA,425748,68.0,36.3659,127.36465,12,세종특별시
2026-06-15T18:55:08+09:00,ALPACA,424567,76.0,36.365902,127.364655,12,세종특별시
2026-06-15T18:55:08+09:00,ALPACA,424566,75.0,36.365906,127.364655,12,세종특별시
2026-06-15T18:55:08+09:00,ALPACA,425744,66.0,36.365913,127.36465,12,세종특별시
2026-06-15T18:55:08+09:00,ALPACA,424207,67.0,36.365913,127.364655,12,세종특별시
2026-06-15T18:55:08+09:00,ALPACA,424413,75.0,36.365917,127.36466,12,세종특별시
2026-06-15T18:55:08+09:00,ALPACA,426462,76.0,36.36644,127.31598,12,세종특별시
2026-06-15T18:55:08+09:00,ALPACA,424805,99.0,36.366493,127.3428,12,세종특별시
2026-06-15T18:55:08+09:00,ALPACA,426436,95.0,36.366497,127.34273,12,세종특별시
2026-06-15T18:55:08+09:00,ALPACA,424344,96.0,36.3665,127.3428,12,세종특별시
2026-06-15T18:55:08+09:00,ALPACA,424823,56.0,36.3665,127.342834,12,세종특별시
2026-06-15T18:55:08+09:00,ALPACA,425014,92.0,36.3665,127.34282,12,세종특별시
2026-06-15T18:55:08+09:00,ALPACA,425137,63.0,36.3665,127.34271,12,세종특별시
2026-06-15T18:55:08+09:00,ALPACA,424528,33.0,36.36651,127.3425,12,세종특별시
2026-06-15T18:55:08+09:00,ALPACA,425313,34.0,36.366512,127.34256,12,세종특별시
2026-06-15T18:55:08+09:00,ALPACA,424833,88.0,36.366516,127.342804,12,세종특별시
2026-06-15T18:55:08+09:00,ALPACA,425514,81.0,36.366528,127.342636,12,세종특별시
2026-06-15T18:55:08+09:00,ALPACA,425466,96.0,36.36654,127.3428,12,세종특별시
2026-06-15T18:55:08+09:00,ALPACA,425416,62.0,36.366554,127.34257,12,세종특별시
2026-06-15T18:55:08+09:00,ALPACA,425340,91.0,36.366554,127.34517,12,세종특별시
2026-06-15T18:55:08+09:00,ALPACA,425974,96.0,36.366566,127.342476,12,세종특별시
2026-06-15T18:55:08+09:00,ALPACA,425559,72.0,36.366577,127.34559,12,세종특별시
2026-06-15T18:55:08+09:00,ALPACA,424964,100.0,36.366577,127.36243,12,세종특별시
2026-06-15T18:55:08+09:00,ALPACA,424553,37.0,36.366688,127.3446,12,세종특별시
2026-06-15T18:55:08+09:00,ALPACA,424338,38.0,36.36674,127.34466,12,세종특별시
2026-06-15T18:55:08+09:00,ALPACA,425716,90.0,36.366745,127.34466,12,세종특별시
2026-06-15T18:55:08+09:00,ALPACA,425168,44.0,36.366848,127.3447,12,세종특별시
2026-06-15T18:55:08+09:00,ALPACA,425493,56.0,36.366856,127.34641,12,세종특별시
2026-06-15T18:55:08+09:00,ALPACA,424571,98.0,36.366863,127.34466,12,세종특별시
2026-06-15T18:55:08+09:00,ALPACA,425208,77.0,36.36688,127.344734,12,세종특별시
2026-06-15T18:55:08+09:00,ALPACA,425048,97.0,36.36689,127.34468,12,세종특별시
2026-06-15T18:55:08+09:00,ALPACA,425251,97.0,36.366936,127.34473,12,세종특별시
2026-06-15T18:55:08+09:00,ALPACA,424337,97.0,36.367,127.340836,12,세종특별시
2026-06-15T18:55:08+09:00,ALPACA,425598,78.0,36.36701,127.34084,12,세종특별시
2026-06-15T18:55:08+09:00,ALPACA,425009,88.0,36.367023,127.340866,12,세종특별시
2026-06-15T18:55:08+09:00,ALPACA,425756,98.0,36.367115,127.345894,12,세종특별시
2026-06-15T18:55:08+09:00,ALPACA,425060,74.0,36.367153,127.36254,12,세종특별시
2026-06-15T18:55:08+09:00,ALPACA,424496,100.0,36.36717,127.36254,12,세종특별시
2026-06-15T18:55:08+09:00,ALPACA,424802,61.0,36.367344,127.35677,12,세종특별시
2026-06-15T18:55:08+09:00,ALPACA,424454,76.0,36.36738,127.34067,12,세종특별시
2026-06-15T18:55:08+09:00,ALPACA,424968,91.0,36.36739,127.34069,12,세종특별시
2026-06-15T18:55:08+09:00,ALPACA,425018,43.0,36.367558,127.36122,12,세종특별시
2026-06-15T18:55:08+09:00,ALPACA,424751,68.0,36.367603,127.34084,12,세종특별시
2026-06-15T18:55:08+09:00,ALPACA,425106,95.0,36.367783,127.3656,12,세종특별시
2026-06-15T18:55:08+09:00,ALPACA,424987,100.0,36.367794,127.3421,12,세종특별시
2026-06-15T18:55:08+09:00,ALPACA,424742,71.0,36.367817,127.34209,12,세종특별시
2026-06-15T18:55:08+09:00,ALPACA,425125,65.0,36.367817,127.34215,12,세종특별시
2026-06-15T18:55:08+09:00,ALPACA,425441,100.0,36.367825,127.365616,12,세종특별시
2026-06-15T18:55:08+09:00,ALPACA,425684,80.0,36.36783,127.36563,12,세종특별시
2026-06-15T18:55:08+09:00,ALPACA,425119,62.0,36.36783,127.34214,12,세종특별시
2026-06-15T18:55:08+09:00,ALPACA,425691,83.0,36.367836,127.34036,12,세종특별시
2026-06-15T18:55:08+09:00,ALPACA,424551,34.0,36.367836,127.34211,12,세종특별시
2026-06-15T18:55:08+09:00,ALPACA,424391,85.0,36.36784,127.34212,12,세종특별시
2026-06-15T18:55:08+09:00,ALPACA,425483,77.0,36.367844,127.34205,12,세종특별시
2026-06-15T18:55:08+09:00,ALPACA,425620,68.0,36.367847,127.34213,12,세종특별시
2026-06-15T18:55:08+09:00,ALPACA,425468,100.0,36.367855,127.36566,12,세종특별시
2026-06-15T18:55:08+09:00,ALPACA,424361,96.0,36.367867,127.342064,12,세종특별시
2026-06-15T18:55:08+09:00,ALPACA,424773,90.0,36.36788,127.34211,12,세종특별시
2026-06-15T18:55:08+09:00,ALPACA,425185,93.0,36.36789,127.34206,12,세종특별시
2026-06-15T18:55:08+09:00,ALPACA,425426,81.0,36.36792,127.34157,12,세종특별시
2026-06-15T18:55:08+09:00,ALPACA,425480,84.0,36.368137,127.34601,12,세종특별시
2026-06-15T18:55:08+09:00,ALPACA,425777,64.0,36.368137,127.34604,12,세종특별시
2026-06-15T18:55:08+09:00,ALPACA,424851,52.0,36.368145,127.34598,12,세종특별시
2026-06-15T18:55:08+09:00,ALPACA,423922,33.0,36.368153,127.34598,12,세종특별시
2026-06-15T18:55:08+09:00,ALPACA,414685,71.0,36.368164,127.34597,12,세종특별시
2026-06-15T18:55:08+09:00,ALPACA,425624,100.0,36.368176,127.34594,12,세종특별시
2026-06-15T18:55:08+09:00,ALPACA,425729,87.0,36.36821,127.34595,12,세종특별시
2026-06-15T18:55:08+09:00,ALPACA,425478,83.0,36.368275,127.34259,12,세종특별시
2026-06-15T18:55:08+09:00,ALPACA,425481,90.0,36.368275,127.34272,12,세종특별시
2026-06-15T18:55:08+09:00,ALPACA,425139,81.0,36.368282,127.34259,12,세종특별시
2026-06-15T18:55:08+09:00,ALPACA,425331,58.0,36.368282,127.34254,12,세종특별시
2026-06-15T18:55:08+09:00,ALPACA,425003,75.0,36.368313,127.34261,12,세종특별시
2026-06-15T18:55:08+09:00,ALPACA,424524,75.0,36.36832,127.342575,12,세종특별시
2026-06-15T18:55:08+09:00,ALPACA,425617,39.0,36.368324,127.34259,12,세종특별시
2026-06-15T18:55:08+09:00,ALPACA,425621,53.0,36.36834,127.34257,12,세종특별시
2026-06-15T18:55:08+09:00,ALPACA,425063,97.0,36.368347,127.34267,12,세종특별시
2026-06-15T18:55:08+09:00,ALPACA,424858,100.0,36.36853,127.36599,12,세종특별시
2026-06-15T18:55:08+09:00,ALPACA,424409,48.0,36.36859,127.34063,12,세종특별시
2026-06-15T18:55:08+09:00,ALPACA,424428,33.0,36.36863,127.343735,12,세종특별시
2026-06-15T18:55:08+09:00,ALPACA,425423,83.0,36.36864,127.34067,12,세종특별시
2026-06-15T18:55:08+09:00,ALPACA,425088,31.0,36.36864,127.34377,12,세종특별시
2026-06-15T18:55:08+09:00,ALPACA,411802,73.0,36.368645,127.34372,12,세종특별시
2026-06-15T18:55:08+09:00,ALPACA,424123,55.0,36.368645,127.34071,12,세종특별시
2026-06-15T18:55:08+09:00,ALPACA,425315,96.0,36.36865,127.34379,12,세종특별시
2026-06-15T18:55:08+09:00,ALPACA,424907,92.0,36.368652,127.340645,12,세종특별시
2026-06-15T18:55:08+09:00,ALPACA,424683,71.0,36.368683,127.34074,12,세종특별시
2026-06-15T18:55:08+09:00,ALPACA,424824,45.0,36.368683,127.338264,12,세종특별시
2026-06-15T18:55:08+09:00,ALPACA,424423,100.0,36.368687,127.34073,12,세종특별시
2026-06-15T18:55:08+09:00,ALPACA,424632,60.0,36.368687,127.34072,12,세종특별시
2026-06-15T18:55:08+09:00,ALPACA,425548,97.0,36.36869,127.34071,12,세종특별시
2026-06-15T18:55:08+09:00,ALPACA,424945,69.0,36.36869,127.34189,12,세종특별시
2026-06-15T18:55:08+09:00,ALPACA,425158,80.0,36.368702,127.34065,12,세종특별시
2026-06-15T18:55:08+09:00,ALPACA,424354,32.0,36.368706,127.340706,12,세종특별시
2026-06-15T18:55:08+09:00,ALPACA,424362,45.0,36.368706,127.34187,12,세종특별시
2026-06-15T18:55:08+09:00,ALPACA,424530,100.0,36.368706,127.340675,12,세종특별시
2026-06-15T18:55:08+09:00,ALPACA,425540,51.0,36.368717,127.34193,12,세종특별시
2026-06-15T18:55:08+09:00,ALPACA,425442,78.0,36.368725,127.3407,12,세종특별시
2026-06-15T18:55:08+09:00,ALPACA,414402,83.0,36.36873,127.34073,12,세종특별시
2026-06-15T18:55:08+09:00,ALPACA,425172,56.0,36.36873,127.341965,12,세종특별시
2026-06-15T18:55:08+09:00,ALPACA,425715,76.0,36.368732,127.34067,12,세종특별시
2026-06-15T18:55:08+09:00,ALPACA,424626,56.0,36.368732,127.34056,12,세종특별시
2026-06-15T18:55:08+09:00,ALPACA,425394,100.0,36.368732,127.34068,12,세종특별시
2026-06-15T18:55:08+09:00,ALPACA,425522,58.0,36.368736,127.34069,12,세종특별시
2026-06-15T18:55:08+09:00,ALPACA,424475,50.0,36.368736,127.34069,12,세종특별시
2026-06-15T18:55:08+09:00,ALPACA,425230,100.0,36.368736,127.3407,12,세종특별시
2026-06-15T18:55:08+09:00,ALPACA,425249,84.0,36.368736,127.3406,12,세종특별시
2026-06-15T18:55:08+09:00,ALPACA,415497,55.0,36.368744,127.34252,12,세종특별시
2026-06-15T18:55:08+09:00,ALPACA,425473,52.0,36.368767,127.3419,12,세종특별시
2026-06-15T18:55:08+09:00,ALPACA,424500,87.0,36.36877,127.34069,12,세종특별시
2026-06-15T18:55:08+09:00,ALPACA,424877,75.0,36.36877,127.340675,12,세종특별시
2026-06-15T18:55:08+09:00,ALPACA,425277,93.0,36.36877,127.340706,12,세종특별시
2026-06-15T18:55:08+09:00,ALPACA,424959,75.0,36.368786,127.34069,12,세종특별시
2026-06-15T18:55:08+09:00,ALPACA,424633,80.0,36.36879,127.34076,12,세종특별시
2026-06-15T18:55:08+09:00,ALPACA,425457,62.0,36.368793,127.34071,12,세종특별시
2026-06-15T18:55:08+09:00,ALPACA,425542,52.0,36.368805,127.34252,12,세종특별시
2026-06-15T18:55:08+09:00,ALPACA,424440,60.0,36.36884,127.340004,12,세종특별시
2026-06-15T18:55:08+09:00,ALPACA,425538,49.0,36.36886,127.33998,12,세종특별시
2026-06-15T18:55:08+09:00,ALPACA,426105,97.0,36.368874,127.31593,12,세종특별시
2026-06-15T18:55:08+09:00,ALPACA,425080,76.0,36.368877,127.34285,12,세종특별시
2026-06-15T18:55:08+09:00,ALPACA,426099,86.0,36.36888,127.34277,12,세종특별시
2026-06-15T18:55:08+09:00,ALPACA,425043,52.0,36.368885,127.339966,12,세종특별시
2026-06-15T18:55:08+09:00,ALPACA,425311,57.0,36.36889,127.33994,12,세종특별시
2026-06-15T18:55:08+09:00,ALPACA,425081,51.0,36.368896,127.339966,12,세종특별시
2026-06-15T18:55:08+09:00,ALPACA,424417,52.0,36.3689,127.33996,12,세종특별시
2026-06-15T18:55:08+09:00,ALPACA,425415,67.0,36.368904,127.34292,12,세종특별시
2026-06-15T18:55:08+09:00,ALPACA,424686,48.0,36.368904,127.34285,12,세종특별시
2026-06-15T18:55:08+09:00,ALPACA,424718,77.0,36.368908,127.35069,12,세종특별시
2026-06-15T18:55:08+09:00,ALPACA,425071,53.0,36.36891,127.34288,12,세종특별시
2026-06-15T18:55:08+09:00,ALPACA,426361,87.0,36.368916,127.34398,12,세종특별시
2026-06-15T18:55:08+09:00,ALPACA,424355,72.0,36.368935,127.340996,12,세종특별시
2026-06-15T18:55:08+09:00,ALPACA,424980,36.0,36.368954,127.34293,12,세종특별시
2026-06-15T18:55:08+09:00,ALPACA,426267,75.0,36.36896,127.340836,12,세종특별시
2026-06-15T18:55:08+09:00,ALPACA,424552,61.0,36.368973,127.3398,12,세종특별시
2026-06-15T18:55:08+09:00,ALPACA,424940,49.0,36.368977,127.33997,12,세종특별시
2026-06-15T18:55:08+09:00,ALPACA,424339,67.0,36.36899,127.339966,12,세종특별시
2026-06-15T18:55:08+09:00,ALPACA,425163,39.0,36.36899,127.3425,12,세종특별시
2026-06-15T18:55:08+09:00,ALPACA,425447,100.0,36.368996,127.34001,12,세종특별시
2026-06-15T18:55:08+09:00,ALPACA,425264,69.0,36.369022,127.33998,12,세종특별시
2026-06-15T18:55:08+09:00,ALPACA,425429,64.0,36.36903,127.339935,12,세종특별시
2026-06-15T18:55:08+09:00,ALPACA,425628,42.0,36.369175,127.33391,12,세종특별시
2026-06-15T18:55:08+09:00,ALPACA,425232,100.0,36.369297,127.366806,12,세종특별시
2026-06-15T18:55:08+09:00,ALPACA,426370,51.0,36.369522,127.35133,12,세종특별시
2026-06-15T18:55:08+09:00,ALPACA,424341,31.0,36.369537,127.35133,12,세종특별시
2026-06-15T18:55:08+09:00,ALPACA,424513,82.0,36.369537,127.35133,12,세종특별시
2026-06-15T18:55:08+09:00,ALPACA,425771,70.0,36.36954,127.35135,12,세종특별시
2026-06-15T18:55:08+09:00,ALPACA,424351,79.0,36.36954,127.351295,12,세종특별시
2026-06-15T18:55:08+09:00,ALPACA,425633,46.0,36.369545,127.35128,12,세종특별시
2026-06-15T18:55:08+09:00,ALPACA,425280,77.0,36.369545,127.35132,12,세종특별시
2026-06-15T18:55:08+09:00,ALPACA,425418,95.0,36.369553,127.351326,12,세종특별시
2026-06-15T18:55:08+09:00,ALPACA,425187,73.0,36.369553,127.35134,12,세종특별시
2026-06-15T18:55:08+09:00,ALPACA,425528,74.0,36.369556,127.35126,12,세종특별시
2026-06-15T18:55:08+09:00,ALPACA,424796,100.0,36.369556,127.35134,12,세종특별시
2026-06-15T18:55:08+09:00,ALPACA,425177,100.0,36.369556,127.35128,12,세종특별시
2026-06-15T18:55:08+09:00,ALPACA,425692,94.0,36.36956,127.35127,12,세종특별시
2026-06-15T18:55:08+09:00,ALPACA,424888,83.0,36.36956,127.35126,12,세종특별시
2026-06-15T18:55:08+09:00,ALPACA,425176,71.0,36.36956,127.35123,12,세종특별시
2026-06-15T18:55:08+09:00,ALPACA,425484,95.0,36.369564,127.35133,12,세종특별시
2026-06-15T18:55:08+09:00,ALPACA,424186,87.0,36.369568,127.351265,12,세종특별시
2026-06-15T18:55:08+09:00,ALPACA,424749,93.0,36.369568,127.34378,12,세종특별시
2026-06-15T18:55:08+09:00,ALPACA,424803,62.0,36.369583,127.35124,12,세종특별시
2026-06-15T18:55:08+09:00,ALPACA,425462,89.0,36.369587,127.3513,12,세종특별시
2026-06-15T18:55:08+09:00,ALPACA,425631,50.0,36.36959,127.35129,12,세종특별시
2026-06-15T18:55:08+09:00,ALPACA,424464,36.0,36.369595,127.31903,12,세종특별시
2026-06-15T18:55:08+09:00,ALPACA,425534,46.0,36.3696,127.3437,12,세종특별시
2026-06-15T18:55:08+09:00,ALPACA,423908,97.0,36.369606,127.351166,12,세종특별시
2026-06-15T18:55:08+09:00,ALPACA,425581,99.0,36.369614,127.35119,12,세종특별시
2026-06-15T18:55:08+09:00,ALPACA,424855,95.0,36.369614,127.35117,12,세종특별시
2026-06-15T18:55:08+09:00,ALPACA,425328,61.0,36.369614,127.35118,12,세종특별시
2026-06-15T18:55:08+09:00,ALPACA,425775,99.0,36.369617,127.343285,12,세종특별시
2026-06-15T18:55:08+09:00,ALPACA,425105,77.0,36.36963,127.351166,12,세종특별시
2026-06-15T18:55:08+09:00,ALPACA,425513,72.0,36.369637,127.34374,12,세종특별시
2026-06-15T18:55:08+09:00,ALPACA,424480,67.0,36.369637,127.35117,12,세종특별시
2026-06-15T18:55:08+09:00,ALPACA,425369,100.0,36.36964,127.36308,12,세종특별시
2026-06-15T18:55:08+09:00,ALPACA,424784,85.0,36.369648,127.3512,12,세종특별시
2026-06-15T18:55:08+09:00,ALPACA,424419,58.0,36.36966,127.31805,12,세종특별시
2026-06-15T18:55:08+09:00,ALPACA,424368,67.0,36.36967,127.35114,12,세종특별시
2026-06-15T18:55:08+09:00,ALPACA,425069,100.0,36.36967,127.343445,12,세종특별시
2026-06-15T18:55:08+09:00,ALPACA,425283,89.0,36.36971,127.36292,12,세종특별시
2026-06-15T18:55:08+09:00,ALPACA,424774,58.0,36.369747,127.362854,12,세종특별시
2026-06-15T18:55:08+09:00,ALPACA,425474,100.0,36.36976,127.343666,12,세종특별시
2026-06-15T18:55:08+09:00,ALPACA,425399,98.0,36.369865,127.34422,12,세종특별시
2026-06-15T18:55:08+09:00,ALPACA,424353,80.0,36.369884,127.3439,12,세종특별시
2026-06-15T18:55:08+09:00,ALPACA,424522,58.0,36.36989,127.34386,12,세종특별시
2026-06-15T18:55:08+09:00,ALPACA,424167,67.0,36.3699,127.34381,12,세종특별시
2026-06-15T18:55:08+09:00,ALPACA,425100,77.0,36.369915,127.34536,12,세종특별시
2026-06-15T18:55:08+09:00,ALPACA,425686,92.0,36.36993,127.343834,12,세종특별시
2026-06-15T18:55:08+09:00,ALPACA,425512,84.0,36.369938,127.3386,12,세종특별시
2026-06-15T18:55:08+09:00,ALPACA,426360,90.0,36.369976,127.36287,12,세종특별시
2026-06-15T18:55:08+09:00,ALPACA,411686,80.0,36.370014,127.33849,12,세종특별시
2026-06-15T18:55:08+09:00,ALPACA,424680,54.0,36.37004,127.36051,12,세종특별시
2026-06-15T18:55:08+09:00,ALPACA,424721,50.0,36.37004,127.36049,12,세종특별시
2026-06-15T18:55:08+09:00,ALPACA,424659,70.0,36.370064,127.3623,12,세종특별시
2026-06-15T18:55:08+09:00,ALPACA,424359,100.0,36.370087,127.36006,12,세종특별시
2026-06-15T18:55:08+09:00,ALPACA,424444,94.0,36.37011,127.36043,12,세종특별시
2026-06-15T18:55:08+09:00,ALPACA,425023,91.0,36.370174,127.33713,12,세종특별시
2026-06-15T18:55:08+09:00,ALPACA,425523,76.0,36.370678,127.363815,12,세종특별시
2026-06-15T18:55:08+09:00,ALPACA,424822,67.0,36.370678,127.35352,12,세종특별시
2026-06-15T18:55:08+09:00,ALPACA,424996,90.0,36.37071,127.36244,12,세종특별시
2026-06-15T18:55:08+09:00,ALPACA,425108,34.0,36.370777,127.362526,12,세종특별시
2026-06-15T18:55:08+09:00,ALPACA,424473,99.0,36.370804,127.36242,12,세종특별시
2026-06-15T18:55:08+09:00,ALPACA,424988,100.0,36.37086,127.362404,12,세종특별시
2026-06-15T18:55:08+09:00,ALPACA,426302,97.0,36.37099,127.33506,12,세종특별시
2026-06-15T18:55:08+09:00,ALPACA,425576,95.0,36.371258,127.34147,12,세종특별시
2026-06-15T18:55:08+09:00,ALPACA,424373,63.0,36.371258,127.34145,12,세종특별시
2026-06-15T18:55:08+09:00,ALPACA,425026,96.0,36.371265,127.34145,12,세종특별시
2026-06-15T18:55:08+09:00,ALPACA,425425,98.0,36.37127,127.3415,12,세종특별시
2026-06-15T18:55:08+09:00,ALPACA,425511,96.0,36.37127,127.34154,12,세종특별시
2026-06-15T18:55:08+09:00,ALPACA,425533,100.0,36.37127,127.34148,12,세종특별시
2026-06-15T18:55:08+09:00,ALPACA,425145,100.0,36.37127,127.341324,12,세종특별시
2026-06-15T18:55:08+09:00,ALPACA,424421,100.0,36.371277,127.34138,12,세종특별시
2026-06-15T18:55:08+09:00,ALPACA,425082,97.0,36.371277,127.34136,12,세종특별시
2026-06-15T18:55:08+09:00,ALPACA,425500,94.0,36.37128,127.341415,12,세종특별시
2026-06-15T18:55:08+09:00,ALPACA,424798,100.0,36.37128,127.34133,12,세종특별시
2026-06-15T18:55:08+09:00,ALPACA,425501,100.0,36.371284,127.34147,12,세종특별시
2026-06-15T18:55:08+09:00,ALPACA,425439,100.0,36.37129,127.341385,12,세종특별시
2026-06-15T18:55:08+09:00,ALPACA,425530,40.0,36.37129,127.34139,12,세종특별시
2026-06-15T18:55:08+09:00,ALPACA,424489,64.0,36.371292,127.33516,12,세종특별시
2026-06-15T18:55:08+09:00,ALPACA,425099,49.0,36.371292,127.341446,12,세종특별시
2026-06-15T18:55:08+09:00,ALPACA,425495,73.0,36.371307,127.34139,12,세종특별시
2026-06-15T18:55:08+09:00,ALPACA,426495,36.0,36.37135,127.3334,12,세종특별시
2026-06-15T18:55:08+09:00,ALPACA,424340,62.0,36.37135,127.33523,12,세종특별시
2026-06-15T18:55:08+09:00,ALPACA,424689,90.0,36.37144,127.34334,12,세종특별시
2026-06-15T18:55:08+09:00,ALPACA,425170,55.0,36.37144,127.34328,12,세종특별시
2026-06-15T18:55:08+09:00,ALPACA,425276,100.0,36.37144,127.34322,12,세종특별시
2026-06-15T18:55:08+09:00,ALPACA,424565,87.0,36.371468,127.34339,12,세종특별시
2026-06-15T18:55:08+09:00,ALPACA,426231,78.0,36.371475,127.34335,12,세종특별시
2026-06-15T18:55:08+09:00,ALPACA,425503,62.0,36.37149,127.34339,12,세종특별시
2026-06-15T18:55:08+09:00,ALPACA,424766,100.0,36.37149,127.343346,12,세종특별시
2026-06-15T18:55:08+09:00,ALPACA,426499,63.0,36.371517,127.343254,12,세종특별시
2026-06-15T18:55:08+09:00,ALPACA,424390,100.0,36.371548,127.343254,12,세종특별시
2026-06-15T18:55:08+09:00,ALPACA,424923,96.0,36.37156,127.34324,12,세종특별시
2026-06-15T18:55:08+09:00,ALPACA,425011,65.0,36.37156,127.34327,12,세종특별시
2026-06-15T18:55:08+09:00,ALPACA,424636,100.0,36.371567,127.343254,12,세종특별시
2026-06-15T18:55:08+09:00,ALPACA,424606,100.0,36.37161,127.34328,12,세종특별시
2026-06-15T18:55:08+09:00,ALPACA,424122,100.0,36.371834,127.35854,12,세종특별시
2026-06-15T18:55:08+09:00,ALPACA,425452,100.0,36.371937,127.36205,12,세종특별시
2026-06-15T18:55:08+09:00,ALPACA,425469,42.0,36.3721,127.338486,12,세종특별시
2026-06-15T18:55:08+09:00,ALPACA,424549,97.0,36.372116,127.341644,12,세종특별시
2026-06-15T18:55:08+09:00,ALPACA,426455,100.0,36.372143,127.31735,12,세종특별시
2026-06-15T18:55:08+09:00,ALPACA,426166,99.0,36.372253,127.319115,12,세종특별시
2026-06-15T18:55:08+09:00,ALPACA,425708,100.0,36.372253,127.31916,12,세종특별시
2026-06-15T18:55:08+09:00,ALPACA,424757,37.0,36.372307,127.32329,12,세종특별시
2026-06-15T18:55:08+09:00,ALPACA,424043,47.0,36.372322,127.33547,12,세종특별시
2026-06-15T18:55:08+09:00,ALPACA,425146,91.0,36.372368,127.318184,12,세종특별시
2026-06-15T18:55:08+09:00,ALPACA,424854,43.0,36.372383,127.33531,12,세종특별시
2026-06-15T18:55:08+09:00,ALPACA,426560,79.0,36.37239,127.317566,12,세종특별시
2026-06-15T18:55:08+09:00,ALPACA,424831,47.0,36.372395,127.33536,12,세종특별시
2026-06-15T18:55:08+09:00,ALPACA,424476,57.0,36.372402,127.335365,12,세종특별시
2026-06-15T18:55:08+09:00,ALPACA,425580,56.0,36.372406,127.33523,12,세종특별시
2026-06-15T18:55:08+09:00,ALPACA,424867,52.0,36.372406,127.3354,12,세종특별시
2026-06-15T18:55:08+09:00,ALPACA,426247,100.0,36.372437,127.31809,12,세종특별시
2026-06-15T18:55:08+09:00,ALPACA,426433,100.0,36.372448,127.31799,12,세종특별시
2026-06-15T18:55:08+09:00,ALPACA,426492,100.0,36.37245,127.31804,12,세종특별시
2026-06-15T18:55:08+09:00,ALPACA,426108,41.0,36.372513,127.33413,12,세종특별시
2026-06-15T18:55:08+09:00,ALPACA,424702,91.0,36.372513,127.343254,12,세종특별시
2026-06-15T18:55:08+09:00,ALPACA,426389,85.0,36.372578,127.316505,12,세종특별시
2026-06-15T18:55:08+09:00,ALPACA,425347,67.0,36.372673,127.339615,12,세종특별시
2026-06-15T18:55:08+09:00,ALPACA,424474,33.0,36.372723,127.33958,12,세종특별시
2026-06-15T18:55:08+09:00,ALPACA,425022,75.0,36.37283,127.33968,12,세종특별시
2026-06-15T18:55:08+09:00,ALPACA,426278,92.0,36.3729,127.34384,12,세종특별시
2026-06-15T18:55:08+09:00,ALPACA,424869,70.0,36.372925,127.34386,12,세종특별시
2026-06-15T18:55:08+09:00,ALPACA,424690,50.0,36.37295,127.34388,12,세종특별시
2026-06-15T18:55:08+09:00,ALPACA,424406,51.0,36.37296,127.35964,12,세종특별시
2026-06-15T18:55:08+09:00,ALPACA,425544,93.0,36.372963,127.34385,12,세종특별시
2026-06-15T18:55:08+09:00,ALPACA,424503,71.0,36.372963,127.34382,12,세종특별시
2026-06-15T18:55:08+09:00,ALPACA,425707,96.0,36.372986,127.359566,12,세종특별시
2026-06-15T18:55:08+09:00,ALPACA,424730,46.0,36.37302,127.3229,12,세종특별시
2026-06-15T18:55:08+09:00,ALPACA,425783,73.0,36.37322,127.31787,12,세종특별시
2026-06-15T18:55:08+09:00,ALPACA,426206,78.0,36.373222,127.31785,12,세종특별시
2026-06-15T18:55:08+09:00,ALPACA,426341,75.0,36.373226,127.31795,12,세종특별시
2026-06-15T18:55:08+09:00,ALPACA,426488,100.0,36.373234,127.317955,12,세종특별시
2026-06-15T18:55:08+09:00,ALPACA,425768,84.0,36.37325,127.31785,12,세종특별시
2026-06-15T18:55:08+09:00,ALPACA,424604,99.0,36.373253,127.31787,12,세종특별시
2026-06-15T18:55:08+09:00,ALPACA,426269,75.0,36.373257,127.3177,12,세종특별시
2026-06-15T18:55:08+09:00,ALPACA,426271,74.0,36.37326,127.317955,12,세종특별시
2026-06-15T18:55:08+09:00,ALPACA,426180,78.0,36.37326,127.31786,12,세종특별시
2026-06-15T18:55:08+09:00,ALPACA,426374,77.0,36.373264,127.317825,12,세종특별시
2026-06-15T18:55:08+09:00,ALPACA,426309,76.0,36.373264,127.317856,12,세종특별시
2026-06-15T18:55:08+09:00,ALPACA,426259,76.0,36.37328,127.31791,12,세종특별시
2026-06-15T18:55:08+09:00,ALPACA,426181,75.0,36.373295,127.31789,12,세종특별시
2026-06-15T18:55:08+09:00,ALPACA,426346,75.0,36.373356,127.31793,12,세종특별시
2026-06-15T18:55:08+09:00,ALPACA,424559,77.0,36.373486,127.35942,12,세종특별시
2026-06-15T18:55:08+09:00,ALPACA,424477,99.0,36.3735,127.35747,12,세종특별시
2026-06-15T18:55:08+09:00,ALPACA,425012,100.0,36.37351,127.35943,12,세종특별시
2026-06-15T18:55:08+09:00,ALPACA,425414,100.0,36.37352,127.36153,12,세종특별시
2026-06-15T18:55:08+09:00,ALPACA,424463,99.0,36.373528,127.344246,12,세종특별시
2026-06-15T18:55:08+09:00,ALPACA,414534,33.0,36.37355,127.34421,12,세종특별시
2026-06-15T18:55:08+09:00,ALPACA,425776,100.0,36.37355,127.34419,12,세종특별시
2026-06-15T18:55:08+09:00,ALPACA,425372,97.0,36.373554,127.3442,12,세종특별시
2026-06-15T18:55:08+09:00,ALPACA,426359,100.0,36.373558,127.34419,12,세종특별시
2026-06-15T18:55:08+09:00,ALPACA,424118,60.0,36.37356,127.344185,12,세종특별시
2026-06-15T18:55:08+09:00,ALPACA,425604,100.0,36.373577,127.34417,12,세종특별시
2026-06-15T18:55:08+09:00,ALPACA,425378,35.0,36.37358,127.36044,12,세종특별시
2026-06-15T18:55:08+09:00,ALPACA,425390,84.0,36.373585,127.34157,12,세종특별시
2026-06-15T18:55:08+09:00,ALPACA,425541,37.0,36.373592,127.34407,12,세종특별시
2026-06-15T18:55:08+09:00,ALPACA,425978,71.0,36.373596,127.318825,12,세종특별시
2026-06-15T18:55:08+09:00,ALPACA,425449,76.0,36.373596,127.344215,12,세종특별시
2026-06-15T18:55:08+09:00,ALPACA,424537,33.0,36.373596,127.34419,12,세종특별시
2026-06-15T18:55:08+09:00,ALPACA,426308,62.0,36.373833,127.31935,12,세종특별시
2026-06-15T18:55:08+09:00,ALPACA,426552,42.0,36.37385,127.31868,12,세종특별시
2026-06-15T18:55:08+09:00,ALPACA,424472,58.0,36.373928,127.36016,12,세종특별시
2026-06-15T18:55:08+09:00,ALPACA,426358,93.0,36.374073,127.32251,12,세종특별시
2026-06-15T18:55:08+09:00,ALPACA,425706,97.0,36.37411,127.36511,12,세종특별시
2026-06-15T18:55:08+09:00,ALPACA,426213,33.0,36.374172,127.319435,12,세종특별시
2026-06-15T18:55:08+09:00,ALPACA,425252,35.0,36.37425,127.37938,12,세종특별시
2026-06-15T18:55:08+09:00,ALPACA,424729,48.0,36.374523,127.34653,12,세종특별시
2026-06-15T18:55:08+09:00,ALPACA,426515,95.0,36.374584,127.31869,12,세종특별시
2026-06-15T18:55:08+09:00,ALPACA,414747,41.0,36.374588,127.3592,12,세종특별시
2026-06-15T18:55:08+09:00,ALPACA,425444,78.0,36.374622,127.34199,12,세종특별시
2026-06-15T18:55:08+09:00,ALPACA,426270,100.0,36.37484,127.31804,12,세종특별시
2026-06-15T18:55:08+09:00,ALPACA,425619,80.0,36.374844,127.31805,12,세종특별시
2026-06-15T18:55:08+09:00,ALPACA,425903,100.0,36.374844,127.318016,12,세종특별시
2026-06-15T18:55:08+09:00,ALPACA,425895,100.0,36.37485,127.318016,12,세종특별시
2026-06-15T18:55:08+09:00,ALPACA,426363,100.0,36.37485,127.31805,12,세종특별시
2026-06-15T18:55:08+09:00,ALPACA,426319,73.0,36.374866,127.31801,12,세종특별시
2026-06-15T18:55:08+09:00,ALPACA,426327,99.0,36.37488,127.3181,12,세종특별시
2026-06-15T18:55:08+09:00,ALPACA,425273,48.0,36.374928,127.33777,12,세종특별시
2026-06-15T18:55:08+09:00,ALPACA,426510,93.0,36.374958,127.31813,12,세종특별시
2026-06-15T18:55:08+09:00,ALPACA,426345,46.0,36.37507,127.322754,12,세종특별시
2026-06-15T18:55:08+09:00,ALPACA,426501,74.0,36.37531,127.31902,12,세종특별시
2026-06-15T18:55:08+09:00,ALPACA,426264,47.0,36.375626,127.305466,12,세종특별시
2026-06-15T18:55:08+09:00,ALPACA,425550,91.0,36.375713,127.34391,12,세종특별시
2026-06-15T18:55:08+09:00,ALPACA,425395,84.0,36.37572,127.34391,12,세종특별시
2026-06-15T18:55:08+09:00,ALPACA,423795,37.0,36.375755,127.3439,12,세종특별시
2026-06-15T18:55:08+09:00,ALPACA,414468,74.0,36.375767,127.3918,12,세종특별시
2026-06-15T18:55:08+09:00,ALPACA,411696,100.0,36.375797,127.39184,12,세종특별시
2026-06-15T18:55:08+09:00,ALPACA,425521,100.0,36.375797,127.39178,12,세종특별시
2026-06-15T18:55:08+09:00,ALPACA,426491,72.0,36.375816,127.32071,12,세종특별시
2026-06-15T18:55:08+09:00,ALPACA,424974,70.0,36.375847,127.34323,12,세종특별시
2026-06-15T18:55:08+09:00,ALPACA,425424,100.0,36.37585,127.39187,12,세종특별시
2026-06-15T18:55:08+09:00,ALPACA,414802,100.0,36.375854,127.39182,12,세종특별시
2026-06-15T18:55:08+09:00,ALPACA,424975,65.0,36.37587,127.34326,12,세종특별시
2026-06-15T18:55:08+09:00,ALPACA,425675,39.0,36.375874,127.34323,12,세종특별시
2026-06-15T18:55:08+09:00,ALPACA,424928,86.0,36.375877,127.34329,12,세종특별시
2026-06-15T18:55:08+09:00,ALPACA,424706,90.0,36.375885,127.34326,12,세종특별시
2026-06-15T18:55:08+09:00,ALPACA,424763,91.0,36.37589,127.34326,12,세종특별시
2026-06-15T18:55:08+09:00,ALPACA,424224,99.0,36.375893,127.34325,12,세종특별시
2026-06-15T18:55:08+09:00,ALPACA,425221,94.0,36.375908,127.34323,12,세종특별시
2026-06-15T18:55:08+09:00,ALPACA,424387,35.0,36.375923,127.34327,12,세종특별시
2026-06-15T18:55:08+09:00,ALPACA,425049,95.0,36.37593,127.34325,12,세종특별시
2026-06-15T18:55:08+09:00,ALPACA,424458,99.0,36.37594,127.343315,12,세종특별시
2026-06-15T18:55:08+09:00,ALPACA,424903,88.0,36.37599,127.343346,12,세종특별시
2026-06-15T18:55:08+09:00,ALPACA,425385,98.0,36.37601,127.343346,12,세종특별시
2026-06-15T18:55:08+09:00,ALPACA,426367,64.0,36.376015,127.315575,12,세종특별시
2026-06-15T18:55:08+09:00,ALPACA,426380,72.0,36.37604,127.31558,12,세종특별시
2026-06-15T18:55:08+09:00,ALPACA,426275,53.0,36.37618,127.318115,12,세종특별시
2026-06-15T18:55:08+09:00,ALPACA,425970,65.0,36.376225,127.32361,12,세종특별시
2026-06-15T18:55:08+09:00,ALPACA,426468,81.0,36.37625,127.3178,12,세종특별시
2026-06-15T18:55:08+09:00,ALPACA,425713,96.0,36.376305,127.31809,12,세종특별시
2026-06-15T18:55:08+09:00,ALPACA,426369,89.0,36.376423,127.34488,12,세종특별시
2026-06-15T18:55:08+09:00,ALPACA,424401,68.0,36.37653,127.356346,12,세종특별시
2026-06-15T18:55:08+09:00,ALPACA,424346,40.0,36.37665,127.34351,12,세종특별시
2026-06-15T18:55:08+09:00,ALPACA,424668,93.0,36.37673,127.344185,12,세종특별시
2026-06-15T18:55:08+09:00,ALPACA,425202,81.0,36.376736,127.34402,12,세종특별시
2026-06-15T18:55:08+09:00,ALPACA,425705,93.0,36.376785,127.34415,12,세종특별시
2026-06-15T18:55:08+09:00,ALPACA,425029,68.0,36.37679,127.344055,12,세종특별시
2026-06-15T18:55:08+09:00,ALPACA,424665,83.0,36.376812,127.34418,12,세종특별시
2026-06-15T18:55:08+09:00,ALPACA,424850,91.0,36.376842,127.34418,12,세종특별시
2026-06-15T18:55:08+09:00,ALPACA,426352,38.0,36.376865,127.315025,12,세종특별시
2026-06-15T18:55:08+09:00,ALPACA,426106,48.0,36.37703,127.324646,12,세종특별시
2026-06-15T18:55:08+09:00,ALPACA,425349,80.0,36.37728,127.34337,12,세종특별시
2026-06-15T18:55:08+09:00,ALPACA,425961,42.0,36.37787,127.324715,12,세종특별시
2026-06-15T18:55:08+09:00,ALPACA,426233,91.0,36.377945,127.30402,12,세종특별시
2026-06-15T18:55:08+09:00,ALPACA,426317,44.0,36.37842,127.316895,12,세종특별시
2026-06-15T18:55:08+09:00,ALPACA,425248,47.0,36.378452,127.34295,12,세종특별시
2026-06-15T18:55:08+09:00,ALPACA,424880,92.0,36.378475,127.315636,12,세종특별시
2026-06-15T18:55:08+09:00,ALPACA,424982,76.0,36.378605,127.31698,12,세종특별시
2026-06-15T18:55:08+09:00,ALPACA,426447,49.0,36.378735,127.3202,12,세종특별시
2026-06-15T18:55:08+09:00,ALPACA,426110,65.0,36.379402,127.31587,12,세종특별시
2026-06-15T18:55:08+09:00,ALPACA,426469,49.0,36.379536,127.32516,12,세종특별시
2026-06-15T18:55:08+09:00,ALPACA,426364,72.0,36.37954,127.316086,12,세종특별시
2026-06-15T18:55:08+09:00,ALPACA,424525,68.0,36.38085,127.33766,12,세종특별시
2026-06-15T18:55:08+09:00,ALPACA,425241,30.0,36.381367,127.324715,12,세종특별시
2026-06-15T18:55:08+09:00,ALPACA,425531,43.0,36.38258,127.319176,12,세종특별시
2026-06-15T18:55:08+09:00,ALPACA,424949,96.0,36.382713,127.323875,12,세종특별시
2026-06-15T18:55:08+09:00,ALPACA,425117,84.0,36.383396,127.32094,12,세종특별시
2026-06-15T18:55:08+09:00,ALPACA,426207,35.0,36.38366,127.3195,12,세종특별시
2026-06-15T18:55:08+09:00,ALPACA,426443,100.0,36.38367,127.31982,12,세종특별시
2026-06-15T18:55:08+09:00,ALPACA,426303,100.0,36.383705,127.3198,12,세종특별시
2026-06-15T18:55:08+09:00,ALPACA,426440,100.0,36.38371,127.3198,12,세종특별시
2026-06-15T18:55:08+09:00,ALPACA,426479,89.0,36.383713,127.319855,12,세종특별시
2026-06-15T18:55:08+09:00,ALPACA,426561,99.0,36.383717,127.31979,12,세종특별시
2026-06-15T18:55:08+09:00,ALPACA,426356,90.0,36.38372,127.31977,12,세종특별시
2026-06-15T18:55:08+09:00,ALPACA,426230,100.0,36.383724,127.31979,12,세종특별시
2026-06-15T18:55:08+09:00,ALPACA,426432,52.0,36.383724,127.31917,12,세종특별시
2026-06-15T18:55:08+09:00,ALPACA,425905,81.0,36.383728,127.319756,12,세종특별시
2026-06-15T18:55:08+09:00,ALPACA,425971,100.0,36.38375,127.31977,12,세종특별시
2026-06-15T18:55:08+09:00,ALPACA,426326,60.0,36.383774,127.31974,12,세종특별시
2026-06-15T18:55:08+09:00,ALPACA,424717,83.0,36.383774,127.30337,12,세종특별시
2026-06-15T18:55:08+09:00,ALPACA,425702,95.0,36.3838,127.31977,12,세종특별시
2026-06-15T18:55:08+09:00,ALPACA,426430,70.0,36.383823,127.319145,12,세종특별시
2026-06-15T18:55:08+09:00,ALPACA,426130,99.0,36.383854,127.3191,12,세종특별시
2026-06-15T18:55:08+09:00,ALPACA,426372,100.0,36.383865,127.31909,12,세종특별시
2026-06-15T18:55:08+09:00,ALPACA,426485,94.0,36.383907,127.319115,12,세종특별시
2026-06-15T18:55:08+09:00,ALPACA,425506,80.0,36.384212,127.36762,12,세종특별시
2026-06-15T18:55:08+09:00,ALPACA,425243,85.0,36.384308,127.31998,12,세종특별시
2026-06-15T18:55:08+09:00,ALPACA,426404,56.0,36.38485,127.324615,12,세종특별시
2026-06-15T18:55:08+09:00,ALPACA,425179,54.0,36.384888,127.32376,12,세종특별시
2026-06-15T18:55:08+09:00,ALPACA,425727,82.0,36.38503,127.32436,12,세종특별시
2026-06-15T18:55:08+09:00,ALPACA,426296,62.0,36.385063,127.32424,12,세종특별시
2026-06-15T18:55:08+09:00,ALPACA,426472,39.0,36.385086,127.324326,12,세종특별시
2026-06-15T18:55:08+09:00,ALPACA,426412,97.0,36.38509,127.30794,12,세종특별시
2026-06-15T18:55:08+09:00,ALPACA,426528,36.0,36.385265,127.32443,12,세종특별시
2026-06-15T18:55:08+09:00,ALPACA,426298,61.0,36.385635,127.328224,12,세종특별시
2026-06-15T18:55:08+09:00,ALPACA,425969,92.0,36.385647,127.32822,12,세종특별시
2026-06-15T18:55:08+09:00,ALPACA,424712,80.0,36.38569,127.32819,12,세종특별시
2026-06-15T18:55:08+09:00,ALPACA,426428,38.0,36.385708,127.32818,12,세종특별시
2026-06-15T18:55:08+09:00,ALPACA,426390,91.0,36.38571,127.32817,12,세종특별시
2026-06-15T18:55:08+09:00,ALPACA,414714,100.0,36.385803,127.377365,12,세종특별시
2026-06-15T18:55:08+09:00,ALPACA,426129,58.0,36.385807,127.30859,12,세종특별시
2026-06-15T18:55:08+09:00,ALPACA,424509,100.0,36.385815,127.37732,12,세종특별시
2026-06-15T18:55:08+09:00,ALPACA,414750,100.0,36.385822,127.37734,12,세종특별시
2026-06-15T18:55:08+09:00,ALPACA,414717,100.0,36.385826,127.37734,12,세종특별시
2026-06-15T18:55:08+09:00,ALPACA,414748,100.0,36.385826,127.37734,12,세종특별시
2026-06-15T18:55:08+09:00,ALPACA,426046,100.0,36.385838,127.377335,12,세종특별시
2026-06-15T18:55:08+09:00,ALPACA,426109,51.0,36.386055,127.32817,12,세종특별시
2026-06-15T18:55:08+09:00,ALPACA,426280,88.0,36.3861,127.32676,12,세종특별시
2026-06-15T18:55:08+09:00,ALPACA,425083,92.0,36.3862,127.32527,12,세종특별시
2026-06-15T18:55:08+09:00,ALPACA,426244,85.0,36.386227,127.32521,12,세종특별시
2026-06-15T18:55:08+09:00,ALPACA,426086,94.0,36.386375,127.318375,12,세종특별시
2026-06-15T18:55:08+09:00,ALPACA,425909,98.0,36.38664,127.315865,12,세종특별시
2026-06-15T18:55:08+09:00,ALPACA,426377,48.0,36.386665,127.31672,12,세종특별시
2026-06-15T18:55:08+09:00,ALPACA,425642,100.0,36.38679,127.31584,12,세종특별시
2026-06-15T18:55:08+09:00,ALPACA,426387,39.0,36.386887,127.31594,12,세종특별시
2026-06-15T18:55:08+09:00,ALPACA,426347,45.0,36.386913,127.31802,12,세종특별시
2026-06-15T18:55:08+09:00,ALPACA,426229,100.0,36.38696,127.315956,12,세종특별시
2026-06-15T18:55:08+09:00,ALPACA,426202,99.0,36.386967,127.31781,12,세종특별시
2026-06-15T18:55:08+09:00,ALPACA,424832,68.0,36.386997,127.31789,12,세종특별시
2026-06-15T18:55:08+09:00,ALPACA,426449,72.0,36.387016,127.317856,12,세종특별시
2026-06-15T18:55:08+09:00,ALPACA,425281,87.0,36.387028,127.322464,12,세종특별시
2026-06-15T18:55:08+09:00,ALPACA,426388,99.0,36.38733,127.32552,12,세종특별시
2026-06-15T18:55:08+09:00,ALPACA,424635,89.0,36.387386,127.30984,12,세종특별시
2026-06-15T18:55:08+09:00,ALPACA,414796,93.0,36.387424,127.40487,12,세종특별시
2026-06-15T18:55:08+09:00,ALPACA,426239,86.0,36.38745,127.31304,12,세종특별시
2026-06-15T18:55:08+09:00,ALPACA,424328,84.0,36.38746,127.31294,12,세종특별시
2026-06-15T18:55:08+09:00,ALPACA,424363,76.0,36.387497,127.31835,12,세종특별시
2026-06-15T18:55:08+09:00,ALPACA,426148,96.0,36.387505,127.318375,12,세종특별시
2026-06-15T18:55:08+09:00,ALPACA,426383,33.0,36.387604,127.3089,12,세종특별시
2026-06-15T18:55:08+09:00,ALPACA,426498,95.0,36.387653,127.30948,12,세종특별시
2026-06-15T18:55:08+09:00,ALPACA,426445,70.0,36.38767,127.32451,12,세종특별시
2026-06-15T18:55:08+09:00,ALPACA,426252,87.0,36.387684,127.3122,12,세종특별시
2026-06-15T18:55:08+09:00,ALPACA,426240,55.0,36.387722,127.311806,12,세종특별시
2026-06-15T18:55:08+09:00,ALPACA,426417,93.0,36.38773,127.31176,12,세종특별시
2026-06-15T18:55:08+09:00,ALPACA,426532,84.0,36.387753,127.303246,12,세종특별시
2026-06-15T18:55:08+09:00,ALPACA,426274,57.0,36.387863,127.32413,12,세종특별시
2026-06-15T18:55:08+09:00,ALPACA,425448,81.0,36.388226,127.34913,12,세종특별시
2026-06-15T18:55:08+09:00,ALPACA,426060,75.0,36.388245,127.33357,12,세종특별시
2026-06-15T18:55:08+09:00,ALPACA,426362,96.0,36.38874,127.31272,12,세종특별시
2026-06-15T18:55:08+09:00,ALPACA,426266,61.0,36.389297,127.314186,12,세종특별시
2026-06-15T18:55:08+09:00,ALPACA,426272,74.0,36.389503,127.29989,12,세종특별시
2026-06-15T18:55:08+09:00,ALPACA,426351,99.0,36.38966,127.30327,12,세종특별시
2026-06-15T18:55:08+09:00,ALPACA,426429,100.0,36.389664,127.350945,12,세종특별시
2026-06-15T18:55:08+09:00,ALPACA,424708,100.0,36.38975,127.348724,12,세종특별시
2026-06-15T18:55:08+09:00,ALPACA,415442,94.0,36.39018,127.39921,12,세종특별시
2026-06-15T18:55:08+09:00,ALPACA,414901,100.0,36.390182,127.399284,12,세종특별시
2026-06-15T18:55:08+09:00,ALPACA,424883,72.0,36.390182,127.39919,12,세종특별시
2026-06-15T18:55:08+09:00,ALPACA,414612,99.0,36.390186,127.399155,12,세종특별시
2026-06-15T18:55:08+09:00,ALPACA,424646,94.0,36.390186,127.39919,12,세종특별시
2026-06-15T18:55:08+09:00,ALPACA,415142,97.0,36.390194,127.399185,12,세종특별시
2026-06-15T18:55:08+09:00,ALPACA,424697,98.0,36.390194,127.399315,12,세종특별시
2026-06-15T18:55:08+09:00,ALPACA,426203,36.0,36.390198,127.31471,12,세종특별시
2026-06-15T18:55:08+09:00,ALPACA,424973,99.0,36.390198,127.399254,12,세종특별시
2026-06-15T18:55:08+09:00,ALPACA,414739,96.0,36.3902,127.39926,12,세종특별시
2026-06-15T18:55:08+09:00,ALPACA,426517,98.0,36.39021,127.39923,12,세종특별시
2026-06-15T18:55:08+09:00,ALPACA,425182,97.0,36.39021,127.39931,12,세종특별시
2026-06-15T18:55:08+09:00,ALPACA,415292,80.0,36.390213,127.399155,12,세종특별시
2026-06-15T18:55:08+09:00,ALPACA,425433,68.0,36.39022,127.39917,12,세종특별시
2026-06-15T18:55:08+09:00,ALPACA,424887,83.0,36.39023,127.40696,12,세종특별시
2026-06-15T18:55:08+09:00,ALPACA,426273,56.0,36.390278,127.3048,12,세종특별시
2026-06-15T18:55:08+09:00,ALPACA,426382,84.0,36.390472,127.305885,12,세종특별시
2026-06-15T18:55:08+09:00,ALPACA,426464,97.0,36.39052,127.30593,12,세종특별시
2026-06-15T18:55:08+09:00,ALPACA,426209,57.0,36.390526,127.30587,12,세종특별시
2026-06-15T18:55:08+09:00,ALPACA,426245,90.0,36.390743,127.30877,12,세종특별시
2026-06-15T18:55:08+09:00,ALPACA,424439,74.0,36.39101,127.32967,12,세종특별시
2026-06-15T18:55:08+09:00,ALPACA,414678,75.0,36.39109,127.40185,12,세종특별시
2026-06-15T18:55:08+09:00,ALPACA,414429,63.0,36.391315,127.31566,12,세종특별시
2026-06-15T18:55:08+09:00,ALPACA,425525,66.0,36.391342,127.312164,12,세종특별시
2026-06-15T18:55:08+09:00,ALPACA,426343,69.0,36.3915,127.31477,12,세종특별시
2026-06-15T18:55:08+09:00,ALPACA,425374,55.0,36.391506,127.36472,12,세종특별시
2026-06-15T18:55:08+09:00,ALPACA,426518,57.0,36.391514,127.3148,12,세종특별시
2026-06-15T18:55:08+09:00,ALPACA,424725,69.0,36.391537,127.31474,12,세종특별시
2026-06-15T18:55:08+09:00,ALPACA,425436,71.0,36.39154,127.31479,12,세종특별시
2026-06-15T18:55:08+09:00,ALPACA,425973,92.0,36.391624,127.31248,12,세종특별시
2026-06-15T18:55:08+09:00,ALPACA,426328,43.0,36.39181,127.31407,12,세종특별시
2026-06-15T18:55:08+09:00,ALPACA,426385,98.0,36.391815,127.31145,12,세종특별시
2026-06-15T18:55:08+09:00,ALPACA,426102,54.0,36.39187,127.31431,12,세종특별시
2026-06-15T18:55:08+09:00,ALPACA,426473,38.0,36.391926,127.31432,12,세종특별시
2026-06-15T18:55:08+09:00,ALPACA,424764,45.0,36.392334,127.314804,12,세종특별시
2026-06-15T18:55:08+09:00,ALPACA,425977,58.0,36.392525,127.31403,12,세종특별시
2026-06-15T18:55:08+09:00,ALPACA,426178,89.0,36.39258,127.313034,12,세종특별시
2026-06-15T18:55:08+09:00,ALPACA,424926,79.0,36.393276,127.3996,12,세종특별시
2026-06-15T18:55:08+09:00,ALPACA,426265,80.0,36.39347,127.35267,12,세종특별시
2026-06-15T18:55:08+09:00,ALPACA,426250,38.0,36.393757,127.31229,12,세종특별시
2026-06-15T18:55:08+09:00,ALPACA,426386,92.0,36.39455,127.31088,12,세종특별시
2026-06-15T18:55:08+09:00,ALPACA,425446,65.0,36.39505,127.3129,12,세종특별시
2026-06-15T18:55:08+09:00,ALPACA,426353,64.0,36.39544,127.313324,12,세종특별시
2026-06-15T18:55:08+09:00,ALPACA,424418,77.0,36.395535,127.310326,12,세종특별시
2026-06-15T18:55:08+09:00,ALPACA,414936,74.0,36.39674,127.400276,12,세종특별시
2026-06-15T18:55:08+09:00,ALPACA,424904,69.0,36.398495,127.400375,12,세종특별시
2026-06-15T18:55:08+09:00,ALPACA,425335,98.0,36.398674,127.39261,12,세종특별시
2026-06-15T18:55:08+09:00,ALPACA,414702,99.0,36.399685,127.391335,12,세종특별시
2026-06-15T18:55:08+09:00,ALPACA,414825,98.0,36.399708,127.40745,12,세종특별시
2026-06-15T18:55:08+09:00,ALPACA,425257,83.0,36.399757,127.39752,12,세종특별시
2026-06-15T18:55:08+09:00,ALPACA,415044,96.0,36.399815,127.402466,12,세종특별시
2026-06-15T18:55:08+09:00,ALPACA,414727,98.0,36.40091,127.411026,12,세종특별시
2026-06-15T18:55:08+09:00,ALPACA,425362,76.0,36.401062,127.390686,12,세종특별시
2026-06-15T18:55:08+09:00,ALPACA,414672,99.0,36.401077,127.390656,12,세종특별시
2026-06-15T18:55:08+09:00,ALPACA,414690,69.0,36.401077,127.390656,12,세종특별시
2026-06-15T18:55:08+09:00,ALPACA,414773,76.0,36.401085,127.390625,12,세종특별시
2026-06-15T18:55:08+09:00,ALPACA,424314,97.0,36.401104,127.39068,12,세종특별시
2026-06-15T18:55:08+09:00,ALPACA,424460,97.0,36.40111,127.39061,12,세종특별시
2026-06-15T18:55:08+09:00,ALPACA,414524,89.0,36.401436,127.40765,12,세종특별시
2026-06-15T18:55:08+09:00,ALPACA,425192,98.0,36.403355,127.397575,12,세종특별시
2026-06-15T18:55:08+09:00,ALPACA,414898,56.0,36.40528,127.39769,12,세종특별시
2026-06-15T18:55:08+09:00,ALPACA,414643,62.0,36.411682,127.40615,12,세종특별시
2026-06-15T18:55:08+09:00,ALPACA,424765,87.0,36.41186,127.41124,12,세종특별시
2026-06-15T18:55:08+09:00,ALPACA,425305,57.0,36.412758,127.40816,12,세종특별시
2026-06-15T18:55:08+09:00,ALPACA,425704,44.0,36.41315,127.40505,12,세종특별시
2026-06-15T18:55:08+09:00,ALPACA,415569,56.0,36.41324,127.40635,12,세종특별시
2026-06-15T18:55:08+09:00,ALPACA,424780,69.0,36.41326,127.406334,12,세종특별시
2026-06-15T18:55:08+09:00,ALPACA,414541,58.0,36.416164,127.3965,12,세종특별시
2026-06-15T18:55:08+09:00,ALPACA,424593,83.0,36.417976,127.39082,12,세종특별시
2026-06-15T18:55:08+09:00,ALPACA,425387,65.0,36.418247,127.39745,12,세종특별시
2026-06-15T18:55:08+09:00,ALPACA,414779,95.0,36.41845,127.39742,12,세종특별시
2026-06-15T18:55:08+09:00,ALPACA,424954,94.0,36.418774,127.40836,12,세종특별시
2026-06-15T18:55:08+09:00,ALPACA,414687,100.0,36.419006,127.387054,12,세종특별시
2026-06-15T18:55:08+09:00,ALPACA,414648,79.0,36.419205,127.38161,12,세종특별시
2026-06-15T18:55:08+09:00,ALPACA,414827,95.0,36.419476,127.41061,12,세종특별시
2026-06-15T18:55:08+09:00,ALPACA,424550,66.0,36.419666,127.39398,12,세종특별시
2026-06-15T18:55:08+09:00,ALPACA,425409,58.0,36.419746,127.40644,12,세종특별시
2026-06-15T18:55:08+09:00,ALPACA,425191,86.0,36.420033,127.38586,12,세종특별시
2026-06-15T18:55:08+09:00,ALPACA,414669,99.0,36.420067,127.39225,12,세종특별시
2026-06-15T18:55:08+09:00,ALPACA,414966,91.0,36.420147,127.39225,12,세종특별시
2026-06-15T18:55:08+09:00,ALPACA,415070,96.0,36.420494,127.39177,12,세종특별시
2026-06-15T18:55:08+09:00,ALPACA,424827,57.0,36.420643,127.38442,12,세종특별시
2026-06-15T18:55:08+09:00,ALPACA,425575,68.0,36.42106,127.38172,12,세종특별시
2026-06-15T18:55:08+09:00,ALPACA,414689,100.0,36.421383,127.39428,12,세종특별시
2026-06-15T18:55:08+09:00,ALPACA,414566,100.0,36.421726,127.394264,12,세종특별시
2026-06-15T18:55:08+09:00,ALPACA,414953,86.0,36.421738,127.39323,12,세종특별시
2026-06-15T18:55:08+09:00,ALPACA,424539,71.0,36.421803,127.40433,12,세종특별시
2026-06-15T18:55:08+09:00,ALPACA,425367,60.0,36.42183,127.40773,12,세종특별시
2026-06-15T18:55:08+09:00,ALPACA,425551,77.0,36.422134,127.39613,12,세종특별시
2026-06-15T18:55:08+09:00,ALPACA,414831,100.0,36.422195,127.38757,12,세종특별시
2026-06-15T18:55:08+09:00,ALPACA,414776,100.0,36.422256,127.387596,12,세종특별시
2026-06-15T18:55:08+09:00,ALPACA,414914,100.0,36.422268,127.38754,12,세종특별시
2026-06-15T18:55:08+09:00,ALPACA,411733,96.0,36.422504,127.407,12,세종특별시
2026-06-15T18:55:08+09:00,ALPACA,414823,93.0,36.422623,127.40054,12,세종특별시
2026-06-15T18:55:08+09:00,ALPACA,425494,61.0,36.422726,127.40008,12,세종특별시
2026-06-15T18:55:08+09:00,ALPACA,414268,64.0,36.422913,127.38895,12,세종특별시
2026-06-15T18:55:08+09:00,ALPACA,414821,89.0,36.423122,127.40594,12,세종특별시
2026-06-15T18:55:08+09:00,ALPACA,425236,100.0,36.423275,127.39275,12,세종특별시
2026-06-15T18:55:08+09:00,ALPACA,414732,100.0,36.42347,127.39226,12,세종특별시
2026-06-15T18:55:08+09:00,ALPACA,424825,96.0,36.42347,127.392265,12,세종특별시
2026-06-15T18:55:08+09:00,ALPACA,414937,73.0,36.42349,127.39224,12,세종특별시
2026-06-15T18:55:08+09:00,ALPACA,425711,68.0,36.42349,127.39227,12,세종특별시
2026-06-15T18:55:08+09:00,ALPACA,426257,100.0,36.42349,127.39225,12,세종특별시
2026-06-15T18:55:08+09:00,ALPACA,414830,79.0,36.423496,127.39229,12,세종특별시
2026-06-15T18:55:08+09:00,ALPACA,424816,100.0,36.423496,127.39228,12,세종특별시
2026-06-15T18:55:08+09:00,ALPACA,414753,97.0,36.42365,127.40516,12,세종특별시
2026-06-15T18:55:08+09:00,ALPACA,414533,93.0,36.42367,127.4053,12,세종특별시
2026-06-15T18:55:08+09:00,ALPACA,424583,81.0,36.423676,127.405205,12,세종특별시
2026-06-15T18:55:08+09:00,ALPACA,414651,90.0,36.423725,127.40488,12,세종특별시
2026-06-15T18:55:08+09:00,ALPACA,414767,63.0,36.424538,127.389465,12,세종특별시
2026-06-15T18:55:08+09:00,ALPACA,425734,100.0,36.42461,127.39297,12,세종특별시
2026-06-15T18:55:08+09:00,ALPACA,414754,57.0,36.424698,127.40046,12,세종특별시
2026-06-15T18:55:08+09:00,ALPACA,424116,67.0,36.42471,127.39227,12,세종특별시
2026-06-15T18:55:08+09:00,ALPACA,424555,81.0,36.425125,127.39005,12,세종특별시
2026-06-15T18:55:08+09:00,ALPACA,415078,95.0,36.425358,127.39216,12,세종특별시
2026-06-15T18:55:08+09:00,ALPACA,414284,95.0,36.425426,127.39216,12,세종특별시
2026-06-15T18:55:08+09:00,ALPACA,414481,53.0,36.425526,127.393074,12,세종특별시
2026-06-15T18:55:08+09:00,ALPACA,425467,59.0,36.42554,127.393005,12,세종특별시
2026-06-15T18:55:08+09:00,ALPACA,415586,52.0,36.425552,127.39418,12,세종특별시
2026-06-15T18:55:08+09:00,ALPACA,425510,60.0,36.42561,127.39305,12,세종특별시
2026-06-15T18:55:08+09:00,ALPACA,414681,77.0,36.42564,127.39891,12,세종특별시
2026-06-15T18:55:08+09:00,ALPACA,424586,48.0,36.42572,127.389824,12,세종특별시
2026-06-15T18:55:08+09:00,ALPACA,425412,62.0,36.4258,127.38987,12,세종특별시
2026-06-15T18:55:08+09:00,ALPACA,424442,67.0,36.426086,127.39168,12,세종특별시
2026-06-15T18:55:08+09:00,ALPACA,425348,100.0,36.4261,127.390884,12,세종특별시
2026-06-15T18:55:08+09:00,ALPACA,414539,51.0,36.426254,127.391335,12,세종특별시
2026-06-15T18:55:08+09:00,ALPACA,414790,92.0,36.426254,127.390465,12,세종특별시
2026-06-15T18:55:08+09:00,ALPACA,414375,100.0,36.426323,127.39255,12,세종특별시
2026-06-15T18:55:08+09:00,ALPACA,425148,100.0,36.426376,127.39363,12,세종특별시
2026-06-15T18:55:08+09:00,ALPACA,410295,100.0,36.426437,127.39041,12,세종특별시
2026-06-15T18:55:08+09:00,ALPACA,424942,95.0,36.42664,127.3903,12,세종특별시
2026-06-15T18:55:08+09:00,ALPACA,411692,92.0,36.426975,127.38953,12,세종특별시
2026-06-15T18:55:08+09:00,ALPACA,424938,100.0,36.427086,127.394066,12,세종특별시
2026-06-15T18:55:08+09:00,ALPACA,414915,79.0,36.427414,127.402504,12,세종특별시
2026-06-15T18:55:08+09:00,ALPACA,424443,65.0,36.427795,127.39089,12,세종특별시
2026-06-15T18:55:08+09:00,ALPACA,425306,76.0,36.428364,127.3985,12,세종특별시
2026-06-15T18:55:08+09:00,ALPACA,414731,100.0,36.428577,127.391426,12,세종특별시
2026-06-15T18:55:08+09:00,ALPACA,415221,60.0,36.428673,127.3916,12,세종특별시
2026-06-15T18:55:08+09:00,ALPACA,425087,70.0,36.42878,127.39551,12,세종특별시
2026-06-15T18:55:08+09:00,ALPACA,425253,92.0,36.428925,127.39552,12,세종특별시
2026-06-15T18:55:08+09:00,ALPACA,425021,100.0,36.428967,127.38932,12,세종특별시
2026-06-15T18:55:08+09:00,ALPACA,425226,86.0,36.429646,127.38841,12,세종특별시
2026-06-15T18:55:08+09:00,ALPACA,414653,81.0,36.429653,127.393234,12,세종특별시
2026-06-15T18:55:08+09:00,ALPACA,424649,90.0,36.42984,127.39624,12,세종특별시
2026-06-15T18:55:08+09:00,ALPACA,425275,98.0,36.43029,127.39371,12,세종특별시
2026-06-15T18:55:08+09:00,ALPACA,414763,81.0,36.430313,127.39371,12,세종특별시
2026-06-15T18:55:08+09:00,ALPACA,414304,70.0,36.43032,127.38999,12,세종특별시
2026-06-15T18:55:08+09:00,ALPACA,414730,100.0,36.43057,127.39298,12,세종특별시
2026-06-15T18:55:08+09:00,ALPACA,424601,62.0,36.43121,127.38357,12,세종특별시
2026-06-15T18:55:08+09:00,ALPACA,414308,86.0,36.431248,127.39436,12,세종특별시
2026-06-15T18:55:08+09:00,ALPACA,414931,97.0,36.431248,127.39438,12,세종특별시
2026-06-15T18:55:08+09:00,ALPACA,410334,49.0,36.431282,127.394485,12,세종특별시
2026-06-15T18:55:08+09:00,ALPACA,414704,100.0,36.431293,127.39335,12,세종특별시
2026-06-15T18:55:08+09:00,ALPACA,425453,88.0,36.431355,127.39758,12,세종특별시
2026-06-15T18:55:08+09:00,ALPACA,414543,96.0,36.431534,127.39754,12,세종특별시
2026-06-15T18:55:08+09:00,ALPACA,415427,70.0,36.431553,127.39399,12,세종특별시
2026-06-15T18:55:08+09:00,ALPACA,414728,89.0,36.431667,127.39372,12,세종특별시
2026-06-15T18:55:08+09:00,ALPACA,414765,52.0,36.43168,127.39379,12,세종특별시
2026-06-15T18:55:08+09:00,ALPACA,414676,57.0,36.431934,127.39356,12,세종특별시
2026-06-15T18:55:08+09:00,ALPACA,424768,100.0,36.432198,127.393135,12,세종특별시
2026-06-15T18:55:08+09:00,ALPACA,425110,100.0,36.432365,127.39407,12,세종특별시
2026-06-15T18:55:08+09:00,ALPACA,414775,100.0,36.43237,127.39418,12,세종특별시
2026-06-15T18:55:08+09:00,ALPACA,414558,99.0,36.43239,127.38155,12,세종특별시
2026-06-15T18:55:08+09:00,ALPACA,424434,52.0,36.432396,127.38414,12,세종특별시
2026-06-15T18:55:08+09:00,ALPACA,414738,53.0,36.43243,127.39408,12,세종특별시
2026-06-15T18:55:08+09:00,ALPACA,414774,80.0,36.4326,127.38414,12,세종특별시
2026-06-15T18:55:08+09:00,ALPACA,414746,64.0,36.43275,127.39161,12,세종특별시
2026-06-15T18:55:08+09:00,ALPACA,414737,51.0,36.432827,127.394516,12,세종특별시
2026-06-15T18:55:08+09:00,ALPACA,414679,100.0,36.43294,127.38458,12,세종특별시
2026-06-15T18:55:08+09:00,ALPACA,425183,97.0,36.43316,127.38392,12,세종특별시
2026-06-15T18:55:08+09:00,ALPACA,425417,91.0,36.433212,127.384415,12,세종특별시
2026-06-15T18:55:08+09:00,ALPACA,415275,100.0,36.43347,127.382935,12,세종특별시
2026-06-15T18:55:08+09:00,ALPACA,414654,100.0,36.433575,127.38274,12,세종특별시
2026-06-15T18:55:08+09:00,ALPACA,424820,100.0,36.43375,127.385925,12,세종특별시
2026-06-15T18:55:08+09:00,ALPACA,414677,94.0,36.43431,127.385216,12,세종특별시
2026-06-15T18:55:08+09:00,ALPACA,424917,99.0,36.434444,127.392876,12,세종특별시
2026-06-15T18:55:08+09:00,ALPACA,426235,94.0,36.434452,127.40869,12,세종특별시
2026-06-15T18:55:08+09:00,ALPACA,414416,100.0,36.434555,127.38898,12,세종특별시
2026-06-15T18:55:08+09:00,ALPACA,415253,61.0,36.434692,127.38795,12,세종특별시
2026-06-15T18:55:08+09:00,ALPACA,414513,99.0,36.434956,127.39313,12,세종특별시
2026-06-15T18:55:08+09:00,ALPACA,425479,87.0,36.435455,127.403046,12,세종특별시
2026-06-15T18:55:08+09:00,ALPACA,414696,96.0,36.435905,127.403885,12,세종특별시
2026-06-15T18:55:08+09:00,ALPACA,414503,54.0,36.435974,127.40406,12,세종특별시
2026-06-15T18:55:08+09:00,ALPACA,414839,100.0,36.436565,127.389275,12,세종특별시
2026-06-15T18:55:08+09:00,ALPACA,415470,87.0,36.436783,127.3813,12,세종특별시
2026-06-15T18:55:08+09:00,ALPACA,426234,83.0,36.436787,127.38891,12,세종특별시
2026-06-15T18:55:08+09:00,ALPACA,426484,100.0,36.43732,127.388435,12,세종특별시
2026-06-15T18:55:08+09:00,ALPACA,426256,82.0,36.437454,127.388435,12,세종특별시
2026-06-15T18:55:08+09:00,ALPACA,414948,94.0,36.438084,127.39494,12,세종특별시
2026-06-15T18:55:08+09:00,ALPACA,426305,69.0,36.438095,127.381996,12,세종특별시
2026-06-15T18:55:08+09:00,ALPACA,414912,100.0,36.438103,127.38237,12,세종특별시
2026-06-15T18:55:08+09:00,ALPACA,414759,100.0,36.43812,127.3815,12,세종특별시
2026-06-15T18:55:08+09:00,ALPACA,414794,80.0,36.43812,127.38202,12,세종특별시
2026-06-15T18:55:08+09:00,ALPACA,414943,100.0,36.43813,127.38232,12,세종특별시
2026-06-15T18:55:08+09:00,ALPACA,424760,100.0,36.43815,127.38154,12,세종특별시
2026-06-15T18:55:08+09:00,ALPACA,415516,76.0,36.438152,127.38194,12,세종특별시
2026-06-15T18:55:08+09:00,ALPACA,414706,79.0,36.438187,127.382065,12,세종특별시
2026-06-15T18:55:08+09:00,ALPACA,414684,97.0,36.43893,127.39512,12,세종특별시
2026-06-15T18:55:08+09:00,ALPACA,414532,57.0,36.43929,127.38143,12,세종특별시
2026-06-15T18:55:08+09:00,ALPACA,415439,100.0,36.439877,127.38223,12,세종특별시
2026-06-15T18:55:08+09:00,ALPACA,424542,90.0,36.439896,127.38476,12,세종특별시
2026-06-15T18:55:08+09:00,ALPACA,424564,58.0,36.440174,127.38336,12,세종특별시
2026-06-15T18:55:08+09:00,ALPACA,424719,100.0,36.440266,127.38345,12,세종특별시
2026-06-15T18:55:08+09:00,ALPACA,424382,54.0,36.44033,127.38437,12,세종특별시
2026-06-15T18:55:08+09:00,ALPACA,425193,62.0,36.44123,127.38599,12,세종특별시
2026-06-15T18:55:08+09:00,ALPACA,414659,45.0,36.441647,127.399925,12,세종특별시
2026-06-15T18:55:08+09:00,ALPACA,414644,32.0,36.444366,127.41042,12,세종특별시
2026-06-15T18:55:08+09:00,ALPACA,414724,63.0,36.445915,127.41399,12,세종특별시
2026-06-15T18:55:08+09:00,ALPACA,425712,67.0,36.445957,127.405624,12,세종특별시
2026-06-15T18:55:08+09:00,ALPACA,425384,68.0,36.447025,127.40838,12,세종특별시
2026-06-15T18:55:08+09:00,ALPACA,415049,49.0,36.448135,127.42335,12,세종특별시
2026-06-15T18:55:08+09:00,ALPACA,414760,38.0,36.449184,127.41195,12,세종특별시
2026-06-15T18:55:08+09:00,ALPACA,424455,43.0,36.450794,127.432045,12,세종특별시
2026-06-15T18:55:08+09:00,ALPACA,424792,36.0,36.45336,127.423874,12,세종특별시
2026-06-15T18:55:08+09:00,ALPACA,422610,69.0,36.58649,127.294586,12,세종특별시
2026-06-15T18:55:08+09:00,ALPACA,422236,78.0,36.588135,127.28902,12,세종특별시
2026-06-15T18:55:08+09:00,ALPACA,422154,100.0,36.588425,127.29001,12,세종특별시
2026-06-15T18:55:08+09:00,ALPACA,421288,100.0,36.588444,127.290054,12,세종특별시
2026-06-15T18:55:08+09:00,ALPACA,414865,100.0,36.590813,127.29184,12,세종특별시
2026-06-15T18:55:08+09:00,ALPACA,422500,100.0,36.590828,127.291824,12,세종특별시
2026-06-15T18:55:08+09:00,ALPACA,422087,100.0,36.59086,127.29185,12,세종특별시
2026-06-15T18:55:08+09:00,ALPACA,422425,89.0,36.590874,127.29187,12,세종특별시
2026-06-15T18:55:08+09:00,ALPACA,422363,100.0,36.590958,127.29519,12,세종특별시
2026-06-15T18:55:08+09:00,ALPACA,422600,74.0,36.59098,127.29518,12,세종특별시
2026-06-15T18:55:08+09:00,ALPACA,421876,85.0,36.590992,127.2952,12,세종특별시
2026-06-15T18:55:08+09:00,ALPACA,422397,89.0,36.592003,127.29626,12,세종특별시
2026-06-15T18:55:08+09:00,ALPACA,422249,83.0,36.592037,127.29636,12,세종특별시
2026-06-15T18:55:08+09:00,ALPACA,422376,100.0,36.592087,127.29632,12,세종특별시
2026-06-15T18:55:08+09:00,ALPACA,421720,100.0,36.593098,127.28476,12,세종특별시
2026-06-15T18:55:08+09:00,ALPACA,422047,100.0,36.5931,127.284775,12,세종특별시
2026-06-15T18:55:08+09:00,ALPACA,422220,100.0,36.593105,127.28477,12,세종특별시
2026-06-15T18:55:08+09:00,ALPACA,414795,93.0,36.593204,127.28924,12,세종특별시
2026-06-15T18:55:08+09:00,ALPACA,422434,93.0,36.59417,127.30133,12,세종특별시
2026-06-15T18:55:08+09:00,ALPACA,422562,93.0,36.59511,127.28873,12,세종특별시
2026-06-15T18:55:08+09:00,ALPACA,422379,100.0,36.59515,127.28925,12,세종특별시
2026-06-15T18:55:08+09:00,ALPACA,422393,100.0,36.59518,127.289215,12,세종특별시
2026-06-15T18:55:08+09:00,ALPACA,410262,100.0,36.595184,127.28924,12,세종특별시
2026-06-15T18:55:08+09:00,ALPACA,422023,75.0,36.59577,127.289406,12,세종특별시
2026-06-15T18:55:08+09:00,ALPACA,422491,78.0,36.596176,127.29575,12,세종특별시
2026-06-15T18:55:08+09:00,ALPACA,421904,100.0,36.59622,127.29577,12,세종특별시
2026-06-15T18:55:08+09:00,ALPACA,422567,100.0,36.59646,127.28842,12,세종특별시
2026-06-15T18:55:08+09:00,ALPACA,422125,73.0,36.59647,127.2884,12,세종특별시
2026-06-15T18:55:08+09:00,ALPACA,422414,81.0,36.596535,127.30081,12,세종특별시
2026-06-15T18:55:08+09:00,ALPACA,421733,74.0,36.597267,127.29874,12,세종특별시
2026-06-15T18:55:08+09:00,ALPACA,422338,88.0,36.597286,127.29744,12,세종특별시
2026-06-15T18:55:08+09:00,ALPACA,422449,55.0,36.599773,127.29535,12,세종특별시
2026-06-15T18:55:08+09:00,ALPACA,422228,73.0,36.600174,127.294624,12,세종특별시
2026-06-15T18:55:08+09:00,ALPACA,422136,100.0,36.601013,127.29504,12,세종특별시
2026-06-15T18:55:08+09:00,ALPACA,422350,81.0,36.60106,127.29497,12,세종특별시
2026-06-15T18:55:08+09:00,ALPACA,422701,100.0,36.601227,127.29114,12,세종특별시
2026-06-15T18:55:08+09:00,ALPACA,422467,100.0,36.60136,127.2885,12,세종특별시
2026-06-15T18:55:08+09:00,ALPACA,410385,85.0,36.601765,127.28865,12,세종특별시
2026-06-15T18:55:08+09:00,ALPACA,422265,100.0,36.60182,127.290085,12,세종특별시
2026-06-15T18:55:08+09:00,ALPACA,422258,97.0,36.601833,127.29012,12,세종특별시
2026-06-15T18:55:08+09:00,ALPACA,422566,81.0,36.60185,127.294945,12,세종특별시
2026-06-15T18:55:08+09:00,ALPACA,421703,100.0,36.601852,127.2901,12,세종특별시
2026-06-15T18:55:08+09:00,ALPACA,422446,91.0,36.602337,127.29036,12,세종특별시
2026-06-15T18:55:08+09:00,ALPACA,422306,73.0,36.60238,127.28648,12,세종특별시
2026-06-15T18:55:08+09:00,ALPACA,422138,100.0,36.602406,127.29489,12,세종특별시
2026-06-15T18:55:08+09:00,ALPACA,422571,100.0,36.603333,127.29134,12,세종특별시
2026-06-15T18:55:08+09:00,ALPACA,422387,90.0,36.60345,127.30732,12,세종특별시
2026-06-15T18:55:08+09:00,ALPACA,418661,90.0,36.603523,127.29319,12,세종특별시
2026-06-15T18:55:08+09:00,ALPACA,422399,100.0,36.603596,127.29317,12,세종특별시
2026-06-15T18:55:08+09:00,ALPACA,422203,100.0,36.603607,127.29011,12,세종특별시
2026-06-15T18:55:08+09:00,ALPACA,421775,70.0,36.60373,127.29318,12,세종특별시
2026-06-15T18:55:08+09:00,ALPACA,422364,71.0,36.603767,127.29316,12,세종특별시
2026-06-15T18:55:08+09:00,ALPACA,421566,86.0,36.603878,127.29712,12,세종특별시
2026-06-15T18:55:08+09:00,ALPACA,422303,100.0,36.604046,127.297485,12,세종특별시
2026-06-15T18:55:08+09:00,ALPACA,422075,91.0,36.60406,127.29753,12,세종특별시
2026-06-15T18:55:08+09:00,ALPACA,422344,100.0,36.604065,127.29751,12,세종특별시
2026-06-15T18:55:08+09:00,ALPACA,422246,100.0,36.604084,127.297516,12,세종특별시
2026-06-15T18:55:08+09:00,ALPACA,422484,62.0,36.6041,127.297516,12,세종특별시
2026-06-15T18:55:08+09:00,ALPACA,421987,100.0,36.60448,127.292564,12,세종특별시
2026-06-15T18:55:08+09:00,ALPACA,422337,80.0,36.60455,127.29248,12,세종특별시
2026-06-15T18:55:08+09:00,ALPACA,421831,41.0,36.60456,127.29253,12,세종특별시
2026-06-15T18:55:08+09:00,ALPACA,422248,64.0,36.604572,127.2925,12,세종특별시
2026-06-15T18:55:08+09:00,ALPACA,422173,95.0,36.605038,127.293236,12,세종특별시
2026-06-15T18:55:08+09:00,ALPACA,422452,100.0,36.60527,127.29278,12,세종특별시
2026-06-15T18:55:08+09:00,ALPACA,422282,71.0,36.605328,127.29324,12,세종특별시
2026-06-15T18:55:08+09:00,ALPACA,422458,75.0,36.60533,127.29211,12,세종특별시
2026-06-15T18:55:08+09:00,ALPACA,422396,100.0,36.605366,127.29211,12,세종특별시
2026-06-15T18:55:08+09:00,ALPACA,422435,73.0,36.605366,127.29209,12,세종특별시
2026-06-15T18:55:08+09:00,ALPACA,422699,100.0,36.605373,127.29213,12,세종특별시
2026-06-15T18:55:08+09:00,ALPACA,422025,100.0,36.605587,127.297226,12,세종특별시
2026-06-15T18:55:08+09:00,ALPACA,422413,100.0,36.60559,127.29723,12,세종특별시
2026-06-15T18:55:08+09:00,ALPACA,422406,100.0,36.6056,127.29729,12,세종특별시
2026-06-15T18:55:08+09:00,ALPACA,422238,79.0,36.606304,127.29312,12,세종특별시
2026-06-15T18:55:08+09:00,ALPACA,422324,84.0,36.606316,127.2878,12,세종특별시
2026-06-15T18:55:08+09:00,ALPACA,422522,74.0,36.606323,127.29306,12,세종특별시
2026-06-15T18:55:08+09:00,ALPACA,422884,93.0,36.606495,127.29192,12,세종특별시
2026-06-15T18:55:08+09:00,ALPACA,422336,34.0,36.60691,127.289345,12,세종특별시
2026-06-15T18:55:08+09:00,ALPACA,412614,54.0,36.608784,127.29224,12,세종특별시
2026-06-15T18:55:08+09:00,ALPACA,422463,45.0,36.60894,127.28361,12,세종특별시
2026-06-15T18:55:08+09:00,ALPACA,422322,94.0,36.608997,127.28384,12,세종특별시
2026-06-15T18:55:08+09:00,ALPACA,422175,40.0,36.60901,127.28372,12,세종특별시
2026-06-15T18:55:08+09:00,ALPACA,422465,57.0,36.609043,127.283714,12,세종특별시
2026-06-15T18:55:08+09:00,ALPACA,422620,94.0,36.609062,127.28379,12,세종특별시
2026-06-15T18:55:08+09:00,ALPACA,422559,83.0,36.609077,127.283806,12,세종특별시
2026-06-15T18:55:08+09:00,ALPACA,412597,87.0,36.6091,127.28372,12,세종특별시
2026-06-15T18:55:08+09:00,ALPACA,422576,60.0,36.6091,127.2837,12,세종특별시
2026-06-15T18:55:08+09:00,ALPACA,422720,62.0,36.60919,127.28498,12,세종특별시
2026-06-15T18:55:08+09:00,ALPACA,422607,46.0,36.6092,127.29094,12,세종특별시
2026-06-15T18:55:08+09:00,ALPACA,418665,98.0,36.609303,127.28459,12,세종특별시
2026-06-15T18:55:08+09:00,ALPACA,422432,57.0,36.609337,127.28333,12,세종특별시
2026-06-15T18:55:08+09:00,ALPACA,422560,74.0,36.609386,127.286194,12,세종특별시
2026-06-15T18:55:08+09:00,ALPACA,421025,61.0,36.60967,127.28503,12,세종특별시
2026-06-15T18:55:08+09:00,ALPACA,422502,36.0,36.60986,127.28495,12,세종특별시
2026-06-15T18:55:08+09:00,ALPACA,422439,66.0,36.61011,127.284966,12,세종특별시
2026-06-15T18:55:08+09:00,ALPACA,422205,100.0,36.610172,127.29321,12,세종특별시
2026-06-15T18:55:08+09:00,ALPACA,422499,91.0,36.610237,127.28474,12,세종특별시
2026-06-15T18:55:08+09:00,ALPACA,422378,75.0,36.610306,127.296616,12,세종특별시
2026-06-15T18:55:08+09:00,ALPACA,422703,85.0,36.61031,127.29676,12,세종특별시
2026-06-15T18:55:08+09:00,ALPACA,421725,100.0,36.61032,127.29676,12,세종특별시
2026-06-15T18:55:08+09:00,ALPACA,422226,93.0,36.610325,127.28631,12,세종특별시
2026-06-15T18:55:08+09:00,ALPACA,422556,100.0,36.610325,127.29679,12,세종특별시
2026-06-15T18:55:08+09:00,ALPACA,422430,94.0,36.610447,127.2932,12,세종특별시
2026-06-15T18:55:08+09:00,ALPACA,422184,70.0,36.61051,127.2871,12,세종특별시
2026-06-15T18:55:08+09:00,ALPACA,422420,73.0,36.610695,127.293465,12,세종특별시
2026-06-15T18:55:08+09:00,ALPACA,422394,80.0,36.61074,127.29136,12,세종특별시
2026-06-15T18:55:08+09:00,ALPACA,422181,66.0,36.610786,127.29172,12,세종특별시
2026-06-15T18:55:08+09:00,ALPACA,422128,79.0,36.610897,127.288284,12,세종특별시
2026-06-15T18:55:08+09:00,ALPACA,422770,52.0,36.610916,127.29091,12,세종특별시
2026-06-15T18:55:08+09:00,ALPACA,421741,100.0,36.610943,127.29311,12,세종특별시
2026-06-15T18:55:08+09:00,ALPACA,422180,99.0,36.610947,127.28872,12,세종특별시
2026-06-15T18:55:08+09:00,ALPACA,422143,64.0,36.610985,127.28645,12,세종특별시
2026-06-15T18:55:08+09:00,ALPACA,422291,74.0,36.611,127.28635,12,세종특별시
2026-06-15T18:55:08+09:00,ALPACA,422468,100.0,36.61101,127.28643,12,세종특별시
2026-06-15T18:55:08+09:00,ALPACA,422147,68.0,36.61102,127.28641,12,세종특별시
2026-06-15T18:55:08+09:00,ALPACA,422328,38.0,36.61106,127.29008,12,세종특별시
2026-06-15T18:55:08+09:00,ALPACA,422450,30.0,36.611088,127.2864,12,세종특별시
2026-06-15T18:55:08+09:00,ALPACA,422130,47.0,36.611103,127.28619,12,세종특별시
2026-06-15T18:55:08+09:00,ALPACA,422391,100.0,36.611156,127.29014,12,세종특별시
2026-06-15T18:55:08+09:00,ALPACA,422472,94.0,36.61116,127.28979,12,세종특별시
2026-06-15T18:55:08+09:00,ALPACA,422426,77.0,36.611164,127.29007,12,세종특별시
2026-06-15T18:55:08+09:00,ALPACA,422384,47.0,36.61117,127.29002,12,세종특별시
2026-06-15T18:55:08+09:00,ALPACA,422178,39.0,36.611176,127.28975,12,세종특별시
2026-06-15T18:55:08+09:00,ALPACA,422028,85.0,36.611187,127.29089,12,세종특별시
2026-06-15T18:55:08+09:00,ALPACA,422697,37.0,36.611225,127.28979,12,세종특별시
2026-06-15T18:55:08+09:00,ALPACA,422480,87.0,36.61125,127.28734,12,세종특별시
2026-06-15T18:55:08+09:00,ALPACA,412728,54.0,36.61128,127.28816,12,세종특별시
2026-06-15T18:55:08+09:00,ALPACA,421740,94.0,36.611286,127.29007,12,세종특별시
2026-06-15T18:55:08+09:00,ALPACA,422456,79.0,36.611317,127.28831,12,세종특별시
2026-06-15T18:55:08+09:00,ALPACA,422776,41.0,36.61132,127.288216,12,세종특별시
2026-06-15T18:55:08+09:00,ALPACA,422395,94.0,36.611336,127.28808,12,세종특별시
2026-06-15T18:55:08+09:00,ALPACA,421979,98.0,36.611347,127.288185,12,세종특별시
2026-06-15T18:55:08+09:00,ALPACA,422270,76.0,36.61135,127.288124,12,세종특별시
2026-06-15T18:55:08+09:00,ALPACA,421907,99.0,36.611355,127.28818,12,세종특별시
2026-06-15T18:55:08+09:00,ALPACA,422505,59.0,36.611355,127.288216,12,세종특별시
2026-06-15T18:55:08+09:00,ALPACA,422253,98.0,36.611366,127.28825,12,세종특별시
2026-06-15T18:55:08+09:00,ALPACA,421889,73.0,36.611374,127.28744,12,세종특별시
2026-06-15T18:55:08+09:00,ALPACA,422359,95.0,36.611374,127.28823,12,세종특별시
2026-06-15T18:55:08+09:00,ALPACA,422264,95.0,36.61138,127.28822,12,세종특별시
2026-06-15T18:55:08+09:00,ALPACA,422244,47.0,36.6114,127.28746,12,세종특별시
2026-06-15T18:55:08+09:00,ALPACA,422730,74.0,36.61144,127.287445,12,세종특별시
2026-06-15T18:55:08+09:00,ALPACA,422277,99.0,36.611454,127.28744,12,세종특별시
2026-06-15T18:55:08+09:00,ALPACA,422131,88.0,36.611458,127.28745,12,세종특별시
2026-06-15T18:55:08+09:00,ALPACA,422107,43.0,36.611633,127.287544,12,세종특별시
2026-06-15T18:55:08+09:00,ALPACA,422339,32.0,36.611954,127.2846,12,세종특별시
2026-06-15T18:55:08+09:00,ALPACA,422709,86.0,36.613125,127.29592,12,세종특별시
2026-06-15T18:55:08+09:00,ALPACA,422386,86.0,36.613197,127.29332,12,세종특별시
2026-06-15T18:55:08+09:00,ALPACA,422103,100.0,36.613853,127.31,12,세종특별시
2026-06-15T18:55:08+09:00,ALPACA,418558,100.0,36.613876,127.309975,12,세종특별시
2026-06-15T18:55:08+09:00,ALPACA,422168,73.0,36.61406,127.28906,12,세종특별시
2026-06-15T18:55:08+09:00,ALPACA,422371,62.0,36.61409,127.28907,12,세종특별시
2026-06-15T18:55:08+09:00,ALPACA,422335,100.0,36.614174,127.28884,12,세종특별시
2026-06-15T18:55:08+09:00,ALPACA,422367,100.0,36.614174,127.2888,12,세종특별시
2026-06-15T18:55:08+09:00,ALPACA,422207,95.0,36.61456,127.30835,12,세종특별시
2026-06-15T18:55:08+09:00,ALPACA,422242,77.0,36.614662,127.3059,12,세종특별시
2026-06-15T18:55:08+09:00,ALPACA,422603,100.0,36.614918,127.28499,12,세종특별시
2026-06-15T18:55:08+09:00,ALPACA,422358,75.0,36.615963,127.286064,12,세종특별시
2026-06-15T18:55:08+09:00,ALPACA,422086,76.0,36.61633,127.31405,12,세종특별시
2026-06-15T18:55:08+09:00,ALPACA,422185,100.0,36.618057,127.288795,12,세종특별시
2026-06-15T18:55:08+09:00,ALPACA,422296,87.0,36.6188,127.32029,12,세종특별시
2026-06-15T18:55:08+09:00,ALPACA,410365,76.0,36.618816,127.29082,12,세종특별시
2026-06-15T18:55:08+09:00,ALPACA,422176,100.0,36.61898,127.28855,12,세종특별시
2026-06-15T18:55:08+09:00,ALPACA,422243,75.0,36.619553,127.309944,12,세종특별시
2026-06-15T18:55:08+09:00,ALPACA,421998,82.0,36.620438,127.32027,12,세종특별시
2026-06-15T18:55:08+09:00,ALPACA,422039,70.0,36.620907,127.28249,12,세종특별시
2026-06-15T18:55:08+09:00,ALPACA,422705,93.0,36.62092,127.28246,12,세종특별시
2026-06-15T18:55:08+09:00,ALPACA,422357,82.0,36.621124,127.30795,12,세종특별시
2026-06-15T18:55:08+09:00,ALPACA,422333,97.0,36.62135,127.29062,12,세종특별시
2026-06-15T18:55:08+09:00,ALPACA,422509,68.0,36.621548,127.28891,12,세종특별시
2026-06-15T18:55:08+09:00,ALPACA,422469,73.0,36.6216,127.30235,12,세종특별시
2026-06-15T18:55:08+09:00,ALPACA,422309,92.0,36.621677,127.28371,12,세종특별시
2026-06-15T18:55:08+09:00,ALPACA,422329,97.0,36.621685,127.28388,12,세종특별시
2026-06-15T18:55:08+09:00,ALPACA,421908,99.0,36.62169,127.28588,12,세종특별시
2026-06-15T18:55:08+09:00,ALPACA,422141,69.0,36.621693,127.28588,12,세종특별시
2026-06-15T18:55:08+09:00,ALPACA,422299,79.0,36.621696,127.28384,12,세종특별시
2026-06-15T18:55:08+09:00,ALPACA,421186,85.0,36.62171,127.28384,12,세종특별시
2026-06-15T18:55:08+09:00,ALPACA,422568,98.0,36.621758,127.283844,12,세종특별시
2026-06-15T18:55:08+09:00,ALPACA,422148,81.0,36.62177,127.28556,12,세종특별시
2026-06-15T18:55:08+09:00,ALPACA,422251,41.0,36.62178,127.326614,12,세종특별시
2026-06-15T18:55:08+09:00,ALPACA,422580,99.0,36.621788,127.28554,12,세종특별시
2026-06-15T18:55:08+09:00,ALPACA,422702,52.0,36.621857,127.32653,12,세종특별시
2026-06-15T18:55:08+09:00,ALPACA,421945,47.0,36.621864,127.304695,12,세종특별시
2026-06-15T18:55:08+09:00,ALPACA,422304,97.0,36.623657,127.28743,12,세종특별시
2026-06-15T18:55:08+09:00,ALPACA,422211,82.0,36.623665,127.28685,12,세종특별시
2026-06-15T18:55:08+09:00,ALPACA,422212,66.0,36.623714,127.286835,12,세종특별시
2026-06-15T18:55:08+09:00,ALPACA,422507,87.0,36.62377,127.325096,12,세종특별시
2026-06-15T18:55:08+09:00,ALPACA,422403,97.0,36.62414,127.32578,12,세종특별시
2026-06-15T18:55:08+09:00,ALPACA,422440,86.0,36.626568,127.33195,12,세종특별시
2026-06-15T18:55:08+09:00,ALPACA,413919,54.0,36.62669,127.33202,12,세종특별시
2026-06-15T18:55:08+09:00,ALPACA,422412,58.0,36.62692,127.323326,12,세종특별시
2026-06-15T18:55:08+09:00,ALPACA,422372,92.0,36.627663,127.32866,12,세종특별시
2026-06-15T18:55:08+09:00,ALPACA,422622,61.0,36.627975,127.33185,12,세종특별시
2026-06-15T18:55:08+09:00,ALPACA,422382,81.0,36.628136,127.332634,12,세종특별시
2026-06-15T18:55:08+09:00,ALPACA,422194,72.0,36.629448,127.33293,12,세종특별시
2026-06-15T18:55:08+09:00,ALPACA,422575,98.0,36.63005,127.333046,12,세종특별시
2026-06-15T18:55:08+09:00,ALPACA,422121,98.0,36.63006,127.33041,12,세종특별시
2026-06-15T18:55:08+09:00,ALPACA,422297,97.0,36.630157,127.33284,12,세종특별시
2026-06-15T18:55:08+09:00,ALPACA,422528,47.0,36.63016,127.329994,12,세종특별시
2026-06-15T18:55:08+09:00,ALPACA,421994,100.0,36.630173,127.33289,12,세종특별시
2026-06-15T18:55:08+09:00,ALPACA,410342,97.0,36.630188,127.33287,12,세종특별시
2026-06-15T18:55:08+09:00,ALPACA,422188,59.0,36.630276,127.33359,12,세종특별시
2026-06-15T18:55:08+09:00,ALPACA,422486,55.0,36.630577,127.33085,12,세종특별시
2026-06-15T18:55:08+09:00,ALPACA,422408,57.0,36.630856,127.32952,12,세종특별시
2026-06-15T18:55:08+09:00,ALPACA,422278,70.0,36.630898,127.33079,12,세종특별시
2026-06-15T18:55:08+09:00,ALPACA,422316,94.0,36.631054,127.32807,12,세종특별시
2026-06-15T18:55:08+09:00,ALPACA,422427,48.0,36.631268,127.319305,12,세종특별시
2026-06-15T18:55:08+09:00,ALPACA,422126,93.0,36.6313,127.328636,12,세종특별시
2026-06-15T18:55:08+09:00,ALPACA,422431,57.0,36.63147,127.328804,12,세종특별시
2026-06-15T18:55:08+09:00,ALPACA,416273,77.0,36.631496,127.32945,12,세종특별시
2026-06-15T18:55:08+09:00,ALPACA,422032,63.0,36.631508,127.319214,12,세종특별시
2026-06-15T18:55:08+09:00,ALPACA,422161,86.0,36.631527,127.31919,12,세종특별시
2026-06-15T18:55:08+09:00,ALPACA,422049,84.0,36.63154,127.32607,12,세종특별시
2026-06-15T18:55:08+09:00,ALPACA,421772,91.0,36.6316,127.32905,12,세종특별시
2026-06-15T18:55:08+09:00,ALPACA,422552,100.0,36.631626,127.33032,12,세종특별시
2026-06-15T18:55:08+09:00,ALPACA,422691,75.0,36.63166,127.319824,12,세종특별시
2026-06-15T18:55:08+09:00,ALPACA,422164,89.0,36.631817,127.330444,12,세종특별시
2026-06-15T18:55:08+09:00,ALPACA,422365,78.0,36.632095,127.3274,12,세종특별시
2026-06-15T18:55:08+09:00,ALPACA,422534,63.0,36.63249,127.32635,12,세종특별시
2026-06-15T18:55:08+09:00,ALPACA,422402,87.0,36.632725,127.33509,12,세종특별시
2026-06-15T18:55:08+09:00,ALPACA,422558,98.0,36.63276,127.33506,12,세종특별시
2026-06-15T18:55:08+09:00,ALPACA,422334,72.0,36.632767,127.33112,12,세종특별시
2026-06-15T18:55:08+09:00,ALPACA,422375,70.0,36.632843,127.32338,12,세종특별시
2026-06-15T18:55:08+09:00,ALPACA,422034,71.0,36.632965,127.31423,12,세종특별시
2026-06-15T18:55:08+09:00,ALPACA,422625,100.0,36.633327,127.32107,12,세종특별시
2026-06-15T18:55:08+09:00,ALPACA,422536,100.0,36.633335,127.32108,12,세종특별시
2026-06-15T18:55:08+09:00,ALPACA,422604,100.0,36.633335,127.32109,12,세종특별시
2026-06-15T18:55:08+09:00,ALPACA,419034,97.0,36.633343,127.32108,12,세종특별시
2026-06-15T18:55:08+09:00,ALPACA,422535,95.0,36.633766,127.32904,12,세종특별시
2026-06-15T18:55:08+09:00,ALPACA,422498,77.0,36.635105,127.32707,12,세종특별시
2026-06-15T18:55:08+09:00,ALPACA,422389,95.0,36.635406,127.32625,12,세종특별시
2026-06-15T18:55:08+09:00,ALPACA,421739,76.0,36.635544,127.33448,12,세종특별시
2026-06-15T18:55:08+09:00,ALPACA,422538,43.0,36.63556,127.32583,12,세종특별시
2026-06-15T18:55:08+09:00,ALPACA,422142,81.0,36.63571,127.33876,12,세종특별시
2026-06-15T18:55:08+09:00,ALPACA,422256,63.0,36.635918,127.317535,12,세종특별시
2026-06-15T18:55:08+09:00,ALPACA,422122,61.0,36.63613,127.32849,12,세종특별시
2026-06-15T18:55:08+09:00,ALPACA,421718,100.0,36.63657,127.322876,12,세종특별시
2026-06-15T18:55:08+09:00,ALPACA,422629,100.0,36.636574,127.32278,12,세종특별시
2026-06-15T18:55:08+09:00,ALPACA,422189,63.0,36.636612,127.322685,12,세종특별시
2026-06-15T18:55:08+09:00,ALPACA,422574,72.0,36.63713,127.325294,12,세종특별시
2026-06-15T18:55:08+09:00,ALPACA,422259,90.0,36.63718,127.32534,12,세종특별시
2026-06-15T18:55:08+09:00,ALPACA,422102,100.0,36.637207,127.3253,12,세종특별시
2026-06-15T18:55:08+09:00,ALPACA,422101,88.0,36.63721,127.329155,12,세종특별시
2026-06-15T18:55:08+09:00,ALPACA,418277,70.0,36.637234,127.328835,12,세종특별시
2026-06-15T18:55:08+09:00,ALPACA,422381,75.0,36.63725,127.328835,12,세종특별시
2026-06-15T18:55:08+09:00,ALPACA,422213,44.0,36.637257,127.32913,12,세종특별시
2026-06-15T18:55:08+09:00,ALPACA,421950,66.0,36.637943,127.328064,12,세종특별시
2026-06-15T18:55:08+09:00,ALPACA,422352,58.0,36.638725,127.31696,12,세종특별시
2026-06-15T18:55:08+09:00,ALPACA,422355,73.0,36.638966,127.334236,12,세종특별시
2026-06-15T18:55:08+09:00,ALPACA,422692,89.0,36.63899,127.33424,12,세종특별시
2026-06-15T18:55:08+09:00,ALPACA,422172,98.0,36.639,127.33427,12,세종특별시
2026-06-15T18:55:08+09:00,ALPACA,416786,100.0,36.639015,127.33428,12,세종특별시
2026-06-15T18:55:08+09:00,ALPACA,422573,100.0,36.639023,127.33424,12,세종특별시
2026-06-15T18:55:08+09:00,ALPACA,422496,84.0,36.639687,127.346886,12,세종특별시
2026-06-15T18:55:08+09:00,ALPACA,422388,73.0,36.641624,127.33624,12,세종특별시
2026-06-15T18:55:08+09:00,ALPACA,422326,82.0,36.642715,127.34169,12,세종특별시
2026-06-15T18:55:08+09:00,ALPACA,419832,96.0,36.643394,127.341896,12,세종특별시
2026-06-15T18:55:08+09:00,ALPACA,422362,84.0,36.643646,127.336334,12,세종특별시
2026-06-15T18:55:08+09:00,ALPACA,422455,93.0,36.644646,127.332825,12,세종특별시
2026-06-15T18:55:08+09:00,GBIKE,131037,43.0,36.437581,127.220156,12,세종특별시
2026-06-15T18:55:08+09:00,GBIKE,346764,100.0,36.440763,127.224465,12,세종특별시
2026-06-15T18:55:08+09:00,GBIKE,130674,69.0,36.443051,127.209869,12,세종특별시
2026-06-15T18:55:08+09:00,GBIKE,353074,100.0,36.447178,127.36564,12,세종특별시
2026-06-15T18:55:08+09:00,GBIKE,374180,30.0,36.447548,127.228638,12,세종특별시
2026-06-15T18:55:08+09:00,GBIKE,372222,85.0,36.451356,127.363478,12,세종특별시
2026-06-15T18:55:08+09:00,GBIKE,373279,72.0,36.451385,127.363731,12,세종특별시
2026-06-15T18:55:08+09:00,GBIKE,621255,59.0,36.451472,127.362621,12,세종특별시
2026-06-15T18:55:08+09:00,GBIKE,302403,83.0,36.451492,127.363731,12,세종특별시
2026-06-15T18:55:08+09:00,GBIKE,308243,63.0,36.451894,127.364033,12,세종특별시
2026-06-15T18:55:08+09:00,GBIKE,365258,35.0,36.451955,127.36238,12,세종특별시
2026-06-15T18:55:08+09:00,GBIKE,345118,64.0,36.452218,127.363803,12,세종특별시
2026-06-15T18:55:08+09:00,GBIKE,377379,30.0,36.453726,127.365486,12,세종특별시
2026-06-15T18:55:08+09:00,GBIKE,604668,34.0,36.453955,127.363456,12,세종특별시
2026-06-15T18:55:08+09:00,GBIKE,624269,49.0,36.454244,127.366896,12,세종특별시
2026-06-15T18:55:08+09:00,GBIKE,302018,56.0,36.454319,127.363726,12,세종특별시
2026-06-15T18:55:08+09:00,GBIKE,386937,36.0,36.45439,127.364053,12,세종특별시
2026-06-15T18:55:08+09:00,GBIKE,130726,54.0,36.454399,127.284022,12,세종특별시
2026-06-15T18:55:08+09:00,GBIKE,395865,55.0,36.45444,127.363745,12,세종특별시
2026-06-15T18:55:08+09:00,GBIKE,338805,65.0,36.454861,127.363988,12,세종특별시
2026-06-15T18:55:08+09:00,GBIKE,306339,73.0,36.454917,127.364158,12,세종특별시
2026-06-15T18:55:08+09:00,GBIKE,378795,77.0,36.455416,127.364158,12,세종특별시
2026-06-15T18:55:08+09:00,GBIKE,395213,64.0,36.456796,127.36045,12,세종특별시
2026-06-15T18:55:08+09:00,GBIKE,131067,42.0,36.459725,127.211824,12,세종특별시
2026-06-15T18:55:08+09:00,GBIKE,130967,77.0,36.463381,127.280674,12,세종특별시
2026-06-15T18:55:08+09:00,GBIKE,300588,74.0,36.463659,127.359857,12,세종특별시
2026-06-15T18:55:08+09:00,GBIKE,631883,68.0,36.467741,127.264109,12,세종특별시
2026-06-15T18:55:08+09:00,GBIKE,501276,75.0,36.468188,127.280864,12,세종특별시
2026-06-15T18:55:08+09:00,GBIKE,501113,30.0,36.468538,127.281152,12,세종특별시
2026-06-15T18:55:08+09:00,GBIKE,395909,30.0,36.468641,127.271155,12,세종특별시
2026-06-15T18:55:08+09:00,GBIKE,501495,30.0,36.469028,127.273093,12,세종특별시
2026-06-15T18:55:08+09:00,GBIKE,130637,30.0,36.46923,127.280572,12,세종특별시
2026-06-15T18:55:08+09:00,GBIKE,501298,41.0,36.469233,127.280603,12,세종특별시
2026-06-15T18:55:08+09:00,GBIKE,501339,92.0,36.469415,127.281056,12,세종특별시
2026-06-15T18:55:08+09:00,GBIKE,131547,83.0,36.470038,127.28762,12,세종특별시
2026-06-15T18:55:08+09:00,GBIKE,130175,30.0,36.470064,127.27773,12,세종특별시
2026-06-15T18:55:08+09:00,GBIKE,131754,35.0,36.470692,127.273297,12,세종특별시
2026-06-15T18:55:08+09:00,GBIKE,130755,46.0,36.470935,127.252,12,세종특별시
2026-06-15T18:55:08+09:00,GBIKE,131357,90.0,36.470952,127.273275,12,세종특별시
2026-06-15T18:55:08+09:00,GBIKE,130956,82.0,36.470955,127.27325,12,세종특별시
2026-06-15T18:55:08+09:00,GBIKE,130105,49.0,36.47096,127.273248,12,세종특별시
2026-06-15T18:55:08+09:00,GBIKE,130163,48.0,36.470988,127.27327,12,세종특별시
2026-06-15T18:55:08+09:00,GBIKE,131544,50.0,36.471099,127.252128,12,세종특별시
2026-06-15T18:55:08+09:00,GBIKE,131028,80.0,36.471108,127.252135,12,세종특별시
2026-06-15T18:55:08+09:00,GBIKE,501532,31.0,36.471141,127.25214,12,세종특별시
2026-06-15T18:55:08+09:00,GBIKE,131942,44.0,36.471394,127.285832,12,세종특별시
2026-06-15T18:55:08+09:00,GBIKE,130600,30.0,36.47171,127.252491,12,세종특별시
2026-06-15T18:55:08+09:00,GBIKE,130488,97.0,36.471903,127.253113,12,세종특별시
2026-06-15T18:55:08+09:00,GBIKE,130695,100.0,36.471956,127.253127,12,세종특별시
2026-06-15T18:55:08+09:00,GBIKE,131953,97.0,36.47196,127.253182,12,세종특별시
2026-06-15T18:55:08+09:00,GBIKE,130972,44.0,36.47202,127.279283,12,세종특별시
2026-06-15T18:55:08+09:00,GBIKE,130876,73.0,36.472071,127.279767,12,세종특별시
2026-06-15T18:55:08+09:00,GBIKE,130861,31.0,36.472318,127.278887,12,세종특별시
2026-06-15T18:55:08+09:00,GBIKE,501207,33.0,36.472336,127.285181,12,세종특별시
2026-06-15T18:55:08+09:00,GBIKE,501289,93.0,36.472529,127.27655,12,세종특별시
2026-06-15T18:55:08+09:00,GBIKE,130127,33.0,36.472752,127.278234,12,세종특별시
2026-06-15T18:55:08+09:00,GBIKE,130137,35.0,36.472997,127.283887,12,세종특별시
2026-06-15T18:55:08+09:00,GBIKE,130091,95.0,36.473001,127.253647,12,세종특별시
2026-06-15T18:55:08+09:00,GBIKE,131800,47.0,36.473049,127.283892,12,세종특별시
2026-06-15T18:55:08+09:00,GBIKE,131168,31.0,36.473239,127.275295,12,세종특별시
2026-06-15T18:55:08+09:00,GBIKE,131600,75.0,36.473434,127.250898,12,세종특별시
2026-06-15T18:55:08+09:00,GBIKE,501315,31.0,36.473458,127.278668,12,세종특별시
2026-06-15T18:55:08+09:00,GBIKE,130103,96.0,36.473573,127.250078,12,세종특별시
2026-06-15T18:55:08+09:00,GBIKE,130819,92.0,36.473612,127.284994,12,세종특별시
2026-06-15T18:55:08+09:00,GBIKE,131746,76.0,36.473708,127.276108,12,세종특별시
2026-06-15T18:55:08+09:00,GBIKE,130601,36.0,36.473818,127.250232,12,세종특별시
2026-06-15T18:55:08+09:00,GBIKE,131747,46.0,36.473972,127.298112,12,세종특별시
2026-06-15T18:55:08+09:00,GBIKE,501517,39.0,36.474068,127.277001,12,세종특별시
2026-06-15T18:55:08+09:00,GBIKE,130769,35.0,36.474512,127.254529,12,세종특별시
2026-06-15T18:55:08+09:00,GBIKE,130904,96.0,36.474513,127.255441,12,세종특별시
2026-06-15T18:55:08+09:00,GBIKE,130293,49.0,36.47457,127.256036,12,세종특별시
2026-06-15T18:55:08+09:00,GBIKE,131504,38.0,36.474575,127.255371,12,세종특별시
2026-06-15T18:55:08+09:00,GBIKE,130714,32.0,36.474667,127.254185,12,세종특별시
2026-06-15T18:55:08+09:00,GBIKE,501270,30.0,36.474682,127.294289,12,세종특별시
2026-06-15T18:55:08+09:00,GBIKE,501391,31.0,36.474711,127.254653,12,세종특별시
2026-06-15T18:55:08+09:00,GBIKE,131211,41.0,36.474715,127.284832,12,세종특별시
2026-06-15T18:55:08+09:00,GBIKE,501414,35.0,36.474728,127.275804,12,세종특별시
2026-06-15T18:55:08+09:00,GBIKE,130652,31.0,36.47473,127.2548,12,세종특별시
2026-06-15T18:55:08+09:00,GBIKE,130836,30.0,36.474821,127.254732,12,세종특별시
2026-06-15T18:55:08+09:00,GBIKE,130210,35.0,36.474828,127.255798,12,세종특별시
2026-06-15T18:55:08+09:00,GBIKE,130853,76.0,36.474856,127.290924,12,세종특별시
2026-06-15T18:55:08+09:00,GBIKE,130541,61.0,36.474907,127.290873,12,세종특별시
2026-06-15T18:55:08+09:00,GBIKE,131593,84.0,36.474914,127.290934,12,세종특별시
2026-06-15T18:55:08+09:00,GBIKE,131990,50.0,36.474914,127.290747,12,세종특별시
2026-06-15T18:55:08+09:00,GBIKE,131469,34.0,36.47512,127.255262,12,세종특별시
2026-06-15T18:55:08+09:00,GBIKE,130566,35.0,36.47514,127.248194,12,세종특별시
2026-06-15T18:55:08+09:00,GBIKE,130519,32.0,36.475286,127.253306,12,세종특별시
2026-06-15T18:55:08+09:00,GBIKE,130463,61.0,36.47529,127.276765,12,세종특별시
2026-06-15T18:55:08+09:00,GBIKE,131936,31.0,36.475321,127.2481,12,세종특별시
2026-06-15T18:55:08+09:00,GBIKE,130194,55.0,36.47536,127.253174,12,세종특별시
2026-06-15T18:55:08+09:00,GBIKE,130940,33.0,36.475391,127.24802,12,세종특별시
2026-06-15T18:55:08+09:00,GBIKE,131719,36.0,36.475405,127.252628,12,세종특별시
2026-06-15T18:55:08+09:00,GBIKE,501509,67.0,36.475492,127.293454,12,세종특별시
2026-06-15T18:55:08+09:00,GBIKE,130141,65.0,36.475497,127.28201,12,세종특별시
2026-06-15T18:55:08+09:00,GBIKE,130405,96.0,36.475516,127.252379,12,세종특별시
2026-06-15T18:55:08+09:00,GBIKE,131257,30.0,36.47553,127.251759,12,세종특별시
2026-06-15T18:55:08+09:00,GBIKE,501375,59.0,36.475536,127.251971,12,세종특별시
2026-06-15T18:55:08+09:00,GBIKE,501591,61.0,36.475575,127.281283,12,세종특별시
2026-06-15T18:55:08+09:00,GBIKE,131327,65.0,36.475612,127.252079,12,세종특별시
2026-06-15T18:55:08+09:00,GBIKE,130153,43.0,36.475656,127.252269,12,세종특별시
2026-06-15T18:55:08+09:00,GBIKE,130121,30.0,36.475696,127.253007,12,세종특별시
2026-06-15T18:55:08+09:00,GBIKE,131551,44.0,36.475757,127.251715,12,세종특별시
2026-06-15T18:55:08+09:00,GBIKE,501246,60.0,36.475765,127.276451,12,세종특별시
2026-06-15T18:55:08+09:00,GBIKE,501157,39.0,36.475768,127.251603,12,세종특별시
2026-06-15T18:55:08+09:00,GBIKE,130481,43.0,36.475873,127.284219,12,세종특별시
2026-06-15T18:55:08+09:00,GBIKE,130660,30.0,36.475886,127.254314,12,세종특별시
2026-06-15T18:55:08+09:00,GBIKE,501552,31.0,36.475892,127.279904,12,세종특별시
2026-06-15T18:55:08+09:00,GBIKE,501538,53.0,36.475912,127.28009,12,세종특별시
2026-06-15T18:55:08+09:00,GBIKE,130394,95.0,36.475971,127.254176,12,세종특별시
2026-06-15T18:55:08+09:00,GBIKE,130569,66.0,36.476123,127.247714,12,세종특별시
2026-06-15T18:55:08+09:00,GBIKE,501206,84.0,36.47624,127.283705,12,세종특별시
2026-06-15T18:55:08+09:00,GBIKE,501408,47.0,36.476248,127.253941,12,세종특별시
2026-06-15T18:55:08+09:00,GBIKE,131548,100.0,36.476319,127.271741,12,세종특별시
2026-06-15T18:55:08+09:00,GBIKE,131059,30.0,36.476396,127.247892,12,세종특별시
2026-06-15T18:55:08+09:00,GBIKE,131378,50.0,36.476401,127.251546,12,세종특별시
2026-06-15T18:55:08+09:00,GBIKE,131089,100.0,36.47642,127.259023,12,세종특별시
2026-06-15T18:55:08+09:00,GBIKE,130782,63.0,36.476434,127.258994,12,세종특별시
2026-06-15T18:55:08+09:00,GBIKE,131035,31.0,36.476438,127.253906,12,세종특별시
2026-06-15T18:55:08+09:00,GBIKE,501148,39.0,36.476497,127.288414,12,세종특별시
2026-06-15T18:55:08+09:00,GBIKE,130045,54.0,36.476515,127.288473,12,세종특별시
2026-06-15T18:55:08+09:00,GBIKE,130415,53.0,36.476552,127.288557,12,세종특별시
2026-06-15T18:55:08+09:00,GBIKE,130517,68.0,36.476578,127.247924,12,세종특별시
2026-06-15T18:55:08+09:00,GBIKE,130166,88.0,36.476591,127.247899,12,세종특별시
2026-06-15T18:55:08+09:00,GBIKE,501450,30.0,36.476639,127.280542,12,세종특별시
2026-06-15T18:55:08+09:00,GBIKE,501127,34.0,36.476661,127.284594,12,세종특별시
2026-06-15T18:55:08+09:00,GBIKE,131558,34.0,36.476705,127.296728,12,세종특별시
2026-06-15T18:55:08+09:00,GBIKE,131702,100.0,36.476712,127.250947,12,세종특별시
2026-06-15T18:55:08+09:00,GBIKE,130691,66.0,36.476745,127.283332,12,세종특별시
2026-06-15T18:55:08+09:00,GBIKE,130212,33.0,36.476809,127.249062,12,세종특별시
2026-06-15T18:55:08+09:00,GBIKE,130843,34.0,36.476817,127.250787,12,세종특별시
2026-06-15T18:55:08+09:00,GBIKE,131817,48.0,36.476883,127.250755,12,세종특별시
2026-06-15T18:55:08+09:00,GBIKE,501282,90.0,36.476888,127.287779,12,세종특별시
2026-06-15T18:55:08+09:00,GBIKE,130845,49.0,36.476903,127.250853,12,세종특별시
2026-06-15T18:55:08+09:00,GBIKE,131559,100.0,36.476922,127.254015,12,세종특별시
2026-06-15T18:55:08+09:00,GBIKE,130584,47.0,36.476969,127.296904,12,세종특별시
2026-06-15T18:55:08+09:00,GBIKE,501154,62.0,36.476979,127.257811,12,세종특별시
2026-06-15T18:55:08+09:00,GBIKE,131917,31.0,36.477013,127.28333,12,세종특별시
2026-06-15T18:55:08+09:00,GBIKE,501425,41.0,36.477093,127.28987,12,세종특별시
2026-06-15T18:55:08+09:00,GBIKE,130152,67.0,36.477097,127.247987,12,세종특별시
2026-06-15T18:55:08+09:00,GBIKE,131305,49.0,36.477146,127.249986,12,세종특별시
2026-06-15T18:55:08+09:00,GBIKE,130612,46.0,36.477245,127.254133,12,세종특별시
2026-06-15T18:55:08+09:00,GBIKE,501195,72.0,36.477274,127.248631,12,세종특별시
2026-06-15T18:55:08+09:00,GBIKE,130445,32.0,36.477331,127.24867,12,세종특별시
2026-06-15T18:55:08+09:00,GBIKE,131703,36.0,36.477337,127.254127,12,세종특별시
2026-06-15T18:55:08+09:00,GBIKE,501387,30.0,36.477338,127.250906,12,세종특별시
2026-06-15T18:55:08+09:00,GBIKE,130556,33.0,36.47741,127.250577,12,세종특별시
2026-06-15T18:55:08+09:00,GBIKE,130842,59.0,36.477436,127.283225,12,세종특별시
2026-06-15T18:55:08+09:00,GBIKE,131127,74.0,36.477533,127.254328,12,세종특별시
2026-06-15T18:55:08+09:00,GBIKE,131994,39.0,36.477545,127.254349,12,세종특별시
2026-06-15T18:55:08+09:00,GBIKE,130924,48.0,36.477556,127.298065,12,세종특별시
2026-06-15T18:55:08+09:00,GBIKE,131411,49.0,36.477568,127.248181,12,세종특별시
2026-06-15T18:55:08+09:00,GBIKE,501468,88.0,36.477576,127.28602,12,세종특별시
2026-06-15T18:55:08+09:00,GBIKE,131602,100.0,36.477589,127.298115,12,세종특별시
2026-06-15T18:55:08+09:00,GBIKE,131997,31.0,36.477608,127.253996,12,세종특별시
2026-06-15T18:55:08+09:00,GBIKE,131556,92.0,36.477624,127.248831,12,세종특별시
2026-06-15T18:55:08+09:00,GBIKE,131249,31.0,36.477646,127.295476,12,세종특별시
2026-06-15T18:55:08+09:00,GBIKE,131954,32.0,36.477654,127.249792,12,세종특별시
2026-06-15T18:55:08+09:00,GBIKE,130434,77.0,36.477669,127.282872,12,세종특별시
2026-06-15T18:55:08+09:00,GBIKE,501491,41.0,36.477669,127.286128,12,세종특별시
2026-06-15T18:55:08+09:00,GBIKE,130990,31.0,36.477722,127.290349,12,세종특별시
2026-06-15T18:55:08+09:00,GBIKE,131204,95.0,36.477777,127.282648,12,세종특별시
2026-06-15T18:55:08+09:00,GBIKE,130296,88.0,36.477777,127.28271,12,세종특별시
2026-06-15T18:55:08+09:00,GBIKE,130925,76.0,36.47779,127.282628,12,세종특별시
2026-06-15T18:55:08+09:00,GBIKE,131396,61.0,36.477819,127.282581,12,세종특별시
2026-06-15T18:55:08+09:00,GBIKE,131023,57.0,36.477829,127.25363,12,세종특별시
2026-06-15T18:55:08+09:00,GBIKE,131276,93.0,36.477849,127.283186,12,세종특별시
2026-06-15T18:55:08+09:00,GBIKE,501381,72.0,36.47797,127.287828,12,세종특별시
2026-06-15T18:55:08+09:00,GBIKE,130360,30.0,36.477991,127.287752,12,세종특별시
2026-06-15T18:55:08+09:00,GBIKE,130173,85.0,36.477993,127.299336,12,세종특별시
2026-06-15T18:55:08+09:00,GBIKE,131395,34.0,36.478001,127.299306,12,세종특별시
2026-06-15T18:55:08+09:00,GBIKE,131521,95.0,36.478029,127.29937,12,세종특별시
2026-06-15T18:55:08+09:00,GBIKE,131029,89.0,36.47804,127.287855,12,세종특별시
2026-06-15T18:55:08+09:00,GBIKE,501284,30.0,36.478057,127.264327,12,세종특별시
2026-06-15T18:55:08+09:00,GBIKE,130279,42.0,36.478067,127.288042,12,세종특별시
2026-06-15T18:55:08+09:00,GBIKE,130331,62.0,36.478152,127.290089,12,세종특별시
2026-06-15T18:55:08+09:00,GBIKE,130075,51.0,36.478165,127.299061,12,세종특별시
2026-06-15T18:55:08+09:00,GBIKE,130052,82.0,36.478198,127.290419,12,세종특별시
2026-06-15T18:55:08+09:00,GBIKE,501348,82.0,36.478201,127.261106,12,세종특별시
2026-06-15T18:55:08+09:00,GBIKE,501600,30.0,36.478211,127.299102,12,세종특별시
2026-06-15T18:55:08+09:00,GBIKE,131805,30.0,36.478215,127.288242,12,세종특별시
2026-06-15T18:55:08+09:00,GBIKE,130043,38.0,36.478221,127.288237,12,세종특별시
2026-06-15T18:55:08+09:00,GBIKE,130952,49.0,36.478222,127.299958,12,세종특별시
2026-06-15T18:55:08+09:00,GBIKE,131049,38.0,36.478264,127.260544,12,세종특별시
2026-06-15T18:55:08+09:00,GBIKE,130830,100.0,36.478331,127.287663,12,세종특별시
2026-06-15T18:55:08+09:00,GBIKE,131415,81.0,36.478333,127.287057,12,세종특별시
2026-06-15T18:55:08+09:00,GBIKE,501170,100.0,36.47839,127.261949,12,세종특별시
2026-06-15T18:55:08+09:00,GBIKE,131407,100.0,36.478402,127.287776,12,세종특별시
2026-06-15T18:55:08+09:00,GBIKE,131022,100.0,36.478428,127.300563,12,세종특별시
2026-06-15T18:55:08+09:00,GBIKE,131275,30.0,36.478434,127.255517,12,세종특별시
2026-06-15T18:55:08+09:00,GBIKE,501561,94.0,36.478438,127.300566,12,세종특별시
2026-06-15T18:55:08+09:00,GBIKE,131280,92.0,36.478443,127.300555,12,세종특별시
2026-06-15T18:55:08+09:00,GBIKE,501159,100.0,36.478448,127.28786,12,세종특별시
2026-06-15T18:55:08+09:00,GBIKE,130686,32.0,36.478466,127.293575,12,세종특별시
2026-06-15T18:55:08+09:00,GBIKE,130616,96.0,36.478482,127.255547,12,세종특별시
2026-06-15T18:55:08+09:00,GBIKE,501151,76.0,36.478509,127.261469,12,세종특별시
2026-06-15T18:55:08+09:00,GBIKE,130965,96.0,36.478509,127.26133,12,세종특별시
2026-06-15T18:55:08+09:00,GBIKE,130916,100.0,36.478515,127.287687,12,세종특별시
2026-06-15T18:55:08+09:00,GBIKE,130977,91.0,36.47854,127.255455,12,세종특별시
2026-06-15T18:55:08+09:00,GBIKE,501409,74.0,36.47855,127.29376,12,세종특별시
2026-06-15T18:55:08+09:00,GBIKE,501357,95.0,36.47858,127.2894,12,세종특별시
2026-06-15T18:55:08+09:00,GBIKE,501121,79.0,36.478601,127.28913,12,세종특별시
2026-06-15T18:55:08+09:00,GBIKE,131208,100.0,36.478603,127.288314,12,세종특별시
2026-06-15T18:55:08+09:00,GBIKE,131712,91.0,36.478629,127.288271,12,세종특별시
2026-06-15T18:55:08+09:00,GBIKE,131362,67.0,36.478632,127.288344,12,세종특별시
2026-06-15T18:55:08+09:00,GBIKE,130644,83.0,36.478634,127.288309,12,세종특별시
2026-06-15T18:55:08+09:00,GBIKE,130680,83.0,36.478636,127.28831,12,세종특별시
2026-06-15T18:55:08+09:00,GBIKE,131157,83.0,36.478646,127.288339,12,세종특별시
2026-06-15T18:55:08+09:00,GBIKE,130119,34.0,36.478657,127.289267,12,세종특별시
2026-06-15T18:55:08+09:00,GBIKE,131713,60.0,36.478673,127.255615,12,세종특별시
2026-06-15T18:55:08+09:00,GBIKE,130143,32.0,36.478685,127.255591,12,세종특별시
2026-06-15T18:55:08+09:00,GBIKE,130646,100.0,36.478705,127.288277,12,세종특별시
2026-06-15T18:55:08+09:00,GBIKE,131898,67.0,36.478714,127.288656,12,세종특별시
2026-06-15T18:55:08+09:00,GBIKE,131453,72.0,36.478721,127.255657,12,세종특별시
2026-06-15T18:55:08+09:00,GBIKE,130374,65.0,36.478771,127.255626,12,세종특별시
2026-06-15T18:55:08+09:00,GBIKE,501299,67.0,36.478799,127.288846,12,세종특별시
2026-06-15T18:55:08+09:00,GBIKE,131393,33.0,36.478802,127.251037,12,세종특별시
2026-06-15T18:55:08+09:00,GBIKE,131841,86.0,36.478806,127.255329,12,세종특별시
2026-06-15T18:55:08+09:00,GBIKE,501112,52.0,36.478841,127.299361,12,세종특별시
2026-06-15T18:55:08+09:00,GBIKE,130567,53.0,36.478853,127.25104,12,세종특별시
2026-06-15T18:55:08+09:00,GBIKE,131042,31.0,36.478884,127.261713,12,세종특별시
2026-06-15T18:55:08+09:00,GBIKE,130272,50.0,36.478894,127.301173,12,세종특별시
2026-06-15T18:55:08+09:00,GBIKE,501263,71.0,36.4789,127.251093,12,세종특별시
2026-06-15T18:55:08+09:00,GBIKE,130920,63.0,36.478905,127.29021,12,세종특별시
2026-06-15T18:55:08+09:00,GBIKE,131231,68.0,36.478916,127.290308,12,세종특별시
2026-06-15T18:55:08+09:00,GBIKE,130982,78.0,36.478916,127.251081,12,세종특별시
2026-06-15T18:55:08+09:00,GBIKE,130670,100.0,36.478927,127.284519,12,세종특별시
2026-06-15T18:55:08+09:00,GBIKE,501319,93.0,36.478941,127.284522,12,세종특별시
2026-06-15T18:55:08+09:00,GBIKE,131956,30.0,36.47895,127.290343,12,세종특별시
2026-06-15T18:55:08+09:00,GBIKE,130426,84.0,36.478993,127.290251,12,세종특별시
2026-06-15T18:55:08+09:00,GBIKE,131514,95.0,36.479047,127.299908,12,세종특별시
2026-06-15T18:55:08+09:00,GBIKE,130863,37.0,36.479054,127.290117,12,세종특별시
2026-06-15T18:55:08+09:00,GBIKE,130264,100.0,36.479061,127.262322,12,세종특별시
2026-06-15T18:55:08+09:00,GBIKE,131346,94.0,36.47908,127.290117,12,세종특별시
2026-06-15T18:55:08+09:00,GBIKE,130957,31.0,36.479199,127.254698,12,세종특별시
2026-06-15T18:55:08+09:00,GBIKE,130271,95.0,36.479202,127.254849,12,세종특별시
2026-06-15T18:55:08+09:00,GBIKE,131870,49.0,36.479263,127.251631,12,세종특별시
2026-06-15T18:55:08+09:00,GBIKE,501380,70.0,36.479272,127.285373,12,세종특별시
2026-06-15T18:55:08+09:00,GBIKE,131084,81.0,36.479272,127.295007,12,세종특별시
2026-06-15T18:55:08+09:00,GBIKE,130402,97.0,36.479286,127.25271,12,세종특별시
2026-06-15T18:55:08+09:00,GBIKE,130441,35.0,36.479286,127.254696,12,세종특별시
2026-06-15T18:55:08+09:00,GBIKE,501236,99.0,36.479323,127.250024,12,세종특별시
2026-06-15T18:55:08+09:00,GBIKE,130259,30.0,36.479342,127.25254,12,세종특별시
2026-06-15T18:55:08+09:00,GBIKE,501513,37.0,36.479366,127.285565,12,세종특별시
2026-06-15T18:55:08+09:00,GBIKE,130468,59.0,36.479391,127.261944,12,세종특별시
2026-06-15T18:55:08+09:00,GBIKE,130548,95.0,36.479393,127.254859,12,세종특별시
2026-06-15T18:55:08+09:00,GBIKE,131373,31.0,36.479404,127.255104,12,세종특별시
2026-06-15T18:55:08+09:00,GBIKE,501506,96.0,36.479405,127.25024,12,세종특별시
2026-06-15T18:55:08+09:00,GBIKE,131612,31.0,36.479422,127.255059,12,세종특별시
2026-06-15T18:55:08+09:00,GBIKE,130269,30.0,36.479429,127.262784,12,세종특별시
2026-06-15T18:55:08+09:00,GBIKE,130886,64.0,36.47943,127.25506,12,세종특별시
2026-06-15T18:55:08+09:00,GBIKE,501407,64.0,36.479466,127.290157,12,세종특별시
2026-06-15T18:55:08+09:00,GBIKE,130617,100.0,36.479483,127.290378,12,세종특별시
2026-06-15T18:55:08+09:00,GBIKE,131820,32.0,36.479495,127.254717,12,세종특별시
2026-06-15T18:55:08+09:00,GBIKE,131742,58.0,36.479499,127.255135,12,세종특별시
2026-06-15T18:55:08+09:00,GBIKE,130720,46.0,36.479519,127.285897,12,세종특별시
2026-06-15T18:55:08+09:00,GBIKE,130072,77.0,36.47954,127.26317,12,세종특별시
2026-06-15T18:55:08+09:00,GBIKE,131149,33.0,36.479555,127.254704,12,세종특별시
2026-06-15T18:55:08+09:00,GBIKE,131207,57.0,36.479557,127.255119,12,세종특별시
2026-06-15T18:55:08+09:00,GBIKE,501303,59.0,36.479563,127.286637,12,세종특별시
2026-06-15T18:55:08+09:00,GBIKE,130287,75.0,36.479564,127.254791,12,세종특별시
2026-06-15T18:55:08+09:00,GBIKE,131454,80.0,36.479579,127.286559,12,세종특별시
2026-06-15T18:55:08+09:00,GBIKE,130451,76.0,36.479592,127.286593,12,세종특별시
2026-06-15T18:55:08+09:00,GBIKE,131726,30.0,36.479611,127.255094,12,세종특별시
2026-06-15T18:55:08+09:00,GBIKE,501172,39.0,36.479612,127.264181,12,세종특별시
2026-06-15T18:55:08+09:00,GBIKE,131398,40.0,36.479621,127.261728,12,세종특별시
2026-06-15T18:55:08+09:00,GBIKE,131217,40.0,36.479641,127.264225,12,세종특별시
2026-06-15T18:55:08+09:00,GBIKE,130529,93.0,36.479641,127.254899,12,세종특별시
2026-06-15T18:55:08+09:00,GBIKE,130643,39.0,36.479648,127.261237,12,세종특별시
2026-06-15T18:55:08+09:00,GBIKE,130023,98.0,36.479652,127.255058,12,세종특별시
2026-06-15T18:55:08+09:00,GBIKE,130902,34.0,36.479677,127.285519,12,세종특별시
2026-06-15T18:55:08+09:00,GBIKE,130122,33.0,36.479682,127.254834,12,세종특별시
2026-06-15T18:55:08+09:00,GBIKE,130482,80.0,36.479695,127.25462,12,세종특별시
2026-06-15T18:55:08+09:00,GBIKE,501410,80.0,36.479713,127.288575,12,세종특별시
2026-06-15T18:55:08+09:00,GBIKE,131660,43.0,36.479727,127.261639,12,세종특별시
2026-06-15T18:55:08+09:00,GBIKE,131496,69.0,36.479736,127.254881,12,세종특별시
2026-06-15T18:55:08+09:00,GBIKE,131937,43.0,36.479744,127.286473,12,세종특별시
2026-06-15T18:55:08+09:00,GBIKE,501469,84.0,36.479755,127.288639,12,세종특별시
2026-06-15T18:55:08+09:00,GBIKE,131598,53.0,36.479859,127.254461,12,세종특별시
2026-06-15T18:55:08+09:00,GBIKE,130396,34.0,36.479877,127.254522,12,세종특별시
2026-06-15T18:55:08+09:00,GBIKE,130411,71.0,36.479878,127.254497,12,세종특별시
2026-06-15T18:55:08+09:00,GBIKE,131973,51.0,36.479894,127.26139,12,세종특별시
2026-06-15T18:55:08+09:00,GBIKE,130083,95.0,36.479914,127.252411,12,세종특별시
2026-06-15T18:55:08+09:00,GBIKE,501317,83.0,36.479992,127.252372,12,세종특별시
2026-06-15T18:55:08+09:00,GBIKE,501371,58.0,36.48,127.254481,12,세종특별시
2026-06-15T18:55:08+09:00,GBIKE,131332,79.0,36.480023,127.252302,12,세종특별시
2026-06-15T18:55:08+09:00,GBIKE,130352,77.0,36.480066,127.286624,12,세종특별시
2026-06-15T18:55:08+09:00,GBIKE,131899,81.0,36.480081,127.246683,12,세종특별시
2026-06-15T18:55:08+09:00,GBIKE,130399,55.0,36.480095,127.286705,12,세종특별시
2026-06-15T18:55:08+09:00,GBIKE,131634,35.0,36.480095,127.252366,12,세종특별시
2026-06-15T18:55:08+09:00,GBIKE,131583,71.0,36.480113,127.286759,12,세종특별시
2026-06-15T18:55:08+09:00,GBIKE,131148,33.0,36.480124,127.260588,12,세종특별시
2026-06-15T18:55:08+09:00,GBIKE,130472,42.0,36.480124,127.264324,12,세종특별시
2026-06-15T18:55:08+09:00,GBIKE,130507,91.0,36.480125,127.286691,12,세종특별시
2026-06-15T18:55:08+09:00,GBIKE,501285,63.0,36.480135,127.264291,12,세종특별시
2026-06-15T18:55:08+09:00,GBIKE,130590,30.0,36.480138,127.253069,12,세종특별시
2026-06-15T18:55:08+09:00,GBIKE,131993,35.0,36.48014,127.299959,12,세종특별시
2026-06-15T18:55:08+09:00,GBIKE,130635,40.0,36.480149,127.248347,12,세종특별시
2026-06-15T18:55:08+09:00,GBIKE,501320,96.0,36.480177,127.253169,12,세종특별시
2026-06-15T18:55:08+09:00,GBIKE,131043,63.0,36.480248,127.246353,12,세종특별시
2026-06-15T18:55:08+09:00,GBIKE,131889,53.0,36.48026,127.286654,12,세종특별시
2026-06-15T18:55:08+09:00,GBIKE,131038,65.0,36.480276,127.246371,12,세종특별시
2026-06-15T18:55:08+09:00,GBIKE,131423,79.0,36.480284,127.252302,12,세종특별시
2026-06-15T18:55:08+09:00,GBIKE,131264,53.0,36.480293,127.246358,12,세종특별시
2026-06-15T18:55:08+09:00,GBIKE,501132,46.0,36.480295,127.304042,12,세종특별시
2026-06-15T18:55:08+09:00,GBIKE,131424,93.0,36.480312,127.246378,12,세종특별시
2026-06-15T18:55:08+09:00,GBIKE,501332,53.0,36.480316,127.251713,12,세종특별시
2026-06-15T18:55:08+09:00,GBIKE,131847,30.0,36.480347,127.249819,12,세종특별시
2026-06-15T18:55:08+09:00,GBIKE,130226,93.0,36.480369,127.262026,12,세종특별시
2026-06-15T18:55:08+09:00,GBIKE,131403,32.0,36.480541,127.253623,12,세종특별시
2026-06-15T18:55:08+09:00,GBIKE,501307,39.0,36.480582,127.25468,12,세종특별시
2026-06-15T18:55:08+09:00,GBIKE,501252,48.0,36.480725,127.246777,12,세종특별시
2026-06-15T18:55:08+09:00,GBIKE,131695,91.0,36.480752,127.293288,12,세종특별시
2026-06-15T18:55:08+09:00,GBIKE,131657,37.0,36.480792,127.289096,12,세종특별시
2026-06-15T18:55:08+09:00,GBIKE,501203,55.0,36.480812,127.299752,12,세종특별시
2026-06-15T18:55:08+09:00,GBIKE,130931,81.0,36.480813,127.28904,12,세종특별시
2026-06-15T18:55:08+09:00,GBIKE,131924,47.0,36.480815,127.289058,12,세종특별시
2026-06-15T18:55:08+09:00,GBIKE,501567,53.0,36.48083,127.289092,12,세종특별시
2026-06-15T18:55:08+09:00,GBIKE,131227,41.0,36.480832,127.261705,12,세종특별시
2026-06-15T18:55:08+09:00,GBIKE,131515,39.0,36.480878,127.259054,12,세종특별시
2026-06-15T18:55:08+09:00,GBIKE,131283,32.0,36.480902,127.261698,12,세종특별시
2026-06-15T18:55:08+09:00,GBIKE,130789,91.0,36.480956,127.259105,12,세종특별시
2026-06-15T18:55:08+09:00,GBIKE,131682,34.0,36.480969,127.259135,12,세종특별시
2026-06-15T18:55:08+09:00,GBIKE,131537,98.0,36.481006,127.262105,12,세종특별시
2026-06-15T18:55:08+09:00,GBIKE,130350,93.0,36.481008,127.290725,12,세종특별시
2026-06-15T18:55:08+09:00,GBIKE,130097,30.0,36.481065,127.253407,12,세종특별시
2026-06-15T18:55:08+09:00,GBIKE,131317,32.0,36.48107,127.300678,12,세종특별시
2026-06-15T18:55:08+09:00,GBIKE,130516,85.0,36.481121,127.263152,12,세종특별시
2026-06-15T18:55:08+09:00,GBIKE,131326,78.0,36.481123,127.247421,12,세종특별시
2026-06-15T18:55:08+09:00,GBIKE,131799,83.0,36.481162,127.29056,12,세종특별시
2026-06-15T18:55:08+09:00,GBIKE,130202,76.0,36.481183,127.290563,12,세종특별시
2026-06-15T18:55:08+09:00,GBIKE,130619,72.0,36.481234,127.290037,12,세종특별시
2026-06-15T18:55:08+09:00,GBIKE,131384,56.0,36.481237,127.290068,12,세종특별시
2026-06-15T18:55:08+09:00,GBIKE,131470,56.0,36.481237,127.290525,12,세종특별시
2026-06-15T18:55:08+09:00,GBIKE,130388,95.0,36.481247,127.290031,12,세종특별시
2026-06-15T18:55:08+09:00,GBIKE,501344,67.0,36.48127,127.260168,12,세종특별시
2026-06-15T18:55:08+09:00,GBIKE,130328,30.0,36.481296,127.300892,12,세종특별시
2026-06-15T18:55:08+09:00,GBIKE,501458,38.0,36.481302,127.303892,12,세종특별시
2026-06-15T18:55:08+09:00,GBIKE,130428,31.0,36.481307,127.307531,12,세종특별시
2026-06-15T18:55:08+09:00,GBIKE,501323,52.0,36.481307,127.303866,12,세종특별시
2026-06-15T18:55:08+09:00,GBIKE,130960,84.0,36.481309,127.290084,12,세종특별시
2026-06-15T18:55:08+09:00,GBIKE,131513,44.0,36.481373,127.308351,12,세종특별시
2026-06-15T18:55:08+09:00,GBIKE,131839,33.0,36.481411,127.290316,12,세종특별시
2026-06-15T18:55:08+09:00,GBIKE,332827,30.0,36.481435,127.24633,12,세종특별시
2026-06-15T18:55:08+09:00,GBIKE,130068,32.0,36.481436,127.305147,12,세종특별시
2026-06-15T18:55:08+09:00,GBIKE,130583,39.0,36.481504,127.26385,12,세종특별시
2026-06-15T18:55:08+09:00,GBIKE,131643,77.0,36.481536,127.290689,12,세종특별시
2026-06-15T18:55:08+09:00,GBIKE,130873,94.0,36.481566,127.290541,12,세종특별시
2026-06-15T18:55:08+09:00,GBIKE,131861,51.0,36.481571,127.308155,12,세종특별시
2026-06-15T18:55:08+09:00,GBIKE,501129,30.0,36.481576,127.260242,12,세종특별시
2026-06-15T18:55:08+09:00,GBIKE,131560,85.0,36.481596,127.246393,12,세종특별시
2026-06-15T18:55:08+09:00,GBIKE,501415,30.0,36.481725,127.253251,12,세종특별시
2026-06-15T18:55:08+09:00,GBIKE,130381,30.0,36.481765,127.253322,12,세종특별시
2026-06-15T18:55:08+09:00,GBIKE,131523,54.0,36.482011,127.259943,12,세종특별시
2026-06-15T18:55:08+09:00,GBIKE,501324,87.0,36.482011,127.259848,12,세종특별시
2026-06-15T18:55:08+09:00,GBIKE,501547,79.0,36.482055,127.291915,12,세종특별시
2026-06-15T18:55:08+09:00,GBIKE,501269,93.0,36.482057,127.291955,12,세종특별시
2026-06-15T18:55:08+09:00,GBIKE,131039,60.0,36.482094,127.260146,12,세종특별시
2026-06-15T18:55:08+09:00,GBIKE,130084,31.0,36.482097,127.260404,12,세종특별시
2026-06-15T18:55:08+09:00,GBIKE,131115,31.0,36.482103,127.297195,12,세종특별시
2026-06-15T18:55:08+09:00,GBIKE,131526,32.0,36.482114,127.297086,12,세종특별시
2026-06-15T18:55:08+09:00,GBIKE,131428,33.0,36.482153,127.307846,12,세종특별시
2026-06-15T18:55:08+09:00,GBIKE,130354,39.0,36.48223,127.249695,12,세종특별시
2026-06-15T18:55:08+09:00,GBIKE,501108,31.0,36.482258,127.260625,12,세종특별시
2026-06-15T18:55:08+09:00,GBIKE,130239,99.0,36.482273,127.258762,12,세종특별시
2026-06-15T18:55:08+09:00,GBIKE,501412,66.0,36.482286,127.261272,12,세종특별시
2026-06-15T18:55:08+09:00,GBIKE,131538,33.0,36.482288,127.307149,12,세종특별시
2026-06-15T18:55:08+09:00,GBIKE,131587,47.0,36.482309,127.248603,12,세종특별시
2026-06-15T18:55:08+09:00,GBIKE,130661,30.0,36.482346,127.309407,12,세종특별시
2026-06-15T18:55:08+09:00,GBIKE,501580,58.0,36.482346,127.311315,12,세종특별시
2026-06-15T18:55:08+09:00,GBIKE,131335,39.0,36.482348,127.309426,12,세종특별시
2026-06-15T18:55:08+09:00,GBIKE,130994,75.0,36.482358,127.309406,12,세종특별시
2026-06-15T18:55:08+09:00,GBIKE,130438,88.0,36.482377,127.248967,12,세종특별시
2026-06-15T18:55:08+09:00,GBIKE,131025,87.0,36.482393,127.307118,12,세종특별시
2026-06-15T18:55:08+09:00,GBIKE,501499,99.0,36.482409,127.311501,12,세종특별시
2026-06-15T18:55:08+09:00,GBIKE,130897,38.0,36.48247,127.297681,12,세종특별시
2026-06-15T18:55:08+09:00,GBIKE,501150,44.0,36.48248,127.297112,12,세종특별시
2026-06-15T18:55:08+09:00,GBIKE,501529,85.0,36.482538,127.253111,12,세종특별시
2026-06-15T18:55:08+09:00,GBIKE,501139,76.0,36.482577,127.311259,12,세종특별시
2026-06-15T18:55:08+09:00,GBIKE,130094,58.0,36.482584,127.311227,12,세종특별시
2026-06-15T18:55:08+09:00,GBIKE,130844,58.0,36.482591,127.251367,12,세종특별시
2026-06-15T18:55:08+09:00,GBIKE,130591,52.0,36.482598,127.2672,12,세종특별시
2026-06-15T18:55:08+09:00,GBIKE,130649,41.0,36.482628,127.301062,12,세종특별시
2026-06-15T18:55:08+09:00,GBIKE,130167,46.0,36.482638,127.260479,12,세종특별시
2026-06-15T18:55:08+09:00,GBIKE,130554,75.0,36.482639,127.247753,12,세종특별시
2026-06-15T18:55:08+09:00,GBIKE,130781,71.0,36.482639,127.247747,12,세종특별시
2026-06-15T18:55:08+09:00,GBIKE,131880,31.0,36.482641,127.24983,12,세종특별시
2026-06-15T18:55:08+09:00,GBIKE,131058,88.0,36.482652,127.297827,12,세종특별시
2026-06-15T18:55:08+09:00,GBIKE,131549,32.0,36.482664,127.259954,12,세종특별시
2026-06-15T18:55:08+09:00,GBIKE,131153,30.0,36.482694,127.246576,12,세종특별시
2026-06-15T18:55:08+09:00,GBIKE,130473,62.0,36.482712,127.249752,12,세종특별시
2026-06-15T18:55:08+09:00,GBIKE,501355,71.0,36.482735,127.26357,12,세종특별시
2026-06-15T18:55:08+09:00,GBIKE,130910,83.0,36.482745,127.260376,12,세종특별시
2026-06-15T18:55:08+09:00,GBIKE,130234,34.0,36.482748,127.252556,12,세종특별시
2026-06-15T18:55:08+09:00,GBIKE,131239,87.0,36.48277,127.249476,12,세종특별시
2026-06-15T18:55:08+09:00,GBIKE,501189,30.0,36.482821,127.259804,12,세종특별시
2026-06-15T18:55:08+09:00,GBIKE,131284,31.0,36.482821,127.259508,12,세종특별시
2026-06-15T18:55:08+09:00,GBIKE,131033,43.0,36.482829,127.259696,12,세종특별시
2026-06-15T18:55:08+09:00,GBIKE,131550,45.0,36.482864,127.257486,12,세종특별시
2026-06-15T18:55:08+09:00,GBIKE,501411,33.0,36.482876,127.263879,12,세종특별시
2026-06-15T18:55:08+09:00,GBIKE,131619,59.0,36.482948,127.253506,12,세종특별시
2026-06-15T18:55:08+09:00,GBIKE,130356,30.0,36.482954,127.253457,12,세종특별시
2026-06-15T18:55:08+09:00,GBIKE,131795,40.0,36.482982,127.257261,12,세종특별시
2026-06-15T18:55:08+09:00,GBIKE,501135,34.0,36.482984,127.297849,12,세종특별시
2026-06-15T18:55:08+09:00,GBIKE,130365,32.0,36.482999,127.264113,12,세종특별시
2026-06-15T18:55:08+09:00,GBIKE,130893,81.0,36.483026,127.30342,12,세종특별시
2026-06-15T18:55:08+09:00,GBIKE,131517,41.0,36.483036,127.248331,12,세종특별시
2026-06-15T18:55:08+09:00,GBIKE,501225,96.0,36.48304,127.298015,12,세종특별시
2026-06-15T18:55:08+09:00,GBIKE,131206,33.0,36.483082,127.260612,12,세종특별시
2026-06-15T18:55:08+09:00,GBIKE,130452,100.0,36.483094,127.260855,12,세종특별시
2026-06-15T18:55:08+09:00,GBIKE,131079,77.0,36.483132,127.260604,12,세종특별시
2026-06-15T18:55:08+09:00,GBIKE,501302,48.0,36.483193,127.259413,12,세종특별시
2026-06-15T18:55:08+09:00,GBIKE,131698,48.0,36.483234,127.251515,12,세종특별시
2026-06-15T18:55:08+09:00,GBIKE,131333,35.0,36.483254,127.264404,12,세종특별시
2026-06-15T18:55:08+09:00,GBIKE,130096,63.0,36.483473,127.252858,12,세종특별시
2026-06-15T18:55:08+09:00,GBIKE,130749,47.0,36.483476,127.262969,12,세종특별시
2026-06-15T18:55:08+09:00,GBIKE,130437,82.0,36.483481,127.262855,12,세종특별시
2026-06-15T18:55:08+09:00,GBIKE,130204,55.0,36.48352,127.250695,12,세종특별시
2026-06-15T18:55:08+09:00,GBIKE,501104,32.0,36.483538,127.252768,12,세종특별시
2026-06-15T18:55:08+09:00,GBIKE,131263,36.0,36.483539,127.26285,12,세종특별시
2026-06-15T18:55:08+09:00,GBIKE,131741,50.0,36.483588,127.249517,12,세종특별시
2026-06-15T18:55:08+09:00,GBIKE,130743,89.0,36.483589,127.262607,12,세종특별시
2026-06-15T18:55:08+09:00,GBIKE,130864,30.0,36.483607,127.263258,12,세종특별시
2026-06-15T18:55:08+09:00,GBIKE,130267,93.0,36.48361,127.263314,12,세종특별시
2026-06-15T18:55:08+09:00,GBIKE,501504,80.0,36.483624,127.249279,12,세종특별시
2026-06-15T18:55:08+09:00,GBIKE,131462,38.0,36.48364,127.337794,12,세종특별시
2026-06-15T18:55:08+09:00,GBIKE,131090,55.0,36.483642,127.253044,12,세종특별시
2026-06-15T18:55:08+09:00,GBIKE,130069,91.0,36.483771,127.263346,12,세종특별시
2026-06-15T18:55:08+09:00,GBIKE,131842,35.0,36.483777,127.249269,12,세종특별시
2026-06-15T18:55:08+09:00,GBIKE,130880,95.0,36.483789,127.246988,12,세종특별시
2026-06-15T18:55:08+09:00,GBIKE,130050,30.0,36.483813,127.251611,12,세종특별시
2026-06-15T18:55:08+09:00,GBIKE,131728,30.0,36.483817,127.294267,12,세종특별시
2026-06-15T18:55:08+09:00,GBIKE,130335,43.0,36.483819,127.26309,12,세종특별시
2026-06-15T18:55:08+09:00,GBIKE,130389,43.0,36.483826,127.294021,12,세종특별시
2026-06-15T18:55:08+09:00,GBIKE,130545,63.0,36.483856,127.294033,12,세종특별시
2026-06-15T18:55:08+09:00,GBIKE,131652,81.0,36.48388,127.294032,12,세종특별시
2026-06-15T18:55:08+09:00,GBIKE,131946,34.0,36.483891,127.25666,12,세종특별시
2026-06-15T18:55:08+09:00,GBIKE,130653,70.0,36.48391,127.294059,12,세종특별시
2026-06-15T18:55:08+09:00,GBIKE,130555,32.0,36.483924,127.251987,12,세종특별시
2026-06-15T18:55:08+09:00,GBIKE,131715,36.0,36.483924,127.247291,12,세종특별시
2026-06-15T18:55:08+09:00,GBIKE,130282,55.0,36.483925,127.246137,12,세종특별시
2026-06-15T18:55:08+09:00,GBIKE,130380,82.0,36.483959,127.246185,12,세종특별시
2026-06-15T18:55:08+09:00,GBIKE,131183,90.0,36.483975,127.259007,12,세종특별시
2026-06-15T18:55:08+09:00,GBIKE,130824,84.0,36.484001,127.246149,12,세종특별시
2026-06-15T18:55:08+09:00,GBIKE,131258,94.0,36.484022,127.246039,12,세종특별시
2026-06-15T18:55:08+09:00,GBIKE,130487,67.0,36.484033,127.25111,12,세종특별시
2026-06-15T18:55:08+09:00,GBIKE,501498,48.0,36.48404,127.259258,12,세종특별시
2026-06-15T18:55:08+09:00,GBIKE,131573,97.0,36.48406,127.293631,12,세종특별시
2026-06-15T18:55:08+09:00,GBIKE,501556,100.0,36.484096,127.305825,12,세종특별시
2026-06-15T18:55:08+09:00,GBIKE,130561,100.0,36.484191,127.248974,12,세종특별시
2026-06-15T18:55:08+09:00,GBIKE,131727,89.0,36.484227,127.248662,12,세종특별시
2026-06-15T18:55:08+09:00,GBIKE,130090,31.0,36.484296,127.25005,12,세종특별시
2026-06-15T18:55:08+09:00,GBIKE,131436,91.0,36.484306,127.257634,12,세종특별시
2026-06-15T18:55:08+09:00,GBIKE,130430,89.0,36.484328,127.248914,12,세종특별시
2026-06-15T18:55:08+09:00,GBIKE,131984,31.0,36.484398,127.26087,12,세종특별시
2026-06-15T18:55:08+09:00,GBIKE,131647,66.0,36.484441,127.249294,12,세종특별시
2026-06-15T18:55:08+09:00,GBIKE,131200,79.0,36.484463,127.250078,12,세종특별시
2026-06-15T18:55:08+09:00,GBIKE,131791,30.0,36.484503,127.299354,12,세종특별시
2026-06-15T18:55:08+09:00,GBIKE,131927,88.0,36.484571,127.246083,12,세종특별시
2026-06-15T18:55:08+09:00,GBIKE,131943,55.0,36.484581,127.251512,12,세종특별시
2026-06-15T18:55:08+09:00,GBIKE,131635,34.0,36.484593,127.258473,12,세종특별시
2026-06-15T18:55:08+09:00,GBIKE,130178,31.0,36.484642,127.250906,12,세종특별시
2026-06-15T18:55:08+09:00,GBIKE,130281,65.0,36.484652,127.299557,12,세종특별시
2026-06-15T18:55:08+09:00,GBIKE,131351,100.0,36.484653,127.259414,12,세종특별시
2026-06-15T18:55:08+09:00,GBIKE,130310,30.0,36.484668,127.298429,12,세종특별시
2026-06-15T18:55:08+09:00,GBIKE,131438,84.0,36.484671,127.245972,12,세종특별시
2026-06-15T18:55:08+09:00,GBIKE,130923,30.0,36.484684,127.248745,12,세종특별시
2026-06-15T18:55:08+09:00,GBIKE,131303,43.0,36.484688,127.250633,12,세종특별시
2026-06-15T18:55:08+09:00,GBIKE,130540,32.0,36.484701,127.248795,12,세종특별시
2026-06-15T18:55:08+09:00,GBIKE,501140,100.0,36.484738,127.301655,12,세종특별시
2026-06-15T18:55:08+09:00,GBIKE,131915,33.0,36.484743,127.259406,12,세종특별시
2026-06-15T18:55:08+09:00,GBIKE,131858,33.0,36.484758,127.249223,12,세종특별시
2026-06-15T18:55:08+09:00,GBIKE,131952,30.0,36.484808,127.252268,12,세종특별시
2026-06-15T18:55:08+09:00,GBIKE,131056,32.0,36.484844,127.258543,12,세종특별시
2026-06-15T18:55:08+09:00,GBIKE,131642,100.0,36.484864,127.252195,12,세종특별시
2026-06-15T18:55:08+09:00,GBIKE,131923,62.0,36.484866,127.251089,12,세종특별시
2026-06-15T18:55:08+09:00,GBIKE,131172,47.0,36.484925,127.266339,12,세종특별시
2026-06-15T18:55:08+09:00,GBIKE,131961,30.0,36.484996,127.251031,12,세종특별시
2026-06-15T18:55:08+09:00,GBIKE,501566,32.0,36.485019,127.301814,12,세종특별시
2026-06-15T18:55:08+09:00,GBIKE,130034,92.0,36.485045,127.25131,12,세종특별시
2026-06-15T18:55:08+09:00,GBIKE,131027,38.0,36.485073,127.251265,12,세종특별시
2026-06-15T18:55:08+09:00,GBIKE,130026,30.0,36.485078,127.30385,12,세종특별시
2026-06-15T18:55:08+09:00,GBIKE,131522,62.0,36.485083,127.25032,12,세종특별시
2026-06-15T18:55:08+09:00,GBIKE,130325,90.0,36.485142,127.250957,12,세종특별시
2026-06-15T18:55:08+09:00,GBIKE,130669,67.0,36.485159,127.250908,12,세종특별시
2026-06-15T18:55:08+09:00,GBIKE,501176,80.0,36.485177,127.25053,12,세종특별시
2026-06-15T18:55:08+09:00,GBIKE,131150,40.0,36.485185,127.250859,12,세종특별시
2026-06-15T18:55:08+09:00,GBIKE,501208,60.0,36.485186,127.250926,12,세종특별시
2026-06-15T18:55:08+09:00,GBIKE,501384,30.0,36.485224,127.265929,12,세종특별시
2026-06-15T18:55:08+09:00,GBIKE,501597,38.0,36.485245,127.297187,12,세종특별시
2026-06-15T18:55:08+09:00,GBIKE,131265,94.0,36.485273,127.261519,12,세종특별시
2026-06-15T18:55:08+09:00,GBIKE,130161,56.0,36.485294,127.250841,12,세종특별시
2026-06-15T18:55:08+09:00,GBIKE,131235,57.0,36.485299,127.266629,12,세종특별시
2026-06-15T18:55:08+09:00,GBIKE,131644,38.0,36.485312,127.25919,12,세종특별시
2026-06-15T18:55:08+09:00,GBIKE,131299,40.0,36.485329,127.26156,12,세종특별시
2026-06-15T18:55:08+09:00,GBIKE,131160,38.0,36.485337,127.250873,12,세종특별시
2026-06-15T18:55:08+09:00,GBIKE,131798,32.0,36.485368,127.250491,12,세종특별시
2026-06-15T18:55:08+09:00,GBIKE,501341,30.0,36.485383,127.251108,12,세종특별시
2026-06-15T18:55:08+09:00,GBIKE,131040,48.0,36.485405,127.257106,12,세종특별시
2026-06-15T18:55:08+09:00,GBIKE,501443,30.0,36.485428,127.25011,12,세종특별시
2026-06-15T18:55:08+09:00,GBIKE,131501,30.0,36.48547,127.250355,12,세종특별시
2026-06-15T18:55:08+09:00,GBIKE,131300,85.0,36.485474,127.250928,12,세종특별시
2026-06-15T18:55:08+09:00,GBIKE,131879,73.0,36.485494,127.251128,12,세종특별시
2026-06-15T18:55:08+09:00,GBIKE,501466,36.0,36.485499,127.250333,12,세종특별시
2026-06-15T18:55:08+09:00,GBIKE,131324,74.0,36.485511,127.250997,12,세종특별시
2026-06-15T18:55:08+09:00,GBIKE,130857,31.0,36.485577,127.248098,12,세종특별시
2026-06-15T18:55:08+09:00,GBIKE,131483,73.0,36.485582,127.25889,12,세종특별시
2026-06-15T18:55:08+09:00,GBIKE,501224,51.0,36.485602,127.250694,12,세종특별시
2026-06-15T18:55:08+09:00,GBIKE,131080,81.0,36.485662,127.302081,12,세종특별시
2026-06-15T18:55:08+09:00,GBIKE,131639,63.0,36.485676,127.245419,12,세종특별시
2026-06-15T18:55:08+09:00,GBIKE,131271,36.0,36.48573,127.262151,12,세종특별시
2026-06-15T18:55:08+09:00,GBIKE,393554,30.0,36.485738,127.296456,12,세종특별시
2026-06-15T18:55:08+09:00,GBIKE,501577,67.0,36.485743,127.320362,12,세종특별시
2026-06-15T18:55:08+09:00,GBIKE,131312,30.0,36.485773,127.261786,12,세종특별시
2026-06-15T18:55:08+09:00,GBIKE,130498,30.0,36.485776,127.261796,12,세종특별시
2026-06-15T18:55:08+09:00,GBIKE,130570,60.0,36.485781,127.247828,12,세종특별시
2026-06-15T18:55:08+09:00,GBIKE,130953,35.0,36.485782,127.24818,12,세종특별시
2026-06-15T18:55:08+09:00,GBIKE,131803,36.0,36.485816,127.301556,12,세종특별시
2026-06-15T18:55:08+09:00,GBIKE,131238,69.0,36.485822,127.254783,12,세종특별시
2026-06-15T18:55:08+09:00,GBIKE,130799,83.0,36.485826,127.248157,12,세종특별시
2026-06-15T18:55:08+09:00,GBIKE,131443,71.0,36.485848,127.248258,12,세종특별시
2026-06-15T18:55:08+09:00,GBIKE,131114,50.0,36.485888,127.250615,12,세종특별시
2026-06-15T18:55:08+09:00,GBIKE,130364,30.0,36.485912,127.248109,12,세종특별시
2026-06-15T18:55:08+09:00,GBIKE,130775,35.0,36.48593,127.299396,12,세종특별시
2026-06-15T18:55:08+09:00,GBIKE,130568,100.0,36.485983,127.302387,12,세종특별시
2026-06-15T18:55:08+09:00,GBIKE,130228,89.0,36.486024,127.302317,12,세종특별시
2026-06-15T18:55:08+09:00,GBIKE,131295,55.0,36.486056,127.247957,12,세종특별시
2026-06-15T18:55:08+09:00,GBIKE,131138,30.0,36.486057,127.250053,12,세종특별시
2026-06-15T18:55:08+09:00,GBIKE,130946,85.0,36.4861,127.257318,12,세종특별시
2026-06-15T18:55:08+09:00,GBIKE,501388,58.0,36.486171,127.300767,12,세종특별시
2026-06-15T18:55:08+09:00,GBIKE,130475,69.0,36.48623,127.250817,12,세종특별시
2026-06-15T18:55:08+09:00,GBIKE,501210,66.0,36.48623,127.245548,12,세종특별시
2026-06-15T18:55:08+09:00,GBIKE,501473,30.0,36.48624,127.25054,12,세종특별시
2026-06-15T18:55:08+09:00,GBIKE,501222,59.0,36.486246,127.248259,12,세종특별시
2026-06-15T18:55:08+09:00,GBIKE,131768,34.0,36.486289,127.250273,12,세종특별시
2026-06-15T18:55:08+09:00,GBIKE,131286,37.0,36.486296,127.248106,12,세종특별시
2026-06-15T18:55:08+09:00,GBIKE,501522,32.0,36.486296,127.258316,12,세종특별시
2026-06-15T18:55:08+09:00,GBIKE,131092,100.0,36.486297,127.24635,12,세종특별시
2026-06-15T18:55:08+09:00,GBIKE,130224,95.0,36.486323,127.230705,12,세종특별시
2026-06-15T18:55:08+09:00,GBIKE,130027,31.0,36.486359,127.257252,12,세종특별시
2026-06-15T18:55:08+09:00,GBIKE,501109,52.0,36.486396,127.248106,12,세종특별시
2026-06-15T18:55:08+09:00,GBIKE,501171,33.0,36.486412,127.321244,12,세종특별시
2026-06-15T18:55:08+09:00,GBIKE,130448,36.0,36.486442,127.257194,12,세종특별시
2026-06-15T18:55:08+09:00,GBIKE,501395,71.0,36.486442,127.245207,12,세종특별시
2026-06-15T18:55:08+09:00,GBIKE,130985,67.0,36.486473,127.250531,12,세종특별시
2026-06-15T18:55:08+09:00,GBIKE,130222,36.0,36.486477,127.28331,12,세종특별시
2026-06-15T18:55:08+09:00,GBIKE,130564,65.0,36.486483,127.28331,12,세종특별시
2026-06-15T18:55:08+09:00,GBIKE,130033,31.0,36.48649,127.257698,12,세종특별시
2026-06-15T18:55:08+09:00,GBIKE,501482,77.0,36.486492,127.283405,12,세종특별시
2026-06-15T18:55:08+09:00,GBIKE,130779,41.0,36.486492,127.283298,12,세종특별시
2026-06-15T18:55:08+09:00,GBIKE,131101,31.0,36.486514,127.28333,12,세종특별시
2026-06-15T18:55:08+09:00,GBIKE,130675,42.0,36.486523,127.250843,12,세종특별시
2026-06-15T18:55:08+09:00,GBIKE,501372,31.0,36.486541,127.250089,12,세종특별시
2026-06-15T18:55:08+09:00,GBIKE,501180,30.0,36.486546,127.257703,12,세종특별시
2026-06-15T18:55:08+09:00,GBIKE,131690,100.0,36.486561,127.257767,12,세종특별시
2026-06-15T18:55:08+09:00,GBIKE,501430,61.0,36.486567,127.250724,12,세종특별시
2026-06-15T18:55:08+09:00,GBIKE,501555,69.0,36.486568,127.250492,12,세종특별시
2026-06-15T18:55:08+09:00,GBIKE,131806,34.0,36.486597,127.257715,12,세종특별시
2026-06-15T18:55:08+09:00,GBIKE,501464,72.0,36.486614,127.24813,12,세종특별시
2026-06-15T18:55:08+09:00,GBIKE,131311,71.0,36.486618,127.257676,12,세종특별시
2026-06-15T18:55:08+09:00,GBIKE,130065,43.0,36.486622,127.250491,12,세종특별시
2026-06-15T18:55:08+09:00,GBIKE,130604,99.0,36.486632,127.250592,12,세종특별시
2026-06-15T18:55:08+09:00,GBIKE,501220,64.0,36.486648,127.251511,12,세종특별시
2026-06-15T18:55:08+09:00,GBIKE,131988,97.0,36.486663,127.296546,12,세종특별시
2026-06-15T18:55:08+09:00,GBIKE,131617,32.0,36.486686,127.293826,12,세종특별시
2026-06-15T18:55:08+09:00,GBIKE,131404,97.0,36.486687,127.251712,12,세종특별시
2026-06-15T18:55:08+09:00,GBIKE,130733,34.0,36.486702,127.301233,12,세종특별시
2026-06-15T18:55:08+09:00,GBIKE,501103,77.0,36.486757,127.257618,12,세종특별시
2026-06-15T18:55:08+09:00,GBIKE,501175,50.0,36.486763,127.25079,12,세종특별시
2026-06-15T18:55:08+09:00,GBIKE,130867,30.0,36.486809,127.250729,12,세종특별시
2026-06-15T18:55:08+09:00,GBIKE,130605,64.0,36.486825,127.249669,12,세종특별시
2026-06-15T18:55:08+09:00,GBIKE,131055,36.0,36.486836,127.251833,12,세종특별시
2026-06-15T18:55:08+09:00,GBIKE,501353,80.0,36.486905,127.249603,12,세종특별시
2026-06-15T18:55:08+09:00,GBIKE,501164,100.0,36.486925,127.249655,12,세종특별시
2026-06-15T18:55:08+09:00,GBIKE,131886,93.0,36.486932,127.249171,12,세종특별시
2026-06-15T18:55:08+09:00,GBIKE,131108,33.0,36.486938,127.249995,12,세종특별시
2026-06-15T18:55:08+09:00,GBIKE,131563,57.0,36.48694,127.251709,12,세종특별시
2026-06-15T18:55:08+09:00,GBIKE,501350,30.0,36.48696,127.249688,12,세종특별시
2026-06-15T18:55:08+09:00,GBIKE,130019,99.0,36.486962,127.251699,12,세종특별시
2026-06-15T18:55:08+09:00,GBIKE,501363,81.0,36.486963,127.263335,12,세종특별시
2026-06-15T18:55:08+09:00,GBIKE,501413,39.0,36.486968,127.257954,12,세종특별시
2026-06-15T18:55:08+09:00,GBIKE,501449,66.0,36.48698,127.249362,12,세종특별시
2026-06-15T18:55:08+09:00,GBIKE,131465,30.0,36.486986,127.263356,12,세종특별시
2026-06-15T18:55:08+09:00,GBIKE,501227,39.0,36.48699,127.263385,12,세종특별시
2026-06-15T18:55:08+09:00,GBIKE,130558,78.0,36.486994,127.257879,12,세종특별시
2026-06-15T18:55:08+09:00,GBIKE,501501,62.0,36.486998,127.257491,12,세종특별시
2026-06-15T18:55:08+09:00,GBIKE,131506,96.0,36.487003,127.251653,12,세종특별시
2026-06-15T18:55:08+09:00,GBIKE,501264,71.0,36.487005,127.263388,12,세종특별시
2026-06-15T18:55:08+09:00,GBIKE,131450,60.0,36.487014,127.257495,12,세종특별시
2026-06-15T18:55:08+09:00,GBIKE,130160,47.0,36.487017,127.250749,12,세종특별시
2026-06-15T18:55:08+09:00,GBIKE,130961,64.0,36.48706,127.250722,12,세종특별시
2026-06-15T18:55:08+09:00,GBIKE,130353,57.0,36.487062,127.250186,12,세종특별시
2026-06-15T18:55:08+09:00,GBIKE,339068,33.0,36.487068,127.257466,12,세종특별시
2026-06-15T18:55:08+09:00,GBIKE,131629,30.0,36.487069,127.256858,12,세종특별시
2026-06-15T18:55:08+09:00,GBIKE,130742,30.0,36.487072,127.247622,12,세종특별시
2026-06-15T18:55:08+09:00,GBIKE,130838,59.0,36.487083,127.251839,12,세종특별시
2026-06-15T18:55:08+09:00,GBIKE,130371,90.0,36.487098,127.257825,12,세종특별시
2026-06-15T18:55:08+09:00,GBIKE,131471,38.0,36.487098,127.257848,12,세종특별시
2026-06-15T18:55:08+09:00,GBIKE,131002,69.0,36.487139,127.264973,12,세종특별시
2026-06-15T18:55:08+09:00,GBIKE,130305,78.0,36.48715,127.26495,12,세종특별시
2026-06-15T18:55:08+09:00,GBIKE,131429,32.0,36.487221,127.248094,12,세종특별시
2026-06-15T18:55:08+09:00,GBIKE,130214,74.0,36.487242,127.257431,12,세종특별시
2026-06-15T18:55:08+09:00,GBIKE,130429,32.0,36.487248,127.249316,12,세종특별시
2026-06-15T18:55:08+09:00,GBIKE,130503,30.0,36.487265,127.297062,12,세종특별시
2026-06-15T18:55:08+09:00,GBIKE,131026,50.0,36.487277,127.265871,12,세종특별시
2026-06-15T18:55:08+09:00,GBIKE,131714,49.0,36.487292,127.249872,12,세종특별시
2026-06-15T18:55:08+09:00,GBIKE,131921,30.0,36.487294,127.257335,12,세종특별시
2026-06-15T18:55:08+09:00,GBIKE,131565,31.0,36.487299,127.257371,12,세종특별시
2026-06-15T18:55:08+09:00,GBIKE,131014,68.0,36.487322,127.248484,12,세종특별시
2026-06-15T18:55:08+09:00,GBIKE,131045,38.0,36.487377,127.322272,12,세종특별시
2026-06-15T18:55:08+09:00,GBIKE,501585,31.0,36.487428,127.248612,12,세종특별시
2026-06-15T18:55:08+09:00,GBIKE,130762,84.0,36.487445,127.24468,12,세종특별시
2026-06-15T18:55:08+09:00,GBIKE,130355,30.0,36.487452,127.257155,12,세종특별시
2026-06-15T18:55:08+09:00,GBIKE,131397,35.0,36.487461,127.265981,12,세종특별시
2026-06-15T18:55:08+09:00,GBIKE,130980,35.0,36.487482,127.244711,12,세종특별시
2026-06-15T18:55:08+09:00,GBIKE,130333,64.0,36.487486,127.244757,12,세종특별시
2026-06-15T18:55:08+09:00,GBIKE,131881,44.0,36.487494,127.256664,12,세종특별시
2026-06-15T18:55:08+09:00,GBIKE,131095,30.0,36.487503,127.257682,12,세종특별시
2026-06-15T18:55:08+09:00,GBIKE,130408,61.0,36.487503,127.244716,12,세종특별시
2026-06-15T18:55:08+09:00,GBIKE,130862,31.0,36.487536,127.244759,12,세종특별시
2026-06-15T18:55:08+09:00,GBIKE,131992,30.0,36.487544,127.257571,12,세종특별시
2026-06-15T18:55:08+09:00,GBIKE,130998,30.0,36.487594,127.257589,12,세종특별시
2026-06-15T18:55:08+09:00,GBIKE,131759,86.0,36.487618,127.257557,12,세종특별시
2026-06-15T18:55:08+09:00,GBIKE,131307,31.0,36.487631,127.260687,12,세종특별시
2026-06-15T18:55:08+09:00,GBIKE,501502,38.0,36.487679,127.266681,12,세종특별시
2026-06-15T18:55:08+09:00,GBIKE,501362,93.0,36.487682,127.302878,12,세종특별시
2026-06-15T18:55:08+09:00,GBIKE,131126,33.0,36.487748,127.26419,12,세종특별시
2026-06-15T18:55:08+09:00,GBIKE,131053,62.0,36.487919,127.267147,12,세종특별시
2026-06-15T18:55:08+09:00,GBIKE,131063,62.0,36.48796,127.267299,12,세종특별시
2026-06-15T18:55:08+09:00,GBIKE,131167,89.0,36.488002,127.256942,12,세종특별시
2026-06-15T18:55:08+09:00,GBIKE,501471,59.0,36.488096,127.256229,12,세종특별시
2026-06-15T18:55:08+09:00,GBIKE,130407,80.0,36.48815,127.263934,12,세종특별시
2026-06-15T18:55:08+09:00,GBIKE,130117,73.0,36.488158,127.263914,12,세종특별시
2026-06-15T18:55:08+09:00,GBIKE,131533,39.0,36.488213,127.263834,12,세종특별시
2026-06-15T18:55:08+09:00,GBIKE,131361,62.0,36.488217,127.256162,12,세종특별시
2026-06-15T18:55:08+09:00,GBIKE,501489,51.0,36.488222,127.262953,12,세종특별시
2026-06-15T18:55:08+09:00,GBIKE,501365,61.0,36.488226,127.263903,12,세종특별시
2026-06-15T18:55:08+09:00,GBIKE,130715,31.0,36.488276,127.263745,12,세종특별시
2026-06-15T18:55:08+09:00,GBIKE,131447,62.0,36.48829,127.24755,12,세종특별시
2026-06-15T18:55:08+09:00,GBIKE,131066,56.0,36.488319,127.264545,12,세종특별시
2026-06-15T18:55:08+09:00,GBIKE,130621,96.0,36.488342,127.25667,12,세종특별시
2026-06-15T18:55:08+09:00,GBIKE,131979,59.0,36.488372,127.322304,12,세종특별시
2026-06-15T18:55:08+09:00,GBIKE,131005,84.0,36.488385,127.247533,12,세종특별시
2026-06-15T18:55:08+09:00,GBIKE,130087,56.0,36.488419,127.261548,12,세종특별시
2026-06-15T18:55:08+09:00,GBIKE,131062,30.0,36.488439,127.24747,12,세종특별시
2026-06-15T18:55:08+09:00,GBIKE,130697,31.0,36.488471,127.300111,12,세종특별시
2026-06-15T18:55:08+09:00,GBIKE,130334,74.0,36.488485,127.24658,12,세종특별시
2026-06-15T18:55:08+09:00,GBIKE,131057,55.0,36.488487,127.255515,12,세종특별시
2026-06-15T18:55:08+09:00,GBIKE,130958,31.0,36.488493,127.247609,12,세종특별시
2026-06-15T18:55:08+09:00,GBIKE,130780,76.0,36.488501,127.247616,12,세종특별시
2026-06-15T18:55:08+09:00,GBIKE,130739,72.0,36.488529,127.254931,12,세종특별시
2026-06-15T18:55:08+09:00,GBIKE,130176,89.0,36.488544,127.247598,12,세종특별시
2026-06-15T18:55:08+09:00,GBIKE,130298,67.0,36.488547,127.261359,12,세종특별시
2026-06-15T18:55:08+09:00,GBIKE,131441,32.0,36.488553,127.254687,12,세종특별시
2026-06-15T18:55:08+09:00,GBIKE,131734,100.0,36.488605,127.256695,12,세종특별시
2026-06-15T18:55:08+09:00,GBIKE,131636,77.0,36.488615,127.257123,12,세종특별시
2026-06-15T18:55:08+09:00,GBIKE,131135,71.0,36.488624,127.261252,12,세종특별시
2026-06-15T18:55:08+09:00,GBIKE,130763,75.0,36.488626,127.255976,12,세종특별시
2026-06-15T18:55:08+09:00,GBIKE,130447,56.0,36.488628,127.263815,12,세종특별시
2026-06-15T18:55:08+09:00,GBIKE,131218,53.0,36.488657,127.250125,12,세종특별시
2026-06-15T18:55:08+09:00,GBIKE,130116,45.0,36.488659,127.261251,12,세종특별시
2026-06-15T18:55:08+09:00,GBIKE,131202,33.0,36.488665,127.261136,12,세종특별시
2026-06-15T18:55:08+09:00,GBIKE,501312,75.0,36.488716,127.247254,12,세종특별시
2026-06-15T18:55:08+09:00,GBIKE,130815,95.0,36.488739,127.250592,12,세종특별시
2026-06-15T18:55:08+09:00,GBIKE,130363,32.0,36.488769,127.247347,12,세종특별시
2026-06-15T18:55:08+09:00,GBIKE,501136,39.0,36.488772,127.263655,12,세종특별시
2026-06-15T18:55:08+09:00,GBIKE,131412,54.0,36.48883,127.259831,12,세종특별시
2026-06-15T18:55:08+09:00,GBIKE,131775,93.0,36.488875,127.243497,12,세종특별시
2026-06-15T18:55:08+09:00,GBIKE,501553,69.0,36.488917,127.255033,12,세종특별시
2026-06-15T18:55:08+09:00,GBIKE,130727,45.0,36.48893,127.257038,12,세종특별시
2026-06-15T18:55:08+09:00,GBIKE,130131,36.0,36.488933,127.257084,12,세종특별시
2026-06-15T18:55:08+09:00,GBIKE,131046,79.0,36.488958,127.257043,12,세종특별시
2026-06-15T18:55:08+09:00,GBIKE,130232,48.0,36.48896,127.247143,12,세종특별시
2026-06-15T18:55:08+09:00,GBIKE,130650,76.0,36.488963,127.257051,12,세종특별시
2026-06-15T18:55:08+09:00,GBIKE,131679,100.0,36.488986,127.257064,12,세종특별시
2026-06-15T18:55:08+09:00,GBIKE,130544,85.0,36.488994,127.260502,12,세종특별시
2026-06-15T18:55:08+09:00,GBIKE,130093,30.0,36.488995,127.266245,12,세종특별시
2026-06-15T18:55:08+09:00,GBIKE,131716,34.0,36.488996,127.257019,12,세종특별시
2026-06-15T18:55:08+09:00,GBIKE,130425,95.0,36.488999,127.256954,12,세종특별시
2026-06-15T18:55:08+09:00,GBIKE,130230,32.0,36.489003,127.247335,12,세종특별시
2026-06-15T18:55:08+09:00,GBIKE,130885,90.0,36.489016,127.243766,12,세종특별시
2026-06-15T18:55:08+09:00,GBIKE,130970,30.0,36.489019,127.257016,12,세종특별시
2026-06-15T18:55:08+09:00,GBIKE,501258,87.0,36.489053,127.265713,12,세종특별시
2026-06-15T18:55:08+09:00,GBIKE,130351,33.0,36.489055,127.26634,12,세종특별시
2026-06-15T18:55:08+09:00,GBIKE,131985,83.0,36.48906,127.243828,12,세종특별시
2026-06-15T18:55:08+09:00,GBIKE,131054,91.0,36.489066,127.247306,12,세종특별시
2026-06-15T18:55:08+09:00,GBIKE,130679,57.0,36.489069,127.247596,12,세종특별시
2026-06-15T18:55:08+09:00,GBIKE,131431,51.0,36.489093,127.247014,12,세종특별시
2026-06-15T18:55:08+09:00,GBIKE,130524,31.0,36.489095,127.255556,12,세종특별시
2026-06-15T18:55:08+09:00,GBIKE,130609,33.0,36.489099,127.243797,12,세종특별시
2026-06-15T18:55:08+09:00,GBIKE,131164,57.0,36.489103,127.302281,12,세종특별시
2026-06-15T18:55:08+09:00,GBIKE,131133,35.0,36.489138,127.256237,12,세종특별시
2026-06-15T18:55:08+09:00,GBIKE,131949,73.0,36.489157,127.302159,12,세종특별시
2026-06-15T18:55:08+09:00,GBIKE,131628,46.0,36.489168,127.256181,12,세종특별시
2026-06-15T18:55:08+09:00,GBIKE,130209,54.0,36.489199,127.271137,12,세종특별시
2026-06-15T18:55:08+09:00,GBIKE,501370,94.0,36.489229,127.302283,12,세종특별시
2026-06-15T18:55:08+09:00,GBIKE,131319,81.0,36.489236,127.252955,12,세종특별시
2026-06-15T18:55:08+09:00,GBIKE,131141,90.0,36.489245,127.255741,12,세종특별시
2026-06-15T18:55:08+09:00,GBIKE,130304,62.0,36.489277,127.256383,12,세종특별시
2026-06-15T18:55:08+09:00,GBIKE,131379,49.0,36.48928,127.256511,12,세종특별시
2026-06-15T18:55:08+09:00,GBIKE,131980,41.0,36.489318,127.2665,12,세종특별시
2026-06-15T18:55:08+09:00,GBIKE,131065,89.0,36.489327,127.257868,12,세종특별시
2026-06-15T18:55:08+09:00,GBIKE,130896,86.0,36.489339,127.257833,12,세종특별시
2026-06-15T18:55:08+09:00,GBIKE,130512,83.0,36.489347,127.256516,12,세종특별시
2026-06-15T18:55:08+09:00,GBIKE,130889,77.0,36.489352,127.256577,12,세종특별시
2026-06-15T18:55:08+09:00,GBIKE,130944,62.0,36.489362,127.256528,12,세종특별시
2026-06-15T18:55:08+09:00,GBIKE,130986,74.0,36.489377,127.256591,12,세종특별시
2026-06-15T18:55:08+09:00,GBIKE,130294,30.0,36.489394,127.266105,12,세종특별시
2026-06-15T18:55:08+09:00,GBIKE,131337,32.0,36.489399,127.256556,12,세종특별시
2026-06-15T18:55:08+09:00,GBIKE,501390,100.0,36.489401,127.298898,12,세종특별시
2026-06-15T18:55:08+09:00,GBIKE,131018,41.0,36.489405,127.257962,12,세종특별시
2026-06-15T18:55:08+09:00,GBIKE,131019,53.0,36.489412,127.25817,12,세종특별시
2026-06-15T18:55:08+09:00,GBIKE,130221,83.0,36.48943,127.256507,12,세종특별시
2026-06-15T18:55:08+09:00,GBIKE,130748,57.0,36.48943,127.256809,12,세종특별시
2026-06-15T18:55:08+09:00,GBIKE,130751,35.0,36.48943,127.256446,12,세종특별시
2026-06-15T18:55:08+09:00,GBIKE,501131,60.0,36.489443,127.256537,12,세종특별시
2026-06-15T18:55:08+09:00,GBIKE,130945,45.0,36.489446,127.25656,12,세종특별시
2026-06-15T18:55:08+09:00,GBIKE,131568,82.0,36.489447,127.256516,12,세종특별시
2026-06-15T18:55:08+09:00,GBIKE,131911,33.0,36.489449,127.256482,12,세종특별시
2026-06-15T18:55:08+09:00,GBIKE,130790,90.0,36.489454,127.25658,12,세종특별시
2026-06-15T18:55:08+09:00,GBIKE,130633,77.0,36.489455,127.247161,12,세종특별시
2026-06-15T18:55:08+09:00,GBIKE,501527,95.0,36.489459,127.256888,12,세종특별시
2026-06-15T18:55:08+09:00,GBIKE,130595,88.0,36.489461,127.258135,12,세종특별시
2026-06-15T18:55:08+09:00,GBIKE,131725,51.0,36.489464,127.247169,12,세종특별시
2026-06-15T18:55:08+09:00,GBIKE,131410,33.0,36.48948,127.256513,12,세종특별시
2026-06-15T18:55:08+09:00,GBIKE,131802,58.0,36.489481,127.256488,12,세종특별시
2026-06-15T18:55:08+09:00,GBIKE,501543,58.0,36.489483,127.25693,12,세종특별시
2026-06-15T18:55:08+09:00,GBIKE,131566,99.0,36.489489,127.256513,12,세종특별시
2026-06-15T18:55:08+09:00,GBIKE,131331,36.0,36.489494,127.256565,12,세종특별시
2026-06-15T18:55:08+09:00,GBIKE,131185,30.0,36.489515,127.25699,12,세종특별시
2026-06-15T18:55:08+09:00,GBIKE,131298,35.0,36.489517,127.256523,12,세종특별시
2026-06-15T18:55:08+09:00,GBIKE,130766,35.0,36.489525,127.301725,12,세종특별시
2026-06-15T18:55:08+09:00,GBIKE,131825,35.0,36.489531,127.260854,12,세종특별시
2026-06-15T18:55:08+09:00,GBIKE,130783,64.0,36.489535,127.256514,12,세종특별시
2026-06-15T18:55:08+09:00,GBIKE,131577,51.0,36.489541,127.256441,12,세종특별시
2026-06-15T18:55:08+09:00,GBIKE,131788,71.0,36.489558,127.256582,12,세종특별시
2026-06-15T18:55:08+09:00,GBIKE,130622,51.0,36.489567,127.260556,12,세종특별시
2026-06-15T18:55:08+09:00,GBIKE,130689,38.0,36.489569,127.256476,12,세종특별시
2026-06-15T18:55:08+09:00,GBIKE,130934,65.0,36.489591,127.301725,12,세종특별시
2026-06-15T18:55:08+09:00,GBIKE,130906,97.0,36.489624,127.256437,12,세종특별시
2026-06-15T18:55:08+09:00,GBIKE,130313,30.0,36.489627,127.256437,12,세종특별시
2026-06-15T18:55:08+09:00,GBIKE,131433,67.0,36.489644,127.2565,12,세종특별시
2026-06-15T18:55:08+09:00,GBIKE,131426,38.0,36.489736,127.26078,12,세종특별시
2026-06-15T18:55:08+09:00,GBIKE,130928,44.0,36.489847,127.257617,12,세종특별시
2026-06-15T18:55:08+09:00,GBIKE,130909,45.0,36.489881,127.259246,12,세종특별시
2026-06-15T18:55:08+09:00,GBIKE,501582,45.0,36.48989,127.255959,12,세종특별시
2026-06-15T18:55:08+09:00,GBIKE,131241,71.0,36.489897,127.259234,12,세종특별시
2026-06-15T18:55:08+09:00,GBIKE,130215,79.0,36.489899,127.259279,12,세종특별시
2026-06-15T18:55:08+09:00,GBIKE,130989,66.0,36.489912,127.257369,12,세종특별시
2026-06-15T18:55:08+09:00,GBIKE,130040,59.0,36.489926,127.256848,12,세종특별시
2026-06-15T18:55:08+09:00,GBIKE,130571,74.0,36.48995,127.26304,12,세종특별시
2026-06-15T18:55:08+09:00,GBIKE,131588,35.0,36.48999,127.255632,12,세종특별시
2026-06-15T18:55:08+09:00,GBIKE,131497,42.0,36.489997,127.261455,12,세종특별시
2026-06-15T18:55:08+09:00,GBIKE,130126,58.0,36.490048,127.255715,12,세종특별시
2026-06-15T18:55:08+09:00,GBIKE,131824,34.0,36.490055,127.257312,12,세종특별시
2026-06-15T18:55:08+09:00,GBIKE,131995,31.0,36.490062,127.248734,12,세종특별시
2026-06-15T18:55:08+09:00,GBIKE,131476,74.0,36.490068,127.255778,12,세종특별시
2026-06-15T18:55:08+09:00,GBIKE,131463,66.0,36.490086,127.260654,12,세종특별시
2026-06-15T18:55:08+09:00,GBIKE,131233,84.0,36.490096,127.256362,12,세종특별시
2026-06-15T18:55:08+09:00,GBIKE,131367,33.0,36.490131,127.250189,12,세종특별시
2026-06-15T18:55:08+09:00,GBIKE,130618,60.0,36.490193,127.256747,12,세종특별시
2026-06-15T18:55:08+09:00,GBIKE,131519,84.0,36.490211,127.252925,12,세종특별시
2026-06-15T18:55:08+09:00,GBIKE,131510,71.0,36.490218,127.256753,12,세종특별시
2026-06-15T18:55:08+09:00,GBIKE,130560,42.0,36.49022,127.256749,12,세종특별시
2026-06-15T18:55:08+09:00,GBIKE,131811,52.0,36.490229,127.256852,12,세종특별시
2026-06-15T18:55:08+09:00,GBIKE,131571,32.0,36.490238,127.247121,12,세종특별시
2026-06-15T18:55:08+09:00,GBIKE,130186,66.0,36.490247,127.257768,12,세종특별시
2026-06-15T18:55:08+09:00,GBIKE,130511,43.0,36.49029,127.256734,12,세종특별시
2026-06-15T18:55:08+09:00,GBIKE,130518,38.0,36.490323,127.243372,12,세종특별시
2026-06-15T18:55:08+09:00,GBIKE,131145,32.0,36.490332,127.258653,12,세종특별시
2026-06-15T18:55:08+09:00,GBIKE,130737,59.0,36.490349,127.256742,12,세종특별시
2026-06-15T18:55:08+09:00,GBIKE,501128,95.0,36.490405,127.303013,12,세종특별시
2026-06-15T18:55:08+09:00,GBIKE,131966,31.0,36.490409,127.259057,12,세종특별시
2026-06-15T18:55:08+09:00,GBIKE,131686,69.0,36.490433,127.245362,12,세종특별시
2026-06-15T18:55:08+09:00,GBIKE,501123,31.0,36.490439,127.301676,12,세종특별시
2026-06-15T18:55:08+09:00,GBIKE,130238,45.0,36.490445,127.263224,12,세종특별시
2026-06-15T18:55:08+09:00,GBIKE,501554,92.0,36.490477,127.302953,12,세종특별시
2026-06-15T18:55:08+09:00,GBIKE,131779,95.0,36.490566,127.267811,12,세종특별시
2026-06-15T18:55:08+09:00,GBIKE,130850,41.0,36.490566,127.259161,12,세종특별시
2026-06-15T18:55:08+09:00,GBIKE,130860,67.0,36.490568,127.259092,12,세종특별시
2026-06-15T18:55:08+09:00,GBIKE,130261,30.0,36.490597,127.25912,12,세종특별시
2026-06-15T18:55:08+09:00,GBIKE,501392,47.0,36.490624,127.267847,12,세종특별시
2026-06-15T18:55:08+09:00,GBIKE,131173,67.0,36.490628,127.301395,12,세종특별시
2026-06-15T18:55:08+09:00,GBIKE,130237,84.0,36.490637,127.257476,12,세종특별시
2026-06-15T18:55:08+09:00,GBIKE,131106,59.0,36.490643,127.256243,12,세종특별시
2026-06-15T18:55:08+09:00,GBIKE,131569,31.0,36.490674,127.259105,12,세종특별시
2026-06-15T18:55:08+09:00,GBIKE,130201,68.0,36.490676,127.254377,12,세종특별시
2026-06-15T18:55:08+09:00,GBIKE,131843,94.0,36.490726,127.256699,12,세종특별시
2026-06-15T18:55:08+09:00,GBIKE,131869,100.0,36.49074,127.254827,12,세종특별시
2026-06-15T18:55:08+09:00,GBIKE,501345,90.0,36.490804,127.256219,12,세종특별시
2026-06-15T18:55:08+09:00,GBIKE,131387,31.0,36.49084,127.256137,12,세종특별시
2026-06-15T18:55:08+09:00,GBIKE,131964,40.0,36.49084,127.256274,12,세종특별시
2026-06-15T18:55:08+09:00,GBIKE,131196,82.0,36.490891,127.256506,12,세종특별시
2026-06-15T18:55:08+09:00,GBIKE,501183,51.0,36.490902,127.257075,12,세종특별시
2026-06-15T18:55:08+09:00,GBIKE,130936,85.0,36.490912,127.256204,12,세종특별시
2026-06-15T18:55:08+09:00,GBIKE,131274,67.0,36.490925,127.253314,12,세종특별시
2026-06-15T18:55:08+09:00,GBIKE,131472,49.0,36.490946,127.257341,12,세종특별시
2026-06-15T18:55:08+09:00,GBIKE,131557,65.0,36.490947,127.256196,12,세종특별시
2026-06-15T18:55:08+09:00,GBIKE,131801,66.0,36.49096,127.25615,12,세종특별시
2026-06-15T18:55:08+09:00,GBIKE,501261,63.0,36.490988,127.257177,12,세종특별시
2026-06-15T18:55:08+09:00,GBIKE,501462,100.0,36.490999,127.262603,12,세종특별시
2026-06-15T18:55:08+09:00,GBIKE,131140,93.0,36.491006,127.257161,12,세종특별시
2026-06-15T18:55:08+09:00,GBIKE,130992,83.0,36.491009,127.25714,12,세종특별시
2026-06-15T18:55:08+09:00,GBIKE,130276,32.0,36.491015,127.257199,12,세종특별시
2026-06-15T18:55:08+09:00,GBIKE,131456,37.0,36.491026,127.257174,12,세종특별시
2026-06-15T18:55:08+09:00,GBIKE,131245,100.0,36.491031,127.256981,12,세종특별시
2026-06-15T18:55:08+09:00,GBIKE,131083,90.0,36.491041,127.25119,12,세종특별시
2026-06-15T18:55:08+09:00,GBIKE,131579,34.0,36.491053,127.257125,12,세종특별시
2026-06-15T18:55:08+09:00,GBIKE,130471,32.0,36.491056,127.257157,12,세종특별시
2026-06-15T18:55:08+09:00,GBIKE,501126,72.0,36.491068,127.262957,12,세종특별시
2026-06-15T18:55:08+09:00,GBIKE,131282,34.0,36.491073,127.25676,12,세종특별시
2026-06-15T18:55:08+09:00,GBIKE,131623,100.0,36.491083,127.260677,12,세종특별시
2026-06-15T18:55:08+09:00,GBIKE,131853,52.0,36.491084,127.254376,12,세종특별시
2026-06-15T18:55:08+09:00,GBIKE,130427,33.0,36.491088,127.253493,12,세종특별시
2026-06-15T18:55:08+09:00,GBIKE,130682,99.0,36.491098,127.257342,12,세종특별시
2026-06-15T18:55:08+09:00,GBIKE,130991,60.0,36.491104,127.321541,12,세종특별시
2026-06-15T18:55:08+09:00,GBIKE,130032,53.0,36.491117,127.256946,12,세종특별시
2026-06-15T18:55:08+09:00,GBIKE,131770,93.0,36.491134,127.246294,12,세종특별시
2026-06-15T18:55:08+09:00,GBIKE,130157,53.0,36.491137,127.300714,12,세종특별시
2026-06-15T18:55:08+09:00,GBIKE,131752,33.0,36.49115,127.249537,12,세종특별시
2026-06-15T18:55:08+09:00,GBIKE,131030,58.0,36.491152,127.254349,12,세종특별시
2026-06-15T18:55:08+09:00,GBIKE,130362,86.0,36.491159,127.258352,12,세종특별시
2026-06-15T18:55:08+09:00,GBIKE,501366,81.0,36.4912,127.254538,12,세종특별시
2026-06-15T18:55:08+09:00,GBIKE,130280,63.0,36.491246,127.254835,12,세종특별시
2026-06-15T18:55:08+09:00,GBIKE,131461,30.0,36.491254,127.258416,12,세종특별시
2026-06-15T18:55:08+09:00,GBIKE,130291,54.0,36.491272,127.256216,12,세종특별시
2026-06-15T18:55:08+09:00,GBIKE,501516,30.0,36.491273,127.256172,12,세종특별시
2026-06-15T18:55:08+09:00,GBIKE,131314,71.0,36.491273,127.257569,12,세종특별시
2026-06-15T18:55:08+09:00,GBIKE,501152,80.0,36.491285,127.258084,12,세종특별시
2026-06-15T18:55:08+09:00,GBIKE,501186,67.0,36.491292,127.258201,12,세종특별시
2026-06-15T18:55:08+09:00,GBIKE,131003,87.0,36.491314,127.256144,12,세종특별시
2026-06-15T18:55:08+09:00,GBIKE,130133,34.0,36.491316,127.254992,12,세종특별시
2026-06-15T18:55:08+09:00,GBIKE,130665,36.0,36.491341,127.255867,12,세종특별시
2026-06-15T18:55:08+09:00,GBIKE,130703,76.0,36.491342,127.256111,12,세종특별시
2026-06-15T18:55:08+09:00,GBIKE,501579,91.0,36.491356,127.246191,12,세종특별시
2026-06-15T18:55:08+09:00,GBIKE,131405,36.0,36.491363,127.256192,12,세종특별시
2026-06-15T18:55:08+09:00,GBIKE,130603,74.0,36.491366,127.256058,12,세종특별시
2026-06-15T18:55:08+09:00,GBIKE,501201,50.0,36.491366,127.269603,12,세종특별시
2026-06-15T18:55:08+09:00,GBIKE,131171,94.0,36.491377,127.257971,12,세종특별시
2026-06-15T18:55:08+09:00,GBIKE,131772,58.0,36.491377,127.26975,12,세종특별시
2026-06-15T18:55:08+09:00,GBIKE,130922,78.0,36.491382,127.258011,12,세종특별시
2026-06-15T18:55:08+09:00,GBIKE,131778,32.0,36.491388,127.258154,12,세종특별시
2026-06-15T18:55:08+09:00,GBIKE,501427,34.0,36.49139,127.256129,12,세종특별시
2026-06-15T18:55:08+09:00,GBIKE,501334,53.0,36.49139,127.258282,12,세종특별시
2026-06-15T18:55:08+09:00,GBIKE,131360,52.0,36.491394,127.258011,12,세종특별시
2026-06-15T18:55:08+09:00,GBIKE,130773,30.0,36.491394,127.25613,12,세종특별시
2026-06-15T18:55:08+09:00,GBIKE,501546,40.0,36.491396,127.256987,12,세종특별시
2026-06-15T18:55:08+09:00,GBIKE,501196,93.0,36.4914,127.256133,12,세종특별시
2026-06-15T18:55:08+09:00,GBIKE,501519,71.0,36.491406,127.254366,12,세종특별시
2026-06-15T18:55:08+09:00,GBIKE,130777,46.0,36.491406,127.258081,12,세종특별시
2026-06-15T18:55:08+09:00,GBIKE,131375,59.0,36.491417,127.256168,12,세종특별시
2026-06-15T18:55:08+09:00,GBIKE,130981,50.0,36.491434,127.256157,12,세종특별시
2026-06-15T18:55:08+09:00,GBIKE,130233,90.0,36.491438,127.256053,12,세종특별시
2026-06-15T18:55:08+09:00,GBIKE,130794,79.0,36.491446,127.260524,12,세종특별시
2026-06-15T18:55:08+09:00,GBIKE,131782,45.0,36.491456,127.260595,12,세종특별시
2026-06-15T18:55:08+09:00,GBIKE,130587,96.0,36.491462,127.258014,12,세종특별시
2026-06-15T18:55:08+09:00,GBIKE,131878,52.0,36.491472,127.26263,12,세종특별시
2026-06-15T18:55:08+09:00,GBIKE,131625,95.0,36.491501,127.300075,12,세종특별시
2026-06-15T18:55:08+09:00,GBIKE,131620,41.0,36.491512,127.259662,12,세종특별시
2026-06-15T18:55:08+09:00,GBIKE,131888,43.0,36.49156,127.24377,12,세종특별시
2026-06-15T18:55:08+09:00,GBIKE,130393,90.0,36.491591,127.256196,12,세종특별시
2026-06-15T18:55:08+09:00,GBIKE,131616,43.0,36.491594,127.25421,12,세종특별시
2026-06-15T18:55:08+09:00,GBIKE,130130,81.0,36.491615,127.260534,12,세종특별시
2026-06-15T18:55:08+09:00,GBIKE,130887,88.0,36.491615,127.254279,12,세종특별시
2026-06-15T18:55:08+09:00,GBIKE,130179,43.0,36.491629,127.260614,12,세종특별시
2026-06-15T18:55:08+09:00,GBIKE,130266,100.0,36.491645,127.254895,12,세종특별시
2026-06-15T18:55:08+09:00,GBIKE,501477,31.0,36.49165,127.246103,12,세종특별시
2026-06-15T18:55:08+09:00,GBIKE,131838,93.0,36.491695,127.303369,12,세종특별시
2026-06-15T18:55:08+09:00,GBIKE,130120,48.0,36.491721,127.245944,12,세종특별시
2026-06-15T18:55:08+09:00,GBIKE,131567,33.0,36.49173,127.256595,12,세종특별시
2026-06-15T18:55:08+09:00,GBIKE,501142,68.0,36.491735,127.269549,12,세종특별시
2026-06-15T18:55:08+09:00,GBIKE,501438,81.0,36.491744,127.269523,12,세종특별시
2026-06-15T18:55:08+09:00,GBIKE,130626,34.0,36.491744,127.260417,12,세종특별시
2026-06-15T18:55:08+09:00,GBIKE,130165,100.0,36.491748,127.256591,12,세종특별시
2026-06-15T18:55:08+09:00,GBIKE,131776,31.0,36.491763,127.256582,12,세종특별시
2026-06-15T18:55:08+09:00,GBIKE,131651,100.0,36.49178,127.25658,12,세종특별시
2026-06-15T18:55:08+09:00,GBIKE,131223,87.0,36.49185,127.256584,12,세종특별시
2026-06-15T18:55:08+09:00,GBIKE,501467,97.0,36.49186,127.246236,12,세종특별시
2026-06-15T18:55:08+09:00,GBIKE,501351,53.0,36.49187,127.255546,12,세종특별시
2026-06-15T18:55:08+09:00,GBIKE,501578,78.0,36.491979,127.26228,12,세종특별시
2026-06-15T18:55:08+09:00,GBIKE,131455,45.0,36.492077,127.325145,12,세종특별시
2026-06-15T18:55:08+09:00,GBIKE,131015,49.0,36.492102,127.257128,12,세종특별시
2026-06-15T18:55:08+09:00,GBIKE,130418,74.0,36.492148,127.256053,12,세종특별시
2026-06-15T18:55:08+09:00,GBIKE,501122,96.0,36.49216,127.257479,12,세종특별시
2026-06-15T18:55:08+09:00,GBIKE,130937,46.0,36.492193,127.256022,12,세종특별시
2026-06-15T18:55:08+09:00,GBIKE,130907,88.0,36.492248,127.245807,12,세종특별시
2026-06-15T18:55:08+09:00,GBIKE,130968,91.0,36.492293,127.245928,12,세종특별시
2026-06-15T18:55:08+09:00,GBIKE,131738,30.0,36.492325,127.241406,12,세종특별시
2026-06-15T18:55:08+09:00,GBIKE,131555,31.0,36.492366,127.252969,12,세종특별시
2026-06-15T18:55:08+09:00,GBIKE,131745,30.0,36.492366,127.241373,12,세종특별시
2026-06-15T18:55:08+09:00,GBIKE,131552,78.0,36.492427,127.26138,12,세종특별시
2026-06-15T18:55:08+09:00,GBIKE,130811,30.0,36.492437,127.254875,12,세종특별시
2026-06-15T18:55:08+09:00,GBIKE,131836,52.0,36.492488,127.244245,12,세종특별시
2026-06-15T18:55:08+09:00,GBIKE,131482,48.0,36.492497,127.254401,12,세종특별시
2026-06-15T18:55:08+09:00,GBIKE,501581,39.0,36.492522,127.302977,12,세종특별시
2026-06-15T18:55:08+09:00,GBIKE,131408,30.0,36.492591,127.26283,12,세종특별시
2026-06-15T18:55:08+09:00,GBIKE,131989,76.0,36.492598,127.255931,12,세종특별시
2026-06-15T18:55:08+09:00,GBIKE,130358,39.0,36.492599,127.257101,12,세종특별시
2026-06-15T18:55:08+09:00,GBIKE,130308,100.0,36.49262,127.303067,12,세종특별시
2026-06-15T18:55:08+09:00,GBIKE,130589,89.0,36.492636,127.303063,12,세종특별시
2026-06-15T18:55:08+09:00,GBIKE,131210,36.0,36.492653,127.256227,12,세종특별시
2026-06-15T18:55:08+09:00,GBIKE,501574,86.0,36.492653,127.255076,12,세종특별시
2026-06-15T18:55:08+09:00,GBIKE,130113,100.0,36.492654,127.303072,12,세종특별시
2026-06-15T18:55:08+09:00,GBIKE,131503,30.0,36.492659,127.303074,12,세종특별시
2026-06-15T18:55:08+09:00,GBIKE,130668,33.0,36.492661,127.255018,12,세종특별시
2026-06-15T18:55:08+09:00,GBIKE,131356,45.0,36.492683,127.269491,12,세종특별시
2026-06-15T18:55:08+09:00,GBIKE,130929,31.0,36.492725,127.242054,12,세종특별시
2026-06-15T18:55:08+09:00,GBIKE,130092,85.0,36.492742,127.251497,12,세종특별시
2026-06-15T18:55:08+09:00,GBIKE,131575,41.0,36.492759,127.255154,12,세종특별시
2026-06-15T18:55:08+09:00,GBIKE,501114,87.0,36.492773,127.254022,12,세종특별시
2026-06-15T18:55:08+09:00,GBIKE,130172,35.0,36.492808,127.242385,12,세종특별시
2026-06-15T18:55:08+09:00,GBIKE,501161,90.0,36.492811,127.253903,12,세종특별시
2026-06-15T18:55:08+09:00,GBIKE,131139,60.0,36.492826,127.256076,12,세종특별시
2026-06-15T18:55:08+09:00,GBIKE,131828,100.0,36.492826,127.252056,12,세종특별시
2026-06-15T18:55:08+09:00,GBIKE,130235,30.0,36.492861,127.242642,12,세종특별시
2026-06-15T18:55:08+09:00,GBIKE,501273,30.0,36.492876,127.243447,12,세종특별시
2026-06-15T18:55:08+09:00,GBIKE,131611,73.0,36.492878,127.300832,12,세종특별시
2026-06-15T18:55:08+09:00,GBIKE,130702,52.0,36.492884,127.256417,12,세종특별시
2026-06-15T18:55:08+09:00,GBIKE,130412,96.0,36.492891,127.242614,12,세종특별시
2026-06-15T18:55:08+09:00,GBIKE,131761,42.0,36.492895,127.254582,12,세종특별시
2026-06-15T18:55:08+09:00,GBIKE,130478,60.0,36.492916,127.305235,12,세종특별시
2026-06-15T18:55:08+09:00,GBIKE,501367,66.0,36.492968,127.254672,12,세종특별시
2026-06-15T18:55:08+09:00,GBIKE,130606,87.0,36.49297,127.254002,12,세종특별시
2026-06-15T18:55:08+09:00,GBIKE,131270,35.0,36.492996,127.254712,12,세종특별시
2026-06-15T18:55:08+09:00,GBIKE,130698,94.0,36.492996,127.255386,12,세종특별시
2026-06-15T18:55:08+09:00,GBIKE,131656,45.0,36.493028,127.300522,12,세종특별시
2026-06-15T18:55:08+09:00,GBIKE,131509,31.0,36.493183,127.245581,12,세종특별시
2026-06-15T18:55:08+09:00,GBIKE,131435,95.0,36.493212,127.301416,12,세종특별시
2026-06-15T18:55:08+09:00,GBIKE,501163,48.0,36.49326,127.256056,12,세종특별시
2026-06-15T18:55:08+09:00,GBIKE,131261,31.0,36.493294,127.252958,12,세종특별시
2026-06-15T18:55:08+09:00,GBIKE,501105,92.0,36.493378,127.249016,12,세종특별시
2026-06-15T18:55:08+09:00,GBIKE,131813,96.0,36.493394,127.248914,12,세종특별시
2026-06-15T18:55:08+09:00,GBIKE,131678,54.0,36.49351,127.249818,12,세종특별시
2026-06-15T18:55:08+09:00,GBIKE,130930,33.0,36.49365,127.256524,12,세종특별시
2026-06-15T18:55:08+09:00,GBIKE,501340,53.0,36.493651,127.255554,12,세종특별시
2026-06-15T18:55:08+09:00,GBIKE,131762,31.0,36.493777,127.256077,12,세종특별시
2026-06-15T18:55:08+09:00,GBIKE,501338,77.0,36.493806,127.255592,12,세종특별시
2026-06-15T18:55:08+09:00,GBIKE,501188,30.0,36.493855,127.248255,12,세종특별시
2026-06-15T18:55:08+09:00,GBIKE,131751,33.0,36.493874,127.248504,12,세종특별시
2026-06-15T18:55:08+09:00,GBIKE,131203,33.0,36.493892,127.241843,12,세종특별시
2026-06-15T18:55:08+09:00,GBIKE,131000,62.0,36.493965,127.249218,12,세종특별시
2026-06-15T18:55:08+09:00,GBIKE,130457,80.0,36.494008,127.248385,12,세종특별시
2026-06-15T18:55:08+09:00,GBIKE,131891,56.0,36.494014,127.249162,12,세종특별시
2026-06-15T18:55:08+09:00,GBIKE,130169,34.0,36.494058,127.256565,12,세종특별시
2026-06-15T18:55:08+09:00,GBIKE,130578,49.0,36.494081,127.248483,12,세종특별시
2026-06-15T18:55:08+09:00,GBIKE,501308,36.0,36.494168,127.261267,12,세종특별시
2026-06-15T18:55:08+09:00,GBIKE,131930,97.0,36.494302,127.255703,12,세종특별시
2026-06-15T18:55:08+09:00,GBIKE,131530,60.0,36.49431,127.255618,12,세종특별시
2026-06-15T18:55:08+09:00,GBIKE,130881,81.0,36.49433,127.255888,12,세종특별시
2026-06-15T18:55:08+09:00,GBIKE,130875,64.0,36.49438,127.25322,12,세종특별시
2026-06-15T18:55:08+09:00,GBIKE,131358,94.0,36.494388,127.30226,12,세종특별시
2026-06-15T18:55:08+09:00,GBIKE,131696,36.0,36.494392,127.253587,12,세종특별시
2026-06-15T18:55:08+09:00,GBIKE,130390,32.0,36.494401,127.248759,12,세종특별시
2026-06-15T18:55:08+09:00,GBIKE,131289,56.0,36.494461,127.251832,12,세종특별시
2026-06-15T18:55:08+09:00,GBIKE,131957,72.0,36.494485,127.246939,12,세종특별시
2026-06-15T18:55:08+09:00,GBIKE,131857,75.0,36.494508,127.248797,12,세종특별시
2026-06-15T18:55:08+09:00,GBIKE,130588,82.0,36.494539,127.249813,12,세종특별시
2026-06-15T18:55:08+09:00,GBIKE,130732,42.0,36.494608,127.260645,12,세종특별시
2026-06-15T18:55:08+09:00,GBIKE,131564,45.0,36.494624,127.256327,12,세종특별시
2026-06-15T18:55:08+09:00,GBIKE,131981,85.0,36.494628,127.260729,12,세종특별시
2026-06-15T18:55:08+09:00,GBIKE,131793,45.0,36.494629,127.256324,12,세종특별시
2026-06-15T18:55:08+09:00,GBIKE,131822,72.0,36.494632,127.256341,12,세종특별시
2026-06-15T18:55:08+09:00,GBIKE,131359,69.0,36.494639,127.256343,12,세종특별시
2026-06-15T18:55:08+09:00,GBIKE,131807,86.0,36.494645,127.256198,12,세종특별시
2026-06-15T18:55:08+09:00,GBIKE,131968,70.0,36.49467,127.257442,12,세종특별시
2026-06-15T18:55:08+09:00,GBIKE,131001,78.0,36.494682,127.254246,12,세종특별시
2026-06-15T18:55:08+09:00,GBIKE,131739,69.0,36.494683,127.25427,12,세종특별시
2026-06-15T18:55:08+09:00,GBIKE,130978,51.0,36.494687,127.256356,12,세종특별시
2026-06-15T18:55:08+09:00,GBIKE,130124,91.0,36.494694,127.256034,12,세종특별시
2026-06-15T18:55:08+09:00,GBIKE,501194,93.0,36.494705,127.240664,12,세종특별시
2026-06-15T18:55:08+09:00,GBIKE,130666,80.0,36.494751,127.257454,12,세종특별시
2026-06-15T18:55:08+09:00,GBIKE,130459,41.0,36.494757,127.240658,12,세종특별시
2026-06-15T18:55:08+09:00,GBIKE,501217,39.0,36.494766,127.240634,12,세종특별시
2026-06-15T18:55:08+09:00,GBIKE,501141,30.0,36.494781,127.257462,12,세종특별시
2026-06-15T18:55:08+09:00,GBIKE,131199,35.0,36.494828,127.2573,12,세종특별시
2026-06-15T18:55:08+09:00,GBIKE,130300,39.0,36.49489,127.249468,12,세종특별시
2026-06-15T18:55:08+09:00,GBIKE,501374,30.0,36.494927,127.256106,12,세종특별시
2026-06-15T18:55:08+09:00,GBIKE,501598,34.0,36.494952,127.302382,12,세종특별시
2026-06-15T18:55:08+09:00,GBIKE,130379,38.0,36.494959,127.257296,12,세종특별시
2026-06-15T18:55:08+09:00,GBIKE,131352,69.0,36.494987,127.249488,12,세종특별시
2026-06-15T18:55:08+09:00,GBIKE,501145,43.0,36.495055,127.255544,12,세종특별시
2026-06-15T18:55:08+09:00,GBIKE,131214,34.0,36.495097,127.239568,12,세종특별시
2026-06-15T18:55:08+09:00,GBIKE,131666,31.0,36.495109,127.248731,12,세종특별시
2026-06-15T18:55:08+09:00,GBIKE,501400,51.0,36.495119,127.253406,12,세종특별시
2026-06-15T18:55:08+09:00,GBIKE,131474,53.0,36.495173,127.303035,12,세종특별시
2026-06-15T18:55:08+09:00,GBIKE,501167,44.0,36.495233,127.25319,12,세종특별시
2026-06-15T18:55:08+09:00,GBIKE,131182,92.0,36.495235,127.209446,12,세종특별시
2026-06-15T18:55:08+09:00,GBIKE,131524,31.0,36.49525,127.248991,12,세종특별시
2026-06-15T18:55:08+09:00,GBIKE,501433,77.0,36.49525,127.265116,12,세종특별시
2026-06-15T18:55:08+09:00,GBIKE,131302,98.0,36.495256,127.256817,12,세종특별시
2026-06-15T18:55:08+09:00,GBIKE,130324,100.0,36.49531,127.256854,12,세종특별시
2026-06-15T18:55:08+09:00,GBIKE,131255,56.0,36.495322,127.310182,12,세종특별시
2026-06-15T18:55:08+09:00,GBIKE,501576,30.0,36.495334,127.306984,12,세종특별시
2026-06-15T18:55:08+09:00,GBIKE,130155,63.0,36.495414,127.26313,12,세종특별시
2026-06-15T18:55:08+09:00,GBIKE,501361,30.0,36.495466,127.31759,12,세종특별시
2026-06-15T18:55:08+09:00,GBIKE,131908,67.0,36.495559,127.240508,12,세종특별시
2026-06-15T18:55:08+09:00,GBIKE,131085,61.0,36.495564,127.249007,12,세종특별시
2026-06-15T18:55:08+09:00,GBIKE,501419,30.0,36.495583,127.249063,12,세종특별시
2026-06-15T18:55:08+09:00,GBIKE,131539,32.0,36.495598,127.259026,12,세종특별시
2026-06-15T18:55:08+09:00,GBIKE,131677,63.0,36.495644,127.25898,12,세종특별시
2026-06-15T18:55:08+09:00,GBIKE,131262,54.0,36.495652,127.258665,12,세종특별시
2026-06-15T18:55:08+09:00,GBIKE,501457,36.0,36.495663,127.248777,12,세종특별시
2026-06-15T18:55:08+09:00,GBIKE,130098,30.0,36.495674,127.248733,12,세종특별시
2026-06-15T18:55:08+09:00,GBIKE,130701,78.0,36.495747,127.266288,12,세종특별시
2026-06-15T18:55:08+09:00,GBIKE,501197,30.0,36.495749,127.256981,12,세종특별시
2026-06-15T18:55:08+09:00,GBIKE,131531,31.0,36.495773,127.249553,12,세종특별시
2026-06-15T18:55:08+09:00,GBIKE,131511,72.0,36.495781,127.258569,12,세종특별시
2026-06-15T18:55:08+09:00,GBIKE,501593,54.0,36.495789,127.249216,12,세종특별시
2026-06-15T18:55:08+09:00,GBIKE,130825,91.0,36.495796,127.266308,12,세종특별시
2026-06-15T18:55:08+09:00,GBIKE,130856,30.0,36.495802,127.24777,12,세종특별시
2026-06-15T18:55:08+09:00,GBIKE,130139,71.0,36.495803,127.252071,12,세종특별시
2026-06-15T18:55:08+09:00,GBIKE,130761,30.0,36.495827,127.266232,12,세종특별시
2026-06-15T18:55:08+09:00,GBIKE,131854,81.0,36.49585,127.2474,12,세종특별시
2026-06-15T18:55:08+09:00,GBIKE,131774,36.0,36.495852,127.258545,12,세종특별시
2026-06-15T18:55:08+09:00,GBIKE,131962,38.0,36.495859,127.249469,12,세종특별시
2026-06-15T18:55:08+09:00,GBIKE,501280,68.0,36.495876,127.258709,12,세종특별시
2026-06-15T18:55:08+09:00,GBIKE,131099,32.0,36.495924,127.250603,12,세종특별시
2026-06-15T18:55:08+09:00,GBIKE,130508,42.0,36.495934,127.238664,12,세종특별시
2026-06-15T18:55:08+09:00,GBIKE,131348,35.0,36.495939,127.243504,12,세종특별시
2026-06-15T18:55:08+09:00,GBIKE,130847,53.0,36.495943,127.238757,12,세종특별시
2026-06-15T18:55:08+09:00,GBIKE,130063,86.0,36.495946,127.238843,12,세종특별시
2026-06-15T18:55:08+09:00,GBIKE,501204,93.0,36.49595,127.238936,12,세종특별시
2026-06-15T18:55:08+09:00,GBIKE,131349,30.0,36.495952,127.238705,12,세종특별시
2026-06-15T18:55:08+09:00,GBIKE,131071,71.0,36.495966,127.238882,12,세종특별시
2026-06-15T18:55:08+09:00,GBIKE,131459,50.0,36.495984,127.238737,12,세종특별시
2026-06-15T18:55:08+09:00,GBIKE,131260,30.0,36.496016,127.243198,12,세종특별시
2026-06-15T18:55:08+09:00,GBIKE,130339,32.0,36.496029,127.243233,12,세종특별시
2026-06-15T18:55:08+09:00,GBIKE,130497,30.0,36.496062,127.239087,12,세종특별시
2026-06-15T18:55:08+09:00,GBIKE,131944,69.0,36.496151,127.239404,12,세종특별시
2026-06-15T18:55:08+09:00,GBIKE,130414,68.0,36.496154,127.239242,12,세종특별시
2026-06-15T18:55:08+09:00,GBIKE,501342,30.0,36.496154,127.246868,12,세종특별시
2026-06-15T18:55:08+09:00,GBIKE,131490,45.0,36.496155,127.264521,12,세종특별시
2026-06-15T18:55:08+09:00,GBIKE,501237,66.0,36.496162,127.239318,12,세종특별시
2026-06-15T18:55:08+09:00,GBIKE,501251,30.0,36.496234,127.304699,12,세종특별시
2026-06-15T18:55:08+09:00,GBIKE,130377,34.0,36.496263,127.244713,12,세종특별시
2026-06-15T18:55:08+09:00,GBIKE,131929,100.0,36.496278,127.238548,12,세종특별시
2026-06-15T18:55:08+09:00,GBIKE,130685,36.0,36.496302,127.264473,12,세종특별시
2026-06-15T18:55:08+09:00,GBIKE,130997,94.0,36.49636,127.238736,12,세종특별시
2026-06-15T18:55:08+09:00,GBIKE,130206,65.0,36.496666,127.256279,12,세종특별시
2026-06-15T18:55:08+09:00,GBIKE,130988,44.0,36.496695,127.303874,12,세종특별시
2026-06-15T18:55:08+09:00,GBIKE,130500,46.0,36.496759,127.263048,12,세종특별시
2026-06-15T18:55:08+09:00,GBIKE,501115,66.0,36.496776,127.256958,12,세종특별시
2026-06-15T18:55:08+09:00,GBIKE,130579,96.0,36.49683,127.256146,12,세종특별시
2026-06-15T18:55:08+09:00,GBIKE,130797,82.0,36.496867,127.256255,12,세종특별시
2026-06-15T18:55:08+09:00,GBIKE,131766,94.0,36.496944,127.256375,12,세종특별시
2026-06-15T18:55:08+09:00,GBIKE,130721,95.0,36.496995,127.247418,12,세종특별시
2026-06-15T18:55:08+09:00,GBIKE,130774,31.0,36.497092,127.258659,12,세종특별시
2026-06-15T18:55:08+09:00,GBIKE,501221,76.0,36.497266,127.265113,12,세종특별시
2026-06-15T18:55:08+09:00,GBIKE,501191,79.0,36.497366,127.260673,12,세종특별시
2026-06-15T18:55:08+09:00,GBIKE,130796,67.0,36.49737,127.240726,12,세종특별시
2026-06-15T18:55:08+09:00,GBIKE,131184,34.0,36.497395,127.244931,12,세종특별시
2026-06-15T18:55:08+09:00,GBIKE,130062,42.0,36.497399,127.255934,12,세종특별시
2026-06-15T18:55:08+09:00,GBIKE,130615,62.0,36.497413,127.244673,12,세종특별시
2026-06-15T18:55:08+09:00,GBIKE,130211,100.0,36.497504,127.256448,12,세종특별시
2026-06-15T18:55:08+09:00,GBIKE,501346,41.0,36.497511,127.313901,12,세종특별시
2026-06-15T18:55:08+09:00,GBIKE,501184,68.0,36.497524,127.252024,12,세종특별시
2026-06-15T18:55:08+09:00,GBIKE,131414,31.0,36.49753,127.312081,12,세종특별시
2026-06-15T18:55:08+09:00,GBIKE,131371,34.0,36.497571,127.257104,12,세종특별시
2026-06-15T18:55:08+09:00,GBIKE,501484,88.0,36.497572,127.312471,12,세종특별시
2026-06-15T18:55:08+09:00,GBIKE,130693,90.0,36.497591,127.257134,12,세종특별시
2026-06-15T18:55:08+09:00,GBIKE,130801,69.0,36.497619,127.314306,12,세종특별시
2026-06-15T18:55:08+09:00,GBIKE,131851,39.0,36.497631,127.313469,12,세종특별시
2026-06-15T18:55:08+09:00,GBIKE,131653,96.0,36.497669,127.259951,12,세종특별시
2026-06-15T18:55:08+09:00,GBIKE,131467,30.0,36.497703,127.255778,12,세종특별시
2026-06-15T18:55:08+09:00,GBIKE,131668,92.0,36.497707,127.260063,12,세종특별시
2026-06-15T18:55:08+09:00,GBIKE,130800,45.0,36.497717,127.235307,12,세종특별시
2026-06-15T18:55:08+09:00,GBIKE,130135,56.0,36.497722,127.23561,12,세종특별시
2026-06-15T18:55:08+09:00,GBIKE,131590,49.0,36.497802,127.243249,12,세종특별시
2026-06-15T18:55:08+09:00,GBIKE,131883,70.0,36.497812,127.311562,12,세종특별시
2026-06-15T18:55:08+09:00,GBIKE,130171,30.0,36.497821,127.311632,12,세종특별시
2026-06-15T18:55:08+09:00,GBIKE,130730,87.0,36.497919,127.31247,12,세종특별시
2026-06-15T18:55:08+09:00,GBIKE,130057,51.0,36.497923,127.233645,12,세종특별시
2026-06-15T18:55:08+09:00,GBIKE,131008,72.0,36.497936,127.314785,12,세종특별시
2026-06-15T18:55:08+09:00,GBIKE,130347,93.0,36.497947,127.312299,12,세종특별시
2026-06-15T18:55:08+09:00,GBIKE,131445,36.0,36.497968,127.24073,12,세종특별시
2026-06-15T18:55:08+09:00,GBIKE,131353,45.0,36.497989,127.330697,12,세종특별시
2026-06-15T18:55:08+09:00,GBIKE,501558,46.0,36.498061,127.267577,12,세종특별시
2026-06-15T18:55:08+09:00,GBIKE,501238,67.0,36.498069,127.267565,12,세종특별시
2026-06-15T18:55:08+09:00,GBIKE,130522,83.0,36.498072,127.258549,12,세종특별시
2026-06-15T18:55:08+09:00,GBIKE,501169,70.0,36.498088,127.281245,12,세종특별시
2026-06-15T18:55:08+09:00,GBIKE,131007,94.0,36.4981,127.311523,12,세종특별시
2026-06-15T18:55:08+09:00,GBIKE,131051,83.0,36.498114,127.244999,12,세종특별시
2026-06-15T18:55:08+09:00,GBIKE,131162,84.0,36.498174,127.233467,12,세종특별시
2026-06-15T18:55:08+09:00,GBIKE,130759,50.0,36.498198,127.261252,12,세종특별시
2026-06-15T18:55:08+09:00,GBIKE,131345,79.0,36.498208,127.24709,12,세종특별시
2026-06-15T18:55:08+09:00,GBIKE,131667,30.0,36.498208,127.245009,12,세종특별시
2026-06-15T18:55:08+09:00,GBIKE,130018,95.0,36.498335,127.257696,12,세종특별시
2026-06-15T18:55:08+09:00,GBIKE,130921,71.0,36.498342,127.223548,12,세종특별시
2026-06-15T18:55:08+09:00,GBIKE,131086,50.0,36.498353,127.312698,12,세종특별시
2026-06-15T18:55:08+09:00,GBIKE,131120,72.0,36.498362,127.25778,12,세종특별시
2026-06-15T18:55:08+09:00,GBIKE,131986,93.0,36.498364,127.312798,12,세종특별시
2026-06-15T18:55:08+09:00,GBIKE,130865,52.0,36.498376,127.257472,12,세종특별시
2026-06-15T18:55:08+09:00,GBIKE,130694,30.0,36.498473,127.308381,12,세종특별시
2026-06-15T18:55:08+09:00,GBIKE,130654,56.0,36.498494,127.26131,12,세종특별시
2026-06-15T18:55:08+09:00,GBIKE,130436,78.0,36.498528,127.311472,12,세종특별시
2026-06-15T18:55:08+09:00,GBIKE,131427,91.0,36.498634,127.257983,12,세종특별시
2026-06-15T18:55:08+09:00,GBIKE,501336,32.0,36.498643,127.258121,12,세종특별시
2026-06-15T18:55:08+09:00,GBIKE,501137,100.0,36.498647,127.30633,12,세종특별시
2026-06-15T18:55:08+09:00,GBIKE,131717,62.0,36.498713,127.232643,12,세종특별시
2026-06-15T18:55:08+09:00,GBIKE,501405,71.0,36.498824,127.331831,12,세종특별시
2026-06-15T18:55:08+09:00,GBIKE,501275,79.0,36.498877,127.31393,12,세종특별시
2026-06-15T18:55:08+09:00,GBIKE,130024,97.0,36.498888,127.244784,12,세종특별시
2026-06-15T18:55:08+09:00,GBIKE,336891,44.0,36.498906,127.249625,12,세종특별시
2026-06-15T18:55:08+09:00,GBIKE,130095,98.0,36.498978,127.256679,12,세종특별시
2026-06-15T18:55:08+09:00,GBIKE,131876,49.0,36.498979,127.256027,12,세종특별시
2026-06-15T18:55:08+09:00,GBIKE,131765,43.0,36.499116,127.325757,12,세종특별시
2026-06-15T18:55:08+09:00,GBIKE,130814,94.0,36.499119,127.236075,12,세종특별시
2026-06-15T18:55:08+09:00,GBIKE,501260,64.0,36.499139,127.269979,12,세종특별시
2026-06-15T18:55:08+09:00,GBIKE,501530,71.0,36.499151,127.240794,12,세종특별시
2026-06-15T18:55:08+09:00,GBIKE,616900,56.0,36.499152,127.307621,12,세종특별시
2026-06-15T18:55:08+09:00,GBIKE,501417,82.0,36.499154,127.255531,12,세종특별시
2026-06-15T18:55:08+09:00,GBIKE,501503,94.0,36.499179,127.270094,12,세종특별시
2026-06-15T18:55:08+09:00,GBIKE,130455,35.0,36.499181,127.251452,12,세종특별시
2026-06-15T18:55:08+09:00,GBIKE,130891,57.0,36.499201,127.255008,12,세종특별시
2026-06-15T18:55:08+09:00,GBIKE,501548,41.0,36.499221,127.331829,12,세종특별시
2026-06-15T18:55:08+09:00,GBIKE,130537,30.0,36.499305,127.258548,12,세종특별시
2026-06-15T18:55:08+09:00,GBIKE,131370,35.0,36.499331,127.259627,12,세종특별시
2026-06-15T18:55:08+09:00,GBIKE,131088,73.0,36.499345,127.243518,12,세종특별시
2026-06-15T18:55:08+09:00,GBIKE,130640,42.0,36.499367,127.259687,12,세종특별시
2026-06-15T18:55:08+09:00,GBIKE,130746,33.0,36.499423,127.335911,12,세종특별시
2026-06-15T18:55:08+09:00,GBIKE,131118,61.0,36.499449,127.219208,12,세종특별시
2026-06-15T18:55:08+09:00,GBIKE,501592,41.0,36.499462,127.243057,12,세종특별시
2026-06-15T18:55:08+09:00,GBIKE,130435,45.0,36.49947,127.232533,12,세종특별시
2026-06-15T18:55:08+09:00,GBIKE,501428,73.0,36.499471,127.25918,12,세종특별시
2026-06-15T18:55:08+09:00,GBIKE,501297,65.0,36.499477,127.232492,12,세종특별시
2026-06-15T18:55:08+09:00,GBIKE,131890,84.0,36.499487,127.259114,12,세종특별시
2026-06-15T18:55:08+09:00,GBIKE,131808,49.0,36.499493,127.269612,12,세종특별시
2026-06-15T18:55:08+09:00,GBIKE,131971,94.0,36.499497,127.259098,12,세종특별시
2026-06-15T18:55:08+09:00,GBIKE,131340,43.0,36.49951,127.259221,12,세종특별시
2026-06-15T18:55:08+09:00,GBIKE,130454,49.0,36.499511,127.259142,12,세종특별시
2026-06-15T18:55:08+09:00,GBIKE,130249,79.0,36.499527,127.25911,12,세종특별시
2026-06-15T18:55:08+09:00,GBIKE,131117,89.0,36.499543,127.240702,12,세종특별시
2026-06-15T18:55:08+09:00,GBIKE,501107,92.0,36.499545,127.236376,12,세종특별시
2026-06-15T18:55:08+09:00,GBIKE,374246,30.0,36.499555,127.240646,12,세종특별시
2026-06-15T18:55:08+09:00,GBIKE,130504,31.0,36.499567,127.254762,12,세종특별시
2026-06-15T18:55:08+09:00,GBIKE,131545,31.0,36.499571,127.221001,12,세종특별시
2026-06-15T18:55:08+09:00,GBIKE,131464,72.0,36.499577,127.246373,12,세종특별시
2026-06-15T18:55:08+09:00,GBIKE,130706,66.0,36.499612,127.312587,12,세종특별시
2026-06-15T18:55:08+09:00,GBIKE,130042,63.0,36.499618,127.335328,12,세종특별시
2026-06-15T18:55:08+09:00,GBIKE,501311,72.0,36.499674,127.249456,12,세종특별시
2026-06-15T18:55:08+09:00,GBIKE,501306,76.0,36.499733,127.243019,12,세종특별시
2026-06-15T18:55:08+09:00,GBIKE,130943,54.0,36.499745,127.256459,12,세종특별시
2026-06-15T18:55:08+09:00,GBIKE,131687,65.0,36.499775,127.231946,12,세종특별시
2026-06-15T18:55:08+09:00,GBIKE,501439,98.0,36.499803,127.256104,12,세종특별시
2026-06-15T18:55:08+09:00,GBIKE,130236,36.0,36.499811,127.259291,12,세종특별시
2026-06-15T18:55:08+09:00,GBIKE,131032,60.0,36.499825,127.231962,12,세종특별시
2026-06-15T18:55:08+09:00,GBIKE,130125,98.0,36.499882,127.232101,12,세종특별시
2026-06-15T18:55:08+09:00,GBIKE,131487,81.0,36.499896,127.220624,12,세종특별시
2026-06-15T18:55:08+09:00,GBIKE,131589,77.0,36.499921,127.232418,12,세종특별시
2026-06-15T18:55:08+09:00,GBIKE,130270,52.0,36.49995,127.232149,12,세종특별시
2026-06-15T18:55:08+09:00,GBIKE,131144,82.0,36.499959,127.232384,12,세종특별시
2026-06-15T18:55:08+09:00,GBIKE,131681,32.0,36.499968,127.312463,12,세종특별시
2026-06-15T18:55:08+09:00,GBIKE,131632,45.0,36.499977,127.256465,12,세종특별시
2026-06-15T18:55:08+09:00,GBIKE,131884,41.0,36.500015,127.268049,12,세종특별시
2026-06-15T18:55:08+09:00,GBIKE,131024,95.0,36.500039,127.234741,12,세종특별시
2026-06-15T18:55:08+09:00,GBIKE,337807,51.0,36.500041,127.235431,12,세종특별시
2026-06-15T18:55:08+09:00,GBIKE,131874,94.0,36.500048,127.235545,12,세종특별시
2026-06-15T18:55:08+09:00,GBIKE,130964,66.0,36.500049,127.260264,12,세종특별시
2026-06-15T18:55:08+09:00,GBIKE,131932,72.0,36.500049,127.235636,12,세종특별시
2026-06-15T18:55:08+09:00,GBIKE,131983,76.0,36.500049,127.256369,12,세종특별시
2026-06-15T18:55:08+09:00,GBIKE,130816,95.0,36.500051,127.23557,12,세종특별시
2026-06-15T18:55:08+09:00,GBIKE,131399,47.0,36.500051,127.235561,12,세종특별시
2026-06-15T18:55:08+09:00,GBIKE,131146,95.0,36.500054,127.235591,12,세종특별시
2026-06-15T18:55:08+09:00,GBIKE,131974,78.0,36.500061,127.23547,12,세종특별시
2026-06-15T18:55:08+09:00,GBIKE,501511,87.0,36.500063,127.235488,12,세종특별시
2026-06-15T18:55:08+09:00,GBIKE,130145,42.0,36.500064,127.235629,12,세종특별시
2026-06-15T18:55:08+09:00,GBIKE,130376,63.0,36.500068,127.235466,12,세종특별시
2026-06-15T18:55:08+09:00,GBIKE,130148,97.0,36.500071,127.23565,12,세종특별시
2026-06-15T18:55:08+09:00,GBIKE,130713,85.0,36.500071,127.235596,12,세종특별시
2026-06-15T18:55:08+09:00,GBIKE,130908,84.0,36.500074,127.260294,12,세종특별시
2026-06-15T18:55:08+09:00,GBIKE,501228,54.0,36.500081,127.235538,12,세종특별시
2026-06-15T18:55:08+09:00,GBIKE,501368,43.0,36.500081,127.28231,12,세종특별시
2026-06-15T18:55:08+09:00,GBIKE,131991,30.0,36.50009,127.256355,12,세종특별시
2026-06-15T18:55:08+09:00,GBIKE,131219,94.0,36.500093,127.236007,12,세종특별시
2026-06-15T18:55:08+09:00,GBIKE,130712,100.0,36.500136,127.236051,12,세종특별시
2026-06-15T18:55:08+09:00,GBIKE,130926,30.0,36.500142,127.331335,12,세종특별시
2026-06-15T18:55:08+09:00,GBIKE,130528,85.0,36.500147,127.235568,12,세종특별시
2026-06-15T18:55:08+09:00,GBIKE,130959,79.0,36.500164,127.267728,12,세종특별시
2026-06-15T18:55:08+09:00,GBIKE,131228,46.0,36.500205,127.252545,12,세종특별시
2026-06-15T18:55:08+09:00,GBIKE,130192,48.0,36.500269,127.235981,12,세종특별시
2026-06-15T18:55:08+09:00,GBIKE,131334,95.0,36.500276,127.236053,12,세종특별시
2026-06-15T18:55:08+09:00,GBIKE,131920,30.0,36.500284,127.332655,12,세종특별시
2026-06-15T18:55:08+09:00,GBIKE,130841,93.0,36.500303,127.268113,12,세종특별시
2026-06-15T18:55:08+09:00,GBIKE,131011,60.0,36.500314,127.250065,12,세종특별시
2026-06-15T18:55:08+09:00,GBIKE,131518,65.0,36.500357,127.262146,12,세종특별시
2026-06-15T18:55:08+09:00,GBIKE,130129,33.0,36.5004,127.332333,12,세종특별시
2026-06-15T18:55:08+09:00,GBIKE,131926,80.0,36.500448,127.31671,12,세종특별시
2026-06-15T18:55:08+09:00,GBIKE,131365,94.0,36.500498,127.259146,12,세종특별시
2026-06-15T18:55:08+09:00,GBIKE,501421,74.0,36.500506,127.309828,12,세종특별시
2026-06-15T18:55:08+09:00,GBIKE,501397,100.0,36.500525,127.316245,12,세종특별시
2026-06-15T18:55:08+09:00,GBIKE,131832,30.0,36.500527,127.315829,12,세종특별시
2026-06-15T18:55:08+09:00,GBIKE,131804,35.0,36.500636,127.257698,12,세종특별시
2026-06-15T18:55:08+09:00,GBIKE,131624,46.0,36.500641,127.257941,12,세종특별시
2026-06-15T18:55:08+09:00,GBIKE,131111,86.0,36.500645,127.261257,12,세종특별시
2026-06-15T18:55:08+09:00,GBIKE,131287,68.0,36.500674,127.260697,12,세종특별시
2026-06-15T18:55:08+09:00,GBIKE,501528,100.0,36.500683,127.258015,12,세종특별시
2026-06-15T18:55:08+09:00,GBIKE,131488,72.0,36.500689,127.240801,12,세종특별시
2026-06-15T18:55:08+09:00,GBIKE,130523,82.0,36.500699,127.260677,12,세종특별시
2026-06-15T18:55:08+09:00,GBIKE,130183,74.0,36.500705,127.260706,12,세종특별시
2026-06-15T18:55:08+09:00,GBIKE,130955,83.0,36.500713,127.257723,12,세종특별시
2026-06-15T18:55:08+09:00,GBIKE,130501,76.0,36.500723,127.25857,12,세종특별시
2026-06-15T18:55:08+09:00,GBIKE,130191,100.0,36.500728,127.257854,12,세종특별시
2026-06-15T18:55:08+09:00,GBIKE,130639,72.0,36.500743,127.259839,12,세종특별시
2026-06-15T18:55:08+09:00,GBIKE,130966,76.0,36.500755,127.259208,12,세종특별시
2026-06-15T18:55:08+09:00,GBIKE,131323,59.0,36.500781,127.249489,12,세종특별시
2026-06-15T18:55:08+09:00,GBIKE,130109,96.0,36.500853,127.258138,12,세종특별시
2026-06-15T18:55:08+09:00,GBIKE,130086,42.0,36.500888,127.22199,12,세종특별시
2026-06-15T18:55:08+09:00,GBIKE,501453,60.0,36.500897,127.257225,12,세종특별시
2026-06-15T18:55:08+09:00,GBIKE,130301,73.0,36.5009,127.258411,12,세종특별시
2026-06-15T18:55:08+09:00,GBIKE,130397,76.0,36.5009,127.259804,12,세종특별시
2026-06-15T18:55:08+09:00,GBIKE,131439,68.0,36.500907,127.258064,12,세종특별시
2026-06-15T18:55:08+09:00,GBIKE,131492,70.0,36.500937,127.245254,12,세종특별시
2026-06-15T18:55:08+09:00,GBIKE,130443,46.0,36.500942,127.259391,12,세종특별시
2026-06-15T18:55:08+09:00,GBIKE,501133,75.0,36.500985,127.259269,12,세종특별시
2026-06-15T18:55:08+09:00,GBIKE,501441,56.0,36.501004,127.259864,12,세종특별시
2026-06-15T18:55:08+09:00,GBIKE,131683,32.0,36.501025,127.327204,12,세종특별시
2026-06-15T18:55:08+09:00,GBIKE,130029,58.0,36.501026,127.259781,12,세종특별시
2026-06-15T18:55:08+09:00,GBIKE,501212,30.0,36.501028,127.308403,12,세종특별시
2026-06-15T18:55:08+09:00,GBIKE,130041,35.0,36.501038,127.259466,12,세종특별시
2026-06-15T18:55:08+09:00,GBIKE,131663,54.0,36.50104,127.259391,12,세종특별시
2026-06-15T18:55:08+09:00,GBIKE,130662,61.0,36.501071,127.259473,12,세종특별시
2026-06-15T18:55:08+09:00,GBIKE,130752,42.0,36.501077,127.311142,12,세종특별시
2026-06-15T18:55:08+09:00,GBIKE,130809,31.0,36.501099,127.259451,12,세종특별시
2026-06-15T18:55:08+09:00,GBIKE,501202,31.0,36.501105,127.311117,12,세종특별시
2026-06-15T18:55:08+09:00,GBIKE,501465,84.0,36.501109,127.268827,12,세종특별시
2026-06-15T18:55:08+09:00,GBIKE,130525,70.0,36.501132,127.246803,12,세종특별시
2026-06-15T18:55:08+09:00,GBIKE,131865,34.0,36.501136,127.259487,12,세종특별시
2026-06-15T18:55:08+09:00,GBIKE,501291,78.0,36.50114,127.2583,12,세종특별시
2026-06-15T18:55:08+09:00,GBIKE,501198,64.0,36.501158,127.280286,12,세종특별시
2026-06-15T18:55:08+09:00,GBIKE,131760,100.0,36.501273,127.254445,12,세종특별시
2026-06-15T18:55:08+09:00,GBIKE,501187,72.0,36.501303,127.313713,12,세종특별시
2026-06-15T18:55:08+09:00,GBIKE,131906,49.0,36.501324,127.259456,12,세종특별시
2026-06-15T18:55:08+09:00,GBIKE,501111,89.0,36.501326,127.253841,12,세종특별시
2026-06-15T18:55:08+09:00,GBIKE,501360,98.0,36.501355,127.256337,12,세종특별시
2026-06-15T18:55:08+09:00,GBIKE,130220,74.0,36.501379,127.268869,12,세종특별시
2026-06-15T18:55:08+09:00,GBIKE,131154,57.0,36.501443,127.264039,12,세종특별시
2026-06-15T18:55:08+09:00,GBIKE,131009,36.0,36.501448,127.246,12,세종특별시
2026-06-15T18:55:08+09:00,GBIKE,131480,37.0,36.501455,127.259824,12,세종특별시
2026-06-15T18:55:08+09:00,GBIKE,131069,35.0,36.50147,127.253128,12,세종특별시
2026-06-15T18:55:08+09:00,GBIKE,131187,80.0,36.501488,127.263876,12,세종특별시
2026-06-15T18:55:08+09:00,GBIKE,131630,100.0,36.501488,127.243963,12,세종특별시
2026-06-15T18:55:08+09:00,GBIKE,131155,71.0,36.50149,127.263902,12,세종특별시
2026-06-15T18:55:08+09:00,GBIKE,131347,81.0,36.501535,127.260095,12,세종특별시
2026-06-15T18:55:08+09:00,GBIKE,130146,31.0,36.501569,127.259188,12,세종특별시
2026-06-15T18:55:08+09:00,GBIKE,501575,99.0,36.501578,127.25877,12,세종특별시
2026-06-15T18:55:08+09:00,GBIKE,130984,43.0,36.501582,127.259681,12,세종특별시
2026-06-15T18:55:08+09:00,GBIKE,131094,40.0,36.501609,127.259269,12,세종특별시
2026-06-15T18:55:08+09:00,GBIKE,501480,100.0,36.501612,127.258644,12,세종특별시
2026-06-15T18:55:08+09:00,GBIKE,131076,39.0,36.501616,127.259717,12,세종특별시
2026-06-15T18:55:08+09:00,GBIKE,130942,58.0,36.501622,127.259801,12,세종특별시
2026-06-15T18:55:08+09:00,GBIKE,131512,55.0,36.501629,127.259745,12,세종특별시
2026-06-15T18:55:08+09:00,GBIKE,130833,37.0,36.501631,127.259778,12,세종특별시
2026-06-15T18:55:08+09:00,GBIKE,131473,45.0,36.501687,127.258763,12,세종특별시
2026-06-15T18:55:08+09:00,GBIKE,131169,63.0,36.501692,127.236107,12,세종특별시
2026-06-15T18:55:08+09:00,GBIKE,130315,33.0,36.501719,127.329235,12,세종특별시
2026-06-15T18:55:08+09:00,GBIKE,131417,51.0,36.501719,127.23607,12,세종특별시
2026-06-15T18:55:08+09:00,GBIKE,131967,62.0,36.501722,127.235977,12,세종특별시
2026-06-15T18:55:08+09:00,GBIKE,131748,100.0,36.501739,127.23636,12,세종특별시
2026-06-15T18:55:08+09:00,GBIKE,501290,100.0,36.501743,127.265852,12,세종특별시
2026-06-15T18:55:08+09:00,GBIKE,131226,88.0,36.501758,127.252718,12,세종특별시
2026-06-15T18:55:08+09:00,GBIKE,131528,35.0,36.501776,127.326223,12,세종특별시
2026-06-15T18:55:08+09:00,GBIKE,130551,37.0,36.501819,127.250845,12,세종특별시
2026-06-15T18:55:08+09:00,GBIKE,501478,65.0,36.501828,127.232963,12,세종특별시
2026-06-15T18:55:08+09:00,GBIKE,131688,67.0,36.501839,127.235582,12,세종특별시
2026-06-15T18:55:08+09:00,GBIKE,130284,44.0,36.501858,127.250819,12,세종특별시
2026-06-15T18:55:08+09:00,GBIKE,130705,31.0,36.501864,127.248102,12,세종특별시
2026-06-15T18:55:08+09:00,GBIKE,501382,66.0,36.501871,127.250798,12,세종특별시
2026-06-15T18:55:08+09:00,GBIKE,131137,60.0,36.501887,127.250768,12,세종특별시
2026-06-15T18:55:08+09:00,GBIKE,131622,58.0,36.5019,127.250772,12,세종특별시
2026-06-15T18:55:08+09:00,GBIKE,130240,76.0,36.501903,127.250768,12,세종특별시
2026-06-15T18:55:08+09:00,GBIKE,131380,85.0,36.501922,127.250164,12,세종특별시
2026-06-15T18:55:08+09:00,GBIKE,131064,93.0,36.501965,127.236107,12,세종특별시
2026-06-15T18:55:08+09:00,GBIKE,501545,97.0,36.501975,127.236089,12,세종특별시
2026-06-15T18:55:08+09:00,GBIKE,130410,32.0,36.501977,127.248157,12,세종특별시
2026-06-15T18:55:08+09:00,GBIKE,501596,38.0,36.501979,127.248269,12,세종특별시
2026-06-15T18:55:08+09:00,GBIKE,131810,95.0,36.501983,127.234321,12,세종특별시
2026-06-15T18:55:08+09:00,GBIKE,130486,99.0,36.501995,127.234267,12,세종특별시
2026-06-15T18:55:08+09:00,GBIKE,130851,95.0,36.502015,127.234322,12,세종특별시
2026-06-15T18:55:08+09:00,GBIKE,131970,100.0,36.502024,127.235054,12,세종특별시
2026-06-15T18:55:08+09:00,GBIKE,501436,55.0,36.502029,127.262251,12,세종특별시
2026-06-15T18:55:08+09:00,GBIKE,131216,72.0,36.50203,127.250823,12,세종특별시
2026-06-15T18:55:08+09:00,GBIKE,501586,68.0,36.502037,127.248743,12,세종특별시
2026-06-15T18:55:08+09:00,GBIKE,130707,97.0,36.502043,127.234305,12,세종특별시
2026-06-15T18:55:08+09:00,GBIKE,501507,70.0,36.502045,127.248734,12,세종특별시
2026-06-15T18:55:08+09:00,GBIKE,131897,91.0,36.502063,127.242623,12,세종특별시
2026-06-15T18:55:08+09:00,GBIKE,130030,86.0,36.502075,127.24874,12,세종특별시
2026-06-15T18:55:08+09:00,GBIKE,130735,74.0,36.502077,127.248737,12,세종특별시
2026-06-15T18:55:08+09:00,GBIKE,131290,93.0,36.502079,127.248762,12,세종특별시
2026-06-15T18:55:08+09:00,GBIKE,131784,64.0,36.50208,127.24726,12,세종특별시
2026-06-15T18:55:08+09:00,GBIKE,131704,94.0,36.502117,127.248744,12,세종특별시
2026-06-15T18:55:08+09:00,GBIKE,131664,85.0,36.50213,127.246996,12,세종특별시
2026-06-15T18:55:08+09:00,GBIKE,501153,98.0,36.502156,127.247182,12,세종특별시
2026-06-15T18:55:08+09:00,GBIKE,131304,68.0,36.502158,127.24876,12,세종특별시
2026-06-15T18:55:08+09:00,GBIKE,131816,52.0,36.502161,127.247259,12,세종특별시
2026-06-15T18:55:08+09:00,GBIKE,130973,84.0,36.502188,127.260563,12,세종특별시
2026-06-15T18:55:08+09:00,GBIKE,131097,82.0,36.502204,127.248833,12,세종특별시
2026-06-15T18:55:08+09:00,GBIKE,130941,57.0,36.502211,127.260523,12,세종특별시
2026-06-15T18:55:08+09:00,GBIKE,629253,45.0,36.502214,127.248912,12,세종특별시
2026-06-15T18:55:08+09:00,GBIKE,501479,76.0,36.502226,127.261119,12,세종특별시
2026-06-15T18:55:08+09:00,GBIKE,130808,74.0,36.502233,127.248812,12,세종특별시
2026-06-15T18:55:08+09:00,GBIKE,130254,33.0,36.502246,127.248684,12,세종특별시
2026-06-15T18:55:08+09:00,GBIKE,130594,97.0,36.502274,127.249096,12,세종특별시
2026-06-15T18:55:08+09:00,GBIKE,130361,92.0,36.502275,127.260592,12,세종특별시
2026-06-15T18:55:08+09:00,GBIKE,130386,70.0,36.502275,127.260598,12,세종특별시
2026-06-15T18:55:08+09:00,GBIKE,130134,62.0,36.502281,127.249073,12,세종특별시
2026-06-15T18:55:08+09:00,GBIKE,130359,95.0,36.502287,127.258094,12,세종특별시
2026-06-15T18:55:08+09:00,GBIKE,130177,39.0,36.502289,127.260559,12,세종특별시
2026-06-15T18:55:08+09:00,GBIKE,501253,78.0,36.502289,127.260602,12,세종특별시
2026-06-15T18:55:08+09:00,GBIKE,130645,45.0,36.5023,127.248995,12,세종특별시
2026-06-15T18:55:08+09:00,GBIKE,131640,35.0,36.502309,127.249018,12,세종특별시
2026-06-15T18:55:08+09:00,GBIKE,130917,95.0,36.502348,127.250288,12,세종특별시
2026-06-15T18:55:08+09:00,GBIKE,501321,74.0,36.502354,127.250329,12,세종특별시
2026-06-15T18:55:08+09:00,GBIKE,130723,58.0,36.50236,127.239837,12,세종특별시
2026-06-15T18:55:08+09:00,GBIKE,131875,76.0,36.502376,127.329439,12,세종특별시
2026-06-15T18:55:08+09:00,GBIKE,501356,86.0,36.502421,127.249016,12,세종특별시
2026-06-15T18:55:08+09:00,GBIKE,131933,80.0,36.502425,127.239694,12,세종특별시
2026-06-15T18:55:08+09:00,GBIKE,501241,89.0,36.502552,127.248817,12,세종특별시
2026-06-15T18:55:08+09:00,GBIKE,131243,79.0,36.502553,127.238205,12,세종특별시
2026-06-15T18:55:08+09:00,GBIKE,130969,75.0,36.502611,127.333872,12,세종특별시
2026-06-15T18:55:08+09:00,GBIKE,501337,92.0,36.50265,127.238036,12,세종특별시
2026-06-15T18:55:08+09:00,GBIKE,130933,53.0,36.502672,127.238,12,세종특별시
2026-06-15T18:55:08+09:00,GBIKE,131119,100.0,36.50271,127.333062,12,세종특별시
2026-06-15T18:55:08+09:00,GBIKE,130831,73.0,36.502719,127.263652,12,세종특별시
2026-06-15T18:55:08+09:00,GBIKE,131505,85.0,36.502745,127.263641,12,세종특별시
2026-06-15T18:55:08+09:00,GBIKE,501278,47.0,36.50277,127.263629,12,세종특별시
2026-06-15T18:55:08+09:00,GBIKE,130954,48.0,36.50278,127.263626,12,세종특별시
2026-06-15T18:55:08+09:00,GBIKE,501451,100.0,36.502782,127.238817,12,세종특별시
2026-06-15T18:55:08+09:00,GBIKE,131785,85.0,36.502855,127.249738,12,세종특별시
2026-06-15T18:55:08+09:00,GBIKE,131491,82.0,36.502857,127.232601,12,세종특별시
2026-06-15T18:55:08+09:00,GBIKE,130613,92.0,36.50286,127.240242,12,세종특별시
2026-06-15T18:55:08+09:00,GBIKE,131894,63.0,36.502956,127.232609,12,세종특별시
2026-06-15T18:55:08+09:00,GBIKE,131597,81.0,36.502979,127.237038,12,세종특별시
2026-06-15T18:55:08+09:00,GBIKE,130672,53.0,36.503011,127.232785,12,세종특별시
2026-06-15T18:55:08+09:00,GBIKE,131267,31.0,36.503028,127.334484,12,세종특별시
2026-06-15T18:55:08+09:00,GBIKE,131343,45.0,36.503029,127.253725,12,세종특별시
2026-06-15T18:55:08+09:00,GBIKE,130368,30.0,36.503035,127.334521,12,세종특별시
2026-06-15T18:55:08+09:00,GBIKE,131669,69.0,36.503035,127.334463,12,세종특별시
2026-06-15T18:55:08+09:00,GBIKE,131388,50.0,36.503065,127.247421,12,세종특별시
2026-06-15T18:55:08+09:00,GBIKE,131708,92.0,36.503076,127.232631,12,세종특별시
2026-06-15T18:55:08+09:00,GBIKE,131176,72.0,36.503123,127.275475,12,세종특별시
2026-06-15T18:55:08+09:00,GBIKE,131448,76.0,36.503142,127.266381,12,세종특별시
2026-06-15T18:55:08+09:00,GBIKE,130785,57.0,36.503176,127.250108,12,세종특별시
2026-06-15T18:55:08+09:00,GBIKE,131418,34.0,36.503193,127.246316,12,세종특별시
2026-06-15T18:55:08+09:00,GBIKE,131315,41.0,36.503229,127.335042,12,세종특별시
2026-06-15T18:55:08+09:00,GBIKE,501485,37.0,36.503231,127.265306,12,세종특별시
2026-06-15T18:55:08+09:00,GBIKE,501476,30.0,36.503233,127.335051,12,세종특별시
2026-06-15T18:55:08+09:00,GBIKE,501456,84.0,36.503239,127.335094,12,세종특별시
2026-06-15T18:55:08+09:00,GBIKE,130489,36.0,36.503243,127.33507,12,세종특별시
2026-06-15T18:55:08+09:00,GBIKE,130527,92.0,36.503244,127.265332,12,세종특별시
2026-06-15T18:55:08+09:00,GBIKE,130538,94.0,36.50325,127.232916,12,세종특별시
2026-06-15T18:55:08+09:00,GBIKE,130993,100.0,36.503258,127.334712,12,세종특별시
2026-06-15T18:55:08+09:00,GBIKE,130306,87.0,36.503327,127.240977,12,세종특별시
2026-06-15T18:55:08+09:00,GBIKE,501386,38.0,36.503352,127.249625,12,세종특별시
2026-06-15T18:55:08+09:00,GBIKE,131107,67.0,36.503364,127.249968,12,세종특별시
2026-06-15T18:55:08+09:00,GBIKE,130184,85.0,36.503381,127.250127,12,세종특별시
2026-06-15T18:55:08+09:00,GBIKE,131377,46.0,36.503395,127.260947,12,세종특별시
2026-06-15T18:55:08+09:00,GBIKE,131794,36.0,36.503455,127.334429,12,세종특별시
2026-06-15T18:55:08+09:00,GBIKE,131163,57.0,36.503485,127.249699,12,세종특별시
2026-06-15T18:55:08+09:00,GBIKE,131887,31.0,36.50358,127.235938,12,세종특별시
2026-06-15T18:55:08+09:00,GBIKE,131661,68.0,36.503581,127.256923,12,세종특별시
2026-06-15T18:55:08+09:00,GBIKE,501352,95.0,36.503643,127.264178,12,세종특별시
2026-06-15T18:55:08+09:00,GBIKE,130883,75.0,36.503773,127.261246,12,세종특별시
2026-06-15T18:55:08+09:00,GBIKE,131731,100.0,36.503785,127.250017,12,세종특별시
2026-06-15T18:55:08+09:00,GBIKE,130318,45.0,36.503787,127.235733,12,세종특별시
2026-06-15T18:55:08+09:00,GBIKE,130342,60.0,36.503789,127.261273,12,세종특별시
2026-06-15T18:55:08+09:00,GBIKE,131969,36.0,36.503804,127.249896,12,세종특별시
2026-06-15T18:55:08+09:00,GBIKE,130250,82.0,36.503813,127.261241,12,세종특별시
2026-06-15T18:55:08+09:00,GBIKE,130509,81.0,36.503822,127.261251,12,세종특별시
2026-06-15T18:55:08+09:00,GBIKE,131277,72.0,36.503852,127.263739,12,세종특별시
2026-06-15T18:55:08+09:00,GBIKE,130534,32.0,36.503877,127.261321,12,세종특별시
2026-06-15T18:55:08+09:00,GBIKE,501110,48.0,36.503883,127.261165,12,세종특별시
2026-06-15T18:55:08+09:00,GBIKE,501446,65.0,36.503915,127.26124,12,세종특별시
2026-06-15T18:55:08+09:00,GBIKE,130757,65.0,36.503919,127.261189,12,세종특별시
2026-06-15T18:55:08+09:00,GBIKE,501318,62.0,36.503919,127.261219,12,세종특별시
2026-06-15T18:55:08+09:00,GBIKE,501211,95.0,36.503922,127.261211,12,세종특별시
2026-06-15T18:55:08+09:00,GBIKE,130664,31.0,36.503924,127.250274,12,세종특별시
2026-06-15T18:55:08+09:00,GBIKE,131366,32.0,36.50394,127.261213,12,세종특별시
2026-06-15T18:55:08+09:00,GBIKE,501235,84.0,36.503957,127.261275,12,세종특별시
2026-06-15T18:55:08+09:00,GBIKE,130770,32.0,36.503962,127.241284,12,세종특별시
2026-06-15T18:55:08+09:00,GBIKE,131444,81.0,36.503964,127.261338,12,세종특별시
2026-06-15T18:55:08+09:00,GBIKE,131421,35.0,36.503976,127.261285,12,세종특별시
2026-06-15T18:55:08+09:00,GBIKE,131934,40.0,36.503977,127.234894,12,세종특별시
2026-06-15T18:55:08+09:00,GBIKE,130951,62.0,36.503986,127.250044,12,세종특별시
2026-06-15T18:55:08+09:00,GBIKE,131004,69.0,36.504031,127.263635,12,세종특별시
2026-06-15T18:55:08+09:00,GBIKE,130442,64.0,36.504094,127.252735,12,세종특별시
2026-06-15T18:55:08+09:00,GBIKE,342605,33.0,36.504121,127.235255,12,세종특별시
2026-06-15T18:55:08+09:00,GBIKE,131925,85.0,36.504148,127.244559,12,세종특별시
2026-06-15T18:55:08+09:00,GBIKE,131705,64.0,36.504158,127.252587,12,세종특별시
2026-06-15T18:55:08+09:00,GBIKE,131475,70.0,36.50422,127.235513,12,세종특별시
2026-06-15T18:55:08+09:00,GBIKE,130144,95.0,36.504268,127.235384,12,세종특별시
2026-06-15T18:55:08+09:00,GBIKE,130417,31.0,36.504271,127.244596,12,세종특별시
2026-06-15T18:55:08+09:00,GBIKE,131180,32.0,36.50429,127.264274,12,세종특별시
2026-06-15T18:55:08+09:00,GBIKE,130631,93.0,36.504302,127.23531,12,세종특별시
2026-06-15T18:55:08+09:00,GBIKE,130446,52.0,36.504303,127.235443,12,세종특별시
2026-06-15T18:55:08+09:00,GBIKE,131081,71.0,36.504303,127.235223,12,세종특별시
2026-06-15T18:55:08+09:00,GBIKE,131338,32.0,36.504323,127.252647,12,세종특별시
2026-06-15T18:55:08+09:00,GBIKE,130547,55.0,36.504325,127.262727,12,세종특별시
2026-06-15T18:55:08+09:00,GBIKE,130492,93.0,36.504327,127.235243,12,세종특별시
2026-06-15T18:55:08+09:00,GBIKE,130562,30.0,36.504335,127.235299,12,세종특별시
2026-06-15T18:55:08+09:00,GBIKE,130067,86.0,36.504337,127.235454,12,세종특별시
2026-06-15T18:55:08+09:00,GBIKE,130898,100.0,36.504339,127.235259,12,세종특별시
2026-06-15T18:55:08+09:00,GBIKE,501293,94.0,36.504344,127.26162,12,세종특별시
2026-06-15T18:55:08+09:00,GBIKE,130599,87.0,36.504349,127.235477,12,세종특별시
2026-06-15T18:55:08+09:00,GBIKE,131532,46.0,36.504357,127.252649,12,세종특별시
2026-06-15T18:55:08+09:00,GBIKE,131091,96.0,36.504358,127.235248,12,세종특별시
2026-06-15T18:55:08+09:00,GBIKE,131525,100.0,36.504358,127.235264,12,세종특별시
2026-06-15T18:55:08+09:00,GBIKE,131638,94.0,36.504382,127.235194,12,세종특별시
2026-06-15T18:55:08+09:00,GBIKE,130203,30.0,36.504414,127.26105,12,세종특별시
2026-06-15T18:55:08+09:00,GBIKE,501571,34.0,36.504428,127.272358,12,세종특별시
2026-06-15T18:55:08+09:00,GBIKE,131848,90.0,36.504441,127.249872,12,세종특별시
2026-06-15T18:55:08+09:00,GBIKE,130241,81.0,36.504445,127.24992,12,세종특별시
2026-06-15T18:55:08+09:00,GBIKE,130229,31.0,36.504455,127.261062,12,세종특별시
2026-06-15T18:55:08+09:00,GBIKE,131102,36.0,36.504462,127.252536,12,세종특별시
2026-06-15T18:55:08+09:00,GBIKE,131599,60.0,36.504464,127.249899,12,세종특별시
2026-06-15T18:55:08+09:00,GBIKE,131755,74.0,36.504483,127.249878,12,세종특별시
2026-06-15T18:55:08+09:00,GBIKE,131792,62.0,36.504493,127.2701,12,세종특별시
2026-06-15T18:55:08+09:00,GBIKE,131837,45.0,36.504518,127.234827,12,세종특별시
2026-06-15T18:55:08+09:00,GBIKE,131308,79.0,36.504547,127.234484,12,세종특별시
2026-06-15T18:55:08+09:00,GBIKE,501177,36.0,36.504606,127.267444,12,세종특별시
2026-06-15T18:55:08+09:00,GBIKE,130059,31.0,36.50467,127.234634,12,세종특별시
2026-06-15T18:55:08+09:00,GBIKE,130384,93.0,36.504692,127.271222,12,세종특별시
2026-06-15T18:55:08+09:00,GBIKE,131856,67.0,36.5047,127.235943,12,세종특별시
2026-06-15T18:55:08+09:00,GBIKE,130740,45.0,36.504704,127.234643,12,세종특별시
2026-06-15T18:55:08+09:00,GBIKE,130227,89.0,36.504722,127.234657,12,세종특별시
2026-06-15T18:55:08+09:00,GBIKE,130309,90.0,36.504729,127.234178,12,세종특별시
2026-06-15T18:55:08+09:00,GBIKE,131006,81.0,36.504745,127.234155,12,세종특별시
2026-06-15T18:55:08+09:00,GBIKE,131481,37.0,36.504752,127.249825,12,세종특별시
2026-06-15T18:55:08+09:00,GBIKE,131834,53.0,36.504773,127.261611,12,세종특별시
2026-06-15T18:55:08+09:00,GBIKE,131285,77.0,36.504785,127.236258,12,세종특별시
2026-06-15T18:55:08+09:00,GBIKE,131684,37.0,36.504788,127.249864,12,세종특별시
2026-06-15T18:55:08+09:00,GBIKE,130572,72.0,36.504804,127.234188,12,세종특별시
2026-06-15T18:55:08+09:00,GBIKE,130776,75.0,36.504806,127.250135,12,세종특별시
2026-06-15T18:55:08+09:00,GBIKE,130996,43.0,36.504824,127.236192,12,세종특별시
2026-06-15T18:55:08+09:00,GBIKE,131654,45.0,36.50489,127.261686,12,세종특별시
2026-06-15T18:55:08+09:00,GBIKE,501209,95.0,36.504893,127.261652,12,세종특별시
2026-06-15T18:55:08+09:00,GBIKE,501542,62.0,36.504925,127.249424,12,세종특별시
2026-06-15T18:55:08+09:00,GBIKE,130995,71.0,36.504928,127.261655,12,세종특별시
2026-06-15T18:55:08+09:00,GBIKE,130156,38.0,36.50496,127.234708,12,세종특별시
2026-06-15T18:55:08+09:00,GBIKE,501535,68.0,36.504999,127.248198,12,세종특별시
2026-06-15T18:55:08+09:00,GBIKE,130268,100.0,36.505007,127.236524,12,세종특별시
2026-06-15T18:55:08+09:00,GBIKE,130332,76.0,36.505023,127.234136,12,세종특별시
2026-06-15T18:55:08+09:00,GBIKE,130574,30.0,36.505062,127.248957,12,세종특별시
2026-06-15T18:55:08+09:00,GBIKE,130074,47.0,36.505066,127.272485,12,세종특별시
2026-06-15T18:55:08+09:00,GBIKE,130398,80.0,36.505068,127.247521,12,세종특별시
2026-06-15T18:55:08+09:00,GBIKE,501588,78.0,36.505088,127.247781,12,세종특별시
2026-06-15T18:55:08+09:00,GBIKE,131607,63.0,36.505129,127.260102,12,세종특별시
2026-06-15T18:55:08+09:00,GBIKE,130872,82.0,36.505134,127.236177,12,세종특별시
2026-06-15T18:55:08+09:00,GBIKE,130593,36.0,36.505141,127.250139,12,세종특별시
2026-06-15T18:55:08+09:00,GBIKE,130820,41.0,36.505142,127.252154,12,세종특별시
2026-06-15T18:55:08+09:00,GBIKE,130708,53.0,36.505151,127.234956,12,세종특별시
2026-06-15T18:55:08+09:00,GBIKE,131121,95.0,36.505163,127.27243,12,세종특별시
2026-06-15T18:55:08+09:00,GBIKE,131866,95.0,36.505182,127.275629,12,세종특별시
2026-06-15T18:55:08+09:00,GBIKE,130979,47.0,36.505186,127.232878,12,세종특별시
2026-06-15T18:55:08+09:00,GBIKE,130055,74.0,36.505195,127.275553,12,세종특별시
2026-06-15T18:55:08+09:00,GBIKE,131098,95.0,36.505213,127.275441,12,세종특별시
2026-06-15T18:55:08+09:00,GBIKE,501288,75.0,36.505219,127.258718,12,세종특별시
2026-06-15T18:55:08+09:00,GBIKE,131386,100.0,36.505235,127.23294,12,세종특별시
2026-06-15T18:55:08+09:00,GBIKE,131372,40.0,36.505242,127.244581,12,세종특별시
2026-06-15T18:55:08+09:00,GBIKE,131903,100.0,36.505251,127.275458,12,세종특별시
2026-06-15T18:55:08+09:00,GBIKE,131609,89.0,36.50526,127.233005,12,세종특별시
2026-06-15T18:55:08+09:00,GBIKE,130299,75.0,36.505291,127.261853,12,세종특별시
2026-06-15T18:55:08+09:00,GBIKE,501461,97.0,36.505293,127.250031,12,세종특별시
2026-06-15T18:55:08+09:00,GBIKE,131451,76.0,36.505299,127.26183,12,세종특별시
2026-06-15T18:55:08+09:00,GBIKE,130607,85.0,36.505305,127.261832,12,세종특별시
2026-06-15T18:55:08+09:00,GBIKE,131329,84.0,36.505311,127.26185,12,세종특별시
2026-06-15T18:55:08+09:00,GBIKE,130971,88.0,36.505327,127.25005,12,세종특별시
2026-06-15T18:55:08+09:00,GBIKE,130914,82.0,36.505335,127.261834,12,세종특별시
2026-06-15T18:55:08+09:00,GBIKE,131574,63.0,36.505337,127.235199,12,세종특별시
2026-06-15T18:55:08+09:00,GBIKE,130627,97.0,36.505339,127.261836,12,세종특별시
2026-06-15T18:55:08+09:00,GBIKE,131222,45.0,36.505345,127.261837,12,세종특별시
2026-06-15T18:55:08+09:00,GBIKE,131215,89.0,36.505362,127.258498,12,세종특별시
2026-06-15T18:55:08+09:00,GBIKE,131322,97.0,36.505365,127.23339,12,세종특별시
2026-06-15T18:55:08+09:00,GBIKE,131823,62.0,36.505391,127.264837,12,세종특별시
2026-06-15T18:55:08+09:00,GBIKE,131586,57.0,36.505392,127.241449,12,세종특별시
2026-06-15T18:55:08+09:00,GBIKE,130768,71.0,36.505415,127.264807,12,세종특별시
2026-06-15T18:55:08+09:00,GBIKE,131950,77.0,36.505431,127.23517,12,세종특별시
2026-06-15T18:55:08+09:00,GBIKE,130085,79.0,36.505454,127.25007,12,세종특별시
2026-06-15T18:55:08+09:00,GBIKE,131197,36.0,36.505478,127.264965,12,세종특별시
2026-06-15T18:55:08+09:00,GBIKE,131147,80.0,36.505491,127.23561,12,세종특별시
2026-06-15T18:55:08+09:00,GBIKE,501500,79.0,36.505513,127.269391,12,세종특별시
2026-06-15T18:55:08+09:00,GBIKE,131764,31.0,36.505525,127.235681,12,세종특별시
2026-06-15T18:55:08+09:00,GBIKE,131230,65.0,36.50553,127.235607,12,세종특별시
2026-06-15T18:55:08+09:00,GBIKE,130311,94.0,36.50554,127.235433,12,세종특별시
2026-06-15T18:55:08+09:00,GBIKE,501119,82.0,36.505547,127.235449,12,세종특별시
2026-06-15T18:55:08+09:00,GBIKE,130337,84.0,36.505557,127.235261,12,세종특별시
2026-06-15T18:55:08+09:00,GBIKE,131846,69.0,36.505618,127.235315,12,세종특별시
2026-06-15T18:55:08+09:00,GBIKE,130834,49.0,36.505658,127.2333,12,세종특별시
2026-06-15T18:55:08+09:00,GBIKE,131948,87.0,36.505703,127.235029,12,세종특별시
2026-06-15T18:55:08+09:00,GBIKE,130738,78.0,36.505775,127.265021,12,세종특별시
2026-06-15T18:55:08+09:00,GBIKE,131075,97.0,36.505778,127.23309,12,세종특별시
2026-06-15T18:55:08+09:00,GBIKE,130196,86.0,36.505794,127.233069,12,세종특별시
2026-06-15T18:55:08+09:00,GBIKE,131753,72.0,36.505809,127.235134,12,세종특별시
2026-06-15T18:55:08+09:00,GBIKE,130899,45.0,36.505831,127.261537,12,세종특별시
2026-06-15T18:55:08+09:00,GBIKE,131904,66.0,36.505835,127.234629,12,세종특별시
2026-06-15T18:55:08+09:00,GBIKE,130136,58.0,36.505841,127.234999,12,세종특별시
2026-06-15T18:55:08+09:00,GBIKE,131972,43.0,36.505844,127.253409,12,세종특별시
2026-06-15T18:55:08+09:00,GBIKE,131136,87.0,36.505845,127.234608,12,세종특별시
2026-06-15T18:55:08+09:00,GBIKE,130610,77.0,36.505853,127.233793,12,세종특별시
2026-06-15T18:55:08+09:00,GBIKE,131783,78.0,36.505875,127.235077,12,세종특별시
2026-06-15T18:55:08+09:00,GBIKE,131225,34.0,36.505876,127.250125,12,세종특별시
2026-06-15T18:55:08+09:00,GBIKE,131248,81.0,36.505896,127.265182,12,세종특별시
2026-06-15T18:55:08+09:00,GBIKE,130132,62.0,36.505907,127.23506,12,세종특별시
2026-06-15T18:55:08+09:00,GBIKE,501549,43.0,36.505942,127.265167,12,세종특별시
2026-06-15T18:55:08+09:00,GBIKE,131273,54.0,36.506007,127.234803,12,세종특별시
2026-06-15T18:55:08+09:00,GBIKE,130903,65.0,36.506009,127.234827,12,세종특별시
2026-06-15T18:55:08+09:00,GBIKE,501475,52.0,36.50602,127.23349,12,세종특별시
2026-06-15T18:55:08+09:00,GBIKE,130484,76.0,36.506049,127.234763,12,세종특별시
2026-06-15T18:55:08+09:00,GBIKE,131868,91.0,36.50605,127.235086,12,세종특별시
2026-06-15T18:55:08+09:00,GBIKE,131502,78.0,36.506054,127.234727,12,세종특별시
2026-06-15T18:55:08+09:00,GBIKE,131786,54.0,36.506063,127.234769,12,세종특별시
2026-06-15T18:55:08+09:00,GBIKE,131052,35.0,36.5061,127.241575,12,세종특별시
2026-06-15T18:55:08+09:00,GBIKE,130078,63.0,36.506126,127.234208,12,세종특별시
2026-06-15T18:55:08+09:00,GBIKE,131205,78.0,36.506126,127.272535,12,세종특별시
2026-06-15T18:55:08+09:00,GBIKE,131047,95.0,36.506128,127.272579,12,세종특별시
2026-06-15T18:55:08+09:00,GBIKE,131132,30.0,36.506128,127.33688,12,세종특별시
2026-06-15T18:55:08+09:00,GBIKE,130039,49.0,36.50613,127.249903,12,세종특별시
2026-06-15T18:55:08+09:00,GBIKE,130188,80.0,36.506131,127.233832,12,세종특별시
2026-06-15T18:55:08+09:00,GBIKE,131959,50.0,36.506145,127.234331,12,세종특별시
2026-06-15T18:55:08+09:00,GBIKE,131978,80.0,36.506146,127.234088,12,세종특별시
2026-06-15T18:55:08+09:00,GBIKE,131596,67.0,36.506157,127.233857,12,세종특별시
2026-06-15T18:55:08+09:00,GBIKE,130625,76.0,36.50616,127.272516,12,세종특별시
2026-06-15T18:55:08+09:00,GBIKE,130439,95.0,36.506165,127.237653,12,세종특별시
2026-06-15T18:55:08+09:00,GBIKE,131580,88.0,36.506194,127.234185,12,세종특별시
2026-06-15T18:55:08+09:00,GBIKE,130636,92.0,36.506198,127.234507,12,세종특별시
2026-06-15T18:55:08+09:00,GBIKE,501493,64.0,36.506213,127.249648,12,세종특별시
2026-06-15T18:55:08+09:00,GBIKE,131735,35.0,36.506262,127.235467,12,세종특별시
2026-06-15T18:55:08+09:00,GBIKE,130848,82.0,36.506297,127.234378,12,세종특별시
2026-06-15T18:55:08+09:00,GBIKE,130190,47.0,36.50631,127.234331,12,세종특별시
2026-06-15T18:55:08+09:00,GBIKE,131951,91.0,36.506412,127.241671,12,세종특별시
2026-06-15T18:55:08+09:00,GBIKE,131507,83.0,36.506446,127.234299,12,세종특별시
2026-06-15T18:55:08+09:00,GBIKE,131242,81.0,36.506475,127.234294,12,세종특별시
2026-06-15T18:55:08+09:00,GBIKE,131247,47.0,36.506476,127.269935,12,세종특별시
2026-06-15T18:55:08+09:00,GBIKE,130170,32.0,36.506483,127.269886,12,세종특별시
2026-06-15T18:55:08+09:00,GBIKE,130647,45.0,36.506525,127.234269,12,세종특별시
2026-06-15T18:55:08+09:00,GBIKE,131364,65.0,36.506527,127.234378,12,세종특별시
2026-06-15T18:55:08+09:00,GBIKE,130244,92.0,36.506531,127.26201,12,세종특별시
2026-06-15T18:55:08+09:00,GBIKE,501520,62.0,36.506563,127.258356,12,세종특별시
2026-06-15T18:55:08+09:00,GBIKE,501551,69.0,36.506583,127.25864,12,세종특별시
2026-06-15T18:55:08+09:00,GBIKE,131400,95.0,36.506638,127.232159,12,세종특별시
2026-06-15T18:55:08+09:00,GBIKE,131103,80.0,36.506648,127.262215,12,세종특별시
2026-06-15T18:55:08+09:00,GBIKE,130795,79.0,36.506656,127.25888,12,세종특별시
2026-06-15T18:55:08+09:00,GBIKE,131250,92.0,36.506663,127.232138,12,세종특별시
2026-06-15T18:55:08+09:00,GBIKE,130037,34.0,36.506682,127.247624,12,세종특별시
2026-06-15T18:55:08+09:00,GBIKE,131724,97.0,36.506682,127.259518,12,세종특별시
2026-06-15T18:55:08+09:00,GBIKE,131406,92.0,36.506693,127.232123,12,세종특별시
2026-06-15T18:55:08+09:00,GBIKE,130663,87.0,36.506721,127.232023,12,세종특별시
2026-06-15T18:55:08+09:00,GBIKE,501523,93.0,36.506739,127.265823,12,세종특별시
2026-06-15T18:55:08+09:00,GBIKE,130821,89.0,36.506749,127.258308,12,세종특별시
2026-06-15T18:55:08+09:00,GBIKE,131665,41.0,36.50677,127.265838,12,세종특별시
2026-06-15T18:55:08+09:00,GBIKE,131256,72.0,36.50678,127.236513,12,세종특별시
2026-06-15T18:55:08+09:00,GBIKE,131070,68.0,36.506812,127.26242,12,세종특별시
2026-06-15T18:55:08+09:00,GBIKE,501243,48.0,36.506822,127.258282,12,세종특별시
2026-06-15T18:55:08+09:00,GBIKE,130420,32.0,36.506822,127.245112,12,세종특별시
2026-06-15T18:55:08+09:00,GBIKE,130154,75.0,36.506829,127.261445,12,세종특별시
2026-06-15T18:55:08+09:00,GBIKE,130108,95.0,36.506856,127.261382,12,세종특별시
2026-06-15T18:55:08+09:00,GBIKE,131113,93.0,36.506858,127.270144,12,세종특별시
2026-06-15T18:55:08+09:00,GBIKE,131363,53.0,36.50686,127.258532,12,세종특별시
2026-06-15T18:55:08+09:00,GBIKE,130263,52.0,36.506872,127.270193,12,세종특별시
2026-06-15T18:55:08+09:00,GBIKE,130213,74.0,36.506881,127.270202,12,세종특별시
2026-06-15T18:55:08+09:00,GBIKE,131844,87.0,36.506887,127.258533,12,세종특별시
2026-06-15T18:55:08+09:00,GBIKE,131572,52.0,36.506917,127.259827,12,세종특별시
2026-06-15T18:55:08+09:00,GBIKE,130048,69.0,36.506922,127.259876,12,세종특별시
2026-06-15T18:55:08+09:00,GBIKE,131174,71.0,36.506929,127.267705,12,세종특별시
2026-06-15T18:55:08+09:00,GBIKE,131645,91.0,36.50694,127.265702,12,세종특별시
2026-06-15T18:55:08+09:00,GBIKE,130049,75.0,36.506953,127.26208,12,세종특별시
2026-06-15T18:55:08+09:00,GBIKE,130479,64.0,36.506956,127.262066,12,세종특별시
2026-06-15T18:55:08+09:00,GBIKE,131520,57.0,36.506966,127.262057,12,세종특별시
2026-06-15T18:55:08+09:00,GBIKE,131905,71.0,36.506982,127.262063,12,세종특별시
2026-06-15T18:55:08+09:00,GBIKE,130372,85.0,36.506985,127.254278,12,세종특별시
2026-06-15T18:55:08+09:00,GBIKE,130736,64.0,36.507067,127.267889,12,세종특별시
2026-06-15T18:55:08+09:00,GBIKE,130611,100.0,36.507129,127.262958,12,세종특별시
2026-06-15T18:55:08+09:00,GBIKE,131330,56.0,36.507137,127.263166,12,세종특별시
2026-06-15T18:55:08+09:00,GBIKE,131603,45.0,36.507143,127.236517,12,세종특별시
2026-06-15T18:55:08+09:00,GBIKE,131143,46.0,36.507188,127.262019,12,세종특별시
2026-06-15T18:55:08+09:00,GBIKE,130655,42.0,36.507218,127.263395,12,세종특별시
2026-06-15T18:55:08+09:00,GBIKE,130868,79.0,36.507226,127.236617,12,세종특별시
2026-06-15T18:55:08+09:00,GBIKE,130373,76.0,36.507303,127.26333,12,세종특별시
2026-06-15T18:55:08+09:00,GBIKE,130392,94.0,36.507406,127.268939,12,세종특별시
2026-06-15T18:55:08+09:00,GBIKE,130859,58.0,36.507408,127.263305,12,세종특별시
2026-06-15T18:55:08+09:00,GBIKE,501215,72.0,36.507424,127.263119,12,세종특별시
2026-06-15T18:55:08+09:00,GBIKE,501402,94.0,36.50748,127.263127,12,세종특별시
2026-06-15T18:55:08+09:00,GBIKE,131318,49.0,36.507487,127.261991,12,세종특별시
2026-06-15T18:55:08+09:00,GBIKE,131916,100.0,36.50749,127.262393,12,세종특별시
2026-06-15T18:55:08+09:00,GBIKE,131031,56.0,36.50753,127.235456,12,세종특별시
2026-06-15T18:55:08+09:00,GBIKE,130677,92.0,36.507588,127.268182,12,세종특별시
2026-06-15T18:55:08+09:00,GBIKE,131604,95.0,36.507639,127.237109,12,세종특별시
2026-06-15T18:55:08+09:00,GBIKE,130788,44.0,36.507647,127.247161,12,세종특별시
2026-06-15T18:55:08+09:00,GBIKE,130336,60.0,36.507665,127.269037,12,세종특별시
2026-06-15T18:55:08+09:00,GBIKE,131570,78.0,36.507673,127.26903,12,세종특별시
2026-06-15T18:55:08+09:00,GBIKE,131253,95.0,36.507678,127.257718,12,세종특별시
2026-06-15T18:55:08+09:00,GBIKE,131420,94.0,36.507821,127.235183,12,세종특별시
2026-06-15T18:55:08+09:00,GBIKE,131336,74.0,36.507847,127.231188,12,세종특별시
2026-06-15T18:55:08+09:00,GBIKE,130375,75.0,36.507896,127.261481,12,세종특별시
2026-06-15T18:55:08+09:00,GBIKE,130449,95.0,36.507896,127.261587,12,세종특별시
2026-06-15T18:55:08+09:00,GBIKE,130314,68.0,36.507903,127.258397,12,세종특별시
2026-06-15T18:55:08+09:00,GBIKE,130729,61.0,36.507941,127.257511,12,세종특별시
2026-06-15T18:55:08+09:00,GBIKE,130099,54.0,36.507959,127.258931,12,세종특별시
2026-06-15T18:55:08+09:00,GBIKE,131938,87.0,36.507994,127.262979,12,세종특별시
2026-06-15T18:55:08+09:00,GBIKE,130431,91.0,36.508025,127.257982,12,세종특별시
2026-06-15T18:55:08+09:00,GBIKE,130251,89.0,36.508049,127.257985,12,세종특별시
2026-06-15T18:55:08+09:00,GBIKE,341583,40.0,36.508056,127.257873,12,세종특별시
2026-06-15T18:55:08+09:00,GBIKE,130744,57.0,36.508084,127.257234,12,세종특별시
2026-06-15T18:55:08+09:00,GBIKE,130218,69.0,36.508093,127.241519,12,세종특별시
2026-06-15T18:55:08+09:00,GBIKE,131826,89.0,36.508168,127.263175,12,세종특별시
2026-06-15T18:55:08+09:00,GBIKE,131867,93.0,36.508176,127.241598,12,세종특별시
2026-06-15T18:55:08+09:00,GBIKE,131279,49.0,36.508181,127.267511,12,세종특별시
2026-06-15T18:55:08+09:00,GBIKE,130223,72.0,36.508215,127.257617,12,세종특별시
2026-06-15T18:55:08+09:00,GBIKE,131401,93.0,36.508237,127.267445,12,세종특별시
2026-06-15T18:55:08+09:00,GBIKE,131827,96.0,36.50826,127.267622,12,세종특별시
2026-06-15T18:55:08+09:00,GBIKE,130058,88.0,36.508281,127.260254,12,세종특별시
2026-06-15T18:55:08+09:00,GBIKE,501572,89.0,36.508293,127.261434,12,세종특별시
2026-06-15T18:55:08+09:00,GBIKE,130476,79.0,36.50831,127.267971,12,세종특별시
2026-06-15T18:55:08+09:00,GBIKE,130792,66.0,36.50833,127.261459,12,세종특별시
2026-06-15T18:55:08+09:00,GBIKE,130181,78.0,36.508333,127.257658,12,세종특별시
2026-06-15T18:55:08+09:00,GBIKE,501537,57.0,36.508377,127.257719,12,세종특별시
2026-06-15T18:55:08+09:00,GBIKE,131232,31.0,36.508381,127.262632,12,세종특별시
2026-06-15T18:55:08+09:00,GBIKE,130462,62.0,36.508386,127.266662,12,세종특별시
2026-06-15T18:55:08+09:00,GBIKE,130878,91.0,36.508403,127.262584,12,세종특별시
2026-06-15T18:55:08+09:00,GBIKE,130321,89.0,36.508417,127.249705,12,세종특별시
2026-06-15T18:55:08+09:00,GBIKE,131082,87.0,36.508423,127.234888,12,세종특별시
2026-06-15T18:55:08+09:00,GBIKE,131166,34.0,36.508429,127.263468,12,세종특별시
2026-06-15T18:55:08+09:00,GBIKE,130642,33.0,36.508449,127.249718,12,세종특별시
2026-06-15T18:55:08+09:00,GBIKE,130700,95.0,36.508514,127.260238,12,세종특별시
2026-06-15T18:55:08+09:00,GBIKE,501455,93.0,36.508623,127.267204,12,세종특별시
2026-06-15T18:55:08+09:00,GBIKE,131489,63.0,36.508632,127.24154,12,세종특별시
2026-06-15T18:55:08+09:00,GBIKE,131737,87.0,36.508682,127.261141,12,세종특별시
2026-06-15T18:55:08+09:00,GBIKE,131976,74.0,36.508691,127.261077,12,세종특별시
2026-06-15T18:55:08+09:00,GBIKE,131068,53.0,36.508731,127.24231,12,세종특별시
2026-06-15T18:55:08+09:00,GBIKE,501378,91.0,36.508732,127.26117,12,세종특별시
2026-06-15T18:55:08+09:00,GBIKE,130840,93.0,36.508742,127.240206,12,세종특별시
2026-06-15T18:55:08+09:00,GBIKE,130303,94.0,36.508809,127.234348,12,세종특별시
2026-06-15T18:55:08+09:00,GBIKE,131493,40.0,36.508822,127.234358,12,세종특별시
2026-06-15T18:55:08+09:00,GBIKE,131385,46.0,36.508881,127.261187,12,세종특별시
2026-06-15T18:55:08+09:00,GBIKE,131310,94.0,36.508914,127.249538,12,세종특별시
2026-06-15T18:55:08+09:00,GBIKE,131413,71.0,36.508918,127.267676,12,세종특별시
2026-06-15T18:55:08+09:00,GBIKE,131977,38.0,36.508949,127.257193,12,세종특별시
2026-06-15T18:55:08+09:00,GBIKE,131236,45.0,36.508985,127.269759,12,세종특별시
2026-06-15T18:55:08+09:00,GBIKE,130274,55.0,36.509034,127.269634,12,세종특별시
2026-06-15T18:55:08+09:00,GBIKE,131048,85.0,36.509035,127.25506,12,세종특별시
2026-06-15T18:55:08+09:00,GBIKE,501166,100.0,36.50904,127.261631,12,세종특별시
2026-06-15T18:55:08+09:00,GBIKE,130444,68.0,36.509067,127.234156,12,세종특별시
2026-06-15T18:55:08+09:00,GBIKE,130469,96.0,36.509097,127.243086,12,세종특별시
2026-06-15T18:55:08+09:00,GBIKE,131873,96.0,36.509301,127.234045,12,세종특별시
2026-06-15T18:55:08+09:00,GBIKE,131017,75.0,36.509315,127.232345,12,세종특별시
2026-06-15T18:55:08+09:00,GBIKE,130089,95.0,36.509329,127.232272,12,세종특별시
2026-06-15T18:55:08+09:00,GBIKE,131122,45.0,36.50933,127.232275,12,세종특별시
2026-06-15T18:55:08+09:00,GBIKE,130526,76.0,36.50935,127.232284,12,세종특별시
2026-06-15T18:55:08+09:00,GBIKE,131296,75.0,36.509364,127.232499,12,세종특별시
2026-06-15T18:55:08+09:00,GBIKE,131266,95.0,36.509372,127.232392,12,세종특별시
2026-06-15T18:55:08+09:00,GBIKE,130543,66.0,36.509374,127.23242,12,세종특별시
2026-06-15T18:55:08+09:00,GBIKE,130696,84.0,36.509377,127.267292,12,세종특별시
2026-06-15T18:55:08+09:00,GBIKE,131460,78.0,36.509409,127.244459,12,세종특별시
2026-06-15T18:55:08+09:00,GBIKE,130320,92.0,36.50942,127.267868,12,세종특별시
2026-06-15T18:55:08+09:00,GBIKE,501262,66.0,36.50942,127.234238,12,세종특별시
2026-06-15T18:55:08+09:00,GBIKE,130168,95.0,36.509453,127.260951,12,세종특별시
2026-06-15T18:55:08+09:00,GBIKE,501560,88.0,36.509473,127.241584,12,세종특별시
2026-06-15T18:55:08+09:00,GBIKE,130514,64.0,36.509516,127.233059,12,세종특별시
2026-06-15T18:55:08+09:00,GBIKE,130638,100.0,36.509546,127.233072,12,세종특별시
2026-06-15T18:55:08+09:00,GBIKE,130535,76.0,36.509555,127.233142,12,세종특별시
2026-06-15T18:55:08+09:00,GBIKE,131935,98.0,36.509585,127.233645,12,세종특별시
2026-06-15T18:55:08+09:00,GBIKE,130634,98.0,36.509608,127.233597,12,세종특별시
2026-06-15T18:55:08+09:00,GBIKE,131780,74.0,36.509651,127.233623,12,세종특별시
2026-06-15T18:55:08+09:00,GBIKE,130219,78.0,36.509711,127.241557,12,세종특별시
2026-06-15T18:55:08+09:00,GBIKE,130502,94.0,36.509743,127.229187,12,세종특별시
2026-06-15T18:55:08+09:00,GBIKE,130552,36.0,36.509749,127.259799,12,세종특별시
2026-06-15T18:55:08+09:00,GBIKE,130870,88.0,36.509866,127.229572,12,세종특별시
2026-06-15T18:55:08+09:00,GBIKE,130546,96.0,36.509879,127.260422,12,세종특별시
2026-06-15T18:55:08+09:00,GBIKE,131354,100.0,36.509931,127.244751,12,세종특별시
2026-06-15T18:55:08+09:00,GBIKE,131975,95.0,36.51001,127.233855,12,세종특별시
2026-06-15T18:55:08+09:00,GBIKE,130480,90.0,36.510014,127.233889,12,세종특별시
2026-06-15T18:55:08+09:00,GBIKE,501271,56.0,36.510039,127.246173,12,세종특별시
2026-06-15T18:55:08+09:00,GBIKE,130046,69.0,36.51004,127.267657,12,세종특별시
2026-06-15T18:55:08+09:00,GBIKE,131595,99.0,36.510105,127.246371,12,세종특별시
2026-06-15T18:55:08+09:00,GBIKE,131797,34.0,36.510146,127.246052,12,세종특별시
2026-06-15T18:55:08+09:00,GBIKE,131458,96.0,36.510235,127.267486,12,세종특별시
2026-06-15T18:55:08+09:00,GBIKE,131830,95.0,36.510395,127.231493,12,세종특별시
2026-06-15T18:55:08+09:00,GBIKE,131900,77.0,36.510402,127.233986,12,세종특별시
2026-06-15T18:55:08+09:00,GBIKE,130066,37.0,36.510403,127.24454,12,세종특별시
2026-06-15T18:55:08+09:00,GBIKE,131909,95.0,36.510492,127.250172,12,세종특별시
2026-06-15T18:55:08+09:00,GBIKE,130064,62.0,36.510504,127.231909,12,세종특별시
2026-06-15T18:55:08+09:00,GBIKE,131060,53.0,36.510511,127.241323,12,세종특별시
2026-06-15T18:55:08+09:00,GBIKE,130253,86.0,36.510522,127.241336,12,세종특별시
2026-06-15T18:55:08+09:00,GBIKE,130657,88.0,36.510524,127.259033,12,세종특별시
2026-06-15T18:55:08+09:00,GBIKE,131863,71.0,36.510524,127.232047,12,세종특별시
2026-06-15T18:55:08+09:00,GBIKE,130022,95.0,36.510542,127.241352,12,세종특별시
2026-06-15T18:55:08+09:00,GBIKE,130174,85.0,36.510542,127.230824,12,세종특별시
2026-06-15T18:55:08+09:00,GBIKE,130195,78.0,36.510547,127.23083,12,세종특별시
2026-06-15T18:55:08+09:00,GBIKE,130747,86.0,36.510577,127.232412,12,세종특별시
2026-06-15T18:55:08+09:00,GBIKE,131123,95.0,36.510577,127.258031,12,세종특별시
2026-06-15T18:55:08+09:00,GBIKE,612778,63.0,36.51058,127.246234,12,세종특별시
2026-06-15T18:55:08+09:00,GBIKE,501178,86.0,36.510588,127.241329,12,세종특별시
2026-06-15T18:55:08+09:00,GBIKE,130784,57.0,36.510604,127.233936,12,세종특별시
2026-06-15T18:55:08+09:00,GBIKE,131864,77.0,36.510611,127.238995,12,세종특별시
2026-06-15T18:55:08+09:00,GBIKE,130453,93.0,36.510615,127.260342,12,세종특별시
2026-06-15T18:55:08+09:00,GBIKE,131272,64.0,36.51065,127.23931,12,세종특별시
2026-06-15T18:55:08+09:00,GBIKE,130835,75.0,36.510672,127.232036,12,세종특별시
2026-06-15T18:55:08+09:00,GBIKE,130053,64.0,36.510678,127.229716,12,세종특별시
2026-06-15T18:55:08+09:00,GBIKE,130756,72.0,36.510691,127.239817,12,세종특별시
2026-06-15T18:55:08+09:00,GBIKE,131220,65.0,36.510705,127.261503,12,세종특별시
2026-06-15T18:55:08+09:00,GBIKE,130421,84.0,36.510707,127.24319,12,세종특별시
2026-06-15T18:55:08+09:00,GBIKE,131699,97.0,36.510731,127.246469,12,세종특별시
2026-06-15T18:55:08+09:00,GBIKE,131721,88.0,36.510739,127.243044,12,세종특별시
2026-06-15T18:55:08+09:00,GBIKE,130918,95.0,36.510783,127.229612,12,세종특별시
2026-06-15T18:55:08+09:00,GBIKE,130106,87.0,36.510796,127.231741,12,세종특별시
2026-06-15T18:55:08+09:00,GBIKE,131885,49.0,36.510799,127.261827,12,세종특별시
2026-06-15T18:55:08+09:00,GBIKE,130915,61.0,36.510805,127.243094,12,세종특별시
2026-06-15T18:55:08+09:00,GBIKE,131175,48.0,36.510815,127.262826,12,세종특별시
2026-06-15T18:55:08+09:00,GBIKE,130248,46.0,36.510816,127.233689,12,세종특별시
2026-06-15T18:55:08+09:00,GBIKE,501147,61.0,36.510821,127.239752,12,세종특별시
2026-06-15T18:55:08+09:00,GBIKE,358176,42.0,36.510821,127.243048,12,세종특별시
2026-06-15T18:55:08+09:00,GBIKE,131268,84.0,36.510822,127.233739,12,세종특별시
2026-06-15T18:55:08+09:00,GBIKE,130709,78.0,36.510831,127.242217,12,세종특별시
2026-06-15T18:55:08+09:00,GBIKE,359456,34.0,36.510831,127.23251,12,세종특별시
2026-06-15T18:55:08+09:00,GBIKE,131913,98.0,36.510835,127.23955,12,세종특별시
2026-06-15T18:55:08+09:00,GBIKE,130758,85.0,36.510836,127.232496,12,세종특별시
2026-06-15T18:55:08+09:00,GBIKE,130456,67.0,36.510845,127.232454,12,세종특별시
2026-06-15T18:55:08+09:00,GBIKE,130807,100.0,36.510853,127.232516,12,세종특별시
2026-06-15T18:55:08+09:00,GBIKE,130378,84.0,36.510857,127.235992,12,세종특별시
2026-06-15T18:55:08+09:00,GBIKE,130107,80.0,36.510866,127.232859,12,세종특별시
2026-06-15T18:55:08+09:00,GBIKE,130549,72.0,36.510867,127.233954,12,세종특별시
2026-06-15T18:55:08+09:00,GBIKE,130826,71.0,36.510869,127.239552,12,세종특별시
2026-06-15T18:55:08+09:00,GBIKE,130632,100.0,36.510884,127.233173,12,세종특별시
2026-06-15T18:55:08+09:00,GBIKE,130150,95.0,36.510885,127.266968,12,세종특별시
2026-06-15T18:55:08+09:00,GBIKE,130550,58.0,36.510886,127.244586,12,세종특별시
2026-06-15T18:55:08+09:00,GBIKE,130533,85.0,36.510888,127.232883,12,세종특별시
2026-06-15T18:55:08+09:00,GBIKE,131342,92.0,36.510888,127.232387,12,세종특별시
2026-06-15T18:55:08+09:00,GBIKE,130025,95.0,36.510889,127.232915,12,세종특별시
2026-06-15T18:55:08+09:00,GBIKE,130404,77.0,36.510891,127.232882,12,세종특별시
2026-06-15T18:55:08+09:00,GBIKE,501536,71.0,36.510919,127.255692,12,세종특별시
2026-06-15T18:55:08+09:00,GBIKE,131706,49.0,36.510952,127.25628,12,세종특별시
2026-06-15T18:55:08+09:00,GBIKE,131691,56.0,36.510958,127.240816,12,세종특별시
2026-06-15T18:55:08+09:00,GBIKE,131773,80.0,36.510987,127.239589,12,세종특별시
2026-06-15T18:55:08+09:00,GBIKE,131355,91.0,36.511002,127.243006,12,세종특별시
2026-06-15T18:55:08+09:00,GBIKE,130765,49.0,36.511007,127.231634,12,세종특별시
2026-06-15T18:55:08+09:00,GBIKE,131845,85.0,36.511022,127.249819,12,세종특별시
2026-06-15T18:55:08+09:00,GBIKE,130151,95.0,36.511028,127.249762,12,세종특별시
2026-06-15T18:55:08+09:00,GBIKE,130905,95.0,36.511041,127.248876,12,세종특별시
2026-06-15T18:55:08+09:00,GBIKE,130553,58.0,36.511054,127.240854,12,세종특별시
2026-06-15T18:55:08+09:00,GBIKE,131672,51.0,36.511081,127.242978,12,세종특별시
2026-06-15T18:55:08+09:00,GBIKE,131998,73.0,36.511108,127.249346,12,세종특별시
2026-06-15T18:55:08+09:00,GBIKE,130217,48.0,36.51113,127.242044,12,세종특별시
2026-06-15T18:55:08+09:00,GBIKE,130849,88.0,36.511148,127.239609,12,세종특별시
2026-06-15T18:55:08+09:00,GBIKE,131341,94.0,36.511154,127.248089,12,세종특별시
2026-06-15T18:55:08+09:00,GBIKE,131710,83.0,36.511157,127.24888,12,세종특별시
2026-06-15T18:55:08+09:00,GBIKE,130592,100.0,36.51116,127.248077,12,세종특별시
2026-06-15T18:55:08+09:00,GBIKE,130629,45.0,36.511161,127.241289,12,세종특별시
2026-06-15T18:55:08+09:00,GBIKE,130180,77.0,36.511168,127.246217,12,세종특별시
2026-06-15T18:55:08+09:00,GBIKE,130515,37.0,36.511202,127.2364,12,세종특별시
2026-06-15T18:55:08+09:00,GBIKE,131818,72.0,36.511205,127.248272,12,세종특별시
2026-06-15T18:55:08+09:00,GBIKE,130345,93.0,36.511207,127.24005,12,세종특별시
2026-06-15T18:55:08+09:00,GBIKE,131419,96.0,36.511212,127.240139,12,세종특별시
2026-06-15T18:55:08+09:00,GBIKE,131072,59.0,36.511214,127.240059,12,세종특별시
2026-06-15T18:55:08+09:00,GBIKE,501214,54.0,36.511227,127.23998,12,세종특별시
2026-06-15T18:55:08+09:00,GBIKE,131325,70.0,36.511235,127.233576,12,세종특별시
2026-06-15T18:55:08+09:00,GBIKE,131339,45.0,36.511239,127.248173,12,세종특별시
2026-06-15T18:55:08+09:00,GBIKE,130162,72.0,36.511279,127.265834,12,세종특별시
2026-06-15T18:55:08+09:00,GBIKE,131177,37.0,36.511307,127.240146,12,세종특별시
2026-06-15T18:55:08+09:00,GBIKE,131855,73.0,36.511321,127.233407,12,세종특별시
2026-06-15T18:55:08+09:00,GBIKE,130285,100.0,36.511347,127.245277,12,세종특별시
2026-06-15T18:55:08+09:00,GBIKE,130877,97.0,36.511354,127.251801,12,세종특별시
2026-06-15T18:55:08+09:00,GBIKE,501424,70.0,36.511368,127.244298,12,세종특별시
2026-06-15T18:55:08+09:00,GBIKE,130895,62.0,36.511373,127.250201,12,세종특별시
2026-06-15T18:55:08+09:00,GBIKE,130791,87.0,36.511389,127.241278,12,세종특별시
2026-06-15T18:55:08+09:00,GBIKE,131534,59.0,36.511407,127.243952,12,세종특별시
2026-06-15T18:55:08+09:00,GBIKE,501257,86.0,36.511431,127.252387,12,세종특별시
2026-06-15T18:55:08+09:00,GBIKE,130164,63.0,36.511443,127.25031,12,세종특별시
2026-06-15T18:55:08+09:00,GBIKE,131749,98.0,36.511449,127.250273,12,세종특별시
2026-06-15T18:55:08+09:00,GBIKE,130082,59.0,36.511465,127.241692,12,세종특별시
2026-06-15T18:55:08+09:00,GBIKE,130919,62.0,36.511467,127.241235,12,세종특별시
2026-06-15T18:55:08+09:00,GBIKE,131831,100.0,36.511472,127.240852,12,세종특별시
2026-06-15T18:55:08+09:00,GBIKE,501272,51.0,36.511491,127.250607,12,세종특별시
2026-06-15T18:55:08+09:00,GBIKE,501569,73.0,36.511499,127.250675,12,세종특별시
2026-06-15T18:55:08+09:00,GBIKE,130348,65.0,36.511507,127.243052,12,세종특별시
2026-06-15T18:55:08+09:00,GBIKE,501515,87.0,36.511519,127.250598,12,세종특별시
2026-06-15T18:55:08+09:00,GBIKE,501525,60.0,36.511552,127.250605,12,세종특별시
2026-06-15T18:55:08+09:00,GBIKE,501193,53.0,36.511556,127.2488,12,세종특별시
2026-06-15T18:55:08+09:00,GBIKE,501174,86.0,36.511569,127.255492,12,세종특별시
2026-06-15T18:55:08+09:00,GBIKE,130258,79.0,36.511583,127.259765,12,세종특별시
2026-06-15T18:55:08+09:00,GBIKE,501376,79.0,36.511585,127.248957,12,세종특별시
2026-06-15T18:55:08+09:00,GBIKE,130329,47.0,36.511587,127.250632,12,세종특별시
2026-06-15T18:55:08+09:00,GBIKE,131945,85.0,36.511597,127.247121,12,세종특별시
2026-06-15T18:55:08+09:00,GBIKE,501562,91.0,36.511599,127.24795,12,세종특별시
2026-06-15T18:55:08+09:00,GBIKE,501117,68.0,36.511609,127.248681,12,세종특별시
2026-06-15T18:55:08+09:00,GBIKE,130205,75.0,36.511618,127.251914,12,세종특별시
2026-06-15T18:55:08+09:00,GBIKE,130341,68.0,36.511626,127.247979,12,세종특별시
2026-06-15T18:55:08+09:00,GBIKE,131902,95.0,36.511629,127.25975,12,세종특별시
2026-06-15T18:55:08+09:00,GBIKE,131254,100.0,36.51163,127.247968,12,세종특별시
2026-06-15T18:55:08+09:00,GBIKE,130683,44.0,36.51164,127.243069,12,세종특별시
2026-06-15T18:55:08+09:00,GBIKE,131224,57.0,36.51164,127.239647,12,세종특별시
2026-06-15T18:55:08+09:00,GBIKE,130704,78.0,36.511641,127.248014,12,세종특별시
2026-06-15T18:55:08+09:00,GBIKE,130286,77.0,36.511647,127.247132,12,세종특별시
2026-06-15T18:55:08+09:00,GBIKE,131390,64.0,36.511656,127.239933,12,세종특별시
2026-06-15T18:55:08+09:00,GBIKE,131812,48.0,36.511656,127.249601,12,세종특별시
2026-06-15T18:55:08+09:00,GBIKE,131050,84.0,36.511657,127.246159,12,세종특별시
2026-06-15T18:55:08+09:00,GBIKE,130158,99.0,36.511667,127.247982,12,세종특별시
2026-06-15T18:55:08+09:00,GBIKE,332266,50.0,36.511675,127.246423,12,세종특별시
2026-06-15T18:55:08+09:00,GBIKE,130467,87.0,36.511677,127.241604,12,세종특별시
2026-06-15T18:55:08+09:00,GBIKE,130461,98.0,36.511681,127.247113,12,세종특별시
2026-06-15T18:55:08+09:00,GBIKE,130496,81.0,36.511686,127.247942,12,세종특별시
2026-06-15T18:55:08+09:00,GBIKE,130852,85.0,36.511686,127.250443,12,세종특별시
2026-06-15T18:55:08+09:00,GBIKE,131100,57.0,36.511686,127.247101,12,세종특별시
2026-06-15T18:55:08+09:00,GBIKE,130319,70.0,36.511691,127.240858,12,세종특별시
2026-06-15T18:55:08+09:00,GBIKE,131689,53.0,36.511695,127.247124,12,세종특별시
2026-06-15T18:55:08+09:00,GBIKE,130879,50.0,36.511697,127.250483,12,세종특별시
2026-06-15T18:55:08+09:00,GBIKE,131498,57.0,36.511698,127.246004,12,세종특별시
2026-06-15T18:55:08+09:00,GBIKE,131707,57.0,36.511702,127.246181,12,세종특별시
2026-06-15T18:55:08+09:00,GBIKE,358190,51.0,36.511708,127.246433,12,세종특별시
2026-06-15T18:55:08+09:00,GBIKE,501233,74.0,36.511711,127.240927,12,세종특별시
2026-06-15T18:55:08+09:00,GBIKE,501403,82.0,36.511717,127.240917,12,세종특별시
2026-06-15T18:55:08+09:00,GBIKE,130110,39.0,36.511721,127.244215,12,세종특별시
2026-06-15T18:55:08+09:00,GBIKE,130559,100.0,36.511721,127.250273,12,세종특별시
2026-06-15T18:55:08+09:00,GBIKE,131499,49.0,36.511721,127.244001,12,세종특별시
2026-06-15T18:55:08+09:00,GBIKE,131130,56.0,36.511723,127.247124,12,세종특별시
2026-06-15T18:55:08+09:00,GBIKE,130247,73.0,36.511725,127.244032,12,세종특별시
2026-06-15T18:55:08+09:00,GBIKE,131020,60.0,36.511726,127.249902,12,세종특별시
2026-06-15T18:55:08+09:00,GBIKE,501294,80.0,36.511727,127.241706,12,세종특별시
2026-06-15T18:55:08+09:00,GBIKE,501401,68.0,36.511727,127.249678,12,세종특별시
2026-06-15T18:55:08+09:00,GBIKE,501301,59.0,36.511735,127.229909,12,세종특별시
2026-06-15T18:55:08+09:00,GBIKE,501300,84.0,36.511737,127.229771,12,세종특별시
2026-06-15T18:55:08+09:00,GBIKE,130327,32.0,36.51174,127.244034,12,세종특별시
2026-06-15T18:55:08+09:00,GBIKE,131269,61.0,36.51175,127.241331,12,세종특별시
2026-06-15T18:55:08+09:00,GBIKE,131442,31.0,36.511758,127.241627,12,세종특별시
2026-06-15T18:55:08+09:00,GBIKE,501583,44.0,36.511763,127.241625,12,세종특별시
2026-06-15T18:55:08+09:00,GBIKE,131125,46.0,36.511767,127.241683,12,세종특별시
2026-06-15T18:55:08+09:00,GBIKE,131381,81.0,36.51177,127.240812,12,세종특별시
2026-06-15T18:55:08+09:00,GBIKE,130778,67.0,36.511772,127.240812,12,세종특별시
2026-06-15T18:55:08+09:00,GBIKE,131432,100.0,36.511773,127.243922,12,세종특별시
2026-06-15T18:55:08+09:00,GBIKE,501192,85.0,36.511774,127.250386,12,세종특별시
2026-06-15T18:55:08+09:00,GBIKE,501422,74.0,36.511784,127.241684,12,세종특별시
2026-06-15T18:55:08+09:00,GBIKE,131321,30.0,36.511789,127.243982,12,세종특별시
2026-06-15T18:55:08+09:00,GBIKE,131259,86.0,36.5118,127.248611,12,세종특별시
2026-06-15T18:55:08+09:00,GBIKE,131809,63.0,36.511808,127.250332,12,세종특별시
2026-06-15T18:55:08+09:00,GBIKE,130974,72.0,36.511816,127.24994,12,세종특별시
2026-06-15T18:55:08+09:00,GBIKE,130031,51.0,36.511817,127.243286,12,세종특별시
2026-06-15T18:55:08+09:00,GBIKE,130149,55.0,36.511819,127.241704,12,세종특별시
2026-06-15T18:55:08+09:00,GBIKE,130255,72.0,36.511819,127.25259,12,세종특별시
2026-06-15T18:55:08+09:00,GBIKE,130409,62.0,36.511835,127.243349,12,세종특별시
2026-06-15T18:55:08+09:00,GBIKE,501149,85.0,36.511837,127.242799,12,세종특별시
2026-06-15T18:55:08+09:00,GBIKE,501333,97.0,36.511846,127.248255,12,세종특별시
2026-06-15T18:55:08+09:00,GBIKE,131192,72.0,36.511875,127.243208,12,세종특별시
2026-06-15T18:55:08+09:00,GBIKE,501359,64.0,36.511905,127.240948,12,세종특별시
2026-06-15T18:55:08+09:00,GBIKE,131061,83.0,36.511912,127.247892,12,세종특별시
2026-06-15T18:55:08+09:00,GBIKE,501565,94.0,36.511916,127.245581,12,세종특별시
2026-06-15T18:55:08+09:00,GBIKE,130676,96.0,36.511926,127.259565,12,세종특별시
2026-06-15T18:55:08+09:00,GBIKE,501101,94.0,36.511926,127.240515,12,세종특별시
2026-06-15T18:55:08+09:00,GBIKE,131849,64.0,36.511933,127.24094,12,세종특별시
2026-06-15T18:55:08+09:00,GBIKE,131787,73.0,36.511935,127.240997,12,세종특별시
2026-06-15T18:55:08+09:00,GBIKE,130038,81.0,36.511943,127.242902,12,세종특별시
2026-06-15T18:55:08+09:00,GBIKE,501452,46.0,36.511944,127.249955,12,세종특별시
2026-06-15T18:55:08+09:00,GBIKE,130717,39.0,36.511946,127.227255,12,세종특별시
2026-06-15T18:55:08+09:00,GBIKE,131240,100.0,36.511948,127.255382,12,세종특별시
2026-06-15T18:55:08+09:00,GBIKE,130366,71.0,36.511957,127.24097,12,세종특별시
2026-06-15T18:55:08+09:00,GBIKE,501329,49.0,36.51196,127.243463,12,세종특별시
2026-06-15T18:55:08+09:00,GBIKE,130510,92.0,36.511968,127.259588,12,세종특별시
2026-06-15T18:55:08+09:00,GBIKE,501200,77.0,36.51198,127.247888,12,세종특별시
2026-06-15T18:55:08+09:00,GBIKE,130734,82.0,36.511989,127.255829,12,세종특별시
2026-06-15T18:55:08+09:00,GBIKE,501429,49.0,36.512001,127.244054,12,세종특별시
2026-06-15T18:55:08+09:00,GBIKE,131440,65.0,36.512004,127.229897,12,세종특별시
2026-06-15T18:55:08+09:00,GBIKE,501347,100.0,36.51201,127.243928,12,세종특별시
2026-06-15T18:55:08+09:00,GBIKE,130772,31.0,36.512037,127.243949,12,세종특별시
2026-06-15T18:55:08+09:00,GBIKE,130976,95.0,36.512057,127.243907,12,세종특별시
2026-06-15T18:55:08+09:00,GBIKE,131109,73.0,36.512067,127.247861,12,세종특별시
2026-06-15T18:55:08+09:00,GBIKE,130667,44.0,36.51207,127.243039,12,세종특별시
2026-06-15T18:55:08+09:00,GBIKE,501242,94.0,36.51208,127.247064,12,세종특별시
2026-06-15T18:55:08+09:00,GBIKE,131833,89.0,36.512085,127.247859,12,세종특별시
2026-06-15T18:55:08+09:00,GBIKE,131965,96.0,36.512086,127.247907,12,세종특별시
2026-06-15T18:55:08+09:00,GBIKE,131434,67.0,36.512089,127.242028,12,세종특별시
2026-06-15T18:55:08+09:00,GBIKE,131159,72.0,36.512104,127.24817,12,세종특별시
2026-06-15T18:55:08+09:00,GBIKE,130112,47.0,36.512122,127.241879,12,세종특별시
2026-06-15T18:55:08+09:00,GBIKE,501247,59.0,36.512122,127.259325,12,세종특별시
2026-06-15T18:55:08+09:00,GBIKE,501144,91.0,36.512123,127.248131,12,세종특별시
2026-06-15T18:55:08+09:00,GBIKE,130070,92.0,36.512133,127.247965,12,세종특별시
2026-06-15T18:55:08+09:00,GBIKE,501279,44.0,36.512136,127.248129,12,세종특별시
2026-06-15T18:55:08+09:00,GBIKE,501331,47.0,36.512139,127.241879,12,세종특별시
2026-06-15T18:55:08+09:00,GBIKE,130383,77.0,36.512141,127.259471,12,세종특별시
2026-06-15T18:55:08+09:00,GBIKE,501393,79.0,36.512144,127.241688,12,세종특별시
2026-06-15T18:55:08+09:00,GBIKE,130823,40.0,36.512154,127.248055,12,세종특별시
2026-06-15T18:55:08+09:00,GBIKE,501274,67.0,36.51216,127.241277,12,세종특별시
2026-06-15T18:55:08+09:00,GBIKE,501496,92.0,36.512162,127.248051,12,세종특별시
2026-06-15T18:55:08+09:00,GBIKE,501434,91.0,36.51217,127.256412,12,세종특별시
2026-06-15T18:55:08+09:00,GBIKE,131922,55.0,36.512173,127.248138,12,세종특별시
2026-06-15T18:55:08+09:00,GBIKE,501394,79.0,36.512184,127.243519,12,세종특별시
2026-06-15T18:55:08+09:00,GBIKE,131016,49.0,36.512185,127.241274,12,세종특별시
2026-06-15T18:55:08+09:00,GBIKE,131709,84.0,36.512186,127.239727,12,세종특별시
2026-06-15T18:55:08+09:00,GBIKE,130346,64.0,36.512194,127.248105,12,세종특별시
2026-06-15T18:55:08+09:00,GBIKE,131479,69.0,36.512211,127.258286,12,세종특별시
2026-06-15T18:55:08+09:00,GBIKE,130182,98.0,36.512215,127.244521,12,세종특별시
2026-06-15T18:55:08+09:00,GBIKE,130262,44.0,36.512224,127.241238,12,세종특별시
2026-06-15T18:55:08+09:00,GBIKE,131234,50.0,36.512231,127.259377,12,세종특별시
2026-06-15T18:55:08+09:00,GBIKE,130539,70.0,36.512234,127.242486,12,세종특별시
2026-06-15T18:55:08+09:00,GBIKE,131178,69.0,36.512234,127.247532,12,세종특별시
2026-06-15T18:55:08+09:00,GBIKE,131680,86.0,36.512235,127.242046,12,세종특별시
2026-06-15T18:55:08+09:00,GBIKE,501539,100.0,36.512241,127.247954,12,세종특별시
2026-06-15T18:55:08+09:00,GBIKE,130071,66.0,36.512265,127.241359,12,세종특별시
2026-06-15T18:55:08+09:00,GBIKE,130854,37.0,36.51229,127.243491,12,세종특별시
2026-06-15T18:55:08+09:00,GBIKE,130460,46.0,36.512297,127.243532,12,세종특별시
2026-06-15T18:55:08+09:00,GBIKE,501213,46.0,36.512299,127.243711,12,세종특별시
2026-06-15T18:55:08+09:00,GBIKE,501486,67.0,36.512314,127.243532,12,세종특별시
2026-06-15T18:55:08+09:00,GBIKE,131246,73.0,36.512317,127.248092,12,세종특별시
2026-06-15T18:55:08+09:00,GBIKE,131129,74.0,36.512323,127.241316,12,세종특별시
2026-06-15T18:55:08+09:00,GBIKE,131516,98.0,36.512338,127.24895,12,세종특별시
2026-06-15T18:55:08+09:00,GBIKE,131963,78.0,36.512348,127.239948,12,세종특별시
2026-06-15T18:55:08+09:00,GBIKE,130818,92.0,36.51238,127.241652,12,세종특별시
2026-06-15T18:55:08+09:00,GBIKE,131901,100.0,36.512388,127.239924,12,세종특별시
2026-06-15T18:55:08+09:00,GBIKE,131306,77.0,36.5124,127.241612,12,세종특별시
2026-06-15T18:55:08+09:00,GBIKE,130225,55.0,36.512409,127.258374,12,세종특별시
2026-06-15T18:55:08+09:00,GBIKE,501490,86.0,36.51241,127.258363,12,세종특별시
2026-06-15T18:55:08+09:00,GBIKE,130076,56.0,36.512413,127.241663,12,세종특별시
2026-06-15T18:55:08+09:00,GBIKE,130573,58.0,36.512415,127.249749,12,세종특별시
2026-06-15T18:55:08+09:00,GBIKE,130577,55.0,36.512457,127.258416,12,세종특별시
2026-06-15T18:55:08+09:00,GBIKE,130100,92.0,36.512468,127.23994,12,세종특별시
2026-06-15T18:55:08+09:00,GBIKE,501255,64.0,36.512487,127.247099,12,세종특별시
2026-06-15T18:55:08+09:00,GBIKE,131288,74.0,36.512532,127.259964,12,세종특별시
2026-06-15T18:55:08+09:00,GBIKE,130614,85.0,36.51254,127.246833,12,세종특별시
2026-06-15T18:55:08+09:00,GBIKE,131188,68.0,36.512541,127.246276,12,세종특별시
2026-06-15T18:55:08+09:00,GBIKE,130760,76.0,36.512549,127.241688,12,세종특별시
2026-06-15T18:55:08+09:00,GBIKE,501219,70.0,36.512608,127.266419,12,세종특별시
2026-06-15T18:55:08+09:00,GBIKE,130054,67.0,36.512612,127.246751,12,세종특별시
2026-06-15T18:55:08+09:00,GBIKE,130505,75.0,36.512674,127.259327,12,세종특별시
2026-06-15T18:55:08+09:00,GBIKE,131871,76.0,36.512748,127.242594,12,세종특별시
2026-06-15T18:55:08+09:00,GBIKE,501165,49.0,36.512755,127.242737,12,세종특별시
2026-06-15T18:55:08+09:00,GBIKE,130817,86.0,36.51276,127.242388,12,세종특별시
2026-06-15T18:55:08+09:00,GBIKE,131194,82.0,36.512762,127.241735,12,세종특별시
2026-06-15T18:55:08+09:00,GBIKE,130597,57.0,36.512785,127.241019,12,세종특별시
2026-06-15T18:55:08+09:00,GBIKE,130423,85.0,36.512794,127.241925,12,세종특별시
2026-06-15T18:55:08+09:00,GBIKE,130987,96.0,36.512833,127.23311,12,세종특별시
2026-06-15T18:55:08+09:00,GBIKE,501124,81.0,36.512855,127.243183,12,세종특별시
2026-06-15T18:55:08+09:00,GBIKE,131452,69.0,36.512878,127.233127,12,세종특별시
2026-06-15T18:55:08+09:00,GBIKE,131895,62.0,36.512882,127.243323,12,세종특별시
2026-06-15T18:55:08+09:00,GBIKE,131368,84.0,36.51294,127.243314,12,세종특별시
2026-06-15T18:55:08+09:00,GBIKE,501584,37.0,36.513008,127.261496,12,세종특별시
2026-06-15T18:55:08+09:00,GBIKE,130681,99.0,36.513052,127.241355,12,세종특별시
2026-06-15T18:55:08+09:00,GBIKE,501155,67.0,36.513094,127.262253,12,세종특별시
2026-06-15T18:55:08+09:00,GBIKE,130620,96.0,36.513198,127.233082,12,세종특별시
2026-06-15T18:55:08+09:00,GBIKE,131500,40.0,36.513201,127.229621,12,세종특별시
2026-06-15T18:55:08+09:00,GBIKE,130829,91.0,36.513224,127.229603,12,세종특별시
2026-06-15T18:55:08+09:00,GBIKE,131485,63.0,36.51324,127.233061,12,세종특별시
2026-06-15T18:55:08+09:00,GBIKE,501267,74.0,36.513241,127.241712,12,세종특별시
2026-06-15T18:55:08+09:00,GBIKE,131627,33.0,36.513248,127.262909,12,세종특별시
2026-06-15T18:55:08+09:00,GBIKE,130871,90.0,36.51328,127.243411,12,세종특별시
2026-06-15T18:55:08+09:00,GBIKE,131466,36.0,36.513377,127.264658,12,세종특별시
2026-06-15T18:55:08+09:00,GBIKE,130832,83.0,36.513427,127.262922,12,세종특별시
2026-06-15T18:55:08+09:00,GBIKE,131777,35.0,36.51347,127.264924,12,세종특별시
2026-06-15T18:55:08+09:00,GBIKE,501118,42.0,36.513478,127.264287,12,세종특별시
2026-06-15T18:55:08+09:00,GBIKE,130576,96.0,36.51349,127.232964,12,세종특별시
2026-06-15T18:55:08+09:00,GBIKE,501544,93.0,36.513513,127.255702,12,세종특별시
2026-06-15T18:55:08+09:00,GBIKE,130115,57.0,36.513532,127.23298,12,세종특별시
2026-06-15T18:55:08+09:00,GBIKE,501190,64.0,36.513533,127.266404,12,세종특별시
2026-06-15T18:55:08+09:00,GBIKE,130975,67.0,36.513543,127.233257,12,세종특별시
2026-06-15T18:55:08+09:00,GBIKE,130608,91.0,36.513552,127.250241,12,세종특별시
2026-06-15T18:55:08+09:00,GBIKE,130728,89.0,36.513593,127.233237,12,세종특별시
2026-06-15T18:55:08+09:00,GBIKE,131637,86.0,36.513597,127.258968,12,세종특별시
2026-06-15T18:55:08+09:00,GBIKE,130036,73.0,36.51361,127.257781,12,세종특별시
2026-06-15T18:55:08+09:00,GBIKE,130651,95.0,36.513621,127.258988,12,세종특별시
2026-06-15T18:55:08+09:00,GBIKE,131673,100.0,36.513625,127.259039,12,세종특별시
2026-06-15T18:55:08+09:00,GBIKE,131585,92.0,36.513626,127.233215,12,세종특별시
2026-06-15T18:55:08+09:00,GBIKE,130403,43.0,36.513627,127.257752,12,세종특별시
2026-06-15T18:55:08+09:00,GBIKE,501541,100.0,36.513631,127.243521,12,세종특별시
2026-06-15T18:55:08+09:00,GBIKE,131402,48.0,36.513632,127.259039,12,세종특별시
2026-06-15T18:55:08+09:00,GBIKE,130678,96.0,36.513636,127.259385,12,세종특별시
2026-06-15T18:55:08+09:00,GBIKE,131829,100.0,36.513645,127.259047,12,세종특별시
2026-06-15T18:55:08+09:00,GBIKE,131251,81.0,36.513654,127.245277,12,세종특별시
2026-06-15T18:55:08+09:00,GBIKE,130630,92.0,36.513663,127.232921,12,세종특별시
2026-06-15T18:55:08+09:00,GBIKE,130793,47.0,36.513687,127.257822,12,세종특별시
2026-06-15T18:55:08+09:00,GBIKE,131743,100.0,36.513716,127.265312,12,세종특별시
2026-06-15T18:55:08+09:00,GBIKE,501379,57.0,36.513817,127.246652,12,세종특별시
2026-06-15T18:55:08+09:00,GBIKE,131382,52.0,36.513833,127.259196,12,세종특별시
2026-06-15T18:55:08+09:00,GBIKE,130458,46.0,36.513839,127.260662,12,세종특별시
2026-06-15T18:55:08+09:00,GBIKE,130273,72.0,36.513845,127.258996,12,세종특별시
2026-06-15T18:55:08+09:00,GBIKE,501168,100.0,36.513854,127.258996,12,세종특별시
2026-06-15T18:55:08+09:00,GBIKE,130474,92.0,36.513873,127.228899,12,세종특별시
2026-06-15T18:55:08+09:00,GBIKE,130295,56.0,36.513878,127.259438,12,세종특별시
2026-06-15T18:55:08+09:00,GBIKE,131835,93.0,36.513878,127.259429,12,세종특별시
2026-06-15T18:55:08+09:00,GBIKE,130855,42.0,36.513917,127.243368,12,세종특별시
2026-06-15T18:55:08+09:00,GBIKE,131606,39.0,36.513925,127.228888,12,세종특별시
2026-06-15T18:55:08+09:00,GBIKE,131896,38.0,36.513931,127.259663,12,세종특별시
2026-06-15T18:55:08+09:00,GBIKE,501229,100.0,36.513939,127.25891,12,세종특별시
2026-06-15T18:55:08+09:00,GBIKE,130419,31.0,36.513994,127.258996,12,세종특별시
2026-06-15T18:55:08+09:00,GBIKE,130290,78.0,36.514011,127.259375,12,세종특별시
2026-06-15T18:55:08+09:00,GBIKE,501292,54.0,36.51407,127.241794,12,세종특별시
2026-06-15T18:55:08+09:00,GBIKE,501335,50.0,36.514141,127.245975,12,세종특별시
2026-06-15T18:55:08+09:00,GBIKE,130699,52.0,36.514142,127.245733,12,세종특별시
2026-06-15T18:55:08+09:00,GBIKE,131756,75.0,36.51415,127.257912,12,세종특별시
2026-06-15T18:55:08+09:00,GBIKE,501444,51.0,36.514177,127.245747,12,세종특별시
2026-06-15T18:55:08+09:00,GBIKE,501322,83.0,36.514198,127.259379,12,세종특별시
2026-06-15T18:55:08+09:00,GBIKE,131297,57.0,36.514272,127.258974,12,세종특별시
2026-06-15T18:55:08+09:00,GBIKE,130433,72.0,36.514316,127.232889,12,세종특별시
2026-06-15T18:55:08+09:00,GBIKE,130344,83.0,36.514396,127.259259,12,세종특별시
2026-06-15T18:55:08+09:00,GBIKE,130581,74.0,36.514441,127.258889,12,세종특별시
2026-06-15T18:55:08+09:00,GBIKE,130406,45.0,36.51447,127.259507,12,세종특별시
2026-06-15T18:55:08+09:00,GBIKE,130012,72.0,36.514502,127.259094,12,세종특별시
2026-06-15T18:55:08+09:00,GBIKE,131313,52.0,36.514502,127.259351,12,세종특별시
2026-06-15T18:55:08+09:00,GBIKE,130147,45.0,36.514557,127.259325,12,세종특별시
2026-06-15T18:55:08+09:00,GBIKE,131670,48.0,36.514603,127.259227,12,세종특별시
2026-06-15T18:55:08+09:00,GBIKE,131819,96.0,36.514625,127.25878,12,세종특별시
2026-06-15T18:55:08+09:00,GBIKE,131674,78.0,36.514665,127.258825,12,세종특별시
2026-06-15T18:55:08+09:00,GBIKE,131581,98.0,36.514678,127.259192,12,세종특별시
2026-06-15T18:55:08+09:00,GBIKE,131758,34.0,36.514705,127.259063,12,세종특별시
2026-06-15T18:55:08+09:00,GBIKE,131034,61.0,36.514731,127.257718,12,세종특별시
2026-06-15T18:55:08+09:00,GBIKE,130021,86.0,36.514746,127.262828,12,세종특별시
2026-06-15T18:55:08+09:00,GBIKE,131212,97.0,36.514775,127.259197,12,세종특별시
2026-06-15T18:55:08+09:00,GBIKE,130531,100.0,36.514818,127.241723,12,세종특별시
2026-06-15T18:55:08+09:00,GBIKE,130659,39.0,36.514823,127.257484,12,세종특별시
2026-06-15T18:55:08+09:00,GBIKE,131718,78.0,36.514825,127.257667,12,세종특별시
2026-06-15T18:55:08+09:00,GBIKE,130624,100.0,36.51483,127.241709,12,세종특별시
2026-06-15T18:55:08+09:00,GBIKE,130963,45.0,36.514832,127.228719,12,세종특별시
2026-06-15T18:55:08+09:00,GBIKE,130382,44.0,36.514859,127.259757,12,세종특별시
2026-06-15T18:55:08+09:00,GBIKE,130483,57.0,36.514871,127.228833,12,세종특별시
2026-06-15T18:55:08+09:00,GBIKE,501497,79.0,36.514879,127.256687,12,세종특별시
2026-06-15T18:55:08+09:00,GBIKE,131646,78.0,36.51489,127.257733,12,세종특별시
2026-06-15T18:55:08+09:00,GBIKE,130128,51.0,36.514892,127.259493,12,세종특별시
2026-06-15T18:55:08+09:00,GBIKE,130252,38.0,36.514898,127.259216,12,세종특별시
2026-06-15T18:55:08+09:00,GBIKE,131457,84.0,36.514902,127.259246,12,세종특별시
2026-06-15T18:55:08+09:00,GBIKE,131757,88.0,36.514908,127.257681,12,세종특별시
2026-06-15T18:55:08+09:00,GBIKE,131468,62.0,36.514912,127.256665,12,세종특별시
2026-06-15T18:55:08+09:00,GBIKE,131960,87.0,36.514921,127.259185,12,세종특별시
2026-06-15T18:55:08+09:00,GBIKE,130073,59.0,36.514923,127.259229,12,세종특별시
2026-06-15T18:55:08+09:00,GBIKE,131790,79.0,36.514928,127.259189,12,세종특별시
2026-06-15T18:55:08+09:00,GBIKE,130123,34.0,36.514944,127.257807,12,세종특별시
2026-06-15T18:55:08+09:00,GBIKE,131535,71.0,36.514964,127.258252,12,세종특별시
2026-06-15T18:55:08+09:00,GBIKE,130725,96.0,36.514982,127.233113,12,세종특별시
2026-06-15T18:55:08+09:00,GBIKE,130948,53.0,36.515065,127.228799,12,세종특별시
2026-06-15T18:55:08+09:00,GBIKE,130256,95.0,36.515162,127.241681,12,세종특별시
2026-06-15T18:55:08+09:00,GBIKE,130716,52.0,36.515166,127.258786,12,세종특별시
2026-06-15T18:55:08+09:00,GBIKE,131376,65.0,36.515173,127.258756,12,세종특별시
2026-06-15T18:55:08+09:00,GBIKE,131369,65.0,36.515182,127.258756,12,세종특별시
2026-06-15T18:55:08+09:00,GBIKE,501116,44.0,36.515187,127.239087,12,세종특별시
2026-06-15T18:55:08+09:00,GBIKE,130491,46.0,36.515193,127.262584,12,세종특별시
2026-06-15T18:55:08+09:00,GBIKE,131814,83.0,36.515269,127.258796,12,세종특별시
2026-06-15T18:55:08+09:00,GBIKE,130771,65.0,36.515287,127.258827,12,세종특별시
2026-06-15T18:55:08+09:00,GBIKE,501445,91.0,36.515287,127.25875,12,세종특별시
2026-06-15T18:55:08+09:00,GBIKE,131074,100.0,36.515376,127.258791,12,세종특별시
2026-06-15T18:55:08+09:00,GBIKE,130513,72.0,36.515503,127.257953,12,세종특별시
2026-06-15T18:55:08+09:00,GBIKE,131631,72.0,36.515512,127.255851,12,세종특별시
2026-06-15T18:55:08+09:00,GBIKE,130935,74.0,36.51552,127.23326,12,세종특별시
2026-06-15T18:55:08+09:00,GBIKE,131191,63.0,36.515602,127.233527,12,세종특별시
2026-06-15T18:55:08+09:00,GBIKE,131615,60.0,36.515619,127.233751,12,세종특별시
2026-06-15T18:55:08+09:00,GBIKE,131584,48.0,36.515631,127.268192,12,세종특별시
2026-06-15T18:55:08+09:00,GBIKE,131561,71.0,36.515847,127.265486,12,세종특별시
2026-06-15T18:55:08+09:00,GBIKE,130323,50.0,36.515848,127.265441,12,세종특별시
2026-06-15T18:55:08+09:00,GBIKE,501423,78.0,36.515854,127.250369,12,세종특별시
2026-06-15T18:55:08+09:00,GBIKE,501313,87.0,36.515866,127.26578,12,세종특별시
2026-06-15T18:55:08+09:00,GBIKE,131918,91.0,36.515909,127.26444,12,세종특별시
2026-06-15T18:55:08+09:00,GBIKE,131872,90.0,36.515931,127.26226,12,세종특별시
2026-06-15T18:55:08+09:00,GBIKE,131594,65.0,36.515935,127.264478,12,세종특별시
2026-06-15T18:55:08+09:00,GBIKE,130051,57.0,36.515942,127.255789,12,세종특별시
2026-06-15T18:55:08+09:00,GBIKE,131422,49.0,36.516005,127.261698,12,세종특별시
2026-06-15T18:55:08+09:00,GBIKE,130485,90.0,36.516025,127.233923,12,세종특별시
2026-06-15T18:55:08+09:00,GBIKE,130530,65.0,36.516043,127.26187,12,세종특별시
2026-06-15T18:55:08+09:00,GBIKE,131781,81.0,36.516047,127.255946,12,세종특별시
2026-06-15T18:55:08+09:00,GBIKE,501590,60.0,36.516108,127.241699,12,세종특별시
2026-06-15T18:55:08+09:00,GBIKE,130521,80.0,36.516165,127.262261,12,세종특별시
2026-06-15T18:55:08+09:00,GBIKE,130648,63.0,36.516264,127.262288,12,세종특별시
2026-06-15T18:55:08+09:00,GBIKE,131562,82.0,36.516281,127.262302,12,세종특별시
2026-06-15T18:55:08+09:00,GBIKE,131209,80.0,36.51635,127.259282,12,세종특별시
2026-06-15T18:55:08+09:00,GBIKE,130056,49.0,36.516357,127.262397,12,세종특별시
2026-06-15T18:55:08+09:00,GBIKE,501249,44.0,36.516399,127.241469,12,세종특별시
2026-06-15T18:55:08+09:00,GBIKE,130719,77.0,36.516405,127.241455,12,세종특별시
2026-06-15T18:55:08+09:00,GBIKE,501343,76.0,36.516406,127.241461,12,세종특별시
2026-06-15T18:55:08+09:00,GBIKE,130722,72.0,36.516407,127.241438,12,세종특별시
2026-06-15T18:55:08+09:00,GBIKE,131697,64.0,36.516436,127.241413,12,세종특별시
2026-06-15T18:55:08+09:00,GBIKE,501594,64.0,36.516442,127.24451,12,세종특별시
2026-06-15T18:55:08+09:00,GBIKE,131161,43.0,36.516446,127.24144,12,세종특별시
2026-06-15T18:55:08+09:00,GBIKE,130623,63.0,36.516448,127.241462,12,세종특별시
2026-06-15T18:55:08+09:00,GBIKE,130947,53.0,36.516459,127.241456,12,세종특별시
2026-06-15T18:55:08+09:00,GBIKE,131882,100.0,36.516471,127.241456,12,세종특별시
2026-06-15T18:55:08+09:00,GBIKE,130718,45.0,36.516484,127.24144,12,세종특별시
2026-06-15T18:55:08+09:00,GBIKE,131077,75.0,36.516494,127.241445,12,세종특별시
2026-06-15T18:55:08+09:00,GBIKE,501327,78.0,36.516524,127.255758,12,세종특별시
2026-06-15T18:55:08+09:00,GBIKE,130827,51.0,36.51671,127.259109,12,세종특별시
2026-06-15T18:55:08+09:00,GBIKE,131769,93.0,36.516777,127.265238,12,세종특별시
2026-06-15T18:55:08+09:00,GBIKE,130939,73.0,36.516933,127.259202,12,세종특별시
2026-06-15T18:55:08+09:00,GBIKE,130424,74.0,36.516948,127.239327,12,세종특별시
2026-06-15T18:55:08+09:00,GBIKE,131292,77.0,36.516974,127.259285,12,세종특별시
2026-06-15T18:55:08+09:00,GBIKE,131892,40.0,36.517009,127.245363,12,세종특별시
2026-06-15T18:55:08+09:00,GBIKE,501448,82.0,36.517148,127.241574,12,세종특별시
2026-06-15T18:55:08+09:00,GBIKE,131320,36.0,36.517183,127.262496,12,세종특별시
2026-06-15T18:55:08+09:00,GBIKE,131508,83.0,36.51725,127.264718,12,세종특별시
2026-06-15T18:55:08+09:00,GBIKE,130688,90.0,36.51733,127.245726,12,세종특별시
2026-06-15T18:55:08+09:00,GBIKE,130198,92.0,36.517373,127.257575,12,세종특별시
2026-06-15T18:55:08+09:00,GBIKE,131618,81.0,36.517377,127.258684,12,세종특별시
2026-06-15T18:55:08+09:00,GBIKE,358231,30.0,36.51742,127.23707,12,세종특별시
2026-06-15T18:55:08+09:00,GBIKE,131931,62.0,36.517496,127.264585,12,세종특별시
2026-06-15T18:55:08+09:00,GBIKE,130246,47.0,36.517519,127.256299,12,세종특별시
2026-06-15T18:55:08+09:00,GBIKE,131711,85.0,36.517544,127.264913,12,세종특별시
2026-06-15T18:55:08+09:00,GBIKE,130495,68.0,36.51755,127.243457,12,세종특별시
2026-06-15T18:55:08+09:00,GBIKE,130432,93.0,36.517678,127.241983,12,세종특별시
2026-06-15T18:55:08+09:00,GBIKE,131658,98.0,36.517724,127.259263,12,세종특별시
2026-06-15T18:55:08+09:00,GBIKE,131392,41.0,36.517754,127.241381,12,세종특별시
2026-06-15T18:55:08+09:00,GBIKE,131116,80.0,36.517782,127.236981,12,세종특별시
2026-06-15T18:55:08+09:00,GBIKE,501120,92.0,36.517881,127.261949,12,세종특별시
2026-06-15T18:55:08+09:00,GBIKE,131912,95.0,36.517899,127.261576,12,세종특별시
2026-06-15T18:55:08+09:00,GBIKE,130490,43.0,36.51791,127.241328,12,세종특별시
2026-06-15T18:55:08+09:00,GBIKE,131036,46.0,36.517911,127.234639,12,세종특별시
2026-06-15T18:55:08+09:00,GBIKE,131181,95.0,36.517948,127.232477,12,세종특별시
2026-06-15T18:55:08+09:00,GBIKE,501505,85.0,36.51805,127.252018,12,세종특별시
2026-06-15T18:55:08+09:00,GBIKE,131554,95.0,36.518055,127.252001,12,세종특별시
2026-06-15T18:55:08+09:00,GBIKE,131576,95.0,36.518069,127.251991,12,세종특별시
2026-06-15T18:55:08+09:00,GBIKE,130231,73.0,36.518079,127.252305,12,세종특별시
2026-06-15T18:55:08+09:00,GBIKE,131152,95.0,36.518105,127.252323,12,세종특별시
2026-06-15T18:55:08+09:00,GBIKE,130275,98.0,36.518112,127.252335,12,세종특별시
2026-06-15T18:55:08+09:00,GBIKE,131105,94.0,36.518119,127.233863,12,세종특별시
2026-06-15T18:55:08+09:00,GBIKE,131124,58.0,36.518128,127.234565,12,세종특별시
2026-06-15T18:55:08+09:00,GBIKE,130104,98.0,36.518143,127.252022,12,세종특별시
2026-06-15T18:55:08+09:00,GBIKE,131987,91.0,36.518143,127.234904,12,세종특별시
2026-06-15T18:55:08+09:00,GBIKE,131720,63.0,36.518153,127.252326,12,세종특별시
2026-06-15T18:55:08+09:00,GBIKE,131996,46.0,36.518161,127.232733,12,세종특별시
2026-06-15T18:55:08+09:00,GBIKE,130466,90.0,36.518223,127.263576,12,세종특별시
2026-06-15T18:55:08+09:00,GBIKE,131294,96.0,36.518269,127.263221,12,세종특별시
2026-06-15T18:55:08+09:00,GBIKE,131740,63.0,36.518393,127.263795,12,세종특별시
2026-06-15T18:55:08+09:00,GBIKE,130911,60.0,36.518432,127.261985,12,세종특별시
2026-06-15T18:55:08+09:00,GBIKE,130416,100.0,36.518448,127.232636,12,세종특별시
2026-06-15T18:55:08+09:00,GBIKE,131151,92.0,36.518585,127.235117,12,세종특별시
2026-06-15T18:55:08+09:00,GBIKE,131671,31.0,36.518585,127.234712,12,세종특별시
2026-06-15T18:55:08+09:00,GBIKE,131862,65.0,36.518624,127.246332,12,세종특별시
2026-06-15T18:55:08+09:00,GBIKE,131142,64.0,36.518671,127.252523,12,세종특별시
2026-06-15T18:55:08+09:00,GBIKE,130189,91.0,36.518737,127.247454,12,세종특별시
2026-06-15T18:55:08+09:00,GBIKE,130536,100.0,36.518747,127.233757,12,세종특별시
2026-06-15T18:55:08+09:00,GBIKE,358227,99.0,36.518761,127.245071,12,세종특별시
2026-06-15T18:55:08+09:00,GBIKE,501432,83.0,36.518769,127.234763,12,세종특별시
2026-06-15T18:55:08+09:00,GBIKE,131928,68.0,36.518778,127.235574,12,세종특별시
2026-06-15T18:55:08+09:00,GBIKE,130563,69.0,36.518788,127.239191,12,세종특별시
2026-06-15T18:55:08+09:00,GBIKE,131693,50.0,36.518797,127.235544,12,세종특별시
2026-06-15T18:55:08+09:00,GBIKE,131940,94.0,36.518826,127.235682,12,세종특별시
2026-06-15T18:55:08+09:00,GBIKE,130493,71.0,36.518842,127.235517,12,세종특별시
2026-06-15T18:55:08+09:00,GBIKE,130938,46.0,36.518866,127.235557,12,세종특별시
2026-06-15T18:55:08+09:00,GBIKE,130277,52.0,36.518877,127.235548,12,세종특별시
2026-06-15T18:55:08+09:00,GBIKE,131190,58.0,36.518881,127.235752,12,세종특별시
2026-06-15T18:55:08+09:00,GBIKE,130185,92.0,36.5189,127.232977,12,세종특별시
2026-06-15T18:55:08+09:00,GBIKE,131112,71.0,36.518902,127.245879,12,세종특별시
2026-06-15T18:55:08+09:00,GBIKE,130628,42.0,36.518907,127.245832,12,세종특별시
2026-06-15T18:55:08+09:00,GBIKE,131744,72.0,36.518909,127.235856,12,세종특별시
2026-06-15T18:55:08+09:00,GBIKE,131540,46.0,36.518947,127.235608,12,세종특별시
2026-06-15T18:55:08+09:00,GBIKE,501158,83.0,36.518976,127.246563,12,세종특별시
2026-06-15T18:55:08+09:00,GBIKE,131729,95.0,36.518985,127.252558,12,세종특별시
2026-06-15T18:55:08+09:00,GBIKE,130912,96.0,36.519111,127.251084,12,세종특별시
2026-06-15T18:55:08+09:00,GBIKE,131613,58.0,36.519119,127.249234,12,세종특별시
2026-06-15T18:55:08+09:00,GBIKE,130839,44.0,36.519137,127.236031,12,세종특별시
2026-06-15T18:55:08+09:00,GBIKE,131495,95.0,36.519191,127.236279,12,세종특별시
2026-06-15T18:55:08+09:00,GBIKE,130888,67.0,36.51921,127.248549,12,세종특별시
2026-06-15T18:55:08+09:00,GBIKE,131449,94.0,36.519215,127.236205,12,세종특별시
2026-06-15T18:55:08+09:00,GBIKE,131763,88.0,36.519216,127.236269,12,세종특별시
2026-06-15T18:55:08+09:00,GBIKE,130892,64.0,36.519258,127.251344,12,세종특별시
2026-06-15T18:55:08+09:00,GBIKE,130812,70.0,36.51926,127.249764,12,세종특별시
2026-06-15T18:55:08+09:00,GBIKE,131013,67.0,36.519272,127.234294,12,세종특별시
2026-06-15T18:55:08+09:00,GBIKE,501531,84.0,36.519285,127.23451,12,세종특별시
2026-06-15T18:55:08+09:00,GBIKE,130387,51.0,36.519298,127.249657,12,세종특별시
2026-06-15T18:55:08+09:00,GBIKE,130283,96.0,36.519303,127.248654,12,세종특별시
2026-06-15T18:55:08+09:00,GBIKE,130322,65.0,36.519315,127.23428,12,세종특별시
2026-06-15T18:55:08+09:00,GBIKE,130088,99.0,36.519322,127.252555,12,세종특별시
2026-06-15T18:55:08+09:00,GBIKE,131478,57.0,36.519369,127.252221,12,세종특별시
2026-06-15T18:55:08+09:00,GBIKE,130197,59.0,36.51937,127.254399,12,세종특별시
2026-06-15T18:55:08+09:00,GBIKE,130602,65.0,36.519418,127.252808,12,세종특별시
2026-06-15T18:55:08+09:00,GBIKE,130950,95.0,36.519421,127.253098,12,세종특별시
2026-06-15T18:55:08+09:00,GBIKE,131821,78.0,36.519433,127.235263,12,세종특별시
2026-06-15T18:55:08+09:00,GBIKE,131477,80.0,36.519446,127.252273,12,세종특별시
2026-06-15T18:55:08+09:00,GBIKE,130265,59.0,36.519472,127.252881,12,세종특별시
2026-06-15T18:55:08+09:00,GBIKE,130385,57.0,36.519635,127.234076,12,세종특별시
2026-06-15T18:55:08+09:00,GBIKE,501162,57.0,36.519658,127.234298,12,세종특별시
2026-06-15T18:55:08+09:00,GBIKE,130804,47.0,36.519673,127.235573,12,세종특별시
2026-06-15T18:55:08+09:00,GBIKE,501435,59.0,36.519678,127.234037,12,세종특별시
2026-06-15T18:55:08+09:00,GBIKE,131344,52.0,36.519721,127.235203,12,세종특별시
2026-06-15T18:55:08+09:00,GBIKE,130292,96.0,36.519748,127.23518,12,세종특별시
2026-06-15T18:55:08+09:00,GBIKE,130805,63.0,36.519752,127.235452,12,세종특별시
2026-06-15T18:55:08+09:00,GBIKE,131128,60.0,36.519905,127.236808,12,세종특별시
2026-06-15T18:55:08+09:00,GBIKE,130858,87.0,36.519934,127.236242,12,세종특별시
2026-06-15T18:55:08+09:00,GBIKE,131685,47.0,36.51994,127.236209,12,세종특별시
2026-06-15T18:55:08+09:00,GBIKE,131193,94.0,36.519961,127.23622,12,세종특별시
2026-06-15T18:55:08+09:00,GBIKE,130101,96.0,36.51998,127.240344,12,세종특별시
2026-06-15T18:55:08+09:00,GBIKE,130869,84.0,36.520051,127.236943,12,세종특별시
2026-06-15T18:55:08+09:00,GBIKE,130542,95.0,36.520141,127.235825,12,세종특별시
2026-06-15T18:55:08+09:00,GBIKE,130077,90.0,36.520171,127.236496,12,세종특별시
2026-06-15T18:55:08+09:00,GBIKE,501287,50.0,36.520245,127.23545,12,세종특별시
2026-06-15T18:55:08+09:00,GBIKE,501256,68.0,36.520321,127.25226,12,세종특별시
2026-06-15T18:55:08+09:00,GBIKE,131012,45.0,36.520351,127.236455,12,세종특별시
2026-06-15T18:55:08+09:00,GBIKE,130193,86.0,36.520836,127.247111,12,세종특별시
2026-06-15T18:55:08+09:00,GBIKE,501134,58.0,36.521068,127.262173,12,세종특별시
2026-06-15T18:55:08+09:00,GBIKE,501143,94.0,36.521087,127.262143,12,세종특별시
2026-06-15T18:55:08+09:00,GBIKE,501358,46.0,36.521101,127.262139,12,세종특별시
2026-06-15T18:55:08+09:00,GBIKE,130340,93.0,36.521102,127.233168,12,세종특별시
2026-06-15T18:55:08+09:00,GBIKE,501385,53.0,36.521449,127.251332,12,세종특별시
2026-06-15T18:55:08+09:00,GBIKE,130465,95.0,36.52148,127.232848,12,세종특별시
2026-06-15T18:55:08+09:00,GBIKE,501398,46.0,36.521535,127.247889,12,세종특별시
2026-06-15T18:55:08+09:00,GBIKE,131722,86.0,36.521547,127.233739,12,세종특별시
2026-06-15T18:55:08+09:00,GBIKE,130470,100.0,36.521679,127.233303,12,세종특별시
2026-06-15T18:55:08+09:00,GBIKE,131328,75.0,36.521709,127.23337,12,세종특별시
2026-06-15T18:55:08+09:00,GBIKE,131850,51.0,36.521712,127.23337,12,세종특별시
2026-06-15T18:55:08+09:00,GBIKE,131229,39.0,36.521717,127.233367,12,세종특별시
2026-06-15T18:55:08+09:00,GBIKE,130357,30.0,36.521724,127.233397,12,세종특별시
2026-06-15T18:55:08+09:00,GBIKE,130111,54.0,36.521778,127.233353,12,세종특별시
2026-06-15T18:55:08+09:00,GBIKE,130828,87.0,36.521788,127.234068,12,세종특별시
2026-06-15T18:55:08+09:00,GBIKE,131621,76.0,36.52186,127.23418,12,세종특별시
2026-06-15T18:55:08+09:00,GBIKE,130767,47.0,36.521876,127.234252,12,세종특별시
2026-06-15T18:55:08+09:00,GBIKE,130401,63.0,36.521893,127.234288,12,세종특별시
2026-06-15T18:55:08+09:00,GBIKE,130464,99.0,36.521911,127.234154,12,세종특별시
2026-06-15T18:55:08+09:00,GBIKE,130575,83.0,36.521921,127.234322,12,세종특별시
2026-06-15T18:55:08+09:00,GBIKE,501254,63.0,36.521933,127.234411,12,세종특별시
2026-06-15T18:55:08+09:00,GBIKE,130962,52.0,36.52195,127.234496,12,세종특별시
2026-06-15T18:55:08+09:00,GBIKE,501589,49.0,36.521977,127.234473,12,세종특별시
2026-06-15T18:55:08+09:00,GBIKE,131914,88.0,36.521988,127.249233,12,세종특별시
2026-06-15T18:55:08+09:00,GBIKE,130061,54.0,36.521994,127.248946,12,세종특별시
2026-06-15T18:55:08+09:00,GBIKE,130656,98.0,36.522071,127.234201,12,세종특별시
2026-06-15T18:55:08+09:00,GBIKE,131662,74.0,36.522161,127.23419,12,세종특별시
2026-06-15T18:55:08+09:00,GBIKE,130520,47.0,36.522167,127.234236,12,세종특별시
2026-06-15T18:55:08+09:00,GBIKE,130983,55.0,36.522184,127.234308,12,세종특별시
2026-06-15T18:55:08+09:00,GBIKE,131860,58.0,36.522199,127.234264,12,세종특별시
2026-06-15T18:55:08+09:00,GBIKE,131771,37.0,36.522317,127.234552,12,세종특별시
2026-06-15T18:55:08+09:00,GBIKE,130894,52.0,36.52234,127.234565,12,세종특별시
2026-06-15T18:55:08+09:00,GBIKE,130114,72.0,36.522349,127.232323,12,세종특별시
2026-06-15T18:55:08+09:00,GBIKE,131852,54.0,36.522363,127.23455,12,세종특별시
2026-06-15T18:55:08+09:00,GBIKE,131189,100.0,36.522415,127.235149,12,세종특별시
2026-06-15T18:55:08+09:00,GBIKE,501454,90.0,36.522441,127.232539,12,세종특별시
2026-06-15T18:55:08+09:00,GBIKE,131316,80.0,36.522517,127.232273,12,세종특별시
2026-06-15T18:55:08+09:00,GBIKE,131156,46.0,36.522571,127.232357,12,세종특별시
2026-06-15T18:55:08+09:00,GBIKE,130159,90.0,36.522594,127.232376,12,세종특별시
2026-06-15T18:55:08+09:00,GBIKE,131237,80.0,36.522614,127.232409,12,세종특별시
2026-06-15T18:55:08+09:00,GBIKE,130343,42.0,36.522834,127.267499,12,세종특별시
2026-06-15T18:55:08+09:00,GBIKE,130580,94.0,36.522857,127.267532,12,세종특별시
2026-06-15T18:55:08+09:00,GBIKE,501244,31.0,36.523184,127.26748,12,세종특별시
2026-06-15T18:55:08+09:00,GBIKE,131078,76.0,36.523192,127.23284,12,세종특별시
2026-06-15T18:55:08+09:00,GBIKE,501512,100.0,36.523196,127.267495,12,세종특별시
2026-06-15T18:55:08+09:00,GBIKE,501488,82.0,36.523205,127.267486,12,세종특별시
2026-06-15T18:55:08+09:00,GBIKE,131389,52.0,36.523212,127.267448,12,세종특별시
2026-06-15T18:55:08+09:00,GBIKE,131601,30.0,36.523584,127.26687,12,세종특별시
2026-06-15T18:55:08+09:00,GBIKE,131374,85.0,36.52361,127.266852,12,세종특별시
2026-06-15T18:55:08+09:00,GBIKE,130798,58.0,36.523829,127.277054,12,세종특별시
2026-06-15T18:55:08+09:00,GBIKE,131877,56.0,36.523854,127.277047,12,세종특별시
2026-06-15T18:55:08+09:00,GBIKE,130787,100.0,36.524122,127.269648,12,세종특별시
2026-06-15T18:55:08+09:00,GBIKE,131543,73.0,36.524294,127.277215,12,세종특별시
2026-06-15T18:55:08+09:00,GBIKE,131350,95.0,36.524306,127.277221,12,세종특별시
2026-06-15T18:55:08+09:00,GBIKE,130927,78.0,36.524514,127.272844,12,세종특별시
2026-06-15T18:55:08+09:00,GBIKE,130302,30.0,36.524988,127.275997,12,세종특별시
2026-06-15T18:55:08+09:00,GBIKE,501570,66.0,36.525049,127.261105,12,세종특별시
2026-06-15T18:55:08+09:00,GBIKE,131186,63.0,36.525055,127.268038,12,세종특별시
2026-06-15T18:55:08+09:00,GBIKE,131244,76.0,36.525078,127.261637,12,세종특별시
2026-06-15T18:55:08+09:00,GBIKE,131430,95.0,36.525087,127.261609,12,세종특별시
2026-06-15T18:55:08+09:00,GBIKE,131484,82.0,36.525148,127.270614,12,세종특별시
2026-06-15T18:55:08+09:00,GBIKE,131750,83.0,36.525471,127.261218,12,세종특별시
2026-06-15T18:55:08+09:00,GBIKE,130245,87.0,36.525838,127.271419,12,세종특별시
2026-06-15T18:55:08+09:00,GBIKE,131213,30.0,36.526456,127.256538,12,세종특별시
2026-06-15T18:55:08+09:00,GBIKE,131723,95.0,36.526943,127.256978,12,세종특별시
2026-06-15T18:55:08+09:00,GBIKE,501316,35.0,36.527029,127.271025,12,세종특별시
2026-06-15T18:55:08+09:00,GBIKE,130582,37.0,36.527043,127.263382,12,세종특별시
2026-06-15T18:55:08+09:00,GBIKE,131730,33.0,36.527085,127.269657,12,세종특별시
2026-06-15T18:55:08+09:00,GBIKE,130307,30.0,36.527097,127.263611,12,세종특별시
2026-06-15T18:55:08+09:00,GBIKE,130932,54.0,36.527321,127.249147,12,세종특별시
2026-06-15T18:55:08+09:00,GBIKE,131641,58.0,36.527725,127.27037,12,세종특별시
2026-06-15T18:55:08+09:00,GBIKE,130753,38.0,36.527769,127.264259,12,세종특별시
2026-06-15T18:55:08+09:00,GBIKE,131010,97.0,36.52819,127.262489,12,세종특별시
2026-06-15T18:55:08+09:00,GBIKE,130999,90.0,36.528347,127.248366,12,세종특별시
2026-06-15T18:55:08+09:00,GBIKE,130142,84.0,36.528753,127.256978,12,세종특별시
2026-06-15T18:55:08+09:00,GBIKE,130118,92.0,36.528906,127.265271,12,세종특별시
2026-06-15T18:55:08+09:00,GBIKE,501281,100.0,36.528951,127.263918,12,세종특별시
2026-06-15T18:55:08+09:00,GBIKE,131281,55.0,36.529105,127.257914,12,세종특별시
2026-06-15T18:55:08+09:00,GBIKE,130207,86.0,36.529217,127.261109,12,세종특별시
2026-06-15T18:55:08+09:00,GBIKE,131394,32.0,36.529251,127.264307,12,세종특별시
2026-06-15T18:55:08+09:00,GBIKE,501146,54.0,36.529276,127.265919,12,세종특별시
2026-06-15T18:55:08+09:00,GBIKE,131021,45.0,36.529287,127.260386,12,세종특별시
2026-06-15T18:55:08+09:00,GBIKE,131655,60.0,36.529287,127.264229,12,세종특별시
2026-06-15T18:55:08+09:00,GBIKE,130802,53.0,36.529299,127.261524,12,세종특별시
2026-06-15T18:55:08+09:00,GBIKE,131073,55.0,36.529342,127.264782,12,세종특별시
2026-06-15T18:55:08+09:00,GBIKE,130810,32.0,36.529354,127.264282,12,세종특별시
2026-06-15T18:55:08+09:00,GBIKE,131733,30.0,36.529366,127.266331,12,세종특별시
2026-06-15T18:55:08+09:00,GBIKE,131291,32.0,36.529485,127.264392,12,세종특별시
2026-06-15T18:55:08+09:00,GBIKE,501330,73.0,36.529485,127.26444,12,세종특별시
2026-06-15T18:55:08+09:00,GBIKE,131383,31.0,36.529491,127.264408,12,세종특별시
2026-06-15T18:55:08+09:00,GBIKE,130900,42.0,36.529515,127.264498,12,세종특별시
2026-06-15T18:55:08+09:00,GBIKE,501326,59.0,36.529581,127.26786,12,세종특별시
2026-06-15T18:55:08+09:00,GBIKE,130803,38.0,36.529736,127.255154,12,세종특별시
2026-06-15T18:55:08+09:00,GBIKE,130764,65.0,36.529775,127.254995,12,세종특별시
2026-06-15T18:55:08+09:00,GBIKE,131633,60.0,36.529781,127.254967,12,세종특별시
2026-06-15T18:55:08+09:00,GBIKE,130317,33.0,36.529784,127.254931,12,세종특별시
2026-06-15T18:55:08+09:00,GBIKE,131179,100.0,36.529797,127.254927,12,세종특별시
2026-06-15T18:55:08+09:00,GBIKE,131158,90.0,36.529802,127.254899,12,세종특별시
2026-06-15T18:55:08+09:00,GBIKE,131553,30.0,36.529812,127.254928,12,세종특별시
2026-06-15T18:55:08+09:00,GBIKE,131252,43.0,36.529822,127.256208,12,세종특별시
2026-06-15T18:55:08+09:00,GBIKE,501550,30.0,36.52984,127.264845,12,세종특별시
2026-06-15T18:55:08+09:00,GBIKE,131170,41.0,36.529875,127.265457,12,세종특별시
2026-06-15T18:55:08+09:00,GBIKE,130806,68.0,36.530104,127.258814,12,세종특별시
2026-06-15T18:55:08+09:00,GBIKE,130499,42.0,36.530158,127.267369,12,세종특별시
2026-06-15T18:55:08+09:00,GBIKE,131649,87.0,36.530177,127.264986,12,세종특별시
2026-06-15T18:55:08+09:00,GBIKE,131608,91.0,36.530186,127.258674,12,세종특별시
2026-06-15T18:55:08+09:00,GBIKE,130949,34.0,36.530196,127.265075,12,세종특별시
2026-06-15T18:55:08+09:00,GBIKE,131939,32.0,36.530227,127.258899,12,세종특별시
2026-06-15T18:55:08+09:00,GBIKE,501250,75.0,36.530299,127.258623,12,세종특별시
2026-06-15T18:55:08+09:00,GBIKE,131104,32.0,36.530355,127.265144,12,세종특별시
2026-06-15T18:55:08+09:00,GBIKE,501474,96.0,36.530439,127.266894,12,세종특별시
2026-06-15T18:55:08+09:00,GBIKE,501156,36.0,36.530493,127.254975,12,세종특별시
2026-06-15T18:55:08+09:00,GBIKE,501526,93.0,36.530506,127.268578,12,세종특별시
2026-06-15T18:55:08+09:00,GBIKE,131676,36.0,36.530537,127.26686,12,세종특별시
2026-06-15T18:55:08+09:00,GBIKE,130187,71.0,36.530552,127.253872,12,세종특별시
2026-06-15T18:55:08+09:00,GBIKE,131958,100.0,36.530698,127.258232,12,세종특별시
2026-06-15T18:55:08+09:00,GBIKE,501369,38.0,36.530704,127.254601,12,세종특별시
2026-06-15T18:55:08+09:00,GBIKE,130658,63.0,36.530736,127.254579,12,세종특별시
2026-06-15T18:55:08+09:00,GBIKE,130684,46.0,36.530758,127.262282,12,세종특별시
2026-06-15T18:55:08+09:00,GBIKE,131446,87.0,36.530847,127.262501,12,세종특별시
2026-06-15T18:55:08+09:00,GBIKE,130316,100.0,36.530889,127.253048,12,세종특별시
2026-06-15T18:55:08+09:00,GBIKE,130882,94.0,36.530905,127.262501,12,세종특별시
2026-06-15T18:55:08+09:00,GBIKE,131736,51.0,36.530911,127.253074,12,세종특별시
2026-06-15T18:55:08+09:00,GBIKE,131592,62.0,36.530913,127.253094,12,세종특별시
2026-06-15T18:55:08+09:00,GBIKE,130297,40.0,36.530926,127.253552,12,세종특별시
2026-06-15T18:55:08+09:00,GBIKE,131907,31.0,36.530945,127.259345,12,세종특별시
2026-06-15T18:55:08+09:00,GBIKE,130586,36.0,36.530949,127.253546,12,세종특별시
2026-06-15T18:55:08+09:00,GBIKE,343326,35.0,36.531011,127.259373,12,세종특별시
2026-06-15T18:55:08+09:00,GBIKE,130440,61.0,36.531031,127.266206,12,세종특별시
2026-06-15T18:55:08+09:00,GBIKE,130890,68.0,36.531066,127.253578,12,세종특별시
2026-06-15T18:55:08+09:00,GBIKE,131391,73.0,36.531076,127.245839,12,세종특별시
2026-06-15T18:55:08+09:00,GBIKE,130028,38.0,36.531083,127.253641,12,세종특별시
2026-06-15T18:55:08+09:00,GBIKE,130690,69.0,36.531095,127.245813,12,세종특별시
2026-06-15T18:55:08+09:00,GBIKE,130506,45.0,36.53111,127.253976,12,세종특별시
2026-06-15T18:55:08+09:00,GBIKE,130585,32.0,36.531124,127.254075,12,세종특별시
2026-06-15T18:55:08+09:00,GBIKE,131437,72.0,36.531157,127.261789,12,세종특별시
2026-06-15T18:55:08+09:00,GBIKE,131044,100.0,36.531273,127.259459,12,세종특별시
2026-06-15T18:55:08+09:00,GBIKE,130874,67.0,36.531417,127.265563,12,세종특별시
2026-06-15T18:55:08+09:00,GBIKE,131919,76.0,36.531505,127.268243,12,세종특별시
2026-06-15T18:55:08+09:00,GBIKE,130400,86.0,36.531568,127.268284,12,세종특별시
2026-06-15T18:55:08+09:00,GBIKE,131582,55.0,36.531582,127.261838,12,세종특별시
2026-06-15T18:55:08+09:00,GBIKE,501216,83.0,36.531632,127.245253,12,세종특별시
2026-06-15T18:55:08+09:00,GBIKE,131486,62.0,36.531644,127.245201,12,세종특별시
2026-06-15T18:55:08+09:00,GBIKE,130413,95.0,36.532186,127.264365,12,세종특별시
2026-06-15T18:55:08+09:00,GBIKE,130216,58.0,36.532501,127.265433,12,세종특별시
2026-06-15T18:55:08+09:00,GBIKE,501240,30.0,36.532582,127.257046,12,세종특별시
2026-06-15T18:55:08+09:00,GBIKE,130822,54.0,36.53271,127.26499,12,세종특별시
2026-06-15T18:55:08+09:00,GBIKE,130079,30.0,36.532753,127.264983,12,세종특별시
2026-06-15T18:55:08+09:00,GBIKE,131700,100.0,36.532804,127.265311,12,세종특별시
2026-06-15T18:55:08+09:00,GBIKE,130754,53.0,36.533573,127.266126,12,세종특별시
2026-06-15T18:55:08+09:00,GBIKE,130641,68.0,36.533598,127.266203,12,세종특별시
2026-06-15T18:55:08+09:00,GBIKE,130257,33.0,36.533682,127.266235,12,세종특별시
2026-06-15T18:55:08+09:00,GBIKE,131648,43.0,36.533685,127.26683,12,세종특별시
2026-06-15T18:55:08+09:00,GBIKE,130557,76.0,36.534153,127.263927,12,세종특별시
2026-06-15T18:55:08+09:00,GBIKE,130312,41.0,36.534569,127.262621,12,세종특별시
2026-06-15T18:55:08+09:00,GBIKE,130450,66.0,36.534625,127.263337,12,세종특별시
2026-06-15T18:55:08+09:00,GBIKE,501534,100.0,36.542759,127.364738,12,세종특별시
2026-06-15T18:55:08+09:00,GBIKE,301478,50.0,36.542767,127.36581,12,세종특별시
2026-06-15T18:55:08+09:00,GBIKE,501559,100.0,36.542932,127.36435,12,세종특별시
2026-06-15T18:55:08+09:00,GBIKE,130671,39.0,36.582035,127.267715,12,세종특별시
2026-06-15T18:55:08+09:00,GBIKE,385850,30.0,36.585196,127.369438,12,세종특별시
2026-06-15T18:55:08+09:00,GBIKE,385504,61.0,36.585886,127.295251,12,세종특별시
2026-06-15T18:55:08+09:00,GBIKE,344002,35.0,36.587695,127.297221,12,세종특별시
2026-06-15T18:55:08+09:00,GBIKE,131840,60.0,36.588277,127.234817,12,세종특별시
2026-06-15T18:55:08+09:00,GBIKE,384782,62.0,36.588676,127.291876,12,세종특별시
2026-06-15T18:55:08+09:00,GBIKE,365682,39.0,36.589265,127.298868,12,세종특별시
2026-06-15T18:55:08+09:00,GBIKE,372817,36.0,36.589515,127.29172,12,세종특별시
2026-06-15T18:55:08+09:00,GBIKE,630534,33.0,36.590556,127.291661,12,세종특별시
2026-06-15T18:55:08+09:00,GBIKE,383605,31.0,36.590691,127.291495,12,세종특별시
2026-06-15T18:55:08+09:00,GBIKE,372728,45.0,36.590788,127.29147,12,세종특별시
2026-06-15T18:55:08+09:00,GBIKE,354814,33.0,36.590928,127.289155,12,세종특별시
2026-06-15T18:55:08+09:00,GBIKE,374639,30.0,36.591551,127.29188,12,세종특별시
2026-06-15T18:55:08+09:00,GBIKE,636680,48.0,36.591578,127.291506,12,세종특별시
2026-06-15T18:55:08+09:00,GBIKE,602862,85.0,36.591771,127.291615,12,세종특별시
2026-06-15T18:55:08+09:00,GBIKE,630578,36.0,36.592076,127.293834,12,세종특별시
2026-06-15T18:55:08+09:00,GBIKE,624252,40.0,36.593089,127.284819,12,세종특별시
2026-06-15T18:55:08+09:00,GBIKE,389847,67.0,36.593136,127.284773,12,세종특별시
2026-06-15T18:55:08+09:00,GBIKE,392112,48.0,36.59327,127.291715,12,세종특별시
2026-06-15T18:55:08+09:00,GBIKE,377794,50.0,36.593361,127.284676,12,세종특별시
2026-06-15T18:55:08+09:00,GBIKE,332032,30.0,36.593428,127.285651,12,세종특별시
2026-06-15T18:55:08+09:00,GBIKE,383788,30.0,36.594758,127.285415,12,세종특별시
2026-06-15T18:55:08+09:00,GBIKE,346312,32.0,36.59487,127.28817,12,세종특별시
2026-06-15T18:55:08+09:00,GBIKE,390480,92.0,36.594985,127.27958,12,세종특별시
2026-06-15T18:55:08+09:00,GBIKE,603533,87.0,36.595308,127.290107,12,세종특별시
2026-06-15T18:55:08+09:00,GBIKE,371981,30.0,36.595326,127.290863,12,세종특별시
2026-06-15T18:55:08+09:00,GBIKE,607530,37.0,36.595478,127.291181,12,세종특별시
2026-06-15T18:55:08+09:00,GBIKE,377293,49.0,36.596315,127.295245,12,세종특별시
2026-06-15T18:55:08+09:00,GBIKE,384350,33.0,36.596916,127.300061,12,세종특별시
2026-06-15T18:55:08+09:00,GBIKE,613103,43.0,36.596964,127.30177,12,세종특별시
2026-06-15T18:55:08+09:00,GBIKE,617731,39.0,36.597544,127.301741,12,세종특별시
2026-06-15T18:55:08+09:00,GBIKE,380931,50.0,36.598976,127.296761,12,세종특별시
2026-06-15T18:55:08+09:00,GBIKE,368846,39.0,36.599495,127.29979,12,세종특별시
2026-06-15T18:55:08+09:00,GBIKE,637500,49.0,36.599627,127.295357,12,세종특별시
2026-06-15T18:55:08+09:00,GBIKE,614001,36.0,36.599921,127.298397,12,세종특별시
2026-06-15T18:55:08+09:00,GBIKE,377732,87.0,36.60014,127.301511,12,세종특별시
2026-06-15T18:55:08+09:00,GBIKE,367806,69.0,36.60032,127.29523,12,세종특별시
2026-06-15T18:55:08+09:00,GBIKE,390746,41.0,36.600343,127.3008,12,세종특별시
2026-06-15T18:55:08+09:00,GBIKE,382545,46.0,36.600483,127.301911,12,세종특별시
2026-06-15T18:55:08+09:00,GBIKE,620595,93.0,36.60053,127.301249,12,세종특별시
2026-06-15T18:55:08+09:00,GBIKE,371887,71.0,36.600851,127.295216,12,세종특별시
2026-06-15T18:55:08+09:00,GBIKE,616296,67.0,36.600905,127.295202,12,세종특별시
2026-06-15T18:55:08+09:00,GBIKE,367251,55.0,36.600915,127.303825,12,세종특별시
2026-06-15T18:55:08+09:00,GBIKE,624058,90.0,36.600995,127.295126,12,세종특별시
2026-06-15T18:55:08+09:00,GBIKE,375444,50.0,36.601028,127.29503,12,세종특별시
2026-06-15T18:55:08+09:00,GBIKE,622703,45.0,36.601031,127.294845,12,세종특별시
2026-06-15T18:55:08+09:00,GBIKE,383557,46.0,36.601645,127.295031,12,세종특별시
2026-06-15T18:55:08+09:00,GBIKE,636622,89.0,36.60172,127.303358,12,세종특별시
2026-06-15T18:55:08+09:00,GBIKE,384300,50.0,36.601773,127.303378,12,세종특별시
2026-06-15T18:55:08+09:00,GBIKE,367059,53.0,36.601883,127.280045,12,세종특별시
2026-06-15T18:55:08+09:00,GBIKE,365775,37.0,36.601926,127.294901,12,세종특별시
2026-06-15T18:55:08+09:00,GBIKE,345485,30.0,36.601953,127.294798,12,세종특별시
2026-06-15T18:55:08+09:00,GBIKE,630971,44.0,36.601965,127.295014,12,세종특별시
2026-06-15T18:55:08+09:00,GBIKE,367874,73.0,36.601978,127.290595,12,세종특별시
2026-06-15T18:55:08+09:00,GBIKE,376304,36.0,36.602011,127.28376,12,세종특별시
2026-06-15T18:55:08+09:00,GBIKE,373224,67.0,36.60202,127.290093,12,세종특별시
2026-06-15T18:55:08+09:00,GBIKE,383706,31.0,36.602133,127.294841,12,세종특별시
2026-06-15T18:55:08+09:00,GBIKE,379183,93.0,36.602331,127.279988,12,세종특별시
2026-06-15T18:55:08+09:00,GBIKE,368833,84.0,36.602338,127.281918,12,세종특별시
2026-06-15T18:55:08+09:00,GBIKE,347574,55.0,36.602485,127.294848,12,세종특별시
2026-06-15T18:55:08+09:00,GBIKE,388650,100.0,36.602585,127.303388,12,세종특별시
2026-06-15T18:55:08+09:00,GBIKE,388764,59.0,36.60259,127.289756,12,세종특별시
2026-06-15T18:55:08+09:00,GBIKE,365321,37.0,36.602686,127.290405,12,세종특별시
2026-06-15T18:55:08+09:00,GBIKE,383739,86.0,36.60275,127.294615,12,세종특별시
2026-06-15T18:55:08+09:00,GBIKE,370326,80.0,36.602826,127.291335,12,세종특별시
2026-06-15T18:55:08+09:00,GBIKE,381658,82.0,36.602873,127.291343,12,세종특별시
2026-06-15T18:55:08+09:00,GBIKE,367389,61.0,36.602951,127.282255,12,세종특별시
2026-06-15T18:55:08+09:00,GBIKE,383734,55.0,36.602956,127.279865,12,세종특별시
2026-06-15T18:55:08+09:00,GBIKE,351964,35.0,36.603023,127.289603,12,세종특별시
2026-06-15T18:55:08+09:00,GBIKE,614604,84.0,36.603062,127.289978,12,세종특별시
2026-06-15T18:55:08+09:00,GBIKE,635165,30.0,36.603229,127.282075,12,세종특별시
2026-06-15T18:55:08+09:00,GBIKE,386357,46.0,36.603378,127.294561,12,세종특별시
2026-06-15T18:55:08+09:00,GBIKE,628466,34.0,36.603394,127.304844,12,세종특별시
2026-06-15T18:55:08+09:00,GBIKE,628141,39.0,36.603444,127.289582,12,세종특별시
2026-06-15T18:55:08+09:00,GBIKE,385640,76.0,36.603505,127.289581,12,세종특별시
2026-06-15T18:55:08+09:00,GBIKE,623385,94.0,36.603615,127.293166,12,세종특별시
2026-06-15T18:55:08+09:00,GBIKE,385510,47.0,36.603698,127.28954,12,세종특별시
2026-06-15T18:55:08+09:00,GBIKE,381932,34.0,36.603706,127.28954,12,세종특별시
2026-06-15T18:55:08+09:00,GBIKE,610809,78.0,36.60377,127.296428,12,세종특별시
2026-06-15T18:55:08+09:00,GBIKE,376390,36.0,36.603828,127.29735,12,세종특별시
2026-06-15T18:55:08+09:00,GBIKE,635969,67.0,36.603844,127.297523,12,세종특별시
2026-06-15T18:55:08+09:00,GBIKE,375093,47.0,36.603878,127.292231,12,세종특별시
2026-06-15T18:55:08+09:00,GBIKE,377781,98.0,36.60389,127.297235,12,세종특별시
2026-06-15T18:55:08+09:00,GBIKE,609454,85.0,36.604081,127.29301,12,세종특별시
2026-06-15T18:55:08+09:00,GBIKE,382588,42.0,36.604151,127.292058,12,세종특별시
2026-06-15T18:55:08+09:00,GBIKE,386474,37.0,36.60421,127.300825,12,세종특별시
2026-06-15T18:55:08+09:00,GBIKE,362576,51.0,36.60423,127.300156,12,세종특별시
2026-06-15T18:55:08+09:00,GBIKE,384358,41.0,36.604251,127.300728,12,세종특별시
2026-06-15T18:55:08+09:00,GBIKE,387871,92.0,36.604258,127.300821,12,세종특별시
2026-06-15T18:55:08+09:00,GBIKE,631743,46.0,36.604284,127.290565,12,세종특별시
2026-06-15T18:55:08+09:00,GBIKE,374614,92.0,36.604291,127.29702,12,세종특별시
2026-06-15T18:55:08+09:00,GBIKE,617959,31.0,36.604346,127.292557,12,세종특별시
2026-06-15T18:55:08+09:00,GBIKE,611872,60.0,36.604357,127.291096,12,세종특별시
2026-06-15T18:55:08+09:00,GBIKE,382652,49.0,36.604388,127.300781,12,세종특별시
2026-06-15T18:55:08+09:00,GBIKE,388893,94.0,36.604403,127.300788,12,세종특별시
2026-06-15T18:55:08+09:00,GBIKE,382436,82.0,36.604525,127.292495,12,세종특별시
2026-06-15T18:55:08+09:00,GBIKE,637354,89.0,36.604562,127.292585,12,세종특별시
2026-06-15T18:55:08+09:00,GBIKE,369480,90.0,36.604595,127.29248,12,세종특별시
2026-06-15T18:55:08+09:00,GBIKE,352300,78.0,36.60471,127.300671,12,세종특별시
2026-06-15T18:55:08+09:00,GBIKE,626567,44.0,36.604807,127.290874,12,세종특별시
2026-06-15T18:55:08+09:00,GBIKE,613735,66.0,36.604864,127.292782,12,세종특별시
2026-06-15T18:55:08+09:00,GBIKE,607950,82.0,36.604886,127.29246,12,세종특별시
2026-06-15T18:55:08+09:00,GBIKE,612261,62.0,36.60492,127.297875,12,세종특별시
2026-06-15T18:55:08+09:00,GBIKE,629532,30.0,36.604938,127.287893,12,세종특별시
2026-06-15T18:55:08+09:00,GBIKE,637872,47.0,36.605039,127.289978,12,세종특별시
2026-06-15T18:55:08+09:00,GBIKE,633367,90.0,36.605102,127.289948,12,세종특별시
2026-06-15T18:55:08+09:00,GBIKE,610792,87.0,36.605131,127.300547,12,세종특별시
2026-06-15T18:55:08+09:00,GBIKE,373521,80.0,36.60514,127.297938,12,세종특별시
2026-06-15T18:55:08+09:00,GBIKE,378077,86.0,36.605145,127.290446,12,세종특별시
2026-06-15T18:55:08+09:00,GBIKE,381375,92.0,36.605318,127.297415,12,세종특별시
2026-06-15T18:55:08+09:00,GBIKE,385508,86.0,36.605336,127.292276,12,세종특별시
2026-06-15T18:55:08+09:00,GBIKE,618647,49.0,36.60541,127.292809,12,세종특별시
2026-06-15T18:55:08+09:00,GBIKE,368537,49.0,36.605621,127.292765,12,세종특별시
2026-06-15T18:55:08+09:00,GBIKE,383781,30.0,36.60563,127.300511,12,세종특별시
2026-06-15T18:55:08+09:00,GBIKE,620391,89.0,36.605719,127.294068,12,세종특별시
2026-06-15T18:55:08+09:00,GBIKE,387673,100.0,36.60572,127.294081,12,세종특별시
2026-06-15T18:55:08+09:00,GBIKE,630536,48.0,36.605725,127.28204,12,세종특별시
2026-06-15T18:55:08+09:00,GBIKE,383778,34.0,36.605735,127.289481,12,세종특별시
2026-06-15T18:55:08+09:00,GBIKE,383599,46.0,36.605738,127.292418,12,세종특별시
2026-06-15T18:55:08+09:00,GBIKE,374321,61.0,36.605901,127.292186,12,세종특별시
2026-06-15T18:55:08+09:00,GBIKE,384302,57.0,36.606028,127.277433,12,세종특별시
2026-06-15T18:55:08+09:00,GBIKE,362212,49.0,36.606031,127.289641,12,세종특별시
2026-06-15T18:55:08+09:00,GBIKE,384342,50.0,36.606113,127.293325,12,세종특별시
2026-06-15T18:55:08+09:00,GBIKE,629818,53.0,36.606127,127.293577,12,세종특별시
2026-06-15T18:55:08+09:00,GBIKE,377296,30.0,36.60615,127.287011,12,세종특별시
2026-06-15T18:55:08+09:00,GBIKE,391985,86.0,36.606243,127.293175,12,세종특별시
2026-06-15T18:55:08+09:00,GBIKE,390748,78.0,36.606281,127.286728,12,세종특별시
2026-06-15T18:55:08+09:00,GBIKE,624662,87.0,36.606281,127.289047,12,세종특별시
2026-06-15T18:55:08+09:00,GBIKE,368693,77.0,36.606321,127.293081,12,세종특별시
2026-06-15T18:55:08+09:00,GBIKE,394330,69.0,36.60638,127.294115,12,세종특별시
2026-06-15T18:55:08+09:00,GBIKE,617006,87.0,36.606614,127.298736,12,세종특별시
2026-06-15T18:55:08+09:00,GBIKE,370088,35.0,36.606655,127.299226,12,세종특별시
2026-06-15T18:55:08+09:00,GBIKE,389159,35.0,36.60676,127.29046,12,세종특별시
2026-06-15T18:55:08+09:00,GBIKE,345320,97.0,36.606783,127.29385,12,세종특별시
2026-06-15T18:55:08+09:00,GBIKE,374569,31.0,36.606853,127.293958,12,세종특별시
2026-06-15T18:55:08+09:00,GBIKE,368120,36.0,36.606946,127.292023,12,세종특별시
2026-06-15T18:55:08+09:00,GBIKE,384391,100.0,36.60698,127.289965,12,세종특별시
2026-06-15T18:55:08+09:00,GBIKE,388632,73.0,36.606991,127.290141,12,세종특별시
2026-06-15T18:55:08+09:00,GBIKE,369515,31.0,36.607013,127.29047,12,세종특별시
2026-06-15T18:55:08+09:00,GBIKE,368384,52.0,36.607103,127.283605,12,세종특별시
2026-06-15T18:55:08+09:00,GBIKE,639358,68.0,36.607154,127.286311,12,세종특별시
2026-06-15T18:55:08+09:00,GBIKE,619363,48.0,36.607155,127.291906,12,세종특별시
2026-06-15T18:55:08+09:00,GBIKE,377098,63.0,36.607175,127.284298,12,세종특별시
2026-06-15T18:55:08+09:00,GBIKE,365795,41.0,36.607318,127.286208,12,세종특별시
2026-06-15T18:55:08+09:00,GBIKE,348952,100.0,36.607323,127.286298,12,세종특별시
2026-06-15T18:55:08+09:00,GBIKE,394908,86.0,36.607328,127.28633,12,세종특별시
2026-06-15T18:55:08+09:00,GBIKE,368132,38.0,36.607418,127.29245,12,세종특별시
2026-06-15T18:55:08+09:00,GBIKE,604672,55.0,36.60773,127.289261,12,세종특별시
2026-06-15T18:55:08+09:00,GBIKE,392267,32.0,36.607798,127.289351,12,세종특별시
2026-06-15T18:55:08+09:00,GBIKE,347359,69.0,36.607838,127.290211,12,세종특별시
2026-06-15T18:55:08+09:00,GBIKE,366495,89.0,36.607863,127.289393,12,세종특별시
2026-06-15T18:55:08+09:00,GBIKE,369487,48.0,36.60787,127.293208,12,세종특별시
2026-06-15T18:55:08+09:00,GBIKE,351622,89.0,36.607878,127.28921,12,세종특별시
2026-06-15T18:55:08+09:00,GBIKE,365501,71.0,36.607908,127.288533,12,세종특별시
2026-06-15T18:55:08+09:00,GBIKE,348243,95.0,36.608046,127.289146,12,세종특별시
2026-06-15T18:55:08+09:00,GBIKE,628775,95.0,36.608128,127.285122,12,세종특별시
2026-06-15T18:55:08+09:00,GBIKE,608840,54.0,36.608148,127.288329,12,세종특별시
2026-06-15T18:55:08+09:00,GBIKE,384361,94.0,36.608205,127.288313,12,세종특별시
2026-06-15T18:55:08+09:00,GBIKE,604011,44.0,36.608205,127.288575,12,세종특별시
2026-06-15T18:55:08+09:00,GBIKE,355960,64.0,36.608211,127.288585,12,세종특별시
2026-06-15T18:55:08+09:00,GBIKE,383612,45.0,36.608323,127.283936,12,세종특별시
2026-06-15T18:55:08+09:00,GBIKE,633047,66.0,36.60833,127.289103,12,세종특별시
2026-06-15T18:55:08+09:00,GBIKE,625545,38.0,36.608332,127.284197,12,세종특별시
2026-06-15T18:55:08+09:00,GBIKE,347727,57.0,36.608491,127.293113,12,세종특별시
2026-06-15T18:55:08+09:00,GBIKE,394153,56.0,36.608493,127.285658,12,세종특별시
2026-06-15T18:55:08+09:00,GBIKE,372002,56.0,36.608501,127.289183,12,세종특별시
2026-06-15T18:55:08+09:00,GBIKE,627925,71.0,36.608518,127.285617,12,세종특별시
2026-06-15T18:55:08+09:00,GBIKE,375487,31.0,36.60852,127.289178,12,세종특별시
2026-06-15T18:55:08+09:00,GBIKE,370374,31.0,36.608611,127.289476,12,세종특별시
2026-06-15T18:55:08+09:00,GBIKE,381468,80.0,36.608633,127.283736,12,세종특별시
2026-06-15T18:55:08+09:00,GBIKE,389216,79.0,36.608653,127.289148,12,세종특별시
2026-06-15T18:55:08+09:00,GBIKE,388389,88.0,36.608656,127.283895,12,세종특별시
2026-06-15T18:55:08+09:00,GBIKE,373770,91.0,36.608663,127.288871,12,세종특별시
2026-06-15T18:55:08+09:00,GBIKE,386032,78.0,36.608663,127.28376,12,세종특별시
2026-06-15T18:55:08+09:00,GBIKE,392829,87.0,36.608666,127.28885,12,세종특별시
2026-06-15T18:55:08+09:00,GBIKE,367752,87.0,36.608668,127.283668,12,세종특별시
2026-06-15T18:55:08+09:00,GBIKE,612853,51.0,36.608671,127.289183,12,세종특별시
2026-06-15T18:55:08+09:00,GBIKE,371895,63.0,36.608673,127.283775,12,세종특별시
2026-06-15T18:55:08+09:00,GBIKE,383197,86.0,36.608673,127.283971,12,세종특별시
2026-06-15T18:55:08+09:00,GBIKE,387829,51.0,36.608675,127.288863,12,세종특별시
2026-06-15T18:55:08+09:00,GBIKE,376030,53.0,36.60868,127.283695,12,세종특별시
2026-06-15T18:55:08+09:00,GBIKE,377780,89.0,36.60868,127.289008,12,세종특별시
2026-06-15T18:55:08+09:00,GBIKE,387860,49.0,36.60868,127.283845,12,세종특별시
2026-06-15T18:55:08+09:00,GBIKE,383531,71.0,36.608681,127.283705,12,세종특별시
2026-06-15T18:55:08+09:00,GBIKE,383321,95.0,36.608685,127.283738,12,세종특별시
2026-06-15T18:55:08+09:00,GBIKE,392507,100.0,36.608685,127.28894,12,세종특별시
2026-06-15T18:55:08+09:00,GBIKE,369813,98.0,36.608695,127.288943,12,세종특별시
2026-06-15T18:55:08+09:00,GBIKE,369437,77.0,36.6087,127.289163,12,세종특별시
2026-06-15T18:55:08+09:00,GBIKE,390838,54.0,36.608701,127.283733,12,세종특별시
2026-06-15T18:55:08+09:00,GBIKE,608280,99.0,36.608707,127.289116,12,세종특별시
2026-06-15T18:55:08+09:00,GBIKE,377735,36.0,36.608708,127.2837,12,세종특별시
2026-06-15T18:55:08+09:00,GBIKE,384392,72.0,36.608708,127.283821,12,세종특별시
2026-06-15T18:55:08+09:00,GBIKE,392076,82.0,36.608708,127.283758,12,세종특별시
2026-06-15T18:55:08+09:00,GBIKE,603062,93.0,36.608714,127.288898,12,세종특별시
2026-06-15T18:55:08+09:00,GBIKE,617603,80.0,36.608715,127.288899,12,세종특별시
2026-06-15T18:55:08+09:00,GBIKE,372626,62.0,36.608716,127.283788,12,세종특별시
2026-06-15T18:55:08+09:00,GBIKE,376044,48.0,36.608716,127.283813,12,세종특별시
2026-06-15T18:55:08+09:00,GBIKE,382510,56.0,36.608716,127.283715,12,세종특별시
2026-06-15T18:55:08+09:00,GBIKE,383553,56.0,36.608716,127.283805,12,세종특별시
2026-06-15T18:55:08+09:00,GBIKE,390771,76.0,36.608721,127.283718,12,세종특별시
2026-06-15T18:55:08+09:00,GBIKE,347346,51.0,36.608723,127.28389,12,세종특별시
2026-06-15T18:55:08+09:00,GBIKE,375376,100.0,36.608723,127.289175,12,세종특별시
2026-06-15T18:55:08+09:00,GBIKE,384555,100.0,36.608723,127.283723,12,세종특별시
2026-06-15T18:55:08+09:00,GBIKE,611309,43.0,36.608724,127.283801,12,세종특별시
2026-06-15T18:55:08+09:00,GBIKE,367411,81.0,36.608725,127.288913,12,세종특별시
2026-06-15T18:55:08+09:00,GBIKE,377611,99.0,36.608726,127.289151,12,세종특별시
2026-06-15T18:55:08+09:00,GBIKE,386463,100.0,36.608726,127.289163,12,세종특별시
2026-06-15T18:55:08+09:00,GBIKE,366505,43.0,36.608728,127.283965,12,세종특별시
2026-06-15T18:55:08+09:00,GBIKE,368100,70.0,36.608728,127.289081,12,세종특별시
2026-06-15T18:55:08+09:00,GBIKE,601083,88.0,36.60873,127.283746,12,세종특별시
2026-06-15T18:55:08+09:00,GBIKE,392394,99.0,36.608731,127.289158,12,세종특별시
2026-06-15T18:55:08+09:00,GBIKE,611134,50.0,36.608732,127.2918,12,세종특별시
2026-06-15T18:55:08+09:00,GBIKE,347317,88.0,36.608733,127.283821,12,세종특별시
2026-06-15T18:55:08+09:00,GBIKE,347357,43.0,36.608735,127.28912,12,세종특별시
2026-06-15T18:55:08+09:00,GBIKE,383566,100.0,36.608735,127.289165,12,세종특별시
2026-06-15T18:55:08+09:00,GBIKE,387855,60.0,36.608735,127.289053,12,세종특별시
2026-06-15T18:55:08+09:00,GBIKE,339870,100.0,36.608736,127.289156,12,세종특별시
2026-06-15T18:55:08+09:00,GBIKE,383623,49.0,36.608736,127.283846,12,세종특별시
2026-06-15T18:55:08+09:00,GBIKE,389105,74.0,36.60874,127.289158,12,세종특별시
2026-06-15T18:55:08+09:00,GBIKE,370217,98.0,36.608741,127.289166,12,세종특별시
2026-06-15T18:55:08+09:00,GBIKE,343439,85.0,36.608743,127.28382,12,세종특별시
2026-06-15T18:55:08+09:00,GBIKE,370121,95.0,36.608743,127.289163,12,세종특별시
2026-06-15T18:55:08+09:00,GBIKE,375524,90.0,36.608743,127.283853,12,세종특별시
2026-06-15T18:55:08+09:00,GBIKE,382570,46.0,36.608743,127.283731,12,세종특별시
2026-06-15T18:55:08+09:00,GBIKE,623340,68.0,36.608744,127.289193,12,세종특별시
2026-06-15T18:55:08+09:00,GBIKE,367103,81.0,36.608745,127.283795,12,세종특별시
2026-06-15T18:55:08+09:00,GBIKE,631081,98.0,36.608745,127.289133,12,세종특별시
2026-06-15T18:55:08+09:00,GBIKE,638316,91.0,36.608749,127.289166,12,세종특별시
2026-06-15T18:55:08+09:00,GBIKE,393158,86.0,36.60875,127.289086,12,세종특별시
2026-06-15T18:55:08+09:00,GBIKE,379855,100.0,36.608751,127.283853,12,세종특별시
2026-06-15T18:55:08+09:00,GBIKE,348558,100.0,36.608753,127.289083,12,세종특별시
2026-06-15T18:55:08+09:00,GBIKE,364370,85.0,36.608755,127.283828,12,세종특별시
2026-06-15T18:55:08+09:00,GBIKE,382936,62.0,36.608755,127.28387,12,세종특별시
2026-06-15T18:55:08+09:00,GBIKE,363877,72.0,36.608756,127.283858,12,세종특별시
2026-06-15T18:55:08+09:00,GBIKE,367058,46.0,36.608756,127.28402,12,세종특별시
2026-06-15T18:55:08+09:00,GBIKE,370368,57.0,36.608756,127.283816,12,세종특별시
2026-06-15T18:55:08+09:00,GBIKE,378828,39.0,36.608756,127.288828,12,세종특별시
2026-06-15T18:55:08+09:00,GBIKE,377483,85.0,36.608758,127.283901,12,세종특별시
2026-06-15T18:55:08+09:00,GBIKE,631829,91.0,36.608758,127.289129,12,세종특별시
2026-06-15T18:55:08+09:00,GBIKE,369472,87.0,36.608761,127.283735,12,세종특별시
2026-06-15T18:55:08+09:00,GBIKE,376034,49.0,36.608761,127.289148,12,세종특별시
2026-06-15T18:55:08+09:00,GBIKE,392296,44.0,36.608761,127.289095,12,세종특별시
2026-06-15T18:55:08+09:00,GBIKE,625542,48.0,36.608764,127.28384,12,세종특별시
2026-06-15T18:55:08+09:00,GBIKE,630894,96.0,36.608764,127.289138,12,세종특별시
2026-06-15T18:55:08+09:00,GBIKE,375391,100.0,36.608765,127.289071,12,세종특별시
2026-06-15T18:55:08+09:00,GBIKE,375058,72.0,36.608771,127.284266,12,세종특별시
2026-06-15T18:55:08+09:00,GBIKE,380917,79.0,36.608771,127.283805,12,세종특별시
2026-06-15T18:55:08+09:00,GBIKE,390703,51.0,36.608776,127.283936,12,세종특별시
2026-06-15T18:55:08+09:00,GBIKE,385514,50.0,36.60878,127.283928,12,세종특별시
2026-06-15T18:55:08+09:00,GBIKE,345843,59.0,36.608781,127.283948,12,세종특별시
2026-06-15T18:55:08+09:00,GBIKE,621289,48.0,36.608784,127.283796,12,세종특별시
2026-06-15T18:55:08+09:00,GBIKE,385642,42.0,36.608786,127.28389,12,세종특별시
2026-06-15T18:55:08+09:00,GBIKE,612172,64.0,36.608786,127.283825,12,세종특별시
2026-06-15T18:55:08+09:00,GBIKE,387312,56.0,36.608793,127.283931,12,세종특별시
2026-06-15T18:55:08+09:00,GBIKE,355329,63.0,36.608795,127.283898,12,세종특별시
2026-06-15T18:55:08+09:00,GBIKE,609681,88.0,36.608796,127.289096,12,세종특별시
2026-06-15T18:55:08+09:00,GBIKE,392835,69.0,36.608798,127.283873,12,세종특별시
2026-06-15T18:55:08+09:00,GBIKE,365565,87.0,36.608801,127.283926,12,세종특별시
2026-06-15T18:55:08+09:00,GBIKE,361763,74.0,36.608811,127.283913,12,세종특별시
2026-06-15T18:55:08+09:00,GBIKE,601954,40.0,36.60882,127.283798,12,세종특별시
2026-06-15T18:55:08+09:00,GBIKE,367718,68.0,36.608821,127.283916,12,세종특별시
2026-06-15T18:55:08+09:00,GBIKE,630518,92.0,36.608826,127.289093,12,세종특별시
2026-06-15T18:55:08+09:00,GBIKE,365828,60.0,36.608836,127.28909,12,세종특별시
2026-06-15T18:55:08+09:00,GBIKE,636806,86.0,36.608836,127.289102,12,세종특별시
2026-06-15T18:55:08+09:00,GBIKE,345873,37.0,36.608855,127.289095,12,세종특별시
2026-06-15T18:55:08+09:00,GBIKE,615848,100.0,36.608855,127.288909,12,세종특별시
2026-06-15T18:55:08+09:00,GBIKE,617885,91.0,36.608857,127.289069,12,세종특별시
2026-06-15T18:55:08+09:00,GBIKE,377729,46.0,36.608858,127.28394,12,세종특별시
2026-06-15T18:55:08+09:00,GBIKE,395237,100.0,36.608878,127.289061,12,세종특별시
2026-06-15T18:55:08+09:00,GBIKE,617002,92.0,36.608902,127.289126,12,세종특별시
2026-06-15T18:55:08+09:00,GBIKE,380920,51.0,36.608905,127.289141,12,세종특별시
2026-06-15T18:55:08+09:00,GBIKE,632897,92.0,36.608905,127.28913,12,세종특별시
2026-06-15T18:55:08+09:00,GBIKE,385493,81.0,36.608906,127.28442,12,세종특별시
2026-06-15T18:55:08+09:00,GBIKE,604547,92.0,36.608926,127.289126,12,세종특별시
2026-06-15T18:55:08+09:00,GBIKE,365566,54.0,36.609043,127.286016,12,세종특별시
2026-06-15T18:55:08+09:00,GBIKE,374050,90.0,36.609051,127.286048,12,세종특별시
2026-06-15T18:55:08+09:00,GBIKE,367416,41.0,36.609058,127.286045,12,세종특별시
2026-06-15T18:55:08+09:00,GBIKE,638332,54.0,36.609065,127.286077,12,세종특별시
2026-06-15T18:55:08+09:00,GBIKE,390561,44.0,36.609071,127.286013,12,세종특별시
2026-06-15T18:55:08+09:00,GBIKE,620566,50.0,36.609075,127.286087,12,세종특별시
2026-06-15T18:55:08+09:00,GBIKE,372868,89.0,36.609093,127.286073,12,세종특별시
2026-06-15T18:55:08+09:00,GBIKE,390484,34.0,36.6091,127.28609,12,세종특별시
2026-06-15T18:55:08+09:00,GBIKE,623923,37.0,36.609103,127.28602,12,세종특별시
2026-06-15T18:55:08+09:00,GBIKE,380915,30.0,36.60911,127.285976,12,세종특별시
2026-06-15T18:55:08+09:00,GBIKE,603979,61.0,36.609148,127.286113,12,세종특별시
2026-06-15T18:55:08+09:00,GBIKE,381351,87.0,36.609185,127.288786,12,세종특별시
2026-06-15T18:55:08+09:00,GBIKE,380639,34.0,36.609263,127.29129,12,세종특별시
2026-06-15T18:55:08+09:00,GBIKE,382505,100.0,36.609295,127.292561,12,세종특별시
2026-06-15T18:55:08+09:00,GBIKE,349257,32.0,36.609325,127.292735,12,세종특별시
2026-06-15T18:55:08+09:00,GBIKE,613464,65.0,36.609369,127.293152,12,세종특별시
2026-06-15T18:55:08+09:00,GBIKE,383163,92.0,36.609646,127.288595,12,세종특별시
2026-06-15T18:55:08+09:00,GBIKE,383624,83.0,36.609653,127.28689,12,세종특별시
2026-06-15T18:55:08+09:00,GBIKE,372399,33.0,36.609668,127.286911,12,세종특별시
2026-06-15T18:55:08+09:00,GBIKE,385638,32.0,36.609691,127.286855,12,세종특별시
2026-06-15T18:55:08+09:00,GBIKE,352898,30.0,36.609696,127.28691,12,세종특별시
2026-06-15T18:55:08+09:00,GBIKE,388372,33.0,36.609705,127.286891,12,세종특별시
2026-06-15T18:55:08+09:00,GBIKE,630625,30.0,36.609807,127.293207,12,세종특별시
2026-06-15T18:55:08+09:00,GBIKE,383883,97.0,36.610331,127.293516,12,세종특별시
2026-06-15T18:55:08+09:00,GBIKE,389264,69.0,36.610358,127.293223,12,세종특별시
2026-06-15T18:55:08+09:00,GBIKE,635581,33.0,36.610369,127.2893,12,세종특별시
2026-06-15T18:55:08+09:00,GBIKE,389584,33.0,36.610378,127.289981,12,세종특별시
2026-06-15T18:55:08+09:00,GBIKE,604326,90.0,36.610396,127.289141,12,세종특별시
2026-06-15T18:55:08+09:00,GBIKE,616066,81.0,36.610396,127.289134,12,세종특별시
2026-06-15T18:55:08+09:00,GBIKE,615828,63.0,36.610398,127.289277,12,세종특별시
2026-06-15T18:55:08+09:00,GBIKE,379750,44.0,36.610475,127.285491,12,세종특별시
2026-06-15T18:55:08+09:00,GBIKE,366565,31.0,36.610521,127.285605,12,세종특별시
2026-06-15T18:55:08+09:00,GBIKE,618900,84.0,36.61054,127.285496,12,세종특별시
2026-06-15T18:55:08+09:00,GBIKE,343404,35.0,36.610571,127.29318,12,세종특별시
2026-06-15T18:55:08+09:00,GBIKE,389490,40.0,36.610581,127.28551,12,세종특별시
2026-06-15T18:55:08+09:00,GBIKE,618953,92.0,36.610581,127.285461,12,세종특별시
2026-06-15T18:55:08+09:00,GBIKE,390685,33.0,36.610671,127.297201,12,세종특별시
2026-06-15T18:55:08+09:00,GBIKE,375544,45.0,36.610755,127.293131,12,세종특별시
2026-06-15T18:55:08+09:00,GBIKE,394098,32.0,36.610773,127.298521,12,세종특별시
2026-06-15T18:55:08+09:00,GBIKE,381308,63.0,36.610783,127.291468,12,세종특별시
2026-06-15T18:55:08+09:00,GBIKE,386976,97.0,36.610835,127.293156,12,세종특별시
2026-06-15T18:55:08+09:00,GBIKE,353905,49.0,36.610856,127.293125,12,세종특별시
2026-06-15T18:55:08+09:00,GBIKE,614015,62.0,36.610942,127.285846,12,세종특별시
2026-06-15T18:55:08+09:00,GBIKE,383149,57.0,36.61101,127.286078,12,세종특별시
2026-06-15T18:55:08+09:00,GBIKE,375429,68.0,36.611015,127.286135,12,세종특별시
2026-06-15T18:55:08+09:00,GBIKE,378803,34.0,36.611016,127.286156,12,세종특별시
2026-06-15T18:55:08+09:00,GBIKE,392234,61.0,36.611028,127.290081,12,세종특별시
2026-06-15T18:55:08+09:00,GBIKE,383223,45.0,36.611033,127.286185,12,세종특별시
2026-06-15T18:55:08+09:00,GBIKE,375506,47.0,36.611035,127.29006,12,세종특별시
2026-06-15T18:55:08+09:00,GBIKE,384363,52.0,36.611036,127.290031,12,세종특별시
2026-06-15T18:55:08+09:00,GBIKE,374698,63.0,36.611043,127.290075,12,세종특별시
2026-06-15T18:55:08+09:00,GBIKE,377574,73.0,36.611051,127.286148,12,세종특별시
2026-06-15T18:55:08+09:00,GBIKE,369415,57.0,36.611053,127.286108,12,세종특별시
2026-06-15T18:55:08+09:00,GBIKE,369717,44.0,36.611055,127.286153,12,세종특별시
2026-06-15T18:55:08+09:00,GBIKE,376081,57.0,36.611076,127.290128,12,세종특별시
2026-06-15T18:55:08+09:00,GBIKE,368766,78.0,36.61108,127.28607,12,세종특별시
2026-06-15T18:55:08+09:00,GBIKE,376326,64.0,36.611081,127.289938,12,세종특별시
2026-06-15T18:55:08+09:00,GBIKE,390382,64.0,36.611083,127.289985,12,세종특별시
2026-06-15T18:55:08+09:00,GBIKE,377436,89.0,36.611086,127.289978,12,세종특별시
2026-06-15T18:55:08+09:00,GBIKE,382572,51.0,36.611088,127.290051,12,세종특별시
2026-06-15T18:55:08+09:00,GBIKE,372070,33.0,36.61109,127.289973,12,세종특별시
2026-06-15T18:55:08+09:00,GBIKE,378931,89.0,36.61109,127.289996,12,세종특별시
2026-06-15T18:55:08+09:00,GBIKE,363973,100.0,36.611098,127.290041,12,세종특별시
2026-06-15T18:55:08+09:00,GBIKE,365780,77.0,36.611103,127.28993,12,세종특별시
2026-06-15T18:55:08+09:00,GBIKE,383167,72.0,36.611103,127.290053,12,세종특별시
2026-06-15T18:55:08+09:00,GBIKE,627295,36.0,36.611103,127.29664,12,세종특별시
2026-06-15T18:55:08+09:00,GBIKE,388680,75.0,36.611106,127.290108,12,세종특별시
2026-06-15T18:55:08+09:00,GBIKE,362145,31.0,36.611108,127.289961,12,세종특별시
2026-06-15T18:55:08+09:00,GBIKE,384320,72.0,36.61111,127.290098,12,세종특별시
2026-06-15T18:55:08+09:00,GBIKE,618274,87.0,36.611115,127.287342,12,세종특별시
2026-06-15T18:55:08+09:00,GBIKE,368902,56.0,36.611118,127.290086,12,세종특별시
2026-06-15T18:55:08+09:00,GBIKE,388399,71.0,36.61112,127.290065,12,세종특별시
2026-06-15T18:55:08+09:00,GBIKE,366516,31.0,36.611123,127.287396,12,세종특별시
2026-06-15T18:55:08+09:00,GBIKE,381177,49.0,36.611123,127.29006,12,세종특별시
2026-06-15T18:55:08+09:00,GBIKE,374564,59.0,36.611128,127.289991,12,세종특별시
2026-06-15T18:55:08+09:00,GBIKE,383887,95.0,36.611128,127.289965,12,세종특별시
2026-06-15T18:55:08+09:00,GBIKE,394095,50.0,36.611128,127.290073,12,세종특별시
2026-06-15T18:55:08+09:00,GBIKE,383834,45.0,36.611133,127.289941,12,세종특별시
2026-06-15T18:55:08+09:00,GBIKE,363571,40.0,36.611143,127.289998,12,세종특별시
2026-06-15T18:55:08+09:00,GBIKE,628874,34.0,36.611143,127.287352,12,세종특별시
2026-06-15T18:55:08+09:00,GBIKE,372400,42.0,36.611145,127.290008,12,세종특별시
2026-06-15T18:55:08+09:00,GBIKE,390769,90.0,36.611145,127.289958,12,세종특별시
2026-06-15T18:55:08+09:00,GBIKE,338106,100.0,36.611148,127.290055,12,세종특별시
2026-06-15T18:55:08+09:00,GBIKE,388631,64.0,36.611148,127.290086,12,세종특별시
2026-06-15T18:55:08+09:00,GBIKE,380113,60.0,36.61115,127.289945,12,세종특별시
2026-06-15T18:55:08+09:00,GBIKE,355297,65.0,36.611156,127.290028,12,세종특별시
2026-06-15T18:55:08+09:00,GBIKE,372751,87.0,36.611156,127.28993,12,세종특별시
2026-06-15T18:55:08+09:00,GBIKE,626724,57.0,36.611156,127.287362,12,세종특별시
2026-06-15T18:55:08+09:00,GBIKE,389488,88.0,36.611158,127.287363,12,세종특별시
2026-06-15T18:55:08+09:00,GBIKE,607348,39.0,36.611158,127.287344,12,세종특별시
2026-06-15T18:55:08+09:00,GBIKE,376843,41.0,36.61116,127.29004,12,세종특별시
2026-06-15T18:55:08+09:00,GBIKE,638562,41.0,36.61116,127.289955,12,세종특별시
2026-06-15T18:55:08+09:00,GBIKE,373290,65.0,36.611161,127.28741,12,세종특별시
2026-06-15T18:55:08+09:00,GBIKE,630979,34.0,36.611161,127.287354,12,세종특별시
2026-06-15T18:55:08+09:00,GBIKE,631918,88.0,36.611164,127.287367,12,세종특별시
2026-06-15T18:55:08+09:00,GBIKE,364639,78.0,36.611173,127.287323,12,세종특별시
2026-06-15T18:55:08+09:00,GBIKE,363636,67.0,36.611176,127.28995,12,세종특별시
2026-06-15T18:55:08+09:00,GBIKE,375330,75.0,36.611176,127.287451,12,세종특별시
2026-06-15T18:55:08+09:00,GBIKE,394836,54.0,36.611185,127.290036,12,세종특별시
2026-06-15T18:55:08+09:00,GBIKE,371980,67.0,36.611188,127.287463,12,세종특별시
2026-06-15T18:55:08+09:00,GBIKE,384713,83.0,36.611188,127.28739,12,세종특별시
2026-06-15T18:55:08+09:00,GBIKE,374566,45.0,36.61119,127.290043,12,세종특별시
2026-06-15T18:55:08+09:00,GBIKE,364199,43.0,36.611191,127.289938,12,세종특별시
2026-06-15T18:55:08+09:00,GBIKE,367380,79.0,36.611191,127.28732,12,세종특별시
2026-06-15T18:55:08+09:00,GBIKE,382998,95.0,36.611193,127.287371,12,세종특별시
2026-06-15T18:55:08+09:00,GBIKE,368165,69.0,36.611195,127.28735,12,세종특별시
2026-06-15T18:55:08+09:00,GBIKE,379519,36.0,36.611195,127.287433,12,세종특별시
2026-06-15T18:55:08+09:00,GBIKE,389748,46.0,36.611195,127.287383,12,세종특별시
2026-06-15T18:55:08+09:00,GBIKE,377764,84.0,36.611198,127.287455,12,세종특별시
2026-06-15T18:55:08+09:00,GBIKE,373728,37.0,36.611201,127.287281,12,세종특별시
2026-06-15T18:55:08+09:00,GBIKE,382650,38.0,36.611203,127.28744,12,세종특별시
2026-06-15T18:55:08+09:00,GBIKE,383611,51.0,36.611203,127.287381,12,세종특별시
2026-06-15T18:55:08+09:00,GBIKE,384378,45.0,36.611203,127.287396,12,세종특별시
2026-06-15T18:55:08+09:00,GBIKE,384693,45.0,36.611203,127.287451,12,세종특별시
2026-06-15T18:55:08+09:00,GBIKE,364026,69.0,36.611205,127.290136,12,세종특별시
2026-06-15T18:55:08+09:00,GBIKE,617634,55.0,36.611205,127.287344,12,세종특별시
2026-06-15T18:55:08+09:00,GBIKE,382533,30.0,36.611206,127.287365,12,세종특별시
2026-06-15T18:55:08+09:00,GBIKE,638303,47.0,36.611206,127.287317,12,세종특별시
2026-06-15T18:55:08+09:00,GBIKE,624613,45.0,36.611209,127.287349,12,세종특별시
2026-06-15T18:55:08+09:00,GBIKE,367351,100.0,36.611211,127.287345,12,세종특별시
2026-06-15T18:55:08+09:00,GBIKE,371839,40.0,36.611211,127.287435,12,세종특별시
2026-06-15T18:55:08+09:00,GBIKE,374386,82.0,36.611211,127.287478,12,세종특별시
2026-06-15T18:55:08+09:00,GBIKE,638395,83.0,36.611212,127.287332,12,세종특별시
2026-06-15T18:55:08+09:00,GBIKE,367387,34.0,36.611213,127.287501,12,세종특별시
2026-06-15T18:55:08+09:00,GBIKE,383726,61.0,36.611213,127.287246,12,세종특별시
2026-06-15T18:55:08+09:00,GBIKE,374717,66.0,36.611223,127.287306,12,세종특별시
2026-06-15T18:55:08+09:00,GBIKE,389536,66.0,36.611223,127.287395,12,세종특별시
2026-06-15T18:55:08+09:00,GBIKE,378994,98.0,36.611225,127.287336,12,세종특별시
2026-06-15T18:55:08+09:00,GBIKE,378046,38.0,36.611226,127.287405,12,세종특별시
2026-06-15T18:55:08+09:00,GBIKE,368554,75.0,36.61123,127.287291,12,세종특별시
2026-06-15T18:55:08+09:00,GBIKE,384327,85.0,36.611233,127.287425,12,세종특별시
2026-06-15T18:55:08+09:00,GBIKE,348036,55.0,36.611235,127.287483,12,세종특별시
2026-06-15T18:55:08+09:00,GBIKE,377014,45.0,36.611235,127.287368,12,세종특별시
2026-06-15T18:55:08+09:00,GBIKE,386746,78.0,36.611238,127.28747,12,세종특별시
2026-06-15T18:55:08+09:00,GBIKE,625200,37.0,36.611239,127.290076,12,세종특별시
2026-06-15T18:55:08+09:00,GBIKE,382502,33.0,36.611241,127.287396,12,세종특별시
2026-06-15T18:55:08+09:00,GBIKE,390442,30.0,36.611243,127.287533,12,세종특별시
2026-06-15T18:55:08+09:00,GBIKE,394698,50.0,36.611246,127.287533,12,세종특별시
2026-06-15T18:55:08+09:00,GBIKE,347335,70.0,36.611253,127.287466,12,세종특별시
2026-06-15T18:55:08+09:00,GBIKE,386486,37.0,36.611255,127.287413,12,세종특별시
2026-06-15T18:55:08+09:00,GBIKE,371898,35.0,36.611285,127.28744,12,세종특별시
2026-06-15T18:55:08+09:00,GBIKE,372771,31.0,36.611296,127.287371,12,세종특별시
2026-06-15T18:55:08+09:00,GBIKE,381538,43.0,36.611496,127.284566,12,세종특별시
2026-06-15T18:55:08+09:00,GBIKE,392376,35.0,36.611508,127.284673,12,세종특별시
2026-06-15T18:55:08+09:00,GBIKE,373517,86.0,36.611546,127.284661,12,세종특별시
2026-06-15T18:55:08+09:00,GBIKE,384694,83.0,36.611935,127.284853,12,세종특별시
2026-06-15T18:55:08+09:00,GBIKE,375527,40.0,36.611955,127.284843,12,세종특별시
2026-06-15T18:55:08+09:00,GBIKE,373233,56.0,36.611961,127.284818,12,세종특별시
2026-06-15T18:55:08+09:00,GBIKE,389295,35.0,36.611968,127.284798,12,세종특별시
2026-06-15T18:55:08+09:00,GBIKE,638335,88.0,36.61198,127.284863,12,세종특별시
2026-06-15T18:55:08+09:00,GBIKE,347744,87.0,36.613296,127.331585,12,세종특별시
2026-06-15T18:55:08+09:00,GBIKE,385435,67.0,36.613308,127.331583,12,세종특별시
2026-06-15T18:55:08+09:00,GBIKE,367337,33.0,36.613763,127.2925,12,세종특별시
2026-06-15T18:55:08+09:00,GBIKE,387886,30.0,36.613773,127.290445,12,세종특별시
2026-06-15T18:55:08+09:00,GBIKE,384398,32.0,36.613971,127.292441,12,세종특별시
2026-06-15T18:55:08+09:00,GBIKE,638210,100.0,36.614018,127.315002,12,세종특별시
2026-06-15T18:55:08+09:00,GBIKE,366207,72.0,36.614026,127.289706,12,세종특별시
2026-06-15T18:55:08+09:00,GBIKE,390295,35.0,36.614725,127.288108,12,세종특별시
2026-06-15T18:55:08+09:00,GBIKE,374638,68.0,36.614836,127.284925,12,세종특별시
2026-06-15T18:55:08+09:00,GBIKE,383347,99.0,36.614836,127.28433,12,세종특별시
2026-06-15T18:55:08+09:00,GBIKE,637526,70.0,36.615302,127.360331,12,세종특별시
2026-06-15T18:55:08+09:00,GBIKE,632681,88.0,36.615381,127.292607,12,세종특별시
2026-06-15T18:55:08+09:00,GBIKE,332859,49.0,36.615431,127.292596,12,세종특별시
2026-06-15T18:55:08+09:00,GBIKE,379960,63.0,36.616015,127.287118,12,세종특별시
2026-06-15T18:55:08+09:00,GBIKE,382690,99.0,36.616063,127.360265,12,세종특별시
2026-06-15T18:55:08+09:00,GBIKE,372300,36.0,36.616611,127.28667,12,세종특별시
2026-06-15T18:55:08+09:00,GBIKE,384375,64.0,36.616831,127.329133,12,세종특별시
2026-06-15T18:55:08+09:00,GBIKE,130745,33.0,36.617507,127.285737,12,세종특별시
2026-06-15T18:55:08+09:00,GBIKE,372776,89.0,36.617553,127.290468,12,세종특별시
2026-06-15T18:55:08+09:00,GBIKE,368400,71.0,36.618043,127.321585,12,세종특별시
2026-06-15T18:55:08+09:00,GBIKE,635266,68.0,36.618124,127.285874,12,세종특별시
2026-06-15T18:55:08+09:00,GBIKE,375530,30.0,36.618186,127.285706,12,세종특별시
2026-06-15T18:55:08+09:00,GBIKE,367102,46.0,36.618226,127.285798,12,세종특별시
2026-06-15T18:55:08+09:00,GBIKE,363988,52.0,36.61823,127.285761,12,세종특별시
2026-06-15T18:55:08+09:00,GBIKE,390538,54.0,36.618233,127.285766,12,세종특별시
2026-06-15T18:55:08+09:00,GBIKE,386756,45.0,36.618235,127.285763,12,세종특별시
2026-06-15T18:55:08+09:00,GBIKE,383590,46.0,36.618263,127.285755,12,세종특별시
2026-06-15T18:55:08+09:00,GBIKE,367523,100.0,36.618273,127.285778,12,세종특별시
2026-06-15T18:55:08+09:00,GBIKE,376341,34.0,36.618313,127.285855,12,세종특별시
2026-06-15T18:55:08+09:00,GBIKE,333967,92.0,36.618813,127.290806,12,세종특별시
2026-06-15T18:55:08+09:00,GBIKE,383266,44.0,36.618986,127.289291,12,세종특별시
2026-06-15T18:55:08+09:00,GBIKE,620351,96.0,36.618988,127.318896,12,세종특별시
2026-06-15T18:55:08+09:00,GBIKE,381716,72.0,36.619161,127.289498,12,세종특별시
2026-06-15T18:55:08+09:00,GBIKE,367831,37.0,36.619861,127.290671,12,세종특별시
2026-06-15T18:55:08+09:00,GBIKE,349173,42.0,36.61987,127.310753,12,세종특별시
2026-06-15T18:55:08+09:00,GBIKE,367800,36.0,36.62091,127.282471,12,세종특별시
2026-06-15T18:55:08+09:00,GBIKE,377277,92.0,36.621166,127.290566,12,세종특별시
2026-06-15T18:55:08+09:00,GBIKE,375561,64.0,36.621171,127.290566,12,세종특별시
2026-06-15T18:55:08+09:00,GBIKE,374732,39.0,36.62144,127.358601,12,세종특별시
2026-06-15T18:55:08+09:00,GBIKE,381558,100.0,36.621485,127.321955,12,세종특별시
2026-06-15T18:55:08+09:00,GBIKE,337661,81.0,36.621506,127.290936,12,세종특별시
2026-06-15T18:55:08+09:00,GBIKE,379714,57.0,36.62151,127.290941,12,세종특별시
2026-06-15T18:55:08+09:00,GBIKE,383567,50.0,36.621611,127.283366,12,세종특별시
2026-06-15T18:55:08+09:00,GBIKE,364617,33.0,36.622895,127.2892,12,세종특별시
2026-06-15T18:55:08+09:00,GBIKE,343399,100.0,36.623003,127.290195,12,세종특별시
2026-06-15T18:55:08+09:00,GBIKE,383890,70.0,36.623335,127.286915,12,세종특별시
2026-06-15T18:55:08+09:00,GBIKE,625142,54.0,36.623715,127.286853,12,세종특별시
2026-06-15T18:55:08+09:00,GBIKE,385639,72.0,36.624126,127.33088,12,세종특별시
2026-06-15T18:55:08+09:00,GBIKE,632299,41.0,36.629276,127.333273,12,세종특별시
2026-06-15T18:55:08+09:00,GBIKE,620356,93.0,36.631625,127.328545,12,세종특별시
2026-06-15T18:55:08+09:00,GBIKE,612254,40.0,36.631632,127.328576,12,세종특별시
2026-06-15T18:55:08+09:00,GBIKE,602329,62.0,36.631713,127.32859,12,세종특별시
2026-06-15T18:55:08+09:00,GBIKE,368357,67.0,36.656701,127.369016,12,세종특별시
