timestamp,operator_name,device_id,battery_level,latitude,longitude,city_code,city_name
2026-06-17T14:40:12+09:00,ALPACA,425055,30.0,36.32547,127.348305,12,세종특별시
2026-06-17T14:40:12+09:00,ALPACA,425373,39.0,36.326492,127.33874,12,세종특별시
2026-06-17T14:40:12+09:00,ALPACA,425451,31.0,36.32762,127.33943,12,세종특별시
2026-06-17T14:40:12+09:00,ALPACA,424720,48.0,36.33012,127.34353,12,세종특별시
2026-06-17T14:40:12+09:00,ALPACA,425050,100.0,36.330578,127.340164,12,세종특별시
2026-06-17T14:40:12+09:00,ALPACA,425455,49.0,36.336636,127.33467,12,세종특별시
2026-06-17T14:40:12+09:00,ALPACA,425975,62.0,36.338486,127.34279,12,세종특별시
2026-06-17T14:40:12+09:00,ALPACA,425413,62.0,36.338505,127.33282,12,세종특별시
2026-06-17T14:40:12+09:00,ALPACA,424952,46.0,36.339375,127.34195,12,세종특별시
2026-06-17T14:40:12+09:00,ALPACA,425006,38.0,36.339462,127.34202,12,세종특별시
2026-06-17T14:40:12+09:00,ALPACA,424743,82.0,36.339527,127.342,12,세종특별시
2026-06-17T14:40:12+09:00,ALPACA,424714,55.0,36.340332,127.34499,12,세종특별시
2026-06-17T14:40:12+09:00,ALPACA,425212,34.0,36.341503,127.33795,12,세종특별시
2026-06-17T14:40:12+09:00,ALPACA,425061,76.0,36.341545,127.34444,12,세종특별시
2026-06-17T14:40:12+09:00,ALPACA,425057,52.0,36.341568,127.34428,12,세종특별시
2026-06-17T14:40:12+09:00,ALPACA,424770,77.0,36.34157,127.34442,12,세종특별시
2026-06-17T14:40:12+09:00,ALPACA,424908,77.0,36.34158,127.34444,12,세종특별시
2026-06-17T14:40:12+09:00,ALPACA,424920,49.0,36.341583,127.34441,12,세종특별시
2026-06-17T14:40:12+09:00,ALPACA,424350,47.0,36.34164,127.33769,12,세종특별시
2026-06-17T14:40:12+09:00,ALPACA,424710,79.0,36.34184,127.34715,12,세종특별시
2026-06-17T14:40:12+09:00,ALPACA,425679,41.0,36.342346,127.340965,12,세종특별시
2026-06-17T14:40:12+09:00,ALPACA,425476,97.0,36.342384,127.34097,12,세종특별시
2026-06-17T14:40:12+09:00,ALPACA,425126,97.0,36.342384,127.34094,12,세종특별시
2026-06-17T14:40:12+09:00,ALPACA,424450,54.0,36.34246,127.34149,12,세종특별시
2026-06-17T14:40:12+09:00,ALPACA,424868,64.0,36.3427,127.339806,12,세종특별시
2026-06-17T14:40:12+09:00,ALPACA,424324,54.0,36.342773,127.33894,12,세종특별시
2026-06-17T14:40:12+09:00,ALPACA,424404,40.0,36.34278,127.3389,12,세종특별시
2026-06-17T14:40:12+09:00,ALPACA,424432,73.0,36.342785,127.33886,12,세종특별시
2026-06-17T14:40:12+09:00,ALPACA,424501,76.0,36.342796,127.338936,12,세종특별시
2026-06-17T14:40:12+09:00,ALPACA,424402,87.0,36.3428,127.33888,12,세종특별시
2026-06-17T14:40:12+09:00,ALPACA,424486,79.0,36.342808,127.3389,12,세종특별시
2026-06-17T14:40:12+09:00,ALPACA,424358,78.0,36.34281,127.33892,12,세종특별시
2026-06-17T14:40:12+09:00,ALPACA,424568,51.0,36.34281,127.33892,12,세종특별시
2026-06-17T14:40:12+09:00,ALPACA,424165,52.0,36.34282,127.337494,12,세종특별시
2026-06-17T14:40:12+09:00,ALPACA,424367,78.0,36.34282,127.3389,12,세종특별시
2026-06-17T14:40:12+09:00,ALPACA,425094,50.0,36.34283,127.3441,12,세종특별시
2026-06-17T14:40:12+09:00,ALPACA,424517,65.0,36.342922,127.344,12,세종특별시
2026-06-17T14:40:12+09:00,ALPACA,424839,64.0,36.342976,127.33981,12,세종특별시
2026-06-17T14:40:12+09:00,ALPACA,425238,54.0,36.343094,127.3444,12,세종특별시
2026-06-17T14:40:12+09:00,ALPACA,424425,40.0,36.34312,127.33904,12,세종특별시
2026-06-17T14:40:12+09:00,ALPACA,424508,33.0,36.34314,127.33361,12,세종특별시
2026-06-17T14:40:12+09:00,ALPACA,424544,57.0,36.3432,127.339165,12,세종특별시
2026-06-17T14:40:12+09:00,ALPACA,425151,59.0,36.34334,127.34419,12,세종특별시
2026-06-17T14:40:12+09:00,ALPACA,425383,59.0,36.343346,127.34419,12,세종특별시
2026-06-17T14:40:12+09:00,ALPACA,425524,53.0,36.343357,127.34417,12,세종특별시
2026-06-17T14:40:12+09:00,ALPACA,424787,81.0,36.34337,127.34419,12,세종특별시
2026-06-17T14:40:12+09:00,ALPACA,425112,68.0,36.343372,127.34417,12,세종특별시
2026-06-17T14:40:12+09:00,ALPACA,424897,50.0,36.34348,127.33816,12,세종특별시
2026-06-17T14:40:12+09:00,ALPACA,424709,71.0,36.343708,127.34429,12,세종특별시
2026-06-17T14:40:12+09:00,ALPACA,425677,67.0,36.34379,127.382706,12,세종특별시
2026-06-17T14:40:12+09:00,ALPACA,424707,51.0,36.344,127.34178,12,세종특별시
2026-06-17T14:40:12+09:00,ALPACA,424506,55.0,36.34425,127.33572,12,세종특별시
2026-06-17T14:40:12+09:00,ALPACA,425695,55.0,36.34427,127.34741,12,세종특별시
2026-06-17T14:40:12+09:00,ALPACA,425000,48.0,36.344334,127.34692,12,세종특별시
2026-06-17T14:40:12+09:00,ALPACA,425197,43.0,36.34453,127.33241,12,세종특별시
2026-06-17T14:40:12+09:00,ALPACA,424124,75.0,36.344643,127.33933,12,세종특별시
2026-06-17T14:40:12+09:00,ALPACA,424372,38.0,36.34483,127.34741,12,세종특별시
2026-06-17T14:40:12+09:00,ALPACA,425142,31.0,36.34541,127.32393,12,세종특별시
2026-06-17T14:40:12+09:00,ALPACA,425355,63.0,36.345676,127.33903,12,세종특별시
2026-06-17T14:40:12+09:00,ALPACA,425002,37.0,36.345753,127.337074,12,세종특별시
2026-06-17T14:40:12+09:00,ALPACA,424664,96.0,36.346123,127.34138,12,세종특별시
2026-06-17T14:40:12+09:00,ALPACA,425699,69.0,36.346195,127.33606,12,세종특별시
2026-06-17T14:40:12+09:00,ALPACA,424704,61.0,36.3468,127.33569,12,세종특별시
2026-06-17T14:40:12+09:00,ALPACA,425458,33.0,36.346813,127.33569,12,세종특별시
2026-06-17T14:40:12+09:00,ALPACA,425152,58.0,36.34684,127.33569,12,세종특별시
2026-06-17T14:40:12+09:00,ALPACA,424383,30.0,36.346848,127.3357,12,세종특별시
2026-06-17T14:40:12+09:00,ALPACA,425270,78.0,36.34685,127.335724,12,세종특별시
2026-06-17T14:40:12+09:00,ALPACA,424449,34.0,36.346855,127.335686,12,세종특별시
2026-06-17T14:40:12+09:00,ALPACA,425397,42.0,36.34703,127.33079,12,세종특별시
2026-06-17T14:40:12+09:00,ALPACA,425375,52.0,36.34705,127.33089,12,세종특별시
2026-06-17T14:40:12+09:00,ALPACA,424863,56.0,36.34708,127.34418,12,세종특별시
2026-06-17T14:40:12+09:00,ALPACA,425321,46.0,36.34708,127.33897,12,세종특별시
2026-06-17T14:40:12+09:00,ALPACA,425034,48.0,36.347115,127.33427,12,세종특별시
2026-06-17T14:40:12+09:00,ALPACA,424769,55.0,36.34713,127.340744,12,세종특별시
2026-06-17T14:40:12+09:00,ALPACA,425537,49.0,36.347977,127.34169,12,세종특별시
2026-06-17T14:40:12+09:00,ALPACA,425376,68.0,36.348225,127.33536,12,세종특별시
2026-06-17T14:40:12+09:00,ALPACA,424617,55.0,36.348232,127.331154,12,세종특별시
2026-06-17T14:40:12+09:00,ALPACA,425320,31.0,36.348244,127.33526,12,세종특별시
2026-06-17T14:40:12+09:00,ALPACA,425036,42.0,36.348267,127.33569,12,세종특별시
2026-06-17T14:40:12+09:00,ALPACA,424357,82.0,36.348293,127.335205,12,세종특별시
2026-06-17T14:40:12+09:00,ALPACA,426463,37.0,36.348343,127.33219,12,세종특별시
2026-06-17T14:40:12+09:00,ALPACA,424939,47.0,36.348362,127.33257,12,세종특별시
2026-06-17T14:40:12+09:00,ALPACA,425095,42.0,36.348408,127.33114,12,세종특별시
2026-06-17T14:40:12+09:00,ALPACA,425683,67.0,36.348576,127.33992,12,세종특별시
2026-06-17T14:40:12+09:00,ALPACA,425509,66.0,36.34864,127.33996,12,세종특별시
2026-06-17T14:40:12+09:00,ALPACA,425546,67.0,36.348648,127.339935,12,세종특별시
2026-06-17T14:40:12+09:00,ALPACA,425285,59.0,36.34868,127.335335,12,세종특별시
2026-06-17T14:40:12+09:00,ALPACA,425746,34.0,36.34869,127.339935,12,세종특별시
2026-06-17T14:40:12+09:00,ALPACA,425343,34.0,36.348724,127.3327,12,세종특별시
2026-06-17T14:40:12+09:00,ALPACA,425754,43.0,36.348732,127.33499,12,세종특별시
2026-06-17T14:40:12+09:00,ALPACA,424829,53.0,36.34877,127.32756,12,세종특별시
2026-06-17T14:40:12+09:00,ALPACA,424999,38.0,36.34963,127.33635,12,세종특별시
2026-06-17T14:40:12+09:00,ALPACA,424989,54.0,36.349663,127.336586,12,세종특별시
2026-06-17T14:40:12+09:00,ALPACA,426276,41.0,36.349823,127.38254,12,세종특별시
2026-06-17T14:40:12+09:00,ALPACA,424446,79.0,36.349888,127.33428,12,세종특별시
2026-06-17T14:40:12+09:00,ALPACA,425274,45.0,36.350433,127.329445,12,세종특별시
2026-06-17T14:40:12+09:00,ALPACA,425205,68.0,36.35046,127.34865,12,세종특별시
2026-06-17T14:40:12+09:00,ALPACA,425681,73.0,36.35048,127.32943,12,세종특별시
2026-06-17T14:40:12+09:00,ALPACA,425370,51.0,36.35068,127.33554,12,세종특별시
2026-06-17T14:40:12+09:00,ALPACA,423582,53.0,36.350746,127.33879,12,세종특별시
2026-06-17T14:40:12+09:00,ALPACA,426375,99.0,36.35077,127.3544,12,세종특별시
2026-06-17T14:40:12+09:00,ALPACA,424890,89.0,36.35124,127.33933,12,세종특별시
2026-06-17T14:40:12+09:00,ALPACA,425398,53.0,36.35127,127.33036,12,세종특별시
2026-06-17T14:40:12+09:00,ALPACA,425250,81.0,36.351402,127.332756,12,세종특별시
2026-06-17T14:40:12+09:00,ALPACA,425178,54.0,36.351433,127.35114,12,세종특별시
2026-06-17T14:40:12+09:00,ALPACA,425037,78.0,36.351437,127.33275,12,세종특별시
2026-06-17T14:40:12+09:00,ALPACA,425272,46.0,36.351517,127.34447,12,세종특별시
2026-06-17T14:40:12+09:00,ALPACA,425279,44.0,36.35155,127.3445,12,세종특별시
2026-06-17T14:40:12+09:00,ALPACA,425166,53.0,36.35158,127.34449,12,세종특별시
2026-06-17T14:40:12+09:00,ALPACA,425431,48.0,36.351585,127.34447,12,세종특별시
2026-06-17T14:40:12+09:00,ALPACA,425463,46.0,36.351597,127.34452,12,세종특별시
2026-06-17T14:40:12+09:00,ALPACA,425338,45.0,36.351597,127.346924,12,세종특별시
2026-06-17T14:40:12+09:00,ALPACA,426232,97.0,36.35173,127.34654,12,세종특별시
2026-06-17T14:40:12+09:00,ALPACA,425181,50.0,36.351772,127.34651,12,세종특별시
2026-06-17T14:40:12+09:00,ALPACA,425634,96.0,36.351948,127.34456,12,세종특별시
2026-06-17T14:40:12+09:00,ALPACA,425405,79.0,36.351967,127.33053,12,세종특별시
2026-06-17T14:40:12+09:00,ALPACA,425428,53.0,36.351982,127.33056,12,세종특별시
2026-06-17T14:40:12+09:00,ALPACA,424679,55.0,36.351986,127.33054,12,세종특별시
2026-06-17T14:40:12+09:00,ALPACA,425392,79.0,36.35199,127.33057,12,세종특별시
2026-06-17T14:40:12+09:00,ALPACA,424875,78.0,36.352005,127.33059,12,세종특별시
2026-06-17T14:40:12+09:00,ALPACA,424848,58.0,36.352013,127.337074,12,세종특별시
2026-06-17T14:40:12+09:00,ALPACA,424531,43.0,36.352016,127.33705,12,세종특별시
2026-06-17T14:40:12+09:00,ALPACA,424790,83.0,36.35203,127.33708,12,세종특별시
2026-06-17T14:40:12+09:00,ALPACA,425330,54.0,36.352066,127.34851,12,세종특별시
2026-06-17T14:40:12+09:00,ALPACA,425532,42.0,36.35213,127.34611,12,세종특별시
2026-06-17T14:40:12+09:00,ALPACA,424667,57.0,36.352142,127.341324,12,세종특별시
2026-06-17T14:40:12+09:00,ALPACA,425724,32.0,36.352177,127.333824,12,세종특별시
2026-06-17T14:40:12+09:00,ALPACA,425337,83.0,36.352417,127.37541,12,세종특별시
2026-06-17T14:40:12+09:00,ALPACA,424435,58.0,36.352432,127.341324,12,세종특별시
2026-06-17T14:40:12+09:00,ALPACA,424205,49.0,36.352486,127.33277,12,세종특별시
2026-06-17T14:40:12+09:00,ALPACA,424972,37.0,36.35249,127.344025,12,세종특별시
2026-06-17T14:40:12+09:00,ALPACA,424420,83.0,36.35261,127.33354,12,세종특별시
2026-06-17T14:40:12+09:00,ALPACA,425504,75.0,36.352695,127.32905,12,세종특별시
2026-06-17T14:40:12+09:00,ALPACA,423869,60.0,36.352776,127.33581,12,세종특별시
2026-06-17T14:40:12+09:00,ALPACA,424379,100.0,36.352863,127.37431,12,세종특별시
2026-06-17T14:40:12+09:00,ALPACA,424955,98.0,36.352867,127.37439,12,세종특별시
2026-06-17T14:40:12+09:00,ALPACA,424978,83.0,36.352875,127.37447,12,세종특별시
2026-06-17T14:40:12+09:00,ALPACA,425535,98.0,36.35288,127.374374,12,세종특별시
2026-06-17T14:40:12+09:00,ALPACA,424490,100.0,36.352882,127.37442,12,세종특별시
2026-06-17T14:40:12+09:00,ALPACA,424575,100.0,36.352882,127.37443,12,세종특별시
2026-06-17T14:40:12+09:00,ALPACA,425234,100.0,36.352882,127.37444,12,세종특별시
2026-06-17T14:40:12+09:00,ALPACA,426307,87.0,36.352898,127.374405,12,세종특별시
2026-06-17T14:40:12+09:00,ALPACA,424249,100.0,36.3529,127.374405,12,세종특별시
2026-06-17T14:40:12+09:00,ALPACA,424967,100.0,36.352905,127.37436,12,세종특별시
2026-06-17T14:40:12+09:00,ALPACA,425254,100.0,36.352905,127.37443,12,세종특별시
2026-06-17T14:40:12+09:00,ALPACA,425700,85.0,36.352924,127.3744,12,세종특별시
2026-06-17T14:40:12+09:00,ALPACA,425308,95.0,36.352924,127.37443,12,세종특별시
2026-06-17T14:40:12+09:00,ALPACA,424352,100.0,36.35293,127.37446,12,세종특별시
2026-06-17T14:40:12+09:00,ALPACA,425689,51.0,36.353,127.347534,12,세종특별시
2026-06-17T14:40:12+09:00,ALPACA,425508,63.0,36.353073,127.34147,12,세종특별시
2026-06-17T14:40:12+09:00,ALPACA,424609,57.0,36.353096,127.33522,12,세종특별시
2026-06-17T14:40:12+09:00,ALPACA,424430,84.0,36.353127,127.34475,12,세종특별시
2026-06-17T14:40:12+09:00,ALPACA,425351,61.0,36.353138,127.3299,12,세종특별시
2026-06-17T14:40:12+09:00,ALPACA,425435,43.0,36.353153,127.329796,12,세종특별시
2026-06-17T14:40:12+09:00,ALPACA,424343,76.0,36.353153,127.3352,12,세종특별시
2026-06-17T14:40:12+09:00,ALPACA,424772,34.0,36.353165,127.32981,12,세종특별시
2026-06-17T14:40:12+09:00,ALPACA,424347,79.0,36.353172,127.34127,12,세종특별시
2026-06-17T14:40:12+09:00,ALPACA,424581,83.0,36.353172,127.33526,12,세종특별시
2026-06-17T14:40:12+09:00,ALPACA,424498,52.0,36.353188,127.33999,12,세종특별시
2026-06-17T14:40:12+09:00,ALPACA,424364,72.0,36.35328,127.34211,12,세종특별시
2026-06-17T14:40:12+09:00,ALPACA,425698,100.0,36.353283,127.34215,12,세종특별시
2026-06-17T14:40:12+09:00,ALPACA,424348,43.0,36.353287,127.34213,12,세종특별시
2026-06-17T14:40:12+09:00,ALPACA,424412,73.0,36.35329,127.34213,12,세종특별시
2026-06-17T14:40:12+09:00,ALPACA,425738,100.0,36.353306,127.34211,12,세종특별시
2026-06-17T14:40:12+09:00,ALPACA,424437,100.0,36.35331,127.34216,12,세종특별시
2026-06-17T14:40:12+09:00,ALPACA,425016,90.0,36.35331,127.342125,12,세종특별시
2026-06-17T14:40:12+09:00,ALPACA,425499,99.0,36.353313,127.3421,12,세종특별시
2026-06-17T14:40:12+09:00,ALPACA,424447,46.0,36.353333,127.34298,12,세종특별시
2026-06-17T14:40:12+09:00,ALPACA,424465,100.0,36.353336,127.34208,12,세종특별시
2026-06-17T14:40:12+09:00,ALPACA,425432,63.0,36.353344,127.34212,12,세종특별시
2026-06-17T14:40:12+09:00,ALPACA,425229,100.0,36.353344,127.34212,12,세종특별시
2026-06-17T14:40:12+09:00,ALPACA,424431,100.0,36.353386,127.34214,12,세종특별시
2026-06-17T14:40:12+09:00,ALPACA,424296,48.0,36.35341,127.342865,12,세종특별시
2026-06-17T14:40:12+09:00,ALPACA,425420,59.0,36.353436,127.3429,12,세종특별시
2026-06-17T14:40:12+09:00,ALPACA,425682,65.0,36.35344,127.34301,12,세종특별시
2026-06-17T14:40:12+09:00,ALPACA,425984,46.0,36.35345,127.40027,12,세종특별시
2026-06-17T14:40:12+09:00,ALPACA,424414,49.0,36.353455,127.342834,12,세종특별시
2026-06-17T14:40:12+09:00,ALPACA,425726,32.0,36.35346,127.342926,12,세종특별시
2026-06-17T14:40:12+09:00,ALPACA,424627,65.0,36.35346,127.34284,12,세종특별시
2026-06-17T14:40:12+09:00,ALPACA,425739,64.0,36.353477,127.342865,12,세종특별시
2026-06-17T14:40:12+09:00,ALPACA,424334,66.0,36.35349,127.34308,12,세종특별시
2026-06-17T14:40:12+09:00,ALPACA,424453,76.0,36.35353,127.342926,12,세종특별시
2026-06-17T14:40:12+09:00,ALPACA,425327,77.0,36.353535,127.3301,12,세종특별시
2026-06-17T14:40:12+09:00,ALPACA,425219,50.0,36.35354,127.34168,12,세종특별시
2026-06-17T14:40:12+09:00,ALPACA,424615,39.0,36.353783,127.33769,12,세종특별시
2026-06-17T14:40:12+09:00,ALPACA,424365,45.0,36.353848,127.33775,12,세종특별시
2026-06-17T14:40:12+09:00,ALPACA,424426,60.0,36.353985,127.32902,12,세종특별시
2026-06-17T14:40:12+09:00,ALPACA,425445,85.0,36.3541,127.37092,12,세종특별시
2026-06-17T14:40:12+09:00,ALPACA,424631,76.0,36.354164,127.3372,12,세종특별시
2026-06-17T14:40:12+09:00,ALPACA,425346,50.0,36.354313,127.34257,12,세종특별시
2026-06-17T14:40:12+09:00,ALPACA,424155,42.0,36.354412,127.34485,12,세종특별시
2026-06-17T14:40:12+09:00,ALPACA,425710,58.0,36.35442,127.34386,12,세종특별시
2026-06-17T14:40:12+09:00,ALPACA,426329,99.0,36.354454,127.35456,12,세종특별시
2026-06-17T14:40:12+09:00,ALPACA,426482,100.0,36.354465,127.35452,12,세종특별시
2026-06-17T14:40:12+09:00,ALPACA,426354,100.0,36.35447,127.35452,12,세종특별시
2026-06-17T14:40:12+09:00,ALPACA,425577,100.0,36.35448,127.354546,12,세종특별시
2026-06-17T14:40:12+09:00,ALPACA,425937,100.0,36.35448,127.35452,12,세종특별시
2026-06-17T14:40:12+09:00,ALPACA,424345,100.0,36.35448,127.35455,12,세종특별시
2026-06-17T14:40:12+09:00,ALPACA,426330,100.0,36.354485,127.35453,12,세종특별시
2026-06-17T14:40:12+09:00,ALPACA,424752,100.0,36.35449,127.354515,12,세종특별시
2026-06-17T14:40:12+09:00,ALPACA,426248,99.0,36.354492,127.35457,12,세종특별시
2026-06-17T14:40:12+09:00,ALPACA,426512,100.0,36.354496,127.35454,12,세종특별시
2026-06-17T14:40:12+09:00,ALPACA,424605,100.0,36.354496,127.35452,12,세종특별시
2026-06-17T14:40:12+09:00,ALPACA,426376,100.0,36.354504,127.35457,12,세종특별시
2026-06-17T14:40:12+09:00,ALPACA,425052,98.0,36.354507,127.35457,12,세종특별시
2026-06-17T14:40:12+09:00,ALPACA,424349,62.0,36.35456,127.343636,12,세종특별시
2026-06-17T14:40:12+09:00,ALPACA,424487,49.0,36.35457,127.34355,12,세종특별시
2026-06-17T14:40:12+09:00,ALPACA,425461,31.0,36.354595,127.33806,12,세종특별시
2026-06-17T14:40:12+09:00,ALPACA,424468,96.0,36.354626,127.34351,12,세종특별시
2026-06-17T14:40:12+09:00,ALPACA,424673,65.0,36.35463,127.331,12,세종특별시
2026-06-17T14:40:12+09:00,ALPACA,426253,91.0,36.354668,127.34213,12,세종특별시
2026-06-17T14:40:12+09:00,ALPACA,425391,79.0,36.354694,127.34072,12,세종특별시
2026-06-17T14:40:12+09:00,ALPACA,424589,42.0,36.35471,127.335434,12,세종특별시
2026-06-17T14:40:12+09:00,ALPACA,425312,64.0,36.35471,127.34337,12,세종특별시
2026-06-17T14:40:12+09:00,ALPACA,424645,39.0,36.35472,127.33947,12,세종특별시
2026-06-17T14:40:12+09:00,ALPACA,425259,63.0,36.354847,127.33122,12,세종특별시
2026-06-17T14:40:12+09:00,ALPACA,424650,87.0,36.35498,127.34769,12,세종특별시
2026-06-17T14:40:12+09:00,ALPACA,424639,46.0,36.35506,127.337006,12,세종특별시
2026-06-17T14:40:12+09:00,ALPACA,425025,67.0,36.35509,127.33698,12,세종특별시
2026-06-17T14:40:12+09:00,ALPACA,424433,39.0,36.35512,127.337006,12,세종특별시
2026-06-17T14:40:12+09:00,ALPACA,425545,44.0,36.355125,127.34306,12,세종특별시
2026-06-17T14:40:12+09:00,ALPACA,424838,49.0,36.355125,127.34424,12,세종특별시
2026-06-17T14:40:12+09:00,ALPACA,424574,85.0,36.35513,127.34304,12,세종특별시
2026-06-17T14:40:12+09:00,ALPACA,424603,46.0,36.35513,127.344246,12,세종특별시
2026-06-17T14:40:12+09:00,ALPACA,425419,61.0,36.35514,127.33696,12,세종특별시
2026-06-17T14:40:12+09:00,ALPACA,425688,91.0,36.35518,127.35096,12,세종특별시
2026-06-17T14:40:12+09:00,ALPACA,424356,67.0,36.355316,127.34521,12,세종특별시
2026-06-17T14:40:12+09:00,ALPACA,425339,39.0,36.355343,127.335724,12,세종특별시
2026-06-17T14:40:12+09:00,ALPACA,424315,63.0,36.355366,127.33185,12,세종특별시
2026-06-17T14:40:12+09:00,ALPACA,425676,47.0,36.35537,127.33531,12,세종특별시
2026-06-17T14:40:12+09:00,ALPACA,424608,96.0,36.355385,127.33186,12,세종특별시
2026-06-17T14:40:12+09:00,ALPACA,424554,50.0,36.35547,127.3438,12,세종특별시
2026-06-17T14:40:12+09:00,ALPACA,424965,70.0,36.35557,127.33481,12,세종특별시
2026-06-17T14:40:12+09:00,ALPACA,424853,37.0,36.355625,127.34307,12,세종특별시
2026-06-17T14:40:12+09:00,ALPACA,412506,82.0,36.35568,127.37574,12,세종특별시
2026-06-17T14:40:12+09:00,ALPACA,424862,44.0,36.355717,127.33943,12,세종특별시
2026-06-17T14:40:12+09:00,ALPACA,424451,49.0,36.355732,127.36027,12,세종특별시
2026-06-17T14:40:12+09:00,ALPACA,425486,60.0,36.35579,127.33127,12,세종특별시
2026-06-17T14:40:12+09:00,ALPACA,425269,35.0,36.355877,127.35214,12,세종특별시
2026-06-17T14:40:12+09:00,ALPACA,424289,40.0,36.355896,127.3441,12,세종특별시
2026-06-17T14:40:12+09:00,ALPACA,425430,51.0,36.355976,127.33678,12,세종특별시
2026-06-17T14:40:12+09:00,ALPACA,425678,82.0,36.355984,127.33124,12,세종특별시
2026-06-17T14:40:12+09:00,ALPACA,424884,79.0,36.35599,127.33125,12,세종특별시
2026-06-17T14:40:12+09:00,ALPACA,424264,57.0,36.356014,127.33124,12,세종특별시
2026-06-17T14:40:12+09:00,ALPACA,424613,62.0,36.356018,127.34417,12,세종특별시
2026-06-17T14:40:12+09:00,ALPACA,425470,60.0,36.356026,127.33964,12,세종특별시
2026-06-17T14:40:12+09:00,ALPACA,425045,56.0,36.3561,127.33079,12,세종특별시
2026-06-17T14:40:12+09:00,ALPACA,425547,87.0,36.356148,127.35081,12,세종특별시
2026-06-17T14:40:12+09:00,ALPACA,425007,74.0,36.356277,127.36386,12,세종특별시
2026-06-17T14:40:12+09:00,ALPACA,425407,92.0,36.35636,127.361046,12,세종특별시
2026-06-17T14:40:12+09:00,ALPACA,425047,75.0,36.35641,127.34814,12,세종특별시
2026-06-17T14:40:12+09:00,ALPACA,424818,77.0,36.35644,127.34812,12,세종특별시
2026-06-17T14:40:12+09:00,ALPACA,425282,76.0,36.356503,127.348045,12,세종특별시
2026-06-17T14:40:12+09:00,ALPACA,425233,54.0,36.356514,127.341774,12,세종특별시
2026-06-17T14:40:12+09:00,ALPACA,425265,78.0,36.35654,127.34811,12,세종특별시
2026-06-17T14:40:12+09:00,ALPACA,425402,77.0,36.356552,127.348076,12,세종특별시
2026-06-17T14:40:12+09:00,ALPACA,424713,66.0,36.35656,127.34803,12,세종특별시
2026-06-17T14:40:12+09:00,ALPACA,425008,67.0,36.35658,127.331184,12,세종특별시
2026-06-17T14:40:12+09:00,ALPACA,424595,64.0,36.356632,127.33812,12,세종특별시
2026-06-17T14:40:12+09:00,ALPACA,424183,49.0,36.35665,127.33153,12,세종특별시
2026-06-17T14:40:12+09:00,ALPACA,426460,70.0,36.356766,127.33561,12,세종특별시
2026-06-17T14:40:12+09:00,ALPACA,424502,44.0,36.35679,127.33562,12,세종특별시
2026-06-17T14:40:12+09:00,ALPACA,425411,90.0,36.35689,127.33546,12,세종특별시
2026-06-17T14:40:12+09:00,ALPACA,414766,87.0,36.3569,127.335464,12,세종특별시
2026-06-17T14:40:12+09:00,ALPACA,424909,40.0,36.35701,127.34502,12,세종특별시
2026-06-17T14:40:12+09:00,ALPACA,424821,49.0,36.357014,127.35436,12,세종특별시
2026-06-17T14:40:12+09:00,ALPACA,424828,51.0,36.357162,127.35101,12,세종특별시
2026-06-17T14:40:12+09:00,ALPACA,424966,65.0,36.357216,127.358055,12,세종특별시
2026-06-17T14:40:12+09:00,ALPACA,426311,43.0,36.35722,127.340034,12,세종특별시
2026-06-17T14:40:12+09:00,ALPACA,426301,87.0,36.35723,127.34008,12,세종특별시
2026-06-17T14:40:12+09:00,ALPACA,425222,41.0,36.35726,127.35034,12,세종특별시
2026-06-17T14:40:12+09:00,ALPACA,424693,44.0,36.357384,127.34778,12,세종특별시
2026-06-17T14:40:12+09:00,ALPACA,425475,91.0,36.357407,127.37182,12,세종특별시
2026-06-17T14:40:12+09:00,ALPACA,425056,94.0,36.357414,127.37181,12,세종특별시
2026-06-17T14:40:12+09:00,ALPACA,424371,90.0,36.357418,127.371826,12,세종특별시
2026-06-17T14:40:12+09:00,ALPACA,425539,100.0,36.35742,127.37179,12,세종특별시
2026-06-17T14:40:12+09:00,ALPACA,425536,98.0,36.35743,127.37181,12,세종특별시
2026-06-17T14:40:12+09:00,ALPACA,425194,69.0,36.35743,127.34778,12,세종특별시
2026-06-17T14:40:12+09:00,ALPACA,424375,90.0,36.357433,127.371826,12,세종특별시
2026-06-17T14:40:12+09:00,ALPACA,424986,66.0,36.357433,127.34782,12,세종특별시
2026-06-17T14:40:12+09:00,ALPACA,424716,93.0,36.357437,127.371826,12,세종특별시
2026-06-17T14:40:12+09:00,ALPACA,424836,95.0,36.357437,127.37183,12,세종특별시
2026-06-17T14:40:12+09:00,ALPACA,424992,93.0,36.357437,127.37179,12,세종특별시
2026-06-17T14:40:12+09:00,ALPACA,425304,83.0,36.35744,127.37408,12,세종특별시
2026-06-17T14:40:12+09:00,ALPACA,412524,84.0,36.35745,127.37182,12,세종특별시
2026-06-17T14:40:12+09:00,ALPACA,424366,100.0,36.35745,127.37182,12,세종특별시
2026-06-17T14:40:12+09:00,ALPACA,424519,100.0,36.35745,127.37177,12,세종특별시
2026-06-17T14:40:12+09:00,ALPACA,424881,94.0,36.35745,127.37179,12,세종특별시
2026-06-17T14:40:12+09:00,ALPACA,424931,90.0,36.35745,127.37182,12,세종특별시
2026-06-17T14:40:12+09:00,ALPACA,425284,100.0,36.35745,127.37181,12,세종특별시
2026-06-17T14:40:12+09:00,ALPACA,424573,100.0,36.357452,127.37184,12,세종특별시
2026-06-17T14:40:12+09:00,ALPACA,424398,100.0,36.357464,127.37182,12,세종특별시
2026-06-17T14:40:12+09:00,ALPACA,414820,42.0,36.357468,127.37182,12,세종특별시
2026-06-17T14:40:12+09:00,ALPACA,425772,100.0,36.357468,127.3718,12,세종특별시
2026-06-17T14:40:12+09:00,ALPACA,425382,100.0,36.357468,127.37181,12,세종특별시
2026-06-17T14:40:12+09:00,ALPACA,425714,100.0,36.35747,127.37181,12,세종특별시
2026-06-17T14:40:12+09:00,ALPACA,426451,71.0,36.357475,127.37181,12,세종특별시
2026-06-17T14:40:12+09:00,ALPACA,414275,82.0,36.357483,127.37183,12,세종특별시
2026-06-17T14:40:12+09:00,ALPACA,414686,88.0,36.357487,127.37181,12,세종특별시
2026-06-17T14:40:12+09:00,ALPACA,415028,51.0,36.357487,127.37182,12,세종특별시
2026-06-17T14:40:12+09:00,ALPACA,424445,100.0,36.357487,127.371826,12,세종특별시
2026-06-17T14:40:12+09:00,ALPACA,424845,100.0,36.35749,127.371796,12,세종특별시
2026-06-17T14:40:12+09:00,ALPACA,425701,40.0,36.357494,127.371826,12,세종특별시
2026-06-17T14:40:12+09:00,ALPACA,414769,51.0,36.35751,127.37182,12,세종특별시
2026-06-17T14:40:12+09:00,ALPACA,425583,71.0,36.357517,127.37181,12,세종특별시
2026-06-17T14:40:12+09:00,ALPACA,425200,82.0,36.357517,127.371796,12,세종특별시
2026-06-17T14:40:12+09:00,ALPACA,425015,62.0,36.357536,127.37182,12,세종특별시
2026-06-17T14:40:12+09:00,ALPACA,425755,52.0,36.35756,127.3515,12,세종특별시
2026-06-17T14:40:12+09:00,ALPACA,425674,44.0,36.35757,127.35059,12,세종특별시
2026-06-17T14:40:12+09:00,ALPACA,426441,89.0,36.357574,127.34979,12,세종특별시
2026-06-17T14:40:12+09:00,ALPACA,425357,55.0,36.357647,127.33109,12,세종특별시
2026-06-17T14:40:12+09:00,ALPACA,424906,41.0,36.35765,127.35195,12,세종특별시
2026-06-17T14:40:12+09:00,ALPACA,425485,53.0,36.357685,127.34431,12,세종특별시
2026-06-17T14:40:12+09:00,ALPACA,424916,65.0,36.357822,127.35125,12,세종특별시
2026-06-17T14:40:12+09:00,ALPACA,425491,42.0,36.357883,127.34583,12,세종특별시
2026-06-17T14:40:12+09:00,ALPACA,425332,45.0,36.3579,127.35129,12,세종특별시
2026-06-17T14:40:12+09:00,ALPACA,425422,100.0,36.35791,127.36395,12,세종특별시
2026-06-17T14:40:12+09:00,ALPACA,425460,100.0,36.35793,127.36385,12,세종특별시
2026-06-17T14:40:12+09:00,ALPACA,425753,73.0,36.35793,127.36391,12,세종특별시
2026-06-17T14:40:12+09:00,ALPACA,426268,100.0,36.357937,127.36383,12,세종특별시
2026-06-17T14:40:12+09:00,ALPACA,425765,88.0,36.357944,127.36386,12,세종특별시
2026-06-17T14:40:12+09:00,ALPACA,423880,99.0,36.357956,127.363785,12,세종특별시
2026-06-17T14:40:12+09:00,ALPACA,424185,100.0,36.35796,127.36382,12,세종특별시
2026-06-17T14:40:12+09:00,ALPACA,425209,85.0,36.35796,127.37969,12,세종특별시
2026-06-17T14:40:12+09:00,ALPACA,424400,100.0,36.357964,127.363815,12,세종특별시
2026-06-17T14:40:12+09:00,ALPACA,425543,78.0,36.357975,127.36382,12,세종특별시
2026-06-17T14:40:12+09:00,ALPACA,424326,100.0,36.357983,127.364,12,세종특별시
2026-06-17T14:40:12+09:00,ALPACA,425992,100.0,36.357986,127.363785,12,세종특별시
2026-06-17T14:40:12+09:00,ALPACA,424388,69.0,36.357994,127.36381,12,세종특별시
2026-06-17T14:40:12+09:00,ALPACA,424569,76.0,36.358,127.36382,12,세종특별시
2026-06-17T14:40:12+09:00,ALPACA,424403,76.0,36.358006,127.36379,12,세종특별시
2026-06-17T14:40:12+09:00,ALPACA,424572,86.0,36.358013,127.363914,12,세종특별시
2026-06-17T14:40:12+09:00,ALPACA,425223,49.0,36.35813,127.35243,12,세종특별시
2026-06-17T14:40:12+09:00,ALPACA,424560,38.0,36.358322,127.35582,12,세종특별시
2026-06-17T14:40:12+09:00,ALPACA,425127,51.0,36.358402,127.32857,12,세종특별시
2026-06-17T14:40:12+09:00,ALPACA,424479,62.0,36.358505,127.34494,12,세종특별시
2026-06-17T14:40:12+09:00,ALPACA,424808,47.0,36.358772,127.35916,12,세종특별시
2026-06-17T14:40:12+09:00,ALPACA,424789,58.0,36.35878,127.359116,12,세종특별시
2026-06-17T14:40:12+09:00,ALPACA,424817,76.0,36.358967,127.33226,12,세종특별시
2026-06-17T14:40:12+09:00,ALPACA,424979,68.0,36.35902,127.33379,12,세종특별시
2026-06-17T14:40:12+09:00,ALPACA,424943,64.0,36.359043,127.33376,12,세종특별시
2026-06-17T14:40:12+09:00,ALPACA,425161,70.0,36.359043,127.35218,12,세종특별시
2026-06-17T14:40:12+09:00,ALPACA,424970,45.0,36.35905,127.333725,12,세종특별시
2026-06-17T14:40:12+09:00,ALPACA,425440,66.0,36.359055,127.33343,12,세종특별시
2026-06-17T14:40:12+09:00,ALPACA,425210,46.0,36.35906,127.33347,12,세종특별시
2026-06-17T14:40:12+09:00,ALPACA,425421,62.0,36.359062,127.33345,12,세종특별시
2026-06-17T14:40:12+09:00,ALPACA,425393,56.0,36.359062,127.35218,12,세종특별시
2026-06-17T14:40:12+09:00,ALPACA,425396,71.0,36.359062,127.33344,12,세종특별시
2026-06-17T14:40:12+09:00,ALPACA,425410,63.0,36.35907,127.33347,12,세종특별시
2026-06-17T14:40:12+09:00,ALPACA,425325,56.0,36.35909,127.33349,12,세종특별시
2026-06-17T14:40:12+09:00,ALPACA,424859,62.0,36.359093,127.333466,12,세종특별시
2026-06-17T14:40:12+09:00,ALPACA,425201,65.0,36.359097,127.34553,12,세종특별시
2026-06-17T14:40:12+09:00,ALPACA,424630,81.0,36.359272,127.3417,12,세종특별시
2026-06-17T14:40:12+09:00,ALPACA,424558,84.0,36.359306,127.35442,12,세종특별시
2026-06-17T14:40:12+09:00,ALPACA,424684,51.0,36.359425,127.333916,12,세종특별시
2026-06-17T14:40:12+09:00,ALPACA,424448,89.0,36.35951,127.33482,12,세종특별시
2026-06-17T14:40:12+09:00,ALPACA,425358,98.0,36.359547,127.343346,12,세종특별시
2026-06-17T14:40:12+09:00,ALPACA,425564,87.0,36.359573,127.34343,12,세종특별시
2026-06-17T14:40:12+09:00,ALPACA,424610,46.0,36.359737,127.33646,12,세종특별시
2026-06-17T14:40:12+09:00,ALPACA,424638,40.0,36.359737,127.33638,12,세종특별시
2026-06-17T14:40:12+09:00,ALPACA,414824,48.0,36.35978,127.374146,12,세종특별시
2026-06-17T14:40:12+09:00,ALPACA,425077,99.0,36.359863,127.371994,12,세종특별시
2026-06-17T14:40:12+09:00,ALPACA,424998,54.0,36.360413,127.33222,12,세종특별시
2026-06-17T14:40:12+09:00,ALPACA,424985,41.0,36.360596,127.33354,12,세종특별시
2026-06-17T14:40:12+09:00,ALPACA,425626,32.0,36.360767,127.333916,12,세종특별시
2026-06-17T14:40:12+09:00,ALPACA,424598,65.0,36.360916,127.350266,12,세종특별시
2026-06-17T14:40:12+09:00,ALPACA,424894,58.0,36.361115,127.33635,12,세종특별시
2026-06-17T14:40:12+09:00,ALPACA,425326,71.0,36.361115,127.3372,12,세종특별시
2026-06-17T14:40:12+09:00,ALPACA,425353,44.0,36.361145,127.338425,12,세종특별시
2026-06-17T14:40:12+09:00,ALPACA,424556,100.0,36.36118,127.356,12,세종특별시
2026-06-17T14:40:12+09:00,ALPACA,425046,85.0,36.361324,127.33851,12,세종특별시
2026-06-17T14:40:12+09:00,ALPACA,425246,44.0,36.36135,127.33777,12,세종특별시
2026-06-17T14:40:12+09:00,ALPACA,424374,97.0,36.36141,127.33746,12,세종특별시
2026-06-17T14:40:12+09:00,ALPACA,424976,100.0,36.36153,127.35697,12,세종특별시
2026-06-17T14:40:12+09:00,ALPACA,426378,100.0,36.36154,127.35697,12,세종특별시
2026-06-17T14:40:12+09:00,ALPACA,424441,86.0,36.361656,127.33664,12,세종특별시
2026-06-17T14:40:12+09:00,ALPACA,414826,32.0,36.36168,127.353264,12,세종특별시
2026-06-17T14:40:12+09:00,ALPACA,425693,95.0,36.36177,127.344894,12,세종특별시
2026-06-17T14:40:12+09:00,ALPACA,425454,59.0,36.36179,127.33026,12,세종특별시
2026-06-17T14:40:12+09:00,ALPACA,424634,58.0,36.361794,127.35746,12,세종특별시
2026-06-17T14:40:12+09:00,ALPACA,424369,90.0,36.36182,127.357475,12,세종특별시
2026-06-17T14:40:12+09:00,ALPACA,424885,97.0,36.36183,127.357574,12,세종특별시
2026-06-17T14:40:12+09:00,ALPACA,426262,100.0,36.36184,127.3576,12,세종특별시
2026-06-17T14:40:12+09:00,ALPACA,424405,100.0,36.36185,127.35762,12,세종특별시
2026-06-17T14:40:12+09:00,ALPACA,424889,100.0,36.36185,127.357574,12,세종특별시
2026-06-17T14:40:12+09:00,ALPACA,424415,34.0,36.361877,127.34437,12,세종특별시
2026-06-17T14:40:12+09:00,ALPACA,424786,50.0,36.361923,127.35732,12,세종특별시
2026-06-17T14:40:12+09:00,ALPACA,424958,74.0,36.361958,127.35738,12,세종특별시
2026-06-17T14:40:12+09:00,ALPACA,425371,74.0,36.361965,127.357376,12,세종특별시
2026-06-17T14:40:12+09:00,ALPACA,424922,46.0,36.36197,127.35737,12,세종특별시
2026-06-17T14:40:12+09:00,ALPACA,425368,75.0,36.36197,127.35735,12,세종특별시
2026-06-17T14:40:12+09:00,ALPACA,424584,67.0,36.36198,127.35785,12,세종특별시
2026-06-17T14:40:12+09:00,ALPACA,425527,76.0,36.36202,127.35738,12,세종특별시
2026-06-17T14:40:12+09:00,ALPACA,425114,44.0,36.36203,127.36115,12,세종특별시
2026-06-17T14:40:12+09:00,ALPACA,424399,82.0,36.362183,127.37412,12,세종특별시
2026-06-17T14:40:12+09:00,ALPACA,424778,95.0,36.36247,127.34416,12,세종특별시
2026-06-17T14:40:12+09:00,ALPACA,425184,100.0,36.362507,127.35731,12,세종특별시
2026-06-17T14:40:12+09:00,ALPACA,424578,94.0,36.36252,127.33519,12,세종특별시
2026-06-17T14:40:12+09:00,ALPACA,425389,55.0,36.36252,127.357346,12,세종특별시
2026-06-17T14:40:12+09:00,ALPACA,424941,100.0,36.362583,127.3447,12,세종특별시
2026-06-17T14:40:12+09:00,ALPACA,425118,95.0,36.362583,127.34451,12,세종특별시
2026-06-17T14:40:12+09:00,ALPACA,424957,97.0,36.362587,127.3446,12,세종특별시
2026-06-17T14:40:12+09:00,ALPACA,424592,76.0,36.362595,127.34471,12,세종특별시
2026-06-17T14:40:12+09:00,ALPACA,425434,100.0,36.3626,127.34471,12,세종특별시
2026-06-17T14:40:12+09:00,ALPACA,424332,100.0,36.362602,127.34473,12,세종특별시
2026-06-17T14:40:12+09:00,ALPACA,424585,100.0,36.362602,127.3447,12,세종특별시
2026-06-17T14:40:12+09:00,ALPACA,425588,100.0,36.362606,127.34472,12,세종특별시
2026-06-17T14:40:12+09:00,ALPACA,425703,68.0,36.36261,127.344505,12,세종특별시
2026-06-17T14:40:12+09:00,ALPACA,425224,98.0,36.362614,127.344475,12,세종특별시
2026-06-17T14:40:12+09:00,ALPACA,424429,99.0,36.36262,127.34457,12,세종특별시
2026-06-17T14:40:12+09:00,ALPACA,424919,100.0,36.36262,127.34452,12,세종특별시
2026-06-17T14:40:12+09:00,ALPACA,425345,100.0,36.36262,127.344734,12,세종특별시
2026-06-17T14:40:12+09:00,ALPACA,425400,62.0,36.362625,127.34453,12,세종특별시
2026-06-17T14:40:12+09:00,ALPACA,425377,100.0,36.36263,127.34456,12,세종특별시
2026-06-17T14:40:12+09:00,ALPACA,425549,94.0,36.362633,127.34458,12,세종특별시
2026-06-17T14:40:12+09:00,ALPACA,424937,100.0,36.36264,127.34456,12,세종특별시
2026-06-17T14:40:12+09:00,ALPACA,425314,95.0,36.36265,127.34456,12,세종특별시
2026-06-17T14:40:12+09:00,ALPACA,425955,100.0,36.36266,127.344696,12,세종특별시
2026-06-17T14:40:12+09:00,ALPACA,424727,92.0,36.362663,127.34357,12,세종특별시
2026-06-17T14:40:12+09:00,ALPACA,424767,79.0,36.36267,127.343605,12,세종특별시
2026-06-17T14:40:12+09:00,ALPACA,425005,75.0,36.36267,127.34359,12,세종특별시
2026-06-17T14:40:12+09:00,ALPACA,426413,32.0,36.36271,127.34346,12,세종특별시
2026-06-17T14:40:12+09:00,ALPACA,424493,76.0,36.362835,127.35148,12,세종특별시
2026-06-17T14:40:12+09:00,ALPACA,424758,53.0,36.362843,127.356865,12,세종특별시
2026-06-17T14:40:12+09:00,ALPACA,425129,100.0,36.36287,127.35676,12,세종특별시
2026-06-17T14:40:12+09:00,ALPACA,425630,84.0,36.363148,127.34218,12,세종특별시
2026-06-17T14:40:12+09:00,ALPACA,424342,73.0,36.363224,127.334885,12,세종특별시
2026-06-17T14:40:12+09:00,ALPACA,425472,35.0,36.363243,127.34195,12,세종특별시
2026-06-17T14:40:12+09:00,ALPACA,424485,51.0,36.363274,127.33416,12,세종특별시
2026-06-17T14:40:12+09:00,ALPACA,425336,100.0,36.36348,127.35655,12,세종특별시
2026-06-17T14:40:12+09:00,ALPACA,424804,95.0,36.363518,127.356926,12,세종특별시
2026-06-17T14:40:12+09:00,ALPACA,425623,91.0,36.36368,127.3582,12,세종특별시
2026-06-17T14:40:12+09:00,ALPACA,425437,54.0,36.3637,127.358185,12,세종특별시
2026-06-17T14:40:12+09:00,ALPACA,425459,50.0,36.36404,127.35904,12,세종특별시
2026-06-17T14:40:12+09:00,ALPACA,425356,43.0,36.364616,127.34049,12,세종특별시
2026-06-17T14:40:12+09:00,ALPACA,425323,41.0,36.36463,127.34037,12,세종특별시
2026-06-17T14:40:12+09:00,ALPACA,424557,92.0,36.36471,127.34718,12,세종특별시
2026-06-17T14:40:12+09:00,ALPACA,425687,100.0,36.364986,127.347565,12,세종특별시
2026-06-17T14:40:12+09:00,ALPACA,425237,70.0,36.364998,127.34737,12,세종특별시
2026-06-17T14:40:12+09:00,ALPACA,424728,98.0,36.365192,127.34632,12,세종특별시
2026-06-17T14:40:12+09:00,ALPACA,424962,100.0,36.36541,127.36342,12,세종특별시
2026-06-17T14:40:12+09:00,ALPACA,423883,66.0,36.365643,127.346085,12,세종특별시
2026-06-17T14:40:12+09:00,ALPACA,425031,47.0,36.365723,127.33681,12,세종특별시
2026-06-17T14:40:12+09:00,ALPACA,424308,76.0,36.36589,127.36466,12,세종특별시
2026-06-17T14:40:12+09:00,ALPACA,425748,68.0,36.3659,127.36465,12,세종특별시
2026-06-17T14:40:12+09:00,ALPACA,424567,76.0,36.365902,127.364655,12,세종특별시
2026-06-17T14:40:12+09:00,ALPACA,424566,75.0,36.365906,127.364655,12,세종특별시
2026-06-17T14:40:12+09:00,ALPACA,425744,66.0,36.365913,127.36465,12,세종특별시
2026-06-17T14:40:12+09:00,ALPACA,424207,67.0,36.365913,127.364655,12,세종특별시
2026-06-17T14:40:12+09:00,ALPACA,424413,75.0,36.365917,127.36466,12,세종특별시
2026-06-17T14:40:12+09:00,ALPACA,426462,76.0,36.36644,127.31598,12,세종특별시
2026-06-17T14:40:12+09:00,ALPACA,424805,99.0,36.366493,127.3428,12,세종특별시
2026-06-17T14:40:12+09:00,ALPACA,426436,95.0,36.366497,127.34273,12,세종특별시
2026-06-17T14:40:12+09:00,ALPACA,424344,96.0,36.3665,127.3428,12,세종특별시
2026-06-17T14:40:12+09:00,ALPACA,424823,56.0,36.3665,127.342834,12,세종특별시
2026-06-17T14:40:12+09:00,ALPACA,425014,92.0,36.3665,127.34282,12,세종특별시
2026-06-17T14:40:12+09:00,ALPACA,425137,63.0,36.3665,127.34271,12,세종특별시
2026-06-17T14:40:12+09:00,ALPACA,424528,33.0,36.36651,127.3425,12,세종특별시
2026-06-17T14:40:12+09:00,ALPACA,425313,34.0,36.366512,127.34256,12,세종특별시
2026-06-17T14:40:12+09:00,ALPACA,424833,88.0,36.366516,127.342804,12,세종특별시
2026-06-17T14:40:12+09:00,ALPACA,425514,81.0,36.366528,127.342636,12,세종특별시
2026-06-17T14:40:12+09:00,ALPACA,425466,96.0,36.36654,127.3428,12,세종특별시
2026-06-17T14:40:12+09:00,ALPACA,425416,62.0,36.366554,127.34257,12,세종특별시
2026-06-17T14:40:12+09:00,ALPACA,425340,91.0,36.366554,127.34517,12,세종특별시
2026-06-17T14:40:12+09:00,ALPACA,425974,96.0,36.366566,127.342476,12,세종특별시
2026-06-17T14:40:12+09:00,ALPACA,425559,72.0,36.366577,127.34559,12,세종특별시
2026-06-17T14:40:12+09:00,ALPACA,424964,100.0,36.366577,127.36243,12,세종특별시
2026-06-17T14:40:12+09:00,ALPACA,424553,37.0,36.366688,127.3446,12,세종특별시
2026-06-17T14:40:12+09:00,ALPACA,424338,38.0,36.36674,127.34466,12,세종특별시
2026-06-17T14:40:12+09:00,ALPACA,425716,90.0,36.366745,127.34466,12,세종특별시
2026-06-17T14:40:12+09:00,ALPACA,425168,44.0,36.366848,127.3447,12,세종특별시
2026-06-17T14:40:12+09:00,ALPACA,425493,56.0,36.366856,127.34641,12,세종특별시
2026-06-17T14:40:12+09:00,ALPACA,424571,98.0,36.366863,127.34466,12,세종특별시
2026-06-17T14:40:12+09:00,ALPACA,425208,77.0,36.36688,127.344734,12,세종특별시
2026-06-17T14:40:12+09:00,ALPACA,425048,97.0,36.36689,127.34468,12,세종특별시
2026-06-17T14:40:12+09:00,ALPACA,425251,97.0,36.366936,127.34473,12,세종특별시
2026-06-17T14:40:12+09:00,ALPACA,424337,97.0,36.367,127.340836,12,세종특별시
2026-06-17T14:40:12+09:00,ALPACA,425598,78.0,36.36701,127.34084,12,세종특별시
2026-06-17T14:40:12+09:00,ALPACA,425009,88.0,36.367023,127.340866,12,세종특별시
2026-06-17T14:40:12+09:00,ALPACA,425756,98.0,36.367115,127.345894,12,세종특별시
2026-06-17T14:40:12+09:00,ALPACA,425060,74.0,36.367153,127.36254,12,세종특별시
2026-06-17T14:40:12+09:00,ALPACA,424496,100.0,36.36717,127.36254,12,세종특별시
2026-06-17T14:40:12+09:00,ALPACA,424802,61.0,36.367344,127.35677,12,세종특별시
2026-06-17T14:40:12+09:00,ALPACA,424454,76.0,36.36738,127.34067,12,세종특별시
2026-06-17T14:40:12+09:00,ALPACA,424968,91.0,36.36739,127.34069,12,세종특별시
2026-06-17T14:40:12+09:00,ALPACA,425018,43.0,36.367558,127.36122,12,세종특별시
2026-06-17T14:40:12+09:00,ALPACA,424751,68.0,36.367603,127.34084,12,세종특별시
2026-06-17T14:40:12+09:00,ALPACA,425106,95.0,36.367783,127.3656,12,세종특별시
2026-06-17T14:40:12+09:00,ALPACA,424987,100.0,36.367794,127.3421,12,세종특별시
2026-06-17T14:40:12+09:00,ALPACA,424742,71.0,36.367817,127.34209,12,세종특별시
2026-06-17T14:40:12+09:00,ALPACA,425125,65.0,36.367817,127.34215,12,세종특별시
2026-06-17T14:40:12+09:00,ALPACA,425441,100.0,36.367825,127.365616,12,세종특별시
2026-06-17T14:40:12+09:00,ALPACA,425684,80.0,36.36783,127.36563,12,세종특별시
2026-06-17T14:40:12+09:00,ALPACA,425119,62.0,36.36783,127.34214,12,세종특별시
2026-06-17T14:40:12+09:00,ALPACA,425691,83.0,36.367836,127.34036,12,세종특별시
2026-06-17T14:40:12+09:00,ALPACA,424551,34.0,36.367836,127.34211,12,세종특별시
2026-06-17T14:40:12+09:00,ALPACA,424391,85.0,36.36784,127.34212,12,세종특별시
2026-06-17T14:40:12+09:00,ALPACA,425483,77.0,36.367844,127.34205,12,세종특별시
2026-06-17T14:40:12+09:00,ALPACA,425620,68.0,36.367847,127.34213,12,세종특별시
2026-06-17T14:40:12+09:00,ALPACA,425468,100.0,36.367855,127.36566,12,세종특별시
2026-06-17T14:40:12+09:00,ALPACA,424361,96.0,36.367867,127.342064,12,세종특별시
2026-06-17T14:40:12+09:00,ALPACA,424773,90.0,36.36788,127.34211,12,세종특별시
2026-06-17T14:40:12+09:00,ALPACA,425185,93.0,36.36789,127.34206,12,세종특별시
2026-06-17T14:40:12+09:00,ALPACA,425426,81.0,36.36792,127.34157,12,세종특별시
2026-06-17T14:40:12+09:00,ALPACA,425480,84.0,36.368137,127.34601,12,세종특별시
2026-06-17T14:40:12+09:00,ALPACA,425777,64.0,36.368137,127.34604,12,세종특별시
2026-06-17T14:40:12+09:00,ALPACA,424851,52.0,36.368145,127.34598,12,세종특별시
2026-06-17T14:40:12+09:00,ALPACA,423922,33.0,36.368153,127.34598,12,세종특별시
2026-06-17T14:40:12+09:00,ALPACA,414685,71.0,36.368164,127.34597,12,세종특별시
2026-06-17T14:40:12+09:00,ALPACA,425624,100.0,36.368176,127.34594,12,세종특별시
2026-06-17T14:40:12+09:00,ALPACA,425729,87.0,36.36821,127.34595,12,세종특별시
2026-06-17T14:40:12+09:00,ALPACA,425478,83.0,36.368275,127.34259,12,세종특별시
2026-06-17T14:40:12+09:00,ALPACA,425481,90.0,36.368275,127.34272,12,세종특별시
2026-06-17T14:40:12+09:00,ALPACA,425139,81.0,36.368282,127.34259,12,세종특별시
2026-06-17T14:40:12+09:00,ALPACA,425331,58.0,36.368282,127.34254,12,세종특별시
2026-06-17T14:40:12+09:00,ALPACA,425003,75.0,36.368313,127.34261,12,세종특별시
2026-06-17T14:40:12+09:00,ALPACA,424524,75.0,36.36832,127.342575,12,세종특별시
2026-06-17T14:40:12+09:00,ALPACA,425617,39.0,36.368324,127.34259,12,세종특별시
2026-06-17T14:40:12+09:00,ALPACA,425621,53.0,36.36834,127.34257,12,세종특별시
2026-06-17T14:40:12+09:00,ALPACA,425063,97.0,36.368347,127.34267,12,세종특별시
2026-06-17T14:40:12+09:00,ALPACA,424858,100.0,36.36853,127.36599,12,세종특별시
2026-06-17T14:40:12+09:00,ALPACA,424409,48.0,36.36859,127.34063,12,세종특별시
2026-06-17T14:40:12+09:00,ALPACA,424428,33.0,36.36863,127.343735,12,세종특별시
2026-06-17T14:40:12+09:00,ALPACA,425423,83.0,36.36864,127.34067,12,세종특별시
2026-06-17T14:40:12+09:00,ALPACA,425088,31.0,36.36864,127.34377,12,세종특별시
2026-06-17T14:40:12+09:00,ALPACA,411802,73.0,36.368645,127.34372,12,세종특별시
2026-06-17T14:40:12+09:00,ALPACA,424123,55.0,36.368645,127.34071,12,세종특별시
2026-06-17T14:40:12+09:00,ALPACA,425315,96.0,36.36865,127.34379,12,세종특별시
2026-06-17T14:40:12+09:00,ALPACA,424907,92.0,36.368652,127.340645,12,세종특별시
2026-06-17T14:40:12+09:00,ALPACA,424683,71.0,36.368683,127.34074,12,세종특별시
2026-06-17T14:40:12+09:00,ALPACA,424824,45.0,36.368683,127.338264,12,세종특별시
2026-06-17T14:40:12+09:00,ALPACA,424423,100.0,36.368687,127.34073,12,세종특별시
2026-06-17T14:40:12+09:00,ALPACA,424632,60.0,36.368687,127.34072,12,세종특별시
2026-06-17T14:40:12+09:00,ALPACA,425548,97.0,36.36869,127.34071,12,세종특별시
2026-06-17T14:40:12+09:00,ALPACA,424945,69.0,36.36869,127.34189,12,세종특별시
2026-06-17T14:40:12+09:00,ALPACA,425158,80.0,36.368702,127.34065,12,세종특별시
2026-06-17T14:40:12+09:00,ALPACA,424354,32.0,36.368706,127.340706,12,세종특별시
2026-06-17T14:40:12+09:00,ALPACA,424362,45.0,36.368706,127.34187,12,세종특별시
2026-06-17T14:40:12+09:00,ALPACA,424530,100.0,36.368706,127.340675,12,세종특별시
2026-06-17T14:40:12+09:00,ALPACA,425540,51.0,36.368717,127.34193,12,세종특별시
2026-06-17T14:40:12+09:00,ALPACA,425442,78.0,36.368725,127.3407,12,세종특별시
2026-06-17T14:40:12+09:00,ALPACA,414402,83.0,36.36873,127.34073,12,세종특별시
2026-06-17T14:40:12+09:00,ALPACA,425172,56.0,36.36873,127.341965,12,세종특별시
2026-06-17T14:40:12+09:00,ALPACA,425715,76.0,36.368732,127.34067,12,세종특별시
2026-06-17T14:40:12+09:00,ALPACA,424626,56.0,36.368732,127.34056,12,세종특별시
2026-06-17T14:40:12+09:00,ALPACA,425394,100.0,36.368732,127.34068,12,세종특별시
2026-06-17T14:40:12+09:00,ALPACA,425522,58.0,36.368736,127.34069,12,세종특별시
2026-06-17T14:40:12+09:00,ALPACA,424475,50.0,36.368736,127.34069,12,세종특별시
2026-06-17T14:40:12+09:00,ALPACA,425230,100.0,36.368736,127.3407,12,세종특별시
2026-06-17T14:40:12+09:00,ALPACA,425249,84.0,36.368736,127.3406,12,세종특별시
2026-06-17T14:40:12+09:00,ALPACA,415497,55.0,36.368744,127.34252,12,세종특별시
2026-06-17T14:40:12+09:00,ALPACA,425473,52.0,36.368767,127.3419,12,세종특별시
2026-06-17T14:40:12+09:00,ALPACA,424500,87.0,36.36877,127.34069,12,세종특별시
2026-06-17T14:40:12+09:00,ALPACA,424877,75.0,36.36877,127.340675,12,세종특별시
2026-06-17T14:40:12+09:00,ALPACA,425277,93.0,36.36877,127.340706,12,세종특별시
2026-06-17T14:40:12+09:00,ALPACA,424959,75.0,36.368786,127.34069,12,세종특별시
2026-06-17T14:40:12+09:00,ALPACA,424633,80.0,36.36879,127.34076,12,세종특별시
2026-06-17T14:40:12+09:00,ALPACA,425457,62.0,36.368793,127.34071,12,세종특별시
2026-06-17T14:40:12+09:00,ALPACA,425542,52.0,36.368805,127.34252,12,세종특별시
2026-06-17T14:40:12+09:00,ALPACA,424440,60.0,36.36884,127.340004,12,세종특별시
2026-06-17T14:40:12+09:00,ALPACA,425538,49.0,36.36886,127.33998,12,세종특별시
2026-06-17T14:40:12+09:00,ALPACA,426105,97.0,36.368874,127.31593,12,세종특별시
2026-06-17T14:40:12+09:00,ALPACA,425080,76.0,36.368877,127.34285,12,세종특별시
2026-06-17T14:40:12+09:00,ALPACA,426099,86.0,36.36888,127.34277,12,세종특별시
2026-06-17T14:40:12+09:00,ALPACA,425043,52.0,36.368885,127.339966,12,세종특별시
2026-06-17T14:40:12+09:00,ALPACA,425311,57.0,36.36889,127.33994,12,세종특별시
2026-06-17T14:40:12+09:00,ALPACA,425081,51.0,36.368896,127.339966,12,세종특별시
2026-06-17T14:40:12+09:00,ALPACA,424417,52.0,36.3689,127.33996,12,세종특별시
2026-06-17T14:40:12+09:00,ALPACA,425415,67.0,36.368904,127.34292,12,세종특별시
2026-06-17T14:40:12+09:00,ALPACA,424686,48.0,36.368904,127.34285,12,세종특별시
2026-06-17T14:40:12+09:00,ALPACA,424718,77.0,36.368908,127.35069,12,세종특별시
2026-06-17T14:40:12+09:00,ALPACA,425071,53.0,36.36891,127.34288,12,세종특별시
2026-06-17T14:40:12+09:00,ALPACA,426361,87.0,36.368916,127.34398,12,세종특별시
2026-06-17T14:40:12+09:00,ALPACA,424355,72.0,36.368935,127.340996,12,세종특별시
2026-06-17T14:40:12+09:00,ALPACA,424980,36.0,36.368954,127.34293,12,세종특별시
2026-06-17T14:40:12+09:00,ALPACA,426267,75.0,36.36896,127.340836,12,세종특별시
2026-06-17T14:40:12+09:00,ALPACA,424552,61.0,36.368973,127.3398,12,세종특별시
2026-06-17T14:40:12+09:00,ALPACA,424940,49.0,36.368977,127.33997,12,세종특별시
2026-06-17T14:40:12+09:00,ALPACA,424339,67.0,36.36899,127.339966,12,세종특별시
2026-06-17T14:40:12+09:00,ALPACA,425163,39.0,36.36899,127.3425,12,세종특별시
2026-06-17T14:40:12+09:00,ALPACA,425447,100.0,36.368996,127.34001,12,세종특별시
2026-06-17T14:40:12+09:00,ALPACA,425264,69.0,36.369022,127.33998,12,세종특별시
2026-06-17T14:40:12+09:00,ALPACA,425429,64.0,36.36903,127.339935,12,세종특별시
2026-06-17T14:40:12+09:00,ALPACA,425628,42.0,36.369175,127.33391,12,세종특별시
2026-06-17T14:40:12+09:00,ALPACA,425232,100.0,36.369297,127.366806,12,세종특별시
2026-06-17T14:40:12+09:00,ALPACA,426370,51.0,36.369522,127.35133,12,세종특별시
2026-06-17T14:40:12+09:00,ALPACA,424341,31.0,36.369537,127.35133,12,세종특별시
2026-06-17T14:40:12+09:00,ALPACA,424513,82.0,36.369537,127.35133,12,세종특별시
2026-06-17T14:40:12+09:00,ALPACA,425771,70.0,36.36954,127.35135,12,세종특별시
2026-06-17T14:40:12+09:00,ALPACA,424351,79.0,36.36954,127.351295,12,세종특별시
2026-06-17T14:40:12+09:00,ALPACA,425633,46.0,36.369545,127.35128,12,세종특별시
2026-06-17T14:40:12+09:00,ALPACA,425280,77.0,36.369545,127.35132,12,세종특별시
2026-06-17T14:40:12+09:00,ALPACA,425418,95.0,36.369553,127.351326,12,세종특별시
2026-06-17T14:40:12+09:00,ALPACA,425187,73.0,36.369553,127.35134,12,세종특별시
2026-06-17T14:40:12+09:00,ALPACA,425528,74.0,36.369556,127.35126,12,세종특별시
2026-06-17T14:40:12+09:00,ALPACA,424796,100.0,36.369556,127.35134,12,세종특별시
2026-06-17T14:40:12+09:00,ALPACA,425177,100.0,36.369556,127.35128,12,세종특별시
2026-06-17T14:40:12+09:00,ALPACA,425692,94.0,36.36956,127.35127,12,세종특별시
2026-06-17T14:40:12+09:00,ALPACA,424888,83.0,36.36956,127.35126,12,세종특별시
2026-06-17T14:40:12+09:00,ALPACA,425176,71.0,36.36956,127.35123,12,세종특별시
2026-06-17T14:40:12+09:00,ALPACA,425484,95.0,36.369564,127.35133,12,세종특별시
2026-06-17T14:40:12+09:00,ALPACA,424186,87.0,36.369568,127.351265,12,세종특별시
2026-06-17T14:40:12+09:00,ALPACA,424749,93.0,36.369568,127.34378,12,세종특별시
2026-06-17T14:40:12+09:00,ALPACA,424803,62.0,36.369583,127.35124,12,세종특별시
2026-06-17T14:40:12+09:00,ALPACA,425462,89.0,36.369587,127.3513,12,세종특별시
2026-06-17T14:40:12+09:00,ALPACA,425631,50.0,36.36959,127.35129,12,세종특별시
2026-06-17T14:40:12+09:00,ALPACA,424464,36.0,36.369595,127.31903,12,세종특별시
2026-06-17T14:40:12+09:00,ALPACA,425534,46.0,36.3696,127.3437,12,세종특별시
2026-06-17T14:40:12+09:00,ALPACA,423908,97.0,36.369606,127.351166,12,세종특별시
2026-06-17T14:40:12+09:00,ALPACA,425581,99.0,36.369614,127.35119,12,세종특별시
2026-06-17T14:40:12+09:00,ALPACA,424855,95.0,36.369614,127.35117,12,세종특별시
2026-06-17T14:40:12+09:00,ALPACA,425328,61.0,36.369614,127.35118,12,세종특별시
2026-06-17T14:40:12+09:00,ALPACA,425775,99.0,36.369617,127.343285,12,세종특별시
2026-06-17T14:40:12+09:00,ALPACA,425105,77.0,36.36963,127.351166,12,세종특별시
2026-06-17T14:40:12+09:00,ALPACA,425513,72.0,36.369637,127.34374,12,세종특별시
2026-06-17T14:40:12+09:00,ALPACA,424480,67.0,36.369637,127.35117,12,세종특별시
2026-06-17T14:40:12+09:00,ALPACA,425369,100.0,36.36964,127.36308,12,세종특별시
2026-06-17T14:40:12+09:00,ALPACA,424784,85.0,36.369648,127.3512,12,세종특별시
2026-06-17T14:40:12+09:00,ALPACA,424419,58.0,36.36966,127.31805,12,세종특별시
2026-06-17T14:40:12+09:00,ALPACA,424368,67.0,36.36967,127.35114,12,세종특별시
2026-06-17T14:40:12+09:00,ALPACA,425069,100.0,36.36967,127.343445,12,세종특별시
2026-06-17T14:40:12+09:00,ALPACA,425283,89.0,36.36971,127.36292,12,세종특별시
2026-06-17T14:40:12+09:00,ALPACA,424774,58.0,36.369747,127.362854,12,세종특별시
2026-06-17T14:40:12+09:00,ALPACA,425474,100.0,36.36976,127.343666,12,세종특별시
2026-06-17T14:40:12+09:00,ALPACA,425399,98.0,36.369865,127.34422,12,세종특별시
2026-06-17T14:40:12+09:00,ALPACA,424353,80.0,36.369884,127.3439,12,세종특별시
2026-06-17T14:40:12+09:00,ALPACA,424522,58.0,36.36989,127.34386,12,세종특별시
2026-06-17T14:40:12+09:00,ALPACA,424167,67.0,36.3699,127.34381,12,세종특별시
2026-06-17T14:40:12+09:00,ALPACA,425100,77.0,36.369915,127.34536,12,세종특별시
2026-06-17T14:40:12+09:00,ALPACA,425686,92.0,36.36993,127.343834,12,세종특별시
2026-06-17T14:40:12+09:00,ALPACA,425512,84.0,36.369938,127.3386,12,세종특별시
2026-06-17T14:40:12+09:00,ALPACA,426360,90.0,36.369976,127.36287,12,세종특별시
2026-06-17T14:40:12+09:00,ALPACA,411686,80.0,36.370014,127.33849,12,세종특별시
2026-06-17T14:40:12+09:00,ALPACA,424680,54.0,36.37004,127.36051,12,세종특별시
2026-06-17T14:40:12+09:00,ALPACA,424721,50.0,36.37004,127.36049,12,세종특별시
2026-06-17T14:40:12+09:00,ALPACA,424659,70.0,36.370064,127.3623,12,세종특별시
2026-06-17T14:40:12+09:00,ALPACA,424359,100.0,36.370087,127.36006,12,세종특별시
2026-06-17T14:40:12+09:00,ALPACA,424444,94.0,36.37011,127.36043,12,세종특별시
2026-06-17T14:40:12+09:00,ALPACA,425023,91.0,36.370174,127.33713,12,세종특별시
2026-06-17T14:40:12+09:00,ALPACA,425523,76.0,36.370678,127.363815,12,세종특별시
2026-06-17T14:40:12+09:00,ALPACA,424822,67.0,36.370678,127.35352,12,세종특별시
2026-06-17T14:40:12+09:00,ALPACA,424996,90.0,36.37071,127.36244,12,세종특별시
2026-06-17T14:40:12+09:00,ALPACA,425108,34.0,36.370777,127.362526,12,세종특별시
2026-06-17T14:40:12+09:00,ALPACA,424473,99.0,36.370804,127.36242,12,세종특별시
2026-06-17T14:40:12+09:00,ALPACA,424988,100.0,36.37086,127.362404,12,세종특별시
2026-06-17T14:40:12+09:00,ALPACA,426302,97.0,36.37099,127.33506,12,세종특별시
2026-06-17T14:40:12+09:00,ALPACA,425576,95.0,36.371258,127.34147,12,세종특별시
2026-06-17T14:40:12+09:00,ALPACA,424373,63.0,36.371258,127.34145,12,세종특별시
2026-06-17T14:40:12+09:00,ALPACA,425026,96.0,36.371265,127.34145,12,세종특별시
2026-06-17T14:40:12+09:00,ALPACA,425425,98.0,36.37127,127.3415,12,세종특별시
2026-06-17T14:40:12+09:00,ALPACA,425511,96.0,36.37127,127.34154,12,세종특별시
2026-06-17T14:40:12+09:00,ALPACA,425533,100.0,36.37127,127.34148,12,세종특별시
2026-06-17T14:40:12+09:00,ALPACA,425145,100.0,36.37127,127.341324,12,세종특별시
2026-06-17T14:40:12+09:00,ALPACA,424421,100.0,36.371277,127.34138,12,세종특별시
2026-06-17T14:40:12+09:00,ALPACA,425082,97.0,36.371277,127.34136,12,세종특별시
2026-06-17T14:40:12+09:00,ALPACA,425500,94.0,36.37128,127.341415,12,세종특별시
2026-06-17T14:40:12+09:00,ALPACA,424798,100.0,36.37128,127.34133,12,세종특별시
2026-06-17T14:40:12+09:00,ALPACA,425501,100.0,36.371284,127.34147,12,세종특별시
2026-06-17T14:40:12+09:00,ALPACA,425439,100.0,36.37129,127.341385,12,세종특별시
2026-06-17T14:40:12+09:00,ALPACA,425530,40.0,36.37129,127.34139,12,세종특별시
2026-06-17T14:40:12+09:00,ALPACA,424489,64.0,36.371292,127.33516,12,세종특별시
2026-06-17T14:40:12+09:00,ALPACA,425099,49.0,36.371292,127.341446,12,세종특별시
2026-06-17T14:40:12+09:00,ALPACA,425495,73.0,36.371307,127.34139,12,세종특별시
2026-06-17T14:40:12+09:00,ALPACA,426495,36.0,36.37135,127.3334,12,세종특별시
2026-06-17T14:40:12+09:00,ALPACA,424340,62.0,36.37135,127.33523,12,세종특별시
2026-06-17T14:40:12+09:00,ALPACA,424689,90.0,36.37144,127.34334,12,세종특별시
2026-06-17T14:40:12+09:00,ALPACA,425170,55.0,36.37144,127.34328,12,세종특별시
2026-06-17T14:40:12+09:00,ALPACA,425276,100.0,36.37144,127.34322,12,세종특별시
2026-06-17T14:40:12+09:00,ALPACA,424565,87.0,36.371468,127.34339,12,세종특별시
2026-06-17T14:40:12+09:00,ALPACA,426231,78.0,36.371475,127.34335,12,세종특별시
2026-06-17T14:40:12+09:00,ALPACA,425503,62.0,36.37149,127.34339,12,세종특별시
2026-06-17T14:40:12+09:00,ALPACA,424766,100.0,36.37149,127.343346,12,세종특별시
2026-06-17T14:40:12+09:00,ALPACA,426499,63.0,36.371517,127.343254,12,세종특별시
2026-06-17T14:40:12+09:00,ALPACA,424390,100.0,36.371548,127.343254,12,세종특별시
2026-06-17T14:40:12+09:00,ALPACA,424923,96.0,36.37156,127.34324,12,세종특별시
2026-06-17T14:40:12+09:00,ALPACA,425011,65.0,36.37156,127.34327,12,세종특별시
2026-06-17T14:40:12+09:00,ALPACA,424636,100.0,36.371567,127.343254,12,세종특별시
2026-06-17T14:40:12+09:00,ALPACA,424606,100.0,36.37161,127.34328,12,세종특별시
2026-06-17T14:40:12+09:00,ALPACA,424122,100.0,36.371834,127.35854,12,세종특별시
2026-06-17T14:40:12+09:00,ALPACA,425452,100.0,36.371937,127.36205,12,세종특별시
2026-06-17T14:40:12+09:00,ALPACA,425469,42.0,36.3721,127.338486,12,세종특별시
2026-06-17T14:40:12+09:00,ALPACA,424549,97.0,36.372116,127.341644,12,세종특별시
2026-06-17T14:40:12+09:00,ALPACA,426455,100.0,36.372143,127.31735,12,세종특별시
2026-06-17T14:40:12+09:00,ALPACA,426166,99.0,36.372253,127.319115,12,세종특별시
2026-06-17T14:40:12+09:00,ALPACA,425708,100.0,36.372253,127.31916,12,세종특별시
2026-06-17T14:40:12+09:00,ALPACA,424757,37.0,36.372307,127.32329,12,세종특별시
2026-06-17T14:40:12+09:00,ALPACA,424043,47.0,36.372322,127.33547,12,세종특별시
2026-06-17T14:40:12+09:00,ALPACA,425146,91.0,36.372368,127.318184,12,세종특별시
2026-06-17T14:40:12+09:00,ALPACA,424854,43.0,36.372383,127.33531,12,세종특별시
2026-06-17T14:40:12+09:00,ALPACA,426560,79.0,36.37239,127.317566,12,세종특별시
2026-06-17T14:40:12+09:00,ALPACA,424831,47.0,36.372395,127.33536,12,세종특별시
2026-06-17T14:40:12+09:00,ALPACA,424476,57.0,36.372402,127.335365,12,세종특별시
2026-06-17T14:40:12+09:00,ALPACA,425580,56.0,36.372406,127.33523,12,세종특별시
2026-06-17T14:40:12+09:00,ALPACA,424867,52.0,36.372406,127.3354,12,세종특별시
2026-06-17T14:40:12+09:00,ALPACA,426247,100.0,36.372437,127.31809,12,세종특별시
2026-06-17T14:40:12+09:00,ALPACA,426433,100.0,36.372448,127.31799,12,세종특별시
2026-06-17T14:40:12+09:00,ALPACA,426492,100.0,36.37245,127.31804,12,세종특별시
2026-06-17T14:40:12+09:00,ALPACA,426108,41.0,36.372513,127.33413,12,세종특별시
2026-06-17T14:40:12+09:00,ALPACA,424702,91.0,36.372513,127.343254,12,세종특별시
2026-06-17T14:40:12+09:00,ALPACA,426389,85.0,36.372578,127.316505,12,세종특별시
2026-06-17T14:40:12+09:00,ALPACA,425347,67.0,36.372673,127.339615,12,세종특별시
2026-06-17T14:40:12+09:00,ALPACA,424474,33.0,36.372723,127.33958,12,세종특별시
2026-06-17T14:40:12+09:00,ALPACA,425022,75.0,36.37283,127.33968,12,세종특별시
2026-06-17T14:40:12+09:00,ALPACA,426278,92.0,36.3729,127.34384,12,세종특별시
2026-06-17T14:40:12+09:00,ALPACA,424869,70.0,36.372925,127.34386,12,세종특별시
2026-06-17T14:40:12+09:00,ALPACA,424690,50.0,36.37295,127.34388,12,세종특별시
2026-06-17T14:40:12+09:00,ALPACA,424406,51.0,36.37296,127.35964,12,세종특별시
2026-06-17T14:40:12+09:00,ALPACA,425544,93.0,36.372963,127.34385,12,세종특별시
2026-06-17T14:40:12+09:00,ALPACA,424503,71.0,36.372963,127.34382,12,세종특별시
2026-06-17T14:40:12+09:00,ALPACA,425707,96.0,36.372986,127.359566,12,세종특별시
2026-06-17T14:40:12+09:00,ALPACA,424730,46.0,36.37302,127.3229,12,세종특별시
2026-06-17T14:40:12+09:00,ALPACA,425783,73.0,36.37322,127.31787,12,세종특별시
2026-06-17T14:40:12+09:00,ALPACA,426206,78.0,36.373222,127.31785,12,세종특별시
2026-06-17T14:40:12+09:00,ALPACA,426341,75.0,36.373226,127.31795,12,세종특별시
2026-06-17T14:40:12+09:00,ALPACA,426488,100.0,36.373234,127.317955,12,세종특별시
2026-06-17T14:40:12+09:00,ALPACA,425768,84.0,36.37325,127.31785,12,세종특별시
2026-06-17T14:40:12+09:00,ALPACA,424604,99.0,36.373253,127.31787,12,세종특별시
2026-06-17T14:40:12+09:00,ALPACA,426269,75.0,36.373257,127.3177,12,세종특별시
2026-06-17T14:40:12+09:00,ALPACA,426271,74.0,36.37326,127.317955,12,세종특별시
2026-06-17T14:40:12+09:00,ALPACA,426180,78.0,36.37326,127.31786,12,세종특별시
2026-06-17T14:40:12+09:00,ALPACA,426374,77.0,36.373264,127.317825,12,세종특별시
2026-06-17T14:40:12+09:00,ALPACA,426309,76.0,36.373264,127.317856,12,세종특별시
2026-06-17T14:40:12+09:00,ALPACA,426259,76.0,36.37328,127.31791,12,세종특별시
2026-06-17T14:40:12+09:00,ALPACA,426181,75.0,36.373295,127.31789,12,세종특별시
2026-06-17T14:40:12+09:00,ALPACA,426346,75.0,36.373356,127.31793,12,세종특별시
2026-06-17T14:40:12+09:00,ALPACA,424559,77.0,36.373486,127.35942,12,세종특별시
2026-06-17T14:40:12+09:00,ALPACA,424477,99.0,36.3735,127.35747,12,세종특별시
2026-06-17T14:40:12+09:00,ALPACA,425012,100.0,36.37351,127.35943,12,세종특별시
2026-06-17T14:40:12+09:00,ALPACA,425414,100.0,36.37352,127.36153,12,세종특별시
2026-06-17T14:40:12+09:00,ALPACA,424463,99.0,36.373528,127.344246,12,세종특별시
2026-06-17T14:40:12+09:00,ALPACA,414534,33.0,36.37355,127.34421,12,세종특별시
2026-06-17T14:40:12+09:00,ALPACA,425776,100.0,36.37355,127.34419,12,세종특별시
2026-06-17T14:40:12+09:00,ALPACA,425372,97.0,36.373554,127.3442,12,세종특별시
2026-06-17T14:40:12+09:00,ALPACA,426359,100.0,36.373558,127.34419,12,세종특별시
2026-06-17T14:40:12+09:00,ALPACA,424118,60.0,36.37356,127.344185,12,세종특별시
2026-06-17T14:40:12+09:00,ALPACA,425604,100.0,36.373577,127.34417,12,세종특별시
2026-06-17T14:40:12+09:00,ALPACA,425378,35.0,36.37358,127.36044,12,세종특별시
2026-06-17T14:40:12+09:00,ALPACA,425390,84.0,36.373585,127.34157,12,세종특별시
2026-06-17T14:40:12+09:00,ALPACA,425541,37.0,36.373592,127.34407,12,세종특별시
2026-06-17T14:40:12+09:00,ALPACA,425978,71.0,36.373596,127.318825,12,세종특별시
2026-06-17T14:40:12+09:00,ALPACA,425449,76.0,36.373596,127.344215,12,세종특별시
2026-06-17T14:40:12+09:00,ALPACA,424537,33.0,36.373596,127.34419,12,세종특별시
2026-06-17T14:40:12+09:00,ALPACA,426308,62.0,36.373833,127.31935,12,세종특별시
2026-06-17T14:40:12+09:00,ALPACA,426552,42.0,36.37385,127.31868,12,세종특별시
2026-06-17T14:40:12+09:00,ALPACA,424472,58.0,36.373928,127.36016,12,세종특별시
2026-06-17T14:40:12+09:00,ALPACA,426358,93.0,36.374073,127.32251,12,세종특별시
2026-06-17T14:40:12+09:00,ALPACA,425706,97.0,36.37411,127.36511,12,세종특별시
2026-06-17T14:40:12+09:00,ALPACA,426213,33.0,36.374172,127.319435,12,세종특별시
2026-06-17T14:40:12+09:00,ALPACA,425252,35.0,36.37425,127.37938,12,세종특별시
2026-06-17T14:40:12+09:00,ALPACA,424729,48.0,36.374523,127.34653,12,세종특별시
2026-06-17T14:40:12+09:00,ALPACA,426515,95.0,36.374584,127.31869,12,세종특별시
2026-06-17T14:40:12+09:00,ALPACA,414747,41.0,36.374588,127.3592,12,세종특별시
2026-06-17T14:40:12+09:00,ALPACA,425444,78.0,36.374622,127.34199,12,세종특별시
2026-06-17T14:40:12+09:00,ALPACA,426270,100.0,36.37484,127.31804,12,세종특별시
2026-06-17T14:40:12+09:00,ALPACA,425619,80.0,36.374844,127.31805,12,세종특별시
2026-06-17T14:40:12+09:00,ALPACA,425903,100.0,36.374844,127.318016,12,세종특별시
2026-06-17T14:40:12+09:00,ALPACA,425895,100.0,36.37485,127.318016,12,세종특별시
2026-06-17T14:40:12+09:00,ALPACA,426363,100.0,36.37485,127.31805,12,세종특별시
2026-06-17T14:40:12+09:00,ALPACA,426319,73.0,36.374866,127.31801,12,세종특별시
2026-06-17T14:40:12+09:00,ALPACA,426327,99.0,36.37488,127.3181,12,세종특별시
2026-06-17T14:40:12+09:00,ALPACA,425273,48.0,36.374928,127.33777,12,세종특별시
2026-06-17T14:40:12+09:00,ALPACA,426510,93.0,36.374958,127.31813,12,세종특별시
2026-06-17T14:40:12+09:00,ALPACA,426345,46.0,36.37507,127.322754,12,세종특별시
2026-06-17T14:40:12+09:00,ALPACA,426501,74.0,36.37531,127.31902,12,세종특별시
2026-06-17T14:40:12+09:00,ALPACA,426264,47.0,36.375626,127.305466,12,세종특별시
2026-06-17T14:40:12+09:00,ALPACA,425550,91.0,36.375713,127.34391,12,세종특별시
2026-06-17T14:40:12+09:00,ALPACA,425395,84.0,36.37572,127.34391,12,세종특별시
2026-06-17T14:40:12+09:00,ALPACA,423795,37.0,36.375755,127.3439,12,세종특별시
2026-06-17T14:40:12+09:00,ALPACA,414468,74.0,36.375767,127.3918,12,세종특별시
2026-06-17T14:40:12+09:00,ALPACA,411696,100.0,36.375797,127.39184,12,세종특별시
2026-06-17T14:40:12+09:00,ALPACA,425521,100.0,36.375797,127.39178,12,세종특별시
2026-06-17T14:40:12+09:00,ALPACA,426491,72.0,36.375816,127.32071,12,세종특별시
2026-06-17T14:40:12+09:00,ALPACA,424974,70.0,36.375847,127.34323,12,세종특별시
2026-06-17T14:40:12+09:00,ALPACA,425424,100.0,36.37585,127.39187,12,세종특별시
2026-06-17T14:40:12+09:00,ALPACA,414802,100.0,36.375854,127.39182,12,세종특별시
2026-06-17T14:40:12+09:00,ALPACA,424975,65.0,36.37587,127.34326,12,세종특별시
2026-06-17T14:40:12+09:00,ALPACA,425675,39.0,36.375874,127.34323,12,세종특별시
2026-06-17T14:40:12+09:00,ALPACA,424928,86.0,36.375877,127.34329,12,세종특별시
2026-06-17T14:40:12+09:00,ALPACA,424706,90.0,36.375885,127.34326,12,세종특별시
2026-06-17T14:40:12+09:00,ALPACA,424763,91.0,36.37589,127.34326,12,세종특별시
2026-06-17T14:40:12+09:00,ALPACA,424224,99.0,36.375893,127.34325,12,세종특별시
2026-06-17T14:40:12+09:00,ALPACA,425221,94.0,36.375908,127.34323,12,세종특별시
2026-06-17T14:40:12+09:00,ALPACA,424387,35.0,36.375923,127.34327,12,세종특별시
2026-06-17T14:40:12+09:00,ALPACA,425049,95.0,36.37593,127.34325,12,세종특별시
2026-06-17T14:40:12+09:00,ALPACA,424458,99.0,36.37594,127.343315,12,세종특별시
2026-06-17T14:40:12+09:00,ALPACA,424903,88.0,36.37599,127.343346,12,세종특별시
2026-06-17T14:40:12+09:00,ALPACA,425385,98.0,36.37601,127.343346,12,세종특별시
2026-06-17T14:40:12+09:00,ALPACA,426367,64.0,36.376015,127.315575,12,세종특별시
2026-06-17T14:40:12+09:00,ALPACA,426380,72.0,36.37604,127.31558,12,세종특별시
2026-06-17T14:40:12+09:00,ALPACA,426275,53.0,36.37618,127.318115,12,세종특별시
2026-06-17T14:40:12+09:00,ALPACA,425970,65.0,36.376225,127.32361,12,세종특별시
2026-06-17T14:40:12+09:00,ALPACA,426468,81.0,36.37625,127.3178,12,세종특별시
2026-06-17T14:40:12+09:00,ALPACA,425713,96.0,36.376305,127.31809,12,세종특별시
2026-06-17T14:40:12+09:00,ALPACA,426369,89.0,36.376423,127.34488,12,세종특별시
2026-06-17T14:40:12+09:00,ALPACA,424401,68.0,36.37653,127.356346,12,세종특별시
2026-06-17T14:40:12+09:00,ALPACA,424346,40.0,36.37665,127.34351,12,세종특별시
2026-06-17T14:40:12+09:00,ALPACA,424668,93.0,36.37673,127.344185,12,세종특별시
2026-06-17T14:40:12+09:00,ALPACA,425202,81.0,36.376736,127.34402,12,세종특별시
2026-06-17T14:40:12+09:00,ALPACA,425705,93.0,36.376785,127.34415,12,세종특별시
2026-06-17T14:40:12+09:00,ALPACA,425029,68.0,36.37679,127.344055,12,세종특별시
2026-06-17T14:40:12+09:00,ALPACA,424665,83.0,36.376812,127.34418,12,세종특별시
2026-06-17T14:40:12+09:00,ALPACA,424850,91.0,36.376842,127.34418,12,세종특별시
2026-06-17T14:40:12+09:00,ALPACA,426352,38.0,36.376865,127.315025,12,세종특별시
2026-06-17T14:40:12+09:00,ALPACA,426106,48.0,36.37703,127.324646,12,세종특별시
2026-06-17T14:40:12+09:00,ALPACA,425349,80.0,36.37728,127.34337,12,세종특별시
2026-06-17T14:40:12+09:00,ALPACA,425961,42.0,36.37787,127.324715,12,세종특별시
2026-06-17T14:40:12+09:00,ALPACA,426233,91.0,36.377945,127.30402,12,세종특별시
2026-06-17T14:40:12+09:00,ALPACA,426317,44.0,36.37842,127.316895,12,세종특별시
2026-06-17T14:40:12+09:00,ALPACA,425248,47.0,36.378452,127.34295,12,세종특별시
2026-06-17T14:40:12+09:00,ALPACA,424880,92.0,36.378475,127.315636,12,세종특별시
2026-06-17T14:40:12+09:00,ALPACA,424982,76.0,36.378605,127.31698,12,세종특별시
2026-06-17T14:40:12+09:00,ALPACA,426447,49.0,36.378735,127.3202,12,세종특별시
2026-06-17T14:40:12+09:00,ALPACA,426110,65.0,36.379402,127.31587,12,세종특별시
2026-06-17T14:40:12+09:00,ALPACA,426469,49.0,36.379536,127.32516,12,세종특별시
2026-06-17T14:40:12+09:00,ALPACA,426364,72.0,36.37954,127.316086,12,세종특별시
2026-06-17T14:40:12+09:00,ALPACA,424525,68.0,36.38085,127.33766,12,세종특별시
2026-06-17T14:40:12+09:00,ALPACA,425241,30.0,36.381367,127.324715,12,세종특별시
2026-06-17T14:40:12+09:00,ALPACA,425531,43.0,36.38258,127.319176,12,세종특별시
2026-06-17T14:40:12+09:00,ALPACA,424949,96.0,36.382713,127.323875,12,세종특별시
2026-06-17T14:40:12+09:00,ALPACA,425117,84.0,36.383396,127.32094,12,세종특별시
2026-06-17T14:40:12+09:00,ALPACA,426207,35.0,36.38366,127.3195,12,세종특별시
2026-06-17T14:40:12+09:00,ALPACA,426443,100.0,36.38367,127.31982,12,세종특별시
2026-06-17T14:40:12+09:00,ALPACA,426303,100.0,36.383705,127.3198,12,세종특별시
2026-06-17T14:40:12+09:00,ALPACA,426440,100.0,36.38371,127.3198,12,세종특별시
2026-06-17T14:40:12+09:00,ALPACA,426479,89.0,36.383713,127.319855,12,세종특별시
2026-06-17T14:40:12+09:00,ALPACA,426561,99.0,36.383717,127.31979,12,세종특별시
2026-06-17T14:40:12+09:00,ALPACA,426356,90.0,36.38372,127.31977,12,세종특별시
2026-06-17T14:40:12+09:00,ALPACA,426230,100.0,36.383724,127.31979,12,세종특별시
2026-06-17T14:40:12+09:00,ALPACA,426432,52.0,36.383724,127.31917,12,세종특별시
2026-06-17T14:40:12+09:00,ALPACA,425905,81.0,36.383728,127.319756,12,세종특별시
2026-06-17T14:40:12+09:00,ALPACA,425971,100.0,36.38375,127.31977,12,세종특별시
2026-06-17T14:40:12+09:00,ALPACA,426326,60.0,36.383774,127.31974,12,세종특별시
2026-06-17T14:40:12+09:00,ALPACA,424717,83.0,36.383774,127.30337,12,세종특별시
2026-06-17T14:40:12+09:00,ALPACA,425702,95.0,36.3838,127.31977,12,세종특별시
2026-06-17T14:40:12+09:00,ALPACA,426430,70.0,36.383823,127.319145,12,세종특별시
2026-06-17T14:40:12+09:00,ALPACA,426130,99.0,36.383854,127.3191,12,세종특별시
2026-06-17T14:40:12+09:00,ALPACA,426372,100.0,36.383865,127.31909,12,세종특별시
2026-06-17T14:40:12+09:00,ALPACA,426485,94.0,36.383907,127.319115,12,세종특별시
2026-06-17T14:40:12+09:00,ALPACA,425506,80.0,36.384212,127.36762,12,세종특별시
2026-06-17T14:40:12+09:00,ALPACA,425243,85.0,36.384308,127.31998,12,세종특별시
2026-06-17T14:40:12+09:00,ALPACA,426404,56.0,36.38485,127.324615,12,세종특별시
2026-06-17T14:40:12+09:00,ALPACA,425179,54.0,36.384888,127.32376,12,세종특별시
2026-06-17T14:40:12+09:00,ALPACA,425727,82.0,36.38503,127.32436,12,세종특별시
2026-06-17T14:40:12+09:00,ALPACA,426296,62.0,36.385063,127.32424,12,세종특별시
2026-06-17T14:40:12+09:00,ALPACA,426472,39.0,36.385086,127.324326,12,세종특별시
2026-06-17T14:40:12+09:00,ALPACA,426412,97.0,36.38509,127.30794,12,세종특별시
2026-06-17T14:40:12+09:00,ALPACA,426528,36.0,36.385265,127.32443,12,세종특별시
2026-06-17T14:40:12+09:00,ALPACA,426298,61.0,36.385635,127.328224,12,세종특별시
2026-06-17T14:40:12+09:00,ALPACA,425969,92.0,36.385647,127.32822,12,세종특별시
2026-06-17T14:40:12+09:00,ALPACA,424712,80.0,36.38569,127.32819,12,세종특별시
2026-06-17T14:40:12+09:00,ALPACA,426428,38.0,36.385708,127.32818,12,세종특별시
2026-06-17T14:40:12+09:00,ALPACA,426390,91.0,36.38571,127.32817,12,세종특별시
2026-06-17T14:40:12+09:00,ALPACA,414714,100.0,36.385803,127.377365,12,세종특별시
2026-06-17T14:40:12+09:00,ALPACA,426129,58.0,36.385807,127.30859,12,세종특별시
2026-06-17T14:40:12+09:00,ALPACA,424509,100.0,36.385815,127.37732,12,세종특별시
2026-06-17T14:40:12+09:00,ALPACA,414750,100.0,36.385822,127.37734,12,세종특별시
2026-06-17T14:40:12+09:00,ALPACA,414717,100.0,36.385826,127.37734,12,세종특별시
2026-06-17T14:40:12+09:00,ALPACA,414748,100.0,36.385826,127.37734,12,세종특별시
2026-06-17T14:40:12+09:00,ALPACA,426046,100.0,36.385838,127.377335,12,세종특별시
2026-06-17T14:40:12+09:00,ALPACA,426109,51.0,36.386055,127.32817,12,세종특별시
2026-06-17T14:40:12+09:00,ALPACA,426280,88.0,36.3861,127.32676,12,세종특별시
2026-06-17T14:40:12+09:00,ALPACA,425083,92.0,36.3862,127.32527,12,세종특별시
2026-06-17T14:40:12+09:00,ALPACA,426244,85.0,36.386227,127.32521,12,세종특별시
2026-06-17T14:40:12+09:00,ALPACA,426086,94.0,36.386375,127.318375,12,세종특별시
2026-06-17T14:40:12+09:00,ALPACA,425909,98.0,36.38664,127.315865,12,세종특별시
2026-06-17T14:40:12+09:00,ALPACA,426377,48.0,36.386665,127.31672,12,세종특별시
2026-06-17T14:40:12+09:00,ALPACA,425642,100.0,36.38679,127.31584,12,세종특별시
2026-06-17T14:40:12+09:00,ALPACA,426387,39.0,36.386887,127.31594,12,세종특별시
2026-06-17T14:40:12+09:00,ALPACA,426347,45.0,36.386913,127.31802,12,세종특별시
2026-06-17T14:40:12+09:00,ALPACA,426229,100.0,36.38696,127.315956,12,세종특별시
2026-06-17T14:40:12+09:00,ALPACA,426202,99.0,36.386967,127.31781,12,세종특별시
2026-06-17T14:40:12+09:00,ALPACA,424832,68.0,36.386997,127.31789,12,세종특별시
2026-06-17T14:40:12+09:00,ALPACA,426449,72.0,36.387016,127.317856,12,세종특별시
2026-06-17T14:40:12+09:00,ALPACA,425281,87.0,36.387028,127.322464,12,세종특별시
2026-06-17T14:40:12+09:00,ALPACA,426388,99.0,36.38733,127.32552,12,세종특별시
2026-06-17T14:40:12+09:00,ALPACA,424635,89.0,36.387386,127.30984,12,세종특별시
2026-06-17T14:40:12+09:00,ALPACA,414796,93.0,36.387424,127.40487,12,세종특별시
2026-06-17T14:40:12+09:00,ALPACA,426239,86.0,36.38745,127.31304,12,세종특별시
2026-06-17T14:40:12+09:00,ALPACA,424328,84.0,36.38746,127.31294,12,세종특별시
2026-06-17T14:40:12+09:00,ALPACA,424363,76.0,36.387497,127.31835,12,세종특별시
2026-06-17T14:40:12+09:00,ALPACA,426148,96.0,36.387505,127.318375,12,세종특별시
2026-06-17T14:40:12+09:00,ALPACA,426383,33.0,36.387604,127.3089,12,세종특별시
2026-06-17T14:40:12+09:00,ALPACA,426498,95.0,36.387653,127.30948,12,세종특별시
2026-06-17T14:40:12+09:00,ALPACA,426445,70.0,36.38767,127.32451,12,세종특별시
2026-06-17T14:40:12+09:00,ALPACA,426252,87.0,36.387684,127.3122,12,세종특별시
2026-06-17T14:40:12+09:00,ALPACA,426240,55.0,36.387722,127.311806,12,세종특별시
2026-06-17T14:40:12+09:00,ALPACA,426417,93.0,36.38773,127.31176,12,세종특별시
2026-06-17T14:40:12+09:00,ALPACA,426532,84.0,36.387753,127.303246,12,세종특별시
2026-06-17T14:40:12+09:00,ALPACA,426274,57.0,36.387863,127.32413,12,세종특별시
2026-06-17T14:40:12+09:00,ALPACA,425448,81.0,36.388226,127.34913,12,세종특별시
2026-06-17T14:40:12+09:00,ALPACA,426060,75.0,36.388245,127.33357,12,세종특별시
2026-06-17T14:40:12+09:00,ALPACA,426362,96.0,36.38874,127.31272,12,세종특별시
2026-06-17T14:40:12+09:00,ALPACA,426266,61.0,36.389297,127.314186,12,세종특별시
2026-06-17T14:40:12+09:00,ALPACA,426272,74.0,36.389503,127.29989,12,세종특별시
2026-06-17T14:40:12+09:00,ALPACA,426351,99.0,36.38966,127.30327,12,세종특별시
2026-06-17T14:40:12+09:00,ALPACA,426429,100.0,36.389664,127.350945,12,세종특별시
2026-06-17T14:40:12+09:00,ALPACA,424708,100.0,36.38975,127.348724,12,세종특별시
2026-06-17T14:40:12+09:00,ALPACA,415442,94.0,36.39018,127.39921,12,세종특별시
2026-06-17T14:40:12+09:00,ALPACA,414901,100.0,36.390182,127.399284,12,세종특별시
2026-06-17T14:40:12+09:00,ALPACA,424883,72.0,36.390182,127.39919,12,세종특별시
2026-06-17T14:40:12+09:00,ALPACA,414612,99.0,36.390186,127.399155,12,세종특별시
2026-06-17T14:40:12+09:00,ALPACA,424646,94.0,36.390186,127.39919,12,세종특별시
2026-06-17T14:40:12+09:00,ALPACA,415142,97.0,36.390194,127.399185,12,세종특별시
2026-06-17T14:40:12+09:00,ALPACA,424697,98.0,36.390194,127.399315,12,세종특별시
2026-06-17T14:40:12+09:00,ALPACA,426203,36.0,36.390198,127.31471,12,세종특별시
2026-06-17T14:40:12+09:00,ALPACA,424973,99.0,36.390198,127.399254,12,세종특별시
2026-06-17T14:40:12+09:00,ALPACA,414739,96.0,36.3902,127.39926,12,세종특별시
2026-06-17T14:40:12+09:00,ALPACA,426517,98.0,36.39021,127.39923,12,세종특별시
2026-06-17T14:40:12+09:00,ALPACA,425182,97.0,36.39021,127.39931,12,세종특별시
2026-06-17T14:40:12+09:00,ALPACA,415292,80.0,36.390213,127.399155,12,세종특별시
2026-06-17T14:40:12+09:00,ALPACA,425433,68.0,36.39022,127.39917,12,세종특별시
2026-06-17T14:40:12+09:00,ALPACA,424887,83.0,36.39023,127.40696,12,세종특별시
2026-06-17T14:40:12+09:00,ALPACA,426273,56.0,36.390278,127.3048,12,세종특별시
2026-06-17T14:40:12+09:00,ALPACA,426382,84.0,36.390472,127.305885,12,세종특별시
2026-06-17T14:40:12+09:00,ALPACA,426464,97.0,36.39052,127.30593,12,세종특별시
2026-06-17T14:40:12+09:00,ALPACA,426209,57.0,36.390526,127.30587,12,세종특별시
2026-06-17T14:40:12+09:00,ALPACA,426245,90.0,36.390743,127.30877,12,세종특별시
2026-06-17T14:40:12+09:00,ALPACA,424439,74.0,36.39101,127.32967,12,세종특별시
2026-06-17T14:40:12+09:00,ALPACA,414678,75.0,36.39109,127.40185,12,세종특별시
2026-06-17T14:40:12+09:00,ALPACA,414429,63.0,36.391315,127.31566,12,세종특별시
2026-06-17T14:40:12+09:00,ALPACA,425525,66.0,36.391342,127.312164,12,세종특별시
2026-06-17T14:40:12+09:00,ALPACA,426343,69.0,36.3915,127.31477,12,세종특별시
2026-06-17T14:40:12+09:00,ALPACA,425374,55.0,36.391506,127.36472,12,세종특별시
2026-06-17T14:40:12+09:00,ALPACA,426518,57.0,36.391514,127.3148,12,세종특별시
2026-06-17T14:40:12+09:00,ALPACA,424725,69.0,36.391537,127.31474,12,세종특별시
2026-06-17T14:40:12+09:00,ALPACA,425436,71.0,36.39154,127.31479,12,세종특별시
2026-06-17T14:40:12+09:00,ALPACA,425973,92.0,36.391624,127.31248,12,세종특별시
2026-06-17T14:40:12+09:00,ALPACA,426328,43.0,36.39181,127.31407,12,세종특별시
2026-06-17T14:40:12+09:00,ALPACA,426385,98.0,36.391815,127.31145,12,세종특별시
2026-06-17T14:40:12+09:00,ALPACA,426102,54.0,36.39187,127.31431,12,세종특별시
2026-06-17T14:40:12+09:00,ALPACA,426473,38.0,36.391926,127.31432,12,세종특별시
2026-06-17T14:40:12+09:00,ALPACA,424764,45.0,36.392334,127.314804,12,세종특별시
2026-06-17T14:40:12+09:00,ALPACA,425977,58.0,36.392525,127.31403,12,세종특별시
2026-06-17T14:40:12+09:00,ALPACA,426178,89.0,36.39258,127.313034,12,세종특별시
2026-06-17T14:40:12+09:00,ALPACA,424926,79.0,36.393276,127.3996,12,세종특별시
2026-06-17T14:40:12+09:00,ALPACA,426265,80.0,36.39347,127.35267,12,세종특별시
2026-06-17T14:40:12+09:00,ALPACA,426250,38.0,36.393757,127.31229,12,세종특별시
2026-06-17T14:40:12+09:00,ALPACA,426386,92.0,36.39455,127.31088,12,세종특별시
2026-06-17T14:40:12+09:00,ALPACA,425446,65.0,36.39505,127.3129,12,세종특별시
2026-06-17T14:40:12+09:00,ALPACA,426353,64.0,36.39544,127.313324,12,세종특별시
2026-06-17T14:40:12+09:00,ALPACA,424418,77.0,36.395535,127.310326,12,세종특별시
2026-06-17T14:40:12+09:00,ALPACA,414936,74.0,36.39674,127.400276,12,세종특별시
2026-06-17T14:40:12+09:00,ALPACA,424904,69.0,36.398495,127.400375,12,세종특별시
2026-06-17T14:40:12+09:00,ALPACA,425335,98.0,36.398674,127.39261,12,세종특별시
2026-06-17T14:40:12+09:00,ALPACA,414702,99.0,36.399685,127.391335,12,세종특별시
2026-06-17T14:40:12+09:00,ALPACA,414825,98.0,36.399708,127.40745,12,세종특별시
2026-06-17T14:40:12+09:00,ALPACA,425257,83.0,36.399757,127.39752,12,세종특별시
2026-06-17T14:40:12+09:00,ALPACA,415044,96.0,36.399815,127.402466,12,세종특별시
2026-06-17T14:40:12+09:00,ALPACA,414727,98.0,36.40091,127.411026,12,세종특별시
2026-06-17T14:40:12+09:00,ALPACA,425362,76.0,36.401062,127.390686,12,세종특별시
2026-06-17T14:40:12+09:00,ALPACA,414672,99.0,36.401077,127.390656,12,세종특별시
2026-06-17T14:40:12+09:00,ALPACA,414690,69.0,36.401077,127.390656,12,세종특별시
2026-06-17T14:40:12+09:00,ALPACA,414773,76.0,36.401085,127.390625,12,세종특별시
2026-06-17T14:40:12+09:00,ALPACA,424314,97.0,36.401104,127.39068,12,세종특별시
2026-06-17T14:40:12+09:00,ALPACA,424460,97.0,36.40111,127.39061,12,세종특별시
2026-06-17T14:40:12+09:00,ALPACA,414524,89.0,36.401436,127.40765,12,세종특별시
2026-06-17T14:40:12+09:00,ALPACA,425192,98.0,36.403355,127.397575,12,세종특별시
2026-06-17T14:40:12+09:00,ALPACA,414898,56.0,36.40528,127.39769,12,세종특별시
2026-06-17T14:40:12+09:00,ALPACA,414643,62.0,36.411682,127.40615,12,세종특별시
2026-06-17T14:40:12+09:00,ALPACA,424765,87.0,36.41186,127.41124,12,세종특별시
2026-06-17T14:40:12+09:00,ALPACA,425305,57.0,36.412758,127.40816,12,세종특별시
2026-06-17T14:40:12+09:00,ALPACA,425704,44.0,36.41315,127.40505,12,세종특별시
2026-06-17T14:40:12+09:00,ALPACA,415569,56.0,36.41324,127.40635,12,세종특별시
2026-06-17T14:40:12+09:00,ALPACA,424780,69.0,36.41326,127.406334,12,세종특별시
2026-06-17T14:40:12+09:00,ALPACA,414541,58.0,36.416164,127.3965,12,세종특별시
2026-06-17T14:40:12+09:00,ALPACA,424593,83.0,36.417976,127.39082,12,세종특별시
2026-06-17T14:40:12+09:00,ALPACA,425387,65.0,36.418247,127.39745,12,세종특별시
2026-06-17T14:40:12+09:00,ALPACA,414779,95.0,36.41845,127.39742,12,세종특별시
2026-06-17T14:40:12+09:00,ALPACA,424954,94.0,36.418774,127.40836,12,세종특별시
2026-06-17T14:40:12+09:00,ALPACA,414687,100.0,36.419006,127.387054,12,세종특별시
2026-06-17T14:40:12+09:00,ALPACA,414648,79.0,36.419205,127.38161,12,세종특별시
2026-06-17T14:40:12+09:00,ALPACA,414827,95.0,36.419476,127.41061,12,세종특별시
2026-06-17T14:40:12+09:00,ALPACA,424550,66.0,36.419666,127.39398,12,세종특별시
2026-06-17T14:40:12+09:00,ALPACA,425409,58.0,36.419746,127.40644,12,세종특별시
2026-06-17T14:40:12+09:00,ALPACA,425191,86.0,36.420033,127.38586,12,세종특별시
2026-06-17T14:40:12+09:00,ALPACA,414669,99.0,36.420067,127.39225,12,세종특별시
2026-06-17T14:40:12+09:00,ALPACA,414966,91.0,36.420147,127.39225,12,세종특별시
2026-06-17T14:40:12+09:00,ALPACA,415070,96.0,36.420494,127.39177,12,세종특별시
2026-06-17T14:40:12+09:00,ALPACA,424827,57.0,36.420643,127.38442,12,세종특별시
2026-06-17T14:40:12+09:00,ALPACA,425575,68.0,36.42106,127.38172,12,세종특별시
2026-06-17T14:40:12+09:00,ALPACA,414689,100.0,36.421383,127.39428,12,세종특별시
2026-06-17T14:40:12+09:00,ALPACA,414566,100.0,36.421726,127.394264,12,세종특별시
2026-06-17T14:40:12+09:00,ALPACA,414953,86.0,36.421738,127.39323,12,세종특별시
2026-06-17T14:40:12+09:00,ALPACA,424539,71.0,36.421803,127.40433,12,세종특별시
2026-06-17T14:40:12+09:00,ALPACA,425367,60.0,36.42183,127.40773,12,세종특별시
2026-06-17T14:40:12+09:00,ALPACA,425551,77.0,36.422134,127.39613,12,세종특별시
2026-06-17T14:40:12+09:00,ALPACA,414831,100.0,36.422195,127.38757,12,세종특별시
2026-06-17T14:40:12+09:00,ALPACA,414776,100.0,36.422256,127.387596,12,세종특별시
2026-06-17T14:40:12+09:00,ALPACA,414914,100.0,36.422268,127.38754,12,세종특별시
2026-06-17T14:40:12+09:00,ALPACA,411733,96.0,36.422504,127.407,12,세종특별시
2026-06-17T14:40:12+09:00,ALPACA,414823,93.0,36.422623,127.40054,12,세종특별시
2026-06-17T14:40:12+09:00,ALPACA,425494,61.0,36.422726,127.40008,12,세종특별시
2026-06-17T14:40:12+09:00,ALPACA,414268,64.0,36.422913,127.38895,12,세종특별시
2026-06-17T14:40:12+09:00,ALPACA,414821,89.0,36.423122,127.40594,12,세종특별시
2026-06-17T14:40:12+09:00,ALPACA,425236,100.0,36.423275,127.39275,12,세종특별시
2026-06-17T14:40:12+09:00,ALPACA,414732,100.0,36.42347,127.39226,12,세종특별시
2026-06-17T14:40:12+09:00,ALPACA,424825,96.0,36.42347,127.392265,12,세종특별시
2026-06-17T14:40:12+09:00,ALPACA,414937,73.0,36.42349,127.39224,12,세종특별시
2026-06-17T14:40:12+09:00,ALPACA,425711,68.0,36.42349,127.39227,12,세종특별시
2026-06-17T14:40:12+09:00,ALPACA,426257,100.0,36.42349,127.39225,12,세종특별시
2026-06-17T14:40:12+09:00,ALPACA,414830,79.0,36.423496,127.39229,12,세종특별시
2026-06-17T14:40:12+09:00,ALPACA,424816,100.0,36.423496,127.39228,12,세종특별시
2026-06-17T14:40:12+09:00,ALPACA,414753,97.0,36.42365,127.40516,12,세종특별시
2026-06-17T14:40:12+09:00,ALPACA,414533,93.0,36.42367,127.4053,12,세종특별시
2026-06-17T14:40:12+09:00,ALPACA,424583,81.0,36.423676,127.405205,12,세종특별시
2026-06-17T14:40:12+09:00,ALPACA,414651,90.0,36.423725,127.40488,12,세종특별시
2026-06-17T14:40:12+09:00,ALPACA,414767,63.0,36.424538,127.389465,12,세종특별시
2026-06-17T14:40:12+09:00,ALPACA,425734,100.0,36.42461,127.39297,12,세종특별시
2026-06-17T14:40:12+09:00,ALPACA,414754,57.0,36.424698,127.40046,12,세종특별시
2026-06-17T14:40:12+09:00,ALPACA,424116,67.0,36.42471,127.39227,12,세종특별시
2026-06-17T14:40:12+09:00,ALPACA,424555,81.0,36.425125,127.39005,12,세종특별시
2026-06-17T14:40:12+09:00,ALPACA,415078,95.0,36.425358,127.39216,12,세종특별시
2026-06-17T14:40:12+09:00,ALPACA,414284,95.0,36.425426,127.39216,12,세종특별시
2026-06-17T14:40:12+09:00,ALPACA,414481,53.0,36.425526,127.393074,12,세종특별시
2026-06-17T14:40:12+09:00,ALPACA,425467,59.0,36.42554,127.393005,12,세종특별시
2026-06-17T14:40:12+09:00,ALPACA,415586,52.0,36.425552,127.39418,12,세종특별시
2026-06-17T14:40:12+09:00,ALPACA,425510,60.0,36.42561,127.39305,12,세종특별시
2026-06-17T14:40:12+09:00,ALPACA,414681,77.0,36.42564,127.39891,12,세종특별시
2026-06-17T14:40:12+09:00,ALPACA,424586,48.0,36.42572,127.389824,12,세종특별시
2026-06-17T14:40:12+09:00,ALPACA,425412,62.0,36.4258,127.38987,12,세종특별시
2026-06-17T14:40:12+09:00,ALPACA,424442,67.0,36.426086,127.39168,12,세종특별시
2026-06-17T14:40:12+09:00,ALPACA,425348,100.0,36.4261,127.390884,12,세종특별시
2026-06-17T14:40:12+09:00,ALPACA,414539,51.0,36.426254,127.391335,12,세종특별시
2026-06-17T14:40:12+09:00,ALPACA,414790,92.0,36.426254,127.390465,12,세종특별시
2026-06-17T14:40:12+09:00,ALPACA,414375,100.0,36.426323,127.39255,12,세종특별시
2026-06-17T14:40:12+09:00,ALPACA,425148,100.0,36.426376,127.39363,12,세종특별시
2026-06-17T14:40:12+09:00,ALPACA,410295,100.0,36.426437,127.39041,12,세종특별시
2026-06-17T14:40:12+09:00,ALPACA,424942,95.0,36.42664,127.3903,12,세종특별시
2026-06-17T14:40:12+09:00,ALPACA,411692,92.0,36.426975,127.38953,12,세종특별시
2026-06-17T14:40:12+09:00,ALPACA,424938,100.0,36.427086,127.394066,12,세종특별시
2026-06-17T14:40:12+09:00,ALPACA,414915,79.0,36.427414,127.402504,12,세종특별시
2026-06-17T14:40:12+09:00,ALPACA,424443,65.0,36.427795,127.39089,12,세종특별시
2026-06-17T14:40:12+09:00,ALPACA,425306,76.0,36.428364,127.3985,12,세종특별시
2026-06-17T14:40:12+09:00,ALPACA,414731,100.0,36.428577,127.391426,12,세종특별시
2026-06-17T14:40:12+09:00,ALPACA,415221,60.0,36.428673,127.3916,12,세종특별시
2026-06-17T14:40:12+09:00,ALPACA,425087,70.0,36.42878,127.39551,12,세종특별시
2026-06-17T14:40:12+09:00,ALPACA,425253,92.0,36.428925,127.39552,12,세종특별시
2026-06-17T14:40:12+09:00,ALPACA,425021,100.0,36.428967,127.38932,12,세종특별시
2026-06-17T14:40:12+09:00,ALPACA,425226,86.0,36.429646,127.38841,12,세종특별시
2026-06-17T14:40:12+09:00,ALPACA,414653,81.0,36.429653,127.393234,12,세종특별시
2026-06-17T14:40:12+09:00,ALPACA,424649,90.0,36.42984,127.39624,12,세종특별시
2026-06-17T14:40:12+09:00,ALPACA,425275,98.0,36.43029,127.39371,12,세종특별시
2026-06-17T14:40:12+09:00,ALPACA,414763,81.0,36.430313,127.39371,12,세종특별시
2026-06-17T14:40:12+09:00,ALPACA,414304,70.0,36.43032,127.38999,12,세종특별시
2026-06-17T14:40:12+09:00,ALPACA,414730,100.0,36.43057,127.39298,12,세종특별시
2026-06-17T14:40:12+09:00,ALPACA,424601,62.0,36.43121,127.38357,12,세종특별시
2026-06-17T14:40:12+09:00,ALPACA,414308,86.0,36.431248,127.39436,12,세종특별시
2026-06-17T14:40:12+09:00,ALPACA,414931,97.0,36.431248,127.39438,12,세종특별시
2026-06-17T14:40:12+09:00,ALPACA,410334,49.0,36.431282,127.394485,12,세종특별시
2026-06-17T14:40:12+09:00,ALPACA,414704,100.0,36.431293,127.39335,12,세종특별시
2026-06-17T14:40:12+09:00,ALPACA,425453,88.0,36.431355,127.39758,12,세종특별시
2026-06-17T14:40:12+09:00,ALPACA,414543,96.0,36.431534,127.39754,12,세종특별시
2026-06-17T14:40:12+09:00,ALPACA,415427,70.0,36.431553,127.39399,12,세종특별시
2026-06-17T14:40:12+09:00,ALPACA,414728,89.0,36.431667,127.39372,12,세종특별시
2026-06-17T14:40:12+09:00,ALPACA,414765,52.0,36.43168,127.39379,12,세종특별시
2026-06-17T14:40:12+09:00,ALPACA,414676,57.0,36.431934,127.39356,12,세종특별시
2026-06-17T14:40:12+09:00,ALPACA,424768,100.0,36.432198,127.393135,12,세종특별시
2026-06-17T14:40:12+09:00,ALPACA,425110,100.0,36.432365,127.39407,12,세종특별시
2026-06-17T14:40:12+09:00,ALPACA,414775,100.0,36.43237,127.39418,12,세종특별시
2026-06-17T14:40:12+09:00,ALPACA,414558,99.0,36.43239,127.38155,12,세종특별시
2026-06-17T14:40:12+09:00,ALPACA,424434,52.0,36.432396,127.38414,12,세종특별시
2026-06-17T14:40:12+09:00,ALPACA,414738,53.0,36.43243,127.39408,12,세종특별시
2026-06-17T14:40:12+09:00,ALPACA,414774,80.0,36.4326,127.38414,12,세종특별시
2026-06-17T14:40:12+09:00,ALPACA,414746,64.0,36.43275,127.39161,12,세종특별시
2026-06-17T14:40:12+09:00,ALPACA,414737,51.0,36.432827,127.394516,12,세종특별시
2026-06-17T14:40:12+09:00,ALPACA,414679,100.0,36.43294,127.38458,12,세종특별시
2026-06-17T14:40:12+09:00,ALPACA,425183,97.0,36.43316,127.38392,12,세종특별시
2026-06-17T14:40:12+09:00,ALPACA,425417,91.0,36.433212,127.384415,12,세종특별시
2026-06-17T14:40:12+09:00,ALPACA,415275,100.0,36.43347,127.382935,12,세종특별시
2026-06-17T14:40:12+09:00,ALPACA,414654,100.0,36.433575,127.38274,12,세종특별시
2026-06-17T14:40:12+09:00,ALPACA,424820,100.0,36.43375,127.385925,12,세종특별시
2026-06-17T14:40:12+09:00,ALPACA,414677,94.0,36.43431,127.385216,12,세종특별시
2026-06-17T14:40:12+09:00,ALPACA,424917,99.0,36.434444,127.392876,12,세종특별시
2026-06-17T14:40:12+09:00,ALPACA,426235,94.0,36.434452,127.40869,12,세종특별시
2026-06-17T14:40:12+09:00,ALPACA,414416,100.0,36.434555,127.38898,12,세종특별시
2026-06-17T14:40:12+09:00,ALPACA,415253,61.0,36.434692,127.38795,12,세종특별시
2026-06-17T14:40:12+09:00,ALPACA,414513,99.0,36.434956,127.39313,12,세종특별시
2026-06-17T14:40:12+09:00,ALPACA,425479,87.0,36.435455,127.403046,12,세종특별시
2026-06-17T14:40:12+09:00,ALPACA,414696,96.0,36.435905,127.403885,12,세종특별시
2026-06-17T14:40:12+09:00,ALPACA,414503,54.0,36.435974,127.40406,12,세종특별시
2026-06-17T14:40:12+09:00,ALPACA,414839,100.0,36.436565,127.389275,12,세종특별시
2026-06-17T14:40:12+09:00,ALPACA,415470,87.0,36.436783,127.3813,12,세종특별시
2026-06-17T14:40:12+09:00,ALPACA,426234,83.0,36.436787,127.38891,12,세종특별시
2026-06-17T14:40:12+09:00,ALPACA,426484,100.0,36.43732,127.388435,12,세종특별시
2026-06-17T14:40:12+09:00,ALPACA,426256,82.0,36.437454,127.388435,12,세종특별시
2026-06-17T14:40:12+09:00,ALPACA,414948,94.0,36.438084,127.39494,12,세종특별시
2026-06-17T14:40:12+09:00,ALPACA,426305,69.0,36.438095,127.381996,12,세종특별시
2026-06-17T14:40:12+09:00,ALPACA,414912,100.0,36.438103,127.38237,12,세종특별시
2026-06-17T14:40:12+09:00,ALPACA,414759,100.0,36.43812,127.3815,12,세종특별시
2026-06-17T14:40:12+09:00,ALPACA,414794,80.0,36.43812,127.38202,12,세종특별시
2026-06-17T14:40:12+09:00,ALPACA,414943,100.0,36.43813,127.38232,12,세종특별시
2026-06-17T14:40:12+09:00,ALPACA,424760,100.0,36.43815,127.38154,12,세종특별시
2026-06-17T14:40:12+09:00,ALPACA,415516,76.0,36.438152,127.38194,12,세종특별시
2026-06-17T14:40:12+09:00,ALPACA,414706,79.0,36.438187,127.382065,12,세종특별시
2026-06-17T14:40:12+09:00,ALPACA,414684,97.0,36.43893,127.39512,12,세종특별시
2026-06-17T14:40:12+09:00,ALPACA,414532,57.0,36.43929,127.38143,12,세종특별시
2026-06-17T14:40:12+09:00,ALPACA,415439,100.0,36.439877,127.38223,12,세종특별시
2026-06-17T14:40:12+09:00,ALPACA,424542,90.0,36.439896,127.38476,12,세종특별시
2026-06-17T14:40:12+09:00,ALPACA,424564,58.0,36.440174,127.38336,12,세종특별시
2026-06-17T14:40:12+09:00,ALPACA,424719,100.0,36.440266,127.38345,12,세종특별시
2026-06-17T14:40:12+09:00,ALPACA,424382,54.0,36.44033,127.38437,12,세종특별시
2026-06-17T14:40:12+09:00,ALPACA,425193,62.0,36.44123,127.38599,12,세종특별시
2026-06-17T14:40:12+09:00,ALPACA,414659,45.0,36.441647,127.399925,12,세종특별시
2026-06-17T14:40:12+09:00,ALPACA,414644,32.0,36.444366,127.41042,12,세종특별시
2026-06-17T14:40:12+09:00,ALPACA,414724,63.0,36.445915,127.41399,12,세종특별시
2026-06-17T14:40:12+09:00,ALPACA,425712,67.0,36.445957,127.405624,12,세종특별시
2026-06-17T14:40:12+09:00,ALPACA,425384,68.0,36.447025,127.40838,12,세종특별시
2026-06-17T14:40:12+09:00,ALPACA,415049,49.0,36.448135,127.42335,12,세종특별시
2026-06-17T14:40:12+09:00,ALPACA,414760,38.0,36.449184,127.41195,12,세종특별시
2026-06-17T14:40:12+09:00,ALPACA,424455,43.0,36.450794,127.432045,12,세종특별시
2026-06-17T14:40:12+09:00,ALPACA,424792,36.0,36.45336,127.423874,12,세종특별시
2026-06-17T14:40:12+09:00,ALPACA,422610,69.0,36.58649,127.294586,12,세종특별시
2026-06-17T14:40:12+09:00,ALPACA,422236,78.0,36.588135,127.28902,12,세종특별시
2026-06-17T14:40:12+09:00,ALPACA,422154,100.0,36.588425,127.29001,12,세종특별시
2026-06-17T14:40:12+09:00,ALPACA,421288,100.0,36.588444,127.290054,12,세종특별시
2026-06-17T14:40:12+09:00,ALPACA,414865,100.0,36.590813,127.29184,12,세종특별시
2026-06-17T14:40:12+09:00,ALPACA,422500,100.0,36.590828,127.291824,12,세종특별시
2026-06-17T14:40:12+09:00,ALPACA,422087,100.0,36.59086,127.29185,12,세종특별시
2026-06-17T14:40:12+09:00,ALPACA,422425,89.0,36.590874,127.29187,12,세종특별시
2026-06-17T14:40:12+09:00,ALPACA,422363,100.0,36.590958,127.29519,12,세종특별시
2026-06-17T14:40:12+09:00,ALPACA,422600,74.0,36.59098,127.29518,12,세종특별시
2026-06-17T14:40:12+09:00,ALPACA,421876,85.0,36.590992,127.2952,12,세종특별시
2026-06-17T14:40:12+09:00,ALPACA,422397,89.0,36.592003,127.29626,12,세종특별시
2026-06-17T14:40:12+09:00,ALPACA,422249,83.0,36.592037,127.29636,12,세종특별시
2026-06-17T14:40:12+09:00,ALPACA,422376,100.0,36.592087,127.29632,12,세종특별시
2026-06-17T14:40:12+09:00,ALPACA,421720,100.0,36.593098,127.28476,12,세종특별시
2026-06-17T14:40:12+09:00,ALPACA,422047,100.0,36.5931,127.284775,12,세종특별시
2026-06-17T14:40:12+09:00,ALPACA,422220,100.0,36.593105,127.28477,12,세종특별시
2026-06-17T14:40:12+09:00,ALPACA,414795,93.0,36.593204,127.28924,12,세종특별시
2026-06-17T14:40:12+09:00,ALPACA,422434,93.0,36.59417,127.30133,12,세종특별시
2026-06-17T14:40:12+09:00,ALPACA,422562,93.0,36.59511,127.28873,12,세종특별시
2026-06-17T14:40:12+09:00,ALPACA,422379,100.0,36.59515,127.28925,12,세종특별시
2026-06-17T14:40:12+09:00,ALPACA,422393,100.0,36.59518,127.289215,12,세종특별시
2026-06-17T14:40:12+09:00,ALPACA,410262,100.0,36.595184,127.28924,12,세종특별시
2026-06-17T14:40:12+09:00,ALPACA,422023,75.0,36.59577,127.289406,12,세종특별시
2026-06-17T14:40:12+09:00,ALPACA,422491,78.0,36.596176,127.29575,12,세종특별시
2026-06-17T14:40:12+09:00,ALPACA,421904,100.0,36.59622,127.29577,12,세종특별시
2026-06-17T14:40:12+09:00,ALPACA,422567,100.0,36.59646,127.28842,12,세종특별시
2026-06-17T14:40:12+09:00,ALPACA,422125,73.0,36.59647,127.2884,12,세종특별시
2026-06-17T14:40:12+09:00,ALPACA,422414,81.0,36.596535,127.30081,12,세종특별시
2026-06-17T14:40:12+09:00,ALPACA,421733,74.0,36.597267,127.29874,12,세종특별시
2026-06-17T14:40:12+09:00,ALPACA,422338,88.0,36.597286,127.29744,12,세종특별시
2026-06-17T14:40:12+09:00,ALPACA,422449,55.0,36.599773,127.29535,12,세종특별시
2026-06-17T14:40:12+09:00,ALPACA,422228,73.0,36.600174,127.294624,12,세종특별시
2026-06-17T14:40:12+09:00,ALPACA,422136,100.0,36.601013,127.29504,12,세종특별시
2026-06-17T14:40:12+09:00,ALPACA,422350,81.0,36.60106,127.29497,12,세종특별시
2026-06-17T14:40:12+09:00,ALPACA,422701,100.0,36.601227,127.29114,12,세종특별시
2026-06-17T14:40:12+09:00,ALPACA,422467,100.0,36.60136,127.2885,12,세종특별시
2026-06-17T14:40:12+09:00,ALPACA,410385,85.0,36.601765,127.28865,12,세종특별시
2026-06-17T14:40:12+09:00,ALPACA,422265,100.0,36.60182,127.290085,12,세종특별시
2026-06-17T14:40:12+09:00,ALPACA,422258,97.0,36.601833,127.29012,12,세종특별시
2026-06-17T14:40:12+09:00,ALPACA,422566,81.0,36.60185,127.294945,12,세종특별시
2026-06-17T14:40:12+09:00,ALPACA,421703,100.0,36.601852,127.2901,12,세종특별시
2026-06-17T14:40:12+09:00,ALPACA,422446,91.0,36.602337,127.29036,12,세종특별시
2026-06-17T14:40:12+09:00,ALPACA,422306,73.0,36.60238,127.28648,12,세종특별시
2026-06-17T14:40:12+09:00,ALPACA,422138,100.0,36.602406,127.29489,12,세종특별시
2026-06-17T14:40:12+09:00,ALPACA,422571,100.0,36.603333,127.29134,12,세종특별시
2026-06-17T14:40:12+09:00,ALPACA,422387,90.0,36.60345,127.30732,12,세종특별시
2026-06-17T14:40:12+09:00,ALPACA,418661,90.0,36.603523,127.29319,12,세종특별시
2026-06-17T14:40:12+09:00,ALPACA,422399,100.0,36.603596,127.29317,12,세종특별시
2026-06-17T14:40:12+09:00,ALPACA,422203,100.0,36.603607,127.29011,12,세종특별시
2026-06-17T14:40:12+09:00,ALPACA,421775,70.0,36.60373,127.29318,12,세종특별시
2026-06-17T14:40:12+09:00,ALPACA,422364,71.0,36.603767,127.29316,12,세종특별시
2026-06-17T14:40:12+09:00,ALPACA,421566,86.0,36.603878,127.29712,12,세종특별시
2026-06-17T14:40:12+09:00,ALPACA,422303,100.0,36.604046,127.297485,12,세종특별시
2026-06-17T14:40:12+09:00,ALPACA,422075,91.0,36.60406,127.29753,12,세종특별시
2026-06-17T14:40:12+09:00,ALPACA,422344,100.0,36.604065,127.29751,12,세종특별시
2026-06-17T14:40:12+09:00,ALPACA,422246,100.0,36.604084,127.297516,12,세종특별시
2026-06-17T14:40:12+09:00,ALPACA,422484,62.0,36.6041,127.297516,12,세종특별시
2026-06-17T14:40:12+09:00,ALPACA,421987,100.0,36.60448,127.292564,12,세종특별시
2026-06-17T14:40:12+09:00,ALPACA,422337,80.0,36.60455,127.29248,12,세종특별시
2026-06-17T14:40:12+09:00,ALPACA,421831,41.0,36.60456,127.29253,12,세종특별시
2026-06-17T14:40:12+09:00,ALPACA,422248,64.0,36.604572,127.2925,12,세종특별시
2026-06-17T14:40:12+09:00,ALPACA,422173,95.0,36.605038,127.293236,12,세종특별시
2026-06-17T14:40:12+09:00,ALPACA,422452,100.0,36.60527,127.29278,12,세종특별시
2026-06-17T14:40:12+09:00,ALPACA,422282,71.0,36.605328,127.29324,12,세종특별시
2026-06-17T14:40:12+09:00,ALPACA,422458,75.0,36.60533,127.29211,12,세종특별시
2026-06-17T14:40:12+09:00,ALPACA,422396,100.0,36.605366,127.29211,12,세종특별시
2026-06-17T14:40:12+09:00,ALPACA,422435,73.0,36.605366,127.29209,12,세종특별시
2026-06-17T14:40:12+09:00,ALPACA,422699,100.0,36.605373,127.29213,12,세종특별시
2026-06-17T14:40:12+09:00,ALPACA,422025,100.0,36.605587,127.297226,12,세종특별시
2026-06-17T14:40:12+09:00,ALPACA,422413,100.0,36.60559,127.29723,12,세종특별시
2026-06-17T14:40:12+09:00,ALPACA,422406,100.0,36.6056,127.29729,12,세종특별시
2026-06-17T14:40:12+09:00,ALPACA,422238,79.0,36.606304,127.29312,12,세종특별시
2026-06-17T14:40:12+09:00,ALPACA,422324,84.0,36.606316,127.2878,12,세종특별시
2026-06-17T14:40:12+09:00,ALPACA,422522,74.0,36.606323,127.29306,12,세종특별시
2026-06-17T14:40:12+09:00,ALPACA,422884,93.0,36.606495,127.29192,12,세종특별시
2026-06-17T14:40:12+09:00,ALPACA,422336,34.0,36.60691,127.289345,12,세종특별시
2026-06-17T14:40:12+09:00,ALPACA,412614,54.0,36.608784,127.29224,12,세종특별시
2026-06-17T14:40:12+09:00,ALPACA,422463,45.0,36.60894,127.28361,12,세종특별시
2026-06-17T14:40:12+09:00,ALPACA,422322,94.0,36.608997,127.28384,12,세종특별시
2026-06-17T14:40:12+09:00,ALPACA,422175,40.0,36.60901,127.28372,12,세종특별시
2026-06-17T14:40:12+09:00,ALPACA,422465,57.0,36.609043,127.283714,12,세종특별시
2026-06-17T14:40:12+09:00,ALPACA,422620,94.0,36.609062,127.28379,12,세종특별시
2026-06-17T14:40:12+09:00,ALPACA,422559,83.0,36.609077,127.283806,12,세종특별시
2026-06-17T14:40:12+09:00,ALPACA,412597,87.0,36.6091,127.28372,12,세종특별시
2026-06-17T14:40:12+09:00,ALPACA,422576,60.0,36.6091,127.2837,12,세종특별시
2026-06-17T14:40:12+09:00,ALPACA,422720,62.0,36.60919,127.28498,12,세종특별시
2026-06-17T14:40:12+09:00,ALPACA,422607,46.0,36.6092,127.29094,12,세종특별시
2026-06-17T14:40:12+09:00,ALPACA,418665,98.0,36.609303,127.28459,12,세종특별시
2026-06-17T14:40:12+09:00,ALPACA,422432,57.0,36.609337,127.28333,12,세종특별시
2026-06-17T14:40:12+09:00,ALPACA,422560,74.0,36.609386,127.286194,12,세종특별시
2026-06-17T14:40:12+09:00,ALPACA,421025,61.0,36.60967,127.28503,12,세종특별시
2026-06-17T14:40:12+09:00,ALPACA,422502,36.0,36.60986,127.28495,12,세종특별시
2026-06-17T14:40:12+09:00,ALPACA,422439,66.0,36.61011,127.284966,12,세종특별시
2026-06-17T14:40:12+09:00,ALPACA,422205,100.0,36.610172,127.29321,12,세종특별시
2026-06-17T14:40:12+09:00,ALPACA,422499,91.0,36.610237,127.28474,12,세종특별시
2026-06-17T14:40:12+09:00,ALPACA,422378,75.0,36.610306,127.296616,12,세종특별시
2026-06-17T14:40:12+09:00,ALPACA,422703,85.0,36.61031,127.29676,12,세종특별시
2026-06-17T14:40:12+09:00,ALPACA,421725,100.0,36.61032,127.29676,12,세종특별시
2026-06-17T14:40:12+09:00,ALPACA,422226,93.0,36.610325,127.28631,12,세종특별시
2026-06-17T14:40:12+09:00,ALPACA,422556,100.0,36.610325,127.29679,12,세종특별시
2026-06-17T14:40:12+09:00,ALPACA,422430,94.0,36.610447,127.2932,12,세종특별시
2026-06-17T14:40:12+09:00,ALPACA,422184,70.0,36.61051,127.2871,12,세종특별시
2026-06-17T14:40:12+09:00,ALPACA,422420,73.0,36.610695,127.293465,12,세종특별시
2026-06-17T14:40:12+09:00,ALPACA,422394,80.0,36.61074,127.29136,12,세종특별시
2026-06-17T14:40:12+09:00,ALPACA,422181,66.0,36.610786,127.29172,12,세종특별시
2026-06-17T14:40:12+09:00,ALPACA,422128,79.0,36.610897,127.288284,12,세종특별시
2026-06-17T14:40:12+09:00,ALPACA,422770,52.0,36.610916,127.29091,12,세종특별시
2026-06-17T14:40:12+09:00,ALPACA,421741,100.0,36.610943,127.29311,12,세종특별시
2026-06-17T14:40:12+09:00,ALPACA,422180,99.0,36.610947,127.28872,12,세종특별시
2026-06-17T14:40:12+09:00,ALPACA,422143,64.0,36.610985,127.28645,12,세종특별시
2026-06-17T14:40:12+09:00,ALPACA,422291,74.0,36.611,127.28635,12,세종특별시
2026-06-17T14:40:12+09:00,ALPACA,422468,100.0,36.61101,127.28643,12,세종특별시
2026-06-17T14:40:12+09:00,ALPACA,422147,68.0,36.61102,127.28641,12,세종특별시
2026-06-17T14:40:12+09:00,ALPACA,422328,38.0,36.61106,127.29008,12,세종특별시
2026-06-17T14:40:12+09:00,ALPACA,422450,30.0,36.611088,127.2864,12,세종특별시
2026-06-17T14:40:12+09:00,ALPACA,422130,47.0,36.611103,127.28619,12,세종특별시
2026-06-17T14:40:12+09:00,ALPACA,422391,100.0,36.611156,127.29014,12,세종특별시
2026-06-17T14:40:12+09:00,ALPACA,422472,94.0,36.61116,127.28979,12,세종특별시
2026-06-17T14:40:12+09:00,ALPACA,422426,77.0,36.611164,127.29007,12,세종특별시
2026-06-17T14:40:12+09:00,ALPACA,422384,47.0,36.61117,127.29002,12,세종특별시
2026-06-17T14:40:12+09:00,ALPACA,422178,39.0,36.611176,127.28975,12,세종특별시
2026-06-17T14:40:12+09:00,ALPACA,422028,85.0,36.611187,127.29089,12,세종특별시
2026-06-17T14:40:12+09:00,ALPACA,422697,37.0,36.611225,127.28979,12,세종특별시
2026-06-17T14:40:12+09:00,ALPACA,422480,87.0,36.61125,127.28734,12,세종특별시
2026-06-17T14:40:12+09:00,ALPACA,412728,54.0,36.61128,127.28816,12,세종특별시
2026-06-17T14:40:12+09:00,ALPACA,421740,94.0,36.611286,127.29007,12,세종특별시
2026-06-17T14:40:12+09:00,ALPACA,422456,79.0,36.611317,127.28831,12,세종특별시
2026-06-17T14:40:12+09:00,ALPACA,422776,41.0,36.61132,127.288216,12,세종특별시
2026-06-17T14:40:12+09:00,ALPACA,422395,94.0,36.611336,127.28808,12,세종특별시
2026-06-17T14:40:12+09:00,ALPACA,421979,98.0,36.611347,127.288185,12,세종특별시
2026-06-17T14:40:12+09:00,ALPACA,422270,76.0,36.61135,127.288124,12,세종특별시
2026-06-17T14:40:12+09:00,ALPACA,421907,99.0,36.611355,127.28818,12,세종특별시
2026-06-17T14:40:12+09:00,ALPACA,422505,59.0,36.611355,127.288216,12,세종특별시
2026-06-17T14:40:12+09:00,ALPACA,422253,98.0,36.611366,127.28825,12,세종특별시
2026-06-17T14:40:12+09:00,ALPACA,421889,73.0,36.611374,127.28744,12,세종특별시
2026-06-17T14:40:12+09:00,ALPACA,422359,95.0,36.611374,127.28823,12,세종특별시
2026-06-17T14:40:12+09:00,ALPACA,422264,95.0,36.61138,127.28822,12,세종특별시
2026-06-17T14:40:12+09:00,ALPACA,422244,47.0,36.6114,127.28746,12,세종특별시
2026-06-17T14:40:12+09:00,ALPACA,422730,74.0,36.61144,127.287445,12,세종특별시
2026-06-17T14:40:12+09:00,ALPACA,422277,99.0,36.611454,127.28744,12,세종특별시
2026-06-17T14:40:12+09:00,ALPACA,422131,88.0,36.611458,127.28745,12,세종특별시
2026-06-17T14:40:12+09:00,ALPACA,422107,43.0,36.611633,127.287544,12,세종특별시
2026-06-17T14:40:12+09:00,ALPACA,422339,32.0,36.611954,127.2846,12,세종특별시
2026-06-17T14:40:12+09:00,ALPACA,422709,86.0,36.613125,127.29592,12,세종특별시
2026-06-17T14:40:12+09:00,ALPACA,422386,86.0,36.613197,127.29332,12,세종특별시
2026-06-17T14:40:12+09:00,ALPACA,422103,100.0,36.613853,127.31,12,세종특별시
2026-06-17T14:40:12+09:00,ALPACA,418558,100.0,36.613876,127.309975,12,세종특별시
2026-06-17T14:40:12+09:00,ALPACA,422168,73.0,36.61406,127.28906,12,세종특별시
2026-06-17T14:40:12+09:00,ALPACA,422371,62.0,36.61409,127.28907,12,세종특별시
2026-06-17T14:40:12+09:00,ALPACA,422335,100.0,36.614174,127.28884,12,세종특별시
2026-06-17T14:40:12+09:00,ALPACA,422367,100.0,36.614174,127.2888,12,세종특별시
2026-06-17T14:40:12+09:00,ALPACA,422207,95.0,36.61456,127.30835,12,세종특별시
2026-06-17T14:40:12+09:00,ALPACA,422242,77.0,36.614662,127.3059,12,세종특별시
2026-06-17T14:40:12+09:00,ALPACA,422603,100.0,36.614918,127.28499,12,세종특별시
2026-06-17T14:40:12+09:00,ALPACA,422358,75.0,36.615963,127.286064,12,세종특별시
2026-06-17T14:40:12+09:00,ALPACA,422086,76.0,36.61633,127.31405,12,세종특별시
2026-06-17T14:40:12+09:00,ALPACA,422185,100.0,36.618057,127.288795,12,세종특별시
2026-06-17T14:40:12+09:00,ALPACA,422296,87.0,36.6188,127.32029,12,세종특별시
2026-06-17T14:40:12+09:00,ALPACA,410365,76.0,36.618816,127.29082,12,세종특별시
2026-06-17T14:40:12+09:00,ALPACA,422176,100.0,36.61898,127.28855,12,세종특별시
2026-06-17T14:40:12+09:00,ALPACA,422243,75.0,36.619553,127.309944,12,세종특별시
2026-06-17T14:40:12+09:00,ALPACA,421998,82.0,36.620438,127.32027,12,세종특별시
2026-06-17T14:40:12+09:00,ALPACA,422039,70.0,36.620907,127.28249,12,세종특별시
2026-06-17T14:40:12+09:00,ALPACA,422705,93.0,36.62092,127.28246,12,세종특별시
2026-06-17T14:40:12+09:00,ALPACA,422357,82.0,36.621124,127.30795,12,세종특별시
2026-06-17T14:40:12+09:00,ALPACA,422333,97.0,36.62135,127.29062,12,세종특별시
2026-06-17T14:40:12+09:00,ALPACA,422509,68.0,36.621548,127.28891,12,세종특별시
2026-06-17T14:40:12+09:00,ALPACA,422469,73.0,36.6216,127.30235,12,세종특별시
2026-06-17T14:40:12+09:00,ALPACA,422309,92.0,36.621677,127.28371,12,세종특별시
2026-06-17T14:40:12+09:00,ALPACA,422329,97.0,36.621685,127.28388,12,세종특별시
2026-06-17T14:40:12+09:00,ALPACA,421908,99.0,36.62169,127.28588,12,세종특별시
2026-06-17T14:40:12+09:00,ALPACA,422141,69.0,36.621693,127.28588,12,세종특별시
2026-06-17T14:40:12+09:00,ALPACA,422299,79.0,36.621696,127.28384,12,세종특별시
2026-06-17T14:40:12+09:00,ALPACA,421186,85.0,36.62171,127.28384,12,세종특별시
2026-06-17T14:40:12+09:00,ALPACA,422568,98.0,36.621758,127.283844,12,세종특별시
2026-06-17T14:40:12+09:00,ALPACA,422148,81.0,36.62177,127.28556,12,세종특별시
2026-06-17T14:40:12+09:00,ALPACA,422251,41.0,36.62178,127.326614,12,세종특별시
2026-06-17T14:40:12+09:00,ALPACA,422580,99.0,36.621788,127.28554,12,세종특별시
2026-06-17T14:40:12+09:00,ALPACA,422702,52.0,36.621857,127.32653,12,세종특별시
2026-06-17T14:40:12+09:00,ALPACA,421945,47.0,36.621864,127.304695,12,세종특별시
2026-06-17T14:40:12+09:00,ALPACA,422304,97.0,36.623657,127.28743,12,세종특별시
2026-06-17T14:40:12+09:00,ALPACA,422211,82.0,36.623665,127.28685,12,세종특별시
2026-06-17T14:40:12+09:00,ALPACA,422212,66.0,36.623714,127.286835,12,세종특별시
2026-06-17T14:40:12+09:00,ALPACA,422507,87.0,36.62377,127.325096,12,세종특별시
2026-06-17T14:40:12+09:00,ALPACA,422403,97.0,36.62414,127.32578,12,세종특별시
2026-06-17T14:40:12+09:00,ALPACA,422440,86.0,36.626568,127.33195,12,세종특별시
2026-06-17T14:40:12+09:00,ALPACA,413919,54.0,36.62669,127.33202,12,세종특별시
2026-06-17T14:40:12+09:00,ALPACA,422412,58.0,36.62692,127.323326,12,세종특별시
2026-06-17T14:40:12+09:00,ALPACA,422372,92.0,36.627663,127.32866,12,세종특별시
2026-06-17T14:40:12+09:00,ALPACA,422622,61.0,36.627975,127.33185,12,세종특별시
2026-06-17T14:40:12+09:00,ALPACA,422382,81.0,36.628136,127.332634,12,세종특별시
2026-06-17T14:40:12+09:00,ALPACA,422194,72.0,36.629448,127.33293,12,세종특별시
2026-06-17T14:40:12+09:00,ALPACA,422575,98.0,36.63005,127.333046,12,세종특별시
2026-06-17T14:40:12+09:00,ALPACA,422121,98.0,36.63006,127.33041,12,세종특별시
2026-06-17T14:40:12+09:00,ALPACA,422297,97.0,36.630157,127.33284,12,세종특별시
2026-06-17T14:40:12+09:00,ALPACA,422528,47.0,36.63016,127.329994,12,세종특별시
2026-06-17T14:40:12+09:00,ALPACA,421994,100.0,36.630173,127.33289,12,세종특별시
2026-06-17T14:40:12+09:00,ALPACA,410342,97.0,36.630188,127.33287,12,세종특별시
2026-06-17T14:40:12+09:00,ALPACA,422188,59.0,36.630276,127.33359,12,세종특별시
2026-06-17T14:40:12+09:00,ALPACA,422486,55.0,36.630577,127.33085,12,세종특별시
2026-06-17T14:40:12+09:00,ALPACA,422408,57.0,36.630856,127.32952,12,세종특별시
2026-06-17T14:40:12+09:00,ALPACA,422278,70.0,36.630898,127.33079,12,세종특별시
2026-06-17T14:40:12+09:00,ALPACA,422316,94.0,36.631054,127.32807,12,세종특별시
2026-06-17T14:40:12+09:00,ALPACA,422427,48.0,36.631268,127.319305,12,세종특별시
2026-06-17T14:40:12+09:00,ALPACA,422126,93.0,36.6313,127.328636,12,세종특별시
2026-06-17T14:40:12+09:00,ALPACA,422431,57.0,36.63147,127.328804,12,세종특별시
2026-06-17T14:40:12+09:00,ALPACA,416273,77.0,36.631496,127.32945,12,세종특별시
2026-06-17T14:40:12+09:00,ALPACA,422032,63.0,36.631508,127.319214,12,세종특별시
2026-06-17T14:40:12+09:00,ALPACA,422161,86.0,36.631527,127.31919,12,세종특별시
2026-06-17T14:40:12+09:00,ALPACA,422049,84.0,36.63154,127.32607,12,세종특별시
2026-06-17T14:40:12+09:00,ALPACA,421772,91.0,36.6316,127.32905,12,세종특별시
2026-06-17T14:40:12+09:00,ALPACA,422552,100.0,36.631626,127.33032,12,세종특별시
2026-06-17T14:40:12+09:00,ALPACA,422691,75.0,36.63166,127.319824,12,세종특별시
2026-06-17T14:40:12+09:00,ALPACA,422164,89.0,36.631817,127.330444,12,세종특별시
2026-06-17T14:40:12+09:00,ALPACA,422365,78.0,36.632095,127.3274,12,세종특별시
2026-06-17T14:40:12+09:00,ALPACA,422534,63.0,36.63249,127.32635,12,세종특별시
2026-06-17T14:40:12+09:00,ALPACA,422402,87.0,36.632725,127.33509,12,세종특별시
2026-06-17T14:40:12+09:00,ALPACA,422558,98.0,36.63276,127.33506,12,세종특별시
2026-06-17T14:40:12+09:00,ALPACA,422334,72.0,36.632767,127.33112,12,세종특별시
2026-06-17T14:40:12+09:00,ALPACA,422375,70.0,36.632843,127.32338,12,세종특별시
2026-06-17T14:40:12+09:00,ALPACA,422034,71.0,36.632965,127.31423,12,세종특별시
2026-06-17T14:40:12+09:00,ALPACA,422625,100.0,36.633327,127.32107,12,세종특별시
2026-06-17T14:40:12+09:00,ALPACA,422536,100.0,36.633335,127.32108,12,세종특별시
2026-06-17T14:40:12+09:00,ALPACA,422604,100.0,36.633335,127.32109,12,세종특별시
2026-06-17T14:40:12+09:00,ALPACA,419034,97.0,36.633343,127.32108,12,세종특별시
2026-06-17T14:40:12+09:00,ALPACA,422535,95.0,36.633766,127.32904,12,세종특별시
2026-06-17T14:40:12+09:00,ALPACA,422498,77.0,36.635105,127.32707,12,세종특별시
2026-06-17T14:40:12+09:00,ALPACA,422389,95.0,36.635406,127.32625,12,세종특별시
2026-06-17T14:40:12+09:00,ALPACA,421739,76.0,36.635544,127.33448,12,세종특별시
2026-06-17T14:40:12+09:00,ALPACA,422538,43.0,36.63556,127.32583,12,세종특별시
2026-06-17T14:40:12+09:00,ALPACA,422142,81.0,36.63571,127.33876,12,세종특별시
2026-06-17T14:40:12+09:00,ALPACA,422256,63.0,36.635918,127.317535,12,세종특별시
2026-06-17T14:40:12+09:00,ALPACA,422122,61.0,36.63613,127.32849,12,세종특별시
2026-06-17T14:40:12+09:00,ALPACA,421718,100.0,36.63657,127.322876,12,세종특별시
2026-06-17T14:40:12+09:00,ALPACA,422629,100.0,36.636574,127.32278,12,세종특별시
2026-06-17T14:40:12+09:00,ALPACA,422189,63.0,36.636612,127.322685,12,세종특별시
2026-06-17T14:40:12+09:00,ALPACA,422574,72.0,36.63713,127.325294,12,세종특별시
2026-06-17T14:40:12+09:00,ALPACA,422259,90.0,36.63718,127.32534,12,세종특별시
2026-06-17T14:40:12+09:00,ALPACA,422102,100.0,36.637207,127.3253,12,세종특별시
2026-06-17T14:40:12+09:00,ALPACA,422101,88.0,36.63721,127.329155,12,세종특별시
2026-06-17T14:40:12+09:00,ALPACA,418277,70.0,36.637234,127.328835,12,세종특별시
2026-06-17T14:40:12+09:00,ALPACA,422381,75.0,36.63725,127.328835,12,세종특별시
2026-06-17T14:40:12+09:00,ALPACA,422213,44.0,36.637257,127.32913,12,세종특별시
2026-06-17T14:40:12+09:00,ALPACA,421950,66.0,36.637943,127.328064,12,세종특별시
2026-06-17T14:40:12+09:00,ALPACA,422352,58.0,36.638725,127.31696,12,세종특별시
2026-06-17T14:40:12+09:00,ALPACA,422355,73.0,36.638966,127.334236,12,세종특별시
2026-06-17T14:40:12+09:00,ALPACA,422692,89.0,36.63899,127.33424,12,세종특별시
2026-06-17T14:40:12+09:00,ALPACA,422172,98.0,36.639,127.33427,12,세종특별시
2026-06-17T14:40:12+09:00,ALPACA,416786,100.0,36.639015,127.33428,12,세종특별시
2026-06-17T14:40:12+09:00,ALPACA,422573,100.0,36.639023,127.33424,12,세종특별시
2026-06-17T14:40:12+09:00,ALPACA,422496,84.0,36.639687,127.346886,12,세종특별시
2026-06-17T14:40:12+09:00,ALPACA,422388,73.0,36.641624,127.33624,12,세종특별시
2026-06-17T14:40:12+09:00,ALPACA,422326,82.0,36.642715,127.34169,12,세종특별시
2026-06-17T14:40:12+09:00,ALPACA,419832,96.0,36.643394,127.341896,12,세종특별시
2026-06-17T14:40:12+09:00,ALPACA,422362,84.0,36.643646,127.336334,12,세종특별시
2026-06-17T14:40:12+09:00,ALPACA,422455,93.0,36.644646,127.332825,12,세종특별시
2026-06-17T14:40:12+09:00,GBIKE,346764,100.0,36.440763,127.224465,12,세종특별시
2026-06-17T14:40:12+09:00,GBIKE,634021,39.0,36.441036,127.367041,12,세종특별시
2026-06-17T14:40:12+09:00,GBIKE,501362,86.0,36.445462,127.313491,12,세종특별시
2026-06-17T14:40:12+09:00,GBIKE,353074,100.0,36.447178,127.36564,12,세종특별시
2026-06-17T14:40:12+09:00,GBIKE,374180,30.0,36.447548,127.228638,12,세종특별시
2026-06-17T14:40:12+09:00,GBIKE,372222,85.0,36.451356,127.363478,12,세종특별시
2026-06-17T14:40:12+09:00,GBIKE,373279,72.0,36.451385,127.363731,12,세종특별시
2026-06-17T14:40:12+09:00,GBIKE,621255,59.0,36.451472,127.362621,12,세종특별시
2026-06-17T14:40:12+09:00,GBIKE,302403,83.0,36.451492,127.363731,12,세종특별시
2026-06-17T14:40:12+09:00,GBIKE,308243,63.0,36.451894,127.364033,12,세종특별시
2026-06-17T14:40:12+09:00,GBIKE,365258,35.0,36.451955,127.36238,12,세종특별시
2026-06-17T14:40:12+09:00,GBIKE,345118,64.0,36.452218,127.363803,12,세종특별시
2026-06-17T14:40:12+09:00,GBIKE,377379,30.0,36.453726,127.365486,12,세종특별시
2026-06-17T14:40:12+09:00,GBIKE,604668,34.0,36.453955,127.363456,12,세종특별시
2026-06-17T14:40:12+09:00,GBIKE,624269,42.0,36.454222,127.366902,12,세종특별시
2026-06-17T14:40:12+09:00,GBIKE,302018,56.0,36.454319,127.363726,12,세종특별시
2026-06-17T14:40:12+09:00,GBIKE,386937,36.0,36.45439,127.364053,12,세종특별시
2026-06-17T14:40:12+09:00,GBIKE,395865,55.0,36.45444,127.363745,12,세종특별시
2026-06-17T14:40:12+09:00,GBIKE,338805,65.0,36.454861,127.363988,12,세종특별시
2026-06-17T14:40:12+09:00,GBIKE,306339,73.0,36.454917,127.364158,12,세종특별시
2026-06-17T14:40:12+09:00,GBIKE,378795,77.0,36.455416,127.364158,12,세종특별시
2026-06-17T14:40:12+09:00,GBIKE,395213,64.0,36.456796,127.36045,12,세종특별시
2026-06-17T14:40:12+09:00,GBIKE,300588,74.0,36.463659,127.359857,12,세종특별시
2026-06-17T14:40:12+09:00,GBIKE,501246,46.0,36.464394,127.28255,12,세종특별시
2026-06-17T14:40:12+09:00,GBIKE,130763,55.0,36.46513,127.245759,12,세종특별시
2026-06-17T14:40:12+09:00,GBIKE,131038,38.0,36.467727,127.263752,12,세종특별시
2026-06-17T14:40:12+09:00,GBIKE,631883,68.0,36.467741,127.264109,12,세종특별시
2026-06-17T14:40:12+09:00,GBIKE,131565,88.0,36.467832,127.263722,12,세종특별시
2026-06-17T14:40:12+09:00,GBIKE,501113,30.0,36.468538,127.281152,12,세종특별시
2026-06-17T14:40:12+09:00,GBIKE,130893,50.0,36.468577,127.271387,12,세종특별시
2026-06-17T14:40:12+09:00,GBIKE,395909,30.0,36.468641,127.271155,12,세종특별시
2026-06-17T14:40:12+09:00,GBIKE,501170,95.0,36.468826,127.272091,12,세종특별시
2026-06-17T14:40:12+09:00,GBIKE,131435,87.0,36.46898,127.274306,12,세종특별시
2026-06-17T14:40:12+09:00,GBIKE,130931,75.0,36.468983,127.274261,12,세종특별시
2026-06-17T14:40:12+09:00,GBIKE,130960,76.0,36.468987,127.274277,12,세종특별시
2026-06-17T14:40:12+09:00,GBIKE,130619,64.0,36.468997,127.274274,12,세종특별시
2026-06-17T14:40:12+09:00,GBIKE,130308,100.0,36.468999,127.274276,12,세종특별시
2026-06-17T14:40:12+09:00,GBIKE,130113,100.0,36.469008,127.274262,12,세종특별시
2026-06-17T14:40:12+09:00,GBIKE,130388,87.0,36.469008,127.27426,12,세종특별시
2026-06-17T14:40:12+09:00,GBIKE,501495,30.0,36.469028,127.273093,12,세종특별시
2026-06-17T14:40:12+09:00,GBIKE,501298,32.0,36.469222,127.280661,12,세종특별시
2026-06-17T14:40:12+09:00,GBIKE,501538,41.0,36.469262,127.27375,12,세종특별시
2026-06-17T14:40:12+09:00,GBIKE,131791,87.0,36.469295,127.274024,12,세종특별시
2026-06-17T14:40:12+09:00,GBIKE,131547,82.0,36.470037,127.287619,12,세종특별시
2026-06-17T14:40:12+09:00,GBIKE,130924,100.0,36.470056,127.277988,12,세종특별시
2026-06-17T14:40:12+09:00,GBIKE,131357,83.0,36.470952,127.273275,12,세종특별시
2026-06-17T14:40:12+09:00,GBIKE,130163,39.0,36.470988,127.27327,12,세종특별시
2026-06-17T14:40:12+09:00,GBIKE,130405,87.0,36.471033,127.274504,12,세종특별시
2026-06-17T14:40:12+09:00,GBIKE,131544,42.0,36.471079,127.252119,12,세종특별시
2026-06-17T14:40:12+09:00,GBIKE,501348,69.0,36.471133,127.27506,12,세종특별시
2026-06-17T14:40:12+09:00,GBIKE,501532,30.0,36.471136,127.252138,12,세종특별시
2026-06-17T14:40:12+09:00,GBIKE,131681,100.0,36.471137,127.275053,12,세종특별시
2026-06-17T14:40:12+09:00,GBIKE,131942,36.0,36.471394,127.285832,12,세종특별시
2026-06-17T14:40:12+09:00,GBIKE,131656,40.0,36.471727,127.279732,12,세종특별시
2026-06-17T14:40:12+09:00,GBIKE,130669,32.0,36.47173,127.276046,12,세종특별시
2026-06-17T14:40:12+09:00,GBIKE,131560,62.0,36.471775,127.276039,12,세종특별시
2026-06-17T14:40:12+09:00,GBIKE,130488,94.0,36.471905,127.253116,12,세종특별시
2026-06-17T14:40:12+09:00,GBIKE,130333,98.0,36.471916,127.253189,12,세종특별시
2026-06-17T14:40:12+09:00,GBIKE,131029,35.0,36.471932,127.276395,12,세종특별시
2026-06-17T14:40:12+09:00,GBIKE,130695,92.0,36.471956,127.253127,12,세종특별시
2026-06-17T14:40:12+09:00,GBIKE,131953,95.0,36.47196,127.253181,12,세종특별시
2026-06-17T14:40:12+09:00,GBIKE,130972,44.0,36.47202,127.279283,12,세종특별시
2026-06-17T14:40:12+09:00,GBIKE,131836,32.0,36.472153,127.252479,12,세종특별시
2026-06-17T14:40:12+09:00,GBIKE,130045,30.0,36.472161,127.28487,12,세종특별시
2026-06-17T14:40:12+09:00,GBIKE,131463,54.0,36.472163,127.252636,12,세종특별시
2026-06-17T14:40:12+09:00,GBIKE,501207,30.0,36.472282,127.285173,12,세종특별시
2026-06-17T14:40:12+09:00,GBIKE,501430,42.0,36.472284,127.280787,12,세종특별시
2026-06-17T14:40:12+09:00,GBIKE,131824,100.0,36.472355,127.275944,12,세종특별시
2026-06-17T14:40:12+09:00,GBIKE,501289,82.0,36.472385,127.255904,12,세종특별시
2026-06-17T14:40:12+09:00,GBIKE,501276,65.0,36.472474,127.277209,12,세종특별시
2026-06-17T14:40:12+09:00,GBIKE,131556,82.0,36.473005,127.253394,12,세종특별시
2026-06-17T14:40:12+09:00,GBIKE,130449,56.0,36.473154,127.275328,12,세종특별시
2026-06-17T14:40:12+09:00,GBIKE,501598,100.0,36.473254,127.278338,12,세종특별시
2026-06-17T14:40:12+09:00,GBIKE,501225,82.0,36.473498,127.277892,12,세종특별시
2026-06-17T14:40:12+09:00,GBIKE,131321,69.0,36.473509,127.249994,12,세종특별시
2026-06-17T14:40:12+09:00,GBIKE,501458,98.0,36.473517,127.278731,12,세종특별시
2026-06-17T14:40:12+09:00,GBIKE,130264,90.0,36.473548,127.250062,12,세종특별시
2026-06-17T14:40:12+09:00,GBIKE,130992,73.0,36.473562,127.250011,12,세종특별시
2026-06-17T14:40:12+09:00,GBIKE,130281,91.0,36.473587,127.283245,12,세종특별시
2026-06-17T14:40:12+09:00,GBIKE,130819,84.0,36.473617,127.284996,12,세종특별시
2026-06-17T14:40:12+09:00,GBIKE,130691,59.0,36.473718,127.28828,12,세종특별시
2026-06-17T14:40:12+09:00,GBIKE,130601,36.0,36.473841,127.250201,12,세종특별시
2026-06-17T14:40:12+09:00,GBIKE,131414,100.0,36.473924,127.277206,12,세종특별시
2026-06-17T14:40:12+09:00,GBIKE,131747,37.0,36.473971,127.298192,12,세종특별시
2026-06-17T14:40:12+09:00,GBIKE,501317,75.0,36.47408,127.254989,12,세종특별시
2026-06-17T14:40:12+09:00,GBIKE,131317,76.0,36.474142,127.273523,12,세종특별시
2026-06-17T14:40:12+09:00,GBIKE,130755,96.0,36.474226,127.282393,12,세종특별시
2026-06-17T14:40:12+09:00,GBIKE,501148,100.0,36.474256,127.275678,12,세종특별시
2026-06-17T14:40:12+09:00,GBIKE,131217,30.0,36.474686,127.275773,12,세종특별시
2026-06-17T14:40:12+09:00,GBIKE,130652,31.0,36.47473,127.2548,12,세종특별시
2026-06-17T14:40:12+09:00,GBIKE,501414,99.0,36.474752,127.275777,12,세종특별시
2026-06-17T14:40:12+09:00,GBIKE,131802,30.0,36.474826,127.255741,12,세종특별시
2026-06-17T14:40:12+09:00,GBIKE,130749,35.0,36.474864,127.255648,12,세종특별시
2026-06-17T14:40:12+09:00,GBIKE,131261,100.0,36.474998,127.287824,12,세종특별시
2026-06-17T14:40:12+09:00,GBIKE,130588,59.0,36.475008,127.25586,12,세종특별시
2026-06-17T14:40:12+09:00,GBIKE,501380,57.0,36.475104,127.253803,12,세종특별시
2026-06-17T14:40:12+09:00,GBIKE,501264,48.0,36.475246,127.255433,12,세종특별시
2026-06-17T14:40:12+09:00,GBIKE,501312,63.0,36.475277,127.25546,12,세종특별시
2026-06-17T14:40:12+09:00,GBIKE,130519,32.0,36.475284,127.253306,12,세종특별시
2026-06-17T14:40:12+09:00,GBIKE,131528,100.0,36.475389,127.28189,12,세종특별시
2026-06-17T14:40:12+09:00,GBIKE,131077,35.0,36.475457,127.252374,12,세종특별시
2026-06-17T14:40:12+09:00,GBIKE,131115,81.0,36.475478,127.293468,12,세종특별시
2026-06-17T14:40:12+09:00,GBIKE,131327,57.0,36.475625,127.252091,12,세종특별시
2026-06-17T14:40:12+09:00,GBIKE,130446,100.0,36.475647,127.251978,12,세종특별시
2026-06-17T14:40:12+09:00,GBIKE,131800,39.0,36.475654,127.277655,12,세종특별시
2026-06-17T14:40:12+09:00,GBIKE,130936,43.0,36.475689,127.252971,12,세종특별시
2026-06-17T14:40:12+09:00,GBIKE,130121,30.0,36.475696,127.253007,12,세종특별시
2026-06-17T14:40:12+09:00,GBIKE,131801,50.0,36.475706,127.253151,12,세종특별시
2026-06-17T14:40:12+09:00,GBIKE,130282,36.0,36.475732,127.254171,12,세종특별시
2026-06-17T14:40:12+09:00,GBIKE,131756,39.0,36.475916,127.284118,12,세종특별시
2026-06-17T14:40:12+09:00,GBIKE,131084,47.0,36.475919,127.287944,12,세종특별시
2026-06-17T14:40:12+09:00,GBIKE,130394,93.0,36.475927,127.254213,12,세종특별시
2026-06-17T14:40:12+09:00,GBIKE,501382,56.0,36.4761,127.253948,12,세종특별시
2026-06-17T14:40:12+09:00,GBIKE,130415,35.0,36.47628,127.251707,12,세종특별시
2026-06-17T14:40:12+09:00,GBIKE,131548,95.0,36.476314,127.271724,12,세종특별시
2026-06-17T14:40:12+09:00,GBIKE,130621,54.0,36.47632,127.248052,12,세종특별시
2026-06-17T14:40:12+09:00,GBIKE,501555,60.0,36.476348,127.253856,12,세종특별시
2026-06-17T14:40:12+09:00,GBIKE,130356,76.0,36.476371,127.253919,12,세종특별시
2026-06-17T14:40:12+09:00,GBIKE,501157,30.0,36.476377,127.254023,12,세종특별시
2026-06-17T14:40:12+09:00,GBIKE,130160,33.0,36.476384,127.253849,12,세종특별시
2026-06-17T14:40:12+09:00,GBIKE,131089,95.0,36.47642,127.259023,12,세종특별시
2026-06-17T14:40:12+09:00,GBIKE,130452,95.0,36.476434,127.253886,12,세종특별시
2026-06-17T14:40:12+09:00,GBIKE,130782,54.0,36.476434,127.258994,12,세종특별시
2026-06-17T14:40:12+09:00,GBIKE,131035,31.0,36.476438,127.253906,12,세종특별시
2026-06-17T14:40:12+09:00,GBIKE,130226,72.0,36.476444,127.252697,12,세종특별시
2026-06-17T14:40:12+09:00,GBIKE,131040,40.0,36.476474,127.2539,12,세종특별시
2026-06-17T14:40:12+09:00,GBIKE,130649,90.0,36.476511,127.283387,12,세종특별시
2026-06-17T14:40:12+09:00,GBIKE,130339,98.0,36.476554,127.247864,12,세종특별시
2026-06-17T14:40:12+09:00,GBIKE,130517,61.0,36.476578,127.247924,12,세종특별시
2026-06-17T14:40:12+09:00,GBIKE,130166,79.0,36.476592,127.247883,12,세종특별시
2026-06-17T14:40:12+09:00,GBIKE,501127,34.0,36.476661,127.284594,12,세종특별시
2026-06-17T14:40:12+09:00,GBIKE,131362,46.0,36.476702,127.296552,12,세종특별시
2026-06-17T14:40:12+09:00,GBIKE,131558,34.0,36.476705,127.296728,12,세종특별시
2026-06-17T14:40:12+09:00,GBIKE,131702,96.0,36.476713,127.250966,12,세종특별시
2026-06-17T14:40:12+09:00,GBIKE,130594,59.0,36.476763,127.283572,12,세종특별시
2026-06-17T14:40:12+09:00,GBIKE,131990,30.0,36.476813,127.283505,12,세종특별시
2026-06-17T14:40:12+09:00,GBIKE,130279,95.0,36.476831,127.28347,12,세종특별시
2026-06-17T14:40:12+09:00,GBIKE,130843,95.0,36.476845,127.250769,12,세종특별시
2026-06-17T14:40:12+09:00,GBIKE,130861,95.0,36.476849,127.283469,12,세종특별시
2026-06-17T14:40:12+09:00,GBIKE,131817,39.0,36.476884,127.250747,12,세종특별시
2026-06-17T14:40:12+09:00,GBIKE,130052,70.0,36.476958,127.282868,12,세종특별시
2026-06-17T14:40:12+09:00,GBIKE,501154,54.0,36.476965,127.257777,12,세종특별시
2026-06-17T14:40:12+09:00,GBIKE,131768,94.0,36.477005,127.283387,12,세종특별시
2026-06-17T14:40:12+09:00,GBIKE,501517,95.0,36.477012,127.287929,12,세종특별시
2026-06-17T14:40:12+09:00,GBIKE,130776,36.0,36.477029,127.283451,12,세종특별시
2026-06-17T14:40:12+09:00,GBIKE,131378,30.0,36.477251,127.259329,12,세종특별시
2026-06-17T14:40:12+09:00,GBIKE,501542,96.0,36.477277,127.296119,12,세종특별시
2026-06-17T14:40:12+09:00,GBIKE,501206,81.0,36.477325,127.287791,12,세종특별시
2026-06-17T14:40:12+09:00,GBIKE,130568,77.0,36.477336,127.297415,12,세종특별시
2026-06-17T14:40:12+09:00,GBIKE,501387,30.0,36.477338,127.250906,12,세종특별시
2026-06-17T14:40:12+09:00,GBIKE,131046,49.0,36.477342,127.259167,12,세종특별시
2026-06-17T14:40:12+09:00,GBIKE,130069,73.0,36.477398,127.2832,12,세종특별시
2026-06-17T14:40:12+09:00,GBIKE,130556,33.0,36.47741,127.250577,12,세종특별시
2026-06-17T14:40:12+09:00,GBIKE,501552,88.0,36.477421,127.283208,12,세종특별시
2026-06-17T14:40:12+09:00,GBIKE,501133,59.0,36.47743,127.259872,12,세종특별시
2026-06-17T14:40:12+09:00,GBIKE,130842,57.0,36.477437,127.283217,12,세종특별시
2026-06-17T14:40:12+09:00,GBIKE,131090,37.0,36.477508,127.254258,12,세종특별시
2026-06-17T14:40:12+09:00,GBIKE,130916,100.0,36.477514,127.283142,12,세종특별시
2026-06-17T14:40:12+09:00,GBIKE,130697,69.0,36.477521,127.297762,12,세종특별시
2026-06-17T14:40:12+09:00,GBIKE,131994,34.0,36.477522,127.254292,12,세종특별시
2026-06-17T14:40:12+09:00,GBIKE,130141,92.0,36.477526,127.297958,12,세종특별시
2026-06-17T14:40:12+09:00,GBIKE,131005,53.0,36.477529,127.283167,12,세종특별시
2026-06-17T14:40:12+09:00,GBIKE,131127,73.0,36.477532,127.254327,12,세종특별시
2026-06-17T14:40:12+09:00,GBIKE,501468,80.0,36.477559,127.285959,12,세종특별시
2026-06-17T14:40:12+09:00,GBIKE,131593,76.0,36.477565,127.285986,12,세종특별시
2026-06-17T14:40:12+09:00,GBIKE,131537,96.0,36.477565,127.28602,12,세종특별시
2026-06-17T14:40:12+09:00,GBIKE,131602,100.0,36.477589,127.298115,12,세종특별시
2026-06-17T14:40:12+09:00,GBIKE,131997,31.0,36.477608,127.253996,12,세종특별시
2026-06-17T14:40:12+09:00,GBIKE,130434,69.0,36.477628,127.282839,12,세종특별시
2026-06-17T14:40:12+09:00,GBIKE,130967,52.0,36.477632,127.253913,12,세종특별시
2026-06-17T14:40:12+09:00,GBIKE,501491,100.0,36.477635,127.286027,12,세종특별시
2026-06-17T14:40:12+09:00,GBIKE,130715,92.0,36.477637,127.24976,12,세종특별시
2026-06-17T14:40:12+09:00,GBIKE,130065,35.0,36.477675,127.255619,12,세종특별시
2026-06-17T14:40:12+09:00,GBIKE,131023,52.0,36.477675,127.260045,12,세종특별시
2026-06-17T14:40:12+09:00,GBIKE,501408,31.0,36.477722,127.25376,12,세종특별시
2026-06-17T14:40:12+09:00,GBIKE,501103,68.0,36.477722,127.25363,12,세종특별시
2026-06-17T14:40:12+09:00,GBIKE,130688,59.0,36.477747,127.249083,12,세종특별시
2026-06-17T14:40:12+09:00,GBIKE,131983,50.0,36.477759,127.255633,12,세종특별시
2026-06-17T14:40:12+09:00,GBIKE,130296,80.0,36.477776,127.282709,12,세종특별시
2026-06-17T14:40:12+09:00,GBIKE,501324,82.0,36.477777,127.253674,12,세종특별시
2026-06-17T14:40:12+09:00,GBIKE,131083,57.0,36.477786,127.260083,12,세종특별시
2026-06-17T14:40:12+09:00,GBIKE,501597,92.0,36.477792,127.283191,12,세종특별시
2026-06-17T14:40:12+09:00,GBIKE,130925,73.0,36.477801,127.282628,12,세종특별시
2026-06-17T14:40:12+09:00,GBIKE,501209,78.0,36.477803,127.253594,12,세종특별시
2026-06-17T14:40:12+09:00,GBIKE,130072,63.0,36.477814,127.282617,12,세종특별시
2026-06-17T14:40:12+09:00,GBIKE,130990,85.0,36.477816,127.282586,12,세종특별시
2026-06-17T14:40:12+09:00,GBIKE,501315,94.0,36.477841,127.253642,12,세종특별시
2026-06-17T14:40:12+09:00,GBIKE,130909,93.0,36.477844,127.295259,12,세종특별시
2026-06-17T14:40:12+09:00,GBIKE,131276,85.0,36.477849,127.283186,12,세종특별시
2026-06-17T14:40:12+09:00,GBIKE,131728,98.0,36.477893,127.283151,12,세종특별시
2026-06-17T14:40:12+09:00,GBIKE,130026,87.0,36.477963,127.283132,12,세종특별시
2026-06-17T14:40:12+09:00,GBIKE,130970,95.0,36.477994,127.252072,12,세종특별시
2026-06-17T14:40:12+09:00,GBIKE,130173,76.0,36.477995,127.299338,12,세종특별시
2026-06-17T14:40:12+09:00,GBIKE,131395,32.0,36.478001,127.299306,12,세종특별시
2026-06-17T14:40:12+09:00,GBIKE,131521,92.0,36.478028,127.29937,12,세종특별시
2026-06-17T14:40:12+09:00,GBIKE,501547,68.0,36.478033,127.283213,12,세종특별시
2026-06-17T14:40:12+09:00,GBIKE,501600,100.0,36.478044,127.299286,12,세종특별시
2026-06-17T14:40:12+09:00,GBIKE,501282,72.0,36.478209,127.288225,12,세종특별시
2026-06-17T14:40:12+09:00,GBIKE,501339,86.0,36.478217,127.288262,12,세종특별시
2026-06-17T14:40:12+09:00,GBIKE,130952,39.0,36.478223,127.299957,12,세종특별시
2026-06-17T14:40:12+09:00,GBIKE,130171,100.0,36.478225,127.299917,12,세종특별시
2026-06-17T14:40:12+09:00,GBIKE,130529,76.0,36.478285,127.287422,12,세종특별시
2026-06-17T14:40:12+09:00,GBIKE,130023,82.0,36.478312,127.261177,12,세종특별시
2026-06-17T14:40:12+09:00,GBIKE,131080,52.0,36.478358,127.28767,12,세종특별시
2026-06-17T14:40:12+09:00,GBIKE,501159,100.0,36.478378,127.288128,12,세종특별시
2026-06-17T14:40:12+09:00,GBIKE,131022,100.0,36.478428,127.300561,12,세종특별시
2026-06-17T14:40:12+09:00,GBIKE,131275,30.0,36.478434,127.255517,12,세종특별시
2026-06-17T14:40:12+09:00,GBIKE,131280,83.0,36.478438,127.300554,12,세종특별시
2026-06-17T14:40:12+09:00,GBIKE,130153,35.0,36.478466,127.261429,12,세종특별시
2026-06-17T14:40:12+09:00,GBIKE,130686,32.0,36.478466,127.293575,12,세종특별시
2026-06-17T14:40:12+09:00,GBIKE,130567,47.0,36.47848,127.256526,12,세종특별시
2026-06-17T14:40:12+09:00,GBIKE,130977,82.0,36.478512,127.255468,12,세종특별시
2026-06-17T14:40:12+09:00,GBIKE,501269,83.0,36.478526,127.293708,12,세종특별시
2026-06-17T14:40:12+09:00,GBIKE,131746,57.0,36.478538,127.288074,12,세종특별시
2026-06-17T14:40:12+09:00,GBIKE,501409,73.0,36.47855,127.29376,12,세종특별시
2026-06-17T14:40:12+09:00,GBIKE,130438,80.0,36.478554,127.25442,12,세종특별시
2026-06-17T14:40:12+09:00,GBIKE,131470,49.0,36.478606,127.288344,12,세종특별시
2026-06-17T14:40:12+09:00,GBIKE,130680,75.0,36.478612,127.28833,12,세종특별시
2026-06-17T14:40:12+09:00,GBIKE,501357,91.0,36.478622,127.289315,12,세종특별시
2026-06-17T14:40:12+09:00,GBIKE,131157,75.0,36.478646,127.288339,12,세종특별시
2026-06-17T14:40:12+09:00,GBIKE,130276,100.0,36.478661,127.289339,12,세종특별시
2026-06-17T14:40:12+09:00,GBIKE,130225,100.0,36.478672,127.289339,12,세종특별시
2026-06-17T14:40:12+09:00,GBIKE,131682,100.0,36.478675,127.25774,12,세종특별시
2026-06-17T14:40:12+09:00,GBIKE,130364,100.0,36.478677,127.289343,12,세종특별시
2026-06-17T14:40:12+09:00,GBIKE,131067,100.0,36.478678,127.289367,12,세종특별시
2026-06-17T14:40:12+09:00,GBIKE,130143,30.0,36.478685,127.255591,12,세종특별시
2026-06-17T14:40:12+09:00,GBIKE,130775,100.0,36.478686,127.28935,12,세종특별시
2026-06-17T14:40:12+09:00,GBIKE,130921,100.0,36.478686,127.289381,12,세종특별시
2026-06-17T14:40:12+09:00,GBIKE,131713,51.0,36.478687,127.255626,12,세종특별시
2026-06-17T14:40:12+09:00,GBIKE,131501,97.0,36.478688,127.250921,12,세종특별시
2026-06-17T14:40:12+09:00,GBIKE,130324,100.0,36.478697,127.289455,12,세종특별시
2026-06-17T14:40:12+09:00,GBIKE,131651,84.0,36.478732,127.289436,12,세종특별시
2026-06-17T14:40:12+09:00,GBIKE,130920,57.0,36.478738,127.288673,12,세종특별시
2026-06-17T14:40:12+09:00,GBIKE,131225,100.0,36.478759,127.289345,12,세종특별시
2026-06-17T14:40:12+09:00,GBIKE,130374,57.0,36.478814,127.255646,12,세종특별시
2026-06-17T14:40:12+09:00,GBIKE,501112,44.0,36.478835,127.29929,12,세종특별시
2026-06-17T14:40:12+09:00,GBIKE,131249,68.0,36.47885,127.288909,12,세종특별시
2026-06-17T14:40:12+09:00,GBIKE,131839,100.0,36.478852,127.288893,12,세종특별시
2026-06-17T14:40:12+09:00,GBIKE,131503,100.0,36.478855,127.288911,12,세종특별시
2026-06-17T14:40:12+09:00,GBIKE,130084,100.0,36.478867,127.251036,12,세종특별시
2026-06-17T14:40:12+09:00,GBIKE,130272,42.0,36.478868,127.301188,12,세종특별시
2026-06-17T14:40:12+09:00,GBIKE,130589,71.0,36.478873,127.288886,12,세종특별시
2026-06-17T14:40:12+09:00,GBIKE,130670,100.0,36.478923,127.284541,12,세종특별시
2026-06-17T14:40:12+09:00,GBIKE,501319,84.0,36.478931,127.284521,12,세종특별시
2026-06-17T14:40:12+09:00,GBIKE,131956,30.0,36.47895,127.290343,12,세종특별시
2026-06-17T14:40:12+09:00,GBIKE,130876,88.0,36.479046,127.290135,12,세종특별시
2026-06-17T14:40:12+09:00,GBIKE,130957,31.0,36.479199,127.254698,12,세종특별시
2026-06-17T14:40:12+09:00,GBIKE,130271,88.0,36.479206,127.254846,12,세종특별시
2026-06-17T14:40:12+09:00,GBIKE,131961,95.0,36.479214,127.255069,12,세종특별시
2026-06-17T14:40:12+09:00,GBIKE,131870,45.0,36.47925,127.251627,12,세종특별시
2026-06-17T14:40:12+09:00,GBIKE,131303,33.0,36.479254,127.251635,12,세종특별시
2026-06-17T14:40:12+09:00,GBIKE,130441,33.0,36.479286,127.254695,12,세종특별시
2026-06-17T14:40:12+09:00,GBIKE,501504,66.0,36.479316,127.25255,12,세종특별시
2026-06-17T14:40:12+09:00,GBIKE,131454,54.0,36.479326,127.252555,12,세종특별시
2026-06-17T14:40:12+09:00,GBIKE,501513,100.0,36.479385,127.285505,12,세종특별시
2026-06-17T14:40:12+09:00,GBIKE,130548,93.0,36.479398,127.254861,12,세종특별시
2026-06-17T14:40:12+09:00,GBIKE,131373,30.0,36.479404,127.255104,12,세종특별시
2026-06-17T14:40:12+09:00,GBIKE,501506,94.0,36.479409,127.250184,12,세종특별시
2026-06-17T14:40:12+09:00,GBIKE,131183,62.0,36.479414,127.26222,12,세종특별시
2026-06-17T14:40:12+09:00,GBIKE,130886,57.0,36.47943,127.25506,12,세종특별시
2026-06-17T14:40:12+09:00,GBIKE,130702,33.0,36.479448,127.247107,12,세종특별시
2026-06-17T14:40:12+09:00,GBIKE,130617,100.0,36.479481,127.290385,12,세종특별시
2026-06-17T14:40:12+09:00,GBIKE,131820,31.0,36.479495,127.254717,12,세종특별시
2026-06-17T14:40:12+09:00,GBIKE,131742,50.0,36.479499,127.255135,12,세종특별시
2026-06-17T14:40:12+09:00,GBIKE,131149,33.0,36.479555,127.254704,12,세종특별시
2026-06-17T14:40:12+09:00,GBIKE,131207,56.0,36.479557,127.25512,12,세종특별시
2026-06-17T14:40:12+09:00,GBIKE,130287,73.0,36.479564,127.254791,12,세종특별시
2026-06-17T14:40:12+09:00,GBIKE,130122,100.0,36.479565,127.254875,12,세종특별시
2026-06-17T14:40:12+09:00,GBIKE,130472,31.0,36.479584,127.263221,12,세종특별시
2026-06-17T14:40:12+09:00,GBIKE,130451,69.0,36.479597,127.286587,12,세종특별시
2026-06-17T14:40:12+09:00,GBIKE,501303,54.0,36.479601,127.286575,12,세종특별시
2026-06-17T14:40:12+09:00,GBIKE,501135,95.0,36.479608,127.286584,12,세종특별시
2026-06-17T14:40:12+09:00,GBIKE,131726,30.0,36.479611,127.255094,12,세종특별시
2026-06-17T14:40:12+09:00,GBIKE,130643,30.0,36.479649,127.261235,12,세종특별시
2026-06-17T14:40:12+09:00,GBIKE,501172,38.0,36.479649,127.264156,12,세종특별시
2026-06-17T14:40:12+09:00,GBIKE,131059,91.0,36.47967,127.254808,12,세종특별시
2026-06-17T14:40:12+09:00,GBIKE,501307,31.0,36.479696,127.264541,12,세종특별시
2026-06-17T14:40:12+09:00,GBIKE,131496,61.0,36.479736,127.254881,12,세종특별시
2026-06-17T14:40:12+09:00,GBIKE,501561,56.0,36.479736,127.28648,12,세종특별시
2026-06-17T14:40:12+09:00,GBIKE,131937,97.0,36.479739,127.286478,12,세종특별시
2026-06-17T14:40:12+09:00,GBIKE,501410,71.0,36.479744,127.288559,12,세종특별시
2026-06-17T14:40:12+09:00,GBIKE,501469,75.0,36.479744,127.288555,12,세종특별시
2026-06-17T14:40:12+09:00,GBIKE,130396,34.0,36.479877,127.254522,12,세종특별시
2026-06-17T14:40:12+09:00,GBIKE,131167,53.0,36.479888,127.286909,12,세종특별시
2026-06-17T14:40:12+09:00,GBIKE,131552,44.0,36.479889,127.286935,12,세종특별시
2026-06-17T14:40:12+09:00,GBIKE,501345,84.0,36.479913,127.254385,12,세종특별시
2026-06-17T14:40:12+09:00,GBIKE,130461,52.0,36.479917,127.252383,12,세종특별시
2026-06-17T14:40:12+09:00,GBIKE,131598,45.0,36.47992,127.254573,12,세종특별시
2026-06-17T14:40:12+09:00,GBIKE,501482,64.0,36.479954,127.286942,12,세종특별시
2026-06-17T14:40:12+09:00,GBIKE,131616,95.0,36.480007,127.250128,12,세종특별시
2026-06-17T14:40:12+09:00,GBIKE,130853,58.0,36.480007,127.286636,12,세종특별시
2026-06-17T14:40:12+09:00,GBIKE,130746,100.0,36.480048,127.287194,12,세종특별시
2026-06-17T14:40:12+09:00,GBIKE,130352,69.0,36.480066,127.286625,12,세종특별시
2026-06-17T14:40:12+09:00,GBIKE,131712,70.0,36.480072,127.286652,12,세종특별시
2026-06-17T14:40:12+09:00,GBIKE,131985,42.0,36.480074,127.253576,12,세종특별시
2026-06-17T14:40:12+09:00,GBIKE,131899,73.0,36.480081,127.246683,12,세종특별시
2026-06-17T14:40:12+09:00,GBIKE,130399,53.0,36.480095,127.286705,12,세종특별시
2026-06-17T14:40:12+09:00,GBIKE,130541,97.0,36.480095,127.286746,12,세종특별시
2026-06-17T14:40:12+09:00,GBIKE,131634,34.0,36.480101,127.252348,12,세종특별시
2026-06-17T14:40:12+09:00,GBIKE,130637,93.0,36.480106,127.286646,12,세종특별시
2026-06-17T14:40:12+09:00,GBIKE,130950,47.0,36.480112,127.253483,12,세종특별시
2026-06-17T14:40:12+09:00,GBIKE,131583,68.0,36.480113,127.286759,12,세종특별시
2026-06-17T14:40:12+09:00,GBIKE,131765,96.0,36.480122,127.286791,12,세종특별시
2026-06-17T14:40:12+09:00,GBIKE,130507,83.0,36.480125,127.286691,12,세종특별시
2026-06-17T14:40:12+09:00,GBIKE,501543,47.0,36.480138,127.248298,12,세종특별시
2026-06-17T14:40:12+09:00,GBIKE,501285,54.0,36.480157,127.264282,12,세종특별시
2026-06-17T14:40:12+09:00,GBIKE,131931,31.0,36.480196,127.262255,12,세종특별시
2026-06-17T14:40:12+09:00,GBIKE,131954,98.0,36.480227,127.251719,12,세종특별시
2026-06-17T14:40:12+09:00,GBIKE,130762,65.0,36.480245,127.246412,12,세종특별시
2026-06-17T14:40:12+09:00,GBIKE,131889,46.0,36.48026,127.286654,12,세종특별시
2026-06-17T14:40:12+09:00,GBIKE,131566,69.0,36.480262,127.253218,12,세종특별시
2026-06-17T14:40:12+09:00,GBIKE,501132,33.0,36.480288,127.303986,12,세종특별시
2026-06-17T14:40:12+09:00,GBIKE,131282,88.0,36.480348,127.254872,12,세종특별시
2026-06-17T14:40:12+09:00,GBIKE,501498,40.0,36.48035,127.262097,12,세종특별시
2026-06-17T14:40:12+09:00,GBIKE,131707,34.0,36.480389,127.262081,12,세종특별시
2026-06-17T14:40:12+09:00,GBIKE,130735,42.0,36.480406,127.26213,12,세종특별시
2026-06-17T14:40:12+09:00,GBIKE,131049,99.0,36.480599,127.259674,12,세종특별시
2026-06-17T14:40:12+09:00,GBIKE,130584,35.0,36.480661,127.299595,12,세종특별시
2026-06-17T14:40:12+09:00,GBIKE,131043,41.0,36.480701,127.246507,12,세종특별시
2026-06-17T14:40:12+09:00,GBIKE,501252,40.0,36.480725,127.246777,12,세종특별시
2026-06-17T14:40:12+09:00,GBIKE,131305,37.0,36.480779,127.261818,12,세종특별시
2026-06-17T14:40:12+09:00,GBIKE,130116,31.0,36.480788,127.261635,12,세종특별시
2026-06-17T14:40:12+09:00,GBIKE,501108,30.0,36.480798,127.261874,12,세종특별시
2026-06-17T14:40:12+09:00,GBIKE,131200,58.0,36.480804,127.261933,12,세종특별시
2026-06-17T14:40:12+09:00,GBIKE,131514,51.0,36.480809,127.28908,12,세종특별시
2026-06-17T14:40:12+09:00,GBIKE,130616,93.0,36.480874,127.259079,12,세종특별시
2026-06-17T14:40:12+09:00,GBIKE,131453,62.0,36.480887,127.261772,12,세종특별시
2026-06-17T14:40:12+09:00,GBIKE,131515,30.0,36.480892,127.259063,12,세종특별시
2026-06-17T14:40:12+09:00,GBIKE,131326,45.0,36.480896,127.294542,12,세종특별시
2026-06-17T14:40:12+09:00,GBIKE,131283,32.0,36.480902,127.261698,12,세종특별시
2026-06-17T14:40:12+09:00,GBIKE,131595,70.0,36.480907,127.261704,12,세종특별시
2026-06-17T14:40:12+09:00,GBIKE,131749,68.0,36.480918,127.258797,12,세종특별시
2026-06-17T14:40:12+09:00,GBIKE,130259,90.0,36.480929,127.261748,12,세종특별시
2026-06-17T14:40:12+09:00,GBIKE,131513,94.0,36.480951,127.299029,12,세종특별시
2026-06-17T14:40:12+09:00,GBIKE,501161,75.0,36.480979,127.250432,12,세종특별시
2026-06-17T14:40:12+09:00,GBIKE,130350,86.0,36.481008,127.290725,12,세종특별시
2026-06-17T14:40:12+09:00,GBIKE,130516,84.0,36.481139,127.263106,12,세종특별시
2026-06-17T14:40:12+09:00,GBIKE,501591,46.0,36.481169,127.301257,12,세종특별시
2026-06-17T14:40:12+09:00,GBIKE,130039,91.0,36.481176,127.261511,12,세종특별시
2026-06-17T14:40:12+09:00,GBIKE,130202,75.0,36.481184,127.290563,12,세종특별시
2026-06-17T14:40:12+09:00,GBIKE,501593,40.0,36.48119,127.263212,12,세종특별시
2026-06-17T14:40:12+09:00,GBIKE,131522,31.0,36.481222,127.261499,12,세종특별시
2026-06-17T14:40:12+09:00,GBIKE,131384,49.0,36.481255,127.290098,12,세종특별시
2026-06-17T14:40:12+09:00,GBIKE,131799,69.0,36.481288,127.307475,12,세종특별시
2026-06-17T14:40:12+09:00,GBIKE,130360,96.0,36.4813,127.290189,12,세종특별시
2026-06-17T14:40:12+09:00,GBIKE,501344,63.0,36.481335,127.260294,12,세종특별시
2026-06-17T14:40:12+09:00,GBIKE,501499,92.0,36.481385,127.307827,12,세종특별시
2026-06-17T14:40:12+09:00,GBIKE,131045,100.0,36.481402,127.30838,12,세종특별시
2026-06-17T14:40:12+09:00,GBIKE,131653,68.0,36.481425,127.246348,12,세종특별시
2026-06-17T14:40:12+09:00,GBIKE,131037,35.0,36.481432,127.261797,12,세종특별시
2026-06-17T14:40:12+09:00,GBIKE,332827,30.0,36.481435,127.24633,12,세종특별시
2026-06-17T14:40:12+09:00,GBIKE,501509,60.0,36.481458,127.293403,12,세종특별시
2026-06-17T14:40:12+09:00,GBIKE,130799,78.0,36.481464,127.246366,12,세종특별시
2026-06-17T14:40:12+09:00,GBIKE,130117,46.0,36.481478,127.29026,12,세종특별시
2026-06-17T14:40:12+09:00,GBIKE,131703,96.0,36.481488,127.253738,12,세종특별시
2026-06-17T14:40:12+09:00,GBIKE,130583,31.0,36.481499,127.26384,12,세종특별시
2026-06-17T14:40:12+09:00,GBIKE,501177,92.0,36.481507,127.300968,12,세종특별시
2026-06-17T14:40:12+09:00,GBIKE,130161,38.0,36.481519,127.251899,12,세종특별시
2026-06-17T14:40:12+09:00,GBIKE,131204,79.0,36.481529,127.308153,12,세종특별시
2026-06-17T14:40:12+09:00,GBIKE,131795,100.0,36.481529,127.253712,12,세종특별시
2026-06-17T14:40:12+09:00,GBIKE,131643,68.0,36.481532,127.290701,12,세종특별시
2026-06-17T14:40:12+09:00,GBIKE,130873,86.0,36.481566,127.290541,12,세종특별시
2026-06-17T14:40:12+09:00,GBIKE,501129,30.0,36.481576,127.260242,12,세종특별시
2026-06-17T14:40:12+09:00,GBIKE,131695,75.0,36.481659,127.293572,12,세종특별시
2026-06-17T14:40:12+09:00,GBIKE,130590,90.0,36.481689,127.260226,12,세종특별시
2026-06-17T14:40:12+09:00,GBIKE,130211,90.0,36.481818,127.253744,12,세종특별시
2026-06-17T14:40:12+09:00,GBIKE,501334,34.0,36.481845,127.260126,12,세종특별시
2026-06-17T14:40:12+09:00,GBIKE,501191,65.0,36.481874,127.261515,12,세종특별시
2026-06-17T14:40:12+09:00,GBIKE,131033,33.0,36.481991,127.259754,12,세종특별시
2026-06-17T14:40:12+09:00,GBIKE,131924,96.0,36.482034,127.291919,12,세종특별시
2026-06-17T14:40:12+09:00,GBIKE,131211,83.0,36.482055,127.253097,12,세종특별시
2026-06-17T14:40:12+09:00,GBIKE,131719,74.0,36.482228,127.253547,12,세종특별시
2026-06-17T14:40:12+09:00,GBIKE,130354,32.0,36.48223,127.249695,12,세종특별시
2026-06-17T14:40:12+09:00,GBIKE,131533,93.0,36.482266,127.260658,12,세종특별시
2026-06-17T14:40:12+09:00,GBIKE,131335,72.0,36.482271,127.29291,12,세종특별시
2026-06-17T14:40:12+09:00,GBIKE,131949,48.0,36.482279,127.30715,12,세종특별시
2026-06-17T14:40:12+09:00,GBIKE,131587,44.0,36.482307,127.248575,12,세종특별시
2026-06-17T14:40:12+09:00,GBIKE,130860,38.0,36.482338,127.307059,12,세종특별시
2026-06-17T14:40:12+09:00,GBIKE,130503,100.0,36.482388,127.262781,12,세종특별시
2026-06-17T14:40:12+09:00,GBIKE,131118,85.0,36.482397,127.309379,12,세종특별시
2026-06-17T14:40:12+09:00,GBIKE,131168,90.0,36.482426,127.307013,12,세종특별시
2026-06-17T14:40:12+09:00,GBIKE,131717,31.0,36.482459,127.249824,12,세종특별시
2026-06-17T14:40:12+09:00,GBIKE,131898,54.0,36.482463,127.297001,12,세종특별시
2026-06-17T14:40:12+09:00,GBIKE,130500,33.0,36.482471,127.261047,12,세종특별시
2026-06-17T14:40:12+09:00,GBIKE,131025,55.0,36.482523,127.311266,12,세종특별시
2026-06-17T14:40:12+09:00,GBIKE,131573,73.0,36.482525,127.262931,12,세종특별시
2026-06-17T14:40:12+09:00,GBIKE,131920,100.0,36.482536,127.297165,12,세종특별시
2026-06-17T14:40:12+09:00,GBIKE,130591,44.0,36.482602,127.267197,12,세종특별시
2026-06-17T14:40:12+09:00,GBIKE,130726,100.0,36.482638,127.297695,12,세종특별시
2026-06-17T14:40:12+09:00,GBIKE,131880,31.0,36.482641,127.24983,12,세종특별시
2026-06-17T14:40:12+09:00,GBIKE,131462,68.0,36.48266,127.293179,12,세종특별시
2026-06-17T14:40:12+09:00,GBIKE,501139,68.0,36.482694,127.311217,12,세종특별시
2026-06-17T14:40:12+09:00,GBIKE,501355,61.0,36.482732,127.263568,12,세종특별시
2026-06-17T14:40:12+09:00,GBIKE,130234,34.0,36.482748,127.252556,12,세종특별시
2026-06-17T14:40:12+09:00,GBIKE,130068,68.0,36.48279,127.297644,12,세종특별시
2026-06-17T14:40:12+09:00,GBIKE,131995,71.0,36.482806,127.249679,12,세종특별시
2026-06-17T14:40:12+09:00,GBIKE,131284,31.0,36.482821,127.259508,12,세종특별시
2026-06-17T14:40:12+09:00,GBIKE,130411,59.0,36.482833,127.249433,12,세종특별시
2026-06-17T14:40:12+09:00,GBIKE,131917,90.0,36.482845,127.293444,12,세종특별시
2026-06-17T14:40:12+09:00,GBIKE,501411,31.0,36.482854,127.263905,12,세종특별시
2026-06-17T14:40:12+09:00,GBIKE,131660,31.0,36.482891,127.260499,12,세종특별시
2026-06-17T14:40:12+09:00,GBIKE,130250,48.0,36.482937,127.253554,12,세종특별시
2026-06-17T14:40:12+09:00,GBIKE,130103,84.0,36.482952,127.246087,12,세종특별시
2026-06-17T14:40:12+09:00,GBIKE,130246,92.0,36.483012,127.249996,12,세종특별시
2026-06-17T14:40:12+09:00,GBIKE,501365,51.0,36.483018,127.263704,12,세종특별시
2026-06-17T14:40:12+09:00,GBIKE,131517,41.0,36.483036,127.248331,12,세종특별시
2026-06-17T14:40:12+09:00,GBIKE,131092,90.0,36.483047,127.260651,12,세종특별시
2026-06-17T14:40:12+09:00,GBIKE,131206,33.0,36.483082,127.260612,12,세종특별시
2026-06-17T14:40:12+09:00,GBIKE,501556,100.0,36.483171,127.293347,12,세종특별시
2026-06-17T14:40:12+09:00,GBIKE,130133,82.0,36.483182,127.25934,12,세종특별시
2026-06-17T14:40:12+09:00,GBIKE,131392,100.0,36.483208,127.264193,12,세종특별시
2026-06-17T14:40:12+09:00,GBIKE,131984,96.0,36.483395,127.250788,12,세종특별시
2026-06-17T14:40:12+09:00,GBIKE,501151,62.0,36.483415,127.262625,12,세종특별시
2026-06-17T14:40:12+09:00,GBIKE,130315,100.0,36.483491,127.297983,12,세종특별시
2026-06-17T14:40:12+09:00,GBIKE,131441,90.0,36.483493,127.252572,12,세종특별시
2026-06-17T14:40:12+09:00,GBIKE,130204,48.0,36.483524,127.250701,12,세종특별시
2026-06-17T14:40:12+09:00,GBIKE,130504,67.0,36.483529,127.25257,12,세종특별시
2026-06-17T14:40:12+09:00,GBIKE,130178,73.0,36.483539,127.252555,12,세종특별시
2026-06-17T14:40:12+09:00,GBIKE,131263,30.0,36.483539,127.26285,12,세종특별시
2026-06-17T14:40:12+09:00,GBIKE,131244,52.0,36.483549,127.305878,12,세종특별시
2026-06-17T14:40:12+09:00,GBIKE,131741,42.0,36.483588,127.249517,12,세종특별시
2026-06-17T14:40:12+09:00,GBIKE,130864,30.0,36.483607,127.263258,12,세종특별시
2026-06-17T14:40:12+09:00,GBIKE,130981,32.0,36.483626,127.259255,12,세종특별시
2026-06-17T14:40:12+09:00,GBIKE,130943,31.0,36.483628,127.253017,12,세종특별시
2026-06-17T14:40:12+09:00,GBIKE,130566,100.0,36.483715,127.25935,12,세종특별시
2026-06-17T14:40:12+09:00,GBIKE,130310,97.0,36.483758,127.294387,12,세종특별시
2026-06-17T14:40:12+09:00,GBIKE,131026,35.0,36.483765,127.264058,12,세종특별시
2026-06-17T14:40:12+09:00,GBIKE,501187,60.0,36.483787,127.306227,12,세종특별시
2026-06-17T14:40:12+09:00,GBIKE,501275,64.0,36.48379,127.306246,12,세종특별시
2026-06-17T14:40:12+09:00,GBIKE,130094,42.0,36.483818,127.293946,12,세종특별시
2026-06-17T14:40:12+09:00,GBIKE,130335,32.0,36.483819,127.263091,12,세종특별시
2026-06-17T14:40:12+09:00,GBIKE,130407,43.0,36.483823,127.294368,12,세종특별시
2026-06-17T14:40:12+09:00,GBIKE,130389,100.0,36.483826,127.294023,12,세종특별시
2026-06-17T14:40:12+09:00,GBIKE,131657,100.0,36.483845,127.294004,12,세종특별시
2026-06-17T14:40:12+09:00,GBIKE,130545,48.0,36.483856,127.294033,12,세종특별시
2026-06-17T14:40:12+09:00,GBIKE,131652,80.0,36.48388,127.294032,12,세종특별시
2026-06-17T14:40:12+09:00,GBIKE,131946,34.0,36.483891,127.25666,12,세종특별시
2026-06-17T14:40:12+09:00,GBIKE,131805,95.0,36.483893,127.29407,12,세종특별시
2026-06-17T14:40:12+09:00,GBIKE,131162,46.0,36.483894,127.256643,12,세종특별시
2026-06-17T14:40:12+09:00,GBIKE,131715,35.0,36.483924,127.247291,12,세종특별시
2026-06-17T14:40:12+09:00,GBIKE,501109,42.0,36.483987,127.249035,12,세종특별시
2026-06-17T14:40:12+09:00,GBIKE,131442,77.0,36.483994,127.248296,12,세종특별시
2026-06-17T14:40:12+09:00,GBIKE,131101,80.0,36.484001,127.299824,12,세종특별시
2026-06-17T14:40:12+09:00,GBIKE,130487,59.0,36.484023,127.251109,12,세종특별시
2026-06-17T14:40:12+09:00,GBIKE,130675,31.0,36.484025,127.25902,12,세종특별시
2026-06-17T14:40:12+09:00,GBIKE,130863,98.0,36.484071,127.294567,12,세종특별시
2026-06-17T14:40:12+09:00,GBIKE,131436,76.0,36.484086,127.264087,12,세종특별시
2026-06-17T14:40:12+09:00,GBIKE,131448,32.0,36.484136,127.249008,12,세종특별시
2026-06-17T14:40:12+09:00,GBIKE,130982,98.0,36.484208,127.299682,12,세종특별시
2026-06-17T14:40:12+09:00,GBIKE,501425,94.0,36.484218,127.299802,12,세종특별시
2026-06-17T14:40:12+09:00,GBIKE,131599,80.0,36.484245,127.251631,12,세종특별시
2026-06-17T14:40:12+09:00,GBIKE,130090,31.0,36.484296,127.25005,12,세종특별시
2026-06-17T14:40:12+09:00,GBIKE,131798,100.0,36.4843,127.250684,12,세종특별시
2026-06-17T14:40:12+09:00,GBIKE,501224,30.0,36.484355,127.258304,12,세종특별시
2026-06-17T14:40:12+09:00,GBIKE,130459,30.0,36.484357,127.251004,12,세종특별시
2026-06-17T14:40:12+09:00,GBIKE,501374,100.0,36.484391,127.260737,12,세종특별시
2026-06-17T14:40:12+09:00,GBIKE,501384,100.0,36.484401,127.260799,12,세종특별시
2026-06-17T14:40:12+09:00,GBIKE,131647,60.0,36.484442,127.249375,12,세종특별시
2026-06-17T14:40:12+09:00,GBIKE,130904,86.0,36.484501,127.249013,12,세종특별시
2026-06-17T14:40:12+09:00,GBIKE,131842,31.0,36.484546,127.255633,12,세종특별시
2026-06-17T14:40:12+09:00,GBIKE,130661,96.0,36.484554,127.295278,12,세종특별시
2026-06-17T14:40:12+09:00,GBIKE,130926,100.0,36.48457,127.298917,12,세종특별시
2026-06-17T14:40:12+09:00,GBIKE,131927,80.0,36.484573,127.246082,12,세종특별시
2026-06-17T14:40:12+09:00,GBIKE,131349,100.0,36.484578,127.295232,12,세종특별시
2026-06-17T14:40:12+09:00,GBIKE,131635,33.0,36.484593,127.258473,12,세종특별시
2026-06-17T14:40:12+09:00,GBIKE,131438,84.0,36.484646,127.245935,12,세종특별시
2026-06-17T14:40:12+09:00,GBIKE,501484,67.0,36.484652,127.319338,12,세종특별시
2026-06-17T14:40:12+09:00,GBIKE,131854,58.0,36.484671,127.249029,12,세종특별시
2026-06-17T14:40:12+09:00,GBIKE,130923,30.0,36.484684,127.248745,12,세종특별시
2026-06-17T14:40:12+09:00,GBIKE,131491,71.0,36.484699,127.245745,12,세종특별시
2026-06-17T14:40:12+09:00,GBIKE,130682,89.0,36.4847,127.246188,12,세종특별시
2026-06-17T14:40:12+09:00,GBIKE,130540,32.0,36.484701,127.248795,12,세종특별시
2026-06-17T14:40:12+09:00,GBIKE,501150,98.0,36.484751,127.301805,12,세종특별시
2026-06-17T14:40:12+09:00,GBIKE,131858,33.0,36.484758,127.249223,12,세종특별시
2026-06-17T14:40:12+09:00,GBIKE,130737,30.0,36.484759,127.260785,12,세종특별시
2026-06-17T14:40:12+09:00,GBIKE,130024,78.0,36.484782,127.258919,12,세종특별시
2026-06-17T14:40:12+09:00,GBIKE,131992,89.0,36.484825,127.260666,12,세종특별시
2026-06-17T14:40:12+09:00,GBIKE,131966,100.0,36.484848,127.25117,12,세종특별시
2026-06-17T14:40:12+09:00,GBIKE,131160,32.0,36.484862,127.249173,12,세종특별시
2026-06-17T14:40:12+09:00,GBIKE,130917,59.0,36.484871,127.253557,12,세종특별시
2026-06-17T14:40:12+09:00,GBIKE,131172,44.0,36.484927,127.26634,12,세종특별시
2026-06-17T14:40:12+09:00,GBIKE,131607,34.0,36.484955,127.258764,12,세종특별시
2026-06-17T14:40:12+09:00,GBIKE,501390,100.0,36.484977,127.303281,12,세종특별시
2026-06-17T14:40:12+09:00,GBIKE,130347,78.0,36.484995,127.303889,12,세종특별시
2026-06-17T14:40:12+09:00,GBIKE,131333,100.0,36.485013,127.266767,12,세종특별시
2026-06-17T14:40:12+09:00,GBIKE,131450,32.0,36.485019,127.251032,12,세종특별시
2026-06-17T14:40:12+09:00,GBIKE,501566,32.0,36.485019,127.301814,12,세종특별시
2026-06-17T14:40:12+09:00,GBIKE,130910,73.0,36.485049,127.262028,12,세종특별시
2026-06-17T14:40:12+09:00,GBIKE,131415,55.0,36.485055,127.300529,12,세종특별시
2026-06-17T14:40:12+09:00,GBIKE,501516,91.0,36.485056,127.258711,12,세종특별시
2026-06-17T14:40:12+09:00,GBIKE,130305,55.0,36.485118,127.259275,12,세종특별시
2026-06-17T14:40:12+09:00,GBIKE,131332,61.0,36.485124,127.250503,12,세종특별시
2026-06-17T14:40:12+09:00,GBIKE,131231,48.0,36.485139,127.300159,12,세종특별시
2026-06-17T14:40:12+09:00,GBIKE,130896,65.0,36.485149,127.252639,12,세종특별시
2026-06-17T14:40:12+09:00,GBIKE,131265,86.0,36.485159,127.261622,12,세종특별시
2026-06-17T14:40:12+09:00,GBIKE,501176,80.0,36.485177,127.25053,12,세종특별시
2026-06-17T14:40:12+09:00,GBIKE,131594,39.0,36.485274,127.250462,12,세종특별시
2026-06-17T14:40:12+09:00,GBIKE,130077,31.0,36.485304,127.251193,12,세종특별시
2026-06-17T14:40:12+09:00,GBIKE,130328,84.0,36.485304,127.300594,12,세종특별시
2026-06-17T14:40:12+09:00,GBIKE,131644,31.0,36.485358,127.259024,12,세종특별시
2026-06-17T14:40:12+09:00,GBIKE,131913,79.0,36.485367,127.248388,12,세종특별시
2026-06-17T14:40:12+09:00,GBIKE,131339,74.0,36.485372,127.248176,12,세종특별시
2026-06-17T14:40:12+09:00,GBIKE,501341,30.0,36.485383,127.251108,12,세종특별시
2026-06-17T14:40:12+09:00,GBIKE,501443,30.0,36.485428,127.25011,12,세종특별시
2026-06-17T14:40:12+09:00,GBIKE,130482,69.0,36.485444,127.250721,12,세종특별시
2026-06-17T14:40:12+09:00,GBIKE,131290,34.0,36.485447,127.302419,12,세종특별시
2026-06-17T14:40:12+09:00,GBIKE,130377,90.0,36.485477,127.251083,12,세종특별시
2026-06-17T14:40:12+09:00,GBIKE,131759,54.0,36.485503,127.250619,12,세종특별시
2026-06-17T14:40:12+09:00,GBIKE,131361,41.0,36.485525,127.247191,12,세종특별시
2026-06-17T14:40:12+09:00,GBIKE,501452,88.0,36.485594,127.250696,12,세종특별시
2026-06-17T14:40:12+09:00,GBIKE,130212,68.0,36.485609,127.250712,12,세종특별시
2026-06-17T14:40:12+09:00,GBIKE,501405,56.0,36.485634,127.302914,12,세종특별시
2026-06-17T14:40:12+09:00,GBIKE,130060,100.0,36.485638,127.301019,12,세종특별시
2026-06-17T14:40:12+09:00,GBIKE,501446,49.0,36.485653,127.250976,12,세종특별시
2026-06-17T14:40:12+09:00,GBIKE,130483,100.0,36.485671,127.300942,12,세종특별시
2026-06-17T14:40:12+09:00,GBIKE,131639,56.0,36.485676,127.245419,12,세종특별시
2026-06-17T14:40:12+09:00,GBIKE,130681,65.0,36.485681,127.300954,12,세종특별시
2026-06-17T14:40:12+09:00,GBIKE,130836,100.0,36.485697,127.30092,12,세종특별시
2026-06-17T14:40:12+09:00,GBIKE,131428,100.0,36.485727,127.320339,12,세종특별시
2026-06-17T14:40:12+09:00,GBIKE,130481,72.0,36.485733,127.257326,12,세종특별시
2026-06-17T14:40:12+09:00,GBIKE,393554,30.0,36.485738,127.296456,12,세종특별시
2026-06-17T14:40:12+09:00,GBIKE,131069,83.0,36.485749,127.250163,12,세종특별시
2026-06-17T14:40:12+09:00,GBIKE,501596,77.0,36.485753,127.257025,12,세종특별시
2026-06-17T14:40:12+09:00,GBIKE,131774,100.0,36.485761,127.257303,12,세종특별시
2026-06-17T14:40:12+09:00,GBIKE,131902,48.0,36.48577,127.250252,12,세종특별시
2026-06-17T14:40:12+09:00,GBIKE,131257,92.0,36.485823,127.262299,12,세종특별시
2026-06-17T14:40:12+09:00,GBIKE,131238,62.0,36.485828,127.2548,12,세종특별시
2026-06-17T14:40:12+09:00,GBIKE,131153,100.0,36.485857,127.261679,12,세종특별시
2026-06-17T14:40:12+09:00,GBIKE,131106,39.0,36.485871,127.262365,12,세종특별시
2026-06-17T14:40:12+09:00,GBIKE,131497,30.0,36.485875,127.248058,12,세종특별시
2026-06-17T14:40:12+09:00,GBIKE,501236,92.0,36.485916,127.24813,12,세종특별시
2026-06-17T14:40:12+09:00,GBIKE,130570,58.0,36.485921,127.24783,12,세종특별시
2026-06-17T14:40:12+09:00,GBIKE,130554,69.0,36.486008,127.245458,12,세종특별시
2026-06-17T14:40:12+09:00,GBIKE,130233,67.0,36.486022,127.24999,12,세종특별시
2026-06-17T14:40:12+09:00,GBIKE,501121,100.0,36.486036,127.295252,12,세종특별시
2026-06-17T14:40:12+09:00,GBIKE,130887,76.0,36.486036,127.250079,12,세종특별시
2026-06-17T14:40:12+09:00,GBIKE,131347,45.0,36.486153,127.250546,12,세종특별시
2026-06-17T14:40:12+09:00,GBIKE,131311,32.0,36.486217,127.250923,12,세종특별시
2026-06-17T14:40:12+09:00,GBIKE,131054,40.0,36.486225,127.248198,12,세종특별시
2026-06-17T14:40:12+09:00,GBIKE,501195,58.0,36.486232,127.24823,12,세종특별시
2026-06-17T14:40:12+09:00,GBIKE,501473,30.0,36.48624,127.25054,12,세종특별시
2026-06-17T14:40:12+09:00,GBIKE,501211,77.0,36.486262,127.248186,12,세종특별시
2026-06-17T14:40:12+09:00,GBIKE,501210,62.0,36.486268,127.245468,12,세종특별시
2026-06-17T14:40:12+09:00,GBIKE,131559,55.0,36.486281,127.248169,12,세종특별시
2026-06-17T14:40:12+09:00,GBIKE,131915,94.0,36.486282,127.250795,12,세종특별시
2026-06-17T14:40:12+09:00,GBIKE,501263,64.0,36.486286,127.248179,12,세종특별시
2026-06-17T14:40:12+09:00,GBIKE,501522,30.0,36.486291,127.258271,12,세종특별시
2026-06-17T14:40:12+09:00,GBIKE,131286,32.0,36.486296,127.248106,12,세종특별시
2026-06-17T14:40:12+09:00,GBIKE,501392,36.0,36.4863,127.257814,12,세종특별시
2026-06-17T14:40:12+09:00,GBIKE,501466,30.0,36.486329,127.247844,12,세종특별시
2026-06-17T14:40:12+09:00,GBIKE,131847,92.0,36.486345,127.249945,12,세종특별시
2026-06-17T14:40:12+09:00,GBIKE,130471,77.0,36.486358,127.251831,12,세종특별시
2026-06-17T14:40:12+09:00,GBIKE,130027,31.0,36.486359,127.257252,12,세종특별시
2026-06-17T14:40:12+09:00,GBIKE,501489,41.0,36.486374,127.25347,12,세종특별시
2026-06-17T14:40:12+09:00,GBIKE,501171,31.0,36.486428,127.321262,12,세종특별시
2026-06-17T14:40:12+09:00,GBIKE,131150,97.0,36.486447,127.250987,12,세종특별시
2026-06-17T14:40:12+09:00,GBIKE,130985,67.0,36.486473,127.250531,12,세종특별시
2026-06-17T14:40:12+09:00,GBIKE,130779,33.0,36.486474,127.283309,12,세종특별시
2026-06-17T14:40:12+09:00,GBIKE,501302,32.0,36.486474,127.251055,12,세종특별시
2026-06-17T14:40:12+09:00,GBIKE,501372,30.0,36.486477,127.250114,12,세종특별시
2026-06-17T14:40:12+09:00,GBIKE,130564,57.0,36.486483,127.28331,12,세종특별시
2026-06-17T14:40:12+09:00,GBIKE,130033,31.0,36.48649,127.257698,12,세종특별시
2026-06-17T14:40:12+09:00,GBIKE,501220,50.0,36.486529,127.251489,12,세종특별시
2026-06-17T14:40:12+09:00,GBIKE,131138,79.0,36.48653,127.25779,12,세종특별시
2026-06-17T14:40:12+09:00,GBIKE,131727,73.0,36.486536,127.247633,12,세종특별시
2026-06-17T14:40:12+09:00,GBIKE,131227,89.0,36.48655,127.257754,12,세종특별시
2026-06-17T14:40:12+09:00,GBIKE,501415,93.0,36.486563,127.246436,12,세종특별시
2026-06-17T14:40:12+09:00,GBIKE,130380,69.0,36.486569,127.246438,12,세종특별시
2026-06-17T14:40:12+09:00,GBIKE,130609,87.0,36.486587,127.257682,12,세종특별시
2026-06-17T14:40:12+09:00,GBIKE,131027,78.0,36.486597,127.257716,12,세종특별시
2026-06-17T14:40:12+09:00,GBIKE,131841,73.0,36.486603,127.25772,12,세종특별시
2026-06-17T14:40:12+09:00,GBIKE,501464,70.0,36.486609,127.248053,12,세종특별시
2026-06-17T14:40:12+09:00,GBIKE,131051,66.0,36.486614,127.257677,12,세종특별시
2026-06-17T14:40:12+09:00,GBIKE,501580,97.0,36.486629,127.303875,12,세종특별시
2026-06-17T14:40:12+09:00,GBIKE,130965,52.0,36.486633,127.257676,12,세종특별시
2026-06-17T14:40:12+09:00,GBIKE,131813,61.0,36.486639,127.246773,12,세종특별시
2026-06-17T14:40:12+09:00,GBIKE,130639,45.0,36.486649,127.246851,12,세종특별시
2026-06-17T14:40:12+09:00,GBIKE,130043,100.0,36.486651,127.303395,12,세종특별시
2026-06-17T14:40:12+09:00,GBIKE,130426,67.0,36.486674,127.303703,12,세종특별시
2026-06-17T14:40:12+09:00,GBIKE,130850,30.0,36.486675,127.262741,12,세종특별시
2026-06-17T14:40:12+09:00,GBIKE,131617,32.0,36.486686,127.293826,12,세종특별시
2026-06-17T14:40:12+09:00,GBIKE,130733,34.0,36.486702,127.301233,12,세종특별시
2026-06-17T14:40:12+09:00,GBIKE,130989,46.0,36.486713,127.24822,12,세종특별시
2026-06-17T14:40:12+09:00,GBIKE,131716,100.0,36.486736,127.246913,12,세종특별시
2026-06-17T14:40:12+09:00,GBIKE,130867,30.0,36.486809,127.250729,12,세종특별시
2026-06-17T14:40:12+09:00,GBIKE,131187,47.0,36.486831,127.25009,12,세종특별시
2026-06-17T14:40:12+09:00,GBIKE,130605,56.0,36.486842,127.249661,12,세종특별시
2026-06-17T14:40:12+09:00,GBIKE,131934,80.0,36.486854,127.250019,12,세종특별시
2026-06-17T14:40:12+09:00,GBIKE,130096,36.0,36.486855,127.249432,12,세종특별시
2026-06-17T14:40:12+09:00,GBIKE,131235,40.0,36.486869,127.249901,12,세종특별시
2026-06-17T14:40:12+09:00,GBIKE,131469,100.0,36.486882,127.24991,12,세종특별시
2026-06-17T14:40:12+09:00,GBIKE,130660,83.0,36.486901,127.269093,12,세종특별시
2026-06-17T14:40:12+09:00,GBIKE,130627,66.0,36.486909,127.249925,12,세종특별시
2026-06-17T14:40:12+09:00,GBIKE,130095,62.0,36.486911,127.249481,12,세종특별시
2026-06-17T14:40:12+09:00,GBIKE,130729,37.0,36.486915,127.256984,12,세종특별시
2026-06-17T14:40:12+09:00,GBIKE,130414,49.0,36.486927,127.249812,12,세종특별시
2026-06-17T14:40:12+09:00,GBIKE,130030,59.0,36.48693,127.25001,12,세종특별시
2026-06-17T14:40:12+09:00,GBIKE,131881,31.0,36.486943,127.26487,12,세종특별시
2026-06-17T14:40:12+09:00,GBIKE,131806,74.0,36.486948,127.249314,12,세종특별시
2026-06-17T14:40:12+09:00,GBIKE,130955,52.0,36.486954,127.250689,12,세종특별시
2026-06-17T14:40:12+09:00,GBIKE,131133,100.0,36.486957,127.249352,12,세종특별시
2026-06-17T14:40:12+09:00,GBIKE,131878,34.0,36.486958,127.249296,12,세종특별시
2026-06-17T14:40:12+09:00,GBIKE,130906,92.0,36.486959,127.257502,12,세종특별시
2026-06-17T14:40:12+09:00,GBIKE,501350,30.0,36.48696,127.249688,12,세종특별시
2026-06-17T14:40:12+09:00,GBIKE,131710,61.0,36.486968,127.249331,12,세종특별시
2026-06-17T14:40:12+09:00,GBIKE,131443,58.0,36.486973,127.24936,12,세종특별시
2026-06-17T14:40:12+09:00,GBIKE,131381,32.0,36.486973,127.251638,12,세종특별시
2026-06-17T14:40:12+09:00,GBIKE,131264,40.0,36.486979,127.24928,12,세종특별시
2026-06-17T14:40:12+09:00,GBIKE,501449,54.0,36.486979,127.251592,12,세종특별시
2026-06-17T14:40:12+09:00,GBIKE,130953,32.0,36.486984,127.249801,12,세종특별시
2026-06-17T14:40:12+09:00,GBIKE,501227,39.0,36.48699,127.263385,12,세종특별시
2026-06-17T14:40:12+09:00,GBIKE,131063,88.0,36.487004,127.257896,12,세종특별시
2026-06-17T14:40:12+09:00,GBIKE,131784,82.0,36.48701,127.249567,12,세종특별시
2026-06-17T14:40:12+09:00,GBIKE,130676,63.0,36.48701,127.257546,12,세종특별시
2026-06-17T14:40:12+09:00,GBIKE,501197,100.0,36.487027,127.257859,12,세종특별시
2026-06-17T14:40:12+09:00,GBIKE,131076,63.0,36.487046,127.25788,12,세종특별시
2026-06-17T14:40:12+09:00,GBIKE,339068,33.0,36.487068,127.257466,12,세종특별시
2026-06-17T14:40:12+09:00,GBIKE,131629,30.0,36.487069,127.256858,12,세종특별시
2026-06-17T14:40:12+09:00,GBIKE,131271,100.0,36.487075,127.257843,12,세종특별시
2026-06-17T14:40:12+09:00,GBIKE,131254,57.0,36.487085,127.257859,12,세종특별시
2026-06-17T14:40:12+09:00,GBIKE,131058,71.0,36.487094,127.301968,12,세종특별시
2026-06-17T14:40:12+09:00,GBIKE,130032,35.0,36.487095,127.255941,12,세종특별시
2026-06-17T14:40:12+09:00,GBIKE,131471,38.0,36.487098,127.257848,12,세종특별시
2026-06-17T14:40:12+09:00,GBIKE,130040,35.0,36.487102,127.248503,12,세종특별시
2026-06-17T14:40:12+09:00,GBIKE,131030,35.0,36.48713,127.257844,12,세종특별시
2026-06-17T14:40:12+09:00,GBIKE,131255,98.0,36.487131,127.30196,12,세종특별시
2026-06-17T14:40:12+09:00,GBIKE,130781,55.0,36.487203,127.251305,12,세종특별시
2026-06-17T14:40:12+09:00,GBIKE,131047,73.0,36.487203,127.251708,12,세종특별시
2026-06-17T14:40:12+09:00,GBIKE,131429,31.0,36.487221,127.248094,12,세종특별시
2026-06-17T14:40:12+09:00,GBIKE,130298,54.0,36.48726,127.24937,12,세종특별시
2026-06-17T14:40:12+09:00,GBIKE,130544,55.0,36.487266,127.247734,12,세종특별시
2026-06-17T14:40:12+09:00,GBIKE,131725,39.0,36.487267,127.251099,12,세종특별시
2026-06-17T14:40:12+09:00,GBIKE,130174,62.0,36.48727,127.251352,12,세종특별시
2026-06-17T14:40:12+09:00,GBIKE,130381,100.0,36.487272,127.247744,12,세종특별시
2026-06-17T14:40:12+09:00,GBIKE,131050,56.0,36.48728,127.248609,12,세종특별시
2026-06-17T14:40:12+09:00,GBIKE,130258,88.0,36.487287,127.248584,12,세종특별시
2026-06-17T14:40:12+09:00,GBIKE,131532,31.0,36.487311,127.257003,12,세종특별시
2026-06-17T14:40:12+09:00,GBIKE,131014,66.0,36.487333,127.248534,12,세종특별시
2026-06-17T14:40:12+09:00,GBIKE,131661,100.0,36.48735,127.265854,12,세종특별시
2026-06-17T14:40:12+09:00,GBIKE,501577,54.0,36.487398,127.322265,12,세종특별시
2026-06-17T14:40:12+09:00,GBIKE,131300,73.0,36.487411,127.244635,12,세종특별시
2026-06-17T14:40:12+09:00,GBIKE,131803,100.0,36.487436,127.30211,12,세종특별시
2026-06-17T14:40:12+09:00,GBIKE,130267,52.0,36.487439,127.250955,12,세종특별시
2026-06-17T14:40:12+09:00,GBIKE,501175,40.0,36.487472,127.257233,12,세종특별시
2026-06-17T14:40:12+09:00,GBIKE,130511,31.0,36.487481,127.257398,12,세종특별시
2026-06-17T14:40:12+09:00,GBIKE,130980,35.0,36.487482,127.244711,12,세종특별시
2026-06-17T14:40:12+09:00,GBIKE,131509,92.0,36.487495,127.244647,12,세종특별시
2026-06-17T14:40:12+09:00,GBIKE,130408,53.0,36.487506,127.244716,12,세종특별시
2026-06-17T14:40:12+09:00,GBIKE,131137,35.0,36.487525,127.257691,12,세종특별시
2026-06-17T14:40:12+09:00,GBIKE,130321,70.0,36.487536,127.257255,12,세종특별시
2026-06-17T14:40:12+09:00,GBIKE,130862,30.0,36.487536,127.244759,12,세종특별시
2026-06-17T14:40:12+09:00,GBIKE,130402,41.0,36.4876,127.257615,12,세종특별시
2026-06-17T14:40:12+09:00,GBIKE,130768,41.0,36.487623,127.251668,12,세종특별시
2026-06-17T14:40:12+09:00,GBIKE,501502,100.0,36.487685,127.266621,12,세종특별시
2026-06-17T14:40:12+09:00,GBIKE,131367,90.0,36.487704,127.261581,12,세종특별시
2026-06-17T14:40:12+09:00,GBIKE,130646,100.0,36.487745,127.264269,12,세종특별시
2026-06-17T14:40:12+09:00,GBIKE,131126,31.0,36.487748,127.26419,12,세종특별시
2026-06-17T14:40:12+09:00,GBIKE,501208,46.0,36.487795,127.247708,12,세종특별시
2026-06-17T14:40:12+09:00,GBIKE,130205,47.0,36.487841,127.257043,12,세종특별시
2026-06-17T14:40:12+09:00,GBIKE,501332,41.0,36.487857,127.261038,12,세종특별시
2026-06-17T14:40:12+09:00,GBIKE,130838,34.0,36.487879,127.256419,12,세종특별시
2026-06-17T14:40:12+09:00,GBIKE,501412,52.0,36.487893,127.25629,12,세종특별시
2026-06-17T14:40:12+09:00,GBIKE,501356,81.0,36.487989,127.264014,12,세종특별시
2026-06-17T14:40:12+09:00,GBIKE,131597,64.0,36.488019,127.268124,12,세종특별시
2026-06-17T14:40:12+09:00,GBIKE,130857,98.0,36.488025,127.250621,12,세종특별시
2026-06-17T14:40:12+09:00,GBIKE,501136,35.0,36.488196,127.263863,12,세종특별시
2026-06-17T14:40:12+09:00,GBIKE,501528,99.0,36.488252,127.263899,12,세종특별시
2026-06-17T14:40:12+09:00,GBIKE,501450,92.0,36.488469,127.322189,12,세종특별시
2026-06-17T14:40:12+09:00,GBIKE,130473,34.0,36.488476,127.247655,12,세종특별시
2026-06-17T14:40:12+09:00,GBIKE,130334,66.0,36.488485,127.24658,12,세종특별시
2026-06-17T14:40:12+09:00,GBIKE,131504,100.0,36.488486,127.263633,12,세종특별시
2026-06-17T14:40:12+09:00,GBIKE,130706,42.0,36.48849,127.322492,12,세종특별시
2026-06-17T14:40:12+09:00,GBIKE,130958,31.0,36.488493,127.247609,12,세종특별시
2026-06-17T14:40:12+09:00,GBIKE,130618,47.0,36.488542,127.247321,12,세종특별시
2026-06-17T14:40:12+09:00,GBIKE,130167,30.0,36.488581,127.260401,12,세종특별시
2026-06-17T14:40:12+09:00,GBIKE,130463,33.0,36.488593,127.264554,12,세종특별시
2026-06-17T14:40:12+09:00,GBIKE,501363,75.0,36.488622,127.263707,12,세종특별시
2026-06-17T14:40:12+09:00,GBIKE,130248,85.0,36.488634,127.264578,12,세종특별시
2026-06-17T14:40:12+09:00,GBIKE,131202,33.0,36.488665,127.261136,12,세종특별시
2026-06-17T14:40:12+09:00,GBIKE,131277,46.0,36.488666,127.263702,12,세종특별시
2026-06-17T14:40:12+09:00,GBIKE,501546,98.0,36.48868,127.26368,12,세종특별시
2026-06-17T14:40:12+09:00,GBIKE,130933,35.0,36.488695,127.255106,12,세종특별시
2026-06-17T14:40:12+09:00,GBIKE,130880,81.0,36.488699,127.247489,12,세종특별시
2026-06-17T14:40:12+09:00,GBIKE,130738,50.0,36.488735,127.247534,12,세종특별시
2026-06-17T14:40:12+09:00,GBIKE,130743,46.0,36.488746,127.256224,12,세종특별시
2026-06-17T14:40:12+09:00,GBIKE,131793,30.0,36.488752,127.265011,12,세종특별시
2026-06-17T14:40:12+09:00,GBIKE,130653,96.0,36.488759,127.302244,12,세종특별시
2026-06-17T14:40:12+09:00,GBIKE,130176,31.0,36.488809,127.247247,12,세종특별시
2026-06-17T14:40:12+09:00,GBIKE,130635,35.0,36.488829,127.257131,12,세종특별시
2026-06-17T14:40:12+09:00,GBIKE,130662,31.0,36.488849,127.25595,12,세종특별시
2026-06-17T14:40:12+09:00,GBIKE,130830,86.0,36.488871,127.257074,12,세종특별시
2026-06-17T14:40:12+09:00,GBIKE,501323,40.0,36.488875,127.302073,12,세종특별시
2026-06-17T14:40:12+09:00,GBIKE,130698,75.0,36.488876,127.257073,12,세종특별시
2026-06-17T14:40:12+09:00,GBIKE,131551,31.0,36.48889,127.257096,12,세종특별시
2026-06-17T14:40:12+09:00,GBIKE,501471,46.0,36.488893,127.255558,12,세종특별시
2026-06-17T14:40:12+09:00,GBIKE,501320,92.0,36.488911,127.257054,12,세종특별시
2026-06-17T14:40:12+09:00,GBIKE,501553,69.0,36.488917,127.255033,12,세종특별시
2026-06-17T14:40:12+09:00,GBIKE,131319,72.0,36.488933,127.252817,12,세종특별시
2026-06-17T14:40:12+09:00,GBIKE,130945,30.0,36.488938,127.256638,12,세종특별시
2026-06-17T14:40:12+09:00,GBIKE,130780,30.0,36.488939,127.255813,12,세종특별시
2026-06-17T14:40:12+09:00,GBIKE,130922,39.0,36.488942,127.257033,12,세종특별시
2026-06-17T14:40:12+09:00,GBIKE,131861,99.0,36.488948,127.302082,12,세종특별시
2026-06-17T14:40:12+09:00,GBIKE,131393,91.0,36.488948,127.253955,12,세종특별시
2026-06-17T14:40:12+09:00,GBIKE,131714,30.0,36.488955,127.247378,12,세종특별시
2026-06-17T14:40:12+09:00,GBIKE,130075,100.0,36.488958,127.323313,12,세종특별시
2026-06-17T14:40:12+09:00,GBIKE,131398,99.0,36.488967,127.256689,12,세종특별시
2026-06-17T14:40:12+09:00,GBIKE,130131,33.0,36.488983,127.257038,12,세종특별시
2026-06-17T14:40:12+09:00,GBIKE,130230,31.0,36.489003,127.247335,12,세종특별시
2026-06-17T14:40:12+09:00,GBIKE,131637,57.0,36.489004,127.256182,12,세종특별시
2026-06-17T14:40:12+09:00,GBIKE,130774,100.0,36.489012,127.256104,12,세종특별시
2026-06-17T14:40:12+09:00,GBIKE,130966,32.0,36.489075,127.25491,12,세종특별시
2026-06-17T14:40:12+09:00,GBIKE,130640,30.0,36.489088,127.256172,12,세종특별시
2026-06-17T14:40:12+09:00,GBIKE,130508,32.0,36.489106,127.247365,12,세종특별시
2026-06-17T14:40:12+09:00,GBIKE,130127,84.0,36.48912,127.259705,12,세종특별시
2026-06-17T14:40:12+09:00,GBIKE,131628,30.0,36.489169,127.256181,12,세종특별시
2026-06-17T14:40:12+09:00,GBIKE,130300,34.0,36.48917,127.259791,12,세종특별시
2026-06-17T14:40:12+09:00,GBIKE,130209,45.0,36.489199,127.271137,12,세종특별시
2026-06-17T14:40:12+09:00,GBIKE,130366,31.0,36.489201,127.256266,12,세종특별시
2026-06-17T14:40:12+09:00,GBIKE,130783,41.0,36.489243,127.257481,12,세종특별시
2026-06-17T14:40:12+09:00,GBIKE,501370,91.0,36.489268,127.302298,12,세종특별시
2026-06-17T14:40:12+09:00,GBIKE,130539,52.0,36.489271,127.256876,12,세종특별시
2026-06-17T14:40:12+09:00,GBIKE,131379,48.0,36.48928,127.256511,12,세종특별시
2026-06-17T14:40:12+09:00,GBIKE,131672,76.0,36.489322,127.25783,12,세종특별시
2026-06-17T14:40:12+09:00,GBIKE,131619,49.0,36.489351,127.256594,12,세종특별시
2026-06-17T14:40:12+09:00,GBIKE,130126,33.0,36.489361,127.25647,12,세종특별시
2026-06-17T14:40:12+09:00,GBIKE,501378,81.0,36.489379,127.25656,12,세종특별시
2026-06-17T14:40:12+09:00,GBIKE,131337,31.0,36.489386,127.256584,12,세종특별시
2026-06-17T14:40:12+09:00,GBIKE,501189,100.0,36.4894,127.263565,12,세종특별시
2026-06-17T14:40:12+09:00,GBIKE,131354,95.0,36.489401,127.25588,12,세종특별시
2026-06-17T14:40:12+09:00,GBIKE,131019,44.0,36.489431,127.258148,12,세종특별시
2026-06-17T14:40:12+09:00,GBIKE,130221,76.0,36.489435,127.256516,12,세종특별시
2026-06-17T14:40:12+09:00,GBIKE,130154,30.0,36.489436,127.257019,12,세종특별시
2026-06-17T14:40:12+09:00,GBIKE,131923,33.0,36.489436,127.259374,12,세종특별시
2026-06-17T14:40:12+09:00,GBIKE,130555,100.0,36.489452,127.2565,12,세종특별시
2026-06-17T14:40:12+09:00,GBIKE,131911,32.0,36.489454,127.256492,12,세종특별시
2026-06-17T14:40:12+09:00,GBIKE,130790,82.0,36.489459,127.256584,12,세종특별시
2026-06-17T14:40:12+09:00,GBIKE,131568,73.0,36.489465,127.256526,12,세종특별시
2026-06-17T14:40:12+09:00,GBIKE,130727,30.0,36.489472,127.256583,12,세종특별시
2026-06-17T14:40:12+09:00,GBIKE,130657,70.0,36.489477,127.256575,12,세종특별시
2026-06-17T14:40:12+09:00,GBIKE,131410,33.0,36.48948,127.256513,12,세종특별시
2026-06-17T14:40:12+09:00,GBIKE,131908,42.0,36.489481,127.256517,12,세종특별시
2026-06-17T14:40:12+09:00,GBIKE,130751,34.0,36.489498,127.256446,12,세종특별시
2026-06-17T14:40:12+09:00,GBIKE,131811,30.0,36.489499,127.243655,12,세종특별시
2026-06-17T14:40:12+09:00,GBIKE,501167,30.0,36.489509,127.254702,12,세종특별시
2026-06-17T14:40:12+09:00,GBIKE,130041,81.0,36.48951,127.256577,12,세종특별시
2026-06-17T14:40:12+09:00,GBIKE,131000,33.0,36.489511,127.256607,12,세종특별시
2026-06-17T14:40:12+09:00,GBIKE,131015,31.0,36.489517,127.25649,12,세종특별시
2026-06-17T14:40:12+09:00,GBIKE,130654,91.0,36.489518,127.256592,12,세종특별시
2026-06-17T14:40:12+09:00,GBIKE,501407,51.0,36.489524,127.259247,12,세종특별시
2026-06-17T14:40:12+09:00,GBIKE,131554,64.0,36.489544,127.250055,12,세종특별시
2026-06-17T14:40:12+09:00,GBIKE,131788,69.0,36.489559,127.256582,12,세종특별시
2026-06-17T14:40:12+09:00,GBIKE,130934,58.0,36.489572,127.301777,12,세종특별시
2026-06-17T14:40:12+09:00,GBIKE,131531,80.0,36.489583,127.256891,12,세종특별시
2026-06-17T14:40:12+09:00,GBIKE,130313,30.0,36.489627,127.256437,12,세종특별시
2026-06-17T14:40:12+09:00,GBIKE,131577,35.0,36.489629,127.256441,12,세종특별시
2026-06-17T14:40:12+09:00,GBIKE,501527,89.0,36.489686,127.260439,12,세종특별시
2026-06-17T14:40:12+09:00,GBIKE,501237,59.0,36.4897,127.244964,12,세종특별시
2026-06-17T14:40:12+09:00,GBIKE,130956,52.0,36.489781,127.259282,12,세종특별시
2026-06-17T14:40:12+09:00,GBIKE,131973,32.0,36.489783,127.259577,12,세종특별시
2026-06-17T14:40:12+09:00,GBIKE,131100,31.0,36.489785,127.250018,12,세종특별시
2026-06-17T14:40:12+09:00,GBIKE,501261,96.0,36.489875,127.26038,12,세종특별시
2026-06-17T14:40:12+09:00,GBIKE,131062,90.0,36.489904,127.255811,12,세종특별시
2026-06-17T14:40:12+09:00,GBIKE,131312,100.0,36.489909,127.261424,12,세종특별시
2026-06-17T14:40:12+09:00,GBIKE,501582,40.0,36.489912,127.255794,12,세종특별시
2026-06-17T14:40:12+09:00,GBIKE,130878,70.0,36.489985,127.243909,12,세종특별시
2026-06-17T14:40:12+09:00,GBIKE,501101,84.0,36.490018,127.255554,12,세종특별시
2026-06-17T14:40:12+09:00,GBIKE,501140,96.0,36.490106,127.298578,12,세종특별시
2026-06-17T14:40:12+09:00,GBIKE,130406,75.0,36.490109,127.256721,12,세종특별시
2026-06-17T14:40:12+09:00,GBIKE,131930,81.0,36.490127,127.257045,12,세종특별시
2026-06-17T14:40:12+09:00,GBIKE,131088,34.0,36.490193,127.25635,12,세종특별시
2026-06-17T14:40:12+09:00,GBIKE,131260,64.0,36.490227,127.256343,12,세종특별시
2026-06-17T14:40:12+09:00,GBIKE,131086,78.0,36.490237,127.252895,12,세종특별시
2026-06-17T14:40:12+09:00,GBIKE,131571,32.0,36.490238,127.247121,12,세종특별시
2026-06-17T14:40:12+09:00,GBIKE,130038,51.0,36.49025,127.259418,12,세종특별시
2026-06-17T14:40:12+09:00,GBIKE,131555,90.0,36.490265,127.256378,12,세종특별시
2026-06-17T14:40:12+09:00,GBIKE,130361,84.0,36.490271,127.256784,12,세종특별시
2026-06-17T14:40:12+09:00,GBIKE,131002,53.0,36.490288,127.243279,12,세종특별시
2026-06-17T14:40:12+09:00,GBIKE,131655,89.0,36.490306,127.254252,12,세종특별시
2026-06-17T14:40:12+09:00,GBIKE,130363,100.0,36.490309,127.256757,12,세종특별시
2026-06-17T14:40:12+09:00,GBIKE,501353,70.0,36.49031,127.246827,12,세종특별시
2026-06-17T14:40:12+09:00,GBIKE,130518,32.0,36.490326,127.243378,12,세종특별시
2026-06-17T14:40:12+09:00,GBIKE,130994,63.0,36.490375,127.323676,12,세종특별시
2026-06-17T14:40:12+09:00,GBIKE,501427,30.0,36.490392,127.246987,12,세종특별시
2026-06-17T14:40:12+09:00,GBIKE,131686,67.0,36.490433,127.245362,12,세종특별시
2026-06-17T14:40:12+09:00,GBIKE,130600,81.0,36.490524,127.257182,12,세종특별시
2026-06-17T14:40:12+09:00,GBIKE,130674,32.0,36.490546,127.259114,12,세종특별시
2026-06-17T14:40:12+09:00,GBIKE,130372,60.0,36.490598,127.259108,12,세종특별시
2026-06-17T14:40:12+09:00,GBIKE,130703,32.0,36.490603,127.248206,12,세종특별시
2026-06-17T14:40:12+09:00,GBIKE,131056,81.0,36.490603,127.259099,12,세종특별시
2026-06-17T14:40:12+09:00,GBIKE,130344,51.0,36.490619,127.259111,12,세종특별시
2026-06-17T14:40:12+09:00,GBIKE,501128,79.0,36.490619,127.2591,12,세종특별시
2026-06-17T14:40:12+09:00,GBIKE,131323,41.0,36.490644,127.246428,12,세종특별시
2026-06-17T14:40:12+09:00,GBIKE,130214,58.0,36.490697,127.259085,12,세종특별시
2026-06-17T14:40:12+09:00,GBIKE,131760,100.0,36.490723,127.246507,12,세종특별시
2026-06-17T14:40:12+09:00,GBIKE,130098,100.0,36.490727,127.262699,12,세종특별시
2026-06-17T14:40:12+09:00,GBIKE,131666,85.0,36.490768,127.262749,12,세종특별시
2026-06-17T14:40:12+09:00,GBIKE,130845,31.0,36.490856,127.256288,12,세종특별시
2026-06-17T14:40:12+09:00,GBIKE,131289,33.0,36.49086,127.256273,12,세종특별시
2026-06-17T14:40:12+09:00,GBIKE,131962,34.0,36.490866,127.256209,12,세종특별시
2026-06-17T14:40:12+09:00,GBIKE,131210,91.0,36.490906,127.301942,12,세종특별시
2026-06-17T14:40:12+09:00,GBIKE,131171,38.0,36.490912,127.256034,12,세종특별시
2026-06-17T14:40:12+09:00,GBIKE,131698,31.0,36.490986,127.257377,12,세종특별시
2026-06-17T14:40:12+09:00,GBIKE,130169,32.0,36.49101,127.258261,12,세종특별시
2026-06-17T14:40:12+09:00,GBIKE,501462,100.0,36.491039,127.262566,12,세종특별시
2026-06-17T14:40:12+09:00,GBIKE,501126,72.0,36.491068,127.262957,12,세종특별시
2026-06-17T14:40:12+09:00,GBIKE,131563,33.0,36.491084,127.246224,12,세종특별시
2026-06-17T14:40:12+09:00,GBIKE,131164,30.0,36.491129,127.32459,12,세종특별시
2026-06-17T14:40:12+09:00,GBIKE,130149,32.0,36.491149,127.255335,12,세종특별시
2026-06-17T14:40:12+09:00,GBIKE,131752,33.0,36.49115,127.249537,12,세종특별시
2026-06-17T14:40:12+09:00,GBIKE,131600,54.0,36.491158,127.255673,12,세종특별시
2026-06-17T14:40:12+09:00,GBIKE,501366,81.0,36.4912,127.254538,12,세종특별시
2026-06-17T14:40:12+09:00,GBIKE,130239,76.0,36.491272,127.258718,12,세종특별시
2026-06-17T14:40:12+09:00,GBIKE,131886,67.0,36.491272,127.258377,12,세종특별시
2026-06-17T14:40:12+09:00,GBIKE,345936,61.0,36.491273,127.255426,12,세종특별시
2026-06-17T14:40:12+09:00,GBIKE,130291,45.0,36.491283,127.25614,12,세종특별시
2026-06-17T14:40:12+09:00,GBIKE,130650,34.0,36.491287,127.254362,12,세종특별시
2026-06-17T14:40:12+09:00,GBIKE,130120,36.0,36.491334,127.255971,12,세종특별시
2026-06-17T14:40:12+09:00,GBIKE,130665,36.0,36.491341,127.255867,12,세종특별시
2026-06-17T14:40:12+09:00,GBIKE,131809,40.0,36.491343,127.258179,12,세종특별시
2026-06-17T14:40:12+09:00,GBIKE,131828,100.0,36.491349,127.261268,12,세종특별시
2026-06-17T14:40:12+09:00,GBIKE,501105,76.0,36.491349,127.269567,12,세종특별시
2026-06-17T14:40:12+09:00,GBIKE,131114,37.0,36.491353,127.256118,12,세종특별시
2026-06-17T14:40:12+09:00,GBIKE,131405,35.0,36.491356,127.256136,12,세종특별시
2026-06-17T14:40:12+09:00,GBIKE,130314,32.0,36.491358,127.256156,12,세종특별시
2026-06-17T14:40:12+09:00,GBIKE,501413,100.0,36.491359,127.269596,12,세종특별시
2026-06-17T14:40:12+09:00,GBIKE,131837,30.0,36.491365,127.256107,12,세종특별시
2026-06-17T14:40:12+09:00,GBIKE,131510,48.0,36.491373,127.256036,12,세종특별시
2026-06-17T14:40:12+09:00,GBIKE,130577,98.0,36.491377,127.256113,12,세종특별시
2026-06-17T14:40:12+09:00,GBIKE,501152,71.0,36.491383,127.257971,12,세종특별시
2026-06-17T14:40:12+09:00,GBIKE,131739,57.0,36.491385,127.256102,12,세종특별시
2026-06-17T14:40:12+09:00,GBIKE,130742,100.0,36.491387,127.269675,12,세종특별시
2026-06-17T14:40:12+09:00,GBIKE,131778,32.0,36.491388,127.258154,12,세종특별시
2026-06-17T14:40:12+09:00,GBIKE,130629,93.0,36.491388,127.256132,12,세종특별시
2026-06-17T14:40:12+09:00,GBIKE,130773,30.0,36.491388,127.256138,12,세종특별시
2026-06-17T14:40:12+09:00,GBIKE,131057,31.0,36.491388,127.25614,12,세종특별시
2026-06-17T14:40:12+09:00,GBIKE,131359,48.0,36.491389,127.256151,12,세종특별시
2026-06-17T14:40:12+09:00,GBIKE,131222,95.0,36.491405,127.25613,12,세종특별시
2026-06-17T14:40:12+09:00,GBIKE,130137,83.0,36.49141,127.303718,12,세종특별시
2026-06-17T14:40:12+09:00,GBIKE,130512,67.0,36.491436,127.246343,12,세종특별시
2026-06-17T14:40:12+09:00,GBIKE,130978,32.0,36.491438,127.256196,12,세종특별시
2026-06-17T14:40:12+09:00,GBIKE,131569,100.0,36.491448,127.25847,12,세종특별시
2026-06-17T14:40:12+09:00,GBIKE,130560,33.0,36.491451,127.256116,12,세종특별시
2026-06-17T14:40:12+09:00,GBIKE,501386,96.0,36.491457,127.262622,12,세종특별시
2026-06-17T14:40:12+09:00,GBIKE,131711,68.0,36.491459,127.256134,12,세종특별시
2026-06-17T14:40:12+09:00,GBIKE,131055,95.0,36.491512,127.269465,12,세종특별시
2026-06-17T14:40:12+09:00,GBIKE,130412,81.0,36.491519,127.256159,12,세종특별시
2026-06-17T14:40:12+09:00,GBIKE,131498,34.0,36.491556,127.256121,12,세종특별시
2026-06-17T14:40:12+09:00,GBIKE,131888,30.0,36.491557,127.243764,12,세종특별시
2026-06-17T14:40:12+09:00,GBIKE,131596,33.0,36.491557,127.259309,12,세종특별시
2026-06-17T14:40:12+09:00,GBIKE,130397,92.0,36.491559,127.256149,12,세종특별시
2026-06-17T14:40:12+09:00,GBIKE,130879,31.0,36.491563,127.256122,12,세종특별시
2026-06-17T14:40:12+09:00,GBIKE,131097,50.0,36.491593,127.254127,12,세종특별시
2026-06-17T14:40:12+09:00,GBIKE,130435,82.0,36.491605,127.261394,12,세종특별시
2026-06-17T14:40:12+09:00,GBIKE,130266,100.0,36.491645,127.254894,12,세종특별시
2026-06-17T14:40:12+09:00,GBIKE,501477,31.0,36.49165,127.246103,12,세종특별시
2026-06-17T14:40:12+09:00,GBIKE,131173,58.0,36.491654,127.303354,12,세종특별시
2026-06-17T14:40:12+09:00,GBIKE,130232,33.0,36.491662,127.250427,12,세종특별시
2026-06-17T14:40:12+09:00,GBIKE,501441,46.0,36.491708,127.255426,12,세종특별시
2026-06-17T14:40:12+09:00,GBIKE,131481,30.0,36.491817,127.246222,12,세종특별시
2026-06-17T14:40:12+09:00,GBIKE,131838,63.0,36.491828,127.30374,12,세종특별시
2026-06-17T14:40:12+09:00,GBIKE,130533,58.0,36.491838,127.253999,12,세종특별시
2026-06-17T14:40:12+09:00,GBIKE,131356,100.0,36.491874,127.262864,12,세종특별시
2026-06-17T14:40:12+09:00,GBIKE,131396,38.0,36.491896,127.303614,12,세종특별시
2026-06-17T14:40:12+09:00,GBIKE,130421,91.0,36.492047,127.302277,12,세종특별시
2026-06-17T14:40:12+09:00,GBIKE,131455,37.0,36.492068,127.325143,12,세종특별시
2026-06-17T14:40:12+09:00,GBIKE,130418,72.0,36.492083,127.256129,12,세종특별시
2026-06-17T14:40:12+09:00,GBIKE,131352,37.0,36.492096,127.246032,12,세종특별시
2026-06-17T14:40:12+09:00,GBIKE,130937,39.0,36.492111,127.255944,12,세종특별시
2026-06-17T14:40:12+09:00,GBIKE,130237,58.0,36.492142,127.256037,12,세종특별시
2026-06-17T14:40:12+09:00,GBIKE,131185,100.0,36.492144,127.260436,12,세종특별시
2026-06-17T14:40:12+09:00,GBIKE,131218,45.0,36.492154,127.252808,12,세종특별시
2026-06-17T14:40:12+09:00,GBIKE,130736,44.0,36.492159,127.256529,12,세종특별시
2026-06-17T14:40:12+09:00,GBIKE,130194,35.0,36.492174,127.241556,12,세종특별시
2026-06-17T14:40:12+09:00,GBIKE,130612,100.0,36.492199,127.256171,12,세종특별시
2026-06-17T14:40:12+09:00,GBIKE,130930,81.0,36.492292,127.25594,12,세종특별시
2026-06-17T14:40:12+09:00,GBIKE,131472,32.0,36.492305,127.241771,12,세종특별시
2026-06-17T14:40:12+09:00,GBIKE,131738,30.0,36.492325,127.241406,12,세종특별시
2026-06-17T14:40:12+09:00,GBIKE,130940,93.0,36.492335,127.255559,12,세종특별시
2026-06-17T14:40:12+09:00,GBIKE,130083,76.0,36.492337,127.255328,12,세종특별시
2026-06-17T14:40:12+09:00,GBIKE,130991,33.0,36.492359,127.318988,12,세종특별시
2026-06-17T14:40:12+09:00,GBIKE,131745,30.0,36.492366,127.241373,12,세종특별시
2026-06-17T14:40:12+09:00,GBIKE,131340,96.0,36.492435,127.254941,12,세종특별시
2026-06-17T14:40:12+09:00,GBIKE,130811,30.0,36.492437,127.254875,12,세종특별시
2026-06-17T14:40:12+09:00,GBIKE,130210,93.0,36.492444,127.244287,12,세종특별시
2026-06-17T14:40:12+09:00,GBIKE,130561,77.0,36.492449,127.260504,12,세종특별시
2026-06-17T14:40:12+09:00,GBIKE,131307,95.0,36.492486,127.255009,12,세종특별시
2026-06-17T14:40:12+09:00,GBIKE,501381,58.0,36.4925,127.302979,12,세종특별시
2026-06-17T14:40:12+09:00,GBIKE,501581,36.0,36.492522,127.302977,12,세종특별시
2026-06-17T14:40:12+09:00,GBIKE,131423,52.0,36.492553,127.303024,12,세종특별시
2026-06-17T14:40:12+09:00,GBIKE,130693,52.0,36.492554,127.242354,12,세종특별시
2026-06-17T14:40:12+09:00,GBIKE,501371,48.0,36.492566,127.269656,12,세종특별시
2026-06-17T14:40:12+09:00,GBIKE,501438,69.0,36.492567,127.269787,12,세종특별시
2026-06-17T14:40:12+09:00,GBIKE,501142,53.0,36.492587,127.269785,12,세종특별시
2026-06-17T14:40:12+09:00,GBIKE,501395,62.0,36.492643,127.241882,12,세종특별시
2026-06-17T14:40:12+09:00,GBIKE,501574,86.0,36.492653,127.255076,12,세종특별시
2026-06-17T14:40:12+09:00,GBIKE,501131,44.0,36.492666,127.241653,12,세종특별시
2026-06-17T14:40:12+09:00,GBIKE,130228,100.0,36.49267,127.300688,12,세종특별시
2026-06-17T14:40:12+09:00,GBIKE,130929,31.0,36.492725,127.242054,12,세종특별시
2026-06-17T14:40:12+09:00,GBIKE,131897,72.0,36.492774,127.255508,12,세종특별시
2026-06-17T14:40:12+09:00,GBIKE,501114,83.0,36.49283,127.253927,12,세종특별시
2026-06-17T14:40:12+09:00,GBIKE,501107,85.0,36.492858,127.242645,12,세종특별시
2026-06-17T14:40:12+09:00,GBIKE,131761,33.0,36.492893,127.254581,12,세종특별시
2026-06-17T14:40:12+09:00,GBIKE,501284,100.0,36.492905,127.252145,12,세종특별시
2026-06-17T14:40:12+09:00,GBIKE,131008,59.0,36.492922,127.305225,12,세종특별시
2026-06-17T14:40:12+09:00,GBIKE,130362,49.0,36.49294,127.243996,12,세종특별시
2026-06-17T14:40:12+09:00,GBIKE,501322,74.0,36.492962,127.252974,12,세종특별시
2026-06-17T14:40:12+09:00,GBIKE,501367,61.0,36.492996,127.254636,12,세종특별시
2026-06-17T14:40:12+09:00,GBIKE,131270,35.0,36.492996,127.254712,12,세종특별시
2026-06-17T14:40:12+09:00,GBIKE,501299,44.0,36.493063,127.244245,12,세종특별시
2026-06-17T14:40:12+09:00,GBIKE,130293,99.0,36.493115,127.243422,12,세종특별시
2026-06-17T14:40:12+09:00,GBIKE,501164,92.0,36.493115,127.24344,12,세종특별시
2026-06-17T14:40:12+09:00,GBIKE,130668,30.0,36.493145,127.250822,12,세종특별시
2026-06-17T14:40:12+09:00,GBIKE,501137,94.0,36.493175,127.301469,12,세종특별시
2026-06-17T14:40:12+09:00,GBIKE,501273,89.0,36.4932,127.245055,12,세종특별시
2026-06-17T14:40:12+09:00,GBIKE,131233,66.0,36.493404,127.247231,12,세종특별시
2026-06-17T14:40:12+09:00,GBIKE,501123,100.0,36.493567,127.258341,12,세종특별시
2026-06-17T14:40:12+09:00,GBIKE,501217,36.0,36.493567,127.240943,12,세종특별시
2026-06-17T14:40:12+09:00,GBIKE,131762,31.0,36.493777,127.256077,12,세종특별시
2026-06-17T14:40:12+09:00,GBIKE,131851,30.0,36.493795,127.325488,12,세종특별시
2026-06-17T14:40:12+09:00,GBIKE,131348,100.0,36.49385,127.256614,12,세종특별시
2026-06-17T14:40:12+09:00,GBIKE,131751,33.0,36.493874,127.248504,12,세종특별시
2026-06-17T14:40:12+09:00,GBIKE,131550,100.0,36.493952,127.261524,12,세종특별시
2026-06-17T14:40:12+09:00,GBIKE,501141,89.0,36.494008,127.248889,12,세종특별시
2026-06-17T14:40:12+09:00,GBIKE,131564,35.0,36.494008,127.256184,12,세종특별시
2026-06-17T14:40:12+09:00,GBIKE,131386,70.0,36.494106,127.256608,12,세종특별시
2026-06-17T14:40:12+09:00,GBIKE,501342,100.0,36.494122,127.256608,12,세종특별시
2026-06-17T14:40:12+09:00,GBIKE,131325,39.0,36.494145,127.256129,12,세종특별시
2026-06-17T14:40:12+09:00,GBIKE,130505,37.0,36.494244,127.249492,12,세종특별시
2026-06-17T14:40:12+09:00,GBIKE,130445,87.0,36.494261,127.255606,12,세종특별시
2026-06-17T14:40:12+09:00,GBIKE,131873,63.0,36.49429,127.25586,12,세종특별시
2026-06-17T14:40:12+09:00,GBIKE,131664,46.0,36.494323,127.248665,12,세종특별시
2026-06-17T14:40:12+09:00,GBIKE,131964,30.0,36.494333,127.255764,12,세종특별시
2026-06-17T14:40:12+09:00,GBIKE,131737,60.0,36.494339,127.255968,12,세종특별시
2026-06-17T14:40:12+09:00,GBIKE,131358,92.0,36.494388,127.30226,12,세종특별시
2026-06-17T14:40:12+09:00,GBIKE,130531,69.0,36.494391,127.256164,12,세종특별시
2026-06-17T14:40:12+09:00,GBIKE,130390,32.0,36.494401,127.248759,12,세종특별시
2026-06-17T14:40:12+09:00,GBIKE,130875,56.0,36.494419,127.253131,12,세종특별시
2026-06-17T14:40:12+09:00,GBIKE,131832,100.0,36.49443,127.31835,12,세종특별시
2026-06-17T14:40:12+09:00,GBIKE,130794,57.0,36.494433,127.251773,12,세종특별시
2026-06-17T14:40:12+09:00,GBIKE,131538,89.0,36.494442,127.324647,12,세종특별시
2026-06-17T14:40:12+09:00,GBIKE,130689,32.0,36.494537,127.249102,12,세종특별시
2026-06-17T14:40:12+09:00,GBIKE,130107,64.0,36.494545,127.256294,12,세종특별시
2026-06-17T14:40:12+09:00,GBIKE,130789,69.0,36.494567,127.249507,12,세종특별시
2026-06-17T14:40:12+09:00,GBIKE,501308,100.0,36.494571,127.260732,12,세종특별시
2026-06-17T14:40:12+09:00,GBIKE,131980,31.0,36.494575,127.260524,12,세종특별시
2026-06-17T14:40:12+09:00,GBIKE,130172,91.0,36.494578,127.248828,12,세종특별시
2026-06-17T14:40:12+09:00,GBIKE,131939,79.0,36.494593,127.256266,12,세종특별시
2026-06-17T14:40:12+09:00,GBIKE,130709,57.0,36.494596,127.256293,12,세종특별시
2026-06-17T14:40:12+09:00,GBIKE,131011,92.0,36.4946,127.256264,12,세종특별시
2026-06-17T14:40:12+09:00,GBIKE,131248,54.0,36.494609,127.256306,12,세종특별시
2026-06-17T14:40:12+09:00,GBIKE,131936,100.0,36.494629,127.256336,12,세종특별시
2026-06-17T14:40:12+09:00,GBIKE,130986,42.0,36.494642,127.256259,12,세종특별시
2026-06-17T14:40:12+09:00,GBIKE,130146,75.0,36.494659,127.256072,12,세종특별시
2026-06-17T14:40:12+09:00,GBIKE,501351,47.0,36.494683,127.25633,12,세종특별시
2026-06-17T14:40:12+09:00,GBIKE,501391,100.0,36.494688,127.240666,12,세종특별시
2026-06-17T14:40:12+09:00,GBIKE,131094,80.0,36.494692,127.256378,12,세종특별시
2026-06-17T14:40:12+09:00,GBIKE,130815,62.0,36.4947,127.247196,12,세종특별시
2026-06-17T14:40:12+09:00,GBIKE,501194,89.0,36.494708,127.240541,12,세종특별시
2026-06-17T14:40:12+09:00,GBIKE,131678,42.0,36.494726,127.249706,12,세종특별시
2026-06-17T14:40:12+09:00,GBIKE,501530,39.0,36.494742,127.249741,12,세종특별시
2026-06-17T14:40:12+09:00,GBIKE,131625,41.0,36.494742,127.249763,12,세종특별시
2026-06-17T14:40:12+09:00,GBIKE,131388,92.0,36.494937,127.257245,12,세종특별시
2026-06-17T14:40:12+09:00,GBIKE,130383,51.0,36.495056,127.249416,12,세종특별시
2026-06-17T14:40:12+09:00,GBIKE,501186,58.0,36.495148,127.262748,12,세종특별시
2026-06-17T14:40:12+09:00,GBIKE,131474,51.0,36.495181,127.303028,12,세종특별시
2026-06-17T14:40:12+09:00,GBIKE,131208,72.0,36.495186,127.303029,12,세종특별시
2026-06-17T14:40:12+09:00,GBIKE,501270,88.0,36.495188,127.303053,12,세종특별시
2026-06-17T14:40:12+09:00,GBIKE,131182,92.0,36.495235,127.209446,12,세종특별시
2026-06-17T14:40:12+09:00,GBIKE,131524,31.0,36.49525,127.248991,12,세종특별시
2026-06-17T14:40:12+09:00,GBIKE,130351,100.0,36.495272,127.317716,12,세종특별시
2026-06-17T14:40:12+09:00,GBIKE,501274,57.0,36.49546,127.248986,12,세종특별시
2026-06-17T14:40:12+09:00,GBIKE,501361,30.0,36.495466,127.31759,12,세종특별시
2026-06-17T14:40:12+09:00,GBIKE,130152,53.0,36.495475,127.259259,12,세종특별시
2026-06-17T14:40:12+09:00,GBIKE,501375,50.0,36.495477,127.259258,12,세종특별시
2026-06-17T14:40:12+09:00,GBIKE,501204,89.0,36.495479,127.248988,12,세종특별시
2026-06-17T14:40:12+09:00,GBIKE,131298,100.0,36.495521,127.266433,12,세종특별시
2026-06-17T14:40:12+09:00,GBIKE,131465,64.0,36.495564,127.249004,12,세종특별시
2026-06-17T14:40:12+09:00,GBIKE,501196,83.0,36.495632,127.256966,12,세종특별시
2026-06-17T14:40:12+09:00,GBIKE,131579,89.0,36.495652,127.262761,12,세종특별시
2026-06-17T14:40:12+09:00,GBIKE,131853,33.0,36.495762,127.258528,12,세종특별시
2026-06-17T14:40:12+09:00,GBIKE,131722,51.0,36.495777,127.258539,12,세종특별시
2026-06-17T14:40:12+09:00,GBIKE,130475,36.0,36.495782,127.251842,12,세종특별시
2026-06-17T14:40:12+09:00,GBIKE,130841,33.0,36.495798,127.258579,12,세종특별시
2026-06-17T14:40:12+09:00,GBIKE,130856,30.0,36.495802,127.24777,12,세종특별시
2026-06-17T14:40:12+09:00,GBIKE,130058,69.0,36.495886,127.248895,12,세종특별시
2026-06-17T14:40:12+09:00,GBIKE,501280,63.0,36.495887,127.258654,12,세종특별시
2026-06-17T14:40:12+09:00,GBIKE,501549,33.0,36.49593,127.250711,12,세종특별시
2026-06-17T14:40:12+09:00,GBIKE,131869,66.0,36.495958,127.238718,12,세종특별시
2026-06-17T14:40:12+09:00,GBIKE,131071,63.0,36.495966,127.238882,12,세종특별시
2026-06-17T14:40:12+09:00,GBIKE,130847,43.0,36.495967,127.238725,12,세종특별시
2026-06-17T14:40:12+09:00,GBIKE,131459,48.0,36.495984,127.238737,12,세종특별시
2026-06-17T14:40:12+09:00,GBIKE,130478,35.0,36.495994,127.317594,12,세종특별시
2026-06-17T14:40:12+09:00,GBIKE,130732,81.0,36.496027,127.24858,12,세종특별시
2026-06-17T14:40:12+09:00,GBIKE,130497,94.0,36.496063,127.239087,12,세종특별시
2026-06-17T14:40:12+09:00,GBIKE,130294,96.0,36.496117,127.249137,12,세종특별시
2026-06-17T14:40:12+09:00,GBIKE,130995,54.0,36.496117,127.249123,12,세종특별시
2026-06-17T14:40:12+09:00,GBIKE,501251,91.0,36.496118,127.304545,12,세종특별시
2026-06-17T14:40:12+09:00,GBIKE,130969,33.0,36.496127,127.306934,12,세종특별시
2026-06-17T14:40:12+09:00,GBIKE,501457,96.0,36.496135,127.248948,12,세종특별시
2026-06-17T14:40:12+09:00,GBIKE,131754,100.0,36.496138,127.303868,12,세종특별시
2026-06-17T14:40:12+09:00,GBIKE,501476,100.0,36.496163,127.304651,12,세종특별시
2026-06-17T14:40:12+09:00,GBIKE,131885,34.0,36.496178,127.249007,12,세종특별시
2026-06-17T14:40:12+09:00,GBIKE,130998,100.0,36.496182,127.263495,12,세종특별시
2026-06-17T14:40:12+09:00,GBIKE,130109,56.0,36.496222,127.264503,12,세종특별시
2026-06-17T14:40:12+09:00,GBIKE,130157,42.0,36.496239,127.30402,12,세종특별시
2026-06-17T14:40:12+09:00,GBIKE,131758,97.0,36.496332,127.266314,12,세종특별시
2026-06-17T14:40:12+09:00,GBIKE,130997,86.0,36.496362,127.238735,12,세종특별시
2026-06-17T14:40:12+09:00,GBIKE,130592,90.0,36.496372,127.266269,12,세종특별시
2026-06-17T14:40:12+09:00,GBIKE,130238,35.0,36.49646,127.263271,12,세종특별시
2026-06-17T14:40:12+09:00,GBIKE,130057,47.0,36.4966,127.237298,12,세종특별시
2026-06-17T14:40:12+09:00,GBIKE,130988,37.0,36.496688,127.303892,12,세종특별시
2026-06-17T14:40:12+09:00,GBIKE,131439,45.0,36.496742,127.262965,12,세종특별시
2026-06-17T14:40:12+09:00,GBIKE,131518,59.0,36.496814,127.258466,12,세종특별시
2026-06-17T14:40:12+09:00,GBIKE,130766,100.0,36.49687,127.304163,12,세종특별시
2026-06-17T14:40:12+09:00,GBIKE,130797,65.0,36.497025,127.246591,12,세종특별시
2026-06-17T14:40:12+09:00,GBIKE,131148,88.0,36.497041,127.240656,12,세종특별시
2026-06-17T14:40:12+09:00,GBIKE,501115,59.0,36.497053,127.257159,12,세종특별시
2026-06-17T14:40:12+09:00,GBIKE,501400,41.0,36.497071,127.253226,12,세종특별시
2026-06-17T14:40:12+09:00,GBIKE,130615,36.0,36.497085,127.249251,12,세종특별시
2026-06-17T14:40:12+09:00,GBIKE,501200,72.0,36.497131,127.253025,12,세종특별시
2026-06-17T14:40:12+09:00,GBIKE,131039,31.0,36.497199,127.252969,12,세종특별시
2026-06-17T14:40:12+09:00,GBIKE,130571,49.0,36.497262,127.249062,12,세종특별시
2026-06-17T14:40:12+09:00,GBIKE,131611,65.0,36.497272,127.308628,12,세종특별시
2026-06-17T14:40:12+09:00,GBIKE,131346,47.0,36.49737,127.308819,12,세종특별시
2026-06-17T14:40:12+09:00,GBIKE,131299,34.0,36.497439,127.24907,12,세종특별시
2026-06-17T14:40:12+09:00,GBIKE,130251,67.0,36.497473,127.256289,12,세종특별시
2026-06-17T14:40:12+09:00,GBIKE,131683,100.0,36.497498,127.310702,12,세종특별시
2026-06-17T14:40:12+09:00,GBIKE,501346,36.0,36.497517,127.313891,12,세종특별시
2026-06-17T14:40:12+09:00,GBIKE,501184,61.0,36.497523,127.251989,12,세종특별시
2026-06-17T14:40:12+09:00,GBIKE,131677,52.0,36.497527,127.257129,12,세종특별시
2026-06-17T14:40:12+09:00,GBIKE,131979,34.0,36.497562,127.311227,12,세종특별시
2026-06-17T14:40:12+09:00,GBIKE,131371,34.0,36.497571,127.257104,12,세종특별시
2026-06-17T14:40:12+09:00,GBIKE,130801,61.0,36.497599,127.314294,12,세종특별시
2026-06-17T14:40:12+09:00,GBIKE,131883,50.0,36.49771,127.317058,12,세종특별시
2026-06-17T14:40:12+09:00,GBIKE,131534,85.0,36.497712,127.26005,12,세종특별시
2026-06-17T14:40:12+09:00,GBIKE,130135,47.0,36.497722,127.235608,12,세종특별시
2026-06-17T14:40:12+09:00,GBIKE,501340,39.0,36.497747,127.255986,12,세종특별시
2026-06-17T14:40:12+09:00,GBIKE,130428,100.0,36.49776,127.311955,12,세종특별시
2026-06-17T14:40:12+09:00,GBIKE,131690,91.0,36.497779,127.255751,12,세종특별시
2026-06-17T14:40:12+09:00,GBIKE,501586,61.0,36.497781,127.249063,12,세종특별시
2026-06-17T14:40:12+09:00,GBIKE,501180,100.0,36.497797,127.321985,12,세종특별시
2026-06-17T14:40:12+09:00,GBIKE,131590,42.0,36.497802,127.243249,12,세종특별시
2026-06-17T14:40:12+09:00,GBIKE,131034,45.0,36.497811,127.259131,12,세종특별시
2026-06-17T14:40:12+09:00,GBIKE,130448,84.0,36.497816,127.259234,12,세종특별시
2026-06-17T14:40:12+09:00,GBIKE,130865,46.0,36.497825,127.249142,12,세종특별시
2026-06-17T14:40:12+09:00,GBIKE,501417,71.0,36.497861,127.259273,12,세종특별시
2026-06-17T14:40:12+09:00,GBIKE,131519,74.0,36.497884,127.266985,12,세종특별시
2026-06-17T14:40:12+09:00,GBIKE,130761,100.0,36.497885,127.267007,12,세종특별시
2026-06-17T14:40:12+09:00,GBIKE,131007,71.0,36.497888,127.32258,12,세종특별시
2026-06-17T14:40:12+09:00,GBIKE,130730,85.0,36.497891,127.312444,12,세종특별시
2026-06-17T14:40:12+09:00,GBIKE,501203,43.0,36.497913,127.322558,12,세종특별시
2026-06-17T14:40:12+09:00,GBIKE,130946,53.0,36.497945,127.240644,12,세종특별시
2026-06-17T14:40:12+09:00,GBIKE,131445,30.0,36.497968,127.24073,12,세종특별시
2026-06-17T14:40:12+09:00,GBIKE,131523,40.0,36.497969,127.240737,12,세종특별시
2026-06-17T14:40:12+09:00,GBIKE,131380,75.0,36.498065,127.235211,12,세종특별시
2026-06-17T14:40:12+09:00,GBIKE,130644,36.0,36.49808,127.258224,12,세종특별시
2026-06-17T14:40:12+09:00,GBIKE,501169,65.0,36.498095,127.281174,12,세종특별시
2026-06-17T14:40:12+09:00,GBIKE,131295,35.0,36.498166,127.245023,12,세종특별시
2026-06-17T14:40:12+09:00,GBIKE,131480,99.0,36.498206,127.26122,12,세종특별시
2026-06-17T14:40:12+09:00,GBIKE,130379,82.0,36.498265,127.233305,12,세종특별시
2026-06-17T14:40:12+09:00,GBIKE,501145,100.0,36.498303,127.257754,12,세종특별시
2026-06-17T14:40:12+09:00,GBIKE,130573,94.0,36.498317,127.261219,12,세종특별시
2026-06-17T14:40:12+09:00,GBIKE,131986,85.0,36.498358,127.312812,12,세종특별시
2026-06-17T14:40:12+09:00,GBIKE,501529,73.0,36.498407,127.242321,12,세종특별시
2026-06-17T14:40:12+09:00,GBIKE,131482,97.0,36.498414,127.255731,12,세종특별시
2026-06-17T14:40:12+09:00,GBIKE,130455,99.0,36.49846,127.255719,12,세종특별시
2026-06-17T14:40:12+09:00,GBIKE,131993,73.0,36.498463,127.329364,12,세종특별시
2026-06-17T14:40:12+09:00,GBIKE,130694,30.0,36.498473,127.308381,12,세종특별시
2026-06-17T14:40:12+09:00,GBIKE,131121,88.0,36.498503,127.26579,12,세종특별시
2026-06-17T14:40:12+09:00,GBIKE,131845,50.0,36.498521,127.239885,12,세종특별시
2026-06-17T14:40:12+09:00,GBIKE,130436,71.0,36.498528,127.311466,12,세종특별시
2026-06-17T14:40:12+09:00,GBIKE,130824,100.0,36.49855,127.256113,12,세종특별시
2026-06-17T14:40:12+09:00,GBIKE,130261,100.0,36.498586,127.256062,12,세종특별시
2026-06-17T14:40:12+09:00,GBIKE,131844,63.0,36.498624,127.25802,12,세종특별시
2026-06-17T14:40:12+09:00,GBIKE,130758,75.0,36.498637,127.257996,12,세종특별시
2026-06-17T14:40:12+09:00,GBIKE,131427,83.0,36.498638,127.257981,12,세종특별시
2026-06-17T14:40:12+09:00,GBIKE,130168,77.0,36.498649,127.256247,12,세종특별시
2026-06-17T14:40:12+09:00,GBIKE,131342,55.0,36.498677,127.26757,12,세종특별시
2026-06-17T14:40:12+09:00,GBIKE,131665,100.0,36.49868,127.258094,12,세종특별시
2026-06-17T14:40:12+09:00,GBIKE,501336,88.0,36.498684,127.258096,12,세종특별시
2026-06-17T14:40:12+09:00,GBIKE,130224,78.0,36.498687,127.258089,12,세종특별시
2026-06-17T14:40:12+09:00,GBIKE,130201,57.0,36.498729,127.258109,12,세종특별시
2026-06-17T14:40:12+09:00,GBIKE,131684,85.0,36.498772,127.258264,12,세종특별시
2026-06-17T14:40:12+09:00,GBIKE,131412,100.0,36.4988,127.232742,12,세종특별시
2026-06-17T14:40:12+09:00,GBIKE,131868,74.0,36.49886,127.25619,12,세종특별시
2026-06-17T14:40:12+09:00,GBIKE,336891,44.0,36.498906,127.249625,12,세종특별시
2026-06-17T14:40:12+09:00,GBIKE,131612,96.0,36.498947,127.256695,12,세종특별시
2026-06-17T14:40:12+09:00,GBIKE,501562,80.0,36.499078,127.252759,12,세종특별시
2026-06-17T14:40:12+09:00,GBIKE,130938,91.0,36.499081,127.240796,12,세종특별시
2026-06-17T14:40:12+09:00,GBIKE,616900,56.0,36.499152,127.307621,12,세종특별시
2026-06-17T14:40:12+09:00,GBIKE,501503,86.0,36.499167,127.270062,12,세종특별시
2026-06-17T14:40:12+09:00,GBIKE,130891,57.0,36.499201,127.255008,12,세종특별시
2026-06-17T14:40:12+09:00,GBIKE,130101,88.0,36.499226,127.23667,12,세종특별시
2026-06-17T14:40:12+09:00,GBIKE,501554,85.0,36.499261,127.307634,12,세종특별시
2026-06-17T14:40:12+09:00,GBIKE,130795,56.0,36.499266,127.259813,12,세종특별시
2026-06-17T14:40:12+09:00,GBIKE,501419,92.0,36.499312,127.25572,12,세종특별시
2026-06-17T14:40:12+09:00,GBIKE,131241,100.0,36.499328,127.259595,12,세종특별시
2026-06-17T14:40:12+09:00,GBIKE,131871,94.0,36.499337,127.233747,12,세종특별시
2026-06-17T14:40:12+09:00,GBIKE,130558,54.0,36.499351,127.232248,12,세종특별시
2026-06-17T14:40:12+09:00,GBIKE,130175,83.0,36.499403,127.314673,12,세종특별시
2026-06-17T14:40:12+09:00,GBIKE,131108,100.0,36.499429,127.236386,12,세종특별시
2026-06-17T14:40:12+09:00,GBIKE,501104,100.0,36.499432,127.232216,12,세종특별시
2026-06-17T14:40:12+09:00,GBIKE,131259,57.0,36.49944,127.232538,12,세종특별시
2026-06-17T14:40:12+09:00,GBIKE,501592,38.0,36.499444,127.243064,12,세종특별시
2026-06-17T14:40:12+09:00,GBIKE,130679,78.0,36.499451,127.259079,12,세종특별시
2026-06-17T14:40:12+09:00,GBIKE,131876,33.0,36.499479,127.236376,12,세종특별시
2026-06-17T14:40:12+09:00,GBIKE,131879,96.0,36.499483,127.247121,12,세종특별시
2026-06-17T14:40:12+09:00,GBIKE,131890,82.0,36.499487,127.259114,12,세종특별시
2026-06-17T14:40:12+09:00,GBIKE,130607,63.0,36.499491,127.259096,12,세종특별시
2026-06-17T14:40:12+09:00,GBIKE,131808,40.0,36.499493,127.269616,12,세종특별시
2026-06-17T14:40:12+09:00,GBIKE,131506,74.0,36.499515,127.246199,12,세종특별시
2026-06-17T14:40:12+09:00,GBIKE,130606,50.0,36.499524,127.240778,12,세종특별시
2026-06-17T14:40:12+09:00,GBIKE,131687,46.0,36.499526,127.23456,12,세종특별시
2026-06-17T14:40:12+09:00,GBIKE,130249,77.0,36.499527,127.259109,12,세종특별시
2026-06-17T14:40:12+09:00,GBIKE,131699,88.0,36.499528,127.246163,12,세종특별시
2026-06-17T14:40:12+09:00,GBIKE,131407,71.0,36.499543,127.246122,12,세종특별시
2026-06-17T14:40:12+09:00,GBIKE,131467,97.0,36.499544,127.241406,12,세종특별시
2026-06-17T14:40:12+09:00,GBIKE,131557,50.0,36.499544,127.240749,12,세종특별시
2026-06-17T14:40:12+09:00,GBIKE,374246,30.0,36.499555,127.240646,12,세종특별시
2026-06-17T14:40:12+09:00,GBIKE,130355,100.0,36.499623,127.235756,12,세종특별시
2026-06-17T14:40:12+09:00,GBIKE,131176,52.0,36.49969,127.269793,12,세종특별시
2026-06-17T14:40:12+09:00,GBIKE,130655,80.0,36.499701,127.255921,12,세종특별시
2026-06-17T14:40:12+09:00,GBIKE,130701,39.0,36.499722,127.256027,12,세종특별시
2026-06-17T14:40:12+09:00,GBIKE,131070,52.0,36.499736,127.243087,12,세종특별시
2026-06-17T14:40:12+09:00,GBIKE,131239,48.0,36.499771,127.262,12,세종특별시
2026-06-17T14:40:12+09:00,GBIKE,131476,53.0,36.499783,127.231952,12,세종특별시
2026-06-17T14:40:12+09:00,GBIKE,501306,73.0,36.499784,127.243009,12,세종특별시
2026-06-17T14:40:12+09:00,GBIKE,501260,51.0,36.4998,127.26973,12,세종특별시
2026-06-17T14:40:12+09:00,GBIKE,130236,95.0,36.499805,127.259266,12,세종특별시
2026-06-17T14:40:12+09:00,GBIKE,130125,93.0,36.499882,127.2321,12,세종특별시
2026-06-17T14:40:12+09:00,GBIKE,131770,58.0,36.499914,127.256435,12,세종특별시
2026-06-17T14:40:12+09:00,GBIKE,130270,44.0,36.499942,127.232128,12,세종특별시
2026-06-17T14:40:12+09:00,GBIKE,130534,95.0,36.500012,127.256336,12,세종특별시
2026-06-17T14:40:12+09:00,GBIKE,131974,75.0,36.500013,127.235551,12,세종특별시
2026-06-17T14:40:12+09:00,GBIKE,131645,73.0,36.500014,127.260236,12,세종특별시
2026-06-17T14:40:12+09:00,GBIKE,131024,95.0,36.500039,127.234741,12,세종특별시
2026-06-17T14:40:12+09:00,GBIKE,337807,51.0,36.500041,127.235431,12,세종특별시
2026-06-17T14:40:12+09:00,GBIKE,131399,39.0,36.500043,127.235592,12,세종특별시
2026-06-17T14:40:12+09:00,GBIKE,131129,60.0,36.500045,127.235587,12,세종특별시
2026-06-17T14:40:12+09:00,GBIKE,131400,85.0,36.500045,127.235595,12,세종특별시
2026-06-17T14:40:12+09:00,GBIKE,131932,64.0,36.500047,127.235634,12,세종특별시
2026-06-17T14:40:12+09:00,GBIKE,130012,58.0,36.500048,127.235866,12,세종특별시
2026-06-17T14:40:12+09:00,GBIKE,130964,63.0,36.500048,127.260269,12,세종특별시
2026-06-17T14:40:12+09:00,GBIKE,130816,94.0,36.500049,127.235558,12,세종특별시
2026-06-17T14:40:12+09:00,GBIKE,130376,55.0,36.500052,127.235579,12,세종특별시
2026-06-17T14:40:12+09:00,GBIKE,501511,83.0,36.500052,127.235584,12,세종특별시
2026-06-17T14:40:12+09:00,GBIKE,131146,88.0,36.500053,127.235602,12,세종특별시
2026-06-17T14:40:12+09:00,GBIKE,131434,52.0,36.500057,127.235653,12,세종특별시
2026-06-17T14:40:12+09:00,GBIKE,130145,95.0,36.50006,127.23561,12,세종특별시
2026-06-17T14:40:12+09:00,GBIKE,501475,45.0,36.500069,127.235546,12,세종특별시
2026-06-17T14:40:12+09:00,GBIKE,130713,83.0,36.500072,127.235598,12,세종특별시
2026-06-17T14:40:12+09:00,GBIKE,130812,57.0,36.500073,127.235606,12,세종특별시
2026-06-17T14:40:12+09:00,GBIKE,131603,94.0,36.500073,127.235654,12,세종특별시
2026-06-17T14:40:12+09:00,GBIKE,130528,77.0,36.500075,127.235546,12,세종특별시
2026-06-17T14:40:12+09:00,GBIKE,501368,33.0,36.500092,127.282288,12,세종특별시
2026-06-17T14:40:12+09:00,GBIKE,131219,94.0,36.500093,127.236007,12,세종특별시
2026-06-17T14:40:12+09:00,GBIKE,130712,100.0,36.500136,127.236051,12,세종특별시
2026-06-17T14:40:12+09:00,GBIKE,130218,56.0,36.500138,127.236013,12,세종특별시
2026-06-17T14:40:12+09:00,GBIKE,131772,95.0,36.500155,127.267743,12,세종특별시
2026-06-17T14:40:12+09:00,GBIKE,130959,72.0,36.500162,127.267728,12,세종특별시
2026-06-17T14:40:12+09:00,GBIKE,131642,51.0,36.500208,127.259872,12,세종특별시
2026-06-17T14:40:12+09:00,GBIKE,130269,70.0,36.500225,127.332011,12,세종특별시
2026-06-17T14:40:12+09:00,GBIKE,130942,36.0,36.500232,127.258934,12,세종특별시
2026-06-17T14:40:12+09:00,GBIKE,131840,51.0,36.500232,127.23599,12,세종특별시
2026-06-17T14:40:12+09:00,GBIKE,130192,47.0,36.500249,127.236004,12,세종특별시
2026-06-17T14:40:12+09:00,GBIKE,130223,56.0,36.500251,127.263832,12,세종특별시
2026-06-17T14:40:12+09:00,GBIKE,501149,66.0,36.500251,127.314079,12,세종특별시
2026-06-17T14:40:12+09:00,GBIKE,131334,95.0,36.500276,127.236053,12,세종특별시
2026-06-17T14:40:12+09:00,GBIKE,130129,33.0,36.5004,127.332333,12,세종특별시
2026-06-17T14:40:12+09:00,GBIKE,131154,40.0,36.500409,127.268414,12,세종특별시
2026-06-17T14:40:12+09:00,GBIKE,131926,78.0,36.500435,127.316711,12,세종특별시
2026-06-17T14:40:12+09:00,GBIKE,501578,72.0,36.500437,127.261643,12,세종특별시
2026-06-17T14:40:12+09:00,GBIKE,501421,65.0,36.500455,127.309794,12,세종특별시
2026-06-17T14:40:12+09:00,GBIKE,130538,75.0,36.500521,127.236029,12,세종특별시
2026-06-17T14:40:12+09:00,GBIKE,501397,100.0,36.500533,127.31622,12,세종특별시
2026-06-17T14:40:12+09:00,GBIKE,131111,84.0,36.500639,127.261264,12,세종특별시
2026-06-17T14:40:12+09:00,GBIKE,131158,97.0,36.500664,127.257803,12,세종특별시
2026-06-17T14:40:12+09:00,GBIKE,130341,97.0,36.500674,127.259258,12,세종특별시
2026-06-17T14:40:12+09:00,GBIKE,130523,80.0,36.500698,127.26068,12,세종특별시
2026-06-17T14:40:12+09:00,GBIKE,130187,100.0,36.500718,127.257877,12,세종특별시
2026-06-17T14:40:12+09:00,GBIKE,501428,64.0,36.500752,127.259805,12,세종특별시
2026-06-17T14:40:12+09:00,GBIKE,130359,80.0,36.500796,127.257891,12,세종특별시
2026-06-17T14:40:12+09:00,GBIKE,130759,100.0,36.500796,127.257983,12,세종특별시
2026-06-17T14:40:12+09:00,GBIKE,501501,42.0,36.500819,127.259772,12,세종특별시
2026-06-17T14:40:12+09:00,GBIKE,501548,35.0,36.500848,127.328558,12,세종특별시
2026-06-17T14:40:12+09:00,GBIKE,131313,78.0,36.50088,127.245138,12,세종특별시
2026-06-17T14:40:12+09:00,GBIKE,130086,42.0,36.500888,127.22199,12,세종특별시
2026-06-17T14:40:12+09:00,GBIKE,131960,59.0,36.500915,127.259376,12,세종특별시
2026-06-17T14:40:12+09:00,GBIKE,131360,84.0,36.500919,127.259329,12,세종특별시
2026-06-17T14:40:12+09:00,GBIKE,131032,99.0,36.500937,127.265895,12,세종특별시
2026-06-17T14:40:12+09:00,GBIKE,130034,57.0,36.500963,127.259363,12,세종특별시
2026-06-17T14:40:12+09:00,GBIKE,131460,57.0,36.50097,127.259432,12,세종특별시
2026-06-17T14:40:12+09:00,GBIKE,501212,30.0,36.500993,127.308386,12,세종특별시
2026-06-17T14:40:12+09:00,GBIKE,130752,34.0,36.500994,127.315437,12,세종특별시
2026-06-17T14:40:12+09:00,GBIKE,130454,95.0,36.500996,127.259827,12,세종특별시
2026-06-17T14:40:12+09:00,GBIKE,130479,100.0,36.501066,127.259525,12,세종특별시
2026-06-17T14:40:12+09:00,GBIKE,501188,94.0,36.501086,127.260019,12,세종특별시
2026-06-17T14:40:12+09:00,GBIKE,131906,86.0,36.501096,127.259408,12,세종특별시
2026-06-17T14:40:12+09:00,GBIKE,501465,77.0,36.501103,127.268822,12,세종특별시
2026-06-17T14:40:12+09:00,GBIKE,501202,31.0,36.501105,127.311117,12,세종특별시
2026-06-17T14:40:12+09:00,GBIKE,130079,95.0,36.501126,127.259409,12,세종특별시
2026-06-17T14:40:12+09:00,GBIKE,501291,64.0,36.50114,127.2583,12,세종특별시
2026-06-17T14:40:12+09:00,GBIKE,501576,100.0,36.501161,127.314188,12,세종특별시
2026-06-17T14:40:12+09:00,GBIKE,501198,62.0,36.501181,127.280254,12,세종특별시
2026-06-17T14:40:12+09:00,GBIKE,501358,96.0,36.501197,127.2406,12,세종특별시
2026-06-17T14:40:12+09:00,GBIKE,131970,84.0,36.501212,127.259452,12,세종특별시
2026-06-17T14:40:12+09:00,GBIKE,130462,34.0,36.50127,127.256953,12,세종특별시
2026-06-17T14:40:12+09:00,GBIKE,130899,86.0,36.501274,127.256963,12,세종특별시
2026-06-17T14:40:12+09:00,GBIKE,131988,68.0,36.501281,127.31379,12,세종특별시
2026-06-17T14:40:12+09:00,GBIKE,130498,94.0,36.501395,127.268896,12,세종특별시
2026-06-17T14:40:12+09:00,GBIKE,130885,100.0,36.501436,127.263996,12,세종특별시
2026-06-17T14:40:12+09:00,GBIKE,131009,36.0,36.501448,127.246,12,세종특별시
2026-06-17T14:40:12+09:00,GBIKE,131819,55.0,36.501484,127.24401,12,세종특별시
2026-06-17T14:40:12+09:00,GBIKE,131630,99.0,36.501488,127.243963,12,세종특별시
2026-06-17T14:40:12+09:00,GBIKE,131234,100.0,36.501511,127.262994,12,세종특별시
2026-06-17T14:40:12+09:00,GBIKE,131366,70.0,36.501512,127.253091,12,세종특별시
2026-06-17T14:40:12+09:00,GBIKE,130215,41.0,36.501517,127.263844,12,세종특별시
2026-06-17T14:40:12+09:00,GBIKE,501467,86.0,36.501535,127.260075,12,세종특별시
2026-06-17T14:40:12+09:00,GBIKE,130150,86.0,36.501536,127.263093,12,세종특별시
2026-06-17T14:40:12+09:00,GBIKE,131375,97.0,36.501593,127.259659,12,세종특별시
2026-06-17T14:40:12+09:00,GBIKE,131192,86.0,36.501601,127.259714,12,세종특별시
2026-06-17T14:40:12+09:00,GBIKE,130284,95.0,36.501607,127.259682,12,세종특별시
2026-06-17T14:40:12+09:00,GBIKE,131179,56.0,36.501627,127.259684,12,세종특별시
2026-06-17T14:40:12+09:00,GBIKE,131512,47.0,36.501628,127.259741,12,세종특별시
2026-06-17T14:40:12+09:00,GBIKE,131141,58.0,36.501647,127.259783,12,세종특별시
2026-06-17T14:40:12+09:00,GBIKE,131679,85.0,36.501655,127.259714,12,세종특별시
2026-06-17T14:40:12+09:00,GBIKE,131174,34.0,36.501674,127.259695,12,세종특별시
2026-06-17T14:40:12+09:00,GBIKE,131663,96.0,36.501685,127.259711,12,세종특별시
2026-06-17T14:40:12+09:00,GBIKE,131169,62.0,36.501692,127.236098,12,세종특별시
2026-06-17T14:40:12+09:00,GBIKE,131884,97.0,36.501699,127.259046,12,세종특별시
2026-06-17T14:40:12+09:00,GBIKE,130105,95.0,36.501709,127.259735,12,세종특별시
2026-06-17T14:40:12+09:00,GBIKE,501434,83.0,36.501719,127.252977,12,세종특별시
2026-06-17T14:40:12+09:00,GBIKE,131807,53.0,36.501719,127.236066,12,세종특별시
2026-06-17T14:40:12+09:00,GBIKE,131199,96.0,36.501731,127.258939,12,세종특별시
2026-06-17T14:40:12+09:00,GBIKE,501480,96.0,36.501739,127.258607,12,세종특별시
2026-06-17T14:40:12+09:00,GBIKE,131748,95.0,36.50174,127.23636,12,세종특별시
2026-06-17T14:40:12+09:00,GBIKE,501290,100.0,36.501743,127.265852,12,세종특별시
2026-06-17T14:40:12+09:00,GBIKE,131417,36.0,36.501749,127.236045,12,세종특별시
2026-06-17T14:40:12+09:00,GBIKE,501545,91.0,36.501751,127.244731,12,세종특별시
2026-06-17T14:40:12+09:00,GBIKE,131794,31.0,36.501755,127.326225,12,세종특별시
2026-06-17T14:40:12+09:00,GBIKE,131082,77.0,36.50178,127.243076,12,세종특별시
2026-06-17T14:40:12+09:00,GBIKE,131857,66.0,36.501787,127.236264,12,세종특별시
2026-06-17T14:40:12+09:00,GBIKE,131315,32.0,36.501852,127.32515,12,세종특별시
2026-06-17T14:40:12+09:00,GBIKE,130614,62.0,36.501884,127.258488,12,세종특별시
2026-06-17T14:40:12+09:00,GBIKE,130469,71.0,36.501943,127.241064,12,세종특별시
2026-06-17T14:40:12+09:00,GBIKE,131473,97.0,36.501945,127.265945,12,세종특별시
2026-06-17T14:40:12+09:00,GBIKE,501436,47.0,36.501968,127.262183,12,세종특별시
2026-06-17T14:40:12+09:00,GBIKE,501311,53.0,36.501969,127.265967,12,세종특별시
2026-06-17T14:40:12+09:00,GBIKE,130410,32.0,36.501977,127.248157,12,세종특별시
2026-06-17T14:40:12+09:00,GBIKE,130092,74.0,36.501985,127.234274,12,세종특별시
2026-06-17T14:40:12+09:00,GBIKE,131351,93.0,36.501986,127.26592,12,세종특별시
2026-06-17T14:40:12+09:00,GBIKE,131810,93.0,36.50199,127.234306,12,세종특별시
2026-06-17T14:40:12+09:00,GBIKE,130486,95.0,36.501995,127.234259,12,세종특별시
2026-06-17T14:40:12+09:00,GBIKE,501163,100.0,36.501995,127.262295,12,세종특별시
2026-06-17T14:40:12+09:00,GBIKE,501297,57.0,36.502016,127.241325,12,세종특별시
2026-06-17T14:40:12+09:00,GBIKE,501519,62.0,36.502018,127.248342,12,세종특별시
2026-06-17T14:40:12+09:00,GBIKE,501165,93.0,36.502019,127.248478,12,세종특별시
2026-06-17T14:40:12+09:00,GBIKE,130851,94.0,36.502022,127.234311,12,세종특별시
2026-06-17T14:40:12+09:00,GBIKE,131720,96.0,36.502033,127.248788,12,세종특별시
2026-06-17T14:40:12+09:00,GBIKE,130707,95.0,36.502043,127.234305,12,세종특별시
2026-06-17T14:40:12+09:00,GBIKE,501520,53.0,36.502075,127.242784,12,세종특별시
2026-06-17T14:40:12+09:00,GBIKE,131849,49.0,36.502122,127.236179,12,세종특별시
2026-06-17T14:40:12+09:00,GBIKE,131304,65.0,36.502142,127.248712,12,세종특별시
2026-06-17T14:40:12+09:00,GBIKE,130608,70.0,36.502169,127.257386,12,세종특별시
2026-06-17T14:40:12+09:00,GBIKE,130796,95.0,36.50218,127.260541,12,세종특별시
2026-06-17T14:40:12+09:00,GBIKE,130973,83.0,36.502188,127.260553,12,세종특별시
2026-06-17T14:40:12+09:00,GBIKE,130563,44.0,36.502193,127.247258,12,세종특별시
2026-06-17T14:40:12+09:00,GBIKE,130151,82.0,36.502198,127.260563,12,세종특별시
2026-06-17T14:40:12+09:00,GBIKE,130941,56.0,36.502208,127.260556,12,세종특별시
2026-06-17T14:40:12+09:00,GBIKE,130897,73.0,36.502213,127.250621,12,세종특별시
2026-06-17T14:40:12+09:00,GBIKE,629253,45.0,36.502214,127.248912,12,세종특별시
2026-06-17T14:40:12+09:00,GBIKE,501479,74.0,36.502222,127.261065,12,세종특별시
2026-06-17T14:40:12+09:00,GBIKE,501567,95.0,36.502267,127.249088,12,세종특별시
2026-06-17T14:40:12+09:00,GBIKE,131951,73.0,36.502268,127.247245,12,세종특별시
2026-06-17T14:40:12+09:00,GBIKE,501229,100.0,36.502272,127.261413,12,세종특별시
2026-06-17T14:40:12+09:00,GBIKE,130186,44.0,36.502281,127.249059,12,세종특별시
2026-06-17T14:40:12+09:00,GBIKE,131102,80.0,36.502284,127.261408,12,세종특별시
2026-06-17T14:40:12+09:00,GBIKE,130177,95.0,36.502287,127.260623,12,세종특별시
2026-06-17T14:40:12+09:00,GBIKE,130029,47.0,36.502288,127.257575,12,세종특별시
2026-06-17T14:40:12+09:00,GBIKE,131343,94.0,36.502294,127.2484,12,세종특별시
2026-06-17T14:40:12+09:00,GBIKE,131776,98.0,36.502298,127.248997,12,세종특별시
2026-06-17T14:40:12+09:00,GBIKE,501250,56.0,36.502359,127.239865,12,세종특별시
2026-06-17T14:40:12+09:00,GBIKE,130019,87.0,36.502443,127.259947,12,세종특별시
2026-06-17T14:40:12+09:00,GBIKE,131456,100.0,36.502458,127.260073,12,세종특별시
2026-06-17T14:40:12+09:00,GBIKE,130714,98.0,36.502513,127.266202,12,세종특별시
2026-06-17T14:40:12+09:00,GBIKE,130527,54.0,36.502551,127.238295,12,세종특별시
2026-06-17T14:40:12+09:00,GBIKE,501241,86.0,36.502558,127.248777,12,세종특별시
2026-06-17T14:40:12+09:00,GBIKE,130831,71.0,36.502719,127.263652,12,세종특별시
2026-06-17T14:40:12+09:00,GBIKE,131389,100.0,36.502732,127.263622,12,세종특별시
2026-06-17T14:40:12+09:00,GBIKE,131505,84.0,36.502745,127.263641,12,세종특별시
2026-06-17T14:40:12+09:00,GBIKE,130099,99.0,36.502746,127.260117,12,세종특별시
2026-06-17T14:40:12+09:00,GBIKE,501278,39.0,36.502764,127.263573,12,세종특별시
2026-06-17T14:40:12+09:00,GBIKE,130954,40.0,36.502779,127.263626,12,세종특별시
2026-06-17T14:40:12+09:00,GBIKE,131079,57.0,36.5028,127.26018,12,세종특별시
2026-06-17T14:40:12+09:00,GBIKE,130700,68.0,36.50284,127.260104,12,세종특별시
2026-06-17T14:40:12+09:00,GBIKE,130524,100.0,36.502855,127.249765,12,세종특별시
2026-06-17T14:40:12+09:00,GBIKE,501122,84.0,36.502885,127.238381,12,세종특별시
2026-06-17T14:40:12+09:00,GBIKE,130814,71.0,36.502943,127.240738,12,세종특별시
2026-06-17T14:40:12+09:00,GBIKE,131894,54.0,36.50295,127.232613,12,세종특별시
2026-06-17T14:40:12+09:00,GBIKE,130184,82.0,36.50297,127.257072,12,세종특별시
2026-06-17T14:40:12+09:00,GBIKE,131708,91.0,36.502984,127.232613,12,세종특별시
2026-06-17T14:40:12+09:00,GBIKE,131875,69.0,36.503019,127.334507,12,세종특별시
2026-06-17T14:40:12+09:00,GBIKE,131669,66.0,36.503025,127.334475,12,세종특별시
2026-06-17T14:40:12+09:00,GBIKE,131267,30.0,36.503027,127.334479,12,세종특별시
2026-06-17T14:40:12+09:00,GBIKE,130368,30.0,36.503035,127.334521,12,세종특별시
2026-06-17T14:40:12+09:00,GBIKE,130951,34.0,36.503138,127.237109,12,세종특별시
2026-06-17T14:40:12+09:00,GBIKE,131003,100.0,36.50314,127.25808,12,세종특별시
2026-06-17T14:40:12+09:00,GBIKE,131065,59.0,36.503165,127.26521,12,세종특별시
2026-06-17T14:40:12+09:00,GBIKE,130050,97.0,36.503186,127.24496,12,세종특별시
2026-06-17T14:40:12+09:00,GBIKE,131418,34.0,36.503193,127.246316,12,세종특별시
2026-06-17T14:40:12+09:00,GBIKE,501456,72.0,36.503224,127.33498,12,세종특별시
2026-06-17T14:40:12+09:00,GBIKE,130031,95.0,36.503232,127.265297,12,세종특별시
2026-06-17T14:40:12+09:00,GBIKE,130489,100.0,36.503242,127.335069,12,세종특별시
2026-06-17T14:40:12+09:00,GBIKE,130119,96.0,36.503262,127.334646,12,세종특별시
2026-06-17T14:40:12+09:00,GBIKE,130139,33.0,36.503319,127.25001,12,세종특별시
2026-06-17T14:40:12+09:00,GBIKE,130306,87.0,36.503327,127.240977,12,세종특별시
2026-06-17T14:40:12+09:00,GBIKE,131867,79.0,36.503381,127.240986,12,세종특별시
2026-06-17T14:40:12+09:00,GBIKE,131882,95.0,36.503393,127.240991,12,세종특별시
2026-06-17T14:40:12+09:00,GBIKE,131130,34.0,36.503441,127.249624,12,세종특별시
2026-06-17T14:40:12+09:00,GBIKE,131424,49.0,36.503455,127.249632,12,세종특별시
2026-06-17T14:40:12+09:00,GBIKE,130087,83.0,36.50347,127.257231,12,세종특별시
2026-06-17T14:40:12+09:00,GBIKE,130193,32.0,36.50348,127.249629,12,세종특별시
2026-06-17T14:40:12+09:00,GBIKE,131353,100.0,36.503496,127.334435,12,세종특별시
2026-06-17T14:40:12+09:00,GBIKE,501192,77.0,36.503504,127.240959,12,세종특별시
2026-06-17T14:40:12+09:00,GBIKE,130881,98.0,36.503524,127.267729,12,세종특별시
2026-06-17T14:40:12+09:00,GBIKE,130993,94.0,36.503535,127.33447,12,세종특별시
2026-06-17T14:40:12+09:00,GBIKE,131258,100.0,36.503539,127.26104,12,세종특별시
2026-06-17T14:40:12+09:00,GBIKE,130042,32.0,36.503542,127.334416,12,세종특별시
2026-06-17T14:40:12+09:00,GBIKE,131370,100.0,36.503544,127.249585,12,세종특별시
2026-06-17T14:40:12+09:00,GBIKE,131447,100.0,36.503549,127.2496,12,세종특별시
2026-06-17T14:40:12+09:00,GBIKE,131530,86.0,36.503552,127.244887,12,세종특별시
2026-06-17T14:40:12+09:00,GBIKE,131119,96.0,36.503555,127.334351,12,세종특별시
2026-06-17T14:40:12+09:00,GBIKE,131140,48.0,36.503559,127.240995,12,세종특별시
2026-06-17T14:40:12+09:00,GBIKE,130063,66.0,36.503564,127.240962,12,세종특별시
2026-06-17T14:40:12+09:00,GBIKE,131887,95.0,36.503577,127.235884,12,세종특별시
2026-06-17T14:40:12+09:00,GBIKE,130685,95.0,36.503587,127.269645,12,세종특별시
2026-06-17T14:40:12+09:00,GBIKE,130820,96.0,36.503618,127.246677,12,세종특별시
2026-06-17T14:40:12+09:00,GBIKE,130974,52.0,36.503622,127.237402,12,세종특별시
2026-06-17T14:40:12+09:00,GBIKE,131490,100.0,36.50365,127.266968,12,세종특별시
2026-06-17T14:40:12+09:00,GBIKE,131117,78.0,36.503661,127.23623,12,세종특별시
2026-06-17T14:40:12+09:00,GBIKE,131526,78.0,36.503661,127.267017,12,세종특별시
2026-06-17T14:40:12+09:00,GBIKE,131120,60.0,36.503671,127.241224,12,세종특별시
2026-06-17T14:40:12+09:00,GBIKE,130905,59.0,36.503683,127.245136,12,세종특별시
2026-06-17T14:40:12+09:00,GBIKE,130018,80.0,36.503695,127.266997,12,세종특별시
2026-06-17T14:40:12+09:00,GBIKE,130071,98.0,36.503701,127.237539,12,세종특별시
2026-06-17T14:40:12+09:00,GBIKE,130625,57.0,36.503708,127.265529,12,세종특별시
2026-06-17T14:40:12+09:00,GBIKE,130240,54.0,36.503714,127.237601,12,세종특별시
2026-06-17T14:40:12+09:00,GBIKE,130961,64.0,36.503763,127.237511,12,세종특별시
2026-06-17T14:40:12+09:00,GBIKE,130883,74.0,36.503773,127.261246,12,세종특별시
2026-06-17T14:40:12+09:00,GBIKE,131048,66.0,36.503783,127.247269,12,세종특별시
2026-06-17T14:40:12+09:00,GBIKE,130633,63.0,36.503796,127.261231,12,세종특별시
2026-06-17T14:40:12+09:00,GBIKE,501201,99.0,36.503816,127.261244,12,세종특별시
2026-06-17T14:40:12+09:00,GBIKE,131397,63.0,36.503818,127.261241,12,세종특별시
2026-06-17T14:40:12+09:00,GBIKE,130551,95.0,36.503847,127.246392,12,세종특별시
2026-06-17T14:40:12+09:00,GBIKE,130280,98.0,36.503863,127.241372,12,세종특별시
2026-06-17T14:40:12+09:00,GBIKE,130723,100.0,36.503872,127.271605,12,세종특별시
2026-06-17T14:40:12+09:00,GBIKE,131787,93.0,36.503899,127.261214,12,세종특별시
2026-06-17T14:40:12+09:00,GBIKE,130147,92.0,36.503924,127.261209,12,세종특별시
2026-06-17T14:40:12+09:00,GBIKE,130327,86.0,36.503944,127.237685,12,세종특별시
2026-06-17T14:40:12+09:00,GBIKE,130062,86.0,36.503947,127.261229,12,세종특별시
2026-06-17T14:40:12+09:00,GBIKE,130191,79.0,36.503958,127.244999,12,세종특별시
2026-06-17T14:40:12+09:00,GBIKE,501338,57.0,36.503961,127.271679,12,세종특별시
2026-06-17T14:40:12+09:00,GBIKE,130550,95.0,36.503976,127.245191,12,세종특별시
2026-06-17T14:40:12+09:00,GBIKE,501111,81.0,36.503976,127.245179,12,세종특별시
2026-06-17T14:40:12+09:00,GBIKE,131387,76.0,36.50401,127.24924,12,세종특별시
2026-06-17T14:40:12+09:00,GBIKE,131310,70.0,36.504026,127.271552,12,세종특별시
2026-06-17T14:40:12+09:00,GBIKE,131331,92.0,36.504031,127.244817,12,세종특별시
2026-06-17T14:40:12+09:00,GBIKE,130739,35.0,36.50404,127.23513,12,세종특별시
2026-06-17T14:40:12+09:00,GBIKE,131998,54.0,36.504063,127.252712,12,세종특별시
2026-06-17T14:40:12+09:00,GBIKE,130928,100.0,36.504105,127.244637,12,세종특별시
2026-06-17T14:40:12+09:00,GBIKE,342605,33.0,36.504121,127.235255,12,세종특별시
2026-06-17T14:40:12+09:00,GBIKE,131191,96.0,36.504125,127.24488,12,세종특별시
2026-06-17T14:40:12+09:00,GBIKE,131833,59.0,36.504125,127.244904,12,세종특별시
2026-06-17T14:40:12+09:00,GBIKE,130283,78.0,36.504128,127.245229,12,세종특별시
2026-06-17T14:40:12+09:00,GBIKE,131925,71.0,36.504148,127.244559,12,세종특별시
2026-06-17T14:40:12+09:00,GBIKE,130485,67.0,36.504185,127.246999,12,세종특별시
2026-06-17T14:40:12+09:00,GBIKE,131145,100.0,36.504187,127.266859,12,세종특별시
2026-06-17T14:40:12+09:00,GBIKE,131952,87.0,36.504187,127.270936,12,세종특별시
2026-06-17T14:40:12+09:00,GBIKE,130417,96.0,36.504271,127.244596,12,세종특별시
2026-06-17T14:40:12+09:00,GBIKE,131477,100.0,36.504274,127.260974,12,세종특별시
2026-06-17T14:40:12+09:00,GBIKE,131691,43.0,36.504275,127.234803,12,세종특별시
2026-06-17T14:40:12+09:00,GBIKE,130055,59.0,36.504278,127.262222,12,세종특별시
2026-06-17T14:40:12+09:00,GBIKE,130537,87.0,36.504278,127.260966,12,세종특별시
2026-06-17T14:40:12+09:00,GBIKE,131895,97.0,36.50428,127.26098,12,세종특별시
2026-06-17T14:40:12+09:00,GBIKE,130245,100.0,36.504284,127.260967,12,세종특별시
2026-06-17T14:40:12+09:00,GBIKE,130358,100.0,36.504287,127.261026,12,세종특별시
2026-06-17T14:40:12+09:00,GBIKE,131180,32.0,36.50429,127.264274,12,세종특별시
2026-06-17T14:40:12+09:00,GBIKE,130393,92.0,36.504301,127.26099,12,세종특별시
2026-06-17T14:40:12+09:00,GBIKE,131735,90.0,36.504302,127.248969,12,세종특별시
2026-06-17T14:40:12+09:00,GBIKE,130440,100.0,36.504304,127.26096,12,세종특별시
2026-06-17T14:40:12+09:00,GBIKE,501258,81.0,36.504306,127.260978,12,세종특별시
2026-06-17T14:40:12+09:00,GBIKE,130631,85.0,36.504313,127.23533,12,세종특별시
2026-06-17T14:40:12+09:00,GBIKE,130432,69.0,36.504321,127.261018,12,세종특별시
2026-06-17T14:40:12+09:00,GBIKE,501448,75.0,36.504321,127.235463,12,세종특별시
2026-06-17T14:40:12+09:00,GBIKE,130562,95.0,36.504324,127.235356,12,세종특별시
2026-06-17T14:40:12+09:00,GBIKE,130898,99.0,36.504325,127.234869,12,세종특별시
2026-06-17T14:40:12+09:00,GBIKE,131081,69.0,36.504331,127.235258,12,세종특별시
2026-06-17T14:40:12+09:00,GBIKE,131775,77.0,36.504336,127.234843,12,세종특별시
2026-06-17T14:40:12+09:00,GBIKE,130492,83.0,36.504338,127.235292,12,세종특별시
2026-06-17T14:40:12+09:00,GBIKE,130756,66.0,36.504347,127.235485,12,세종특별시
2026-06-17T14:40:12+09:00,GBIKE,130599,85.0,36.504349,127.235477,12,세종특별시
2026-06-17T14:40:12+09:00,GBIKE,131525,99.0,36.504349,127.235272,12,세종특별시
2026-06-17T14:40:12+09:00,GBIKE,131091,94.0,36.504359,127.235264,12,세종특별시
2026-06-17T14:40:12+09:00,GBIKE,130144,87.0,36.504365,127.23531,12,세종특별시
2026-06-17T14:40:12+09:00,GBIKE,131107,100.0,36.504365,127.252633,12,세종특별시
2026-06-17T14:40:12+09:00,GBIKE,130769,94.0,36.504381,127.234862,12,세종특별시
2026-06-17T14:40:12+09:00,GBIKE,131567,96.0,36.504392,127.27033,12,세종특별시
2026-06-17T14:40:12+09:00,GBIKE,501579,80.0,36.504403,127.237979,12,세종특별시
2026-06-17T14:40:12+09:00,GBIKE,130574,86.0,36.504427,127.262377,12,세종특별시
2026-06-17T14:40:12+09:00,GBIKE,131781,57.0,36.504434,127.26107,12,세종특별시
2026-06-17T14:40:12+09:00,GBIKE,131403,58.0,36.504441,127.261076,12,세종특별시
2026-06-17T14:40:12+09:00,GBIKE,130624,73.0,36.504444,127.241553,12,세종특별시
2026-06-17T14:40:12+09:00,GBIKE,131987,63.0,36.504451,127.261084,12,세종특별시
2026-06-17T14:40:12+09:00,GBIKE,131662,92.0,36.504455,127.24993,12,세종특별시
2026-06-17T14:40:12+09:00,GBIKE,131539,96.0,36.50447,127.24155,12,세종특별시
2026-06-17T14:40:12+09:00,GBIKE,130721,52.0,36.504493,127.249901,12,세종특별시
2026-06-17T14:40:12+09:00,GBIKE,130067,84.0,36.504589,127.235802,12,세종특별시
2026-06-17T14:40:12+09:00,GBIKE,130384,86.0,36.504674,127.271248,12,세종특별시
2026-06-17T14:40:12+09:00,GBIKE,130170,58.0,36.504677,127.267214,12,세종특별시
2026-06-17T14:40:12+09:00,GBIKE,131709,66.0,36.504708,127.234683,12,세종특별시
2026-06-17T14:40:12+09:00,GBIKE,130309,82.0,36.504744,127.234159,12,세종특별시
2026-06-17T14:40:12+09:00,GBIKE,131006,72.0,36.504745,127.234155,12,세종특별시
2026-06-17T14:40:12+09:00,GBIKE,131236,37.0,36.504774,127.27455,12,세종특별시
2026-06-17T14:40:12+09:00,GBIKE,131338,82.0,36.504778,127.234126,12,세종특별시
2026-06-17T14:40:12+09:00,GBIKE,130581,54.0,36.504792,127.274469,12,세종특별시
2026-06-17T14:40:12+09:00,GBIKE,130190,91.0,36.504793,127.234599,12,세종특별시
2026-06-17T14:40:12+09:00,GBIKE,501535,61.0,36.504802,127.248033,12,세종특별시
2026-06-17T14:40:12+09:00,GBIKE,130572,70.0,36.504804,127.234188,12,세종특별시
2026-06-17T14:40:12+09:00,GBIKE,130036,100.0,36.504824,127.261617,12,세종특별시
2026-06-17T14:40:12+09:00,GBIKE,131012,69.0,36.504824,127.234672,12,세종특별시
2026-06-17T14:40:12+09:00,GBIKE,130219,52.0,36.504836,127.260979,12,세종특별시
2026-06-17T14:40:12+09:00,GBIKE,130788,30.0,36.504839,127.261815,12,세종특별시
2026-06-17T14:40:12+09:00,GBIKE,130301,49.0,36.504848,127.270951,12,세종특별시
2026-06-17T14:40:12+09:00,GBIKE,130398,69.0,36.504848,127.247335,12,세종특별시
2026-06-17T14:40:12+09:00,GBIKE,131285,69.0,36.504863,127.236245,12,세종특별시
2026-06-17T14:40:12+09:00,GBIKE,130268,95.0,36.504866,127.236808,12,세종특별시
2026-06-17T14:40:12+09:00,GBIKE,131835,85.0,36.504892,127.269542,12,세종특별시
2026-06-17T14:40:12+09:00,GBIKE,130164,91.0,36.504917,127.261361,12,세종특별시
2026-06-17T14:40:12+09:00,GBIKE,131444,52.0,36.504918,127.261301,12,세종특별시
2026-06-17T14:40:12+09:00,GBIKE,130610,57.0,36.504919,127.243705,12,세종특별시
2026-06-17T14:40:12+09:00,GBIKE,501433,65.0,36.504941,127.249611,12,세종특별시
2026-06-17T14:40:12+09:00,GBIKE,131623,98.0,36.504958,127.261723,12,세종특별시
2026-06-17T14:40:12+09:00,GBIKE,130622,87.0,36.504963,127.241423,12,세종특별시
2026-06-17T14:40:12+09:00,GBIKE,131812,95.0,36.504992,127.242836,12,세종특별시
2026-06-17T14:40:12+09:00,GBIKE,130425,68.0,36.505,127.26132,12,세종특별시
2026-06-17T14:40:12+09:00,GBIKE,501588,70.0,36.505003,127.247809,12,세종특별시
2026-06-17T14:40:12+09:00,GBIKE,130443,82.0,36.505005,127.261309,12,세종특별시
2026-06-17T14:40:12+09:00,GBIKE,501575,95.0,36.50501,127.246917,12,세종특별시
2026-06-17T14:40:12+09:00,GBIKE,130404,69.0,36.505033,127.233809,12,세종특별시
2026-06-17T14:40:12+09:00,GBIKE,131345,83.0,36.505042,127.23423,12,세종특별시
2026-06-17T14:40:12+09:00,GBIKE,131004,42.0,36.505046,127.261679,12,세종특별시
2026-06-17T14:40:12+09:00,GBIKE,131766,68.0,36.505048,127.261769,12,세종특별시
2026-06-17T14:40:12+09:00,GBIKE,131237,98.0,36.505049,127.261342,12,세종특별시
2026-06-17T14:40:12+09:00,GBIKE,130800,80.0,36.505081,127.243895,12,세종특별시
2026-06-17T14:40:12+09:00,GBIKE,131933,52.0,36.505095,127.248062,12,세종특별시
2026-06-17T14:40:12+09:00,GBIKE,501183,100.0,36.50512,127.272549,12,세종특별시
2026-06-17T14:40:12+09:00,GBIKE,130476,62.0,36.505129,127.272517,12,세종특별시
2026-06-17T14:40:12+09:00,GBIKE,131705,45.0,36.505129,127.243803,12,세종특별시
2026-06-17T14:40:12+09:00,GBIKE,131507,50.0,36.505131,127.260125,12,세종특별시
2026-06-17T14:40:12+09:00,GBIKE,501221,70.0,36.505133,127.260067,12,세종특별시
2026-06-17T14:40:12+09:00,GBIKE,131609,74.0,36.505138,127.236051,12,세종특별시
2026-06-17T14:40:12+09:00,GBIKE,130299,37.0,36.505147,127.259241,12,세종특별시
2026-06-17T14:40:12+09:00,GBIKE,131866,88.0,36.505153,127.275643,12,세종특별시
2026-06-17T14:40:12+09:00,GBIKE,131848,63.0,36.50517,127.236143,12,세종특별시
2026-06-17T14:40:12+09:00,GBIKE,501401,59.0,36.505181,127.247339,12,세종특별시
2026-06-17T14:40:12+09:00,GBIKE,130979,46.0,36.505186,127.232878,12,세종특별시
2026-06-17T14:40:12+09:00,GBIKE,131500,92.0,36.505195,127.236085,12,세종특별시
2026-06-17T14:40:12+09:00,GBIKE,501288,71.0,36.505216,127.258715,12,세종특별시
2026-06-17T14:40:12+09:00,GBIKE,130578,79.0,36.50522,127.232851,12,세종특별시
2026-06-17T14:40:12+09:00,GBIKE,130525,31.0,36.505226,127.233846,12,세종특별시
2026-06-17T14:40:12+09:00,GBIKE,130353,95.0,36.505242,127.232894,12,세종특별시
2026-06-17T14:40:12+09:00,GBIKE,131825,83.0,36.505248,127.236148,12,세종특별시
2026-06-17T14:40:12+09:00,GBIKE,130651,77.0,36.505272,127.247257,12,세종특별시
2026-06-17T14:40:12+09:00,GBIKE,131329,75.0,36.505276,127.261865,12,세종특별시
2026-06-17T14:40:12+09:00,GBIKE,131624,100.0,36.505285,127.261439,12,세종특별시
2026-06-17T14:40:12+09:00,GBIKE,130914,75.0,36.505286,127.26186,12,세종특별시
2026-06-17T14:40:12+09:00,GBIKE,130613,61.0,36.505289,127.24353,12,세종특별시
2026-06-17T14:40:12+09:00,GBIKE,130222,100.0,36.505301,127.261453,12,세종특별시
2026-06-17T14:40:12+09:00,GBIKE,131018,100.0,36.505319,127.261457,12,세종특별시
2026-06-17T14:40:12+09:00,GBIKE,131636,100.0,36.505342,127.26143,12,세종특별시
2026-06-17T14:40:12+09:00,GBIKE,130180,70.0,36.505345,127.235175,12,세종특별시
2026-06-17T14:40:12+09:00,GBIKE,131155,92.0,36.505362,127.235196,12,세종특별시
2026-06-17T14:40:12+09:00,GBIKE,131322,94.0,36.505365,127.23339,12,세종특별시
2026-06-17T14:40:12+09:00,GBIKE,131163,93.0,36.505373,127.261497,12,세종특별시
2026-06-17T14:40:12+09:00,GBIKE,131461,96.0,36.505376,127.2333,12,세종특별시
2026-06-17T14:40:12+09:00,GBIKE,131945,66.0,36.505379,127.235148,12,세종특별시
2026-06-17T14:40:12+09:00,GBIKE,501584,86.0,36.505403,127.264849,12,세종특별시
2026-06-17T14:40:12+09:00,GBIKE,130587,66.0,36.505414,127.235193,12,세종특별시
2026-06-17T14:40:12+09:00,GBIKE,131818,60.0,36.505421,127.235164,12,세종특별시
2026-06-17T14:40:12+09:00,GBIKE,130747,77.0,36.505425,127.235143,12,세종특별시
2026-06-17T14:40:12+09:00,GBIKE,130484,68.0,36.505448,127.2353,12,세종특별시
2026-06-17T14:40:12+09:00,GBIKE,131916,86.0,36.50547,127.26486,12,세종특별시
2026-06-17T14:40:12+09:00,GBIKE,131147,79.0,36.50549,127.235608,12,세종특별시
2026-06-17T14:40:12+09:00,GBIKE,501500,75.0,36.505501,127.269286,12,세종특별시
2026-06-17T14:40:12+09:00,GBIKE,131904,57.0,36.505503,127.235132,12,세종특별시
2026-06-17T14:40:12+09:00,GBIKE,131028,55.0,36.505523,127.23559,12,세종특별시
2026-06-17T14:40:12+09:00,GBIKE,131764,99.0,36.505556,127.235688,12,세종특별시
2026-06-17T14:40:12+09:00,GBIKE,131492,63.0,36.505583,127.234093,12,세종특별시
2026-06-17T14:40:12+09:00,GBIKE,130834,40.0,36.505653,127.233298,12,세종특별시
2026-06-17T14:40:12+09:00,GBIKE,131755,45.0,36.505679,127.245242,12,세종특별시
2026-06-17T14:40:12+09:00,GBIKE,131520,45.0,36.505685,127.270015,12,세종특별시
2026-06-17T14:40:12+09:00,GBIKE,131948,79.0,36.505721,127.235014,12,세종특별시
2026-06-17T14:40:12+09:00,GBIKE,130579,78.0,36.505742,127.235166,12,세종특별시
2026-06-17T14:40:12+09:00,GBIKE,131632,96.0,36.505765,127.248655,12,세종특별시
2026-06-17T14:40:12+09:00,GBIKE,131075,92.0,36.505776,127.233087,12,세종특별시
2026-06-17T14:40:12+09:00,GBIKE,131109,57.0,36.505793,127.233043,12,세종특별시
2026-06-17T14:40:12+09:00,GBIKE,131483,42.0,36.505793,127.265022,12,세종특별시
2026-06-17T14:40:12+09:00,GBIKE,130196,79.0,36.505794,127.233069,12,세종특별시
2026-06-17T14:40:12+09:00,GBIKE,130720,82.0,36.505797,127.233536,12,세종특별시
2026-06-17T14:40:12+09:00,GBIKE,130595,65.0,36.505831,127.235194,12,세종특별시
2026-06-17T14:40:12+09:00,GBIKE,130136,57.0,36.505842,127.234997,12,세종특별시
2026-06-17T14:40:12+09:00,GBIKE,131972,97.0,36.505844,127.253409,12,세종특별시
2026-06-17T14:40:12+09:00,GBIKE,131136,80.0,36.505845,127.234608,12,세종특별시
2026-06-17T14:40:12+09:00,GBIKE,131783,76.0,36.505874,127.235077,12,세종특별시
2026-06-17T14:40:12+09:00,GBIKE,130132,54.0,36.505908,127.235058,12,세종특별시
2026-06-17T14:40:12+09:00,GBIKE,131499,32.0,36.505919,127.27296,12,세종특별시
2026-06-17T14:40:12+09:00,GBIKE,131753,71.0,36.505926,127.23515,12,세종특별시
2026-06-17T14:40:12+09:00,GBIKE,131232,100.0,36.505942,127.235064,12,세종특별시
2026-06-17T14:40:12+09:00,GBIKE,131246,94.0,36.505957,127.234831,12,세종특별시
2026-06-17T14:40:12+09:00,GBIKE,131250,83.0,36.506046,127.232387,12,세종특별시
2026-06-17T14:40:12+09:00,GBIKE,131502,77.0,36.506056,127.234727,12,세종특별시
2026-06-17T14:40:12+09:00,GBIKE,130337,74.0,36.506084,127.234719,12,세종특별시
2026-06-17T14:40:12+09:00,GBIKE,131786,46.0,36.506091,127.234695,12,세종특별시
2026-06-17T14:40:12+09:00,GBIKE,131671,91.0,36.5061,127.234726,12,세종특별시
2026-06-17T14:40:12+09:00,GBIKE,131132,30.0,36.506128,127.33688,12,세종특별시
2026-06-17T14:40:12+09:00,GBIKE,131156,81.0,36.506147,127.234625,12,세종특별시
2026-06-17T14:40:12+09:00,GBIKE,131273,48.0,36.506148,127.234694,12,세종특별시
2026-06-17T14:40:12+09:00,GBIKE,501493,64.0,36.506213,127.249648,12,세종특별시
2026-06-17T14:40:12+09:00,GBIKE,131205,56.0,36.506247,127.273056,12,세종특별시
2026-06-17T14:40:12+09:00,GBIKE,130403,67.0,36.506264,127.263232,12,세종특별시
2026-06-17T14:40:12+09:00,GBIKE,501337,67.0,36.506293,127.237321,12,세종특별시
2026-06-17T14:40:12+09:00,GBIKE,131421,95.0,36.506325,127.23451,12,세종특별시
2026-06-17T14:40:12+09:00,GBIKE,131144,76.0,36.506347,127.234499,12,세종특별시
2026-06-17T14:40:12+09:00,GBIKE,131256,93.0,36.506423,127.26202,12,세종특별시
2026-06-17T14:40:12+09:00,GBIKE,130677,59.0,36.506434,127.271615,12,세종특별시
2026-06-17T14:40:12+09:00,GBIKE,131296,70.0,36.506434,127.234249,12,세종특별시
2026-06-17T14:40:12+09:00,GBIKE,131242,80.0,36.506472,127.23429,12,세종특별시
2026-06-17T14:40:12+09:00,GBIKE,131247,98.0,36.506494,127.269859,12,세종특별시
2026-06-17T14:40:12+09:00,GBIKE,501116,92.0,36.506494,127.234211,12,세종특별시
2026-06-17T14:40:12+09:00,GBIKE,130968,70.0,36.506506,127.258385,12,세종특별시
2026-06-17T14:40:12+09:00,GBIKE,130244,90.0,36.506518,127.262015,12,세종특별시
2026-06-17T14:40:12+09:00,GBIKE,130647,95.0,36.506525,127.234269,12,세종특별시
2026-06-17T14:40:12+09:00,GBIKE,131485,56.0,36.506541,127.234204,12,세종특별시
2026-06-17T14:40:12+09:00,GBIKE,501551,69.0,36.506583,127.25864,12,세종특별시
2026-06-17T14:40:12+09:00,GBIKE,130254,84.0,36.506584,127.272803,12,세종특별시
2026-06-17T14:40:12+09:00,GBIKE,131402,31.0,36.506589,127.258665,12,세종특별시
2026-06-17T14:40:12+09:00,GBIKE,131535,36.0,36.506591,127.258923,12,세종특별시
2026-06-17T14:40:12+09:00,GBIKE,501272,41.0,36.50664,127.263234,12,세종특별시
2026-06-17T14:40:12+09:00,GBIKE,501214,98.0,36.506675,127.2583,12,세종특별시
2026-06-17T14:40:12+09:00,GBIKE,501537,46.0,36.506683,127.263168,12,세종특별시
2026-06-17T14:40:12+09:00,GBIKE,130134,93.0,36.506687,127.258301,12,세종특별시
2026-06-17T14:40:12+09:00,GBIKE,131406,83.0,36.506691,127.232119,12,세종특별시
2026-06-17T14:40:12+09:00,GBIKE,131440,51.0,36.506692,127.232107,12,세종특별시
2026-06-17T14:40:12+09:00,GBIKE,131975,83.0,36.506699,127.232097,12,세종특별시
2026-06-17T14:40:12+09:00,GBIKE,131826,70.0,36.506704,127.258257,12,세종특별시
2026-06-17T14:40:12+09:00,GBIKE,130663,85.0,36.506721,127.232023,12,세종특별시
2026-06-17T14:40:12+09:00,GBIKE,131843,33.0,36.506786,127.245167,12,세종특별시
2026-06-17T14:40:12+09:00,GBIKE,130667,89.0,36.506803,127.234995,12,세종특별시
2026-06-17T14:40:12+09:00,GBIKE,501243,48.0,36.506822,127.258282,12,세종특별시
2026-06-17T14:40:12+09:00,GBIKE,131804,73.0,36.506828,127.261435,12,세종특별시
2026-06-17T14:40:12+09:00,GBIKE,130108,88.0,36.506856,127.261381,12,세종특별시
2026-06-17T14:40:12+09:00,GBIKE,130263,45.0,36.506869,127.270194,12,세종특별시
2026-06-17T14:40:12+09:00,GBIKE,130213,66.0,36.506878,127.270203,12,세종특별시
2026-06-17T14:40:12+09:00,GBIKE,130467,70.0,36.506899,127.258506,12,세종특별시
2026-06-17T14:40:12+09:00,GBIKE,501486,50.0,36.506912,127.259862,12,세종특별시
2026-06-17T14:40:12+09:00,GBIKE,131572,37.0,36.506921,127.259799,12,세종특별시
2026-06-17T14:40:12+09:00,GBIKE,130048,67.0,36.506922,127.259876,12,세종특별시
2026-06-17T14:40:12+09:00,GBIKE,130805,96.0,36.506922,127.259871,12,세종특별시
2026-06-17T14:40:12+09:00,GBIKE,130611,100.0,36.506923,127.253814,12,세종특별시
2026-06-17T14:40:12+09:00,GBIKE,130827,97.0,36.506924,127.259852,12,세종특별시
2026-06-17T14:40:12+09:00,GBIKE,131673,97.0,36.506929,127.253841,12,세종특별시
2026-06-17T14:40:12+09:00,GBIKE,131139,97.0,36.506942,127.247707,12,세종특별시
2026-06-17T14:40:12+09:00,GBIKE,130409,100.0,36.506968,127.258535,12,세종특별시
2026-06-17T14:40:12+09:00,GBIKE,501523,73.0,36.506973,127.239431,12,세종특별시
2026-06-17T14:40:12+09:00,GBIKE,131215,57.0,36.506974,127.258486,12,세종특별시
2026-06-17T14:40:12+09:00,GBIKE,130944,32.0,36.506985,127.252642,12,세종특별시
2026-06-17T14:40:12+09:00,GBIKE,131892,94.0,36.506992,127.25849,12,세종특별시
2026-06-17T14:40:12+09:00,GBIKE,501253,64.0,36.506996,127.262035,12,세종특별시
2026-06-17T14:40:12+09:00,GBIKE,131411,99.0,36.507171,127.235856,12,세종특별시
2026-06-17T14:40:12+09:00,GBIKE,131654,99.0,36.507225,127.262028,12,세종특별시
2026-06-17T14:40:12+09:00,GBIKE,130868,72.0,36.507229,127.236627,12,세종특별시
2026-06-17T14:40:12+09:00,GBIKE,131688,47.0,36.507232,127.262042,12,세종특별시
2026-06-17T14:40:12+09:00,GBIKE,130343,92.0,36.507246,127.267322,12,세종특별시
2026-06-17T14:40:12+09:00,GBIKE,131061,59.0,36.507264,127.236277,12,세종특별시
2026-06-17T14:40:12+09:00,GBIKE,501505,62.0,36.507318,127.239485,12,세종특별시
2026-06-17T14:40:12+09:00,GBIKE,501293,73.0,36.507348,127.268935,12,세종특별시
2026-06-17T14:40:12+09:00,GBIKE,130757,51.0,36.507349,127.268924,12,세종특별시
2026-06-17T14:40:12+09:00,GBIKE,130155,45.0,36.507371,127.243122,12,세종특별시
2026-06-17T14:40:12+09:00,GBIKE,131216,57.0,36.507373,127.268962,12,세종특별시
2026-06-17T14:40:12+09:00,GBIKE,130392,86.0,36.507389,127.268932,12,세종특별시
2026-06-17T14:40:12+09:00,GBIKE,501215,63.0,36.507424,127.263183,12,세종특별시
2026-06-17T14:40:12+09:00,GBIKE,501402,92.0,36.507482,127.263106,12,세종특별시
2026-06-17T14:40:12+09:00,GBIKE,130082,41.0,36.507588,127.257182,12,세종특별시
2026-06-17T14:40:12+09:00,GBIKE,131175,91.0,36.507628,127.257519,12,세종특별시
2026-06-17T14:40:12+09:00,GBIKE,131604,93.0,36.507636,127.237115,12,세종특별시
2026-06-17T14:40:12+09:00,GBIKE,131464,42.0,36.507671,127.25767,12,세종특별시
2026-06-17T14:40:12+09:00,GBIKE,131570,71.0,36.507673,127.26903,12,세종특별시
2026-06-17T14:40:12+09:00,GBIKE,501583,88.0,36.507843,127.267443,12,세종특별시
2026-06-17T14:40:12+09:00,GBIKE,131336,73.0,36.507849,127.231185,12,세종특별시
2026-06-17T14:40:12+09:00,GBIKE,130375,67.0,36.50795,127.261477,12,세종특별시
2026-06-17T14:40:12+09:00,GBIKE,131458,75.0,36.507964,127.258795,12,세종특별시
2026-06-17T14:40:12+09:00,GBIKE,130509,50.0,36.507975,127.261458,12,세종특별시
2026-06-17T14:40:12+09:00,GBIKE,341583,38.0,36.507998,127.257881,12,세종특별시
2026-06-17T14:40:12+09:00,GBIKE,130220,60.0,36.50801,127.267945,12,세종특별시
2026-06-17T14:40:12+09:00,GBIKE,130744,54.0,36.508084,127.257233,12,세종특별시
2026-06-17T14:40:12+09:00,GBIKE,131891,31.0,36.508166,127.257786,12,세종특별시
2026-06-17T14:40:12+09:00,GBIKE,501490,77.0,36.508251,127.261274,12,세종특별시
2026-06-17T14:40:12+09:00,GBIKE,501453,49.0,36.5083,127.260769,12,세종특별시
2026-06-17T14:40:12+09:00,GBIKE,501507,59.0,36.508311,127.231137,12,세종특별시
2026-06-17T14:40:12+09:00,GBIKE,131243,49.0,36.50834,127.261802,12,세종특별시
2026-06-17T14:40:12+09:00,GBIKE,131696,83.0,36.508452,127.239232,12,세종특별시
2026-06-17T14:40:12+09:00,GBIKE,130716,95.0,36.508516,127.239123,12,세종특별시
2026-06-17T14:40:12+09:00,GBIKE,130332,51.0,36.508538,127.239128,12,세종특별시
2026-06-17T14:40:12+09:00,GBIKE,130123,69.0,36.508541,127.24938,12,세종특별시
2026-06-17T14:40:12+09:00,GBIKE,131308,86.0,36.508555,127.248711,12,세종특별시
2026-06-17T14:40:12+09:00,GBIKE,130342,47.0,36.508579,127.239131,12,세종특별시
2026-06-17T14:40:12+09:00,GBIKE,130902,74.0,36.508616,127.245444,12,세종특별시
2026-06-17T14:40:12+09:00,GBIKE,131865,88.0,36.508722,127.24028,12,세종특별시
2026-06-17T14:40:12+09:00,GBIKE,130602,34.0,36.508729,127.266188,12,세종특별시
2026-06-17T14:40:12+09:00,GBIKE,130501,63.0,36.508731,127.240181,12,세종특별시
2026-06-17T14:40:12+09:00,GBIKE,131816,43.0,36.508731,127.234402,12,세종특별시
2026-06-17T14:40:12+09:00,GBIKE,131950,71.0,36.508764,127.240233,12,세종특별시
2026-06-17T14:40:12+09:00,GBIKE,131922,41.0,36.50877,127.239618,12,세종특별시
2026-06-17T14:40:12+09:00,GBIKE,131680,73.0,36.5088,127.234394,12,세종특별시
2026-06-17T14:40:12+09:00,GBIKE,130256,75.0,36.508878,127.269789,12,세종특별시
2026-06-17T14:40:12+09:00,GBIKE,130949,100.0,36.508892,127.23433,12,세종특별시
2026-06-17T14:40:12+09:00,GBIKE,130740,96.0,36.50893,127.231957,12,세종특별시
2026-06-17T14:40:12+09:00,GBIKE,131408,77.0,36.50893,127.257221,12,세종특별시
2026-06-17T14:40:12+09:00,GBIKE,130241,71.0,36.508936,127.240393,12,세종특별시
2026-06-17T14:40:12+09:00,GBIKE,130705,94.0,36.508943,127.264857,12,세종특별시
2026-06-17T14:40:12+09:00,GBIKE,131977,38.0,36.508949,127.257193,12,세종특별시
2026-06-17T14:40:12+09:00,GBIKE,131831,100.0,36.508986,127.241237,12,세종특별시
2026-06-17T14:40:12+09:00,GBIKE,130274,48.0,36.509035,127.269633,12,세종특별시
2026-06-17T14:40:12+09:00,GBIKE,130444,56.0,36.509065,127.234144,12,세종특별시
2026-06-17T14:40:12+09:00,GBIKE,130304,96.0,36.509112,127.241615,12,세종특별시
2026-06-17T14:40:12+09:00,GBIKE,131196,67.0,36.509131,127.231905,12,세종특별시
2026-06-17T14:40:12+09:00,GBIKE,501313,82.0,36.509135,127.267484,12,세종특별시
2026-06-17T14:40:12+09:00,GBIKE,501594,46.0,36.509195,127.241543,12,세종특별시
2026-06-17T14:40:12+09:00,GBIKE,130632,87.0,36.509252,127.239789,12,세종특별시
2026-06-17T14:40:12+09:00,GBIKE,130840,70.0,36.509261,127.234061,12,세종특별시
2026-06-17T14:40:12+09:00,GBIKE,130480,80.0,36.50931,127.234003,12,세종특별시
2026-06-17T14:40:12+09:00,GBIKE,130854,73.0,36.509312,127.267037,12,세종특별시
2026-06-17T14:40:12+09:00,GBIKE,131095,72.0,36.509328,127.259044,12,세종특별시
2026-06-17T14:40:12+09:00,GBIKE,130089,94.0,36.509331,127.23227,12,세종특별시
2026-06-17T14:40:12+09:00,GBIKE,130704,61.0,36.509345,127.234309,12,세종특별시
2026-06-17T14:40:12+09:00,GBIKE,130543,58.0,36.509374,127.23242,12,세종특별시
2026-06-17T14:40:12+09:00,GBIKE,131052,95.0,36.509374,127.232501,12,세종특별시
2026-06-17T14:40:12+09:00,GBIKE,131846,57.0,36.509392,127.232513,12,세종특별시
2026-06-17T14:40:12+09:00,GBIKE,501321,51.0,36.509415,127.261014,12,세종특별시
2026-06-17T14:40:12+09:00,GBIKE,130514,56.0,36.509516,127.233059,12,세종특별시
2026-06-17T14:40:12+09:00,GBIKE,130638,97.0,36.509549,127.233071,12,세종특별시
2026-06-17T14:40:12+09:00,GBIKE,130348,34.0,36.509553,127.259172,12,세종특별시
2026-06-17T14:40:12+09:00,GBIKE,131935,93.0,36.509585,127.233645,12,세종특별시
2026-06-17T14:40:12+09:00,GBIKE,130634,95.0,36.509587,127.233607,12,세종특별시
2026-06-17T14:40:12+09:00,GBIKE,130872,63.0,36.509589,127.233603,12,세종특별시
2026-06-17T14:40:12+09:00,GBIKE,130311,80.0,36.509592,127.233606,12,세종특별시
2026-06-17T14:40:12+09:00,GBIKE,131943,93.0,36.509615,127.241585,12,세종특별시
2026-06-17T14:40:12+09:00,GBIKE,130464,78.0,36.509629,127.233602,12,세종특별시
2026-06-17T14:40:12+09:00,GBIKE,131780,67.0,36.50965,127.233622,12,세종특별시
2026-06-17T14:40:12+09:00,GBIKE,130162,59.0,36.509654,127.26776,12,세종특별시
2026-06-17T14:40:12+09:00,GBIKE,501262,50.0,36.509656,127.233391,12,세종특별시
2026-06-17T14:40:12+09:00,GBIKE,130760,63.0,36.509674,127.233955,12,세종특별시
2026-06-17T14:40:12+09:00,GBIKE,131364,58.0,36.50971,127.233879,12,세종특별시
2026-06-17T14:40:12+09:00,GBIKE,130130,58.0,36.509716,127.233641,12,세종특별시
2026-06-17T14:40:12+09:00,GBIKE,130642,100.0,36.509729,127.24962,12,세종특별시
2026-06-17T14:40:12+09:00,GBIKE,130552,72.0,36.509742,127.233818,12,세종특별시
2026-06-17T14:40:12+09:00,GBIKE,131991,96.0,36.509815,127.267419,12,세종특별시
2026-06-17T14:40:12+09:00,GBIKE,131488,37.0,36.509879,127.260411,12,세종특별시
2026-06-17T14:40:12+09:00,GBIKE,130593,71.0,36.509931,127.267617,12,세종특별시
2026-06-17T14:40:12+09:00,GBIKE,131487,90.0,36.509954,127.233785,12,세종특별시
2026-06-17T14:40:12+09:00,GBIKE,131905,55.0,36.509957,127.267255,12,세종특별시
2026-06-17T14:40:12+09:00,GBIKE,130074,86.0,36.509967,127.267639,12,세종특별시
2026-06-17T14:40:12+09:00,GBIKE,131452,49.0,36.510007,127.267246,12,세종특별시
2026-06-17T14:40:12+09:00,GBIKE,501485,93.0,36.510036,127.267073,12,세종특별시
2026-06-17T14:40:12+09:00,GBIKE,501271,56.0,36.510039,127.246173,12,세종특별시
2026-06-17T14:40:12+09:00,GBIKE,131433,39.0,36.51017,127.264138,12,세종특별시
2026-06-17T14:40:12+09:00,GBIKE,130717,85.0,36.51038,127.260402,12,세종특별시
2026-06-17T14:40:12+09:00,GBIKE,131369,40.0,36.510382,127.267465,12,세종특별시
2026-06-17T14:40:12+09:00,GBIKE,131900,76.0,36.510402,127.233986,12,세종특별시
2026-06-17T14:40:12+09:00,GBIKE,131704,53.0,36.510421,127.232061,12,세종특별시
2026-06-17T14:40:12+09:00,GBIKE,131782,98.0,36.510443,127.249857,12,세종특별시
2026-06-17T14:40:12+09:00,GBIKE,130085,65.0,36.510453,127.241335,12,세종특별시
2026-06-17T14:40:12+09:00,GBIKE,501360,89.0,36.510457,127.241163,12,세종특별시
2026-06-17T14:40:12+09:00,GBIKE,130064,54.0,36.510462,127.231882,12,세종특별시
2026-06-17T14:40:12+09:00,GBIKE,131976,35.0,36.510488,127.231768,12,세종특별시
2026-06-17T14:40:12+09:00,GBIKE,130636,86.0,36.510493,127.231755,12,세종특별시
2026-06-17T14:40:12+09:00,GBIKE,130049,48.0,36.510497,127.231571,12,세종특별시
2026-06-17T14:40:12+09:00,GBIKE,131060,51.0,36.510502,127.241337,12,세종특별시
2026-06-17T14:40:12+09:00,GBIKE,131959,42.0,36.510511,127.231795,12,세종특별시
2026-06-17T14:40:12+09:00,GBIKE,131181,64.0,36.51052,127.233713,12,세종특별시
2026-06-17T14:40:12+09:00,GBIKE,131194,65.0,36.510523,127.231514,12,세종특별시
2026-06-17T14:40:12+09:00,GBIKE,131223,69.0,36.510532,127.241332,12,세종특별시
2026-06-17T14:40:12+09:00,GBIKE,131863,64.0,36.510539,127.23205,12,세종특별시
2026-06-17T14:40:12+09:00,GBIKE,130022,88.0,36.510542,127.241352,12,세종특별시
2026-06-17T14:40:12+09:00,GBIKE,130870,72.0,36.510572,127.241361,12,세종특별시
2026-06-17T14:40:12+09:00,GBIKE,612778,63.0,36.51058,127.246234,12,세종특별시
2026-06-17T14:40:12+09:00,GBIKE,130748,96.0,36.510591,127.231,12,세종특별시
2026-06-17T14:40:12+09:00,GBIKE,131864,63.0,36.510612,127.238994,12,세종특별시
2026-06-17T14:40:12+09:00,GBIKE,130770,83.0,36.510637,127.258807,12,세종특별시
2026-06-17T14:40:12+09:00,GBIKE,131272,63.0,36.510651,127.239267,12,세종특별시
2026-06-17T14:40:12+09:00,GBIKE,131589,70.0,36.510661,127.232081,12,세종특별시
2026-06-17T14:40:12+09:00,GBIKE,130835,67.0,36.510663,127.232075,12,세종특별시
2026-06-17T14:40:12+09:00,GBIKE,131266,88.0,36.510705,127.229877,12,세종특별시
2026-06-17T14:40:12+09:00,GBIKE,131220,57.0,36.510706,127.261505,12,세종특별시
2026-06-17T14:40:12+09:00,GBIKE,131580,70.0,36.510711,127.242971,12,세종특별시
2026-06-17T14:40:12+09:00,GBIKE,130526,75.0,36.510737,127.229861,12,세종특별시
2026-06-17T14:40:12+09:00,GBIKE,131016,96.0,36.510737,127.233714,12,세종특별시
2026-06-17T14:40:12+09:00,GBIKE,131017,66.0,36.510737,127.229856,12,세종특별시
2026-06-17T14:40:12+09:00,GBIKE,130427,100.0,36.510753,127.241203,12,세종특별시
2026-06-17T14:40:12+09:00,GBIKE,131574,49.0,36.510771,127.232882,12,세종특별시
2026-06-17T14:40:12+09:00,GBIKE,130502,86.0,36.510794,127.22995,12,세종특별시
2026-06-17T14:40:12+09:00,GBIKE,130771,37.0,36.510795,127.232913,12,세종특별시
2026-06-17T14:40:12+09:00,GBIKE,130158,84.0,36.510806,127.239552,12,세종특별시
2026-06-17T14:40:12+09:00,GBIKE,130666,55.0,36.510806,127.23291,12,세종특별시
2026-06-17T14:40:12+09:00,GBIKE,131314,83.0,36.510815,127.232247,12,세종특별시
2026-06-17T14:40:12+09:00,GBIKE,358176,42.0,36.510821,127.243048,12,세종특별시
2026-06-17T14:40:12+09:00,GBIKE,501147,53.0,36.510824,127.239746,12,세종특별시
2026-06-17T14:40:12+09:00,GBIKE,130286,54.0,36.510827,127.229911,12,세종특별시
2026-06-17T14:40:12+09:00,GBIKE,130188,57.0,36.51083,127.233618,12,세종특별시
2026-06-17T14:40:12+09:00,GBIKE,359456,34.0,36.510831,127.23251,12,세종특별시
2026-06-17T14:40:12+09:00,GBIKE,131785,70.0,36.510843,127.240716,12,세종특별시
2026-06-17T14:40:12+09:00,GBIKE,131724,73.0,36.510852,127.263367,12,세종특별시
2026-06-17T14:40:12+09:00,GBIKE,130765,35.0,36.510858,127.231684,12,세종특별시
2026-06-17T14:40:12+09:00,GBIKE,131646,50.0,36.510863,127.241797,12,세종특별시
2026-06-17T14:40:12+09:00,GBIKE,130826,63.0,36.510866,127.239555,12,세종특별시
2026-06-17T14:40:12+09:00,GBIKE,130378,69.0,36.510867,127.235964,12,세종특별시
2026-06-17T14:40:12+09:00,GBIKE,130791,78.0,36.510873,127.232934,12,세종특별시
2026-06-17T14:40:12+09:00,GBIKE,131620,74.0,36.510881,127.232934,12,세종특별시
2026-06-17T14:40:12+09:00,GBIKE,130078,56.0,36.510889,127.232927,12,세종특별시
2026-06-17T14:40:12+09:00,GBIKE,130553,49.0,36.51089,127.241055,12,세종특별시
2026-06-17T14:40:12+09:00,GBIKE,131731,88.0,36.510891,127.232935,12,세종특별시
2026-06-17T14:40:12+09:00,GBIKE,130877,89.0,36.510895,127.232944,12,세종특별시
2026-06-17T14:40:12+09:00,GBIKE,130672,39.0,36.510899,127.229813,12,세종특별시
2026-06-17T14:40:12+09:00,GBIKE,131638,84.0,36.510907,127.240935,12,세종특별시
2026-06-17T14:40:12+09:00,GBIKE,130053,44.0,36.510915,127.232386,12,세종특별시
2026-06-17T14:40:12+09:00,GBIKE,130303,88.0,36.510932,127.241058,12,세종특별시
2026-06-17T14:40:12+09:00,GBIKE,130496,66.0,36.510933,127.232949,12,세종특별시
2026-06-17T14:40:12+09:00,GBIKE,131773,73.0,36.510987,127.239589,12,세종특별시
2026-06-17T14:40:12+09:00,GBIKE,130345,84.0,36.511025,127.239647,12,세종특별시
2026-06-17T14:40:12+09:00,GBIKE,130976,65.0,36.511026,127.232439,12,세종특별시
2026-06-17T14:40:12+09:00,GBIKE,131377,100.0,36.51104,127.264004,12,세종특별시
2026-06-17T14:40:12+09:00,GBIKE,130277,95.0,36.511042,127.23335,12,세종특별시
2026-06-17T14:40:12+09:00,GBIKE,131013,59.0,36.511046,127.232204,12,세종특별시
2026-06-17T14:40:12+09:00,GBIKE,131042,97.0,36.511049,127.233302,12,세종특별시
2026-06-17T14:40:12+09:00,GBIKE,130664,78.0,36.511077,127.240802,12,세종특별시
2026-06-17T14:40:12+09:00,GBIKE,501536,70.0,36.511085,127.255689,12,세종특별시
2026-06-17T14:40:12+09:00,GBIKE,131797,78.0,36.511094,127.249706,12,세종특별시
2026-06-17T14:40:12+09:00,GBIKE,130070,76.0,36.511107,127.233232,12,세종특별시
2026-06-17T14:40:12+09:00,GBIKE,130849,80.0,36.511152,127.239583,12,세종특별시
2026-06-17T14:40:12+09:00,GBIKE,131099,82.0,36.511158,127.266833,12,세종특별시
2026-06-17T14:40:12+09:00,GBIKE,501454,83.0,36.511164,127.233648,12,세종특별시
2026-06-17T14:40:12+09:00,GBIKE,130456,43.0,36.511168,127.240882,12,세종특별시
2026-06-17T14:40:12+09:00,GBIKE,130515,95.0,36.511208,127.236412,12,세종특별시
2026-06-17T14:40:12+09:00,GBIKE,131419,94.0,36.511212,127.240139,12,세종특별시
2026-06-17T14:40:12+09:00,GBIKE,501515,70.0,36.511222,127.248187,12,세종특별시
2026-06-17T14:40:12+09:00,GBIKE,130183,44.0,36.511223,127.241291,12,세종특별시
2026-06-17T14:40:12+09:00,GBIKE,131268,72.0,36.511234,127.233607,12,세종특별시
2026-06-17T14:40:12+09:00,GBIKE,130371,60.0,36.511236,127.240238,12,세종특별시
2026-06-17T14:40:12+09:00,GBIKE,501590,46.0,36.511314,127.249999,12,세종특별시
2026-06-17T14:40:12+09:00,GBIKE,131855,66.0,36.51134,127.233363,12,세종특별시
2026-06-17T14:40:12+09:00,GBIKE,501424,57.0,36.511382,127.244252,12,세종특별시
2026-06-17T14:40:12+09:00,GBIKE,501193,42.0,36.511415,127.241669,12,세종특별시
2026-06-17T14:40:12+09:00,GBIKE,131122,78.0,36.511457,127.233912,12,세종특별시
2026-06-17T14:40:12+09:00,GBIKE,131068,95.0,36.511472,127.24166,12,세종특별시
2026-06-17T14:40:12+09:00,GBIKE,131135,40.0,36.511474,127.241303,12,세종특별시
2026-06-17T14:40:12+09:00,GBIKE,131827,77.0,36.511476,127.265436,12,세종특별시
2026-06-17T14:40:12+09:00,GBIKE,501569,70.0,36.511499,127.250666,12,세종특별시
2026-06-17T14:40:12+09:00,GBIKE,131743,89.0,36.511504,127.250741,12,세종특별시
2026-06-17T14:40:12+09:00,GBIKE,131240,83.0,36.511527,127.250584,12,세종특별시
2026-06-17T14:40:12+09:00,GBIKE,130419,89.0,36.511542,127.250579,12,세종특별시
2026-06-17T14:40:12+09:00,GBIKE,501525,52.0,36.511544,127.250511,12,세종특별시
2026-06-17T14:40:12+09:00,GBIKE,501435,100.0,36.511552,127.249479,12,세종특별시
2026-06-17T14:40:12+09:00,GBIKE,131123,66.0,36.511572,127.250659,12,세종특별시
2026-06-17T14:40:12+09:00,GBIKE,130818,41.0,36.511577,127.231679,12,세종특별시
2026-06-17T14:40:12+09:00,GBIKE,501329,100.0,36.511585,127.246226,12,세종특별시
2026-06-17T14:40:12+09:00,GBIKE,131668,62.0,36.511606,127.241315,12,세종특별시
2026-06-17T14:40:12+09:00,GBIKE,131344,97.0,36.511619,127.241705,12,세종특별시
2026-06-17T14:40:12+09:00,GBIKE,501178,73.0,36.511623,127.247184,12,세종특별시
2026-06-17T14:40:12+09:00,GBIKE,131064,81.0,36.511624,127.23999,12,세종특별시
2026-06-17T14:40:12+09:00,GBIKE,131269,48.0,36.511639,127.242889,12,세종특별시
2026-06-17T14:40:12+09:00,GBIKE,131224,45.0,36.511641,127.239654,12,세종특별시
2026-06-17T14:40:12+09:00,GBIKE,131390,55.0,36.511651,127.239932,12,세종특별시
2026-06-17T14:40:12+09:00,GBIKE,130971,62.0,36.511664,127.247912,12,세종특별시
2026-06-17T14:40:12+09:00,GBIKE,332266,50.0,36.511675,127.246423,12,세종특별시
2026-06-17T14:40:12+09:00,GBIKE,501403,81.0,36.511685,127.240797,12,세종특별시
2026-06-17T14:40:12+09:00,GBIKE,131621,55.0,36.511685,127.241688,12,세종특별시
2026-06-17T14:40:12+09:00,GBIKE,358190,51.0,36.511708,127.246433,12,세종특별시
2026-06-17T14:40:12+09:00,GBIKE,130247,73.0,36.511725,127.244032,12,세종특별시
2026-06-17T14:40:12+09:00,GBIKE,501478,53.0,36.511726,127.229956,12,세종특별시
2026-06-17T14:40:12+09:00,GBIKE,501301,51.0,36.511768,127.229885,12,세종특별시
2026-06-17T14:40:12+09:00,GBIKE,131479,55.0,36.511771,127.241631,12,세종특별시
2026-06-17T14:40:12+09:00,GBIKE,130329,93.0,36.511776,127.241652,12,세종특별시
2026-06-17T14:40:12+09:00,GBIKE,131188,66.0,36.511805,127.244805,12,세종특별시
2026-06-17T14:40:12+09:00,GBIKE,501190,50.0,36.511815,127.24298,12,세종특별시
2026-06-17T14:40:12+09:00,GBIKE,131230,57.0,36.511836,127.241103,12,세종특별시
2026-06-17T14:40:12+09:00,GBIKE,130844,100.0,36.511841,127.243723,12,세종특별시
2026-06-17T14:40:12+09:00,GBIKE,130559,68.0,36.51185,127.243166,12,세종특별시
2026-06-17T14:40:12+09:00,GBIKE,501117,55.0,36.51186,127.241654,12,세종특별시
2026-06-17T14:40:12+09:00,GBIKE,131921,92.0,36.511892,127.24182,12,세종특별시
2026-06-17T14:40:12+09:00,GBIKE,501565,94.0,36.511916,127.245581,12,세종특별시
2026-06-17T14:40:12+09:00,GBIKE,501376,61.0,36.511924,127.240876,12,세종특별시
2026-06-17T14:40:12+09:00,GBIKE,501451,98.0,36.511932,127.240882,12,세종특별시
2026-06-17T14:40:12+09:00,GBIKE,501359,57.0,36.511934,127.240907,12,세종특별시
2026-06-17T14:40:12+09:00,GBIKE,501432,74.0,36.511942,127.240929,12,세종특별시
2026-06-17T14:40:12+09:00,GBIKE,501257,78.0,36.511957,127.259505,12,세종특별시
2026-06-17T14:40:12+09:00,GBIKE,130227,68.0,36.511961,127.227844,12,세종특별시
2026-06-17T14:40:12+09:00,GBIKE,130542,69.0,36.512001,127.229665,12,세종특별시
2026-06-17T14:40:12+09:00,GBIKE,501255,54.0,36.512027,127.243797,12,세종특별시
2026-06-17T14:40:12+09:00,GBIKE,501422,59.0,36.512027,127.243937,12,세종특별시
2026-06-17T14:40:12+09:00,GBIKE,501333,93.0,36.512028,127.243006,12,세종특별시
2026-06-17T14:40:12+09:00,GBIKE,501352,85.0,36.512032,127.24389,12,세종특별시
2026-06-17T14:40:12+09:00,GBIKE,131297,100.0,36.512034,127.243555,12,세종특별시
2026-06-17T14:40:12+09:00,GBIKE,130772,31.0,36.512037,127.243949,12,세종특별시
2026-06-17T14:40:12+09:00,GBIKE,130453,75.0,36.512038,127.258424,12,세종특별시
2026-06-17T14:40:12+09:00,GBIKE,130235,85.0,36.512043,127.241843,12,세종특별시
2026-06-17T14:40:12+09:00,GBIKE,501585,91.0,36.512044,127.243975,12,세종특별시
2026-06-17T14:40:12+09:00,GBIKE,501347,100.0,36.512049,127.244426,12,세종특별시
2026-06-17T14:40:12+09:00,GBIKE,130603,42.0,36.512058,127.243057,12,세종특별시
2026-06-17T14:40:12+09:00,GBIKE,130318,71.0,36.512077,127.247869,12,세종특별시
2026-06-17T14:40:12+09:00,GBIKE,131757,43.0,36.512079,127.243908,12,세종특별시
2026-06-17T14:40:12+09:00,GBIKE,131721,64.0,36.512082,127.24339,12,세종특별시
2026-06-17T14:40:12+09:00,GBIKE,130468,92.0,36.512086,127.241032,12,세종특별시
2026-06-17T14:40:12+09:00,GBIKE,131615,53.0,36.512106,127.241251,12,세종특별시
2026-06-17T14:40:12+09:00,GBIKE,131860,44.0,36.512146,127.248122,12,세종특별시
2026-06-17T14:40:12+09:00,GBIKE,501496,92.0,36.512162,127.248051,12,세종특별시
2026-06-17T14:40:12+09:00,GBIKE,501394,65.0,36.512172,127.241655,12,세종특별시
2026-06-17T14:40:12+09:00,GBIKE,131368,71.0,36.512174,127.241724,12,세종특별시
2026-06-17T14:40:12+09:00,GBIKE,131152,76.0,36.512175,127.242396,12,세종특별시
2026-06-17T14:40:12+09:00,GBIKE,131020,98.0,36.512177,127.239632,12,세종특별시
2026-06-17T14:40:12+09:00,GBIKE,501398,95.0,36.512184,127.241744,12,세종특별시
2026-06-17T14:40:12+09:00,GBIKE,130159,79.0,36.512213,127.240777,12,세종특별시
2026-06-17T14:40:12+09:00,GBIKE,130182,95.0,36.512225,127.244535,12,세종특별시
2026-06-17T14:40:12+09:00,GBIKE,130128,39.0,36.512233,127.264021,12,세종특별시
2026-06-17T14:40:12+09:00,GBIKE,130037,83.0,36.512239,127.229317,12,세종특별시
2026-06-17T14:40:12+09:00,GBIKE,130206,46.0,36.512249,127.242494,12,세종특별시
2026-06-17T14:40:12+09:00,GBIKE,130203,100.0,36.512259,127.259458,12,세종특별시
2026-06-17T14:40:12+09:00,GBIKE,130156,82.0,36.51226,127.258648,12,세종특별시
2026-06-17T14:40:12+09:00,GBIKE,130460,46.0,36.512297,127.243532,12,세종특별시
2026-06-17T14:40:12+09:00,GBIKE,131318,99.0,36.512315,127.258804,12,세종특별시
2026-06-17T14:40:12+09:00,GBIKE,501331,33.0,36.512329,127.241289,12,세종특별시
2026-06-17T14:40:12+09:00,GBIKE,131971,87.0,36.512333,127.259816,12,세종특별시
2026-06-17T14:40:12+09:00,GBIKE,131963,71.0,36.512348,127.239948,12,세종특별시
2026-06-17T14:40:12+09:00,GBIKE,130912,70.0,36.512355,127.233241,12,세종특별시
2026-06-17T14:40:12+09:00,GBIKE,130076,49.0,36.512387,127.241638,12,세종특별시
2026-06-17T14:40:12+09:00,GBIKE,131901,96.0,36.512388,127.239924,12,세종특별시
2026-06-17T14:40:12+09:00,GBIKE,131830,73.0,36.51239,127.233272,12,세종특별시
2026-06-17T14:40:12+09:00,GBIKE,130387,99.0,36.512441,127.249409,12,세종특별시
2026-06-17T14:40:12+09:00,GBIKE,501166,94.0,36.512441,127.259811,12,세종특별시
2026-06-17T14:40:12+09:00,GBIKE,131431,91.0,36.512442,127.248098,12,세종특별시
2026-06-17T14:40:12+09:00,GBIKE,130189,48.0,36.51245,127.249373,12,세종특별시
2026-06-17T14:40:12+09:00,GBIKE,130100,79.0,36.512468,127.23994,12,세종특별시
2026-06-17T14:40:12+09:00,GBIKE,130322,56.0,36.512498,127.241678,12,세종특별시
2026-06-17T14:40:12+09:00,GBIKE,501256,57.0,36.512501,127.247845,12,세종특별시
2026-06-17T14:40:12+09:00,GBIKE,130604,76.0,36.512537,127.241728,12,세종특별시
2026-06-17T14:40:12+09:00,GBIKE,130401,100.0,36.512561,127.246284,12,세종특별시
2026-06-17T14:40:12+09:00,GBIKE,130198,77.0,36.512586,127.246773,12,세종특별시
2026-06-17T14:40:12+09:00,GBIKE,130054,59.0,36.512612,127.246751,12,세종특별시
2026-06-17T14:40:12+09:00,GBIKE,131909,92.0,36.512613,127.246827,12,세종특별시
2026-06-17T14:40:12+09:00,GBIKE,130115,49.0,36.512618,127.23197,12,세종특별시
2026-06-17T14:40:12+09:00,GBIKE,130231,63.0,36.512625,127.246396,12,세종특별시
2026-06-17T14:40:12+09:00,GBIKE,501249,93.0,36.512641,127.246025,12,세종특별시
2026-06-17T14:40:12+09:00,GBIKE,130889,50.0,36.512747,127.242606,12,세종특별시
2026-06-17T14:40:12+09:00,GBIKE,130626,52.0,36.512761,127.2425,12,세종특별시
2026-06-17T14:40:12+09:00,GBIKE,501455,88.0,36.512769,127.259223,12,세종특별시
2026-06-17T14:40:12+09:00,GBIKE,501219,44.0,36.512775,127.242344,12,세종특별시
2026-06-17T14:40:12+09:00,GBIKE,130839,81.0,36.512778,127.228609,12,세종특별시
2026-06-17T14:40:12+09:00,GBIKE,501445,84.0,36.512778,127.259218,12,세종특별시
2026-06-17T14:40:12+09:00,GBIKE,131228,100.0,36.512778,127.262583,12,세종특별시
2026-06-17T14:40:12+09:00,GBIKE,130597,50.0,36.512785,127.241019,12,세종특별시
2026-06-17T14:40:12+09:00,GBIKE,130423,83.0,36.512794,127.241923,12,세종특별시
2026-06-17T14:40:12+09:00,GBIKE,130495,49.0,36.512801,127.262611,12,세종특별시
2026-06-17T14:40:12+09:00,GBIKE,501238,52.0,36.512819,127.243457,12,세종특별시
2026-06-17T14:40:12+09:00,GBIKE,130767,95.0,36.512833,127.241024,12,세종특별시
2026-06-17T14:40:12+09:00,GBIKE,130470,96.0,36.512842,127.258505,12,세종특별시
2026-06-17T14:40:12+09:00,GBIKE,130437,52.0,36.512864,127.261906,12,세종특별시
2026-06-17T14:40:12+09:00,GBIKE,501124,77.0,36.512894,127.243095,12,세종특별시
2026-06-17T14:40:12+09:00,GBIKE,130620,72.0,36.512956,127.229373,12,세종특별시
2026-06-17T14:40:12+09:00,GBIKE,131451,67.0,36.512984,127.261714,12,세종특별시
2026-06-17T14:40:12+09:00,GBIKE,130319,49.0,36.512993,127.23132,12,세종특별시
2026-06-17T14:40:12+09:00,GBIKE,131823,99.0,36.513024,127.245934,12,세종특별시
2026-06-17T14:40:12+09:00,GBIKE,131996,100.0,36.513029,127.243025,12,세종특별시
2026-06-17T14:40:12+09:00,GBIKE,501558,98.0,36.51304,127.246034,12,세종특별시
2026-06-17T14:40:12+09:00,GBIKE,131072,84.0,36.513114,127.22938,12,세종특별시
2026-06-17T14:40:12+09:00,GBIKE,131177,72.0,36.513114,127.229393,12,세종특별시
2026-06-17T14:40:12+09:00,GBIKE,130195,67.0,36.513209,127.233112,12,세종특별시
2026-06-17T14:40:12+09:00,GBIKE,130848,67.0,36.513251,127.243331,12,세종특별시
2026-06-17T14:40:12+09:00,GBIKE,130066,100.0,36.513287,127.266132,12,세종특별시
2026-06-17T14:40:12+09:00,GBIKE,130807,100.0,36.513368,127.259102,12,세종특별시
2026-06-17T14:40:12+09:00,GBIKE,130678,90.0,36.513385,127.259469,12,세종특별시
2026-06-17T14:40:12+09:00,GBIKE,131252,94.0,36.513455,127.263078,12,세종특별시
2026-06-17T14:40:12+09:00,GBIKE,501118,42.0,36.513478,127.264287,12,세종특별시
2026-06-17T14:40:12+09:00,GBIKE,131302,58.0,36.513487,127.264234,12,세종특별시
2026-06-17T14:40:12+09:00,GBIKE,130576,95.0,36.513492,127.232977,12,세종특별시
2026-06-17T14:40:12+09:00,GBIKE,130253,64.0,36.513521,127.265602,12,세종특별시
2026-06-17T14:40:12+09:00,GBIKE,130975,59.0,36.513526,127.233281,12,세종특별시
2026-06-17T14:40:12+09:00,GBIKE,130728,81.0,36.513593,127.233242,12,세종특별시
2026-06-17T14:40:12+09:00,GBIKE,130046,64.0,36.513608,127.266671,12,세종특별시
2026-06-17T14:40:12+09:00,GBIKE,131585,84.0,36.51362,127.233227,12,세종특별시
2026-06-17T14:40:12+09:00,GBIKE,501235,72.0,36.513641,127.245778,12,세종특별시
2026-06-17T14:40:12+09:00,GBIKE,131829,95.0,36.513647,127.259048,12,세종특별시
2026-06-17T14:40:12+09:00,GBIKE,501318,54.0,36.513661,127.259465,12,세종특별시
2026-06-17T14:40:12+09:00,GBIKE,501541,95.0,36.513668,127.243449,12,세종특별시
2026-06-17T14:40:12+09:00,GBIKE,130385,32.0,36.513765,127.229379,12,세종특별시
2026-06-17T14:40:12+09:00,GBIKE,130273,70.0,36.51377,127.259158,12,세종특별시
2026-06-17T14:40:12+09:00,GBIKE,501168,96.0,36.513797,127.258925,12,세종특별시
2026-06-17T14:40:12+09:00,GBIKE,501379,48.0,36.513833,127.246618,12,세종특별시
2026-06-17T14:40:12+09:00,GBIKE,130458,98.0,36.513851,127.260763,12,세종특별시
2026-06-17T14:40:12+09:00,GBIKE,130785,93.0,36.513866,127.243344,12,세종특별시
2026-06-17T14:40:12+09:00,GBIKE,501294,76.0,36.513872,127.239423,12,세종특별시
2026-06-17T14:40:12+09:00,GBIKE,130474,85.0,36.513873,127.228899,12,세종특별시
2026-06-17T14:40:12+09:00,GBIKE,501292,45.0,36.513909,127.245861,12,세종특별시
2026-06-17T14:40:12+09:00,GBIKE,130855,100.0,36.513921,127.243355,12,세종특별시
2026-06-17T14:40:12+09:00,GBIKE,131606,95.0,36.513925,127.228888,12,세종특별시
2026-06-17T14:40:12+09:00,GBIKE,131420,67.0,36.513976,127.229371,12,세종특별시
2026-06-17T14:40:12+09:00,GBIKE,130429,68.0,36.513995,127.243158,12,세종특별시
2026-06-17T14:40:12+09:00,GBIKE,501423,69.0,36.514048,127.245816,12,세종특별시
2026-06-17T14:40:12+09:00,GBIKE,501213,95.0,36.514067,127.245738,12,세종특별시
2026-06-17T14:40:12+09:00,GBIKE,131608,39.0,36.514087,127.24179,12,세종특별시
2026-06-17T14:40:12+09:00,GBIKE,131073,99.0,36.5141,127.267781,12,세종특별시
2026-06-17T14:40:12+09:00,GBIKE,131203,81.0,36.514123,127.241774,12,세종특별시
2026-06-17T14:40:12+09:00,GBIKE,131341,72.0,36.514138,127.258928,12,세종특별시
2026-06-17T14:40:12+09:00,GBIKE,130903,97.0,36.514157,127.258887,12,세종특별시
2026-06-17T14:40:12+09:00,GBIKE,130382,87.0,36.51417,127.258906,12,세종특별시
2026-06-17T14:40:12+09:00,GBIKE,130510,77.0,36.514178,127.259333,12,세종특별시
2026-06-17T14:40:12+09:00,GBIKE,130557,60.0,36.51423,127.259096,12,세종특별시
2026-06-17T14:40:12+09:00,GBIKE,130433,72.0,36.514316,127.232889,12,세종특별시
2026-06-17T14:40:12+09:00,GBIKE,131697,50.0,36.514364,127.229751,12,세종특별시
2026-06-17T14:40:12+09:00,GBIKE,130357,78.0,36.514412,127.231618,12,세종특별시
2026-06-17T14:40:12+09:00,GBIKE,130521,71.0,36.51442,127.259228,12,세종특별시
2026-06-17T14:40:12+09:00,GBIKE,130442,100.0,36.514424,127.259332,12,세종특별시
2026-06-17T14:40:12+09:00,GBIKE,131821,64.0,36.514435,127.256522,12,세종특별시
2026-06-17T14:40:12+09:00,GBIKE,501162,47.0,36.514488,127.232429,12,세종특별시
2026-06-17T14:40:12+09:00,GBIKE,131151,85.0,36.514526,127.232109,12,세종특별시
2026-06-17T14:40:12+09:00,GBIKE,130346,50.0,36.514529,127.232066,12,세종특별시
2026-06-17T14:40:12+09:00,GBIKE,131944,100.0,36.514537,127.258796,12,세종특별시
2026-06-17T14:40:12+09:00,GBIKE,131545,100.0,36.514541,127.231645,12,세종특별시
2026-06-17T14:40:12+09:00,GBIKE,130535,67.0,36.514543,127.231641,12,세종특별시
2026-06-17T14:40:12+09:00,GBIKE,131856,58.0,36.51455,127.231636,12,세종특별시
2026-06-17T14:40:12+09:00,GBIKE,130996,94.0,36.514559,127.231651,12,세종특별시
2026-06-17T14:40:12+09:00,GBIKE,131475,62.0,36.514573,127.231629,12,세종특별시
2026-06-17T14:40:12+09:00,GBIKE,130778,57.0,36.514615,127.228648,12,세종특별시
2026-06-17T14:40:12+09:00,GBIKE,130793,95.0,36.514629,127.231757,12,세종특별시
2026-06-17T14:40:12+09:00,GBIKE,130292,46.0,36.514662,127.259008,12,세종특별시
2026-06-17T14:40:12+09:00,GBIKE,501110,88.0,36.514695,127.258823,12,세종특별시
2026-06-17T14:40:12+09:00,GBIKE,130777,98.0,36.514708,127.259206,12,세종특별시
2026-06-17T14:40:12+09:00,GBIKE,130110,84.0,36.514714,127.230906,12,세종특별시
2026-06-17T14:40:12+09:00,GBIKE,130825,68.0,36.514727,127.258822,12,세종특별시
2026-06-17T14:40:12+09:00,GBIKE,131294,83.0,36.51475,127.262853,12,세종특별시
2026-06-17T14:40:12+09:00,GBIKE,131584,60.0,36.514757,127.262828,12,세종특별시
2026-06-17T14:40:12+09:00,GBIKE,501461,92.0,36.514773,127.250654,12,세종특별시
2026-06-17T14:40:12+09:00,GBIKE,130874,48.0,36.514775,127.258829,12,세종특별시
2026-06-17T14:40:12+09:00,GBIKE,131288,44.0,36.514782,127.259442,12,세종특별시
2026-06-17T14:40:12+09:00,GBIKE,131779,79.0,36.514782,127.262842,12,세종특별시
2026-06-17T14:40:12+09:00,GBIKE,130295,46.0,36.514818,127.259199,12,세종특별시
2026-06-17T14:40:12+09:00,GBIKE,131385,100.0,36.514825,127.262832,12,세종특별시
2026-06-17T14:40:12+09:00,GBIKE,130963,95.0,36.514832,127.228719,12,세종특별시
2026-06-17T14:40:12+09:00,GBIKE,130466,85.0,36.514836,127.259208,12,세종특별시
2026-06-17T14:40:12+09:00,GBIKE,130124,66.0,36.514839,127.229916,12,세종특별시
2026-06-17T14:40:12+09:00,GBIKE,130808,43.0,36.514846,127.264516,12,세종특별시
2026-06-17T14:40:12+09:00,GBIKE,131178,37.0,36.514853,127.258772,12,세종특별시
2026-06-17T14:40:12+09:00,GBIKE,130927,71.0,36.514854,127.259227,12,세종특별시
2026-06-17T14:40:12+09:00,GBIKE,131862,31.0,36.514871,127.25857,12,세종특별시
2026-06-17T14:40:12+09:00,GBIKE,130696,70.0,36.514873,127.259238,12,세종특별시
2026-06-17T14:40:12+09:00,GBIKE,501497,76.0,36.514883,127.256586,12,세종특별시
2026-06-17T14:40:12+09:00,GBIKE,130148,84.0,36.514891,127.258747,12,세종특별시
2026-06-17T14:40:12+09:00,GBIKE,131287,51.0,36.514894,127.259216,12,세종특별시
2026-06-17T14:40:12+09:00,GBIKE,501247,46.0,36.5149,127.259207,12,세종특별시
2026-06-17T14:40:12+09:00,GBIKE,131457,82.0,36.514905,127.259199,12,세종특별시
2026-06-17T14:40:12+09:00,GBIKE,130420,83.0,36.514928,127.259169,12,세종특별시
2026-06-17T14:40:12+09:00,GBIKE,131777,74.0,36.51493,127.259209,12,세종특별시
2026-06-17T14:40:12+09:00,GBIKE,131670,100.0,36.514931,127.259185,12,세종특별시
2026-06-17T14:40:12+09:00,GBIKE,130832,73.0,36.514933,127.259404,12,세종특별시
2026-06-17T14:40:12+09:00,GBIKE,131581,76.0,36.514933,127.259201,12,세종특별시
2026-06-17T14:40:12+09:00,GBIKE,131790,77.0,36.514934,127.259146,12,세종특별시
2026-06-17T14:40:12+09:00,GBIKE,130547,95.0,36.514939,127.259186,12,세종특별시
2026-06-17T14:40:12+09:00,GBIKE,130915,95.0,36.514947,127.259184,12,세종특별시
2026-06-17T14:40:12+09:00,GBIKE,130400,68.0,36.514968,127.259208,12,세종특별시
2026-06-17T14:40:12+09:00,GBIKE,130546,56.0,36.514977,127.263079,12,세종특별시
2026-06-17T14:40:12+09:00,GBIKE,130725,94.0,36.514982,127.233079,12,세종특별시
2026-06-17T14:40:12+09:00,GBIKE,131197,94.0,36.515001,127.262514,12,세종특별시
2026-06-17T14:40:12+09:00,GBIKE,131874,76.0,36.515016,127.258758,12,세종특별시
2026-06-17T14:40:12+09:00,GBIKE,131001,40.0,36.515037,127.228634,12,세종특별시
2026-06-17T14:40:12+09:00,GBIKE,130699,99.0,36.515053,127.245476,12,세종특별시
2026-06-17T14:40:12+09:00,GBIKE,131575,65.0,36.515076,127.229913,12,세종특별시
2026-06-17T14:40:12+09:00,GBIKE,131355,70.0,36.515077,127.242397,12,세종특별시
2026-06-17T14:40:12+09:00,GBIKE,131641,100.0,36.515098,127.2576,12,세종특별시
2026-06-17T14:40:12+09:00,GBIKE,130165,100.0,36.515158,127.258791,12,세종특별시
2026-06-17T14:40:12+09:00,GBIKE,130365,100.0,36.515163,127.258781,12,세종특별시
2026-06-17T14:40:12+09:00,GBIKE,131113,71.0,36.515171,127.258781,12,세종특별시
2026-06-17T14:40:12+09:00,GBIKE,501279,95.0,36.515176,127.229602,12,세종특별시
2026-06-17T14:40:12+09:00,GBIKE,131212,82.0,36.515182,127.258768,12,세종특별시
2026-06-17T14:40:12+09:00,GBIKE,131226,37.0,36.515192,127.258782,12,세종특별시
2026-06-17T14:40:12+09:00,GBIKE,501242,87.0,36.515195,127.240532,12,세종특별시
2026-06-17T14:40:12+09:00,GBIKE,131969,100.0,36.515276,127.258829,12,세종특별시
2026-06-17T14:40:12+09:00,GBIKE,131912,72.0,36.515298,127.245556,12,세종특별시
2026-06-17T14:40:12+09:00,GBIKE,130656,63.0,36.515327,127.228009,12,세종특별시
2026-06-17T14:40:12+09:00,GBIKE,131324,98.0,36.515333,127.245534,12,세종특별시
2026-06-17T14:40:12+09:00,GBIKE,131631,71.0,36.51551,127.255847,12,세종특별시
2026-06-17T14:40:12+09:00,GBIKE,130935,67.0,36.51552,127.23326,12,세종특별시
2026-06-17T14:40:12+09:00,GBIKE,130987,93.0,36.515579,127.233492,12,세종특별시
2026-06-17T14:40:12+09:00,GBIKE,130628,96.0,36.515621,127.245497,12,세종특별시
2026-06-17T14:40:12+09:00,GBIKE,130491,44.0,36.515656,127.26157,12,세종특별시
2026-06-17T14:40:12+09:00,GBIKE,130073,45.0,36.51577,127.26549,12,세종특별시
2026-06-17T14:40:12+09:00,GBIKE,131279,41.0,36.515774,127.258769,12,세종특별시
2026-06-17T14:40:12+09:00,GBIKE,130051,36.0,36.515795,127.255845,12,세종특별시
2026-06-17T14:40:12+09:00,GBIKE,501233,55.0,36.515809,127.251028,12,세종특별시
2026-06-17T14:40:12+09:00,GBIKE,130106,76.0,36.515825,127.228138,12,세종특별시
2026-06-17T14:40:12+09:00,GBIKE,501335,44.0,36.515834,127.239378,12,세종특별시
2026-06-17T14:40:12+09:00,GBIKE,130852,77.0,36.515897,127.265849,12,세종특별시
2026-06-17T14:40:12+09:00,GBIKE,131918,83.0,36.515905,127.264457,12,세종특별시
2026-06-17T14:40:12+09:00,GBIKE,130255,59.0,36.515906,127.264527,12,세종특별시
2026-06-17T14:40:12+09:00,GBIKE,130323,99.0,36.515918,127.265917,12,세종특별시
2026-06-17T14:40:12+09:00,GBIKE,131074,97.0,36.515934,127.264528,12,세종특별시
2026-06-17T14:40:12+09:00,GBIKE,131981,67.0,36.515936,127.257953,12,세종특별시
2026-06-17T14:40:12+09:00,GBIKE,131422,95.0,36.515937,127.261655,12,세종특별시
2026-06-17T14:40:12+09:00,GBIKE,131382,96.0,36.51594,127.264501,12,세종특별시
2026-06-17T14:40:12+09:00,GBIKE,131586,43.0,36.515943,127.261642,12,세종특별시
2026-06-17T14:40:12+09:00,GBIKE,130939,61.0,36.515968,127.262741,12,세종특별시
2026-06-17T14:40:12+09:00,GBIKE,131036,94.0,36.516017,127.230896,12,세종특별시
2026-06-17T14:40:12+09:00,GBIKE,501444,42.0,36.516021,127.241217,12,세종특별시
2026-06-17T14:40:12+09:00,GBIKE,130104,91.0,36.516026,127.257975,12,세종특별시
2026-06-17T14:40:12+09:00,GBIKE,130549,45.0,36.516026,127.245334,12,세종특별시
2026-06-17T14:40:12+09:00,GBIKE,130962,36.0,36.516035,127.257991,12,세종특별시
2026-06-17T14:40:12+09:00,GBIKE,130229,78.0,36.516038,127.230833,12,세종특별시
2026-06-17T14:40:12+09:00,GBIKE,131613,37.0,36.516064,127.260384,12,세종특별시
2026-06-17T14:40:12+09:00,GBIKE,130112,92.0,36.516096,127.2281,12,세종특별시
2026-06-17T14:40:12+09:00,GBIKE,131262,100.0,36.516122,127.264148,12,세종특별시
2026-06-17T14:40:12+09:00,GBIKE,130447,100.0,36.516156,127.262782,12,세종특별시
2026-06-17T14:40:12+09:00,GBIKE,501393,70.0,36.516169,127.239552,12,세종특별시
2026-06-17T14:40:12+09:00,GBIKE,131967,98.0,36.516181,127.256441,12,세종특별시
2026-06-17T14:40:12+09:00,GBIKE,131363,96.0,36.516214,127.265316,12,세종특별시
2026-06-17T14:40:12+09:00,GBIKE,131213,100.0,36.516227,127.228195,12,세종특별시
2026-06-17T14:40:12+09:00,GBIKE,130895,53.0,36.516265,127.260891,12,세종특별시
2026-06-17T14:40:12+09:00,GBIKE,131143,95.0,36.516275,127.262733,12,세종특별시
2026-06-17T14:40:12+09:00,GBIKE,130817,57.0,36.516314,127.228211,12,세종특별시
2026-06-17T14:40:12+09:00,GBIKE,130207,77.0,36.516325,127.257848,12,세종특별시
2026-06-17T14:40:12+09:00,GBIKE,130645,30.0,36.516342,127.258714,12,세종특별시
2026-06-17T14:40:12+09:00,GBIKE,131209,78.0,36.51635,127.259281,12,세종특별시
2026-06-17T14:40:12+09:00,GBIKE,130630,87.0,36.5164,127.241469,12,세종특별시
2026-06-17T14:40:12+09:00,GBIKE,130829,58.0,36.516403,127.245436,12,세종특별시
2026-06-17T14:40:12+09:00,GBIKE,130719,69.0,36.516407,127.24145,12,세종특별시
2026-06-17T14:40:12+09:00,GBIKE,501429,34.0,36.516411,127.244543,12,세종특별시
2026-06-17T14:40:12+09:00,GBIKE,130722,70.0,36.516412,127.241436,12,세종특별시
2026-06-17T14:40:12+09:00,GBIKE,130809,87.0,36.516415,127.241422,12,세종특별시
2026-06-17T14:40:12+09:00,GBIKE,501539,97.0,36.516439,127.241433,12,세종특별시
2026-06-17T14:40:12+09:00,GBIKE,130439,80.0,36.516445,127.241437,12,세종특별시
2026-06-17T14:40:12+09:00,GBIKE,131161,35.0,36.516456,127.241449,12,세종특별시
2026-06-17T14:40:12+09:00,GBIKE,130947,42.0,36.51646,127.241457,12,세종특별시
2026-06-17T14:40:12+09:00,GBIKE,131508,71.0,36.51647,127.255825,12,세종특별시
2026-06-17T14:40:12+09:00,GBIKE,131404,56.0,36.516479,127.241474,12,세종특별시
2026-06-17T14:40:12+09:00,GBIKE,501327,74.0,36.516524,127.255758,12,세종특별시
2026-06-17T14:40:12+09:00,GBIKE,501560,78.0,36.516538,127.23521,12,세종특별시
2026-06-17T14:40:12+09:00,GBIKE,130490,95.0,36.516618,127.231961,12,세종특별시
2026-06-17T14:40:12+09:00,GBIKE,131978,56.0,36.516634,127.255714,12,세종특별시
2026-06-17T14:40:12+09:00,GBIKE,130424,58.0,36.516705,127.228991,12,세종특별시
2026-06-17T14:40:12+09:00,GBIKE,501254,45.0,36.516712,127.22898,12,세종특별시
2026-06-17T14:40:12+09:00,GBIKE,131511,43.0,36.516714,127.229013,12,세종특별시
2026-06-17T14:40:12+09:00,GBIKE,130580,51.0,36.51676,127.256113,12,세종특별시
2026-06-17T14:40:12+09:00,GBIKE,131085,94.0,36.51693,127.244196,12,세종특별시
2026-06-17T14:40:12+09:00,GBIKE,130197,54.0,36.516962,127.259297,12,세종특별시
2026-06-17T14:40:12+09:00,GBIKE,131292,70.0,36.516974,127.259285,12,세종특별시
2026-06-17T14:40:12+09:00,GBIKE,130983,44.0,36.517018,127.228807,12,세종특별시
2026-06-17T14:40:12+09:00,GBIKE,130416,88.0,36.517091,127.228863,12,세종특별시
2026-06-17T14:40:12+09:00,GBIKE,131166,88.0,36.517244,127.26476,12,세종특별시
2026-06-17T14:40:12+09:00,GBIKE,130804,68.0,36.517245,127.236309,12,세종특별시
2026-06-17T14:40:12+09:00,GBIKE,131734,80.0,36.517362,127.240694,12,세종특별시
2026-06-17T14:40:12+09:00,GBIKE,501531,70.0,36.517377,127.259179,12,세종특별시
2026-06-17T14:40:12+09:00,GBIKE,130908,60.0,36.517398,127.241847,12,세종특별시
2026-06-17T14:40:12+09:00,GBIKE,358231,30.0,36.51742,127.23707,12,세종특별시
2026-06-17T14:40:12+09:00,GBIKE,130275,89.0,36.51744,127.241247,12,세종특별시
2026-06-17T14:40:12+09:00,GBIKE,131306,73.0,36.517445,127.241888,12,세종특별시
2026-06-17T14:40:12+09:00,GBIKE,501267,61.0,36.517469,127.249995,12,세종특별시
2026-06-17T14:40:12+09:00,GBIKE,501155,55.0,36.517541,127.264552,12,세종특별시
2026-06-17T14:40:12+09:00,GBIKE,130623,40.0,36.517603,127.231343,12,세종특별시
2026-06-17T14:40:12+09:00,GBIKE,131689,33.0,36.517604,127.240952,12,세종특별시
2026-06-17T14:40:12+09:00,GBIKE,131274,52.0,36.517633,127.258546,12,세종특별시
2026-06-17T14:40:12+09:00,GBIKE,131822,35.0,36.517672,127.258618,12,세종특별시
2026-06-17T14:40:12+09:00,GBIKE,131372,85.0,36.517676,127.241981,12,세종특별시
2026-06-17T14:40:12+09:00,GBIKE,131478,100.0,36.517733,127.261971,12,세종특별시
2026-06-17T14:40:12+09:00,GBIKE,501589,46.0,36.51774,127.23031,12,세종특별시
2026-06-17T14:40:12+09:00,GBIKE,131896,53.0,36.517744,127.260023,12,세종특별시
2026-06-17T14:40:12+09:00,GBIKE,131316,61.0,36.51776,127.240667,12,세종특별시
2026-06-17T14:40:12+09:00,GBIKE,131116,73.0,36.517782,127.236981,12,세종특별시
2026-06-17T14:40:12+09:00,GBIKE,131989,45.0,36.517812,127.25221,12,세종특별시
2026-06-17T14:40:12+09:00,GBIKE,130522,68.0,36.517825,127.239638,12,세종특별시
2026-06-17T14:40:12+09:00,GBIKE,131468,100.0,36.5179,127.261996,12,세종특별시
2026-06-17T14:40:12+09:00,GBIKE,130059,93.0,36.517935,127.232472,12,세종특별시
2026-06-17T14:40:12+09:00,GBIKE,501119,71.0,36.517949,127.229438,12,세종특별시
2026-06-17T14:40:12+09:00,GBIKE,131105,85.0,36.518125,127.233863,12,세종특별시
2026-06-17T14:40:12+09:00,GBIKE,131124,49.0,36.518129,127.234566,12,세종특별시
2026-06-17T14:40:12+09:00,GBIKE,131674,60.0,36.518195,127.263376,12,세종특별시
2026-06-17T14:40:12+09:00,GBIKE,130659,55.0,36.518222,127.252041,12,세종특별시
2026-06-17T14:40:12+09:00,GBIKE,130784,42.0,36.518231,127.234844,12,세종특별시
2026-06-17T14:40:12+09:00,GBIKE,131618,63.0,36.51825,127.263427,12,세종특별시
2026-06-17T14:40:12+09:00,GBIKE,131466,93.0,36.518273,127.263412,12,세종특별시
2026-06-17T14:40:12+09:00,GBIKE,131667,78.0,36.518318,127.235113,12,세종특별시
2026-06-17T14:40:12+09:00,GBIKE,131125,90.0,36.518323,127.235094,12,세종특별시
2026-06-17T14:40:12+09:00,GBIKE,131740,55.0,36.518373,127.263766,12,세종특별시
2026-06-17T14:40:12+09:00,GBIKE,130821,56.0,36.518374,127.229964,12,세종특별시
2026-06-17T14:40:12+09:00,GBIKE,131376,48.0,36.518492,127.256895,12,세종특별시
2026-06-17T14:40:12+09:00,GBIKE,131078,65.0,36.51852,127.234854,12,세종특별시
2026-06-17T14:40:12+09:00,GBIKE,131968,44.0,36.518527,127.256848,12,세종특별시
2026-06-17T14:40:12+09:00,GBIKE,501544,85.0,36.518527,127.256848,12,세종특별시
2026-06-17T14:40:12+09:00,GBIKE,131576,76.0,36.518532,127.256839,12,세종특별시
2026-06-17T14:40:12+09:00,GBIKE,131792,50.0,36.518532,127.256873,12,세종특별시
2026-06-17T14:40:12+09:00,GBIKE,130871,76.0,36.518549,127.256669,12,세종특별시
2026-06-17T14:40:12+09:00,GBIKE,131184,85.0,36.518571,127.256794,12,세종특별시
2026-06-17T14:40:12+09:00,GBIKE,131700,89.0,36.518648,127.257082,12,세종특별시
2026-06-17T14:40:12+09:00,GBIKE,131142,56.0,36.518676,127.252512,12,세종특별시
2026-06-17T14:40:12+09:00,GBIKE,130718,96.0,36.518678,127.233049,12,세종특별시
2026-06-17T14:40:12+09:00,GBIKE,131159,54.0,36.518693,127.257052,12,세종특별시
2026-06-17T14:40:12+09:00,GBIKE,130536,100.0,36.518747,127.233757,12,세종특별시
2026-06-17T14:40:12+09:00,GBIKE,358227,99.0,36.518761,127.245071,12,세종특별시
2026-06-17T14:40:12+09:00,GBIKE,131928,66.0,36.518778,127.235574,12,세종특별시
2026-06-17T14:40:12+09:00,GBIKE,131693,48.0,36.518797,127.235544,12,세종특별시
2026-06-17T14:40:12+09:00,GBIKE,131540,96.0,36.518801,127.235562,12,세종특별시
2026-06-17T14:40:12+09:00,GBIKE,131940,86.0,36.518819,127.235689,12,세종특별시
2026-06-17T14:40:12+09:00,GBIKE,130493,69.0,36.518855,127.235528,12,세종특별시
2026-06-17T14:40:12+09:00,GBIKE,131190,51.0,36.518867,127.235743,12,세종특별시
2026-06-17T14:40:12+09:00,GBIKE,130185,84.0,36.5189,127.232978,12,세종특별시
2026-06-17T14:40:12+09:00,GBIKE,131744,71.0,36.518908,127.235855,12,세종특별시
2026-06-17T14:40:12+09:00,GBIKE,501300,67.0,36.518915,127.238241,12,세종특별시
2026-06-17T14:40:12+09:00,GBIKE,131588,85.0,36.51892,127.235815,12,세종특별시
2026-06-17T14:40:12+09:00,GBIKE,131729,88.0,36.518943,127.252629,12,세종특별시
2026-06-17T14:40:12+09:00,GBIKE,131253,48.0,36.518959,127.252121,12,세종특별시
2026-06-17T14:40:12+09:00,GBIKE,501158,75.0,36.518976,127.246563,12,세종특별시
2026-06-17T14:40:12+09:00,GBIKE,130984,81.0,36.518982,127.230206,12,세종특별시
2026-06-17T14:40:12+09:00,GBIKE,130859,94.0,36.519089,127.252277,12,세종특별시
2026-06-17T14:40:12+09:00,GBIKE,130918,75.0,36.519125,127.23594,12,세종특별시
2026-06-17T14:40:12+09:00,GBIKE,131495,93.0,36.519191,127.236279,12,세종특별시
2026-06-17T14:40:12+09:00,GBIKE,131449,86.0,36.519215,127.236206,12,세종특별시
2026-06-17T14:40:12+09:00,GBIKE,131763,86.0,36.519216,127.236269,12,세종특별시
2026-06-17T14:40:12+09:00,GBIKE,131031,45.0,36.519276,127.239212,12,세종특별시
2026-06-17T14:40:12+09:00,GBIKE,501144,85.0,36.5193,127.252547,12,세종특별시
2026-06-17T14:40:12+09:00,GBIKE,130217,69.0,36.519412,127.236502,12,세종특별시
2026-06-17T14:40:12+09:00,GBIKE,131549,91.0,36.51944,127.257237,12,세종특별시
2026-06-17T14:40:12+09:00,GBIKE,130265,51.0,36.519478,127.252891,12,세종특별시
2026-06-17T14:40:12+09:00,GBIKE,130285,95.0,36.519486,127.251629,12,세종특별시
2026-06-17T14:40:12+09:00,GBIKE,131718,57.0,36.519506,127.257266,12,세종특별시
2026-06-17T14:40:12+09:00,GBIKE,501153,80.0,36.519551,127.2494,12,세종특별시
2026-06-17T14:40:12+09:00,GBIKE,131685,96.0,36.519575,127.236888,12,세종특별시
2026-06-17T14:40:12+09:00,GBIKE,501572,77.0,36.519623,127.253046,12,세종특별시
2026-06-17T14:40:12+09:00,GBIKE,130114,62.0,36.51969,127.234433,12,세종특별시
2026-06-17T14:40:12+09:00,GBIKE,130683,80.0,36.519897,127.235796,12,세종특별시
2026-06-17T14:40:12+09:00,GBIKE,130025,86.0,36.519904,127.235762,12,세종특별시
2026-06-17T14:40:12+09:00,GBIKE,131128,59.0,36.519905,127.236808,12,세종특별시
2026-06-17T14:40:12+09:00,GBIKE,131193,87.0,36.519932,127.23621,12,세종특별시
2026-06-17T14:40:12+09:00,GBIKE,130858,86.0,36.519934,127.236242,12,세종특별시
2026-06-17T14:40:12+09:00,GBIKE,130430,56.0,36.519969,127.235691,12,세종특별시
2026-06-17T14:40:12+09:00,GBIKE,130869,77.0,36.520049,127.236898,12,세종특별시
2026-06-17T14:40:12+09:00,GBIKE,130431,71.0,36.520146,127.236043,12,세종특별시
2026-06-17T14:40:12+09:00,GBIKE,130373,46.0,36.520213,127.236557,12,세종특별시
2026-06-17T14:40:12+09:00,GBIKE,131112,57.0,36.52046,127.236707,12,세종특별시
2026-06-17T14:40:12+09:00,GBIKE,130450,81.0,36.520462,127.239381,12,세종특별시
2026-06-17T14:40:12+09:00,GBIKE,130386,52.0,36.52063,127.246821,12,세종특별시
2026-06-17T14:40:12+09:00,GBIKE,501120,89.0,36.521054,127.262148,12,세종특별시
2026-06-17T14:40:12+09:00,GBIKE,501134,53.0,36.52106,127.262149,12,세종특별시
2026-06-17T14:40:12+09:00,GBIKE,131053,89.0,36.521065,127.233165,12,세종특별시
2026-06-17T14:40:12+09:00,GBIKE,501143,91.0,36.521088,127.262141,12,세종특별시
2026-06-17T14:40:12+09:00,GBIKE,130340,85.0,36.521102,127.233168,12,세종특별시
2026-06-17T14:40:12+09:00,GBIKE,131965,91.0,36.521204,127.247567,12,세종특별시
2026-06-17T14:40:12+09:00,GBIKE,131426,81.0,36.521205,127.247471,12,세종특별시
2026-06-17T14:40:12+09:00,GBIKE,130262,76.0,36.521298,127.25958,12,세종특별시
2026-06-17T14:40:12+09:00,GBIKE,501287,44.0,36.521433,127.251316,12,세종특별시
2026-06-17T14:40:12+09:00,GBIKE,501385,39.0,36.521437,127.251338,12,세종특별시
2026-06-17T14:40:12+09:00,GBIKE,130465,94.0,36.521484,127.232826,12,세종특별시
2026-06-17T14:40:12+09:00,GBIKE,131328,73.0,36.521709,127.23337,12,세종특별시
2026-06-17T14:40:12+09:00,GBIKE,131850,42.0,36.521715,127.233366,12,세종특별시
2026-06-17T14:40:12+09:00,GBIKE,131229,36.0,36.521721,127.233365,12,세종특별시
2026-06-17T14:40:12+09:00,GBIKE,131834,95.0,36.52176,127.232735,12,세종특별시
2026-06-17T14:40:12+09:00,GBIKE,130111,47.0,36.521778,127.233353,12,세종특별시
2026-06-17T14:40:12+09:00,GBIKE,130828,72.0,36.521798,127.234063,12,세종특별시
2026-06-17T14:40:12+09:00,GBIKE,130888,50.0,36.521893,127.248445,12,세종특별시
2026-06-17T14:40:12+09:00,GBIKE,130575,75.0,36.521925,127.234337,12,세종특별시
2026-06-17T14:40:12+09:00,GBIKE,131914,80.0,36.521987,127.249232,12,세종특별시
2026-06-17T14:40:12+09:00,GBIKE,130061,46.0,36.521994,127.248946,12,세종특별시
2026-06-17T14:40:12+09:00,GBIKE,501571,94.0,36.521999,127.248911,12,세종특별시
2026-06-17T14:40:12+09:00,GBIKE,130181,59.0,36.52216,127.234746,12,세종특별시
2026-06-17T14:40:12+09:00,GBIKE,130520,39.0,36.522167,127.234235,12,세종특별시
2026-06-17T14:40:12+09:00,GBIKE,131771,35.0,36.522317,127.234552,12,세종특별시
2026-06-17T14:40:12+09:00,GBIKE,130894,43.0,36.522348,127.234563,12,세종특별시
2026-06-17T14:40:12+09:00,GBIKE,131852,46.0,36.522363,127.234549,12,세종특별시
2026-06-17T14:40:12+09:00,GBIKE,131189,100.0,36.522421,127.235144,12,세종특별시
2026-06-17T14:40:12+09:00,GBIKE,501343,63.0,36.522436,127.232504,12,세종특별시
2026-06-17T14:40:12+09:00,GBIKE,501244,30.0,36.523182,127.267474,12,세종특별시
2026-06-17T14:40:12+09:00,GBIKE,501512,89.0,36.523197,127.26745,12,세종특별시
2026-06-17T14:40:12+09:00,GBIKE,131543,56.0,36.523379,127.279217,12,세종특별시
2026-06-17T14:40:12+09:00,GBIKE,130798,50.0,36.523829,127.277054,12,세종특별시
2026-06-17T14:40:12+09:00,GBIKE,131877,48.0,36.523843,127.277084,12,세종특별시
2026-06-17T14:40:12+09:00,GBIKE,130787,100.0,36.524122,127.269648,12,세종특별시
2026-06-17T14:40:12+09:00,GBIKE,131553,99.0,36.524133,127.278014,12,세종특별시
2026-06-17T14:40:12+09:00,GBIKE,131484,76.0,36.524236,127.277379,12,세종특별시
2026-06-17T14:40:12+09:00,GBIKE,131365,69.0,36.524294,127.277232,12,세종특별시
2026-06-17T14:40:12+09:00,GBIKE,131350,94.0,36.524305,127.277229,12,세종특별시
2026-06-17T14:40:12+09:00,GBIKE,130252,78.0,36.524597,127.271394,12,세종특별시
2026-06-17T14:40:12+09:00,GBIKE,130302,30.0,36.524988,127.275997,12,세종특별시
2026-06-17T14:40:12+09:00,GBIKE,501570,61.0,36.525058,127.260995,12,세종특별시
2026-06-17T14:40:12+09:00,GBIKE,131430,88.0,36.525087,127.26161,12,세종특별시
2026-06-17T14:40:12+09:00,GBIKE,501146,45.0,36.52533,127.274513,12,세종특별시
2026-06-17T14:40:12+09:00,GBIKE,131750,76.0,36.525471,127.261217,12,세종특별시
2026-06-17T14:40:12+09:00,GBIKE,130307,100.0,36.52558,127.267468,12,세종특별시
2026-06-17T14:40:12+09:00,GBIKE,131320,83.0,36.525931,127.271588,12,세종특별시
2026-06-17T14:40:12+09:00,GBIKE,131066,100.0,36.526592,127.262369,12,세종특별시
2026-06-17T14:40:12+09:00,GBIKE,131330,34.0,36.526617,127.267275,12,세종특별시
2026-06-17T14:40:12+09:00,GBIKE,131103,63.0,36.526707,127.262661,12,세종특별시
2026-06-17T14:40:12+09:00,GBIKE,131622,100.0,36.52673,127.263475,12,세종특별시
2026-06-17T14:40:12+09:00,GBIKE,130331,84.0,36.526988,127.267448,12,세종특별시
2026-06-17T14:40:12+09:00,GBIKE,501316,30.0,36.527042,127.270956,12,세종특별시
2026-06-17T14:40:12+09:00,GBIKE,131730,33.0,36.527085,127.269657,12,세종특별시
2026-06-17T14:40:12+09:00,GBIKE,130932,52.0,36.527249,127.249429,12,세종특별시
2026-06-17T14:40:12+09:00,GBIKE,131733,100.0,36.52732,127.271642,12,세종특별시
2026-06-17T14:40:12+09:00,GBIKE,130290,65.0,36.527358,127.271616,12,세종특별시
2026-06-17T14:40:12+09:00,GBIKE,131601,100.0,36.52743,127.262483,12,세종특별시
2026-06-17T14:40:12+09:00,GBIKE,130708,100.0,36.527674,127.263344,12,세종특별시
2026-06-17T14:40:12+09:00,GBIKE,130179,87.0,36.527761,127.267425,12,세종특별시
2026-06-17T14:40:12+09:00,GBIKE,130336,33.0,36.527994,127.267558,12,세종특별시
2026-06-17T14:40:12+09:00,GBIKE,131413,33.0,36.528027,127.270115,12,세종특별시
2026-06-17T14:40:12+09:00,GBIKE,130911,35.0,36.528053,127.270067,12,세종특별시
2026-06-17T14:40:12+09:00,GBIKE,130792,34.0,36.528131,127.267552,12,세종특별시
2026-06-17T14:40:12+09:00,GBIKE,501330,61.0,36.528138,127.264702,12,세종특별시
2026-06-17T14:40:12+09:00,GBIKE,130056,100.0,36.528234,127.269187,12,세종특별시
2026-06-17T14:40:12+09:00,GBIKE,501439,85.0,36.528238,127.267661,12,세종특별시
2026-06-17T14:40:12+09:00,GBIKE,131627,100.0,36.528285,127.267616,12,세종특별시
2026-06-17T14:40:12+09:00,GBIKE,131516,58.0,36.528317,127.268666,12,세종특별시
2026-06-17T14:40:12+09:00,GBIKE,130999,87.0,36.528342,127.248345,12,세종특별시
2026-06-17T14:40:12+09:00,GBIKE,130734,67.0,36.528491,127.263947,12,세종특별시
2026-06-17T14:40:12+09:00,GBIKE,130907,46.0,36.528552,127.263933,12,세종특별시
2026-06-17T14:40:12+09:00,GBIKE,131291,100.0,36.528717,127.264845,12,세종특별시
2026-06-17T14:40:12+09:00,GBIKE,130142,75.0,36.528735,127.256987,12,세종특별시
2026-06-17T14:40:12+09:00,GBIKE,131958,92.0,36.528954,127.263875,12,세종특별시
2026-06-17T14:40:12+09:00,GBIKE,131251,65.0,36.528989,127.263957,12,세종특별시
2026-06-17T14:40:12+09:00,GBIKE,131938,65.0,36.529055,127.263961,12,세종특별시
2026-06-17T14:40:12+09:00,GBIKE,131104,100.0,36.529133,127.264126,12,세종특별시
2026-06-17T14:40:12+09:00,GBIKE,130088,84.0,36.529215,127.256139,12,세종특별시
2026-06-17T14:40:12+09:00,GBIKE,501526,81.0,36.529317,127.264753,12,세종특별시
2026-06-17T14:40:12+09:00,GBIKE,131658,78.0,36.529349,127.264242,12,세종특별시
2026-06-17T14:40:12+09:00,GBIKE,130810,32.0,36.529354,127.264282,12,세종특별시
2026-06-17T14:40:12+09:00,GBIKE,131562,71.0,36.529389,127.26015,12,세종특별시
2026-06-17T14:40:12+09:00,GBIKE,130457,49.0,36.529455,127.260135,12,세종특별시
2026-06-17T14:40:12+09:00,GBIKE,130530,30.0,36.529456,127.264435,12,세종특별시
2026-06-17T14:40:12+09:00,GBIKE,130257,100.0,36.529688,127.260103,12,세종특별시
2026-06-17T14:40:12+09:00,GBIKE,131044,95.0,36.529738,127.255013,12,세종특별시
2026-06-17T14:40:12+09:00,GBIKE,130803,31.0,36.529742,127.255153,12,세종특별시
2026-06-17T14:40:12+09:00,GBIKE,130499,100.0,36.529761,127.255063,12,세종특별시
2026-06-17T14:40:12+09:00,GBIKE,131383,100.0,36.529765,127.254876,12,세종특별시
2026-06-17T14:40:12+09:00,GBIKE,131010,91.0,36.529768,127.255224,12,세종특별시
2026-06-17T14:40:12+09:00,GBIKE,501388,36.0,36.529772,127.255231,12,세종특별시
2026-06-17T14:40:12+09:00,GBIKE,131929,77.0,36.529776,127.255092,12,세종특별시
2026-06-17T14:40:12+09:00,GBIKE,130753,100.0,36.529779,127.254875,12,세종특별시
2026-06-17T14:40:12+09:00,GBIKE,130764,63.0,36.529779,127.254978,12,세종특별시
2026-06-17T14:40:12+09:00,GBIKE,131582,45.0,36.52978,127.254909,12,세종특별시
2026-06-17T14:40:12+09:00,GBIKE,130317,100.0,36.529784,127.254931,12,세종특별시
2026-06-17T14:40:12+09:00,GBIKE,131907,100.0,36.529786,127.254911,12,세종특별시
2026-06-17T14:40:12+09:00,GBIKE,131957,39.0,36.529791,127.254949,12,세종특별시
2026-06-17T14:40:12+09:00,GBIKE,131394,100.0,36.529796,127.254946,12,세종특별시
2026-06-17T14:40:12+09:00,GBIKE,131021,100.0,36.529823,127.254909,12,세종특별시
2026-06-17T14:40:12+09:00,GBIKE,131489,44.0,36.529831,127.256019,12,세종특별시
2026-06-17T14:40:12+09:00,GBIKE,501281,100.0,36.529841,127.254911,12,세종특별시
2026-06-17T14:40:12+09:00,GBIKE,130802,41.0,36.529921,127.25512,12,세종특별시
2026-06-17T14:40:12+09:00,GBIKE,501488,73.0,36.530146,127.267349,12,세종특별시
2026-06-17T14:40:12+09:00,GBIKE,501369,100.0,36.530187,127.257987,12,세종특별시
2026-06-17T14:40:12+09:00,GBIKE,501174,65.0,36.530213,127.258942,12,세종특별시
2026-06-17T14:40:12+09:00,GBIKE,130569,100.0,36.530243,127.265843,12,세종특별시
2026-06-17T14:40:12+09:00,GBIKE,131493,78.0,36.530312,127.265389,12,세종특별시
2026-06-17T14:40:12+09:00,GBIKE,130413,81.0,36.530415,127.26545,12,세종특별시
2026-06-17T14:40:12+09:00,GBIKE,131281,43.0,36.53043,127.254882,12,세종특별시
2026-06-17T14:40:12+09:00,GBIKE,501474,82.0,36.530439,127.266848,12,세종특별시
2026-06-17T14:40:12+09:00,GBIKE,130806,56.0,36.530462,127.25483,12,세종특별시
2026-06-17T14:40:12+09:00,GBIKE,131401,74.0,36.53054,127.266791,12,세종특별시
2026-06-17T14:40:12+09:00,GBIKE,130028,100.0,36.530549,127.253896,12,세종특별시
2026-06-17T14:40:12+09:00,GBIKE,501326,48.0,36.530633,127.256902,12,세종특별시
2026-06-17T14:40:12+09:00,GBIKE,130822,49.0,36.53067,127.259085,12,세종특별시
2026-06-17T14:40:12+09:00,GBIKE,131186,31.0,36.530693,127.265861,12,세종특별시
2026-06-17T14:40:12+09:00,GBIKE,131814,66.0,36.530722,127.25468,12,세종특별시
2026-06-17T14:40:12+09:00,GBIKE,130658,61.0,36.53075,127.254415,12,세종특별시
2026-06-17T14:40:12+09:00,GBIKE,130684,38.0,36.530757,127.262284,12,세종특별시
2026-06-17T14:40:12+09:00,GBIKE,130097,84.0,36.530821,127.258943,12,세종특별시
2026-06-17T14:40:12+09:00,GBIKE,131446,79.0,36.530878,127.262501,12,세종특별시
2026-06-17T14:40:12+09:00,GBIKE,130585,100.0,36.530886,127.253546,12,세종특별시
2026-06-17T14:40:12+09:00,GBIKE,130316,100.0,36.530889,127.253048,12,세종특별시
2026-06-17T14:40:12+09:00,GBIKE,130513,56.0,36.530894,127.253566,12,세종특별시
2026-06-17T14:40:12+09:00,GBIKE,131736,47.0,36.53091,127.253074,12,세종특별시
2026-06-17T14:40:12+09:00,GBIKE,131592,54.0,36.530913,127.253095,12,세종특별시
2026-06-17T14:40:12+09:00,GBIKE,130297,87.0,36.530926,127.253552,12,세종특별시
2026-06-17T14:40:12+09:00,GBIKE,130586,100.0,36.530948,127.253547,12,세종특별시
2026-06-17T14:40:12+09:00,GBIKE,130919,39.0,36.530958,127.264764,12,세종특별시
2026-06-17T14:40:12+09:00,GBIKE,343326,35.0,36.531011,127.259373,12,세종특별시
2026-06-17T14:40:12+09:00,GBIKE,501222,37.0,36.531017,127.259287,12,세종특별시
2026-06-17T14:40:12+09:00,GBIKE,130890,67.0,36.531037,127.25362,12,세종특별시
2026-06-17T14:40:12+09:00,GBIKE,130506,38.0,36.531091,127.253993,12,세종특별시
2026-06-17T14:40:12+09:00,GBIKE,130690,67.0,36.531095,127.245813,12,세종특별시
2026-06-17T14:40:12+09:00,GBIKE,131245,74.0,36.531098,127.253963,12,세종특별시
2026-06-17T14:40:12+09:00,GBIKE,501550,100.0,36.531106,127.266373,12,세종특별시
2026-06-17T14:40:12+09:00,GBIKE,130823,100.0,36.531115,127.254092,12,세종특별시
2026-06-17T14:40:12+09:00,GBIKE,131391,71.0,36.531139,127.245747,12,세종특별시
2026-06-17T14:40:12+09:00,GBIKE,131170,100.0,36.531288,127.25958,12,세종특별시
2026-06-17T14:40:12+09:00,GBIKE,131437,63.0,36.531306,127.254064,12,세종특별시
2026-06-17T14:40:12+09:00,GBIKE,130671,39.0,36.531347,127.26769,12,세종특별시
2026-06-17T14:40:12+09:00,GBIKE,130325,48.0,36.531401,127.254057,12,세종특별시
2026-06-17T14:40:12+09:00,GBIKE,130582,100.0,36.531414,127.254069,12,세종특별시
2026-06-17T14:40:12+09:00,GBIKE,131919,69.0,36.531502,127.268246,12,세종특별시
2026-06-17T14:40:12+09:00,GBIKE,131723,90.0,36.531587,127.260673,12,세종특별시
2026-06-17T14:40:12+09:00,GBIKE,130948,35.0,36.5316,127.24518,12,세종특별시
2026-06-17T14:40:12+09:00,GBIKE,501216,74.0,36.531633,127.245247,12,세종특별시
2026-06-17T14:40:12+09:00,GBIKE,131486,59.0,36.531644,127.245201,12,세종특별시
2026-06-17T14:40:12+09:00,GBIKE,130641,57.0,36.531718,127.261576,12,세종특별시
2026-06-17T14:40:12+09:00,GBIKE,130882,83.0,36.531787,127.261534,12,세종특별시
2026-06-17T14:40:12+09:00,GBIKE,131676,31.0,36.531915,127.268666,12,세종특별시
2026-06-17T14:40:12+09:00,GBIKE,130320,75.0,36.531977,127.265603,12,세종특별시
2026-06-17T14:40:12+09:00,GBIKE,131769,74.0,36.532171,127.265697,12,세종특별시
2026-06-17T14:40:12+09:00,GBIKE,130216,49.0,36.532202,127.264341,12,세종특별시
2026-06-17T14:40:12+09:00,GBIKE,130021,65.0,36.532453,127.265237,12,세종특별시
2026-06-17T14:40:12+09:00,GBIKE,130900,100.0,36.532459,127.265246,12,세종특별시
2026-06-17T14:40:12+09:00,GBIKE,501240,30.0,36.532582,127.257046,12,세종특별시
2026-06-17T14:40:12+09:00,GBIKE,501156,100.0,36.532794,127.265268,12,세종특별시
2026-06-17T14:40:12+09:00,GBIKE,130833,69.0,36.533124,127.266094,12,세종특별시
2026-06-17T14:40:12+09:00,GBIKE,130648,39.0,36.533488,127.265871,12,세종특별시
2026-06-17T14:40:12+09:00,GBIKE,130754,31.0,36.53352,127.266268,12,세종특별시
2026-06-17T14:40:12+09:00,GBIKE,131706,88.0,36.533609,127.265939,12,세종특별시
2026-06-17T14:40:12+09:00,GBIKE,131648,36.0,36.533688,127.266832,12,세종특별시
2026-06-17T14:40:12+09:00,GBIKE,131633,42.0,36.534219,127.26366,12,세종특별시
2026-06-17T14:40:12+09:00,GBIKE,130312,34.0,36.534569,127.262621,12,세종특별시
2026-06-17T14:40:12+09:00,GBIKE,131374,83.0,36.542647,127.364902,12,세종특별시
2026-06-17T14:40:12+09:00,GBIKE,131903,100.0,36.542689,127.364844,12,세종특별시
2026-06-17T14:40:12+09:00,GBIKE,131649,77.0,36.542704,127.364777,12,세종특별시
2026-06-17T14:40:12+09:00,GBIKE,131432,88.0,36.542718,127.364774,12,세종특별시
2026-06-17T14:40:12+09:00,GBIKE,131098,93.0,36.542727,127.364731,12,세종특별시
2026-06-17T14:40:12+09:00,GBIKE,501534,100.0,36.542759,127.364738,12,세종특별시
2026-06-17T14:40:12+09:00,GBIKE,301478,50.0,36.542767,127.36581,12,세종특별시
2026-06-17T14:40:12+09:00,GBIKE,131640,62.0,36.542778,127.364643,12,세종특별시
2026-06-17T14:40:12+09:00,GBIKE,130093,100.0,36.54278,127.364632,12,세종특별시
2026-06-17T14:40:12+09:00,GBIKE,131214,65.0,36.542783,127.364576,12,세종특별시
2026-06-17T14:40:12+09:00,GBIKE,131561,58.0,36.542838,127.364705,12,세종특별시
2026-06-17T14:40:12+09:00,GBIKE,131872,79.0,36.542859,127.3647,12,세종특별시
2026-06-17T14:40:12+09:00,GBIKE,130091,48.0,36.542863,127.364701,12,세종특별시
2026-06-17T14:40:12+09:00,GBIKE,501228,100.0,36.542868,127.364729,12,세종특별시
2026-06-17T14:40:12+09:00,GBIKE,130118,85.0,36.542869,127.364679,12,세종특별시
2026-06-17T14:40:12+09:00,GBIKE,130892,49.0,36.542875,127.36469,12,세종특별시
2026-06-17T14:40:12+09:00,GBIKE,501559,100.0,36.542932,127.36435,12,세종특별시
2026-06-17T14:40:12+09:00,GBIKE,385850,30.0,36.585196,127.369438,12,세종특별시
2026-06-17T14:40:12+09:00,GBIKE,385504,61.0,36.585886,127.295251,12,세종특별시
2026-06-17T14:40:12+09:00,GBIKE,625563,32.0,36.586428,127.293745,12,세종특별시
2026-06-17T14:40:12+09:00,GBIKE,381538,100.0,36.588476,127.290631,12,세종특별시
2026-06-17T14:40:12+09:00,GBIKE,384782,62.0,36.588676,127.291876,12,세종특별시
2026-06-17T14:40:12+09:00,GBIKE,383566,57.0,36.5888,127.27457,12,세종특별시
2026-06-17T14:40:12+09:00,GBIKE,365682,38.0,36.589265,127.298868,12,세종특별시
2026-06-17T14:40:12+09:00,GBIKE,630534,33.0,36.590556,127.291661,12,세종특별시
2026-06-17T14:40:12+09:00,GBIKE,354814,33.0,36.590928,127.289155,12,세종특별시
2026-06-17T14:40:12+09:00,GBIKE,353905,76.0,36.590971,127.289233,12,세종특별시
2026-06-17T14:40:12+09:00,GBIKE,612853,38.0,36.59135,127.29153,12,세종특별시
2026-06-17T14:40:12+09:00,GBIKE,378077,30.0,36.591423,127.29003,12,세종특별시
2026-06-17T14:40:12+09:00,GBIKE,376034,30.0,36.59153,127.295066,12,세종특별시
2026-06-17T14:40:12+09:00,GBIKE,374639,30.0,36.591551,127.29188,12,세종특별시
2026-06-17T14:40:12+09:00,GBIKE,390746,88.0,36.591576,127.291363,12,세종특별시
2026-06-17T14:40:12+09:00,GBIKE,392507,56.0,36.591681,127.291988,12,세종특별시
2026-06-17T14:40:12+09:00,GBIKE,369717,30.0,36.591691,127.29141,12,세종특별시
2026-06-17T14:40:12+09:00,GBIKE,347335,46.0,36.593286,127.29149,12,세종특별시
2026-06-17T14:40:12+09:00,GBIKE,370121,79.0,36.594335,127.288631,12,세종특별시
2026-06-17T14:40:12+09:00,GBIKE,375544,36.0,36.594608,127.28848,12,세종특별시
2026-06-17T14:40:12+09:00,GBIKE,383788,30.0,36.594758,127.285415,12,세종특별시
2026-06-17T14:40:12+09:00,GBIKE,384693,67.0,36.59483,127.287768,12,세종특별시
2026-06-17T14:40:12+09:00,GBIKE,617603,67.0,36.594835,127.285487,12,세종특별시
2026-06-17T14:40:12+09:00,GBIKE,390480,92.0,36.594985,127.27958,12,세종특별시
2026-06-17T14:40:12+09:00,GBIKE,383605,30.0,36.59501,127.289535,12,세종특별시
2026-06-17T14:40:12+09:00,GBIKE,630536,92.0,36.595072,127.288258,12,세종특별시
2026-06-17T14:40:12+09:00,GBIKE,611872,45.0,36.595142,127.289138,12,세종특별시
2026-06-17T14:40:12+09:00,GBIKE,371981,30.0,36.595326,127.290863,12,세종특별시
2026-06-17T14:40:12+09:00,GBIKE,607530,37.0,36.595478,127.291181,12,세종특별시
2026-06-17T14:40:12+09:00,GBIKE,384350,33.0,36.596916,127.300061,12,세종특별시
2026-06-17T14:40:12+09:00,GBIKE,613103,43.0,36.596964,127.30177,12,세종특별시
2026-06-17T14:40:12+09:00,GBIKE,639358,37.0,36.598671,127.290352,12,세종특별시
2026-06-17T14:40:12+09:00,GBIKE,389748,80.0,36.59963,127.29012,12,세종특별시
2026-06-17T14:40:12+09:00,GBIKE,614001,36.0,36.599921,127.298397,12,세종특별시
2026-06-17T14:40:12+09:00,GBIKE,377732,87.0,36.60014,127.301511,12,세종특별시
2026-06-17T14:40:12+09:00,GBIKE,367806,69.0,36.60032,127.29523,12,세종특별시
2026-06-17T14:40:12+09:00,GBIKE,382545,46.0,36.600483,127.301911,12,세종특별시
2026-06-17T14:40:12+09:00,GBIKE,620595,93.0,36.60053,127.301249,12,세종특별시
2026-06-17T14:40:12+09:00,GBIKE,632897,79.0,36.60077,127.290236,12,세종특별시
2026-06-17T14:40:12+09:00,GBIKE,365321,98.0,36.60083,127.302533,12,세종특별시
2026-06-17T14:40:12+09:00,GBIKE,371887,71.0,36.600851,127.295216,12,세종특별시
2026-06-17T14:40:12+09:00,GBIKE,618953,77.0,36.600946,127.290225,12,세종특별시
2026-06-17T14:40:12+09:00,GBIKE,347317,67.0,36.600956,127.295056,12,세종특별시
2026-06-17T14:40:12+09:00,GBIKE,375444,50.0,36.601028,127.29503,12,세종특별시
2026-06-17T14:40:12+09:00,GBIKE,617634,46.0,36.601184,127.2897,12,세종특별시
2026-06-17T14:40:12+09:00,GBIKE,390748,68.0,36.601245,127.289926,12,세종특별시
2026-06-17T14:40:12+09:00,GBIKE,373517,58.0,36.601373,127.295001,12,세종특별시
2026-06-17T14:40:12+09:00,GBIKE,628253,40.0,36.601404,127.295085,12,세종특별시
2026-06-17T14:40:12+09:00,GBIKE,624613,67.0,36.601407,127.295066,12,세종특별시
2026-06-17T14:40:12+09:00,GBIKE,603062,77.0,36.601453,127.295012,12,세종특별시
2026-06-17T14:40:12+09:00,GBIKE,394153,41.0,36.601588,127.294166,12,세종특별시
2026-06-17T14:40:12+09:00,GBIKE,383531,55.0,36.601708,127.295018,12,세종특별시
2026-06-17T14:40:12+09:00,GBIKE,636622,89.0,36.60172,127.303358,12,세종특별시
2026-06-17T14:40:12+09:00,GBIKE,384300,50.0,36.601773,127.303378,12,세종특별시
2026-06-17T14:40:12+09:00,GBIKE,367059,48.0,36.601883,127.280045,12,세종특별시
2026-06-17T14:40:12+09:00,GBIKE,365775,37.0,36.601926,127.294901,12,세종특별시
2026-06-17T14:40:12+09:00,GBIKE,345485,30.0,36.601953,127.294798,12,세종특별시
2026-06-17T14:40:12+09:00,GBIKE,384378,49.0,36.601993,127.28978,12,세종특별시
2026-06-17T14:40:12+09:00,GBIKE,373224,67.0,36.60202,127.290093,12,세종특별시
2026-06-17T14:40:12+09:00,GBIKE,383829,53.0,36.602051,127.29236,12,세종특별시
2026-06-17T14:40:12+09:00,GBIKE,615828,44.0,36.602072,127.281525,12,세종특별시
2026-06-17T14:40:12+09:00,GBIKE,383706,31.0,36.602133,127.294841,12,세종특별시
2026-06-17T14:40:12+09:00,GBIKE,346312,100.0,36.602158,127.292421,12,세종특별시
2026-06-17T14:40:12+09:00,GBIKE,347574,55.0,36.602485,127.294848,12,세종특별시
2026-06-17T14:40:12+09:00,GBIKE,368833,78.0,36.602531,127.285783,12,세종특별시
2026-06-17T14:40:12+09:00,GBIKE,389105,55.0,36.602575,127.289731,12,세종특별시
2026-06-17T14:40:12+09:00,GBIKE,388650,100.0,36.602585,127.303388,12,세종특별시
2026-06-17T14:40:12+09:00,GBIKE,368846,83.0,36.602801,127.2911,12,세종특별시
2026-06-17T14:40:12+09:00,GBIKE,383734,55.0,36.602956,127.279865,12,세종특별시
2026-06-17T14:40:12+09:00,GBIKE,351964,35.0,36.603023,127.289603,12,세종특별시
2026-06-17T14:40:12+09:00,GBIKE,614604,84.0,36.603062,127.289978,12,세종특별시
2026-06-17T14:40:12+09:00,GBIKE,347727,39.0,36.603161,127.290716,12,세종특별시
2026-06-17T14:40:12+09:00,GBIKE,381716,42.0,36.60324,127.2918,12,세종특별시
2026-06-17T14:40:12+09:00,GBIKE,383623,41.0,36.60324,127.291506,12,세종특별시
2026-06-17T14:40:12+09:00,GBIKE,362212,32.0,36.603246,127.290401,12,세종특별시
2026-06-17T14:40:12+09:00,GBIKE,628466,34.0,36.603394,127.304844,12,세종특별시
2026-06-17T14:40:12+09:00,GBIKE,604011,35.0,36.603415,127.289525,12,세종특별시
2026-06-17T14:40:12+09:00,GBIKE,628141,39.0,36.603444,127.289582,12,세종특별시
2026-06-17T14:40:12+09:00,GBIKE,629818,43.0,36.603486,127.289578,12,세종특별시
2026-06-17T14:40:12+09:00,GBIKE,636680,33.0,36.603498,127.281661,12,세종특별시
2026-06-17T14:40:12+09:00,GBIKE,379750,36.0,36.603505,127.289595,12,세종특별시
2026-06-17T14:40:12+09:00,GBIKE,384363,46.0,36.60351,127.289543,12,세종특별시
2026-06-17T14:40:12+09:00,GBIKE,380917,58.0,36.603526,127.289586,12,세종특별시
2026-06-17T14:40:12+09:00,GBIKE,602862,64.0,36.603578,127.289593,12,세종특별시
2026-06-17T14:40:12+09:00,GBIKE,623385,94.0,36.603615,127.293166,12,세종특별시
2026-06-17T14:40:12+09:00,GBIKE,631918,75.0,36.603731,127.29251,12,세종특별시
2026-06-17T14:40:12+09:00,GBIKE,625200,93.0,36.603732,127.29615,12,세종특별시
2026-06-17T14:40:12+09:00,GBIKE,367389,41.0,36.603765,127.291613,12,세종특별시
2026-06-17T14:40:12+09:00,GBIKE,610809,78.0,36.60377,127.296428,12,세종특별시
2026-06-17T14:40:12+09:00,GBIKE,635165,94.0,36.603782,127.296516,12,세종특별시
2026-06-17T14:40:12+09:00,GBIKE,380931,38.0,36.603788,127.296411,12,세종특별시
2026-06-17T14:40:12+09:00,GBIKE,635969,67.0,36.603844,127.297523,12,세종특별시
2026-06-17T14:40:12+09:00,GBIKE,377781,98.0,36.60389,127.297235,12,세종특별시
2026-06-17T14:40:12+09:00,GBIKE,375093,39.0,36.603908,127.287095,12,세종특별시
2026-06-17T14:40:12+09:00,GBIKE,623923,97.0,36.603943,127.297757,12,세종특별시
2026-06-17T14:40:12+09:00,GBIKE,617959,90.0,36.603988,127.292632,12,세종특별시
2026-06-17T14:40:12+09:00,GBIKE,370368,46.0,36.604026,127.294325,12,세종특별시
2026-06-17T14:40:12+09:00,GBIKE,625142,44.0,36.604082,127.298749,12,세종특별시
2026-06-17T14:40:12+09:00,GBIKE,374614,92.0,36.604291,127.29702,12,세종특별시
2026-06-17T14:40:12+09:00,GBIKE,382652,49.0,36.604388,127.300781,12,세종특별시
2026-06-17T14:40:12+09:00,GBIKE,382570,31.0,36.604525,127.292483,12,세종특별시
2026-06-17T14:40:12+09:00,GBIKE,386357,30.0,36.604556,127.292506,12,세종특별시
2026-06-17T14:40:12+09:00,GBIKE,369480,90.0,36.604595,127.29248,12,세종특별시
2026-06-17T14:40:12+09:00,GBIKE,616296,48.0,36.604646,127.292514,12,세종특별시
2026-06-17T14:40:12+09:00,GBIKE,629532,30.0,36.604938,127.287893,12,세종특별시
2026-06-17T14:40:12+09:00,GBIKE,631743,33.0,36.604942,127.297872,12,세종특별시
2026-06-17T14:40:12+09:00,GBIKE,633367,90.0,36.605102,127.289948,12,세종특별시
2026-06-17T14:40:12+09:00,GBIKE,381375,92.0,36.605318,127.297415,12,세종특별시
2026-06-17T14:40:12+09:00,GBIKE,385508,86.0,36.605336,127.292276,12,세종특별시
2026-06-17T14:40:12+09:00,GBIKE,383611,38.0,36.605481,127.292665,12,세종특별시
2026-06-17T14:40:12+09:00,GBIKE,383739,67.0,36.605543,127.292701,12,세종특별시
2026-06-17T14:40:12+09:00,GBIKE,368537,49.0,36.605621,127.292765,12,세종특별시
2026-06-17T14:40:12+09:00,GBIKE,383781,30.0,36.60563,127.300511,12,세종특별시
2026-06-17T14:40:12+09:00,GBIKE,620391,89.0,36.605719,127.294068,12,세종특별시
2026-06-17T14:40:12+09:00,GBIKE,387673,100.0,36.60572,127.294081,12,세종특별시
2026-06-17T14:40:12+09:00,GBIKE,383778,34.0,36.605735,127.289481,12,세종특별시
2026-06-17T14:40:12+09:00,GBIKE,384327,53.0,36.605746,127.292156,12,세종특별시
2026-06-17T14:40:12+09:00,GBIKE,384302,57.0,36.606028,127.277433,12,세종특별시
2026-06-17T14:40:12+09:00,GBIKE,384342,50.0,36.606113,127.293325,12,세종특별시
2026-06-17T14:40:12+09:00,GBIKE,391985,86.0,36.606243,127.293175,12,세종특별시
2026-06-17T14:40:12+09:00,GBIKE,382436,31.0,36.606265,127.289681,12,세종특별시
2026-06-17T14:40:12+09:00,GBIKE,394330,69.0,36.60638,127.294115,12,세종특별시
2026-06-17T14:40:12+09:00,GBIKE,374569,31.0,36.606853,127.293958,12,세종특별시
2026-06-17T14:40:12+09:00,GBIKE,355960,47.0,36.606858,127.293248,12,세종특별시
2026-06-17T14:40:12+09:00,GBIKE,388632,73.0,36.606991,127.290141,12,세종특별시
2026-06-17T14:40:12+09:00,GBIKE,345320,86.0,36.607,127.284303,12,세종특별시
2026-06-17T14:40:12+09:00,GBIKE,369515,31.0,36.607013,127.29047,12,세종특별시
2026-06-17T14:40:12+09:00,GBIKE,375527,32.0,36.6071,127.284493,12,세종특별시
2026-06-17T14:40:12+09:00,GBIKE,368384,50.0,36.607103,127.283605,12,세종특별시
2026-06-17T14:40:12+09:00,GBIKE,365501,63.0,36.607105,127.284271,12,세종특별시
2026-06-17T14:40:12+09:00,GBIKE,619363,48.0,36.607155,127.291906,12,세종특별시
2026-06-17T14:40:12+09:00,GBIKE,377098,63.0,36.607175,127.284298,12,세종특별시
2026-06-17T14:40:12+09:00,GBIKE,384694,53.0,36.60727,127.284926,12,세종특별시
2026-06-17T14:40:12+09:00,GBIKE,365795,41.0,36.607318,127.286208,12,세종특별시
2026-06-17T14:40:12+09:00,GBIKE,348952,100.0,36.607323,127.286298,12,세종특별시
2026-06-17T14:40:12+09:00,GBIKE,394908,86.0,36.607328,127.28633,12,세종특별시
2026-06-17T14:40:12+09:00,GBIKE,368132,38.0,36.607418,127.29245,12,세종특별시
2026-06-17T14:40:12+09:00,GBIKE,376326,36.0,36.607458,127.292488,12,세종특별시
2026-06-17T14:40:12+09:00,GBIKE,624662,72.0,36.607495,127.289465,12,세종특별시
2026-06-17T14:40:12+09:00,GBIKE,613735,49.0,36.607673,127.289167,12,세종특별시
2026-06-17T14:40:12+09:00,GBIKE,392394,74.0,36.607876,127.29282,12,세종특별시
2026-06-17T14:40:12+09:00,GBIKE,369487,39.0,36.608006,127.288451,12,세종특별시
2026-06-17T14:40:12+09:00,GBIKE,348243,95.0,36.608046,127.289146,12,세종특별시
2026-06-17T14:40:12+09:00,GBIKE,628775,95.0,36.608128,127.285122,12,세종특별시
2026-06-17T14:40:12+09:00,GBIKE,608840,54.0,36.608148,127.288329,12,세종특별시
2026-06-17T14:40:12+09:00,GBIKE,386746,48.0,36.608168,127.288326,12,세종특별시
2026-06-17T14:40:12+09:00,GBIKE,384361,94.0,36.608205,127.288313,12,세종특별시
2026-06-17T14:40:12+09:00,GBIKE,637500,30.0,36.608229,127.291305,12,세종특별시
2026-06-17T14:40:12+09:00,GBIKE,612261,40.0,36.608231,127.288602,12,세종특별시
2026-06-17T14:40:12+09:00,GBIKE,633047,66.0,36.60833,127.289103,12,세종특별시
2026-06-17T14:40:12+09:00,GBIKE,364617,83.0,36.608346,127.283965,12,세종특별시
2026-06-17T14:40:12+09:00,GBIKE,604672,42.0,36.608403,127.29008,12,세종특별시
2026-06-17T14:40:12+09:00,GBIKE,637354,72.0,36.608405,127.293012,12,세종특별시
2026-06-17T14:40:12+09:00,GBIKE,381658,49.0,36.60842,127.28834,12,세종특별시
2026-06-17T14:40:12+09:00,GBIKE,387871,69.0,36.608436,127.288336,12,세종특별시
2026-06-17T14:40:12+09:00,GBIKE,627925,71.0,36.608518,127.285617,12,세종특별시
2026-06-17T14:40:12+09:00,GBIKE,375487,31.0,36.60852,127.289178,12,세종특별시
2026-06-17T14:40:12+09:00,GBIKE,624058,73.0,36.608552,127.289523,12,세종특별시
2026-06-17T14:40:12+09:00,GBIKE,370374,31.0,36.608611,127.289476,12,세종특별시
2026-06-17T14:40:12+09:00,GBIKE,388893,65.0,36.608623,127.283768,12,세종특별시
2026-06-17T14:40:12+09:00,GBIKE,385640,44.0,36.608631,127.283928,12,세종특별시
2026-06-17T14:40:12+09:00,GBIKE,381468,80.0,36.608633,127.283736,12,세종특별시
2026-06-17T14:40:12+09:00,GBIKE,638335,80.0,36.608638,127.288949,12,세종특별시
2026-06-17T14:40:12+09:00,GBIKE,382936,49.0,36.608641,127.283851,12,세종특별시
2026-06-17T14:40:12+09:00,GBIKE,389216,79.0,36.608653,127.289148,12,세종특별시
2026-06-17T14:40:12+09:00,GBIKE,388389,88.0,36.608656,127.283895,12,세종특별시
2026-06-17T14:40:12+09:00,GBIKE,373770,91.0,36.608663,127.288871,12,세종특별시
2026-06-17T14:40:12+09:00,GBIKE,392829,87.0,36.608666,127.28885,12,세종특별시
2026-06-17T14:40:12+09:00,GBIKE,365780,62.0,36.60867,127.283898,12,세종특별시
2026-06-17T14:40:12+09:00,GBIKE,364370,80.0,36.608671,127.283703,12,세종특별시
2026-06-17T14:40:12+09:00,GBIKE,370217,77.0,36.608671,127.28379,12,세종특별시
2026-06-17T14:40:12+09:00,GBIKE,383266,100.0,36.608671,127.28369,12,세종특별시
2026-06-17T14:40:12+09:00,GBIKE,601083,86.0,36.608671,127.283666,12,세종특별시
2026-06-17T14:40:12+09:00,GBIKE,371895,63.0,36.608673,127.283775,12,세종특별시
2026-06-17T14:40:12+09:00,GBIKE,383197,86.0,36.608673,127.283971,12,세종특별시
2026-06-17T14:40:12+09:00,GBIKE,387829,51.0,36.608675,127.288863,12,세종특별시
2026-06-17T14:40:12+09:00,GBIKE,377780,89.0,36.60868,127.289008,12,세종특별시
2026-06-17T14:40:12+09:00,GBIKE,387860,49.0,36.60868,127.283845,12,세종특별시
2026-06-17T14:40:12+09:00,GBIKE,383321,90.0,36.608685,127.283768,12,세종특별시
2026-06-17T14:40:12+09:00,GBIKE,389159,100.0,36.608688,127.283816,12,세종특별시
2026-06-17T14:40:12+09:00,GBIKE,369437,77.0,36.6087,127.289163,12,세종특별시
2026-06-17T14:40:12+09:00,GBIKE,608280,99.0,36.608707,127.289116,12,세종특별시
2026-06-17T14:40:12+09:00,GBIKE,384392,72.0,36.608708,127.283821,12,세종특별시
2026-06-17T14:40:12+09:00,GBIKE,392076,82.0,36.608708,127.283758,12,세종특별시
2026-06-17T14:40:12+09:00,GBIKE,369472,77.0,36.60871,127.283756,12,세종특별시
2026-06-17T14:40:12+09:00,GBIKE,376304,92.0,36.608711,127.283813,12,세종특별시
2026-06-17T14:40:12+09:00,GBIKE,383883,83.0,36.608713,127.283758,12,세종특별시
2026-06-17T14:40:12+09:00,GBIKE,372626,62.0,36.608716,127.283788,12,세종특별시
2026-06-17T14:40:12+09:00,GBIKE,376044,48.0,36.608716,127.283813,12,세종특별시
2026-06-17T14:40:12+09:00,GBIKE,382510,56.0,36.608716,127.283715,12,세종특별시
2026-06-17T14:40:12+09:00,GBIKE,384555,100.0,36.608723,127.283723,12,세종특별시
2026-06-17T14:40:12+09:00,GBIKE,367411,81.0,36.608725,127.288913,12,세종특별시
2026-06-17T14:40:12+09:00,GBIKE,366505,43.0,36.608728,127.283965,12,세종특별시
2026-06-17T14:40:12+09:00,GBIKE,368100,70.0,36.608728,127.289081,12,세종특별시
2026-06-17T14:40:12+09:00,GBIKE,368693,54.0,36.608728,127.283845,12,세종특별시
2026-06-17T14:40:12+09:00,GBIKE,371898,100.0,36.60873,127.28388,12,세종특별시
2026-06-17T14:40:12+09:00,GBIKE,611134,50.0,36.608732,127.2918,12,세종특별시
2026-06-17T14:40:12+09:00,GBIKE,347357,43.0,36.608735,127.28912,12,세종특별시
2026-06-17T14:40:12+09:00,GBIKE,383553,54.0,36.608735,127.28378,12,세종특별시
2026-06-17T14:40:12+09:00,GBIKE,387855,60.0,36.608735,127.289053,12,세종특별시
2026-06-17T14:40:12+09:00,GBIKE,374638,47.0,36.608736,127.283835,12,세종특별시
2026-06-17T14:40:12+09:00,GBIKE,617006,65.0,36.608737,127.289106,12,세종특별시
2026-06-17T14:40:12+09:00,GBIKE,367103,81.0,36.608745,127.283795,12,세종특별시
2026-06-17T14:40:12+09:00,GBIKE,382588,97.0,36.608748,127.283815,12,세종특별시
2026-06-17T14:40:12+09:00,GBIKE,375524,85.0,36.60875,127.283925,12,세종특별시
2026-06-17T14:40:12+09:00,GBIKE,348558,100.0,36.608753,127.289083,12,세종특별시
2026-06-17T14:40:12+09:00,GBIKE,623340,57.0,36.608753,127.283742,12,세종특별시
2026-06-17T14:40:12+09:00,GBIKE,625620,56.0,36.608753,127.283779,12,세종특별시
2026-06-17T14:40:12+09:00,GBIKE,631829,87.0,36.608754,127.289098,12,세종특별시
2026-06-17T14:40:12+09:00,GBIKE,363877,72.0,36.608756,127.283858,12,세종특별시
2026-06-17T14:40:12+09:00,GBIKE,367058,46.0,36.608756,127.28402,12,세종특별시
2026-06-17T14:40:12+09:00,GBIKE,374386,61.0,36.608756,127.283805,12,세종특별시
2026-06-17T14:40:12+09:00,GBIKE,378828,39.0,36.608756,127.288828,12,세종특별시
2026-06-17T14:40:12+09:00,GBIKE,377483,85.0,36.608758,127.283901,12,세종특별시
2026-06-17T14:40:12+09:00,GBIKE,392296,44.0,36.608761,127.289095,12,세종특별시
2026-06-17T14:40:12+09:00,GBIKE,630894,91.0,36.608762,127.283811,12,세종특별시
2026-06-17T14:40:12+09:00,GBIKE,375391,100.0,36.608765,127.289071,12,세종특별시
2026-06-17T14:40:12+09:00,GBIKE,381351,70.0,36.60877,127.283746,12,세종특별시
2026-06-17T14:40:12+09:00,GBIKE,384358,95.0,36.60877,127.283773,12,세종특별시
2026-06-17T14:40:12+09:00,GBIKE,388764,44.0,36.608776,127.28387,12,세종특별시
2026-06-17T14:40:12+09:00,GBIKE,390703,51.0,36.608776,127.283936,12,세종특별시
2026-06-17T14:40:12+09:00,GBIKE,385514,50.0,36.60878,127.283928,12,세종특별시
2026-06-17T14:40:12+09:00,GBIKE,389295,100.0,36.60878,127.283798,12,세종특별시
2026-06-17T14:40:12+09:00,GBIKE,345843,59.0,36.608781,127.283948,12,세종특별시
2026-06-17T14:40:12+09:00,GBIKE,385642,42.0,36.608786,127.28389,12,세종특별시
2026-06-17T14:40:12+09:00,GBIKE,387312,56.0,36.608793,127.283931,12,세종특별시
2026-06-17T14:40:12+09:00,GBIKE,355329,63.0,36.608795,127.283898,12,세종특별시
2026-06-17T14:40:12+09:00,GBIKE,609681,76.0,36.608796,127.289096,12,세종특별시
2026-06-17T14:40:12+09:00,GBIKE,365565,87.0,36.608801,127.283926,12,세종특별시
2026-06-17T14:40:12+09:00,GBIKE,369424,30.0,36.608805,127.28383,12,세종특별시
2026-06-17T14:40:12+09:00,GBIKE,621289,38.0,36.60881,127.288868,12,세종특별시
2026-06-17T14:40:12+09:00,GBIKE,367718,68.0,36.608821,127.283916,12,세종특별시
2026-06-17T14:40:12+09:00,GBIKE,636806,72.0,36.608834,127.289105,12,세종특별시
2026-06-17T14:40:12+09:00,GBIKE,622703,100.0,36.608835,127.288884,12,세종특별시
2026-06-17T14:40:12+09:00,GBIKE,365828,60.0,36.608836,127.28909,12,세종특별시
2026-06-17T14:40:12+09:00,GBIKE,611309,90.0,36.608836,127.288884,12,세종특별시
2026-06-17T14:40:12+09:00,GBIKE,625542,40.0,36.608843,127.288871,12,세종특별시
2026-06-17T14:40:12+09:00,GBIKE,612172,52.0,36.608847,127.288871,12,세종특별시
2026-06-17T14:40:12+09:00,GBIKE,615848,100.0,36.608855,127.288909,12,세종특별시
2026-06-17T14:40:12+09:00,GBIKE,617885,82.0,36.608855,127.289069,12,세종특별시
2026-06-17T14:40:12+09:00,GBIKE,377729,46.0,36.608858,127.28394,12,세종특별시
2026-06-17T14:40:12+09:00,GBIKE,630518,82.0,36.608871,127.289083,12,세종특별시
2026-06-17T14:40:12+09:00,GBIKE,395237,100.0,36.608878,127.289061,12,세종특별시
2026-06-17T14:40:12+09:00,GBIKE,604326,75.0,36.608928,127.293316,12,세종특별시
2026-06-17T14:40:12+09:00,GBIKE,365566,54.0,36.609043,127.286016,12,세종특별시
2026-06-17T14:40:12+09:00,GBIKE,374050,90.0,36.609051,127.286048,12,세종특별시
2026-06-17T14:40:12+09:00,GBIKE,367416,41.0,36.609058,127.286045,12,세종특별시
2026-06-17T14:40:12+09:00,GBIKE,638332,54.0,36.609065,127.286077,12,세종특별시
2026-06-17T14:40:12+09:00,GBIKE,390561,44.0,36.609071,127.286013,12,세종특별시
2026-06-17T14:40:12+09:00,GBIKE,376390,93.0,36.609081,127.286041,12,세종특별시
2026-06-17T14:40:12+09:00,GBIKE,386474,82.0,36.609091,127.286058,12,세종특별시
2026-06-17T14:40:12+09:00,GBIKE,372868,89.0,36.609093,127.286073,12,세종특별시
2026-06-17T14:40:12+09:00,GBIKE,377794,41.0,36.609095,127.286128,12,세종특별시
2026-06-17T14:40:12+09:00,GBIKE,377296,91.0,36.609098,127.28603,12,세종특별시
2026-06-17T14:40:12+09:00,GBIKE,390484,34.0,36.6091,127.28609,12,세종특별시
2026-06-17T14:40:12+09:00,GBIKE,389490,93.0,36.609101,127.286023,12,세종특별시
2026-06-17T14:40:12+09:00,GBIKE,637872,30.0,36.609101,127.286029,12,세종특별시
2026-06-17T14:40:12+09:00,GBIKE,380915,30.0,36.60911,127.285976,12,세종특별시
2026-06-17T14:40:12+09:00,GBIKE,343439,73.0,36.609131,127.2861,12,세종특별시
2026-06-17T14:40:12+09:00,GBIKE,380639,34.0,36.609263,127.29129,12,세종특별시
2026-06-17T14:40:12+09:00,GBIKE,382505,100.0,36.609295,127.292561,12,세종특별시
2026-06-17T14:40:12+09:00,GBIKE,361763,64.0,36.609315,127.28608,12,세종특별시
2026-06-17T14:40:12+09:00,GBIKE,349257,32.0,36.609325,127.292735,12,세종특별시
2026-06-17T14:40:12+09:00,GBIKE,383163,92.0,36.609646,127.288595,12,세종특별시
2026-06-17T14:40:12+09:00,GBIKE,383624,83.0,36.609653,127.28689,12,세종특별시
2026-06-17T14:40:12+09:00,GBIKE,372399,33.0,36.609668,127.286911,12,세종특별시
2026-06-17T14:40:12+09:00,GBIKE,385638,32.0,36.609691,127.286855,12,세종특별시
2026-06-17T14:40:12+09:00,GBIKE,388372,33.0,36.609705,127.286891,12,세종특별시
2026-06-17T14:40:12+09:00,GBIKE,630625,30.0,36.609807,127.293207,12,세종특별시
2026-06-17T14:40:12+09:00,GBIKE,389584,33.0,36.610378,127.289981,12,세종특별시
2026-06-17T14:40:12+09:00,GBIKE,612254,72.0,36.610392,127.289065,12,세종특별시
2026-06-17T14:40:12+09:00,GBIKE,351622,68.0,36.610508,127.285521,12,세종특별시
2026-06-17T14:40:12+09:00,GBIKE,362145,97.0,36.610511,127.285586,12,세종특별시
2026-06-17T14:40:12+09:00,GBIKE,367874,48.0,36.610511,127.285468,12,세종특별시
2026-06-17T14:40:12+09:00,GBIKE,367752,52.0,36.610516,127.285498,12,세종특별시
2026-06-17T14:40:12+09:00,GBIKE,377611,68.0,36.61052,127.285491,12,세종특별시
2026-06-17T14:40:12+09:00,GBIKE,366565,31.0,36.610521,127.285605,12,세종특별시
2026-06-17T14:40:12+09:00,GBIKE,386463,88.0,36.610528,127.285513,12,세종특별시
2026-06-17T14:40:12+09:00,GBIKE,370088,96.0,36.61053,127.285515,12,세종특별시
2026-06-17T14:40:12+09:00,GBIKE,372728,100.0,36.610533,127.28555,12,세종특별시
2026-06-17T14:40:12+09:00,GBIKE,375058,60.0,36.610545,127.285543,12,세종특별시
2026-06-17T14:40:12+09:00,GBIKE,367102,80.0,36.610546,127.285475,12,세종특별시
2026-06-17T14:40:12+09:00,GBIKE,372817,99.0,36.610546,127.285553,12,세종특별시
2026-06-17T14:40:12+09:00,GBIKE,379183,65.0,36.610546,127.28552,12,세종특별시
2026-06-17T14:40:12+09:00,GBIKE,367380,51.0,36.61056,127.285523,12,세종특별시
2026-06-17T14:40:12+09:00,GBIKE,377574,50.0,36.610563,127.28553,12,세종특별시
2026-06-17T14:40:12+09:00,GBIKE,635266,50.0,36.610563,127.285475,12,세종특별시
2026-06-17T14:40:12+09:00,GBIKE,384391,55.0,36.610565,127.28554,12,세종특별시
2026-06-17T14:40:12+09:00,GBIKE,392267,100.0,36.610566,127.285518,12,세종특별시
2026-06-17T14:40:12+09:00,GBIKE,630971,88.0,36.610566,127.285406,12,세종특별시
2026-06-17T14:40:12+09:00,GBIKE,343404,35.0,36.610571,127.29318,12,세종특별시
2026-06-17T14:40:12+09:00,GBIKE,380920,46.0,36.610576,127.285535,12,세종특별시
2026-06-17T14:40:12+09:00,GBIKE,635581,84.0,36.610579,127.285369,12,세종특별시
2026-06-17T14:40:12+09:00,GBIKE,618647,35.0,36.610592,127.285395,12,세종특별시
2026-06-17T14:40:12+09:00,GBIKE,389847,35.0,36.610608,127.285491,12,세종특별시
2026-06-17T14:40:12+09:00,GBIKE,390685,33.0,36.610671,127.297201,12,세종특별시
2026-06-17T14:40:12+09:00,GBIKE,632681,83.0,36.610721,127.298143,12,세종특별시
2026-06-17T14:40:12+09:00,GBIKE,380113,86.0,36.610728,127.296703,12,세종특별시
2026-06-17T14:40:12+09:00,GBIKE,364026,50.0,36.610751,127.297315,12,세종특별시
2026-06-17T14:40:12+09:00,GBIKE,394098,32.0,36.610773,127.298521,12,세종특별시
2026-06-17T14:40:12+09:00,GBIKE,386032,50.0,36.610785,127.291505,12,세종특별시
2026-06-17T14:40:12+09:00,GBIKE,392112,30.0,36.610841,127.285911,12,세종특별시
2026-06-17T14:40:12+09:00,GBIKE,367523,50.0,36.610845,127.297708,12,세종특별시
2026-06-17T14:40:12+09:00,GBIKE,614015,62.0,36.610942,127.285846,12,세종특별시
2026-06-17T14:40:12+09:00,GBIKE,368554,50.0,36.610983,127.290021,12,세종특별시
2026-06-17T14:40:12+09:00,GBIKE,368120,100.0,36.611011,127.290048,12,세종특별시
2026-06-17T14:40:12+09:00,GBIKE,617002,78.0,36.611017,127.293032,12,세종특별시
2026-06-17T14:40:12+09:00,GBIKE,383149,36.0,36.611036,127.286151,12,세종특별시
2026-06-17T14:40:12+09:00,GBIKE,374698,59.0,36.611043,127.290075,12,세종특별시
2026-06-17T14:40:12+09:00,GBIKE,377293,31.0,36.611048,127.286125,12,세종특별시
2026-06-17T14:40:12+09:00,GBIKE,390769,66.0,36.61105,127.286191,12,세종특별시
2026-06-17T14:40:12+09:00,GBIKE,369415,54.0,36.611053,127.286108,12,세종특별시
2026-06-17T14:40:12+09:00,GBIKE,378803,30.0,36.611066,127.286173,12,세종특별시
2026-06-17T14:40:12+09:00,GBIKE,392835,51.0,36.611075,127.28998,12,세종특별시
2026-06-17T14:40:12+09:00,GBIKE,607950,53.0,36.611075,127.296697,12,세종특별시
2026-06-17T14:40:12+09:00,GBIKE,376081,57.0,36.611076,127.290128,12,세종특별시
2026-06-17T14:40:12+09:00,GBIKE,368766,75.0,36.61108,127.28607,12,세종특별시
2026-06-17T14:40:12+09:00,GBIKE,390382,64.0,36.611083,127.289985,12,세종특별시
2026-06-17T14:40:12+09:00,GBIKE,377436,89.0,36.611086,127.289978,12,세종특별시
2026-06-17T14:40:12+09:00,GBIKE,372070,33.0,36.61109,127.289973,12,세종특별시
2026-06-17T14:40:12+09:00,GBIKE,378931,89.0,36.61109,127.289996,12,세종특별시
2026-06-17T14:40:12+09:00,GBIKE,374321,38.0,36.611095,127.290065,12,세종특별시
2026-06-17T14:40:12+09:00,GBIKE,363973,100.0,36.611098,127.290041,12,세종특별시
2026-06-17T14:40:12+09:00,GBIKE,627295,36.0,36.611103,127.29664,12,세종특별시
2026-06-17T14:40:12+09:00,GBIKE,388680,75.0,36.611106,127.290108,12,세종특별시
2026-06-17T14:40:12+09:00,GBIKE,366495,71.0,36.611111,127.290055,12,세종특별시
2026-06-17T14:40:12+09:00,GBIKE,363571,39.0,36.611113,127.289985,12,세종특별시
2026-06-17T14:40:12+09:00,GBIKE,368902,56.0,36.611118,127.290086,12,세종특별시
2026-06-17T14:40:12+09:00,GBIKE,375429,60.0,36.611118,127.28996,12,세종특별시
2026-06-17T14:40:12+09:00,GBIKE,612617,40.0,36.611121,127.287332,12,세종특별시
2026-06-17T14:40:12+09:00,GBIKE,366516,31.0,36.611123,127.287396,12,세종특별시
2026-06-17T14:40:12+09:00,GBIKE,381177,49.0,36.611123,127.29006,12,세종특별시
2026-06-17T14:40:12+09:00,GBIKE,383834,44.0,36.611126,127.29002,12,세종특별시
2026-06-17T14:40:12+09:00,GBIKE,383887,95.0,36.611128,127.289965,12,세종특별시
2026-06-17T14:40:12+09:00,GBIKE,394095,50.0,36.611128,127.290073,12,세종특별시
2026-06-17T14:40:12+09:00,GBIKE,363636,61.0,36.611133,127.289965,12,세종특별시
2026-06-17T14:40:12+09:00,GBIKE,367831,95.0,36.611135,127.28998,12,세종특별시
2026-06-17T14:40:12+09:00,GBIKE,369813,63.0,36.611136,127.289956,12,세종특별시
2026-06-17T14:40:12+09:00,GBIKE,372751,76.0,36.611138,127.289943,12,세종특별시
2026-06-17T14:40:12+09:00,GBIKE,385493,73.0,36.611138,127.289973,12,세종특별시
2026-06-17T14:40:12+09:00,GBIKE,372400,42.0,36.611145,127.290008,12,세종특별시
2026-06-17T14:40:12+09:00,GBIKE,338106,100.0,36.611148,127.290055,12,세종특별시
2026-06-17T14:40:12+09:00,GBIKE,344002,93.0,36.611148,127.289951,12,세종특별시
2026-06-17T14:40:12+09:00,GBIKE,388631,64.0,36.611148,127.290086,12,세종특별시
2026-06-17T14:40:12+09:00,GBIKE,383557,90.0,36.611155,127.287396,12,세종특별시
2026-06-17T14:40:12+09:00,GBIKE,364199,38.0,36.611158,127.289955,12,세종특별시
2026-06-17T14:40:12+09:00,GBIKE,389488,88.0,36.611158,127.287363,12,세종특별시
2026-06-17T14:40:12+09:00,GBIKE,376843,41.0,36.61116,127.29004,12,세종특별시
2026-06-17T14:40:12+09:00,GBIKE,617890,53.0,36.61116,127.287377,12,세종특별시
2026-06-17T14:40:12+09:00,GBIKE,638562,41.0,36.61116,127.289955,12,세종특별시
2026-06-17T14:40:12+09:00,GBIKE,610792,72.0,36.611166,127.287358,12,세종특별시
2026-06-17T14:40:12+09:00,GBIKE,630979,96.0,36.611166,127.287339,12,세종특별시
2026-06-17T14:40:12+09:00,GBIKE,626724,49.0,36.611167,127.287336,12,세종특별시
2026-06-17T14:40:12+09:00,GBIKE,638316,74.0,36.611169,127.289984,12,세종특별시
2026-06-17T14:40:12+09:00,GBIKE,603533,70.0,36.61117,127.287362,12,세종특별시
2026-06-17T14:40:12+09:00,GBIKE,620566,33.0,36.61117,127.287362,12,세종특별시
2026-06-17T14:40:12+09:00,GBIKE,607348,30.0,36.611183,127.287351,12,세종특별시
2026-06-17T14:40:12+09:00,GBIKE,631081,92.0,36.611184,127.287338,12,세종특별시
2026-06-17T14:40:12+09:00,GBIKE,390838,46.0,36.611186,127.287401,12,세종특별시
2026-06-17T14:40:12+09:00,GBIKE,377764,78.0,36.611188,127.287236,12,세종특별시
2026-06-17T14:40:12+09:00,GBIKE,628874,92.0,36.611189,127.287353,12,세종특별시
2026-06-17T14:40:12+09:00,GBIKE,348036,50.0,36.61119,127.287375,12,세종특별시
2026-06-17T14:40:12+09:00,GBIKE,394698,45.0,36.61119,127.287246,12,세종특별시
2026-06-17T14:40:12+09:00,GBIKE,364639,74.0,36.611191,127.28725,12,세종특별시
2026-06-17T14:40:12+09:00,GBIKE,638395,59.0,36.611191,127.28741,12,세종특별시
2026-06-17T14:40:12+09:00,GBIKE,339870,74.0,36.611193,127.289926,12,세종특별시
2026-06-17T14:40:12+09:00,GBIKE,368165,62.0,36.611195,127.28735,12,세종특별시
2026-06-17T14:40:12+09:00,GBIKE,379519,36.0,36.611195,127.287433,12,세종특별시
2026-06-17T14:40:12+09:00,GBIKE,384713,76.0,36.611195,127.287306,12,세종특별시
2026-06-17T14:40:12+09:00,GBIKE,347359,52.0,36.611196,127.287328,12,세종특별시
2026-06-17T14:40:12+09:00,GBIKE,626567,89.0,36.611198,127.289914,12,세종특별시
2026-06-17T14:40:12+09:00,GBIKE,617731,86.0,36.611199,127.289879,12,세종특별시
2026-06-17T14:40:12+09:00,GBIKE,373728,36.0,36.611201,127.287281,12,세종특별시
2026-06-17T14:40:12+09:00,GBIKE,382650,38.0,36.611203,127.28744,12,세종특별시
2026-06-17T14:40:12+09:00,GBIKE,367387,100.0,36.611205,127.28734,12,세종특별시
2026-06-17T14:40:12+09:00,GBIKE,385510,35.0,36.611205,127.290043,12,세종특별시
2026-06-17T14:40:12+09:00,GBIKE,382533,30.0,36.611206,127.287365,12,세종특별시
2026-06-17T14:40:12+09:00,GBIKE,390442,100.0,36.611206,127.287348,12,세종특별시
2026-06-17T14:40:12+09:00,GBIKE,389264,56.0,36.611208,127.287368,12,세종특별시
2026-06-17T14:40:12+09:00,GBIKE,638303,37.0,36.611209,127.287337,12,세종특별시
2026-06-17T14:40:12+09:00,GBIKE,382998,87.0,36.61121,127.287301,12,세종특별시
2026-06-17T14:40:12+09:00,GBIKE,367351,96.0,36.611211,127.287345,12,세종특별시
2026-06-17T14:40:12+09:00,GBIKE,371839,40.0,36.611211,127.287435,12,세종특별시
2026-06-17T14:40:12+09:00,GBIKE,390771,40.0,36.611211,127.287213,12,세종특별시
2026-06-17T14:40:12+09:00,GBIKE,624252,83.0,36.611211,127.28736,12,세종특별시
2026-06-17T14:40:12+09:00,GBIKE,383726,61.0,36.611213,127.287246,12,세종특별시
2026-06-17T14:40:12+09:00,GBIKE,389536,52.0,36.611216,127.287393,12,세종특별시
2026-06-17T14:40:12+09:00,GBIKE,630578,92.0,36.611217,127.287222,12,세종특별시
2026-06-17T14:40:12+09:00,GBIKE,373290,45.0,36.61122,127.287401,12,세종특별시
2026-06-17T14:40:12+09:00,GBIKE,374717,62.0,36.611225,127.287306,12,세종특별시
2026-06-17T14:40:12+09:00,GBIKE,375376,87.0,36.611225,127.287408,12,세종특별시
2026-06-17T14:40:12+09:00,GBIKE,375506,86.0,36.611228,127.287246,12,세종특별시
2026-06-17T14:40:12+09:00,GBIKE,378994,93.0,36.61123,127.287496,12,세종특별시
2026-06-17T14:40:12+09:00,GBIKE,603979,46.0,36.61123,127.28744,12,세종특별시
2026-06-17T14:40:12+09:00,GBIKE,377014,40.0,36.611235,127.287363,12,세종특별시
2026-06-17T14:40:12+09:00,GBIKE,393158,75.0,36.611238,127.287491,12,세종특별시
2026-06-17T14:40:12+09:00,GBIKE,382502,33.0,36.611241,127.287396,12,세종특별시
2026-06-17T14:40:12+09:00,GBIKE,378046,36.0,36.611248,127.28741,12,세종특별시
2026-06-17T14:40:12+09:00,GBIKE,613464,47.0,36.611249,127.287262,12,세종특별시
2026-06-17T14:40:12+09:00,GBIKE,386486,37.0,36.611255,127.287413,12,세종특별시
2026-06-17T14:40:12+09:00,GBIKE,376030,33.0,36.61126,127.287228,12,세종특별시
2026-06-17T14:40:12+09:00,GBIKE,372771,31.0,36.611296,127.287371,12,세종특별시
2026-06-17T14:40:12+09:00,GBIKE,352300,60.0,36.611306,127.28748,12,세종특별시
2026-06-17T14:40:12+09:00,GBIKE,379855,94.0,36.611483,127.284611,12,세종특별시
2026-06-17T14:40:12+09:00,GBIKE,604547,68.0,36.611485,127.284533,12,세종특별시
2026-06-17T14:40:12+09:00,GBIKE,618900,60.0,36.611536,127.284551,12,세종특별시
2026-06-17T14:40:12+09:00,GBIKE,616066,63.0,36.611546,127.284627,12,세종특별시
2026-06-17T14:40:12+09:00,GBIKE,618274,68.0,36.611568,127.284581,12,세종특별시
2026-06-17T14:40:12+09:00,GBIKE,347346,38.0,36.611575,127.284616,12,세종특별시
2026-06-17T14:40:12+09:00,GBIKE,394836,40.0,36.611626,127.284718,12,세종특별시
2026-06-17T14:40:12+09:00,GBIKE,371980,52.0,36.611928,127.2849,12,세종특별시
2026-06-17T14:40:12+09:00,GBIKE,383223,30.0,36.611931,127.284846,12,세종특별시
2026-06-17T14:40:12+09:00,GBIKE,362576,31.0,36.611943,127.284883,12,세종특별시
2026-06-17T14:40:12+09:00,GBIKE,377735,31.0,36.611946,127.284841,12,세종특별시
2026-06-17T14:40:12+09:00,GBIKE,381932,94.0,36.611946,127.284891,12,세종특별시
2026-06-17T14:40:12+09:00,GBIKE,332032,70.0,36.611953,127.284833,12,세종특별시
2026-06-17T14:40:12+09:00,GBIKE,347744,87.0,36.613296,127.331585,12,세종특별시
2026-06-17T14:40:12+09:00,GBIKE,385435,67.0,36.613308,127.331583,12,세종특별시
2026-06-17T14:40:12+09:00,GBIKE,367337,33.0,36.613763,127.2925,12,세종특별시
2026-06-17T14:40:12+09:00,GBIKE,387886,30.0,36.613773,127.290445,12,세종특별시
2026-06-17T14:40:12+09:00,GBIKE,609454,63.0,36.613797,127.290965,12,세종특별시
2026-06-17T14:40:12+09:00,GBIKE,373521,48.0,36.613915,127.290911,12,세종특별시
2026-06-17T14:40:12+09:00,GBIKE,384398,32.0,36.613971,127.292441,12,세종특별시
2026-06-17T14:40:12+09:00,GBIKE,638210,100.0,36.614018,127.315002,12,세종특별시
2026-06-17T14:40:12+09:00,GBIKE,390295,35.0,36.614725,127.288108,12,세종특별시
2026-06-17T14:40:12+09:00,GBIKE,383347,96.0,36.614836,127.28433,12,세종특별시
2026-06-17T14:40:12+09:00,GBIKE,637526,70.0,36.615302,127.360331,12,세종특별시
2026-06-17T14:40:12+09:00,GBIKE,367251,38.0,36.615465,127.292591,12,세종특별시
2026-06-17T14:40:12+09:00,GBIKE,379960,63.0,36.616015,127.287118,12,세종특별시
2026-06-17T14:40:12+09:00,GBIKE,382690,99.0,36.616063,127.360265,12,세종특별시
2026-06-17T14:40:12+09:00,GBIKE,383612,30.0,36.616083,127.287236,12,세종특별시
2026-06-17T14:40:12+09:00,GBIKE,384320,66.0,36.616603,127.28692,12,세종특별시
2026-06-17T14:40:12+09:00,GBIKE,355297,58.0,36.616608,127.286908,12,세종특별시
2026-06-17T14:40:12+09:00,GBIKE,372300,36.0,36.616611,127.28667,12,세종특별시
2026-06-17T14:40:12+09:00,GBIKE,381308,57.0,36.616613,127.28691,12,세종특별시
2026-06-17T14:40:12+09:00,GBIKE,388399,63.0,36.61662,127.286946,12,세종특별시
2026-06-17T14:40:12+09:00,GBIKE,392234,56.0,36.616623,127.28692,12,세종특별시
2026-06-17T14:40:12+09:00,GBIKE,374564,54.0,36.616631,127.28688,12,세종특별시
2026-06-17T14:40:12+09:00,GBIKE,345873,95.0,36.61673,127.287145,12,세종특별시
2026-06-17T14:40:12+09:00,GBIKE,384375,64.0,36.616831,127.329133,12,세종특별시
2026-06-17T14:40:12+09:00,GBIKE,383167,60.0,36.616855,127.287158,12,세종특별시
2026-06-17T14:40:12+09:00,GBIKE,625545,97.0,36.617001,127.286866,12,세종특별시
2026-06-17T14:40:12+09:00,GBIKE,130745,33.0,36.617507,127.285737,12,세종특별시
2026-06-17T14:40:12+09:00,GBIKE,372776,89.0,36.617553,127.290468,12,세종특별시
2026-06-17T14:40:12+09:00,GBIKE,392376,100.0,36.617858,127.285845,12,세종특별시
2026-06-17T14:40:12+09:00,GBIKE,368400,71.0,36.618043,127.321585,12,세종특별시
2026-06-17T14:40:12+09:00,GBIKE,376341,100.0,36.618185,127.285771,12,세종특별시
2026-06-17T14:40:12+09:00,GBIKE,375530,30.0,36.618186,127.285706,12,세종특별시
2026-06-17T14:40:12+09:00,GBIKE,375561,54.0,36.618186,127.285816,12,세종특별시
2026-06-17T14:40:12+09:00,GBIKE,383890,47.0,36.61819,127.285813,12,세종특별시
2026-06-17T14:40:12+09:00,GBIKE,373233,33.0,36.618205,127.285788,12,세종특별시
2026-06-17T14:40:12+09:00,GBIKE,601954,30.0,36.618218,127.285785,12,세종특별시
2026-06-17T14:40:12+09:00,GBIKE,390538,49.0,36.618233,127.285766,12,세종특별시
2026-06-17T14:40:12+09:00,GBIKE,366207,60.0,36.618245,127.285758,12,세종특별시
2026-06-17T14:40:12+09:00,GBIKE,382572,46.0,36.618263,127.285765,12,세종특별시
2026-06-17T14:40:12+09:00,GBIKE,352898,82.0,36.618271,127.285833,12,세종특별시
2026-06-17T14:40:12+09:00,GBIKE,375330,47.0,36.61832,127.285745,12,세종특별시
2026-06-17T14:40:12+09:00,GBIKE,333967,92.0,36.618813,127.290806,12,세종특별시
2026-06-17T14:40:12+09:00,GBIKE,383590,43.0,36.618901,127.288586,12,세종특별시
2026-06-17T14:40:12+09:00,GBIKE,386756,43.0,36.61891,127.288586,12,세종특별시
2026-06-17T14:40:12+09:00,GBIKE,370326,54.0,36.618946,127.284971,12,세종특별시
2026-06-17T14:40:12+09:00,GBIKE,620351,96.0,36.618988,127.318896,12,세종특별시
2026-06-17T14:40:12+09:00,GBIKE,349173,42.0,36.61987,127.310753,12,세종특별시
2026-06-17T14:40:12+09:00,GBIKE,367800,36.0,36.62091,127.282471,12,세종특별시
2026-06-17T14:40:12+09:00,GBIKE,386976,81.0,36.621051,127.290605,12,세종특별시
2026-06-17T14:40:12+09:00,GBIKE,332859,40.0,36.621065,127.290588,12,세종특별시
2026-06-17T14:40:12+09:00,GBIKE,377277,92.0,36.621166,127.290566,12,세종특별시
2026-06-17T14:40:12+09:00,GBIKE,374732,39.0,36.62144,127.358601,12,세종특별시
2026-06-17T14:40:12+09:00,GBIKE,381558,100.0,36.621485,127.321955,12,세종특별시
2026-06-17T14:40:12+09:00,GBIKE,337661,78.0,36.621506,127.290936,12,세종특별시
2026-06-17T14:40:12+09:00,GBIKE,379714,54.0,36.62151,127.290941,12,세종특별시
2026-06-17T14:40:12+09:00,GBIKE,374566,98.0,36.62153,127.283371,12,세종특별시
2026-06-17T14:40:12+09:00,GBIKE,383567,50.0,36.621611,127.283366,12,세종특별시
2026-06-17T14:40:12+09:00,GBIKE,363988,38.0,36.621636,127.283413,12,세종특별시
2026-06-17T14:40:12+09:00,GBIKE,372002,44.0,36.622901,127.289191,12,세종특별시
2026-06-17T14:40:12+09:00,GBIKE,343399,100.0,36.623003,127.290195,12,세종특별시
2026-06-17T14:40:12+09:00,GBIKE,383599,98.0,36.623733,127.286858,12,세종특별시
2026-06-17T14:40:12+09:00,GBIKE,385639,72.0,36.624126,127.33088,12,세종특별시
2026-06-17T14:40:12+09:00,GBIKE,632299,41.0,36.629276,127.333273,12,세종특별시
2026-06-17T14:40:12+09:00,GBIKE,620356,93.0,36.631625,127.328545,12,세종특별시
2026-06-17T14:40:12+09:00,GBIKE,602329,62.0,36.631713,127.32859,12,세종특별시
2026-06-17T14:40:12+09:00,GBIKE,368357,67.0,36.656701,127.369016,12,세종특별시
