timestamp,operator_name,device_id,battery_level,latitude,longitude,city_code,city_name
2026-06-16T14:30:20+09:00,ALPACA,425055,30.0,36.32547,127.348305,12,세종특별시
2026-06-16T14:30:20+09:00,ALPACA,425373,39.0,36.326492,127.33874,12,세종특별시
2026-06-16T14:30:20+09:00,ALPACA,425451,31.0,36.32762,127.33943,12,세종특별시
2026-06-16T14:30:20+09:00,ALPACA,424720,48.0,36.33012,127.34353,12,세종특별시
2026-06-16T14:30:20+09:00,ALPACA,425050,100.0,36.330578,127.340164,12,세종특별시
2026-06-16T14:30:20+09:00,ALPACA,425455,49.0,36.336636,127.33467,12,세종특별시
2026-06-16T14:30:20+09:00,ALPACA,425975,62.0,36.338486,127.34279,12,세종특별시
2026-06-16T14:30:20+09:00,ALPACA,425413,62.0,36.338505,127.33282,12,세종특별시
2026-06-16T14:30:20+09:00,ALPACA,424952,46.0,36.339375,127.34195,12,세종특별시
2026-06-16T14:30:20+09:00,ALPACA,425006,38.0,36.339462,127.34202,12,세종특별시
2026-06-16T14:30:20+09:00,ALPACA,424743,82.0,36.339527,127.342,12,세종특별시
2026-06-16T14:30:20+09:00,ALPACA,424714,55.0,36.340332,127.34499,12,세종특별시
2026-06-16T14:30:20+09:00,ALPACA,425212,34.0,36.341503,127.33795,12,세종특별시
2026-06-16T14:30:20+09:00,ALPACA,425061,76.0,36.341545,127.34444,12,세종특별시
2026-06-16T14:30:20+09:00,ALPACA,425057,52.0,36.341568,127.34428,12,세종특별시
2026-06-16T14:30:20+09:00,ALPACA,424770,77.0,36.34157,127.34442,12,세종특별시
2026-06-16T14:30:20+09:00,ALPACA,424908,77.0,36.34158,127.34444,12,세종특별시
2026-06-16T14:30:20+09:00,ALPACA,424920,49.0,36.341583,127.34441,12,세종특별시
2026-06-16T14:30:20+09:00,ALPACA,424350,47.0,36.34164,127.33769,12,세종특별시
2026-06-16T14:30:20+09:00,ALPACA,424710,79.0,36.34184,127.34715,12,세종특별시
2026-06-16T14:30:20+09:00,ALPACA,425679,41.0,36.342346,127.340965,12,세종특별시
2026-06-16T14:30:20+09:00,ALPACA,425476,97.0,36.342384,127.34097,12,세종특별시
2026-06-16T14:30:20+09:00,ALPACA,425126,97.0,36.342384,127.34094,12,세종특별시
2026-06-16T14:30:20+09:00,ALPACA,424450,54.0,36.34246,127.34149,12,세종특별시
2026-06-16T14:30:20+09:00,ALPACA,424868,64.0,36.3427,127.339806,12,세종특별시
2026-06-16T14:30:20+09:00,ALPACA,424324,54.0,36.342773,127.33894,12,세종특별시
2026-06-16T14:30:20+09:00,ALPACA,424404,40.0,36.34278,127.3389,12,세종특별시
2026-06-16T14:30:20+09:00,ALPACA,424432,73.0,36.342785,127.33886,12,세종특별시
2026-06-16T14:30:20+09:00,ALPACA,424501,76.0,36.342796,127.338936,12,세종특별시
2026-06-16T14:30:20+09:00,ALPACA,424402,87.0,36.3428,127.33888,12,세종특별시
2026-06-16T14:30:20+09:00,ALPACA,424486,79.0,36.342808,127.3389,12,세종특별시
2026-06-16T14:30:20+09:00,ALPACA,424358,78.0,36.34281,127.33892,12,세종특별시
2026-06-16T14:30:20+09:00,ALPACA,424568,51.0,36.34281,127.33892,12,세종특별시
2026-06-16T14:30:20+09:00,ALPACA,424165,52.0,36.34282,127.337494,12,세종특별시
2026-06-16T14:30:20+09:00,ALPACA,424367,78.0,36.34282,127.3389,12,세종특별시
2026-06-16T14:30:20+09:00,ALPACA,425094,50.0,36.34283,127.3441,12,세종특별시
2026-06-16T14:30:20+09:00,ALPACA,424517,65.0,36.342922,127.344,12,세종특별시
2026-06-16T14:30:20+09:00,ALPACA,424839,64.0,36.342976,127.33981,12,세종특별시
2026-06-16T14:30:20+09:00,ALPACA,425238,54.0,36.343094,127.3444,12,세종특별시
2026-06-16T14:30:20+09:00,ALPACA,424425,40.0,36.34312,127.33904,12,세종특별시
2026-06-16T14:30:20+09:00,ALPACA,424508,33.0,36.34314,127.33361,12,세종특별시
2026-06-16T14:30:20+09:00,ALPACA,424544,57.0,36.3432,127.339165,12,세종특별시
2026-06-16T14:30:20+09:00,ALPACA,425151,59.0,36.34334,127.34419,12,세종특별시
2026-06-16T14:30:20+09:00,ALPACA,425383,59.0,36.343346,127.34419,12,세종특별시
2026-06-16T14:30:20+09:00,ALPACA,425524,53.0,36.343357,127.34417,12,세종특별시
2026-06-16T14:30:20+09:00,ALPACA,424787,81.0,36.34337,127.34419,12,세종특별시
2026-06-16T14:30:20+09:00,ALPACA,425112,68.0,36.343372,127.34417,12,세종특별시
2026-06-16T14:30:20+09:00,ALPACA,424897,50.0,36.34348,127.33816,12,세종특별시
2026-06-16T14:30:20+09:00,ALPACA,424709,71.0,36.343708,127.34429,12,세종특별시
2026-06-16T14:30:20+09:00,ALPACA,425677,67.0,36.34379,127.382706,12,세종특별시
2026-06-16T14:30:20+09:00,ALPACA,424707,51.0,36.344,127.34178,12,세종특별시
2026-06-16T14:30:20+09:00,ALPACA,424506,55.0,36.34425,127.33572,12,세종특별시
2026-06-16T14:30:20+09:00,ALPACA,425695,55.0,36.34427,127.34741,12,세종특별시
2026-06-16T14:30:20+09:00,ALPACA,425000,48.0,36.344334,127.34692,12,세종특별시
2026-06-16T14:30:20+09:00,ALPACA,425197,43.0,36.34453,127.33241,12,세종특별시
2026-06-16T14:30:20+09:00,ALPACA,424124,75.0,36.344643,127.33933,12,세종특별시
2026-06-16T14:30:20+09:00,ALPACA,424372,38.0,36.34483,127.34741,12,세종특별시
2026-06-16T14:30:20+09:00,ALPACA,425142,31.0,36.34541,127.32393,12,세종특별시
2026-06-16T14:30:20+09:00,ALPACA,425355,63.0,36.345676,127.33903,12,세종특별시
2026-06-16T14:30:20+09:00,ALPACA,425002,37.0,36.345753,127.337074,12,세종특별시
2026-06-16T14:30:20+09:00,ALPACA,424664,96.0,36.346123,127.34138,12,세종특별시
2026-06-16T14:30:20+09:00,ALPACA,425699,69.0,36.346195,127.33606,12,세종특별시
2026-06-16T14:30:20+09:00,ALPACA,424704,61.0,36.3468,127.33569,12,세종특별시
2026-06-16T14:30:20+09:00,ALPACA,425458,33.0,36.346813,127.33569,12,세종특별시
2026-06-16T14:30:20+09:00,ALPACA,425152,58.0,36.34684,127.33569,12,세종특별시
2026-06-16T14:30:20+09:00,ALPACA,424383,30.0,36.346848,127.3357,12,세종특별시
2026-06-16T14:30:20+09:00,ALPACA,425270,78.0,36.34685,127.335724,12,세종특별시
2026-06-16T14:30:20+09:00,ALPACA,424449,34.0,36.346855,127.335686,12,세종특별시
2026-06-16T14:30:20+09:00,ALPACA,425397,42.0,36.34703,127.33079,12,세종특별시
2026-06-16T14:30:20+09:00,ALPACA,425375,52.0,36.34705,127.33089,12,세종특별시
2026-06-16T14:30:20+09:00,ALPACA,424863,56.0,36.34708,127.34418,12,세종특별시
2026-06-16T14:30:20+09:00,ALPACA,425321,46.0,36.34708,127.33897,12,세종특별시
2026-06-16T14:30:20+09:00,ALPACA,425034,48.0,36.347115,127.33427,12,세종특별시
2026-06-16T14:30:20+09:00,ALPACA,424769,55.0,36.34713,127.340744,12,세종특별시
2026-06-16T14:30:20+09:00,ALPACA,425537,49.0,36.347977,127.34169,12,세종특별시
2026-06-16T14:30:20+09:00,ALPACA,425376,68.0,36.348225,127.33536,12,세종특별시
2026-06-16T14:30:20+09:00,ALPACA,424617,55.0,36.348232,127.331154,12,세종특별시
2026-06-16T14:30:20+09:00,ALPACA,425320,31.0,36.348244,127.33526,12,세종특별시
2026-06-16T14:30:20+09:00,ALPACA,425036,42.0,36.348267,127.33569,12,세종특별시
2026-06-16T14:30:20+09:00,ALPACA,424357,82.0,36.348293,127.335205,12,세종특별시
2026-06-16T14:30:20+09:00,ALPACA,426463,37.0,36.348343,127.33219,12,세종특별시
2026-06-16T14:30:20+09:00,ALPACA,424939,47.0,36.348362,127.33257,12,세종특별시
2026-06-16T14:30:20+09:00,ALPACA,425095,42.0,36.348408,127.33114,12,세종특별시
2026-06-16T14:30:20+09:00,ALPACA,425683,67.0,36.348576,127.33992,12,세종특별시
2026-06-16T14:30:20+09:00,ALPACA,425509,66.0,36.34864,127.33996,12,세종특별시
2026-06-16T14:30:20+09:00,ALPACA,425546,67.0,36.348648,127.339935,12,세종특별시
2026-06-16T14:30:20+09:00,ALPACA,425285,59.0,36.34868,127.335335,12,세종특별시
2026-06-16T14:30:20+09:00,ALPACA,425746,34.0,36.34869,127.339935,12,세종특별시
2026-06-16T14:30:20+09:00,ALPACA,425343,34.0,36.348724,127.3327,12,세종특별시
2026-06-16T14:30:20+09:00,ALPACA,425754,43.0,36.348732,127.33499,12,세종특별시
2026-06-16T14:30:20+09:00,ALPACA,424829,53.0,36.34877,127.32756,12,세종특별시
2026-06-16T14:30:20+09:00,ALPACA,424999,38.0,36.34963,127.33635,12,세종특별시
2026-06-16T14:30:20+09:00,ALPACA,424989,54.0,36.349663,127.336586,12,세종특별시
2026-06-16T14:30:20+09:00,ALPACA,426276,41.0,36.349823,127.38254,12,세종특별시
2026-06-16T14:30:20+09:00,ALPACA,424446,79.0,36.349888,127.33428,12,세종특별시
2026-06-16T14:30:20+09:00,ALPACA,425274,45.0,36.350433,127.329445,12,세종특별시
2026-06-16T14:30:20+09:00,ALPACA,425205,68.0,36.35046,127.34865,12,세종특별시
2026-06-16T14:30:20+09:00,ALPACA,425681,73.0,36.35048,127.32943,12,세종특별시
2026-06-16T14:30:20+09:00,ALPACA,425370,51.0,36.35068,127.33554,12,세종특별시
2026-06-16T14:30:20+09:00,ALPACA,423582,53.0,36.350746,127.33879,12,세종특별시
2026-06-16T14:30:20+09:00,ALPACA,426375,99.0,36.35077,127.3544,12,세종특별시
2026-06-16T14:30:20+09:00,ALPACA,424890,89.0,36.35124,127.33933,12,세종특별시
2026-06-16T14:30:20+09:00,ALPACA,425398,53.0,36.35127,127.33036,12,세종특별시
2026-06-16T14:30:20+09:00,ALPACA,425250,81.0,36.351402,127.332756,12,세종특별시
2026-06-16T14:30:20+09:00,ALPACA,425178,54.0,36.351433,127.35114,12,세종특별시
2026-06-16T14:30:20+09:00,ALPACA,425037,78.0,36.351437,127.33275,12,세종특별시
2026-06-16T14:30:20+09:00,ALPACA,425272,46.0,36.351517,127.34447,12,세종특별시
2026-06-16T14:30:20+09:00,ALPACA,425279,44.0,36.35155,127.3445,12,세종특별시
2026-06-16T14:30:20+09:00,ALPACA,425166,53.0,36.35158,127.34449,12,세종특별시
2026-06-16T14:30:20+09:00,ALPACA,425431,48.0,36.351585,127.34447,12,세종특별시
2026-06-16T14:30:20+09:00,ALPACA,425463,46.0,36.351597,127.34452,12,세종특별시
2026-06-16T14:30:20+09:00,ALPACA,425338,45.0,36.351597,127.346924,12,세종특별시
2026-06-16T14:30:20+09:00,ALPACA,426232,97.0,36.35173,127.34654,12,세종특별시
2026-06-16T14:30:20+09:00,ALPACA,425181,50.0,36.351772,127.34651,12,세종특별시
2026-06-16T14:30:20+09:00,ALPACA,425634,96.0,36.351948,127.34456,12,세종특별시
2026-06-16T14:30:20+09:00,ALPACA,425405,79.0,36.351967,127.33053,12,세종특별시
2026-06-16T14:30:20+09:00,ALPACA,425428,53.0,36.351982,127.33056,12,세종특별시
2026-06-16T14:30:20+09:00,ALPACA,424679,55.0,36.351986,127.33054,12,세종특별시
2026-06-16T14:30:20+09:00,ALPACA,425392,79.0,36.35199,127.33057,12,세종특별시
2026-06-16T14:30:20+09:00,ALPACA,424875,78.0,36.352005,127.33059,12,세종특별시
2026-06-16T14:30:20+09:00,ALPACA,424848,58.0,36.352013,127.337074,12,세종특별시
2026-06-16T14:30:20+09:00,ALPACA,424531,43.0,36.352016,127.33705,12,세종특별시
2026-06-16T14:30:20+09:00,ALPACA,424790,83.0,36.35203,127.33708,12,세종특별시
2026-06-16T14:30:20+09:00,ALPACA,425330,54.0,36.352066,127.34851,12,세종특별시
2026-06-16T14:30:20+09:00,ALPACA,425532,42.0,36.35213,127.34611,12,세종특별시
2026-06-16T14:30:20+09:00,ALPACA,424667,57.0,36.352142,127.341324,12,세종특별시
2026-06-16T14:30:20+09:00,ALPACA,425724,32.0,36.352177,127.333824,12,세종특별시
2026-06-16T14:30:20+09:00,ALPACA,425337,83.0,36.352417,127.37541,12,세종특별시
2026-06-16T14:30:20+09:00,ALPACA,424435,58.0,36.352432,127.341324,12,세종특별시
2026-06-16T14:30:20+09:00,ALPACA,424205,49.0,36.352486,127.33277,12,세종특별시
2026-06-16T14:30:20+09:00,ALPACA,424972,37.0,36.35249,127.344025,12,세종특별시
2026-06-16T14:30:20+09:00,ALPACA,424420,83.0,36.35261,127.33354,12,세종특별시
2026-06-16T14:30:20+09:00,ALPACA,425504,75.0,36.352695,127.32905,12,세종특별시
2026-06-16T14:30:20+09:00,ALPACA,423869,60.0,36.352776,127.33581,12,세종특별시
2026-06-16T14:30:20+09:00,ALPACA,424379,100.0,36.352863,127.37431,12,세종특별시
2026-06-16T14:30:20+09:00,ALPACA,424955,98.0,36.352867,127.37439,12,세종특별시
2026-06-16T14:30:20+09:00,ALPACA,424978,83.0,36.352875,127.37447,12,세종특별시
2026-06-16T14:30:20+09:00,ALPACA,425535,98.0,36.35288,127.374374,12,세종특별시
2026-06-16T14:30:20+09:00,ALPACA,424490,100.0,36.352882,127.37442,12,세종특별시
2026-06-16T14:30:20+09:00,ALPACA,424575,100.0,36.352882,127.37443,12,세종특별시
2026-06-16T14:30:20+09:00,ALPACA,425234,100.0,36.352882,127.37444,12,세종특별시
2026-06-16T14:30:20+09:00,ALPACA,426307,87.0,36.352898,127.374405,12,세종특별시
2026-06-16T14:30:20+09:00,ALPACA,424249,100.0,36.3529,127.374405,12,세종특별시
2026-06-16T14:30:20+09:00,ALPACA,424967,100.0,36.352905,127.37436,12,세종특별시
2026-06-16T14:30:20+09:00,ALPACA,425254,100.0,36.352905,127.37443,12,세종특별시
2026-06-16T14:30:20+09:00,ALPACA,425700,85.0,36.352924,127.3744,12,세종특별시
2026-06-16T14:30:20+09:00,ALPACA,425308,95.0,36.352924,127.37443,12,세종특별시
2026-06-16T14:30:20+09:00,ALPACA,424352,100.0,36.35293,127.37446,12,세종특별시
2026-06-16T14:30:20+09:00,ALPACA,425689,51.0,36.353,127.347534,12,세종특별시
2026-06-16T14:30:20+09:00,ALPACA,425508,63.0,36.353073,127.34147,12,세종특별시
2026-06-16T14:30:20+09:00,ALPACA,424609,57.0,36.353096,127.33522,12,세종특별시
2026-06-16T14:30:20+09:00,ALPACA,424430,84.0,36.353127,127.34475,12,세종특별시
2026-06-16T14:30:20+09:00,ALPACA,425351,61.0,36.353138,127.3299,12,세종특별시
2026-06-16T14:30:20+09:00,ALPACA,425435,43.0,36.353153,127.329796,12,세종특별시
2026-06-16T14:30:20+09:00,ALPACA,424343,76.0,36.353153,127.3352,12,세종특별시
2026-06-16T14:30:20+09:00,ALPACA,424772,34.0,36.353165,127.32981,12,세종특별시
2026-06-16T14:30:20+09:00,ALPACA,424347,79.0,36.353172,127.34127,12,세종특별시
2026-06-16T14:30:20+09:00,ALPACA,424581,83.0,36.353172,127.33526,12,세종특별시
2026-06-16T14:30:20+09:00,ALPACA,424498,52.0,36.353188,127.33999,12,세종특별시
2026-06-16T14:30:20+09:00,ALPACA,424364,72.0,36.35328,127.34211,12,세종특별시
2026-06-16T14:30:20+09:00,ALPACA,425698,100.0,36.353283,127.34215,12,세종특별시
2026-06-16T14:30:20+09:00,ALPACA,424348,43.0,36.353287,127.34213,12,세종특별시
2026-06-16T14:30:20+09:00,ALPACA,424412,73.0,36.35329,127.34213,12,세종특별시
2026-06-16T14:30:20+09:00,ALPACA,425738,100.0,36.353306,127.34211,12,세종특별시
2026-06-16T14:30:20+09:00,ALPACA,424437,100.0,36.35331,127.34216,12,세종특별시
2026-06-16T14:30:20+09:00,ALPACA,425016,90.0,36.35331,127.342125,12,세종특별시
2026-06-16T14:30:20+09:00,ALPACA,425499,99.0,36.353313,127.3421,12,세종특별시
2026-06-16T14:30:20+09:00,ALPACA,424447,46.0,36.353333,127.34298,12,세종특별시
2026-06-16T14:30:20+09:00,ALPACA,424465,100.0,36.353336,127.34208,12,세종특별시
2026-06-16T14:30:20+09:00,ALPACA,425432,63.0,36.353344,127.34212,12,세종특별시
2026-06-16T14:30:20+09:00,ALPACA,425229,100.0,36.353344,127.34212,12,세종특별시
2026-06-16T14:30:20+09:00,ALPACA,424431,100.0,36.353386,127.34214,12,세종특별시
2026-06-16T14:30:20+09:00,ALPACA,424296,48.0,36.35341,127.342865,12,세종특별시
2026-06-16T14:30:20+09:00,ALPACA,425420,59.0,36.353436,127.3429,12,세종특별시
2026-06-16T14:30:20+09:00,ALPACA,425682,65.0,36.35344,127.34301,12,세종특별시
2026-06-16T14:30:20+09:00,ALPACA,425984,46.0,36.35345,127.40027,12,세종특별시
2026-06-16T14:30:20+09:00,ALPACA,424414,49.0,36.353455,127.342834,12,세종특별시
2026-06-16T14:30:20+09:00,ALPACA,425726,32.0,36.35346,127.342926,12,세종특별시
2026-06-16T14:30:20+09:00,ALPACA,424627,65.0,36.35346,127.34284,12,세종특별시
2026-06-16T14:30:20+09:00,ALPACA,425739,64.0,36.353477,127.342865,12,세종특별시
2026-06-16T14:30:20+09:00,ALPACA,424334,66.0,36.35349,127.34308,12,세종특별시
2026-06-16T14:30:20+09:00,ALPACA,424453,76.0,36.35353,127.342926,12,세종특별시
2026-06-16T14:30:20+09:00,ALPACA,425327,77.0,36.353535,127.3301,12,세종특별시
2026-06-16T14:30:20+09:00,ALPACA,425219,50.0,36.35354,127.34168,12,세종특별시
2026-06-16T14:30:20+09:00,ALPACA,424615,39.0,36.353783,127.33769,12,세종특별시
2026-06-16T14:30:20+09:00,ALPACA,424365,45.0,36.353848,127.33775,12,세종특별시
2026-06-16T14:30:20+09:00,ALPACA,424426,60.0,36.353985,127.32902,12,세종특별시
2026-06-16T14:30:20+09:00,ALPACA,425445,85.0,36.3541,127.37092,12,세종특별시
2026-06-16T14:30:20+09:00,ALPACA,424631,76.0,36.354164,127.3372,12,세종특별시
2026-06-16T14:30:20+09:00,ALPACA,425346,50.0,36.354313,127.34257,12,세종특별시
2026-06-16T14:30:20+09:00,ALPACA,424155,42.0,36.354412,127.34485,12,세종특별시
2026-06-16T14:30:20+09:00,ALPACA,425710,58.0,36.35442,127.34386,12,세종특별시
2026-06-16T14:30:20+09:00,ALPACA,426329,99.0,36.354454,127.35456,12,세종특별시
2026-06-16T14:30:20+09:00,ALPACA,426482,100.0,36.354465,127.35452,12,세종특별시
2026-06-16T14:30:20+09:00,ALPACA,426354,100.0,36.35447,127.35452,12,세종특별시
2026-06-16T14:30:20+09:00,ALPACA,425577,100.0,36.35448,127.354546,12,세종특별시
2026-06-16T14:30:20+09:00,ALPACA,425937,100.0,36.35448,127.35452,12,세종특별시
2026-06-16T14:30:20+09:00,ALPACA,424345,100.0,36.35448,127.35455,12,세종특별시
2026-06-16T14:30:20+09:00,ALPACA,426330,100.0,36.354485,127.35453,12,세종특별시
2026-06-16T14:30:20+09:00,ALPACA,424752,100.0,36.35449,127.354515,12,세종특별시
2026-06-16T14:30:20+09:00,ALPACA,426248,99.0,36.354492,127.35457,12,세종특별시
2026-06-16T14:30:20+09:00,ALPACA,426512,100.0,36.354496,127.35454,12,세종특별시
2026-06-16T14:30:20+09:00,ALPACA,424605,100.0,36.354496,127.35452,12,세종특별시
2026-06-16T14:30:20+09:00,ALPACA,426376,100.0,36.354504,127.35457,12,세종특별시
2026-06-16T14:30:20+09:00,ALPACA,425052,98.0,36.354507,127.35457,12,세종특별시
2026-06-16T14:30:20+09:00,ALPACA,424349,62.0,36.35456,127.343636,12,세종특별시
2026-06-16T14:30:20+09:00,ALPACA,424487,49.0,36.35457,127.34355,12,세종특별시
2026-06-16T14:30:20+09:00,ALPACA,425461,31.0,36.354595,127.33806,12,세종특별시
2026-06-16T14:30:20+09:00,ALPACA,424468,96.0,36.354626,127.34351,12,세종특별시
2026-06-16T14:30:20+09:00,ALPACA,424673,65.0,36.35463,127.331,12,세종특별시
2026-06-16T14:30:20+09:00,ALPACA,426253,91.0,36.354668,127.34213,12,세종특별시
2026-06-16T14:30:20+09:00,ALPACA,425391,79.0,36.354694,127.34072,12,세종특별시
2026-06-16T14:30:20+09:00,ALPACA,424589,42.0,36.35471,127.335434,12,세종특별시
2026-06-16T14:30:20+09:00,ALPACA,425312,64.0,36.35471,127.34337,12,세종특별시
2026-06-16T14:30:20+09:00,ALPACA,424645,39.0,36.35472,127.33947,12,세종특별시
2026-06-16T14:30:20+09:00,ALPACA,425259,63.0,36.354847,127.33122,12,세종특별시
2026-06-16T14:30:20+09:00,ALPACA,424650,87.0,36.35498,127.34769,12,세종특별시
2026-06-16T14:30:20+09:00,ALPACA,424639,46.0,36.35506,127.337006,12,세종특별시
2026-06-16T14:30:20+09:00,ALPACA,425025,67.0,36.35509,127.33698,12,세종특별시
2026-06-16T14:30:20+09:00,ALPACA,424433,39.0,36.35512,127.337006,12,세종특별시
2026-06-16T14:30:20+09:00,ALPACA,425545,44.0,36.355125,127.34306,12,세종특별시
2026-06-16T14:30:20+09:00,ALPACA,424838,49.0,36.355125,127.34424,12,세종특별시
2026-06-16T14:30:20+09:00,ALPACA,424574,85.0,36.35513,127.34304,12,세종특별시
2026-06-16T14:30:20+09:00,ALPACA,424603,46.0,36.35513,127.344246,12,세종특별시
2026-06-16T14:30:20+09:00,ALPACA,425419,61.0,36.35514,127.33696,12,세종특별시
2026-06-16T14:30:20+09:00,ALPACA,425688,91.0,36.35518,127.35096,12,세종특별시
2026-06-16T14:30:20+09:00,ALPACA,424356,67.0,36.355316,127.34521,12,세종특별시
2026-06-16T14:30:20+09:00,ALPACA,425339,39.0,36.355343,127.335724,12,세종특별시
2026-06-16T14:30:20+09:00,ALPACA,424315,63.0,36.355366,127.33185,12,세종특별시
2026-06-16T14:30:20+09:00,ALPACA,425676,47.0,36.35537,127.33531,12,세종특별시
2026-06-16T14:30:20+09:00,ALPACA,424608,96.0,36.355385,127.33186,12,세종특별시
2026-06-16T14:30:20+09:00,ALPACA,424554,50.0,36.35547,127.3438,12,세종특별시
2026-06-16T14:30:20+09:00,ALPACA,424965,70.0,36.35557,127.33481,12,세종특별시
2026-06-16T14:30:20+09:00,ALPACA,424853,37.0,36.355625,127.34307,12,세종특별시
2026-06-16T14:30:20+09:00,ALPACA,412506,82.0,36.35568,127.37574,12,세종특별시
2026-06-16T14:30:20+09:00,ALPACA,424862,44.0,36.355717,127.33943,12,세종특별시
2026-06-16T14:30:20+09:00,ALPACA,424451,49.0,36.355732,127.36027,12,세종특별시
2026-06-16T14:30:20+09:00,ALPACA,425486,60.0,36.35579,127.33127,12,세종특별시
2026-06-16T14:30:20+09:00,ALPACA,425269,35.0,36.355877,127.35214,12,세종특별시
2026-06-16T14:30:20+09:00,ALPACA,424289,40.0,36.355896,127.3441,12,세종특별시
2026-06-16T14:30:20+09:00,ALPACA,425430,51.0,36.355976,127.33678,12,세종특별시
2026-06-16T14:30:20+09:00,ALPACA,425678,82.0,36.355984,127.33124,12,세종특별시
2026-06-16T14:30:20+09:00,ALPACA,424884,79.0,36.35599,127.33125,12,세종특별시
2026-06-16T14:30:20+09:00,ALPACA,424264,57.0,36.356014,127.33124,12,세종특별시
2026-06-16T14:30:20+09:00,ALPACA,424613,62.0,36.356018,127.34417,12,세종특별시
2026-06-16T14:30:20+09:00,ALPACA,425470,60.0,36.356026,127.33964,12,세종특별시
2026-06-16T14:30:20+09:00,ALPACA,425045,56.0,36.3561,127.33079,12,세종특별시
2026-06-16T14:30:20+09:00,ALPACA,425547,87.0,36.356148,127.35081,12,세종특별시
2026-06-16T14:30:20+09:00,ALPACA,425007,74.0,36.356277,127.36386,12,세종특별시
2026-06-16T14:30:20+09:00,ALPACA,425407,92.0,36.35636,127.361046,12,세종특별시
2026-06-16T14:30:20+09:00,ALPACA,425047,75.0,36.35641,127.34814,12,세종특별시
2026-06-16T14:30:20+09:00,ALPACA,424818,77.0,36.35644,127.34812,12,세종특별시
2026-06-16T14:30:20+09:00,ALPACA,425282,76.0,36.356503,127.348045,12,세종특별시
2026-06-16T14:30:20+09:00,ALPACA,425233,54.0,36.356514,127.341774,12,세종특별시
2026-06-16T14:30:20+09:00,ALPACA,425265,78.0,36.35654,127.34811,12,세종특별시
2026-06-16T14:30:20+09:00,ALPACA,425402,77.0,36.356552,127.348076,12,세종특별시
2026-06-16T14:30:20+09:00,ALPACA,424713,66.0,36.35656,127.34803,12,세종특별시
2026-06-16T14:30:20+09:00,ALPACA,425008,67.0,36.35658,127.331184,12,세종특별시
2026-06-16T14:30:20+09:00,ALPACA,424595,64.0,36.356632,127.33812,12,세종특별시
2026-06-16T14:30:20+09:00,ALPACA,424183,49.0,36.35665,127.33153,12,세종특별시
2026-06-16T14:30:20+09:00,ALPACA,426460,70.0,36.356766,127.33561,12,세종특별시
2026-06-16T14:30:20+09:00,ALPACA,424502,44.0,36.35679,127.33562,12,세종특별시
2026-06-16T14:30:20+09:00,ALPACA,425411,90.0,36.35689,127.33546,12,세종특별시
2026-06-16T14:30:20+09:00,ALPACA,414766,87.0,36.3569,127.335464,12,세종특별시
2026-06-16T14:30:20+09:00,ALPACA,424909,40.0,36.35701,127.34502,12,세종특별시
2026-06-16T14:30:20+09:00,ALPACA,424821,49.0,36.357014,127.35436,12,세종특별시
2026-06-16T14:30:20+09:00,ALPACA,424828,51.0,36.357162,127.35101,12,세종특별시
2026-06-16T14:30:20+09:00,ALPACA,424966,65.0,36.357216,127.358055,12,세종특별시
2026-06-16T14:30:20+09:00,ALPACA,426311,43.0,36.35722,127.340034,12,세종특별시
2026-06-16T14:30:20+09:00,ALPACA,426301,87.0,36.35723,127.34008,12,세종특별시
2026-06-16T14:30:20+09:00,ALPACA,425222,41.0,36.35726,127.35034,12,세종특별시
2026-06-16T14:30:20+09:00,ALPACA,424693,44.0,36.357384,127.34778,12,세종특별시
2026-06-16T14:30:20+09:00,ALPACA,425475,91.0,36.357407,127.37182,12,세종특별시
2026-06-16T14:30:20+09:00,ALPACA,425056,94.0,36.357414,127.37181,12,세종특별시
2026-06-16T14:30:20+09:00,ALPACA,424371,90.0,36.357418,127.371826,12,세종특별시
2026-06-16T14:30:20+09:00,ALPACA,425539,100.0,36.35742,127.37179,12,세종특별시
2026-06-16T14:30:20+09:00,ALPACA,425536,98.0,36.35743,127.37181,12,세종특별시
2026-06-16T14:30:20+09:00,ALPACA,425194,69.0,36.35743,127.34778,12,세종특별시
2026-06-16T14:30:20+09:00,ALPACA,424375,90.0,36.357433,127.371826,12,세종특별시
2026-06-16T14:30:20+09:00,ALPACA,424986,66.0,36.357433,127.34782,12,세종특별시
2026-06-16T14:30:20+09:00,ALPACA,424716,93.0,36.357437,127.371826,12,세종특별시
2026-06-16T14:30:20+09:00,ALPACA,424836,95.0,36.357437,127.37183,12,세종특별시
2026-06-16T14:30:20+09:00,ALPACA,424992,93.0,36.357437,127.37179,12,세종특별시
2026-06-16T14:30:20+09:00,ALPACA,425304,83.0,36.35744,127.37408,12,세종특별시
2026-06-16T14:30:20+09:00,ALPACA,412524,84.0,36.35745,127.37182,12,세종특별시
2026-06-16T14:30:20+09:00,ALPACA,424366,100.0,36.35745,127.37182,12,세종특별시
2026-06-16T14:30:20+09:00,ALPACA,424519,100.0,36.35745,127.37177,12,세종특별시
2026-06-16T14:30:20+09:00,ALPACA,424881,94.0,36.35745,127.37179,12,세종특별시
2026-06-16T14:30:20+09:00,ALPACA,424931,90.0,36.35745,127.37182,12,세종특별시
2026-06-16T14:30:20+09:00,ALPACA,425284,100.0,36.35745,127.37181,12,세종특별시
2026-06-16T14:30:20+09:00,ALPACA,424573,100.0,36.357452,127.37184,12,세종특별시
2026-06-16T14:30:20+09:00,ALPACA,424398,100.0,36.357464,127.37182,12,세종특별시
2026-06-16T14:30:20+09:00,ALPACA,414820,42.0,36.357468,127.37182,12,세종특별시
2026-06-16T14:30:20+09:00,ALPACA,425772,100.0,36.357468,127.3718,12,세종특별시
2026-06-16T14:30:20+09:00,ALPACA,425382,100.0,36.357468,127.37181,12,세종특별시
2026-06-16T14:30:20+09:00,ALPACA,425714,100.0,36.35747,127.37181,12,세종특별시
2026-06-16T14:30:20+09:00,ALPACA,426451,71.0,36.357475,127.37181,12,세종특별시
2026-06-16T14:30:20+09:00,ALPACA,414275,82.0,36.357483,127.37183,12,세종특별시
2026-06-16T14:30:20+09:00,ALPACA,414686,88.0,36.357487,127.37181,12,세종특별시
2026-06-16T14:30:20+09:00,ALPACA,415028,51.0,36.357487,127.37182,12,세종특별시
2026-06-16T14:30:20+09:00,ALPACA,424445,100.0,36.357487,127.371826,12,세종특별시
2026-06-16T14:30:20+09:00,ALPACA,424845,100.0,36.35749,127.371796,12,세종특별시
2026-06-16T14:30:20+09:00,ALPACA,425701,40.0,36.357494,127.371826,12,세종특별시
2026-06-16T14:30:20+09:00,ALPACA,414769,51.0,36.35751,127.37182,12,세종특별시
2026-06-16T14:30:20+09:00,ALPACA,425583,71.0,36.357517,127.37181,12,세종특별시
2026-06-16T14:30:20+09:00,ALPACA,425200,82.0,36.357517,127.371796,12,세종특별시
2026-06-16T14:30:20+09:00,ALPACA,425015,62.0,36.357536,127.37182,12,세종특별시
2026-06-16T14:30:20+09:00,ALPACA,425755,52.0,36.35756,127.3515,12,세종특별시
2026-06-16T14:30:20+09:00,ALPACA,425674,44.0,36.35757,127.35059,12,세종특별시
2026-06-16T14:30:20+09:00,ALPACA,426441,89.0,36.357574,127.34979,12,세종특별시
2026-06-16T14:30:20+09:00,ALPACA,425357,55.0,36.357647,127.33109,12,세종특별시
2026-06-16T14:30:20+09:00,ALPACA,424906,41.0,36.35765,127.35195,12,세종특별시
2026-06-16T14:30:20+09:00,ALPACA,425485,53.0,36.357685,127.34431,12,세종특별시
2026-06-16T14:30:20+09:00,ALPACA,424916,65.0,36.357822,127.35125,12,세종특별시
2026-06-16T14:30:20+09:00,ALPACA,425491,42.0,36.357883,127.34583,12,세종특별시
2026-06-16T14:30:20+09:00,ALPACA,425332,45.0,36.3579,127.35129,12,세종특별시
2026-06-16T14:30:20+09:00,ALPACA,425422,100.0,36.35791,127.36395,12,세종특별시
2026-06-16T14:30:20+09:00,ALPACA,425460,100.0,36.35793,127.36385,12,세종특별시
2026-06-16T14:30:20+09:00,ALPACA,425753,73.0,36.35793,127.36391,12,세종특별시
2026-06-16T14:30:20+09:00,ALPACA,426268,100.0,36.357937,127.36383,12,세종특별시
2026-06-16T14:30:20+09:00,ALPACA,425765,88.0,36.357944,127.36386,12,세종특별시
2026-06-16T14:30:20+09:00,ALPACA,423880,99.0,36.357956,127.363785,12,세종특별시
2026-06-16T14:30:20+09:00,ALPACA,424185,100.0,36.35796,127.36382,12,세종특별시
2026-06-16T14:30:20+09:00,ALPACA,425209,85.0,36.35796,127.37969,12,세종특별시
2026-06-16T14:30:20+09:00,ALPACA,424400,100.0,36.357964,127.363815,12,세종특별시
2026-06-16T14:30:20+09:00,ALPACA,425543,78.0,36.357975,127.36382,12,세종특별시
2026-06-16T14:30:20+09:00,ALPACA,424326,100.0,36.357983,127.364,12,세종특별시
2026-06-16T14:30:20+09:00,ALPACA,425992,100.0,36.357986,127.363785,12,세종특별시
2026-06-16T14:30:20+09:00,ALPACA,424388,69.0,36.357994,127.36381,12,세종특별시
2026-06-16T14:30:20+09:00,ALPACA,424569,76.0,36.358,127.36382,12,세종특별시
2026-06-16T14:30:20+09:00,ALPACA,424403,76.0,36.358006,127.36379,12,세종특별시
2026-06-16T14:30:20+09:00,ALPACA,424572,86.0,36.358013,127.363914,12,세종특별시
2026-06-16T14:30:20+09:00,ALPACA,425223,49.0,36.35813,127.35243,12,세종특별시
2026-06-16T14:30:20+09:00,ALPACA,424560,38.0,36.358322,127.35582,12,세종특별시
2026-06-16T14:30:20+09:00,ALPACA,425127,51.0,36.358402,127.32857,12,세종특별시
2026-06-16T14:30:20+09:00,ALPACA,424479,62.0,36.358505,127.34494,12,세종특별시
2026-06-16T14:30:20+09:00,ALPACA,424808,47.0,36.358772,127.35916,12,세종특별시
2026-06-16T14:30:20+09:00,ALPACA,424789,58.0,36.35878,127.359116,12,세종특별시
2026-06-16T14:30:20+09:00,ALPACA,424817,76.0,36.358967,127.33226,12,세종특별시
2026-06-16T14:30:20+09:00,ALPACA,424979,68.0,36.35902,127.33379,12,세종특별시
2026-06-16T14:30:20+09:00,ALPACA,424943,64.0,36.359043,127.33376,12,세종특별시
2026-06-16T14:30:20+09:00,ALPACA,425161,70.0,36.359043,127.35218,12,세종특별시
2026-06-16T14:30:20+09:00,ALPACA,424970,45.0,36.35905,127.333725,12,세종특별시
2026-06-16T14:30:20+09:00,ALPACA,425440,66.0,36.359055,127.33343,12,세종특별시
2026-06-16T14:30:20+09:00,ALPACA,425210,46.0,36.35906,127.33347,12,세종특별시
2026-06-16T14:30:20+09:00,ALPACA,425421,62.0,36.359062,127.33345,12,세종특별시
2026-06-16T14:30:20+09:00,ALPACA,425393,56.0,36.359062,127.35218,12,세종특별시
2026-06-16T14:30:20+09:00,ALPACA,425396,71.0,36.359062,127.33344,12,세종특별시
2026-06-16T14:30:20+09:00,ALPACA,425410,63.0,36.35907,127.33347,12,세종특별시
2026-06-16T14:30:20+09:00,ALPACA,425325,56.0,36.35909,127.33349,12,세종특별시
2026-06-16T14:30:20+09:00,ALPACA,424859,62.0,36.359093,127.333466,12,세종특별시
2026-06-16T14:30:20+09:00,ALPACA,425201,65.0,36.359097,127.34553,12,세종특별시
2026-06-16T14:30:20+09:00,ALPACA,424630,81.0,36.359272,127.3417,12,세종특별시
2026-06-16T14:30:20+09:00,ALPACA,424558,84.0,36.359306,127.35442,12,세종특별시
2026-06-16T14:30:20+09:00,ALPACA,424684,51.0,36.359425,127.333916,12,세종특별시
2026-06-16T14:30:20+09:00,ALPACA,424448,89.0,36.35951,127.33482,12,세종특별시
2026-06-16T14:30:20+09:00,ALPACA,425358,98.0,36.359547,127.343346,12,세종특별시
2026-06-16T14:30:20+09:00,ALPACA,425564,87.0,36.359573,127.34343,12,세종특별시
2026-06-16T14:30:20+09:00,ALPACA,424610,46.0,36.359737,127.33646,12,세종특별시
2026-06-16T14:30:20+09:00,ALPACA,424638,40.0,36.359737,127.33638,12,세종특별시
2026-06-16T14:30:20+09:00,ALPACA,414824,48.0,36.35978,127.374146,12,세종특별시
2026-06-16T14:30:20+09:00,ALPACA,425077,99.0,36.359863,127.371994,12,세종특별시
2026-06-16T14:30:20+09:00,ALPACA,424998,54.0,36.360413,127.33222,12,세종특별시
2026-06-16T14:30:20+09:00,ALPACA,424985,41.0,36.360596,127.33354,12,세종특별시
2026-06-16T14:30:20+09:00,ALPACA,425626,32.0,36.360767,127.333916,12,세종특별시
2026-06-16T14:30:20+09:00,ALPACA,424598,65.0,36.360916,127.350266,12,세종특별시
2026-06-16T14:30:20+09:00,ALPACA,424894,58.0,36.361115,127.33635,12,세종특별시
2026-06-16T14:30:20+09:00,ALPACA,425326,71.0,36.361115,127.3372,12,세종특별시
2026-06-16T14:30:20+09:00,ALPACA,425353,44.0,36.361145,127.338425,12,세종특별시
2026-06-16T14:30:20+09:00,ALPACA,424556,100.0,36.36118,127.356,12,세종특별시
2026-06-16T14:30:20+09:00,ALPACA,425046,85.0,36.361324,127.33851,12,세종특별시
2026-06-16T14:30:20+09:00,ALPACA,425246,44.0,36.36135,127.33777,12,세종특별시
2026-06-16T14:30:20+09:00,ALPACA,424374,97.0,36.36141,127.33746,12,세종특별시
2026-06-16T14:30:20+09:00,ALPACA,424976,100.0,36.36153,127.35697,12,세종특별시
2026-06-16T14:30:20+09:00,ALPACA,426378,100.0,36.36154,127.35697,12,세종특별시
2026-06-16T14:30:20+09:00,ALPACA,424441,86.0,36.361656,127.33664,12,세종특별시
2026-06-16T14:30:20+09:00,ALPACA,414826,32.0,36.36168,127.353264,12,세종특별시
2026-06-16T14:30:20+09:00,ALPACA,425693,95.0,36.36177,127.344894,12,세종특별시
2026-06-16T14:30:20+09:00,ALPACA,425454,59.0,36.36179,127.33026,12,세종특별시
2026-06-16T14:30:20+09:00,ALPACA,424634,58.0,36.361794,127.35746,12,세종특별시
2026-06-16T14:30:20+09:00,ALPACA,424369,90.0,36.36182,127.357475,12,세종특별시
2026-06-16T14:30:20+09:00,ALPACA,424885,97.0,36.36183,127.357574,12,세종특별시
2026-06-16T14:30:20+09:00,ALPACA,426262,100.0,36.36184,127.3576,12,세종특별시
2026-06-16T14:30:20+09:00,ALPACA,424405,100.0,36.36185,127.35762,12,세종특별시
2026-06-16T14:30:20+09:00,ALPACA,424889,100.0,36.36185,127.357574,12,세종특별시
2026-06-16T14:30:20+09:00,ALPACA,424415,34.0,36.361877,127.34437,12,세종특별시
2026-06-16T14:30:20+09:00,ALPACA,424786,50.0,36.361923,127.35732,12,세종특별시
2026-06-16T14:30:20+09:00,ALPACA,424958,74.0,36.361958,127.35738,12,세종특별시
2026-06-16T14:30:20+09:00,ALPACA,425371,74.0,36.361965,127.357376,12,세종특별시
2026-06-16T14:30:20+09:00,ALPACA,424922,46.0,36.36197,127.35737,12,세종특별시
2026-06-16T14:30:20+09:00,ALPACA,425368,75.0,36.36197,127.35735,12,세종특별시
2026-06-16T14:30:20+09:00,ALPACA,424584,67.0,36.36198,127.35785,12,세종특별시
2026-06-16T14:30:20+09:00,ALPACA,425527,76.0,36.36202,127.35738,12,세종특별시
2026-06-16T14:30:20+09:00,ALPACA,425114,44.0,36.36203,127.36115,12,세종특별시
2026-06-16T14:30:20+09:00,ALPACA,424399,82.0,36.362183,127.37412,12,세종특별시
2026-06-16T14:30:20+09:00,ALPACA,424778,95.0,36.36247,127.34416,12,세종특별시
2026-06-16T14:30:20+09:00,ALPACA,425184,100.0,36.362507,127.35731,12,세종특별시
2026-06-16T14:30:20+09:00,ALPACA,424578,94.0,36.36252,127.33519,12,세종특별시
2026-06-16T14:30:20+09:00,ALPACA,425389,55.0,36.36252,127.357346,12,세종특별시
2026-06-16T14:30:20+09:00,ALPACA,424941,100.0,36.362583,127.3447,12,세종특별시
2026-06-16T14:30:20+09:00,ALPACA,425118,95.0,36.362583,127.34451,12,세종특별시
2026-06-16T14:30:20+09:00,ALPACA,424957,97.0,36.362587,127.3446,12,세종특별시
2026-06-16T14:30:20+09:00,ALPACA,424592,76.0,36.362595,127.34471,12,세종특별시
2026-06-16T14:30:20+09:00,ALPACA,425434,100.0,36.3626,127.34471,12,세종특별시
2026-06-16T14:30:20+09:00,ALPACA,424332,100.0,36.362602,127.34473,12,세종특별시
2026-06-16T14:30:20+09:00,ALPACA,424585,100.0,36.362602,127.3447,12,세종특별시
2026-06-16T14:30:20+09:00,ALPACA,425588,100.0,36.362606,127.34472,12,세종특별시
2026-06-16T14:30:20+09:00,ALPACA,425703,68.0,36.36261,127.344505,12,세종특별시
2026-06-16T14:30:20+09:00,ALPACA,425224,98.0,36.362614,127.344475,12,세종특별시
2026-06-16T14:30:20+09:00,ALPACA,424429,99.0,36.36262,127.34457,12,세종특별시
2026-06-16T14:30:20+09:00,ALPACA,424919,100.0,36.36262,127.34452,12,세종특별시
2026-06-16T14:30:20+09:00,ALPACA,425345,100.0,36.36262,127.344734,12,세종특별시
2026-06-16T14:30:20+09:00,ALPACA,425400,62.0,36.362625,127.34453,12,세종특별시
2026-06-16T14:30:20+09:00,ALPACA,425377,100.0,36.36263,127.34456,12,세종특별시
2026-06-16T14:30:20+09:00,ALPACA,425549,94.0,36.362633,127.34458,12,세종특별시
2026-06-16T14:30:20+09:00,ALPACA,424937,100.0,36.36264,127.34456,12,세종특별시
2026-06-16T14:30:20+09:00,ALPACA,425314,95.0,36.36265,127.34456,12,세종특별시
2026-06-16T14:30:20+09:00,ALPACA,425955,100.0,36.36266,127.344696,12,세종특별시
2026-06-16T14:30:20+09:00,ALPACA,424727,92.0,36.362663,127.34357,12,세종특별시
2026-06-16T14:30:20+09:00,ALPACA,424767,79.0,36.36267,127.343605,12,세종특별시
2026-06-16T14:30:20+09:00,ALPACA,425005,75.0,36.36267,127.34359,12,세종특별시
2026-06-16T14:30:20+09:00,ALPACA,426413,32.0,36.36271,127.34346,12,세종특별시
2026-06-16T14:30:20+09:00,ALPACA,424493,76.0,36.362835,127.35148,12,세종특별시
2026-06-16T14:30:20+09:00,ALPACA,424758,53.0,36.362843,127.356865,12,세종특별시
2026-06-16T14:30:20+09:00,ALPACA,425129,100.0,36.36287,127.35676,12,세종특별시
2026-06-16T14:30:20+09:00,ALPACA,425630,84.0,36.363148,127.34218,12,세종특별시
2026-06-16T14:30:20+09:00,ALPACA,424342,73.0,36.363224,127.334885,12,세종특별시
2026-06-16T14:30:20+09:00,ALPACA,425472,35.0,36.363243,127.34195,12,세종특별시
2026-06-16T14:30:20+09:00,ALPACA,424485,51.0,36.363274,127.33416,12,세종특별시
2026-06-16T14:30:20+09:00,ALPACA,425336,100.0,36.36348,127.35655,12,세종특별시
2026-06-16T14:30:20+09:00,ALPACA,424804,95.0,36.363518,127.356926,12,세종특별시
2026-06-16T14:30:20+09:00,ALPACA,425623,91.0,36.36368,127.3582,12,세종특별시
2026-06-16T14:30:20+09:00,ALPACA,425437,54.0,36.3637,127.358185,12,세종특별시
2026-06-16T14:30:20+09:00,ALPACA,425459,50.0,36.36404,127.35904,12,세종특별시
2026-06-16T14:30:20+09:00,ALPACA,425356,43.0,36.364616,127.34049,12,세종특별시
2026-06-16T14:30:20+09:00,ALPACA,425323,41.0,36.36463,127.34037,12,세종특별시
2026-06-16T14:30:20+09:00,ALPACA,424557,92.0,36.36471,127.34718,12,세종특별시
2026-06-16T14:30:20+09:00,ALPACA,425687,100.0,36.364986,127.347565,12,세종특별시
2026-06-16T14:30:20+09:00,ALPACA,425237,70.0,36.364998,127.34737,12,세종특별시
2026-06-16T14:30:20+09:00,ALPACA,424728,98.0,36.365192,127.34632,12,세종특별시
2026-06-16T14:30:20+09:00,ALPACA,424962,100.0,36.36541,127.36342,12,세종특별시
2026-06-16T14:30:20+09:00,ALPACA,423883,66.0,36.365643,127.346085,12,세종특별시
2026-06-16T14:30:20+09:00,ALPACA,425031,47.0,36.365723,127.33681,12,세종특별시
2026-06-16T14:30:20+09:00,ALPACA,424308,76.0,36.36589,127.36466,12,세종특별시
2026-06-16T14:30:20+09:00,ALPACA,425748,68.0,36.3659,127.36465,12,세종특별시
2026-06-16T14:30:20+09:00,ALPACA,424567,76.0,36.365902,127.364655,12,세종특별시
2026-06-16T14:30:20+09:00,ALPACA,424566,75.0,36.365906,127.364655,12,세종특별시
2026-06-16T14:30:20+09:00,ALPACA,425744,66.0,36.365913,127.36465,12,세종특별시
2026-06-16T14:30:20+09:00,ALPACA,424207,67.0,36.365913,127.364655,12,세종특별시
2026-06-16T14:30:20+09:00,ALPACA,424413,75.0,36.365917,127.36466,12,세종특별시
2026-06-16T14:30:20+09:00,ALPACA,426462,76.0,36.36644,127.31598,12,세종특별시
2026-06-16T14:30:20+09:00,ALPACA,424805,99.0,36.366493,127.3428,12,세종특별시
2026-06-16T14:30:20+09:00,ALPACA,426436,95.0,36.366497,127.34273,12,세종특별시
2026-06-16T14:30:20+09:00,ALPACA,424344,96.0,36.3665,127.3428,12,세종특별시
2026-06-16T14:30:20+09:00,ALPACA,424823,56.0,36.3665,127.342834,12,세종특별시
2026-06-16T14:30:20+09:00,ALPACA,425014,92.0,36.3665,127.34282,12,세종특별시
2026-06-16T14:30:20+09:00,ALPACA,425137,63.0,36.3665,127.34271,12,세종특별시
2026-06-16T14:30:20+09:00,ALPACA,424528,33.0,36.36651,127.3425,12,세종특별시
2026-06-16T14:30:20+09:00,ALPACA,425313,34.0,36.366512,127.34256,12,세종특별시
2026-06-16T14:30:20+09:00,ALPACA,424833,88.0,36.366516,127.342804,12,세종특별시
2026-06-16T14:30:20+09:00,ALPACA,425514,81.0,36.366528,127.342636,12,세종특별시
2026-06-16T14:30:20+09:00,ALPACA,425466,96.0,36.36654,127.3428,12,세종특별시
2026-06-16T14:30:20+09:00,ALPACA,425416,62.0,36.366554,127.34257,12,세종특별시
2026-06-16T14:30:20+09:00,ALPACA,425340,91.0,36.366554,127.34517,12,세종특별시
2026-06-16T14:30:20+09:00,ALPACA,425974,96.0,36.366566,127.342476,12,세종특별시
2026-06-16T14:30:20+09:00,ALPACA,425559,72.0,36.366577,127.34559,12,세종특별시
2026-06-16T14:30:20+09:00,ALPACA,424964,100.0,36.366577,127.36243,12,세종특별시
2026-06-16T14:30:20+09:00,ALPACA,424553,37.0,36.366688,127.3446,12,세종특별시
2026-06-16T14:30:20+09:00,ALPACA,424338,38.0,36.36674,127.34466,12,세종특별시
2026-06-16T14:30:20+09:00,ALPACA,425716,90.0,36.366745,127.34466,12,세종특별시
2026-06-16T14:30:20+09:00,ALPACA,425168,44.0,36.366848,127.3447,12,세종특별시
2026-06-16T14:30:20+09:00,ALPACA,425493,56.0,36.366856,127.34641,12,세종특별시
2026-06-16T14:30:20+09:00,ALPACA,424571,98.0,36.366863,127.34466,12,세종특별시
2026-06-16T14:30:20+09:00,ALPACA,425208,77.0,36.36688,127.344734,12,세종특별시
2026-06-16T14:30:20+09:00,ALPACA,425048,97.0,36.36689,127.34468,12,세종특별시
2026-06-16T14:30:20+09:00,ALPACA,425251,97.0,36.366936,127.34473,12,세종특별시
2026-06-16T14:30:20+09:00,ALPACA,424337,97.0,36.367,127.340836,12,세종특별시
2026-06-16T14:30:20+09:00,ALPACA,425598,78.0,36.36701,127.34084,12,세종특별시
2026-06-16T14:30:20+09:00,ALPACA,425009,88.0,36.367023,127.340866,12,세종특별시
2026-06-16T14:30:20+09:00,ALPACA,425756,98.0,36.367115,127.345894,12,세종특별시
2026-06-16T14:30:20+09:00,ALPACA,425060,74.0,36.367153,127.36254,12,세종특별시
2026-06-16T14:30:20+09:00,ALPACA,424496,100.0,36.36717,127.36254,12,세종특별시
2026-06-16T14:30:20+09:00,ALPACA,424802,61.0,36.367344,127.35677,12,세종특별시
2026-06-16T14:30:20+09:00,ALPACA,424454,76.0,36.36738,127.34067,12,세종특별시
2026-06-16T14:30:20+09:00,ALPACA,424968,91.0,36.36739,127.34069,12,세종특별시
2026-06-16T14:30:20+09:00,ALPACA,425018,43.0,36.367558,127.36122,12,세종특별시
2026-06-16T14:30:20+09:00,ALPACA,424751,68.0,36.367603,127.34084,12,세종특별시
2026-06-16T14:30:20+09:00,ALPACA,425106,95.0,36.367783,127.3656,12,세종특별시
2026-06-16T14:30:20+09:00,ALPACA,424987,100.0,36.367794,127.3421,12,세종특별시
2026-06-16T14:30:20+09:00,ALPACA,424742,71.0,36.367817,127.34209,12,세종특별시
2026-06-16T14:30:20+09:00,ALPACA,425125,65.0,36.367817,127.34215,12,세종특별시
2026-06-16T14:30:20+09:00,ALPACA,425441,100.0,36.367825,127.365616,12,세종특별시
2026-06-16T14:30:20+09:00,ALPACA,425684,80.0,36.36783,127.36563,12,세종특별시
2026-06-16T14:30:20+09:00,ALPACA,425119,62.0,36.36783,127.34214,12,세종특별시
2026-06-16T14:30:20+09:00,ALPACA,425691,83.0,36.367836,127.34036,12,세종특별시
2026-06-16T14:30:20+09:00,ALPACA,424551,34.0,36.367836,127.34211,12,세종특별시
2026-06-16T14:30:20+09:00,ALPACA,424391,85.0,36.36784,127.34212,12,세종특별시
2026-06-16T14:30:20+09:00,ALPACA,425483,77.0,36.367844,127.34205,12,세종특별시
2026-06-16T14:30:20+09:00,ALPACA,425620,68.0,36.367847,127.34213,12,세종특별시
2026-06-16T14:30:20+09:00,ALPACA,425468,100.0,36.367855,127.36566,12,세종특별시
2026-06-16T14:30:20+09:00,ALPACA,424361,96.0,36.367867,127.342064,12,세종특별시
2026-06-16T14:30:20+09:00,ALPACA,424773,90.0,36.36788,127.34211,12,세종특별시
2026-06-16T14:30:20+09:00,ALPACA,425185,93.0,36.36789,127.34206,12,세종특별시
2026-06-16T14:30:20+09:00,ALPACA,425426,81.0,36.36792,127.34157,12,세종특별시
2026-06-16T14:30:20+09:00,ALPACA,425480,84.0,36.368137,127.34601,12,세종특별시
2026-06-16T14:30:20+09:00,ALPACA,425777,64.0,36.368137,127.34604,12,세종특별시
2026-06-16T14:30:20+09:00,ALPACA,424851,52.0,36.368145,127.34598,12,세종특별시
2026-06-16T14:30:20+09:00,ALPACA,423922,33.0,36.368153,127.34598,12,세종특별시
2026-06-16T14:30:20+09:00,ALPACA,414685,71.0,36.368164,127.34597,12,세종특별시
2026-06-16T14:30:20+09:00,ALPACA,425624,100.0,36.368176,127.34594,12,세종특별시
2026-06-16T14:30:20+09:00,ALPACA,425729,87.0,36.36821,127.34595,12,세종특별시
2026-06-16T14:30:20+09:00,ALPACA,425478,83.0,36.368275,127.34259,12,세종특별시
2026-06-16T14:30:20+09:00,ALPACA,425481,90.0,36.368275,127.34272,12,세종특별시
2026-06-16T14:30:20+09:00,ALPACA,425139,81.0,36.368282,127.34259,12,세종특별시
2026-06-16T14:30:20+09:00,ALPACA,425331,58.0,36.368282,127.34254,12,세종특별시
2026-06-16T14:30:20+09:00,ALPACA,425003,75.0,36.368313,127.34261,12,세종특별시
2026-06-16T14:30:20+09:00,ALPACA,424524,75.0,36.36832,127.342575,12,세종특별시
2026-06-16T14:30:20+09:00,ALPACA,425617,39.0,36.368324,127.34259,12,세종특별시
2026-06-16T14:30:20+09:00,ALPACA,425621,53.0,36.36834,127.34257,12,세종특별시
2026-06-16T14:30:20+09:00,ALPACA,425063,97.0,36.368347,127.34267,12,세종특별시
2026-06-16T14:30:20+09:00,ALPACA,424858,100.0,36.36853,127.36599,12,세종특별시
2026-06-16T14:30:20+09:00,ALPACA,424409,48.0,36.36859,127.34063,12,세종특별시
2026-06-16T14:30:20+09:00,ALPACA,424428,33.0,36.36863,127.343735,12,세종특별시
2026-06-16T14:30:20+09:00,ALPACA,425423,83.0,36.36864,127.34067,12,세종특별시
2026-06-16T14:30:20+09:00,ALPACA,425088,31.0,36.36864,127.34377,12,세종특별시
2026-06-16T14:30:20+09:00,ALPACA,411802,73.0,36.368645,127.34372,12,세종특별시
2026-06-16T14:30:20+09:00,ALPACA,424123,55.0,36.368645,127.34071,12,세종특별시
2026-06-16T14:30:20+09:00,ALPACA,425315,96.0,36.36865,127.34379,12,세종특별시
2026-06-16T14:30:20+09:00,ALPACA,424907,92.0,36.368652,127.340645,12,세종특별시
2026-06-16T14:30:20+09:00,ALPACA,424683,71.0,36.368683,127.34074,12,세종특별시
2026-06-16T14:30:20+09:00,ALPACA,424824,45.0,36.368683,127.338264,12,세종특별시
2026-06-16T14:30:20+09:00,ALPACA,424423,100.0,36.368687,127.34073,12,세종특별시
2026-06-16T14:30:20+09:00,ALPACA,424632,60.0,36.368687,127.34072,12,세종특별시
2026-06-16T14:30:20+09:00,ALPACA,425548,97.0,36.36869,127.34071,12,세종특별시
2026-06-16T14:30:20+09:00,ALPACA,424945,69.0,36.36869,127.34189,12,세종특별시
2026-06-16T14:30:20+09:00,ALPACA,425158,80.0,36.368702,127.34065,12,세종특별시
2026-06-16T14:30:20+09:00,ALPACA,424354,32.0,36.368706,127.340706,12,세종특별시
2026-06-16T14:30:20+09:00,ALPACA,424362,45.0,36.368706,127.34187,12,세종특별시
2026-06-16T14:30:20+09:00,ALPACA,424530,100.0,36.368706,127.340675,12,세종특별시
2026-06-16T14:30:20+09:00,ALPACA,425540,51.0,36.368717,127.34193,12,세종특별시
2026-06-16T14:30:20+09:00,ALPACA,425442,78.0,36.368725,127.3407,12,세종특별시
2026-06-16T14:30:20+09:00,ALPACA,414402,83.0,36.36873,127.34073,12,세종특별시
2026-06-16T14:30:20+09:00,ALPACA,425172,56.0,36.36873,127.341965,12,세종특별시
2026-06-16T14:30:20+09:00,ALPACA,425715,76.0,36.368732,127.34067,12,세종특별시
2026-06-16T14:30:20+09:00,ALPACA,424626,56.0,36.368732,127.34056,12,세종특별시
2026-06-16T14:30:20+09:00,ALPACA,425394,100.0,36.368732,127.34068,12,세종특별시
2026-06-16T14:30:20+09:00,ALPACA,425522,58.0,36.368736,127.34069,12,세종특별시
2026-06-16T14:30:20+09:00,ALPACA,424475,50.0,36.368736,127.34069,12,세종특별시
2026-06-16T14:30:20+09:00,ALPACA,425230,100.0,36.368736,127.3407,12,세종특별시
2026-06-16T14:30:20+09:00,ALPACA,425249,84.0,36.368736,127.3406,12,세종특별시
2026-06-16T14:30:20+09:00,ALPACA,415497,55.0,36.368744,127.34252,12,세종특별시
2026-06-16T14:30:20+09:00,ALPACA,425473,52.0,36.368767,127.3419,12,세종특별시
2026-06-16T14:30:20+09:00,ALPACA,424500,87.0,36.36877,127.34069,12,세종특별시
2026-06-16T14:30:20+09:00,ALPACA,424877,75.0,36.36877,127.340675,12,세종특별시
2026-06-16T14:30:20+09:00,ALPACA,425277,93.0,36.36877,127.340706,12,세종특별시
2026-06-16T14:30:20+09:00,ALPACA,424959,75.0,36.368786,127.34069,12,세종특별시
2026-06-16T14:30:20+09:00,ALPACA,424633,80.0,36.36879,127.34076,12,세종특별시
2026-06-16T14:30:20+09:00,ALPACA,425457,62.0,36.368793,127.34071,12,세종특별시
2026-06-16T14:30:20+09:00,ALPACA,425542,52.0,36.368805,127.34252,12,세종특별시
2026-06-16T14:30:20+09:00,ALPACA,424440,60.0,36.36884,127.340004,12,세종특별시
2026-06-16T14:30:20+09:00,ALPACA,425538,49.0,36.36886,127.33998,12,세종특별시
2026-06-16T14:30:20+09:00,ALPACA,426105,97.0,36.368874,127.31593,12,세종특별시
2026-06-16T14:30:20+09:00,ALPACA,425080,76.0,36.368877,127.34285,12,세종특별시
2026-06-16T14:30:20+09:00,ALPACA,426099,86.0,36.36888,127.34277,12,세종특별시
2026-06-16T14:30:20+09:00,ALPACA,425043,52.0,36.368885,127.339966,12,세종특별시
2026-06-16T14:30:20+09:00,ALPACA,425311,57.0,36.36889,127.33994,12,세종특별시
2026-06-16T14:30:20+09:00,ALPACA,425081,51.0,36.368896,127.339966,12,세종특별시
2026-06-16T14:30:20+09:00,ALPACA,424417,52.0,36.3689,127.33996,12,세종특별시
2026-06-16T14:30:20+09:00,ALPACA,425415,67.0,36.368904,127.34292,12,세종특별시
2026-06-16T14:30:20+09:00,ALPACA,424686,48.0,36.368904,127.34285,12,세종특별시
2026-06-16T14:30:20+09:00,ALPACA,424718,77.0,36.368908,127.35069,12,세종특별시
2026-06-16T14:30:20+09:00,ALPACA,425071,53.0,36.36891,127.34288,12,세종특별시
2026-06-16T14:30:20+09:00,ALPACA,426361,87.0,36.368916,127.34398,12,세종특별시
2026-06-16T14:30:20+09:00,ALPACA,424355,72.0,36.368935,127.340996,12,세종특별시
2026-06-16T14:30:20+09:00,ALPACA,424980,36.0,36.368954,127.34293,12,세종특별시
2026-06-16T14:30:20+09:00,ALPACA,426267,75.0,36.36896,127.340836,12,세종특별시
2026-06-16T14:30:20+09:00,ALPACA,424552,61.0,36.368973,127.3398,12,세종특별시
2026-06-16T14:30:20+09:00,ALPACA,424940,49.0,36.368977,127.33997,12,세종특별시
2026-06-16T14:30:20+09:00,ALPACA,424339,67.0,36.36899,127.339966,12,세종특별시
2026-06-16T14:30:20+09:00,ALPACA,425163,39.0,36.36899,127.3425,12,세종특별시
2026-06-16T14:30:20+09:00,ALPACA,425447,100.0,36.368996,127.34001,12,세종특별시
2026-06-16T14:30:20+09:00,ALPACA,425264,69.0,36.369022,127.33998,12,세종특별시
2026-06-16T14:30:20+09:00,ALPACA,425429,64.0,36.36903,127.339935,12,세종특별시
2026-06-16T14:30:20+09:00,ALPACA,425628,42.0,36.369175,127.33391,12,세종특별시
2026-06-16T14:30:20+09:00,ALPACA,425232,100.0,36.369297,127.366806,12,세종특별시
2026-06-16T14:30:20+09:00,ALPACA,426370,51.0,36.369522,127.35133,12,세종특별시
2026-06-16T14:30:20+09:00,ALPACA,424341,31.0,36.369537,127.35133,12,세종특별시
2026-06-16T14:30:20+09:00,ALPACA,424513,82.0,36.369537,127.35133,12,세종특별시
2026-06-16T14:30:20+09:00,ALPACA,425771,70.0,36.36954,127.35135,12,세종특별시
2026-06-16T14:30:20+09:00,ALPACA,424351,79.0,36.36954,127.351295,12,세종특별시
2026-06-16T14:30:20+09:00,ALPACA,425633,46.0,36.369545,127.35128,12,세종특별시
2026-06-16T14:30:20+09:00,ALPACA,425280,77.0,36.369545,127.35132,12,세종특별시
2026-06-16T14:30:20+09:00,ALPACA,425418,95.0,36.369553,127.351326,12,세종특별시
2026-06-16T14:30:20+09:00,ALPACA,425187,73.0,36.369553,127.35134,12,세종특별시
2026-06-16T14:30:20+09:00,ALPACA,425528,74.0,36.369556,127.35126,12,세종특별시
2026-06-16T14:30:20+09:00,ALPACA,424796,100.0,36.369556,127.35134,12,세종특별시
2026-06-16T14:30:20+09:00,ALPACA,425177,100.0,36.369556,127.35128,12,세종특별시
2026-06-16T14:30:20+09:00,ALPACA,425692,94.0,36.36956,127.35127,12,세종특별시
2026-06-16T14:30:20+09:00,ALPACA,424888,83.0,36.36956,127.35126,12,세종특별시
2026-06-16T14:30:20+09:00,ALPACA,425176,71.0,36.36956,127.35123,12,세종특별시
2026-06-16T14:30:20+09:00,ALPACA,425484,95.0,36.369564,127.35133,12,세종특별시
2026-06-16T14:30:20+09:00,ALPACA,424186,87.0,36.369568,127.351265,12,세종특별시
2026-06-16T14:30:20+09:00,ALPACA,424749,93.0,36.369568,127.34378,12,세종특별시
2026-06-16T14:30:20+09:00,ALPACA,424803,62.0,36.369583,127.35124,12,세종특별시
2026-06-16T14:30:20+09:00,ALPACA,425462,89.0,36.369587,127.3513,12,세종특별시
2026-06-16T14:30:20+09:00,ALPACA,425631,50.0,36.36959,127.35129,12,세종특별시
2026-06-16T14:30:20+09:00,ALPACA,424464,36.0,36.369595,127.31903,12,세종특별시
2026-06-16T14:30:20+09:00,ALPACA,425534,46.0,36.3696,127.3437,12,세종특별시
2026-06-16T14:30:20+09:00,ALPACA,423908,97.0,36.369606,127.351166,12,세종특별시
2026-06-16T14:30:20+09:00,ALPACA,425581,99.0,36.369614,127.35119,12,세종특별시
2026-06-16T14:30:20+09:00,ALPACA,424855,95.0,36.369614,127.35117,12,세종특별시
2026-06-16T14:30:20+09:00,ALPACA,425328,61.0,36.369614,127.35118,12,세종특별시
2026-06-16T14:30:20+09:00,ALPACA,425775,99.0,36.369617,127.343285,12,세종특별시
2026-06-16T14:30:20+09:00,ALPACA,425105,77.0,36.36963,127.351166,12,세종특별시
2026-06-16T14:30:20+09:00,ALPACA,425513,72.0,36.369637,127.34374,12,세종특별시
2026-06-16T14:30:20+09:00,ALPACA,424480,67.0,36.369637,127.35117,12,세종특별시
2026-06-16T14:30:20+09:00,ALPACA,425369,100.0,36.36964,127.36308,12,세종특별시
2026-06-16T14:30:20+09:00,ALPACA,424784,85.0,36.369648,127.3512,12,세종특별시
2026-06-16T14:30:20+09:00,ALPACA,424419,58.0,36.36966,127.31805,12,세종특별시
2026-06-16T14:30:20+09:00,ALPACA,424368,67.0,36.36967,127.35114,12,세종특별시
2026-06-16T14:30:20+09:00,ALPACA,425069,100.0,36.36967,127.343445,12,세종특별시
2026-06-16T14:30:20+09:00,ALPACA,425283,89.0,36.36971,127.36292,12,세종특별시
2026-06-16T14:30:20+09:00,ALPACA,424774,58.0,36.369747,127.362854,12,세종특별시
2026-06-16T14:30:20+09:00,ALPACA,425474,100.0,36.36976,127.343666,12,세종특별시
2026-06-16T14:30:20+09:00,ALPACA,425399,98.0,36.369865,127.34422,12,세종특별시
2026-06-16T14:30:20+09:00,ALPACA,424353,80.0,36.369884,127.3439,12,세종특별시
2026-06-16T14:30:20+09:00,ALPACA,424522,58.0,36.36989,127.34386,12,세종특별시
2026-06-16T14:30:20+09:00,ALPACA,424167,67.0,36.3699,127.34381,12,세종특별시
2026-06-16T14:30:20+09:00,ALPACA,425100,77.0,36.369915,127.34536,12,세종특별시
2026-06-16T14:30:20+09:00,ALPACA,425686,92.0,36.36993,127.343834,12,세종특별시
2026-06-16T14:30:20+09:00,ALPACA,425512,84.0,36.369938,127.3386,12,세종특별시
2026-06-16T14:30:20+09:00,ALPACA,426360,90.0,36.369976,127.36287,12,세종특별시
2026-06-16T14:30:20+09:00,ALPACA,411686,80.0,36.370014,127.33849,12,세종특별시
2026-06-16T14:30:20+09:00,ALPACA,424680,54.0,36.37004,127.36051,12,세종특별시
2026-06-16T14:30:20+09:00,ALPACA,424721,50.0,36.37004,127.36049,12,세종특별시
2026-06-16T14:30:20+09:00,ALPACA,424659,70.0,36.370064,127.3623,12,세종특별시
2026-06-16T14:30:20+09:00,ALPACA,424359,100.0,36.370087,127.36006,12,세종특별시
2026-06-16T14:30:20+09:00,ALPACA,424444,94.0,36.37011,127.36043,12,세종특별시
2026-06-16T14:30:20+09:00,ALPACA,425023,91.0,36.370174,127.33713,12,세종특별시
2026-06-16T14:30:20+09:00,ALPACA,425523,76.0,36.370678,127.363815,12,세종특별시
2026-06-16T14:30:20+09:00,ALPACA,424822,67.0,36.370678,127.35352,12,세종특별시
2026-06-16T14:30:20+09:00,ALPACA,424996,90.0,36.37071,127.36244,12,세종특별시
2026-06-16T14:30:20+09:00,ALPACA,425108,34.0,36.370777,127.362526,12,세종특별시
2026-06-16T14:30:20+09:00,ALPACA,424473,99.0,36.370804,127.36242,12,세종특별시
2026-06-16T14:30:20+09:00,ALPACA,424988,100.0,36.37086,127.362404,12,세종특별시
2026-06-16T14:30:20+09:00,ALPACA,426302,97.0,36.37099,127.33506,12,세종특별시
2026-06-16T14:30:20+09:00,ALPACA,425576,95.0,36.371258,127.34147,12,세종특별시
2026-06-16T14:30:20+09:00,ALPACA,424373,63.0,36.371258,127.34145,12,세종특별시
2026-06-16T14:30:20+09:00,ALPACA,425026,96.0,36.371265,127.34145,12,세종특별시
2026-06-16T14:30:20+09:00,ALPACA,425425,98.0,36.37127,127.3415,12,세종특별시
2026-06-16T14:30:20+09:00,ALPACA,425511,96.0,36.37127,127.34154,12,세종특별시
2026-06-16T14:30:20+09:00,ALPACA,425533,100.0,36.37127,127.34148,12,세종특별시
2026-06-16T14:30:20+09:00,ALPACA,425145,100.0,36.37127,127.341324,12,세종특별시
2026-06-16T14:30:20+09:00,ALPACA,424421,100.0,36.371277,127.34138,12,세종특별시
2026-06-16T14:30:20+09:00,ALPACA,425082,97.0,36.371277,127.34136,12,세종특별시
2026-06-16T14:30:20+09:00,ALPACA,425500,94.0,36.37128,127.341415,12,세종특별시
2026-06-16T14:30:20+09:00,ALPACA,424798,100.0,36.37128,127.34133,12,세종특별시
2026-06-16T14:30:20+09:00,ALPACA,425501,100.0,36.371284,127.34147,12,세종특별시
2026-06-16T14:30:20+09:00,ALPACA,425439,100.0,36.37129,127.341385,12,세종특별시
2026-06-16T14:30:20+09:00,ALPACA,425530,40.0,36.37129,127.34139,12,세종특별시
2026-06-16T14:30:20+09:00,ALPACA,424489,64.0,36.371292,127.33516,12,세종특별시
2026-06-16T14:30:20+09:00,ALPACA,425099,49.0,36.371292,127.341446,12,세종특별시
2026-06-16T14:30:20+09:00,ALPACA,425495,73.0,36.371307,127.34139,12,세종특별시
2026-06-16T14:30:20+09:00,ALPACA,426495,36.0,36.37135,127.3334,12,세종특별시
2026-06-16T14:30:20+09:00,ALPACA,424340,62.0,36.37135,127.33523,12,세종특별시
2026-06-16T14:30:20+09:00,ALPACA,424689,90.0,36.37144,127.34334,12,세종특별시
2026-06-16T14:30:20+09:00,ALPACA,425170,55.0,36.37144,127.34328,12,세종특별시
2026-06-16T14:30:20+09:00,ALPACA,425276,100.0,36.37144,127.34322,12,세종특별시
2026-06-16T14:30:20+09:00,ALPACA,424565,87.0,36.371468,127.34339,12,세종특별시
2026-06-16T14:30:20+09:00,ALPACA,426231,78.0,36.371475,127.34335,12,세종특별시
2026-06-16T14:30:20+09:00,ALPACA,425503,62.0,36.37149,127.34339,12,세종특별시
2026-06-16T14:30:20+09:00,ALPACA,424766,100.0,36.37149,127.343346,12,세종특별시
2026-06-16T14:30:20+09:00,ALPACA,426499,63.0,36.371517,127.343254,12,세종특별시
2026-06-16T14:30:20+09:00,ALPACA,424390,100.0,36.371548,127.343254,12,세종특별시
2026-06-16T14:30:20+09:00,ALPACA,424923,96.0,36.37156,127.34324,12,세종특별시
2026-06-16T14:30:20+09:00,ALPACA,425011,65.0,36.37156,127.34327,12,세종특별시
2026-06-16T14:30:20+09:00,ALPACA,424636,100.0,36.371567,127.343254,12,세종특별시
2026-06-16T14:30:20+09:00,ALPACA,424606,100.0,36.37161,127.34328,12,세종특별시
2026-06-16T14:30:20+09:00,ALPACA,424122,100.0,36.371834,127.35854,12,세종특별시
2026-06-16T14:30:20+09:00,ALPACA,425452,100.0,36.371937,127.36205,12,세종특별시
2026-06-16T14:30:20+09:00,ALPACA,425469,42.0,36.3721,127.338486,12,세종특별시
2026-06-16T14:30:20+09:00,ALPACA,424549,97.0,36.372116,127.341644,12,세종특별시
2026-06-16T14:30:20+09:00,ALPACA,426455,100.0,36.372143,127.31735,12,세종특별시
2026-06-16T14:30:20+09:00,ALPACA,426166,99.0,36.372253,127.319115,12,세종특별시
2026-06-16T14:30:20+09:00,ALPACA,425708,100.0,36.372253,127.31916,12,세종특별시
2026-06-16T14:30:20+09:00,ALPACA,424757,37.0,36.372307,127.32329,12,세종특별시
2026-06-16T14:30:20+09:00,ALPACA,424043,47.0,36.372322,127.33547,12,세종특별시
2026-06-16T14:30:20+09:00,ALPACA,425146,91.0,36.372368,127.318184,12,세종특별시
2026-06-16T14:30:20+09:00,ALPACA,424854,43.0,36.372383,127.33531,12,세종특별시
2026-06-16T14:30:20+09:00,ALPACA,426560,79.0,36.37239,127.317566,12,세종특별시
2026-06-16T14:30:20+09:00,ALPACA,424831,47.0,36.372395,127.33536,12,세종특별시
2026-06-16T14:30:20+09:00,ALPACA,424476,57.0,36.372402,127.335365,12,세종특별시
2026-06-16T14:30:20+09:00,ALPACA,425580,56.0,36.372406,127.33523,12,세종특별시
2026-06-16T14:30:20+09:00,ALPACA,424867,52.0,36.372406,127.3354,12,세종특별시
2026-06-16T14:30:20+09:00,ALPACA,426247,100.0,36.372437,127.31809,12,세종특별시
2026-06-16T14:30:20+09:00,ALPACA,426433,100.0,36.372448,127.31799,12,세종특별시
2026-06-16T14:30:20+09:00,ALPACA,426492,100.0,36.37245,127.31804,12,세종특별시
2026-06-16T14:30:20+09:00,ALPACA,426108,41.0,36.372513,127.33413,12,세종특별시
2026-06-16T14:30:20+09:00,ALPACA,424702,91.0,36.372513,127.343254,12,세종특별시
2026-06-16T14:30:20+09:00,ALPACA,426389,85.0,36.372578,127.316505,12,세종특별시
2026-06-16T14:30:20+09:00,ALPACA,425347,67.0,36.372673,127.339615,12,세종특별시
2026-06-16T14:30:20+09:00,ALPACA,424474,33.0,36.372723,127.33958,12,세종특별시
2026-06-16T14:30:20+09:00,ALPACA,425022,75.0,36.37283,127.33968,12,세종특별시
2026-06-16T14:30:20+09:00,ALPACA,426278,92.0,36.3729,127.34384,12,세종특별시
2026-06-16T14:30:20+09:00,ALPACA,424869,70.0,36.372925,127.34386,12,세종특별시
2026-06-16T14:30:20+09:00,ALPACA,424690,50.0,36.37295,127.34388,12,세종특별시
2026-06-16T14:30:20+09:00,ALPACA,424406,51.0,36.37296,127.35964,12,세종특별시
2026-06-16T14:30:20+09:00,ALPACA,425544,93.0,36.372963,127.34385,12,세종특별시
2026-06-16T14:30:20+09:00,ALPACA,424503,71.0,36.372963,127.34382,12,세종특별시
2026-06-16T14:30:20+09:00,ALPACA,425707,96.0,36.372986,127.359566,12,세종특별시
2026-06-16T14:30:20+09:00,ALPACA,424730,46.0,36.37302,127.3229,12,세종특별시
2026-06-16T14:30:20+09:00,ALPACA,425783,73.0,36.37322,127.31787,12,세종특별시
2026-06-16T14:30:20+09:00,ALPACA,426206,78.0,36.373222,127.31785,12,세종특별시
2026-06-16T14:30:20+09:00,ALPACA,426341,75.0,36.373226,127.31795,12,세종특별시
2026-06-16T14:30:20+09:00,ALPACA,426488,100.0,36.373234,127.317955,12,세종특별시
2026-06-16T14:30:20+09:00,ALPACA,425768,84.0,36.37325,127.31785,12,세종특별시
2026-06-16T14:30:20+09:00,ALPACA,424604,99.0,36.373253,127.31787,12,세종특별시
2026-06-16T14:30:20+09:00,ALPACA,426269,75.0,36.373257,127.3177,12,세종특별시
2026-06-16T14:30:20+09:00,ALPACA,426271,74.0,36.37326,127.317955,12,세종특별시
2026-06-16T14:30:20+09:00,ALPACA,426180,78.0,36.37326,127.31786,12,세종특별시
2026-06-16T14:30:20+09:00,ALPACA,426374,77.0,36.373264,127.317825,12,세종특별시
2026-06-16T14:30:20+09:00,ALPACA,426309,76.0,36.373264,127.317856,12,세종특별시
2026-06-16T14:30:20+09:00,ALPACA,426259,76.0,36.37328,127.31791,12,세종특별시
2026-06-16T14:30:20+09:00,ALPACA,426181,75.0,36.373295,127.31789,12,세종특별시
2026-06-16T14:30:20+09:00,ALPACA,426346,75.0,36.373356,127.31793,12,세종특별시
2026-06-16T14:30:20+09:00,ALPACA,424559,77.0,36.373486,127.35942,12,세종특별시
2026-06-16T14:30:20+09:00,ALPACA,424477,99.0,36.3735,127.35747,12,세종특별시
2026-06-16T14:30:20+09:00,ALPACA,425012,100.0,36.37351,127.35943,12,세종특별시
2026-06-16T14:30:20+09:00,ALPACA,425414,100.0,36.37352,127.36153,12,세종특별시
2026-06-16T14:30:20+09:00,ALPACA,424463,99.0,36.373528,127.344246,12,세종특별시
2026-06-16T14:30:20+09:00,ALPACA,414534,33.0,36.37355,127.34421,12,세종특별시
2026-06-16T14:30:20+09:00,ALPACA,425776,100.0,36.37355,127.34419,12,세종특별시
2026-06-16T14:30:20+09:00,ALPACA,425372,97.0,36.373554,127.3442,12,세종특별시
2026-06-16T14:30:20+09:00,ALPACA,426359,100.0,36.373558,127.34419,12,세종특별시
2026-06-16T14:30:20+09:00,ALPACA,424118,60.0,36.37356,127.344185,12,세종특별시
2026-06-16T14:30:20+09:00,ALPACA,425604,100.0,36.373577,127.34417,12,세종특별시
2026-06-16T14:30:20+09:00,ALPACA,425378,35.0,36.37358,127.36044,12,세종특별시
2026-06-16T14:30:20+09:00,ALPACA,425390,84.0,36.373585,127.34157,12,세종특별시
2026-06-16T14:30:20+09:00,ALPACA,425541,37.0,36.373592,127.34407,12,세종특별시
2026-06-16T14:30:20+09:00,ALPACA,425978,71.0,36.373596,127.318825,12,세종특별시
2026-06-16T14:30:20+09:00,ALPACA,425449,76.0,36.373596,127.344215,12,세종특별시
2026-06-16T14:30:20+09:00,ALPACA,424537,33.0,36.373596,127.34419,12,세종특별시
2026-06-16T14:30:20+09:00,ALPACA,426308,62.0,36.373833,127.31935,12,세종특별시
2026-06-16T14:30:20+09:00,ALPACA,426552,42.0,36.37385,127.31868,12,세종특별시
2026-06-16T14:30:20+09:00,ALPACA,424472,58.0,36.373928,127.36016,12,세종특별시
2026-06-16T14:30:20+09:00,ALPACA,426358,93.0,36.374073,127.32251,12,세종특별시
2026-06-16T14:30:20+09:00,ALPACA,425706,97.0,36.37411,127.36511,12,세종특별시
2026-06-16T14:30:20+09:00,ALPACA,426213,33.0,36.374172,127.319435,12,세종특별시
2026-06-16T14:30:20+09:00,ALPACA,425252,35.0,36.37425,127.37938,12,세종특별시
2026-06-16T14:30:20+09:00,ALPACA,424729,48.0,36.374523,127.34653,12,세종특별시
2026-06-16T14:30:20+09:00,ALPACA,426515,95.0,36.374584,127.31869,12,세종특별시
2026-06-16T14:30:20+09:00,ALPACA,414747,41.0,36.374588,127.3592,12,세종특별시
2026-06-16T14:30:20+09:00,ALPACA,425444,78.0,36.374622,127.34199,12,세종특별시
2026-06-16T14:30:20+09:00,ALPACA,426270,100.0,36.37484,127.31804,12,세종특별시
2026-06-16T14:30:20+09:00,ALPACA,425619,80.0,36.374844,127.31805,12,세종특별시
2026-06-16T14:30:20+09:00,ALPACA,425903,100.0,36.374844,127.318016,12,세종특별시
2026-06-16T14:30:20+09:00,ALPACA,425895,100.0,36.37485,127.318016,12,세종특별시
2026-06-16T14:30:20+09:00,ALPACA,426363,100.0,36.37485,127.31805,12,세종특별시
2026-06-16T14:30:20+09:00,ALPACA,426319,73.0,36.374866,127.31801,12,세종특별시
2026-06-16T14:30:20+09:00,ALPACA,426327,99.0,36.37488,127.3181,12,세종특별시
2026-06-16T14:30:20+09:00,ALPACA,425273,48.0,36.374928,127.33777,12,세종특별시
2026-06-16T14:30:20+09:00,ALPACA,426510,93.0,36.374958,127.31813,12,세종특별시
2026-06-16T14:30:20+09:00,ALPACA,426345,46.0,36.37507,127.322754,12,세종특별시
2026-06-16T14:30:20+09:00,ALPACA,426501,74.0,36.37531,127.31902,12,세종특별시
2026-06-16T14:30:20+09:00,ALPACA,426264,47.0,36.375626,127.305466,12,세종특별시
2026-06-16T14:30:20+09:00,ALPACA,425550,91.0,36.375713,127.34391,12,세종특별시
2026-06-16T14:30:20+09:00,ALPACA,425395,84.0,36.37572,127.34391,12,세종특별시
2026-06-16T14:30:20+09:00,ALPACA,423795,37.0,36.375755,127.3439,12,세종특별시
2026-06-16T14:30:20+09:00,ALPACA,414468,74.0,36.375767,127.3918,12,세종특별시
2026-06-16T14:30:20+09:00,ALPACA,411696,100.0,36.375797,127.39184,12,세종특별시
2026-06-16T14:30:20+09:00,ALPACA,425521,100.0,36.375797,127.39178,12,세종특별시
2026-06-16T14:30:20+09:00,ALPACA,426491,72.0,36.375816,127.32071,12,세종특별시
2026-06-16T14:30:20+09:00,ALPACA,424974,70.0,36.375847,127.34323,12,세종특별시
2026-06-16T14:30:20+09:00,ALPACA,425424,100.0,36.37585,127.39187,12,세종특별시
2026-06-16T14:30:20+09:00,ALPACA,414802,100.0,36.375854,127.39182,12,세종특별시
2026-06-16T14:30:20+09:00,ALPACA,424975,65.0,36.37587,127.34326,12,세종특별시
2026-06-16T14:30:20+09:00,ALPACA,425675,39.0,36.375874,127.34323,12,세종특별시
2026-06-16T14:30:20+09:00,ALPACA,424928,86.0,36.375877,127.34329,12,세종특별시
2026-06-16T14:30:20+09:00,ALPACA,424706,90.0,36.375885,127.34326,12,세종특별시
2026-06-16T14:30:20+09:00,ALPACA,424763,91.0,36.37589,127.34326,12,세종특별시
2026-06-16T14:30:20+09:00,ALPACA,424224,99.0,36.375893,127.34325,12,세종특별시
2026-06-16T14:30:20+09:00,ALPACA,425221,94.0,36.375908,127.34323,12,세종특별시
2026-06-16T14:30:20+09:00,ALPACA,424387,35.0,36.375923,127.34327,12,세종특별시
2026-06-16T14:30:20+09:00,ALPACA,425049,95.0,36.37593,127.34325,12,세종특별시
2026-06-16T14:30:20+09:00,ALPACA,424458,99.0,36.37594,127.343315,12,세종특별시
2026-06-16T14:30:20+09:00,ALPACA,424903,88.0,36.37599,127.343346,12,세종특별시
2026-06-16T14:30:20+09:00,ALPACA,425385,98.0,36.37601,127.343346,12,세종특별시
2026-06-16T14:30:20+09:00,ALPACA,426367,64.0,36.376015,127.315575,12,세종특별시
2026-06-16T14:30:20+09:00,ALPACA,426380,72.0,36.37604,127.31558,12,세종특별시
2026-06-16T14:30:20+09:00,ALPACA,426275,53.0,36.37618,127.318115,12,세종특별시
2026-06-16T14:30:20+09:00,ALPACA,425970,65.0,36.376225,127.32361,12,세종특별시
2026-06-16T14:30:20+09:00,ALPACA,426468,81.0,36.37625,127.3178,12,세종특별시
2026-06-16T14:30:20+09:00,ALPACA,425713,96.0,36.376305,127.31809,12,세종특별시
2026-06-16T14:30:20+09:00,ALPACA,426369,89.0,36.376423,127.34488,12,세종특별시
2026-06-16T14:30:20+09:00,ALPACA,424401,68.0,36.37653,127.356346,12,세종특별시
2026-06-16T14:30:20+09:00,ALPACA,424346,40.0,36.37665,127.34351,12,세종특별시
2026-06-16T14:30:20+09:00,ALPACA,424668,93.0,36.37673,127.344185,12,세종특별시
2026-06-16T14:30:20+09:00,ALPACA,425202,81.0,36.376736,127.34402,12,세종특별시
2026-06-16T14:30:20+09:00,ALPACA,425705,93.0,36.376785,127.34415,12,세종특별시
2026-06-16T14:30:20+09:00,ALPACA,425029,68.0,36.37679,127.344055,12,세종특별시
2026-06-16T14:30:20+09:00,ALPACA,424665,83.0,36.376812,127.34418,12,세종특별시
2026-06-16T14:30:20+09:00,ALPACA,424850,91.0,36.376842,127.34418,12,세종특별시
2026-06-16T14:30:20+09:00,ALPACA,426352,38.0,36.376865,127.315025,12,세종특별시
2026-06-16T14:30:20+09:00,ALPACA,426106,48.0,36.37703,127.324646,12,세종특별시
2026-06-16T14:30:20+09:00,ALPACA,425349,80.0,36.37728,127.34337,12,세종특별시
2026-06-16T14:30:20+09:00,ALPACA,425961,42.0,36.37787,127.324715,12,세종특별시
2026-06-16T14:30:20+09:00,ALPACA,426233,91.0,36.377945,127.30402,12,세종특별시
2026-06-16T14:30:20+09:00,ALPACA,426317,44.0,36.37842,127.316895,12,세종특별시
2026-06-16T14:30:20+09:00,ALPACA,425248,47.0,36.378452,127.34295,12,세종특별시
2026-06-16T14:30:20+09:00,ALPACA,424880,92.0,36.378475,127.315636,12,세종특별시
2026-06-16T14:30:20+09:00,ALPACA,424982,76.0,36.378605,127.31698,12,세종특별시
2026-06-16T14:30:20+09:00,ALPACA,426447,49.0,36.378735,127.3202,12,세종특별시
2026-06-16T14:30:20+09:00,ALPACA,426110,65.0,36.379402,127.31587,12,세종특별시
2026-06-16T14:30:20+09:00,ALPACA,426469,49.0,36.379536,127.32516,12,세종특별시
2026-06-16T14:30:20+09:00,ALPACA,426364,72.0,36.37954,127.316086,12,세종특별시
2026-06-16T14:30:20+09:00,ALPACA,424525,68.0,36.38085,127.33766,12,세종특별시
2026-06-16T14:30:20+09:00,ALPACA,425241,30.0,36.381367,127.324715,12,세종특별시
2026-06-16T14:30:20+09:00,ALPACA,425531,43.0,36.38258,127.319176,12,세종특별시
2026-06-16T14:30:20+09:00,ALPACA,424949,96.0,36.382713,127.323875,12,세종특별시
2026-06-16T14:30:20+09:00,ALPACA,425117,84.0,36.383396,127.32094,12,세종특별시
2026-06-16T14:30:20+09:00,ALPACA,426207,35.0,36.38366,127.3195,12,세종특별시
2026-06-16T14:30:20+09:00,ALPACA,426443,100.0,36.38367,127.31982,12,세종특별시
2026-06-16T14:30:20+09:00,ALPACA,426303,100.0,36.383705,127.3198,12,세종특별시
2026-06-16T14:30:20+09:00,ALPACA,426440,100.0,36.38371,127.3198,12,세종특별시
2026-06-16T14:30:20+09:00,ALPACA,426479,89.0,36.383713,127.319855,12,세종특별시
2026-06-16T14:30:20+09:00,ALPACA,426561,99.0,36.383717,127.31979,12,세종특별시
2026-06-16T14:30:20+09:00,ALPACA,426356,90.0,36.38372,127.31977,12,세종특별시
2026-06-16T14:30:20+09:00,ALPACA,426230,100.0,36.383724,127.31979,12,세종특별시
2026-06-16T14:30:20+09:00,ALPACA,426432,52.0,36.383724,127.31917,12,세종특별시
2026-06-16T14:30:20+09:00,ALPACA,425905,81.0,36.383728,127.319756,12,세종특별시
2026-06-16T14:30:20+09:00,ALPACA,425971,100.0,36.38375,127.31977,12,세종특별시
2026-06-16T14:30:20+09:00,ALPACA,426326,60.0,36.383774,127.31974,12,세종특별시
2026-06-16T14:30:20+09:00,ALPACA,424717,83.0,36.383774,127.30337,12,세종특별시
2026-06-16T14:30:20+09:00,ALPACA,425702,95.0,36.3838,127.31977,12,세종특별시
2026-06-16T14:30:20+09:00,ALPACA,426430,70.0,36.383823,127.319145,12,세종특별시
2026-06-16T14:30:20+09:00,ALPACA,426130,99.0,36.383854,127.3191,12,세종특별시
2026-06-16T14:30:20+09:00,ALPACA,426372,100.0,36.383865,127.31909,12,세종특별시
2026-06-16T14:30:20+09:00,ALPACA,426485,94.0,36.383907,127.319115,12,세종특별시
2026-06-16T14:30:20+09:00,ALPACA,425506,80.0,36.384212,127.36762,12,세종특별시
2026-06-16T14:30:20+09:00,ALPACA,425243,85.0,36.384308,127.31998,12,세종특별시
2026-06-16T14:30:20+09:00,ALPACA,426404,56.0,36.38485,127.324615,12,세종특별시
2026-06-16T14:30:20+09:00,ALPACA,425179,54.0,36.384888,127.32376,12,세종특별시
2026-06-16T14:30:20+09:00,ALPACA,425727,82.0,36.38503,127.32436,12,세종특별시
2026-06-16T14:30:20+09:00,ALPACA,426296,62.0,36.385063,127.32424,12,세종특별시
2026-06-16T14:30:20+09:00,ALPACA,426472,39.0,36.385086,127.324326,12,세종특별시
2026-06-16T14:30:20+09:00,ALPACA,426412,97.0,36.38509,127.30794,12,세종특별시
2026-06-16T14:30:20+09:00,ALPACA,426528,36.0,36.385265,127.32443,12,세종특별시
2026-06-16T14:30:20+09:00,ALPACA,426298,61.0,36.385635,127.328224,12,세종특별시
2026-06-16T14:30:20+09:00,ALPACA,425969,92.0,36.385647,127.32822,12,세종특별시
2026-06-16T14:30:20+09:00,ALPACA,424712,80.0,36.38569,127.32819,12,세종특별시
2026-06-16T14:30:20+09:00,ALPACA,426428,38.0,36.385708,127.32818,12,세종특별시
2026-06-16T14:30:20+09:00,ALPACA,426390,91.0,36.38571,127.32817,12,세종특별시
2026-06-16T14:30:20+09:00,ALPACA,414714,100.0,36.385803,127.377365,12,세종특별시
2026-06-16T14:30:20+09:00,ALPACA,426129,58.0,36.385807,127.30859,12,세종특별시
2026-06-16T14:30:20+09:00,ALPACA,424509,100.0,36.385815,127.37732,12,세종특별시
2026-06-16T14:30:20+09:00,ALPACA,414750,100.0,36.385822,127.37734,12,세종특별시
2026-06-16T14:30:20+09:00,ALPACA,414717,100.0,36.385826,127.37734,12,세종특별시
2026-06-16T14:30:20+09:00,ALPACA,414748,100.0,36.385826,127.37734,12,세종특별시
2026-06-16T14:30:20+09:00,ALPACA,426046,100.0,36.385838,127.377335,12,세종특별시
2026-06-16T14:30:20+09:00,ALPACA,426109,51.0,36.386055,127.32817,12,세종특별시
2026-06-16T14:30:20+09:00,ALPACA,426280,88.0,36.3861,127.32676,12,세종특별시
2026-06-16T14:30:20+09:00,ALPACA,425083,92.0,36.3862,127.32527,12,세종특별시
2026-06-16T14:30:20+09:00,ALPACA,426244,85.0,36.386227,127.32521,12,세종특별시
2026-06-16T14:30:20+09:00,ALPACA,426086,94.0,36.386375,127.318375,12,세종특별시
2026-06-16T14:30:20+09:00,ALPACA,425909,98.0,36.38664,127.315865,12,세종특별시
2026-06-16T14:30:20+09:00,ALPACA,426377,48.0,36.386665,127.31672,12,세종특별시
2026-06-16T14:30:20+09:00,ALPACA,425642,100.0,36.38679,127.31584,12,세종특별시
2026-06-16T14:30:20+09:00,ALPACA,426387,39.0,36.386887,127.31594,12,세종특별시
2026-06-16T14:30:20+09:00,ALPACA,426347,45.0,36.386913,127.31802,12,세종특별시
2026-06-16T14:30:20+09:00,ALPACA,426229,100.0,36.38696,127.315956,12,세종특별시
2026-06-16T14:30:20+09:00,ALPACA,426202,99.0,36.386967,127.31781,12,세종특별시
2026-06-16T14:30:20+09:00,ALPACA,424832,68.0,36.386997,127.31789,12,세종특별시
2026-06-16T14:30:20+09:00,ALPACA,426449,72.0,36.387016,127.317856,12,세종특별시
2026-06-16T14:30:20+09:00,ALPACA,425281,87.0,36.387028,127.322464,12,세종특별시
2026-06-16T14:30:20+09:00,ALPACA,426388,99.0,36.38733,127.32552,12,세종특별시
2026-06-16T14:30:20+09:00,ALPACA,424635,89.0,36.387386,127.30984,12,세종특별시
2026-06-16T14:30:20+09:00,ALPACA,414796,93.0,36.387424,127.40487,12,세종특별시
2026-06-16T14:30:20+09:00,ALPACA,426239,86.0,36.38745,127.31304,12,세종특별시
2026-06-16T14:30:20+09:00,ALPACA,424328,84.0,36.38746,127.31294,12,세종특별시
2026-06-16T14:30:20+09:00,ALPACA,424363,76.0,36.387497,127.31835,12,세종특별시
2026-06-16T14:30:20+09:00,ALPACA,426148,96.0,36.387505,127.318375,12,세종특별시
2026-06-16T14:30:20+09:00,ALPACA,426383,33.0,36.387604,127.3089,12,세종특별시
2026-06-16T14:30:20+09:00,ALPACA,426498,95.0,36.387653,127.30948,12,세종특별시
2026-06-16T14:30:20+09:00,ALPACA,426445,70.0,36.38767,127.32451,12,세종특별시
2026-06-16T14:30:20+09:00,ALPACA,426252,87.0,36.387684,127.3122,12,세종특별시
2026-06-16T14:30:20+09:00,ALPACA,426240,55.0,36.387722,127.311806,12,세종특별시
2026-06-16T14:30:20+09:00,ALPACA,426417,93.0,36.38773,127.31176,12,세종특별시
2026-06-16T14:30:20+09:00,ALPACA,426532,84.0,36.387753,127.303246,12,세종특별시
2026-06-16T14:30:20+09:00,ALPACA,426274,57.0,36.387863,127.32413,12,세종특별시
2026-06-16T14:30:20+09:00,ALPACA,425448,81.0,36.388226,127.34913,12,세종특별시
2026-06-16T14:30:20+09:00,ALPACA,426060,75.0,36.388245,127.33357,12,세종특별시
2026-06-16T14:30:20+09:00,ALPACA,426362,96.0,36.38874,127.31272,12,세종특별시
2026-06-16T14:30:20+09:00,ALPACA,426266,61.0,36.389297,127.314186,12,세종특별시
2026-06-16T14:30:20+09:00,ALPACA,426272,74.0,36.389503,127.29989,12,세종특별시
2026-06-16T14:30:20+09:00,ALPACA,426351,99.0,36.38966,127.30327,12,세종특별시
2026-06-16T14:30:20+09:00,ALPACA,426429,100.0,36.389664,127.350945,12,세종특별시
2026-06-16T14:30:20+09:00,ALPACA,424708,100.0,36.38975,127.348724,12,세종특별시
2026-06-16T14:30:20+09:00,ALPACA,415442,94.0,36.39018,127.39921,12,세종특별시
2026-06-16T14:30:20+09:00,ALPACA,414901,100.0,36.390182,127.399284,12,세종특별시
2026-06-16T14:30:20+09:00,ALPACA,424883,72.0,36.390182,127.39919,12,세종특별시
2026-06-16T14:30:20+09:00,ALPACA,414612,99.0,36.390186,127.399155,12,세종특별시
2026-06-16T14:30:20+09:00,ALPACA,424646,94.0,36.390186,127.39919,12,세종특별시
2026-06-16T14:30:20+09:00,ALPACA,415142,97.0,36.390194,127.399185,12,세종특별시
2026-06-16T14:30:20+09:00,ALPACA,424697,98.0,36.390194,127.399315,12,세종특별시
2026-06-16T14:30:20+09:00,ALPACA,426203,36.0,36.390198,127.31471,12,세종특별시
2026-06-16T14:30:20+09:00,ALPACA,424973,99.0,36.390198,127.399254,12,세종특별시
2026-06-16T14:30:20+09:00,ALPACA,414739,96.0,36.3902,127.39926,12,세종특별시
2026-06-16T14:30:20+09:00,ALPACA,426517,98.0,36.39021,127.39923,12,세종특별시
2026-06-16T14:30:20+09:00,ALPACA,425182,97.0,36.39021,127.39931,12,세종특별시
2026-06-16T14:30:20+09:00,ALPACA,415292,80.0,36.390213,127.399155,12,세종특별시
2026-06-16T14:30:20+09:00,ALPACA,425433,68.0,36.39022,127.39917,12,세종특별시
2026-06-16T14:30:20+09:00,ALPACA,424887,83.0,36.39023,127.40696,12,세종특별시
2026-06-16T14:30:20+09:00,ALPACA,426273,56.0,36.390278,127.3048,12,세종특별시
2026-06-16T14:30:20+09:00,ALPACA,426382,84.0,36.390472,127.305885,12,세종특별시
2026-06-16T14:30:20+09:00,ALPACA,426464,97.0,36.39052,127.30593,12,세종특별시
2026-06-16T14:30:20+09:00,ALPACA,426209,57.0,36.390526,127.30587,12,세종특별시
2026-06-16T14:30:20+09:00,ALPACA,426245,90.0,36.390743,127.30877,12,세종특별시
2026-06-16T14:30:20+09:00,ALPACA,424439,74.0,36.39101,127.32967,12,세종특별시
2026-06-16T14:30:20+09:00,ALPACA,414678,75.0,36.39109,127.40185,12,세종특별시
2026-06-16T14:30:20+09:00,ALPACA,414429,63.0,36.391315,127.31566,12,세종특별시
2026-06-16T14:30:20+09:00,ALPACA,425525,66.0,36.391342,127.312164,12,세종특별시
2026-06-16T14:30:20+09:00,ALPACA,426343,69.0,36.3915,127.31477,12,세종특별시
2026-06-16T14:30:20+09:00,ALPACA,425374,55.0,36.391506,127.36472,12,세종특별시
2026-06-16T14:30:20+09:00,ALPACA,426518,57.0,36.391514,127.3148,12,세종특별시
2026-06-16T14:30:20+09:00,ALPACA,424725,69.0,36.391537,127.31474,12,세종특별시
2026-06-16T14:30:20+09:00,ALPACA,425436,71.0,36.39154,127.31479,12,세종특별시
2026-06-16T14:30:20+09:00,ALPACA,425973,92.0,36.391624,127.31248,12,세종특별시
2026-06-16T14:30:20+09:00,ALPACA,426328,43.0,36.39181,127.31407,12,세종특별시
2026-06-16T14:30:20+09:00,ALPACA,426385,98.0,36.391815,127.31145,12,세종특별시
2026-06-16T14:30:20+09:00,ALPACA,426102,54.0,36.39187,127.31431,12,세종특별시
2026-06-16T14:30:20+09:00,ALPACA,426473,38.0,36.391926,127.31432,12,세종특별시
2026-06-16T14:30:20+09:00,ALPACA,424764,45.0,36.392334,127.314804,12,세종특별시
2026-06-16T14:30:20+09:00,ALPACA,425977,58.0,36.392525,127.31403,12,세종특별시
2026-06-16T14:30:20+09:00,ALPACA,426178,89.0,36.39258,127.313034,12,세종특별시
2026-06-16T14:30:20+09:00,ALPACA,424926,79.0,36.393276,127.3996,12,세종특별시
2026-06-16T14:30:20+09:00,ALPACA,426265,80.0,36.39347,127.35267,12,세종특별시
2026-06-16T14:30:20+09:00,ALPACA,426250,38.0,36.393757,127.31229,12,세종특별시
2026-06-16T14:30:20+09:00,ALPACA,426386,92.0,36.39455,127.31088,12,세종특별시
2026-06-16T14:30:20+09:00,ALPACA,425446,65.0,36.39505,127.3129,12,세종특별시
2026-06-16T14:30:20+09:00,ALPACA,426353,64.0,36.39544,127.313324,12,세종특별시
2026-06-16T14:30:20+09:00,ALPACA,424418,77.0,36.395535,127.310326,12,세종특별시
2026-06-16T14:30:20+09:00,ALPACA,414936,74.0,36.39674,127.400276,12,세종특별시
2026-06-16T14:30:20+09:00,ALPACA,424904,69.0,36.398495,127.400375,12,세종특별시
2026-06-16T14:30:20+09:00,ALPACA,425335,98.0,36.398674,127.39261,12,세종특별시
2026-06-16T14:30:20+09:00,ALPACA,414702,99.0,36.399685,127.391335,12,세종특별시
2026-06-16T14:30:20+09:00,ALPACA,414825,98.0,36.399708,127.40745,12,세종특별시
2026-06-16T14:30:20+09:00,ALPACA,425257,83.0,36.399757,127.39752,12,세종특별시
2026-06-16T14:30:20+09:00,ALPACA,415044,96.0,36.399815,127.402466,12,세종특별시
2026-06-16T14:30:20+09:00,ALPACA,414727,98.0,36.40091,127.411026,12,세종특별시
2026-06-16T14:30:20+09:00,ALPACA,425362,76.0,36.401062,127.390686,12,세종특별시
2026-06-16T14:30:20+09:00,ALPACA,414672,99.0,36.401077,127.390656,12,세종특별시
2026-06-16T14:30:20+09:00,ALPACA,414690,69.0,36.401077,127.390656,12,세종특별시
2026-06-16T14:30:20+09:00,ALPACA,414773,76.0,36.401085,127.390625,12,세종특별시
2026-06-16T14:30:20+09:00,ALPACA,424314,97.0,36.401104,127.39068,12,세종특별시
2026-06-16T14:30:20+09:00,ALPACA,424460,97.0,36.40111,127.39061,12,세종특별시
2026-06-16T14:30:20+09:00,ALPACA,414524,89.0,36.401436,127.40765,12,세종특별시
2026-06-16T14:30:20+09:00,ALPACA,425192,98.0,36.403355,127.397575,12,세종특별시
2026-06-16T14:30:20+09:00,ALPACA,414898,56.0,36.40528,127.39769,12,세종특별시
2026-06-16T14:30:20+09:00,ALPACA,414643,62.0,36.411682,127.40615,12,세종특별시
2026-06-16T14:30:20+09:00,ALPACA,424765,87.0,36.41186,127.41124,12,세종특별시
2026-06-16T14:30:20+09:00,ALPACA,425305,57.0,36.412758,127.40816,12,세종특별시
2026-06-16T14:30:20+09:00,ALPACA,425704,44.0,36.41315,127.40505,12,세종특별시
2026-06-16T14:30:20+09:00,ALPACA,415569,56.0,36.41324,127.40635,12,세종특별시
2026-06-16T14:30:20+09:00,ALPACA,424780,69.0,36.41326,127.406334,12,세종특별시
2026-06-16T14:30:20+09:00,ALPACA,414541,58.0,36.416164,127.3965,12,세종특별시
2026-06-16T14:30:20+09:00,ALPACA,424593,83.0,36.417976,127.39082,12,세종특별시
2026-06-16T14:30:20+09:00,ALPACA,425387,65.0,36.418247,127.39745,12,세종특별시
2026-06-16T14:30:20+09:00,ALPACA,414779,95.0,36.41845,127.39742,12,세종특별시
2026-06-16T14:30:20+09:00,ALPACA,424954,94.0,36.418774,127.40836,12,세종특별시
2026-06-16T14:30:20+09:00,ALPACA,414687,100.0,36.419006,127.387054,12,세종특별시
2026-06-16T14:30:20+09:00,ALPACA,414648,79.0,36.419205,127.38161,12,세종특별시
2026-06-16T14:30:20+09:00,ALPACA,414827,95.0,36.419476,127.41061,12,세종특별시
2026-06-16T14:30:20+09:00,ALPACA,424550,66.0,36.419666,127.39398,12,세종특별시
2026-06-16T14:30:20+09:00,ALPACA,425409,58.0,36.419746,127.40644,12,세종특별시
2026-06-16T14:30:20+09:00,ALPACA,425191,86.0,36.420033,127.38586,12,세종특별시
2026-06-16T14:30:20+09:00,ALPACA,414669,99.0,36.420067,127.39225,12,세종특별시
2026-06-16T14:30:20+09:00,ALPACA,414966,91.0,36.420147,127.39225,12,세종특별시
2026-06-16T14:30:20+09:00,ALPACA,415070,96.0,36.420494,127.39177,12,세종특별시
2026-06-16T14:30:20+09:00,ALPACA,424827,57.0,36.420643,127.38442,12,세종특별시
2026-06-16T14:30:20+09:00,ALPACA,425575,68.0,36.42106,127.38172,12,세종특별시
2026-06-16T14:30:20+09:00,ALPACA,414689,100.0,36.421383,127.39428,12,세종특별시
2026-06-16T14:30:20+09:00,ALPACA,414566,100.0,36.421726,127.394264,12,세종특별시
2026-06-16T14:30:20+09:00,ALPACA,414953,86.0,36.421738,127.39323,12,세종특별시
2026-06-16T14:30:20+09:00,ALPACA,424539,71.0,36.421803,127.40433,12,세종특별시
2026-06-16T14:30:20+09:00,ALPACA,425367,60.0,36.42183,127.40773,12,세종특별시
2026-06-16T14:30:20+09:00,ALPACA,425551,77.0,36.422134,127.39613,12,세종특별시
2026-06-16T14:30:20+09:00,ALPACA,414831,100.0,36.422195,127.38757,12,세종특별시
2026-06-16T14:30:20+09:00,ALPACA,414776,100.0,36.422256,127.387596,12,세종특별시
2026-06-16T14:30:20+09:00,ALPACA,414914,100.0,36.422268,127.38754,12,세종특별시
2026-06-16T14:30:20+09:00,ALPACA,411733,96.0,36.422504,127.407,12,세종특별시
2026-06-16T14:30:20+09:00,ALPACA,414823,93.0,36.422623,127.40054,12,세종특별시
2026-06-16T14:30:20+09:00,ALPACA,425494,61.0,36.422726,127.40008,12,세종특별시
2026-06-16T14:30:20+09:00,ALPACA,414268,64.0,36.422913,127.38895,12,세종특별시
2026-06-16T14:30:20+09:00,ALPACA,414821,89.0,36.423122,127.40594,12,세종특별시
2026-06-16T14:30:20+09:00,ALPACA,425236,100.0,36.423275,127.39275,12,세종특별시
2026-06-16T14:30:20+09:00,ALPACA,414732,100.0,36.42347,127.39226,12,세종특별시
2026-06-16T14:30:20+09:00,ALPACA,424825,96.0,36.42347,127.392265,12,세종특별시
2026-06-16T14:30:20+09:00,ALPACA,414937,73.0,36.42349,127.39224,12,세종특별시
2026-06-16T14:30:20+09:00,ALPACA,425711,68.0,36.42349,127.39227,12,세종특별시
2026-06-16T14:30:20+09:00,ALPACA,426257,100.0,36.42349,127.39225,12,세종특별시
2026-06-16T14:30:20+09:00,ALPACA,414830,79.0,36.423496,127.39229,12,세종특별시
2026-06-16T14:30:20+09:00,ALPACA,424816,100.0,36.423496,127.39228,12,세종특별시
2026-06-16T14:30:20+09:00,ALPACA,414753,97.0,36.42365,127.40516,12,세종특별시
2026-06-16T14:30:20+09:00,ALPACA,414533,93.0,36.42367,127.4053,12,세종특별시
2026-06-16T14:30:20+09:00,ALPACA,424583,81.0,36.423676,127.405205,12,세종특별시
2026-06-16T14:30:20+09:00,ALPACA,414651,90.0,36.423725,127.40488,12,세종특별시
2026-06-16T14:30:20+09:00,ALPACA,414767,63.0,36.424538,127.389465,12,세종특별시
2026-06-16T14:30:20+09:00,ALPACA,425734,100.0,36.42461,127.39297,12,세종특별시
2026-06-16T14:30:20+09:00,ALPACA,414754,57.0,36.424698,127.40046,12,세종특별시
2026-06-16T14:30:20+09:00,ALPACA,424116,67.0,36.42471,127.39227,12,세종특별시
2026-06-16T14:30:20+09:00,ALPACA,424555,81.0,36.425125,127.39005,12,세종특별시
2026-06-16T14:30:20+09:00,ALPACA,415078,95.0,36.425358,127.39216,12,세종특별시
2026-06-16T14:30:20+09:00,ALPACA,414284,95.0,36.425426,127.39216,12,세종특별시
2026-06-16T14:30:20+09:00,ALPACA,414481,53.0,36.425526,127.393074,12,세종특별시
2026-06-16T14:30:20+09:00,ALPACA,425467,59.0,36.42554,127.393005,12,세종특별시
2026-06-16T14:30:20+09:00,ALPACA,415586,52.0,36.425552,127.39418,12,세종특별시
2026-06-16T14:30:20+09:00,ALPACA,425510,60.0,36.42561,127.39305,12,세종특별시
2026-06-16T14:30:20+09:00,ALPACA,414681,77.0,36.42564,127.39891,12,세종특별시
2026-06-16T14:30:20+09:00,ALPACA,424586,48.0,36.42572,127.389824,12,세종특별시
2026-06-16T14:30:20+09:00,ALPACA,425412,62.0,36.4258,127.38987,12,세종특별시
2026-06-16T14:30:20+09:00,ALPACA,424442,67.0,36.426086,127.39168,12,세종특별시
2026-06-16T14:30:20+09:00,ALPACA,425348,100.0,36.4261,127.390884,12,세종특별시
2026-06-16T14:30:20+09:00,ALPACA,414539,51.0,36.426254,127.391335,12,세종특별시
2026-06-16T14:30:20+09:00,ALPACA,414790,92.0,36.426254,127.390465,12,세종특별시
2026-06-16T14:30:20+09:00,ALPACA,414375,100.0,36.426323,127.39255,12,세종특별시
2026-06-16T14:30:20+09:00,ALPACA,425148,100.0,36.426376,127.39363,12,세종특별시
2026-06-16T14:30:20+09:00,ALPACA,410295,100.0,36.426437,127.39041,12,세종특별시
2026-06-16T14:30:20+09:00,ALPACA,424942,95.0,36.42664,127.3903,12,세종특별시
2026-06-16T14:30:20+09:00,ALPACA,411692,92.0,36.426975,127.38953,12,세종특별시
2026-06-16T14:30:20+09:00,ALPACA,424938,100.0,36.427086,127.394066,12,세종특별시
2026-06-16T14:30:20+09:00,ALPACA,414915,79.0,36.427414,127.402504,12,세종특별시
2026-06-16T14:30:20+09:00,ALPACA,424443,65.0,36.427795,127.39089,12,세종특별시
2026-06-16T14:30:20+09:00,ALPACA,425306,76.0,36.428364,127.3985,12,세종특별시
2026-06-16T14:30:20+09:00,ALPACA,414731,100.0,36.428577,127.391426,12,세종특별시
2026-06-16T14:30:20+09:00,ALPACA,415221,60.0,36.428673,127.3916,12,세종특별시
2026-06-16T14:30:20+09:00,ALPACA,425087,70.0,36.42878,127.39551,12,세종특별시
2026-06-16T14:30:20+09:00,ALPACA,425253,92.0,36.428925,127.39552,12,세종특별시
2026-06-16T14:30:20+09:00,ALPACA,425021,100.0,36.428967,127.38932,12,세종특별시
2026-06-16T14:30:20+09:00,ALPACA,425226,86.0,36.429646,127.38841,12,세종특별시
2026-06-16T14:30:20+09:00,ALPACA,414653,81.0,36.429653,127.393234,12,세종특별시
2026-06-16T14:30:20+09:00,ALPACA,424649,90.0,36.42984,127.39624,12,세종특별시
2026-06-16T14:30:20+09:00,ALPACA,425275,98.0,36.43029,127.39371,12,세종특별시
2026-06-16T14:30:20+09:00,ALPACA,414763,81.0,36.430313,127.39371,12,세종특별시
2026-06-16T14:30:20+09:00,ALPACA,414304,70.0,36.43032,127.38999,12,세종특별시
2026-06-16T14:30:20+09:00,ALPACA,414730,100.0,36.43057,127.39298,12,세종특별시
2026-06-16T14:30:20+09:00,ALPACA,424601,62.0,36.43121,127.38357,12,세종특별시
2026-06-16T14:30:20+09:00,ALPACA,414308,86.0,36.431248,127.39436,12,세종특별시
2026-06-16T14:30:20+09:00,ALPACA,414931,97.0,36.431248,127.39438,12,세종특별시
2026-06-16T14:30:20+09:00,ALPACA,410334,49.0,36.431282,127.394485,12,세종특별시
2026-06-16T14:30:20+09:00,ALPACA,414704,100.0,36.431293,127.39335,12,세종특별시
2026-06-16T14:30:20+09:00,ALPACA,425453,88.0,36.431355,127.39758,12,세종특별시
2026-06-16T14:30:20+09:00,ALPACA,414543,96.0,36.431534,127.39754,12,세종특별시
2026-06-16T14:30:20+09:00,ALPACA,415427,70.0,36.431553,127.39399,12,세종특별시
2026-06-16T14:30:20+09:00,ALPACA,414728,89.0,36.431667,127.39372,12,세종특별시
2026-06-16T14:30:20+09:00,ALPACA,414765,52.0,36.43168,127.39379,12,세종특별시
2026-06-16T14:30:20+09:00,ALPACA,414676,57.0,36.431934,127.39356,12,세종특별시
2026-06-16T14:30:20+09:00,ALPACA,424768,100.0,36.432198,127.393135,12,세종특별시
2026-06-16T14:30:20+09:00,ALPACA,425110,100.0,36.432365,127.39407,12,세종특별시
2026-06-16T14:30:20+09:00,ALPACA,414775,100.0,36.43237,127.39418,12,세종특별시
2026-06-16T14:30:20+09:00,ALPACA,414558,99.0,36.43239,127.38155,12,세종특별시
2026-06-16T14:30:20+09:00,ALPACA,424434,52.0,36.432396,127.38414,12,세종특별시
2026-06-16T14:30:20+09:00,ALPACA,414738,53.0,36.43243,127.39408,12,세종특별시
2026-06-16T14:30:20+09:00,ALPACA,414774,80.0,36.4326,127.38414,12,세종특별시
2026-06-16T14:30:20+09:00,ALPACA,414746,64.0,36.43275,127.39161,12,세종특별시
2026-06-16T14:30:20+09:00,ALPACA,414737,51.0,36.432827,127.394516,12,세종특별시
2026-06-16T14:30:20+09:00,ALPACA,414679,100.0,36.43294,127.38458,12,세종특별시
2026-06-16T14:30:20+09:00,ALPACA,425183,97.0,36.43316,127.38392,12,세종특별시
2026-06-16T14:30:20+09:00,ALPACA,425417,91.0,36.433212,127.384415,12,세종특별시
2026-06-16T14:30:20+09:00,ALPACA,415275,100.0,36.43347,127.382935,12,세종특별시
2026-06-16T14:30:20+09:00,ALPACA,414654,100.0,36.433575,127.38274,12,세종특별시
2026-06-16T14:30:20+09:00,ALPACA,424820,100.0,36.43375,127.385925,12,세종특별시
2026-06-16T14:30:20+09:00,ALPACA,414677,94.0,36.43431,127.385216,12,세종특별시
2026-06-16T14:30:20+09:00,ALPACA,424917,99.0,36.434444,127.392876,12,세종특별시
2026-06-16T14:30:20+09:00,ALPACA,426235,94.0,36.434452,127.40869,12,세종특별시
2026-06-16T14:30:20+09:00,ALPACA,414416,100.0,36.434555,127.38898,12,세종특별시
2026-06-16T14:30:20+09:00,ALPACA,415253,61.0,36.434692,127.38795,12,세종특별시
2026-06-16T14:30:20+09:00,ALPACA,414513,99.0,36.434956,127.39313,12,세종특별시
2026-06-16T14:30:20+09:00,ALPACA,425479,87.0,36.435455,127.403046,12,세종특별시
2026-06-16T14:30:20+09:00,ALPACA,414696,96.0,36.435905,127.403885,12,세종특별시
2026-06-16T14:30:20+09:00,ALPACA,414503,54.0,36.435974,127.40406,12,세종특별시
2026-06-16T14:30:20+09:00,ALPACA,414839,100.0,36.436565,127.389275,12,세종특별시
2026-06-16T14:30:20+09:00,ALPACA,415470,87.0,36.436783,127.3813,12,세종특별시
2026-06-16T14:30:20+09:00,ALPACA,426234,83.0,36.436787,127.38891,12,세종특별시
2026-06-16T14:30:20+09:00,ALPACA,426484,100.0,36.43732,127.388435,12,세종특별시
2026-06-16T14:30:20+09:00,ALPACA,426256,82.0,36.437454,127.388435,12,세종특별시
2026-06-16T14:30:20+09:00,ALPACA,414948,94.0,36.438084,127.39494,12,세종특별시
2026-06-16T14:30:20+09:00,ALPACA,426305,69.0,36.438095,127.381996,12,세종특별시
2026-06-16T14:30:20+09:00,ALPACA,414912,100.0,36.438103,127.38237,12,세종특별시
2026-06-16T14:30:20+09:00,ALPACA,414759,100.0,36.43812,127.3815,12,세종특별시
2026-06-16T14:30:20+09:00,ALPACA,414794,80.0,36.43812,127.38202,12,세종특별시
2026-06-16T14:30:20+09:00,ALPACA,414943,100.0,36.43813,127.38232,12,세종특별시
2026-06-16T14:30:20+09:00,ALPACA,424760,100.0,36.43815,127.38154,12,세종특별시
2026-06-16T14:30:20+09:00,ALPACA,415516,76.0,36.438152,127.38194,12,세종특별시
2026-06-16T14:30:20+09:00,ALPACA,414706,79.0,36.438187,127.382065,12,세종특별시
2026-06-16T14:30:20+09:00,ALPACA,414684,97.0,36.43893,127.39512,12,세종특별시
2026-06-16T14:30:20+09:00,ALPACA,414532,57.0,36.43929,127.38143,12,세종특별시
2026-06-16T14:30:20+09:00,ALPACA,415439,100.0,36.439877,127.38223,12,세종특별시
2026-06-16T14:30:20+09:00,ALPACA,424542,90.0,36.439896,127.38476,12,세종특별시
2026-06-16T14:30:20+09:00,ALPACA,424564,58.0,36.440174,127.38336,12,세종특별시
2026-06-16T14:30:20+09:00,ALPACA,424719,100.0,36.440266,127.38345,12,세종특별시
2026-06-16T14:30:20+09:00,ALPACA,424382,54.0,36.44033,127.38437,12,세종특별시
2026-06-16T14:30:20+09:00,ALPACA,425193,62.0,36.44123,127.38599,12,세종특별시
2026-06-16T14:30:20+09:00,ALPACA,414659,45.0,36.441647,127.399925,12,세종특별시
2026-06-16T14:30:20+09:00,ALPACA,414644,32.0,36.444366,127.41042,12,세종특별시
2026-06-16T14:30:20+09:00,ALPACA,414724,63.0,36.445915,127.41399,12,세종특별시
2026-06-16T14:30:20+09:00,ALPACA,425712,67.0,36.445957,127.405624,12,세종특별시
2026-06-16T14:30:20+09:00,ALPACA,425384,68.0,36.447025,127.40838,12,세종특별시
2026-06-16T14:30:20+09:00,ALPACA,415049,49.0,36.448135,127.42335,12,세종특별시
2026-06-16T14:30:20+09:00,ALPACA,414760,38.0,36.449184,127.41195,12,세종특별시
2026-06-16T14:30:20+09:00,ALPACA,424455,43.0,36.450794,127.432045,12,세종특별시
2026-06-16T14:30:20+09:00,ALPACA,424792,36.0,36.45336,127.423874,12,세종특별시
2026-06-16T14:30:20+09:00,ALPACA,422610,69.0,36.58649,127.294586,12,세종특별시
2026-06-16T14:30:20+09:00,ALPACA,422236,78.0,36.588135,127.28902,12,세종특별시
2026-06-16T14:30:20+09:00,ALPACA,422154,100.0,36.588425,127.29001,12,세종특별시
2026-06-16T14:30:20+09:00,ALPACA,421288,100.0,36.588444,127.290054,12,세종특별시
2026-06-16T14:30:20+09:00,ALPACA,414865,100.0,36.590813,127.29184,12,세종특별시
2026-06-16T14:30:20+09:00,ALPACA,422500,100.0,36.590828,127.291824,12,세종특별시
2026-06-16T14:30:20+09:00,ALPACA,422087,100.0,36.59086,127.29185,12,세종특별시
2026-06-16T14:30:20+09:00,ALPACA,422425,89.0,36.590874,127.29187,12,세종특별시
2026-06-16T14:30:20+09:00,ALPACA,422363,100.0,36.590958,127.29519,12,세종특별시
2026-06-16T14:30:20+09:00,ALPACA,422600,74.0,36.59098,127.29518,12,세종특별시
2026-06-16T14:30:20+09:00,ALPACA,421876,85.0,36.590992,127.2952,12,세종특별시
2026-06-16T14:30:20+09:00,ALPACA,422397,89.0,36.592003,127.29626,12,세종특별시
2026-06-16T14:30:20+09:00,ALPACA,422249,83.0,36.592037,127.29636,12,세종특별시
2026-06-16T14:30:20+09:00,ALPACA,422376,100.0,36.592087,127.29632,12,세종특별시
2026-06-16T14:30:20+09:00,ALPACA,421720,100.0,36.593098,127.28476,12,세종특별시
2026-06-16T14:30:20+09:00,ALPACA,422047,100.0,36.5931,127.284775,12,세종특별시
2026-06-16T14:30:20+09:00,ALPACA,422220,100.0,36.593105,127.28477,12,세종특별시
2026-06-16T14:30:20+09:00,ALPACA,414795,93.0,36.593204,127.28924,12,세종특별시
2026-06-16T14:30:20+09:00,ALPACA,422434,93.0,36.59417,127.30133,12,세종특별시
2026-06-16T14:30:20+09:00,ALPACA,422562,93.0,36.59511,127.28873,12,세종특별시
2026-06-16T14:30:20+09:00,ALPACA,422379,100.0,36.59515,127.28925,12,세종특별시
2026-06-16T14:30:20+09:00,ALPACA,422393,100.0,36.59518,127.289215,12,세종특별시
2026-06-16T14:30:20+09:00,ALPACA,410262,100.0,36.595184,127.28924,12,세종특별시
2026-06-16T14:30:20+09:00,ALPACA,422023,75.0,36.59577,127.289406,12,세종특별시
2026-06-16T14:30:20+09:00,ALPACA,422491,78.0,36.596176,127.29575,12,세종특별시
2026-06-16T14:30:20+09:00,ALPACA,421904,100.0,36.59622,127.29577,12,세종특별시
2026-06-16T14:30:20+09:00,ALPACA,422567,100.0,36.59646,127.28842,12,세종특별시
2026-06-16T14:30:20+09:00,ALPACA,422125,73.0,36.59647,127.2884,12,세종특별시
2026-06-16T14:30:20+09:00,ALPACA,422414,81.0,36.596535,127.30081,12,세종특별시
2026-06-16T14:30:20+09:00,ALPACA,421733,74.0,36.597267,127.29874,12,세종특별시
2026-06-16T14:30:20+09:00,ALPACA,422338,88.0,36.597286,127.29744,12,세종특별시
2026-06-16T14:30:20+09:00,ALPACA,422449,55.0,36.599773,127.29535,12,세종특별시
2026-06-16T14:30:20+09:00,ALPACA,422228,73.0,36.600174,127.294624,12,세종특별시
2026-06-16T14:30:20+09:00,ALPACA,422136,100.0,36.601013,127.29504,12,세종특별시
2026-06-16T14:30:20+09:00,ALPACA,422350,81.0,36.60106,127.29497,12,세종특별시
2026-06-16T14:30:20+09:00,ALPACA,422701,100.0,36.601227,127.29114,12,세종특별시
2026-06-16T14:30:20+09:00,ALPACA,422467,100.0,36.60136,127.2885,12,세종특별시
2026-06-16T14:30:20+09:00,ALPACA,410385,85.0,36.601765,127.28865,12,세종특별시
2026-06-16T14:30:20+09:00,ALPACA,422265,100.0,36.60182,127.290085,12,세종특별시
2026-06-16T14:30:20+09:00,ALPACA,422258,97.0,36.601833,127.29012,12,세종특별시
2026-06-16T14:30:20+09:00,ALPACA,422566,81.0,36.60185,127.294945,12,세종특별시
2026-06-16T14:30:20+09:00,ALPACA,421703,100.0,36.601852,127.2901,12,세종특별시
2026-06-16T14:30:20+09:00,ALPACA,422446,91.0,36.602337,127.29036,12,세종특별시
2026-06-16T14:30:20+09:00,ALPACA,422306,73.0,36.60238,127.28648,12,세종특별시
2026-06-16T14:30:20+09:00,ALPACA,422138,100.0,36.602406,127.29489,12,세종특별시
2026-06-16T14:30:20+09:00,ALPACA,422571,100.0,36.603333,127.29134,12,세종특별시
2026-06-16T14:30:20+09:00,ALPACA,422387,90.0,36.60345,127.30732,12,세종특별시
2026-06-16T14:30:20+09:00,ALPACA,418661,90.0,36.603523,127.29319,12,세종특별시
2026-06-16T14:30:20+09:00,ALPACA,422399,100.0,36.603596,127.29317,12,세종특별시
2026-06-16T14:30:20+09:00,ALPACA,422203,100.0,36.603607,127.29011,12,세종특별시
2026-06-16T14:30:20+09:00,ALPACA,421775,70.0,36.60373,127.29318,12,세종특별시
2026-06-16T14:30:20+09:00,ALPACA,422364,71.0,36.603767,127.29316,12,세종특별시
2026-06-16T14:30:20+09:00,ALPACA,421566,86.0,36.603878,127.29712,12,세종특별시
2026-06-16T14:30:20+09:00,ALPACA,422303,100.0,36.604046,127.297485,12,세종특별시
2026-06-16T14:30:20+09:00,ALPACA,422075,91.0,36.60406,127.29753,12,세종특별시
2026-06-16T14:30:20+09:00,ALPACA,422344,100.0,36.604065,127.29751,12,세종특별시
2026-06-16T14:30:20+09:00,ALPACA,422246,100.0,36.604084,127.297516,12,세종특별시
2026-06-16T14:30:20+09:00,ALPACA,422484,62.0,36.6041,127.297516,12,세종특별시
2026-06-16T14:30:20+09:00,ALPACA,421987,100.0,36.60448,127.292564,12,세종특별시
2026-06-16T14:30:20+09:00,ALPACA,422337,80.0,36.60455,127.29248,12,세종특별시
2026-06-16T14:30:20+09:00,ALPACA,421831,41.0,36.60456,127.29253,12,세종특별시
2026-06-16T14:30:20+09:00,ALPACA,422248,64.0,36.604572,127.2925,12,세종특별시
2026-06-16T14:30:20+09:00,ALPACA,422173,95.0,36.605038,127.293236,12,세종특별시
2026-06-16T14:30:20+09:00,ALPACA,422452,100.0,36.60527,127.29278,12,세종특별시
2026-06-16T14:30:20+09:00,ALPACA,422282,71.0,36.605328,127.29324,12,세종특별시
2026-06-16T14:30:20+09:00,ALPACA,422458,75.0,36.60533,127.29211,12,세종특별시
2026-06-16T14:30:20+09:00,ALPACA,422396,100.0,36.605366,127.29211,12,세종특별시
2026-06-16T14:30:20+09:00,ALPACA,422435,73.0,36.605366,127.29209,12,세종특별시
2026-06-16T14:30:20+09:00,ALPACA,422699,100.0,36.605373,127.29213,12,세종특별시
2026-06-16T14:30:20+09:00,ALPACA,422025,100.0,36.605587,127.297226,12,세종특별시
2026-06-16T14:30:20+09:00,ALPACA,422413,100.0,36.60559,127.29723,12,세종특별시
2026-06-16T14:30:20+09:00,ALPACA,422406,100.0,36.6056,127.29729,12,세종특별시
2026-06-16T14:30:20+09:00,ALPACA,422238,79.0,36.606304,127.29312,12,세종특별시
2026-06-16T14:30:20+09:00,ALPACA,422324,84.0,36.606316,127.2878,12,세종특별시
2026-06-16T14:30:20+09:00,ALPACA,422522,74.0,36.606323,127.29306,12,세종특별시
2026-06-16T14:30:20+09:00,ALPACA,422884,93.0,36.606495,127.29192,12,세종특별시
2026-06-16T14:30:20+09:00,ALPACA,422336,34.0,36.60691,127.289345,12,세종특별시
2026-06-16T14:30:20+09:00,ALPACA,412614,54.0,36.608784,127.29224,12,세종특별시
2026-06-16T14:30:20+09:00,ALPACA,422463,45.0,36.60894,127.28361,12,세종특별시
2026-06-16T14:30:20+09:00,ALPACA,422322,94.0,36.608997,127.28384,12,세종특별시
2026-06-16T14:30:20+09:00,ALPACA,422175,40.0,36.60901,127.28372,12,세종특별시
2026-06-16T14:30:20+09:00,ALPACA,422465,57.0,36.609043,127.283714,12,세종특별시
2026-06-16T14:30:20+09:00,ALPACA,422620,94.0,36.609062,127.28379,12,세종특별시
2026-06-16T14:30:20+09:00,ALPACA,422559,83.0,36.609077,127.283806,12,세종특별시
2026-06-16T14:30:20+09:00,ALPACA,412597,87.0,36.6091,127.28372,12,세종특별시
2026-06-16T14:30:20+09:00,ALPACA,422576,60.0,36.6091,127.2837,12,세종특별시
2026-06-16T14:30:20+09:00,ALPACA,422720,62.0,36.60919,127.28498,12,세종특별시
2026-06-16T14:30:20+09:00,ALPACA,422607,46.0,36.6092,127.29094,12,세종특별시
2026-06-16T14:30:20+09:00,ALPACA,418665,98.0,36.609303,127.28459,12,세종특별시
2026-06-16T14:30:20+09:00,ALPACA,422432,57.0,36.609337,127.28333,12,세종특별시
2026-06-16T14:30:20+09:00,ALPACA,422560,74.0,36.609386,127.286194,12,세종특별시
2026-06-16T14:30:20+09:00,ALPACA,421025,61.0,36.60967,127.28503,12,세종특별시
2026-06-16T14:30:20+09:00,ALPACA,422502,36.0,36.60986,127.28495,12,세종특별시
2026-06-16T14:30:20+09:00,ALPACA,422439,66.0,36.61011,127.284966,12,세종특별시
2026-06-16T14:30:20+09:00,ALPACA,422205,100.0,36.610172,127.29321,12,세종특별시
2026-06-16T14:30:20+09:00,ALPACA,422499,91.0,36.610237,127.28474,12,세종특별시
2026-06-16T14:30:20+09:00,ALPACA,422378,75.0,36.610306,127.296616,12,세종특별시
2026-06-16T14:30:20+09:00,ALPACA,422703,85.0,36.61031,127.29676,12,세종특별시
2026-06-16T14:30:20+09:00,ALPACA,421725,100.0,36.61032,127.29676,12,세종특별시
2026-06-16T14:30:20+09:00,ALPACA,422226,93.0,36.610325,127.28631,12,세종특별시
2026-06-16T14:30:20+09:00,ALPACA,422556,100.0,36.610325,127.29679,12,세종특별시
2026-06-16T14:30:20+09:00,ALPACA,422430,94.0,36.610447,127.2932,12,세종특별시
2026-06-16T14:30:20+09:00,ALPACA,422184,70.0,36.61051,127.2871,12,세종특별시
2026-06-16T14:30:20+09:00,ALPACA,422420,73.0,36.610695,127.293465,12,세종특별시
2026-06-16T14:30:20+09:00,ALPACA,422394,80.0,36.61074,127.29136,12,세종특별시
2026-06-16T14:30:20+09:00,ALPACA,422181,66.0,36.610786,127.29172,12,세종특별시
2026-06-16T14:30:20+09:00,ALPACA,422128,79.0,36.610897,127.288284,12,세종특별시
2026-06-16T14:30:20+09:00,ALPACA,422770,52.0,36.610916,127.29091,12,세종특별시
2026-06-16T14:30:20+09:00,ALPACA,421741,100.0,36.610943,127.29311,12,세종특별시
2026-06-16T14:30:20+09:00,ALPACA,422180,99.0,36.610947,127.28872,12,세종특별시
2026-06-16T14:30:20+09:00,ALPACA,422143,64.0,36.610985,127.28645,12,세종특별시
2026-06-16T14:30:20+09:00,ALPACA,422291,74.0,36.611,127.28635,12,세종특별시
2026-06-16T14:30:20+09:00,ALPACA,422468,100.0,36.61101,127.28643,12,세종특별시
2026-06-16T14:30:20+09:00,ALPACA,422147,68.0,36.61102,127.28641,12,세종특별시
2026-06-16T14:30:20+09:00,ALPACA,422328,38.0,36.61106,127.29008,12,세종특별시
2026-06-16T14:30:20+09:00,ALPACA,422450,30.0,36.611088,127.2864,12,세종특별시
2026-06-16T14:30:20+09:00,ALPACA,422130,47.0,36.611103,127.28619,12,세종특별시
2026-06-16T14:30:20+09:00,ALPACA,422391,100.0,36.611156,127.29014,12,세종특별시
2026-06-16T14:30:20+09:00,ALPACA,422472,94.0,36.61116,127.28979,12,세종특별시
2026-06-16T14:30:20+09:00,ALPACA,422426,77.0,36.611164,127.29007,12,세종특별시
2026-06-16T14:30:20+09:00,ALPACA,422384,47.0,36.61117,127.29002,12,세종특별시
2026-06-16T14:30:20+09:00,ALPACA,422178,39.0,36.611176,127.28975,12,세종특별시
2026-06-16T14:30:20+09:00,ALPACA,422028,85.0,36.611187,127.29089,12,세종특별시
2026-06-16T14:30:20+09:00,ALPACA,422697,37.0,36.611225,127.28979,12,세종특별시
2026-06-16T14:30:20+09:00,ALPACA,422480,87.0,36.61125,127.28734,12,세종특별시
2026-06-16T14:30:20+09:00,ALPACA,412728,54.0,36.61128,127.28816,12,세종특별시
2026-06-16T14:30:20+09:00,ALPACA,421740,94.0,36.611286,127.29007,12,세종특별시
2026-06-16T14:30:20+09:00,ALPACA,422456,79.0,36.611317,127.28831,12,세종특별시
2026-06-16T14:30:20+09:00,ALPACA,422776,41.0,36.61132,127.288216,12,세종특별시
2026-06-16T14:30:20+09:00,ALPACA,422395,94.0,36.611336,127.28808,12,세종특별시
2026-06-16T14:30:20+09:00,ALPACA,421979,98.0,36.611347,127.288185,12,세종특별시
2026-06-16T14:30:20+09:00,ALPACA,422270,76.0,36.61135,127.288124,12,세종특별시
2026-06-16T14:30:20+09:00,ALPACA,421907,99.0,36.611355,127.28818,12,세종특별시
2026-06-16T14:30:20+09:00,ALPACA,422505,59.0,36.611355,127.288216,12,세종특별시
2026-06-16T14:30:20+09:00,ALPACA,422253,98.0,36.611366,127.28825,12,세종특별시
2026-06-16T14:30:20+09:00,ALPACA,421889,73.0,36.611374,127.28744,12,세종특별시
2026-06-16T14:30:20+09:00,ALPACA,422359,95.0,36.611374,127.28823,12,세종특별시
2026-06-16T14:30:20+09:00,ALPACA,422264,95.0,36.61138,127.28822,12,세종특별시
2026-06-16T14:30:20+09:00,ALPACA,422244,47.0,36.6114,127.28746,12,세종특별시
2026-06-16T14:30:20+09:00,ALPACA,422730,74.0,36.61144,127.287445,12,세종특별시
2026-06-16T14:30:20+09:00,ALPACA,422277,99.0,36.611454,127.28744,12,세종특별시
2026-06-16T14:30:20+09:00,ALPACA,422131,88.0,36.611458,127.28745,12,세종특별시
2026-06-16T14:30:20+09:00,ALPACA,422107,43.0,36.611633,127.287544,12,세종특별시
2026-06-16T14:30:20+09:00,ALPACA,422339,32.0,36.611954,127.2846,12,세종특별시
2026-06-16T14:30:20+09:00,ALPACA,422709,86.0,36.613125,127.29592,12,세종특별시
2026-06-16T14:30:20+09:00,ALPACA,422386,86.0,36.613197,127.29332,12,세종특별시
2026-06-16T14:30:20+09:00,ALPACA,422103,100.0,36.613853,127.31,12,세종특별시
2026-06-16T14:30:20+09:00,ALPACA,418558,100.0,36.613876,127.309975,12,세종특별시
2026-06-16T14:30:20+09:00,ALPACA,422168,73.0,36.61406,127.28906,12,세종특별시
2026-06-16T14:30:20+09:00,ALPACA,422371,62.0,36.61409,127.28907,12,세종특별시
2026-06-16T14:30:20+09:00,ALPACA,422335,100.0,36.614174,127.28884,12,세종특별시
2026-06-16T14:30:20+09:00,ALPACA,422367,100.0,36.614174,127.2888,12,세종특별시
2026-06-16T14:30:20+09:00,ALPACA,422207,95.0,36.61456,127.30835,12,세종특별시
2026-06-16T14:30:20+09:00,ALPACA,422242,77.0,36.614662,127.3059,12,세종특별시
2026-06-16T14:30:20+09:00,ALPACA,422603,100.0,36.614918,127.28499,12,세종특별시
2026-06-16T14:30:20+09:00,ALPACA,422358,75.0,36.615963,127.286064,12,세종특별시
2026-06-16T14:30:20+09:00,ALPACA,422086,76.0,36.61633,127.31405,12,세종특별시
2026-06-16T14:30:20+09:00,ALPACA,422185,100.0,36.618057,127.288795,12,세종특별시
2026-06-16T14:30:20+09:00,ALPACA,422296,87.0,36.6188,127.32029,12,세종특별시
2026-06-16T14:30:20+09:00,ALPACA,410365,76.0,36.618816,127.29082,12,세종특별시
2026-06-16T14:30:20+09:00,ALPACA,422176,100.0,36.61898,127.28855,12,세종특별시
2026-06-16T14:30:20+09:00,ALPACA,422243,75.0,36.619553,127.309944,12,세종특별시
2026-06-16T14:30:20+09:00,ALPACA,421998,82.0,36.620438,127.32027,12,세종특별시
2026-06-16T14:30:20+09:00,ALPACA,422039,70.0,36.620907,127.28249,12,세종특별시
2026-06-16T14:30:20+09:00,ALPACA,422705,93.0,36.62092,127.28246,12,세종특별시
2026-06-16T14:30:20+09:00,ALPACA,422357,82.0,36.621124,127.30795,12,세종특별시
2026-06-16T14:30:20+09:00,ALPACA,422333,97.0,36.62135,127.29062,12,세종특별시
2026-06-16T14:30:20+09:00,ALPACA,422509,68.0,36.621548,127.28891,12,세종특별시
2026-06-16T14:30:20+09:00,ALPACA,422469,73.0,36.6216,127.30235,12,세종특별시
2026-06-16T14:30:20+09:00,ALPACA,422309,92.0,36.621677,127.28371,12,세종특별시
2026-06-16T14:30:20+09:00,ALPACA,422329,97.0,36.621685,127.28388,12,세종특별시
2026-06-16T14:30:20+09:00,ALPACA,421908,99.0,36.62169,127.28588,12,세종특별시
2026-06-16T14:30:20+09:00,ALPACA,422141,69.0,36.621693,127.28588,12,세종특별시
2026-06-16T14:30:20+09:00,ALPACA,422299,79.0,36.621696,127.28384,12,세종특별시
2026-06-16T14:30:20+09:00,ALPACA,421186,85.0,36.62171,127.28384,12,세종특별시
2026-06-16T14:30:20+09:00,ALPACA,422568,98.0,36.621758,127.283844,12,세종특별시
2026-06-16T14:30:20+09:00,ALPACA,422148,81.0,36.62177,127.28556,12,세종특별시
2026-06-16T14:30:20+09:00,ALPACA,422251,41.0,36.62178,127.326614,12,세종특별시
2026-06-16T14:30:20+09:00,ALPACA,422580,99.0,36.621788,127.28554,12,세종특별시
2026-06-16T14:30:20+09:00,ALPACA,422702,52.0,36.621857,127.32653,12,세종특별시
2026-06-16T14:30:20+09:00,ALPACA,421945,47.0,36.621864,127.304695,12,세종특별시
2026-06-16T14:30:20+09:00,ALPACA,422304,97.0,36.623657,127.28743,12,세종특별시
2026-06-16T14:30:20+09:00,ALPACA,422211,82.0,36.623665,127.28685,12,세종특별시
2026-06-16T14:30:20+09:00,ALPACA,422212,66.0,36.623714,127.286835,12,세종특별시
2026-06-16T14:30:20+09:00,ALPACA,422507,87.0,36.62377,127.325096,12,세종특별시
2026-06-16T14:30:20+09:00,ALPACA,422403,97.0,36.62414,127.32578,12,세종특별시
2026-06-16T14:30:20+09:00,ALPACA,422440,86.0,36.626568,127.33195,12,세종특별시
2026-06-16T14:30:20+09:00,ALPACA,413919,54.0,36.62669,127.33202,12,세종특별시
2026-06-16T14:30:20+09:00,ALPACA,422412,58.0,36.62692,127.323326,12,세종특별시
2026-06-16T14:30:20+09:00,ALPACA,422372,92.0,36.627663,127.32866,12,세종특별시
2026-06-16T14:30:20+09:00,ALPACA,422622,61.0,36.627975,127.33185,12,세종특별시
2026-06-16T14:30:20+09:00,ALPACA,422382,81.0,36.628136,127.332634,12,세종특별시
2026-06-16T14:30:20+09:00,ALPACA,422194,72.0,36.629448,127.33293,12,세종특별시
2026-06-16T14:30:20+09:00,ALPACA,422575,98.0,36.63005,127.333046,12,세종특별시
2026-06-16T14:30:20+09:00,ALPACA,422121,98.0,36.63006,127.33041,12,세종특별시
2026-06-16T14:30:20+09:00,ALPACA,422297,97.0,36.630157,127.33284,12,세종특별시
2026-06-16T14:30:20+09:00,ALPACA,422528,47.0,36.63016,127.329994,12,세종특별시
2026-06-16T14:30:20+09:00,ALPACA,421994,100.0,36.630173,127.33289,12,세종특별시
2026-06-16T14:30:20+09:00,ALPACA,410342,97.0,36.630188,127.33287,12,세종특별시
2026-06-16T14:30:20+09:00,ALPACA,422188,59.0,36.630276,127.33359,12,세종특별시
2026-06-16T14:30:20+09:00,ALPACA,422486,55.0,36.630577,127.33085,12,세종특별시
2026-06-16T14:30:20+09:00,ALPACA,422408,57.0,36.630856,127.32952,12,세종특별시
2026-06-16T14:30:20+09:00,ALPACA,422278,70.0,36.630898,127.33079,12,세종특별시
2026-06-16T14:30:20+09:00,ALPACA,422316,94.0,36.631054,127.32807,12,세종특별시
2026-06-16T14:30:20+09:00,ALPACA,422427,48.0,36.631268,127.319305,12,세종특별시
2026-06-16T14:30:20+09:00,ALPACA,422126,93.0,36.6313,127.328636,12,세종특별시
2026-06-16T14:30:20+09:00,ALPACA,422431,57.0,36.63147,127.328804,12,세종특별시
2026-06-16T14:30:20+09:00,ALPACA,416273,77.0,36.631496,127.32945,12,세종특별시
2026-06-16T14:30:20+09:00,ALPACA,422032,63.0,36.631508,127.319214,12,세종특별시
2026-06-16T14:30:20+09:00,ALPACA,422161,86.0,36.631527,127.31919,12,세종특별시
2026-06-16T14:30:20+09:00,ALPACA,422049,84.0,36.63154,127.32607,12,세종특별시
2026-06-16T14:30:20+09:00,ALPACA,421772,91.0,36.6316,127.32905,12,세종특별시
2026-06-16T14:30:20+09:00,ALPACA,422552,100.0,36.631626,127.33032,12,세종특별시
2026-06-16T14:30:20+09:00,ALPACA,422691,75.0,36.63166,127.319824,12,세종특별시
2026-06-16T14:30:20+09:00,ALPACA,422164,89.0,36.631817,127.330444,12,세종특별시
2026-06-16T14:30:20+09:00,ALPACA,422365,78.0,36.632095,127.3274,12,세종특별시
2026-06-16T14:30:20+09:00,ALPACA,422534,63.0,36.63249,127.32635,12,세종특별시
2026-06-16T14:30:20+09:00,ALPACA,422402,87.0,36.632725,127.33509,12,세종특별시
2026-06-16T14:30:20+09:00,ALPACA,422558,98.0,36.63276,127.33506,12,세종특별시
2026-06-16T14:30:20+09:00,ALPACA,422334,72.0,36.632767,127.33112,12,세종특별시
2026-06-16T14:30:20+09:00,ALPACA,422375,70.0,36.632843,127.32338,12,세종특별시
2026-06-16T14:30:20+09:00,ALPACA,422034,71.0,36.632965,127.31423,12,세종특별시
2026-06-16T14:30:20+09:00,ALPACA,422625,100.0,36.633327,127.32107,12,세종특별시
2026-06-16T14:30:20+09:00,ALPACA,422536,100.0,36.633335,127.32108,12,세종특별시
2026-06-16T14:30:20+09:00,ALPACA,422604,100.0,36.633335,127.32109,12,세종특별시
2026-06-16T14:30:20+09:00,ALPACA,419034,97.0,36.633343,127.32108,12,세종특별시
2026-06-16T14:30:20+09:00,ALPACA,422535,95.0,36.633766,127.32904,12,세종특별시
2026-06-16T14:30:20+09:00,ALPACA,422498,77.0,36.635105,127.32707,12,세종특별시
2026-06-16T14:30:20+09:00,ALPACA,422389,95.0,36.635406,127.32625,12,세종특별시
2026-06-16T14:30:20+09:00,ALPACA,421739,76.0,36.635544,127.33448,12,세종특별시
2026-06-16T14:30:20+09:00,ALPACA,422538,43.0,36.63556,127.32583,12,세종특별시
2026-06-16T14:30:20+09:00,ALPACA,422142,81.0,36.63571,127.33876,12,세종특별시
2026-06-16T14:30:20+09:00,ALPACA,422256,63.0,36.635918,127.317535,12,세종특별시
2026-06-16T14:30:20+09:00,ALPACA,422122,61.0,36.63613,127.32849,12,세종특별시
2026-06-16T14:30:20+09:00,ALPACA,421718,100.0,36.63657,127.322876,12,세종특별시
2026-06-16T14:30:20+09:00,ALPACA,422629,100.0,36.636574,127.32278,12,세종특별시
2026-06-16T14:30:20+09:00,ALPACA,422189,63.0,36.636612,127.322685,12,세종특별시
2026-06-16T14:30:20+09:00,ALPACA,422574,72.0,36.63713,127.325294,12,세종특별시
2026-06-16T14:30:20+09:00,ALPACA,422259,90.0,36.63718,127.32534,12,세종특별시
2026-06-16T14:30:20+09:00,ALPACA,422102,100.0,36.637207,127.3253,12,세종특별시
2026-06-16T14:30:20+09:00,ALPACA,422101,88.0,36.63721,127.329155,12,세종특별시
2026-06-16T14:30:20+09:00,ALPACA,418277,70.0,36.637234,127.328835,12,세종특별시
2026-06-16T14:30:20+09:00,ALPACA,422381,75.0,36.63725,127.328835,12,세종특별시
2026-06-16T14:30:20+09:00,ALPACA,422213,44.0,36.637257,127.32913,12,세종특별시
2026-06-16T14:30:20+09:00,ALPACA,421950,66.0,36.637943,127.328064,12,세종특별시
2026-06-16T14:30:20+09:00,ALPACA,422352,58.0,36.638725,127.31696,12,세종특별시
2026-06-16T14:30:20+09:00,ALPACA,422355,73.0,36.638966,127.334236,12,세종특별시
2026-06-16T14:30:20+09:00,ALPACA,422692,89.0,36.63899,127.33424,12,세종특별시
2026-06-16T14:30:20+09:00,ALPACA,422172,98.0,36.639,127.33427,12,세종특별시
2026-06-16T14:30:20+09:00,ALPACA,416786,100.0,36.639015,127.33428,12,세종특별시
2026-06-16T14:30:20+09:00,ALPACA,422573,100.0,36.639023,127.33424,12,세종특별시
2026-06-16T14:30:20+09:00,ALPACA,422496,84.0,36.639687,127.346886,12,세종특별시
2026-06-16T14:30:20+09:00,ALPACA,422388,73.0,36.641624,127.33624,12,세종특별시
2026-06-16T14:30:20+09:00,ALPACA,422326,82.0,36.642715,127.34169,12,세종특별시
2026-06-16T14:30:20+09:00,ALPACA,419832,96.0,36.643394,127.341896,12,세종특별시
2026-06-16T14:30:20+09:00,ALPACA,422362,84.0,36.643646,127.336334,12,세종특별시
2026-06-16T14:30:20+09:00,ALPACA,422455,93.0,36.644646,127.332825,12,세종특별시
2026-06-16T14:30:20+09:00,GBIKE,131037,43.0,36.437581,127.220156,12,세종특별시
2026-06-16T14:30:20+09:00,GBIKE,346764,100.0,36.440763,127.224465,12,세종특별시
2026-06-16T14:30:20+09:00,GBIKE,634021,39.0,36.441036,127.367041,12,세종특별시
2026-06-16T14:30:20+09:00,GBIKE,130674,69.0,36.443051,127.209869,12,세종특별시
2026-06-16T14:30:20+09:00,GBIKE,131446,86.0,36.446205,127.226958,12,세종특별시
2026-06-16T14:30:20+09:00,GBIKE,353074,100.0,36.447178,127.36564,12,세종특별시
2026-06-16T14:30:20+09:00,GBIKE,374180,30.0,36.447548,127.228638,12,세종특별시
2026-06-16T14:30:20+09:00,GBIKE,372222,85.0,36.451356,127.363478,12,세종특별시
2026-06-16T14:30:20+09:00,GBIKE,373279,72.0,36.451385,127.363731,12,세종특별시
2026-06-16T14:30:20+09:00,GBIKE,621255,59.0,36.451472,127.362621,12,세종특별시
2026-06-16T14:30:20+09:00,GBIKE,302403,83.0,36.451492,127.363731,12,세종특별시
2026-06-16T14:30:20+09:00,GBIKE,308243,63.0,36.451894,127.364033,12,세종특별시
2026-06-16T14:30:20+09:00,GBIKE,365258,35.0,36.451955,127.36238,12,세종특별시
2026-06-16T14:30:20+09:00,GBIKE,345118,64.0,36.452218,127.363803,12,세종특별시
2026-06-16T14:30:20+09:00,GBIKE,377379,30.0,36.453726,127.365486,12,세종특별시
2026-06-16T14:30:20+09:00,GBIKE,604668,34.0,36.453955,127.363456,12,세종특별시
2026-06-16T14:30:20+09:00,GBIKE,624269,44.0,36.454239,127.366851,12,세종특별시
2026-06-16T14:30:20+09:00,GBIKE,302018,56.0,36.454319,127.363726,12,세종특별시
2026-06-16T14:30:20+09:00,GBIKE,386937,36.0,36.45439,127.364053,12,세종특별시
2026-06-16T14:30:20+09:00,GBIKE,130726,54.0,36.454399,127.284022,12,세종특별시
2026-06-16T14:30:20+09:00,GBIKE,395865,55.0,36.45444,127.363745,12,세종특별시
2026-06-16T14:30:20+09:00,GBIKE,338805,65.0,36.454861,127.363988,12,세종특별시
2026-06-16T14:30:20+09:00,GBIKE,306339,73.0,36.454917,127.364158,12,세종특별시
2026-06-16T14:30:20+09:00,GBIKE,378795,77.0,36.455416,127.364158,12,세종특별시
2026-06-16T14:30:20+09:00,GBIKE,395213,64.0,36.456796,127.36045,12,세종특별시
2026-06-16T14:30:20+09:00,GBIKE,131067,42.0,36.459725,127.211824,12,세종특별시
2026-06-16T14:30:20+09:00,GBIKE,300588,74.0,36.463659,127.359857,12,세종특별시
2026-06-16T14:30:20+09:00,GBIKE,631883,68.0,36.467741,127.264109,12,세종특별시
2026-06-16T14:30:20+09:00,GBIKE,501276,73.0,36.468189,127.280859,12,세종특별시
2026-06-16T14:30:20+09:00,GBIKE,501113,30.0,36.468538,127.281152,12,세종특별시
2026-06-16T14:30:20+09:00,GBIKE,395909,30.0,36.468641,127.271155,12,세종특별시
2026-06-16T14:30:20+09:00,GBIKE,501170,97.0,36.468827,127.272084,12,세종특별시
2026-06-16T14:30:20+09:00,GBIKE,501495,30.0,36.469028,127.273093,12,세종특별시
2026-06-16T14:30:20+09:00,GBIKE,130141,59.0,36.469115,127.275092,12,세종특별시
2026-06-16T14:30:20+09:00,GBIKE,130876,30.0,36.469124,127.275109,12,세종특별시
2026-06-16T14:30:20+09:00,GBIKE,131800,42.0,36.469205,127.275103,12,세종특별시
2026-06-16T14:30:20+09:00,GBIKE,501298,39.0,36.469223,127.28059,12,세종특별시
2026-06-16T14:30:20+09:00,GBIKE,131990,42.0,36.469679,127.281846,12,세종특별시
2026-06-16T14:30:20+09:00,GBIKE,130967,70.0,36.469711,127.282053,12,세종특별시
2026-06-16T14:30:20+09:00,GBIKE,501538,44.0,36.470033,127.277857,12,세종특별시
2026-06-16T14:30:20+09:00,GBIKE,131547,82.0,36.470037,127.287619,12,세종특별시
2026-06-16T14:30:20+09:00,GBIKE,131824,100.0,36.470113,127.277602,12,세종특별시
2026-06-16T14:30:20+09:00,GBIKE,131843,85.0,36.470266,127.251541,12,세종특별시
2026-06-16T14:30:20+09:00,GBIKE,131424,86.0,36.470276,127.25148,12,세종특별시
2026-06-16T14:30:20+09:00,GBIKE,131357,90.0,36.470952,127.273275,12,세종특별시
2026-06-16T14:30:20+09:00,GBIKE,130956,81.0,36.470975,127.273233,12,세종특별시
2026-06-16T14:30:20+09:00,GBIKE,130163,47.0,36.470988,127.27327,12,세종특별시
2026-06-16T14:30:20+09:00,GBIKE,130405,87.0,36.471027,127.274507,12,세종특별시
2026-06-16T14:30:20+09:00,GBIKE,131544,49.0,36.471077,127.252114,12,세종특별시
2026-06-16T14:30:20+09:00,GBIKE,501532,30.0,36.471136,127.252138,12,세종특별시
2026-06-16T14:30:20+09:00,GBIKE,131171,76.0,36.47118,127.274993,12,세종특별시
2026-06-16T14:30:20+09:00,GBIKE,131942,37.0,36.471394,127.285832,12,세종특별시
2026-06-16T14:30:20+09:00,GBIKE,501246,52.0,36.471514,127.275782,12,세종특별시
2026-06-16T14:30:20+09:00,GBIKE,131261,100.0,36.471809,127.276074,12,세종특별시
2026-06-16T14:30:20+09:00,GBIKE,130488,95.0,36.471905,127.253116,12,세종특별시
2026-06-16T14:30:20+09:00,GBIKE,130695,93.0,36.471956,127.253127,12,세종특별시
2026-06-16T14:30:20+09:00,GBIKE,131953,95.0,36.47196,127.253181,12,세종특별시
2026-06-16T14:30:20+09:00,GBIKE,130972,44.0,36.47202,127.279283,12,세종특별시
2026-06-16T14:30:20+09:00,GBIKE,131463,55.0,36.472155,127.252629,12,세종특별시
2026-06-16T14:30:20+09:00,GBIKE,130105,34.0,36.472277,127.276978,12,세종특별시
2026-06-16T14:30:20+09:00,GBIKE,130861,31.0,36.472318,127.278887,12,세종특별시
2026-06-16T14:30:20+09:00,GBIKE,501207,31.0,36.472325,127.285145,12,세종특별시
2026-06-16T14:30:20+09:00,GBIKE,130279,36.0,36.472355,127.279157,12,세종특별시
2026-06-16T14:30:20+09:00,GBIKE,130649,99.0,36.472703,127.277772,12,세종특별시
2026-06-16T14:30:20+09:00,GBIKE,130127,33.0,36.472752,127.278234,12,세종특별시
2026-06-16T14:30:20+09:00,GBIKE,130755,35.0,36.472897,127.277828,12,세종특별시
2026-06-16T14:30:20+09:00,GBIKE,501339,90.0,36.473074,127.277301,12,세종특별시
2026-06-16T14:30:20+09:00,GBIKE,131600,74.0,36.473403,127.250816,12,세종특별시
2026-06-16T14:30:20+09:00,GBIKE,130860,59.0,36.47344,127.277994,12,세종특별시
2026-06-16T14:30:20+09:00,GBIKE,130103,95.0,36.473573,127.250078,12,세종특별시
2026-06-16T14:30:20+09:00,GBIKE,130992,73.0,36.473575,127.249998,12,세종특별시
2026-06-16T14:30:20+09:00,GBIKE,130819,85.0,36.473612,127.284994,12,세종특별시
2026-06-16T14:30:20+09:00,GBIKE,130601,36.0,36.473812,127.250218,12,세종특별시
2026-06-16T14:30:20+09:00,GBIKE,131747,44.0,36.47397,127.298116,12,세종특별시
2026-06-16T14:30:20+09:00,GBIKE,501517,39.0,36.474067,127.277014,12,세종특별시
2026-06-16T14:30:20+09:00,GBIKE,130045,47.0,36.474284,127.28232,12,세종특별시
2026-06-16T14:30:20+09:00,GBIKE,501282,84.0,36.474371,127.285828,12,세종특별시
2026-06-16T14:30:20+09:00,GBIKE,131565,95.0,36.47438,127.276388,12,세종특별시
2026-06-16T14:30:20+09:00,GBIKE,501270,95.0,36.474419,127.284358,12,세종특별시
2026-06-16T14:30:20+09:00,GBIKE,130769,35.0,36.474512,127.254529,12,세종특별시
2026-06-16T14:30:20+09:00,GBIKE,131504,38.0,36.474575,127.255371,12,세종특별시
2026-06-16T14:30:20+09:00,GBIKE,131086,31.0,36.474622,127.280592,12,세종특별시
2026-06-16T14:30:20+09:00,GBIKE,501148,32.0,36.474662,127.280455,12,세종특별시
2026-06-16T14:30:20+09:00,GBIKE,130714,32.0,36.474667,127.254185,12,세종특별시
2026-06-16T14:30:20+09:00,GBIKE,131217,31.0,36.474686,127.275773,12,세종특별시
2026-06-16T14:30:20+09:00,GBIKE,501391,31.0,36.474711,127.254653,12,세종특별시
2026-06-16T14:30:20+09:00,GBIKE,501414,34.0,36.474718,127.275774,12,세종특별시
2026-06-16T14:30:20+09:00,GBIKE,130652,31.0,36.47473,127.2548,12,세종특별시
2026-06-16T14:30:20+09:00,GBIKE,130463,42.0,36.474774,127.275197,12,세종특별시
2026-06-16T14:30:20+09:00,GBIKE,130437,75.0,36.47481,127.255753,12,세종특별시
2026-06-16T14:30:20+09:00,GBIKE,130836,30.0,36.474821,127.254732,12,세종특별시
2026-06-16T14:30:20+09:00,GBIKE,130210,35.0,36.474828,127.255798,12,세종특별시
2026-06-16T14:30:20+09:00,GBIKE,130749,35.0,36.474865,127.255664,12,세종특별시
2026-06-16T14:30:20+09:00,GBIKE,130034,76.0,36.474936,127.284698,12,세종특별시
2026-06-16T14:30:20+09:00,GBIKE,130588,60.0,36.475008,127.25586,12,세종특별시
2026-06-16T14:30:20+09:00,GBIKE,131208,100.0,36.47506,127.290887,12,세종특별시
2026-06-16T14:30:20+09:00,GBIKE,130566,35.0,36.47514,127.248194,12,세종특별시
2026-06-16T14:30:20+09:00,GBIKE,501103,71.0,36.475157,127.255311,12,세종특별시
2026-06-16T14:30:20+09:00,GBIKE,131317,88.0,36.4752,127.285764,12,세종특별시
2026-06-16T14:30:20+09:00,GBIKE,131106,47.0,36.475258,127.252944,12,세종특별시
2026-06-16T14:30:20+09:00,GBIKE,130519,32.0,36.475284,127.253306,12,세종특별시
2026-06-16T14:30:20+09:00,GBIKE,130561,92.0,36.475354,127.252679,12,세종특별시
2026-06-16T14:30:20+09:00,GBIKE,130940,33.0,36.47539,127.24802,12,세종특별시
2026-06-16T14:30:20+09:00,GBIKE,131719,36.0,36.475405,127.252628,12,세종특별시
2026-06-16T14:30:20+09:00,GBIKE,501375,56.0,36.475517,127.251947,12,세종특별시
2026-06-16T14:30:20+09:00,GBIKE,131257,30.0,36.47553,127.251759,12,세종특별시
2026-06-16T14:30:20+09:00,GBIKE,131327,58.0,36.475625,127.252091,12,세종특별시
2026-06-16T14:30:20+09:00,GBIKE,130153,42.0,36.475655,127.252268,12,세종특별시
2026-06-16T14:30:20+09:00,GBIKE,130121,30.0,36.475696,127.253007,12,세종특별시
2026-06-16T14:30:20+09:00,GBIKE,501157,32.0,36.475782,127.251619,12,세종특별시
2026-06-16T14:30:20+09:00,GBIKE,131759,70.0,36.475871,127.248261,12,세종특별시
2026-06-16T14:30:20+09:00,GBIKE,130660,30.0,36.475886,127.254314,12,세종특별시
2026-06-16T14:30:20+09:00,GBIKE,130394,94.0,36.475935,127.254216,12,세종특별시
2026-06-16T14:30:20+09:00,GBIKE,501382,59.0,36.4761,127.253948,12,세종특별시
2026-06-16T14:30:20+09:00,GBIKE,130569,65.0,36.476123,127.247714,12,세종특별시
2026-06-16T14:30:20+09:00,GBIKE,501206,83.0,36.476236,127.28364,12,세종특별시
2026-06-16T14:30:20+09:00,GBIKE,130780,43.0,36.476269,127.251641,12,세종특별시
2026-06-16T14:30:20+09:00,GBIKE,130415,35.0,36.476281,127.25171,12,세종특별시
2026-06-16T14:30:20+09:00,GBIKE,131548,97.0,36.476305,127.271736,12,세종특별시
2026-06-16T14:30:20+09:00,GBIKE,130621,60.0,36.47632,127.248052,12,세종특별시
2026-06-16T14:30:20+09:00,GBIKE,501555,64.0,36.476348,127.253856,12,세종특별시
2026-06-16T14:30:20+09:00,GBIKE,130160,36.0,36.476386,127.253875,12,세종특별시
2026-06-16T14:30:20+09:00,GBIKE,131059,30.0,36.476396,127.247892,12,세종특별시
2026-06-16T14:30:20+09:00,GBIKE,131089,99.0,36.47642,127.259023,12,세종특별시
2026-06-16T14:30:20+09:00,GBIKE,130782,62.0,36.476434,127.258994,12,세종특별시
2026-06-16T14:30:20+09:00,GBIKE,131035,31.0,36.476438,127.253906,12,세종특별시
2026-06-16T14:30:20+09:00,GBIKE,130909,34.0,36.476441,127.280376,12,세종특별시
2026-06-16T14:30:20+09:00,GBIKE,131040,41.0,36.476478,127.253901,12,세종특별시
2026-06-16T14:30:20+09:00,GBIKE,130990,96.0,36.476552,127.289739,12,세종특별시
2026-06-16T14:30:20+09:00,GBIKE,130517,68.0,36.476578,127.247924,12,세종특별시
2026-06-16T14:30:20+09:00,GBIKE,130166,81.0,36.476591,127.247899,12,세종특별시
2026-06-16T14:30:20+09:00,GBIKE,501127,34.0,36.476661,127.284594,12,세종특별시
2026-06-16T14:30:20+09:00,GBIKE,131362,47.0,36.476702,127.296552,12,세종특별시
2026-06-16T14:30:20+09:00,GBIKE,131558,34.0,36.476705,127.296728,12,세종특별시
2026-06-16T14:30:20+09:00,GBIKE,131702,100.0,36.476713,127.25097,12,세종특별시
2026-06-16T14:30:20+09:00,GBIKE,130924,34.0,36.476716,127.296723,12,세종특별시
2026-06-16T14:30:20+09:00,GBIKE,130175,96.0,36.476733,127.288919,12,세종특별시
2026-06-16T14:30:20+09:00,GBIKE,130691,65.0,36.476759,127.283354,12,세종특별시
2026-06-16T14:30:20+09:00,GBIKE,501450,100.0,36.476767,127.289382,12,세종특별시
2026-06-16T14:30:20+09:00,GBIKE,130843,98.0,36.476845,127.250769,12,세종특별시
2026-06-16T14:30:20+09:00,GBIKE,131817,40.0,36.476883,127.250752,12,세종특별시
2026-06-16T14:30:20+09:00,GBIKE,131566,92.0,36.476915,127.2557,12,세종특별시
2026-06-16T14:30:20+09:00,GBIKE,130052,71.0,36.476961,127.282868,12,세종특별시
2026-06-16T14:30:20+09:00,GBIKE,501154,59.0,36.476969,127.257768,12,세종특별시
2026-06-16T14:30:20+09:00,GBIKE,130584,46.0,36.47697,127.296904,12,세종특별시
2026-06-16T14:30:20+09:00,GBIKE,131768,95.0,36.477006,127.283389,12,세종특별시
2026-06-16T14:30:20+09:00,GBIKE,131305,48.0,36.477146,127.249984,12,세종특별시
2026-06-16T14:30:20+09:00,GBIKE,501504,73.0,36.47719,127.251025,12,세종특별시
2026-06-16T14:30:20+09:00,GBIKE,130965,69.0,36.477217,127.249975,12,세종특별시
2026-06-16T14:30:20+09:00,GBIKE,130356,92.0,36.477233,127.259293,12,세종특별시
2026-06-16T14:30:20+09:00,GBIKE,501387,30.0,36.477338,127.250906,12,세종특별시
2026-06-16T14:30:20+09:00,GBIKE,130556,33.0,36.47741,127.250577,12,세종특별시
2026-06-16T14:30:20+09:00,GBIKE,130646,100.0,36.477421,127.283214,12,세종특별시
2026-06-16T14:30:20+09:00,GBIKE,130842,58.0,36.477437,127.283217,12,세종특별시
2026-06-16T14:30:20+09:00,GBIKE,131727,83.0,36.477489,127.248761,12,세종특별시
2026-06-16T14:30:20+09:00,GBIKE,131090,39.0,36.477508,127.254259,12,세종특별시
2026-06-16T14:30:20+09:00,GBIKE,130916,100.0,36.477513,127.283102,12,세종특별시
2026-06-16T14:30:20+09:00,GBIKE,131127,74.0,36.477533,127.254328,12,세종특별시
2026-06-16T14:30:20+09:00,GBIKE,131994,37.0,36.477546,127.25436,12,세종특별시
2026-06-16T14:30:20+09:00,GBIKE,501468,81.0,36.477558,127.285925,12,세종특별시
2026-06-16T14:30:20+09:00,GBIKE,131537,99.0,36.477565,127.28602,12,세종특별시
2026-06-16T14:30:20+09:00,GBIKE,501491,39.0,36.477576,127.286051,12,세종특별시
2026-06-16T14:30:20+09:00,GBIKE,131602,100.0,36.477589,127.298115,12,세종특별시
2026-06-16T14:30:20+09:00,GBIKE,131593,77.0,36.477592,127.285985,12,세종특별시
2026-06-16T14:30:20+09:00,GBIKE,131997,31.0,36.477608,127.253996,12,세종특별시
2026-06-16T14:30:20+09:00,GBIKE,131954,32.0,36.477654,127.249792,12,세종특별시
2026-06-16T14:30:20+09:00,GBIKE,130434,76.0,36.477668,127.282872,12,세종특별시
2026-06-16T14:30:20+09:00,GBIKE,130264,99.0,36.47767,127.255342,12,세종특별시
2026-06-16T14:30:20+09:00,GBIKE,130065,36.0,36.477674,127.255617,12,세종특별시
2026-06-16T14:30:20+09:00,GBIKE,131049,32.0,36.477754,127.25548,12,세종특별시
2026-06-16T14:30:20+09:00,GBIKE,130296,81.0,36.477776,127.282709,12,세종특별시
2026-06-16T14:30:20+09:00,GBIKE,131204,95.0,36.477786,127.282647,12,세종특별시
2026-06-16T14:30:20+09:00,GBIKE,130925,75.0,36.4778,127.282628,12,세종특별시
2026-06-16T14:30:20+09:00,GBIKE,131396,60.0,36.477816,127.282597,12,세종특별시
2026-06-16T14:30:20+09:00,GBIKE,131023,57.0,36.477817,127.253638,12,세종특별시
2026-06-16T14:30:20+09:00,GBIKE,501289,86.0,36.47783,127.253626,12,세종특별시
2026-06-16T14:30:20+09:00,GBIKE,131282,100.0,36.477833,127.249891,12,세종특별시
2026-06-16T14:30:20+09:00,GBIKE,131276,86.0,36.477849,127.283186,12,세종특별시
2026-06-16T14:30:20+09:00,GBIKE,130026,88.0,36.477967,127.283137,12,세종특별시
2026-06-16T14:30:20+09:00,GBIKE,131573,87.0,36.477968,127.287605,12,세종특별시
2026-06-16T14:30:20+09:00,GBIKE,130173,84.0,36.477994,127.299338,12,세종특별시
2026-06-16T14:30:20+09:00,GBIKE,501317,80.0,36.477996,127.261257,12,세종특별시
2026-06-16T14:30:20+09:00,GBIKE,131395,33.0,36.478001,127.299306,12,세종특별시
2026-06-16T14:30:20+09:00,GBIKE,131521,94.0,36.478028,127.29937,12,세종특별시
2026-06-16T14:30:20+09:00,GBIKE,501269,90.0,36.478049,127.283139,12,세종특별시
2026-06-16T14:30:20+09:00,GBIKE,130171,100.0,36.478053,127.287955,12,세종특별시
2026-06-16T14:30:20+09:00,GBIKE,131528,100.0,36.478058,127.287981,12,세종특별시
2026-06-16T14:30:20+09:00,GBIKE,130315,100.0,36.478066,127.287978,12,세종특별시
2026-06-16T14:30:20+09:00,GBIKE,131754,100.0,36.478106,127.287957,12,세종특별시
2026-06-16T14:30:20+09:00,GBIKE,501600,30.0,36.478211,127.299102,12,세종특별시
2026-06-16T14:30:20+09:00,GBIKE,130043,38.0,36.478221,127.288237,12,세종특별시
2026-06-16T14:30:20+09:00,GBIKE,130952,47.0,36.478222,127.299957,12,세종특별시
2026-06-16T14:30:20+09:00,GBIKE,501509,63.0,36.478223,127.288288,12,세종특별시
2026-06-16T14:30:20+09:00,GBIKE,131168,99.0,36.47825,127.287169,12,세종특별시
2026-06-16T14:30:20+09:00,GBIKE,130529,76.0,36.478253,127.287447,12,세종특별시
2026-06-16T14:30:20+09:00,GBIKE,501324,85.0,36.478262,127.258213,12,세종특별시
2026-06-16T14:30:20+09:00,GBIKE,131115,85.0,36.478274,127.288225,12,세종특별시
2026-06-16T14:30:20+09:00,GBIKE,130830,100.0,36.478331,127.287663,12,세종특별시
2026-06-16T14:30:20+09:00,GBIKE,501159,100.0,36.478404,127.288034,12,세종특별시
2026-06-16T14:30:20+09:00,GBIKE,131022,100.0,36.478428,127.300562,12,세종특별시
2026-06-16T14:30:20+09:00,GBIKE,131275,30.0,36.478434,127.255517,12,세종특별시
2026-06-16T14:30:20+09:00,GBIKE,131280,84.0,36.47844,127.300555,12,세종특별시
2026-06-16T14:30:20+09:00,GBIKE,130686,32.0,36.478466,127.293575,12,세종특별시
2026-06-16T14:30:20+09:00,GBIKE,501552,94.0,36.478511,127.288125,12,세종특별시
2026-06-16T14:30:20+09:00,GBIKE,131746,58.0,36.478537,127.288072,12,세종특별시
2026-06-16T14:30:20+09:00,GBIKE,130977,90.0,36.478545,127.255441,12,세종특별시
2026-06-16T14:30:20+09:00,GBIKE,130069,76.0,36.47855,127.288094,12,세종특별시
2026-06-16T14:30:20+09:00,GBIKE,501409,74.0,36.47855,127.29376,12,세종특별시
2026-06-16T14:30:20+09:00,GBIKE,501121,79.0,36.478601,127.28913,12,세종특별시
2026-06-16T14:30:20+09:00,GBIKE,130680,76.0,36.478612,127.28833,12,세종특별시
2026-06-16T14:30:20+09:00,GBIKE,501357,94.0,36.478619,127.289314,12,세종특별시
2026-06-16T14:30:20+09:00,GBIKE,131712,83.0,36.478629,127.288267,12,세종특별시
2026-06-16T14:30:20+09:00,GBIKE,131157,76.0,36.478646,127.288339,12,세종특별시
2026-06-16T14:30:20+09:00,GBIKE,131713,59.0,36.47867,127.255615,12,세종특별시
2026-06-16T14:30:20+09:00,GBIKE,130143,31.0,36.478685,127.255591,12,세종특별시
2026-06-16T14:30:20+09:00,GBIKE,131898,66.0,36.478714,127.288656,12,세종특별시
2026-06-16T14:30:20+09:00,GBIKE,131453,71.0,36.478721,127.255657,12,세종특별시
2026-06-16T14:30:20+09:00,GBIKE,131841,85.0,36.478805,127.25533,12,세종특별시
2026-06-16T14:30:20+09:00,GBIKE,130374,64.0,36.478814,127.255646,12,세종특별시
2026-06-16T14:30:20+09:00,GBIKE,501112,51.0,36.478821,127.299263,12,세종특별시
2026-06-16T14:30:20+09:00,GBIKE,501591,54.0,36.47889,127.290157,12,세종특별시
2026-06-16T14:30:20+09:00,GBIKE,131415,69.0,36.478893,127.304762,12,세종특별시
2026-06-16T14:30:20+09:00,GBIKE,130272,43.0,36.478894,127.301173,12,세종특별시
2026-06-16T14:30:20+09:00,GBIKE,501263,69.0,36.478899,127.251079,12,세종특별시
2026-06-16T14:30:20+09:00,GBIKE,130670,100.0,36.478923,127.284541,12,세종특별시
2026-06-16T14:30:20+09:00,GBIKE,131956,30.0,36.47895,127.290343,12,세종특별시
2026-06-16T14:30:20+09:00,GBIKE,501319,86.0,36.478955,127.284485,12,세종특별시
2026-06-16T14:30:20+09:00,GBIKE,130863,36.0,36.479056,127.290086,12,세종특별시
2026-06-16T14:30:20+09:00,GBIKE,130957,31.0,36.479199,127.254698,12,세종특별시
2026-06-16T14:30:20+09:00,GBIKE,130271,89.0,36.47921,127.254847,12,세종특별시
2026-06-16T14:30:20+09:00,GBIKE,131303,34.0,36.479257,127.251592,12,세종특별시
2026-06-16T14:30:20+09:00,GBIKE,131870,48.0,36.479263,127.251631,12,세종특별시
2026-06-16T14:30:20+09:00,GBIKE,130441,34.0,36.479286,127.254696,12,세종특별시
2026-06-16T14:30:20+09:00,GBIKE,130481,85.0,36.479302,127.262749,12,세종특별시
2026-06-16T14:30:20+09:00,GBIKE,501380,69.0,36.47931,127.285355,12,세종특별시
2026-06-16T14:30:20+09:00,GBIKE,501236,96.0,36.479326,127.249986,12,세종특별시
2026-06-16T14:30:20+09:00,GBIKE,501348,79.0,36.479337,127.262724,12,세종특별시
2026-06-16T14:30:20+09:00,GBIKE,130259,30.0,36.479342,127.25254,12,세종특별시
2026-06-16T14:30:20+09:00,GBIKE,501513,30.0,36.479355,127.285586,12,세종특별시
2026-06-16T14:30:20+09:00,GBIKE,130548,94.0,36.479394,127.254858,12,세종특별시
2026-06-16T14:30:20+09:00,GBIKE,131612,30.0,36.4794,127.255082,12,세종특별시
2026-06-16T14:30:20+09:00,GBIKE,131373,30.0,36.479404,127.255104,12,세종특별시
2026-06-16T14:30:20+09:00,GBIKE,501506,95.0,36.479417,127.250192,12,세종특별시
2026-06-16T14:30:20+09:00,GBIKE,130886,64.0,36.47943,127.25506,12,세종특별시
2026-06-16T14:30:20+09:00,GBIKE,130702,34.0,36.479448,127.247107,12,세종특별시
2026-06-16T14:30:20+09:00,GBIKE,501407,61.0,36.479462,127.290059,12,세종특별시
2026-06-16T14:30:20+09:00,GBIKE,130617,100.0,36.479481,127.290375,12,세종특별시
2026-06-16T14:30:20+09:00,GBIKE,131820,31.0,36.479495,127.254717,12,세종특별시
2026-06-16T14:30:20+09:00,GBIKE,131742,57.0,36.479499,127.255135,12,세종특별시
2026-06-16T14:30:20+09:00,GBIKE,130720,46.0,36.479519,127.285897,12,세종특별시
2026-06-16T14:30:20+09:00,GBIKE,130567,48.0,36.479531,127.255109,12,세종특별시
2026-06-16T14:30:20+09:00,GBIKE,131149,33.0,36.479555,127.254704,12,세종특별시
2026-06-16T14:30:20+09:00,GBIKE,131207,57.0,36.479557,127.25512,12,세종특별시
2026-06-16T14:30:20+09:00,GBIKE,130287,74.0,36.479564,127.254791,12,세종특별시
2026-06-16T14:30:20+09:00,GBIKE,130072,77.0,36.479573,127.263172,12,세종특별시
2026-06-16T14:30:20+09:00,GBIKE,131791,96.0,36.479579,127.286551,12,세종특별시
2026-06-16T14:30:20+09:00,GBIKE,131454,79.0,36.479585,127.286559,12,세종특별시
2026-06-16T14:30:20+09:00,GBIKE,501303,57.0,36.479588,127.286499,12,세종특별시
2026-06-16T14:30:20+09:00,GBIKE,130451,70.0,36.479597,127.286585,12,세종특별시
2026-06-16T14:30:20+09:00,GBIKE,501135,99.0,36.479607,127.286585,12,세종특별시
2026-06-16T14:30:20+09:00,GBIKE,131726,30.0,36.479611,127.255094,12,세종특별시
2026-06-16T14:30:20+09:00,GBIKE,501458,35.0,36.479614,127.296364,12,세종특별시
2026-06-16T14:30:20+09:00,GBIKE,131398,40.0,36.479621,127.261728,12,세종특별시
2026-06-16T14:30:20+09:00,GBIKE,501172,39.0,36.479638,127.264146,12,세종특별시
2026-06-16T14:30:20+09:00,GBIKE,130643,32.0,36.479648,127.261237,12,세종특별시
2026-06-16T14:30:20+09:00,GBIKE,130023,95.0,36.479652,127.255058,12,세종특별시
2026-06-16T14:30:20+09:00,GBIKE,130122,33.0,36.479682,127.254834,12,세종특별시
2026-06-16T14:30:20+09:00,GBIKE,130482,79.0,36.479695,127.25462,12,세종특별시
2026-06-16T14:30:20+09:00,GBIKE,131847,99.0,36.479718,127.247816,12,세종특별시
2026-06-16T14:30:20+09:00,GBIKE,501410,73.0,36.479735,127.288578,12,세종특별시
2026-06-16T14:30:20+09:00,GBIKE,131496,68.0,36.479736,127.254881,12,세종특별시
2026-06-16T14:30:20+09:00,GBIKE,131937,41.0,36.479744,127.286473,12,세종특별시
2026-06-16T14:30:20+09:00,GBIKE,501469,83.0,36.479775,127.288585,12,세종특별시
2026-06-16T14:30:20+09:00,GBIKE,130627,76.0,36.479808,127.261609,12,세종특별시
2026-06-16T14:30:20+09:00,GBIKE,130920,61.0,36.479815,127.280086,12,세종특별시
2026-06-16T14:30:20+09:00,GBIKE,130396,34.0,36.479877,127.254522,12,세종특별시
2026-06-16T14:30:20+09:00,GBIKE,130411,71.0,36.479893,127.254498,12,세종특별시
2026-06-16T14:30:20+09:00,GBIKE,131749,71.0,36.479899,127.252421,12,세종특별시
2026-06-16T14:30:20+09:00,GBIKE,130228,50.0,36.479911,127.28695,12,세종특별시
2026-06-16T14:30:20+09:00,GBIKE,130083,95.0,36.479915,127.25241,12,세종특별시
2026-06-16T14:30:20+09:00,GBIKE,130226,84.0,36.479916,127.252357,12,세종특별시
2026-06-16T14:30:20+09:00,GBIKE,131598,46.0,36.47992,127.254573,12,세종특별시
2026-06-16T14:30:20+09:00,GBIKE,131046,68.0,36.479929,127.261464,12,세종특별시
2026-06-16T14:30:20+09:00,GBIKE,501315,100.0,36.479942,127.286908,12,세종특별시
2026-06-16T14:30:20+09:00,GBIKE,131616,96.0,36.480007,127.250128,12,세종특별시
2026-06-16T14:30:20+09:00,GBIKE,130853,64.0,36.480007,127.286636,12,세종특별시
2026-06-16T14:30:20+09:00,GBIKE,501371,56.0,36.480009,127.25441,12,세종특별시
2026-06-16T14:30:20+09:00,GBIKE,501311,66.0,36.480018,127.252304,12,세종특별시
2026-06-16T14:30:20+09:00,GBIKE,130612,43.0,36.480041,127.252383,12,세종특별시
2026-06-16T14:30:20+09:00,GBIKE,130352,70.0,36.480066,127.286624,12,세종특별시
2026-06-16T14:30:20+09:00,GBIKE,130650,65.0,36.480071,127.253704,12,세종특별시
2026-06-16T14:30:20+09:00,GBIKE,131556,89.0,36.480075,127.252581,12,세종특별시
2026-06-16T14:30:20+09:00,GBIKE,131899,74.0,36.480081,127.246683,12,세종특별시
2026-06-16T14:30:20+09:00,GBIKE,130399,54.0,36.480095,127.286705,12,세종특별시
2026-06-16T14:30:20+09:00,GBIKE,130541,40.0,36.480096,127.286744,12,세종특별시
2026-06-16T14:30:20+09:00,GBIKE,131634,34.0,36.480101,127.252348,12,세종특별시
2026-06-16T14:30:20+09:00,GBIKE,130637,95.0,36.480106,127.286646,12,세종특별시
2026-06-16T14:30:20+09:00,GBIKE,131583,70.0,36.480113,127.286759,12,세종특별시
2026-06-16T14:30:20+09:00,GBIKE,131056,96.0,36.480114,127.248326,12,세종특별시
2026-06-16T14:30:20+09:00,GBIKE,130507,90.0,36.480125,127.286691,12,세종특별시
2026-06-16T14:30:20+09:00,GBIKE,130590,30.0,36.480138,127.253069,12,세종특별시
2026-06-16T14:30:20+09:00,GBIKE,501332,44.0,36.480145,127.248344,12,세종특별시
2026-06-16T14:30:20+09:00,GBIKE,501285,62.0,36.480147,127.26428,12,세종특별시
2026-06-16T14:30:20+09:00,GBIKE,131324,60.0,36.480219,127.261511,12,세종특별시
2026-06-16T14:30:20+09:00,GBIKE,501307,33.0,36.480238,127.253207,12,세종특별시
2026-06-16T14:30:20+09:00,GBIKE,131043,56.0,36.480248,127.246353,12,세종특별시
2026-06-16T14:30:20+09:00,GBIKE,131889,46.0,36.48026,127.286654,12,세종특별시
2026-06-16T14:30:20+09:00,GBIKE,501132,43.0,36.480274,127.303961,12,세종특별시
2026-06-16T14:30:20+09:00,GBIKE,131264,52.0,36.480293,127.246358,12,세종특별시
2026-06-16T14:30:20+09:00,GBIKE,131908,49.0,36.480305,127.253542,12,세종특별시
2026-06-16T14:30:20+09:00,GBIKE,131983,56.0,36.480311,127.258488,12,세종특별시
2026-06-16T14:30:20+09:00,GBIKE,131707,34.0,36.480389,127.262081,12,세종특별시
2026-06-16T14:30:20+09:00,GBIKE,130328,96.0,36.480451,127.297878,12,세종특별시
2026-06-16T14:30:20+09:00,GBIKE,131552,60.0,36.480454,127.292744,12,세종특별시
2026-06-16T14:30:20+09:00,GBIKE,131235,52.0,36.480547,127.262402,12,세종특별시
2026-06-16T14:30:20+09:00,GBIKE,501252,47.0,36.480725,127.246777,12,세종특별시
2026-06-16T14:30:20+09:00,GBIKE,131657,37.0,36.480792,127.289096,12,세종특별시
2026-06-16T14:30:20+09:00,GBIKE,131924,42.0,36.480806,127.289056,12,세종특별시
2026-06-16T14:30:20+09:00,GBIKE,130931,75.0,36.480813,127.28904,12,세종특별시
2026-06-16T14:30:20+09:00,GBIKE,131514,58.0,36.480818,127.289082,12,세종특별시
2026-06-16T14:30:20+09:00,GBIKE,131879,61.0,36.48083,127.262155,12,세종특별시
2026-06-16T14:30:20+09:00,GBIKE,130194,50.0,36.480866,127.259071,12,세종특별시
2026-06-16T14:30:20+09:00,GBIKE,130616,93.0,36.480874,127.259079,12,세종특별시
2026-06-16T14:30:20+09:00,GBIKE,131795,30.0,36.48088,127.261731,12,세종특별시
2026-06-16T14:30:20+09:00,GBIKE,131211,95.0,36.480883,127.261693,12,세종특별시
2026-06-16T14:30:20+09:00,GBIKE,501498,47.0,36.480883,127.261783,12,세종특별시
2026-06-16T14:30:20+09:00,GBIKE,131515,31.0,36.480892,127.259063,12,세종특별시
2026-06-16T14:30:20+09:00,GBIKE,131283,32.0,36.480902,127.261698,12,세종특별시
2026-06-16T14:30:20+09:00,GBIKE,131703,30.0,36.480924,127.261706,12,세종특별시
2026-06-16T14:30:20+09:00,GBIKE,130281,52.0,36.480931,127.299387,12,세종특별시
2026-06-16T14:30:20+09:00,GBIKE,501177,99.0,36.480933,127.299338,12,세종특별시
2026-06-16T14:30:20+09:00,GBIKE,130789,90.0,36.480945,127.259072,12,세종특별시
2026-06-16T14:30:20+09:00,GBIKE,131682,34.0,36.480969,127.259135,12,세종특별시
2026-06-16T14:30:20+09:00,GBIKE,130350,86.0,36.481008,127.290725,12,세종특별시
2026-06-16T14:30:20+09:00,GBIKE,131345,69.0,36.481022,127.262049,12,세종특별시
2026-06-16T14:30:20+09:00,GBIKE,501430,53.0,36.481084,127.261557,12,세종특별시
2026-06-16T14:30:20+09:00,GBIKE,130516,85.0,36.481139,127.263106,12,세종특별시
2026-06-16T14:30:20+09:00,GBIKE,130902,88.0,36.48115,127.252405,12,세종특별시
2026-06-16T14:30:20+09:00,GBIKE,130305,67.0,36.481159,127.261971,12,세종특별시
2026-06-16T14:30:20+09:00,GBIKE,130202,76.0,36.481184,127.290563,12,세종특별시
2026-06-16T14:30:20+09:00,GBIKE,131522,32.0,36.481222,127.261499,12,세종특별시
2026-06-16T14:30:20+09:00,GBIKE,131450,42.0,36.481234,127.261469,12,세종특별시
2026-06-16T14:30:20+09:00,GBIKE,130619,72.0,36.481234,127.290037,12,세종특별시
2026-06-16T14:30:20+09:00,GBIKE,131470,55.0,36.481237,127.290525,12,세종특별시
2026-06-16T14:30:20+09:00,GBIKE,130388,94.0,36.481247,127.290031,12,세종특별시
2026-06-16T14:30:20+09:00,GBIKE,131384,55.0,36.481253,127.290093,12,세종특별시
2026-06-16T14:30:20+09:00,GBIKE,501425,30.0,36.481267,127.300924,12,세종특별시
2026-06-16T14:30:20+09:00,GBIKE,130426,71.0,36.481275,127.307487,12,세종특별시
2026-06-16T14:30:20+09:00,GBIKE,130428,31.0,36.481307,127.307531,12,세종특별시
2026-06-16T14:30:20+09:00,GBIKE,130960,77.0,36.481309,127.290085,12,세종특별시
2026-06-16T14:30:20+09:00,GBIKE,130137,95.0,36.481326,127.290683,12,세종특별시
2026-06-16T14:30:20+09:00,GBIKE,501344,65.0,36.481336,127.260215,12,세종특별시
2026-06-16T14:30:20+09:00,GBIKE,131513,43.0,36.48137,127.308364,12,세종특별시
2026-06-16T14:30:20+09:00,GBIKE,501499,94.0,36.481383,127.307826,12,세종특별시
2026-06-16T14:30:20+09:00,GBIKE,501323,44.0,36.4814,127.30782,12,세종특별시
2026-06-16T14:30:20+09:00,GBIKE,131839,33.0,36.481411,127.290316,12,세종특별시
2026-06-16T14:30:20+09:00,GBIKE,332827,30.0,36.481435,127.24633,12,세종특별시
2026-06-16T14:30:20+09:00,GBIKE,130583,32.0,36.481499,127.26384,12,세종특별시
2026-06-16T14:30:20+09:00,GBIKE,131643,76.0,36.481531,127.29069,12,세종특별시
2026-06-16T14:30:20+09:00,GBIKE,130438,88.0,36.481558,127.250197,12,세종특별시
2026-06-16T14:30:20+09:00,GBIKE,130873,87.0,36.481566,127.290541,12,세종특별시
2026-06-16T14:30:20+09:00,GBIKE,501129,30.0,36.481576,127.260242,12,세종특별시
2026-06-16T14:30:20+09:00,GBIKE,501415,30.0,36.481725,127.253251,12,세종특별시
2026-06-16T14:30:20+09:00,GBIKE,131378,34.0,36.481762,127.260164,12,세종특별시
2026-06-16T14:30:20+09:00,GBIKE,130381,30.0,36.481765,127.253322,12,세종특별시
2026-06-16T14:30:20+09:00,GBIKE,131993,98.0,36.481812,127.296755,12,세종특별시
2026-06-16T14:30:20+09:00,GBIKE,131150,32.0,36.481815,127.248029,12,세종특별시
2026-06-16T14:30:20+09:00,GBIKE,130737,38.0,36.481828,127.260164,12,세종특별시
2026-06-16T14:30:20+09:00,GBIKE,131326,62.0,36.481967,127.262087,12,세종특별시
2026-06-16T14:30:20+09:00,GBIKE,131033,33.0,36.481991,127.259754,12,세종특별시
2026-06-16T14:30:20+09:00,GBIKE,501547,71.0,36.482007,127.291837,12,세종특별시
2026-06-16T14:30:20+09:00,GBIKE,130796,56.0,36.482016,127.260182,12,세종특별시
2026-06-16T14:30:20+09:00,GBIKE,131428,32.0,36.482153,127.307846,12,세종특별시
2026-06-16T14:30:20+09:00,GBIKE,501108,31.0,36.482213,127.260527,12,세종특별시
2026-06-16T14:30:20+09:00,GBIKE,130354,32.0,36.48223,127.249695,12,세종특별시
2026-06-16T14:30:20+09:00,GBIKE,501412,64.0,36.482286,127.261272,12,세종특별시
2026-06-16T14:30:20+09:00,GBIKE,131587,45.0,36.482309,127.248603,12,세종특별시
2026-06-16T14:30:20+09:00,GBIKE,131058,79.0,36.48231,127.307152,12,세종특별시
2026-06-16T14:30:20+09:00,GBIKE,130661,30.0,36.482346,127.309407,12,세종특별시
2026-06-16T14:30:20+09:00,GBIKE,130994,74.0,36.482348,127.309414,12,세종특별시
2026-06-16T14:30:20+09:00,GBIKE,501580,50.0,36.48237,127.311271,12,세종특별시
2026-06-16T14:30:20+09:00,GBIKE,131462,97.0,36.482428,127.303679,12,세종특별시
2026-06-16T14:30:20+09:00,GBIKE,130500,33.0,36.482467,127.261044,12,세종특별시
2026-06-16T14:30:20+09:00,GBIKE,131695,79.0,36.482489,127.297059,12,세종특별시
2026-06-16T14:30:20+09:00,GBIKE,130094,57.0,36.482588,127.311214,12,세종특별시
2026-06-16T14:30:20+09:00,GBIKE,130591,45.0,36.482602,127.267196,12,세종특별시
2026-06-16T14:30:20+09:00,GBIKE,130554,74.0,36.48261,127.247727,12,세종특별시
2026-06-16T14:30:20+09:00,GBIKE,130781,70.0,36.482628,127.247769,12,세종특별시
2026-06-16T14:30:20+09:00,GBIKE,130360,98.0,36.482635,127.293141,12,세종특별시
2026-06-16T14:30:20+09:00,GBIKE,131880,31.0,36.482641,127.24983,12,세종특별시
2026-06-16T14:30:20+09:00,GBIKE,501150,36.0,36.482648,127.303564,12,세종특별시
2026-06-16T14:30:20+09:00,GBIKE,131101,95.0,36.482667,127.293164,12,세종특별시
2026-06-16T14:30:20+09:00,GBIKE,501139,69.0,36.482667,127.311211,12,세종특별시
2026-06-16T14:30:20+09:00,GBIKE,130946,69.0,36.482687,127.248369,12,세종특별시
2026-06-16T14:30:20+09:00,GBIKE,131799,76.0,36.482723,127.2981,12,세종특별시
2026-06-16T14:30:20+09:00,GBIKE,501355,67.0,36.482733,127.263569,12,세종특별시
2026-06-16T14:30:20+09:00,GBIKE,131290,72.0,36.482742,127.303496,12,세종특별시
2026-06-16T14:30:20+09:00,GBIKE,130473,51.0,36.482743,127.249537,12,세종특별시
2026-06-16T14:30:20+09:00,GBIKE,131038,50.0,36.482743,127.249555,12,세종특별시
2026-06-16T14:30:20+09:00,GBIKE,130234,34.0,36.482748,127.252556,12,세종특별시
2026-06-16T14:30:20+09:00,GBIKE,501189,30.0,36.482821,127.259804,12,세종특별시
2026-06-16T14:30:20+09:00,GBIKE,131284,31.0,36.482821,127.259508,12,세종특별시
2026-06-16T14:30:20+09:00,GBIKE,501411,32.0,36.482841,127.263828,12,세종특별시
2026-06-16T14:30:20+09:00,GBIKE,131526,100.0,36.482941,127.303514,12,세종특별시
2026-06-16T14:30:20+09:00,GBIKE,130669,49.0,36.482946,127.248361,12,세종특별시
2026-06-16T14:30:20+09:00,GBIKE,501365,59.0,36.482998,127.263708,12,세종특별시
2026-06-16T14:30:20+09:00,GBIKE,130365,32.0,36.482999,127.264113,12,세종특별시
2026-06-16T14:30:20+09:00,GBIKE,131517,41.0,36.483036,127.248331,12,세종특별시
2026-06-16T14:30:20+09:00,GBIKE,130402,62.0,36.483048,127.297445,12,세종특별시
2026-06-16T14:30:20+09:00,GBIKE,131206,33.0,36.483082,127.260612,12,세종특별시
2026-06-16T14:30:20+09:00,GBIKE,131255,34.0,36.483104,127.303409,12,세종특별시
2026-06-16T14:30:20+09:00,GBIKE,501312,70.0,36.483137,127.259226,12,세종특별시
2026-06-16T14:30:20+09:00,GBIKE,131698,44.0,36.483163,127.251509,12,세종특별시
2026-06-16T14:30:20+09:00,GBIKE,501543,55.0,36.483179,127.261771,12,세종특별시
2026-06-16T14:30:20+09:00,GBIKE,501378,86.0,36.483206,127.25151,12,세종특별시
2026-06-16T14:30:20+09:00,GBIKE,131392,100.0,36.483209,127.26419,12,세종특별시
2026-06-16T14:30:20+09:00,GBIKE,131333,35.0,36.483254,127.264404,12,세종특별시
2026-06-16T14:30:20+09:00,GBIKE,131984,100.0,36.483396,127.250789,12,세종특별시
2026-06-16T14:30:20+09:00,GBIKE,501151,69.0,36.483417,127.262629,12,세종특별시
2026-06-16T14:30:20+09:00,GBIKE,130204,54.0,36.483524,127.250702,12,세종특별시
2026-06-16T14:30:20+09:00,GBIKE,130178,74.0,36.483537,127.252557,12,세종특별시
2026-06-16T14:30:20+09:00,GBIKE,131263,30.0,36.483539,127.26285,12,세종특별시
2026-06-16T14:30:20+09:00,GBIKE,131741,49.0,36.483588,127.249517,12,세종특별시
2026-06-16T14:30:20+09:00,GBIKE,130864,30.0,36.483607,127.263258,12,세종특별시
2026-06-16T14:30:20+09:00,GBIKE,131153,100.0,36.483628,127.262597,12,세종특별시
2026-06-16T14:30:20+09:00,GBIKE,131005,65.0,36.483672,127.262701,12,세종특별시
2026-06-16T14:30:20+09:00,GBIKE,131026,41.0,36.483765,127.264058,12,세종특별시
2026-06-16T14:30:20+09:00,GBIKE,131917,97.0,36.483767,127.294308,12,세종특별시
2026-06-16T14:30:20+09:00,GBIKE,501187,61.0,36.483787,127.306227,12,세종특별시
2026-06-16T14:30:20+09:00,GBIKE,501275,69.0,36.483788,127.306249,12,세종특별시
2026-06-16T14:30:20+09:00,GBIKE,131660,37.0,36.483795,127.252385,12,세종특별시
2026-06-16T14:30:20+09:00,GBIKE,130050,30.0,36.483813,127.251611,12,세종특별시
2026-06-16T14:30:20+09:00,GBIKE,131728,30.0,36.483817,127.294267,12,세종특별시
2026-06-16T14:30:20+09:00,GBIKE,130335,38.0,36.483819,127.263091,12,세종특별시
2026-06-16T14:30:20+09:00,GBIKE,130389,42.0,36.483826,127.29402,12,세종특별시
2026-06-16T14:30:20+09:00,GBIKE,130310,100.0,36.483831,127.294318,12,세종특별시
2026-06-16T14:30:20+09:00,GBIKE,130545,56.0,36.483856,127.294033,12,세종특별시
2026-06-16T14:30:20+09:00,GBIKE,130191,92.0,36.483869,127.256705,12,세종특별시
2026-06-16T14:30:20+09:00,GBIKE,131652,81.0,36.48388,127.294032,12,세종특별시
2026-06-16T14:30:20+09:00,GBIKE,131946,34.0,36.483891,127.25666,12,세종특별시
2026-06-16T14:30:20+09:00,GBIKE,130928,33.0,36.483919,127.25178,12,세종특별시
2026-06-16T14:30:20+09:00,GBIKE,130555,32.0,36.483924,127.251987,12,세종특별시
2026-06-16T14:30:20+09:00,GBIKE,130653,63.0,36.483924,127.29414,12,세종특별시
2026-06-16T14:30:20+09:00,GBIKE,131715,35.0,36.483924,127.247291,12,세종특별시
2026-06-16T14:30:20+09:00,GBIKE,130282,54.0,36.483925,127.246137,12,세종특별시
2026-06-16T14:30:20+09:00,GBIKE,131027,95.0,36.483934,127.25205,12,세종특별시
2026-06-16T14:30:20+09:00,GBIKE,130161,51.0,36.483937,127.246151,12,세종특별시
2026-06-16T14:30:20+09:00,GBIKE,130380,81.0,36.483956,127.24618,12,세종특별시
2026-06-16T14:30:20+09:00,GBIKE,130824,84.0,36.484001,127.246149,12,세종특별시
2026-06-16T14:30:20+09:00,GBIKE,131258,94.0,36.484022,127.246039,12,세종특별시
2026-06-16T14:30:20+09:00,GBIKE,130675,31.0,36.484025,127.25902,12,세종특별시
2026-06-16T14:30:20+09:00,GBIKE,130487,60.0,36.484033,127.25111,12,세종특별시
2026-06-16T14:30:20+09:00,GBIKE,131805,97.0,36.484051,127.294139,12,세종특별시
2026-06-16T14:30:20+09:00,GBIKE,501556,100.0,36.48409,127.305756,12,세종특별시
2026-06-16T14:30:20+09:00,GBIKE,131092,96.0,36.48412,127.259319,12,세종특별시
2026-06-16T14:30:20+09:00,GBIKE,130090,31.0,36.484296,127.25005,12,세종특별시
2026-06-16T14:30:20+09:00,GBIKE,130568,100.0,36.484321,127.299008,12,세종특별시
2026-06-16T14:30:20+09:00,GBIKE,131575,97.0,36.48434,127.26064,12,세종특별시
2026-06-16T14:30:20+09:00,GBIKE,131187,60.0,36.484391,127.260792,12,세종특별시
2026-06-16T14:30:20+09:00,GBIKE,130448,96.0,36.484393,127.260869,12,세종특별시
2026-06-16T14:30:20+09:00,GBIKE,131200,79.0,36.48441,127.250144,12,세종특별시
2026-06-16T14:30:20+09:00,GBIKE,131647,64.0,36.484442,127.249375,12,세종특별시
2026-06-16T14:30:20+09:00,GBIKE,130943,37.0,36.484453,127.260796,12,세종특별시
2026-06-16T14:30:20+09:00,GBIKE,130904,86.0,36.4845,127.249014,12,세종특별시
2026-06-16T14:30:20+09:00,GBIKE,131842,31.0,36.484546,127.255633,12,세종특별시
2026-06-16T14:30:20+09:00,GBIKE,131927,88.0,36.484571,127.246083,12,세종특별시
2026-06-16T14:30:20+09:00,GBIKE,131635,33.0,36.484593,127.258473,12,세종특별시
2026-06-16T14:30:20+09:00,GBIKE,131438,84.0,36.484624,127.245932,12,세종특별시
2026-06-16T14:30:20+09:00,GBIKE,130923,30.0,36.484684,127.248745,12,세종특별시
2026-06-16T14:30:20+09:00,GBIKE,130540,32.0,36.484701,127.248795,12,세종특별시
2026-06-16T14:30:20+09:00,GBIKE,131782,34.0,36.484704,127.258971,12,세종특별시
2026-06-16T14:30:20+09:00,GBIKE,131915,33.0,36.484743,127.259406,12,세종특별시
2026-06-16T14:30:20+09:00,GBIKE,131858,33.0,36.484758,127.249223,12,세종특별시
2026-06-16T14:30:20+09:00,GBIKE,130038,59.0,36.484783,127.252278,12,세종특별시
2026-06-16T14:30:20+09:00,GBIKE,501140,98.0,36.484792,127.301522,12,세종특별시
2026-06-16T14:30:20+09:00,GBIKE,130452,100.0,36.484804,127.260674,12,세종특별시
2026-06-16T14:30:20+09:00,GBIKE,131952,30.0,36.484808,127.252268,12,세종특별시
2026-06-16T14:30:20+09:00,GBIKE,131853,46.0,36.484845,127.253236,12,세종특별시
2026-06-16T14:30:20+09:00,GBIKE,131160,32.0,36.484862,127.249173,12,세종특별시
2026-06-16T14:30:20+09:00,GBIKE,131172,46.0,36.484925,127.266339,12,세종특별시
2026-06-16T14:30:20+09:00,GBIKE,130407,62.0,36.484951,127.251416,12,세종특별시
2026-06-16T14:30:20+09:00,GBIKE,131961,30.0,36.484996,127.251031,12,세종특별시
2026-06-16T14:30:20+09:00,GBIKE,501566,32.0,36.485019,127.301814,12,세종특별시
2026-06-16T14:30:20+09:00,GBIKE,131563,38.0,36.485044,127.251354,12,세종특별시
2026-06-16T14:30:20+09:00,GBIKE,130701,54.0,36.485048,127.2513,12,세종특별시
2026-06-16T14:30:20+09:00,GBIKE,130910,73.0,36.485048,127.262022,12,세종특별시
2026-06-16T14:30:20+09:00,GBIKE,130776,50.0,36.485072,127.251019,12,세종특별시
2026-06-16T14:30:20+09:00,GBIKE,131995,92.0,36.48512,127.250536,12,세종특별시
2026-06-16T14:30:20+09:00,GBIKE,131080,70.0,36.48514,127.301644,12,세종특별시
2026-06-16T14:30:20+09:00,GBIKE,131295,46.0,36.485147,127.251001,12,세종특별시
2026-06-16T14:30:20+09:00,GBIKE,131231,49.0,36.485169,127.300037,12,세종특별시
2026-06-16T14:30:20+09:00,GBIKE,501176,80.0,36.485177,127.25053,12,세종특별시
2026-06-16T14:30:20+09:00,GBIKE,501597,36.0,36.485251,127.29717,12,세종특별시
2026-06-16T14:30:20+09:00,GBIKE,131265,94.0,36.485272,127.261519,12,세종특별시
2026-06-16T14:30:20+09:00,GBIKE,131644,31.0,36.485356,127.25902,12,세종특별시
2026-06-16T14:30:20+09:00,GBIKE,131897,80.0,36.485366,127.250661,12,세종특별시
2026-06-16T14:30:20+09:00,GBIKE,131798,32.0,36.485368,127.250491,12,세종특별시
2026-06-16T14:30:20+09:00,GBIKE,501341,30.0,36.485383,127.251108,12,세종특별시
2026-06-16T14:30:20+09:00,GBIKE,130126,48.0,36.485394,127.250675,12,세종특별시
2026-06-16T14:30:20+09:00,GBIKE,131393,97.0,36.485403,127.251127,12,세종특별시
2026-06-16T14:30:20+09:00,GBIKE,501443,30.0,36.485428,127.25011,12,세종특별시
2026-06-16T14:30:20+09:00,GBIKE,501577,59.0,36.485429,127.303178,12,세종특별시
2026-06-16T14:30:20+09:00,GBIKE,131501,30.0,36.48547,127.250355,12,세종특별시
2026-06-16T14:30:20+09:00,GBIKE,130896,77.0,36.485511,127.261925,12,세종특별시
2026-06-16T14:30:20+09:00,GBIKE,131361,42.0,36.485525,127.247191,12,세종특별시
2026-06-16T14:30:20+09:00,GBIKE,130152,60.0,36.485559,127.24804,12,세종특별시
2026-06-16T14:30:20+09:00,GBIKE,130982,67.0,36.485559,127.250781,12,세종특별시
2026-06-16T14:30:20+09:00,GBIKE,131666,95.0,36.485574,127.250696,12,세종특별시
2026-06-16T14:30:20+09:00,GBIKE,130857,31.0,36.485577,127.248098,12,세종특별시
2026-06-16T14:30:20+09:00,GBIKE,131639,56.0,36.485676,127.245419,12,세종특별시
2026-06-16T14:30:20+09:00,GBIKE,130215,70.0,36.485731,127.261799,12,세종특별시
2026-06-16T14:30:20+09:00,GBIKE,393554,30.0,36.485738,127.296456,12,세종특별시
2026-06-16T14:30:20+09:00,GBIKE,131312,30.0,36.485749,127.261833,12,세종특별시
2026-06-16T14:30:20+09:00,GBIKE,131069,84.0,36.485749,127.250163,12,세종특별시
2026-06-16T14:30:20+09:00,GBIKE,130953,34.0,36.485782,127.24818,12,세종특별시
2026-06-16T14:30:20+09:00,GBIKE,131803,36.0,36.485816,127.301556,12,세종특별시
2026-06-16T14:30:20+09:00,GBIKE,131238,69.0,36.485818,127.254789,12,세종특별시
2026-06-16T14:30:20+09:00,GBIKE,130799,82.0,36.485826,127.248157,12,세종특별시
2026-06-16T14:30:20+09:00,GBIKE,131497,36.0,36.485875,127.248058,12,세종특별시
2026-06-16T14:30:20+09:00,GBIKE,130735,58.0,36.485894,127.248071,12,세종특별시
2026-06-16T14:30:20+09:00,GBIKE,130570,59.0,36.485908,127.247817,12,세종특별시
2026-06-16T14:30:20+09:00,GBIKE,130364,30.0,36.485912,127.248109,12,세종특별시
2026-06-16T14:30:20+09:00,GBIKE,501302,40.0,36.485922,127.248141,12,세종특별시
2026-06-16T14:30:20+09:00,GBIKE,130775,35.0,36.48593,127.299396,12,세종특별시
2026-06-16T14:30:20+09:00,GBIKE,130887,77.0,36.486036,127.250079,12,세종특별시
2026-06-16T14:30:20+09:00,GBIKE,130885,79.0,36.486158,127.256837,12,세종특별시
2026-06-16T14:30:20+09:00,GBIKE,501473,30.0,36.48624,127.25054,12,세종특별시
2026-06-16T14:30:20+09:00,GBIKE,130239,89.0,36.486242,127.248153,12,세종특별시
2026-06-16T14:30:20+09:00,GBIKE,501210,64.0,36.486258,127.245457,12,세종특별시
2026-06-16T14:30:20+09:00,GBIKE,501390,100.0,36.48626,127.300859,12,세종특별시
2026-06-16T14:30:20+09:00,GBIKE,130293,30.0,36.486282,127.246786,12,세종특별시
2026-06-16T14:30:20+09:00,GBIKE,501522,30.0,36.486291,127.258271,12,세종특별시
2026-06-16T14:30:20+09:00,GBIKE,131286,32.0,36.486296,127.248105,12,세종특별시
2026-06-16T14:30:20+09:00,GBIKE,131443,70.0,36.486298,127.24811,12,세종특별시
2026-06-16T14:30:20+09:00,GBIKE,131433,56.0,36.486308,127.250908,12,세종특별시
2026-06-16T14:30:20+09:00,GBIKE,501225,92.0,36.486319,127.298377,12,세종특별시
2026-06-16T14:30:20+09:00,GBIKE,501466,30.0,36.486329,127.247844,12,세종특별시
2026-06-16T14:30:20+09:00,GBIKE,131836,39.0,36.486339,127.248169,12,세종특별시
2026-06-16T14:30:20+09:00,GBIKE,501471,56.0,36.486358,127.25345,12,세종특별시
2026-06-16T14:30:20+09:00,GBIKE,130027,31.0,36.486359,127.257252,12,세종특별시
2026-06-16T14:30:20+09:00,GBIKE,131662,58.0,36.48638,127.257199,12,세종특별시
2026-06-16T14:30:20+09:00,GBIKE,501489,45.0,36.486384,127.250949,12,세종특별시
2026-06-16T14:30:20+09:00,GBIKE,131226,68.0,36.486393,127.246754,12,세종특별시
2026-06-16T14:30:20+09:00,GBIKE,131183,83.0,36.486399,127.246744,12,세종특별시
2026-06-16T14:30:20+09:00,GBIKE,501109,48.0,36.486402,127.248185,12,세종특별시
2026-06-16T14:30:20+09:00,GBIKE,501171,31.0,36.486412,127.321199,12,세종특별시
2026-06-16T14:30:20+09:00,GBIKE,131411,37.0,36.486434,127.257756,12,세종특별시
2026-06-16T14:30:20+09:00,GBIKE,130546,73.0,36.486442,127.250965,12,세종특별시
2026-06-16T14:30:20+09:00,GBIKE,130525,51.0,36.486443,127.257866,12,세종특별시
2026-06-16T14:30:20+09:00,GBIKE,130075,33.0,36.486469,127.30076,12,세종특별시
2026-06-16T14:30:20+09:00,GBIKE,130779,33.0,36.486473,127.283309,12,세종특별시
2026-06-16T14:30:20+09:00,GBIKE,130985,67.0,36.486473,127.250531,12,세종특별시
2026-06-16T14:30:20+09:00,GBIKE,130222,36.0,36.486477,127.28331,12,세종특별시
2026-06-16T14:30:20+09:00,GBIKE,501372,30.0,36.486477,127.250114,12,세종특별시
2026-06-16T14:30:20+09:00,GBIKE,130564,63.0,36.486483,127.28331,12,세종특별시
2026-06-16T14:30:20+09:00,GBIKE,130033,31.0,36.48649,127.257698,12,세종특별시
2026-06-16T14:30:20+09:00,GBIKE,131802,42.0,36.486493,127.257687,12,세종특별시
2026-06-16T14:30:20+09:00,GBIKE,130571,66.0,36.486496,127.256966,12,세종특별시
2026-06-16T14:30:20+09:00,GBIKE,130117,60.0,36.486522,127.250068,12,세종특별시
2026-06-16T14:30:20+09:00,GBIKE,501482,70.0,36.486526,127.283331,12,세종특별시
2026-06-16T14:30:20+09:00,GBIKE,501165,39.0,36.486535,127.257756,12,세종특별시
2026-06-16T14:30:20+09:00,GBIKE,501220,58.0,36.48654,127.251474,12,세종특별시
2026-06-16T14:30:20+09:00,GBIKE,501180,30.0,36.486546,127.257703,12,세종특별시
2026-06-16T14:30:20+09:00,GBIKE,131321,85.0,36.486579,127.250497,12,세종특별시
2026-06-16T14:30:20+09:00,GBIKE,130821,77.0,36.486587,127.257682,12,세종특별시
2026-06-16T14:30:20+09:00,GBIKE,501464,72.0,36.486601,127.24806,12,세종특별시
2026-06-16T14:30:20+09:00,GBIKE,131138,94.0,36.486625,127.25767,12,세종특별시
2026-06-16T14:30:20+09:00,GBIKE,130703,68.0,36.486641,127.25045,12,세종특별시
2026-06-16T14:30:20+09:00,GBIKE,501211,89.0,36.486668,127.246716,12,세종특별시
2026-06-16T14:30:20+09:00,GBIKE,130850,30.0,36.486675,127.262741,12,세종특별시
2026-06-16T14:30:20+09:00,GBIKE,131617,32.0,36.486686,127.293826,12,세종특별시
2026-06-16T14:30:20+09:00,GBIKE,130733,34.0,36.486702,127.301233,12,세종특별시
2026-06-16T14:30:20+09:00,GBIKE,130989,47.0,36.486713,127.24822,12,세종특별시
2026-06-16T14:30:20+09:00,GBIKE,130445,100.0,36.486747,127.256751,12,세종특별시
2026-06-16T14:30:20+09:00,GBIKE,131531,84.0,36.486763,127.250736,12,세종특별시
2026-06-16T14:30:20+09:00,GBIKE,130867,30.0,36.486809,127.250729,12,세종특별시
2026-06-16T14:30:20+09:00,GBIKE,130605,57.0,36.486825,127.249669,12,세종특별시
2026-06-16T14:30:20+09:00,GBIKE,131055,36.0,36.486836,127.251833,12,세종특별시
2026-06-16T14:30:20+09:00,GBIKE,130459,32.0,36.486844,127.250004,12,세종특별시
2026-06-16T14:30:20+09:00,GBIKE,131868,84.0,36.486862,127.249985,12,세종특별시
2026-06-16T14:30:20+09:00,GBIKE,131259,73.0,36.486925,127.250702,12,세종특별시
2026-06-16T14:30:20+09:00,GBIKE,501353,80.0,36.486928,127.249562,12,세종특별시
2026-06-16T14:30:20+09:00,GBIKE,131137,50.0,36.486935,127.251531,12,세종특별시
2026-06-16T14:30:20+09:00,GBIKE,131108,33.0,36.486938,127.249995,12,세종특별시
2026-06-16T14:30:20+09:00,GBIKE,501164,97.0,36.486953,127.249638,12,세종특별시
2026-06-16T14:30:20+09:00,GBIKE,131878,35.0,36.486958,127.249296,12,세종특별시
2026-06-16T14:30:20+09:00,GBIKE,501350,30.0,36.48696,127.249688,12,세종특별시
2026-06-16T14:30:20+09:00,GBIKE,501175,48.0,36.486977,127.249335,12,세종특별시
2026-06-16T14:30:20+09:00,GBIKE,501227,39.0,36.48699,127.263385,12,세종특별시
2026-06-16T14:30:20+09:00,GBIKE,501197,100.0,36.487008,127.257842,12,세종특별시
2026-06-16T14:30:20+09:00,GBIKE,131717,43.0,36.487014,127.257487,12,세종특별시
2026-06-16T14:30:20+09:00,GBIKE,501449,65.0,36.487021,127.249333,12,세종특별시
2026-06-16T14:30:20+09:00,GBIKE,501284,100.0,36.487022,127.257834,12,세종특별시
2026-06-16T14:30:20+09:00,GBIKE,131653,77.0,36.487032,127.257467,12,세종특별시
2026-06-16T14:30:20+09:00,GBIKE,501384,100.0,36.487056,127.257863,12,세종특별시
2026-06-16T14:30:20+09:00,GBIKE,339068,33.0,36.487068,127.257466,12,세종특별시
2026-06-16T14:30:20+09:00,GBIKE,131629,30.0,36.487069,127.256858,12,세종특별시
2026-06-16T14:30:20+09:00,GBIKE,130742,30.0,36.487072,127.247622,12,세종특별시
2026-06-16T14:30:20+09:00,GBIKE,130032,35.0,36.487095,127.255941,12,세종특별시
2026-06-16T14:30:20+09:00,GBIKE,131471,38.0,36.487098,127.257848,12,세종특별시
2026-06-16T14:30:20+09:00,GBIKE,130815,75.0,36.487141,127.257204,12,세종특별시
2026-06-16T14:30:20+09:00,GBIKE,130205,60.0,36.487143,127.257037,12,세종특별시
2026-06-16T14:30:20+09:00,GBIKE,131770,87.0,36.487175,127.248857,12,세종특별시
2026-06-16T14:30:20+09:00,GBIKE,130095,79.0,36.487199,127.257608,12,세종특별시
2026-06-16T14:30:20+09:00,GBIKE,131881,37.0,36.487212,127.257346,12,세종특별시
2026-06-16T14:30:20+09:00,GBIKE,131429,31.0,36.487221,127.248094,12,세종특별시
2026-06-16T14:30:20+09:00,GBIKE,130211,96.0,36.48723,127.257079,12,세종특별시
2026-06-16T14:30:20+09:00,GBIKE,130763,71.0,36.48724,127.248769,12,세종특별시
2026-06-16T14:30:20+09:00,GBIKE,130503,30.0,36.487265,127.297062,12,세종특별시
2026-06-16T14:30:20+09:00,GBIKE,130298,54.0,36.487266,127.249353,12,세종특별시
2026-06-16T14:30:20+09:00,GBIKE,131714,44.0,36.487292,127.249872,12,세종특별시
2026-06-16T14:30:20+09:00,GBIKE,131014,67.0,36.487321,127.248483,12,세종특별시
2026-06-16T14:30:20+09:00,GBIKE,131045,32.0,36.487381,127.322265,12,세종특별시
2026-06-16T14:30:20+09:00,GBIKE,131300,75.0,36.487411,127.244635,12,세종특별시
2026-06-16T14:30:20+09:00,GBIKE,130961,37.0,36.487411,127.257658,12,세종특별시
2026-06-16T14:30:20+09:00,GBIKE,130936,62.0,36.487416,127.257122,12,세종특별시
2026-06-16T14:30:20+09:00,GBIKE,130475,59.0,36.487419,127.251969,12,세종특별시
2026-06-16T14:30:20+09:00,GBIKE,131039,37.0,36.487421,127.251912,12,세종특별시
2026-06-16T14:30:20+09:00,GBIKE,130762,83.0,36.487445,127.24468,12,세종특별시
2026-06-16T14:30:20+09:00,GBIKE,130978,44.0,36.487477,127.256288,12,세종특별시
2026-06-16T14:30:20+09:00,GBIKE,130980,35.0,36.487482,127.244711,12,세종특별시
2026-06-16T14:30:20+09:00,GBIKE,130333,63.0,36.487485,127.244756,12,세종특별시
2026-06-16T14:30:20+09:00,GBIKE,130408,54.0,36.487503,127.244716,12,세종특별시
2026-06-16T14:30:20+09:00,GBIKE,131095,30.0,36.487503,127.257682,12,세종특별시
2026-06-16T14:30:20+09:00,GBIKE,130267,71.0,36.487532,127.257685,12,세종특별시
2026-06-16T14:30:20+09:00,GBIKE,130862,30.0,36.487536,127.244759,12,세종특별시
2026-06-16T14:30:20+09:00,GBIKE,131992,30.0,36.487544,127.257571,12,세종특별시
2026-06-16T14:30:20+09:00,GBIKE,131661,50.0,36.487554,127.261194,12,세종특별시
2026-06-16T14:30:20+09:00,GBIKE,131311,37.0,36.487562,127.256889,12,세종특별시
2026-06-16T14:30:20+09:00,GBIKE,130998,30.0,36.487594,127.257589,12,세종특별시
2026-06-16T14:30:20+09:00,GBIKE,501161,83.0,36.487608,127.251837,12,세종특별시
2026-06-16T14:30:20+09:00,GBIKE,131423,67.0,36.487615,127.260543,12,세종특별시
2026-06-16T14:30:20+09:00,GBIKE,130472,37.0,36.487655,127.264336,12,세종특별시
2026-06-16T14:30:20+09:00,GBIKE,501502,31.0,36.487681,127.266633,12,세종특별시
2026-06-16T14:30:20+09:00,GBIKE,131126,32.0,36.487748,127.26419,12,세종특별시
2026-06-16T14:30:20+09:00,GBIKE,131367,32.0,36.487778,127.250566,12,세종특별시
2026-06-16T14:30:20+09:00,GBIKE,501408,40.0,36.487872,127.256358,12,세종특별시
2026-06-16T14:30:20+09:00,GBIKE,131766,84.0,36.487915,127.257051,12,세종특별시
2026-06-16T14:30:20+09:00,GBIKE,130600,96.0,36.487925,127.256403,12,세종특별시
2026-06-16T14:30:20+09:00,GBIKE,131607,45.0,36.487987,127.268087,12,세종특별시
2026-06-16T14:30:20+09:00,GBIKE,130091,80.0,36.488028,127.256973,12,세종특별시
2026-06-16T14:30:20+09:00,GBIKE,131077,44.0,36.488099,127.264031,12,세종특별시
2026-06-16T14:30:20+09:00,GBIKE,501136,37.0,36.488161,127.263808,12,세종특별시
2026-06-16T14:30:20+09:00,GBIKE,131436,86.0,36.488209,127.262677,12,세종특별시
2026-06-16T14:30:20+09:00,GBIKE,130573,92.0,36.488218,127.259908,12,세종특별시
2026-06-16T14:30:20+09:00,GBIKE,130715,31.0,36.488276,127.263745,12,세종특별시
2026-06-16T14:30:20+09:00,GBIKE,131066,56.0,36.488319,127.264545,12,세종특별시
2026-06-16T14:30:20+09:00,GBIKE,131025,81.0,36.488322,127.301658,12,세종특별시
2026-06-16T14:30:20+09:00,GBIKE,131062,30.0,36.488433,127.247482,12,세종특별시
2026-06-16T14:30:20+09:00,GBIKE,130544,65.0,36.48845,127.243732,12,세종특별시
2026-06-16T14:30:20+09:00,GBIKE,130167,30.0,36.488455,127.260414,12,세종특별시
2026-06-16T14:30:20+09:00,GBIKE,130334,67.0,36.488485,127.24658,12,세종특별시
2026-06-16T14:30:20+09:00,GBIKE,501133,69.0,36.488486,127.256736,12,세종특별시
2026-06-16T14:30:20+09:00,GBIKE,130958,31.0,36.488493,127.247609,12,세종특별시
2026-06-16T14:30:20+09:00,GBIKE,131227,32.0,36.488511,127.247654,12,세종특별시
2026-06-16T14:30:20+09:00,GBIKE,501105,86.0,36.488514,127.256714,12,세종특별시
2026-06-16T14:30:20+09:00,GBIKE,131441,32.0,36.488553,127.254687,12,세종특별시
2026-06-16T14:30:20+09:00,GBIKE,131158,61.0,36.488565,127.256734,12,세종특별시
2026-06-16T14:30:20+09:00,GBIKE,501381,64.0,36.488614,127.259887,12,세종특별시
2026-06-16T14:30:20+09:00,GBIKE,131636,77.0,36.488615,127.257123,12,세종특별시
2026-06-16T14:30:20+09:00,GBIKE,131448,39.0,36.488628,127.24725,12,세종특별시
2026-06-16T14:30:20+09:00,GBIKE,501363,77.0,36.488648,127.263613,12,세종특별시
2026-06-16T14:30:20+09:00,GBIKE,131202,33.0,36.488665,127.261136,12,세종특별시
2026-06-16T14:30:20+09:00,GBIKE,131218,52.0,36.488665,127.250124,12,세종특별시
2026-06-16T14:30:20+09:00,GBIKE,501593,45.0,36.488673,127.2672,12,세종특별시
2026-06-16T14:30:20+09:00,GBIKE,130880,82.0,36.488699,127.247489,12,세종특별시
2026-06-16T14:30:20+09:00,GBIKE,130087,55.0,36.488702,127.26128,12,세종특별시
2026-06-16T14:30:20+09:00,GBIKE,130186,57.0,36.488704,127.247566,12,세종특별시
2026-06-16T14:30:20+09:00,GBIKE,130743,72.0,36.488711,127.256698,12,세종특별시
2026-06-16T14:30:20+09:00,GBIKE,131793,30.0,36.488752,127.265011,12,세종특별시
2026-06-16T14:30:20+09:00,GBIKE,501567,43.0,36.488755,127.256747,12,세종특별시
2026-06-16T14:30:20+09:00,GBIKE,130363,32.0,36.488769,127.247347,12,세종특별시
2026-06-16T14:30:20+09:00,GBIKE,130176,38.0,36.488809,127.247247,12,세종특별시
2026-06-16T14:30:20+09:00,GBIKE,130635,35.0,36.488829,127.257131,12,세종특별시
2026-06-16T14:30:20+09:00,GBIKE,130469,84.0,36.488844,127.255292,12,세종특별시
2026-06-16T14:30:20+09:00,GBIKE,501208,54.0,36.488881,127.247289,12,세종특별시
2026-06-16T14:30:20+09:00,GBIKE,131551,32.0,36.48889,127.257096,12,세종특별시
2026-06-16T14:30:20+09:00,GBIKE,501320,92.0,36.488907,127.257063,12,세종특별시
2026-06-16T14:30:20+09:00,GBIKE,131861,46.0,36.488915,127.302133,12,세종특별시
2026-06-16T14:30:20+09:00,GBIKE,501553,69.0,36.488917,127.255033,12,세종특별시
2026-06-16T14:30:20+09:00,GBIKE,130727,44.0,36.488945,127.257033,12,세종특별시
2026-06-16T14:30:20+09:00,GBIKE,130232,47.0,36.488964,127.247209,12,세종특별시
2026-06-16T14:30:20+09:00,GBIKE,130131,35.0,36.488983,127.257038,12,세종특별시
2026-06-16T14:30:20+09:00,GBIKE,130093,30.0,36.488995,127.266245,12,세종특별시
2026-06-16T14:30:20+09:00,GBIKE,131032,48.0,36.488998,127.255343,12,세종특별시
2026-06-16T14:30:20+09:00,GBIKE,130230,31.0,36.489003,127.247335,12,세종특별시
2026-06-16T14:30:20+09:00,GBIKE,130845,34.0,36.489017,127.247239,12,세종특별시
2026-06-16T14:30:20+09:00,GBIKE,130970,30.0,36.489019,127.257016,12,세종특별시
2026-06-16T14:30:20+09:00,GBIKE,131319,80.0,36.489026,127.252885,12,세종특별시
2026-06-16T14:30:20+09:00,GBIKE,130351,33.0,36.489055,127.26634,12,세종특별시
2026-06-16T14:30:20+09:00,GBIKE,131985,82.0,36.48906,127.243827,12,세종특별시
2026-06-16T14:30:20+09:00,GBIKE,131002,64.0,36.489072,127.263423,12,세종특별시
2026-06-16T14:30:20+09:00,GBIKE,131447,55.0,36.48908,127.247389,12,세종특별시
2026-06-16T14:30:20+09:00,GBIKE,130640,30.0,36.489088,127.256172,12,세종특별시
2026-06-16T14:30:20+09:00,GBIKE,131533,32.0,36.489089,127.266375,12,세종특별시
2026-06-16T14:30:20+09:00,GBIKE,130524,31.0,36.489095,127.255556,12,세종특별시
2026-06-16T14:30:20+09:00,GBIKE,130508,33.0,36.489106,127.247365,12,세종특별시
2026-06-16T14:30:20+09:00,GBIKE,131133,35.0,36.489138,127.256237,12,세종특별시
2026-06-16T14:30:20+09:00,GBIKE,131628,37.0,36.489169,127.256181,12,세종특별시
2026-06-16T14:30:20+09:00,GBIKE,130844,46.0,36.489169,127.246984,12,세종특별시
2026-06-16T14:30:20+09:00,GBIKE,130300,34.0,36.48917,127.259791,12,세종특별시
2026-06-16T14:30:20+09:00,GBIKE,131664,65.0,36.489188,127.259645,12,세종특별시
2026-06-16T14:30:20+09:00,GBIKE,130209,47.0,36.489199,127.271137,12,세종특별시
2026-06-16T14:30:20+09:00,GBIKE,131506,86.0,36.489231,127.244515,12,세종특별시
2026-06-16T14:30:20+09:00,GBIKE,501370,93.0,36.489266,127.302294,12,세종특별시
2026-06-16T14:30:20+09:00,GBIKE,131379,48.0,36.48928,127.256511,12,세종특별시
2026-06-16T14:30:20+09:00,GBIKE,131891,46.0,36.489311,127.246995,12,세종특별시
2026-06-16T14:30:20+09:00,GBIKE,131387,95.0,36.489317,127.256522,12,세종특별시
2026-06-16T14:30:20+09:00,GBIKE,130968,87.0,36.489325,127.244512,12,세종특별시
2026-06-16T14:30:20+09:00,GBIKE,131483,68.0,36.489334,127.257955,12,세종특별시
2026-06-16T14:30:20+09:00,GBIKE,130512,76.0,36.489347,127.256516,12,세종특별시
2026-06-16T14:30:20+09:00,GBIKE,131619,56.0,36.489351,127.256594,12,세종특별시
2026-06-16T14:30:20+09:00,GBIKE,130889,71.0,36.489352,127.256577,12,세종특별시
2026-06-16T14:30:20+09:00,GBIKE,130944,61.0,36.48936,127.256528,12,세종특별시
2026-06-16T14:30:20+09:00,GBIKE,131511,69.0,36.489371,127.255866,12,세종특별시
2026-06-16T14:30:20+09:00,GBIKE,131019,46.0,36.489378,127.258139,12,세종특별시
2026-06-16T14:30:20+09:00,GBIKE,131337,32.0,36.489386,127.256583,12,세종특별시
2026-06-16T14:30:20+09:00,GBIKE,130294,30.0,36.489394,127.266105,12,세종특별시
2026-06-16T14:30:20+09:00,GBIKE,131018,41.0,36.489405,127.257962,12,세종특별시
2026-06-16T14:30:20+09:00,GBIKE,131000,34.0,36.489428,127.25648,12,세종특별시
2026-06-16T14:30:20+09:00,GBIKE,130221,76.0,36.489431,127.256517,12,세종특별시
2026-06-16T14:30:20+09:00,GBIKE,131923,33.0,36.489435,127.259375,12,세종특별시
2026-06-16T14:30:20+09:00,GBIKE,130945,44.0,36.489441,127.256575,12,세종특별시
2026-06-16T14:30:20+09:00,GBIKE,501527,93.0,36.489441,127.256838,12,세종특별시
2026-06-16T14:30:20+09:00,GBIKE,501131,53.0,36.489442,127.256537,12,세종특별시
2026-06-16T14:30:20+09:00,GBIKE,131568,81.0,36.489445,127.256515,12,세종특별시
2026-06-16T14:30:20+09:00,GBIKE,131004,54.0,36.489445,127.256495,12,세종특별시
2026-06-16T14:30:20+09:00,GBIKE,131911,32.0,36.489454,127.256492,12,세종특별시
2026-06-16T14:30:20+09:00,GBIKE,131725,50.0,36.489454,127.247168,12,세종특별시
2026-06-16T14:30:20+09:00,GBIKE,130633,77.0,36.489455,127.247161,12,세종특별시
2026-06-16T14:30:20+09:00,GBIKE,130790,89.0,36.489458,127.256583,12,세종특별시
2026-06-16T14:30:20+09:00,GBIKE,131469,100.0,36.489468,127.259359,12,세종특별시
2026-06-16T14:30:20+09:00,GBIKE,131410,33.0,36.48948,127.256513,12,세종특별시
2026-06-16T14:30:20+09:00,GBIKE,130751,34.0,36.489483,127.256451,12,세종특별시
2026-06-16T14:30:20+09:00,GBIKE,131088,62.0,36.489485,127.256499,12,세종특별시
2026-06-16T14:30:20+09:00,GBIKE,130604,95.0,36.489487,127.256545,12,세종특별시
2026-06-16T14:30:20+09:00,GBIKE,131331,36.0,36.489493,127.256565,12,세종특별시
2026-06-16T14:30:20+09:00,GBIKE,131015,32.0,36.489504,127.256496,12,세종특별시
2026-06-16T14:30:20+09:00,GBIKE,131042,100.0,36.489512,127.259289,12,세종특별시
2026-06-16T14:30:20+09:00,GBIKE,131185,30.0,36.489515,127.25699,12,세종특별시
2026-06-16T14:30:20+09:00,GBIKE,131298,35.0,36.489517,127.256523,12,세종특별시
2026-06-16T14:30:20+09:00,GBIKE,130609,96.0,36.489518,127.256506,12,세종특별시
2026-06-16T14:30:20+09:00,GBIKE,130766,35.0,36.489525,127.301725,12,세종특별시
2026-06-16T14:30:20+09:00,GBIKE,131788,71.0,36.489559,127.256582,12,세종특별시
2026-06-16T14:30:20+09:00,GBIKE,130689,37.0,36.489569,127.256476,12,세종특별시
2026-06-16T14:30:20+09:00,GBIKE,130934,65.0,36.489572,127.301777,12,세종특별시
2026-06-16T14:30:20+09:00,GBIKE,130906,95.0,36.489626,127.256437,12,세종특별시
2026-06-16T14:30:20+09:00,GBIKE,130313,30.0,36.489627,127.256437,12,세종특별시
2026-06-16T14:30:20+09:00,GBIKE,131679,100.0,36.48963,127.256306,12,세종특별시
2026-06-16T14:30:20+09:00,GBIKE,131577,44.0,36.489639,127.256457,12,세종특별시
2026-06-16T14:30:20+09:00,GBIKE,130084,100.0,36.489816,127.259575,12,세종특별시
2026-06-16T14:30:20+09:00,GBIKE,131845,67.0,36.489831,127.245026,12,세종특별시
2026-06-16T14:30:20+09:00,GBIKE,131886,88.0,36.489833,127.244954,12,세종특별시
2026-06-16T14:30:20+09:00,GBIKE,131936,100.0,36.489847,127.259198,12,세종특별시
2026-06-16T14:30:20+09:00,GBIKE,131949,55.0,36.489854,127.302678,12,세종특별시
2026-06-16T14:30:20+09:00,GBIKE,130383,57.0,36.489855,127.244989,12,세종특별시
2026-06-16T14:30:20+09:00,GBIKE,130613,82.0,36.489894,127.259452,12,세종특별시
2026-06-16T14:30:20+09:00,GBIKE,501582,43.0,36.489895,127.255827,12,세종특별시
2026-06-16T14:30:20+09:00,GBIKE,130040,58.0,36.48991,127.256797,12,세종특별시
2026-06-16T14:30:20+09:00,GBIKE,131141,81.0,36.489935,127.245066,12,세종특별시
2026-06-16T14:30:20+09:00,GBIKE,131588,35.0,36.48999,127.255632,12,세종특별시
2026-06-16T14:30:20+09:00,GBIKE,130688,77.0,36.490031,127.25576,12,세종특별시
2026-06-16T14:30:20+09:00,GBIKE,130838,52.0,36.490121,127.255885,12,세종특별시
2026-06-16T14:30:20+09:00,GBIKE,130618,59.0,36.490193,127.256747,12,세종특별시
2026-06-16T14:30:20+09:00,GBIKE,131571,32.0,36.490238,127.247121,12,세종특별시
2026-06-16T14:30:20+09:00,GBIKE,130511,43.0,36.490289,127.256732,12,세종특별시
2026-06-16T14:30:20+09:00,GBIKE,131051,78.0,36.490293,127.256722,12,세종특별시
2026-06-16T14:30:20+09:00,GBIKE,130116,37.0,36.490302,127.257717,12,세종특별시
2026-06-16T14:30:20+09:00,GBIKE,130518,34.0,36.490323,127.243372,12,세종특별시
2026-06-16T14:30:20+09:00,GBIKE,131145,32.0,36.490332,127.258653,12,세종특별시
2026-06-16T14:30:20+09:00,GBIKE,131271,31.0,36.490354,127.259432,12,세종특별시
2026-06-16T14:30:20+09:00,GBIKE,501427,30.0,36.490392,127.246987,12,세종특별시
2026-06-16T14:30:20+09:00,GBIKE,131966,31.0,36.490409,127.259057,12,세종특별시
2026-06-16T14:30:20+09:00,GBIKE,131686,68.0,36.490433,127.245362,12,세종특별시
2026-06-16T14:30:20+09:00,GBIKE,130797,70.0,36.490438,127.256775,12,세종특별시
2026-06-16T14:30:20+09:00,GBIKE,131779,95.0,36.490566,127.267811,12,세종특별시
2026-06-16T14:30:20+09:00,GBIKE,130261,30.0,36.490597,127.25912,12,세종특별시
2026-06-16T14:30:20+09:00,GBIKE,501392,47.0,36.490605,127.267804,12,세종특별시
2026-06-16T14:30:20+09:00,GBIKE,131139,46.0,36.490629,127.259102,12,세종특별시
2026-06-16T14:30:20+09:00,GBIKE,131167,80.0,36.49066,127.259107,12,세종특별시
2026-06-16T14:30:20+09:00,GBIKE,131569,31.0,36.490674,127.259105,12,세종특별시
2026-06-16T14:30:20+09:00,GBIKE,501224,44.0,36.490811,127.256184,12,세종특별시
2026-06-16T14:30:20+09:00,GBIKE,501345,90.0,36.490814,127.256207,12,세종특별시
2026-06-16T14:30:20+09:00,GBIKE,131883,66.0,36.490853,127.321433,12,세종특별시
2026-06-16T14:30:20+09:00,GBIKE,131962,34.0,36.490866,127.256209,12,세종특별시
2026-06-16T14:30:20+09:00,GBIKE,131135,62.0,36.49088,127.25622,12,세종특별시
2026-06-16T14:30:20+09:00,GBIKE,131210,92.0,36.490881,127.301997,12,세종특별시
2026-06-16T14:30:20+09:00,GBIKE,501183,49.0,36.4909,127.257104,12,세종특별시
2026-06-16T14:30:20+09:00,GBIKE,130030,69.0,36.490921,127.257071,12,세종특별시
2026-06-16T14:30:20+09:00,GBIKE,501329,41.0,36.490954,127.25096,12,세종특별시
2026-06-16T14:30:20+09:00,GBIKE,130169,32.0,36.49101,127.258261,12,세종특별시
2026-06-16T14:30:20+09:00,GBIKE,130276,32.0,36.491015,127.257199,12,세종특별시
2026-06-16T14:30:20+09:00,GBIKE,501462,100.0,36.491021,127.262559,12,세종특별시
2026-06-16T14:30:20+09:00,GBIKE,501167,34.0,36.491025,127.253303,12,세종특별시
2026-06-16T14:30:20+09:00,GBIKE,131456,37.0,36.491026,127.257174,12,세종특별시
2026-06-16T14:30:20+09:00,GBIKE,501203,46.0,36.491032,127.321469,12,세종특별시
2026-06-16T14:30:20+09:00,GBIKE,131003,69.0,36.491052,127.257434,12,세종특별시
2026-06-16T14:30:20+09:00,GBIKE,131579,34.0,36.491053,127.257125,12,세종특별시
2026-06-16T14:30:20+09:00,GBIKE,501126,72.0,36.491068,127.262957,12,세종특별시
2026-06-16T14:30:20+09:00,GBIKE,130427,33.0,36.491088,127.253493,12,세종특별시
2026-06-16T14:30:20+09:00,GBIKE,131083,87.0,36.491122,127.257324,12,세종특별시
2026-06-16T14:30:20+09:00,GBIKE,131164,37.0,36.491131,127.324586,12,세종특별시
2026-06-16T14:30:20+09:00,GBIKE,130157,46.0,36.491137,127.300714,12,세종특별시
2026-06-16T14:30:20+09:00,GBIKE,131752,33.0,36.49115,127.249537,12,세종특별시
2026-06-16T14:30:20+09:00,GBIKE,131030,57.0,36.491152,127.254349,12,세종특별시
2026-06-16T14:30:20+09:00,GBIKE,501366,81.0,36.4912,127.254538,12,세종특별시
2026-06-16T14:30:20+09:00,GBIKE,501579,88.0,36.491254,127.255968,12,세종특별시
2026-06-16T14:30:20+09:00,GBIKE,130721,70.0,36.491267,127.260596,12,세종특별시
2026-06-16T14:30:20+09:00,GBIKE,501261,36.0,36.491269,127.255948,12,세종특별시
2026-06-16T14:30:20+09:00,GBIKE,130291,53.0,36.491283,127.25614,12,세종특별시
2026-06-16T14:30:20+09:00,GBIKE,131807,70.0,36.491318,127.256177,12,세종특별시
2026-06-16T14:30:20+09:00,GBIKE,501334,46.0,36.491328,127.258033,12,세종특별시
2026-06-16T14:30:20+09:00,GBIKE,130120,44.0,36.491334,127.25597,12,세종특별시
2026-06-16T14:30:20+09:00,GBIKE,501128,89.0,36.491334,127.303724,12,세종특별시
2026-06-16T14:30:20+09:00,GBIKE,130665,36.0,36.491341,127.255867,12,세종특별시
2026-06-16T14:30:20+09:00,GBIKE,131356,34.0,36.491346,127.269791,12,세종특별시
2026-06-16T14:30:20+09:00,GBIKE,501201,34.0,36.491348,127.269604,12,세종특별시
2026-06-16T14:30:20+09:00,GBIKE,131772,37.0,36.491352,127.269628,12,세종특별시
2026-06-16T14:30:20+09:00,GBIKE,131114,38.0,36.491353,127.256118,12,세종특별시
2026-06-16T14:30:20+09:00,GBIKE,131405,35.0,36.491356,127.256136,12,세종특별시
2026-06-16T14:30:20+09:00,GBIKE,501413,32.0,36.491357,127.269595,12,세종특별시
2026-06-16T14:30:20+09:00,GBIKE,131854,67.0,36.491363,127.256108,12,세종특별시
2026-06-16T14:30:20+09:00,GBIKE,131837,37.0,36.491365,127.256107,12,세종특별시
2026-06-16T14:30:20+09:00,GBIKE,130155,58.0,36.491384,127.269659,12,세종특별시
2026-06-16T14:30:20+09:00,GBIKE,130355,100.0,36.491386,127.256837,12,세종특별시
2026-06-16T14:30:20+09:00,GBIKE,501186,61.0,36.491386,127.257997,12,세종특별시
2026-06-16T14:30:20+09:00,GBIKE,501152,79.0,36.491388,127.257917,12,세종특별시
2026-06-16T14:30:20+09:00,GBIKE,131778,32.0,36.491388,127.258154,12,세종특별시
2026-06-16T14:30:20+09:00,GBIKE,130773,30.0,36.491388,127.256138,12,세종특별시
2026-06-16T14:30:20+09:00,GBIKE,131057,39.0,36.491388,127.25614,12,세종특별시
2026-06-16T14:30:20+09:00,GBIKE,131359,49.0,36.491389,127.256128,12,세종특별시
2026-06-16T14:30:20+09:00,GBIKE,501258,85.0,36.491392,127.258174,12,세종특별시
2026-06-16T14:30:20+09:00,GBIKE,501546,38.0,36.491396,127.256987,12,세종특별시
2026-06-16T14:30:20+09:00,GBIKE,501209,85.0,36.491397,127.256104,12,세종특별시
2026-06-16T14:30:20+09:00,GBIKE,501519,69.0,36.491398,127.254355,12,세종특별시
2026-06-16T14:30:20+09:00,GBIKE,131222,98.0,36.491405,127.256132,12,세종특별시
2026-06-16T14:30:20+09:00,GBIKE,130225,44.0,36.491407,127.256146,12,세종특별시
2026-06-16T14:30:20+09:00,GBIKE,131756,58.0,36.491415,127.269833,12,세종특별시
2026-06-16T14:30:20+09:00,GBIKE,130587,95.0,36.491437,127.258008,12,세종특별시
2026-06-16T14:30:20+09:00,GBIKE,130533,69.0,36.491481,127.258052,12,세종특별시
2026-06-16T14:30:20+09:00,GBIKE,131403,89.0,36.491497,127.259536,12,세종특별시
2026-06-16T14:30:20+09:00,GBIKE,131625,95.0,36.491502,127.300074,12,세종특별시
2026-06-16T14:30:20+09:00,GBIKE,131973,42.0,36.491507,127.259579,12,세종특별시
2026-06-16T14:30:20+09:00,GBIKE,130657,81.0,36.49151,127.259535,12,세종특별시
2026-06-16T14:30:20+09:00,GBIKE,130412,81.0,36.491519,127.256159,12,세종특별시
2026-06-16T14:30:20+09:00,GBIKE,131888,35.0,36.491557,127.243764,12,세종특별시
2026-06-16T14:30:20+09:00,GBIKE,131716,30.0,36.49156,127.259548,12,세종특별시
2026-06-16T14:30:20+09:00,GBIKE,131828,100.0,36.491563,127.261088,12,세종특별시
2026-06-16T14:30:20+09:00,GBIKE,130393,90.0,36.491593,127.256196,12,세종특별시
2026-06-16T14:30:20+09:00,GBIKE,130179,43.0,36.491629,127.260614,12,세종특별시
2026-06-16T14:30:20+09:00,GBIKE,130266,100.0,36.491645,127.254894,12,세종특별시
2026-06-16T14:30:20+09:00,GBIKE,131097,62.0,36.491648,127.253959,12,세종특별시
2026-06-16T14:30:20+09:00,GBIKE,501477,31.0,36.49165,127.246103,12,세종특별시
2026-06-16T14:30:20+09:00,GBIKE,131173,64.0,36.491654,127.303354,12,세종특별시
2026-06-16T14:30:20+09:00,GBIKE,501142,66.0,36.491708,127.269449,12,세종특별시
2026-06-16T14:30:20+09:00,GBIKE,501438,79.0,36.491741,127.269469,12,세종특별시
2026-06-16T14:30:20+09:00,GBIKE,130165,100.0,36.491748,127.256591,12,세종특별시
2026-06-16T14:30:20+09:00,GBIKE,131838,81.0,36.49175,127.303342,12,세종특별시
2026-06-16T14:30:20+09:00,GBIKE,131776,30.0,36.491764,127.25658,12,세종특별시
2026-06-16T14:30:20+09:00,GBIKE,130149,36.0,36.491771,127.25018,12,세종특별시
2026-06-16T14:30:20+09:00,GBIKE,131651,100.0,36.49178,127.25658,12,세종특별시
2026-06-16T14:30:20+09:00,GBIKE,131481,30.0,36.491817,127.246222,12,세종특별시
2026-06-16T14:30:20+09:00,GBIKE,131567,31.0,36.491818,127.256588,12,세종특별시
2026-06-16T14:30:20+09:00,GBIKE,130893,75.0,36.491859,127.303655,12,세종특별시
2026-06-16T14:30:20+09:00,GBIKE,131072,41.0,36.491928,127.249213,12,세종특별시
2026-06-16T14:30:20+09:00,GBIKE,130697,85.0,36.491987,127.300005,12,세종특별시
2026-06-16T14:30:20+09:00,GBIKE,501578,77.0,36.491988,127.262321,12,세종특별시
2026-06-16T14:30:20+09:00,GBIKE,130212,92.0,36.492032,127.241625,12,세종특별시
2026-06-16T14:30:20+09:00,GBIKE,131455,45.0,36.492072,127.325143,12,세종특별시
2026-06-16T14:30:20+09:00,GBIKE,130418,73.0,36.492078,127.256108,12,세종특별시
2026-06-16T14:30:20+09:00,GBIKE,130937,46.0,36.492101,127.255933,12,세종특별시
2026-06-16T14:30:20+09:00,GBIKE,131034,51.0,36.492131,127.25654,12,세종특별시
2026-06-16T14:30:20+09:00,GBIKE,130237,65.0,36.492147,127.256036,12,세종특별시
2026-06-16T14:30:20+09:00,GBIKE,130942,43.0,36.492181,127.25661,12,세종특별시
2026-06-16T14:30:20+09:00,GBIKE,131308,63.0,36.492184,127.241448,12,세종특별시
2026-06-16T14:30:20+09:00,GBIKE,130907,88.0,36.492248,127.245807,12,세종특별시
2026-06-16T14:30:20+09:00,GBIKE,130847,48.0,36.492254,127.246147,12,세종특별시
2026-06-16T14:30:20+09:00,GBIKE,131969,90.0,36.492265,127.256196,12,세종특별시
2026-06-16T14:30:20+09:00,GBIKE,131560,79.0,36.492297,127.241417,12,세종특별시
2026-06-16T14:30:20+09:00,GBIKE,501195,62.0,36.492297,127.241476,12,세종특별시
2026-06-16T14:30:20+09:00,GBIKE,130430,83.0,36.492299,127.241434,12,세종특별시
2026-06-16T14:30:20+09:00,GBIKE,131472,32.0,36.492305,127.241771,12,세종특별시
2026-06-16T14:30:20+09:00,GBIKE,501395,68.0,36.492309,127.241389,12,세종특별시
2026-06-16T14:30:20+09:00,GBIKE,131869,94.0,36.492322,127.241375,12,세종특별시
2026-06-16T14:30:20+09:00,GBIKE,131738,30.0,36.492325,127.241406,12,세종특별시
2026-06-16T14:30:20+09:00,GBIKE,130738,66.0,36.492335,127.255748,12,세종특별시
2026-06-16T14:30:20+09:00,GBIKE,131745,30.0,36.492366,127.241373,12,세종특별시
2026-06-16T14:30:20+09:00,GBIKE,131555,30.0,36.492366,127.252969,12,세종특별시
2026-06-16T14:30:20+09:00,GBIKE,130811,30.0,36.492437,127.254875,12,세종특별시
2026-06-16T14:30:20+09:00,GBIKE,131307,96.0,36.492487,127.254494,12,세종특별시
2026-06-16T14:30:20+09:00,GBIKE,131482,47.0,36.492497,127.254401,12,세종특별시
2026-06-16T14:30:20+09:00,GBIKE,501581,38.0,36.492522,127.302977,12,세종특별시
2026-06-16T14:30:20+09:00,GBIKE,131564,42.0,36.492528,127.254449,12,세종특별시
2026-06-16T14:30:20+09:00,GBIKE,131332,71.0,36.492553,127.2607,12,세종특별시
2026-06-16T14:30:20+09:00,GBIKE,130358,39.0,36.492599,127.257101,12,세종특별시
2026-06-16T14:30:20+09:00,GBIKE,130589,80.0,36.492621,127.303074,12,세종특별시
2026-06-16T14:30:20+09:00,GBIKE,130308,100.0,36.492622,127.303059,12,세종특별시
2026-06-16T14:30:20+09:00,GBIKE,130113,100.0,36.49265,127.303072,12,세종특별시
2026-06-16T14:30:20+09:00,GBIKE,501574,86.0,36.492653,127.255076,12,세종특별시
2026-06-16T14:30:20+09:00,GBIKE,131503,30.0,36.492659,127.303074,12,세종특별시
2026-06-16T14:30:20+09:00,GBIKE,130929,31.0,36.492725,127.242054,12,세종특별시
2026-06-16T14:30:20+09:00,GBIKE,131813,92.0,36.492731,127.242931,12,세종특별시
2026-06-16T14:30:20+09:00,GBIKE,130783,60.0,36.492782,127.254479,12,세종특별시
2026-06-16T14:30:20+09:00,GBIKE,130172,34.0,36.492788,127.242376,12,세종특별시
2026-06-16T14:30:20+09:00,GBIKE,501114,86.0,36.492836,127.253892,12,세종특별시
2026-06-16T14:30:20+09:00,GBIKE,131931,46.0,36.492854,127.242571,12,세종특별시
2026-06-16T14:30:20+09:00,GBIKE,501264,61.0,36.492858,127.242646,12,세종특별시
2026-06-16T14:30:20+09:00,GBIKE,131611,72.0,36.492878,127.300831,12,세종특별시
2026-06-16T14:30:20+09:00,GBIKE,131761,41.0,36.492895,127.254582,12,세종특별시
2026-06-16T14:30:20+09:00,GBIKE,501529,79.0,36.492907,127.242694,12,세종특별시
2026-06-16T14:30:20+09:00,GBIKE,501367,64.0,36.492973,127.254599,12,세종특별시
2026-06-16T14:30:20+09:00,GBIKE,131397,93.0,36.49298,127.24388,12,세종특별시
2026-06-16T14:30:20+09:00,GBIKE,131249,74.0,36.492991,127.305229,12,세종특별시
2026-06-16T14:30:20+09:00,GBIKE,130698,93.0,36.492996,127.255386,12,세종특별시
2026-06-16T14:30:20+09:00,GBIKE,131270,35.0,36.492996,127.254712,12,세종특별시
2026-06-16T14:30:20+09:00,GBIKE,131143,37.0,36.493019,127.25725,12,세종특별시
2026-06-16T14:30:20+09:00,GBIKE,131656,45.0,36.493028,127.300521,12,세종특별시
2026-06-16T14:30:20+09:00,GBIKE,130214,63.0,36.493078,127.252101,12,세종특별시
2026-06-16T14:30:20+09:00,GBIKE,130668,30.0,36.493145,127.250822,12,세종특별시
2026-06-16T14:30:20+09:00,GBIKE,131509,31.0,36.493183,127.245581,12,세종특별시
2026-06-16T14:30:20+09:00,GBIKE,131335,83.0,36.493187,127.303579,12,세종특별시
2026-06-16T14:30:20+09:00,GBIKE,501137,96.0,36.493189,127.301408,12,세종특별시
2026-06-16T14:30:20+09:00,GBIKE,131435,94.0,36.493212,127.301416,12,세종특별시
2026-06-16T14:30:20+09:00,GBIKE,130785,46.0,36.493289,127.252325,12,세종특별시
2026-06-16T14:30:20+09:00,GBIKE,131801,62.0,36.493317,127.250918,12,세종특별시
2026-06-16T14:30:20+09:00,GBIKE,131008,67.0,36.493354,127.3044,12,세종특별시
2026-06-16T14:30:20+09:00,GBIKE,131811,48.0,36.493497,127.251082,12,세종특별시
2026-06-16T14:30:20+09:00,GBIKE,130930,84.0,36.49352,127.249774,12,세종특별시
2026-06-16T14:30:20+09:00,GBIKE,131678,53.0,36.493528,127.249787,12,세종특별시
2026-06-16T14:30:20+09:00,GBIKE,131274,63.0,36.493596,127.248788,12,세종특별시
2026-06-16T14:30:20+09:00,GBIKE,131762,31.0,36.493777,127.256077,12,세종특별시
2026-06-16T14:30:20+09:00,GBIKE,131851,30.0,36.493792,127.32549,12,세종특별시
2026-06-16T14:30:20+09:00,GBIKE,131989,65.0,36.493825,127.256596,12,세종특별시
2026-06-16T14:30:20+09:00,GBIKE,501501,53.0,36.493852,127.249364,12,세종특별시
2026-06-16T14:30:20+09:00,GBIKE,501188,30.0,36.493855,127.248255,12,세종특별시
2026-06-16T14:30:20+09:00,GBIKE,131751,33.0,36.493874,127.248504,12,세종특별시
2026-06-16T14:30:20+09:00,GBIKE,130560,37.0,36.493931,127.249617,12,세종특별시
2026-06-16T14:30:20+09:00,GBIKE,501340,40.0,36.494016,127.256125,12,세종특별시
2026-06-16T14:30:20+09:00,GBIKE,131162,76.0,36.494028,127.24893,12,세종특별시
2026-06-16T14:30:20+09:00,GBIKE,131029,51.0,36.494069,127.261377,12,세종특별시
2026-06-16T14:30:20+09:00,GBIKE,130238,39.0,36.494072,127.256608,12,세종특별시
2026-06-16T14:30:20+09:00,GBIKE,130794,75.0,36.494104,127.256511,12,세종특별시
2026-06-16T14:30:20+09:00,GBIKE,130039,33.0,36.494105,127.256201,12,세종특별시
2026-06-16T14:30:20+09:00,GBIKE,131690,94.0,36.494154,127.25621,12,세종특별시
2026-06-16T14:30:20+09:00,GBIKE,501308,35.0,36.49418,127.261213,12,세종특별시
2026-06-16T14:30:20+09:00,GBIKE,130644,49.0,36.494217,127.256197,12,세종특별시
2026-06-16T14:30:20+09:00,GBIKE,131241,63.0,36.494277,127.25613,12,세종특별시
2026-06-16T14:30:20+09:00,GBIKE,131964,30.0,36.494333,127.255764,12,세종특별시
2026-06-16T14:30:20+09:00,GBIKE,130875,63.0,36.494378,127.253184,12,세종특별시
2026-06-16T14:30:20+09:00,GBIKE,131358,93.0,36.494388,127.30226,12,세종특별시
2026-06-16T14:30:20+09:00,GBIKE,130390,32.0,36.494401,127.248759,12,세종특별시
2026-06-16T14:30:20+09:00,GBIKE,131819,77.0,36.494558,127.256265,12,세종특별시
2026-06-16T14:30:20+09:00,GBIKE,501104,100.0,36.494561,127.255802,12,세종특별시
2026-06-16T14:30:20+09:00,GBIKE,131980,31.0,36.494575,127.260524,12,세종특별시
2026-06-16T14:30:20+09:00,GBIKE,501400,43.0,36.494579,127.2561,12,세종특별시
2026-06-16T14:30:20+09:00,GBIKE,130096,48.0,36.49459,127.256295,12,세종특별시
2026-06-16T14:30:20+09:00,GBIKE,501549,35.0,36.494598,127.256283,12,세종특별시
2026-06-16T14:30:20+09:00,GBIKE,131510,57.0,36.494624,127.256312,12,세종특별시
2026-06-16T14:30:20+09:00,GBIKE,501586,65.0,36.494626,127.256286,12,세종특별시
2026-06-16T14:30:20+09:00,GBIKE,130682,99.0,36.494637,127.256262,12,세종특별시
2026-06-16T14:30:20+09:00,GBIKE,131243,72.0,36.494642,127.256335,12,세종특별시
2026-06-16T14:30:20+09:00,GBIKE,130903,52.0,36.494655,127.256097,12,세종특별시
2026-06-16T14:30:20+09:00,GBIKE,131254,95.0,36.494658,127.256332,12,세종특별시
2026-06-16T14:30:20+09:00,GBIKE,501417,79.0,36.494661,127.256317,12,세종특별시
2026-06-16T14:30:20+09:00,GBIKE,130995,58.0,36.494665,127.256291,12,세종특별시
2026-06-16T14:30:20+09:00,GBIKE,131011,36.0,36.494679,127.256332,12,세종특별시
2026-06-16T14:30:20+09:00,GBIKE,130372,69.0,36.49468,127.256327,12,세종특별시
2026-06-16T14:30:20+09:00,GBIKE,131739,61.0,36.494683,127.25427,12,세종특별시
2026-06-16T14:30:20+09:00,GBIKE,501194,91.0,36.494711,127.240526,12,세종특별시
2026-06-16T14:30:20+09:00,GBIKE,501217,38.0,36.494766,127.240634,12,세종특별시
2026-06-16T14:30:20+09:00,GBIKE,501356,84.0,36.494777,127.256501,12,세종특별시
2026-06-16T14:30:20+09:00,GBIKE,131199,35.0,36.494828,127.2573,12,세종특별시
2026-06-16T14:30:20+09:00,GBIKE,501107,89.0,36.49487,127.245033,12,세종특별시
2026-06-16T14:30:20+09:00,GBIKE,130577,38.0,36.49487,127.249096,12,세종특별시
2026-06-16T14:30:20+09:00,GBIKE,501374,30.0,36.494927,127.256106,12,세종특별시
2026-06-16T14:30:20+09:00,GBIKE,501598,32.0,36.494934,127.302339,12,세종특별시
2026-06-16T14:30:20+09:00,GBIKE,131930,92.0,36.495021,127.25371,12,세종특별시
2026-06-16T14:30:20+09:00,GBIKE,501145,42.0,36.495048,127.255465,12,세종특별시
2026-06-16T14:30:20+09:00,GBIKE,130854,86.0,36.495069,127.249018,12,세종특별시
2026-06-16T14:30:20+09:00,GBIKE,131474,52.0,36.495173,127.303035,12,세종특별시
2026-06-16T14:30:20+09:00,GBIKE,131988,92.0,36.495178,127.303024,12,세종특별시
2026-06-16T14:30:20+09:00,GBIKE,501433,76.0,36.495213,127.26507,12,세종특별시
2026-06-16T14:30:20+09:00,GBIKE,131182,92.0,36.495235,127.209446,12,세종특별시
2026-06-16T14:30:20+09:00,GBIKE,131524,31.0,36.49525,127.248991,12,세종특별시
2026-06-16T14:30:20+09:00,GBIKE,130471,86.0,36.495251,127.264676,12,세종특별시
2026-06-16T14:30:20+09:00,GBIKE,131480,30.0,36.49529,127.262811,12,세종특별시
2026-06-16T14:30:20+09:00,GBIKE,130324,100.0,36.49531,127.256854,12,세종특별시
2026-06-16T14:30:20+09:00,GBIKE,501576,30.0,36.495334,127.306984,12,세종특별시
2026-06-16T14:30:20+09:00,GBIKE,501361,30.0,36.495466,127.31759,12,세종특별시
2026-06-16T14:30:20+09:00,GBIKE,501561,73.0,36.495533,127.256989,12,세종특별시
2026-06-16T14:30:20+09:00,GBIKE,131498,38.0,36.495551,127.252031,12,세종특별시
2026-06-16T14:30:20+09:00,GBIKE,131595,93.0,36.495567,127.256927,12,세종특별시
2026-06-16T14:30:20+09:00,GBIKE,130098,30.0,36.495674,127.248733,12,세종특별시
2026-06-16T14:30:20+09:00,GBIKE,131084,67.0,36.495727,127.303454,12,세종특별시
2026-06-16T14:30:20+09:00,GBIKE,130331,47.0,36.495756,127.258549,12,세종특별시
2026-06-16T14:30:20+09:00,GBIKE,130856,30.0,36.495802,127.24777,12,세종특별시
2026-06-16T14:30:20+09:00,GBIKE,130897,86.0,36.495804,127.249315,12,세종특별시
2026-06-16T14:30:20+09:00,GBIKE,130761,30.0,36.495827,127.266232,12,세종특별시
2026-06-16T14:30:20+09:00,GBIKE,131774,36.0,36.495852,127.258545,12,세종특별시
2026-06-16T14:30:20+09:00,GBIKE,501280,66.0,36.495878,127.258653,12,세종특별시
2026-06-16T14:30:20+09:00,GBIKE,131348,35.0,36.495939,127.243504,12,세종특별시
2026-06-16T14:30:20+09:00,GBIKE,131349,30.0,36.495952,127.238705,12,세종특별시
2026-06-16T14:30:20+09:00,GBIKE,131071,64.0,36.495966,127.238882,12,세종특별시
2026-06-16T14:30:20+09:00,GBIKE,501204,91.0,36.49598,127.238804,12,세종특별시
2026-06-16T14:30:20+09:00,GBIKE,131459,49.0,36.495984,127.238737,12,세종특별시
2026-06-16T14:30:20+09:00,GBIKE,130478,36.0,36.495994,127.317594,12,세종특별시
2026-06-16T14:30:20+09:00,GBIKE,501351,50.0,36.496025,127.256693,12,세종특별시
2026-06-16T14:30:20+09:00,GBIKE,130339,32.0,36.496029,127.243233,12,세종특별시
2026-06-16T14:30:20+09:00,GBIKE,130497,95.0,36.496062,127.239087,12,세종특별시
2026-06-16T14:30:20+09:00,GBIKE,501237,64.0,36.496128,127.239301,12,세종특별시
2026-06-16T14:30:20+09:00,GBIKE,130414,67.0,36.496151,127.239235,12,세종특별시
2026-06-16T14:30:20+09:00,GBIKE,501342,30.0,36.496154,127.246868,12,세종특별시
2026-06-16T14:30:20+09:00,GBIKE,501457,100.0,36.496164,127.248989,12,세종특별시
2026-06-16T14:30:20+09:00,GBIKE,501251,30.0,36.496234,127.304699,12,세종특별시
2026-06-16T14:30:20+09:00,GBIKE,130377,34.0,36.496263,127.244713,12,세종특별시
2026-06-16T14:30:20+09:00,GBIKE,130592,91.0,36.496291,127.266263,12,세종특별시
2026-06-16T14:30:20+09:00,GBIKE,130403,90.0,36.496359,127.266269,12,세종특별시
2026-06-16T14:30:20+09:00,GBIKE,130997,87.0,36.496361,127.238735,12,세종특별시
2026-06-16T14:30:20+09:00,GBIKE,501299,53.0,36.496422,127.256678,12,세종특별시
2026-06-16T14:30:20+09:00,GBIKE,130250,63.0,36.496465,127.237508,12,세종특별시
2026-06-16T14:30:20+09:00,GBIKE,130063,79.0,36.496471,127.23747,12,세종특별시
2026-06-16T14:30:20+09:00,GBIKE,130057,48.0,36.4966,127.237297,12,세종특별시
2026-06-16T14:30:20+09:00,GBIKE,130988,44.0,36.496695,127.303876,12,세종특별시
2026-06-16T14:30:20+09:00,GBIKE,131550,30.0,36.496706,127.256264,12,세종특별시
2026-06-16T14:30:20+09:00,GBIKE,131099,91.0,36.496828,127.256932,12,세종특별시
2026-06-16T14:30:20+09:00,GBIKE,130168,90.0,36.497023,127.256111,12,세종특별시
2026-06-16T14:30:20+09:00,GBIKE,501115,62.0,36.497066,127.257194,12,세종특별시
2026-06-16T14:30:20+09:00,GBIKE,130774,31.0,36.497092,127.258659,12,세종특별시
2026-06-16T14:30:20+09:00,GBIKE,130969,39.0,36.497187,127.308307,12,세종특별시
2026-06-16T14:30:20+09:00,GBIKE,501523,90.0,36.497332,127.260731,12,세종특별시
2026-06-16T14:30:20+09:00,GBIKE,130991,38.0,36.497389,127.311243,12,세종특별시
2026-06-16T14:30:20+09:00,GBIKE,131299,34.0,36.497439,127.24907,12,세종특별시
2026-06-16T14:30:20+09:00,GBIKE,131683,100.0,36.497485,127.312754,12,세종특별시
2026-06-16T14:30:20+09:00,GBIKE,501484,74.0,36.497498,127.312092,12,세종특별시
2026-06-16T14:30:20+09:00,GBIKE,501184,62.0,36.497503,127.251916,12,세종특별시
2026-06-16T14:30:20+09:00,GBIKE,501346,39.0,36.497516,127.313891,12,세종특별시
2026-06-16T14:30:20+09:00,GBIKE,131677,53.0,36.497525,127.257131,12,세종특별시
2026-06-16T14:30:20+09:00,GBIKE,131414,31.0,36.49753,127.312081,12,세종특별시
2026-06-16T14:30:20+09:00,GBIKE,130693,89.0,36.49755,127.257137,12,세종특별시
2026-06-16T14:30:20+09:00,GBIKE,131063,51.0,36.497563,127.257059,12,세종특별시
2026-06-16T14:30:20+09:00,GBIKE,131371,34.0,36.497571,127.257104,12,세종특별시
2026-06-16T14:30:20+09:00,GBIKE,131594,53.0,36.497571,127.256137,12,세종특별시
2026-06-16T14:30:20+09:00,GBIKE,130801,61.0,36.497606,127.314297,12,세종특별시
2026-06-16T14:30:20+09:00,GBIKE,130235,97.0,36.497691,127.235268,12,세종특별시
2026-06-16T14:30:20+09:00,GBIKE,131467,30.0,36.497703,127.255778,12,세종특별시
2026-06-16T14:30:20+09:00,GBIKE,501476,100.0,36.497709,127.310671,12,세종특별시
2026-06-16T14:30:20+09:00,GBIKE,130926,100.0,36.497711,127.310662,12,세종특별시
2026-06-16T14:30:20+09:00,GBIKE,130135,49.0,36.497722,127.235608,12,세종특별시
2026-06-16T14:30:20+09:00,GBIKE,131538,95.0,36.497737,127.310668,12,세종특별시
2026-06-16T14:30:20+09:00,GBIKE,131920,100.0,36.497757,127.310705,12,세종특별시
2026-06-16T14:30:20+09:00,GBIKE,131765,30.0,36.497789,127.311533,12,세종특별시
2026-06-16T14:30:20+09:00,GBIKE,131590,43.0,36.497802,127.243249,12,세종특별시
2026-06-16T14:30:20+09:00,GBIKE,130748,53.0,36.497812,127.255733,12,세종특별시
2026-06-16T14:30:20+09:00,GBIKE,130068,80.0,36.49785,127.312001,12,세종특별시
2026-06-16T14:30:20+09:00,GBIKE,131519,74.0,36.497884,127.266985,12,세종특별시
2026-06-16T14:30:20+09:00,GBIKE,131148,96.0,36.497894,127.259289,12,세종특별시
2026-06-16T14:30:20+09:00,GBIKE,130730,86.0,36.497919,127.31247,12,세종특별시
2026-06-16T14:30:20+09:00,GBIKE,130347,92.0,36.497926,127.312248,12,세종특별시
2026-06-16T14:30:20+09:00,GBIKE,131094,92.0,36.497958,127.24163,12,세종특별시
2026-06-16T14:30:20+09:00,GBIKE,131445,30.0,36.497968,127.24073,12,세종특별시
2026-06-16T14:30:20+09:00,GBIKE,131523,41.0,36.497972,127.240737,12,세종특별시
2026-06-16T14:30:20+09:00,GBIKE,130522,82.0,36.498073,127.258545,12,세종특별시
2026-06-16T14:30:20+09:00,GBIKE,501169,68.0,36.498081,127.281174,12,세종특별시
2026-06-16T14:30:20+09:00,GBIKE,131688,52.0,36.498117,127.25823,12,세종특별시
2026-06-16T14:30:20+09:00,GBIKE,130759,48.0,36.498198,127.261252,12,세종특별시
2026-06-16T14:30:20+09:00,GBIKE,130578,97.0,36.498261,127.233272,12,세종특별시
2026-06-16T14:30:20+09:00,GBIKE,131120,71.0,36.498317,127.257742,12,세종특별시
2026-06-16T14:30:20+09:00,GBIKE,130018,89.0,36.498334,127.257697,12,세종특별시
2026-06-16T14:30:20+09:00,GBIKE,130921,71.0,36.498342,127.223548,12,세종특별시
2026-06-16T14:30:20+09:00,GBIKE,131986,86.0,36.498357,127.312814,12,세종특별시
2026-06-16T14:30:20+09:00,GBIKE,130865,52.0,36.498376,127.257471,12,세종특별시
2026-06-16T14:30:20+09:00,GBIKE,130314,45.0,36.498422,127.256053,12,세종특별시
2026-06-16T14:30:20+09:00,GBIKE,130694,30.0,36.498473,127.308381,12,세종특별시
2026-06-16T14:30:20+09:00,GBIKE,131121,88.0,36.498503,127.26579,12,세종특별시
2026-06-16T14:30:20+09:00,GBIKE,130436,77.0,36.498528,127.311472,12,세종특별시
2026-06-16T14:30:20+09:00,GBIKE,131215,83.0,36.498542,127.256118,12,세종특별시
2026-06-16T14:30:20+09:00,GBIKE,501362,87.0,36.49855,127.313487,12,세종특별시
2026-06-16T14:30:20+09:00,GBIKE,131667,93.0,36.498556,127.256182,12,세종특별시
2026-06-16T14:30:20+09:00,GBIKE,501516,99.0,36.498574,127.256239,12,세종특별시
2026-06-16T14:30:20+09:00,GBIKE,130133,98.0,36.49861,127.255604,12,세종특별시
2026-06-16T14:30:20+09:00,GBIKE,130624,91.0,36.498614,127.255664,12,세종특별시
2026-06-16T14:30:20+09:00,GBIKE,131844,63.0,36.49862,127.258021,12,세종특별시
2026-06-16T14:30:20+09:00,GBIKE,130758,76.0,36.498635,127.257991,12,세종특별시
2026-06-16T14:30:20+09:00,GBIKE,131427,84.0,36.498639,127.257983,12,세종특별시
2026-06-16T14:30:20+09:00,GBIKE,131665,100.0,36.49868,127.258094,12,세종특별시
2026-06-16T14:30:20+09:00,GBIKE,501336,95.0,36.498692,127.258002,12,세종특별시
2026-06-16T14:30:20+09:00,GBIKE,130224,78.0,36.498716,127.258083,12,세종특별시
2026-06-16T14:30:20+09:00,GBIKE,130201,58.0,36.498726,127.258108,12,세종특별시
2026-06-16T14:30:20+09:00,GBIKE,501405,63.0,36.498824,127.331761,12,세종특별시
2026-06-16T14:30:20+09:00,GBIKE,336891,44.0,36.498906,127.249625,12,세종특별시
2026-06-16T14:30:20+09:00,GBIKE,131239,60.0,36.498966,127.254896,12,세종특별시
2026-06-16T14:30:20+09:00,GBIKE,130361,88.0,36.498973,127.263672,12,세종특별시
2026-06-16T14:30:20+09:00,GBIKE,130981,46.0,36.498975,127.254505,12,세종특별시
2026-06-16T14:30:20+09:00,GBIKE,501419,97.0,36.499042,127.253298,12,세종특별시
2026-06-16T14:30:20+09:00,GBIKE,131007,81.0,36.499079,127.331884,12,세종특별시
2026-06-16T14:30:20+09:00,GBIKE,130814,94.0,36.499118,127.236069,12,세종특별시
2026-06-16T14:30:20+09:00,GBIKE,131979,45.0,36.499136,127.33188,12,세종특별시
2026-06-16T14:30:20+09:00,GBIKE,616900,56.0,36.499152,127.307621,12,세종특별시
2026-06-16T14:30:20+09:00,GBIKE,501503,93.0,36.499156,127.270096,12,세종특별시
2026-06-16T14:30:20+09:00,GBIKE,501548,39.0,36.499176,127.331822,12,세종특별시
2026-06-16T14:30:20+09:00,GBIKE,130891,57.0,36.499201,127.255008,12,세종특별시
2026-06-16T14:30:20+09:00,GBIKE,130101,89.0,36.499226,127.23667,12,세종특별시
2026-06-16T14:30:20+09:00,GBIKE,501554,87.0,36.499293,127.307611,12,세종특별시
2026-06-16T14:30:20+09:00,GBIKE,131370,35.0,36.499331,127.259627,12,세종특별시
2026-06-16T14:30:20+09:00,GBIKE,130468,98.0,36.499399,127.233715,12,세종특별시
2026-06-16T14:30:20+09:00,GBIKE,130746,33.0,36.499423,127.335911,12,세종특별시
2026-06-16T14:30:20+09:00,GBIKE,130537,100.0,36.499425,127.258619,12,세종특별시
2026-06-16T14:30:20+09:00,GBIKE,130455,31.0,36.499428,127.247161,12,세종특별시
2026-06-16T14:30:20+09:00,GBIKE,131118,61.0,36.499449,127.219208,12,세종특별시
2026-06-16T14:30:20+09:00,GBIKE,131488,53.0,36.49945,127.259351,12,세종특별시
2026-06-16T14:30:20+09:00,GBIKE,501592,40.0,36.499451,127.243038,12,세종특별시
2026-06-16T14:30:20+09:00,GBIKE,131876,34.0,36.499479,127.236376,12,세종특별시
2026-06-16T14:30:20+09:00,GBIKE,131890,83.0,36.499487,127.259114,12,세종특별시
2026-06-16T14:30:20+09:00,GBIKE,131808,47.0,36.499493,127.269616,12,세종특별시
2026-06-16T14:30:20+09:00,GBIKE,131971,94.0,36.499497,127.259098,12,세종특별시
2026-06-16T14:30:20+09:00,GBIKE,131340,100.0,36.499503,127.259209,12,세종특별시
2026-06-16T14:30:20+09:00,GBIKE,130249,78.0,36.499527,127.259109,12,세종특별시
2026-06-16T14:30:20+09:00,GBIKE,131557,51.0,36.499543,127.240749,12,세종특별시
2026-06-16T14:30:20+09:00,GBIKE,374246,30.0,36.499555,127.240646,12,세종특별시
2026-06-16T14:30:20+09:00,GBIKE,131545,31.0,36.499571,127.221001,12,세종특별시
2026-06-16T14:30:20+09:00,GBIKE,130042,62.0,36.499594,127.335337,12,세종특별시
2026-06-16T14:30:20+09:00,GBIKE,130706,65.0,36.499612,127.312586,12,세종특별시
2026-06-16T14:30:20+09:00,GBIKE,501439,95.0,36.499725,127.256105,12,세종특별시
2026-06-16T14:30:20+09:00,GBIKE,501306,74.0,36.49973,127.243018,12,세종특별시
2026-06-16T14:30:20+09:00,GBIKE,131476,54.0,36.499784,127.23195,12,세종특별시
2026-06-16T14:30:20+09:00,GBIKE,131687,64.0,36.499785,127.231948,12,세종특별시
2026-06-16T14:30:20+09:00,GBIKE,131671,96.0,36.499786,127.231932,12,세종특별시
2026-06-16T14:30:20+09:00,GBIKE,130236,97.0,36.499788,127.259239,12,세종특별시
2026-06-16T14:30:20+09:00,GBIKE,131407,86.0,36.499803,127.241741,12,세종특별시
2026-06-16T14:30:20+09:00,GBIKE,501260,53.0,36.499809,127.269731,12,세종특별시
2026-06-16T14:30:20+09:00,GBIKE,130041,97.0,36.499811,127.241926,12,세종특별시
2026-06-16T14:30:20+09:00,GBIKE,130966,66.0,36.499814,127.256301,12,세종특별시
2026-06-16T14:30:20+09:00,GBIKE,501196,86.0,36.499818,127.256321,12,세종특별시
2026-06-16T14:30:20+09:00,GBIKE,130125,95.0,36.499882,127.2321,12,세종특별시
2026-06-16T14:30:20+09:00,GBIKE,131487,81.0,36.499896,127.220624,12,세종특별시
2026-06-16T14:30:20+09:00,GBIKE,130269,84.0,36.499898,127.316809,12,세종특별시
2026-06-16T14:30:20+09:00,GBIKE,130270,46.0,36.499945,127.232125,12,세종특별시
2026-06-16T14:30:20+09:00,GBIKE,130037,97.0,36.49995,127.258957,12,세종특별시
2026-06-16T14:30:20+09:00,GBIKE,131144,81.0,36.499959,127.232383,12,세종특별시
2026-06-16T14:30:20+09:00,GBIKE,131681,31.0,36.499968,127.312463,12,세종특별시
2026-06-16T14:30:20+09:00,GBIKE,131632,44.0,36.499976,127.256457,12,세종특별시
2026-06-16T14:30:20+09:00,GBIKE,131884,40.0,36.500015,127.268049,12,세종특별시
2026-06-16T14:30:20+09:00,GBIKE,130622,97.0,36.500017,127.256407,12,세종특별시
2026-06-16T14:30:20+09:00,GBIKE,131399,46.0,36.50003,127.235581,12,세종특별시
2026-06-16T14:30:20+09:00,GBIKE,131024,95.0,36.500039,127.234741,12,세종특별시
2026-06-16T14:30:20+09:00,GBIKE,337807,51.0,36.500041,127.235431,12,세종특별시
2026-06-16T14:30:20+09:00,GBIKE,131129,61.0,36.500045,127.235587,12,세종특별시
2026-06-16T14:30:20+09:00,GBIKE,131400,92.0,36.500045,127.235595,12,세종특별시
2026-06-16T14:30:20+09:00,GBIKE,131932,72.0,36.500047,127.235634,12,세종특별시
2026-06-16T14:30:20+09:00,GBIKE,130012,58.0,36.500048,127.235866,12,세종특별시
2026-06-16T14:30:20+09:00,GBIKE,130816,95.0,36.500049,127.235557,12,세종특별시
2026-06-16T14:30:20+09:00,GBIKE,130964,64.0,36.500049,127.260267,12,세종특별시
2026-06-16T14:30:20+09:00,GBIKE,130376,62.0,36.500052,127.235579,12,세종특별시
2026-06-16T14:30:20+09:00,GBIKE,501511,85.0,36.500052,127.235584,12,세종특별시
2026-06-16T14:30:20+09:00,GBIKE,130662,51.0,36.500053,127.260215,12,세종특별시
2026-06-16T14:30:20+09:00,GBIKE,131146,88.0,36.500053,127.235602,12,세종특별시
2026-06-16T14:30:20+09:00,GBIKE,131434,52.0,36.500057,127.235654,12,세종특별시
2026-06-16T14:30:20+09:00,GBIKE,130145,98.0,36.500061,127.23561,12,세종특별시
2026-06-16T14:30:20+09:00,GBIKE,130908,77.0,36.500066,127.260297,12,세종특별시
2026-06-16T14:30:20+09:00,GBIKE,130713,84.0,36.500072,127.235597,12,세종특별시
2026-06-16T14:30:20+09:00,GBIKE,130812,58.0,36.500073,127.235606,12,세종특별시
2026-06-16T14:30:20+09:00,GBIKE,131603,95.0,36.500073,127.235654,12,세종특별시
2026-06-16T14:30:20+09:00,GBIKE,130528,78.0,36.500076,127.235546,12,세종특별시
2026-06-16T14:30:20+09:00,GBIKE,131234,39.0,36.500081,127.268528,12,세종특별시
2026-06-16T14:30:20+09:00,GBIKE,501368,41.0,36.500081,127.282288,12,세종특별시
2026-06-16T14:30:20+09:00,GBIKE,131991,30.0,36.50009,127.256355,12,세종특별시
2026-06-16T14:30:20+09:00,GBIKE,131219,94.0,36.500093,127.236007,12,세종특별시
2026-06-16T14:30:20+09:00,GBIKE,130655,37.0,36.500101,127.256171,12,세종특별시
2026-06-16T14:30:20+09:00,GBIKE,131974,77.0,36.50011,127.235488,12,세종특별시
2026-06-16T14:30:20+09:00,GBIKE,130712,100.0,36.500136,127.236051,12,세종특별시
2026-06-16T14:30:20+09:00,GBIKE,130959,79.0,36.500162,127.267728,12,세종특별시
2026-06-16T14:30:20+09:00,GBIKE,131642,58.0,36.500208,127.259871,12,세종특별시
2026-06-16T14:30:20+09:00,GBIKE,131840,51.0,36.500232,127.23599,12,세종특별시
2026-06-16T14:30:20+09:00,GBIKE,130151,88.0,36.500245,127.251977,12,세종특별시
2026-06-16T14:30:20+09:00,GBIKE,130192,48.0,36.500247,127.235999,12,세종특별시
2026-06-16T14:30:20+09:00,GBIKE,131334,95.0,36.500276,127.236053,12,세종특별시
2026-06-16T14:30:20+09:00,GBIKE,501273,99.0,36.50028,127.25201,12,세종특별시
2026-06-16T14:30:20+09:00,GBIKE,131518,65.0,36.500349,127.262145,12,세종특별시
2026-06-16T14:30:20+09:00,GBIKE,130603,60.0,36.500378,127.249787,12,세종특별시
2026-06-16T14:30:20+09:00,GBIKE,130119,100.0,36.500385,127.315965,12,세종특별시
2026-06-16T14:30:20+09:00,GBIKE,130129,33.0,36.5004,127.332333,12,세종특별시
2026-06-16T14:30:20+09:00,GBIKE,131926,79.0,36.500435,127.31671,12,세종특별시
2026-06-16T14:30:20+09:00,GBIKE,501421,73.0,36.50046,127.309747,12,세종특별시
2026-06-16T14:30:20+09:00,GBIKE,131832,30.0,36.500527,127.315829,12,세종특별시
2026-06-16T14:30:20+09:00,GBIKE,501397,100.0,36.500532,127.316218,12,세종특별시
2026-06-16T14:30:20+09:00,GBIKE,131624,46.0,36.500641,127.257941,12,세종특별시
2026-06-16T14:30:20+09:00,GBIKE,131111,85.0,36.500645,127.261257,12,세종특별시
2026-06-16T14:30:20+09:00,GBIKE,131287,67.0,36.500671,127.260698,12,세종특별시
2026-06-16T14:30:20+09:00,GBIKE,131804,86.0,36.500673,127.257894,12,세종특별시
2026-06-16T14:30:20+09:00,GBIKE,501528,100.0,36.500683,127.257846,12,세종특별시
2026-06-16T14:30:20+09:00,GBIKE,130523,81.0,36.500697,127.260679,12,세종특별시
2026-06-16T14:30:20+09:00,GBIKE,131464,59.0,36.500701,127.259207,12,세종특별시
2026-06-16T14:30:20+09:00,GBIKE,501428,72.0,36.500713,127.259784,12,세종특별시
2026-06-16T14:30:20+09:00,GBIKE,130955,82.0,36.500713,127.257722,12,세종특별시
2026-06-16T14:30:20+09:00,GBIKE,130933,45.0,36.500718,127.257823,12,세종특별시
2026-06-16T14:30:20+09:00,GBIKE,130366,49.0,36.500734,127.249968,12,세종특별시
2026-06-16T14:30:20+09:00,GBIKE,130639,65.0,36.500743,127.259839,12,세종특별시
2026-06-16T14:30:20+09:00,GBIKE,130879,40.0,36.500878,127.245147,12,세종특별시
2026-06-16T14:30:20+09:00,GBIKE,130086,42.0,36.500888,127.22199,12,세종특별시
2026-06-16T14:30:20+09:00,GBIKE,501562,84.0,36.500895,127.259368,12,세종특별시
2026-06-16T14:30:20+09:00,GBIKE,501453,59.0,36.500939,127.257172,12,세종특별시
2026-06-16T14:30:20+09:00,GBIKE,130443,45.0,36.500942,127.25939,12,세종특별시
2026-06-16T14:30:20+09:00,GBIKE,130435,93.0,36.500949,127.259379,12,세종특별시
2026-06-16T14:30:20+09:00,GBIKE,130246,100.0,36.500968,127.259396,12,세종특별시
2026-06-16T14:30:20+09:00,GBIKE,501212,30.0,36.500993,127.308386,12,세종특별시
2026-06-16T14:30:20+09:00,GBIKE,130454,96.0,36.500996,127.259827,12,세종특별시
2026-06-16T14:30:20+09:00,GBIKE,131663,53.0,36.501036,127.259382,12,세종특별시
2026-06-16T14:30:20+09:00,GBIKE,131760,100.0,36.501039,127.259451,12,세종특별시
2026-06-16T14:30:20+09:00,GBIKE,130809,31.0,36.501099,127.259451,12,세종특별시
2026-06-16T14:30:20+09:00,GBIKE,501465,84.0,36.501103,127.268821,12,세종특별시
2026-06-16T14:30:20+09:00,GBIKE,501202,31.0,36.501105,127.311117,12,세종특별시
2026-06-16T14:30:20+09:00,GBIKE,130505,50.0,36.501112,127.259499,12,세종특별시
2026-06-16T14:30:20+09:00,GBIKE,130615,49.0,36.501112,127.249974,12,세종특별시
2026-06-16T14:30:20+09:00,GBIKE,130610,68.0,36.501116,127.259406,12,세종특별시
2026-06-16T14:30:20+09:00,GBIKE,131970,93.0,36.501119,127.259381,12,세종특별시
2026-06-16T14:30:20+09:00,GBIKE,131737,76.0,36.501139,127.259737,12,세종특별시
2026-06-16T14:30:20+09:00,GBIKE,501291,71.0,36.50114,127.2583,12,세종특별시
2026-06-16T14:30:20+09:00,GBIKE,130752,36.0,36.50115,127.312036,12,세종특별시
2026-06-16T14:30:20+09:00,GBIKE,130183,59.0,36.501152,127.259465,12,세종특별시
2026-06-16T14:30:20+09:00,GBIKE,501198,63.0,36.501187,127.28022,12,세종특별시
2026-06-16T14:30:20+09:00,GBIKE,130708,39.0,36.501212,127.259622,12,세종특별시
2026-06-16T14:30:20+09:00,GBIKE,130359,94.0,36.501351,127.258308,12,세종특별시
2026-06-16T14:30:20+09:00,GBIKE,501321,63.0,36.501365,127.253887,12,세종특별시
2026-06-16T14:30:20+09:00,GBIKE,130547,100.0,36.5014,127.253828,12,세종특별시
2026-06-16T14:30:20+09:00,GBIKE,130124,83.0,36.501406,127.259844,12,세종특별시
2026-06-16T14:30:20+09:00,GBIKE,131009,36.0,36.501448,127.246,12,세종특별시
2026-06-16T14:30:20+09:00,GBIKE,131960,78.0,36.501451,127.264064,12,세종특별시
2026-06-16T14:30:20+09:00,GBIKE,130654,44.0,36.501455,127.259473,12,세종특별시
2026-06-16T14:30:20+09:00,GBIKE,131705,61.0,36.501457,127.259534,12,세종특별시
2026-06-16T14:30:20+09:00,GBIKE,131630,100.0,36.501488,127.243963,12,세종특별시
2026-06-16T14:30:20+09:00,GBIKE,131351,94.0,36.501503,127.263842,12,세종특별시
2026-06-16T14:30:20+09:00,GBIKE,501122,92.0,36.501503,127.263835,12,세종특별시
2026-06-16T14:30:20+09:00,GBIKE,501467,89.0,36.501511,127.260068,12,세종특별시
2026-06-16T14:30:20+09:00,GBIKE,130479,51.0,36.501577,127.259723,12,세종특별시
2026-06-16T14:30:20+09:00,GBIKE,131342,78.0,36.501592,127.259745,12,세종특별시
2026-06-16T14:30:20+09:00,GBIKE,131684,93.0,36.501616,127.259691,12,세종특별시
2026-06-16T14:30:20+09:00,GBIKE,501441,52.0,36.501618,127.264115,12,세종특별시
2026-06-16T14:30:20+09:00,GBIKE,131512,54.0,36.501628,127.25974,12,세종특별시
2026-06-16T14:30:20+09:00,GBIKE,131381,64.0,36.501636,127.259737,12,세종특별시
2026-06-16T14:30:20+09:00,GBIKE,131532,42.0,36.501659,127.259715,12,세종특별시
2026-06-16T14:30:20+09:00,GBIKE,130795,63.0,36.50167,127.264223,12,세종특별시
2026-06-16T14:30:20+09:00,GBIKE,130409,43.0,36.501673,127.245167,12,세종특별시
2026-06-16T14:30:20+09:00,GBIKE,131473,44.0,36.501687,127.258762,12,세종특별시
2026-06-16T14:30:20+09:00,GBIKE,131806,92.0,36.501689,127.263351,12,세종특별시
2026-06-16T14:30:20+09:00,GBIKE,131169,62.0,36.501692,127.236098,12,세종특별시
2026-06-16T14:30:20+09:00,GBIKE,131873,86.0,36.501711,127.25302,12,세종특별시
2026-06-16T14:30:20+09:00,GBIKE,131417,44.0,36.501712,127.23612,12,세종특별시
2026-06-16T14:30:20+09:00,GBIKE,130283,86.0,36.501733,127.23598,12,세종특별시
2026-06-16T14:30:20+09:00,GBIKE,131748,97.0,36.50174,127.23636,12,세종특별시
2026-06-16T14:30:20+09:00,GBIKE,501290,100.0,36.501743,127.265852,12,세종특별시
2026-06-16T14:30:20+09:00,GBIKE,131343,30.0,36.50175,127.245151,12,세종특별시
2026-06-16T14:30:20+09:00,GBIKE,501545,93.0,36.501751,127.24473,12,세종특별시
2026-06-16T14:30:20+09:00,GBIKE,131794,31.0,36.501755,127.326225,12,세종특별시
2026-06-16T14:30:20+09:00,GBIKE,130951,38.0,36.501768,127.245154,12,세종특별시
2026-06-16T14:30:20+09:00,GBIKE,131857,67.0,36.501786,127.236264,12,세종특별시
2026-06-16T14:30:20+09:00,GBIKE,130019,93.0,36.501811,127.250775,12,세종특별시
2026-06-16T14:30:20+09:00,GBIKE,130284,100.0,36.501836,127.250822,12,세종특별시
2026-06-16T14:30:20+09:00,GBIKE,131315,32.0,36.501843,127.325152,12,세종특별시
2026-06-16T14:30:20+09:00,GBIKE,501480,100.0,36.501865,127.258639,12,세종특별시
2026-06-16T14:30:20+09:00,GBIKE,131408,92.0,36.501886,127.25282,12,세종특별시
2026-06-16T14:30:20+09:00,GBIKE,131906,95.0,36.501894,127.234876,12,세종특별시
2026-06-16T14:30:20+09:00,GBIKE,131380,84.0,36.501911,127.250171,12,세종특별시
2026-06-16T14:30:20+09:00,GBIKE,130164,44.0,36.501953,127.258772,12,세종특별시
2026-06-16T14:30:20+09:00,GBIKE,130736,62.0,36.501954,127.265937,12,세종특별시
2026-06-16T14:30:20+09:00,GBIKE,131064,86.0,36.501966,127.236108,12,세종특별시
2026-06-16T14:30:20+09:00,GBIKE,130410,32.0,36.501977,127.248157,12,세종특별시
2026-06-16T14:30:20+09:00,GBIKE,131668,71.0,36.501981,127.234281,12,세종특별시
2026-06-16T14:30:20+09:00,GBIKE,131810,94.0,36.501983,127.234321,12,세종특별시
2026-06-16T14:30:20+09:00,GBIKE,130092,74.0,36.501985,127.234274,12,세종특별시
2026-06-16T14:30:20+09:00,GBIKE,501163,44.0,36.50199,127.262334,12,세종특별시
2026-06-16T14:30:20+09:00,GBIKE,130486,96.0,36.501995,127.23426,12,세종특별시
2026-06-16T14:30:20+09:00,GBIKE,501436,54.0,36.502,127.262234,12,세종특별시
2026-06-16T14:30:20+09:00,GBIKE,501297,58.0,36.502001,127.241327,12,세종특별시
2026-06-16T14:30:20+09:00,GBIKE,130851,95.0,36.502015,127.234322,12,세종특별시
2026-06-16T14:30:20+09:00,GBIKE,130707,95.0,36.502043,127.234305,12,세종특별시
2026-06-16T14:30:20+09:00,GBIKE,501520,55.0,36.502075,127.242787,12,세종특별시
2026-06-16T14:30:20+09:00,GBIKE,131248,63.0,36.502094,127.236201,12,세종특별시
2026-06-16T14:30:20+09:00,GBIKE,130371,69.0,36.502137,127.247276,12,세종특별시
2026-06-16T14:30:20+09:00,GBIKE,501596,93.0,36.502139,127.247159,12,세종특별시
2026-06-16T14:30:20+09:00,GBIKE,131233,75.0,36.502153,127.25104,12,세종특별시
2026-06-16T14:30:20+09:00,GBIKE,131534,96.0,36.502173,127.247178,12,세종특별시
2026-06-16T14:30:20+09:00,GBIKE,130973,83.0,36.502189,127.26056,12,세종특별시
2026-06-16T14:30:20+09:00,GBIKE,131366,86.0,36.502204,127.260531,12,세종특별시
2026-06-16T14:30:20+09:00,GBIKE,130941,57.0,36.502209,127.260558,12,세종특별시
2026-06-16T14:30:20+09:00,GBIKE,629253,45.0,36.502214,127.248912,12,세종특별시
2026-06-16T14:30:20+09:00,GBIKE,501479,76.0,36.502217,127.261038,12,세종특별시
2026-06-16T14:30:20+09:00,GBIKE,130768,55.0,36.502228,127.260004,12,세종특별시
2026-06-16T14:30:20+09:00,GBIKE,501229,100.0,36.502272,127.261413,12,세종특별시
2026-06-16T14:30:20+09:00,GBIKE,130594,95.0,36.502274,127.249096,12,세종특별시
2026-06-16T14:30:20+09:00,GBIKE,130386,69.0,36.502275,127.260595,12,세종특별시
2026-06-16T14:30:20+09:00,GBIKE,131304,67.0,36.502276,127.248836,12,세종특별시
2026-06-16T14:30:20+09:00,GBIKE,130029,48.0,36.502288,127.257576,12,세종특별시
2026-06-16T14:30:20+09:00,GBIKE,130139,65.0,36.502312,127.249023,12,세종특별시
2026-06-16T14:30:20+09:00,GBIKE,131934,94.0,36.502318,127.249064,12,세종특별시
2026-06-16T14:30:20+09:00,GBIKE,130177,96.0,36.50234,127.26058,12,세종특별시
2026-06-16T14:30:20+09:00,GBIKE,501585,95.0,36.502393,127.250311,12,세종특별시
2026-06-16T14:30:20+09:00,GBIKE,130233,75.0,36.502405,127.239605,12,세종특별시
2026-06-16T14:30:20+09:00,GBIKE,501141,93.0,36.502535,127.249037,12,세종특별시
2026-06-16T14:30:20+09:00,GBIKE,501241,88.0,36.502542,127.248716,12,세종특별시
2026-06-16T14:30:20+09:00,GBIKE,130899,95.0,36.502554,127.25983,12,세종특별시
2026-06-16T14:30:20+09:00,GBIKE,501337,92.0,36.502649,127.238039,12,세종특별시
2026-06-16T14:30:20+09:00,GBIKE,130831,72.0,36.502719,127.263652,12,세종특별시
2026-06-16T14:30:20+09:00,GBIKE,131505,85.0,36.502745,127.263641,12,세종특별시
2026-06-16T14:30:20+09:00,GBIKE,501278,43.0,36.502751,127.263559,12,세종특별시
2026-06-16T14:30:20+09:00,GBIKE,130193,65.0,36.502764,127.260133,12,세종특별시
2026-06-16T14:30:20+09:00,GBIKE,130954,41.0,36.50278,127.263626,12,세종특별시
2026-06-16T14:30:20+09:00,GBIKE,501507,63.0,36.502788,127.232744,12,세종특별시
2026-06-16T14:30:20+09:00,GBIKE,131079,58.0,36.5028,127.26018,12,세종특별시
2026-06-16T14:30:20+09:00,GBIKE,130184,82.0,36.502833,127.257029,12,세종특별시
2026-06-16T14:30:20+09:00,GBIKE,131491,81.0,36.502857,127.232601,12,세종특별시
2026-06-16T14:30:20+09:00,GBIKE,131894,62.0,36.502956,127.232609,12,세종특별시
2026-06-16T14:30:20+09:00,GBIKE,131597,80.0,36.503001,127.237048,12,세종특별시
2026-06-16T14:30:20+09:00,GBIKE,130672,46.0,36.503015,127.232793,12,세종특별시
2026-06-16T14:30:20+09:00,GBIKE,131875,69.0,36.503023,127.334512,12,세종특별시
2026-06-16T14:30:20+09:00,GBIKE,131267,30.0,36.503027,127.334479,12,세종특별시
2026-06-16T14:30:20+09:00,GBIKE,131669,68.0,36.503029,127.334483,12,세종특별시
2026-06-16T14:30:20+09:00,GBIKE,130368,30.0,36.503035,127.334521,12,세종특별시
2026-06-16T14:30:20+09:00,GBIKE,131708,92.0,36.503075,127.232632,12,세종특별시
2026-06-16T14:30:20+09:00,GBIKE,131176,68.0,36.503123,127.275475,12,세종특별시
2026-06-16T14:30:20+09:00,GBIKE,131439,50.0,36.503139,127.25741,12,세종특별시
2026-06-16T14:30:20+09:00,GBIKE,131346,60.0,36.503192,127.33505,12,세종특별시
2026-06-16T14:30:20+09:00,GBIKE,131418,34.0,36.503193,127.246316,12,세종특별시
2026-06-16T14:30:20+09:00,GBIKE,131353,100.0,36.50321,127.335143,12,세종특별시
2026-06-16T14:30:20+09:00,GBIKE,501456,79.0,36.503223,127.334951,12,세종특별시
2026-06-16T14:30:20+09:00,GBIKE,130922,46.0,36.50324,127.223183,12,세종특별시
2026-06-16T14:30:20+09:00,GBIKE,130489,36.0,36.503243,127.33507,12,세종특별시
2026-06-16T14:30:20+09:00,GBIKE,130538,87.0,36.50325,127.232916,12,세종특별시
2026-06-16T14:30:20+09:00,GBIKE,130993,100.0,36.503259,127.334711,12,세종특별시
2026-06-16T14:30:20+09:00,GBIKE,131758,100.0,36.503321,127.249542,12,세종특별시
2026-06-16T14:30:20+09:00,GBIKE,130306,87.0,36.503327,127.240977,12,세종특별시
2026-06-16T14:30:20+09:00,GBIKE,501386,100.0,36.503331,127.249649,12,세종특별시
2026-06-16T14:30:20+09:00,GBIKE,130872,80.0,36.503375,127.240995,12,세종특별시
2026-06-16T14:30:20+09:00,GBIKE,131867,80.0,36.503381,127.240985,12,세종특별시
2026-06-16T14:30:20+09:00,GBIKE,131377,39.0,36.503397,127.260942,12,세종특별시
2026-06-16T14:30:20+09:00,GBIKE,131154,44.0,36.503401,127.265949,12,세종특별시
2026-06-16T14:30:20+09:00,GBIKE,131054,77.0,36.503405,127.249666,12,세종특별시
2026-06-16T14:30:20+09:00,GBIKE,131347,71.0,36.503411,127.265656,12,세종특별시
2026-06-16T14:30:20+09:00,GBIKE,131289,43.0,36.503417,127.249638,12,세종특별시
2026-06-16T14:30:20+09:00,GBIKE,130447,37.0,36.503432,127.249931,12,세종특별시
2026-06-16T14:30:20+09:00,GBIKE,130841,77.0,36.503437,127.265965,12,세종특별시
2026-06-16T14:30:20+09:00,GBIKE,131260,94.0,36.503451,127.249679,12,세종특별시
2026-06-16T14:30:20+09:00,GBIKE,131028,60.0,36.503494,127.240918,12,세종특별시
2026-06-16T14:30:20+09:00,GBIKE,131426,91.0,36.503503,127.249616,12,세종특별시
2026-06-16T14:30:20+09:00,GBIKE,131119,100.0,36.503552,127.334348,12,세종특별시
2026-06-16T14:30:20+09:00,GBIKE,131696,87.0,36.50357,127.240959,12,세종특별시
2026-06-16T14:30:20+09:00,GBIKE,131825,89.0,36.503572,127.240963,12,세종특별시
2026-06-16T14:30:20+09:00,GBIKE,131887,97.0,36.503577,127.235883,12,세종특별시
2026-06-16T14:30:20+09:00,GBIKE,130685,98.0,36.503587,127.269645,12,세종특별시
2026-06-16T14:30:20+09:00,GBIKE,130820,36.0,36.503647,127.246632,12,세종특별시
2026-06-16T14:30:20+09:00,GBIKE,131490,39.0,36.50365,127.266968,12,세종특별시
2026-06-16T14:30:20+09:00,GBIKE,131048,67.0,36.503707,127.247285,12,세종특별시
2026-06-16T14:30:20+09:00,GBIKE,130147,92.0,36.50371,127.261317,12,세종특별시
2026-06-16T14:30:20+09:00,GBIKE,130240,56.0,36.503714,127.237601,12,세종특별시
2026-06-16T14:30:20+09:00,GBIKE,131645,82.0,36.503762,127.263737,12,세종특별시
2026-06-16T14:30:20+09:00,GBIKE,131998,69.0,36.503768,127.250032,12,세종특별시
2026-06-16T14:30:20+09:00,GBIKE,130883,75.0,36.503773,127.261246,12,세종특별시
2026-06-16T14:30:20+09:00,GBIKE,130551,95.0,36.503841,127.246391,12,세종특별시
2026-06-16T14:30:20+09:00,GBIKE,501110,100.0,36.503876,127.261178,12,세종특별시
2026-06-16T14:30:20+09:00,GBIKE,130534,32.0,36.503877,127.261321,12,세종특별시
2026-06-16T14:30:20+09:00,GBIKE,131787,46.0,36.503904,127.261286,12,세종특별시
2026-06-16T14:30:20+09:00,GBIKE,130705,100.0,36.503907,127.250257,12,세종특별시
2026-06-16T14:30:20+09:00,GBIKE,501318,61.0,36.503911,127.26113,12,세종특별시
2026-06-16T14:30:20+09:00,GBIKE,501446,64.0,36.503912,127.261151,12,세종특별시
2026-06-16T14:30:20+09:00,GBIKE,130421,68.0,36.503918,127.241209,12,세종특별시
2026-06-16T14:30:20+09:00,GBIKE,130757,58.0,36.503918,127.261189,12,세종특별시
2026-06-16T14:30:20+09:00,GBIKE,130723,31.0,36.503922,127.271659,12,세종특별시
2026-06-16T14:30:20+09:00,GBIKE,131070,65.0,36.503929,127.261246,12,세종특별시
2026-06-16T14:30:20+09:00,GBIKE,501111,82.0,36.503977,127.245179,12,세종특별시
2026-06-16T14:30:20+09:00,GBIKE,131646,60.0,36.504001,127.249789,12,세종특별시
2026-06-16T14:30:20+09:00,GBIKE,131623,61.0,36.50401,127.263763,12,세종특별시
2026-06-16T14:30:20+09:00,GBIKE,130397,62.0,36.504051,127.264021,12,세종특별시
2026-06-16T14:30:20+09:00,GBIKE,131269,54.0,36.504066,127.240837,12,세종특별시
2026-06-16T14:30:20+09:00,GBIKE,131404,87.0,36.504086,127.263945,12,세종특별시
2026-06-16T14:30:20+09:00,GBIKE,131203,98.0,36.504104,127.261434,12,세종특별시
2026-06-16T14:30:20+09:00,GBIKE,342605,33.0,36.504121,127.235255,12,세종특별시
2026-06-16T14:30:20+09:00,GBIKE,131925,79.0,36.504148,127.244559,12,세종특별시
2026-06-16T14:30:20+09:00,GBIKE,131475,70.0,36.504211,127.235495,12,세종특별시
2026-06-16T14:30:20+09:00,GBIKE,131865,94.0,36.504269,127.234931,12,세종특별시
2026-06-16T14:30:20+09:00,GBIKE,130417,31.0,36.504271,127.244596,12,세종특별시
2026-06-16T14:30:20+09:00,GBIKE,130467,82.0,36.504271,127.234948,12,세종특별시
2026-06-16T14:30:20+09:00,GBIKE,130425,78.0,36.504282,127.250218,12,세종특별시
2026-06-16T14:30:20+09:00,GBIKE,131180,32.0,36.50429,127.264274,12,세종특별시
2026-06-16T14:30:20+09:00,GBIKE,130631,86.0,36.504302,127.23531,12,세종특별시
2026-06-16T14:30:20+09:00,GBIKE,131081,70.0,36.504303,127.235224,12,세종특별시
2026-06-16T14:30:20+09:00,GBIKE,501149,81.0,36.504315,127.235423,12,세종특별시
2026-06-16T14:30:20+09:00,GBIKE,130144,88.0,36.504316,127.235325,12,세종특별시
2026-06-16T14:30:20+09:00,GBIKE,501448,77.0,36.504317,127.235466,12,세종특별시
2026-06-16T14:30:20+09:00,GBIKE,130492,89.0,36.504327,127.235244,12,세종특별시
2026-06-16T14:30:20+09:00,GBIKE,131775,78.0,36.504338,127.23484,12,세종특별시
2026-06-16T14:30:20+09:00,GBIKE,130562,96.0,36.504342,127.235347,12,세종특별시
2026-06-16T14:30:20+09:00,GBIKE,130599,86.0,36.504349,127.235477,12,세종특별시
2026-06-16T14:30:20+09:00,GBIKE,131525,100.0,36.504351,127.235243,12,세종특별시
2026-06-16T14:30:20+09:00,GBIKE,131091,95.0,36.504358,127.235248,12,세종특별시
2026-06-16T14:30:20+09:00,GBIKE,130898,100.0,36.504362,127.235276,12,세종특별시
2026-06-16T14:30:20+09:00,GBIKE,501293,93.0,36.504373,127.261558,12,세종특별시
2026-06-16T14:30:20+09:00,GBIKE,131102,93.0,36.504384,127.261075,12,세종특별시
2026-06-16T14:30:20+09:00,GBIKE,501422,64.0,36.504386,127.261025,12,세종특별시
2026-06-16T14:30:20+09:00,GBIKE,131638,94.0,36.504386,127.235195,12,세종특별시
2026-06-16T14:30:20+09:00,GBIKE,130984,98.0,36.504427,127.261065,12,세종특별시
2026-06-16T14:30:20+09:00,GBIKE,130218,58.0,36.504434,127.234409,12,세종특별시
2026-06-16T14:30:20+09:00,GBIKE,131599,100.0,36.504441,127.26109,12,세종특별시
2026-06-16T14:30:20+09:00,GBIKE,131539,99.0,36.50447,127.24155,12,세종특별시
2026-06-16T14:30:20+09:00,GBIKE,130067,85.0,36.504589,127.235802,12,세종특별시
2026-06-16T14:30:20+09:00,GBIKE,131313,40.0,36.504593,127.261769,12,세종특별시
2026-06-16T14:30:20+09:00,GBIKE,130667,94.0,36.504599,127.235789,12,세종특별시
2026-06-16T14:30:20+09:00,GBIKE,131827,85.0,36.504628,127.260972,12,세종특별시
2026-06-16T14:30:20+09:00,GBIKE,130227,87.0,36.50467,127.234568,12,세종특별시
2026-06-16T14:30:20+09:00,GBIKE,130384,86.0,36.504674,127.271248,12,세종특별시
2026-06-16T14:30:20+09:00,GBIKE,131856,60.0,36.504696,127.236006,12,세종특별시
2026-06-16T14:30:20+09:00,GBIKE,130206,52.0,36.504731,127.250121,12,세종특별시
2026-06-16T14:30:20+09:00,GBIKE,130309,83.0,36.504741,127.234163,12,세종특별시
2026-06-16T14:30:20+09:00,GBIKE,131006,80.0,36.504745,127.234155,12,세종특별시
2026-06-16T14:30:20+09:00,GBIKE,130318,97.0,36.504757,127.23823,12,세종특별시
2026-06-16T14:30:20+09:00,GBIKE,501535,62.0,36.504767,127.248229,12,세종특별시
2026-06-16T14:30:20+09:00,GBIKE,131849,55.0,36.504767,127.234672,12,세종특별시
2026-06-16T14:30:20+09:00,GBIKE,131236,39.0,36.504774,127.274549,12,세종특별시
2026-06-16T14:30:20+09:00,GBIKE,130572,71.0,36.504804,127.234188,12,세종특별시
2026-06-16T14:30:20+09:00,GBIKE,130062,96.0,36.504814,127.261558,12,세종특별시
2026-06-16T14:30:20+09:00,GBIKE,130509,61.0,36.504815,127.26163,12,세종특별시
2026-06-16T14:30:20+09:00,GBIKE,131654,32.0,36.504816,127.261587,12,세종특별시
2026-06-16T14:30:20+09:00,GBIKE,130336,56.0,36.504818,127.261614,12,세종특별시
2026-06-16T14:30:20+09:00,GBIKE,130996,95.0,36.504821,127.236205,12,세종특별시
2026-06-16T14:30:20+09:00,GBIKE,131451,73.0,36.504848,127.261649,12,세종특별시
2026-06-16T14:30:20+09:00,GBIKE,131285,70.0,36.504856,127.236231,12,세종특별시
2026-06-16T14:30:20+09:00,GBIKE,130268,99.0,36.504864,127.236807,12,세종특별시
2026-06-16T14:30:20+09:00,GBIKE,130625,69.0,36.504878,127.261716,12,세종특별시
2026-06-16T14:30:20+09:00,GBIKE,130442,56.0,36.50488,127.250278,12,세종특별시
2026-06-16T14:30:20+09:00,GBIKE,131835,86.0,36.504892,127.269542,12,세종특별시
2026-06-16T14:30:20+09:00,GBIKE,130404,69.0,36.504899,127.233818,12,세종특별시
2026-06-16T14:30:20+09:00,GBIKE,131916,100.0,36.504906,127.247474,12,세종특별시
2026-06-16T14:30:20+09:00,GBIKE,130085,70.0,36.504921,127.247424,12,세종특별시
2026-06-16T14:30:20+09:00,GBIKE,130429,91.0,36.504938,127.243775,12,세종특별시
2026-06-16T14:30:20+09:00,GBIKE,130476,77.0,36.504965,127.269513,12,세종특별시
2026-06-16T14:30:20+09:00,GBIKE,130656,78.0,36.504968,127.261287,12,세종특별시
2026-06-16T14:30:20+09:00,GBIKE,130470,100.0,36.504992,127.261295,12,세종특별시
2026-06-16T14:30:20+09:00,GBIKE,131812,96.0,36.504992,127.242836,12,세종특별시
2026-06-16T14:30:20+09:00,GBIKE,130362,75.0,36.504994,127.245295,12,세종특별시
2026-06-16T14:30:20+09:00,GBIKE,501588,77.0,36.504996,127.247818,12,세종특별시
2026-06-16T14:30:20+09:00,GBIKE,501575,95.0,36.505028,127.246904,12,세종특별시
2026-06-16T14:30:20+09:00,GBIKE,130332,75.0,36.505029,127.234133,12,세종특별시
2026-06-16T14:30:20+09:00,GBIKE,130740,100.0,36.505034,127.234376,12,세종특별시
2026-06-16T14:30:20+09:00,GBIKE,131640,91.0,36.505054,127.243518,12,세종특별시
2026-06-16T14:30:20+09:00,GBIKE,130574,30.0,36.505062,127.248957,12,세종특별시
2026-06-16T14:30:20+09:00,GBIKE,130286,68.0,36.505092,127.243904,12,세종특별시
2026-06-16T14:30:20+09:00,GBIKE,130606,73.0,36.505093,127.243866,12,세종특별시
2026-06-16T14:30:20+09:00,GBIKE,130379,96.0,36.505094,127.241488,12,세종특별시
2026-06-16T14:30:20+09:00,GBIKE,131175,98.0,36.505117,127.25004,12,세종특별시
2026-06-16T14:30:20+09:00,GBIKE,501221,72.0,36.505133,127.260069,12,세종특별시
2026-06-16T14:30:20+09:00,GBIKE,130074,46.0,36.50514,127.272506,12,세종특별시
2026-06-16T14:30:20+09:00,GBIKE,131302,78.0,36.505149,127.249228,12,세종특별시
2026-06-16T14:30:20+09:00,GBIKE,131866,94.0,36.505153,127.275616,12,세종특별시
2026-06-16T14:30:20+09:00,GBIKE,501401,66.0,36.505171,127.247338,12,세종특별시
2026-06-16T14:30:20+09:00,GBIKE,130055,67.0,36.505178,127.275517,12,세종특별시
2026-06-16T14:30:20+09:00,GBIKE,130979,47.0,36.505186,127.232878,12,세종특별시
2026-06-16T14:30:20+09:00,GBIKE,131500,93.0,36.505195,127.236085,12,세종특별시
2026-06-16T14:30:20+09:00,GBIKE,130398,79.0,36.505209,127.24792,12,세종특별시
2026-06-16T14:30:20+09:00,GBIKE,131098,94.0,36.505213,127.275441,12,세종특별시
2026-06-16T14:30:20+09:00,GBIKE,501288,73.0,36.505219,127.258718,12,세종특별시
2026-06-16T14:30:20+09:00,GBIKE,131903,100.0,36.505226,127.275452,12,세종특별시
2026-06-16T14:30:20+09:00,GBIKE,130353,99.0,36.505242,127.232894,12,세종특별시
2026-06-16T14:30:20+09:00,GBIKE,130531,93.0,36.505252,127.249302,12,세종특별시
2026-06-16T14:30:20+09:00,GBIKE,131609,88.0,36.50526,127.233005,12,세종특별시
2026-06-16T14:30:20+09:00,GBIKE,130679,43.0,36.505268,127.243332,12,세종특별시
2026-06-16T14:30:20+09:00,GBIKE,131068,100.0,36.50528,127.243573,12,세종특별시
2026-06-16T14:30:20+09:00,GBIKE,130299,75.0,36.505286,127.261856,12,세종특별시
2026-06-16T14:30:20+09:00,GBIKE,131943,97.0,36.505289,127.243508,12,세종특별시
2026-06-16T14:30:20+09:00,GBIKE,131329,83.0,36.505305,127.261858,12,세종특별시
2026-06-16T14:30:20+09:00,GBIKE,130280,53.0,36.505309,127.243448,12,세종특별시
2026-06-16T14:30:20+09:00,GBIKE,131710,78.0,36.505321,127.243344,12,세종특별시
2026-06-16T14:30:20+09:00,GBIKE,130914,82.0,36.505325,127.261836,12,세종특별시
2026-06-16T14:30:20+09:00,GBIKE,131322,95.0,36.505365,127.23339,12,세종특별시
2026-06-16T14:30:20+09:00,GBIKE,131461,80.0,36.505376,127.2333,12,세종특별시
2026-06-16T14:30:20+09:00,GBIKE,130180,70.0,36.505377,127.235154,12,세종특별시
2026-06-16T14:30:20+09:00,GBIKE,131823,61.0,36.505391,127.264837,12,세종특별시
2026-06-16T14:30:20+09:00,GBIKE,130357,93.0,36.505392,127.239469,12,세종특별시
2026-06-16T14:30:20+09:00,GBIKE,130870,76.0,36.505392,127.241057,12,세종특별시
2026-06-16T14:30:20+09:00,GBIKE,130800,95.0,36.505424,127.233213,12,세종특별시
2026-06-16T14:30:20+09:00,GBIKE,131147,80.0,36.505491,127.23561,12,세종특별시
2026-06-16T14:30:20+09:00,GBIKE,131492,64.0,36.505504,127.234171,12,세종특별시
2026-06-16T14:30:20+09:00,GBIKE,131904,58.0,36.505504,127.235133,12,세종특별시
2026-06-16T14:30:20+09:00,GBIKE,501500,77.0,36.505524,127.26931,12,세종특별시
2026-06-16T14:30:20+09:00,GBIKE,131230,64.0,36.505531,127.235607,12,세종특별시
2026-06-16T14:30:20+09:00,GBIKE,131976,64.0,36.505546,127.248704,12,세종특별시
2026-06-16T14:30:20+09:00,GBIKE,131818,61.0,36.505569,127.235377,12,세종특별시
2026-06-16T14:30:20+09:00,GBIKE,131764,100.0,36.505579,127.235697,12,세종특별시
2026-06-16T14:30:20+09:00,GBIKE,130834,48.0,36.505653,127.233298,12,세종특별시
2026-06-16T14:30:20+09:00,GBIKE,131948,86.0,36.50572,127.235015,12,세종특별시
2026-06-16T14:30:20+09:00,GBIKE,131075,95.0,36.505776,127.233088,12,세종특별시
2026-06-16T14:30:20+09:00,GBIKE,130196,86.0,36.505793,127.233069,12,세종특별시
2026-06-16T14:30:20+09:00,GBIKE,131109,58.0,36.505793,127.233043,12,세종특별시
2026-06-16T14:30:20+09:00,GBIKE,131053,100.0,36.505796,127.23364,12,세종특별시
2026-06-16T14:30:20+09:00,GBIKE,131987,83.0,36.505799,127.233721,12,세종특별시
2026-06-16T14:30:20+09:00,GBIKE,131478,47.0,36.505828,127.265423,12,세종특별시
2026-06-16T14:30:20+09:00,GBIKE,130136,58.0,36.505841,127.234999,12,세종특별시
2026-06-16T14:30:20+09:00,GBIKE,131972,42.0,36.505844,127.253409,12,세종특별시
2026-06-16T14:30:20+09:00,GBIKE,131136,86.0,36.505845,127.234608,12,세종특별시
2026-06-16T14:30:20+09:00,GBIKE,131783,77.0,36.505874,127.235077,12,세종특별시
2026-06-16T14:30:20+09:00,GBIKE,131225,34.0,36.505876,127.250125,12,세종특별시
2026-06-16T14:30:20+09:00,GBIKE,131944,40.0,36.505896,127.265192,12,세종특별시
2026-06-16T14:30:20+09:00,GBIKE,131431,100.0,36.505904,127.249809,12,세종특별시
2026-06-16T14:30:20+09:00,GBIKE,130132,56.0,36.505907,127.23506,12,세종특별시
2026-06-16T14:30:20+09:00,GBIKE,131753,71.0,36.505908,127.235143,12,세종특별시
2026-06-16T14:30:20+09:00,GBIKE,131709,70.0,36.505979,127.237334,12,세종특별시
2026-06-16T14:30:20+09:00,GBIKE,130498,97.0,36.505994,127.267985,12,세종특별시
2026-06-16T14:30:20+09:00,GBIKE,501475,50.0,36.506022,127.23343,12,세종특별시
2026-06-16T14:30:20+09:00,GBIKE,130439,88.0,36.506032,127.234808,12,세종특별시
2026-06-16T14:30:20+09:00,GBIKE,130484,75.0,36.506049,127.234763,12,세종특별시
2026-06-16T14:30:20+09:00,GBIKE,131125,99.0,36.506052,127.233998,12,세종특별시
2026-06-16T14:30:20+09:00,GBIKE,131502,77.0,36.506054,127.234728,12,세종특별시
2026-06-16T14:30:20+09:00,GBIKE,130337,75.0,36.506085,127.23472,12,세종특별시
2026-06-16T14:30:20+09:00,GBIKE,131786,47.0,36.506099,127.234681,12,세종특별시
2026-06-16T14:30:20+09:00,GBIKE,131205,71.0,36.506125,127.272566,12,세종특별시
2026-06-16T14:30:20+09:00,GBIKE,130078,63.0,36.506126,127.234208,12,세종특별시
2026-06-16T14:30:20+09:00,GBIKE,131132,30.0,36.506128,127.33688,12,세종특별시
2026-06-16T14:30:20+09:00,GBIKE,130595,72.0,36.506144,127.244982,12,세종특별시
2026-06-16T14:30:20+09:00,GBIKE,131978,72.0,36.506146,127.234088,12,세종특별시
2026-06-16T14:30:20+09:00,GBIKE,131047,94.0,36.50615,127.272566,12,세종특별시
2026-06-16T14:30:20+09:00,GBIKE,131596,66.0,36.50615,127.233867,12,세종특별시
2026-06-16T14:30:20+09:00,GBIKE,131735,97.0,36.50618,127.234824,12,세종특별시
2026-06-16T14:30:20+09:00,GBIKE,130636,91.0,36.506185,127.234519,12,세종특별시
2026-06-16T14:30:20+09:00,GBIKE,131580,87.0,36.506194,127.234185,12,세종특별시
2026-06-16T14:30:20+09:00,GBIKE,501493,64.0,36.506213,127.249648,12,세종특별시
2026-06-16T14:30:20+09:00,GBIKE,131107,47.0,36.506231,127.263273,12,세종특별시
2026-06-16T14:30:20+09:00,GBIKE,130343,31.0,36.50625,127.272992,12,세종특별시
2026-06-16T14:30:20+09:00,GBIKE,130325,71.0,36.506256,127.234215,12,세종특별시
2026-06-16T14:30:20+09:00,GBIKE,131246,100.0,36.506275,127.234582,12,세종특별시
2026-06-16T14:30:20+09:00,GBIKE,131421,99.0,36.506329,127.234542,12,세종특별시
2026-06-16T14:30:20+09:00,GBIKE,130190,47.0,36.506334,127.234305,12,세종특별시
2026-06-16T14:30:20+09:00,GBIKE,130716,39.0,36.506349,127.237218,12,세종특별시
2026-06-16T14:30:20+09:00,GBIKE,131507,83.0,36.506446,127.234299,12,세종특별시
2026-06-16T14:30:20+09:00,GBIKE,131242,81.0,36.506475,127.234294,12,세종특별시
2026-06-16T14:30:20+09:00,GBIKE,131247,46.0,36.506494,127.269858,12,세종특별시
2026-06-16T14:30:20+09:00,GBIKE,130244,91.0,36.506518,127.262015,12,세종특별시
2026-06-16T14:30:20+09:00,GBIKE,130647,96.0,36.506525,127.234269,12,세종특별시
2026-06-16T14:30:20+09:00,GBIKE,131364,64.0,36.506527,127.234378,12,세종특별시
2026-06-16T14:30:20+09:00,GBIKE,131485,57.0,36.506541,127.234204,12,세종특별시
2026-06-16T14:30:20+09:00,GBIKE,501551,69.0,36.506583,127.25864,12,세종특별시
2026-06-16T14:30:20+09:00,GBIKE,131402,31.0,36.506589,127.258665,12,세종특별시
2026-06-16T14:30:20+09:00,GBIKE,131777,82.0,36.50659,127.263235,12,세종특별시
2026-06-16T14:30:20+09:00,GBIKE,501434,88.0,36.506603,127.26217,12,세종특별시
2026-06-16T14:30:20+09:00,GBIKE,130664,80.0,36.506611,127.236785,12,세종특별시
2026-06-16T14:30:20+09:00,GBIKE,131785,78.0,36.506634,127.236709,12,세종특별시
2026-06-16T14:30:20+09:00,GBIKE,131250,92.0,36.506663,127.232138,12,세종특별시
2026-06-16T14:30:20+09:00,GBIKE,501214,43.0,36.506675,127.2583,12,세종특별시
2026-06-16T14:30:20+09:00,GBIKE,501537,53.0,36.506683,127.263168,12,세종특별시
2026-06-16T14:30:20+09:00,GBIKE,131724,95.0,36.506686,127.259521,12,세종특별시
2026-06-16T14:30:20+09:00,GBIKE,131975,84.0,36.506689,127.232091,12,세종특별시
2026-06-16T14:30:20+09:00,GBIKE,131406,88.0,36.506691,127.232119,12,세종특별시
2026-06-16T14:30:20+09:00,GBIKE,131826,74.0,36.506702,127.258253,12,세종특별시
2026-06-16T14:30:20+09:00,GBIKE,130134,94.0,36.506713,127.258327,12,세종특별시
2026-06-16T14:30:20+09:00,GBIKE,130663,86.0,36.506721,127.232023,12,세종특별시
2026-06-16T14:30:20+09:00,GBIKE,130150,90.0,36.506752,127.265829,12,세종특별시
2026-06-16T14:30:20+09:00,GBIKE,501452,98.0,36.506775,127.245146,12,세종특별시
2026-06-16T14:30:20+09:00,GBIKE,501243,48.0,36.506822,127.258282,12,세종특별시
2026-06-16T14:30:20+09:00,GBIKE,131440,62.0,36.506822,127.232363,12,세종특별시
2026-06-16T14:30:20+09:00,GBIKE,131065,72.0,36.506843,127.261407,12,세종특별시
2026-06-16T14:30:20+09:00,GBIKE,130108,95.0,36.506856,127.261381,12,세종특별시
2026-06-16T14:30:20+09:00,GBIKE,130263,52.0,36.506872,127.270193,12,세종특별시
2026-06-16T14:30:20+09:00,GBIKE,130213,67.0,36.506879,127.270203,12,세종특별시
2026-06-16T14:30:20+09:00,GBIKE,130048,68.0,36.506922,127.259876,12,세종특별시
2026-06-16T14:30:20+09:00,GBIKE,130805,46.0,36.506922,127.259871,12,세종특별시
2026-06-16T14:30:20+09:00,GBIKE,130827,43.0,36.506925,127.259852,12,세종특별시
2026-06-16T14:30:20+09:00,GBIKE,130611,100.0,36.506926,127.25384,12,세종특별시
2026-06-16T14:30:20+09:00,GBIKE,130881,58.0,36.506927,127.254093,12,세종특별시
2026-06-16T14:30:20+09:00,GBIKE,131905,71.0,36.506953,127.262088,12,세종특별시
2026-06-16T14:30:20+09:00,GBIKE,130187,48.0,36.50696,127.262062,12,세종특별시
2026-06-16T14:30:20+09:00,GBIKE,130220,69.0,36.506977,127.261977,12,세종특별시
2026-06-16T14:30:20+09:00,GBIKE,501253,71.0,36.506996,127.262,12,세종특별시
2026-06-16T14:30:20+09:00,GBIKE,131174,62.0,36.507118,127.267625,12,세종특별시
2026-06-16T14:30:20+09:00,GBIKE,131192,100.0,36.507188,127.262061,12,세종특별시
2026-06-16T14:30:20+09:00,GBIKE,131951,84.0,36.507193,127.256678,12,세종특별시
2026-06-16T14:30:20+09:00,GBIKE,130607,75.0,36.507226,127.249997,12,세종특별시
2026-06-16T14:30:20+09:00,GBIKE,130868,79.0,36.507226,127.236616,12,세종특별시
2026-06-16T14:30:20+09:00,GBIKE,131755,67.0,36.507261,127.239366,12,세종특별시
2026-06-16T14:30:20+09:00,GBIKE,131216,58.0,36.507373,127.268962,12,세종특별시
2026-06-16T14:30:20+09:00,GBIKE,130392,87.0,36.50739,127.268932,12,세종특별시
2026-06-16T14:30:20+09:00,GBIKE,501215,64.0,36.507424,127.263119,12,세종특별시
2026-06-16T14:30:20+09:00,GBIKE,130109,86.0,36.507444,127.262036,12,세종특별시
2026-06-16T14:30:20+09:00,GBIKE,501402,93.0,36.507484,127.263087,12,세종특별시
2026-06-16T14:30:20+09:00,GBIKE,501338,62.0,36.507497,127.262019,12,세종특별시
2026-06-16T14:30:20+09:00,GBIKE,130620,85.0,36.507547,127.239106,12,세종특별시
2026-06-16T14:30:20+09:00,GBIKE,130677,92.0,36.50759,127.268174,12,세종특별시
2026-06-16T14:30:20+09:00,GBIKE,131604,94.0,36.507636,127.237115,12,세종특별시
2026-06-16T14:30:20+09:00,GBIKE,131570,72.0,36.507673,127.26903,12,세종특별시
2026-06-16T14:30:20+09:00,GBIKE,131352,56.0,36.507678,127.267609,12,세종특별시
2026-06-16T14:30:20+09:00,GBIKE,130301,57.0,36.507797,127.262415,12,세종특별시
2026-06-16T14:30:20+09:00,GBIKE,131420,93.0,36.507821,127.235182,12,세종특별시
2026-06-16T14:30:20+09:00,GBIKE,131336,74.0,36.507849,127.231185,12,세종특별시
2026-06-16T14:30:20+09:00,GBIKE,131076,90.0,36.507926,127.258782,12,세종특별시
2026-06-16T14:30:20+09:00,GBIKE,130729,60.0,36.507941,127.257511,12,세종특별시
2026-06-16T14:30:20+09:00,GBIKE,130375,68.0,36.507949,127.261482,12,세종특별시
2026-06-16T14:30:20+09:00,GBIKE,341583,38.0,36.507998,127.257881,12,세종특별시
2026-06-16T14:30:20+09:00,GBIKE,501123,100.0,36.508027,127.261316,12,세종특별시
2026-06-16T14:30:20+09:00,GBIKE,131166,100.0,36.508057,127.261409,12,세종특별시
2026-06-16T14:30:20+09:00,GBIKE,131232,100.0,36.508077,127.26148,12,세종특별시
2026-06-16T14:30:20+09:00,GBIKE,130744,55.0,36.508084,127.257233,12,세종특별시
2026-06-16T14:30:20+09:00,GBIKE,501515,81.0,36.508094,127.261352,12,세종특별시
2026-06-16T14:30:20+09:00,GBIKE,131223,81.0,36.508191,127.245495,12,세종특별시
2026-06-16T14:30:20+09:00,GBIKE,131401,86.0,36.508228,127.267432,12,세종특별시
2026-06-16T14:30:20+09:00,GBIKE,131385,42.0,36.508235,127.261357,12,세종특별시
2026-06-16T14:30:20+09:00,GBIKE,131584,91.0,36.508269,127.257648,12,세종특별시
2026-06-16T14:30:20+09:00,GBIKE,130058,81.0,36.508282,127.260253,12,세종특별시
2026-06-16T14:30:20+09:00,GBIKE,131279,45.0,36.508292,127.266999,12,세종특별시
2026-06-16T14:30:20+09:00,GBIKE,501572,87.0,36.508298,127.261452,12,세종특별시
2026-06-16T14:30:20+09:00,GBIKE,131444,77.0,36.508343,127.266835,12,세종특별시
2026-06-16T14:30:20+09:00,GBIKE,130223,70.0,36.508356,127.259485,12,세종특별시
2026-06-16T14:30:20+09:00,GBIKE,130462,55.0,36.508386,127.266661,12,세종특별시
2026-06-16T14:30:20+09:00,GBIKE,130878,90.0,36.508403,127.262584,12,세종특별시
2026-06-16T14:30:20+09:00,GBIKE,130321,89.0,36.508417,127.249705,12,세종특별시
2026-06-16T14:30:20+09:00,GBIKE,131082,86.0,36.508425,127.234877,12,세종특별시
2026-06-16T14:30:20+09:00,GBIKE,501485,98.0,36.508426,127.262568,12,세종특별시
2026-06-16T14:30:20+09:00,GBIKE,130642,33.0,36.508449,127.249718,12,세종특별시
2026-06-16T14:30:20+09:00,GBIKE,130700,95.0,36.508514,127.260238,12,세종특별시
2026-06-16T14:30:20+09:00,GBIKE,130342,48.0,36.508527,127.239099,12,세종특별시
2026-06-16T14:30:20+09:00,GBIKE,130099,46.0,36.508606,127.23915,12,세종특별시
2026-06-16T14:30:20+09:00,GBIKE,501191,71.0,36.508624,127.265701,12,세종특별시
2026-06-16T14:30:20+09:00,GBIKE,131244,69.0,36.508718,127.261805,12,세종특별시
2026-06-16T14:30:20+09:00,GBIKE,130501,65.0,36.508731,127.240181,12,세종특별시
2026-06-16T14:30:20+09:00,GBIKE,131816,43.0,36.508731,127.234403,12,세종특별시
2026-06-16T14:30:20+09:00,GBIKE,130840,92.0,36.508741,127.240205,12,세종특별시
2026-06-16T14:30:20+09:00,GBIKE,131252,30.0,36.508741,127.261763,12,세종특별시
2026-06-16T14:30:20+09:00,GBIKE,130254,93.0,36.50875,127.263526,12,세종특별시
2026-06-16T14:30:20+09:00,GBIKE,130154,45.0,36.508754,127.266213,12,세종특별시
2026-06-16T14:30:20+09:00,GBIKE,131310,85.0,36.508766,127.26351,12,세종특별시
2026-06-16T14:30:20+09:00,GBIKE,131950,72.0,36.508766,127.240213,12,세종특별시
2026-06-16T14:30:20+09:00,GBIKE,131896,70.0,36.508785,127.263609,12,세종특별시
2026-06-16T14:30:20+09:00,GBIKE,131680,74.0,36.5088,127.234394,12,세종특별시
2026-06-16T14:30:20+09:00,GBIKE,130303,94.0,36.50881,127.234348,12,세종특별시
2026-06-16T14:30:20+09:00,GBIKE,131493,96.0,36.508831,127.234365,12,세종특별시
2026-06-16T14:30:20+09:00,GBIKE,131465,96.0,36.508841,127.240534,12,세종특별시
2026-06-16T14:30:20+09:00,GBIKE,130241,72.0,36.508936,127.240393,12,세종특별시
2026-06-16T14:30:20+09:00,GBIKE,130170,75.0,36.508946,127.264336,12,세종특별시
2026-06-16T14:30:20+09:00,GBIKE,131977,38.0,36.508949,127.257193,12,세종특별시
2026-06-16T14:30:20+09:00,GBIKE,131559,78.0,36.508962,127.257185,12,세종특별시
2026-06-16T14:30:20+09:00,GBIKE,131413,71.0,36.50899,127.267512,12,세종특별시
2026-06-16T14:30:20+09:00,GBIKE,130274,55.0,36.509034,127.269633,12,세종특별시
2026-06-16T14:30:20+09:00,GBIKE,130444,58.0,36.509065,127.234144,12,세종특별시
2026-06-16T14:30:20+09:00,GBIKE,131196,68.0,36.509131,127.231905,12,세종특별시
2026-06-16T14:30:20+09:00,GBIKE,501313,83.0,36.509136,127.267482,12,세종특별시
2026-06-16T14:30:20+09:00,GBIKE,131721,70.0,36.509154,127.234104,12,세종특별시
2026-06-16T14:30:20+09:00,GBIKE,131318,37.0,36.509274,127.267012,12,세종특별시
2026-06-16T14:30:20+09:00,GBIKE,130480,80.0,36.50931,127.234003,12,세종특별시
2026-06-16T14:30:20+09:00,GBIKE,131017,68.0,36.509315,127.232345,12,세종특별시
2026-06-16T14:30:20+09:00,GBIKE,130089,94.0,36.509331,127.23227,12,세종특별시
2026-06-16T14:30:20+09:00,GBIKE,131122,93.0,36.50934,127.232295,12,세종특별시
2026-06-16T14:30:20+09:00,GBIKE,130526,76.0,36.50935,127.23228,12,세종특별시
2026-06-16T14:30:20+09:00,GBIKE,131296,74.0,36.509365,127.232496,12,세종특별시
2026-06-16T14:30:20+09:00,GBIKE,131052,98.0,36.509368,127.232503,12,세종특별시
2026-06-16T14:30:20+09:00,GBIKE,131266,95.0,36.509371,127.232392,12,세종특별시
2026-06-16T14:30:20+09:00,GBIKE,130543,65.0,36.509374,127.23242,12,세종특별시
2026-06-16T14:30:20+09:00,GBIKE,131846,59.0,36.509389,127.232506,12,세종특별시
2026-06-16T14:30:20+09:00,GBIKE,130320,92.0,36.50942,127.267868,12,세종특별시
2026-06-16T14:30:20+09:00,GBIKE,130514,63.0,36.509516,127.233059,12,세종특별시
2026-06-16T14:30:20+09:00,GBIKE,130638,100.0,36.509548,127.233071,12,세종특별시
2026-06-16T14:30:20+09:00,GBIKE,130348,35.0,36.509553,127.259172,12,세종특별시
2026-06-16T14:30:20+09:00,GBIKE,130535,75.0,36.509553,127.233122,12,세종특별시
2026-06-16T14:30:20+09:00,GBIKE,130634,96.0,36.509585,127.233608,12,세종특별시
2026-06-16T14:30:20+09:00,GBIKE,131935,95.0,36.509585,127.233645,12,세종특별시
2026-06-16T14:30:20+09:00,GBIKE,130311,81.0,36.509592,127.233606,12,세종특별시
2026-06-16T14:30:20+09:00,GBIKE,130036,60.0,36.509636,127.249711,12,세종특별시
2026-06-16T14:30:20+09:00,GBIKE,130919,56.0,36.50964,127.241536,12,세종특별시
2026-06-16T14:30:20+09:00,GBIKE,131780,74.0,36.50965,127.233622,12,세종특별시
2026-06-16T14:30:20+09:00,GBIKE,130760,64.0,36.509667,127.233954,12,세종특별시
2026-06-16T14:30:20+09:00,GBIKE,130219,77.0,36.509683,127.241563,12,세종특별시
2026-06-16T14:30:20+09:00,GBIKE,131938,82.0,36.50969,127.261349,12,세종특별시
2026-06-16T14:30:20+09:00,GBIKE,130130,59.0,36.509716,127.233641,12,세종특별시
2026-06-16T14:30:20+09:00,GBIKE,130502,87.0,36.509728,127.22917,12,세종특별시
2026-06-16T14:30:20+09:00,GBIKE,131375,46.0,36.509735,127.249673,12,세종특별시
2026-06-16T14:30:20+09:00,GBIKE,131574,59.0,36.509742,127.233797,12,세종특별시
2026-06-16T14:30:20+09:00,GBIKE,130552,32.0,36.509748,127.260119,12,세종특별시
2026-06-16T14:30:20+09:00,GBIKE,131277,59.0,36.509752,127.246294,12,세종특별시
2026-06-16T14:30:20+09:00,GBIKE,130304,39.0,36.509759,127.246172,12,세종특별시
2026-06-16T14:30:20+09:00,GBIKE,131608,68.0,36.509764,127.267414,12,세종특별시
2026-06-16T14:30:20+09:00,GBIKE,501451,100.0,36.509769,127.233847,12,세종특별시
2026-06-16T14:30:20+09:00,GBIKE,130456,50.0,36.509806,127.233827,12,세종특별시
2026-06-16T14:30:20+09:00,GBIKE,501584,94.0,36.509815,127.267699,12,세종특별시
2026-06-16T14:30:20+09:00,GBIKE,130971,79.0,36.509832,127.233804,12,세종특별시
2026-06-16T14:30:20+09:00,GBIKE,130527,62.0,36.509886,127.246254,12,세종특별시
2026-06-16T14:30:20+09:00,GBIKE,501478,58.0,36.509937,127.233817,12,세종특별시
2026-06-16T14:30:20+09:00,GBIKE,501155,60.0,36.510003,127.267587,12,세종특별시
2026-06-16T14:30:20+09:00,GBIKE,130825,79.0,36.510015,127.267222,12,세종특별시
2026-06-16T14:30:20+09:00,GBIKE,501271,56.0,36.510039,127.246173,12,세종특별시
2026-06-16T14:30:20+09:00,GBIKE,130046,69.0,36.51004,127.267657,12,세종특별시
2026-06-16T14:30:20+09:00,GBIKE,501262,56.0,36.510041,127.233793,12,세종특별시
2026-06-16T14:30:20+09:00,GBIKE,131140,72.0,36.510061,127.264123,12,세종특별시
2026-06-16T14:30:20+09:00,GBIKE,130446,45.0,36.510131,127.246165,12,세종특별시
2026-06-16T14:30:20+09:00,GBIKE,130915,35.0,36.510131,127.267627,12,세종특별시
2026-06-16T14:30:20+09:00,GBIKE,131797,99.0,36.510146,127.246052,12,세종특별시
2026-06-16T14:30:20+09:00,GBIKE,131458,95.0,36.510235,127.267488,12,세종특별시
2026-06-16T14:30:20+09:00,GBIKE,131830,94.0,36.510402,127.231492,12,세종특별시
2026-06-16T14:30:20+09:00,GBIKE,131900,76.0,36.510402,127.233986,12,세종특별시
2026-06-16T14:30:20+09:00,GBIKE,501360,91.0,36.510454,127.241195,12,세종특별시
2026-06-16T14:30:20+09:00,GBIKE,130064,54.0,36.510462,127.231882,12,세종특별시
2026-06-16T14:30:20+09:00,GBIKE,131273,50.0,36.510472,127.231751,12,세종특별시
2026-06-16T14:30:20+09:00,GBIKE,131909,95.0,36.510492,127.250172,12,세종특별시
2026-06-16T14:30:20+09:00,GBIKE,130049,49.0,36.510497,127.231571,12,세종특별시
2026-06-16T14:30:20+09:00,GBIKE,131060,52.0,36.510502,127.24133,12,세종특별시
2026-06-16T14:30:20+09:00,GBIKE,131959,48.0,36.510509,127.23179,12,세종특별시
2026-06-16T14:30:20+09:00,GBIKE,130253,86.0,36.510522,127.241336,12,세종특별시
2026-06-16T14:30:20+09:00,GBIKE,131863,71.0,36.510523,127.232047,12,세종특별시
2026-06-16T14:30:20+09:00,GBIKE,131194,66.0,36.510524,127.2315,12,세종특별시
2026-06-16T14:30:20+09:00,GBIKE,131360,98.0,36.510525,127.241316,12,세종특별시
2026-06-16T14:30:20+09:00,GBIKE,130066,36.0,36.510536,127.244187,12,세종특별시
2026-06-16T14:30:20+09:00,GBIKE,130593,94.0,36.510537,127.26273,12,세종특별시
2026-06-16T14:30:20+09:00,GBIKE,130174,78.0,36.510541,127.230824,12,세종특별시
2026-06-16T14:30:20+09:00,GBIKE,130022,94.0,36.510542,127.241352,12,세종특별시
2026-06-16T14:30:20+09:00,GBIKE,130146,88.0,36.510547,127.241611,12,세종특별시
2026-06-16T14:30:20+09:00,GBIKE,130195,77.0,36.510557,127.230811,12,세종특별시
2026-06-16T14:30:20+09:00,GBIKE,612778,63.0,36.51058,127.246234,12,세종특별시
2026-06-16T14:30:20+09:00,GBIKE,131620,82.0,36.51058,127.241317,12,세종특별시
2026-06-16T14:30:20+09:00,GBIKE,130747,80.0,36.510582,127.232417,12,세종특별시
2026-06-16T14:30:20+09:00,GBIKE,501178,85.0,36.510586,127.241302,12,세종특별시
2026-06-16T14:30:20+09:00,GBIKE,130579,81.0,36.510602,127.231288,12,세종특별시
2026-06-16T14:30:20+09:00,GBIKE,131864,70.0,36.510611,127.238994,12,세종특별시
2026-06-16T14:30:20+09:00,GBIKE,130453,92.0,36.510614,127.260341,12,세종특별시
2026-06-16T14:30:20+09:00,GBIKE,131272,63.0,36.510651,127.239269,12,세종특별시
2026-06-16T14:30:20+09:00,GBIKE,131589,70.0,36.51066,127.232074,12,세종특별시
2026-06-16T14:30:20+09:00,GBIKE,130835,68.0,36.510672,127.232036,12,세종특별시
2026-06-16T14:30:20+09:00,GBIKE,501322,80.0,36.510673,127.260643,12,세종특별시
2026-06-16T14:30:20+09:00,GBIKE,130756,71.0,36.510691,127.239816,12,세종특별시
2026-06-16T14:30:20+09:00,GBIKE,130077,79.0,36.510699,127.239787,12,세종특별시
2026-06-16T14:30:20+09:00,GBIKE,131220,65.0,36.510705,127.261503,12,세종특별시
2026-06-16T14:30:20+09:00,GBIKE,131016,99.0,36.510725,127.233721,12,세종특별시
2026-06-16T14:30:20+09:00,GBIKE,131699,95.0,36.510731,127.246469,12,세종특별시
2026-06-16T14:30:20+09:00,GBIKE,131314,98.0,36.510739,127.231612,12,세종특별시
2026-06-16T14:30:20+09:00,GBIKE,131902,67.0,36.510744,127.242465,12,세종특별시
2026-06-16T14:30:20+09:00,GBIKE,130739,42.0,36.510768,127.231779,12,세종특별시
2026-06-16T14:30:20+09:00,GBIKE,130106,81.0,36.510791,127.23173,12,세종특별시
2026-06-16T14:30:20+09:00,GBIKE,130024,99.0,36.510802,127.242911,12,세종특별시
2026-06-16T14:30:20+09:00,GBIKE,501147,60.0,36.510814,127.239723,12,세종특별시
2026-06-16T14:30:20+09:00,GBIKE,130248,100.0,36.510816,127.233689,12,세종특별시
2026-06-16T14:30:20+09:00,GBIKE,358176,42.0,36.510821,127.243048,12,세종특별시
2026-06-16T14:30:20+09:00,GBIKE,131268,83.0,36.510822,127.233739,12,세종특별시
2026-06-16T14:30:20+09:00,GBIKE,359456,34.0,36.510831,127.23251,12,세종특별시
2026-06-16T14:30:20+09:00,GBIKE,130550,57.0,36.51084,127.244568,12,세종특별시
2026-06-16T14:30:20+09:00,GBIKE,130378,77.0,36.510842,127.235982,12,세종특별시
2026-06-16T14:30:20+09:00,GBIKE,131344,46.0,36.510852,127.232463,12,세종특별시
2026-06-16T14:30:20+09:00,GBIKE,130807,100.0,36.510853,127.232516,12,세종특별시
2026-06-16T14:30:20+09:00,GBIKE,130107,79.0,36.510867,127.232854,12,세종특별시
2026-06-16T14:30:20+09:00,GBIKE,130765,48.0,36.510867,127.231487,12,세종특별시
2026-06-16T14:30:20+09:00,GBIKE,130826,70.0,36.510869,127.239552,12,세종특별시
2026-06-16T14:30:20+09:00,GBIKE,131691,55.0,36.51087,127.24104,12,세종특별시
2026-06-16T14:30:20+09:00,GBIKE,130791,78.0,36.510873,127.232934,12,세종특별시
2026-06-16T14:30:20+09:00,GBIKE,130549,65.0,36.510874,127.233941,12,세종특별시
2026-06-16T14:30:20+09:00,GBIKE,131722,79.0,36.510874,127.231647,12,세종특별시
2026-06-16T14:30:20+09:00,GBIKE,130632,97.0,36.510883,127.233181,12,세종특별시
2026-06-16T14:30:20+09:00,GBIKE,130025,95.0,36.510889,127.232915,12,세종특별시
2026-06-16T14:30:20+09:00,GBIKE,130553,57.0,36.51089,127.241055,12,세종특별시
2026-06-16T14:30:20+09:00,GBIKE,130504,95.0,36.510891,127.233552,12,세종특별시
2026-06-16T14:30:20+09:00,GBIKE,131731,95.0,36.510891,127.232935,12,세종특별시
2026-06-16T14:30:20+09:00,GBIKE,130053,46.0,36.510915,127.232386,12,세종특별시
2026-06-16T14:30:20+09:00,GBIKE,501536,71.0,36.510921,127.255686,12,세종특별시
2026-06-16T14:30:20+09:00,GBIKE,131922,44.0,36.510922,127.241746,12,세종특별시
2026-06-16T14:30:20+09:00,GBIKE,501542,56.0,36.510925,127.266919,12,세종특별시
2026-06-16T14:30:20+09:00,GBIKE,130496,66.0,36.51094,127.23296,12,세종특별시
2026-06-16T14:30:20+09:00,GBIKE,130848,72.0,36.51098,127.239607,12,세종특별시
2026-06-16T14:30:20+09:00,GBIKE,131773,80.0,36.510987,127.239589,12,세종특별시
2026-06-16T14:30:20+09:00,GBIKE,130277,97.0,36.511042,127.23335,12,세종특별시
2026-06-16T14:30:20+09:00,GBIKE,131013,59.0,36.511046,127.23227,12,세종특별시
2026-06-16T14:30:20+09:00,GBIKE,131833,81.0,36.511059,127.233259,12,세종특별시
2026-06-16T14:30:20+09:00,GBIKE,130070,77.0,36.511078,127.23321,12,세종특별시
2026-06-16T14:30:20+09:00,GBIKE,131704,65.0,36.511098,127.241279,12,세종특별시
2026-06-16T14:30:20+09:00,GBIKE,130849,88.0,36.51115,127.23959,12,세종특별시
2026-06-16T14:30:20+09:00,GBIKE,131341,93.0,36.511153,127.248089,12,세종특별시
2026-06-16T14:30:20+09:00,GBIKE,130449,83.0,36.51118,127.247998,12,세종특별시
2026-06-16T14:30:20+09:00,GBIKE,130385,50.0,36.511194,127.23358,12,세종특별시
2026-06-16T14:30:20+09:00,GBIKE,501116,97.0,36.511205,127.233638,12,세종특별시
2026-06-16T14:30:20+09:00,GBIKE,130345,86.0,36.511206,127.240051,12,세종특별시
2026-06-16T14:30:20+09:00,GBIKE,130515,97.0,36.511208,127.236412,12,세종특별시
2026-06-16T14:30:20+09:00,GBIKE,131419,95.0,36.511212,127.240139,12,세종특별시
2026-06-16T14:30:20+09:00,GBIKE,131339,97.0,36.511224,127.248147,12,세종특별시
2026-06-16T14:30:20+09:00,GBIKE,130709,75.0,36.511225,127.246262,12,세종특별시
2026-06-16T14:30:20+09:00,GBIKE,130938,97.0,36.511227,127.233596,12,세종특별시
2026-06-16T14:30:20+09:00,GBIKE,131325,69.0,36.511228,127.233579,12,세종특별시
2026-06-16T14:30:20+09:00,GBIKE,130808,55.0,36.511238,127.241293,12,세종특별시
2026-06-16T14:30:20+09:00,GBIKE,130181,70.0,36.511252,127.249207,12,세종특별시
2026-06-16T14:30:20+09:00,GBIKE,131460,74.0,36.511306,127.248608,12,세종특별시
2026-06-16T14:30:20+09:00,GBIKE,131177,99.0,36.511315,127.24015,12,세종특별시
2026-06-16T14:30:20+09:00,GBIKE,131855,66.0,36.511318,127.233399,12,세종특별시
2026-06-16T14:30:20+09:00,GBIKE,501424,64.0,36.511369,127.24426,12,세종특별시
2026-06-16T14:30:20+09:00,GBIKE,130431,85.0,36.511395,127.251815,12,세종특별시
2026-06-16T14:30:20+09:00,GBIKE,131831,100.0,36.511418,127.240855,12,세종특별시
2026-06-16T14:30:20+09:00,GBIKE,501193,50.0,36.511463,127.24167,12,세종특별시
2026-06-16T14:30:20+09:00,GBIKE,130082,57.0,36.511464,127.241684,12,세종특별시
2026-06-16T14:30:20+09:00,GBIKE,501569,72.0,36.511499,127.250667,12,세종특별시
2026-06-16T14:30:20+09:00,GBIKE,130203,100.0,36.511511,127.250196,12,세종특별시
2026-06-16T14:30:20+09:00,GBIKE,130829,80.0,36.511522,127.22972,12,세종특별시
2026-06-16T14:30:20+09:00,GBIKE,501525,59.0,36.511562,127.250489,12,세종특별시
2026-06-16T14:30:20+09:00,GBIKE,501117,63.0,36.511574,127.248709,12,세종특별시
2026-06-16T14:30:20+09:00,GBIKE,130581,71.0,36.51159,127.259755,12,세종특별시
2026-06-16T14:30:20+09:00,GBIKE,501249,40.0,36.51159,127.248734,12,세종특별시
2026-06-16T14:30:20+09:00,GBIKE,131050,84.0,36.5116,127.246206,12,세종특별시
2026-06-16T14:30:20+09:00,GBIKE,130559,87.0,36.511638,127.248684,12,세종특별시
2026-06-16T14:30:20+09:00,GBIKE,130704,71.0,36.511644,127.248017,12,세종특별시
2026-06-16T14:30:20+09:00,GBIKE,131224,51.0,36.511646,127.239648,12,세종특별시
2026-06-16T14:30:20+09:00,GBIKE,131848,74.0,36.511647,127.250783,12,세종특별시
2026-06-16T14:30:20+09:00,GBIKE,131390,63.0,36.511651,127.239932,12,세종특별시
2026-06-16T14:30:20+09:00,GBIKE,130666,67.0,36.511655,127.229755,12,세종특별시
2026-06-16T14:30:20+09:00,GBIKE,131945,85.0,36.511665,127.247091,12,세종특별시
2026-06-16T14:30:20+09:00,GBIKE,131689,46.0,36.511671,127.247134,12,세종특별시
2026-06-16T14:30:20+09:00,GBIKE,332266,50.0,36.511675,127.246423,12,세종특별시
2026-06-16T14:30:20+09:00,GBIKE,130461,95.0,36.511681,127.247113,12,세종특별시
2026-06-16T14:30:20+09:00,GBIKE,501233,66.0,36.511681,127.240789,12,세종특별시
2026-06-16T14:30:20+09:00,GBIKE,131123,87.0,36.511688,127.248839,12,세종특별시
2026-06-16T14:30:20+09:00,GBIKE,501461,94.0,36.511694,127.249512,12,세종특별시
2026-06-16T14:30:20+09:00,GBIKE,131117,84.0,36.511698,127.241626,12,세종특별시
2026-06-16T14:30:20+09:00,GBIKE,501403,82.0,36.511708,127.240751,12,세종특별시
2026-06-16T14:30:20+09:00,GBIKE,358190,51.0,36.511708,127.246433,12,세종특별시
2026-06-16T14:30:20+09:00,GBIKE,131130,55.0,36.511723,127.247124,12,세종특별시
2026-06-16T14:30:20+09:00,GBIKE,130247,73.0,36.511725,127.244032,12,세종특별시
2026-06-16T14:30:20+09:00,GBIKE,501294,79.0,36.511727,127.241706,12,세종특별시
2026-06-16T14:30:20+09:00,GBIKE,501301,56.0,36.511744,127.229841,12,세종특별시
2026-06-16T14:30:20+09:00,GBIKE,501213,42.0,36.511746,127.249042,12,세종특별시
2026-06-16T14:30:20+09:00,GBIKE,131442,31.0,36.511758,127.241627,12,세종특별시
2026-06-16T14:30:20+09:00,GBIKE,501583,100.0,36.511764,127.241625,12,세종특별시
2026-06-16T14:30:20+09:00,GBIKE,131479,56.0,36.511771,127.241631,12,세종특별시
2026-06-16T14:30:20+09:00,GBIKE,501192,84.0,36.511774,127.250386,12,세종특별시
2026-06-16T14:30:20+09:00,GBIKE,131338,95.0,36.511779,127.248666,12,세종특별시
2026-06-16T14:30:20+09:00,GBIKE,130563,59.0,36.511879,127.241028,12,세종특별시
2026-06-16T14:30:20+09:00,GBIKE,501101,87.0,36.51189,127.240434,12,세종특별시
2026-06-16T14:30:20+09:00,GBIKE,131921,99.0,36.511894,127.241808,12,세종특별시
2026-06-16T14:30:20+09:00,GBIKE,130292,87.0,36.511914,127.242176,12,세종특별시
2026-06-16T14:30:20+09:00,GBIKE,501565,94.0,36.511916,127.245581,12,세종특별시
2026-06-16T14:30:20+09:00,GBIKE,501235,77.0,36.51193,127.245166,12,세종특별시
2026-06-16T14:30:20+09:00,GBIKE,501359,59.0,36.511934,127.240907,12,세종특별시
2026-06-16T14:30:20+09:00,GBIKE,501168,100.0,36.511935,127.242009,12,세종특별시
2026-06-16T14:30:20+09:00,GBIKE,501257,85.0,36.511941,127.259525,12,세종특별시
2026-06-16T14:30:20+09:00,GBIKE,130717,95.0,36.511945,127.227259,12,세종특별시
2026-06-16T14:30:20+09:00,GBIKE,130188,62.0,36.511959,127.227594,12,세종특별시
2026-06-16T14:30:20+09:00,GBIKE,501200,77.0,36.511974,127.247878,12,세종특별시
2026-06-16T14:30:20+09:00,GBIKE,130683,93.0,36.51201,127.243976,12,세종특별시
2026-06-16T14:30:20+09:00,GBIKE,501429,47.0,36.512025,127.24396,12,세종특별시
2026-06-16T14:30:20+09:00,GBIKE,501333,94.0,36.512028,127.243006,12,세종특별시
2026-06-16T14:30:20+09:00,GBIKE,501352,87.0,36.512032,127.243896,12,세종특별시
2026-06-16T14:30:20+09:00,GBIKE,130772,31.0,36.512037,127.243949,12,세종특별시
2026-06-16T14:30:20+09:00,GBIKE,501347,100.0,36.512049,127.244426,12,세종특별시
2026-06-16T14:30:20+09:00,GBIKE,130905,88.0,36.51205,127.243027,12,세종특별시
2026-06-16T14:30:20+09:00,GBIKE,131152,87.0,36.512055,127.242609,12,세종특별시
2026-06-16T14:30:20+09:00,GBIKE,131159,65.0,36.512055,127.24302,12,세종특별시
2026-06-16T14:30:20+09:00,GBIKE,501242,93.0,36.51208,127.247064,12,세종특별시
2026-06-16T14:30:20+09:00,GBIKE,130818,66.0,36.512082,127.248052,12,세종특별시
2026-06-16T14:30:20+09:00,GBIKE,130676,87.0,36.512099,127.24293,12,세종특별시
2026-06-16T14:30:20+09:00,GBIKE,131386,90.0,36.512099,127.247668,12,세종특별시
2026-06-16T14:30:20+09:00,GBIKE,501274,66.0,36.512105,127.241207,12,세종특별시
2026-06-16T14:30:20+09:00,GBIKE,501331,41.0,36.512112,127.241843,12,세종특별시
2026-06-16T14:30:20+09:00,GBIKE,130974,64.0,36.512121,127.242205,12,세종특별시
2026-06-16T14:30:20+09:00,GBIKE,501247,57.0,36.512136,127.259215,12,세종특별시
2026-06-16T14:30:20+09:00,GBIKE,501393,77.0,36.512144,127.241687,12,세종특별시
2026-06-16T14:30:20+09:00,GBIKE,131085,39.0,36.512146,127.248156,12,세종특별시
2026-06-16T14:30:20+09:00,GBIKE,130558,65.0,36.512157,127.241266,12,세종특별시
2026-06-16T14:30:20+09:00,GBIKE,501496,92.0,36.512162,127.248051,12,세종특별시
2026-06-16T14:30:20+09:00,GBIKE,131882,100.0,36.512162,127.241276,12,세종특별시
2026-06-16T14:30:20+09:00,GBIKE,130327,92.0,36.512167,127.241862,12,세종특별시
2026-06-16T14:30:20+09:00,GBIKE,130432,89.0,36.512167,127.243598,12,세종특별시
2026-06-16T14:30:20+09:00,GBIKE,130732,100.0,36.512174,127.241303,12,세종특별시
2026-06-16T14:30:20+09:00,GBIKE,131020,100.0,36.512177,127.239632,12,세종특별시
2026-06-16T14:30:20+09:00,GBIKE,501560,85.0,36.51222,127.248145,12,세종특별시
2026-06-16T14:30:20+09:00,GBIKE,130182,95.0,36.512226,127.244529,12,세종특별시
2026-06-16T14:30:20+09:00,GBIKE,501539,100.0,36.512244,127.247958,12,세종특별시
2026-06-16T14:30:20+09:00,GBIKE,501272,49.0,36.512275,127.259404,12,세종특별시
2026-06-16T14:30:20+09:00,GBIKE,130539,69.0,36.512278,127.242495,12,세종특별시
2026-06-16T14:30:20+09:00,GBIKE,130460,46.0,36.512297,127.243532,12,세종특별시
2026-06-16T14:30:20+09:00,GBIKE,501486,60.0,36.512304,127.243558,12,세종특별시
2026-06-16T14:30:20+09:00,GBIKE,131963,77.0,36.512348,127.239948,12,세종특별시
2026-06-16T14:30:20+09:00,GBIKE,131468,49.0,36.512368,127.258195,12,세종특별시
2026-06-16T14:30:20+09:00,GBIKE,131901,98.0,36.512388,127.239924,12,세종특별시
2026-06-16T14:30:20+09:00,GBIKE,130076,50.0,36.512389,127.241638,12,세종특별시
2026-06-16T14:30:20+09:00,GBIKE,130788,36.0,36.512398,127.249886,12,세종특별시
2026-06-16T14:30:20+09:00,GBIKE,131306,77.0,36.512399,127.241611,12,세종특별시
2026-06-16T14:30:20+09:00,GBIKE,130918,87.0,36.512412,127.241313,12,세종특별시
2026-06-16T14:30:20+09:00,GBIKE,501490,85.0,36.512425,127.25826,12,세종특별시
2026-06-16T14:30:20+09:00,GBIKE,131412,31.0,36.512433,127.258567,12,세종특별시
2026-06-16T14:30:20+09:00,GBIKE,130495,56.0,36.512436,127.243594,12,세종특별시
2026-06-16T14:30:20+09:00,GBIKE,130100,86.0,36.512468,127.23994,12,세종특별시
2026-06-16T14:30:20+09:00,GBIKE,501255,63.0,36.512501,127.246958,12,세종특별시
2026-06-16T14:30:20+09:00,GBIKE,130986,56.0,36.512523,127.246545,12,세종특별시
2026-06-16T14:30:20+09:00,GBIKE,130614,85.0,36.512531,127.246835,12,세종특별시
2026-06-16T14:30:20+09:00,GBIKE,130275,94.0,36.512533,127.246252,12,세종특별시
2026-06-16T14:30:20+09:00,GBIKE,130158,94.0,36.512538,127.245955,12,세종특별시
2026-06-16T14:30:20+09:00,GBIKE,501144,90.0,36.512585,127.245914,12,세종특별시
2026-06-16T14:30:20+09:00,GBIKE,130054,67.0,36.512612,127.246751,12,세종특별시
2026-06-16T14:30:20+09:00,GBIKE,501571,100.0,36.512612,127.246256,12,세종특별시
2026-06-16T14:30:20+09:00,GBIKE,131369,53.0,36.512614,127.245981,12,세종특별시
2026-06-16T14:30:20+09:00,GBIKE,130231,64.0,36.512625,127.246397,12,세종특별시
2026-06-16T14:30:20+09:00,GBIKE,130031,40.0,36.51263,127.245873,12,세종특별시
2026-06-16T14:30:20+09:00,GBIKE,131188,67.0,36.512638,127.246213,12,세종특별시
2026-06-16T14:30:20+09:00,GBIKE,131163,40.0,36.512758,127.228657,12,세종특별시
2026-06-16T14:30:20+09:00,GBIKE,501445,88.0,36.512763,127.259275,12,세종특별시
2026-06-16T14:30:20+09:00,GBIKE,501455,90.0,36.512771,127.259217,12,세종특별시
2026-06-16T14:30:20+09:00,GBIKE,501558,38.0,36.512777,127.243456,12,세종특별시
2026-06-16T14:30:20+09:00,GBIKE,130597,56.0,36.512785,127.241019,12,세종특별시
2026-06-16T14:30:20+09:00,GBIKE,130423,84.0,36.512794,127.241925,12,세종특별시
2026-06-16T14:30:20+09:00,GBIKE,501238,59.0,36.512821,127.243447,12,세종특별시
2026-06-16T14:30:20+09:00,GBIKE,130987,95.0,36.512833,127.23311,12,세종특별시
2026-06-16T14:30:20+09:00,GBIKE,130792,54.0,36.512844,127.261859,12,세종특별시
2026-06-16T14:30:20+09:00,GBIKE,131452,68.0,36.512878,127.233127,12,세종특별시
2026-06-16T14:30:20+09:00,GBIKE,131895,61.0,36.512882,127.243323,12,세종특별시
2026-06-16T14:30:20+09:00,GBIKE,501124,79.0,36.512908,127.243094,12,세종특별시
2026-06-16T14:30:20+09:00,GBIKE,131368,83.0,36.51294,127.243314,12,세종특별시
2026-06-16T14:30:20+09:00,GBIKE,131240,96.0,36.512951,127.259635,12,세종특별시
2026-06-16T14:30:20+09:00,GBIKE,131655,54.0,36.513042,127.26483,12,세종특별시
2026-06-16T14:30:20+09:00,GBIKE,130681,99.0,36.513052,127.241355,12,세종특별시
2026-06-16T14:30:20+09:00,GBIKE,131697,58.0,36.51319,127.22967,12,세종특별시
2026-06-16T14:30:20+09:00,GBIKE,131627,33.0,36.513248,127.262909,12,세종특별시
2026-06-16T14:30:20+09:00,GBIKE,131913,94.0,36.513251,127.24336,12,세종특별시
2026-06-16T14:30:20+09:00,GBIKE,501267,72.0,36.513444,127.241764,12,세종특별시
2026-06-16T14:30:20+09:00,GBIKE,501118,42.0,36.513478,127.264287,12,세종특별시
2026-06-16T14:30:20+09:00,GBIKE,131706,44.0,36.513481,127.263887,12,세종특별시
2026-06-16T14:30:20+09:00,GBIKE,130450,96.0,36.513483,127.241647,12,세종특별시
2026-06-16T14:30:20+09:00,GBIKE,130576,95.0,36.51349,127.232964,12,세종특별시
2026-06-16T14:30:20+09:00,GBIKE,501544,86.0,36.513498,127.255655,12,세종특별시
2026-06-16T14:30:20+09:00,GBIKE,130115,50.0,36.51352,127.232875,12,세종특별시
2026-06-16T14:30:20+09:00,GBIKE,131237,73.0,36.51352,127.241673,12,세종특별시
2026-06-16T14:30:20+09:00,GBIKE,130975,60.0,36.513528,127.233277,12,세종특별시
2026-06-16T14:30:20+09:00,GBIKE,501190,56.0,36.513541,127.266337,12,세종특별시
2026-06-16T14:30:20+09:00,GBIKE,131554,81.0,36.513573,127.24166,12,세종특별시
2026-06-16T14:30:20+09:00,GBIKE,130728,89.0,36.513593,127.233242,12,세종특별시
2026-06-16T14:30:20+09:00,GBIKE,131637,79.0,36.513594,127.258953,12,세종특별시
2026-06-16T14:30:20+09:00,GBIKE,130777,33.0,36.513597,127.266614,12,세종특별시
2026-06-16T14:30:20+09:00,GBIKE,130608,86.0,36.513601,127.259056,12,세종특별시
2026-06-16T14:30:20+09:00,GBIKE,131673,100.0,36.513616,127.259046,12,세종특별시
2026-06-16T14:30:20+09:00,GBIKE,130651,95.0,36.513622,127.258988,12,세종특별시
2026-06-16T14:30:20+09:00,GBIKE,131520,54.0,36.513626,127.259139,12,세종특별시
2026-06-16T14:30:20+09:00,GBIKE,131061,78.0,36.513629,127.245814,12,세종특별시
2026-06-16T14:30:20+09:00,GBIKE,131585,91.0,36.513632,127.23323,12,세종특별시
2026-06-16T14:30:20+09:00,GBIKE,130678,93.0,36.513637,127.259385,12,세종특별시
2026-06-16T14:30:20+09:00,GBIKE,131829,97.0,36.513644,127.259046,12,세종특별시
2026-06-16T14:30:20+09:00,GBIKE,131389,31.0,36.513654,127.257766,12,세종특별시
2026-06-16T14:30:20+09:00,GBIKE,131251,81.0,36.513655,127.245277,12,세종특별시
2026-06-16T14:30:20+09:00,GBIKE,501541,100.0,36.513663,127.243449,12,세종특별시
2026-06-16T14:30:20+09:00,GBIKE,501292,52.0,36.513673,127.245735,12,세종특별시
2026-06-16T14:30:20+09:00,GBIKE,130793,46.0,36.513705,127.257632,12,세종특별시
2026-06-16T14:30:20+09:00,GBIKE,131297,44.0,36.513717,127.245763,12,세종특별시
2026-06-16T14:30:20+09:00,GBIKE,131743,95.0,36.513742,127.265637,12,세종특별시
2026-06-16T14:30:20+09:00,GBIKE,131355,80.0,36.513767,127.258932,12,세종특별시
2026-06-16T14:30:20+09:00,GBIKE,131885,46.0,36.513784,127.259507,12,세종특별시
2026-06-16T14:30:20+09:00,GBIKE,130458,45.0,36.51379,127.260667,12,세종특별시
2026-06-16T14:30:20+09:00,GBIKE,130162,69.0,36.513796,127.260834,12,세종특별시
2026-06-16T14:30:20+09:00,GBIKE,131388,40.0,36.513801,127.259486,12,세종특별시
2026-06-16T14:30:20+09:00,GBIKE,501379,55.0,36.513831,127.246657,12,세종특별시
2026-06-16T14:30:20+09:00,GBIKE,131535,50.0,36.513846,127.258807,12,세종특별시
2026-06-16T14:30:20+09:00,GBIKE,130273,71.0,36.513855,127.259029,12,세종특별시
2026-06-16T14:30:20+09:00,GBIKE,130474,92.0,36.513873,127.228899,12,세종특별시
2026-06-16T14:30:20+09:00,GBIKE,130648,54.0,36.513885,127.258816,12,세종특별시
2026-06-16T14:30:20+09:00,GBIKE,131323,51.0,36.513909,127.243312,12,세종특별시
2026-06-16T14:30:20+09:00,GBIKE,130855,41.0,36.513919,127.243358,12,세종특별시
2026-06-16T14:30:20+09:00,GBIKE,130771,55.0,36.513923,127.259369,12,세종특별시
2026-06-16T14:30:20+09:00,GBIKE,131606,98.0,36.513925,127.228888,12,세종특별시
2026-06-16T14:30:20+09:00,GBIKE,130419,95.0,36.513998,127.258997,12,세종특별시
2026-06-16T14:30:20+09:00,GBIKE,130256,93.0,36.51403,127.245732,12,세종특별시
2026-06-16T14:30:20+09:00,GBIKE,130699,46.0,36.514083,127.245717,12,세종특별시
2026-06-16T14:30:20+09:00,GBIKE,501335,49.0,36.514137,127.245872,12,세종특별시
2026-06-16T14:30:20+09:00,GBIKE,130510,82.0,36.514155,127.2595,12,세종특별시
2026-06-16T14:30:20+09:00,GBIKE,131674,71.0,36.51416,127.25935,12,세종특별시
2026-06-16T14:30:20+09:00,GBIKE,131320,95.0,36.514165,127.259294,12,세종특별시
2026-06-16T14:30:20+09:00,GBIKE,131288,56.0,36.514186,127.259204,12,세종특별시
2026-06-16T14:30:20+09:00,GBIKE,131809,57.0,36.51422,127.259377,12,세종특별시
2026-06-16T14:30:20+09:00,GBIKE,501531,79.0,36.51428,127.25898,12,세종특별시
2026-06-16T14:30:20+09:00,GBIKE,130433,72.0,36.514316,127.232889,12,세종특별시
2026-06-16T14:30:20+09:00,GBIKE,131228,32.0,36.514324,127.259361,12,세종특별시
2026-06-16T14:30:20+09:00,GBIKE,130251,80.0,36.514407,127.259261,12,세종특별시
2026-06-16T14:30:20+09:00,GBIKE,131499,41.0,36.514477,127.259313,12,세종특별시
2026-06-16T14:30:20+09:00,GBIKE,130189,85.0,36.514485,127.259271,12,세종특별시
2026-06-16T14:30:20+09:00,GBIKE,131151,87.0,36.514526,127.232109,12,세종특별시
2026-06-16T14:30:20+09:00,GBIKE,130346,52.0,36.514529,127.232065,12,세종특별시
2026-06-16T14:30:20+09:00,GBIKE,130778,58.0,36.514615,127.228648,12,세종특별시
2026-06-16T14:30:20+09:00,GBIKE,130912,82.0,36.51465,127.245604,12,세종특별시
2026-06-16T14:30:20+09:00,GBIKE,130255,67.0,36.51466,127.259379,12,세종특별시
2026-06-16T14:30:20+09:00,GBIKE,130329,41.0,36.514675,127.258831,12,세종특별시
2026-06-16T14:30:20+09:00,GBIKE,131892,30.0,36.514681,127.245594,12,세종특별시
2026-06-16T14:30:20+09:00,GBIKE,130128,44.0,36.514685,127.259205,12,세종특별시
2026-06-16T14:30:20+09:00,GBIKE,131253,55.0,36.514692,127.258839,12,세종특별시
2026-06-16T14:30:20+09:00,GBIKE,501166,99.0,36.514695,127.259149,12,세종특별시
2026-06-16T14:30:20+09:00,GBIKE,131757,57.0,36.514709,127.262811,12,세종특별시
2026-06-16T14:30:20+09:00,GBIKE,131262,36.0,36.514714,127.262862,12,세종특별시
2026-06-16T14:30:20+09:00,GBIKE,130382,99.0,36.514745,127.262818,12,세종특별시
2026-06-16T14:30:20+09:00,GBIKE,131781,80.0,36.514745,127.258759,12,세종특별시
2026-06-16T14:30:20+09:00,GBIKE,130021,80.0,36.514746,127.262828,12,세종특별시
2026-06-16T14:30:20+09:00,GBIKE,130939,71.0,36.514754,127.259211,12,세종특별시
2026-06-16T14:30:20+09:00,GBIKE,131912,93.0,36.514755,127.259172,12,세종특별시
2026-06-16T14:30:20+09:00,GBIKE,130198,87.0,36.514768,127.262844,12,세종특별시
2026-06-16T14:30:20+09:00,GBIKE,131734,90.0,36.514768,127.258848,12,세종특별시
2026-06-16T14:30:20+09:00,GBIKE,131981,66.0,36.514769,127.258569,12,세종특별시
2026-06-16T14:30:20+09:00,GBIKE,131212,95.0,36.514775,127.259197,12,세종특별시
2026-06-16T14:30:20+09:00,GBIKE,131178,53.0,36.514784,127.26284,12,세종특별시
2026-06-16T14:30:20+09:00,GBIKE,130466,86.0,36.514801,127.259248,12,세종특별시
2026-06-16T14:30:20+09:00,GBIKE,130832,81.0,36.514804,127.255259,12,세종특별시
2026-06-16T14:30:20+09:00,GBIKE,130877,99.0,36.514812,127.25913,12,세종특별시
2026-06-16T14:30:20+09:00,GBIKE,130295,47.0,36.514828,127.259225,12,세종특별시
2026-06-16T14:30:20+09:00,GBIKE,130963,97.0,36.514832,127.228719,12,세종특별시
2026-06-16T14:30:20+09:00,GBIKE,130483,57.0,36.514871,127.228833,12,세종특별시
2026-06-16T14:30:20+09:00,GBIKE,131191,61.0,36.514874,127.23176,12,세종특별시
2026-06-16T14:30:20+09:00,GBIKE,501497,78.0,36.514879,127.256586,12,세종특별시
2026-06-16T14:30:20+09:00,GBIKE,130659,75.0,36.51489,127.257658,12,세종특별시
2026-06-16T14:30:20+09:00,GBIKE,130734,80.0,36.514896,127.257871,12,세종특별시
2026-06-16T14:30:20+09:00,GBIKE,131618,70.0,36.514896,127.262515,12,세종특별시
2026-06-16T14:30:20+09:00,GBIKE,131113,86.0,36.514897,127.259188,12,세종특별시
2026-06-16T14:30:20+09:00,GBIKE,131155,41.0,36.514902,127.256694,12,세종특별시
2026-06-16T14:30:20+09:00,GBIKE,131670,43.0,36.514903,127.259197,12,세종특별시
2026-06-16T14:30:20+09:00,GBIKE,131457,83.0,36.514905,127.259199,12,세종특별시
2026-06-16T14:30:20+09:00,GBIKE,131622,45.0,36.514922,127.257909,12,세종특별시
2026-06-16T14:30:20+09:00,GBIKE,130420,83.0,36.51493,127.259176,12,세종특별시
2026-06-16T14:30:20+09:00,GBIKE,131073,39.0,36.514931,127.259469,12,세종특별시
2026-06-16T14:30:20+09:00,GBIKE,131790,78.0,36.514933,127.259143,12,세종특별시
2026-06-16T14:30:20+09:00,GBIKE,130725,95.0,36.514958,127.233102,12,세종특별시
2026-06-16T14:30:20+09:00,GBIKE,131720,55.0,36.514965,127.255813,12,세종특별시
2026-06-16T14:30:20+09:00,GBIKE,131508,76.0,36.514979,127.264447,12,세종특별시
2026-06-16T14:30:20+09:00,GBIKE,131197,95.0,36.515001,127.262514,12,세종특별시
2026-06-16T14:30:20+09:00,GBIKE,130217,100.0,36.515014,127.229046,12,세종특별시
2026-06-16T14:30:20+09:00,GBIKE,130156,96.0,36.515015,127.245715,12,세종특별시
2026-06-16T14:30:20+09:00,GBIKE,501256,60.0,36.515047,127.245525,12,세종특별시
2026-06-16T14:30:20+09:00,GBIKE,130530,55.0,36.515147,127.266109,12,세종특별시
2026-06-16T14:30:20+09:00,GBIKE,130322,62.0,36.515155,127.228897,12,세종특별시
2026-06-16T14:30:20+09:00,GBIKE,130859,37.0,36.51516,127.258756,12,세종특별시
2026-06-16T14:30:20+09:00,GBIKE,130491,45.0,36.515193,127.262584,12,세종특별시
2026-06-16T14:30:20+09:00,GBIKE,130629,100.0,36.515197,127.240327,12,세종특별시
2026-06-16T14:30:20+09:00,GBIKE,131784,43.0,36.515213,127.258726,12,세종특별시
2026-06-16T14:30:20+09:00,GBIKE,131477,77.0,36.51544,127.258749,12,세종특별시
2026-06-16T14:30:20+09:00,GBIKE,130513,72.0,36.51549,127.257988,12,세종특별시
2026-06-16T14:30:20+09:00,GBIKE,131631,72.0,36.51551,127.255847,12,세종특별시
2026-06-16T14:30:20+09:00,GBIKE,130935,67.0,36.51552,127.23326,12,세종특별시
2026-06-16T14:30:20+09:00,GBIKE,131100,45.0,36.515693,127.245696,12,세종특별시
2026-06-16T14:30:20+09:00,GBIKE,131933,63.0,36.515767,127.228086,12,세종특별시
2026-06-16T14:30:20+09:00,GBIKE,130073,52.0,36.51577,127.26549,12,세종특별시
2026-06-16T14:30:20+09:00,GBIKE,131581,90.0,36.515786,127.26548,12,세종특별시
2026-06-16T14:30:20+09:00,GBIKE,130051,43.0,36.5158,127.255842,12,세종특별시
2026-06-16T14:30:20+09:00,GBIKE,130917,79.0,36.515817,127.245443,12,세종특별시
2026-06-16T14:30:20+09:00,GBIKE,131561,71.0,36.515847,127.265486,12,세종특별시
2026-06-16T14:30:20+09:00,GBIKE,130323,49.0,36.51585,127.265438,12,세종특별시
2026-06-16T14:30:20+09:00,GBIKE,501423,71.0,36.515869,127.250268,12,세종특별시
2026-06-16T14:30:20+09:00,GBIKE,130852,78.0,36.515897,127.26585,12,세종특별시
2026-06-16T14:30:20+09:00,GBIKE,131918,90.0,36.515905,127.264457,12,세종특별시
2026-06-16T14:30:20+09:00,GBIKE,131074,100.0,36.515934,127.264528,12,세종특별시
2026-06-16T14:30:20+09:00,GBIKE,501505,78.0,36.515934,127.239522,12,세종특별시
2026-06-16T14:30:20+09:00,GBIKE,131382,39.0,36.515941,127.2645,12,세종특별시
2026-06-16T14:30:20+09:00,GBIKE,131586,44.0,36.515949,127.261636,12,세종특별시
2026-06-16T14:30:20+09:00,GBIKE,131354,100.0,36.515976,127.241393,12,세종특별시
2026-06-16T14:30:20+09:00,GBIKE,501444,43.0,36.515984,127.241213,12,세종특별시
2026-06-16T14:30:20+09:00,GBIKE,131422,42.0,36.516007,127.261697,12,세종특별시
2026-06-16T14:30:20+09:00,GBIKE,130485,89.0,36.516025,127.233923,12,세종특별시
2026-06-16T14:30:20+09:00,GBIKE,131576,86.0,36.516045,127.245394,12,세종특별시
2026-06-16T14:30:20+09:00,GBIKE,501279,100.0,36.516057,127.228106,12,세종특별시
2026-06-16T14:30:20+09:00,GBIKE,130406,94.0,36.516145,127.262878,12,세종특별시
2026-06-16T14:30:20+09:00,GBIKE,130521,79.0,36.516156,127.262259,12,세종특별시
2026-06-16T14:30:20+09:00,GBIKE,131613,44.0,36.516193,127.262919,12,세종특별시
2026-06-16T14:30:20+09:00,GBIKE,130770,91.0,36.516225,127.26234,12,세종특별시
2026-06-16T14:30:20+09:00,GBIKE,131929,90.0,36.516236,127.24564,12,세종특별시
2026-06-16T14:30:20+09:00,GBIKE,130895,54.0,36.516265,127.260891,12,세종특별시
2026-06-16T14:30:20+09:00,GBIKE,501254,56.0,36.516294,127.228201,12,세종특별시
2026-06-16T14:30:20+09:00,GBIKE,130645,31.0,36.516343,127.258714,12,세종특별시
2026-06-16T14:30:20+09:00,GBIKE,131209,79.0,36.516349,127.259281,12,세종특별시
2026-06-16T14:30:20+09:00,GBIKE,130056,48.0,36.516357,127.262397,12,세종특별시
2026-06-16T14:30:20+09:00,GBIKE,130719,76.0,36.516406,127.241453,12,세종특별시
2026-06-16T14:30:20+09:00,GBIKE,130722,71.0,36.516407,127.241438,12,세종특별시
2026-06-16T14:30:20+09:00,GBIKE,130630,88.0,36.516413,127.241441,12,세종특별시
2026-06-16T14:30:20+09:00,GBIKE,501594,57.0,36.516442,127.24451,12,세종특별시
2026-06-16T14:30:20+09:00,GBIKE,131161,42.0,36.516455,127.241443,12,세종특별시
2026-06-16T14:30:20+09:00,GBIKE,130947,48.0,36.516459,127.241456,12,세종특별시
2026-06-16T14:30:20+09:00,GBIKE,131822,50.0,36.516471,127.251624,12,세종특별시
2026-06-16T14:30:20+09:00,GBIKE,501327,76.0,36.516524,127.255758,12,세종특별시
2026-06-16T14:30:20+09:00,GBIKE,131530,98.0,36.516593,127.228755,12,세종특별시
2026-06-16T14:30:20+09:00,GBIKE,130490,98.0,36.516618,127.231961,12,세종특별시
2026-06-16T14:30:20+09:00,GBIKE,130767,100.0,36.516647,127.228444,12,세종특별시
2026-06-16T14:30:20+09:00,GBIKE,131572,47.0,36.516698,127.259093,12,세종특별시
2026-06-16T14:30:20+09:00,GBIKE,131012,98.0,36.51673,127.228999,12,세종특별시
2026-06-16T14:30:20+09:00,GBIKE,131372,98.0,36.516731,127.236927,12,세종특별시
2026-06-16T14:30:20+09:00,GBIKE,131769,86.0,36.516776,127.265237,12,세종특별시
2026-06-16T14:30:20+09:00,GBIKE,130580,60.0,36.516791,127.25614,12,세종특별시
2026-06-16T14:30:20+09:00,GBIKE,130262,98.0,36.516949,127.236179,12,세종특별시
2026-06-16T14:30:20+09:00,GBIKE,131292,77.0,36.516974,127.259285,12,세종특별시
2026-06-16T14:30:20+09:00,GBIKE,131821,76.0,36.517053,127.239725,12,세종특별시
2026-06-16T14:30:20+09:00,GBIKE,130542,86.0,36.517056,127.231144,12,세종특별시
2026-06-16T14:30:20+09:00,GBIKE,130159,85.0,36.517091,127.228827,12,세종특별시
2026-06-16T14:30:20+09:00,GBIKE,130817,75.0,36.517176,127.231311,12,세종특별시
2026-06-16T14:30:20+09:00,GBIKE,131432,89.0,36.517233,127.264706,12,세종특별시
2026-06-16T14:30:20+09:00,GBIKE,130804,100.0,36.517255,127.241359,12,세종특별시
2026-06-16T14:30:20+09:00,GBIKE,131615,56.0,36.517266,127.241474,12,세종특별시
2026-06-16T14:30:20+09:00,GBIKE,130976,82.0,36.517345,127.240608,12,세종특별시
2026-06-16T14:30:20+09:00,GBIKE,131363,40.0,36.517354,127.245489,12,세종특별시
2026-06-16T14:30:20+09:00,GBIKE,358231,30.0,36.51742,127.23707,12,세종특별시
2026-06-16T14:30:20+09:00,GBIKE,131711,78.0,36.517544,127.264914,12,세종특별시
2026-06-16T14:30:20+09:00,GBIKE,131672,46.0,36.517551,127.241097,12,세종특별시
2026-06-16T14:30:20+09:00,GBIKE,501589,47.0,36.51774,127.23031,12,세종특별시
2026-06-16T14:30:20+09:00,GBIKE,131116,80.0,36.517782,127.236981,12,세종특별시
2026-06-16T14:30:20+09:00,GBIKE,130112,98.0,36.517799,127.239727,12,세종특별시
2026-06-16T14:30:20+09:00,GBIKE,501530,60.0,36.517885,127.239967,12,세종특별시
2026-06-16T14:30:20+09:00,GBIKE,131036,98.0,36.517903,127.234642,12,세종특별시
2026-06-16T14:30:20+09:00,GBIKE,131181,94.0,36.517937,127.232422,12,세종특별시
2026-06-16T14:30:20+09:00,GBIKE,501119,78.0,36.51795,127.229442,12,세종특별시
2026-06-16T14:30:20+09:00,GBIKE,131967,33.0,36.518022,127.252004,12,세종특별시
2026-06-16T14:30:20+09:00,GBIKE,130424,70.0,36.518032,127.232281,12,세종특별시
2026-06-16T14:30:20+09:00,GBIKE,501153,91.0,36.518043,127.251997,12,세종특별시
2026-06-16T14:30:20+09:00,GBIKE,131105,93.0,36.518124,127.233863,12,세종특별시
2026-06-16T14:30:20+09:00,GBIKE,131124,57.0,36.518129,127.234566,12,세종특별시
2026-06-16T14:30:20+09:00,GBIKE,131996,45.0,36.518159,127.232709,12,세종특별시
2026-06-16T14:30:20+09:00,GBIKE,131466,94.0,36.518227,127.263366,12,세종특별시
2026-06-16T14:30:20+09:00,GBIKE,131078,72.0,36.518253,127.234167,12,세종특별시
2026-06-16T14:30:20+09:00,GBIKE,130784,49.0,36.518259,127.234842,12,세종특별시
2026-06-16T14:30:20+09:00,GBIKE,130696,79.0,36.518274,127.263538,12,세종특별시
2026-06-16T14:30:20+09:00,GBIKE,131740,56.0,36.518373,127.263766,12,세종특별시
2026-06-16T14:30:20+09:00,GBIKE,130623,48.0,36.518374,127.231804,12,세종특별시
2026-06-16T14:30:20+09:00,GBIKE,130911,53.0,36.518431,127.261986,12,세종특별시
2026-06-16T14:30:20+09:00,GBIKE,130416,97.0,36.518448,127.232636,12,세종특별시
2026-06-16T14:30:20+09:00,GBIKE,131792,52.0,36.518514,127.256862,12,세종특별시
2026-06-16T14:30:20+09:00,GBIKE,131968,45.0,36.518525,127.256841,12,세종특별시
2026-06-16T14:30:20+09:00,GBIKE,131294,92.0,36.51853,127.2568,12,세종특별시
2026-06-16T14:30:20+09:00,GBIKE,131184,86.0,36.518531,127.256742,12,세종특별시
2026-06-16T14:30:20+09:00,GBIKE,501162,52.0,36.518583,127.233157,12,세종특별시
2026-06-16T14:30:20+09:00,GBIKE,130319,64.0,36.518585,127.24189,12,세종특별시
2026-06-16T14:30:20+09:00,GBIKE,130373,51.0,36.518628,127.246318,12,세종특별시
2026-06-16T14:30:20+09:00,GBIKE,131142,57.0,36.518671,127.252523,12,세종특별시
2026-06-16T14:30:20+09:00,GBIKE,130718,98.0,36.518678,127.233049,12,세종특별시
2026-06-16T14:30:20+09:00,GBIKE,131700,98.0,36.51868,127.257065,12,세종특별시
2026-06-16T14:30:20+09:00,GBIKE,130536,100.0,36.518747,127.233757,12,세종특별시
2026-06-16T14:30:20+09:00,GBIKE,358227,99.0,36.518761,127.245071,12,세종특별시
2026-06-16T14:30:20+09:00,GBIKE,501590,55.0,36.518773,127.244721,12,세종특별시
2026-06-16T14:30:20+09:00,GBIKE,131928,67.0,36.518778,127.235574,12,세종특별시
2026-06-16T14:30:20+09:00,GBIKE,131693,49.0,36.518797,127.235544,12,세종특별시
2026-06-16T14:30:20+09:00,GBIKE,131718,69.0,36.5188,127.256834,12,세종특별시
2026-06-16T14:30:20+09:00,GBIKE,131540,100.0,36.518821,127.235545,12,세종특별시
2026-06-16T14:30:20+09:00,GBIKE,131940,94.0,36.518826,127.235681,12,세종특별시
2026-06-16T14:30:20+09:00,GBIKE,130493,70.0,36.518842,127.235518,12,세종특별시
2026-06-16T14:30:20+09:00,GBIKE,501300,74.0,36.51885,127.237913,12,세종특별시
2026-06-16T14:30:20+09:00,GBIKE,131190,52.0,36.51887,127.235745,12,세종특별시
2026-06-16T14:30:20+09:00,GBIKE,130185,91.0,36.5189,127.232977,12,세종특별시
2026-06-16T14:30:20+09:00,GBIKE,130628,41.0,36.518907,127.245832,12,세종특별시
2026-06-16T14:30:20+09:00,GBIKE,131744,71.0,36.518909,127.235856,12,세종특별시
2026-06-16T14:30:20+09:00,GBIKE,501158,79.0,36.518976,127.246563,12,세종특별시
2026-06-16T14:30:20+09:00,GBIKE,501432,78.0,36.518991,127.234581,12,세종특별시
2026-06-16T14:30:20+09:00,GBIKE,131729,88.0,36.519005,127.252492,12,세종특별시
2026-06-16T14:30:20+09:00,GBIKE,130950,79.0,36.519102,127.249856,12,세종특별시
2026-06-16T14:30:20+09:00,GBIKE,130839,98.0,36.51914,127.235994,12,세종특별시
2026-06-16T14:30:20+09:00,GBIKE,131495,94.0,36.519191,127.236279,12,세종특별시
2026-06-16T14:30:20+09:00,GBIKE,131449,87.0,36.519215,127.236206,12,세종특별시
2026-06-16T14:30:20+09:00,GBIKE,131763,87.0,36.519216,127.23627,12,세종특별시
2026-06-16T14:30:20+09:00,GBIKE,130197,58.0,36.519235,127.251483,12,세종특별시
2026-06-16T14:30:20+09:00,GBIKE,130110,91.0,36.519242,127.242989,12,세종특별시
2026-06-16T14:30:20+09:00,GBIKE,130104,95.0,36.519277,127.248765,12,세종특별시
2026-06-16T14:30:20+09:00,GBIKE,131871,69.0,36.519288,127.25137,12,세종특별시
2026-06-16T14:30:20+09:00,GBIKE,130387,50.0,36.519297,127.249657,12,세종특별시
2026-06-16T14:30:20+09:00,GBIKE,130088,96.0,36.519324,127.252548,12,세종특별시
2026-06-16T14:30:20+09:00,GBIKE,131031,47.0,36.519331,127.239213,12,세종특별시
2026-06-16T14:30:20+09:00,GBIKE,131376,56.0,36.51941,127.252957,12,세종특별시
2026-06-16T14:30:20+09:00,GBIKE,131549,95.0,36.519427,127.25307,12,세종특별시
2026-06-16T14:30:20+09:00,GBIKE,130285,97.0,36.519456,127.251615,12,세종특별시
2026-06-16T14:30:20+09:00,GBIKE,130265,52.0,36.51947,127.252879,12,세종특별시
2026-06-16T14:30:20+09:00,GBIKE,130229,90.0,36.519478,127.23576,12,세종특별시
2026-06-16T14:30:20+09:00,GBIKE,130602,63.0,36.519501,127.257272,12,세종특별시
2026-06-16T14:30:20+09:00,GBIKE,130871,84.0,36.519504,127.250301,12,세종특별시
2026-06-16T14:30:20+09:00,GBIKE,131156,98.0,36.519624,127.234309,12,세종특별시
2026-06-16T14:30:20+09:00,GBIKE,501435,53.0,36.519664,127.23399,12,세종특별시
2026-06-16T14:30:20+09:00,GBIKE,130059,96.0,36.51969,127.234305,12,세종특별시
2026-06-16T14:30:20+09:00,GBIKE,131685,99.0,36.519757,127.236796,12,세종특별시
2026-06-16T14:30:20+09:00,GBIKE,501376,69.0,36.51976,127.23568,12,세종특별시
2026-06-16T14:30:20+09:00,GBIKE,131128,59.0,36.519905,127.236808,12,세종특별시
2026-06-16T14:30:20+09:00,GBIKE,130858,87.0,36.519933,127.236241,12,세종특별시
2026-06-16T14:30:20+09:00,GBIKE,131193,94.0,36.519953,127.236212,12,세종특별시
2026-06-16T14:30:20+09:00,GBIKE,130071,50.0,36.520033,127.235845,12,세종특별시
2026-06-16T14:30:20+09:00,GBIKE,130869,77.0,36.520051,127.236934,12,세종특별시
2026-06-16T14:30:20+09:00,GBIKE,130888,55.0,36.520209,127.236475,12,세종특별시
2026-06-16T14:30:20+09:00,GBIKE,131112,58.0,36.520449,127.236742,12,세종특별시
2026-06-16T14:30:20+09:00,GBIKE,501120,90.0,36.521054,127.262148,12,세종특별시
2026-06-16T14:30:20+09:00,GBIKE,501134,56.0,36.521067,127.262135,12,세종특별시
2026-06-16T14:30:20+09:00,GBIKE,501143,93.0,36.521087,127.262141,12,세종특별시
2026-06-16T14:30:20+09:00,GBIKE,501358,42.0,36.521094,127.262116,12,세종특별시
2026-06-16T14:30:20+09:00,GBIKE,130340,92.0,36.521102,127.233168,12,세종특별시
2026-06-16T14:30:20+09:00,GBIKE,131965,91.0,36.521204,127.247567,12,세종특별시
2026-06-16T14:30:20+09:00,GBIKE,501287,45.0,36.521433,127.251316,12,세종특별시
2026-06-16T14:30:20+09:00,GBIKE,501385,46.0,36.521433,127.251271,12,세종특별시
2026-06-16T14:30:20+09:00,GBIKE,130465,94.0,36.521484,127.232826,12,세종특별시
2026-06-16T14:30:20+09:00,GBIKE,501398,38.0,36.521552,127.247808,12,세종특별시
2026-06-16T14:30:20+09:00,GBIKE,131328,74.0,36.521709,127.23337,12,세종특별시
2026-06-16T14:30:20+09:00,GBIKE,131850,50.0,36.521715,127.233366,12,세종특별시
2026-06-16T14:30:20+09:00,GBIKE,131229,37.0,36.521721,127.233365,12,세종특별시
2026-06-16T14:30:20+09:00,GBIKE,131834,98.0,36.521761,127.232735,12,세종특별시
2026-06-16T14:30:20+09:00,GBIKE,130111,47.0,36.521778,127.233353,12,세종특별시
2026-06-16T14:30:20+09:00,GBIKE,130828,80.0,36.521798,127.234063,12,세종특별시
2026-06-16T14:30:20+09:00,GBIKE,131621,75.0,36.521855,127.234173,12,세종특별시
2026-06-16T14:30:20+09:00,GBIKE,130401,62.0,36.521892,127.234289,12,세종특별시
2026-06-16T14:30:20+09:00,GBIKE,130464,96.0,36.521912,127.234155,12,세종특별시
2026-06-16T14:30:20+09:00,GBIKE,130575,76.0,36.521921,127.234322,12,세종특별시
2026-06-16T14:30:20+09:00,GBIKE,130962,45.0,36.52195,127.234496,12,세종특별시
2026-06-16T14:30:20+09:00,GBIKE,131914,87.0,36.521987,127.249232,12,세종특별시
2026-06-16T14:30:20+09:00,GBIKE,130061,53.0,36.521994,127.248946,12,세종특별시
2026-06-16T14:30:20+09:00,GBIKE,130520,43.0,36.522167,127.234235,12,세종특별시
2026-06-16T14:30:20+09:00,GBIKE,130983,48.0,36.522195,127.23428,12,세종특별시
2026-06-16T14:30:20+09:00,GBIKE,131860,57.0,36.522199,127.234264,12,세종특별시
2026-06-16T14:30:20+09:00,GBIKE,130341,59.0,36.522214,127.234823,12,세종특별시
2026-06-16T14:30:20+09:00,GBIKE,131771,36.0,36.522317,127.234552,12,세종특별시
2026-06-16T14:30:20+09:00,GBIKE,130894,45.0,36.522341,127.234563,12,세종특별시
2026-06-16T14:30:20+09:00,GBIKE,130114,64.0,36.522351,127.232321,12,세종특별시
2026-06-16T14:30:20+09:00,GBIKE,131852,53.0,36.522363,127.23455,12,세종특별시
2026-06-16T14:30:20+09:00,GBIKE,131316,71.0,36.522377,127.232237,12,세종특별시
2026-06-16T14:30:20+09:00,GBIKE,131189,100.0,36.522415,127.235135,12,세종특별시
2026-06-16T14:30:20+09:00,GBIKE,501343,70.0,36.522436,127.232504,12,세종특별시
2026-06-16T14:30:20+09:00,GBIKE,501454,89.0,36.522462,127.232428,12,세종특별시
2026-06-16T14:30:20+09:00,GBIKE,501394,72.0,36.522525,127.232379,12,세종특별시
2026-06-16T14:30:20+09:00,GBIKE,501244,30.0,36.523179,127.267476,12,세종특별시
2026-06-16T14:30:20+09:00,GBIKE,501512,95.0,36.523192,127.267458,12,세종특별시
2026-06-16T14:30:20+09:00,GBIKE,501488,81.0,36.523195,127.267488,12,세종특별시
2026-06-16T14:30:20+09:00,GBIKE,131543,57.0,36.523379,127.279217,12,세종특별시
2026-06-16T14:30:20+09:00,GBIKE,131601,30.0,36.523584,127.26687,12,세종특별시
2026-06-16T14:30:20+09:00,GBIKE,131374,84.0,36.52361,127.266852,12,세종특별시
2026-06-16T14:30:20+09:00,GBIKE,130798,57.0,36.523829,127.277054,12,세종특별시
2026-06-16T14:30:20+09:00,GBIKE,131877,55.0,36.523854,127.277047,12,세종특별시
2026-06-16T14:30:20+09:00,GBIKE,130787,100.0,36.524122,127.269648,12,세종특별시
2026-06-16T14:30:20+09:00,GBIKE,131484,76.0,36.524234,127.277377,12,세종특별시
2026-06-16T14:30:20+09:00,GBIKE,131350,95.0,36.524306,127.277221,12,세종특별시
2026-06-16T14:30:20+09:00,GBIKE,130927,77.0,36.524514,127.272842,12,세종특별시
2026-06-16T14:30:20+09:00,GBIKE,130252,83.0,36.524585,127.271388,12,세종특별시
2026-06-16T14:30:20+09:00,GBIKE,501330,64.0,36.524585,127.271387,12,세종특별시
2026-06-16T14:30:20+09:00,GBIKE,130400,79.0,36.524818,127.266316,12,세종특별시
2026-06-16T14:30:20+09:00,GBIKE,130302,30.0,36.524988,127.275997,12,세종특별시
2026-06-16T14:30:20+09:00,GBIKE,501570,64.0,36.525056,127.260969,12,세종특별시
2026-06-16T14:30:20+09:00,GBIKE,131430,89.0,36.525087,127.261609,12,세종특별시
2026-06-16T14:30:20+09:00,GBIKE,131750,83.0,36.525471,127.261217,12,세종특별시
2026-06-16T14:30:20+09:00,GBIKE,131365,74.0,36.526295,127.27145,12,세종특별시
2026-06-16T14:30:20+09:00,GBIKE,131330,34.0,36.526617,127.267274,12,세종특별시
2026-06-16T14:30:20+09:00,GBIKE,131103,63.0,36.526698,127.262616,12,세종특별시
2026-06-16T14:30:20+09:00,GBIKE,131723,94.0,36.526943,127.256978,12,세종특별시
2026-06-16T14:30:20+09:00,GBIKE,130118,89.0,36.527036,127.270936,12,세종특별시
2026-06-16T14:30:20+09:00,GBIKE,501316,33.0,36.527041,127.270951,12,세종특별시
2026-06-16T14:30:20+09:00,GBIKE,130582,37.0,36.527043,127.263382,12,세종특별시
2026-06-16T14:30:20+09:00,GBIKE,131730,33.0,36.527085,127.269657,12,세종특별시
2026-06-16T14:30:20+09:00,GBIKE,130307,30.0,36.527097,127.263611,12,세종특별시
2026-06-16T14:30:20+09:00,GBIKE,130932,53.0,36.527249,127.249429,12,세종특별시
2026-06-16T14:30:20+09:00,GBIKE,130290,66.0,36.527358,127.271616,12,세종특별시
2026-06-16T14:30:20+09:00,GBIKE,131658,92.0,36.527628,127.263194,12,세종특별시
2026-06-16T14:30:20+09:00,GBIKE,130892,54.0,36.527876,127.262185,12,세종특별시
2026-06-16T14:30:20+09:00,GBIKE,131489,50.0,36.527933,127.262196,12,세종특별시
2026-06-16T14:30:20+09:00,GBIKE,131872,79.0,36.528167,127.267516,12,세종특별시
2026-06-16T14:30:20+09:00,GBIKE,130999,89.0,36.528342,127.248346,12,세종특별시
2026-06-16T14:30:20+09:00,GBIKE,130142,83.0,36.528735,127.256987,12,세종특별시
2026-06-16T14:30:20+09:00,GBIKE,131001,61.0,36.528922,127.264401,12,세종특별시
2026-06-16T14:30:20+09:00,GBIKE,131170,31.0,36.528968,127.264426,12,세종특별시
2026-06-16T14:30:20+09:00,GBIKE,131814,70.0,36.528996,127.263947,12,세종특별시
2026-06-16T14:30:20+09:00,GBIKE,130457,58.0,36.529008,127.26392,12,세종특별시
2026-06-16T14:30:20+09:00,GBIKE,131186,46.0,36.529161,127.264601,12,세종특별시
2026-06-16T14:30:20+09:00,GBIKE,131516,82.0,36.529174,127.264629,12,세종특별시
2026-06-16T14:30:20+09:00,GBIKE,130097,87.0,36.529188,127.264629,12,세종특별시
2026-06-16T14:30:20+09:00,GBIKE,131214,77.0,36.529211,127.256102,12,세종특별시
2026-06-16T14:30:20+09:00,GBIKE,130207,85.0,36.529215,127.261108,12,세종특별시
2026-06-16T14:30:20+09:00,GBIKE,131641,47.0,36.52922,127.264706,12,세종특별시
2026-06-16T14:30:20+09:00,GBIKE,131256,54.0,36.529232,127.264693,12,세종특별시
2026-06-16T14:30:20+09:00,GBIKE,501146,52.0,36.529244,127.265772,12,세종특별시
2026-06-16T14:30:20+09:00,GBIKE,131394,32.0,36.529251,127.264307,12,세종특별시
2026-06-16T14:30:20+09:00,GBIKE,131862,51.0,36.529292,127.26475,12,세종특별시
2026-06-16T14:30:20+09:00,GBIKE,130028,100.0,36.529335,127.264297,12,세종특별시
2026-06-16T14:30:20+09:00,GBIKE,130754,44.0,36.529352,127.264295,12,세종특별시
2026-06-16T14:30:20+09:00,GBIKE,130810,32.0,36.529354,127.264282,12,세종특별시
2026-06-16T14:30:20+09:00,GBIKE,131733,100.0,36.529364,127.266334,12,세종특별시
2026-06-16T14:30:20+09:00,GBIKE,131562,72.0,36.529389,127.26015,12,세종특별시
2026-06-16T14:30:20+09:00,GBIKE,501388,42.0,36.529432,127.264486,12,세종특별시
2026-06-16T14:30:20+09:00,GBIKE,131245,80.0,36.529469,127.264431,12,세종특별시
2026-06-16T14:30:20+09:00,GBIKE,131291,31.0,36.529488,127.264394,12,세종특별시
2026-06-16T14:30:20+09:00,GBIKE,131383,31.0,36.529491,127.264408,12,세종특별시
2026-06-16T14:30:20+09:00,GBIKE,130833,74.0,36.529587,127.265049,12,세종특별시
2026-06-16T14:30:20+09:00,GBIKE,501326,56.0,36.529615,127.267723,12,세종특별시
2026-06-16T14:30:20+09:00,GBIKE,130257,100.0,36.529688,127.260102,12,세종특별시
2026-06-16T14:30:20+09:00,GBIKE,501222,47.0,36.529721,127.258625,12,세종특별시
2026-06-16T14:30:20+09:00,GBIKE,131044,96.0,36.529738,127.255013,12,세종특별시
2026-06-16T14:30:20+09:00,GBIKE,130803,38.0,36.529742,127.255153,12,세종특별시
2026-06-16T14:30:20+09:00,GBIKE,131010,93.0,36.529768,127.255224,12,세종특별시
2026-06-16T14:30:20+09:00,GBIKE,131179,89.0,36.529769,127.254965,12,세종특별시
2026-06-16T14:30:20+09:00,GBIKE,130764,64.0,36.529778,127.254978,12,세종특별시
2026-06-16T14:30:20+09:00,GBIKE,130753,100.0,36.529779,127.254873,12,세종특별시
2026-06-16T14:30:20+09:00,GBIKE,131582,46.0,36.52978,127.254909,12,세종특별시
2026-06-16T14:30:20+09:00,GBIKE,131633,59.0,36.529782,127.254965,12,세종특별시
2026-06-16T14:30:20+09:00,GBIKE,130317,33.0,36.529784,127.254931,12,세종특별시
2026-06-16T14:30:20+09:00,GBIKE,131907,100.0,36.529786,127.254911,12,세종특별시
2026-06-16T14:30:20+09:00,GBIKE,131957,40.0,36.529791,127.254949,12,세종특별시
2026-06-16T14:30:20+09:00,GBIKE,131553,30.0,36.529812,127.254928,12,세종특별시
2026-06-16T14:30:20+09:00,GBIKE,501550,30.0,36.529837,127.264838,12,세종특별시
2026-06-16T14:30:20+09:00,GBIKE,130802,52.0,36.530063,127.262391,12,세종특별시
2026-06-16T14:30:20+09:00,GBIKE,130499,32.0,36.530146,127.267339,12,세종특별시
2026-06-16T14:30:20+09:00,GBIKE,131649,87.0,36.530176,127.264986,12,세종특별시
2026-06-16T14:30:20+09:00,GBIKE,130949,100.0,36.530195,127.265075,12,세종특별시
2026-06-16T14:30:20+09:00,GBIKE,131939,32.0,36.530227,127.258899,12,세종특별시
2026-06-16T14:30:20+09:00,GBIKE,131104,100.0,36.530358,127.265146,12,세종특별시
2026-06-16T14:30:20+09:00,GBIKE,501474,89.0,36.530442,127.266872,12,세종특별시
2026-06-16T14:30:20+09:00,GBIKE,130806,63.0,36.530462,127.25483,12,세종특별시
2026-06-16T14:30:20+09:00,GBIKE,501156,34.0,36.530494,127.254958,12,세종특별시
2026-06-16T14:30:20+09:00,GBIKE,130123,85.0,36.530502,127.265372,12,세종특별시
2026-06-16T14:30:20+09:00,GBIKE,130900,37.0,36.530523,127.254909,12,세종특별시
2026-06-16T14:30:20+09:00,GBIKE,501526,88.0,36.530542,127.268513,12,세종특별시
2026-06-16T14:30:20+09:00,GBIKE,131958,98.0,36.530728,127.254604,12,세종특별시
2026-06-16T14:30:20+09:00,GBIKE,130658,62.0,36.53075,127.254416,12,세종특별시
2026-06-16T14:30:20+09:00,GBIKE,130684,39.0,36.530758,127.262282,12,세종특별시
2026-06-16T14:30:20+09:00,GBIKE,130585,100.0,36.530886,127.253546,12,세종특별시
2026-06-16T14:30:20+09:00,GBIKE,130316,100.0,36.530889,127.253048,12,세종특별시
2026-06-16T14:30:20+09:00,GBIKE,131736,49.0,36.53091,127.253074,12,세종특별시
2026-06-16T14:30:20+09:00,GBIKE,131592,61.0,36.530913,127.253094,12,세종특별시
2026-06-16T14:30:20+09:00,GBIKE,130297,95.0,36.530926,127.253552,12,세종특별시
2026-06-16T14:30:20+09:00,GBIKE,130586,100.0,36.530948,127.253546,12,세종특별시
2026-06-16T14:30:20+09:00,GBIKE,343326,35.0,36.531011,127.259373,12,세종특별시
2026-06-16T14:30:20+09:00,GBIKE,130890,68.0,36.531066,127.253581,12,세종특별시
2026-06-16T14:30:20+09:00,GBIKE,130506,44.0,36.531092,127.253984,12,세종특별시
2026-06-16T14:30:20+09:00,GBIKE,130690,68.0,36.531095,127.245813,12,세종특별시
2026-06-16T14:30:20+09:00,GBIKE,131391,72.0,36.53113,127.245733,12,세종특별시
2026-06-16T14:30:20+09:00,GBIKE,501250,71.0,36.531217,127.259526,12,세종특별시
2026-06-16T14:30:20+09:00,GBIKE,131437,64.0,36.531307,127.254064,12,세종특별시
2026-06-16T14:30:20+09:00,GBIKE,130671,39.0,36.531373,127.267696,12,세종특별시
2026-06-16T14:30:20+09:00,GBIKE,130874,66.0,36.531418,127.265558,12,세종특별시
2026-06-16T14:30:20+09:00,GBIKE,130413,93.0,36.531495,127.262953,12,세종특별시
2026-06-16T14:30:20+09:00,GBIKE,131919,75.0,36.5315,127.268247,12,세종특별시
2026-06-16T14:30:20+09:00,GBIKE,130948,43.0,36.531605,127.245192,12,세종특별시
2026-06-16T14:30:20+09:00,GBIKE,131281,52.0,36.531611,127.26066,12,세종특별시
2026-06-16T14:30:20+09:00,GBIKE,501216,79.0,36.531633,127.245247,12,세종특별시
2026-06-16T14:30:20+09:00,GBIKE,131486,60.0,36.531644,127.245201,12,세종특별시
2026-06-16T14:30:20+09:00,GBIKE,501281,100.0,36.531762,127.261659,12,세종특별시
2026-06-16T14:30:20+09:00,GBIKE,130882,87.0,36.531787,127.261534,12,세종특별시
2026-06-16T14:30:20+09:00,GBIKE,131676,32.0,36.531911,127.268666,12,세종특별시
2026-06-16T14:30:20+09:00,GBIKE,131213,100.0,36.532267,127.26444,12,세종특별시
2026-06-16T14:30:20+09:00,GBIKE,501369,100.0,36.532364,127.26125,12,세종특별시
2026-06-16T14:30:20+09:00,GBIKE,130344,68.0,36.532424,127.265249,12,세종특별시
2026-06-16T14:30:20+09:00,GBIKE,130216,51.0,36.532495,127.265417,12,세종특별시
2026-06-16T14:30:20+09:00,GBIKE,501174,75.0,36.532498,127.265424,12,세종특별시
2026-06-16T14:30:20+09:00,GBIKE,501240,30.0,36.532582,127.257046,12,세종특별시
2026-06-16T14:30:20+09:00,GBIKE,130079,100.0,36.532703,127.265022,12,세종특별시
2026-06-16T14:30:20+09:00,GBIKE,130822,53.0,36.53271,127.26499,12,세종특별시
2026-06-16T14:30:20+09:00,GBIKE,130823,100.0,36.532722,127.264961,12,세종특별시
2026-06-16T14:30:20+09:00,GBIKE,130626,67.0,36.533535,127.266266,12,세종특별시
2026-06-16T14:30:20+09:00,GBIKE,130641,67.0,36.533599,127.266203,12,세종특별시
2026-06-16T14:30:20+09:00,GBIKE,501219,57.0,36.533647,127.266024,12,세종특별시
2026-06-16T14:30:20+09:00,GBIKE,131648,43.0,36.533688,127.266833,12,세종특별시
2026-06-16T14:30:20+09:00,GBIKE,130557,75.0,36.534153,127.263927,12,세종특별시
2026-06-16T14:30:20+09:00,GBIKE,131021,100.0,36.534189,127.263915,12,세종특별시
2026-06-16T14:30:20+09:00,GBIKE,130312,41.0,36.534569,127.262621,12,세종특별시
2026-06-16T14:30:20+09:00,GBIKE,130258,59.0,36.535156,127.263409,12,세종특별시
2026-06-16T14:30:20+09:00,GBIKE,130060,100.0,36.542632,127.364839,12,세종특별시
2026-06-16T14:30:20+09:00,GBIKE,501534,100.0,36.542759,127.364738,12,세종특별시
2026-06-16T14:30:20+09:00,GBIKE,301478,50.0,36.542767,127.36581,12,세종특별시
2026-06-16T14:30:20+09:00,GBIKE,131874,93.0,36.542795,127.364727,12,세종특별시
2026-06-16T14:30:20+09:00,GBIKE,130245,77.0,36.54284,127.364697,12,세종특별시
2026-06-16T14:30:20+09:00,GBIKE,130148,95.0,36.542871,127.364809,12,세종특별시
2026-06-16T14:30:20+09:00,GBIKE,501228,53.0,36.542906,127.364689,12,세종특별시
2026-06-16T14:30:20+09:00,GBIKE,130440,100.0,36.542922,127.364492,12,세종특별시
2026-06-16T14:30:20+09:00,GBIKE,501559,100.0,36.542932,127.36435,12,세종특별시
2026-06-16T14:30:20+09:00,GBIKE,385850,30.0,36.585196,127.369438,12,세종특별시
2026-06-16T14:30:20+09:00,GBIKE,385504,61.0,36.585886,127.295251,12,세종특별시
2026-06-16T14:30:20+09:00,GBIKE,625563,36.0,36.586417,127.293735,12,세종특별시
2026-06-16T14:30:20+09:00,GBIKE,384782,62.0,36.588676,127.291876,12,세종특별시
2026-06-16T14:30:20+09:00,GBIKE,365682,38.0,36.589265,127.298868,12,세종특별시
2026-06-16T14:30:20+09:00,GBIKE,630534,33.0,36.590556,127.291661,12,세종특별시
2026-06-16T14:30:20+09:00,GBIKE,354814,33.0,36.590928,127.289155,12,세종특별시
2026-06-16T14:30:20+09:00,GBIKE,353905,88.0,36.591505,127.290475,12,세종특별시
2026-06-16T14:30:20+09:00,GBIKE,374639,30.0,36.591551,127.29188,12,세종특별시
2026-06-16T14:30:20+09:00,GBIKE,389847,66.0,36.593158,127.284758,12,세종특별시
2026-06-16T14:30:20+09:00,GBIKE,383566,86.0,36.593275,127.291478,12,세종특별시
2026-06-16T14:30:20+09:00,GBIKE,375544,36.0,36.594608,127.28848,12,세종특별시
2026-06-16T14:30:20+09:00,GBIKE,383788,30.0,36.594758,127.285415,12,세종특별시
2026-06-16T14:30:20+09:00,GBIKE,617603,71.0,36.594836,127.285491,12,세종특별시
2026-06-16T14:30:20+09:00,GBIKE,346312,32.0,36.59487,127.28817,12,세종특별시
2026-06-16T14:30:20+09:00,GBIKE,390480,92.0,36.594985,127.27958,12,세종특별시
2026-06-16T14:30:20+09:00,GBIKE,383605,30.0,36.59501,127.289535,12,세종특별시
2026-06-16T14:30:20+09:00,GBIKE,613464,54.0,36.595156,127.288907,12,세종특별시
2026-06-16T14:30:20+09:00,GBIKE,617006,77.0,36.595215,127.288983,12,세종특별시
2026-06-16T14:30:20+09:00,GBIKE,371981,30.0,36.595326,127.290863,12,세종특별시
2026-06-16T14:30:20+09:00,GBIKE,607530,37.0,36.595478,127.291181,12,세종특별시
2026-06-16T14:30:20+09:00,GBIKE,624662,81.0,36.595506,127.291173,12,세종특별시
2026-06-16T14:30:20+09:00,GBIKE,384350,33.0,36.596916,127.300061,12,세종특별시
2026-06-16T14:30:20+09:00,GBIKE,613103,43.0,36.596964,127.30177,12,세종특별시
2026-06-16T14:30:20+09:00,GBIKE,376034,37.0,36.59721,127.29879,12,세종특별시
2026-06-16T14:30:20+09:00,GBIKE,614001,36.0,36.599921,127.298397,12,세종특별시
2026-06-16T14:30:20+09:00,GBIKE,638395,74.0,36.600097,127.295309,12,세종특별시
2026-06-16T14:30:20+09:00,GBIKE,377732,87.0,36.60014,127.301511,12,세종특별시
2026-06-16T14:30:20+09:00,GBIKE,367806,69.0,36.60032,127.29523,12,세종특별시
2026-06-16T14:30:20+09:00,GBIKE,382545,46.0,36.600483,127.301911,12,세종특별시
2026-06-16T14:30:20+09:00,GBIKE,620595,93.0,36.60053,127.301249,12,세종특별시
2026-06-16T14:30:20+09:00,GBIKE,371887,71.0,36.600851,127.295216,12,세종특별시
2026-06-16T14:30:20+09:00,GBIKE,392507,80.0,36.601005,127.29512,12,세종특별시
2026-06-16T14:30:20+09:00,GBIKE,375444,50.0,36.601028,127.29503,12,세종특별시
2026-06-16T14:30:20+09:00,GBIKE,625545,32.0,36.601372,127.295096,12,세종특별시
2026-06-16T14:30:20+09:00,GBIKE,625200,31.0,36.601437,127.294807,12,세종특별시
2026-06-16T14:30:20+09:00,GBIKE,635266,59.0,36.601594,127.289963,12,세종특별시
2026-06-16T14:30:20+09:00,GBIKE,376390,31.0,36.601676,127.29094,12,세종특별시
2026-06-16T14:30:20+09:00,GBIKE,636622,89.0,36.60172,127.303358,12,세종특별시
2026-06-16T14:30:20+09:00,GBIKE,386357,41.0,36.601721,127.303365,12,세종특별시
2026-06-16T14:30:20+09:00,GBIKE,384300,50.0,36.601773,127.303378,12,세종특별시
2026-06-16T14:30:20+09:00,GBIKE,367059,48.0,36.601883,127.280045,12,세종특별시
2026-06-16T14:30:20+09:00,GBIKE,365775,37.0,36.601926,127.294901,12,세종특별시
2026-06-16T14:30:20+09:00,GBIKE,345485,30.0,36.601953,127.294798,12,세종특별시
2026-06-16T14:30:20+09:00,GBIKE,390748,69.0,36.601961,127.289635,12,세종특별시
2026-06-16T14:30:20+09:00,GBIKE,373224,67.0,36.60202,127.290093,12,세종특별시
2026-06-16T14:30:20+09:00,GBIKE,383706,31.0,36.602133,127.294841,12,세종특별시
2026-06-16T14:30:20+09:00,GBIKE,347574,55.0,36.602485,127.294848,12,세종특별시
2026-06-16T14:30:20+09:00,GBIKE,382436,59.0,36.602488,127.294821,12,세종특별시
2026-06-16T14:30:20+09:00,GBIKE,368833,81.0,36.602531,127.285783,12,세종특별시
2026-06-16T14:30:20+09:00,GBIKE,388650,100.0,36.602585,127.303388,12,세종특별시
2026-06-16T14:30:20+09:00,GBIKE,365321,35.0,36.602686,127.290405,12,세종특별시
2026-06-16T14:30:20+09:00,GBIKE,630578,30.0,36.602772,127.289694,12,세종특별시
2026-06-16T14:30:20+09:00,GBIKE,383734,55.0,36.602956,127.279865,12,세종특별시
2026-06-16T14:30:20+09:00,GBIKE,351964,35.0,36.603023,127.289603,12,세종특별시
2026-06-16T14:30:20+09:00,GBIKE,614604,84.0,36.603062,127.289978,12,세종특별시
2026-06-16T14:30:20+09:00,GBIKE,630971,34.0,36.60324,127.289869,12,세종특별시
2026-06-16T14:30:20+09:00,GBIKE,362212,35.0,36.603246,127.290401,12,세종특별시
2026-06-16T14:30:20+09:00,GBIKE,628466,34.0,36.603394,127.304844,12,세종특별시
2026-06-16T14:30:20+09:00,GBIKE,628141,39.0,36.603444,127.289582,12,세종특별시
2026-06-16T14:30:20+09:00,GBIKE,379183,76.0,36.603445,127.281858,12,세종특별시
2026-06-16T14:30:20+09:00,GBIKE,377574,68.0,36.603498,127.289556,12,세종특별시
2026-06-16T14:30:20+09:00,GBIKE,618274,78.0,36.603506,127.289491,12,세종특별시
2026-06-16T14:30:20+09:00,GBIKE,623385,94.0,36.603615,127.293166,12,세종특별시
2026-06-16T14:30:20+09:00,GBIKE,610809,78.0,36.60377,127.296428,12,세종특별시
2026-06-16T14:30:20+09:00,GBIKE,635969,67.0,36.603844,127.297523,12,세종특별시
2026-06-16T14:30:20+09:00,GBIKE,377781,98.0,36.60389,127.297235,12,세종특별시
2026-06-16T14:30:20+09:00,GBIKE,375093,42.0,36.604,127.28713,12,세종특별시
2026-06-16T14:30:20+09:00,GBIKE,374614,92.0,36.604291,127.29702,12,세종특별시
2026-06-16T14:30:20+09:00,GBIKE,385640,64.0,36.604296,127.300871,12,세종특별시
2026-06-16T14:30:20+09:00,GBIKE,610792,86.0,36.604379,127.300725,12,세종특별시
2026-06-16T14:30:20+09:00,GBIKE,382652,49.0,36.604388,127.300781,12,세종특별시
2026-06-16T14:30:20+09:00,GBIKE,639358,43.0,36.60458,127.292497,12,세종특별시
2026-06-16T14:30:20+09:00,GBIKE,369480,90.0,36.604595,127.29248,12,세종특별시
2026-06-16T14:30:20+09:00,GBIKE,383739,72.0,36.604791,127.297488,12,세종특별시
2026-06-16T14:30:20+09:00,GBIKE,609454,71.0,36.604842,127.291968,12,세종특별시
2026-06-16T14:30:20+09:00,GBIKE,612261,51.0,36.604936,127.297902,12,세종특별시
2026-06-16T14:30:20+09:00,GBIKE,629532,30.0,36.604938,127.287893,12,세종특별시
2026-06-16T14:30:20+09:00,GBIKE,633367,90.0,36.605102,127.289948,12,세종특별시
2026-06-16T14:30:20+09:00,GBIKE,381375,92.0,36.605318,127.297415,12,세종특별시
2026-06-16T14:30:20+09:00,GBIKE,385508,86.0,36.605336,127.292276,12,세종특별시
2026-06-16T14:30:20+09:00,GBIKE,383611,39.0,36.605486,127.292686,12,세종특별시
2026-06-16T14:30:20+09:00,GBIKE,618647,46.0,36.605487,127.292825,12,세종특별시
2026-06-16T14:30:20+09:00,GBIKE,368537,49.0,36.605621,127.292765,12,세종특별시
2026-06-16T14:30:20+09:00,GBIKE,383781,30.0,36.60563,127.300511,12,세종특별시
2026-06-16T14:30:20+09:00,GBIKE,620391,89.0,36.605719,127.294068,12,세종특별시
2026-06-16T14:30:20+09:00,GBIKE,387673,100.0,36.60572,127.294081,12,세종특별시
2026-06-16T14:30:20+09:00,GBIKE,383778,34.0,36.605735,127.289481,12,세종특별시
2026-06-16T14:30:20+09:00,GBIKE,379750,44.0,36.60592,127.286675,12,세종특별시
2026-06-16T14:30:20+09:00,GBIKE,604011,41.0,36.605963,127.290233,12,세종특별시
2026-06-16T14:30:20+09:00,GBIKE,384302,57.0,36.606028,127.277433,12,세종특별시
2026-06-16T14:30:20+09:00,GBIKE,384342,50.0,36.606113,127.293325,12,세종특별시
2026-06-16T14:30:20+09:00,GBIKE,617890,64.0,36.606133,127.293556,12,세종특별시
2026-06-16T14:30:20+09:00,GBIKE,612853,47.0,36.606207,127.289619,12,세종특별시
2026-06-16T14:30:20+09:00,GBIKE,391985,86.0,36.606243,127.293175,12,세종특별시
2026-06-16T14:30:20+09:00,GBIKE,347727,47.0,36.60628,127.289666,12,세종특별시
2026-06-16T14:30:20+09:00,GBIKE,394330,69.0,36.60638,127.294115,12,세종특별시
2026-06-16T14:30:20+09:00,GBIKE,376326,53.0,36.606385,127.286598,12,세종특별시
2026-06-16T14:30:20+09:00,GBIKE,636680,42.0,36.606438,127.299566,12,세종특별시
2026-06-16T14:30:20+09:00,GBIKE,631743,42.0,36.606462,127.297036,12,세종특별시
2026-06-16T14:30:20+09:00,GBIKE,394836,48.0,36.606543,127.286395,12,세종특별시
2026-06-16T14:30:20+09:00,GBIKE,611872,54.0,36.606625,127.297016,12,세종특별시
2026-06-16T14:30:20+09:00,GBIKE,389490,32.0,36.60676,127.291523,12,세종특별시
2026-06-16T14:30:20+09:00,GBIKE,345320,94.0,36.606783,127.29385,12,세종특별시
2026-06-16T14:30:20+09:00,GBIKE,367387,33.0,36.606843,127.29019,12,세종특별시
2026-06-16T14:30:20+09:00,GBIKE,374569,31.0,36.606853,127.293958,12,세종특별시
2026-06-16T14:30:20+09:00,GBIKE,367752,75.0,36.606888,127.29011,12,세종특별시
2026-06-16T14:30:20+09:00,GBIKE,381658,67.0,36.606943,127.290456,12,세종특별시
2026-06-16T14:30:20+09:00,GBIKE,388632,73.0,36.606991,127.290141,12,세종특별시
2026-06-16T14:30:20+09:00,GBIKE,369515,31.0,36.607013,127.29047,12,세종특별시
2026-06-16T14:30:20+09:00,GBIKE,368384,50.0,36.607103,127.283605,12,세종특별시
2026-06-16T14:30:20+09:00,GBIKE,382570,41.0,36.607108,127.286406,12,세종특별시
2026-06-16T14:30:20+09:00,GBIKE,365501,65.0,36.607136,127.2843,12,세종특별시
2026-06-16T14:30:20+09:00,GBIKE,603979,55.0,36.607151,127.284215,12,세종특별시
2026-06-16T14:30:20+09:00,GBIKE,619363,48.0,36.607155,127.291906,12,세종특별시
2026-06-16T14:30:20+09:00,GBIKE,616066,74.0,36.607159,127.284467,12,세종특별시
2026-06-16T14:30:20+09:00,GBIKE,377098,63.0,36.607175,127.284298,12,세종특별시
2026-06-16T14:30:20+09:00,GBIKE,365795,41.0,36.607318,127.286208,12,세종특별시
2026-06-16T14:30:20+09:00,GBIKE,348952,100.0,36.607323,127.286298,12,세종특별시
2026-06-16T14:30:20+09:00,GBIKE,381538,37.0,36.607325,127.286256,12,세종특별시
2026-06-16T14:30:20+09:00,GBIKE,394908,86.0,36.607328,127.28633,12,세종특별시
2026-06-16T14:30:20+09:00,GBIKE,368132,38.0,36.607418,127.29245,12,세종특별시
2026-06-16T14:30:20+09:00,GBIKE,604672,51.0,36.60765,127.289221,12,세종특별시
2026-06-16T14:30:20+09:00,GBIKE,392267,32.0,36.607798,127.289351,12,세종특별시
2026-06-16T14:30:20+09:00,GBIKE,362576,38.0,36.607821,127.285636,12,세종특별시
2026-06-16T14:30:20+09:00,GBIKE,373517,76.0,36.607861,127.285596,12,세종특별시
2026-06-16T14:30:20+09:00,GBIKE,369487,41.0,36.607988,127.288408,12,세종특별시
2026-06-16T14:30:20+09:00,GBIKE,348243,95.0,36.608046,127.289146,12,세종특별시
2026-06-16T14:30:20+09:00,GBIKE,628775,95.0,36.608128,127.285122,12,세종특별시
2026-06-16T14:30:20+09:00,GBIKE,608840,54.0,36.608148,127.288329,12,세종특별시
2026-06-16T14:30:20+09:00,GBIKE,384361,94.0,36.608205,127.288313,12,세종특별시
2026-06-16T14:30:20+09:00,GBIKE,612254,78.0,36.608321,127.283912,12,세종특별시
2026-06-16T14:30:20+09:00,GBIKE,633047,66.0,36.60833,127.289103,12,세종특별시
2026-06-16T14:30:20+09:00,GBIKE,378077,45.0,36.60838,127.28509,12,세종특별시
2026-06-16T14:30:20+09:00,GBIKE,604326,86.0,36.60838,127.290033,12,세종특별시
2026-06-16T14:30:20+09:00,GBIKE,637354,80.0,36.608402,127.293027,12,세종특별시
2026-06-16T14:30:20+09:00,GBIKE,389295,31.0,36.608495,127.284265,12,세종특별시
2026-06-16T14:30:20+09:00,GBIKE,627925,71.0,36.608518,127.285617,12,세종특별시
2026-06-16T14:30:20+09:00,GBIKE,375487,31.0,36.60852,127.289178,12,세종특별시
2026-06-16T14:30:20+09:00,GBIKE,620566,41.0,36.608557,127.289195,12,세종특별시
2026-06-16T14:30:20+09:00,GBIKE,370374,31.0,36.608611,127.289476,12,세종특별시
2026-06-16T14:30:20+09:00,GBIKE,383321,93.0,36.608623,127.283788,12,세종특별시
2026-06-16T14:30:20+09:00,GBIKE,381468,80.0,36.608633,127.283736,12,세종특별시
2026-06-16T14:30:20+09:00,GBIKE,370217,86.0,36.608635,127.283796,12,세종특별시
2026-06-16T14:30:20+09:00,GBIKE,375527,40.0,36.608635,127.288938,12,세종특별시
2026-06-16T14:30:20+09:00,GBIKE,389216,79.0,36.608653,127.289148,12,세종특별시
2026-06-16T14:30:20+09:00,GBIKE,388389,88.0,36.608656,127.283895,12,세종특별시
2026-06-16T14:30:20+09:00,GBIKE,373770,91.0,36.608663,127.288871,12,세종특별시
2026-06-16T14:30:20+09:00,GBIKE,383266,30.0,36.608663,127.283893,12,세종특별시
2026-06-16T14:30:20+09:00,GBIKE,386474,100.0,36.608665,127.288891,12,세종특별시
2026-06-16T14:30:20+09:00,GBIKE,392829,87.0,36.608666,127.28885,12,세종특별시
2026-06-16T14:30:20+09:00,GBIKE,630536,100.0,36.608667,127.288898,12,세종특별시
2026-06-16T14:30:20+09:00,GBIKE,347317,86.0,36.608668,127.283806,12,세종특별시
2026-06-16T14:30:20+09:00,GBIKE,352300,76.0,36.608671,127.288886,12,세종특별시
2026-06-16T14:30:20+09:00,GBIKE,381351,73.0,36.608671,127.283685,12,세종특별시
2026-06-16T14:30:20+09:00,GBIKE,387871,89.0,36.608671,127.288878,12,세종특별시
2026-06-16T14:30:20+09:00,GBIKE,371895,63.0,36.608673,127.283775,12,세종특별시
2026-06-16T14:30:20+09:00,GBIKE,383197,86.0,36.608673,127.283971,12,세종특별시
2026-06-16T14:30:20+09:00,GBIKE,384358,100.0,36.608675,127.288903,12,세종특별시
2026-06-16T14:30:20+09:00,GBIKE,387829,51.0,36.608675,127.288863,12,세종특별시
2026-06-16T14:30:20+09:00,GBIKE,377780,89.0,36.60868,127.289008,12,세종특별시
2026-06-16T14:30:20+09:00,GBIKE,387860,49.0,36.60868,127.283845,12,세종특별시
2026-06-16T14:30:20+09:00,GBIKE,383531,67.0,36.608681,127.283705,12,세종특별시
2026-06-16T14:30:20+09:00,GBIKE,629818,50.0,36.608681,127.288894,12,세종특별시
2026-06-16T14:30:20+09:00,GBIKE,374638,50.0,36.608691,127.283785,12,세종특별시
2026-06-16T14:30:20+09:00,GBIKE,364370,84.0,36.608693,127.283758,12,세종특별시
2026-06-16T14:30:20+09:00,GBIKE,344002,100.0,36.608698,127.288885,12,세종특별시
2026-06-16T14:30:20+09:00,GBIKE,369437,77.0,36.6087,127.289163,12,세종특별시
2026-06-16T14:30:20+09:00,GBIKE,368554,65.0,36.608703,127.28378,12,세종특별시
2026-06-16T14:30:20+09:00,GBIKE,608280,99.0,36.608707,127.289116,12,세종특별시
2026-06-16T14:30:20+09:00,GBIKE,383829,79.0,36.608708,127.289165,12,세종특별시
2026-06-16T14:30:20+09:00,GBIKE,384392,72.0,36.608708,127.283821,12,세종특별시
2026-06-16T14:30:20+09:00,GBIKE,390746,100.0,36.608708,127.28917,12,세종특별시
2026-06-16T14:30:20+09:00,GBIKE,392076,82.0,36.608708,127.283758,12,세종특별시
2026-06-16T14:30:20+09:00,GBIKE,369472,80.0,36.60871,127.283756,12,세종특별시
2026-06-16T14:30:20+09:00,GBIKE,601954,37.0,36.60871,127.283863,12,세종특별시
2026-06-16T14:30:20+09:00,GBIKE,380931,48.0,36.608711,127.289175,12,세종특별시
2026-06-16T14:30:20+09:00,GBIKE,389159,32.0,36.608711,127.2891,12,세종특별시
2026-06-16T14:30:20+09:00,GBIKE,368846,100.0,36.608716,127.28916,12,세종특별시
2026-06-16T14:30:20+09:00,GBIKE,372626,62.0,36.608716,127.283788,12,세종특별시
2026-06-16T14:30:20+09:00,GBIKE,376044,48.0,36.608716,127.283813,12,세종특별시
2026-06-16T14:30:20+09:00,GBIKE,382510,56.0,36.608716,127.283715,12,세종특별시
2026-06-16T14:30:20+09:00,GBIKE,617731,100.0,36.608719,127.289087,12,세종특별시
2026-06-16T14:30:20+09:00,GBIKE,372817,100.0,36.608721,127.289158,12,세종특별시
2026-06-16T14:30:20+09:00,GBIKE,383553,56.0,36.608721,127.283806,12,세종특별시
2026-06-16T14:30:20+09:00,GBIKE,623923,33.0,36.608722,127.289101,12,세종특별시
2026-06-16T14:30:20+09:00,GBIKE,369717,41.0,36.608723,127.291825,12,세종특별시
2026-06-16T14:30:20+09:00,GBIKE,375376,100.0,36.608723,127.289175,12,세종특별시
2026-06-16T14:30:20+09:00,GBIKE,384555,100.0,36.608723,127.283723,12,세종특별시
2026-06-16T14:30:20+09:00,GBIKE,367411,81.0,36.608725,127.288913,12,세종특별시
2026-06-16T14:30:20+09:00,GBIKE,372728,100.0,36.608726,127.289165,12,세종특별시
2026-06-16T14:30:20+09:00,GBIKE,373521,51.0,36.608726,127.283776,12,세종특별시
2026-06-16T14:30:20+09:00,GBIKE,382588,100.0,36.608726,127.288955,12,세종특별시
2026-06-16T14:30:20+09:00,GBIKE,623340,66.0,36.608726,127.289132,12,세종특별시
2026-06-16T14:30:20+09:00,GBIKE,366505,43.0,36.608728,127.283965,12,세종특별시
2026-06-16T14:30:20+09:00,GBIKE,368100,70.0,36.608728,127.289081,12,세종특별시
2026-06-16T14:30:20+09:00,GBIKE,368693,54.0,36.608728,127.283845,12,세종특별시
2026-06-16T14:30:20+09:00,GBIKE,392112,47.0,36.608728,127.289176,12,세종특별시
2026-06-16T14:30:20+09:00,GBIKE,383883,85.0,36.60873,127.283818,12,세종특별시
2026-06-16T14:30:20+09:00,GBIKE,332032,100.0,36.608731,127.289158,12,세종특별시
2026-06-16T14:30:20+09:00,GBIKE,611134,50.0,36.608732,127.2918,12,세종특별시
2026-06-16T14:30:20+09:00,GBIKE,365780,66.0,36.608733,127.283921,12,세종특별시
2026-06-16T14:30:20+09:00,GBIKE,377296,100.0,36.608733,127.289183,12,세종특별시
2026-06-16T14:30:20+09:00,GBIKE,347357,43.0,36.608735,127.28912,12,세종특별시
2026-06-16T14:30:20+09:00,GBIKE,352898,100.0,36.608735,127.289155,12,세종특별시
2026-06-16T14:30:20+09:00,GBIKE,377794,48.0,36.608735,127.289156,12,세종특별시
2026-06-16T14:30:20+09:00,GBIKE,387855,60.0,36.608735,127.289053,12,세종특별시
2026-06-16T14:30:20+09:00,GBIKE,381932,100.0,36.608736,127.289165,12,세종특별시
2026-06-16T14:30:20+09:00,GBIKE,601083,88.0,36.608741,127.283835,12,세종특별시
2026-06-16T14:30:20+09:00,GBIKE,612617,50.0,36.608744,127.289096,12,세종특별시
2026-06-16T14:30:20+09:00,GBIKE,367103,81.0,36.608745,127.283795,12,세종특별시
2026-06-16T14:30:20+09:00,GBIKE,348558,100.0,36.608753,127.289083,12,세종특별시
2026-06-16T14:30:20+09:00,GBIKE,631829,89.0,36.608753,127.289107,12,세종특별시
2026-06-16T14:30:20+09:00,GBIKE,363877,72.0,36.608756,127.283858,12,세종특별시
2026-06-16T14:30:20+09:00,GBIKE,367058,46.0,36.608756,127.28402,12,세종특별시
2026-06-16T14:30:20+09:00,GBIKE,378828,39.0,36.608756,127.288828,12,세종특별시
2026-06-16T14:30:20+09:00,GBIKE,625620,64.0,36.608757,127.289099,12,세종특별시
2026-06-16T14:30:20+09:00,GBIKE,369813,85.0,36.608758,127.283758,12,세종특별시
2026-06-16T14:30:20+09:00,GBIKE,377483,85.0,36.608758,127.283901,12,세종특별시
2026-06-16T14:30:20+09:00,GBIKE,388893,68.0,36.608758,127.283778,12,세종특별시
2026-06-16T14:30:20+09:00,GBIKE,392296,44.0,36.608761,127.289095,12,세종특별시
2026-06-16T14:30:20+09:00,GBIKE,630894,94.0,36.608764,127.289124,12,세종특별시
2026-06-16T14:30:20+09:00,GBIKE,375391,100.0,36.608765,127.289071,12,세종특별시
2026-06-16T14:30:20+09:00,GBIKE,626567,100.0,36.608771,127.283785,12,세종특별시
2026-06-16T14:30:20+09:00,GBIKE,390703,51.0,36.608776,127.283936,12,세종특별시
2026-06-16T14:30:20+09:00,GBIKE,638316,89.0,36.608776,127.289133,12,세종특별시
2026-06-16T14:30:20+09:00,GBIKE,385514,50.0,36.60878,127.283928,12,세종특별시
2026-06-16T14:30:20+09:00,GBIKE,345843,59.0,36.608781,127.283948,12,세종특별시
2026-06-16T14:30:20+09:00,GBIKE,385642,42.0,36.608786,127.28389,12,세종특별시
2026-06-16T14:30:20+09:00,GBIKE,390838,51.0,36.60879,127.288925,12,세종특별시
2026-06-16T14:30:20+09:00,GBIKE,387312,56.0,36.608793,127.283931,12,세종특별시
2026-06-16T14:30:20+09:00,GBIKE,355329,63.0,36.608795,127.283898,12,세종특별시
2026-06-16T14:30:20+09:00,GBIKE,609681,83.0,36.608796,127.289096,12,세종특별시
2026-06-16T14:30:20+09:00,GBIKE,343439,82.0,36.6088,127.288925,12,세종특별시
2026-06-16T14:30:20+09:00,GBIKE,383623,47.0,36.6088,127.28894,12,세종특별시
2026-06-16T14:30:20+09:00,GBIKE,365565,87.0,36.608801,127.283926,12,세종특별시
2026-06-16T14:30:20+09:00,GBIKE,392835,64.0,36.608806,127.28893,12,세종특별시
2026-06-16T14:30:20+09:00,GBIKE,621289,44.0,36.608806,127.288868,12,세종특별시
2026-06-16T14:30:20+09:00,GBIKE,370368,55.0,36.60881,127.28894,12,세종특별시
2026-06-16T14:30:20+09:00,GBIKE,382936,59.0,36.60881,127.288921,12,세종특별시
2026-06-16T14:30:20+09:00,GBIKE,347346,49.0,36.608811,127.288925,12,세종특별시
2026-06-16T14:30:20+09:00,GBIKE,379855,100.0,36.608813,127.288916,12,세종특별시
2026-06-16T14:30:20+09:00,GBIKE,388764,57.0,36.608813,127.288923,12,세종특별시
2026-06-16T14:30:20+09:00,GBIKE,361763,71.0,36.608816,127.28893,12,세종특별시
2026-06-16T14:30:20+09:00,GBIKE,376030,48.0,36.608816,127.288933,12,세종특별시
2026-06-16T14:30:20+09:00,GBIKE,636806,79.0,36.608817,127.289122,12,세종특별시
2026-06-16T14:30:20+09:00,GBIKE,611309,93.0,36.60882,127.288891,12,세종특별시
2026-06-16T14:30:20+09:00,GBIKE,367718,68.0,36.608821,127.283916,12,세종특별시
2026-06-16T14:30:20+09:00,GBIKE,612172,57.0,36.608822,127.28889,12,세종특별시
2026-06-16T14:30:20+09:00,GBIKE,375524,89.0,36.608833,127.283863,12,세종특별시
2026-06-16T14:30:20+09:00,GBIKE,622703,100.0,36.608833,127.288889,12,세종특별시
2026-06-16T14:30:20+09:00,GBIKE,625542,45.0,36.608833,127.288852,12,세종특별시
2026-06-16T14:30:20+09:00,GBIKE,365828,60.0,36.608836,127.28909,12,세종특별시
2026-06-16T14:30:20+09:00,GBIKE,367251,49.0,36.60884,127.2838,12,세종특별시
2026-06-16T14:30:20+09:00,GBIKE,355960,60.0,36.608845,127.288898,12,세종특별시
2026-06-16T14:30:20+09:00,GBIKE,617885,89.0,36.608854,127.289074,12,세종특별시
2026-06-16T14:30:20+09:00,GBIKE,615848,100.0,36.608855,127.288909,12,세종특별시
2026-06-16T14:30:20+09:00,GBIKE,377729,46.0,36.608858,127.28394,12,세종특별시
2026-06-16T14:30:20+09:00,GBIKE,630518,90.0,36.60886,127.289089,12,세종특별시
2026-06-16T14:30:20+09:00,GBIKE,375330,73.0,36.608871,127.289091,12,세종특별시
2026-06-16T14:30:20+09:00,GBIKE,395237,100.0,36.608878,127.289061,12,세종특별시
2026-06-16T14:30:20+09:00,GBIKE,371980,64.0,36.60888,127.289086,12,세종특별시
2026-06-16T14:30:20+09:00,GBIKE,624613,80.0,36.608893,127.289056,12,세종특별시
2026-06-16T14:30:20+09:00,GBIKE,617002,89.0,36.608898,127.289096,12,세종특별시
2026-06-16T14:30:20+09:00,GBIKE,385493,79.0,36.608906,127.28442,12,세종특별시
2026-06-16T14:30:20+09:00,GBIKE,632897,89.0,36.60891,127.289087,12,세종특별시
2026-06-16T14:30:20+09:00,GBIKE,617634,51.0,36.60892,127.289071,12,세종특별시
2026-06-16T14:30:20+09:00,GBIKE,365566,54.0,36.609043,127.286016,12,세종특별시
2026-06-16T14:30:20+09:00,GBIKE,374050,90.0,36.609051,127.286048,12,세종특별시
2026-06-16T14:30:20+09:00,GBIKE,367416,41.0,36.609058,127.286045,12,세종특별시
2026-06-16T14:30:20+09:00,GBIKE,638332,54.0,36.609065,127.286077,12,세종특별시
2026-06-16T14:30:20+09:00,GBIKE,380917,72.0,36.60907,127.286031,12,세종특별시
2026-06-16T14:30:20+09:00,GBIKE,390561,44.0,36.609071,127.286013,12,세종특별시
2026-06-16T14:30:20+09:00,GBIKE,394153,46.0,36.609076,127.286156,12,세종특별시
2026-06-16T14:30:20+09:00,GBIKE,383557,100.0,36.60909,127.286055,12,세종특별시
2026-06-16T14:30:20+09:00,GBIKE,615828,53.0,36.60909,127.285973,12,세종특별시
2026-06-16T14:30:20+09:00,GBIKE,372868,89.0,36.609093,127.286073,12,세종특별시
2026-06-16T14:30:20+09:00,GBIKE,384378,96.0,36.609096,127.28611,12,세종특별시
2026-06-16T14:30:20+09:00,GBIKE,390484,34.0,36.6091,127.28609,12,세종특별시
2026-06-16T14:30:20+09:00,GBIKE,637872,33.0,36.609107,127.28603,12,세종특별시
2026-06-16T14:30:20+09:00,GBIKE,380915,30.0,36.60911,127.285976,12,세종특별시
2026-06-16T14:30:20+09:00,GBIKE,624058,82.0,36.609157,127.293352,12,세종특별시
2026-06-16T14:30:20+09:00,GBIKE,380639,34.0,36.609263,127.29129,12,세종특별시
2026-06-16T14:30:20+09:00,GBIKE,382505,100.0,36.609295,127.292561,12,세종특별시
2026-06-16T14:30:20+09:00,GBIKE,349257,32.0,36.609325,127.292735,12,세종특별시
2026-06-16T14:30:20+09:00,GBIKE,377611,72.0,36.609405,127.291325,12,세종특별시
2026-06-16T14:30:20+09:00,GBIKE,602862,70.0,36.609511,127.291206,12,세종특별시
2026-06-16T14:30:20+09:00,GBIKE,373290,60.0,36.609513,127.296696,12,세종특별시
2026-06-16T14:30:20+09:00,GBIKE,371898,32.0,36.60954,127.296703,12,세종특별시
2026-06-16T14:30:20+09:00,GBIKE,383163,92.0,36.609646,127.288595,12,세종특별시
2026-06-16T14:30:20+09:00,GBIKE,383624,83.0,36.609653,127.28689,12,세종특별시
2026-06-16T14:30:20+09:00,GBIKE,372399,33.0,36.609668,127.286911,12,세종특별시
2026-06-16T14:30:20+09:00,GBIKE,385638,32.0,36.609691,127.286855,12,세종특별시
2026-06-16T14:30:20+09:00,GBIKE,388372,33.0,36.609705,127.286891,12,세종특별시
2026-06-16T14:30:20+09:00,GBIKE,630625,30.0,36.609807,127.293207,12,세종특별시
2026-06-16T14:30:20+09:00,GBIKE,613735,58.0,36.610304,127.296759,12,세종특별시
2026-06-16T14:30:20+09:00,GBIKE,389584,33.0,36.610378,127.289981,12,세종특별시
2026-06-16T14:30:20+09:00,GBIKE,374321,53.0,36.610385,127.289133,12,세종특별시
2026-06-16T14:30:20+09:00,GBIKE,603062,87.0,36.61039,127.289153,12,세종특별시
2026-06-16T14:30:20+09:00,GBIKE,367874,67.0,36.6104,127.289101,12,세종특별시
2026-06-16T14:30:20+09:00,GBIKE,392376,30.0,36.610405,127.289125,12,세종특별시
2026-06-16T14:30:20+09:00,GBIKE,635581,30.0,36.610408,127.289239,12,세종특별시
2026-06-16T14:30:20+09:00,GBIKE,386463,91.0,36.610505,127.285515,12,세종특별시
2026-06-16T14:30:20+09:00,GBIKE,351622,71.0,36.610508,127.285521,12,세종특별시
2026-06-16T14:30:20+09:00,GBIKE,366565,31.0,36.610521,127.285605,12,세종특별시
2026-06-16T14:30:20+09:00,GBIKE,375058,62.0,36.610545,127.285543,12,세종특별시
2026-06-16T14:30:20+09:00,GBIKE,390769,74.0,36.610546,127.285551,12,세종특별시
2026-06-16T14:30:20+09:00,GBIKE,638335,88.0,36.61057,127.28549,12,세종특별시
2026-06-16T14:30:20+09:00,GBIKE,343404,35.0,36.610571,127.29318,12,세종특별시
2026-06-16T14:30:20+09:00,GBIKE,380920,48.0,36.610575,127.285535,12,세종특별시
2026-06-16T14:30:20+09:00,GBIKE,616296,58.0,36.610583,127.285434,12,세종특별시
2026-06-16T14:30:20+09:00,GBIKE,618900,76.0,36.61059,127.285458,12,세종특별시
2026-06-16T14:30:20+09:00,GBIKE,618953,88.0,36.6106,127.285493,12,세종특별시
2026-06-16T14:30:20+09:00,GBIKE,390685,33.0,36.610671,127.297201,12,세종특별시
2026-06-16T14:30:20+09:00,GBIKE,369424,48.0,36.610758,127.291476,12,세종특별시
2026-06-16T14:30:20+09:00,GBIKE,367102,89.0,36.61076,127.291476,12,세종특별시
2026-06-16T14:30:20+09:00,GBIKE,394098,32.0,36.610773,127.298521,12,세종특별시
2026-06-16T14:30:20+09:00,GBIKE,614015,62.0,36.610942,127.285846,12,세종특별시
2026-06-16T14:30:20+09:00,GBIKE,368120,30.0,36.610958,127.290111,12,세종특별시
2026-06-16T14:30:20+09:00,GBIKE,383149,47.0,36.610965,127.28607,12,세종특별시
2026-06-16T14:30:20+09:00,GBIKE,375429,65.0,36.610993,127.286125,12,세종특별시
2026-06-16T14:30:20+09:00,GBIKE,347335,59.0,36.61101,127.286173,12,세종특별시
2026-06-16T14:30:20+09:00,GBIKE,377293,38.0,36.611015,127.286258,12,세종특별시
2026-06-16T14:30:20+09:00,GBIKE,380113,91.0,36.61102,127.293093,12,세종특별시
2026-06-16T14:30:20+09:00,GBIKE,378803,33.0,36.61103,127.28607,12,세종특별시
2026-06-16T14:30:20+09:00,GBIKE,366495,71.0,36.611033,127.290036,12,세종특별시
2026-06-16T14:30:20+09:00,GBIKE,374698,62.0,36.611043,127.290075,12,세종특별시
2026-06-16T14:30:20+09:00,GBIKE,369415,56.0,36.611053,127.286108,12,세종특별시
2026-06-16T14:30:20+09:00,GBIKE,384327,62.0,36.611075,127.290023,12,세종특별시
2026-06-16T14:30:20+09:00,GBIKE,376081,57.0,36.611076,127.290128,12,세종특별시
2026-06-16T14:30:20+09:00,GBIKE,384363,50.0,36.611076,127.29004,12,세종특별시
2026-06-16T14:30:20+09:00,GBIKE,368766,79.0,36.61108,127.28607,12,세종특별시
2026-06-16T14:30:20+09:00,GBIKE,386032,62.0,36.61108,127.289943,12,세종특별시
2026-06-16T14:30:20+09:00,GBIKE,390382,64.0,36.611083,127.289985,12,세종특별시
2026-06-16T14:30:20+09:00,GBIKE,383834,44.0,36.611085,127.289961,12,세종특별시
2026-06-16T14:30:20+09:00,GBIKE,367523,81.0,36.611086,127.289991,12,세종특별시
2026-06-16T14:30:20+09:00,GBIKE,377436,89.0,36.611086,127.289978,12,세종특별시
2026-06-16T14:30:20+09:00,GBIKE,372070,33.0,36.61109,127.289973,12,세종특별시
2026-06-16T14:30:20+09:00,GBIKE,378931,89.0,36.61109,127.289996,12,세종특별시
2026-06-16T14:30:20+09:00,GBIKE,363973,100.0,36.611098,127.290041,12,세종특별시
2026-06-16T14:30:20+09:00,GBIKE,370121,91.0,36.611103,127.28754,12,세종특별시
2026-06-16T14:30:20+09:00,GBIKE,627295,36.0,36.611103,127.29664,12,세종특별시
2026-06-16T14:30:20+09:00,GBIKE,388680,75.0,36.611106,127.290108,12,세종특별시
2026-06-16T14:30:20+09:00,GBIKE,362145,31.0,36.611108,127.289961,12,세종특별시
2026-06-16T14:30:20+09:00,GBIKE,363571,40.0,36.611113,127.289985,12,세종특별시
2026-06-16T14:30:20+09:00,GBIKE,368902,56.0,36.611118,127.290086,12,세종특별시
2026-06-16T14:30:20+09:00,GBIKE,382998,92.0,36.611118,127.287281,12,세종특별시
2026-06-16T14:30:20+09:00,GBIKE,390771,70.0,36.61112,127.289366,12,세종특별시
2026-06-16T14:30:20+09:00,GBIKE,366516,31.0,36.611123,127.287396,12,세종특별시
2026-06-16T14:30:20+09:00,GBIKE,381177,49.0,36.611123,127.29006,12,세종특별시
2026-06-16T14:30:20+09:00,GBIKE,383887,95.0,36.611128,127.289965,12,세종특별시
2026-06-16T14:30:20+09:00,GBIKE,394095,50.0,36.611128,127.290073,12,세종특별시
2026-06-16T14:30:20+09:00,GBIKE,626724,53.0,36.611132,127.287309,12,세종특별시
2026-06-16T14:30:20+09:00,GBIKE,363636,64.0,36.611133,127.289965,12,세종특별시
2026-06-16T14:30:20+09:00,GBIKE,374386,71.0,36.611133,127.2874,12,세종특별시
2026-06-16T14:30:20+09:00,GBIKE,367389,50.0,36.611143,127.28996,12,세종특별시
2026-06-16T14:30:20+09:00,GBIKE,372400,42.0,36.611145,127.290008,12,세종특별시
2026-06-16T14:30:20+09:00,GBIKE,338106,100.0,36.611148,127.290055,12,세종특별시
2026-06-16T14:30:20+09:00,GBIKE,388631,64.0,36.611148,127.290086,12,세종특별시
2026-06-16T14:30:20+09:00,GBIKE,631918,88.0,36.61115,127.287336,12,세종특별시
2026-06-16T14:30:20+09:00,GBIKE,392394,91.0,36.611156,127.289966,12,세종특별시
2026-06-16T14:30:20+09:00,GBIKE,364199,41.0,36.611158,127.289955,12,세종특별시
2026-06-16T14:30:20+09:00,GBIKE,389488,88.0,36.611158,127.287363,12,세종특별시
2026-06-16T14:30:20+09:00,GBIKE,376843,41.0,36.61116,127.29004,12,세종특별시
2026-06-16T14:30:20+09:00,GBIKE,603533,73.0,36.61116,127.287325,12,세종특별시
2026-06-16T14:30:20+09:00,GBIKE,638562,41.0,36.61116,127.289955,12,세종특별시
2026-06-16T14:30:20+09:00,GBIKE,607348,35.0,36.611161,127.287329,12,세종특별시
2026-06-16T14:30:20+09:00,GBIKE,630979,30.0,36.611161,127.287341,12,세종특별시
2026-06-16T14:30:20+09:00,GBIKE,383223,38.0,36.611165,127.28742,12,세종특별시
2026-06-16T14:30:20+09:00,GBIKE,364026,55.0,36.611168,127.289368,12,세종특별시
2026-06-16T14:30:20+09:00,GBIKE,628874,30.0,36.611168,127.287324,12,세종특별시
2026-06-16T14:30:20+09:00,GBIKE,389105,57.0,36.611171,127.287398,12,세종특별시
2026-06-16T14:30:20+09:00,GBIKE,348036,53.0,36.611176,127.287313,12,세종특별시
2026-06-16T14:30:20+09:00,GBIKE,372751,84.0,36.611176,127.290061,12,세종특별시
2026-06-16T14:30:20+09:00,GBIKE,631081,93.0,36.611185,127.287352,12,세종특별시
2026-06-16T14:30:20+09:00,GBIKE,637500,43.0,36.611188,127.290022,12,세종특별시
2026-06-16T14:30:20+09:00,GBIKE,394698,46.0,36.61119,127.287246,12,세종특별시
2026-06-16T14:30:20+09:00,GBIKE,368165,68.0,36.611195,127.28735,12,세종특별시
2026-06-16T14:30:20+09:00,GBIKE,379519,36.0,36.611195,127.287433,12,세종특별시
2026-06-16T14:30:20+09:00,GBIKE,347359,55.0,36.611196,127.287328,12,세종특별시
2026-06-16T14:30:20+09:00,GBIKE,384713,80.0,36.6112,127.28731,12,세종특별시
2026-06-16T14:30:20+09:00,GBIKE,373728,37.0,36.611201,127.287281,12,세종특별시
2026-06-16T14:30:20+09:00,GBIKE,382650,38.0,36.611203,127.28744,12,세종특별시
2026-06-16T14:30:20+09:00,GBIKE,385510,36.0,36.611205,127.290043,12,세종특별시
2026-06-16T14:30:20+09:00,GBIKE,382533,30.0,36.611206,127.287365,12,세종특별시
2026-06-16T14:30:20+09:00,GBIKE,638303,43.0,36.611206,127.287294,12,세종특별시
2026-06-16T14:30:20+09:00,GBIKE,389264,58.0,36.611208,127.287368,12,세종특별시
2026-06-16T14:30:20+09:00,GBIKE,390442,30.0,36.611208,127.287343,12,세종특별시
2026-06-16T14:30:20+09:00,GBIKE,367351,99.0,36.611211,127.287345,12,세종특별시
2026-06-16T14:30:20+09:00,GBIKE,371839,40.0,36.611211,127.287435,12,세종특별시
2026-06-16T14:30:20+09:00,GBIKE,383726,61.0,36.611213,127.287246,12,세종특별시
2026-06-16T14:30:20+09:00,GBIKE,389536,61.0,36.611216,127.287393,12,세종특별시
2026-06-16T14:30:20+09:00,GBIKE,384391,89.0,36.611221,127.287411,12,세종특별시
2026-06-16T14:30:20+09:00,GBIKE,377764,81.0,36.611223,127.287301,12,세종특별시
2026-06-16T14:30:20+09:00,GBIKE,374717,65.0,36.611225,127.287306,12,세종특별시
2026-06-16T14:30:20+09:00,GBIKE,378994,95.0,36.61123,127.287496,12,세종특별시
2026-06-16T14:30:20+09:00,GBIKE,377014,43.0,36.611235,127.287363,12,세종특별시
2026-06-16T14:30:20+09:00,GBIKE,364639,77.0,36.611238,127.287261,12,세종특별시
2026-06-16T14:30:20+09:00,GBIKE,393158,78.0,36.611238,127.287491,12,세종특별시
2026-06-16T14:30:20+09:00,GBIKE,382502,33.0,36.611241,127.287396,12,세종특별시
2026-06-16T14:30:20+09:00,GBIKE,378046,37.0,36.611248,127.28741,12,세종특별시
2026-06-16T14:30:20+09:00,GBIKE,386486,37.0,36.611255,127.287413,12,세종특별시
2026-06-16T14:30:20+09:00,GBIKE,339870,86.0,36.611275,127.287438,12,세종특별시
2026-06-16T14:30:20+09:00,GBIKE,372771,31.0,36.611296,127.287371,12,세종특별시
2026-06-16T14:30:20+09:00,GBIKE,345873,30.0,36.611506,127.284608,12,세종특별시
2026-06-16T14:30:20+09:00,GBIKE,386746,71.0,36.611525,127.284636,12,세종특별시
2026-06-16T14:30:20+09:00,GBIKE,389748,99.0,36.611533,127.284663,12,세종특별시
2026-06-16T14:30:20+09:00,GBIKE,367380,73.0,36.611545,127.284651,12,세종특별시
2026-06-16T14:30:20+09:00,GBIKE,384693,92.0,36.611555,127.284661,12,세종특별시
2026-06-16T14:30:20+09:00,GBIKE,377735,31.0,36.611946,127.284841,12,세종특별시
2026-06-16T14:30:20+09:00,GBIKE,373233,54.0,36.611961,127.284818,12,세종특별시
2026-06-16T14:30:20+09:00,GBIKE,628253,46.0,36.611967,127.284812,12,세종특별시
2026-06-16T14:30:20+09:00,GBIKE,383612,33.0,36.611971,127.284861,12,세종특별시
2026-06-16T14:30:20+09:00,GBIKE,607950,70.0,36.611971,127.284842,12,세종특별시
2026-06-16T14:30:20+09:00,GBIKE,624252,93.0,36.611979,127.284803,12,세종특별시
2026-06-16T14:30:20+09:00,GBIKE,347744,87.0,36.613296,127.331585,12,세종특별시
2026-06-16T14:30:20+09:00,GBIKE,385435,67.0,36.613308,127.331583,12,세종특별시
2026-06-16T14:30:20+09:00,GBIKE,367337,33.0,36.613763,127.2925,12,세종특별시
2026-06-16T14:30:20+09:00,GBIKE,387886,30.0,36.613773,127.290445,12,세종특별시
2026-06-16T14:30:20+09:00,GBIKE,384398,32.0,36.613971,127.292441,12,세종특별시
2026-06-16T14:30:20+09:00,GBIKE,638210,100.0,36.614018,127.315002,12,세종특별시
2026-06-16T14:30:20+09:00,GBIKE,364617,97.0,36.614086,127.290198,12,세종특별시
2026-06-16T14:30:20+09:00,GBIKE,383599,100.0,36.614086,127.290185,12,세종특별시
2026-06-16T14:30:20+09:00,GBIKE,617959,100.0,36.61409,127.290174,12,세종특별시
2026-06-16T14:30:20+09:00,GBIKE,370088,100.0,36.614098,127.290158,12,세종특별시
2026-06-16T14:30:20+09:00,GBIKE,376304,100.0,36.614098,127.290185,12,세종특별시
2026-06-16T14:30:20+09:00,GBIKE,635165,100.0,36.614104,127.290156,12,세종특별시
2026-06-16T14:30:20+09:00,GBIKE,367831,31.0,36.61427,127.288606,12,세종특별시
2026-06-16T14:30:20+09:00,GBIKE,390295,35.0,36.614725,127.288108,12,세종특별시
2026-06-16T14:30:20+09:00,GBIKE,383347,96.0,36.614836,127.28433,12,세종특별시
2026-06-16T14:30:20+09:00,GBIKE,637526,70.0,36.615302,127.360331,12,세종특별시
2026-06-16T14:30:20+09:00,GBIKE,632681,87.0,36.615381,127.292573,12,세종특별시
2026-06-16T14:30:20+09:00,GBIKE,379960,63.0,36.616015,127.287118,12,세종특별시
2026-06-16T14:30:20+09:00,GBIKE,382690,99.0,36.616063,127.360265,12,세종특별시
2026-06-16T14:30:20+09:00,GBIKE,384320,69.0,36.616603,127.28692,12,세종특별시
2026-06-16T14:30:20+09:00,GBIKE,355297,61.0,36.616608,127.286908,12,세종특별시
2026-06-16T14:30:20+09:00,GBIKE,372300,36.0,36.616611,127.28667,12,세종특별시
2026-06-16T14:30:20+09:00,GBIKE,381308,60.0,36.616613,127.28691,12,세종특별시
2026-06-16T14:30:20+09:00,GBIKE,375506,97.0,36.616618,127.286918,12,세종특별시
2026-06-16T14:30:20+09:00,GBIKE,374564,57.0,36.61662,127.28692,12,세종특별시
2026-06-16T14:30:20+09:00,GBIKE,388399,66.0,36.61662,127.286946,12,세종특별시
2026-06-16T14:30:20+09:00,GBIKE,392234,58.0,36.616621,127.28692,12,세종특별시
2026-06-16T14:30:20+09:00,GBIKE,383167,68.0,36.616635,127.286915,12,세종특별시
2026-06-16T14:30:20+09:00,GBIKE,372002,49.0,36.616828,127.287088,12,세종특별시
2026-06-16T14:30:20+09:00,GBIKE,384375,64.0,36.616831,127.329133,12,세종특별시
2026-06-16T14:30:20+09:00,GBIKE,625142,48.0,36.616959,127.287231,12,세종특별시
2026-06-16T14:30:20+09:00,GBIKE,130745,33.0,36.617507,127.285737,12,세종특별시
2026-06-16T14:30:20+09:00,GBIKE,372776,89.0,36.617553,127.290468,12,세종특별시
2026-06-16T14:30:20+09:00,GBIKE,368400,71.0,36.618043,127.321585,12,세종특별시
2026-06-16T14:30:20+09:00,GBIKE,375530,30.0,36.618186,127.285706,12,세종특별시
2026-06-16T14:30:20+09:00,GBIKE,375561,54.0,36.618205,127.28577,12,세종특별시
2026-06-16T14:30:20+09:00,GBIKE,390538,52.0,36.618233,127.285766,12,세종특별시
2026-06-16T14:30:20+09:00,GBIKE,366207,63.0,36.618245,127.285758,12,세종특별시
2026-06-16T14:30:20+09:00,GBIKE,604547,82.0,36.618245,127.285773,12,세종특별시
2026-06-16T14:30:20+09:00,GBIKE,386976,86.0,36.618258,127.285805,12,세종특별시
2026-06-16T14:30:20+09:00,GBIKE,382572,47.0,36.618271,127.285761,12,세종특별시
2026-06-16T14:30:20+09:00,GBIKE,332859,43.0,36.618278,127.285766,12,세종특별시
2026-06-16T14:30:20+09:00,GBIKE,381716,64.0,36.618306,127.285761,12,세종특별시
2026-06-16T14:30:20+09:00,GBIKE,376341,31.0,36.618313,127.285855,12,세종특별시
2026-06-16T14:30:20+09:00,GBIKE,384694,70.0,36.61834,127.285756,12,세종특별시
2026-06-16T14:30:20+09:00,GBIKE,333967,92.0,36.618813,127.290806,12,세종특별시
2026-06-16T14:30:20+09:00,GBIKE,370326,54.0,36.618836,127.28499,12,세종특별시
2026-06-16T14:30:20+09:00,GBIKE,383590,43.0,36.618901,127.288586,12,세종특별시
2026-06-16T14:30:20+09:00,GBIKE,386756,43.0,36.61891,127.288586,12,세종특별시
2026-06-16T14:30:20+09:00,GBIKE,620351,96.0,36.618988,127.318896,12,세종특별시
2026-06-16T14:30:20+09:00,GBIKE,349173,42.0,36.61987,127.310753,12,세종특별시
2026-06-16T14:30:20+09:00,GBIKE,367800,36.0,36.62091,127.282471,12,세종특별시
2026-06-16T14:30:20+09:00,GBIKE,377277,92.0,36.621166,127.290566,12,세종특별시
2026-06-16T14:30:20+09:00,GBIKE,383890,52.0,36.621166,127.283335,12,세종특별시
2026-06-16T14:30:20+09:00,GBIKE,374732,39.0,36.62144,127.358601,12,세종특별시
2026-06-16T14:30:20+09:00,GBIKE,381558,100.0,36.621485,127.321955,12,세종특별시
2026-06-16T14:30:20+09:00,GBIKE,337661,78.0,36.621506,127.290936,12,세종특별시
2026-06-16T14:30:20+09:00,GBIKE,379714,54.0,36.62151,127.290941,12,세종특별시
2026-06-16T14:30:20+09:00,GBIKE,383567,50.0,36.621611,127.283366,12,세종특별시
2026-06-16T14:30:20+09:00,GBIKE,374566,100.0,36.621626,127.283446,12,세종특별시
2026-06-16T14:30:20+09:00,GBIKE,363988,39.0,36.621636,127.283413,12,세종특별시
2026-06-16T14:30:20+09:00,GBIKE,343399,100.0,36.623003,127.290195,12,세종특별시
2026-06-16T14:30:20+09:00,GBIKE,385639,72.0,36.624126,127.33088,12,세종특별시
2026-06-16T14:30:20+09:00,GBIKE,632299,41.0,36.629276,127.333273,12,세종특별시
2026-06-16T14:30:20+09:00,GBIKE,620356,93.0,36.631625,127.328545,12,세종특별시
2026-06-16T14:30:20+09:00,GBIKE,602329,62.0,36.631713,127.32859,12,세종특별시
2026-06-16T14:30:20+09:00,GBIKE,368357,67.0,36.656701,127.369016,12,세종특별시
