timestamp,operator_name,device_id,battery_level,latitude,longitude,city_code,city_name
2026-06-19T08:35:06+09:00,ALPACA,425055,30.0,36.32547,127.348305,12,세종특별시
2026-06-19T08:35:06+09:00,ALPACA,425373,39.0,36.326492,127.33874,12,세종특별시
2026-06-19T08:35:06+09:00,ALPACA,425451,31.0,36.32762,127.33943,12,세종특별시
2026-06-19T08:35:06+09:00,ALPACA,424720,48.0,36.33012,127.34353,12,세종특별시
2026-06-19T08:35:06+09:00,ALPACA,425050,100.0,36.330578,127.340164,12,세종특별시
2026-06-19T08:35:06+09:00,ALPACA,425455,49.0,36.336636,127.33467,12,세종특별시
2026-06-19T08:35:06+09:00,ALPACA,425975,62.0,36.338486,127.34279,12,세종특별시
2026-06-19T08:35:06+09:00,ALPACA,425413,62.0,36.338505,127.33282,12,세종특별시
2026-06-19T08:35:06+09:00,ALPACA,424952,46.0,36.339375,127.34195,12,세종특별시
2026-06-19T08:35:06+09:00,ALPACA,425006,38.0,36.339462,127.34202,12,세종특별시
2026-06-19T08:35:06+09:00,ALPACA,424743,82.0,36.339527,127.342,12,세종특별시
2026-06-19T08:35:06+09:00,ALPACA,424714,55.0,36.340332,127.34499,12,세종특별시
2026-06-19T08:35:06+09:00,ALPACA,425212,34.0,36.341503,127.33795,12,세종특별시
2026-06-19T08:35:06+09:00,ALPACA,425061,76.0,36.341545,127.34444,12,세종특별시
2026-06-19T08:35:06+09:00,ALPACA,425057,52.0,36.341568,127.34428,12,세종특별시
2026-06-19T08:35:06+09:00,ALPACA,424770,77.0,36.34157,127.34442,12,세종특별시
2026-06-19T08:35:06+09:00,ALPACA,424908,77.0,36.34158,127.34444,12,세종특별시
2026-06-19T08:35:06+09:00,ALPACA,424920,49.0,36.341583,127.34441,12,세종특별시
2026-06-19T08:35:06+09:00,ALPACA,424350,47.0,36.34164,127.33769,12,세종특별시
2026-06-19T08:35:06+09:00,ALPACA,424710,79.0,36.34184,127.34715,12,세종특별시
2026-06-19T08:35:06+09:00,ALPACA,425679,41.0,36.342346,127.340965,12,세종특별시
2026-06-19T08:35:06+09:00,ALPACA,425476,97.0,36.342384,127.34097,12,세종특별시
2026-06-19T08:35:06+09:00,ALPACA,425126,97.0,36.342384,127.34094,12,세종특별시
2026-06-19T08:35:06+09:00,ALPACA,424450,54.0,36.34246,127.34149,12,세종특별시
2026-06-19T08:35:06+09:00,ALPACA,424868,64.0,36.3427,127.339806,12,세종특별시
2026-06-19T08:35:06+09:00,ALPACA,424324,54.0,36.342773,127.33894,12,세종특별시
2026-06-19T08:35:06+09:00,ALPACA,424404,40.0,36.34278,127.3389,12,세종특별시
2026-06-19T08:35:06+09:00,ALPACA,424432,73.0,36.342785,127.33886,12,세종특별시
2026-06-19T08:35:06+09:00,ALPACA,424501,76.0,36.342796,127.338936,12,세종특별시
2026-06-19T08:35:06+09:00,ALPACA,424402,87.0,36.3428,127.33888,12,세종특별시
2026-06-19T08:35:06+09:00,ALPACA,424486,79.0,36.342808,127.3389,12,세종특별시
2026-06-19T08:35:06+09:00,ALPACA,424358,78.0,36.34281,127.33892,12,세종특별시
2026-06-19T08:35:06+09:00,ALPACA,424568,51.0,36.34281,127.33892,12,세종특별시
2026-06-19T08:35:06+09:00,ALPACA,424165,52.0,36.34282,127.337494,12,세종특별시
2026-06-19T08:35:06+09:00,ALPACA,424367,78.0,36.34282,127.3389,12,세종특별시
2026-06-19T08:35:06+09:00,ALPACA,425094,50.0,36.34283,127.3441,12,세종특별시
2026-06-19T08:35:06+09:00,ALPACA,424517,65.0,36.342922,127.344,12,세종특별시
2026-06-19T08:35:06+09:00,ALPACA,424839,64.0,36.342976,127.33981,12,세종특별시
2026-06-19T08:35:06+09:00,ALPACA,425238,54.0,36.343094,127.3444,12,세종특별시
2026-06-19T08:35:06+09:00,ALPACA,424425,40.0,36.34312,127.33904,12,세종특별시
2026-06-19T08:35:06+09:00,ALPACA,424508,33.0,36.34314,127.33361,12,세종특별시
2026-06-19T08:35:06+09:00,ALPACA,424544,57.0,36.3432,127.339165,12,세종특별시
2026-06-19T08:35:06+09:00,ALPACA,425151,59.0,36.34334,127.34419,12,세종특별시
2026-06-19T08:35:06+09:00,ALPACA,425383,59.0,36.343346,127.34419,12,세종특별시
2026-06-19T08:35:06+09:00,ALPACA,425524,53.0,36.343357,127.34417,12,세종특별시
2026-06-19T08:35:06+09:00,ALPACA,424787,81.0,36.34337,127.34419,12,세종특별시
2026-06-19T08:35:06+09:00,ALPACA,425112,68.0,36.343372,127.34417,12,세종특별시
2026-06-19T08:35:06+09:00,ALPACA,424897,50.0,36.34348,127.33816,12,세종특별시
2026-06-19T08:35:06+09:00,ALPACA,424709,71.0,36.343708,127.34429,12,세종특별시
2026-06-19T08:35:06+09:00,ALPACA,425677,67.0,36.34379,127.382706,12,세종특별시
2026-06-19T08:35:06+09:00,ALPACA,424707,51.0,36.344,127.34178,12,세종특별시
2026-06-19T08:35:06+09:00,ALPACA,424506,55.0,36.34425,127.33572,12,세종특별시
2026-06-19T08:35:06+09:00,ALPACA,425695,55.0,36.34427,127.34741,12,세종특별시
2026-06-19T08:35:06+09:00,ALPACA,425000,48.0,36.344334,127.34692,12,세종특별시
2026-06-19T08:35:06+09:00,ALPACA,425197,43.0,36.34453,127.33241,12,세종특별시
2026-06-19T08:35:06+09:00,ALPACA,424124,75.0,36.344643,127.33933,12,세종특별시
2026-06-19T08:35:06+09:00,ALPACA,424372,38.0,36.34483,127.34741,12,세종특별시
2026-06-19T08:35:06+09:00,ALPACA,425142,31.0,36.34541,127.32393,12,세종특별시
2026-06-19T08:35:06+09:00,ALPACA,425355,63.0,36.345676,127.33903,12,세종특별시
2026-06-19T08:35:06+09:00,ALPACA,425002,37.0,36.345753,127.337074,12,세종특별시
2026-06-19T08:35:06+09:00,ALPACA,424664,96.0,36.346123,127.34138,12,세종특별시
2026-06-19T08:35:06+09:00,ALPACA,425699,69.0,36.346195,127.33606,12,세종특별시
2026-06-19T08:35:06+09:00,ALPACA,424704,61.0,36.3468,127.33569,12,세종특별시
2026-06-19T08:35:06+09:00,ALPACA,425458,33.0,36.346813,127.33569,12,세종특별시
2026-06-19T08:35:06+09:00,ALPACA,425152,58.0,36.34684,127.33569,12,세종특별시
2026-06-19T08:35:06+09:00,ALPACA,424383,30.0,36.346848,127.3357,12,세종특별시
2026-06-19T08:35:06+09:00,ALPACA,425270,78.0,36.34685,127.335724,12,세종특별시
2026-06-19T08:35:06+09:00,ALPACA,424449,34.0,36.346855,127.335686,12,세종특별시
2026-06-19T08:35:06+09:00,ALPACA,425397,42.0,36.34703,127.33079,12,세종특별시
2026-06-19T08:35:06+09:00,ALPACA,425375,52.0,36.34705,127.33089,12,세종특별시
2026-06-19T08:35:06+09:00,ALPACA,424863,56.0,36.34708,127.34418,12,세종특별시
2026-06-19T08:35:06+09:00,ALPACA,425321,46.0,36.34708,127.33897,12,세종특별시
2026-06-19T08:35:06+09:00,ALPACA,425034,48.0,36.347115,127.33427,12,세종특별시
2026-06-19T08:35:06+09:00,ALPACA,424769,55.0,36.34713,127.340744,12,세종특별시
2026-06-19T08:35:06+09:00,ALPACA,425537,49.0,36.347977,127.34169,12,세종특별시
2026-06-19T08:35:06+09:00,ALPACA,425376,68.0,36.348225,127.33536,12,세종특별시
2026-06-19T08:35:06+09:00,ALPACA,424617,55.0,36.348232,127.331154,12,세종특별시
2026-06-19T08:35:06+09:00,ALPACA,425320,31.0,36.348244,127.33526,12,세종특별시
2026-06-19T08:35:06+09:00,ALPACA,425036,42.0,36.348267,127.33569,12,세종특별시
2026-06-19T08:35:06+09:00,ALPACA,424357,82.0,36.348293,127.335205,12,세종특별시
2026-06-19T08:35:06+09:00,ALPACA,426463,37.0,36.348343,127.33219,12,세종특별시
2026-06-19T08:35:06+09:00,ALPACA,424939,47.0,36.348362,127.33257,12,세종특별시
2026-06-19T08:35:06+09:00,ALPACA,425095,42.0,36.348408,127.33114,12,세종특별시
2026-06-19T08:35:06+09:00,ALPACA,425683,67.0,36.348576,127.33992,12,세종특별시
2026-06-19T08:35:06+09:00,ALPACA,425509,66.0,36.34864,127.33996,12,세종특별시
2026-06-19T08:35:06+09:00,ALPACA,425546,67.0,36.348648,127.339935,12,세종특별시
2026-06-19T08:35:06+09:00,ALPACA,425285,59.0,36.34868,127.335335,12,세종특별시
2026-06-19T08:35:06+09:00,ALPACA,425746,34.0,36.34869,127.339935,12,세종특별시
2026-06-19T08:35:06+09:00,ALPACA,425343,34.0,36.348724,127.3327,12,세종특별시
2026-06-19T08:35:06+09:00,ALPACA,425754,43.0,36.348732,127.33499,12,세종특별시
2026-06-19T08:35:06+09:00,ALPACA,424829,53.0,36.34877,127.32756,12,세종특별시
2026-06-19T08:35:06+09:00,ALPACA,424999,38.0,36.34963,127.33635,12,세종특별시
2026-06-19T08:35:06+09:00,ALPACA,424989,54.0,36.349663,127.336586,12,세종특별시
2026-06-19T08:35:06+09:00,ALPACA,426276,41.0,36.349823,127.38254,12,세종특별시
2026-06-19T08:35:06+09:00,ALPACA,424446,79.0,36.349888,127.33428,12,세종특별시
2026-06-19T08:35:06+09:00,ALPACA,425274,45.0,36.350433,127.329445,12,세종특별시
2026-06-19T08:35:06+09:00,ALPACA,425205,68.0,36.35046,127.34865,12,세종특별시
2026-06-19T08:35:06+09:00,ALPACA,425681,73.0,36.35048,127.32943,12,세종특별시
2026-06-19T08:35:06+09:00,ALPACA,425370,51.0,36.35068,127.33554,12,세종특별시
2026-06-19T08:35:06+09:00,ALPACA,423582,53.0,36.350746,127.33879,12,세종특별시
2026-06-19T08:35:06+09:00,ALPACA,426375,99.0,36.35077,127.3544,12,세종특별시
2026-06-19T08:35:06+09:00,ALPACA,424890,89.0,36.35124,127.33933,12,세종특별시
2026-06-19T08:35:06+09:00,ALPACA,425398,53.0,36.35127,127.33036,12,세종특별시
2026-06-19T08:35:06+09:00,ALPACA,425250,81.0,36.351402,127.332756,12,세종특별시
2026-06-19T08:35:06+09:00,ALPACA,425178,54.0,36.351433,127.35114,12,세종특별시
2026-06-19T08:35:06+09:00,ALPACA,425037,78.0,36.351437,127.33275,12,세종특별시
2026-06-19T08:35:06+09:00,ALPACA,425272,46.0,36.351517,127.34447,12,세종특별시
2026-06-19T08:35:06+09:00,ALPACA,425279,44.0,36.35155,127.3445,12,세종특별시
2026-06-19T08:35:06+09:00,ALPACA,425166,53.0,36.35158,127.34449,12,세종특별시
2026-06-19T08:35:06+09:00,ALPACA,425431,48.0,36.351585,127.34447,12,세종특별시
2026-06-19T08:35:06+09:00,ALPACA,425463,46.0,36.351597,127.34452,12,세종특별시
2026-06-19T08:35:06+09:00,ALPACA,425338,45.0,36.351597,127.346924,12,세종특별시
2026-06-19T08:35:06+09:00,ALPACA,426232,97.0,36.35173,127.34654,12,세종특별시
2026-06-19T08:35:06+09:00,ALPACA,425181,50.0,36.351772,127.34651,12,세종특별시
2026-06-19T08:35:06+09:00,ALPACA,425634,96.0,36.351948,127.34456,12,세종특별시
2026-06-19T08:35:06+09:00,ALPACA,425405,79.0,36.351967,127.33053,12,세종특별시
2026-06-19T08:35:06+09:00,ALPACA,425428,53.0,36.351982,127.33056,12,세종특별시
2026-06-19T08:35:06+09:00,ALPACA,424679,55.0,36.351986,127.33054,12,세종특별시
2026-06-19T08:35:06+09:00,ALPACA,425392,79.0,36.35199,127.33057,12,세종특별시
2026-06-19T08:35:06+09:00,ALPACA,424875,78.0,36.352005,127.33059,12,세종특별시
2026-06-19T08:35:06+09:00,ALPACA,424848,58.0,36.352013,127.337074,12,세종특별시
2026-06-19T08:35:06+09:00,ALPACA,424531,43.0,36.352016,127.33705,12,세종특별시
2026-06-19T08:35:06+09:00,ALPACA,424790,83.0,36.35203,127.33708,12,세종특별시
2026-06-19T08:35:06+09:00,ALPACA,425330,54.0,36.352066,127.34851,12,세종특별시
2026-06-19T08:35:06+09:00,ALPACA,425532,42.0,36.35213,127.34611,12,세종특별시
2026-06-19T08:35:06+09:00,ALPACA,424667,57.0,36.352142,127.341324,12,세종특별시
2026-06-19T08:35:06+09:00,ALPACA,425724,32.0,36.352177,127.333824,12,세종특별시
2026-06-19T08:35:06+09:00,ALPACA,425337,83.0,36.352417,127.37541,12,세종특별시
2026-06-19T08:35:06+09:00,ALPACA,424435,58.0,36.352432,127.341324,12,세종특별시
2026-06-19T08:35:06+09:00,ALPACA,424205,49.0,36.352486,127.33277,12,세종특별시
2026-06-19T08:35:06+09:00,ALPACA,424972,37.0,36.35249,127.344025,12,세종특별시
2026-06-19T08:35:06+09:00,ALPACA,424420,83.0,36.35261,127.33354,12,세종특별시
2026-06-19T08:35:06+09:00,ALPACA,425504,75.0,36.352695,127.32905,12,세종특별시
2026-06-19T08:35:06+09:00,ALPACA,423869,60.0,36.352776,127.33581,12,세종특별시
2026-06-19T08:35:06+09:00,ALPACA,424379,100.0,36.352863,127.37431,12,세종특별시
2026-06-19T08:35:06+09:00,ALPACA,424955,98.0,36.352867,127.37439,12,세종특별시
2026-06-19T08:35:06+09:00,ALPACA,424978,83.0,36.352875,127.37447,12,세종특별시
2026-06-19T08:35:06+09:00,ALPACA,425535,98.0,36.35288,127.374374,12,세종특별시
2026-06-19T08:35:06+09:00,ALPACA,424490,100.0,36.352882,127.37442,12,세종특별시
2026-06-19T08:35:06+09:00,ALPACA,424575,100.0,36.352882,127.37443,12,세종특별시
2026-06-19T08:35:06+09:00,ALPACA,425234,100.0,36.352882,127.37444,12,세종특별시
2026-06-19T08:35:06+09:00,ALPACA,426307,87.0,36.352898,127.374405,12,세종특별시
2026-06-19T08:35:06+09:00,ALPACA,424249,100.0,36.3529,127.374405,12,세종특별시
2026-06-19T08:35:06+09:00,ALPACA,424967,100.0,36.352905,127.37436,12,세종특별시
2026-06-19T08:35:06+09:00,ALPACA,425254,100.0,36.352905,127.37443,12,세종특별시
2026-06-19T08:35:06+09:00,ALPACA,425700,85.0,36.352924,127.3744,12,세종특별시
2026-06-19T08:35:06+09:00,ALPACA,425308,95.0,36.352924,127.37443,12,세종특별시
2026-06-19T08:35:06+09:00,ALPACA,424352,100.0,36.35293,127.37446,12,세종특별시
2026-06-19T08:35:06+09:00,ALPACA,425689,51.0,36.353,127.347534,12,세종특별시
2026-06-19T08:35:06+09:00,ALPACA,425508,63.0,36.353073,127.34147,12,세종특별시
2026-06-19T08:35:06+09:00,ALPACA,424609,57.0,36.353096,127.33522,12,세종특별시
2026-06-19T08:35:06+09:00,ALPACA,424430,84.0,36.353127,127.34475,12,세종특별시
2026-06-19T08:35:06+09:00,ALPACA,425351,61.0,36.353138,127.3299,12,세종특별시
2026-06-19T08:35:06+09:00,ALPACA,425435,43.0,36.353153,127.329796,12,세종특별시
2026-06-19T08:35:06+09:00,ALPACA,424343,76.0,36.353153,127.3352,12,세종특별시
2026-06-19T08:35:06+09:00,ALPACA,424772,34.0,36.353165,127.32981,12,세종특별시
2026-06-19T08:35:06+09:00,ALPACA,424347,79.0,36.353172,127.34127,12,세종특별시
2026-06-19T08:35:06+09:00,ALPACA,424581,83.0,36.353172,127.33526,12,세종특별시
2026-06-19T08:35:06+09:00,ALPACA,424498,52.0,36.353188,127.33999,12,세종특별시
2026-06-19T08:35:06+09:00,ALPACA,424364,72.0,36.35328,127.34211,12,세종특별시
2026-06-19T08:35:06+09:00,ALPACA,425698,100.0,36.353283,127.34215,12,세종특별시
2026-06-19T08:35:06+09:00,ALPACA,424348,43.0,36.353287,127.34213,12,세종특별시
2026-06-19T08:35:06+09:00,ALPACA,424412,73.0,36.35329,127.34213,12,세종특별시
2026-06-19T08:35:06+09:00,ALPACA,425738,100.0,36.353306,127.34211,12,세종특별시
2026-06-19T08:35:06+09:00,ALPACA,424437,100.0,36.35331,127.34216,12,세종특별시
2026-06-19T08:35:06+09:00,ALPACA,425016,90.0,36.35331,127.342125,12,세종특별시
2026-06-19T08:35:06+09:00,ALPACA,425499,99.0,36.353313,127.3421,12,세종특별시
2026-06-19T08:35:06+09:00,ALPACA,424447,46.0,36.353333,127.34298,12,세종특별시
2026-06-19T08:35:06+09:00,ALPACA,424465,100.0,36.353336,127.34208,12,세종특별시
2026-06-19T08:35:06+09:00,ALPACA,425432,63.0,36.353344,127.34212,12,세종특별시
2026-06-19T08:35:06+09:00,ALPACA,425229,100.0,36.353344,127.34212,12,세종특별시
2026-06-19T08:35:06+09:00,ALPACA,424431,100.0,36.353386,127.34214,12,세종특별시
2026-06-19T08:35:06+09:00,ALPACA,424296,48.0,36.35341,127.342865,12,세종특별시
2026-06-19T08:35:06+09:00,ALPACA,425420,59.0,36.353436,127.3429,12,세종특별시
2026-06-19T08:35:06+09:00,ALPACA,425682,65.0,36.35344,127.34301,12,세종특별시
2026-06-19T08:35:06+09:00,ALPACA,425984,46.0,36.35345,127.40027,12,세종특별시
2026-06-19T08:35:06+09:00,ALPACA,424414,49.0,36.353455,127.342834,12,세종특별시
2026-06-19T08:35:06+09:00,ALPACA,425726,32.0,36.35346,127.342926,12,세종특별시
2026-06-19T08:35:06+09:00,ALPACA,424627,65.0,36.35346,127.34284,12,세종특별시
2026-06-19T08:35:06+09:00,ALPACA,425739,64.0,36.353477,127.342865,12,세종특별시
2026-06-19T08:35:06+09:00,ALPACA,424334,66.0,36.35349,127.34308,12,세종특별시
2026-06-19T08:35:06+09:00,ALPACA,424453,76.0,36.35353,127.342926,12,세종특별시
2026-06-19T08:35:06+09:00,ALPACA,425327,77.0,36.353535,127.3301,12,세종특별시
2026-06-19T08:35:06+09:00,ALPACA,425219,50.0,36.35354,127.34168,12,세종특별시
2026-06-19T08:35:06+09:00,ALPACA,424615,39.0,36.353783,127.33769,12,세종특별시
2026-06-19T08:35:06+09:00,ALPACA,424365,45.0,36.353848,127.33775,12,세종특별시
2026-06-19T08:35:06+09:00,ALPACA,424426,60.0,36.353985,127.32902,12,세종특별시
2026-06-19T08:35:06+09:00,ALPACA,425445,85.0,36.3541,127.37092,12,세종특별시
2026-06-19T08:35:06+09:00,ALPACA,424631,76.0,36.354164,127.3372,12,세종특별시
2026-06-19T08:35:06+09:00,ALPACA,425346,50.0,36.354313,127.34257,12,세종특별시
2026-06-19T08:35:06+09:00,ALPACA,424155,42.0,36.354412,127.34485,12,세종특별시
2026-06-19T08:35:06+09:00,ALPACA,425710,58.0,36.35442,127.34386,12,세종특별시
2026-06-19T08:35:06+09:00,ALPACA,426329,99.0,36.354454,127.35456,12,세종특별시
2026-06-19T08:35:06+09:00,ALPACA,426482,100.0,36.354465,127.35452,12,세종특별시
2026-06-19T08:35:06+09:00,ALPACA,426354,100.0,36.35447,127.35452,12,세종특별시
2026-06-19T08:35:06+09:00,ALPACA,425577,100.0,36.35448,127.354546,12,세종특별시
2026-06-19T08:35:06+09:00,ALPACA,425937,100.0,36.35448,127.35452,12,세종특별시
2026-06-19T08:35:06+09:00,ALPACA,424345,100.0,36.35448,127.35455,12,세종특별시
2026-06-19T08:35:06+09:00,ALPACA,426330,100.0,36.354485,127.35453,12,세종특별시
2026-06-19T08:35:06+09:00,ALPACA,424752,100.0,36.35449,127.354515,12,세종특별시
2026-06-19T08:35:06+09:00,ALPACA,426248,99.0,36.354492,127.35457,12,세종특별시
2026-06-19T08:35:06+09:00,ALPACA,426512,100.0,36.354496,127.35454,12,세종특별시
2026-06-19T08:35:06+09:00,ALPACA,424605,100.0,36.354496,127.35452,12,세종특별시
2026-06-19T08:35:06+09:00,ALPACA,426376,100.0,36.354504,127.35457,12,세종특별시
2026-06-19T08:35:06+09:00,ALPACA,425052,98.0,36.354507,127.35457,12,세종특별시
2026-06-19T08:35:06+09:00,ALPACA,424349,62.0,36.35456,127.343636,12,세종특별시
2026-06-19T08:35:06+09:00,ALPACA,424487,49.0,36.35457,127.34355,12,세종특별시
2026-06-19T08:35:06+09:00,ALPACA,425461,31.0,36.354595,127.33806,12,세종특별시
2026-06-19T08:35:06+09:00,ALPACA,424468,96.0,36.354626,127.34351,12,세종특별시
2026-06-19T08:35:06+09:00,ALPACA,424673,65.0,36.35463,127.331,12,세종특별시
2026-06-19T08:35:06+09:00,ALPACA,426253,91.0,36.354668,127.34213,12,세종특별시
2026-06-19T08:35:06+09:00,ALPACA,425391,79.0,36.354694,127.34072,12,세종특별시
2026-06-19T08:35:06+09:00,ALPACA,424589,42.0,36.35471,127.335434,12,세종특별시
2026-06-19T08:35:06+09:00,ALPACA,425312,64.0,36.35471,127.34337,12,세종특별시
2026-06-19T08:35:06+09:00,ALPACA,424645,39.0,36.35472,127.33947,12,세종특별시
2026-06-19T08:35:06+09:00,ALPACA,425259,63.0,36.354847,127.33122,12,세종특별시
2026-06-19T08:35:06+09:00,ALPACA,424650,87.0,36.35498,127.34769,12,세종특별시
2026-06-19T08:35:06+09:00,ALPACA,424639,46.0,36.35506,127.337006,12,세종특별시
2026-06-19T08:35:06+09:00,ALPACA,425025,67.0,36.35509,127.33698,12,세종특별시
2026-06-19T08:35:06+09:00,ALPACA,424433,39.0,36.35512,127.337006,12,세종특별시
2026-06-19T08:35:06+09:00,ALPACA,425545,44.0,36.355125,127.34306,12,세종특별시
2026-06-19T08:35:06+09:00,ALPACA,424838,49.0,36.355125,127.34424,12,세종특별시
2026-06-19T08:35:06+09:00,ALPACA,424574,85.0,36.35513,127.34304,12,세종특별시
2026-06-19T08:35:06+09:00,ALPACA,424603,46.0,36.35513,127.344246,12,세종특별시
2026-06-19T08:35:06+09:00,ALPACA,425419,61.0,36.35514,127.33696,12,세종특별시
2026-06-19T08:35:06+09:00,ALPACA,425688,91.0,36.35518,127.35096,12,세종특별시
2026-06-19T08:35:06+09:00,ALPACA,424356,67.0,36.355316,127.34521,12,세종특별시
2026-06-19T08:35:06+09:00,ALPACA,425339,39.0,36.355343,127.335724,12,세종특별시
2026-06-19T08:35:06+09:00,ALPACA,424315,63.0,36.355366,127.33185,12,세종특별시
2026-06-19T08:35:06+09:00,ALPACA,425676,47.0,36.35537,127.33531,12,세종특별시
2026-06-19T08:35:06+09:00,ALPACA,424608,96.0,36.355385,127.33186,12,세종특별시
2026-06-19T08:35:06+09:00,ALPACA,424554,50.0,36.35547,127.3438,12,세종특별시
2026-06-19T08:35:06+09:00,ALPACA,424965,70.0,36.35557,127.33481,12,세종특별시
2026-06-19T08:35:06+09:00,ALPACA,424853,37.0,36.355625,127.34307,12,세종특별시
2026-06-19T08:35:06+09:00,ALPACA,412506,82.0,36.35568,127.37574,12,세종특별시
2026-06-19T08:35:06+09:00,ALPACA,424862,44.0,36.355717,127.33943,12,세종특별시
2026-06-19T08:35:06+09:00,ALPACA,424451,49.0,36.355732,127.36027,12,세종특별시
2026-06-19T08:35:06+09:00,ALPACA,425486,60.0,36.35579,127.33127,12,세종특별시
2026-06-19T08:35:06+09:00,ALPACA,425269,35.0,36.355877,127.35214,12,세종특별시
2026-06-19T08:35:06+09:00,ALPACA,424289,40.0,36.355896,127.3441,12,세종특별시
2026-06-19T08:35:06+09:00,ALPACA,425430,51.0,36.355976,127.33678,12,세종특별시
2026-06-19T08:35:06+09:00,ALPACA,425678,82.0,36.355984,127.33124,12,세종특별시
2026-06-19T08:35:06+09:00,ALPACA,424884,79.0,36.35599,127.33125,12,세종특별시
2026-06-19T08:35:06+09:00,ALPACA,424264,57.0,36.356014,127.33124,12,세종특별시
2026-06-19T08:35:06+09:00,ALPACA,424613,62.0,36.356018,127.34417,12,세종특별시
2026-06-19T08:35:06+09:00,ALPACA,425470,60.0,36.356026,127.33964,12,세종특별시
2026-06-19T08:35:06+09:00,ALPACA,425045,56.0,36.3561,127.33079,12,세종특별시
2026-06-19T08:35:06+09:00,ALPACA,425547,87.0,36.356148,127.35081,12,세종특별시
2026-06-19T08:35:06+09:00,ALPACA,425007,74.0,36.356277,127.36386,12,세종특별시
2026-06-19T08:35:06+09:00,ALPACA,425407,92.0,36.35636,127.361046,12,세종특별시
2026-06-19T08:35:06+09:00,ALPACA,425047,75.0,36.35641,127.34814,12,세종특별시
2026-06-19T08:35:06+09:00,ALPACA,424818,77.0,36.35644,127.34812,12,세종특별시
2026-06-19T08:35:06+09:00,ALPACA,425282,76.0,36.356503,127.348045,12,세종특별시
2026-06-19T08:35:06+09:00,ALPACA,425233,54.0,36.356514,127.341774,12,세종특별시
2026-06-19T08:35:06+09:00,ALPACA,425265,78.0,36.35654,127.34811,12,세종특별시
2026-06-19T08:35:06+09:00,ALPACA,425402,77.0,36.356552,127.348076,12,세종특별시
2026-06-19T08:35:06+09:00,ALPACA,424713,66.0,36.35656,127.34803,12,세종특별시
2026-06-19T08:35:06+09:00,ALPACA,425008,67.0,36.35658,127.331184,12,세종특별시
2026-06-19T08:35:06+09:00,ALPACA,424595,64.0,36.356632,127.33812,12,세종특별시
2026-06-19T08:35:06+09:00,ALPACA,424183,49.0,36.35665,127.33153,12,세종특별시
2026-06-19T08:35:06+09:00,ALPACA,426460,70.0,36.356766,127.33561,12,세종특별시
2026-06-19T08:35:06+09:00,ALPACA,424502,44.0,36.35679,127.33562,12,세종특별시
2026-06-19T08:35:06+09:00,ALPACA,425411,90.0,36.35689,127.33546,12,세종특별시
2026-06-19T08:35:06+09:00,ALPACA,414766,87.0,36.3569,127.335464,12,세종특별시
2026-06-19T08:35:06+09:00,ALPACA,424909,40.0,36.35701,127.34502,12,세종특별시
2026-06-19T08:35:06+09:00,ALPACA,424821,49.0,36.357014,127.35436,12,세종특별시
2026-06-19T08:35:06+09:00,ALPACA,424828,51.0,36.357162,127.35101,12,세종특별시
2026-06-19T08:35:06+09:00,ALPACA,424966,65.0,36.357216,127.358055,12,세종특별시
2026-06-19T08:35:06+09:00,ALPACA,426311,43.0,36.35722,127.340034,12,세종특별시
2026-06-19T08:35:06+09:00,ALPACA,426301,87.0,36.35723,127.34008,12,세종특별시
2026-06-19T08:35:06+09:00,ALPACA,425222,41.0,36.35726,127.35034,12,세종특별시
2026-06-19T08:35:06+09:00,ALPACA,424693,44.0,36.357384,127.34778,12,세종특별시
2026-06-19T08:35:06+09:00,ALPACA,425475,91.0,36.357407,127.37182,12,세종특별시
2026-06-19T08:35:06+09:00,ALPACA,425056,94.0,36.357414,127.37181,12,세종특별시
2026-06-19T08:35:06+09:00,ALPACA,424371,90.0,36.357418,127.371826,12,세종특별시
2026-06-19T08:35:06+09:00,ALPACA,425539,100.0,36.35742,127.37179,12,세종특별시
2026-06-19T08:35:06+09:00,ALPACA,425536,98.0,36.35743,127.37181,12,세종특별시
2026-06-19T08:35:06+09:00,ALPACA,425194,69.0,36.35743,127.34778,12,세종특별시
2026-06-19T08:35:06+09:00,ALPACA,424375,90.0,36.357433,127.371826,12,세종특별시
2026-06-19T08:35:06+09:00,ALPACA,424986,66.0,36.357433,127.34782,12,세종특별시
2026-06-19T08:35:06+09:00,ALPACA,424716,93.0,36.357437,127.371826,12,세종특별시
2026-06-19T08:35:06+09:00,ALPACA,424836,95.0,36.357437,127.37183,12,세종특별시
2026-06-19T08:35:06+09:00,ALPACA,424992,93.0,36.357437,127.37179,12,세종특별시
2026-06-19T08:35:06+09:00,ALPACA,425304,83.0,36.35744,127.37408,12,세종특별시
2026-06-19T08:35:06+09:00,ALPACA,412524,84.0,36.35745,127.37182,12,세종특별시
2026-06-19T08:35:06+09:00,ALPACA,424366,100.0,36.35745,127.37182,12,세종특별시
2026-06-19T08:35:06+09:00,ALPACA,424519,100.0,36.35745,127.37177,12,세종특별시
2026-06-19T08:35:06+09:00,ALPACA,424881,94.0,36.35745,127.37179,12,세종특별시
2026-06-19T08:35:06+09:00,ALPACA,424931,90.0,36.35745,127.37182,12,세종특별시
2026-06-19T08:35:06+09:00,ALPACA,425284,100.0,36.35745,127.37181,12,세종특별시
2026-06-19T08:35:06+09:00,ALPACA,424573,100.0,36.357452,127.37184,12,세종특별시
2026-06-19T08:35:06+09:00,ALPACA,424398,100.0,36.357464,127.37182,12,세종특별시
2026-06-19T08:35:06+09:00,ALPACA,414820,42.0,36.357468,127.37182,12,세종특별시
2026-06-19T08:35:06+09:00,ALPACA,425772,100.0,36.357468,127.3718,12,세종특별시
2026-06-19T08:35:06+09:00,ALPACA,425382,100.0,36.357468,127.37181,12,세종특별시
2026-06-19T08:35:06+09:00,ALPACA,425714,100.0,36.35747,127.37181,12,세종특별시
2026-06-19T08:35:06+09:00,ALPACA,426451,71.0,36.357475,127.37181,12,세종특별시
2026-06-19T08:35:06+09:00,ALPACA,414275,82.0,36.357483,127.37183,12,세종특별시
2026-06-19T08:35:06+09:00,ALPACA,414686,88.0,36.357487,127.37181,12,세종특별시
2026-06-19T08:35:06+09:00,ALPACA,415028,51.0,36.357487,127.37182,12,세종특별시
2026-06-19T08:35:06+09:00,ALPACA,424445,100.0,36.357487,127.371826,12,세종특별시
2026-06-19T08:35:06+09:00,ALPACA,424845,100.0,36.35749,127.371796,12,세종특별시
2026-06-19T08:35:06+09:00,ALPACA,425701,40.0,36.357494,127.371826,12,세종특별시
2026-06-19T08:35:06+09:00,ALPACA,414769,51.0,36.35751,127.37182,12,세종특별시
2026-06-19T08:35:06+09:00,ALPACA,425583,71.0,36.357517,127.37181,12,세종특별시
2026-06-19T08:35:06+09:00,ALPACA,425200,82.0,36.357517,127.371796,12,세종특별시
2026-06-19T08:35:06+09:00,ALPACA,425015,62.0,36.357536,127.37182,12,세종특별시
2026-06-19T08:35:06+09:00,ALPACA,425755,52.0,36.35756,127.3515,12,세종특별시
2026-06-19T08:35:06+09:00,ALPACA,425674,44.0,36.35757,127.35059,12,세종특별시
2026-06-19T08:35:06+09:00,ALPACA,426441,89.0,36.357574,127.34979,12,세종특별시
2026-06-19T08:35:06+09:00,ALPACA,425357,55.0,36.357647,127.33109,12,세종특별시
2026-06-19T08:35:06+09:00,ALPACA,424906,41.0,36.35765,127.35195,12,세종특별시
2026-06-19T08:35:06+09:00,ALPACA,425485,53.0,36.357685,127.34431,12,세종특별시
2026-06-19T08:35:06+09:00,ALPACA,424916,65.0,36.357822,127.35125,12,세종특별시
2026-06-19T08:35:06+09:00,ALPACA,425491,42.0,36.357883,127.34583,12,세종특별시
2026-06-19T08:35:06+09:00,ALPACA,425332,45.0,36.3579,127.35129,12,세종특별시
2026-06-19T08:35:06+09:00,ALPACA,425422,100.0,36.35791,127.36395,12,세종특별시
2026-06-19T08:35:06+09:00,ALPACA,425460,100.0,36.35793,127.36385,12,세종특별시
2026-06-19T08:35:06+09:00,ALPACA,425753,73.0,36.35793,127.36391,12,세종특별시
2026-06-19T08:35:06+09:00,ALPACA,426268,100.0,36.357937,127.36383,12,세종특별시
2026-06-19T08:35:06+09:00,ALPACA,425765,88.0,36.357944,127.36386,12,세종특별시
2026-06-19T08:35:06+09:00,ALPACA,423880,99.0,36.357956,127.363785,12,세종특별시
2026-06-19T08:35:06+09:00,ALPACA,424185,100.0,36.35796,127.36382,12,세종특별시
2026-06-19T08:35:06+09:00,ALPACA,425209,85.0,36.35796,127.37969,12,세종특별시
2026-06-19T08:35:06+09:00,ALPACA,424400,100.0,36.357964,127.363815,12,세종특별시
2026-06-19T08:35:06+09:00,ALPACA,425543,78.0,36.357975,127.36382,12,세종특별시
2026-06-19T08:35:06+09:00,ALPACA,424326,100.0,36.357983,127.364,12,세종특별시
2026-06-19T08:35:06+09:00,ALPACA,425992,100.0,36.357986,127.363785,12,세종특별시
2026-06-19T08:35:06+09:00,ALPACA,424388,69.0,36.357994,127.36381,12,세종특별시
2026-06-19T08:35:06+09:00,ALPACA,424569,76.0,36.358,127.36382,12,세종특별시
2026-06-19T08:35:06+09:00,ALPACA,424403,76.0,36.358006,127.36379,12,세종특별시
2026-06-19T08:35:06+09:00,ALPACA,424572,86.0,36.358013,127.363914,12,세종특별시
2026-06-19T08:35:06+09:00,ALPACA,425223,49.0,36.35813,127.35243,12,세종특별시
2026-06-19T08:35:06+09:00,ALPACA,424560,38.0,36.358322,127.35582,12,세종특별시
2026-06-19T08:35:06+09:00,ALPACA,425127,51.0,36.358402,127.32857,12,세종특별시
2026-06-19T08:35:06+09:00,ALPACA,424479,62.0,36.358505,127.34494,12,세종특별시
2026-06-19T08:35:06+09:00,ALPACA,424808,47.0,36.358772,127.35916,12,세종특별시
2026-06-19T08:35:06+09:00,ALPACA,424789,58.0,36.35878,127.359116,12,세종특별시
2026-06-19T08:35:06+09:00,ALPACA,424817,76.0,36.358967,127.33226,12,세종특별시
2026-06-19T08:35:06+09:00,ALPACA,424979,68.0,36.35902,127.33379,12,세종특별시
2026-06-19T08:35:06+09:00,ALPACA,424943,64.0,36.359043,127.33376,12,세종특별시
2026-06-19T08:35:06+09:00,ALPACA,425161,70.0,36.359043,127.35218,12,세종특별시
2026-06-19T08:35:06+09:00,ALPACA,424970,45.0,36.35905,127.333725,12,세종특별시
2026-06-19T08:35:06+09:00,ALPACA,425440,66.0,36.359055,127.33343,12,세종특별시
2026-06-19T08:35:06+09:00,ALPACA,425210,46.0,36.35906,127.33347,12,세종특별시
2026-06-19T08:35:06+09:00,ALPACA,425421,62.0,36.359062,127.33345,12,세종특별시
2026-06-19T08:35:06+09:00,ALPACA,425393,56.0,36.359062,127.35218,12,세종특별시
2026-06-19T08:35:06+09:00,ALPACA,425396,71.0,36.359062,127.33344,12,세종특별시
2026-06-19T08:35:06+09:00,ALPACA,425410,63.0,36.35907,127.33347,12,세종특별시
2026-06-19T08:35:06+09:00,ALPACA,425325,56.0,36.35909,127.33349,12,세종특별시
2026-06-19T08:35:06+09:00,ALPACA,424859,62.0,36.359093,127.333466,12,세종특별시
2026-06-19T08:35:06+09:00,ALPACA,425201,65.0,36.359097,127.34553,12,세종특별시
2026-06-19T08:35:06+09:00,ALPACA,424630,81.0,36.359272,127.3417,12,세종특별시
2026-06-19T08:35:06+09:00,ALPACA,424558,84.0,36.359306,127.35442,12,세종특별시
2026-06-19T08:35:06+09:00,ALPACA,424684,51.0,36.359425,127.333916,12,세종특별시
2026-06-19T08:35:06+09:00,ALPACA,424448,89.0,36.35951,127.33482,12,세종특별시
2026-06-19T08:35:06+09:00,ALPACA,425358,98.0,36.359547,127.343346,12,세종특별시
2026-06-19T08:35:06+09:00,ALPACA,425564,87.0,36.359573,127.34343,12,세종특별시
2026-06-19T08:35:06+09:00,ALPACA,424610,46.0,36.359737,127.33646,12,세종특별시
2026-06-19T08:35:06+09:00,ALPACA,424638,40.0,36.359737,127.33638,12,세종특별시
2026-06-19T08:35:06+09:00,ALPACA,414824,48.0,36.35978,127.374146,12,세종특별시
2026-06-19T08:35:06+09:00,ALPACA,425077,99.0,36.359863,127.371994,12,세종특별시
2026-06-19T08:35:06+09:00,ALPACA,424998,54.0,36.360413,127.33222,12,세종특별시
2026-06-19T08:35:06+09:00,ALPACA,424985,41.0,36.360596,127.33354,12,세종특별시
2026-06-19T08:35:06+09:00,ALPACA,425626,32.0,36.360767,127.333916,12,세종특별시
2026-06-19T08:35:06+09:00,ALPACA,424598,65.0,36.360916,127.350266,12,세종특별시
2026-06-19T08:35:06+09:00,ALPACA,424894,58.0,36.361115,127.33635,12,세종특별시
2026-06-19T08:35:06+09:00,ALPACA,425326,71.0,36.361115,127.3372,12,세종특별시
2026-06-19T08:35:06+09:00,ALPACA,425353,44.0,36.361145,127.338425,12,세종특별시
2026-06-19T08:35:06+09:00,ALPACA,424556,100.0,36.36118,127.356,12,세종특별시
2026-06-19T08:35:06+09:00,ALPACA,425046,85.0,36.361324,127.33851,12,세종특별시
2026-06-19T08:35:06+09:00,ALPACA,425246,44.0,36.36135,127.33777,12,세종특별시
2026-06-19T08:35:06+09:00,ALPACA,424374,97.0,36.36141,127.33746,12,세종특별시
2026-06-19T08:35:06+09:00,ALPACA,424976,100.0,36.36153,127.35697,12,세종특별시
2026-06-19T08:35:06+09:00,ALPACA,426378,100.0,36.36154,127.35697,12,세종특별시
2026-06-19T08:35:06+09:00,ALPACA,424441,86.0,36.361656,127.33664,12,세종특별시
2026-06-19T08:35:06+09:00,ALPACA,414826,32.0,36.36168,127.353264,12,세종특별시
2026-06-19T08:35:06+09:00,ALPACA,425693,95.0,36.36177,127.344894,12,세종특별시
2026-06-19T08:35:06+09:00,ALPACA,425454,59.0,36.36179,127.33026,12,세종특별시
2026-06-19T08:35:06+09:00,ALPACA,424634,58.0,36.361794,127.35746,12,세종특별시
2026-06-19T08:35:06+09:00,ALPACA,424369,90.0,36.36182,127.357475,12,세종특별시
2026-06-19T08:35:06+09:00,ALPACA,424885,97.0,36.36183,127.357574,12,세종특별시
2026-06-19T08:35:06+09:00,ALPACA,426262,100.0,36.36184,127.3576,12,세종특별시
2026-06-19T08:35:06+09:00,ALPACA,424405,100.0,36.36185,127.35762,12,세종특별시
2026-06-19T08:35:06+09:00,ALPACA,424889,100.0,36.36185,127.357574,12,세종특별시
2026-06-19T08:35:06+09:00,ALPACA,424415,34.0,36.361877,127.34437,12,세종특별시
2026-06-19T08:35:06+09:00,ALPACA,424786,50.0,36.361923,127.35732,12,세종특별시
2026-06-19T08:35:06+09:00,ALPACA,424958,74.0,36.361958,127.35738,12,세종특별시
2026-06-19T08:35:06+09:00,ALPACA,425371,74.0,36.361965,127.357376,12,세종특별시
2026-06-19T08:35:06+09:00,ALPACA,424922,46.0,36.36197,127.35737,12,세종특별시
2026-06-19T08:35:06+09:00,ALPACA,425368,75.0,36.36197,127.35735,12,세종특별시
2026-06-19T08:35:06+09:00,ALPACA,424584,67.0,36.36198,127.35785,12,세종특별시
2026-06-19T08:35:06+09:00,ALPACA,425527,76.0,36.36202,127.35738,12,세종특별시
2026-06-19T08:35:06+09:00,ALPACA,425114,44.0,36.36203,127.36115,12,세종특별시
2026-06-19T08:35:06+09:00,ALPACA,424399,82.0,36.362183,127.37412,12,세종특별시
2026-06-19T08:35:06+09:00,ALPACA,424778,95.0,36.36247,127.34416,12,세종특별시
2026-06-19T08:35:06+09:00,ALPACA,425184,100.0,36.362507,127.35731,12,세종특별시
2026-06-19T08:35:06+09:00,ALPACA,424578,94.0,36.36252,127.33519,12,세종특별시
2026-06-19T08:35:06+09:00,ALPACA,425389,55.0,36.36252,127.357346,12,세종특별시
2026-06-19T08:35:06+09:00,ALPACA,424941,100.0,36.362583,127.3447,12,세종특별시
2026-06-19T08:35:06+09:00,ALPACA,425118,95.0,36.362583,127.34451,12,세종특별시
2026-06-19T08:35:06+09:00,ALPACA,424957,97.0,36.362587,127.3446,12,세종특별시
2026-06-19T08:35:06+09:00,ALPACA,424592,76.0,36.362595,127.34471,12,세종특별시
2026-06-19T08:35:06+09:00,ALPACA,425434,100.0,36.3626,127.34471,12,세종특별시
2026-06-19T08:35:06+09:00,ALPACA,424332,100.0,36.362602,127.34473,12,세종특별시
2026-06-19T08:35:06+09:00,ALPACA,424585,100.0,36.362602,127.3447,12,세종특별시
2026-06-19T08:35:06+09:00,ALPACA,425588,100.0,36.362606,127.34472,12,세종특별시
2026-06-19T08:35:06+09:00,ALPACA,425703,68.0,36.36261,127.344505,12,세종특별시
2026-06-19T08:35:06+09:00,ALPACA,425224,98.0,36.362614,127.344475,12,세종특별시
2026-06-19T08:35:06+09:00,ALPACA,424429,99.0,36.36262,127.34457,12,세종특별시
2026-06-19T08:35:06+09:00,ALPACA,424919,100.0,36.36262,127.34452,12,세종특별시
2026-06-19T08:35:06+09:00,ALPACA,425345,100.0,36.36262,127.344734,12,세종특별시
2026-06-19T08:35:06+09:00,ALPACA,425400,62.0,36.362625,127.34453,12,세종특별시
2026-06-19T08:35:06+09:00,ALPACA,425377,100.0,36.36263,127.34456,12,세종특별시
2026-06-19T08:35:06+09:00,ALPACA,425549,94.0,36.362633,127.34458,12,세종특별시
2026-06-19T08:35:06+09:00,ALPACA,424937,100.0,36.36264,127.34456,12,세종특별시
2026-06-19T08:35:06+09:00,ALPACA,425314,95.0,36.36265,127.34456,12,세종특별시
2026-06-19T08:35:06+09:00,ALPACA,425955,100.0,36.36266,127.344696,12,세종특별시
2026-06-19T08:35:06+09:00,ALPACA,424727,92.0,36.362663,127.34357,12,세종특별시
2026-06-19T08:35:06+09:00,ALPACA,424767,79.0,36.36267,127.343605,12,세종특별시
2026-06-19T08:35:06+09:00,ALPACA,425005,75.0,36.36267,127.34359,12,세종특별시
2026-06-19T08:35:06+09:00,ALPACA,426413,32.0,36.36271,127.34346,12,세종특별시
2026-06-19T08:35:06+09:00,ALPACA,424493,76.0,36.362835,127.35148,12,세종특별시
2026-06-19T08:35:06+09:00,ALPACA,424758,53.0,36.362843,127.356865,12,세종특별시
2026-06-19T08:35:06+09:00,ALPACA,425129,100.0,36.36287,127.35676,12,세종특별시
2026-06-19T08:35:06+09:00,ALPACA,425630,84.0,36.363148,127.34218,12,세종특별시
2026-06-19T08:35:06+09:00,ALPACA,424342,73.0,36.363224,127.334885,12,세종특별시
2026-06-19T08:35:06+09:00,ALPACA,425472,35.0,36.363243,127.34195,12,세종특별시
2026-06-19T08:35:06+09:00,ALPACA,424485,51.0,36.363274,127.33416,12,세종특별시
2026-06-19T08:35:06+09:00,ALPACA,425336,100.0,36.36348,127.35655,12,세종특별시
2026-06-19T08:35:06+09:00,ALPACA,424804,95.0,36.363518,127.356926,12,세종특별시
2026-06-19T08:35:06+09:00,ALPACA,425623,91.0,36.36368,127.3582,12,세종특별시
2026-06-19T08:35:06+09:00,ALPACA,425437,54.0,36.3637,127.358185,12,세종특별시
2026-06-19T08:35:06+09:00,ALPACA,425459,50.0,36.36404,127.35904,12,세종특별시
2026-06-19T08:35:06+09:00,ALPACA,425356,43.0,36.364616,127.34049,12,세종특별시
2026-06-19T08:35:06+09:00,ALPACA,425323,41.0,36.36463,127.34037,12,세종특별시
2026-06-19T08:35:06+09:00,ALPACA,424557,92.0,36.36471,127.34718,12,세종특별시
2026-06-19T08:35:06+09:00,ALPACA,425687,100.0,36.364986,127.347565,12,세종특별시
2026-06-19T08:35:06+09:00,ALPACA,425237,70.0,36.364998,127.34737,12,세종특별시
2026-06-19T08:35:06+09:00,ALPACA,424728,98.0,36.365192,127.34632,12,세종특별시
2026-06-19T08:35:06+09:00,ALPACA,424962,100.0,36.36541,127.36342,12,세종특별시
2026-06-19T08:35:06+09:00,ALPACA,423883,66.0,36.365643,127.346085,12,세종특별시
2026-06-19T08:35:06+09:00,ALPACA,425031,47.0,36.365723,127.33681,12,세종특별시
2026-06-19T08:35:06+09:00,ALPACA,424308,76.0,36.36589,127.36466,12,세종특별시
2026-06-19T08:35:06+09:00,ALPACA,425748,68.0,36.3659,127.36465,12,세종특별시
2026-06-19T08:35:06+09:00,ALPACA,424567,76.0,36.365902,127.364655,12,세종특별시
2026-06-19T08:35:06+09:00,ALPACA,424566,75.0,36.365906,127.364655,12,세종특별시
2026-06-19T08:35:06+09:00,ALPACA,425744,66.0,36.365913,127.36465,12,세종특별시
2026-06-19T08:35:06+09:00,ALPACA,424207,67.0,36.365913,127.364655,12,세종특별시
2026-06-19T08:35:06+09:00,ALPACA,424413,75.0,36.365917,127.36466,12,세종특별시
2026-06-19T08:35:06+09:00,ALPACA,426462,76.0,36.36644,127.31598,12,세종특별시
2026-06-19T08:35:06+09:00,ALPACA,424805,99.0,36.366493,127.3428,12,세종특별시
2026-06-19T08:35:06+09:00,ALPACA,426436,95.0,36.366497,127.34273,12,세종특별시
2026-06-19T08:35:06+09:00,ALPACA,424344,96.0,36.3665,127.3428,12,세종특별시
2026-06-19T08:35:06+09:00,ALPACA,424823,56.0,36.3665,127.342834,12,세종특별시
2026-06-19T08:35:06+09:00,ALPACA,425014,92.0,36.3665,127.34282,12,세종특별시
2026-06-19T08:35:06+09:00,ALPACA,425137,63.0,36.3665,127.34271,12,세종특별시
2026-06-19T08:35:06+09:00,ALPACA,424528,33.0,36.36651,127.3425,12,세종특별시
2026-06-19T08:35:06+09:00,ALPACA,425313,34.0,36.366512,127.34256,12,세종특별시
2026-06-19T08:35:06+09:00,ALPACA,424833,88.0,36.366516,127.342804,12,세종특별시
2026-06-19T08:35:06+09:00,ALPACA,425514,81.0,36.366528,127.342636,12,세종특별시
2026-06-19T08:35:06+09:00,ALPACA,425466,96.0,36.36654,127.3428,12,세종특별시
2026-06-19T08:35:06+09:00,ALPACA,425416,62.0,36.366554,127.34257,12,세종특별시
2026-06-19T08:35:06+09:00,ALPACA,425340,91.0,36.366554,127.34517,12,세종특별시
2026-06-19T08:35:06+09:00,ALPACA,425974,96.0,36.366566,127.342476,12,세종특별시
2026-06-19T08:35:06+09:00,ALPACA,425559,72.0,36.366577,127.34559,12,세종특별시
2026-06-19T08:35:06+09:00,ALPACA,424964,100.0,36.366577,127.36243,12,세종특별시
2026-06-19T08:35:06+09:00,ALPACA,424553,37.0,36.366688,127.3446,12,세종특별시
2026-06-19T08:35:06+09:00,ALPACA,424338,38.0,36.36674,127.34466,12,세종특별시
2026-06-19T08:35:06+09:00,ALPACA,425716,90.0,36.366745,127.34466,12,세종특별시
2026-06-19T08:35:06+09:00,ALPACA,425168,44.0,36.366848,127.3447,12,세종특별시
2026-06-19T08:35:06+09:00,ALPACA,425493,56.0,36.366856,127.34641,12,세종특별시
2026-06-19T08:35:06+09:00,ALPACA,424571,98.0,36.366863,127.34466,12,세종특별시
2026-06-19T08:35:06+09:00,ALPACA,425208,77.0,36.36688,127.344734,12,세종특별시
2026-06-19T08:35:06+09:00,ALPACA,425048,97.0,36.36689,127.34468,12,세종특별시
2026-06-19T08:35:06+09:00,ALPACA,425251,97.0,36.366936,127.34473,12,세종특별시
2026-06-19T08:35:06+09:00,ALPACA,424337,97.0,36.367,127.340836,12,세종특별시
2026-06-19T08:35:06+09:00,ALPACA,425598,78.0,36.36701,127.34084,12,세종특별시
2026-06-19T08:35:06+09:00,ALPACA,425009,88.0,36.367023,127.340866,12,세종특별시
2026-06-19T08:35:06+09:00,ALPACA,425756,98.0,36.367115,127.345894,12,세종특별시
2026-06-19T08:35:06+09:00,ALPACA,425060,74.0,36.367153,127.36254,12,세종특별시
2026-06-19T08:35:06+09:00,ALPACA,424496,100.0,36.36717,127.36254,12,세종특별시
2026-06-19T08:35:06+09:00,ALPACA,424802,61.0,36.367344,127.35677,12,세종특별시
2026-06-19T08:35:06+09:00,ALPACA,424454,76.0,36.36738,127.34067,12,세종특별시
2026-06-19T08:35:06+09:00,ALPACA,424968,91.0,36.36739,127.34069,12,세종특별시
2026-06-19T08:35:06+09:00,ALPACA,425018,43.0,36.367558,127.36122,12,세종특별시
2026-06-19T08:35:06+09:00,ALPACA,424751,68.0,36.367603,127.34084,12,세종특별시
2026-06-19T08:35:06+09:00,ALPACA,425106,95.0,36.367783,127.3656,12,세종특별시
2026-06-19T08:35:06+09:00,ALPACA,424987,100.0,36.367794,127.3421,12,세종특별시
2026-06-19T08:35:06+09:00,ALPACA,424742,71.0,36.367817,127.34209,12,세종특별시
2026-06-19T08:35:06+09:00,ALPACA,425125,65.0,36.367817,127.34215,12,세종특별시
2026-06-19T08:35:06+09:00,ALPACA,425441,100.0,36.367825,127.365616,12,세종특별시
2026-06-19T08:35:06+09:00,ALPACA,425684,80.0,36.36783,127.36563,12,세종특별시
2026-06-19T08:35:06+09:00,ALPACA,425119,62.0,36.36783,127.34214,12,세종특별시
2026-06-19T08:35:06+09:00,ALPACA,425691,83.0,36.367836,127.34036,12,세종특별시
2026-06-19T08:35:06+09:00,ALPACA,424551,34.0,36.367836,127.34211,12,세종특별시
2026-06-19T08:35:06+09:00,ALPACA,424391,85.0,36.36784,127.34212,12,세종특별시
2026-06-19T08:35:06+09:00,ALPACA,425483,77.0,36.367844,127.34205,12,세종특별시
2026-06-19T08:35:06+09:00,ALPACA,425620,68.0,36.367847,127.34213,12,세종특별시
2026-06-19T08:35:06+09:00,ALPACA,425468,100.0,36.367855,127.36566,12,세종특별시
2026-06-19T08:35:06+09:00,ALPACA,424361,96.0,36.367867,127.342064,12,세종특별시
2026-06-19T08:35:06+09:00,ALPACA,424773,90.0,36.36788,127.34211,12,세종특별시
2026-06-19T08:35:06+09:00,ALPACA,425185,93.0,36.36789,127.34206,12,세종특별시
2026-06-19T08:35:06+09:00,ALPACA,425426,81.0,36.36792,127.34157,12,세종특별시
2026-06-19T08:35:06+09:00,ALPACA,425480,84.0,36.368137,127.34601,12,세종특별시
2026-06-19T08:35:06+09:00,ALPACA,425777,64.0,36.368137,127.34604,12,세종특별시
2026-06-19T08:35:06+09:00,ALPACA,424851,52.0,36.368145,127.34598,12,세종특별시
2026-06-19T08:35:06+09:00,ALPACA,423922,33.0,36.368153,127.34598,12,세종특별시
2026-06-19T08:35:06+09:00,ALPACA,414685,71.0,36.368164,127.34597,12,세종특별시
2026-06-19T08:35:06+09:00,ALPACA,425624,100.0,36.368176,127.34594,12,세종특별시
2026-06-19T08:35:06+09:00,ALPACA,425729,87.0,36.36821,127.34595,12,세종특별시
2026-06-19T08:35:06+09:00,ALPACA,425478,83.0,36.368275,127.34259,12,세종특별시
2026-06-19T08:35:06+09:00,ALPACA,425481,90.0,36.368275,127.34272,12,세종특별시
2026-06-19T08:35:06+09:00,ALPACA,425139,81.0,36.368282,127.34259,12,세종특별시
2026-06-19T08:35:06+09:00,ALPACA,425331,58.0,36.368282,127.34254,12,세종특별시
2026-06-19T08:35:06+09:00,ALPACA,425003,75.0,36.368313,127.34261,12,세종특별시
2026-06-19T08:35:06+09:00,ALPACA,424524,75.0,36.36832,127.342575,12,세종특별시
2026-06-19T08:35:06+09:00,ALPACA,425617,39.0,36.368324,127.34259,12,세종특별시
2026-06-19T08:35:06+09:00,ALPACA,425621,53.0,36.36834,127.34257,12,세종특별시
2026-06-19T08:35:06+09:00,ALPACA,425063,97.0,36.368347,127.34267,12,세종특별시
2026-06-19T08:35:06+09:00,ALPACA,424858,100.0,36.36853,127.36599,12,세종특별시
2026-06-19T08:35:06+09:00,ALPACA,424409,48.0,36.36859,127.34063,12,세종특별시
2026-06-19T08:35:06+09:00,ALPACA,424428,33.0,36.36863,127.343735,12,세종특별시
2026-06-19T08:35:06+09:00,ALPACA,425423,83.0,36.36864,127.34067,12,세종특별시
2026-06-19T08:35:06+09:00,ALPACA,425088,31.0,36.36864,127.34377,12,세종특별시
2026-06-19T08:35:06+09:00,ALPACA,411802,73.0,36.368645,127.34372,12,세종특별시
2026-06-19T08:35:06+09:00,ALPACA,424123,55.0,36.368645,127.34071,12,세종특별시
2026-06-19T08:35:06+09:00,ALPACA,425315,96.0,36.36865,127.34379,12,세종특별시
2026-06-19T08:35:06+09:00,ALPACA,424907,92.0,36.368652,127.340645,12,세종특별시
2026-06-19T08:35:06+09:00,ALPACA,424683,71.0,36.368683,127.34074,12,세종특별시
2026-06-19T08:35:06+09:00,ALPACA,424824,45.0,36.368683,127.338264,12,세종특별시
2026-06-19T08:35:06+09:00,ALPACA,424423,100.0,36.368687,127.34073,12,세종특별시
2026-06-19T08:35:06+09:00,ALPACA,424632,60.0,36.368687,127.34072,12,세종특별시
2026-06-19T08:35:06+09:00,ALPACA,425548,97.0,36.36869,127.34071,12,세종특별시
2026-06-19T08:35:06+09:00,ALPACA,424945,69.0,36.36869,127.34189,12,세종특별시
2026-06-19T08:35:06+09:00,ALPACA,425158,80.0,36.368702,127.34065,12,세종특별시
2026-06-19T08:35:06+09:00,ALPACA,424354,32.0,36.368706,127.340706,12,세종특별시
2026-06-19T08:35:06+09:00,ALPACA,424362,45.0,36.368706,127.34187,12,세종특별시
2026-06-19T08:35:06+09:00,ALPACA,424530,100.0,36.368706,127.340675,12,세종특별시
2026-06-19T08:35:06+09:00,ALPACA,425540,51.0,36.368717,127.34193,12,세종특별시
2026-06-19T08:35:06+09:00,ALPACA,425442,78.0,36.368725,127.3407,12,세종특별시
2026-06-19T08:35:06+09:00,ALPACA,414402,83.0,36.36873,127.34073,12,세종특별시
2026-06-19T08:35:06+09:00,ALPACA,425172,56.0,36.36873,127.341965,12,세종특별시
2026-06-19T08:35:06+09:00,ALPACA,425715,76.0,36.368732,127.34067,12,세종특별시
2026-06-19T08:35:06+09:00,ALPACA,424626,56.0,36.368732,127.34056,12,세종특별시
2026-06-19T08:35:06+09:00,ALPACA,425394,100.0,36.368732,127.34068,12,세종특별시
2026-06-19T08:35:06+09:00,ALPACA,425522,58.0,36.368736,127.34069,12,세종특별시
2026-06-19T08:35:06+09:00,ALPACA,424475,50.0,36.368736,127.34069,12,세종특별시
2026-06-19T08:35:06+09:00,ALPACA,425230,100.0,36.368736,127.3407,12,세종특별시
2026-06-19T08:35:06+09:00,ALPACA,425249,84.0,36.368736,127.3406,12,세종특별시
2026-06-19T08:35:06+09:00,ALPACA,415497,55.0,36.368744,127.34252,12,세종특별시
2026-06-19T08:35:06+09:00,ALPACA,425473,52.0,36.368767,127.3419,12,세종특별시
2026-06-19T08:35:06+09:00,ALPACA,424500,87.0,36.36877,127.34069,12,세종특별시
2026-06-19T08:35:06+09:00,ALPACA,424877,75.0,36.36877,127.340675,12,세종특별시
2026-06-19T08:35:06+09:00,ALPACA,425277,93.0,36.36877,127.340706,12,세종특별시
2026-06-19T08:35:06+09:00,ALPACA,424959,75.0,36.368786,127.34069,12,세종특별시
2026-06-19T08:35:06+09:00,ALPACA,424633,80.0,36.36879,127.34076,12,세종특별시
2026-06-19T08:35:06+09:00,ALPACA,425457,62.0,36.368793,127.34071,12,세종특별시
2026-06-19T08:35:06+09:00,ALPACA,425542,52.0,36.368805,127.34252,12,세종특별시
2026-06-19T08:35:06+09:00,ALPACA,424440,60.0,36.36884,127.340004,12,세종특별시
2026-06-19T08:35:06+09:00,ALPACA,425538,49.0,36.36886,127.33998,12,세종특별시
2026-06-19T08:35:06+09:00,ALPACA,426105,97.0,36.368874,127.31593,12,세종특별시
2026-06-19T08:35:06+09:00,ALPACA,425080,76.0,36.368877,127.34285,12,세종특별시
2026-06-19T08:35:06+09:00,ALPACA,426099,86.0,36.36888,127.34277,12,세종특별시
2026-06-19T08:35:06+09:00,ALPACA,425043,52.0,36.368885,127.339966,12,세종특별시
2026-06-19T08:35:06+09:00,ALPACA,425311,57.0,36.36889,127.33994,12,세종특별시
2026-06-19T08:35:06+09:00,ALPACA,425081,51.0,36.368896,127.339966,12,세종특별시
2026-06-19T08:35:06+09:00,ALPACA,424417,52.0,36.3689,127.33996,12,세종특별시
2026-06-19T08:35:06+09:00,ALPACA,425415,67.0,36.368904,127.34292,12,세종특별시
2026-06-19T08:35:06+09:00,ALPACA,424686,48.0,36.368904,127.34285,12,세종특별시
2026-06-19T08:35:06+09:00,ALPACA,424718,77.0,36.368908,127.35069,12,세종특별시
2026-06-19T08:35:06+09:00,ALPACA,425071,53.0,36.36891,127.34288,12,세종특별시
2026-06-19T08:35:06+09:00,ALPACA,426361,87.0,36.368916,127.34398,12,세종특별시
2026-06-19T08:35:06+09:00,ALPACA,424355,72.0,36.368935,127.340996,12,세종특별시
2026-06-19T08:35:06+09:00,ALPACA,424980,36.0,36.368954,127.34293,12,세종특별시
2026-06-19T08:35:06+09:00,ALPACA,426267,75.0,36.36896,127.340836,12,세종특별시
2026-06-19T08:35:06+09:00,ALPACA,424552,61.0,36.368973,127.3398,12,세종특별시
2026-06-19T08:35:06+09:00,ALPACA,424940,49.0,36.368977,127.33997,12,세종특별시
2026-06-19T08:35:06+09:00,ALPACA,424339,67.0,36.36899,127.339966,12,세종특별시
2026-06-19T08:35:06+09:00,ALPACA,425163,39.0,36.36899,127.3425,12,세종특별시
2026-06-19T08:35:06+09:00,ALPACA,425447,100.0,36.368996,127.34001,12,세종특별시
2026-06-19T08:35:06+09:00,ALPACA,425264,69.0,36.369022,127.33998,12,세종특별시
2026-06-19T08:35:06+09:00,ALPACA,425429,64.0,36.36903,127.339935,12,세종특별시
2026-06-19T08:35:06+09:00,ALPACA,425628,42.0,36.369175,127.33391,12,세종특별시
2026-06-19T08:35:06+09:00,ALPACA,425232,100.0,36.369297,127.366806,12,세종특별시
2026-06-19T08:35:06+09:00,ALPACA,426370,51.0,36.369522,127.35133,12,세종특별시
2026-06-19T08:35:06+09:00,ALPACA,424341,31.0,36.369537,127.35133,12,세종특별시
2026-06-19T08:35:06+09:00,ALPACA,424513,82.0,36.369537,127.35133,12,세종특별시
2026-06-19T08:35:06+09:00,ALPACA,425771,70.0,36.36954,127.35135,12,세종특별시
2026-06-19T08:35:06+09:00,ALPACA,424351,79.0,36.36954,127.351295,12,세종특별시
2026-06-19T08:35:06+09:00,ALPACA,425633,46.0,36.369545,127.35128,12,세종특별시
2026-06-19T08:35:06+09:00,ALPACA,425280,77.0,36.369545,127.35132,12,세종특별시
2026-06-19T08:35:06+09:00,ALPACA,425418,95.0,36.369553,127.351326,12,세종특별시
2026-06-19T08:35:06+09:00,ALPACA,425187,73.0,36.369553,127.35134,12,세종특별시
2026-06-19T08:35:06+09:00,ALPACA,425528,74.0,36.369556,127.35126,12,세종특별시
2026-06-19T08:35:06+09:00,ALPACA,424796,100.0,36.369556,127.35134,12,세종특별시
2026-06-19T08:35:06+09:00,ALPACA,425177,100.0,36.369556,127.35128,12,세종특별시
2026-06-19T08:35:06+09:00,ALPACA,425692,94.0,36.36956,127.35127,12,세종특별시
2026-06-19T08:35:06+09:00,ALPACA,424888,83.0,36.36956,127.35126,12,세종특별시
2026-06-19T08:35:06+09:00,ALPACA,425176,71.0,36.36956,127.35123,12,세종특별시
2026-06-19T08:35:06+09:00,ALPACA,425484,95.0,36.369564,127.35133,12,세종특별시
2026-06-19T08:35:06+09:00,ALPACA,424186,87.0,36.369568,127.351265,12,세종특별시
2026-06-19T08:35:06+09:00,ALPACA,424749,93.0,36.369568,127.34378,12,세종특별시
2026-06-19T08:35:06+09:00,ALPACA,424803,62.0,36.369583,127.35124,12,세종특별시
2026-06-19T08:35:06+09:00,ALPACA,425462,89.0,36.369587,127.3513,12,세종특별시
2026-06-19T08:35:06+09:00,ALPACA,425631,50.0,36.36959,127.35129,12,세종특별시
2026-06-19T08:35:06+09:00,ALPACA,424464,36.0,36.369595,127.31903,12,세종특별시
2026-06-19T08:35:06+09:00,ALPACA,425534,46.0,36.3696,127.3437,12,세종특별시
2026-06-19T08:35:06+09:00,ALPACA,423908,97.0,36.369606,127.351166,12,세종특별시
2026-06-19T08:35:06+09:00,ALPACA,425581,99.0,36.369614,127.35119,12,세종특별시
2026-06-19T08:35:06+09:00,ALPACA,424855,95.0,36.369614,127.35117,12,세종특별시
2026-06-19T08:35:06+09:00,ALPACA,425328,61.0,36.369614,127.35118,12,세종특별시
2026-06-19T08:35:06+09:00,ALPACA,425775,99.0,36.369617,127.343285,12,세종특별시
2026-06-19T08:35:06+09:00,ALPACA,425105,77.0,36.36963,127.351166,12,세종특별시
2026-06-19T08:35:06+09:00,ALPACA,425513,72.0,36.369637,127.34374,12,세종특별시
2026-06-19T08:35:06+09:00,ALPACA,424480,67.0,36.369637,127.35117,12,세종특별시
2026-06-19T08:35:06+09:00,ALPACA,425369,100.0,36.36964,127.36308,12,세종특별시
2026-06-19T08:35:06+09:00,ALPACA,424784,85.0,36.369648,127.3512,12,세종특별시
2026-06-19T08:35:06+09:00,ALPACA,424419,58.0,36.36966,127.31805,12,세종특별시
2026-06-19T08:35:06+09:00,ALPACA,424368,67.0,36.36967,127.35114,12,세종특별시
2026-06-19T08:35:06+09:00,ALPACA,425069,100.0,36.36967,127.343445,12,세종특별시
2026-06-19T08:35:06+09:00,ALPACA,425283,89.0,36.36971,127.36292,12,세종특별시
2026-06-19T08:35:06+09:00,ALPACA,424774,58.0,36.369747,127.362854,12,세종특별시
2026-06-19T08:35:06+09:00,ALPACA,425474,100.0,36.36976,127.343666,12,세종특별시
2026-06-19T08:35:06+09:00,ALPACA,425399,98.0,36.369865,127.34422,12,세종특별시
2026-06-19T08:35:06+09:00,ALPACA,424353,80.0,36.369884,127.3439,12,세종특별시
2026-06-19T08:35:06+09:00,ALPACA,424522,58.0,36.36989,127.34386,12,세종특별시
2026-06-19T08:35:06+09:00,ALPACA,424167,67.0,36.3699,127.34381,12,세종특별시
2026-06-19T08:35:06+09:00,ALPACA,425100,77.0,36.369915,127.34536,12,세종특별시
2026-06-19T08:35:06+09:00,ALPACA,425686,92.0,36.36993,127.343834,12,세종특별시
2026-06-19T08:35:06+09:00,ALPACA,425512,84.0,36.369938,127.3386,12,세종특별시
2026-06-19T08:35:06+09:00,ALPACA,426360,90.0,36.369976,127.36287,12,세종특별시
2026-06-19T08:35:06+09:00,ALPACA,411686,80.0,36.370014,127.33849,12,세종특별시
2026-06-19T08:35:06+09:00,ALPACA,424680,54.0,36.37004,127.36051,12,세종특별시
2026-06-19T08:35:06+09:00,ALPACA,424721,50.0,36.37004,127.36049,12,세종특별시
2026-06-19T08:35:06+09:00,ALPACA,424659,70.0,36.370064,127.3623,12,세종특별시
2026-06-19T08:35:06+09:00,ALPACA,424359,100.0,36.370087,127.36006,12,세종특별시
2026-06-19T08:35:06+09:00,ALPACA,424444,94.0,36.37011,127.36043,12,세종특별시
2026-06-19T08:35:06+09:00,ALPACA,425023,91.0,36.370174,127.33713,12,세종특별시
2026-06-19T08:35:06+09:00,ALPACA,425523,76.0,36.370678,127.363815,12,세종특별시
2026-06-19T08:35:06+09:00,ALPACA,424822,67.0,36.370678,127.35352,12,세종특별시
2026-06-19T08:35:06+09:00,ALPACA,424996,90.0,36.37071,127.36244,12,세종특별시
2026-06-19T08:35:06+09:00,ALPACA,425108,34.0,36.370777,127.362526,12,세종특별시
2026-06-19T08:35:06+09:00,ALPACA,424473,99.0,36.370804,127.36242,12,세종특별시
2026-06-19T08:35:06+09:00,ALPACA,424988,100.0,36.37086,127.362404,12,세종특별시
2026-06-19T08:35:06+09:00,ALPACA,426302,97.0,36.37099,127.33506,12,세종특별시
2026-06-19T08:35:06+09:00,ALPACA,425576,95.0,36.371258,127.34147,12,세종특별시
2026-06-19T08:35:06+09:00,ALPACA,424373,63.0,36.371258,127.34145,12,세종특별시
2026-06-19T08:35:06+09:00,ALPACA,425026,96.0,36.371265,127.34145,12,세종특별시
2026-06-19T08:35:06+09:00,ALPACA,425425,98.0,36.37127,127.3415,12,세종특별시
2026-06-19T08:35:06+09:00,ALPACA,425511,96.0,36.37127,127.34154,12,세종특별시
2026-06-19T08:35:06+09:00,ALPACA,425533,100.0,36.37127,127.34148,12,세종특별시
2026-06-19T08:35:06+09:00,ALPACA,425145,100.0,36.37127,127.341324,12,세종특별시
2026-06-19T08:35:06+09:00,ALPACA,424421,100.0,36.371277,127.34138,12,세종특별시
2026-06-19T08:35:06+09:00,ALPACA,425082,97.0,36.371277,127.34136,12,세종특별시
2026-06-19T08:35:06+09:00,ALPACA,425500,94.0,36.37128,127.341415,12,세종특별시
2026-06-19T08:35:06+09:00,ALPACA,424798,100.0,36.37128,127.34133,12,세종특별시
2026-06-19T08:35:06+09:00,ALPACA,425501,100.0,36.371284,127.34147,12,세종특별시
2026-06-19T08:35:06+09:00,ALPACA,425439,100.0,36.37129,127.341385,12,세종특별시
2026-06-19T08:35:06+09:00,ALPACA,425530,40.0,36.37129,127.34139,12,세종특별시
2026-06-19T08:35:06+09:00,ALPACA,424489,64.0,36.371292,127.33516,12,세종특별시
2026-06-19T08:35:06+09:00,ALPACA,425099,49.0,36.371292,127.341446,12,세종특별시
2026-06-19T08:35:06+09:00,ALPACA,425495,73.0,36.371307,127.34139,12,세종특별시
2026-06-19T08:35:06+09:00,ALPACA,426495,36.0,36.37135,127.3334,12,세종특별시
2026-06-19T08:35:06+09:00,ALPACA,424340,62.0,36.37135,127.33523,12,세종특별시
2026-06-19T08:35:06+09:00,ALPACA,424689,90.0,36.37144,127.34334,12,세종특별시
2026-06-19T08:35:06+09:00,ALPACA,425170,55.0,36.37144,127.34328,12,세종특별시
2026-06-19T08:35:06+09:00,ALPACA,425276,100.0,36.37144,127.34322,12,세종특별시
2026-06-19T08:35:06+09:00,ALPACA,424565,87.0,36.371468,127.34339,12,세종특별시
2026-06-19T08:35:06+09:00,ALPACA,426231,78.0,36.371475,127.34335,12,세종특별시
2026-06-19T08:35:06+09:00,ALPACA,425503,62.0,36.37149,127.34339,12,세종특별시
2026-06-19T08:35:06+09:00,ALPACA,424766,100.0,36.37149,127.343346,12,세종특별시
2026-06-19T08:35:06+09:00,ALPACA,426499,63.0,36.371517,127.343254,12,세종특별시
2026-06-19T08:35:06+09:00,ALPACA,424390,100.0,36.371548,127.343254,12,세종특별시
2026-06-19T08:35:06+09:00,ALPACA,424923,96.0,36.37156,127.34324,12,세종특별시
2026-06-19T08:35:06+09:00,ALPACA,425011,65.0,36.37156,127.34327,12,세종특별시
2026-06-19T08:35:06+09:00,ALPACA,424636,100.0,36.371567,127.343254,12,세종특별시
2026-06-19T08:35:06+09:00,ALPACA,424606,100.0,36.37161,127.34328,12,세종특별시
2026-06-19T08:35:06+09:00,ALPACA,424122,100.0,36.371834,127.35854,12,세종특별시
2026-06-19T08:35:06+09:00,ALPACA,425452,100.0,36.371937,127.36205,12,세종특별시
2026-06-19T08:35:06+09:00,ALPACA,425469,42.0,36.3721,127.338486,12,세종특별시
2026-06-19T08:35:06+09:00,ALPACA,424549,97.0,36.372116,127.341644,12,세종특별시
2026-06-19T08:35:06+09:00,ALPACA,426455,100.0,36.372143,127.31735,12,세종특별시
2026-06-19T08:35:06+09:00,ALPACA,426166,99.0,36.372253,127.319115,12,세종특별시
2026-06-19T08:35:06+09:00,ALPACA,425708,100.0,36.372253,127.31916,12,세종특별시
2026-06-19T08:35:06+09:00,ALPACA,424757,37.0,36.372307,127.32329,12,세종특별시
2026-06-19T08:35:06+09:00,ALPACA,424043,47.0,36.372322,127.33547,12,세종특별시
2026-06-19T08:35:06+09:00,ALPACA,425146,91.0,36.372368,127.318184,12,세종특별시
2026-06-19T08:35:06+09:00,ALPACA,424854,43.0,36.372383,127.33531,12,세종특별시
2026-06-19T08:35:06+09:00,ALPACA,426560,79.0,36.37239,127.317566,12,세종특별시
2026-06-19T08:35:06+09:00,ALPACA,424831,47.0,36.372395,127.33536,12,세종특별시
2026-06-19T08:35:06+09:00,ALPACA,424476,57.0,36.372402,127.335365,12,세종특별시
2026-06-19T08:35:06+09:00,ALPACA,425580,56.0,36.372406,127.33523,12,세종특별시
2026-06-19T08:35:06+09:00,ALPACA,424867,52.0,36.372406,127.3354,12,세종특별시
2026-06-19T08:35:06+09:00,ALPACA,426247,100.0,36.372437,127.31809,12,세종특별시
2026-06-19T08:35:06+09:00,ALPACA,426433,100.0,36.372448,127.31799,12,세종특별시
2026-06-19T08:35:06+09:00,ALPACA,426492,100.0,36.37245,127.31804,12,세종특별시
2026-06-19T08:35:06+09:00,ALPACA,426108,41.0,36.372513,127.33413,12,세종특별시
2026-06-19T08:35:06+09:00,ALPACA,424702,91.0,36.372513,127.343254,12,세종특별시
2026-06-19T08:35:06+09:00,ALPACA,426389,85.0,36.372578,127.316505,12,세종특별시
2026-06-19T08:35:06+09:00,ALPACA,425347,67.0,36.372673,127.339615,12,세종특별시
2026-06-19T08:35:06+09:00,ALPACA,424474,33.0,36.372723,127.33958,12,세종특별시
2026-06-19T08:35:06+09:00,ALPACA,425022,75.0,36.37283,127.33968,12,세종특별시
2026-06-19T08:35:06+09:00,ALPACA,426278,92.0,36.3729,127.34384,12,세종특별시
2026-06-19T08:35:06+09:00,ALPACA,424869,70.0,36.372925,127.34386,12,세종특별시
2026-06-19T08:35:06+09:00,ALPACA,424690,50.0,36.37295,127.34388,12,세종특별시
2026-06-19T08:35:06+09:00,ALPACA,424406,51.0,36.37296,127.35964,12,세종특별시
2026-06-19T08:35:06+09:00,ALPACA,425544,93.0,36.372963,127.34385,12,세종특별시
2026-06-19T08:35:06+09:00,ALPACA,424503,71.0,36.372963,127.34382,12,세종특별시
2026-06-19T08:35:06+09:00,ALPACA,425707,96.0,36.372986,127.359566,12,세종특별시
2026-06-19T08:35:06+09:00,ALPACA,424730,46.0,36.37302,127.3229,12,세종특별시
2026-06-19T08:35:06+09:00,ALPACA,425783,73.0,36.37322,127.31787,12,세종특별시
2026-06-19T08:35:06+09:00,ALPACA,426206,78.0,36.373222,127.31785,12,세종특별시
2026-06-19T08:35:06+09:00,ALPACA,426341,75.0,36.373226,127.31795,12,세종특별시
2026-06-19T08:35:06+09:00,ALPACA,426488,100.0,36.373234,127.317955,12,세종특별시
2026-06-19T08:35:06+09:00,ALPACA,425768,84.0,36.37325,127.31785,12,세종특별시
2026-06-19T08:35:06+09:00,ALPACA,424604,99.0,36.373253,127.31787,12,세종특별시
2026-06-19T08:35:06+09:00,ALPACA,426269,75.0,36.373257,127.3177,12,세종특별시
2026-06-19T08:35:06+09:00,ALPACA,426271,74.0,36.37326,127.317955,12,세종특별시
2026-06-19T08:35:06+09:00,ALPACA,426180,78.0,36.37326,127.31786,12,세종특별시
2026-06-19T08:35:06+09:00,ALPACA,426374,77.0,36.373264,127.317825,12,세종특별시
2026-06-19T08:35:06+09:00,ALPACA,426309,76.0,36.373264,127.317856,12,세종특별시
2026-06-19T08:35:06+09:00,ALPACA,426259,76.0,36.37328,127.31791,12,세종특별시
2026-06-19T08:35:06+09:00,ALPACA,426181,75.0,36.373295,127.31789,12,세종특별시
2026-06-19T08:35:06+09:00,ALPACA,426346,75.0,36.373356,127.31793,12,세종특별시
2026-06-19T08:35:06+09:00,ALPACA,424559,77.0,36.373486,127.35942,12,세종특별시
2026-06-19T08:35:06+09:00,ALPACA,424477,99.0,36.3735,127.35747,12,세종특별시
2026-06-19T08:35:06+09:00,ALPACA,425012,100.0,36.37351,127.35943,12,세종특별시
2026-06-19T08:35:06+09:00,ALPACA,425414,100.0,36.37352,127.36153,12,세종특별시
2026-06-19T08:35:06+09:00,ALPACA,424463,99.0,36.373528,127.344246,12,세종특별시
2026-06-19T08:35:06+09:00,ALPACA,414534,33.0,36.37355,127.34421,12,세종특별시
2026-06-19T08:35:06+09:00,ALPACA,425776,100.0,36.37355,127.34419,12,세종특별시
2026-06-19T08:35:06+09:00,ALPACA,425372,97.0,36.373554,127.3442,12,세종특별시
2026-06-19T08:35:06+09:00,ALPACA,426359,100.0,36.373558,127.34419,12,세종특별시
2026-06-19T08:35:06+09:00,ALPACA,424118,60.0,36.37356,127.344185,12,세종특별시
2026-06-19T08:35:06+09:00,ALPACA,425604,100.0,36.373577,127.34417,12,세종특별시
2026-06-19T08:35:06+09:00,ALPACA,425378,35.0,36.37358,127.36044,12,세종특별시
2026-06-19T08:35:06+09:00,ALPACA,425390,84.0,36.373585,127.34157,12,세종특별시
2026-06-19T08:35:06+09:00,ALPACA,425541,37.0,36.373592,127.34407,12,세종특별시
2026-06-19T08:35:06+09:00,ALPACA,425978,71.0,36.373596,127.318825,12,세종특별시
2026-06-19T08:35:06+09:00,ALPACA,425449,76.0,36.373596,127.344215,12,세종특별시
2026-06-19T08:35:06+09:00,ALPACA,424537,33.0,36.373596,127.34419,12,세종특별시
2026-06-19T08:35:06+09:00,ALPACA,426308,62.0,36.373833,127.31935,12,세종특별시
2026-06-19T08:35:06+09:00,ALPACA,426552,42.0,36.37385,127.31868,12,세종특별시
2026-06-19T08:35:06+09:00,ALPACA,424472,58.0,36.373928,127.36016,12,세종특별시
2026-06-19T08:35:06+09:00,ALPACA,426358,93.0,36.374073,127.32251,12,세종특별시
2026-06-19T08:35:06+09:00,ALPACA,425706,97.0,36.37411,127.36511,12,세종특별시
2026-06-19T08:35:06+09:00,ALPACA,426213,33.0,36.374172,127.319435,12,세종특별시
2026-06-19T08:35:06+09:00,ALPACA,425252,35.0,36.37425,127.37938,12,세종특별시
2026-06-19T08:35:06+09:00,ALPACA,424729,48.0,36.374523,127.34653,12,세종특별시
2026-06-19T08:35:06+09:00,ALPACA,426515,95.0,36.374584,127.31869,12,세종특별시
2026-06-19T08:35:06+09:00,ALPACA,414747,41.0,36.374588,127.3592,12,세종특별시
2026-06-19T08:35:06+09:00,ALPACA,425444,78.0,36.374622,127.34199,12,세종특별시
2026-06-19T08:35:06+09:00,ALPACA,426270,100.0,36.37484,127.31804,12,세종특별시
2026-06-19T08:35:06+09:00,ALPACA,425619,80.0,36.374844,127.31805,12,세종특별시
2026-06-19T08:35:06+09:00,ALPACA,425903,100.0,36.374844,127.318016,12,세종특별시
2026-06-19T08:35:06+09:00,ALPACA,425895,100.0,36.37485,127.318016,12,세종특별시
2026-06-19T08:35:06+09:00,ALPACA,426363,100.0,36.37485,127.31805,12,세종특별시
2026-06-19T08:35:06+09:00,ALPACA,426319,73.0,36.374866,127.31801,12,세종특별시
2026-06-19T08:35:06+09:00,ALPACA,426327,99.0,36.37488,127.3181,12,세종특별시
2026-06-19T08:35:06+09:00,ALPACA,425273,48.0,36.374928,127.33777,12,세종특별시
2026-06-19T08:35:06+09:00,ALPACA,426510,93.0,36.374958,127.31813,12,세종특별시
2026-06-19T08:35:06+09:00,ALPACA,426345,46.0,36.37507,127.322754,12,세종특별시
2026-06-19T08:35:06+09:00,ALPACA,426501,74.0,36.37531,127.31902,12,세종특별시
2026-06-19T08:35:06+09:00,ALPACA,426264,47.0,36.375626,127.305466,12,세종특별시
2026-06-19T08:35:06+09:00,ALPACA,425550,91.0,36.375713,127.34391,12,세종특별시
2026-06-19T08:35:06+09:00,ALPACA,425395,84.0,36.37572,127.34391,12,세종특별시
2026-06-19T08:35:06+09:00,ALPACA,423795,37.0,36.375755,127.3439,12,세종특별시
2026-06-19T08:35:06+09:00,ALPACA,414468,74.0,36.375767,127.3918,12,세종특별시
2026-06-19T08:35:06+09:00,ALPACA,411696,100.0,36.375797,127.39184,12,세종특별시
2026-06-19T08:35:06+09:00,ALPACA,425521,100.0,36.375797,127.39178,12,세종특별시
2026-06-19T08:35:06+09:00,ALPACA,426491,72.0,36.375816,127.32071,12,세종특별시
2026-06-19T08:35:06+09:00,ALPACA,424974,70.0,36.375847,127.34323,12,세종특별시
2026-06-19T08:35:06+09:00,ALPACA,425424,100.0,36.37585,127.39187,12,세종특별시
2026-06-19T08:35:06+09:00,ALPACA,414802,100.0,36.375854,127.39182,12,세종특별시
2026-06-19T08:35:06+09:00,ALPACA,424975,65.0,36.37587,127.34326,12,세종특별시
2026-06-19T08:35:06+09:00,ALPACA,425675,39.0,36.375874,127.34323,12,세종특별시
2026-06-19T08:35:06+09:00,ALPACA,424928,86.0,36.375877,127.34329,12,세종특별시
2026-06-19T08:35:06+09:00,ALPACA,424706,90.0,36.375885,127.34326,12,세종특별시
2026-06-19T08:35:06+09:00,ALPACA,424763,91.0,36.37589,127.34326,12,세종특별시
2026-06-19T08:35:06+09:00,ALPACA,424224,99.0,36.375893,127.34325,12,세종특별시
2026-06-19T08:35:06+09:00,ALPACA,425221,94.0,36.375908,127.34323,12,세종특별시
2026-06-19T08:35:06+09:00,ALPACA,424387,35.0,36.375923,127.34327,12,세종특별시
2026-06-19T08:35:06+09:00,ALPACA,425049,95.0,36.37593,127.34325,12,세종특별시
2026-06-19T08:35:06+09:00,ALPACA,424458,99.0,36.37594,127.343315,12,세종특별시
2026-06-19T08:35:06+09:00,ALPACA,424903,88.0,36.37599,127.343346,12,세종특별시
2026-06-19T08:35:06+09:00,ALPACA,425385,98.0,36.37601,127.343346,12,세종특별시
2026-06-19T08:35:06+09:00,ALPACA,426367,64.0,36.376015,127.315575,12,세종특별시
2026-06-19T08:35:06+09:00,ALPACA,426380,72.0,36.37604,127.31558,12,세종특별시
2026-06-19T08:35:06+09:00,ALPACA,426275,53.0,36.37618,127.318115,12,세종특별시
2026-06-19T08:35:06+09:00,ALPACA,425970,65.0,36.376225,127.32361,12,세종특별시
2026-06-19T08:35:06+09:00,ALPACA,426468,81.0,36.37625,127.3178,12,세종특별시
2026-06-19T08:35:06+09:00,ALPACA,425713,96.0,36.376305,127.31809,12,세종특별시
2026-06-19T08:35:06+09:00,ALPACA,426369,89.0,36.376423,127.34488,12,세종특별시
2026-06-19T08:35:06+09:00,ALPACA,424401,68.0,36.37653,127.356346,12,세종특별시
2026-06-19T08:35:06+09:00,ALPACA,424346,40.0,36.37665,127.34351,12,세종특별시
2026-06-19T08:35:06+09:00,ALPACA,424668,93.0,36.37673,127.344185,12,세종특별시
2026-06-19T08:35:06+09:00,ALPACA,425202,81.0,36.376736,127.34402,12,세종특별시
2026-06-19T08:35:06+09:00,ALPACA,425705,93.0,36.376785,127.34415,12,세종특별시
2026-06-19T08:35:06+09:00,ALPACA,425029,68.0,36.37679,127.344055,12,세종특별시
2026-06-19T08:35:06+09:00,ALPACA,424665,83.0,36.376812,127.34418,12,세종특별시
2026-06-19T08:35:06+09:00,ALPACA,424850,91.0,36.376842,127.34418,12,세종특별시
2026-06-19T08:35:06+09:00,ALPACA,426352,38.0,36.376865,127.315025,12,세종특별시
2026-06-19T08:35:06+09:00,ALPACA,426106,48.0,36.37703,127.324646,12,세종특별시
2026-06-19T08:35:06+09:00,ALPACA,425349,80.0,36.37728,127.34337,12,세종특별시
2026-06-19T08:35:06+09:00,ALPACA,425961,42.0,36.37787,127.324715,12,세종특별시
2026-06-19T08:35:06+09:00,ALPACA,426233,91.0,36.377945,127.30402,12,세종특별시
2026-06-19T08:35:06+09:00,ALPACA,426317,44.0,36.37842,127.316895,12,세종특별시
2026-06-19T08:35:06+09:00,ALPACA,425248,47.0,36.378452,127.34295,12,세종특별시
2026-06-19T08:35:06+09:00,ALPACA,424880,92.0,36.378475,127.315636,12,세종특별시
2026-06-19T08:35:06+09:00,ALPACA,424982,76.0,36.378605,127.31698,12,세종특별시
2026-06-19T08:35:06+09:00,ALPACA,426447,49.0,36.378735,127.3202,12,세종특별시
2026-06-19T08:35:06+09:00,ALPACA,426110,65.0,36.379402,127.31587,12,세종특별시
2026-06-19T08:35:06+09:00,ALPACA,426469,49.0,36.379536,127.32516,12,세종특별시
2026-06-19T08:35:06+09:00,ALPACA,426364,72.0,36.37954,127.316086,12,세종특별시
2026-06-19T08:35:06+09:00,ALPACA,424525,68.0,36.38085,127.33766,12,세종특별시
2026-06-19T08:35:06+09:00,ALPACA,425241,30.0,36.381367,127.324715,12,세종특별시
2026-06-19T08:35:06+09:00,ALPACA,425531,43.0,36.38258,127.319176,12,세종특별시
2026-06-19T08:35:06+09:00,ALPACA,424949,96.0,36.382713,127.323875,12,세종특별시
2026-06-19T08:35:06+09:00,ALPACA,425117,84.0,36.383396,127.32094,12,세종특별시
2026-06-19T08:35:06+09:00,ALPACA,426207,35.0,36.38366,127.3195,12,세종특별시
2026-06-19T08:35:06+09:00,ALPACA,426443,100.0,36.38367,127.31982,12,세종특별시
2026-06-19T08:35:06+09:00,ALPACA,426303,100.0,36.383705,127.3198,12,세종특별시
2026-06-19T08:35:06+09:00,ALPACA,426440,100.0,36.38371,127.3198,12,세종특별시
2026-06-19T08:35:06+09:00,ALPACA,426479,89.0,36.383713,127.319855,12,세종특별시
2026-06-19T08:35:06+09:00,ALPACA,426561,99.0,36.383717,127.31979,12,세종특별시
2026-06-19T08:35:06+09:00,ALPACA,426356,90.0,36.38372,127.31977,12,세종특별시
2026-06-19T08:35:06+09:00,ALPACA,426230,100.0,36.383724,127.31979,12,세종특별시
2026-06-19T08:35:06+09:00,ALPACA,426432,52.0,36.383724,127.31917,12,세종특별시
2026-06-19T08:35:06+09:00,ALPACA,425905,81.0,36.383728,127.319756,12,세종특별시
2026-06-19T08:35:06+09:00,ALPACA,425971,100.0,36.38375,127.31977,12,세종특별시
2026-06-19T08:35:06+09:00,ALPACA,426326,60.0,36.383774,127.31974,12,세종특별시
2026-06-19T08:35:06+09:00,ALPACA,424717,83.0,36.383774,127.30337,12,세종특별시
2026-06-19T08:35:06+09:00,ALPACA,425702,95.0,36.3838,127.31977,12,세종특별시
2026-06-19T08:35:06+09:00,ALPACA,426430,70.0,36.383823,127.319145,12,세종특별시
2026-06-19T08:35:06+09:00,ALPACA,426130,99.0,36.383854,127.3191,12,세종특별시
2026-06-19T08:35:06+09:00,ALPACA,426372,100.0,36.383865,127.31909,12,세종특별시
2026-06-19T08:35:06+09:00,ALPACA,426485,94.0,36.383907,127.319115,12,세종특별시
2026-06-19T08:35:06+09:00,ALPACA,425506,80.0,36.384212,127.36762,12,세종특별시
2026-06-19T08:35:06+09:00,ALPACA,425243,85.0,36.384308,127.31998,12,세종특별시
2026-06-19T08:35:06+09:00,ALPACA,426404,56.0,36.38485,127.324615,12,세종특별시
2026-06-19T08:35:06+09:00,ALPACA,425179,54.0,36.384888,127.32376,12,세종특별시
2026-06-19T08:35:06+09:00,ALPACA,425727,82.0,36.38503,127.32436,12,세종특별시
2026-06-19T08:35:06+09:00,ALPACA,426296,62.0,36.385063,127.32424,12,세종특별시
2026-06-19T08:35:06+09:00,ALPACA,426472,39.0,36.385086,127.324326,12,세종특별시
2026-06-19T08:35:06+09:00,ALPACA,426412,97.0,36.38509,127.30794,12,세종특별시
2026-06-19T08:35:06+09:00,ALPACA,426528,36.0,36.385265,127.32443,12,세종특별시
2026-06-19T08:35:06+09:00,ALPACA,426298,61.0,36.385635,127.328224,12,세종특별시
2026-06-19T08:35:06+09:00,ALPACA,425969,92.0,36.385647,127.32822,12,세종특별시
2026-06-19T08:35:06+09:00,ALPACA,424712,80.0,36.38569,127.32819,12,세종특별시
2026-06-19T08:35:06+09:00,ALPACA,426428,38.0,36.385708,127.32818,12,세종특별시
2026-06-19T08:35:06+09:00,ALPACA,426390,91.0,36.38571,127.32817,12,세종특별시
2026-06-19T08:35:06+09:00,ALPACA,414714,100.0,36.385803,127.377365,12,세종특별시
2026-06-19T08:35:06+09:00,ALPACA,426129,58.0,36.385807,127.30859,12,세종특별시
2026-06-19T08:35:06+09:00,ALPACA,424509,100.0,36.385815,127.37732,12,세종특별시
2026-06-19T08:35:06+09:00,ALPACA,414750,100.0,36.385822,127.37734,12,세종특별시
2026-06-19T08:35:06+09:00,ALPACA,414717,100.0,36.385826,127.37734,12,세종특별시
2026-06-19T08:35:06+09:00,ALPACA,414748,100.0,36.385826,127.37734,12,세종특별시
2026-06-19T08:35:06+09:00,ALPACA,426046,100.0,36.385838,127.377335,12,세종특별시
2026-06-19T08:35:06+09:00,ALPACA,426109,51.0,36.386055,127.32817,12,세종특별시
2026-06-19T08:35:06+09:00,ALPACA,426280,88.0,36.3861,127.32676,12,세종특별시
2026-06-19T08:35:06+09:00,ALPACA,425083,92.0,36.3862,127.32527,12,세종특별시
2026-06-19T08:35:06+09:00,ALPACA,426244,85.0,36.386227,127.32521,12,세종특별시
2026-06-19T08:35:06+09:00,ALPACA,426086,94.0,36.386375,127.318375,12,세종특별시
2026-06-19T08:35:06+09:00,ALPACA,425909,98.0,36.38664,127.315865,12,세종특별시
2026-06-19T08:35:06+09:00,ALPACA,426377,48.0,36.386665,127.31672,12,세종특별시
2026-06-19T08:35:06+09:00,ALPACA,425642,100.0,36.38679,127.31584,12,세종특별시
2026-06-19T08:35:06+09:00,ALPACA,426387,39.0,36.386887,127.31594,12,세종특별시
2026-06-19T08:35:06+09:00,ALPACA,426347,45.0,36.386913,127.31802,12,세종특별시
2026-06-19T08:35:06+09:00,ALPACA,426229,100.0,36.38696,127.315956,12,세종특별시
2026-06-19T08:35:06+09:00,ALPACA,426202,99.0,36.386967,127.31781,12,세종특별시
2026-06-19T08:35:06+09:00,ALPACA,424832,68.0,36.386997,127.31789,12,세종특별시
2026-06-19T08:35:06+09:00,ALPACA,426449,72.0,36.387016,127.317856,12,세종특별시
2026-06-19T08:35:06+09:00,ALPACA,425281,87.0,36.387028,127.322464,12,세종특별시
2026-06-19T08:35:06+09:00,ALPACA,426388,99.0,36.38733,127.32552,12,세종특별시
2026-06-19T08:35:06+09:00,ALPACA,424635,89.0,36.387386,127.30984,12,세종특별시
2026-06-19T08:35:06+09:00,ALPACA,414796,93.0,36.387424,127.40487,12,세종특별시
2026-06-19T08:35:06+09:00,ALPACA,426239,86.0,36.38745,127.31304,12,세종특별시
2026-06-19T08:35:06+09:00,ALPACA,424328,84.0,36.38746,127.31294,12,세종특별시
2026-06-19T08:35:06+09:00,ALPACA,424363,76.0,36.387497,127.31835,12,세종특별시
2026-06-19T08:35:06+09:00,ALPACA,426148,96.0,36.387505,127.318375,12,세종특별시
2026-06-19T08:35:06+09:00,ALPACA,426383,33.0,36.387604,127.3089,12,세종특별시
2026-06-19T08:35:06+09:00,ALPACA,426498,95.0,36.387653,127.30948,12,세종특별시
2026-06-19T08:35:06+09:00,ALPACA,426445,70.0,36.38767,127.32451,12,세종특별시
2026-06-19T08:35:06+09:00,ALPACA,426252,87.0,36.387684,127.3122,12,세종특별시
2026-06-19T08:35:06+09:00,ALPACA,426240,55.0,36.387722,127.311806,12,세종특별시
2026-06-19T08:35:06+09:00,ALPACA,426417,93.0,36.38773,127.31176,12,세종특별시
2026-06-19T08:35:06+09:00,ALPACA,426532,84.0,36.387753,127.303246,12,세종특별시
2026-06-19T08:35:06+09:00,ALPACA,426274,57.0,36.387863,127.32413,12,세종특별시
2026-06-19T08:35:06+09:00,ALPACA,425448,81.0,36.388226,127.34913,12,세종특별시
2026-06-19T08:35:06+09:00,ALPACA,426060,75.0,36.388245,127.33357,12,세종특별시
2026-06-19T08:35:06+09:00,ALPACA,426362,96.0,36.38874,127.31272,12,세종특별시
2026-06-19T08:35:06+09:00,ALPACA,426266,61.0,36.389297,127.314186,12,세종특별시
2026-06-19T08:35:06+09:00,ALPACA,426272,74.0,36.389503,127.29989,12,세종특별시
2026-06-19T08:35:06+09:00,ALPACA,426351,99.0,36.38966,127.30327,12,세종특별시
2026-06-19T08:35:06+09:00,ALPACA,426429,100.0,36.389664,127.350945,12,세종특별시
2026-06-19T08:35:06+09:00,ALPACA,424708,100.0,36.38975,127.348724,12,세종특별시
2026-06-19T08:35:06+09:00,ALPACA,415442,94.0,36.39018,127.39921,12,세종특별시
2026-06-19T08:35:06+09:00,ALPACA,414901,100.0,36.390182,127.399284,12,세종특별시
2026-06-19T08:35:06+09:00,ALPACA,424883,72.0,36.390182,127.39919,12,세종특별시
2026-06-19T08:35:06+09:00,ALPACA,414612,99.0,36.390186,127.399155,12,세종특별시
2026-06-19T08:35:06+09:00,ALPACA,424646,94.0,36.390186,127.39919,12,세종특별시
2026-06-19T08:35:06+09:00,ALPACA,415142,97.0,36.390194,127.399185,12,세종특별시
2026-06-19T08:35:06+09:00,ALPACA,424697,98.0,36.390194,127.399315,12,세종특별시
2026-06-19T08:35:06+09:00,ALPACA,426203,36.0,36.390198,127.31471,12,세종특별시
2026-06-19T08:35:06+09:00,ALPACA,424973,99.0,36.390198,127.399254,12,세종특별시
2026-06-19T08:35:06+09:00,ALPACA,414739,96.0,36.3902,127.39926,12,세종특별시
2026-06-19T08:35:06+09:00,ALPACA,426517,98.0,36.39021,127.39923,12,세종특별시
2026-06-19T08:35:06+09:00,ALPACA,425182,97.0,36.39021,127.39931,12,세종특별시
2026-06-19T08:35:06+09:00,ALPACA,415292,80.0,36.390213,127.399155,12,세종특별시
2026-06-19T08:35:06+09:00,ALPACA,425433,68.0,36.39022,127.39917,12,세종특별시
2026-06-19T08:35:06+09:00,ALPACA,424887,83.0,36.39023,127.40696,12,세종특별시
2026-06-19T08:35:06+09:00,ALPACA,426273,56.0,36.390278,127.3048,12,세종특별시
2026-06-19T08:35:06+09:00,ALPACA,426382,84.0,36.390472,127.305885,12,세종특별시
2026-06-19T08:35:06+09:00,ALPACA,426464,97.0,36.39052,127.30593,12,세종특별시
2026-06-19T08:35:06+09:00,ALPACA,426209,57.0,36.390526,127.30587,12,세종특별시
2026-06-19T08:35:06+09:00,ALPACA,426245,90.0,36.390743,127.30877,12,세종특별시
2026-06-19T08:35:06+09:00,ALPACA,424439,74.0,36.39101,127.32967,12,세종특별시
2026-06-19T08:35:06+09:00,ALPACA,414678,75.0,36.39109,127.40185,12,세종특별시
2026-06-19T08:35:06+09:00,ALPACA,414429,63.0,36.391315,127.31566,12,세종특별시
2026-06-19T08:35:06+09:00,ALPACA,425525,66.0,36.391342,127.312164,12,세종특별시
2026-06-19T08:35:06+09:00,ALPACA,426343,69.0,36.3915,127.31477,12,세종특별시
2026-06-19T08:35:06+09:00,ALPACA,425374,55.0,36.391506,127.36472,12,세종특별시
2026-06-19T08:35:06+09:00,ALPACA,426518,57.0,36.391514,127.3148,12,세종특별시
2026-06-19T08:35:06+09:00,ALPACA,424725,69.0,36.391537,127.31474,12,세종특별시
2026-06-19T08:35:06+09:00,ALPACA,425436,71.0,36.39154,127.31479,12,세종특별시
2026-06-19T08:35:06+09:00,ALPACA,425973,92.0,36.391624,127.31248,12,세종특별시
2026-06-19T08:35:06+09:00,ALPACA,426328,43.0,36.39181,127.31407,12,세종특별시
2026-06-19T08:35:06+09:00,ALPACA,426385,98.0,36.391815,127.31145,12,세종특별시
2026-06-19T08:35:06+09:00,ALPACA,426102,54.0,36.39187,127.31431,12,세종특별시
2026-06-19T08:35:06+09:00,ALPACA,426473,38.0,36.391926,127.31432,12,세종특별시
2026-06-19T08:35:06+09:00,ALPACA,424764,45.0,36.392334,127.314804,12,세종특별시
2026-06-19T08:35:06+09:00,ALPACA,425977,58.0,36.392525,127.31403,12,세종특별시
2026-06-19T08:35:06+09:00,ALPACA,426178,89.0,36.39258,127.313034,12,세종특별시
2026-06-19T08:35:06+09:00,ALPACA,424926,79.0,36.393276,127.3996,12,세종특별시
2026-06-19T08:35:06+09:00,ALPACA,426265,80.0,36.39347,127.35267,12,세종특별시
2026-06-19T08:35:06+09:00,ALPACA,426250,38.0,36.393757,127.31229,12,세종특별시
2026-06-19T08:35:06+09:00,ALPACA,426386,92.0,36.39455,127.31088,12,세종특별시
2026-06-19T08:35:06+09:00,ALPACA,425446,65.0,36.39505,127.3129,12,세종특별시
2026-06-19T08:35:06+09:00,ALPACA,426353,64.0,36.39544,127.313324,12,세종특별시
2026-06-19T08:35:06+09:00,ALPACA,424418,77.0,36.395535,127.310326,12,세종특별시
2026-06-19T08:35:06+09:00,ALPACA,414936,74.0,36.39674,127.400276,12,세종특별시
2026-06-19T08:35:06+09:00,ALPACA,424904,69.0,36.398495,127.400375,12,세종특별시
2026-06-19T08:35:06+09:00,ALPACA,425335,98.0,36.398674,127.39261,12,세종특별시
2026-06-19T08:35:06+09:00,ALPACA,414702,99.0,36.399685,127.391335,12,세종특별시
2026-06-19T08:35:06+09:00,ALPACA,414825,98.0,36.399708,127.40745,12,세종특별시
2026-06-19T08:35:06+09:00,ALPACA,425257,83.0,36.399757,127.39752,12,세종특별시
2026-06-19T08:35:06+09:00,ALPACA,415044,96.0,36.399815,127.402466,12,세종특별시
2026-06-19T08:35:06+09:00,ALPACA,414727,98.0,36.40091,127.411026,12,세종특별시
2026-06-19T08:35:06+09:00,ALPACA,425362,76.0,36.401062,127.390686,12,세종특별시
2026-06-19T08:35:06+09:00,ALPACA,414672,99.0,36.401077,127.390656,12,세종특별시
2026-06-19T08:35:06+09:00,ALPACA,414690,69.0,36.401077,127.390656,12,세종특별시
2026-06-19T08:35:06+09:00,ALPACA,414773,76.0,36.401085,127.390625,12,세종특별시
2026-06-19T08:35:06+09:00,ALPACA,424314,97.0,36.401104,127.39068,12,세종특별시
2026-06-19T08:35:06+09:00,ALPACA,424460,97.0,36.40111,127.39061,12,세종특별시
2026-06-19T08:35:06+09:00,ALPACA,414524,89.0,36.401436,127.40765,12,세종특별시
2026-06-19T08:35:06+09:00,ALPACA,425192,98.0,36.403355,127.397575,12,세종특별시
2026-06-19T08:35:06+09:00,ALPACA,414898,56.0,36.40528,127.39769,12,세종특별시
2026-06-19T08:35:06+09:00,ALPACA,414643,62.0,36.411682,127.40615,12,세종특별시
2026-06-19T08:35:06+09:00,ALPACA,424765,87.0,36.41186,127.41124,12,세종특별시
2026-06-19T08:35:06+09:00,ALPACA,425305,57.0,36.412758,127.40816,12,세종특별시
2026-06-19T08:35:06+09:00,ALPACA,425704,44.0,36.41315,127.40505,12,세종특별시
2026-06-19T08:35:06+09:00,ALPACA,415569,56.0,36.41324,127.40635,12,세종특별시
2026-06-19T08:35:06+09:00,ALPACA,424780,69.0,36.41326,127.406334,12,세종특별시
2026-06-19T08:35:06+09:00,ALPACA,414541,58.0,36.416164,127.3965,12,세종특별시
2026-06-19T08:35:06+09:00,ALPACA,424593,83.0,36.417976,127.39082,12,세종특별시
2026-06-19T08:35:06+09:00,ALPACA,425387,65.0,36.418247,127.39745,12,세종특별시
2026-06-19T08:35:06+09:00,ALPACA,414779,95.0,36.41845,127.39742,12,세종특별시
2026-06-19T08:35:06+09:00,ALPACA,424954,94.0,36.418774,127.40836,12,세종특별시
2026-06-19T08:35:06+09:00,ALPACA,414687,100.0,36.419006,127.387054,12,세종특별시
2026-06-19T08:35:06+09:00,ALPACA,414648,79.0,36.419205,127.38161,12,세종특별시
2026-06-19T08:35:06+09:00,ALPACA,414827,95.0,36.419476,127.41061,12,세종특별시
2026-06-19T08:35:06+09:00,ALPACA,424550,66.0,36.419666,127.39398,12,세종특별시
2026-06-19T08:35:06+09:00,ALPACA,425409,58.0,36.419746,127.40644,12,세종특별시
2026-06-19T08:35:06+09:00,ALPACA,425191,86.0,36.420033,127.38586,12,세종특별시
2026-06-19T08:35:06+09:00,ALPACA,414669,99.0,36.420067,127.39225,12,세종특별시
2026-06-19T08:35:06+09:00,ALPACA,414966,91.0,36.420147,127.39225,12,세종특별시
2026-06-19T08:35:06+09:00,ALPACA,415070,96.0,36.420494,127.39177,12,세종특별시
2026-06-19T08:35:06+09:00,ALPACA,424827,57.0,36.420643,127.38442,12,세종특별시
2026-06-19T08:35:06+09:00,ALPACA,425575,68.0,36.42106,127.38172,12,세종특별시
2026-06-19T08:35:06+09:00,ALPACA,414689,100.0,36.421383,127.39428,12,세종특별시
2026-06-19T08:35:06+09:00,ALPACA,414566,100.0,36.421726,127.394264,12,세종특별시
2026-06-19T08:35:06+09:00,ALPACA,414953,86.0,36.421738,127.39323,12,세종특별시
2026-06-19T08:35:06+09:00,ALPACA,424539,71.0,36.421803,127.40433,12,세종특별시
2026-06-19T08:35:06+09:00,ALPACA,425367,60.0,36.42183,127.40773,12,세종특별시
2026-06-19T08:35:06+09:00,ALPACA,425551,77.0,36.422134,127.39613,12,세종특별시
2026-06-19T08:35:06+09:00,ALPACA,414831,100.0,36.422195,127.38757,12,세종특별시
2026-06-19T08:35:06+09:00,ALPACA,414776,100.0,36.422256,127.387596,12,세종특별시
2026-06-19T08:35:06+09:00,ALPACA,414914,100.0,36.422268,127.38754,12,세종특별시
2026-06-19T08:35:06+09:00,ALPACA,411733,96.0,36.422504,127.407,12,세종특별시
2026-06-19T08:35:06+09:00,ALPACA,414823,93.0,36.422623,127.40054,12,세종특별시
2026-06-19T08:35:06+09:00,ALPACA,425494,61.0,36.422726,127.40008,12,세종특별시
2026-06-19T08:35:06+09:00,ALPACA,414268,64.0,36.422913,127.38895,12,세종특별시
2026-06-19T08:35:06+09:00,ALPACA,414821,89.0,36.423122,127.40594,12,세종특별시
2026-06-19T08:35:06+09:00,ALPACA,425236,100.0,36.423275,127.39275,12,세종특별시
2026-06-19T08:35:06+09:00,ALPACA,414732,100.0,36.42347,127.39226,12,세종특별시
2026-06-19T08:35:06+09:00,ALPACA,424825,96.0,36.42347,127.392265,12,세종특별시
2026-06-19T08:35:06+09:00,ALPACA,414937,73.0,36.42349,127.39224,12,세종특별시
2026-06-19T08:35:06+09:00,ALPACA,425711,68.0,36.42349,127.39227,12,세종특별시
2026-06-19T08:35:06+09:00,ALPACA,426257,100.0,36.42349,127.39225,12,세종특별시
2026-06-19T08:35:06+09:00,ALPACA,414830,79.0,36.423496,127.39229,12,세종특별시
2026-06-19T08:35:06+09:00,ALPACA,424816,100.0,36.423496,127.39228,12,세종특별시
2026-06-19T08:35:06+09:00,ALPACA,414753,97.0,36.42365,127.40516,12,세종특별시
2026-06-19T08:35:06+09:00,ALPACA,414533,93.0,36.42367,127.4053,12,세종특별시
2026-06-19T08:35:06+09:00,ALPACA,424583,81.0,36.423676,127.405205,12,세종특별시
2026-06-19T08:35:06+09:00,ALPACA,414651,90.0,36.423725,127.40488,12,세종특별시
2026-06-19T08:35:06+09:00,ALPACA,414767,63.0,36.424538,127.389465,12,세종특별시
2026-06-19T08:35:06+09:00,ALPACA,425734,100.0,36.42461,127.39297,12,세종특별시
2026-06-19T08:35:06+09:00,ALPACA,414754,57.0,36.424698,127.40046,12,세종특별시
2026-06-19T08:35:06+09:00,ALPACA,424116,67.0,36.42471,127.39227,12,세종특별시
2026-06-19T08:35:06+09:00,ALPACA,424555,81.0,36.425125,127.39005,12,세종특별시
2026-06-19T08:35:06+09:00,ALPACA,415078,95.0,36.425358,127.39216,12,세종특별시
2026-06-19T08:35:06+09:00,ALPACA,414284,95.0,36.425426,127.39216,12,세종특별시
2026-06-19T08:35:06+09:00,ALPACA,414481,53.0,36.425526,127.393074,12,세종특별시
2026-06-19T08:35:06+09:00,ALPACA,425467,59.0,36.42554,127.393005,12,세종특별시
2026-06-19T08:35:06+09:00,ALPACA,415586,52.0,36.425552,127.39418,12,세종특별시
2026-06-19T08:35:06+09:00,ALPACA,425510,60.0,36.42561,127.39305,12,세종특별시
2026-06-19T08:35:06+09:00,ALPACA,414681,77.0,36.42564,127.39891,12,세종특별시
2026-06-19T08:35:06+09:00,ALPACA,424586,48.0,36.42572,127.389824,12,세종특별시
2026-06-19T08:35:06+09:00,ALPACA,425412,62.0,36.4258,127.38987,12,세종특별시
2026-06-19T08:35:06+09:00,ALPACA,424442,67.0,36.426086,127.39168,12,세종특별시
2026-06-19T08:35:06+09:00,ALPACA,425348,100.0,36.4261,127.390884,12,세종특별시
2026-06-19T08:35:06+09:00,ALPACA,414539,51.0,36.426254,127.391335,12,세종특별시
2026-06-19T08:35:06+09:00,ALPACA,414790,92.0,36.426254,127.390465,12,세종특별시
2026-06-19T08:35:06+09:00,ALPACA,414375,100.0,36.426323,127.39255,12,세종특별시
2026-06-19T08:35:06+09:00,ALPACA,425148,100.0,36.426376,127.39363,12,세종특별시
2026-06-19T08:35:06+09:00,ALPACA,410295,100.0,36.426437,127.39041,12,세종특별시
2026-06-19T08:35:06+09:00,ALPACA,424942,95.0,36.42664,127.3903,12,세종특별시
2026-06-19T08:35:06+09:00,ALPACA,411692,92.0,36.426975,127.38953,12,세종특별시
2026-06-19T08:35:06+09:00,ALPACA,424938,100.0,36.427086,127.394066,12,세종특별시
2026-06-19T08:35:06+09:00,ALPACA,414915,79.0,36.427414,127.402504,12,세종특별시
2026-06-19T08:35:06+09:00,ALPACA,424443,65.0,36.427795,127.39089,12,세종특별시
2026-06-19T08:35:06+09:00,ALPACA,425306,76.0,36.428364,127.3985,12,세종특별시
2026-06-19T08:35:06+09:00,ALPACA,414731,100.0,36.428577,127.391426,12,세종특별시
2026-06-19T08:35:06+09:00,ALPACA,415221,60.0,36.428673,127.3916,12,세종특별시
2026-06-19T08:35:06+09:00,ALPACA,425087,70.0,36.42878,127.39551,12,세종특별시
2026-06-19T08:35:06+09:00,ALPACA,425253,92.0,36.428925,127.39552,12,세종특별시
2026-06-19T08:35:06+09:00,ALPACA,425021,100.0,36.428967,127.38932,12,세종특별시
2026-06-19T08:35:06+09:00,ALPACA,425226,86.0,36.429646,127.38841,12,세종특별시
2026-06-19T08:35:06+09:00,ALPACA,414653,81.0,36.429653,127.393234,12,세종특별시
2026-06-19T08:35:06+09:00,ALPACA,424649,90.0,36.42984,127.39624,12,세종특별시
2026-06-19T08:35:06+09:00,ALPACA,425275,98.0,36.43029,127.39371,12,세종특별시
2026-06-19T08:35:06+09:00,ALPACA,414763,81.0,36.430313,127.39371,12,세종특별시
2026-06-19T08:35:06+09:00,ALPACA,414304,70.0,36.43032,127.38999,12,세종특별시
2026-06-19T08:35:06+09:00,ALPACA,414730,100.0,36.43057,127.39298,12,세종특별시
2026-06-19T08:35:06+09:00,ALPACA,424601,62.0,36.43121,127.38357,12,세종특별시
2026-06-19T08:35:06+09:00,ALPACA,414308,86.0,36.431248,127.39436,12,세종특별시
2026-06-19T08:35:06+09:00,ALPACA,414931,97.0,36.431248,127.39438,12,세종특별시
2026-06-19T08:35:06+09:00,ALPACA,410334,49.0,36.431282,127.394485,12,세종특별시
2026-06-19T08:35:06+09:00,ALPACA,414704,100.0,36.431293,127.39335,12,세종특별시
2026-06-19T08:35:06+09:00,ALPACA,425453,88.0,36.431355,127.39758,12,세종특별시
2026-06-19T08:35:06+09:00,ALPACA,414543,96.0,36.431534,127.39754,12,세종특별시
2026-06-19T08:35:06+09:00,ALPACA,415427,70.0,36.431553,127.39399,12,세종특별시
2026-06-19T08:35:06+09:00,ALPACA,414728,89.0,36.431667,127.39372,12,세종특별시
2026-06-19T08:35:06+09:00,ALPACA,414765,52.0,36.43168,127.39379,12,세종특별시
2026-06-19T08:35:06+09:00,ALPACA,414676,57.0,36.431934,127.39356,12,세종특별시
2026-06-19T08:35:06+09:00,ALPACA,424768,100.0,36.432198,127.393135,12,세종특별시
2026-06-19T08:35:06+09:00,ALPACA,425110,100.0,36.432365,127.39407,12,세종특별시
2026-06-19T08:35:06+09:00,ALPACA,414775,100.0,36.43237,127.39418,12,세종특별시
2026-06-19T08:35:06+09:00,ALPACA,414558,99.0,36.43239,127.38155,12,세종특별시
2026-06-19T08:35:06+09:00,ALPACA,424434,52.0,36.432396,127.38414,12,세종특별시
2026-06-19T08:35:06+09:00,ALPACA,414738,53.0,36.43243,127.39408,12,세종특별시
2026-06-19T08:35:06+09:00,ALPACA,414774,80.0,36.4326,127.38414,12,세종특별시
2026-06-19T08:35:06+09:00,ALPACA,414746,64.0,36.43275,127.39161,12,세종특별시
2026-06-19T08:35:06+09:00,ALPACA,414737,51.0,36.432827,127.394516,12,세종특별시
2026-06-19T08:35:06+09:00,ALPACA,414679,100.0,36.43294,127.38458,12,세종특별시
2026-06-19T08:35:06+09:00,ALPACA,425183,97.0,36.43316,127.38392,12,세종특별시
2026-06-19T08:35:06+09:00,ALPACA,425417,91.0,36.433212,127.384415,12,세종특별시
2026-06-19T08:35:06+09:00,ALPACA,415275,100.0,36.43347,127.382935,12,세종특별시
2026-06-19T08:35:06+09:00,ALPACA,414654,100.0,36.433575,127.38274,12,세종특별시
2026-06-19T08:35:06+09:00,ALPACA,424820,100.0,36.43375,127.385925,12,세종특별시
2026-06-19T08:35:06+09:00,ALPACA,414677,94.0,36.43431,127.385216,12,세종특별시
2026-06-19T08:35:06+09:00,ALPACA,424917,99.0,36.434444,127.392876,12,세종특별시
2026-06-19T08:35:06+09:00,ALPACA,426235,94.0,36.434452,127.40869,12,세종특별시
2026-06-19T08:35:06+09:00,ALPACA,414416,100.0,36.434555,127.38898,12,세종특별시
2026-06-19T08:35:06+09:00,ALPACA,415253,61.0,36.434692,127.38795,12,세종특별시
2026-06-19T08:35:06+09:00,ALPACA,414513,99.0,36.434956,127.39313,12,세종특별시
2026-06-19T08:35:06+09:00,ALPACA,425479,87.0,36.435455,127.403046,12,세종특별시
2026-06-19T08:35:06+09:00,ALPACA,414696,96.0,36.435905,127.403885,12,세종특별시
2026-06-19T08:35:06+09:00,ALPACA,414503,54.0,36.435974,127.40406,12,세종특별시
2026-06-19T08:35:06+09:00,ALPACA,414839,100.0,36.436565,127.389275,12,세종특별시
2026-06-19T08:35:06+09:00,ALPACA,415470,87.0,36.436783,127.3813,12,세종특별시
2026-06-19T08:35:06+09:00,ALPACA,426234,83.0,36.436787,127.38891,12,세종특별시
2026-06-19T08:35:06+09:00,ALPACA,426484,100.0,36.43732,127.388435,12,세종특별시
2026-06-19T08:35:06+09:00,ALPACA,426256,82.0,36.437454,127.388435,12,세종특별시
2026-06-19T08:35:06+09:00,ALPACA,414948,94.0,36.438084,127.39494,12,세종특별시
2026-06-19T08:35:06+09:00,ALPACA,426305,69.0,36.438095,127.381996,12,세종특별시
2026-06-19T08:35:06+09:00,ALPACA,414912,100.0,36.438103,127.38237,12,세종특별시
2026-06-19T08:35:06+09:00,ALPACA,414759,100.0,36.43812,127.3815,12,세종특별시
2026-06-19T08:35:06+09:00,ALPACA,414794,80.0,36.43812,127.38202,12,세종특별시
2026-06-19T08:35:06+09:00,ALPACA,414943,100.0,36.43813,127.38232,12,세종특별시
2026-06-19T08:35:06+09:00,ALPACA,424760,100.0,36.43815,127.38154,12,세종특별시
2026-06-19T08:35:06+09:00,ALPACA,415516,76.0,36.438152,127.38194,12,세종특별시
2026-06-19T08:35:06+09:00,ALPACA,414706,79.0,36.438187,127.382065,12,세종특별시
2026-06-19T08:35:06+09:00,ALPACA,414684,97.0,36.43893,127.39512,12,세종특별시
2026-06-19T08:35:06+09:00,ALPACA,414532,57.0,36.43929,127.38143,12,세종특별시
2026-06-19T08:35:06+09:00,ALPACA,415439,100.0,36.439877,127.38223,12,세종특별시
2026-06-19T08:35:06+09:00,ALPACA,424542,90.0,36.439896,127.38476,12,세종특별시
2026-06-19T08:35:06+09:00,ALPACA,424564,58.0,36.440174,127.38336,12,세종특별시
2026-06-19T08:35:06+09:00,ALPACA,424719,100.0,36.440266,127.38345,12,세종특별시
2026-06-19T08:35:06+09:00,ALPACA,424382,54.0,36.44033,127.38437,12,세종특별시
2026-06-19T08:35:06+09:00,ALPACA,425193,62.0,36.44123,127.38599,12,세종특별시
2026-06-19T08:35:06+09:00,ALPACA,414659,45.0,36.441647,127.399925,12,세종특별시
2026-06-19T08:35:06+09:00,ALPACA,414644,32.0,36.444366,127.41042,12,세종특별시
2026-06-19T08:35:06+09:00,ALPACA,414724,63.0,36.445915,127.41399,12,세종특별시
2026-06-19T08:35:06+09:00,ALPACA,425712,67.0,36.445957,127.405624,12,세종특별시
2026-06-19T08:35:06+09:00,ALPACA,425384,68.0,36.447025,127.40838,12,세종특별시
2026-06-19T08:35:06+09:00,ALPACA,415049,49.0,36.448135,127.42335,12,세종특별시
2026-06-19T08:35:06+09:00,ALPACA,414760,38.0,36.449184,127.41195,12,세종특별시
2026-06-19T08:35:06+09:00,ALPACA,424455,43.0,36.450794,127.432045,12,세종특별시
2026-06-19T08:35:06+09:00,ALPACA,424792,36.0,36.45336,127.423874,12,세종특별시
2026-06-19T08:35:06+09:00,ALPACA,422610,69.0,36.58649,127.294586,12,세종특별시
2026-06-19T08:35:06+09:00,ALPACA,422236,78.0,36.588135,127.28902,12,세종특별시
2026-06-19T08:35:06+09:00,ALPACA,422154,100.0,36.588425,127.29001,12,세종특별시
2026-06-19T08:35:06+09:00,ALPACA,421288,100.0,36.588444,127.290054,12,세종특별시
2026-06-19T08:35:06+09:00,ALPACA,414865,100.0,36.590813,127.29184,12,세종특별시
2026-06-19T08:35:06+09:00,ALPACA,422500,100.0,36.590828,127.291824,12,세종특별시
2026-06-19T08:35:06+09:00,ALPACA,422087,100.0,36.59086,127.29185,12,세종특별시
2026-06-19T08:35:06+09:00,ALPACA,422425,89.0,36.590874,127.29187,12,세종특별시
2026-06-19T08:35:06+09:00,ALPACA,422363,100.0,36.590958,127.29519,12,세종특별시
2026-06-19T08:35:06+09:00,ALPACA,422600,74.0,36.59098,127.29518,12,세종특별시
2026-06-19T08:35:06+09:00,ALPACA,421876,85.0,36.590992,127.2952,12,세종특별시
2026-06-19T08:35:06+09:00,ALPACA,422397,89.0,36.592003,127.29626,12,세종특별시
2026-06-19T08:35:06+09:00,ALPACA,422249,83.0,36.592037,127.29636,12,세종특별시
2026-06-19T08:35:06+09:00,ALPACA,422376,100.0,36.592087,127.29632,12,세종특별시
2026-06-19T08:35:06+09:00,ALPACA,421720,100.0,36.593098,127.28476,12,세종특별시
2026-06-19T08:35:06+09:00,ALPACA,422047,100.0,36.5931,127.284775,12,세종특별시
2026-06-19T08:35:06+09:00,ALPACA,422220,100.0,36.593105,127.28477,12,세종특별시
2026-06-19T08:35:06+09:00,ALPACA,414795,93.0,36.593204,127.28924,12,세종특별시
2026-06-19T08:35:06+09:00,ALPACA,422434,93.0,36.59417,127.30133,12,세종특별시
2026-06-19T08:35:06+09:00,ALPACA,422562,93.0,36.59511,127.28873,12,세종특별시
2026-06-19T08:35:06+09:00,ALPACA,422379,100.0,36.59515,127.28925,12,세종특별시
2026-06-19T08:35:06+09:00,ALPACA,422393,100.0,36.59518,127.289215,12,세종특별시
2026-06-19T08:35:06+09:00,ALPACA,410262,100.0,36.595184,127.28924,12,세종특별시
2026-06-19T08:35:06+09:00,ALPACA,422023,75.0,36.59577,127.289406,12,세종특별시
2026-06-19T08:35:06+09:00,ALPACA,422491,78.0,36.596176,127.29575,12,세종특별시
2026-06-19T08:35:06+09:00,ALPACA,421904,100.0,36.59622,127.29577,12,세종특별시
2026-06-19T08:35:06+09:00,ALPACA,422567,100.0,36.59646,127.28842,12,세종특별시
2026-06-19T08:35:06+09:00,ALPACA,422125,73.0,36.59647,127.2884,12,세종특별시
2026-06-19T08:35:06+09:00,ALPACA,422414,81.0,36.596535,127.30081,12,세종특별시
2026-06-19T08:35:06+09:00,ALPACA,421733,74.0,36.597267,127.29874,12,세종특별시
2026-06-19T08:35:06+09:00,ALPACA,422338,88.0,36.597286,127.29744,12,세종특별시
2026-06-19T08:35:06+09:00,ALPACA,422449,55.0,36.599773,127.29535,12,세종특별시
2026-06-19T08:35:06+09:00,ALPACA,422228,73.0,36.600174,127.294624,12,세종특별시
2026-06-19T08:35:06+09:00,ALPACA,422136,100.0,36.601013,127.29504,12,세종특별시
2026-06-19T08:35:06+09:00,ALPACA,422350,81.0,36.60106,127.29497,12,세종특별시
2026-06-19T08:35:06+09:00,ALPACA,422701,100.0,36.601227,127.29114,12,세종특별시
2026-06-19T08:35:06+09:00,ALPACA,422467,100.0,36.60136,127.2885,12,세종특별시
2026-06-19T08:35:06+09:00,ALPACA,410385,85.0,36.601765,127.28865,12,세종특별시
2026-06-19T08:35:06+09:00,ALPACA,422265,100.0,36.60182,127.290085,12,세종특별시
2026-06-19T08:35:06+09:00,ALPACA,422258,97.0,36.601833,127.29012,12,세종특별시
2026-06-19T08:35:06+09:00,ALPACA,422566,81.0,36.60185,127.294945,12,세종특별시
2026-06-19T08:35:06+09:00,ALPACA,421703,100.0,36.601852,127.2901,12,세종특별시
2026-06-19T08:35:06+09:00,ALPACA,422446,91.0,36.602337,127.29036,12,세종특별시
2026-06-19T08:35:06+09:00,ALPACA,422306,73.0,36.60238,127.28648,12,세종특별시
2026-06-19T08:35:06+09:00,ALPACA,422138,100.0,36.602406,127.29489,12,세종특별시
2026-06-19T08:35:06+09:00,ALPACA,422571,100.0,36.603333,127.29134,12,세종특별시
2026-06-19T08:35:06+09:00,ALPACA,422387,90.0,36.60345,127.30732,12,세종특별시
2026-06-19T08:35:06+09:00,ALPACA,418661,90.0,36.603523,127.29319,12,세종특별시
2026-06-19T08:35:06+09:00,ALPACA,422399,100.0,36.603596,127.29317,12,세종특별시
2026-06-19T08:35:06+09:00,ALPACA,422203,100.0,36.603607,127.29011,12,세종특별시
2026-06-19T08:35:06+09:00,ALPACA,421775,70.0,36.60373,127.29318,12,세종특별시
2026-06-19T08:35:06+09:00,ALPACA,422364,71.0,36.603767,127.29316,12,세종특별시
2026-06-19T08:35:06+09:00,ALPACA,421566,86.0,36.603878,127.29712,12,세종특별시
2026-06-19T08:35:06+09:00,ALPACA,422303,100.0,36.604046,127.297485,12,세종특별시
2026-06-19T08:35:06+09:00,ALPACA,422075,91.0,36.60406,127.29753,12,세종특별시
2026-06-19T08:35:06+09:00,ALPACA,422344,100.0,36.604065,127.29751,12,세종특별시
2026-06-19T08:35:06+09:00,ALPACA,422246,100.0,36.604084,127.297516,12,세종특별시
2026-06-19T08:35:06+09:00,ALPACA,422484,62.0,36.6041,127.297516,12,세종특별시
2026-06-19T08:35:06+09:00,ALPACA,421987,100.0,36.60448,127.292564,12,세종특별시
2026-06-19T08:35:06+09:00,ALPACA,422337,80.0,36.60455,127.29248,12,세종특별시
2026-06-19T08:35:06+09:00,ALPACA,421831,41.0,36.60456,127.29253,12,세종특별시
2026-06-19T08:35:06+09:00,ALPACA,422248,64.0,36.604572,127.2925,12,세종특별시
2026-06-19T08:35:06+09:00,ALPACA,422173,95.0,36.605038,127.293236,12,세종특별시
2026-06-19T08:35:06+09:00,ALPACA,422452,100.0,36.60527,127.29278,12,세종특별시
2026-06-19T08:35:06+09:00,ALPACA,422282,71.0,36.605328,127.29324,12,세종특별시
2026-06-19T08:35:06+09:00,ALPACA,422458,75.0,36.60533,127.29211,12,세종특별시
2026-06-19T08:35:06+09:00,ALPACA,422396,100.0,36.605366,127.29211,12,세종특별시
2026-06-19T08:35:06+09:00,ALPACA,422435,73.0,36.605366,127.29209,12,세종특별시
2026-06-19T08:35:06+09:00,ALPACA,422699,100.0,36.605373,127.29213,12,세종특별시
2026-06-19T08:35:06+09:00,ALPACA,422025,100.0,36.605587,127.297226,12,세종특별시
2026-06-19T08:35:06+09:00,ALPACA,422413,100.0,36.60559,127.29723,12,세종특별시
2026-06-19T08:35:06+09:00,ALPACA,422406,100.0,36.6056,127.29729,12,세종특별시
2026-06-19T08:35:06+09:00,ALPACA,422238,79.0,36.606304,127.29312,12,세종특별시
2026-06-19T08:35:06+09:00,ALPACA,422324,84.0,36.606316,127.2878,12,세종특별시
2026-06-19T08:35:06+09:00,ALPACA,422522,74.0,36.606323,127.29306,12,세종특별시
2026-06-19T08:35:06+09:00,ALPACA,422884,93.0,36.606495,127.29192,12,세종특별시
2026-06-19T08:35:06+09:00,ALPACA,422336,34.0,36.60691,127.289345,12,세종특별시
2026-06-19T08:35:06+09:00,ALPACA,412614,54.0,36.608784,127.29224,12,세종특별시
2026-06-19T08:35:06+09:00,ALPACA,422463,45.0,36.60894,127.28361,12,세종특별시
2026-06-19T08:35:06+09:00,ALPACA,422322,94.0,36.608997,127.28384,12,세종특별시
2026-06-19T08:35:06+09:00,ALPACA,422175,40.0,36.60901,127.28372,12,세종특별시
2026-06-19T08:35:06+09:00,ALPACA,422465,57.0,36.609043,127.283714,12,세종특별시
2026-06-19T08:35:06+09:00,ALPACA,422620,94.0,36.609062,127.28379,12,세종특별시
2026-06-19T08:35:06+09:00,ALPACA,422559,83.0,36.609077,127.283806,12,세종특별시
2026-06-19T08:35:06+09:00,ALPACA,412597,87.0,36.6091,127.28372,12,세종특별시
2026-06-19T08:35:06+09:00,ALPACA,422576,60.0,36.6091,127.2837,12,세종특별시
2026-06-19T08:35:06+09:00,ALPACA,422720,62.0,36.60919,127.28498,12,세종특별시
2026-06-19T08:35:06+09:00,ALPACA,422607,46.0,36.6092,127.29094,12,세종특별시
2026-06-19T08:35:06+09:00,ALPACA,418665,98.0,36.609303,127.28459,12,세종특별시
2026-06-19T08:35:06+09:00,ALPACA,422432,57.0,36.609337,127.28333,12,세종특별시
2026-06-19T08:35:06+09:00,ALPACA,422560,74.0,36.609386,127.286194,12,세종특별시
2026-06-19T08:35:06+09:00,ALPACA,421025,61.0,36.60967,127.28503,12,세종특별시
2026-06-19T08:35:06+09:00,ALPACA,422502,36.0,36.60986,127.28495,12,세종특별시
2026-06-19T08:35:06+09:00,ALPACA,422439,66.0,36.61011,127.284966,12,세종특별시
2026-06-19T08:35:06+09:00,ALPACA,422205,100.0,36.610172,127.29321,12,세종특별시
2026-06-19T08:35:06+09:00,ALPACA,422499,91.0,36.610237,127.28474,12,세종특별시
2026-06-19T08:35:06+09:00,ALPACA,422378,75.0,36.610306,127.296616,12,세종특별시
2026-06-19T08:35:06+09:00,ALPACA,422703,85.0,36.61031,127.29676,12,세종특별시
2026-06-19T08:35:06+09:00,ALPACA,421725,100.0,36.61032,127.29676,12,세종특별시
2026-06-19T08:35:06+09:00,ALPACA,422226,93.0,36.610325,127.28631,12,세종특별시
2026-06-19T08:35:06+09:00,ALPACA,422556,100.0,36.610325,127.29679,12,세종특별시
2026-06-19T08:35:06+09:00,ALPACA,422430,94.0,36.610447,127.2932,12,세종특별시
2026-06-19T08:35:06+09:00,ALPACA,422184,70.0,36.61051,127.2871,12,세종특별시
2026-06-19T08:35:06+09:00,ALPACA,422420,73.0,36.610695,127.293465,12,세종특별시
2026-06-19T08:35:06+09:00,ALPACA,422394,80.0,36.61074,127.29136,12,세종특별시
2026-06-19T08:35:06+09:00,ALPACA,422181,66.0,36.610786,127.29172,12,세종특별시
2026-06-19T08:35:06+09:00,ALPACA,422128,79.0,36.610897,127.288284,12,세종특별시
2026-06-19T08:35:06+09:00,ALPACA,422770,52.0,36.610916,127.29091,12,세종특별시
2026-06-19T08:35:06+09:00,ALPACA,421741,100.0,36.610943,127.29311,12,세종특별시
2026-06-19T08:35:06+09:00,ALPACA,422180,99.0,36.610947,127.28872,12,세종특별시
2026-06-19T08:35:06+09:00,ALPACA,422143,64.0,36.610985,127.28645,12,세종특별시
2026-06-19T08:35:06+09:00,ALPACA,422291,74.0,36.611,127.28635,12,세종특별시
2026-06-19T08:35:06+09:00,ALPACA,422468,100.0,36.61101,127.28643,12,세종특별시
2026-06-19T08:35:06+09:00,ALPACA,422147,68.0,36.61102,127.28641,12,세종특별시
2026-06-19T08:35:06+09:00,ALPACA,422328,38.0,36.61106,127.29008,12,세종특별시
2026-06-19T08:35:06+09:00,ALPACA,422450,30.0,36.611088,127.2864,12,세종특별시
2026-06-19T08:35:06+09:00,ALPACA,422130,47.0,36.611103,127.28619,12,세종특별시
2026-06-19T08:35:06+09:00,ALPACA,422391,100.0,36.611156,127.29014,12,세종특별시
2026-06-19T08:35:06+09:00,ALPACA,422472,94.0,36.61116,127.28979,12,세종특별시
2026-06-19T08:35:06+09:00,ALPACA,422426,77.0,36.611164,127.29007,12,세종특별시
2026-06-19T08:35:06+09:00,ALPACA,422384,47.0,36.61117,127.29002,12,세종특별시
2026-06-19T08:35:06+09:00,ALPACA,422178,39.0,36.611176,127.28975,12,세종특별시
2026-06-19T08:35:06+09:00,ALPACA,422028,85.0,36.611187,127.29089,12,세종특별시
2026-06-19T08:35:06+09:00,ALPACA,422697,37.0,36.611225,127.28979,12,세종특별시
2026-06-19T08:35:06+09:00,ALPACA,422480,87.0,36.61125,127.28734,12,세종특별시
2026-06-19T08:35:06+09:00,ALPACA,412728,54.0,36.61128,127.28816,12,세종특별시
2026-06-19T08:35:06+09:00,ALPACA,421740,94.0,36.611286,127.29007,12,세종특별시
2026-06-19T08:35:06+09:00,ALPACA,422456,79.0,36.611317,127.28831,12,세종특별시
2026-06-19T08:35:06+09:00,ALPACA,422776,41.0,36.61132,127.288216,12,세종특별시
2026-06-19T08:35:06+09:00,ALPACA,422395,94.0,36.611336,127.28808,12,세종특별시
2026-06-19T08:35:06+09:00,ALPACA,421979,98.0,36.611347,127.288185,12,세종특별시
2026-06-19T08:35:06+09:00,ALPACA,422270,76.0,36.61135,127.288124,12,세종특별시
2026-06-19T08:35:06+09:00,ALPACA,421907,99.0,36.611355,127.28818,12,세종특별시
2026-06-19T08:35:06+09:00,ALPACA,422505,59.0,36.611355,127.288216,12,세종특별시
2026-06-19T08:35:06+09:00,ALPACA,422253,98.0,36.611366,127.28825,12,세종특별시
2026-06-19T08:35:06+09:00,ALPACA,421889,73.0,36.611374,127.28744,12,세종특별시
2026-06-19T08:35:06+09:00,ALPACA,422359,95.0,36.611374,127.28823,12,세종특별시
2026-06-19T08:35:06+09:00,ALPACA,422264,95.0,36.61138,127.28822,12,세종특별시
2026-06-19T08:35:06+09:00,ALPACA,422244,47.0,36.6114,127.28746,12,세종특별시
2026-06-19T08:35:06+09:00,ALPACA,422730,74.0,36.61144,127.287445,12,세종특별시
2026-06-19T08:35:06+09:00,ALPACA,422277,99.0,36.611454,127.28744,12,세종특별시
2026-06-19T08:35:06+09:00,ALPACA,422131,88.0,36.611458,127.28745,12,세종특별시
2026-06-19T08:35:06+09:00,ALPACA,422107,43.0,36.611633,127.287544,12,세종특별시
2026-06-19T08:35:06+09:00,ALPACA,422339,32.0,36.611954,127.2846,12,세종특별시
2026-06-19T08:35:06+09:00,ALPACA,422709,86.0,36.613125,127.29592,12,세종특별시
2026-06-19T08:35:06+09:00,ALPACA,422386,86.0,36.613197,127.29332,12,세종특별시
2026-06-19T08:35:06+09:00,ALPACA,422103,100.0,36.613853,127.31,12,세종특별시
2026-06-19T08:35:06+09:00,ALPACA,418558,100.0,36.613876,127.309975,12,세종특별시
2026-06-19T08:35:06+09:00,ALPACA,422168,73.0,36.61406,127.28906,12,세종특별시
2026-06-19T08:35:06+09:00,ALPACA,422371,62.0,36.61409,127.28907,12,세종특별시
2026-06-19T08:35:06+09:00,ALPACA,422335,100.0,36.614174,127.28884,12,세종특별시
2026-06-19T08:35:06+09:00,ALPACA,422367,100.0,36.614174,127.2888,12,세종특별시
2026-06-19T08:35:06+09:00,ALPACA,422207,95.0,36.61456,127.30835,12,세종특별시
2026-06-19T08:35:06+09:00,ALPACA,422242,77.0,36.614662,127.3059,12,세종특별시
2026-06-19T08:35:06+09:00,ALPACA,422603,100.0,36.614918,127.28499,12,세종특별시
2026-06-19T08:35:06+09:00,ALPACA,422358,75.0,36.615963,127.286064,12,세종특별시
2026-06-19T08:35:06+09:00,ALPACA,422086,76.0,36.61633,127.31405,12,세종특별시
2026-06-19T08:35:06+09:00,ALPACA,422185,100.0,36.618057,127.288795,12,세종특별시
2026-06-19T08:35:06+09:00,ALPACA,422296,87.0,36.6188,127.32029,12,세종특별시
2026-06-19T08:35:06+09:00,ALPACA,410365,76.0,36.618816,127.29082,12,세종특별시
2026-06-19T08:35:06+09:00,ALPACA,422176,100.0,36.61898,127.28855,12,세종특별시
2026-06-19T08:35:06+09:00,ALPACA,422243,75.0,36.619553,127.309944,12,세종특별시
2026-06-19T08:35:06+09:00,ALPACA,421998,82.0,36.620438,127.32027,12,세종특별시
2026-06-19T08:35:06+09:00,ALPACA,422039,70.0,36.620907,127.28249,12,세종특별시
2026-06-19T08:35:06+09:00,ALPACA,422705,93.0,36.62092,127.28246,12,세종특별시
2026-06-19T08:35:06+09:00,ALPACA,422357,82.0,36.621124,127.30795,12,세종특별시
2026-06-19T08:35:06+09:00,ALPACA,422333,97.0,36.62135,127.29062,12,세종특별시
2026-06-19T08:35:06+09:00,ALPACA,422509,68.0,36.621548,127.28891,12,세종특별시
2026-06-19T08:35:06+09:00,ALPACA,422469,73.0,36.6216,127.30235,12,세종특별시
2026-06-19T08:35:06+09:00,ALPACA,422309,92.0,36.621677,127.28371,12,세종특별시
2026-06-19T08:35:06+09:00,ALPACA,422329,97.0,36.621685,127.28388,12,세종특별시
2026-06-19T08:35:06+09:00,ALPACA,421908,99.0,36.62169,127.28588,12,세종특별시
2026-06-19T08:35:06+09:00,ALPACA,422141,69.0,36.621693,127.28588,12,세종특별시
2026-06-19T08:35:06+09:00,ALPACA,422299,79.0,36.621696,127.28384,12,세종특별시
2026-06-19T08:35:06+09:00,ALPACA,421186,85.0,36.62171,127.28384,12,세종특별시
2026-06-19T08:35:06+09:00,ALPACA,422568,98.0,36.621758,127.283844,12,세종특별시
2026-06-19T08:35:06+09:00,ALPACA,422148,81.0,36.62177,127.28556,12,세종특별시
2026-06-19T08:35:06+09:00,ALPACA,422251,41.0,36.62178,127.326614,12,세종특별시
2026-06-19T08:35:06+09:00,ALPACA,422580,99.0,36.621788,127.28554,12,세종특별시
2026-06-19T08:35:06+09:00,ALPACA,422702,52.0,36.621857,127.32653,12,세종특별시
2026-06-19T08:35:06+09:00,ALPACA,421945,47.0,36.621864,127.304695,12,세종특별시
2026-06-19T08:35:06+09:00,ALPACA,422304,97.0,36.623657,127.28743,12,세종특별시
2026-06-19T08:35:06+09:00,ALPACA,422211,82.0,36.623665,127.28685,12,세종특별시
2026-06-19T08:35:06+09:00,ALPACA,422212,66.0,36.623714,127.286835,12,세종특별시
2026-06-19T08:35:06+09:00,ALPACA,422507,87.0,36.62377,127.325096,12,세종특별시
2026-06-19T08:35:06+09:00,ALPACA,422403,97.0,36.62414,127.32578,12,세종특별시
2026-06-19T08:35:06+09:00,ALPACA,422440,86.0,36.626568,127.33195,12,세종특별시
2026-06-19T08:35:06+09:00,ALPACA,413919,54.0,36.62669,127.33202,12,세종특별시
2026-06-19T08:35:06+09:00,ALPACA,422412,58.0,36.62692,127.323326,12,세종특별시
2026-06-19T08:35:06+09:00,ALPACA,422372,92.0,36.627663,127.32866,12,세종특별시
2026-06-19T08:35:06+09:00,ALPACA,422622,61.0,36.627975,127.33185,12,세종특별시
2026-06-19T08:35:06+09:00,ALPACA,422382,81.0,36.628136,127.332634,12,세종특별시
2026-06-19T08:35:06+09:00,ALPACA,422194,72.0,36.629448,127.33293,12,세종특별시
2026-06-19T08:35:06+09:00,ALPACA,422575,98.0,36.63005,127.333046,12,세종특별시
2026-06-19T08:35:06+09:00,ALPACA,422121,98.0,36.63006,127.33041,12,세종특별시
2026-06-19T08:35:06+09:00,ALPACA,422297,97.0,36.630157,127.33284,12,세종특별시
2026-06-19T08:35:06+09:00,ALPACA,422528,47.0,36.63016,127.329994,12,세종특별시
2026-06-19T08:35:06+09:00,ALPACA,421994,100.0,36.630173,127.33289,12,세종특별시
2026-06-19T08:35:06+09:00,ALPACA,410342,97.0,36.630188,127.33287,12,세종특별시
2026-06-19T08:35:06+09:00,ALPACA,422188,59.0,36.630276,127.33359,12,세종특별시
2026-06-19T08:35:06+09:00,ALPACA,422486,55.0,36.630577,127.33085,12,세종특별시
2026-06-19T08:35:06+09:00,ALPACA,422408,57.0,36.630856,127.32952,12,세종특별시
2026-06-19T08:35:06+09:00,ALPACA,422278,70.0,36.630898,127.33079,12,세종특별시
2026-06-19T08:35:06+09:00,ALPACA,422316,94.0,36.631054,127.32807,12,세종특별시
2026-06-19T08:35:06+09:00,ALPACA,422427,48.0,36.631268,127.319305,12,세종특별시
2026-06-19T08:35:06+09:00,ALPACA,422126,93.0,36.6313,127.328636,12,세종특별시
2026-06-19T08:35:06+09:00,ALPACA,422431,57.0,36.63147,127.328804,12,세종특별시
2026-06-19T08:35:06+09:00,ALPACA,416273,77.0,36.631496,127.32945,12,세종특별시
2026-06-19T08:35:06+09:00,ALPACA,422032,63.0,36.631508,127.319214,12,세종특별시
2026-06-19T08:35:06+09:00,ALPACA,422161,86.0,36.631527,127.31919,12,세종특별시
2026-06-19T08:35:06+09:00,ALPACA,422049,84.0,36.63154,127.32607,12,세종특별시
2026-06-19T08:35:06+09:00,ALPACA,421772,91.0,36.6316,127.32905,12,세종특별시
2026-06-19T08:35:06+09:00,ALPACA,422552,100.0,36.631626,127.33032,12,세종특별시
2026-06-19T08:35:06+09:00,ALPACA,422691,75.0,36.63166,127.319824,12,세종특별시
2026-06-19T08:35:06+09:00,ALPACA,422164,89.0,36.631817,127.330444,12,세종특별시
2026-06-19T08:35:06+09:00,ALPACA,422365,78.0,36.632095,127.3274,12,세종특별시
2026-06-19T08:35:06+09:00,ALPACA,422534,63.0,36.63249,127.32635,12,세종특별시
2026-06-19T08:35:06+09:00,ALPACA,422402,87.0,36.632725,127.33509,12,세종특별시
2026-06-19T08:35:06+09:00,ALPACA,422558,98.0,36.63276,127.33506,12,세종특별시
2026-06-19T08:35:06+09:00,ALPACA,422334,72.0,36.632767,127.33112,12,세종특별시
2026-06-19T08:35:06+09:00,ALPACA,422375,70.0,36.632843,127.32338,12,세종특별시
2026-06-19T08:35:06+09:00,ALPACA,422034,71.0,36.632965,127.31423,12,세종특별시
2026-06-19T08:35:06+09:00,ALPACA,422625,100.0,36.633327,127.32107,12,세종특별시
2026-06-19T08:35:06+09:00,ALPACA,422536,100.0,36.633335,127.32108,12,세종특별시
2026-06-19T08:35:06+09:00,ALPACA,422604,100.0,36.633335,127.32109,12,세종특별시
2026-06-19T08:35:06+09:00,ALPACA,419034,97.0,36.633343,127.32108,12,세종특별시
2026-06-19T08:35:06+09:00,ALPACA,422535,95.0,36.633766,127.32904,12,세종특별시
2026-06-19T08:35:06+09:00,ALPACA,422498,77.0,36.635105,127.32707,12,세종특별시
2026-06-19T08:35:06+09:00,ALPACA,422389,95.0,36.635406,127.32625,12,세종특별시
2026-06-19T08:35:06+09:00,ALPACA,421739,76.0,36.635544,127.33448,12,세종특별시
2026-06-19T08:35:06+09:00,ALPACA,422538,43.0,36.63556,127.32583,12,세종특별시
2026-06-19T08:35:06+09:00,ALPACA,422142,81.0,36.63571,127.33876,12,세종특별시
2026-06-19T08:35:06+09:00,ALPACA,422256,63.0,36.635918,127.317535,12,세종특별시
2026-06-19T08:35:06+09:00,ALPACA,422122,61.0,36.63613,127.32849,12,세종특별시
2026-06-19T08:35:06+09:00,ALPACA,421718,100.0,36.63657,127.322876,12,세종특별시
2026-06-19T08:35:06+09:00,ALPACA,422629,100.0,36.636574,127.32278,12,세종특별시
2026-06-19T08:35:06+09:00,ALPACA,422189,63.0,36.636612,127.322685,12,세종특별시
2026-06-19T08:35:06+09:00,ALPACA,422574,72.0,36.63713,127.325294,12,세종특별시
2026-06-19T08:35:06+09:00,ALPACA,422259,90.0,36.63718,127.32534,12,세종특별시
2026-06-19T08:35:06+09:00,ALPACA,422102,100.0,36.637207,127.3253,12,세종특별시
2026-06-19T08:35:06+09:00,ALPACA,422101,88.0,36.63721,127.329155,12,세종특별시
2026-06-19T08:35:06+09:00,ALPACA,418277,70.0,36.637234,127.328835,12,세종특별시
2026-06-19T08:35:06+09:00,ALPACA,422381,75.0,36.63725,127.328835,12,세종특별시
2026-06-19T08:35:06+09:00,ALPACA,422213,44.0,36.637257,127.32913,12,세종특별시
2026-06-19T08:35:06+09:00,ALPACA,421950,66.0,36.637943,127.328064,12,세종특별시
2026-06-19T08:35:06+09:00,ALPACA,422352,58.0,36.638725,127.31696,12,세종특별시
2026-06-19T08:35:06+09:00,ALPACA,422355,73.0,36.638966,127.334236,12,세종특별시
2026-06-19T08:35:06+09:00,ALPACA,422692,89.0,36.63899,127.33424,12,세종특별시
2026-06-19T08:35:06+09:00,ALPACA,422172,98.0,36.639,127.33427,12,세종특별시
2026-06-19T08:35:06+09:00,ALPACA,416786,100.0,36.639015,127.33428,12,세종특별시
2026-06-19T08:35:06+09:00,ALPACA,422573,100.0,36.639023,127.33424,12,세종특별시
2026-06-19T08:35:06+09:00,ALPACA,422496,84.0,36.639687,127.346886,12,세종특별시
2026-06-19T08:35:06+09:00,ALPACA,422388,73.0,36.641624,127.33624,12,세종특별시
2026-06-19T08:35:06+09:00,ALPACA,422326,82.0,36.642715,127.34169,12,세종특별시
2026-06-19T08:35:06+09:00,ALPACA,419832,96.0,36.643394,127.341896,12,세종특별시
2026-06-19T08:35:06+09:00,ALPACA,422362,84.0,36.643646,127.336334,12,세종특별시
2026-06-19T08:35:06+09:00,ALPACA,422455,93.0,36.644646,127.332825,12,세종특별시
2026-06-19T08:35:06+09:00,GBIKE,346764,100.0,36.440763,127.224465,12,세종특별시
2026-06-19T08:35:06+09:00,GBIKE,634021,39.0,36.441036,127.367041,12,세종특별시
2026-06-19T08:35:06+09:00,GBIKE,635594,64.0,36.443262,127.210107,12,세종특별시
2026-06-19T08:35:06+09:00,GBIKE,353074,100.0,36.447178,127.36564,12,세종특별시
2026-06-19T08:35:06+09:00,GBIKE,374180,30.0,36.447548,127.228638,12,세종특별시
2026-06-19T08:35:06+09:00,GBIKE,372222,85.0,36.451356,127.363478,12,세종특별시
2026-06-19T08:35:06+09:00,GBIKE,373279,72.0,36.451385,127.363731,12,세종특별시
2026-06-19T08:35:06+09:00,GBIKE,621255,59.0,36.451472,127.362621,12,세종특별시
2026-06-19T08:35:06+09:00,GBIKE,302403,83.0,36.451492,127.363731,12,세종특별시
2026-06-19T08:35:06+09:00,GBIKE,308243,63.0,36.451894,127.364033,12,세종특별시
2026-06-19T08:35:06+09:00,GBIKE,365258,35.0,36.451955,127.36238,12,세종특별시
2026-06-19T08:35:06+09:00,GBIKE,345118,64.0,36.452218,127.363803,12,세종특별시
2026-06-19T08:35:06+09:00,GBIKE,377379,30.0,36.453726,127.365486,12,세종특별시
2026-06-19T08:35:06+09:00,GBIKE,604668,34.0,36.453955,127.363456,12,세종특별시
2026-06-19T08:35:06+09:00,GBIKE,624269,42.0,36.454222,127.366902,12,세종특별시
2026-06-19T08:35:06+09:00,GBIKE,302018,56.0,36.454319,127.363726,12,세종특별시
2026-06-19T08:35:06+09:00,GBIKE,386937,36.0,36.45439,127.364053,12,세종특별시
2026-06-19T08:35:06+09:00,GBIKE,395865,55.0,36.45444,127.363745,12,세종특별시
2026-06-19T08:35:06+09:00,GBIKE,338805,65.0,36.454861,127.363988,12,세종특별시
2026-06-19T08:35:06+09:00,GBIKE,306339,73.0,36.454917,127.364158,12,세종특별시
2026-06-19T08:35:06+09:00,GBIKE,378795,77.0,36.455416,127.364158,12,세종특별시
2026-06-19T08:35:06+09:00,GBIKE,395213,64.0,36.456796,127.36045,12,세종특별시
2026-06-19T08:35:06+09:00,GBIKE,300588,74.0,36.463659,127.359857,12,세종특별시
2026-06-19T08:35:06+09:00,GBIKE,501246,38.0,36.464426,127.282553,12,세종특별시
2026-06-19T08:35:06+09:00,GBIKE,631883,68.0,36.467741,127.264109,12,세종특별시
2026-06-19T08:35:06+09:00,GBIKE,131962,92.0,36.468224,127.268802,12,세종특별시
2026-06-19T08:35:06+09:00,GBIKE,130893,49.0,36.468579,127.271385,12,세종특별시
2026-06-19T08:35:06+09:00,GBIKE,395909,30.0,36.468641,127.271155,12,세종특별시
2026-06-19T08:35:06+09:00,GBIKE,131081,100.0,36.468722,127.273306,12,세종특별시
2026-06-19T08:35:06+09:00,GBIKE,130854,47.0,36.468831,127.273818,12,세종특별시
2026-06-19T08:35:06+09:00,GBIKE,131762,84.0,36.468925,127.272815,12,세종특별시
2026-06-19T08:35:06+09:00,GBIKE,130777,59.0,36.468941,127.27282,12,세종특별시
2026-06-19T08:35:06+09:00,GBIKE,130982,78.0,36.468941,127.274611,12,세종특별시
2026-06-19T08:35:06+09:00,GBIKE,131641,68.0,36.468957,127.273052,12,세종특별시
2026-06-19T08:35:06+09:00,GBIKE,131895,63.0,36.46897,127.273042,12,세종특별시
2026-06-19T08:35:06+09:00,GBIKE,130931,67.0,36.468983,127.274262,12,세종특별시
2026-06-19T08:35:06+09:00,GBIKE,131657,95.0,36.468994,127.274286,12,세종특별시
2026-06-19T08:35:06+09:00,GBIKE,130389,97.0,36.468998,127.274277,12,세종특별시
2026-06-19T08:35:06+09:00,GBIKE,131652,72.0,36.468998,127.274282,12,세종특별시
2026-06-19T08:35:06+09:00,GBIKE,130094,100.0,36.468999,127.274278,12,세종특별시
2026-06-19T08:35:06+09:00,GBIKE,501495,30.0,36.469028,127.273093,12,세종특별시
2026-06-19T08:35:06+09:00,GBIKE,130545,95.0,36.469068,127.27426,12,세종특별시
2026-06-19T08:35:06+09:00,GBIKE,131083,33.0,36.469069,127.273433,12,세종특별시
2026-06-19T08:35:06+09:00,GBIKE,130669,95.0,36.469077,127.273476,12,세종특별시
2026-06-19T08:35:06+09:00,GBIKE,130434,62.0,36.469103,127.274649,12,세종특별시
2026-06-19T08:35:06+09:00,GBIKE,130909,61.0,36.469192,127.274205,12,세종특별시
2026-06-19T08:35:06+09:00,GBIKE,131556,95.0,36.469254,127.274474,12,세종특별시
2026-06-19T08:35:06+09:00,GBIKE,131225,88.0,36.470034,127.278011,12,세종특별시
2026-06-19T08:35:06+09:00,GBIKE,131547,75.0,36.470037,127.28762,12,세종특별시
2026-06-19T08:35:06+09:00,GBIKE,131059,62.0,36.470139,127.277711,12,세종특별시
2026-06-19T08:35:06+09:00,GBIKE,131104,72.0,36.470164,127.27784,12,세종특별시
2026-06-19T08:35:06+09:00,GBIKE,131805,79.0,36.470416,127.281791,12,세종특별시
2026-06-19T08:35:06+09:00,GBIKE,130425,96.0,36.470443,127.28175,12,세종특별시
2026-06-19T08:35:06+09:00,GBIKE,131340,77.0,36.470763,127.281191,12,세종특별시
2026-06-19T08:35:06+09:00,GBIKE,131357,82.0,36.470952,127.273275,12,세종특별시
2026-06-19T08:35:06+09:00,GBIKE,131903,63.0,36.470976,127.279358,12,세종특별시
2026-06-19T08:35:06+09:00,GBIKE,130163,37.0,36.470988,127.27327,12,세종특별시
2026-06-19T08:35:06+09:00,GBIKE,501348,60.0,36.4711,127.27504,12,세종특별시
2026-06-19T08:35:06+09:00,GBIKE,131681,100.0,36.471137,127.275053,12,세종특별시
2026-06-19T08:35:06+09:00,GBIKE,130524,74.0,36.471181,127.280721,12,세종특별시
2026-06-19T08:35:06+09:00,GBIKE,501225,70.0,36.471465,127.28042,12,세종특별시
2026-06-19T08:35:06+09:00,GBIKE,131683,70.0,36.47178,127.275995,12,세종특별시
2026-06-19T08:35:06+09:00,GBIKE,131084,96.0,36.472091,127.279695,12,세종특별시
2026-06-19T08:35:06+09:00,GBIKE,131836,31.0,36.472152,127.252479,12,세종특별시
2026-06-19T08:35:06+09:00,GBIKE,131615,100.0,36.472184,127.27412,12,세종특별시
2026-06-19T08:35:06+09:00,GBIKE,501207,30.0,36.472282,127.285173,12,세종특별시
2026-06-19T08:35:06+09:00,GBIKE,130296,72.0,36.472409,127.276283,12,세종특별시
2026-06-19T08:35:06+09:00,GBIKE,131824,100.0,36.472433,127.275938,12,세종특별시
2026-06-19T08:35:06+09:00,GBIKE,501276,62.0,36.472469,127.277194,12,세종특별시
2026-06-19T08:35:06+09:00,GBIKE,131022,100.0,36.472883,127.27713,12,세종특별시
2026-06-19T08:35:06+09:00,GBIKE,131521,84.0,36.472895,127.277154,12,세종특별시
2026-06-19T08:35:06+09:00,GBIKE,131747,98.0,36.472902,127.277153,12,세종특별시
2026-06-19T08:35:06+09:00,GBIKE,131280,75.0,36.472914,127.277167,12,세종특별시
2026-06-19T08:35:06+09:00,GBIKE,130845,93.0,36.47299,127.253624,12,세종특별시
2026-06-19T08:35:06+09:00,GBIKE,131926,48.0,36.473066,127.253659,12,세종특별시
2026-06-19T08:35:06+09:00,GBIKE,131432,100.0,36.473104,127.278207,12,세종특별시
2026-06-19T08:35:06+09:00,GBIKE,130024,68.0,36.473181,127.25046,12,세종특별시
2026-06-19T08:35:06+09:00,GBIKE,130405,56.0,36.473209,127.276296,12,세종특별시
2026-06-19T08:35:06+09:00,GBIKE,131565,75.0,36.473353,127.250879,12,세종특별시
2026-06-19T08:35:06+09:00,GBIKE,131038,85.0,36.473368,127.253361,12,세종특별시
2026-06-19T08:35:06+09:00,GBIKE,130665,94.0,36.473493,127.250043,12,세종특별시
2026-06-19T08:35:06+09:00,GBIKE,130287,56.0,36.473538,127.250005,12,세종특별시
2026-06-19T08:35:06+09:00,GBIKE,130121,100.0,36.47355,127.254548,12,세종특별시
2026-06-19T08:35:06+09:00,GBIKE,130992,65.0,36.473561,127.250011,12,세종특별시
2026-06-19T08:35:06+09:00,GBIKE,131684,67.0,36.47358,127.25453,12,세종특별시
2026-06-19T08:35:06+09:00,GBIKE,130819,76.0,36.473629,127.284888,12,세종특별시
2026-06-19T08:35:06+09:00,GBIKE,130691,50.0,36.473705,127.288292,12,세종특별시
2026-06-19T08:35:06+09:00,GBIKE,130601,34.0,36.473843,127.250195,12,세종특별시
2026-06-19T08:35:06+09:00,GBIKE,501425,77.0,36.473947,127.278554,12,세종특별시
2026-06-19T08:35:06+09:00,GBIKE,501509,48.0,36.474078,127.276916,12,세종특별시
2026-06-19T08:35:06+09:00,GBIKE,501317,71.0,36.474081,127.254989,12,세종특별시
2026-06-19T08:35:06+09:00,GBIKE,501148,95.0,36.47425,127.275671,12,세종특별시
2026-06-19T08:35:06+09:00,GBIKE,131758,82.0,36.474275,127.248857,12,세종특별시
2026-06-19T08:35:06+09:00,GBIKE,131396,99.0,36.474283,127.275335,12,세종특별시
2026-06-19T08:35:06+09:00,GBIKE,130705,66.0,36.47439,127.279341,12,세종특별시
2026-06-19T08:35:06+09:00,GBIKE,131583,50.0,36.474435,127.282341,12,세종특별시
2026-06-19T08:35:06+09:00,GBIKE,130045,100.0,36.474459,127.279423,12,세종특별시
2026-06-19T08:35:06+09:00,GBIKE,131738,54.0,36.474462,127.276476,12,세종특별시
2026-06-19T08:35:06+09:00,GBIKE,131150,77.0,36.474465,127.254533,12,세종특별시
2026-06-19T08:35:06+09:00,GBIKE,130104,98.0,36.47448,127.280152,12,세종특별시
2026-06-19T08:35:06+09:00,GBIKE,131317,67.0,36.474569,127.274691,12,세종특별시
2026-06-19T08:35:06+09:00,GBIKE,130174,49.0,36.474638,127.254122,12,세종특별시
2026-06-19T08:35:06+09:00,GBIKE,501414,90.0,36.474645,127.27576,12,세종특별시
2026-06-19T08:35:06+09:00,GBIKE,131217,100.0,36.474686,127.275773,12,세종특별시
2026-06-19T08:35:06+09:00,GBIKE,131886,43.0,36.474706,127.248691,12,세종특별시
2026-06-19T08:35:06+09:00,GBIKE,501103,60.0,36.474721,127.252212,12,세종특별시
2026-06-19T08:35:06+09:00,GBIKE,130583,30.0,36.474724,127.254815,12,세종특별시
2026-06-19T08:35:06+09:00,GBIKE,501409,55.0,36.474842,127.280874,12,세종특별시
2026-06-19T08:35:06+09:00,GBIKE,501191,52.0,36.474957,127.253772,12,세종특별시
2026-06-19T08:35:06+09:00,GBIKE,130546,98.0,36.474984,127.253328,12,세종특별시
2026-06-19T08:35:06+09:00,GBIKE,130407,100.0,36.475043,127.276342,12,세종특별시
2026-06-19T08:35:06+09:00,GBIKE,131531,67.0,36.475084,127.248226,12,세종특별시
2026-06-19T08:35:06+09:00,GBIKE,130073,95.0,36.475085,127.253106,12,세종특별시
2026-06-19T08:35:06+09:00,GBIKE,131097,33.0,36.475108,127.254634,12,세종특별시
2026-06-19T08:35:06+09:00,GBIKE,501380,48.0,36.475111,127.253801,12,세종특별시
2026-06-19T08:35:06+09:00,GBIKE,130519,32.0,36.475284,127.253306,12,세종특별시
2026-06-19T08:35:06+09:00,GBIKE,131629,74.0,36.475337,127.252603,12,세종특별시
2026-06-19T08:35:06+09:00,GBIKE,131870,34.0,36.475402,127.248024,12,세종특별시
2026-06-19T08:35:06+09:00,GBIKE,130780,96.0,36.475405,127.252847,12,세종특별시
2026-06-19T08:35:06+09:00,GBIKE,131735,73.0,36.475433,127.252426,12,세종특별시
2026-06-19T08:35:06+09:00,GBIKE,130588,47.0,36.475492,127.256384,12,세종특별시
2026-06-19T08:35:06+09:00,GBIKE,131746,100.0,36.475509,127.277329,12,세종특별시
2026-06-19T08:35:06+09:00,GBIKE,501511,64.0,36.475519,127.252888,12,세종특별시
2026-06-19T08:35:06+09:00,GBIKE,130232,100.0,36.475526,127.252905,12,세종특별시
2026-06-19T08:35:06+09:00,GBIKE,501170,90.0,36.475553,127.286455,12,세종특별시
2026-06-19T08:35:06+09:00,GBIKE,130220,39.0,36.475586,127.252133,12,세종특별시
2026-06-19T08:35:06+09:00,GBIKE,501469,69.0,36.475614,127.276934,12,세종특별시
2026-06-19T08:35:06+09:00,GBIKE,131879,57.0,36.475628,127.252546,12,세종특별시
2026-06-19T08:35:06+09:00,GBIKE,131327,49.0,36.475631,127.252083,12,세종특별시
2026-06-19T08:35:06+09:00,GBIKE,131047,51.0,36.475701,127.25307,12,세종특별시
2026-06-19T08:35:06+09:00,GBIKE,130350,65.0,36.475712,127.28151,12,세종특별시
2026-06-19T08:35:06+09:00,GBIKE,130282,30.0,36.475731,127.254171,12,세종특별시
2026-06-19T08:35:06+09:00,GBIKE,130548,71.0,36.475841,127.24851,12,세종특별시
2026-06-19T08:35:06+09:00,GBIKE,130394,85.0,36.475927,127.254213,12,세종특별시
2026-06-19T08:35:06+09:00,GBIKE,501430,91.0,36.475954,127.283412,12,세종특별시
2026-06-19T08:35:06+09:00,GBIKE,130619,56.0,36.475975,127.287674,12,세종특별시
2026-06-19T08:35:06+09:00,GBIKE,130026,83.0,36.476138,127.278614,12,세종특별시
2026-06-19T08:35:06+09:00,GBIKE,130310,78.0,36.47615,127.282354,12,세종특별시
2026-06-19T08:35:06+09:00,GBIKE,131956,96.0,36.476178,127.279865,12,세종특별시
2026-06-19T08:35:06+09:00,GBIKE,130116,90.0,36.476309,127.252635,12,세종특별시
2026-06-19T08:35:06+09:00,GBIKE,501532,95.0,36.476349,127.253899,12,세종특별시
2026-06-19T08:35:06+09:00,GBIKE,501315,86.0,36.476358,127.25389,12,세종특별시
2026-06-19T08:35:06+09:00,GBIKE,131801,35.0,36.476373,127.254091,12,세종특별시
2026-06-19T08:35:06+09:00,GBIKE,130291,33.0,36.476394,127.251574,12,세종특별시
2026-06-19T08:35:06+09:00,GBIKE,131089,92.0,36.47642,127.259023,12,세종특별시
2026-06-19T08:35:06+09:00,GBIKE,130782,52.0,36.476434,127.258994,12,세종특별시
2026-06-19T08:35:06+09:00,GBIKE,131227,68.0,36.476453,127.253938,12,세종특별시
2026-06-19T08:35:06+09:00,GBIKE,131040,31.0,36.476462,127.25389,12,세종특별시
2026-06-19T08:35:06+09:00,GBIKE,130977,72.0,36.476477,127.25137,12,세종특별시
2026-06-19T08:35:06+09:00,GBIKE,131276,62.0,36.476523,127.283386,12,세종특별시
2026-06-19T08:35:06+09:00,GBIKE,130925,50.0,36.476524,127.283306,12,세종특별시
2026-06-19T08:35:06+09:00,GBIKE,130212,45.0,36.476527,127.251386,12,세종특별시
2026-06-19T08:35:06+09:00,GBIKE,130339,85.0,36.476555,127.247855,12,세종특별시
2026-06-19T08:35:06+09:00,GBIKE,131222,72.0,36.47656,127.253931,12,세종특별시
2026-06-19T08:35:06+09:00,GBIKE,130376,37.0,36.476599,127.248294,12,세종특별시
2026-06-19T08:35:06+09:00,GBIKE,130695,75.0,36.476638,127.247928,12,세종특별시
2026-06-19T08:35:06+09:00,GBIKE,131388,50.0,36.476649,127.295365,12,세종특별시
2026-06-19T08:35:06+09:00,GBIKE,130279,87.0,36.476657,127.283441,12,세종특별시
2026-06-19T08:35:06+09:00,GBIKE,131362,38.0,36.476662,127.296642,12,세종특별시
2026-06-19T08:35:06+09:00,GBIKE,131118,73.0,36.476735,127.295503,12,세종특별시
2026-06-19T08:35:06+09:00,GBIKE,130170,100.0,36.476745,127.250864,12,세종특별시
2026-06-19T08:35:06+09:00,GBIKE,131990,30.0,36.476813,127.283505,12,세종특별시
2026-06-19T08:35:06+09:00,GBIKE,130324,95.0,36.476867,127.285125,12,세종특별시
2026-06-19T08:35:06+09:00,GBIKE,131515,88.0,36.476931,127.254024,12,세종특별시
2026-06-19T08:35:06+09:00,GBIKE,501458,95.0,36.476937,127.285576,12,세종특별시
2026-06-19T08:35:06+09:00,GBIKE,501154,46.0,36.476973,127.257796,12,세종특별시
2026-06-19T08:35:06+09:00,GBIKE,131593,37.0,36.476996,127.282841,12,세종특별시
2026-06-19T08:35:06+09:00,GBIKE,131839,94.0,36.476999,127.283481,12,세종특별시
2026-06-19T08:35:06+09:00,GBIKE,130160,99.0,36.477001,127.254056,12,세종특별시
2026-06-19T08:35:06+09:00,GBIKE,130776,96.0,36.477032,127.28344,12,세종특별시
2026-06-19T08:35:06+09:00,GBIKE,131161,98.0,36.477073,127.250909,12,세종특별시
2026-06-19T08:35:06+09:00,GBIKE,131371,85.0,36.477153,127.250913,12,세종특별시
2026-06-19T08:35:06+09:00,GBIKE,130698,62.0,36.477182,127.254128,12,세종특별시
2026-06-19T08:35:06+09:00,GBIKE,130462,100.0,36.477188,127.254168,12,세종특별시
2026-06-19T08:35:06+09:00,GBIKE,131496,43.0,36.47719,127.248237,12,세종특별시
2026-06-19T08:35:06+09:00,GBIKE,130403,33.0,36.477237,127.259313,12,세종특별시
2026-06-19T08:35:06+09:00,GBIKE,131305,31.0,36.477296,127.254081,12,세종특별시
2026-06-19T08:35:06+09:00,GBIKE,501298,92.0,36.477304,127.285337,12,세종특별시
2026-06-19T08:35:06+09:00,GBIKE,501206,73.0,36.477318,127.287893,12,세종특별시
2026-06-19T08:35:06+09:00,GBIKE,130568,75.0,36.477336,127.297415,12,세종특별시
2026-06-19T08:35:06+09:00,GBIKE,501387,30.0,36.477338,127.250906,12,세종특별시
2026-06-19T08:35:06+09:00,GBIKE,130556,33.0,36.47741,127.250577,12,세종특별시
2026-06-19T08:35:06+09:00,GBIKE,501597,85.0,36.477446,127.287097,12,세종특별시
2026-06-19T08:35:06+09:00,GBIKE,130842,50.0,36.477461,127.283199,12,세종특별시
2026-06-19T08:35:06+09:00,GBIKE,131936,93.0,36.477464,127.250144,12,세종특별시
2026-06-19T08:35:06+09:00,GBIKE,131080,47.0,36.477467,127.283175,12,세종특별시
2026-06-19T08:35:06+09:00,GBIKE,131672,65.0,36.477473,127.283173,12,세종특별시
2026-06-19T08:35:06+09:00,GBIKE,131985,30.0,36.477474,127.254247,12,세종특별시
2026-06-19T08:35:06+09:00,GBIKE,131275,87.0,36.477489,127.250535,12,세종특별시
2026-06-19T08:35:06+09:00,GBIKE,131003,83.0,36.477501,127.254335,12,세종특별시
2026-06-19T08:35:06+09:00,GBIKE,501598,100.0,36.477514,127.287193,12,세종특별시
2026-06-19T08:35:06+09:00,GBIKE,131033,93.0,36.477542,127.25425,12,세종특별시
2026-06-19T08:35:06+09:00,GBIKE,130916,100.0,36.477543,127.283146,12,세종특별시
2026-06-19T08:35:06+09:00,GBIKE,131931,99.0,36.477549,127.249658,12,세종특별시
2026-06-19T08:35:06+09:00,GBIKE,130917,41.0,36.477557,127.249885,12,세종특별시
2026-06-19T08:35:06+09:00,GBIKE,131537,94.0,36.477563,127.286017,12,세종특별시
2026-06-19T08:35:06+09:00,GBIKE,131145,81.0,36.477567,127.253692,12,세종특별시
2026-06-19T08:35:06+09:00,GBIKE,130226,63.0,36.477572,127.253559,12,세종특별시
2026-06-19T08:35:06+09:00,GBIKE,130990,70.0,36.477572,127.286018,12,세종특별시
2026-06-19T08:35:06+09:00,GBIKE,501468,73.0,36.477573,127.285947,12,세종특별시
2026-06-19T08:35:06+09:00,GBIKE,130023,63.0,36.477576,127.249849,12,세종특별시
2026-06-19T08:35:06+09:00,GBIKE,130383,31.0,36.477581,127.249728,12,세종특별시
2026-06-19T08:35:06+09:00,GBIKE,130069,44.0,36.477587,127.250331,12,세종특별시
2026-06-19T08:35:06+09:00,GBIKE,131602,100.0,36.477589,127.298115,12,세종특별시
2026-06-19T08:35:06+09:00,GBIKE,131552,84.0,36.477612,127.298264,12,세종특별시
2026-06-19T08:35:06+09:00,GBIKE,131793,68.0,36.477618,127.249837,12,세종특별시
2026-06-19T08:35:06+09:00,GBIKE,131661,94.0,36.477641,127.250186,12,세종특별시
2026-06-19T08:35:06+09:00,GBIKE,131744,97.0,36.477643,127.249784,12,세종특별시
2026-06-19T08:35:06+09:00,GBIKE,130920,46.0,36.477656,127.298689,12,세종특별시
2026-06-19T08:35:06+09:00,GBIKE,130065,35.0,36.477675,127.255619,12,세종특별시
2026-06-19T08:35:06+09:00,GBIKE,130749,95.0,36.477693,127.255244,12,세종특별시
2026-06-19T08:35:06+09:00,GBIKE,131983,47.0,36.477694,127.255655,12,세종특별시
2026-06-19T08:35:06+09:00,GBIKE,130762,32.0,36.4777,127.253769,12,세종특별시
2026-06-19T08:35:06+09:00,GBIKE,131444,83.0,36.47771,127.255421,12,세종특별시
2026-06-19T08:35:06+09:00,GBIKE,131082,48.0,36.477725,127.255617,12,세종특별시
2026-06-19T08:35:06+09:00,GBIKE,501408,100.0,36.477736,127.253731,12,세종특별시
2026-06-19T08:35:06+09:00,GBIKE,131235,31.0,36.477744,127.249601,12,세종특별시
2026-06-19T08:35:06+09:00,GBIKE,130688,52.0,36.47775,127.249092,12,세종특별시
2026-06-19T08:35:06+09:00,GBIKE,131046,80.0,36.477768,127.249212,12,세종특별시
2026-06-19T08:35:06+09:00,GBIKE,131456,86.0,36.477775,127.26011,12,세종특별시
2026-06-19T08:35:06+09:00,GBIKE,501324,73.0,36.477801,127.253659,12,세종특별시
2026-06-19T08:35:06+09:00,GBIKE,501113,98.0,36.477829,127.283181,12,세종특별시
2026-06-19T08:35:06+09:00,GBIKE,130555,58.0,36.47783,127.283155,12,세종특별시
2026-06-19T08:35:06+09:00,GBIKE,130233,60.0,36.477832,127.249188,12,세종특별시
2026-06-19T08:35:06+09:00,GBIKE,131435,69.0,36.477834,127.283222,12,세종특별시
2026-06-19T08:35:06+09:00,GBIKE,131966,100.0,36.477844,127.248828,12,세종특별시
2026-06-19T08:35:06+09:00,GBIKE,501112,91.0,36.47787,127.252194,12,세종특별시
2026-06-19T08:35:06+09:00,GBIKE,131634,94.0,36.477896,127.249019,12,세종특별시
2026-06-19T08:35:06+09:00,GBIKE,130836,98.0,36.477911,127.287625,12,세종특별시
2026-06-19T08:35:06+09:00,GBIKE,131774,95.0,36.477924,127.249335,12,세종특별시
2026-06-19T08:35:06+09:00,GBIKE,131791,32.0,36.477966,127.295207,12,세종특별시
2026-06-19T08:35:06+09:00,GBIKE,130700,46.0,36.477972,127.287699,12,세종특별시
2026-06-19T08:35:06+09:00,GBIKE,130173,73.0,36.477993,127.299339,12,세종특별시
2026-06-19T08:35:06+09:00,GBIKE,130967,41.0,36.478004,127.250052,12,세종특별시
2026-06-19T08:35:06+09:00,GBIKE,130050,51.0,36.478011,127.251977,12,세종특별시
2026-06-19T08:35:06+09:00,GBIKE,501600,100.0,36.47803,127.299326,12,세종특별시
2026-06-19T08:35:06+09:00,GBIKE,501547,65.0,36.478036,127.283205,12,세종특별시
2026-06-19T08:35:06+09:00,GBIKE,501202,100.0,36.478039,127.283215,12,세종특별시
2026-06-19T08:35:06+09:00,GBIKE,501538,94.0,36.478048,127.288818,12,세종특별시
2026-06-19T08:35:06+09:00,GBIKE,501282,69.0,36.478204,127.288237,12,세종특별시
2026-06-19T08:35:06+09:00,GBIKE,130952,36.0,36.478223,127.299957,12,세종특별시
2026-06-19T08:35:06+09:00,GBIKE,130171,100.0,36.478225,127.299917,12,세종특별시
2026-06-19T08:35:06+09:00,GBIKE,131228,45.0,36.47825,127.288306,12,세종특별시
2026-06-19T08:35:06+09:00,GBIKE,130018,45.0,36.478251,127.255695,12,세종특별시
2026-06-19T08:35:06+09:00,GBIKE,131149,82.0,36.478254,127.255975,12,세종특별시
2026-06-19T08:35:06+09:00,GBIKE,131381,96.0,36.478273,127.24941,12,세종특별시
2026-06-19T08:35:06+09:00,GBIKE,130775,96.0,36.478368,127.300615,12,세종특별시
2026-06-19T08:35:06+09:00,GBIKE,501159,100.0,36.478403,127.288193,12,세종특별시
2026-06-19T08:35:06+09:00,GBIKE,501382,41.0,36.478423,127.261434,12,세종특별시
2026-06-19T08:35:06+09:00,GBIKE,130153,35.0,36.478466,127.261429,12,세종특별시
2026-06-19T08:35:06+09:00,GBIKE,130686,32.0,36.478466,127.293575,12,세종특별시
2026-06-19T08:35:06+09:00,GBIKE,131566,51.0,36.478499,127.252214,12,세종특별시
2026-06-19T08:35:06+09:00,GBIKE,130438,79.0,36.478545,127.254401,12,세종특별시
2026-06-19T08:35:06+09:00,GBIKE,131428,92.0,36.478548,127.294956,12,세종특별시
2026-06-19T08:35:06+09:00,GBIKE,131270,68.0,36.478633,127.255669,12,세종특별시
2026-06-19T08:35:06+09:00,GBIKE,131173,44.0,36.478661,127.288584,12,세종특별시
2026-06-19T08:35:06+09:00,GBIKE,131127,53.0,36.478677,127.255656,12,세종특별시
2026-06-19T08:35:06+09:00,GBIKE,131501,94.0,36.478689,127.250936,12,세종특별시
2026-06-19T08:35:06+09:00,GBIKE,501490,70.0,36.47872,127.261439,12,세종특별시
2026-06-19T08:35:06+09:00,GBIKE,130518,83.0,36.478724,127.288652,12,세종특별시
2026-06-19T08:35:06+09:00,GBIKE,131450,98.0,36.478758,127.251,12,세종특별시
2026-06-19T08:35:06+09:00,GBIKE,130653,84.0,36.478761,127.288704,12,세종특별시
2026-06-19T08:35:06+09:00,GBIKE,130351,95.0,36.478769,127.288677,12,세종특별시
2026-06-19T08:35:06+09:00,GBIKE,131157,67.0,36.478778,127.288698,12,세종특별시
2026-06-19T08:35:06+09:00,GBIKE,130374,37.0,36.478785,127.250989,12,세종특별시
2026-06-19T08:35:06+09:00,GBIKE,130589,64.0,36.478793,127.288792,12,세종특별시
2026-06-19T08:35:06+09:00,GBIKE,131754,95.0,36.47883,127.288824,12,세종특별시
2026-06-19T08:35:06+09:00,GBIKE,131249,59.0,36.478846,127.288914,12,세종특별시
2026-06-19T08:35:06+09:00,GBIKE,130743,37.0,36.478851,127.251036,12,세종특별시
2026-06-19T08:35:06+09:00,GBIKE,131917,80.0,36.478857,127.288902,12,세종특별시
2026-06-19T08:35:06+09:00,GBIKE,130867,78.0,36.478861,127.251064,12,세종특별시
2026-06-19T08:35:06+09:00,GBIKE,130272,34.0,36.478868,127.301188,12,세종특별시
2026-06-19T08:35:06+09:00,GBIKE,501319,77.0,36.478922,127.284589,12,세종특별시
2026-06-19T08:35:06+09:00,GBIKE,501251,84.0,36.478923,127.287365,12,세종특별시
2026-06-19T08:35:06+09:00,GBIKE,130670,100.0,36.478953,127.284567,12,세종특별시
2026-06-19T08:35:06+09:00,GBIKE,131898,96.0,36.478971,127.290272,12,세종특별시
2026-06-19T08:35:06+09:00,GBIKE,130957,31.0,36.479199,127.254698,12,세종특별시
2026-06-19T08:35:06+09:00,GBIKE,130634,66.0,36.4792,127.261964,12,세종특별시
2026-06-19T08:35:06+09:00,GBIKE,130924,90.0,36.479246,127.285505,12,세종특별시
2026-06-19T08:35:06+09:00,GBIKE,131303,100.0,36.479255,127.251641,12,세종특별시
2026-06-19T08:35:06+09:00,GBIKE,130441,33.0,36.479286,127.254695,12,세종특별시
2026-06-19T08:35:06+09:00,GBIKE,131378,98.0,36.479293,127.252723,12,세종특별시
2026-06-19T08:35:06+09:00,GBIKE,501513,100.0,36.479311,127.285414,12,세종특별시
2026-06-19T08:35:06+09:00,GBIKE,131503,95.0,36.479318,127.285383,12,세종특별시
2026-06-19T08:35:06+09:00,GBIKE,131560,96.0,36.479347,127.254941,12,세종특별시
2026-06-19T08:35:06+09:00,GBIKE,131514,33.0,36.479399,127.2619,12,세종특별시
2026-06-19T08:35:06+09:00,GBIKE,131820,31.0,36.479495,127.254717,12,세종특별시
2026-06-19T08:35:06+09:00,GBIKE,130072,54.0,36.47954,127.263305,12,세종특별시
2026-06-19T08:35:06+09:00,GBIKE,501303,44.0,36.479571,127.28663,12,세종특별시
2026-06-19T08:35:06+09:00,GBIKE,130472,31.0,36.479584,127.263221,12,세종특별시
2026-06-19T08:35:06+09:00,GBIKE,501135,90.0,36.479607,127.286614,12,세종특별시
2026-06-19T08:35:06+09:00,GBIKE,501172,30.0,36.479628,127.264191,12,세종특별시
2026-06-19T08:35:06+09:00,GBIKE,130643,30.0,36.479649,127.261235,12,세종특별시
2026-06-19T08:35:06+09:00,GBIKE,131644,91.0,36.479662,127.250593,12,세종특별시
2026-06-19T08:35:06+09:00,GBIKE,131509,60.0,36.479666,127.260708,12,세종특별시
2026-06-19T08:35:06+09:00,GBIKE,130250,42.0,36.479689,127.257889,12,세종특별시
2026-06-19T08:35:06+09:00,GBIKE,501307,30.0,36.479695,127.264542,12,세종특별시
2026-06-19T08:35:06+09:00,GBIKE,131392,98.0,36.479718,127.261512,12,세종특별시
2026-06-19T08:35:06+09:00,GBIKE,130331,100.0,36.479719,127.247859,12,세종특별시
2026-06-19T08:35:06+09:00,GBIKE,131284,95.0,36.479731,127.247885,12,세종특별시
2026-06-19T08:35:06+09:00,GBIKE,501561,48.0,36.479736,127.286482,12,세종특별시
2026-06-19T08:35:06+09:00,GBIKE,131937,94.0,36.479737,127.286481,12,세종특별시
2026-06-19T08:35:06+09:00,GBIKE,131598,45.0,36.47992,127.254573,12,세종특별시
2026-06-19T08:35:06+09:00,GBIKE,131568,63.0,36.479929,127.252389,12,세종특별시
2026-06-19T08:35:06+09:00,GBIKE,130411,38.0,36.479938,127.252449,12,세종특별시
2026-06-19T08:35:06+09:00,GBIKE,130511,100.0,36.479956,127.250795,12,세종특별시
2026-06-19T08:35:06+09:00,GBIKE,131063,73.0,36.479956,127.252238,12,세종특별시
2026-06-19T08:35:06+09:00,GBIKE,130259,58.0,36.479966,127.261807,12,세종특별시
2026-06-19T08:35:06+09:00,GBIKE,131200,51.0,36.480001,127.254251,12,세종특별시
2026-06-19T08:35:06+09:00,GBIKE,131283,95.0,36.480001,127.254559,12,세종특별시
2026-06-19T08:35:06+09:00,GBIKE,131616,87.0,36.480007,127.250129,12,세종특별시
2026-06-19T08:35:06+09:00,GBIKE,130853,48.0,36.480007,127.286636,12,세종특별시
2026-06-19T08:35:06+09:00,GBIKE,130308,95.0,36.480025,127.286591,12,세종특별시
2026-06-19T08:35:06+09:00,GBIKE,130541,94.0,36.480048,127.286603,12,세종특별시
2026-06-19T08:35:06+09:00,GBIKE,131712,67.0,36.480072,127.286652,12,세종특별시
2026-06-19T08:35:06+09:00,GBIKE,130637,91.0,36.480106,127.286646,12,세종특별시
2026-06-19T08:35:06+09:00,GBIKE,130729,100.0,36.480108,127.25304,12,세종특별시
2026-06-19T08:35:06+09:00,GBIKE,131961,63.0,36.480112,127.253317,12,세종특별시
2026-06-19T08:35:06+09:00,GBIKE,131551,99.0,36.480121,127.248353,12,세종특별시
2026-06-19T08:35:06+09:00,GBIKE,501285,51.0,36.480129,127.264311,12,세종특별시
2026-06-19T08:35:06+09:00,GBIKE,131139,70.0,36.480132,127.248325,12,세종특별시
2026-06-19T08:35:06+09:00,GBIKE,501195,48.0,36.480154,127.248046,12,세종특별시
2026-06-19T08:35:06+09:00,GBIKE,131231,90.0,36.48019,127.253115,12,세종특별시
2026-06-19T08:35:06+09:00,GBIKE,130335,94.0,36.480206,127.253127,12,세종특별시
2026-06-19T08:35:06+09:00,GBIKE,131559,41.0,36.480216,127.25312,12,세종특별시
2026-06-19T08:35:06+09:00,GBIKE,130027,95.0,36.480234,127.24637,12,세종특별시
2026-06-19T08:35:06+09:00,GBIKE,130190,70.0,36.480235,127.246379,12,세종특별시
2026-06-19T08:35:06+09:00,GBIKE,131463,38.0,36.480239,127.246355,12,세종특별시
2026-06-19T08:35:06+09:00,GBIKE,130304,71.0,36.480251,127.261507,12,세종특별시
2026-06-19T08:35:06+09:00,GBIKE,131069,60.0,36.480267,127.253294,12,세종특별시
2026-06-19T08:35:06+09:00,GBIKE,131544,34.0,36.480273,127.25332,12,세종특별시
2026-06-19T08:35:06+09:00,GBIKE,131660,100.0,36.480291,127.25325,12,세종특별시
2026-06-19T08:35:06+09:00,GBIKE,501150,89.0,36.480332,127.298381,12,세종특별시
2026-06-19T08:35:06+09:00,GBIKE,131707,34.0,36.480389,127.262081,12,세종특별시
2026-06-19T08:35:06+09:00,GBIKE,131889,88.0,36.480413,127.287951,12,세종특별시
2026-06-19T08:35:06+09:00,GBIKE,131899,55.0,36.480419,127.250498,12,세종특별시
2026-06-19T08:35:06+09:00,GBIKE,501491,93.0,36.480453,127.287847,12,세종특별시
2026-06-19T08:35:06+09:00,GBIKE,131682,81.0,36.480498,127.253583,12,세종특별시
2026-06-19T08:35:06+09:00,GBIKE,131282,77.0,36.480584,127.254707,12,세종특별시
2026-06-19T08:35:06+09:00,GBIKE,130921,100.0,36.480613,127.287737,12,세종특별시
2026-06-19T08:35:06+09:00,GBIKE,131026,31.0,36.480636,127.262396,12,세종특별시
2026-06-19T08:35:06+09:00,GBIKE,130584,35.0,36.480661,127.299595,12,세종특별시
2026-06-19T08:35:06+09:00,GBIKE,130943,100.0,36.480692,127.262373,12,세종특별시
2026-06-19T08:35:06+09:00,GBIKE,501252,38.0,36.480723,127.246779,12,세종특별시
2026-06-19T08:35:06+09:00,GBIKE,130965,43.0,36.480733,127.246843,12,세종특별시
2026-06-19T08:35:06+09:00,GBIKE,501108,100.0,36.480753,127.261849,12,세종특별시
2026-06-19T08:35:06+09:00,GBIKE,130839,41.0,36.48079,127.29973,12,세종특별시
2026-06-19T08:35:06+09:00,GBIKE,501133,50.0,36.480792,127.26182,12,세종특별시
2026-06-19T08:35:06+09:00,GBIKE,131005,97.0,36.480808,127.289088,12,세종특별시
2026-06-19T08:35:06+09:00,GBIKE,131854,32.0,36.480818,127.261145,12,세종특별시
2026-06-19T08:35:06+09:00,GBIKE,131942,95.0,36.480826,127.289058,12,세종특별시
2026-06-19T08:35:06+09:00,GBIKE,131067,97.0,36.480827,127.298933,12,세종특별시
2026-06-19T08:35:06+09:00,GBIKE,501101,75.0,36.48088,127.261761,12,세종특별시
2026-06-19T08:35:06+09:00,GBIKE,130905,39.0,36.480903,127.253807,12,세종특별시
2026-06-19T08:35:06+09:00,GBIKE,130483,100.0,36.480912,127.29948,12,세종특별시
2026-06-19T08:35:06+09:00,GBIKE,131090,79.0,36.48092,127.269266,12,세종특별시
2026-06-19T08:35:06+09:00,GBIKE,130755,44.0,36.480927,127.261715,12,세종특별시
2026-06-19T08:35:06+09:00,GBIKE,131208,64.0,36.480949,127.299467,12,세종특별시
2026-06-19T08:35:06+09:00,GBIKE,130264,81.0,36.480953,127.259065,12,세종특별시
2026-06-19T08:35:06+09:00,GBIKE,130214,92.0,36.480963,127.299416,12,세종특별시
2026-06-19T08:35:06+09:00,GBIKE,130733,100.0,36.480963,127.289366,12,세종특별시
2026-06-19T08:35:06+09:00,GBIKE,501498,30.0,36.480987,127.261683,12,세종특별시
2026-06-19T08:35:06+09:00,GBIKE,131880,64.0,36.481,127.262873,12,세종특별시
2026-06-19T08:35:06+09:00,GBIKE,131172,30.0,36.481005,127.262876,12,세종특별시
2026-06-19T08:35:06+09:00,GBIKE,131719,56.0,36.481008,127.262069,12,세종특별시
2026-06-19T08:35:06+09:00,GBIKE,131765,87.0,36.481048,127.290723,12,세종특별시
2026-06-19T08:35:06+09:00,GBIKE,131060,100.0,36.48108,127.25346,12,세종특별시
2026-06-19T08:35:06+09:00,GBIKE,501209,66.0,36.481082,127.253427,12,세종특별시
2026-06-19T08:35:06+09:00,GBIKE,130063,48.0,36.48124,127.261471,12,세종특별시
2026-06-19T08:35:06+09:00,GBIKE,131384,47.0,36.481267,127.290093,12,세종특별시
2026-06-19T08:35:06+09:00,GBIKE,130742,66.0,36.481282,127.300938,12,세종특별시
2026-06-19T08:35:06+09:00,GBIKE,131761,30.0,36.481291,127.261401,12,세종특별시
2026-06-19T08:35:06+09:00,GBIKE,501448,56.0,36.481298,127.301036,12,세종특별시
2026-06-19T08:35:06+09:00,GBIKE,130360,89.0,36.481299,127.290189,12,세종특별시
2026-06-19T08:35:06+09:00,GBIKE,131795,91.0,36.481324,127.290173,12,세종특별시
2026-06-19T08:35:06+09:00,GBIKE,130428,100.0,36.481349,127.307883,12,세종특별시
2026-06-19T08:35:06+09:00,GBIKE,130451,48.0,36.481364,127.308387,12,세종특별시
2026-06-19T08:35:06+09:00,GBIKE,501449,94.0,36.481384,127.30104,12,세종특별시
2026-06-19T08:35:06+09:00,GBIKE,501499,84.0,36.481386,127.307816,12,세종특별시
2026-06-19T08:35:06+09:00,GBIKE,131255,91.0,36.481394,127.308465,12,세종특별시
2026-06-19T08:35:06+09:00,GBIKE,501132,91.0,36.481397,127.307836,12,세종특별시
2026-06-19T08:35:06+09:00,GBIKE,501187,50.0,36.481407,127.307807,12,세종특별시
2026-06-19T08:35:06+09:00,GBIKE,130567,39.0,36.481428,127.262858,12,세종특별시
2026-06-19T08:35:06+09:00,GBIKE,131037,35.0,36.481432,127.261797,12,세종특별시
2026-06-19T08:35:06+09:00,GBIKE,332827,30.0,36.481435,127.24633,12,세종특별시
2026-06-19T08:35:06+09:00,GBIKE,501339,77.0,36.481451,127.293408,12,세종특별시
2026-06-19T08:35:06+09:00,GBIKE,131726,100.0,36.481476,127.261767,12,세종특별시
2026-06-19T08:35:06+09:00,GBIKE,130886,51.0,36.48148,127.261774,12,세종특별시
2026-06-19T08:35:06+09:00,GBIKE,130271,80.0,36.481484,127.261756,12,세종특별시
2026-06-19T08:35:06+09:00,GBIKE,131423,32.0,36.481491,127.293393,12,세종특별시
2026-06-19T08:35:06+09:00,GBIKE,130926,94.0,36.481494,127.293414,12,세종특별시
2026-06-19T08:35:06+09:00,GBIKE,501236,88.0,36.481513,127.25039,12,세종특별시
2026-06-19T08:35:06+09:00,GBIKE,131643,66.0,36.481556,127.290735,12,세종특별시
2026-06-19T08:35:06+09:00,GBIKE,130873,79.0,36.481562,127.290772,12,세종특별시
2026-06-19T08:35:06+09:00,GBIKE,501129,30.0,36.481576,127.260242,12,세종특별시
2026-06-19T08:35:06+09:00,GBIKE,131695,67.0,36.48166,127.293572,12,세종특별시
2026-06-19T08:35:06+09:00,GBIKE,130797,44.0,36.481666,127.252183,12,세종특별시
2026-06-19T08:35:06+09:00,GBIKE,131271,100.0,36.481679,127.25224,12,세종특별시
2026-06-19T08:35:06+09:00,GBIKE,131147,35.0,36.481913,127.259334,12,세종특별시
2026-06-19T08:35:06+09:00,GBIKE,130863,85.0,36.481995,127.305119,12,세종특별시
2026-06-19T08:35:06+09:00,GBIKE,131924,86.0,36.482037,127.291919,12,세종특별시
2026-06-19T08:35:06+09:00,GBIKE,130908,84.0,36.482095,127.253024,12,세종특별시
2026-06-19T08:35:06+09:00,GBIKE,131349,77.0,36.482124,127.261988,12,세종특별시
2026-06-19T08:35:06+09:00,GBIKE,501450,83.0,36.482192,127.307968,12,세종특별시
2026-06-19T08:35:06+09:00,GBIKE,130354,32.0,36.48223,127.249695,12,세종특별시
2026-06-19T08:35:06+09:00,GBIKE,130517,93.0,36.482261,127.307097,12,세종특별시
2026-06-19T08:35:06+09:00,GBIKE,131335,70.0,36.482271,127.292911,12,세종특별시
2026-06-19T08:35:06+09:00,GBIKE,131587,35.0,36.482307,127.248575,12,세종특별시
2026-06-19T08:35:06+09:00,GBIKE,131838,55.0,36.482316,127.30758,12,세종특별시
2026-06-19T08:35:06+09:00,GBIKE,130860,96.0,36.482338,127.307059,12,세종특별시
2026-06-19T08:35:06+09:00,GBIKE,131204,74.0,36.482341,127.309389,12,세종특별시
2026-06-19T08:35:06+09:00,GBIKE,130503,100.0,36.482361,127.262769,12,세종특별시
2026-06-19T08:35:06+09:00,GBIKE,501197,100.0,36.482394,127.261997,12,세종특별시
2026-06-19T08:35:06+09:00,GBIKE,130141,80.0,36.482398,127.311312,12,세종특별시
2026-06-19T08:35:06+09:00,GBIKE,131277,100.0,36.482412,127.262577,12,세종특별시
2026-06-19T08:35:06+09:00,GBIKE,130697,58.0,36.48242,127.30708,12,세종특별시
2026-06-19T08:35:06+09:00,GBIKE,130998,76.0,36.482442,127.300727,12,세종특별시
2026-06-19T08:35:06+09:00,GBIKE,130904,65.0,36.482487,127.249513,12,세종특별시
2026-06-19T08:35:06+09:00,GBIKE,131025,48.0,36.482523,127.311266,12,세종특별시
2026-06-19T08:35:06+09:00,GBIKE,501484,56.0,36.48258,127.31173,12,세종특별시
2026-06-19T08:35:06+09:00,GBIKE,130591,36.0,36.482602,127.267197,12,세종특별시
2026-06-19T08:35:06+09:00,GBIKE,130446,72.0,36.482613,127.247729,12,세종특별시
2026-06-19T08:35:06+09:00,GBIKE,501482,52.0,36.482623,127.303539,12,세종특별시
2026-06-19T08:35:06+09:00,GBIKE,131098,74.0,36.482627,127.303374,12,세종특별시
2026-06-19T08:35:06+09:00,GBIKE,130293,84.0,36.482644,127.248045,12,세종특별시
2026-06-19T08:35:06+09:00,GBIKE,131007,57.0,36.482656,127.305233,12,세종특별시
2026-06-19T08:35:06+09:00,GBIKE,131462,60.0,36.482668,127.29317,12,세종특별시
2026-06-19T08:35:06+09:00,GBIKE,501139,59.0,36.48268,127.311254,12,세종특별시
2026-06-19T08:35:06+09:00,GBIKE,130305,50.0,36.482685,127.2632,12,세종특별시
2026-06-19T08:35:06+09:00,GBIKE,131128,30.0,36.4827,127.261172,12,세종특별시
2026-06-19T08:35:06+09:00,GBIKE,130847,30.0,36.482702,127.245966,12,세종특별시
2026-06-19T08:35:06+09:00,GBIKE,131713,32.0,36.482812,127.247921,12,세종특별시
2026-06-19T08:35:06+09:00,GBIKE,131468,86.0,36.482836,127.302959,12,세종특별시
2026-06-19T08:35:06+09:00,GBIKE,130950,34.0,36.482836,127.261093,12,세종특별시
2026-06-19T08:35:06+09:00,GBIKE,501411,100.0,36.4829,127.26369,12,세종특별시
2026-06-19T08:35:06+09:00,GBIKE,501105,66.0,36.48291,127.248317,12,세종특별시
2026-06-19T08:35:06+09:00,GBIKE,130276,100.0,36.48298,127.303029,12,세종특별시
2026-06-19T08:35:06+09:00,GBIKE,501365,42.0,36.483022,127.263706,12,세종특별시
2026-06-19T08:35:06+09:00,GBIKE,501356,71.0,36.483029,127.268051,12,세종특별시
2026-06-19T08:35:06+09:00,GBIKE,131517,41.0,36.483036,127.248331,12,세종특별시
2026-06-19T08:35:06+09:00,GBIKE,130075,98.0,36.483096,127.293763,12,세종특별시
2026-06-19T08:35:06+09:00,GBIKE,501556,96.0,36.483117,127.293708,12,세종특별시
2026-06-19T08:35:06+09:00,GBIKE,131115,69.0,36.483136,127.303312,12,세종특별시
2026-06-19T08:35:06+09:00,GBIKE,130988,99.0,36.483189,127.261714,12,세종특별시
2026-06-19T08:35:06+09:00,GBIKE,501427,95.0,36.483193,127.261716,12,세종특별시
2026-06-19T08:35:06+09:00,GBIKE,501151,54.0,36.483253,127.259716,12,세종특별시
2026-06-19T08:35:06+09:00,GBIKE,131986,71.0,36.483287,127.293475,12,세종특별시
2026-06-19T08:35:06+09:00,GBIKE,130995,36.0,36.483341,127.259103,12,세종특별시
2026-06-19T08:35:06+09:00,GBIKE,501177,83.0,36.483343,127.300479,12,세종특별시
2026-06-19T08:35:06+09:00,GBIKE,130281,83.0,36.483396,127.293965,12,세종특별시
2026-06-19T08:35:06+09:00,GBIKE,131768,84.0,36.483401,127.264379,12,세종특별시
2026-06-19T08:35:06+09:00,GBIKE,130544,43.0,36.48344,127.249461,12,세종특별시
2026-06-19T08:35:06+09:00,GBIKE,130504,66.0,36.483531,127.252569,12,세종특별시
2026-06-19T08:35:06+09:00,GBIKE,130178,65.0,36.483538,127.252554,12,세종특별시
2026-06-19T08:35:06+09:00,GBIKE,130087,63.0,36.483557,127.251378,12,세종특별시
2026-06-19T08:35:06+09:00,GBIKE,131741,41.0,36.483588,127.249517,12,세종특별시
2026-06-19T08:35:06+09:00,GBIKE,131997,94.0,36.483622,127.252621,12,세종특별시
2026-06-19T08:35:06+09:00,GBIKE,130981,32.0,36.483626,127.259255,12,세종특별시
2026-06-19T08:35:06+09:00,GBIKE,131453,39.0,36.48364,127.249268,12,세종특별시
2026-06-19T08:35:06+09:00,GBIKE,130896,55.0,36.48366,127.259261,12,세종특별시
2026-06-19T08:35:06+09:00,GBIKE,131035,76.0,36.483724,127.249271,12,세종특별시
2026-06-19T08:35:06+09:00,GBIKE,131263,100.0,36.483752,127.263344,12,세종특별시
2026-06-19T08:35:06+09:00,GBIKE,131471,89.0,36.483757,127.306254,12,세종특별시
2026-06-19T08:35:06+09:00,GBIKE,501275,52.0,36.48378,127.306186,12,세종특별시
2026-06-19T08:35:06+09:00,GBIKE,131651,78.0,36.483784,127.293928,12,세종특별시
2026-06-19T08:35:06+09:00,GBIKE,130211,81.0,36.48379,127.264044,12,세종특별시
2026-06-19T08:35:06+09:00,GBIKE,501374,100.0,36.483823,127.263098,12,세종특별시
2026-06-19T08:35:06+09:00,GBIKE,501131,31.0,36.483846,127.252053,12,세종특별시
2026-06-19T08:35:06+09:00,GBIKE,130473,99.0,36.48387,127.258868,12,세종특별시
2026-06-19T08:35:06+09:00,GBIKE,130857,91.0,36.483881,127.246121,12,세종특별시
2026-06-19T08:35:06+09:00,GBIKE,501446,44.0,36.48389,127.258923,12,세종특별시
2026-06-19T08:35:06+09:00,GBIKE,131946,34.0,36.483891,127.25666,12,세종특별시
2026-06-19T08:35:06+09:00,GBIKE,130364,92.0,36.483916,127.298467,12,세종특별시
2026-06-19T08:35:06+09:00,GBIKE,130381,94.0,36.483917,127.246018,12,세종특별시
2026-06-19T08:35:06+09:00,GBIKE,131715,35.0,36.483924,127.247291,12,세종특별시
2026-06-19T08:35:06+09:00,GBIKE,131094,38.0,36.483927,127.256587,12,세종특별시
2026-06-19T08:35:06+09:00,GBIKE,131513,73.0,36.483979,127.299814,12,세종특별시
2026-06-19T08:35:06+09:00,GBIKE,131611,41.0,36.484003,127.298676,12,세종특별시
2026-06-19T08:35:06+09:00,GBIKE,130487,48.0,36.484021,127.252872,12,세종특별시
2026-06-19T08:35:06+09:00,GBIKE,130060,100.0,36.484047,127.294326,12,세종특별시
2026-06-19T08:35:06+09:00,GBIKE,130681,55.0,36.484078,127.294185,12,세종특별시
2026-06-19T08:35:06+09:00,GBIKE,130449,31.0,36.484088,127.259326,12,세종특별시
2026-06-19T08:35:06+09:00,GBIKE,131800,100.0,36.484088,127.259238,12,세종특별시
2026-06-19T08:35:06+09:00,GBIKE,130077,98.0,36.484119,127.259353,12,세종특별시
2026-06-19T08:35:06+09:00,GBIKE,131448,32.0,36.484136,127.249008,12,세종특별시
2026-06-19T08:35:06+09:00,GBIKE,131799,41.0,36.48416,127.304711,12,세종특별시
2026-06-19T08:35:06+09:00,GBIKE,501208,39.0,36.484196,127.251972,12,세종특별시
2026-06-19T08:35:06+09:00,GBIKE,130194,30.0,36.484223,127.25018,12,세종특별시
2026-06-19T08:35:06+09:00,GBIKE,131653,36.0,36.48424,127.260626,12,세종특별시
2026-06-19T08:35:06+09:00,GBIKE,130117,95.0,36.484269,127.294276,12,세종특별시
2026-06-19T08:35:06+09:00,GBIKE,501350,90.0,36.484289,127.251478,12,세종특별시
2026-06-19T08:35:06+09:00,GBIKE,131798,96.0,36.484295,127.250681,12,세종특별시
2026-06-19T08:35:06+09:00,GBIKE,130090,31.0,36.484296,127.25005,12,세종특별시
2026-06-19T08:35:06+09:00,GBIKE,130143,87.0,36.484309,127.260596,12,세종특별시
2026-06-19T08:35:06+09:00,GBIKE,131518,35.0,36.484315,127.259307,12,세종특별시
2026-06-19T08:35:06+09:00,GBIKE,501384,100.0,36.484395,127.260795,12,세종특별시
2026-06-19T08:35:06+09:00,GBIKE,131100,81.0,36.48442,127.259663,12,세종특별시
2026-06-19T08:35:06+09:00,GBIKE,131604,57.0,36.484459,127.247388,12,세종특별시
2026-06-19T08:35:06+09:00,GBIKE,130617,84.0,36.484476,127.251076,12,세종특별시
2026-06-19T08:35:06+09:00,GBIKE,131867,57.0,36.48448,127.250304,12,세종특별시
2026-06-19T08:35:06+09:00,GBIKE,130746,98.0,36.484488,127.304974,12,세종특별시
2026-06-19T08:35:06+09:00,GBIKE,501517,81.0,36.484494,127.298896,12,세종특별시
2026-06-19T08:35:06+09:00,GBIKE,130675,100.0,36.48452,127.249115,12,세종특별시
2026-06-19T08:35:06+09:00,GBIKE,131647,56.0,36.484528,127.249493,12,세종특별시
2026-06-19T08:35:06+09:00,GBIKE,131548,88.0,36.484591,127.25951,12,세종특별시
2026-06-19T08:35:06+09:00,GBIKE,131635,32.0,36.484593,127.258473,12,세종특별시
2026-06-19T08:35:06+09:00,GBIKE,131842,97.0,36.484621,127.248988,12,세종특별시
2026-06-19T08:35:06+09:00,GBIKE,131858,95.0,36.484647,127.246181,12,세종특별시
2026-06-19T08:35:06+09:00,GBIKE,130936,30.0,36.484649,127.25349,12,세종특별시
2026-06-19T08:35:06+09:00,GBIKE,130850,100.0,36.484656,127.246177,12,세종특별시
2026-06-19T08:35:06+09:00,GBIKE,130570,41.0,36.484675,127.246235,12,세종특별시
2026-06-19T08:35:06+09:00,GBIKE,130923,30.0,36.484684,127.248745,12,세종특별시
2026-06-19T08:35:06+09:00,GBIKE,130682,82.0,36.484695,127.246174,12,세종특별시
2026-06-19T08:35:06+09:00,GBIKE,131491,69.0,36.484697,127.245746,12,세종특별시
2026-06-19T08:35:06+09:00,GBIKE,131745,85.0,36.484748,127.2664,12,세종특별시
2026-06-19T08:35:06+09:00,GBIKE,501157,97.0,36.484755,127.248834,12,세종특별시
2026-06-19T08:35:06+09:00,GBIKE,131585,47.0,36.484794,127.260683,12,세종특별시
2026-06-19T08:35:06+09:00,GBIKE,130162,100.0,36.484821,127.250292,12,세종특별시
2026-06-19T08:35:06+09:00,GBIKE,131386,40.0,36.484846,127.301517,12,세종특별시
2026-06-19T08:35:06+09:00,GBIKE,130426,57.0,36.48488,127.294972,12,세종특별시
2026-06-19T08:35:06+09:00,GBIKE,131558,84.0,36.484909,127.301812,12,세종특별시
2026-06-19T08:35:06+09:00,GBIKE,130531,50.0,36.484936,127.266356,12,세종특별시
2026-06-19T08:35:06+09:00,GBIKE,131395,99.0,36.484951,127.301729,12,세종특별시
2026-06-19T08:35:06+09:00,GBIKE,501390,95.0,36.484972,127.303248,12,세종특별시
2026-06-19T08:35:06+09:00,GBIKE,131333,95.0,36.485013,127.266773,12,세종특별시
2026-06-19T08:35:06+09:00,GBIKE,501566,32.0,36.485019,127.301814,12,세종특별시
2026-06-19T08:35:06+09:00,GBIKE,501516,91.0,36.485056,127.258711,12,세종특별시
2026-06-19T08:35:06+09:00,GBIKE,501334,96.0,36.485067,127.250579,12,세종특별시
2026-06-19T08:35:06+09:00,GBIKE,501392,98.0,36.485135,127.252705,12,세종특별시
2026-06-19T08:35:06+09:00,GBIKE,131322,69.0,36.485166,127.252639,12,세종특별시
2026-06-19T08:35:06+09:00,GBIKE,501176,80.0,36.485177,127.25053,12,세종특별시
2026-06-19T08:35:06+09:00,GBIKE,131472,98.0,36.485212,127.250228,12,세종특별시
2026-06-19T08:35:06+09:00,GBIKE,131656,84.0,36.485215,127.24814,12,세종특별시
2026-06-19T08:35:06+09:00,GBIKE,130989,33.0,36.485267,127.250622,12,세종특별시
2026-06-19T08:35:06+09:00,GBIKE,131594,32.0,36.485298,127.25047,12,세종특별시
2026-06-19T08:35:06+09:00,GBIKE,131802,85.0,36.485339,127.250695,12,세종특별시
2026-06-19T08:35:06+09:00,GBIKE,131737,33.0,36.485347,127.251196,12,세종특별시
2026-06-19T08:35:06+09:00,GBIKE,131237,68.0,36.485349,127.248156,12,세종특별시
2026-06-19T08:35:06+09:00,GBIKE,131356,100.0,36.485365,127.258826,12,세종특별시
2026-06-19T08:35:06+09:00,GBIKE,130593,39.0,36.485399,127.258816,12,세종특별시
2026-06-19T08:35:06+09:00,GBIKE,131290,34.0,36.485451,127.302394,12,세종특별시
2026-06-19T08:35:06+09:00,GBIKE,130618,32.0,36.485465,127.250766,12,세종특별시
2026-06-19T08:35:06+09:00,GBIKE,130095,32.0,36.485503,127.251174,12,세종특별시
2026-06-19T08:35:06+09:00,GBIKE,501593,100.0,36.48551,127.266224,12,세종특별시
2026-06-19T08:35:06+09:00,GBIKE,131361,34.0,36.485527,127.247192,12,세종특별시
2026-06-19T08:35:06+09:00,GBIKE,131168,61.0,36.485555,127.296871,12,세종특별시
2026-06-19T08:35:06+09:00,GBIKE,131373,85.0,36.485592,127.250721,12,세종특별시
2026-06-19T08:35:06+09:00,GBIKE,130120,89.0,36.485668,127.258316,12,세종특별시
2026-06-19T08:35:06+09:00,GBIKE,131666,64.0,36.485682,127.250715,12,세종특별시
2026-06-19T08:35:06+09:00,GBIKE,501203,31.0,36.485689,127.320354,12,세종특별시
2026-06-19T08:35:06+09:00,GBIKE,131415,37.0,36.485696,127.296575,12,세종특별시
2026-06-19T08:35:06+09:00,GBIKE,130068,44.0,36.48572,127.320343,12,세종특별시
2026-06-19T08:35:06+09:00,GBIKE,393554,30.0,36.485738,127.296456,12,세종특별시
2026-06-19T08:35:06+09:00,GBIKE,131101,61.0,36.485783,127.30277,12,세종특별시
2026-06-19T08:35:06+09:00,GBIKE,130512,100.0,36.485806,127.248223,12,세종특별시
2026-06-19T08:35:06+09:00,GBIKE,131238,60.0,36.485828,127.2548,12,세종특별시
2026-06-19T08:35:06+09:00,GBIKE,130107,100.0,36.485859,127.245495,12,세종특별시
2026-06-19T08:35:06+09:00,GBIKE,131106,31.0,36.485872,127.262365,12,세종특별시
2026-06-19T08:35:06+09:00,GBIKE,501506,81.0,36.485892,127.248119,12,세종특별시
2026-06-19T08:35:06+09:00,GBIKE,130652,30.0,36.485935,127.262754,12,세종특별시
2026-06-19T08:35:06+09:00,GBIKE,131206,100.0,36.485993,127.259062,12,세종특별시
2026-06-19T08:35:06+09:00,GBIKE,501121,100.0,36.486036,127.295252,12,세종특별시
2026-06-19T08:35:06+09:00,GBIKE,131265,59.0,36.486109,127.296228,12,세종특별시
2026-06-19T08:35:06+09:00,GBIKE,131298,95.0,36.486112,127.259007,12,세종특별시
2026-06-19T08:35:06+09:00,GBIKE,131639,31.0,36.486152,127.250752,12,세종특별시
2026-06-19T08:35:06+09:00,GBIKE,131054,38.0,36.486228,127.248194,12,세종특별시
2026-06-19T08:35:06+09:00,GBIKE,130830,81.0,36.486241,127.254066,12,세종특별시
2026-06-19T08:35:06+09:00,GBIKE,131449,61.0,36.486288,127.250827,12,세종특별시
2026-06-19T08:35:06+09:00,GBIKE,501263,51.0,36.486298,127.250824,12,세종특별시
2026-06-19T08:35:06+09:00,GBIKE,131845,32.0,36.486301,127.257233,12,세종특별시
2026-06-19T08:35:06+09:00,GBIKE,131071,39.0,36.486303,127.246452,12,세종특별시
2026-06-19T08:35:06+09:00,GBIKE,131573,54.0,36.486304,127.246471,12,세종특별시
2026-06-19T08:35:06+09:00,GBIKE,130098,100.0,36.486338,127.251839,12,세종특별시
2026-06-19T08:35:06+09:00,GBIKE,131951,40.0,36.486374,127.254071,12,세종특별시
2026-06-19T08:35:06+09:00,GBIKE,501473,96.0,36.486387,127.248176,12,세종특별시
2026-06-19T08:35:06+09:00,GBIKE,131311,100.0,36.486428,127.246959,12,세종특별시
2026-06-19T08:35:06+09:00,GBIKE,131696,68.0,36.486429,127.250519,12,세종특별시
2026-06-19T08:35:06+09:00,GBIKE,130352,49.0,36.48645,127.303819,12,세종특별시
2026-06-19T08:35:06+09:00,GBIKE,501372,98.0,36.486457,127.250101,12,세종특별시
2026-06-19T08:35:06+09:00,GBIKE,130985,67.0,36.486473,127.250531,12,세종특별시
2026-06-19T08:35:06+09:00,GBIKE,130779,32.0,36.486474,127.283309,12,세종특별시
2026-06-19T08:35:06+09:00,GBIKE,130564,55.0,36.486483,127.28331,12,세종특별시
2026-06-19T08:35:06+09:00,GBIKE,130033,31.0,36.48649,127.257698,12,세종특별시
2026-06-19T08:35:06+09:00,GBIKE,130334,55.0,36.486505,127.246797,12,세종특별시
2026-06-19T08:35:06+09:00,GBIKE,131138,79.0,36.48653,127.25779,12,세종특별시
2026-06-19T08:35:06+09:00,GBIKE,130955,30.0,36.486531,127.257714,12,세종특별시
2026-06-19T08:35:06+09:00,GBIKE,130626,81.0,36.48654,127.257702,12,세종특별시
2026-06-19T08:35:06+09:00,GBIKE,130794,39.0,36.486546,127.2577,12,세종특별시
2026-06-19T08:35:06+09:00,GBIKE,131211,58.0,36.486548,127.247636,12,세종특별시
2026-06-19T08:35:06+09:00,GBIKE,130084,71.0,36.486562,127.257727,12,세종특별시
2026-06-19T08:35:06+09:00,GBIKE,130527,39.0,36.486571,127.257705,12,세종특별시
2026-06-19T08:35:06+09:00,GBIKE,501330,40.0,36.486582,127.257681,12,세종특별시
2026-06-19T08:35:06+09:00,GBIKE,501527,75.0,36.486584,127.24819,12,세종특별시
2026-06-19T08:35:06+09:00,GBIKE,131438,50.0,36.486591,127.246702,12,세종특별시
2026-06-19T08:35:06+09:00,GBIKE,131051,66.0,36.486614,127.257677,12,세종특별시
2026-06-19T08:35:06+09:00,GBIKE,130461,98.0,36.486617,127.246806,12,세종특별시
2026-06-19T08:35:06+09:00,GBIKE,131137,99.0,36.486618,127.246733,12,세종특별시
2026-06-19T08:35:06+09:00,GBIKE,501580,93.0,36.486621,127.303836,12,세종특별시
2026-06-19T08:35:06+09:00,GBIKE,501464,62.0,36.486621,127.24816,12,세종특별시
2026-06-19T08:35:06+09:00,GBIKE,130600,52.0,36.486662,127.258059,12,세종특별시
2026-06-19T08:35:06+09:00,GBIKE,130234,100.0,36.486673,127.257565,12,세종특별시
2026-06-19T08:35:06+09:00,GBIKE,131241,90.0,36.486678,127.248567,12,세종특별시
2026-06-19T08:35:06+09:00,GBIKE,131617,32.0,36.486686,127.293826,12,세종특별시
2026-06-19T08:35:06+09:00,GBIKE,131454,87.0,36.486775,127.251444,12,세종특별시
2026-06-19T08:35:06+09:00,GBIKE,130605,48.0,36.486801,127.249677,12,세종특별시
2026-06-19T08:35:06+09:00,GBIKE,130041,40.0,36.486804,127.249814,12,세종특별시
2026-06-19T08:35:06+09:00,GBIKE,501583,68.0,36.486825,127.247642,12,세종특별시
2026-06-19T08:35:06+09:00,GBIKE,131994,30.0,36.486842,127.257592,12,세종특별시
2026-06-19T08:35:06+09:00,GBIKE,130021,96.0,36.486849,127.249942,12,세종특별시
2026-06-19T08:35:06+09:00,GBIKE,131469,100.0,36.486882,127.24991,12,세종특별시
2026-06-19T08:35:06+09:00,GBIKE,501284,100.0,36.486883,127.264877,12,세종특별시
2026-06-19T08:35:06+09:00,GBIKE,130205,84.0,36.486889,127.250021,12,세종특별시
2026-06-19T08:35:06+09:00,GBIKE,501471,39.0,36.486898,127.249968,12,세종특별시
2026-06-19T08:35:06+09:00,GBIKE,130660,81.0,36.4869,127.269091,12,세종특별시
2026-06-19T08:35:06+09:00,GBIKE,130414,47.0,36.486926,127.249811,12,세종특별시
2026-06-19T08:35:06+09:00,GBIKE,501378,74.0,36.486928,127.249464,12,세종특별시
2026-06-19T08:35:06+09:00,GBIKE,130055,41.0,36.486936,127.249444,12,세종특별시
2026-06-19T08:35:06+09:00,GBIKE,130299,77.0,36.486938,127.249922,12,세종특별시
2026-06-19T08:35:06+09:00,GBIKE,131881,31.0,36.486943,127.26487,12,세종특별시
2026-06-19T08:35:06+09:00,GBIKE,131752,83.0,36.486949,127.249439,12,세종특별시
2026-06-19T08:35:06+09:00,GBIKE,131248,34.0,36.486959,127.257578,12,세종특별시
2026-06-19T08:35:06+09:00,GBIKE,130268,62.0,36.486967,127.249387,12,세종특별시
2026-06-19T08:35:06+09:00,GBIKE,501227,39.0,36.48699,127.263385,12,세종특별시
2026-06-19T08:35:06+09:00,GBIKE,501237,48.0,36.486996,127.249495,12,세종특별시
2026-06-19T08:35:06+09:00,GBIKE,501128,61.0,36.486999,127.250436,12,세종특별시
2026-06-19T08:35:06+09:00,GBIKE,131244,45.0,36.487026,127.301976,12,세종특별시
2026-06-19T08:35:06+09:00,GBIKE,131717,100.0,36.48704,127.250247,12,세종특별시
2026-06-19T08:35:06+09:00,GBIKE,339068,33.0,36.487068,127.257466,12,세종특별시
2026-06-19T08:35:06+09:00,GBIKE,130031,58.0,36.48709,127.301976,12,세종특별시
2026-06-19T08:35:06+09:00,GBIKE,130887,40.0,36.487142,127.248015,12,세종특별시
2026-06-19T08:35:06+09:00,GBIKE,130680,46.0,36.487172,127.264947,12,세종특별시
2026-06-19T08:35:06+09:00,GBIKE,131814,35.0,36.487185,127.249023,12,세종특별시
2026-06-19T08:35:06+09:00,GBIKE,501543,33.0,36.487197,127.250886,12,세종특별시
2026-06-19T08:35:06+09:00,GBIKE,131714,88.0,36.487198,127.256465,12,세종특별시
2026-06-19T08:35:06+09:00,GBIKE,130108,60.0,36.487207,127.25091,12,세종특별시
2026-06-19T08:35:06+09:00,GBIKE,130676,47.0,36.487207,127.249376,12,세종특별시
2026-06-19T08:35:06+09:00,GBIKE,130702,98.0,36.487212,127.247824,12,세종특별시
2026-06-19T08:35:06+09:00,GBIKE,131323,100.0,36.487241,127.247814,12,세종특별시
2026-06-19T08:35:06+09:00,GBIKE,501175,30.0,36.487263,127.249496,12,세종특별시
2026-06-19T08:35:06+09:00,GBIKE,131312,100.0,36.487276,127.248588,12,세종특별시
2026-06-19T08:35:06+09:00,GBIKE,131749,44.0,36.487282,127.248578,12,세종특별시
2026-06-19T08:35:06+09:00,GBIKE,501582,31.0,36.487285,127.249516,12,세종특별시
2026-06-19T08:35:06+09:00,GBIKE,130258,87.0,36.487286,127.248584,12,세종특별시
2026-06-19T08:35:06+09:00,GBIKE,130481,38.0,36.487289,127.247768,12,세종특별시
2026-06-19T08:35:06+09:00,GBIKE,131207,33.0,36.487304,127.248604,12,세종특별시
2026-06-19T08:35:06+09:00,GBIKE,130661,61.0,36.487315,127.247799,12,세종특별시
2026-06-19T08:35:06+09:00,GBIKE,131575,30.0,36.487362,127.250338,12,세종특별시
2026-06-19T08:35:06+09:00,GBIKE,130380,49.0,36.487368,127.264341,12,세종특별시
2026-06-19T08:35:06+09:00,GBIKE,131045,100.0,36.487372,127.322221,12,세종특별시
2026-06-19T08:35:06+09:00,GBIKE,130818,77.0,36.487382,127.257061,12,세종특별시
2026-06-19T08:35:06+09:00,GBIKE,501577,45.0,36.487398,127.322265,12,세종특별시
2026-06-19T08:35:06+09:00,GBIKE,130980,98.0,36.487424,127.250894,12,세종특별시
2026-06-19T08:35:06+09:00,GBIKE,131803,100.0,36.487436,127.30211,12,세종특별시
2026-06-19T08:35:06+09:00,GBIKE,130362,100.0,36.487447,127.256988,12,세종특별시
2026-06-19T08:35:06+09:00,GBIKE,501395,53.0,36.487464,127.244728,12,세종특별시
2026-06-19T08:35:06+09:00,GBIKE,131806,31.0,36.487474,127.257235,12,세종특별시
2026-06-19T08:35:06+09:00,GBIKE,131289,95.0,36.487514,127.257214,12,세종특별시
2026-06-19T08:35:06+09:00,GBIKE,130862,100.0,36.487514,127.244756,12,세종특별시
2026-06-19T08:35:06+09:00,GBIKE,130956,79.0,36.487529,127.261314,12,세종특별시
2026-06-19T08:35:06+09:00,GBIKE,130321,70.0,36.487536,127.257255,12,세종특별시
2026-06-19T08:35:06+09:00,GBIKE,130693,38.0,36.48756,127.261455,12,세종특별시
2026-06-19T08:35:06+09:00,GBIKE,131921,34.0,36.487562,127.247701,12,세종특별시
2026-06-19T08:35:06+09:00,GBIKE,131387,30.0,36.48763,127.257559,12,세종특별시
2026-06-19T08:35:06+09:00,GBIKE,131351,59.0,36.487641,127.257187,12,세종특별시
2026-06-19T08:35:06+09:00,GBIKE,501502,100.0,36.487643,127.266705,12,세종특별시
2026-06-19T08:35:06+09:00,GBIKE,131008,48.0,36.487742,127.300556,12,세종특별시
2026-06-19T08:35:06+09:00,GBIKE,130875,36.0,36.487845,127.262937,12,세종특별시
2026-06-19T08:35:06+09:00,GBIKE,501332,32.0,36.487861,127.26103,12,세종특별시
2026-06-19T08:35:06+09:00,GBIKE,130838,33.0,36.487871,127.256413,12,세종특별시
2026-06-19T08:35:06+09:00,GBIKE,131043,31.0,36.487872,127.252537,12,세종특별시
2026-06-19T08:35:06+09:00,GBIKE,130406,51.0,36.487936,127.247677,12,세종특별시
2026-06-19T08:35:06+09:00,GBIKE,130196,69.0,36.48806,127.252868,12,세종특별시
2026-06-19T08:35:06+09:00,GBIKE,131014,44.0,36.488201,127.257008,12,세종특별시
2026-06-19T08:35:06+09:00,GBIKE,130032,85.0,36.488247,127.247739,12,세종특별시
2026-06-19T08:35:06+09:00,GBIKE,130968,48.0,36.48826,127.245566,12,세종특별시
2026-06-19T08:35:06+09:00,GBIKE,130627,45.0,36.488299,127.247778,12,세종특별시
2026-06-19T08:35:06+09:00,GBIKE,131492,30.0,36.488344,127.263789,12,세종특별시
2026-06-19T08:35:06+09:00,GBIKE,131934,33.0,36.488366,127.261221,12,세종특별시
2026-06-19T08:35:06+09:00,GBIKE,130475,79.0,36.488499,127.247631,12,세종특별시
2026-06-19T08:35:06+09:00,GBIKE,131398,73.0,36.488505,127.247396,12,세종특별시
2026-06-19T08:35:06+09:00,GBIKE,130167,30.0,36.488581,127.260401,12,세종특별시
2026-06-19T08:35:06+09:00,GBIKE,130235,43.0,36.488732,127.260865,12,세종특별시
2026-06-19T08:35:06+09:00,GBIKE,619461,70.0,36.488733,127.259965,12,세종특별시
2026-06-19T08:35:06+09:00,GBIKE,131810,45.0,36.488734,127.254411,12,세종특별시
2026-06-19T08:35:06+09:00,GBIKE,501552,73.0,36.488781,127.261103,12,세종특별시
2026-06-19T08:35:06+09:00,GBIKE,501591,90.0,36.488789,127.261074,12,세종특별시
2026-06-19T08:35:06+09:00,GBIKE,131467,77.0,36.488809,127.255936,12,세종특별시
2026-06-19T08:35:06+09:00,GBIKE,130096,92.0,36.488817,127.256671,12,세종특별시
2026-06-19T08:35:06+09:00,GBIKE,130635,35.0,36.488829,127.257131,12,세종특별시
2026-06-19T08:35:06+09:00,GBIKE,130662,31.0,36.488849,127.25595,12,세종특별시
2026-06-19T08:35:06+09:00,GBIKE,130459,96.0,36.488856,127.256748,12,세종특별시
2026-06-19T08:35:06+09:00,GBIKE,130052,36.0,36.488867,127.321712,12,세종특별시
2026-06-19T08:35:06+09:00,GBIKE,501323,37.0,36.488875,127.302073,12,세종특별시
2026-06-19T08:35:06+09:00,GBIKE,130516,38.0,36.488879,127.256578,12,세종특별시
2026-06-19T08:35:06+09:00,GBIKE,131224,30.0,36.488879,127.257066,12,세종특별시
2026-06-19T08:35:06+09:00,GBIKE,131679,45.0,36.48888,127.256093,12,세종특별시
2026-06-19T08:35:06+09:00,GBIKE,131320,41.0,36.488888,127.257025,12,세종특별시
2026-06-19T08:35:06+09:00,GBIKE,130885,30.0,36.488905,127.266876,12,세종특별시
2026-06-19T08:35:06+09:00,GBIKE,131817,97.0,36.488907,127.243772,12,세종특별시
2026-06-19T08:35:06+09:00,GBIKE,130940,80.0,36.488908,127.253838,12,세종특별시
2026-06-19T08:35:06+09:00,GBIKE,501553,69.0,36.488917,127.255033,12,세종특별시
2026-06-19T08:35:06+09:00,GBIKE,130871,58.0,36.488919,127.256746,12,세종특별시
2026-06-19T08:35:06+09:00,GBIKE,130654,58.0,36.488929,127.253552,12,세종특별시
2026-06-19T08:35:06+09:00,GBIKE,131861,95.0,36.488932,127.301976,12,세종특별시
2026-06-19T08:35:06+09:00,GBIKE,131319,70.0,36.488932,127.252813,12,세종특별시
2026-06-19T08:35:06+09:00,GBIKE,130922,31.0,36.488943,127.257032,12,세종특별시
2026-06-19T08:35:06+09:00,GBIKE,131070,32.0,36.488959,127.253831,12,세종특별시
2026-06-19T08:35:06+09:00,GBIKE,130410,38.0,36.488963,127.257042,12,세종특별시
2026-06-19T08:35:06+09:00,GBIKE,130131,33.0,36.488983,127.257038,12,세종특별시
2026-06-19T08:35:06+09:00,GBIKE,131916,69.0,36.488985,127.257017,12,세종특별시
2026-06-19T08:35:06+09:00,GBIKE,131274,31.0,36.488986,127.256668,12,세종특별시
2026-06-19T08:35:06+09:00,GBIKE,130460,86.0,36.488994,127.257032,12,세종특별시
2026-06-19T08:35:06+09:00,GBIKE,131050,35.0,36.488996,127.243763,12,세종특별시
2026-06-19T08:35:06+09:00,GBIKE,130809,58.0,36.489027,127.265724,12,세종특별시
2026-06-19T08:35:06+09:00,GBIKE,130783,100.0,36.489039,127.247383,12,세종특별시
2026-06-19T08:35:06+09:00,GBIKE,131984,78.0,36.489054,127.243785,12,세종특별시
2026-06-19T08:35:06+09:00,GBIKE,131332,30.0,36.489058,127.255588,12,세종특별시
2026-06-19T08:35:06+09:00,GBIKE,130966,32.0,36.489075,127.25491,12,세종특별시
2026-06-19T08:35:06+09:00,GBIKE,130938,45.0,36.489109,127.256172,12,세종특별시
2026-06-19T08:35:06+09:00,GBIKE,131628,100.0,36.489169,127.256181,12,세종특별시
2026-06-19T08:35:06+09:00,GBIKE,131664,30.0,36.489171,127.256188,12,세종특별시
2026-06-19T08:35:06+09:00,GBIKE,131727,65.0,36.489172,127.256188,12,세종특별시
2026-06-19T08:35:06+09:00,GBIKE,501370,82.0,36.489221,127.302274,12,세종특별시
2026-06-19T08:35:06+09:00,GBIKE,131379,39.0,36.489286,127.25651,12,세종특별시
2026-06-19T08:35:06+09:00,GBIKE,131443,39.0,36.489318,127.256566,12,세종특별시
2026-06-19T08:35:06+09:00,GBIKE,130399,39.0,36.489325,127.257019,12,세종특별시
2026-06-19T08:35:06+09:00,GBIKE,130906,75.0,36.489329,127.256602,12,세종특별시
2026-06-19T08:35:06+09:00,GBIKE,131183,30.0,36.489336,127.256507,12,세종특별시
2026-06-19T08:35:06+09:00,GBIKE,501415,73.0,36.489341,127.258039,12,세종특별시
2026-06-19T08:35:06+09:00,GBIKE,131619,47.0,36.489348,127.256598,12,세종특별시
2026-06-19T08:35:06+09:00,GBIKE,501542,68.0,36.489367,127.258044,12,세종특별시
2026-06-19T08:35:06+09:00,GBIKE,131865,51.0,36.489371,127.258154,12,세종특별시
2026-06-19T08:35:06+09:00,GBIKE,130659,36.0,36.489382,127.256609,12,세종특별시
2026-06-19T08:35:06+09:00,GBIKE,131337,31.0,36.489386,127.256584,12,세종특별시
2026-06-19T08:35:06+09:00,GBIKE,130126,31.0,36.489389,127.256501,12,세종특별시
2026-06-19T08:35:06+09:00,GBIKE,131254,49.0,36.489402,127.258192,12,세종특별시
2026-06-19T08:35:06+09:00,GBIKE,501489,35.0,36.489424,127.258216,12,세종특별시
2026-06-19T08:35:06+09:00,GBIKE,131949,96.0,36.489431,127.256536,12,세종특별시
2026-06-19T08:35:06+09:00,GBIKE,131019,44.0,36.489431,127.258148,12,세종특별시
2026-06-19T08:35:06+09:00,GBIKE,130221,76.0,36.489435,127.256516,12,세종특별시
2026-06-19T08:35:06+09:00,GBIKE,131878,100.0,36.489445,127.256525,12,세종특별시
2026-06-19T08:35:06+09:00,GBIKE,131911,100.0,36.489456,127.256496,12,세종특별시
2026-06-19T08:35:06+09:00,GBIKE,131834,74.0,36.489465,127.256502,12,세종특별시
2026-06-19T08:35:06+09:00,GBIKE,131595,45.0,36.489476,127.25657,12,세종특별시
2026-06-19T08:35:06+09:00,GBIKE,131811,30.0,36.489486,127.243674,12,세종특별시
2026-06-19T08:35:06+09:00,GBIKE,131497,100.0,36.489489,127.256453,12,세종특별시
2026-06-19T08:35:06+09:00,GBIKE,501161,61.0,36.489491,127.256898,12,세종특별시
2026-06-19T08:35:06+09:00,GBIKE,501312,53.0,36.489494,127.257882,12,세종특별시
2026-06-19T08:35:06+09:00,GBIKE,131813,36.0,36.489496,127.256494,12,세종특별시
2026-06-19T08:35:06+09:00,GBIKE,501452,80.0,36.489525,127.259677,12,세종특별시
2026-06-19T08:35:06+09:00,GBIKE,130647,35.0,36.489535,127.257895,12,세종특별시
2026-06-19T08:35:06+09:00,GBIKE,501486,44.0,36.489543,127.25961,12,세종특별시
2026-06-19T08:35:06+09:00,GBIKE,130313,100.0,36.489583,127.256474,12,세종특별시
2026-06-19T08:35:06+09:00,GBIKE,131326,36.0,36.489599,127.302445,12,세종특별시
2026-06-19T08:35:06+09:00,GBIKE,130533,44.0,36.489601,127.256507,12,세종특별시
2026-06-19T08:35:06+09:00,GBIKE,130798,100.0,36.489605,127.256705,12,세종특별시
2026-06-19T08:35:06+09:00,GBIKE,130864,100.0,36.489682,127.256979,12,세종특별시
2026-06-19T08:35:06+09:00,GBIKE,130388,73.0,36.489751,127.259609,12,세종특별시
2026-06-19T08:35:06+09:00,GBIKE,130543,43.0,36.489752,127.259538,12,세종특별시
2026-06-19T08:35:06+09:00,GBIKE,131973,32.0,36.489783,127.259577,12,세종특별시
2026-06-19T08:35:06+09:00,GBIKE,130650,96.0,36.489794,127.244975,12,세종특별시
2026-06-19T08:35:06+09:00,GBIKE,131742,34.0,36.489802,127.259278,12,세종특별시
2026-06-19T08:35:06+09:00,GBIKE,501528,93.0,36.489814,127.2611,12,세종특별시
2026-06-19T08:35:06+09:00,GBIKE,131429,86.0,36.489837,127.244928,12,세종특별시
2026-06-19T08:35:06+09:00,GBIKE,130328,81.0,36.489849,127.30196,12,세종특별시
2026-06-19T08:35:06+09:00,GBIKE,501261,93.0,36.489875,127.26038,12,세종특별시
2026-06-19T08:35:06+09:00,GBIKE,501274,44.0,36.489891,127.244988,12,세종특별시
2026-06-19T08:35:06+09:00,GBIKE,131977,90.0,36.48993,127.255641,12,세종특별시
2026-06-19T08:35:06+09:00,GBIKE,501140,87.0,36.489957,127.302059,12,세종특별시
2026-06-19T08:35:06+09:00,GBIKE,131600,100.0,36.48996,127.245034,12,세종특별시
2026-06-19T08:35:06+09:00,GBIKE,130418,55.0,36.49,127.245092,12,세종특별시
2026-06-19T08:35:06+09:00,GBIKE,130294,76.0,36.490007,127.243935,12,세종특별시
2026-06-19T08:35:06+09:00,GBIKE,130239,68.0,36.490026,127.243837,12,세종특별시
2026-06-19T08:35:06+09:00,GBIKE,130151,48.0,36.490045,127.259116,12,세종특별시
2026-06-19T08:35:06+09:00,GBIKE,130157,35.0,36.49012,127.302008,12,세종특별시
2026-06-19T08:35:06+09:00,GBIKE,130219,36.0,36.490154,127.247593,12,세종특별시
2026-06-19T08:35:06+09:00,GBIKE,131088,34.0,36.490193,127.25635,12,세종특별시
2026-06-19T08:35:06+09:00,GBIKE,131571,32.0,36.490238,127.247121,12,세종특별시
2026-06-19T08:35:06+09:00,GBIKE,131086,69.0,36.490248,127.2529,12,세종특별시
2026-06-19T08:35:06+09:00,GBIKE,131637,38.0,36.490261,127.252904,12,세종특별시
2026-06-19T08:35:06+09:00,GBIKE,131822,100.0,36.490277,127.255965,12,세종특별시
2026-06-19T08:35:06+09:00,GBIKE,130851,83.0,36.49028,127.256784,12,세종특별시
2026-06-19T08:35:06+09:00,GBIKE,130881,78.0,36.490316,127.247841,12,세종특별시
2026-06-19T08:35:06+09:00,GBIKE,131971,62.0,36.490346,127.254152,12,세종특별시
2026-06-19T08:35:06+09:00,GBIKE,131686,59.0,36.490433,127.245362,12,세종특별시
2026-06-19T08:35:06+09:00,GBIKE,131171,31.0,36.490442,127.257266,12,세종특별시
2026-06-19T08:35:06+09:00,GBIKE,501264,33.0,36.490553,127.24823,12,세종특별시
2026-06-19T08:35:06+09:00,GBIKE,130735,30.0,36.490566,127.258997,12,세종특별시
2026-06-19T08:35:06+09:00,GBIKE,130372,42.0,36.490595,127.259115,12,세종특별시
2026-06-19T08:35:06+09:00,GBIKE,130960,42.0,36.490618,127.259133,12,세종특별시
2026-06-19T08:35:06+09:00,GBIKE,131233,31.0,36.490649,127.248152,12,세종특별시
2026-06-19T08:35:06+09:00,GBIKE,130523,46.0,36.490732,127.25912,12,세종특별시
2026-06-19T08:35:06+09:00,GBIKE,501109,30.0,36.490789,127.256272,12,세종특별시
2026-06-19T08:35:06+09:00,GBIKE,501269,68.0,36.490796,127.321352,12,세종특별시
2026-06-19T08:35:06+09:00,GBIKE,501211,71.0,36.490801,127.256239,12,세종특별시
2026-06-19T08:35:06+09:00,GBIKE,131030,30.0,36.490816,127.259054,12,세종특별시
2026-06-19T08:35:06+09:00,GBIKE,130166,61.0,36.490817,127.255023,12,세종특별시
2026-06-19T08:35:06+09:00,GBIKE,501302,100.0,36.490832,127.256288,12,세종특별시
2026-06-19T08:35:06+09:00,GBIKE,131210,83.0,36.490905,127.301945,12,세종특별시
2026-06-19T08:35:06+09:00,GBIKE,131352,31.0,36.490928,127.255956,12,세종특별시
2026-06-19T08:35:06+09:00,GBIKE,130169,32.0,36.49101,127.258261,12,세종특별시
2026-06-19T08:35:06+09:00,GBIKE,131160,100.0,36.491021,127.242572,12,세종특별시
2026-06-19T08:35:06+09:00,GBIKE,130154,79.0,36.491061,127.262727,12,세종특별시
2026-06-19T08:35:06+09:00,GBIKE,501126,72.0,36.491068,127.262957,12,세종특별시
2026-06-19T08:35:06+09:00,GBIKE,131915,69.0,36.491084,127.251494,12,세종특별시
2026-06-19T08:35:06+09:00,GBIKE,130763,98.0,36.491092,127.246329,12,세종특별시
2026-06-19T08:35:06+09:00,GBIKE,131164,30.0,36.491129,127.32459,12,세종특별시
2026-06-19T08:35:06+09:00,GBIKE,131186,79.0,36.491155,127.246253,12,세종특별시
2026-06-19T08:35:06+09:00,GBIKE,130821,37.0,36.491194,127.246277,12,세종특별시
2026-06-19T08:35:06+09:00,GBIKE,501366,81.0,36.4912,127.254538,12,세종특별시
2026-06-19T08:35:06+09:00,GBIKE,130083,86.0,36.491316,127.256719,12,세종특별시
2026-06-19T08:35:06+09:00,GBIKE,131784,38.0,36.491318,127.260566,12,세종특별시
2026-06-19T08:35:06+09:00,GBIKE,130781,31.0,36.491326,127.260597,12,세종특별시
2026-06-19T08:35:06+09:00,GBIKE,131102,61.0,36.491328,127.257543,12,세종특별시
2026-06-19T08:35:06+09:00,GBIKE,130493,45.0,36.491343,127.256099,12,세종특별시
2026-06-19T08:35:06+09:00,GBIKE,130252,48.0,36.49135,127.25615,12,세종특별시
2026-06-19T08:35:06+09:00,GBIKE,501413,100.0,36.49136,127.269599,12,세종특별시
2026-06-19T08:35:06+09:00,GBIKE,131114,100.0,36.491365,127.256098,12,세종특별시
2026-06-19T08:35:06+09:00,GBIKE,131837,100.0,36.491367,127.25611,12,세종특별시
2026-06-19T08:35:06+09:00,GBIKE,131331,67.0,36.491369,127.256126,12,세종특별시
2026-06-19T08:35:06+09:00,GBIKE,130577,98.0,36.491377,127.256113,12,세종특별시
2026-06-19T08:35:06+09:00,GBIKE,130507,54.0,36.491382,127.269593,12,세종특별시
2026-06-19T08:35:06+09:00,GBIKE,131405,100.0,36.491384,127.256098,12,세종특별시
2026-06-19T08:35:06+09:00,GBIKE,130644,100.0,36.491385,127.256127,12,세종특별시
2026-06-19T08:35:06+09:00,GBIKE,131057,30.0,36.491388,127.256143,12,세종특별시
2026-06-19T08:35:06+09:00,GBIKE,501258,65.0,36.49139,127.269633,12,세종특별시
2026-06-19T08:35:06+09:00,GBIKE,130444,30.0,36.491394,127.256178,12,세종특별시
2026-06-19T08:35:06+09:00,GBIKE,131699,78.0,36.49141,127.25615,12,세종특별시
2026-06-19T08:35:06+09:00,GBIKE,130722,40.0,36.491424,127.260615,12,세종특별시
2026-06-19T08:35:06+09:00,GBIKE,131702,84.0,36.491425,127.256182,12,세종특별시
2026-06-19T08:35:06+09:00,GBIKE,131787,71.0,36.491427,127.260703,12,세종특별시
2026-06-19T08:35:06+09:00,GBIKE,131843,87.0,36.49143,127.257277,12,세종특별시
2026-06-19T08:35:06+09:00,GBIKE,130699,43.0,36.491447,127.256196,12,세종특별시
2026-06-19T08:35:06+09:00,GBIKE,131812,81.0,36.491453,127.258175,12,세종특별시
2026-06-19T08:35:06+09:00,GBIKE,131363,75.0,36.491455,127.25618,12,세종특별시
2026-06-19T08:35:06+09:00,GBIKE,130951,100.0,36.49147,127.256113,12,세종특별시
2026-06-19T08:35:06+09:00,GBIKE,130515,75.0,36.491473,127.256104,12,세종특별시
2026-06-19T08:35:06+09:00,GBIKE,501545,84.0,36.491487,127.256112,12,세종특별시
2026-06-19T08:35:06+09:00,GBIKE,130571,34.0,36.491492,127.256165,12,세종특별시
2026-06-19T08:35:06+09:00,GBIKE,131343,55.0,36.491531,127.256164,12,세종특별시
2026-06-19T08:35:06+09:00,GBIKE,501136,90.0,36.491553,127.258563,12,세종특별시
2026-06-19T08:35:06+09:00,GBIKE,131498,34.0,36.491556,127.256121,12,세종특별시
2026-06-19T08:35:06+09:00,GBIKE,131888,97.0,36.491569,127.243748,12,세종특별시
2026-06-19T08:35:06+09:00,GBIKE,131414,94.0,36.491582,127.303127,12,세종특별시
2026-06-19T08:35:06+09:00,GBIKE,131673,66.0,36.491618,127.261135,12,세종특별시
2026-06-19T08:35:06+09:00,GBIKE,130469,47.0,36.491622,127.249713,12,세종특별시
2026-06-19T08:35:06+09:00,GBIKE,501210,51.0,36.491649,127.241967,12,세종특별시
2026-06-19T08:35:06+09:00,GBIKE,131508,38.0,36.491651,127.256608,12,세종특별시
2026-06-19T08:35:06+09:00,GBIKE,131252,69.0,36.491688,127.246036,12,세종특별시
2026-06-19T08:35:06+09:00,GBIKE,131570,31.0,36.491695,127.245983,12,세종특별시
2026-06-19T08:35:06+09:00,GBIKE,130298,32.0,36.491698,127.241883,12,세종특별시
2026-06-19T08:35:06+09:00,GBIKE,130639,100.0,36.491698,127.246262,12,세종특별시
2026-06-19T08:35:06+09:00,GBIKE,130801,31.0,36.49171,127.250338,12,세종특별시
2026-06-19T08:35:06+09:00,GBIKE,130738,33.0,36.491721,127.26053,12,세종특별시
2026-06-19T08:35:06+09:00,GBIKE,501562,69.0,36.491724,127.26054,12,세종특별시
2026-06-19T08:35:06+09:00,GBIKE,130621,97.0,36.491753,127.246007,12,세종특별시
2026-06-19T08:35:06+09:00,GBIKE,131481,30.0,36.491817,127.246222,12,세종특별시
2026-06-19T08:35:06+09:00,GBIKE,131902,30.0,36.491829,127.246223,12,세종특별시
2026-06-19T08:35:06+09:00,GBIKE,131393,75.0,36.491841,127.246303,12,세종특별시
2026-06-19T08:35:06+09:00,GBIKE,130249,64.0,36.491889,127.255491,12,세종특별시
2026-06-19T08:35:06+09:00,GBIKE,130708,94.0,36.491904,127.241735,12,세종특별시
2026-06-19T08:35:06+09:00,GBIKE,131954,68.0,36.491931,127.249372,12,세종특별시
2026-06-19T08:35:06+09:00,GBIKE,501585,82.0,36.491955,127.257726,12,세종특별시
2026-06-19T08:35:06+09:00,GBIKE,130657,50.0,36.491966,127.245884,12,세종특별시
2026-06-19T08:35:06+09:00,GBIKE,130215,87.0,36.491984,127.249728,12,세종특별시
2026-06-19T08:35:06+09:00,GBIKE,130706,30.0,36.491993,127.322162,12,세종특별시
2026-06-19T08:35:06+09:00,GBIKE,130790,66.0,36.492024,127.241662,12,세종특별시
2026-06-19T08:35:06+09:00,GBIKE,131015,100.0,36.492088,127.256062,12,세종특별시
2026-06-19T08:35:06+09:00,GBIKE,130789,61.0,36.492099,127.257239,12,세종특별시
2026-06-19T08:35:06+09:00,GBIKE,130237,51.0,36.49214,127.256041,12,세종특별시
2026-06-19T08:35:06+09:00,GBIKE,501196,74.0,36.492143,127.257246,12,세종특별시
2026-06-19T08:35:06+09:00,GBIKE,131354,75.0,36.492148,127.241518,12,세종특별시
2026-06-19T08:35:06+09:00,GBIKE,130204,33.0,36.492153,127.24146,12,세종특별시
2026-06-19T08:35:06+09:00,GBIKE,131649,100.0,36.492154,127.241576,12,세종특별시
2026-06-19T08:35:06+09:00,GBIKE,501386,92.0,36.492172,127.262492,12,세종특별시
2026-06-19T08:35:06+09:00,GBIKE,131218,38.0,36.492189,127.252828,12,세종특별시
2026-06-19T08:35:06+09:00,GBIKE,130612,95.0,36.492203,127.256171,12,세종특별시
2026-06-19T08:35:06+09:00,GBIKE,130408,33.0,36.492218,127.241497,12,세종특별시
2026-06-19T08:35:06+09:00,GBIKE,131002,45.0,36.492222,127.241511,12,세종특별시
2026-06-19T08:35:06+09:00,GBIKE,130843,76.0,36.492246,127.251523,12,세종특별시
2026-06-19T08:35:06+09:00,GBIKE,501466,91.0,36.492259,127.255615,12,세종특별시
2026-06-19T08:35:06+09:00,GBIKE,130103,73.0,36.492282,127.241471,12,세종특별시
2026-06-19T08:35:06+09:00,GBIKE,131788,44.0,36.492314,127.256008,12,세종특별시
2026-06-19T08:35:06+09:00,GBIKE,345936,51.0,36.492331,127.241548,12,세종특별시
2026-06-19T08:35:06+09:00,GBIKE,130172,81.0,36.49235,127.255344,12,세종특별시
2026-06-19T08:35:06+09:00,GBIKE,131724,52.0,36.492351,127.255661,12,세종특별시
2026-06-19T08:35:06+09:00,GBIKE,130991,32.0,36.492359,127.318988,12,세종특별시
2026-06-19T08:35:06+09:00,GBIKE,130256,63.0,36.492389,127.255723,12,세종특별시
2026-06-19T08:35:06+09:00,GBIKE,131897,60.0,36.492424,127.255705,12,세종특별시
2026-06-19T08:35:06+09:00,GBIKE,130811,98.0,36.492432,127.254919,12,세종특별시
2026-06-19T08:35:06+09:00,GBIKE,130727,95.0,36.492458,127.24589,12,세종특별시
2026-06-19T08:35:06+09:00,GBIKE,130502,70.0,36.492489,127.256541,12,세종특별시
2026-06-19T08:35:06+09:00,GBIKE,501381,49.0,36.492517,127.303032,12,세종특별시
2026-06-19T08:35:06+09:00,GBIKE,501397,84.0,36.492534,127.325029,12,세종특별시
2026-06-19T08:35:06+09:00,GBIKE,501320,82.0,36.492567,127.261203,12,세종특별시
2026-06-19T08:35:06+09:00,GBIKE,501371,43.0,36.492568,127.269656,12,세종특별시
2026-06-19T08:35:06+09:00,GBIKE,501581,30.0,36.492569,127.303042,12,세종특별시
2026-06-19T08:35:06+09:00,GBIKE,501438,65.0,36.492571,127.269787,12,세종특별시
2026-06-19T08:35:06+09:00,GBIKE,501142,43.0,36.49259,127.269784,12,세종특별시
2026-06-19T08:35:06+09:00,GBIKE,501574,86.0,36.492653,127.255076,12,세종특별시
2026-06-19T08:35:06+09:00,GBIKE,130709,30.0,36.492662,127.255079,12,세종특별시
2026-06-19T08:35:06+09:00,GBIKE,130114,45.0,36.492711,127.253298,12,세종특별시
2026-06-19T08:35:06+09:00,GBIKE,501504,44.0,36.492837,127.242713,12,세종특별시
2026-06-19T08:35:06+09:00,GBIKE,131963,57.0,36.492837,127.242589,12,세종특별시
2026-06-19T08:35:06+09:00,GBIKE,501530,35.0,36.492846,127.252131,12,세종특별시
2026-06-19T08:35:06+09:00,GBIKE,501107,75.0,36.492885,127.242686,12,세종특별시
2026-06-19T08:35:06+09:00,GBIKE,131778,93.0,36.492959,127.243982,12,세종특별시
2026-06-19T08:35:06+09:00,GBIKE,501322,69.0,36.492962,127.252972,12,세종특별시
2026-06-19T08:35:06+09:00,GBIKE,131697,80.0,36.492962,127.243923,12,세종특별시
2026-06-19T08:35:06+09:00,GBIKE,130329,48.0,36.492969,127.243902,12,세종특별시
2026-06-19T08:35:06+09:00,GBIKE,501596,64.0,36.492971,127.243882,12,세종특별시
2026-06-19T08:35:06+09:00,GBIKE,501367,51.0,36.492998,127.254735,12,세종특별시
2026-06-19T08:35:06+09:00,GBIKE,131199,62.0,36.493038,127.257224,12,세종특별시
2026-06-19T08:35:06+09:00,GBIKE,131995,32.0,36.493108,127.250706,12,세종특별시
2026-06-19T08:35:06+09:00,GBIKE,131167,64.0,36.493112,127.322229,12,세종특별시
2026-06-19T08:35:06+09:00,GBIKE,501137,86.0,36.493216,127.301426,12,세종특별시
2026-06-19T08:35:06+09:00,GBIKE,131948,58.0,36.493298,127.256175,12,세종특별시
2026-06-19T08:35:06+09:00,GBIKE,131347,99.0,36.493339,127.249035,12,세종특별시
2026-06-19T08:35:06+09:00,GBIKE,501194,73.0,36.493343,127.243457,12,세종특별시
2026-06-19T08:35:06+09:00,GBIKE,130086,96.0,36.493416,127.262811,12,세종특별시
2026-06-19T08:35:06+09:00,GBIKE,130421,82.0,36.493478,127.304237,12,세종특별시
2026-06-19T08:35:06+09:00,GBIKE,501123,100.0,36.493509,127.258336,12,세종특별시
2026-06-19T08:35:06+09:00,GBIKE,131872,97.0,36.493524,127.256116,12,세종특별시
2026-06-19T08:35:06+09:00,GBIKE,501217,34.0,36.493565,127.240945,12,세종특별시
2026-06-19T08:35:06+09:00,GBIKE,130417,76.0,36.493605,127.25574,12,세종특별시
2026-06-19T08:35:06+09:00,GBIKE,130646,84.0,36.493651,127.256616,12,세종특별시
2026-06-19T08:35:06+09:00,GBIKE,501183,75.0,36.49367,127.246139,12,세종특별시
2026-06-19T08:35:06+09:00,GBIKE,130668,100.0,36.493676,127.250377,12,세종특별시
2026-06-19T08:35:06+09:00,GBIKE,130229,46.0,36.493692,127.256141,12,세종특별시
2026-06-19T08:35:06+09:00,GBIKE,130572,62.0,36.493713,127.25655,12,세종특별시
2026-06-19T08:35:06+09:00,GBIKE,130485,45.0,36.493734,127.245263,12,세종특별시
2026-06-19T08:35:06+09:00,GBIKE,130815,97.0,36.49378,127.256604,12,세종특별시
2026-06-19T08:35:06+09:00,GBIKE,131851,30.0,36.493795,127.325488,12,세종특별시
2026-06-19T08:35:06+09:00,GBIKE,131185,91.0,36.493812,127.240938,12,세종특별시
2026-06-19T08:35:06+09:00,GBIKE,130030,34.0,36.49385,127.255569,12,세종특별시
2026-06-19T08:35:06+09:00,GBIKE,131751,33.0,36.493874,127.248504,12,세종특별시
2026-06-19T08:35:06+09:00,GBIKE,131027,51.0,36.493878,127.261641,12,세종특별시
2026-06-19T08:35:06+09:00,GBIKE,131366,37.0,36.493896,127.240987,12,세종특별시
2026-06-19T08:35:06+09:00,GBIKE,501410,56.0,36.493967,127.248996,12,세종특별시
2026-06-19T08:35:06+09:00,GBIKE,130136,33.0,36.494009,127.248882,12,세종특별시
2026-06-19T08:35:06+09:00,GBIKE,501186,44.0,36.494019,127.256617,12,세종특별시
2026-06-19T08:35:06+09:00,GBIKE,131725,98.0,36.49402,127.248933,12,세종특별시
2026-06-19T08:35:06+09:00,GBIKE,501344,49.0,36.494087,127.26159,12,세종특별시
2026-06-19T08:35:06+09:00,GBIKE,131364,43.0,36.494129,127.261257,12,세종특별시
2026-06-19T08:35:06+09:00,GBIKE,131325,39.0,36.494145,127.256129,12,세종특별시
2026-06-19T08:35:06+09:00,GBIKE,131908,31.0,36.494161,127.256177,12,세종특별시
2026-06-19T08:35:06+09:00,GBIKE,131562,41.0,36.494175,127.256226,12,세종특별시
2026-06-19T08:35:06+09:00,GBIKE,131525,54.0,36.494236,127.241807,12,세종특별시
2026-06-19T08:35:06+09:00,GBIKE,130505,35.0,36.494244,127.249492,12,세종특별시
2026-06-19T08:35:06+09:00,GBIKE,131260,58.0,36.494244,127.249317,12,세종특별시
2026-06-19T08:35:06+09:00,GBIKE,130300,95.0,36.494248,127.249466,12,세종특별시
2026-06-19T08:35:06+09:00,GBIKE,130390,83.0,36.494252,127.254207,12,세종특별시
2026-06-19T08:35:06+09:00,GBIKE,130039,71.0,36.494254,127.249469,12,세종특별시
2026-06-19T08:35:06+09:00,GBIKE,131873,42.0,36.494279,127.252543,12,세종특별시
2026-06-19T08:35:06+09:00,GBIKE,130122,71.0,36.494286,127.255775,12,세종특별시
2026-06-19T08:35:06+09:00,GBIKE,131964,30.0,36.494333,127.255764,12,세종특별시
2026-06-19T08:35:06+09:00,GBIKE,501345,67.0,36.494335,127.249518,12,세종특별시
2026-06-19T08:35:06+09:00,GBIKE,131358,83.0,36.494391,127.302281,12,세종특별시
2026-06-19T08:35:06+09:00,GBIKE,131885,30.0,36.494458,127.244193,12,세종특별시
2026-06-19T08:35:06+09:00,GBIKE,501114,67.0,36.49446,127.248834,12,세종특별시
2026-06-19T08:35:06+09:00,GBIKE,130198,48.0,36.494467,127.249697,12,세종특별시
2026-06-19T08:35:06+09:00,GBIKE,501167,90.0,36.494544,127.252968,12,세종특별시
2026-06-19T08:35:06+09:00,GBIKE,130865,31.0,36.494545,127.249672,12,세종특별시
2026-06-19T08:35:06+09:00,GBIKE,131264,32.0,36.494579,127.260699,12,세종특별시
2026-06-19T08:35:06+09:00,GBIKE,130176,99.0,36.494597,127.256256,12,세종특별시
2026-06-19T08:35:06+09:00,GBIKE,130679,49.0,36.494616,127.26055,12,세종특별시
2026-06-19T08:35:06+09:00,GBIKE,131612,86.0,36.494618,127.263091,12,세종특별시
2026-06-19T08:35:06+09:00,GBIKE,131359,100.0,36.494619,127.256302,12,세종특별시
2026-06-19T08:35:06+09:00,GBIKE,501588,59.0,36.49465,127.249652,12,세종특별시
2026-06-19T08:35:06+09:00,GBIKE,501111,65.0,36.49466,127.256341,12,세종특별시
2026-06-19T08:35:06+09:00,GBIKE,130799,39.0,36.494691,127.25429,12,세종특별시
2026-06-19T08:35:06+09:00,GBIKE,501477,100.0,36.494716,127.240627,12,세종특별시
2026-06-19T08:35:06+09:00,GBIKE,131678,35.0,36.494727,127.249706,12,세종특별시
2026-06-19T08:35:06+09:00,GBIKE,130774,82.0,36.494731,127.249799,12,세종특별시
2026-06-19T08:35:06+09:00,GBIKE,130615,33.0,36.494734,127.249727,12,세종특별시
2026-06-19T08:35:06+09:00,GBIKE,131625,34.0,36.494742,127.249763,12,세종특별시
2026-06-19T08:35:06+09:00,GBIKE,501165,80.0,36.494749,127.246988,12,세종특별시
2026-06-19T08:35:06+09:00,GBIKE,501534,87.0,36.494756,127.306075,12,세종특별시
2026-06-19T08:35:06+09:00,GBIKE,131988,43.0,36.494771,127.306091,12,세종특별시
2026-06-19T08:35:06+09:00,GBIKE,130348,100.0,36.494855,127.24926,12,세종특별시
2026-06-19T08:35:06+09:00,GBIKE,131883,41.0,36.494912,127.325377,12,세종특별시
2026-06-19T08:35:06+09:00,GBIKE,131397,40.0,36.494926,127.249867,12,세종특별시
2026-06-19T08:35:06+09:00,GBIKE,131152,51.0,36.494984,127.245222,12,세종특별시
2026-06-19T08:35:06+09:00,GBIKE,131528,100.0,36.495009,127.30281,12,세종특별시
2026-06-19T08:35:06+09:00,GBIKE,501353,58.0,36.49506,127.255534,12,세종특별시
2026-06-19T08:35:06+09:00,GBIKE,131728,76.0,36.495092,127.264678,12,세종특별시
2026-06-19T08:35:06+09:00,GBIKE,131980,100.0,36.495135,127.262768,12,세종특별시
2026-06-19T08:35:06+09:00,GBIKE,130092,49.0,36.495148,127.242063,12,세종특별시
2026-06-19T08:35:06+09:00,GBIKE,131474,44.0,36.495183,127.303027,12,세종특별시
2026-06-19T08:35:06+09:00,GBIKE,501270,84.0,36.49519,127.303051,12,세종특별시
2026-06-19T08:35:06+09:00,GBIKE,130876,78.0,36.495192,127.303038,12,세종특별시
2026-06-19T08:35:06+09:00,GBIKE,501164,73.0,36.495231,127.242636,12,세종특별시
2026-06-19T08:35:06+09:00,GBIKE,131182,92.0,36.495235,127.209446,12,세종특별시
2026-06-19T08:35:06+09:00,GBIKE,131524,31.0,36.49525,127.248991,12,세종특별시
2026-06-19T08:35:06+09:00,GBIKE,130189,86.0,36.495254,127.25685,12,세종특별시
2026-06-19T08:35:06+09:00,GBIKE,501115,50.0,36.49526,127.242622,12,세종특별시
2026-06-19T08:35:06+09:00,GBIKE,131399,36.0,36.495311,127.256854,12,세종특별시
2026-06-19T08:35:06+09:00,GBIKE,131488,96.0,36.495352,127.262767,12,세종특별시
2026-06-19T08:35:06+09:00,GBIKE,131645,33.0,36.495368,127.249065,12,세종특별시
2026-06-19T08:35:06+09:00,GBIKE,130703,99.0,36.495457,127.244725,12,세종특별시
2026-06-19T08:35:06+09:00,GBIKE,501361,30.0,36.495466,127.31759,12,세종특별시
2026-06-19T08:35:06+09:00,GBIKE,501375,45.0,36.495477,127.259258,12,세종특별시
2026-06-19T08:35:06+09:00,GBIKE,131055,56.0,36.495483,127.249074,12,세종특별시
2026-06-19T08:35:06+09:00,GBIKE,131286,38.0,36.495509,127.249026,12,세종특별시
2026-06-19T08:35:06+09:00,GBIKE,501299,30.0,36.495536,127.248953,12,세종특별시
2026-06-19T08:35:06+09:00,GBIKE,131431,67.0,36.49554,127.240537,12,세종특별시
2026-06-19T08:35:06+09:00,GBIKE,131076,54.0,36.495614,127.25901,12,세종특별시
2026-06-19T08:35:06+09:00,GBIKE,130091,99.0,36.495617,127.258952,12,세종특별시
2026-06-19T08:35:06+09:00,GBIKE,130320,50.0,36.495617,127.25903,12,세종특별시
2026-06-19T08:35:06+09:00,GBIKE,130861,72.0,36.495649,127.256972,12,세종특별시
2026-06-19T08:35:06+09:00,GBIKE,131579,81.0,36.495652,127.26276,12,세종특별시
2026-06-19T08:35:06+09:00,GBIKE,130202,60.0,36.495676,127.256993,12,세종특별시
2026-06-19T08:35:06+09:00,GBIKE,130522,56.0,36.495689,127.244979,12,세종특별시
2026-06-19T08:35:06+09:00,GBIKE,501289,66.0,36.49574,127.266288,12,세종특별시
2026-06-19T08:35:06+09:00,GBIKE,130273,51.0,36.495741,127.249837,12,세종특별시
2026-06-19T08:35:06+09:00,GBIKE,131920,77.0,36.495748,127.30349,12,세종특별시
2026-06-19T08:35:06+09:00,GBIKE,130841,32.0,36.495798,127.258579,12,세종특별시
2026-06-19T08:35:06+09:00,GBIKE,131780,37.0,36.49582,127.252078,12,세종특별시
2026-06-19T08:35:06+09:00,GBIKE,131130,30.0,36.495855,127.251283,12,세종특별시
2026-06-19T08:35:06+09:00,GBIKE,131776,55.0,36.495873,127.265395,12,세종특별시
2026-06-19T08:35:06+09:00,GBIKE,130566,71.0,36.495944,127.244668,12,세종특별시
2026-06-19T08:35:06+09:00,GBIKE,130715,69.0,36.49596,127.243186,12,세종특별시
2026-06-19T08:35:06+09:00,GBIKE,131107,75.0,36.495968,127.243393,12,세종특별시
2026-06-19T08:35:06+09:00,GBIKE,131459,40.0,36.495984,127.238737,12,세종특별시
2026-06-19T08:35:06+09:00,GBIKE,130736,30.0,36.495989,127.250727,12,세종특별시
2026-06-19T08:35:06+09:00,GBIKE,130768,96.0,36.496006,127.24252,12,세종특별시
2026-06-19T08:35:06+09:00,GBIKE,501479,59.0,36.496007,127.265078,12,세종특별시
2026-06-19T08:35:06+09:00,GBIKE,131698,91.0,36.496018,127.242554,12,세종특별시
2026-06-19T08:35:06+09:00,GBIKE,131618,35.0,36.496071,127.26509,12,세종특별시
2026-06-19T08:35:06+09:00,GBIKE,501407,96.0,36.496108,127.263508,12,세종특별시
2026-06-19T08:35:06+09:00,GBIKE,501476,100.0,36.496162,127.304547,12,세종특별시
2026-06-19T08:35:06+09:00,GBIKE,131906,79.0,36.496194,127.263484,12,세종특별시
2026-06-19T08:35:06+09:00,GBIKE,131058,59.0,36.496217,127.3057,12,세종특별시
2026-06-19T08:35:06+09:00,GBIKE,130267,94.0,36.49622,127.256759,12,세종특별시
2026-06-19T08:35:06+09:00,GBIKE,131162,31.0,36.496234,127.237853,12,세종특별시
2026-06-19T08:35:06+09:00,GBIKE,130146,66.0,36.496245,127.23856,12,세종특별시
2026-06-19T08:35:06+09:00,GBIKE,131000,93.0,36.496272,127.244148,12,세종특별시
2026-06-19T08:35:06+09:00,GBIKE,501441,42.0,36.496358,127.256679,12,세종특별시
2026-06-19T08:35:06+09:00,GBIKE,131465,47.0,36.496384,127.237583,12,세종특별시
2026-06-19T08:35:06+09:00,GBIKE,131599,39.0,36.49646,127.237507,12,세종특별시
2026-06-19T08:35:06+09:00,GBIKE,501188,89.0,36.496501,127.266604,12,세종특별시
2026-06-19T08:35:06+09:00,GBIKE,131307,45.0,36.496504,127.266564,12,세종특별시
2026-06-19T08:35:06+09:00,GBIKE,130942,30.0,36.496527,127.26317,12,세종특별시
2026-06-19T08:35:06+09:00,GBIKE,501391,92.0,36.496576,127.237326,12,세종특별시
2026-06-19T08:35:06+09:00,GBIKE,130057,39.0,36.4966,127.237298,12,세종특별시
2026-06-19T08:35:06+09:00,GBIKE,501311,39.0,36.496699,127.304656,12,세종특별시
2026-06-19T08:35:06+09:00,GBIKE,501189,100.0,36.496722,127.256285,12,세종특별시
2026-06-19T08:35:06+09:00,GBIKE,501220,37.0,36.496735,127.256278,12,세종특별시
2026-06-19T08:35:06+09:00,GBIKE,130347,38.0,36.496895,127.247173,12,세종특별시
2026-06-19T08:35:06+09:00,GBIKE,130766,100.0,36.496929,127.304174,12,세종특별시
2026-06-19T08:35:06+09:00,GBIKE,131538,80.0,36.496937,127.30762,12,세종특별시
2026-06-19T08:35:06+09:00,GBIKE,131239,44.0,36.496993,127.266671,12,세종특별시
2026-06-19T08:35:06+09:00,GBIKE,130479,86.0,36.497007,127.249523,12,세종특별시
2026-06-19T08:35:06+09:00,GBIKE,130726,71.0,36.49705,127.247393,12,세종특별시
2026-06-19T08:35:06+09:00,GBIKE,501555,48.0,36.497053,127.257118,12,세종특별시
2026-06-19T08:35:06+09:00,GBIKE,501400,32.0,36.497084,127.253231,12,세종특별시
2026-06-19T08:35:06+09:00,GBIKE,501200,63.0,36.497141,127.25302,12,세종특별시
2026-06-19T08:35:06+09:00,GBIKE,130969,31.0,36.497255,127.308571,12,세종특별시
2026-06-19T08:35:06+09:00,GBIKE,130859,66.0,36.497325,127.244764,12,세종특별시
2026-06-19T08:35:06+09:00,GBIKE,130500,93.0,36.497326,127.255967,12,세종특별시
2026-06-19T08:35:06+09:00,GBIKE,131346,45.0,36.497372,127.308801,12,세종특별시
2026-06-19T08:35:06+09:00,GBIKE,501341,100.0,36.497385,127.260594,12,세종특별시
2026-06-19T08:35:06+09:00,GBIKE,130937,30.0,36.49741,127.240681,12,세종특별시
2026-06-19T08:35:06+09:00,GBIKE,131299,34.0,36.497439,127.24907,12,세종특별시
2026-06-19T08:35:06+09:00,GBIKE,501362,77.0,36.497442,127.309121,12,세종특별시
2026-06-19T08:35:06+09:00,GBIKE,130594,36.0,36.49746,127.309158,12,세종특별시
2026-06-19T08:35:06+09:00,GBIKE,501346,34.0,36.497515,127.313894,12,세종특별시
2026-06-19T08:35:06+09:00,GBIKE,501184,61.0,36.497523,127.251989,12,세종특별시
2026-06-19T08:35:06+09:00,GBIKE,130225,100.0,36.497552,127.313799,12,세종특별시
2026-06-19T08:35:06+09:00,GBIKE,501457,85.0,36.497559,127.256013,12,세종특별시
2026-06-19T08:35:06+09:00,GBIKE,131455,30.0,36.497561,127.312078,12,세종특별시
2026-06-19T08:35:06+09:00,GBIKE,131979,33.0,36.497562,127.311227,12,세종특별시
2026-06-19T08:35:06+09:00,GBIKE,501417,63.0,36.497653,127.259941,12,세종특별시
2026-06-19T08:35:06+09:00,GBIKE,501548,30.0,36.497656,127.310402,12,세종특별시
2026-06-19T08:35:06+09:00,GBIKE,131486,37.0,36.497661,127.258036,12,세종특별시
2026-06-19T08:35:06+09:00,GBIKE,131797,45.0,36.49769,127.259998,12,세종특별시
2026-06-19T08:35:06+09:00,GBIKE,501443,100.0,36.497714,127.310738,12,세종특별시
2026-06-19T08:35:06+09:00,GBIKE,501405,38.0,36.497779,127.322108,12,세종특별시
2026-06-19T08:35:06+09:00,GBIKE,131590,33.0,36.497802,127.243249,12,세종특별시
2026-06-19T08:35:06+09:00,GBIKE,130730,58.0,36.497811,127.322051,12,세종특별시
2026-06-19T08:35:06+09:00,GBIKE,130638,91.0,36.497839,127.259331,12,세종특별시
2026-06-19T08:35:06+09:00,GBIKE,130478,30.0,36.49787,127.311798,12,세종특별시
2026-06-19T08:35:06+09:00,GBIKE,501357,68.0,36.497895,127.313094,12,세종특별시
2026-06-19T08:35:06+09:00,GBIKE,131665,84.0,36.497945,127.309089,12,세종특별시
2026-06-19T08:35:06+09:00,GBIKE,130433,56.0,36.497954,127.249132,12,세종특별시
2026-06-19T08:35:06+09:00,GBIKE,131523,31.0,36.497979,127.240715,12,세종특별시
2026-06-19T08:35:06+09:00,GBIKE,131477,84.0,36.497985,127.255946,12,세종특별시
2026-06-19T08:35:06+09:00,GBIKE,130062,71.0,36.498072,127.256444,12,세종특별시
2026-06-19T08:35:06+09:00,GBIKE,131380,73.0,36.498093,127.235197,12,세종특별시
2026-06-19T08:35:06+09:00,GBIKE,501169,62.0,36.498095,127.281181,12,세종특별시
2026-06-19T08:35:06+09:00,GBIKE,131315,86.0,36.498116,127.310015,12,세종특별시
2026-06-19T08:35:06+09:00,GBIKE,130161,96.0,36.498117,127.241738,12,세종특별시
2026-06-19T08:35:06+09:00,GBIKE,501592,35.0,36.498121,127.247338,12,세종특별시
2026-06-19T08:35:06+09:00,GBIKE,130655,77.0,36.498136,127.258536,12,세종특별시
2026-06-19T08:35:06+09:00,GBIKE,131295,35.0,36.498166,127.245023,12,세종특별시
2026-06-19T08:35:06+09:00,GBIKE,131480,95.0,36.498206,127.26122,12,세종특별시
2026-06-19T08:35:06+09:00,GBIKE,130193,91.0,36.498228,127.248887,12,세종특별시
2026-06-19T08:35:06+09:00,GBIKE,130573,93.0,36.498235,127.261184,12,세종특별시
2026-06-19T08:35:06+09:00,GBIKE,130342,82.0,36.498258,127.233313,12,세종특별시
2026-06-19T08:35:06+09:00,GBIKE,501145,95.0,36.498306,127.257727,12,세종특별시
2026-06-19T08:35:06+09:00,GBIKE,501529,69.0,36.498312,127.242269,12,세종특별시
2026-06-19T08:35:06+09:00,GBIKE,131436,33.0,36.498446,127.249214,12,세종특별시
2026-06-19T08:35:06+09:00,GBIKE,501554,74.0,36.49845,127.313126,12,세종특별시
2026-06-19T08:35:06+09:00,GBIKE,130694,100.0,36.498453,127.311343,12,세종특별시
2026-06-19T08:35:06+09:00,GBIKE,131121,80.0,36.498503,127.26579,12,세종특별시
2026-06-19T08:35:06+09:00,GBIKE,501435,74.0,36.498503,127.24239,12,세종특별시
2026-06-19T08:35:06+09:00,GBIKE,130930,67.0,36.498576,127.258495,12,세종특별시
2026-06-19T08:35:06+09:00,GBIKE,130497,89.0,36.498632,127.244481,12,세종특별시
2026-06-19T08:35:06+09:00,GBIKE,131427,83.0,36.498638,127.257981,12,세종특별시
2026-06-19T08:35:06+09:00,GBIKE,501336,76.0,36.498662,127.258128,12,세종특별시
2026-06-19T08:35:06+09:00,GBIKE,130168,70.0,36.498707,127.256395,12,세종특별시
2026-06-19T08:35:06+09:00,GBIKE,130773,100.0,36.49871,127.254531,12,세종특별시
2026-06-19T08:35:06+09:00,GBIKE,131677,36.0,36.498748,127.233294,12,세종특별시
2026-06-19T08:35:06+09:00,GBIKE,501171,100.0,36.498756,127.329536,12,세종특별시
2026-06-19T08:35:06+09:00,GBIKE,501321,44.0,36.49878,127.25699,12,세종특별시
2026-06-19T08:35:06+09:00,GBIKE,131412,99.0,36.498798,127.232731,12,세종특별시
2026-06-19T08:35:06+09:00,GBIKE,336891,44.0,36.498906,127.249625,12,세종특별시
2026-06-19T08:35:06+09:00,GBIKE,130164,47.0,36.498966,127.254541,12,세종특별시
2026-06-19T08:35:06+09:00,GBIKE,131092,47.0,36.499012,127.256606,12,세종특별시
2026-06-19T08:35:06+09:00,GBIKE,501141,82.0,36.499032,127.249526,12,세종특별시
2026-06-19T08:35:06+09:00,GBIKE,130043,66.0,36.499092,127.331882,12,세종특별시
2026-06-19T08:35:06+09:00,GBIKE,616900,56.0,36.499152,127.307621,12,세종특별시
2026-06-19T08:35:06+09:00,GBIKE,501576,100.0,36.499153,127.314437,12,세종특별시
2026-06-19T08:35:06+09:00,GBIKE,131841,51.0,36.49916,127.236334,12,세종특별시
2026-06-19T08:35:06+09:00,GBIKE,130870,65.0,36.499163,127.251544,12,세종특별시
2026-06-19T08:35:06+09:00,GBIKE,130827,85.0,36.499174,127.251505,12,세종특별시
2026-06-19T08:35:06+09:00,GBIKE,130891,57.0,36.499201,127.255008,12,세종특별시
2026-06-19T08:35:06+09:00,GBIKE,130795,48.0,36.499266,127.259813,12,세종특별시
2026-06-19T08:35:06+09:00,GBIKE,131367,63.0,36.49928,127.237033,12,세종특별시
2026-06-19T08:35:06+09:00,GBIKE,131348,62.0,36.499302,127.242778,12,세종특별시
2026-06-19T08:35:06+09:00,GBIKE,131871,91.0,36.499337,127.233747,12,세종특별시
2026-06-19T08:35:06+09:00,GBIKE,501180,100.0,36.499365,127.31697,12,세종특별시
2026-06-19T08:35:06+09:00,GBIKE,501104,100.0,36.499422,127.232232,12,세종특별시
2026-06-19T08:35:06+09:00,GBIKE,501520,44.0,36.499479,127.264731,12,세종특별시
2026-06-19T08:35:06+09:00,GBIKE,131257,63.0,36.49948,127.247095,12,세종특별시
2026-06-19T08:35:06+09:00,GBIKE,131890,73.0,36.499487,127.259114,12,세종특별시
2026-06-19T08:35:06+09:00,GBIKE,130607,61.0,36.499491,127.259096,12,세종특별시
2026-06-19T08:35:06+09:00,GBIKE,131866,62.0,36.499503,127.247157,12,세종특별시
2026-06-19T08:35:06+09:00,GBIKE,131864,43.0,36.499523,127.246379,12,세종특별시
2026-06-19T08:35:06+09:00,GBIKE,131687,38.0,36.499526,127.23456,12,세종특별시
2026-06-19T08:35:06+09:00,GBIKE,131417,94.0,36.499535,127.246239,12,세종특별시
2026-06-19T08:35:06+09:00,GBIKE,131868,57.0,36.499541,127.259086,12,세종특별시
2026-06-19T08:35:06+09:00,GBIKE,131932,56.0,36.499545,127.246338,12,세종특별시
2026-06-19T08:35:06+09:00,GBIKE,374246,30.0,36.499555,127.240646,12,세종특별시
2026-06-19T08:35:06+09:00,GBIKE,131261,96.0,36.499563,127.317003,12,세종특별시
2026-06-19T08:35:06+09:00,GBIKE,130979,100.0,36.499578,127.246382,12,세종특별시
2026-06-19T08:35:06+09:00,GBIKE,501503,71.0,36.499591,127.269412,12,세종특별시
2026-06-19T08:35:06+09:00,GBIKE,130270,100.0,36.499615,127.246341,12,세종특별시
2026-06-19T08:35:06+09:00,GBIKE,130355,96.0,36.499617,127.235749,12,세종특별시
2026-06-19T08:35:06+09:00,GBIKE,501260,31.0,36.49968,127.26988,12,세종특별시
2026-06-19T08:35:06+09:00,GBIKE,501465,66.0,36.499695,127.269868,12,세종특별시
2026-06-19T08:35:06+09:00,GBIKE,130915,84.0,36.499742,127.243121,12,세종특별시
2026-06-19T08:35:06+09:00,GBIKE,131756,77.0,36.499772,127.243012,12,세종특별시
2026-06-19T08:35:06+09:00,GBIKE,130236,88.0,36.499789,127.259335,12,세종특별시
2026-06-19T08:35:06+09:00,GBIKE,501401,48.0,36.499867,127.256002,12,세종특별시
2026-06-19T08:35:06+09:00,GBIKE,131400,84.0,36.499888,127.232374,12,세종특별시
2026-06-19T08:35:06+09:00,GBIKE,130537,83.0,36.49992,127.258903,12,세종특별시
2026-06-19T08:35:06+09:00,GBIKE,130488,62.0,36.499952,127.258928,12,세종특별시
2026-06-19T08:35:06+09:00,GBIKE,501428,55.0,36.499994,127.260326,12,세종특별시
2026-06-19T08:35:06+09:00,GBIKE,131638,74.0,36.500022,127.235549,12,세종특별시
2026-06-19T08:35:06+09:00,GBIKE,130436,57.0,36.500026,127.315697,12,세종특별시
2026-06-19T08:35:06+09:00,GBIKE,131974,66.0,36.500026,127.235585,12,세종특별시
2026-06-19T08:35:06+09:00,GBIKE,131024,95.0,36.500039,127.234741,12,세종특별시
2026-06-19T08:35:06+09:00,GBIKE,337807,51.0,36.500041,127.235431,12,세종특별시
2026-06-19T08:35:06+09:00,GBIKE,131129,52.0,36.500045,127.235587,12,세종특별시
2026-06-19T08:35:06+09:00,GBIKE,131782,83.0,36.500047,127.256981,12,세종특별시
2026-06-19T08:35:06+09:00,GBIKE,130012,58.0,36.500048,127.235866,12,세종특별시
2026-06-19T08:35:06+09:00,GBIKE,130964,63.0,36.500048,127.260269,12,세종특별시
2026-06-19T08:35:06+09:00,GBIKE,130816,94.0,36.500049,127.235558,12,세종특별시
2026-06-19T08:35:06+09:00,GBIKE,501358,86.0,36.50005,127.235721,12,세종특별시
2026-06-19T08:35:06+09:00,GBIKE,130903,91.0,36.500051,127.256384,12,세종특별시
2026-06-19T08:35:06+09:00,GBIKE,131146,80.0,36.500052,127.235603,12,세종특별시
2026-06-19T08:35:06+09:00,GBIKE,130874,34.0,36.500057,127.242529,12,세종특별시
2026-06-19T08:35:06+09:00,GBIKE,131434,44.0,36.500057,127.235654,12,세종특별시
2026-06-19T08:35:06+09:00,GBIKE,130552,53.0,36.500058,127.235592,12,세종특별시
2026-06-19T08:35:06+09:00,GBIKE,130145,94.0,36.50006,127.23561,12,세종특별시
2026-06-19T08:35:06+09:00,GBIKE,501475,40.0,36.500069,127.235543,12,세종특별시
2026-06-19T08:35:06+09:00,GBIKE,131112,42.0,36.50007,127.235529,12,세종특별시
2026-06-19T08:35:06+09:00,GBIKE,130159,70.0,36.500071,127.235653,12,세종특별시
2026-06-19T08:35:06+09:00,GBIKE,130812,48.0,36.500073,127.235606,12,세종특별시
2026-06-19T08:35:06+09:00,GBIKE,131603,86.0,36.500073,127.235654,12,세종특별시
2026-06-19T08:35:06+09:00,GBIKE,130528,76.0,36.500075,127.235546,12,세종특별시
2026-06-19T08:35:06+09:00,GBIKE,131905,31.0,36.500079,127.235515,12,세종특별시
2026-06-19T08:35:06+09:00,GBIKE,130393,58.0,36.500086,127.25705,12,세종특별시
2026-06-19T08:35:06+09:00,GBIKE,131219,94.0,36.500093,127.236007,12,세종특별시
2026-06-19T08:35:06+09:00,GBIKE,131828,92.0,36.500094,127.235663,12,세종특별시
2026-06-19T08:35:06+09:00,GBIKE,501368,30.0,36.500106,127.282294,12,세종특별시
2026-06-19T08:35:06+09:00,GBIKE,130712,100.0,36.500136,127.236051,12,세종특별시
2026-06-19T08:35:06+09:00,GBIKE,130959,65.0,36.500162,127.267728,12,세종특별시
2026-06-19T08:35:06+09:00,GBIKE,131772,93.0,36.500168,127.267741,12,세종특별시
2026-06-19T08:35:06+09:00,GBIKE,131519,65.0,36.500173,127.267693,12,세종특별시
2026-06-19T08:35:06+09:00,GBIKE,130796,90.0,36.500177,127.267717,12,세종특별시
2026-06-19T08:35:06+09:00,GBIKE,130133,45.0,36.500225,127.235987,12,세종특별시
2026-06-19T08:35:06+09:00,GBIKE,130223,48.0,36.500253,127.263834,12,세종특별시
2026-06-19T08:35:06+09:00,GBIKE,131691,37.0,36.500258,127.235987,12,세종특별시
2026-06-19T08:35:06+09:00,GBIKE,501149,59.0,36.50026,127.314084,12,세종특별시
2026-06-19T08:35:06+09:00,GBIKE,130192,39.0,36.500263,127.236018,12,세종특별시
2026-06-19T08:35:06+09:00,GBIKE,131711,61.0,36.500272,127.245086,12,세종특별시
2026-06-19T08:35:06+09:00,GBIKE,131334,95.0,36.500276,127.236053,12,세종특별시
2026-06-19T08:35:06+09:00,GBIKE,501224,95.0,36.500312,127.236065,12,세종특별시
2026-06-19T08:35:06+09:00,GBIKE,131972,83.0,36.500322,127.259146,12,세종특별시
2026-06-19T08:35:06+09:00,GBIKE,130492,65.0,36.500374,127.259123,12,세종특별시
2026-06-19T08:35:06+09:00,GBIKE,131993,69.0,36.500395,127.332414,12,세종특별시
2026-06-19T08:35:06+09:00,GBIKE,501578,63.0,36.500431,127.261639,12,세종특별시
2026-06-19T08:35:06+09:00,GBIKE,501421,61.0,36.500453,127.309784,12,세종특별시
2026-06-19T08:35:06+09:00,GBIKE,501434,69.0,36.500593,127.258299,12,세종특별시
2026-06-19T08:35:06+09:00,GBIKE,131111,84.0,36.500639,127.261264,12,세종특별시
2026-06-19T08:35:06+09:00,GBIKE,130195,48.0,36.500652,127.257848,12,세종특별시
2026-06-19T08:35:06+09:00,GBIKE,131158,95.0,36.500665,127.2578,12,세종특별시
2026-06-19T08:35:06+09:00,GBIKE,130574,36.0,36.500674,127.240864,12,세종특별시
2026-06-19T08:35:06+09:00,GBIKE,131187,98.0,36.500677,127.240829,12,세종특별시
2026-06-19T08:35:06+09:00,GBIKE,131174,89.0,36.500683,127.245147,12,세종특별시
2026-06-19T08:35:06+09:00,GBIKE,131133,96.0,36.500685,127.268566,12,세종특별시
2026-06-19T08:35:06+09:00,GBIKE,130132,94.0,36.500691,127.260721,12,세종특별시
2026-06-19T08:35:06+09:00,GBIKE,130737,100.0,36.500698,127.249993,12,세종특별시
2026-06-19T08:35:06+09:00,GBIKE,130935,56.0,36.5007,127.240781,12,세종특별시
2026-06-19T08:35:06+09:00,GBIKE,130625,53.0,36.500758,127.26838,12,세종특별시
2026-06-19T08:35:06+09:00,GBIKE,501501,100.0,36.500786,127.259817,12,세종특별시
2026-06-19T08:35:06+09:00,GBIKE,130759,96.0,36.500795,127.257973,12,세종특별시
2026-06-19T08:35:06+09:00,GBIKE,130042,30.0,36.50084,127.332117,12,세종특별시
2026-06-19T08:35:06+09:00,GBIKE,131891,90.0,36.500884,127.245217,12,세종특별시
2026-06-19T08:35:06+09:00,GBIKE,131056,60.0,36.500924,127.257885,12,세종특별시
2026-06-19T08:35:06+09:00,GBIKE,130530,100.0,36.500938,127.25788,12,세종특별시
2026-06-19T08:35:06+09:00,GBIKE,130529,36.0,36.500945,127.257276,12,세종특별시
2026-06-19T08:35:06+09:00,GBIKE,501212,100.0,36.50101,127.308407,12,세종특별시
2026-06-19T08:35:06+09:00,GBIKE,130752,30.0,36.501015,127.315434,12,세종특별시
2026-06-19T08:35:06+09:00,GBIKE,131808,35.0,36.501022,127.268799,12,세종특별시
2026-06-19T08:35:06+09:00,GBIKE,131532,100.0,36.501036,127.257042,12,세종특별시
2026-06-19T08:35:06+09:00,GBIKE,131510,98.0,36.501059,127.268747,12,세종특별시
2026-06-19T08:35:06+09:00,GBIKE,131192,49.0,36.501082,127.259472,12,세종특별시
2026-06-19T08:35:06+09:00,GBIKE,130539,73.0,36.501117,127.259445,12,세종특별시
2026-06-19T08:35:06+09:00,GBIKE,501291,51.0,36.501139,127.258302,12,세종특별시
2026-06-19T08:35:06+09:00,GBIKE,130397,59.0,36.501152,127.2595,12,세종특별시
2026-06-19T08:35:06+09:00,GBIKE,131775,60.0,36.501153,127.246874,12,세종특별시
2026-06-19T08:35:06+09:00,GBIKE,501198,53.0,36.501161,127.280289,12,세종특별시
2026-06-19T08:35:06+09:00,GBIKE,130557,31.0,36.501229,127.259448,12,세종특별시
2026-06-19T08:35:06+09:00,GBIKE,130228,83.0,36.501247,127.313801,12,세종특별시
2026-06-19T08:35:06+09:00,GBIKE,130437,34.0,36.501271,127.313804,12,세종특별시
2026-06-19T08:35:06+09:00,GBIKE,130899,100.0,36.501274,127.256963,12,세종특별시
2026-06-19T08:35:06+09:00,GBIKE,131447,95.0,36.501378,127.243946,12,세종특별시
2026-06-19T08:35:06+09:00,GBIKE,130100,56.0,36.501383,127.259706,12,세종특별시
2026-06-19T08:35:06+09:00,GBIKE,130498,86.0,36.501391,127.268884,12,세종특별시
2026-06-19T08:35:06+09:00,GBIKE,130945,94.0,36.501391,127.264214,12,세종특별시
2026-06-19T08:35:06+09:00,GBIKE,131526,74.0,36.50141,127.268916,12,세종특별시
2026-06-19T08:35:06+09:00,GBIKE,131764,93.0,36.501425,127.245235,12,세종특별시
2026-06-19T08:35:06+09:00,GBIKE,131009,36.0,36.501448,127.246,12,세종특별시
2026-06-19T08:35:06+09:00,GBIKE,130934,37.0,36.501481,127.313959,12,세종특별시
2026-06-19T08:35:06+09:00,GBIKE,131819,48.0,36.501484,127.24401,12,세종특별시
2026-06-19T08:35:06+09:00,GBIKE,131630,95.0,36.501488,127.243963,12,세종특별시
2026-06-19T08:35:06+09:00,GBIKE,131939,60.0,36.501505,127.263868,12,세종특별시
2026-06-19T08:35:06+09:00,GBIKE,130315,86.0,36.501508,127.329167,12,세종특별시
2026-06-19T08:35:06+09:00,GBIKE,131176,35.0,36.50151,127.263029,12,세종특별시
2026-06-19T08:35:06+09:00,GBIKE,131506,47.0,36.501512,127.260196,12,세종특별시
2026-06-19T08:35:06+09:00,GBIKE,130269,38.0,36.501531,127.329112,12,세종특별시
2026-06-19T08:35:06+09:00,GBIKE,130150,80.0,36.501536,127.263093,12,세종특별시
2026-06-19T08:35:06+09:00,GBIKE,130302,91.0,36.501544,127.329037,12,세종특별시
2026-06-19T08:35:06+09:00,GBIKE,131214,100.0,36.501559,127.329078,12,세종특별시
2026-06-19T08:35:06+09:00,GBIKE,130713,61.0,36.501561,127.259716,12,세종특별시
2026-06-19T08:35:06+09:00,GBIKE,130401,55.0,36.501568,127.259709,12,세종특별시
2026-06-19T08:35:06+09:00,GBIKE,501124,68.0,36.501578,127.25974,12,세종특별시
2026-06-19T08:35:06+09:00,GBIKE,130983,96.0,36.50158,127.25973,12,세종특별시
2026-06-19T08:35:06+09:00,GBIKE,130590,69.0,36.501581,127.256757,12,세종특별시
2026-06-19T08:35:06+09:00,GBIKE,130427,89.0,36.501588,127.259736,12,세종특별시
2026-06-19T08:35:06+09:00,GBIKE,131144,97.0,36.501589,127.246104,12,세종특별시
2026-06-19T08:35:06+09:00,GBIKE,131512,40.0,36.501616,127.259743,12,세종특별시
2026-06-19T08:35:06+09:00,GBIKE,501467,75.0,36.501625,127.264077,12,세종특별시
2026-06-19T08:35:06+09:00,GBIKE,131640,94.0,36.501625,127.259697,12,세종특별시
2026-06-19T08:35:06+09:00,GBIKE,501480,94.0,36.501658,127.258523,12,세종특별시
2026-06-19T08:35:06+09:00,GBIKE,131663,94.0,36.501659,127.259739,12,세종특별시
2026-06-19T08:35:06+09:00,GBIKE,131148,73.0,36.50166,127.259775,12,세종특별시
2026-06-19T08:35:06+09:00,GBIKE,131202,74.0,36.501662,127.259758,12,세종특별시
2026-06-19T08:35:06+09:00,GBIKE,131368,52.0,36.501676,127.259741,12,세종특별시
2026-06-19T08:35:06+09:00,GBIKE,131169,54.0,36.501696,127.236096,12,세종특별시
2026-06-19T08:35:06+09:00,GBIKE,130751,93.0,36.5017,127.259667,12,세종특별시
2026-06-19T08:35:06+09:00,GBIKE,501306,61.0,36.50171,127.236101,12,세종특별시
2026-06-19T08:35:06+09:00,GBIKE,131807,45.0,36.501719,127.236067,12,세종특별시
2026-06-19T08:35:06+09:00,GBIKE,131743,65.0,36.501725,127.245173,12,세종특별시
2026-06-19T08:35:06+09:00,GBIKE,130499,73.0,36.501736,127.243303,12,세종특별시
2026-06-19T08:35:06+09:00,GBIKE,501290,100.0,36.501743,127.265852,12,세종특별시
2026-06-19T08:35:06+09:00,GBIKE,131794,31.0,36.501755,127.326225,12,세종특별시
2026-06-19T08:35:06+09:00,GBIKE,131011,73.0,36.501789,127.243774,12,세종특별시
2026-06-19T08:35:06+09:00,GBIKE,130137,66.0,36.50179,127.326165,12,세종특별시
2026-06-19T08:35:06+09:00,GBIKE,501267,36.0,36.501817,127.242628,12,세종특별시
2026-06-19T08:35:06+09:00,GBIKE,130285,77.0,36.501857,127.247045,12,세종특별시
2026-06-19T08:35:06+09:00,GBIKE,130261,100.0,36.501867,127.259783,12,세종특별시
2026-06-19T08:35:06+09:00,GBIKE,130614,55.0,36.501873,127.258538,12,세종특별시
2026-06-19T08:35:06+09:00,GBIKE,131439,99.0,36.501901,127.26595,12,세종특별시
2026-06-19T08:35:06+09:00,GBIKE,131755,90.0,36.501911,127.2448,12,세종특별시
2026-06-19T08:35:06+09:00,GBIKE,130725,67.0,36.501961,127.234312,12,세종특별시
2026-06-19T08:35:06+09:00,GBIKE,131108,76.0,36.501966,127.243716,12,세종특별시
2026-06-19T08:35:06+09:00,GBIKE,131533,61.0,36.501968,127.24814,12,세종특별시
2026-06-19T08:35:06+09:00,GBIKE,131555,67.0,36.501975,127.248372,12,세종특별시
2026-06-19T08:35:06+09:00,GBIKE,501436,39.0,36.501986,127.262262,12,세종특별시
2026-06-19T08:35:06+09:00,GBIKE,501163,95.0,36.501994,127.262296,12,세종특별시
2026-06-19T08:35:06+09:00,GBIKE,501522,97.0,36.502011,127.262308,12,세종특별시
2026-06-19T08:35:06+09:00,GBIKE,501297,45.0,36.502028,127.247255,12,세종특별시
2026-06-19T08:35:06+09:00,GBIKE,131887,86.0,36.502049,127.243113,12,세종특별시
2026-06-19T08:35:06+09:00,GBIKE,131669,54.0,36.502129,127.33322,12,세종특별시
2026-06-19T08:35:06+09:00,GBIKE,501351,30.0,36.502144,127.247124,12,세종특별시
2026-06-19T08:35:06+09:00,GBIKE,130973,75.0,36.502186,127.260556,12,세종특별시
2026-06-19T08:35:06+09:00,GBIKE,131342,50.0,36.502195,127.260561,12,세종특별시
2026-06-19T08:35:06+09:00,GBIKE,130941,47.0,36.502207,127.260556,12,세종특별시
2026-06-19T08:35:06+09:00,GBIKE,629253,45.0,36.502214,127.248912,12,세종특별시
2026-06-19T08:35:06+09:00,GBIKE,131654,83.0,36.502214,127.248188,12,세종특별시
2026-06-19T08:35:06+09:00,GBIKE,501342,80.0,36.502253,127.248625,12,세종특별시
2026-06-19T08:35:06+09:00,GBIKE,130038,32.0,36.502276,127.247397,12,세종특별시
2026-06-19T08:35:06+09:00,GBIKE,130482,51.0,36.502283,127.248969,12,세종특별시
2026-06-19T08:35:06+09:00,GBIKE,131304,57.0,36.502289,127.248916,12,세종특별시
2026-06-19T08:35:06+09:00,GBIKE,131561,100.0,36.50229,127.247753,12,세종특별시
2026-06-19T08:35:06+09:00,GBIKE,131953,72.0,36.502294,127.260613,12,세종특별시
2026-06-19T08:35:06+09:00,GBIKE,130707,81.0,36.502302,127.260598,12,세종특별시
2026-06-19T08:35:06+09:00,GBIKE,130396,63.0,36.502322,127.249055,12,세종특별시
2026-06-19T08:35:06+09:00,GBIKE,131302,96.0,36.502353,127.257691,12,세종특별시
2026-06-19T08:35:06+09:00,GBIKE,130019,85.0,36.502433,127.259964,12,세종특별시
2026-06-19T08:35:06+09:00,GBIKE,131240,49.0,36.502436,127.242894,12,세종특별시
2026-06-19T08:35:06+09:00,GBIKE,130470,82.0,36.502498,127.257489,12,세종특별시
2026-06-19T08:35:06+09:00,GBIKE,130714,95.0,36.502513,127.266202,12,세종특별시
2026-06-19T08:35:06+09:00,GBIKE,130155,33.0,36.502545,127.238365,12,세종특별시
2026-06-19T08:35:06+09:00,GBIKE,501127,88.0,36.502664,127.238115,12,세종특별시
2026-06-19T08:35:06+09:00,GBIKE,130831,64.0,36.502719,127.263652,12,세종특별시
2026-06-19T08:35:06+09:00,GBIKE,131389,96.0,36.502732,127.263622,12,세종특별시
2026-06-19T08:35:06+09:00,GBIKE,131505,84.0,36.502745,127.263641,12,세종특별시
2026-06-19T08:35:06+09:00,GBIKE,501278,38.0,36.50278,127.263567,12,세종특별시
2026-06-19T08:35:06+09:00,GBIKE,131458,43.0,36.50278,127.232792,12,세종특별시
2026-06-19T08:35:06+09:00,GBIKE,131079,49.0,36.502799,127.260182,12,세종특별시
2026-06-19T08:35:06+09:00,GBIKE,130954,92.0,36.502804,127.266579,12,세종특별시
2026-06-19T08:35:06+09:00,GBIKE,131567,87.0,36.502813,127.263132,12,세종특별시
2026-06-19T08:35:06+09:00,GBIKE,130510,93.0,36.502897,127.266658,12,세종특별시
2026-06-19T08:35:06+09:00,GBIKE,130129,100.0,36.502965,127.334546,12,세종특별시
2026-06-19T08:35:06+09:00,GBIKE,130184,75.0,36.502971,127.257072,12,세종특별시
2026-06-19T08:35:06+09:00,GBIKE,130814,64.0,36.503011,127.240715,12,세종특별시
2026-06-19T08:35:06+09:00,GBIKE,131875,62.0,36.50302,127.334506,12,세종특별시
2026-06-19T08:35:06+09:00,GBIKE,131267,100.0,36.503023,127.334477,12,세종특별시
2026-06-19T08:35:06+09:00,GBIKE,130368,100.0,36.503035,127.334521,12,세종특별시
2026-06-19T08:35:06+09:00,GBIKE,131554,100.0,36.503041,127.334544,12,세종특별시
2026-06-19T08:35:06+09:00,GBIKE,130824,92.0,36.503064,127.260956,12,세종특별시
2026-06-19T08:35:06+09:00,GBIKE,131065,48.0,36.503146,127.266336,12,세종특별시
2026-06-19T08:35:06+09:00,GBIKE,131636,100.0,36.503146,127.250429,12,세종특별시
2026-06-19T08:35:06+09:00,GBIKE,131418,34.0,36.503193,127.246316,12,세종특별시
2026-06-19T08:35:06+09:00,GBIKE,131360,71.0,36.503218,127.237291,12,세종특별시
2026-06-19T08:35:06+09:00,GBIKE,130175,69.0,36.503222,127.334694,12,세종특별시
2026-06-19T08:35:06+09:00,GBIKE,501456,61.0,36.503232,127.335054,12,세종특별시
2026-06-19T08:35:06+09:00,GBIKE,130489,100.0,36.503242,127.335069,12,세종특별시
2026-06-19T08:35:06+09:00,GBIKE,130361,41.0,36.503247,127.237168,12,세종특별시
2026-06-19T08:35:06+09:00,GBIKE,130119,94.0,36.503261,127.334644,12,세종특별시
2026-06-19T08:35:06+09:00,GBIKE,131179,83.0,36.503275,127.237206,12,세종특별시
2026-06-19T08:35:06+09:00,GBIKE,130994,48.0,36.503278,127.334682,12,세종특별시
2026-06-19T08:35:06+09:00,GBIKE,130127,66.0,36.503291,127.237177,12,세종특별시
2026-06-19T08:35:06+09:00,GBIKE,130306,87.0,36.503327,127.240977,12,세종특별시
2026-06-19T08:35:06+09:00,GBIKE,130760,50.0,36.503337,127.232572,12,세종특별시
2026-06-19T08:35:06+09:00,GBIKE,131154,98.0,36.503414,127.265669,12,세종특별시
2026-06-19T08:35:06+09:00,GBIKE,131832,100.0,36.503444,127.334402,12,세종특별시
2026-06-19T08:35:06+09:00,GBIKE,130284,77.0,36.503446,127.242777,12,세종특별시
2026-06-19T08:35:06+09:00,GBIKE,131353,100.0,36.503496,127.334435,12,세종특별시
2026-06-19T08:35:06+09:00,GBIKE,501192,69.0,36.503504,127.240958,12,세종특별시
2026-06-19T08:35:06+09:00,GBIKE,131935,70.0,36.503509,127.247182,12,세종특별시
2026-06-19T08:35:06+09:00,GBIKE,130993,92.0,36.503535,127.33447,12,세종특별시
2026-06-19T08:35:06+09:00,GBIKE,130758,66.0,36.503549,127.261019,12,세종특별시
2026-06-19T08:35:06+09:00,GBIKE,131119,94.0,36.503551,127.334346,12,세종특별시
2026-06-19T08:35:06+09:00,GBIKE,130685,94.0,36.503585,127.269645,12,세종특별시
2026-06-19T08:35:06+09:00,GBIKE,131530,84.0,36.503585,127.237405,12,세종특별시
2026-06-19T08:35:06+09:00,GBIKE,501549,100.0,36.503627,127.264384,12,세종특별시
2026-06-19T08:35:06+09:00,GBIKE,130356,53.0,36.503628,127.237335,12,세종특별시
2026-06-19T08:35:06+09:00,GBIKE,131140,42.0,36.503631,127.237444,12,세종특별시
2026-06-19T08:35:06+09:00,GBIKE,131490,95.0,36.503652,127.266967,12,세종특별시
2026-06-19T08:35:06+09:00,GBIKE,130721,39.0,36.503674,127.236253,12,세종특별시
2026-06-19T08:35:06+09:00,GBIKE,130071,95.0,36.503697,127.237567,12,세종특별시
2026-06-19T08:35:06+09:00,GBIKE,130240,45.0,36.503714,127.237601,12,세종특별시
2026-06-19T08:35:06+09:00,GBIKE,131884,91.0,36.503749,127.253744,12,세종특별시
2026-06-19T08:35:06+09:00,GBIKE,130883,66.0,36.503774,127.261246,12,세종특별시
2026-06-19T08:35:06+09:00,GBIKE,131703,80.0,36.503797,127.261271,12,세종특별시
2026-06-19T08:35:06+09:00,GBIKE,131062,64.0,36.503804,127.253614,12,세종특별시
2026-06-19T08:35:06+09:00,GBIKE,130829,91.0,36.503809,127.261253,12,세종특별시
2026-06-19T08:35:06+09:00,GBIKE,501201,94.0,36.503821,127.261235,12,세종특별시
2026-06-19T08:35:06+09:00,GBIKE,130633,46.0,36.503826,127.261233,12,세종특별시
2026-06-19T08:35:06+09:00,GBIKE,131998,95.0,36.503894,127.244976,12,세종특별시
2026-06-19T08:35:06+09:00,GBIKE,130275,65.0,36.503912,127.261341,12,세종특별시
2026-06-19T08:35:06+09:00,GBIKE,131336,36.0,36.503917,127.261386,12,세종특별시
2026-06-19T08:35:06+09:00,GBIKE,501423,54.0,36.503921,127.261087,12,세종특별시
2026-06-19T08:35:06+09:00,GBIKE,130147,85.0,36.503923,127.261207,12,세종특별시
2026-06-19T08:35:06+09:00,GBIKE,131720,68.0,36.503936,127.272137,12,세종특별시
2026-06-19T08:35:06+09:00,GBIKE,130997,62.0,36.503939,127.245205,12,세종특별시
2026-06-19T08:35:06+09:00,GBIKE,130034,46.0,36.503944,127.266791,12,세종특별시
2026-06-19T08:35:06+09:00,GBIKE,131410,85.0,36.503949,127.245034,12,세종특별시
2026-06-19T08:35:06+09:00,GBIKE,131613,86.0,36.503976,127.266848,12,세종특별시
2026-06-19T08:35:06+09:00,GBIKE,131716,81.0,36.503988,127.245165,12,세종특별시
2026-06-19T08:35:06+09:00,GBIKE,130152,41.0,36.503994,127.245161,12,세종특별시
2026-06-19T08:35:06+09:00,GBIKE,131032,93.0,36.504025,127.270114,12,세종특별시
2026-06-19T08:35:06+09:00,GBIKE,131310,69.0,36.504025,127.271552,12,세종특별시
2026-06-19T08:35:06+09:00,GBIKE,131760,74.0,36.504063,127.26418,12,세종특별시
2026-06-19T08:35:06+09:00,GBIKE,501569,50.0,36.504071,127.240818,12,세종특별시
2026-06-19T08:35:06+09:00,GBIKE,131777,54.0,36.504103,127.252776,12,세종특별시
2026-06-19T08:35:06+09:00,GBIKE,130928,96.0,36.504105,127.244637,12,세종특별시
2026-06-19T08:35:06+09:00,GBIKE,130109,34.0,36.504119,127.269991,12,세종특별시
2026-06-19T08:35:06+09:00,GBIKE,342605,33.0,36.504121,127.235255,12,세종특별시
2026-06-19T08:35:06+09:00,GBIKE,131925,58.0,36.504148,127.244559,12,세종특별시
2026-06-19T08:35:06+09:00,GBIKE,501567,90.0,36.504173,127.245282,12,세종특별시
2026-06-19T08:35:06+09:00,GBIKE,131952,85.0,36.504186,127.270935,12,세종특별시
2026-06-19T08:35:06+09:00,GBIKE,131234,88.0,36.504189,127.235526,12,세종특별시
2026-06-19T08:35:06+09:00,GBIKE,131441,72.0,36.504212,127.270904,12,세종특별시
2026-06-19T08:35:06+09:00,GBIKE,130359,35.0,36.504222,127.244925,12,세종특별시
2026-06-19T08:35:06+09:00,GBIKE,131203,53.0,36.504252,127.23792,12,세종특별시
2026-06-19T08:35:06+09:00,GBIKE,131844,92.0,36.504258,127.262233,12,세종특별시
2026-06-19T08:35:06+09:00,GBIKE,501519,45.0,36.504269,127.261514,12,세종특별시
2026-06-19T08:35:06+09:00,GBIKE,130852,45.0,36.504278,127.260926,12,세종특별시
2026-06-19T08:35:06+09:00,GBIKE,131039,100.0,36.504285,127.261528,12,세종특별시
2026-06-19T08:35:06+09:00,GBIKE,130463,66.0,36.504293,127.237983,12,세종특별시
2026-06-19T08:35:06+09:00,GBIKE,130616,60.0,36.504293,127.260959,12,세종특별시
2026-06-19T08:35:06+09:00,GBIKE,130898,66.0,36.504294,127.234777,12,세종특별시
2026-06-19T08:35:06+09:00,GBIKE,130563,98.0,36.50431,127.252068,12,세종특별시
2026-06-19T08:35:06+09:00,GBIKE,131869,47.0,36.504319,127.234858,12,세종특별시
2026-06-19T08:35:06+09:00,GBIKE,130562,95.0,36.504324,127.235356,12,세종특별시
2026-06-19T08:35:06+09:00,GBIKE,130099,94.0,36.504325,127.262721,12,세종특별시
2026-06-19T08:35:06+09:00,GBIKE,130912,47.0,36.504337,127.235468,12,세종특별시
2026-06-19T08:35:06+09:00,GBIKE,130445,58.0,36.504344,127.234845,12,세종특별시
2026-06-19T08:35:06+09:00,GBIKE,131377,96.0,36.504365,127.270406,12,세종특별시
2026-06-19T08:35:06+09:00,GBIKE,131452,44.0,36.504368,127.270371,12,세종특별시
2026-06-19T08:35:06+09:00,GBIKE,501369,100.0,36.504468,127.269965,12,세종특별시
2026-06-19T08:35:06+09:00,GBIKE,131539,94.0,36.50447,127.24155,12,세종특별시
2026-06-19T08:35:06+09:00,GBIKE,130377,100.0,36.504481,127.252285,12,세종특별시
2026-06-19T08:35:06+09:00,GBIKE,131473,93.0,36.504605,127.267156,12,세종특별시
2026-06-19T08:35:06+09:00,GBIKE,131259,39.0,36.504612,127.244955,12,세종특별시
2026-06-19T08:35:06+09:00,GBIKE,130384,79.0,36.504674,127.271248,12,세종특별시
2026-06-19T08:35:06+09:00,GBIKE,130118,100.0,36.504688,127.238159,12,세종특별시
2026-06-19T08:35:06+09:00,GBIKE,131709,66.0,36.504708,127.234683,12,세종특별시
2026-06-19T08:35:06+09:00,GBIKE,130611,93.0,36.504735,127.234658,12,세종특별시
2026-06-19T08:35:06+09:00,GBIKE,131006,70.0,36.504763,127.234096,12,세종특별시
2026-06-19T08:35:06+09:00,GBIKE,131236,30.0,36.504771,127.274543,12,세종특별시
2026-06-19T08:35:06+09:00,GBIKE,131718,38.0,36.504786,127.23412,12,세종특별시
2026-06-19T08:35:06+09:00,GBIKE,130581,46.0,36.504794,127.274495,12,세종특별시
2026-06-19T08:35:06+09:00,GBIKE,131012,69.0,36.504824,127.234672,12,세종특별시
2026-06-19T08:35:06+09:00,GBIKE,131816,32.0,36.504827,127.234075,12,세종특별시
2026-06-19T08:35:06+09:00,GBIKE,130788,30.0,36.504839,127.261815,12,세종특별시
2026-06-19T08:35:06+09:00,GBIKE,131338,80.0,36.504844,127.23409,12,세종특별시
2026-06-19T08:35:06+09:00,GBIKE,130301,47.0,36.504848,127.270951,12,세종특별시
2026-06-19T08:35:06+09:00,GBIKE,130739,95.0,36.504849,127.236218,12,세종특별시
2026-06-19T08:35:06+09:00,GBIKE,131835,77.0,36.504892,127.269542,12,세종특별시
2026-06-19T08:35:06+09:00,GBIKE,131048,55.0,36.504931,127.24816,12,세종특별시
2026-06-19T08:35:06+09:00,GBIKE,501523,64.0,36.504946,127.247434,12,세종특별시
2026-06-19T08:35:06+09:00,GBIKE,130224,66.0,36.504962,127.261728,12,세종특별시
2026-06-19T08:35:06+09:00,GBIKE,131483,95.0,36.50498,127.261733,12,세종특별시
2026-06-19T08:35:06+09:00,GBIKE,501535,49.0,36.504994,127.248211,12,세종특별시
2026-06-19T08:35:06+09:00,GBIKE,130337,57.0,36.505001,127.244988,12,세종특별시
2026-06-19T08:35:06+09:00,GBIKE,131894,41.0,36.50503,127.244636,12,세종특별시
2026-06-19T08:35:06+09:00,GBIKE,131197,68.0,36.505053,127.264713,12,세종특별시
2026-06-19T08:35:06+09:00,GBIKE,501255,42.0,36.505056,127.244368,12,세종특별시
2026-06-19T08:35:06+09:00,GBIKE,130897,59.0,36.505075,127.261768,12,세종특별시
2026-06-19T08:35:06+09:00,GBIKE,130079,87.0,36.505085,127.250211,12,세종특별시
2026-06-19T08:35:06+09:00,GBIKE,131156,49.0,36.505096,127.249335,12,세종특별시
2026-06-19T08:35:06+09:00,GBIKE,130732,53.0,36.505118,127.240233,12,세종특별시
2026-06-19T08:35:06+09:00,GBIKE,131960,37.0,36.50512,127.272555,12,세종특별시
2026-06-19T08:35:06+09:00,GBIKE,130144,73.0,36.505127,127.24379,12,세종특별시
2026-06-19T08:35:06+09:00,GBIKE,501221,60.0,36.505139,127.26007,12,세종특별시
2026-06-19T08:35:06+09:00,GBIKE,130551,75.0,36.505143,127.252212,12,세종특별시
2026-06-19T08:35:06+09:00,GBIKE,131848,55.0,36.505171,127.236141,12,세종특별시
2026-06-19T08:35:06+09:00,GBIKE,130429,58.0,36.505178,127.241506,12,세종특별시
2026-06-19T08:35:06+09:00,GBIKE,501288,67.0,36.505216,127.258715,12,세종특별시
2026-06-19T08:35:06+09:00,GBIKE,130578,72.0,36.50522,127.232851,12,세종특별시
2026-06-19T08:35:06+09:00,GBIKE,130946,38.0,36.50522,127.240203,12,세종특별시
2026-06-19T08:35:06+09:00,GBIKE,130076,30.0,36.505224,127.245666,12,세종특별시
2026-06-19T08:35:06+09:00,GBIKE,130238,92.0,36.505226,127.275547,12,세종특별시
2026-06-19T08:35:06+09:00,GBIKE,131066,65.0,36.505236,127.23376,12,세종특별시
2026-06-19T08:35:06+09:00,GBIKE,130353,94.0,36.505242,127.232894,12,세종특별시
2026-06-19T08:35:06+09:00,GBIKE,131825,75.0,36.505244,127.236123,12,세종특별시
2026-06-19T08:35:06+09:00,GBIKE,130323,59.0,36.505275,127.243061,12,세종특별시
2026-06-19T08:35:06+09:00,GBIKE,131849,37.0,36.505275,127.235127,12,세종특별시
2026-06-19T08:35:06+09:00,GBIKE,131876,95.0,36.505275,127.235042,12,세종특별시
2026-06-19T08:35:06+09:00,GBIKE,131624,100.0,36.505286,127.261439,12,세종특별시
2026-06-19T08:35:06+09:00,GBIKE,131175,66.0,36.5053,127.24507,12,세종특별시
2026-06-19T08:35:06+09:00,GBIKE,130222,100.0,36.505301,127.261453,12,세종특별시
2026-06-19T08:35:06+09:00,GBIKE,131632,83.0,36.505329,127.261461,12,세종특별시
2026-06-19T08:35:06+09:00,GBIKE,130561,63.0,36.50533,127.243408,12,세종특별시
2026-06-19T08:35:06+09:00,GBIKE,130856,100.0,36.505337,127.245005,12,세종특별시
2026-06-19T08:35:06+09:00,GBIKE,130720,58.0,36.505341,127.243445,12,세종특별시
2026-06-19T08:35:06+09:00,GBIKE,130036,95.0,36.505344,127.266688,12,세종특별시
2026-06-19T08:35:06+09:00,GBIKE,130180,63.0,36.505344,127.235175,12,세종특별시
2026-06-19T08:35:06+09:00,GBIKE,131945,59.0,36.505354,127.235155,12,세종특별시
2026-06-19T08:35:06+09:00,GBIKE,131075,59.0,36.505362,127.241596,12,세종특별시
2026-06-19T08:35:06+09:00,GBIKE,130792,100.0,36.505363,127.261506,12,세종특별시
2026-06-19T08:35:06+09:00,GBIKE,131992,50.0,36.505369,127.234821,12,세종특별시
2026-06-19T08:35:06+09:00,GBIKE,131833,49.0,36.505371,127.235176,12,세종특별시
2026-06-19T08:35:06+09:00,GBIKE,131478,77.0,36.505372,127.243567,12,세종특별시
2026-06-19T08:35:06+09:00,GBIKE,130186,38.0,36.505376,127.249118,12,세종특별시
2026-06-19T08:35:06+09:00,GBIKE,131461,88.0,36.505376,127.2333,12,세종특별시
2026-06-19T08:35:06+09:00,GBIKE,501584,84.0,36.505397,127.264846,12,세종특별시
2026-06-19T08:35:06+09:00,GBIKE,130128,95.0,36.505404,127.266472,12,세종특별시
2026-06-19T08:35:06+09:00,GBIKE,130558,44.0,36.505414,127.233175,12,세종특별시
2026-06-19T08:35:06+09:00,GBIKE,131818,60.0,36.505421,127.235164,12,세종특별시
2026-06-19T08:35:06+09:00,GBIKE,130484,68.0,36.505448,127.2353,12,세종특별시
2026-06-19T08:35:06+09:00,GBIKE,130757,100.0,36.505458,127.261885,12,세종특별시
2026-06-19T08:35:06+09:00,GBIKE,130346,31.0,36.505481,127.240089,12,세종특별시
2026-06-19T08:35:06+09:00,GBIKE,131904,57.0,36.505503,127.235132,12,세종특별시
2026-06-19T08:35:06+09:00,GBIKE,131028,55.0,36.505523,127.23559,12,세종특별시
2026-06-19T08:35:06+09:00,GBIKE,131268,58.0,36.505567,127.235813,12,세종특별시
2026-06-19T08:35:06+09:00,GBIKE,130206,35.0,36.50563,127.235405,12,세종특별시
2026-06-19T08:35:06+09:00,GBIKE,130834,39.0,36.505652,127.233298,12,세종특별시
2026-06-19T08:35:06+09:00,GBIKE,130280,89.0,36.505661,127.235278,12,세종특별시
2026-06-19T08:35:06+09:00,GBIKE,130579,70.0,36.505742,127.235163,12,세종특별시
2026-06-19T08:35:06+09:00,GBIKE,131520,37.0,36.505775,127.269899,12,세종특별시
2026-06-19T08:35:06+09:00,GBIKE,131857,55.0,36.505814,127.239007,12,세종특별시
2026-06-19T08:35:06+09:00,GBIKE,130879,83.0,36.50582,127.249922,12,세종특별시
2026-06-19T08:35:06+09:00,GBIKE,131136,80.0,36.505845,127.234608,12,세종특별시
2026-06-19T08:35:06+09:00,GBIKE,131464,93.0,36.50586,127.249981,12,세종특별시
2026-06-19T08:35:06+09:00,GBIKE,131783,76.0,36.505874,127.235077,12,세종특별시
2026-06-19T08:35:06+09:00,GBIKE,131404,31.0,36.505884,127.234963,12,세종특별시
2026-06-19T08:35:06+09:00,GBIKE,131018,98.0,36.505899,127.234851,12,세종특별시
2026-06-19T08:35:06+09:00,GBIKE,130550,69.0,36.505919,127.24501,12,세종특별시
2026-06-19T08:35:06+09:00,GBIKE,501478,36.0,36.505924,127.246192,12,세종특별시
2026-06-19T08:35:06+09:00,GBIKE,130366,77.0,36.505928,127.250078,12,세종특별시
2026-06-19T08:35:06+09:00,GBIKE,131209,60.0,36.50594,127.244979,12,세종특별시
2026-06-19T08:35:06+09:00,GBIKE,131642,88.0,36.505954,127.272943,12,세종특별시
2026-06-19T08:35:06+09:00,GBIKE,131482,71.0,36.505961,127.272934,12,세종특별시
2026-06-19T08:35:06+09:00,GBIKE,131365,100.0,36.505963,127.244991,12,세종특별시
2026-06-19T08:35:06+09:00,GBIKE,131250,76.0,36.506047,127.232387,12,세종특별시
2026-06-19T08:35:06+09:00,GBIKE,131671,84.0,36.506099,127.234726,12,세종특별시
2026-06-19T08:35:06+09:00,GBIKE,501219,92.0,36.506102,127.238585,12,세종특별시
2026-06-19T08:35:06+09:00,GBIKE,131132,30.0,36.506128,127.33688,12,세종특별시
2026-06-19T08:35:06+09:00,GBIKE,131273,40.0,36.506137,127.23469,12,세종특별시
2026-06-19T08:35:06+09:00,GBIKE,131804,53.0,36.50614,127.250064,12,세종특별시
2026-06-19T08:35:06+09:00,GBIKE,130440,100.0,36.506179,127.249978,12,세종특별시
2026-06-19T08:35:06+09:00,GBIKE,131563,64.0,36.506181,127.336885,12,세종특별시
2026-06-19T08:35:06+09:00,GBIKE,131243,84.0,36.506211,127.264696,12,세종특별시
2026-06-19T08:35:06+09:00,GBIKE,501493,64.0,36.506213,127.249648,12,세종특별시
2026-06-19T08:35:06+09:00,GBIKE,131205,49.0,36.506246,127.273034,12,세종특별시
2026-06-19T08:35:06+09:00,GBIKE,371780,37.0,36.506248,127.234743,12,세종특별시
2026-06-19T08:35:06+09:00,GBIKE,130892,100.0,36.50625,127.24164,12,세종특별시
2026-06-19T08:35:06+09:00,GBIKE,130307,100.0,36.506258,127.272991,12,세종특별시
2026-06-19T08:35:06+09:00,GBIKE,130624,57.0,36.50626,127.248115,12,세종특별시
2026-06-19T08:35:06+09:00,GBIKE,131451,39.0,36.506356,127.272271,12,세종특별시
2026-06-19T08:35:06+09:00,GBIKE,130832,62.0,36.506399,127.270017,12,세종특별시
2026-06-19T08:35:06+09:00,GBIKE,130266,59.0,36.506405,127.238968,12,세종특별시
2026-06-19T08:35:06+09:00,GBIKE,130677,56.0,36.506436,127.271615,12,세종특별시
2026-06-19T08:35:06+09:00,GBIKE,130332,30.0,36.506442,127.239875,12,세종특별시
2026-06-19T08:35:06+09:00,GBIKE,131242,80.0,36.506472,127.23429,12,세종특별시
2026-06-19T08:35:06+09:00,GBIKE,131247,95.0,36.506494,127.269859,12,세종특별시
2026-06-19T08:35:06+09:00,GBIKE,130244,83.0,36.506512,127.262036,12,세종특별시
2026-06-19T08:35:06+09:00,GBIKE,131189,98.0,36.506518,127.258387,12,세종특별시
2026-06-19T08:35:06+09:00,GBIKE,130468,71.0,36.506527,127.234186,12,세종특별시
2026-06-19T08:35:06+09:00,GBIKE,131485,48.0,36.506541,127.234204,12,세종특별시
2026-06-19T08:35:06+09:00,GBIKE,130534,85.0,36.506559,127.258369,12,세종특별시
2026-06-19T08:35:06+09:00,GBIKE,131646,100.0,36.506577,127.258344,12,세종특별시
2026-06-19T08:35:06+09:00,GBIKE,501551,69.0,36.506583,127.25864,12,세종특별시
2026-06-19T08:35:06+09:00,GBIKE,130254,77.0,36.506584,127.272803,12,세종특별시
2026-06-19T08:35:06+09:00,GBIKE,501445,77.0,36.506592,127.262159,12,세종특별시
2026-06-19T08:35:06+09:00,GBIKE,131688,31.0,36.506601,127.272776,12,세종특별시
2026-06-19T08:35:06+09:00,GBIKE,131770,38.0,36.506603,127.272774,12,세종특별시
2026-06-19T08:35:06+09:00,GBIKE,131487,55.0,36.506604,127.258919,12,세종특별시
2026-06-19T08:35:06+09:00,GBIKE,501272,32.0,36.506613,127.263236,12,세종특별시
2026-06-19T08:35:06+09:00,GBIKE,131408,32.0,36.506636,127.269866,12,세종특별시
2026-06-19T08:35:06+09:00,GBIKE,130986,93.0,36.506665,127.258282,12,세종특별시
2026-06-19T08:35:06+09:00,GBIKE,501214,95.0,36.506675,127.2583,12,세종특별시
2026-06-19T08:35:06+09:00,GBIKE,130134,85.0,36.506687,127.258297,12,세종특별시
2026-06-19T08:35:06+09:00,GBIKE,131440,49.0,36.506692,127.232107,12,세종특별시
2026-06-19T08:35:06+09:00,GBIKE,131975,76.0,36.506699,127.232097,12,세종특별시
2026-06-19T08:35:06+09:00,GBIKE,501537,39.0,36.506712,127.263173,12,세종특별시
2026-06-19T08:35:06+09:00,GBIKE,130542,63.0,36.506716,127.232094,12,세종특별시
2026-06-19T08:35:06+09:00,GBIKE,130663,85.0,36.506721,127.232023,12,세종특별시
2026-06-19T08:35:06+09:00,GBIKE,131256,87.0,36.506767,127.267743,12,세종특별시
2026-06-19T08:35:06+09:00,GBIKE,130135,93.0,36.506804,127.237028,12,세종특별시
2026-06-19T08:35:06+09:00,GBIKE,131475,46.0,36.506812,127.237026,12,세종특별시
2026-06-19T08:35:06+09:00,GBIKE,501243,48.0,36.506822,127.258282,12,세종특별시
2026-06-19T08:35:06+09:00,GBIKE,130443,76.0,36.506823,127.258601,12,세종특별시
2026-06-19T08:35:06+09:00,GBIKE,130409,78.0,36.506827,127.261394,12,세종특별시
2026-06-19T08:35:06+09:00,GBIKE,131073,78.0,36.506832,127.261427,12,세종특별시
2026-06-19T08:35:06+09:00,GBIKE,130197,43.0,36.506837,127.261406,12,세종특별시
2026-06-19T08:35:06+09:00,GBIKE,131535,87.0,36.506838,127.258549,12,세종특별시
2026-06-19T08:35:06+09:00,GBIKE,130263,45.0,36.506869,127.270194,12,세종특별시
2026-06-19T08:35:06+09:00,GBIKE,130495,99.0,36.50687,127.258724,12,세종특별시
2026-06-19T08:35:06+09:00,GBIKE,130213,57.0,36.506878,127.270203,12,세종특별시
2026-06-19T08:35:06+09:00,GBIKE,130467,68.0,36.506899,127.258506,12,세종특별시
2026-06-19T08:35:06+09:00,GBIKE,131572,95.0,36.506921,127.259799,12,세종특별시
2026-06-19T08:35:06+09:00,GBIKE,130805,95.0,36.506922,127.259871,12,세종특별시
2026-06-19T08:35:06+09:00,GBIKE,130927,57.0,36.506923,127.259841,12,세종특별시
2026-06-19T08:35:06+09:00,GBIKE,131476,96.0,36.506941,127.258553,12,세종특별시
2026-06-19T08:35:06+09:00,GBIKE,130187,87.0,36.506954,127.267741,12,세종특별시
2026-06-19T08:35:06+09:00,GBIKE,130540,99.0,36.506975,127.239372,12,세종특별시
2026-06-19T08:35:06+09:00,GBIKE,131215,53.0,36.506975,127.261714,12,세종특별시
2026-06-19T08:35:06+09:00,GBIKE,501253,62.0,36.50699,127.262042,12,세종특별시
2026-06-19T08:35:06+09:00,GBIKE,131892,81.0,36.506992,127.25849,12,세종특별시
2026-06-19T08:35:06+09:00,GBIKE,130723,90.0,36.507017,127.252101,12,세종특별시
2026-06-19T08:35:06+09:00,GBIKE,131550,100.0,36.507019,127.267978,12,세종특별시
2026-06-19T08:35:06+09:00,GBIKE,130553,98.0,36.507048,127.239378,12,세종특별시
2026-06-19T08:35:06+09:00,GBIKE,131830,49.0,36.507078,127.239444,12,세종특별시
2026-06-19T08:35:06+09:00,GBIKE,501363,66.0,36.507162,127.263084,12,세종특별시
2026-06-19T08:35:06+09:00,GBIKE,131750,68.0,36.507167,127.262057,12,세종특별시
2026-06-19T08:35:06+09:00,GBIKE,131411,99.0,36.507171,127.235856,12,세종특별시
2026-06-19T08:35:06+09:00,GBIKE,130622,71.0,36.507173,127.236408,12,세종특별시
2026-06-19T08:35:06+09:00,GBIKE,130828,30.0,36.507176,127.239503,12,세종특별시
2026-06-19T08:35:06+09:00,GBIKE,130156,65.0,36.507201,127.261931,12,세종특별시
2026-06-19T08:35:06+09:00,GBIKE,130696,36.0,36.507207,127.251237,12,세종특별시
2026-06-19T08:35:06+09:00,GBIKE,130454,66.0,36.50721,127.251266,12,세종특별시
2026-06-19T08:35:06+09:00,GBIKE,130177,47.0,36.507216,127.251338,12,세종특별시
2026-06-19T08:35:06+09:00,GBIKE,130074,44.0,36.50722,127.249995,12,세종특별시
2026-06-19T08:35:06+09:00,GBIKE,130379,52.0,36.507257,127.25182,12,세종특별시
2026-06-19T08:35:06+09:00,GBIKE,501546,88.0,36.507288,127.261596,12,세종특별시
2026-06-19T08:35:06+09:00,GBIKE,130476,32.0,36.507322,127.249635,12,세종특별시
2026-06-19T08:35:06+09:00,GBIKE,130059,63.0,36.507365,127.239063,12,세종특별시
2026-06-19T08:35:06+09:00,GBIKE,131216,48.0,36.507373,127.268962,12,세종특별시
2026-06-19T08:35:06+09:00,GBIKE,130392,86.0,36.507389,127.268932,12,세종특별시
2026-06-19T08:35:06+09:00,GBIKE,501215,54.0,36.507424,127.263183,12,세종특별시
2026-06-19T08:35:06+09:00,GBIKE,130318,92.0,36.507437,127.23904,12,세종특별시
2026-06-19T08:35:06+09:00,GBIKE,501419,87.0,36.507468,127.263135,12,세종특별시
2026-06-19T08:35:06+09:00,GBIKE,131230,95.0,36.507481,127.258127,12,세종특별시
2026-06-19T08:35:06+09:00,GBIKE,501402,83.0,36.507482,127.263106,12,세종특별시
2026-06-19T08:35:06+09:00,GBIKE,130037,65.0,36.507483,127.249683,12,세종특별시
2026-06-19T08:35:06+09:00,GBIKE,130112,82.0,36.507494,127.231235,12,세종특별시
2026-06-19T08:35:06+09:00,GBIKE,130844,85.0,36.507583,127.239199,12,세종특별시
2026-06-19T08:35:06+09:00,GBIKE,130082,97.0,36.507595,127.25717,12,세종특별시
2026-06-19T08:35:06+09:00,GBIKE,130953,100.0,36.507639,127.257766,12,세종특별시
2026-06-19T08:35:06+09:00,GBIKE,131077,100.0,36.507872,127.258562,12,세종특별시
2026-06-19T08:35:06+09:00,GBIKE,130975,100.0,36.507887,127.258542,12,세종특별시
2026-06-19T08:35:06+09:00,GBIKE,130251,94.0,36.507888,127.257481,12,세종특별시
2026-06-19T08:35:06+09:00,GBIKE,130939,91.0,36.507907,127.258535,12,세종특별시
2026-06-19T08:35:06+09:00,GBIKE,130375,60.0,36.50795,127.261481,12,세종특별시
2026-06-19T08:35:06+09:00,GBIKE,130826,52.0,36.507987,127.258928,12,세종특별시
2026-06-19T08:35:06+09:00,GBIKE,341583,38.0,36.507998,127.257881,12,세종특별시
2026-06-19T08:35:06+09:00,GBIKE,501280,48.0,36.507999,127.260096,12,세종특별시
2026-06-19T08:35:06+09:00,GBIKE,131877,100.0,36.50802,127.25891,12,세종특별시
2026-06-19T08:35:06+09:00,GBIKE,130744,46.0,36.508084,127.257233,12,세종특별시
2026-06-19T08:35:06+09:00,GBIKE,130106,58.0,36.508098,127.258385,12,세종특별시
2026-06-19T08:35:06+09:00,GBIKE,130130,44.0,36.508104,127.24156,12,세종특별시
2026-06-19T08:35:06+09:00,GBIKE,131655,59.0,36.508107,127.241575,12,세종특별시
2026-06-19T08:35:06+09:00,GBIKE,131034,33.0,36.508113,127.261447,12,세종특별시
2026-06-19T08:35:06+09:00,GBIKE,131943,79.0,36.508116,127.235187,12,세종특별시
2026-06-19T08:35:06+09:00,GBIKE,501453,98.0,36.508154,127.257752,12,세종특별시
2026-06-19T08:35:06+09:00,GBIKE,501575,78.0,36.508185,127.231882,12,세종특별시
2026-06-19T08:35:06+09:00,GBIKE,130825,44.0,36.508208,127.265874,12,세종특별시
2026-06-19T08:35:06+09:00,GBIKE,130029,99.0,36.508211,127.259735,12,세종특별시
2026-06-19T08:35:06+09:00,GBIKE,131623,93.0,36.508278,127.257739,12,세종특별시
2026-06-19T08:35:06+09:00,GBIKE,130961,53.0,36.508296,127.245461,12,세종특별시
2026-06-19T08:35:06+09:00,GBIKE,131344,42.0,36.50834,127.261229,12,세종특별시
2026-06-19T08:35:06+09:00,GBIKE,131969,100.0,36.508369,127.267012,12,세종특별시
2026-06-19T08:35:06+09:00,GBIKE,130970,62.0,36.508392,127.259593,12,세종특별시
2026-06-19T08:35:06+09:00,GBIKE,131534,65.0,36.508422,127.266317,12,세종특별시
2026-06-19T08:35:06+09:00,GBIKE,130191,40.0,36.50845,127.249713,12,세종특별시
2026-06-19T08:35:06+09:00,GBIKE,130501,47.0,36.508495,127.239016,12,세종특별시
2026-06-19T08:35:06+09:00,GBIKE,130064,95.0,36.508524,127.239087,12,세종특별시
2026-06-19T08:35:06+09:00,GBIKE,130958,91.0,36.508689,127.240314,12,세종특별시
2026-06-19T08:35:06+09:00,GBIKE,131790,59.0,36.508692,127.261823,12,세종특별시
2026-06-19T08:35:06+09:00,GBIKE,130718,78.0,36.508697,127.240322,12,세종특별시
2026-06-19T08:35:06+09:00,GBIKE,130341,76.0,36.508705,127.240276,12,세종특별시
2026-06-19T08:35:06+09:00,GBIKE,131269,75.0,36.508705,127.249573,12,세종특별시
2026-06-19T08:35:06+09:00,GBIKE,130628,84.0,36.508707,127.241636,12,세종특별시
2026-06-19T08:35:06+09:00,GBIKE,131748,90.0,36.508714,127.240281,12,세종특별시
2026-06-19T08:35:06+09:00,GBIKE,131674,39.0,36.508717,127.242319,12,세종특별시
2026-06-19T08:35:06+09:00,GBIKE,131853,86.0,36.508736,127.267908,12,세종특별시
2026-06-19T08:35:06+09:00,GBIKE,130602,100.0,36.508773,127.240228,12,세종특별시
2026-06-19T08:35:06+09:00,GBIKE,131882,81.0,36.508816,127.23434,12,세종특별시
2026-06-19T08:35:06+09:00,GBIKE,130914,67.0,36.508844,127.264739,12,세종특별시
2026-06-19T08:35:06+09:00,GBIKE,131987,52.0,36.508878,127.266208,12,세종특별시
2026-06-19T08:35:06+09:00,GBIKE,130674,99.0,36.508902,127.249725,12,세종특별시
2026-06-19T08:35:06+09:00,GBIKE,131607,75.0,36.508916,127.24971,12,세종특별시
2026-06-19T08:35:06+09:00,GBIKE,130241,64.0,36.508936,127.240393,12,세종특별시
2026-06-19T08:35:06+09:00,GBIKE,130066,90.0,36.508973,127.257138,12,세종특별시
2026-06-19T08:35:06+09:00,GBIKE,130333,72.0,36.509066,127.26792,12,세종특별시
2026-06-19T08:35:06+09:00,GBIKE,130608,50.0,36.509093,127.232327,12,세종특별시
2026-06-19T08:35:06+09:00,GBIKE,131196,60.0,36.509131,127.231905,12,세종특별시
2026-06-19T08:35:06+09:00,GBIKE,131376,97.0,36.509136,127.23438,12,세종특별시
2026-06-19T08:35:06+09:00,GBIKE,501247,99.0,36.509151,127.266722,12,세종특별시
2026-06-19T08:35:06+09:00,GBIKE,130592,62.0,36.509302,127.267045,12,세종특별시
2026-06-19T08:35:06+09:00,GBIKE,130085,45.0,36.509325,127.232417,12,세종특별시
2026-06-19T08:35:06+09:00,GBIKE,131705,95.0,36.509328,127.233998,12,세종특별시
2026-06-19T08:35:06+09:00,GBIKE,130704,54.0,36.509345,127.234309,12,세종특별시
2026-06-19T08:35:06+09:00,GBIKE,130740,88.0,36.50935,127.232307,12,세종특별시
2026-06-19T08:35:06+09:00,GBIKE,130765,96.0,36.509353,127.232345,12,세종특별시
2026-06-19T08:35:06+09:00,GBIKE,131052,89.0,36.509374,127.232501,12,세종특별시
2026-06-19T08:35:06+09:00,GBIKE,131846,52.0,36.509392,127.232513,12,세종특별시
2026-06-19T08:35:06+09:00,GBIKE,130448,51.0,36.5094,127.261396,12,세종특별시
2026-06-19T08:35:06+09:00,GBIKE,501241,67.0,36.50941,127.234333,12,세종특별시
2026-06-19T08:35:06+09:00,GBIKE,131606,70.0,36.509472,127.244451,12,세종특별시
2026-06-19T08:35:06+09:00,GBIKE,130514,54.0,36.509516,127.233059,12,세종특별시
2026-06-19T08:35:06+09:00,GBIKE,131923,75.0,36.509523,127.26136,12,세종특별시
2026-06-19T08:35:06+09:00,GBIKE,130480,57.0,36.509528,127.233968,12,세종특별시
2026-06-19T08:35:06+09:00,GBIKE,130398,50.0,36.509584,127.233619,12,세종특별시
2026-06-19T08:35:06+09:00,GBIKE,130872,62.0,36.509592,127.233592,12,세종특별시
2026-06-19T08:35:06+09:00,GBIKE,130423,69.0,36.509593,127.233617,12,세종특별시
2026-06-19T08:35:06+09:00,GBIKE,130311,72.0,36.509624,127.233593,12,세종특별시
2026-06-19T08:35:06+09:00,GBIKE,130840,55.0,36.509632,127.233603,12,세종특별시
2026-06-19T08:35:06+09:00,GBIKE,130807,91.0,36.509637,127.267819,12,세종특별시
2026-06-19T08:35:06+09:00,GBIKE,501116,83.0,36.509671,127.233628,12,세종특별시
2026-06-19T08:35:06+09:00,GBIKE,501152,53.0,36.509783,127.233867,12,세종특별시
2026-06-19T08:35:06+09:00,GBIKE,130919,98.0,36.509784,127.249819,12,세종특별시
2026-06-19T08:35:06+09:00,GBIKE,131155,47.0,36.509872,127.246297,12,세종특별시
2026-06-19T08:35:06+09:00,GBIKE,130435,41.0,36.509939,127.26764,12,세종특별시
2026-06-19T08:35:06+09:00,GBIKE,131944,87.0,36.509982,127.267336,12,세종특별시
2026-06-19T08:35:06+09:00,GBIKE,501271,56.0,36.510039,127.246173,12,세종특별시
2026-06-19T08:35:06+09:00,GBIKE,130061,37.0,36.510063,127.267052,12,세종특별시
2026-06-19T08:35:06+09:00,GBIKE,131576,57.0,36.510071,127.267017,12,세종특별시
2026-06-19T08:35:06+09:00,GBIKE,130400,59.0,36.510154,127.264569,12,세종특별시
2026-06-19T08:35:06+09:00,GBIKE,130415,100.0,36.51016,127.259968,12,세종특별시
2026-06-19T08:35:06+09:00,GBIKE,501244,100.0,36.51027,127.260549,12,세종특별시
2026-06-19T08:35:06+09:00,GBIKE,131099,65.0,36.510392,127.266834,12,세종특별시
2026-06-19T08:35:06+09:00,GBIKE,131900,68.0,36.510401,127.233988,12,세종특별시
2026-06-19T08:35:06+09:00,GBIKE,131786,36.0,36.510424,127.231748,12,세종특별시
2026-06-19T08:35:06+09:00,GBIKE,501273,70.0,36.51044,127.229716,12,세종특별시
2026-06-19T08:35:06+09:00,GBIKE,131375,73.0,36.510442,127.230254,12,세종특별시
2026-06-19T08:35:06+09:00,GBIKE,131419,79.0,36.51048,127.231694,12,세종특별시
2026-06-19T08:35:06+09:00,GBIKE,130230,70.0,36.51049,127.229946,12,세종특별시
2026-06-19T08:35:06+09:00,GBIKE,130049,41.0,36.510497,127.231571,12,세종특별시
2026-06-19T08:35:06+09:00,GBIKE,131976,100.0,36.510497,127.231798,12,세종특별시
2026-06-19T08:35:06+09:00,GBIKE,130636,78.0,36.510506,127.23175,12,세종특별시
2026-06-19T08:35:06+09:00,GBIKE,131959,41.0,36.510517,127.231768,12,세종특별시
2026-06-19T08:35:06+09:00,GBIKE,131109,47.0,36.51052,127.229856,12,세종특별시
2026-06-19T08:35:06+09:00,GBIKE,131194,56.0,36.510523,127.231514,12,세종특별시
2026-06-19T08:35:06+09:00,GBIKE,131495,68.0,36.510523,127.230804,12,세종특별시
2026-06-19T08:35:06+09:00,GBIKE,130649,40.0,36.510532,127.23099,12,세종특별시
2026-06-19T08:35:06+09:00,GBIKE,130419,60.0,36.510536,127.230847,12,세종특별시
2026-06-19T08:35:06+09:00,GBIKE,131863,63.0,36.510539,127.23205,12,세종특별시
2026-06-19T08:35:06+09:00,GBIKE,130181,48.0,36.510549,127.23172,12,세종특별시
2026-06-19T08:35:06+09:00,GBIKE,131933,45.0,36.510562,127.241335,12,세종특별시
2026-06-19T08:35:06+09:00,GBIKE,131950,53.0,36.510562,127.231252,12,세종특별시
2026-06-19T08:35:06+09:00,GBIKE,130022,88.0,36.51057,127.241361,12,세종특별시
2026-06-19T08:35:06+09:00,GBIKE,130748,94.0,36.510572,127.230957,12,세종특별시
2026-06-19T08:35:06+09:00,GBIKE,612778,63.0,36.51058,127.246234,12,세종특별시
2026-06-19T08:35:06+09:00,GBIKE,501393,66.0,36.510589,127.241589,12,세종특별시
2026-06-19T08:35:06+09:00,GBIKE,130209,93.0,36.510609,127.239029,12,세종특별시
2026-06-19T08:35:06+09:00,GBIKE,131589,63.0,36.510658,127.232079,12,세종특별시
2026-06-19T08:35:06+09:00,GBIKE,501455,77.0,36.510661,127.262604,12,세종특별시
2026-06-19T08:35:06+09:00,GBIKE,130947,30.0,36.510668,127.243892,12,세종특별시
2026-06-19T08:35:06+09:00,GBIKE,130835,60.0,36.510672,127.232088,12,세종특별시
2026-06-19T08:35:06+09:00,GBIKE,131374,89.0,36.510696,127.232259,12,세종특별시
2026-06-19T08:35:06+09:00,GBIKE,130599,64.0,36.510702,127.24398,12,세종특별시
2026-06-19T08:35:06+09:00,GBIKE,130683,70.0,36.510727,127.231637,12,세종특별시
2026-06-19T08:35:06+09:00,GBIKE,131017,59.0,36.510729,127.229869,12,세종특별시
2026-06-19T08:35:06+09:00,GBIKE,501360,86.0,36.510733,127.241049,12,세종특별시
2026-06-19T08:35:06+09:00,GBIKE,130402,90.0,36.510754,127.231739,12,세종특별시
2026-06-19T08:35:06+09:00,GBIKE,130490,80.0,36.510764,127.232461,12,세종특별시
2026-06-19T08:35:06+09:00,GBIKE,131722,83.0,36.510764,127.231825,12,세종특별시
2026-06-19T08:35:06+09:00,GBIKE,130656,48.0,36.510768,127.231833,12,세종특별시
2026-06-19T08:35:06+09:00,GBIKE,130793,79.0,36.510777,127.242426,12,세종특별시
2026-06-19T08:35:06+09:00,GBIKE,130918,35.0,36.510791,127.231762,12,세종특별시
2026-06-19T08:35:06+09:00,GBIKE,131569,94.0,36.510791,127.231765,12,세종특별시
2026-06-19T08:35:06+09:00,GBIKE,130672,96.0,36.510794,127.229899,12,세종특별시
2026-06-19T08:35:06+09:00,GBIKE,130771,98.0,36.510795,127.232913,12,세종특별시
2026-06-19T08:35:06+09:00,GBIKE,130358,89.0,36.5108,127.232464,12,세종특별시
2026-06-19T08:35:06+09:00,GBIKE,130974,37.0,36.5108,127.231757,12,세종특별시
2026-06-19T08:35:06+09:00,GBIKE,130158,77.0,36.510806,127.239551,12,세종특별시
2026-06-19T08:35:06+09:00,GBIKE,130666,48.0,36.510806,127.23291,12,세종특별시
2026-06-19T08:35:06+09:00,GBIKE,131001,95.0,36.510813,127.232868,12,세종특별시
2026-06-19T08:35:06+09:00,GBIKE,130620,65.0,36.510817,127.233599,12,세종특별시
2026-06-19T08:35:06+09:00,GBIKE,358176,42.0,36.510821,127.243048,12,세종특별시
2026-06-19T08:35:06+09:00,GBIKE,130286,46.0,36.510827,127.229909,12,세종특별시
2026-06-19T08:35:06+09:00,GBIKE,501147,45.0,36.510828,127.239755,12,세종특별시
2026-06-19T08:35:06+09:00,GBIKE,131246,85.0,36.510831,127.242227,12,세종특별시
2026-06-19T08:35:06+09:00,GBIKE,359456,34.0,36.510831,127.23251,12,세종특별시
2026-06-19T08:35:06+09:00,GBIKE,131753,30.0,36.510832,127.232528,12,세종특별시
2026-06-19T08:35:06+09:00,GBIKE,131704,46.0,36.510834,127.233263,12,세종특별시
2026-06-19T08:35:06+09:00,GBIKE,131668,45.0,36.510842,127.232387,12,세종특별시
2026-06-19T08:35:06+09:00,GBIKE,131922,98.0,36.51085,127.242104,12,세종특별시
2026-06-19T08:35:06+09:00,GBIKE,131036,49.0,36.510856,127.239564,12,세종특별시
2026-06-19T08:35:06+09:00,GBIKE,130257,98.0,36.510861,127.242345,12,세종특별시
2026-06-19T08:35:06+09:00,GBIKE,130664,71.0,36.510865,127.240989,12,세종특별시
2026-06-19T08:35:06+09:00,GBIKE,131324,64.0,36.510869,127.234014,12,세종특별시
2026-06-19T08:35:06+09:00,GBIKE,131785,65.0,36.510869,127.24094,12,세종특별시
2026-06-19T08:35:06+09:00,GBIKE,131516,99.0,36.510871,127.232878,12,세종특별시
2026-06-19T08:35:06+09:00,GBIKE,130791,70.0,36.510873,127.232933,12,세종특별시
2026-06-19T08:35:06+09:00,GBIKE,131620,72.0,36.510884,127.232935,12,세종특별시
2026-06-19T08:35:06+09:00,GBIKE,130576,68.0,36.510885,127.231678,12,세종특별시
2026-06-19T08:35:06+09:00,GBIKE,130078,48.0,36.510889,127.232927,12,세종특별시
2026-06-19T08:35:06+09:00,GBIKE,131731,87.0,36.510891,127.232935,12,세종특별시
2026-06-19T08:35:06+09:00,GBIKE,130877,88.0,36.510896,127.232944,12,세종특별시
2026-06-19T08:35:06+09:00,GBIKE,130595,57.0,36.510898,127.240979,12,세종특별시
2026-06-19T08:35:06+09:00,GBIKE,131223,57.0,36.510898,127.232911,12,세종특별시
2026-06-19T08:35:06+09:00,GBIKE,131016,80.0,36.5109,127.233082,12,세종특별시
2026-06-19T08:35:06+09:00,GBIKE,131213,80.0,36.5109,127.23289,12,세종특별시
2026-06-19T08:35:06+09:00,GBIKE,130456,34.0,36.510903,127.241,12,세종특별시
2026-06-19T08:35:06+09:00,GBIKE,131355,53.0,36.510908,127.232838,12,세종특별시
2026-06-19T08:35:06+09:00,GBIKE,130496,58.0,36.510927,127.232951,12,세종특별시
2026-06-19T08:35:06+09:00,GBIKE,130929,84.0,36.510935,127.232962,12,세종특별시
2026-06-19T08:35:06+09:00,GBIKE,130455,61.0,36.51094,127.242858,12,세종특별시
2026-06-19T08:35:06+09:00,GBIKE,131829,65.0,36.510945,127.256192,12,세종특별시
2026-06-19T08:35:06+09:00,GBIKE,501204,78.0,36.510955,127.241314,12,세종특별시
2026-06-19T08:35:06+09:00,GBIKE,501462,94.0,36.510957,127.2413,12,세종특별시
2026-06-19T08:35:06+09:00,GBIKE,131773,73.0,36.510987,127.239589,12,세종특별시
2026-06-19T08:35:06+09:00,GBIKE,131708,79.0,36.511001,127.241102,12,세종특별시
2026-06-19T08:35:06+09:00,GBIKE,130808,85.0,36.511007,127.26003,12,세종특별시
2026-06-19T08:35:06+09:00,GBIKE,130976,58.0,36.511022,127.232453,12,세종특별시
2026-06-19T08:35:06+09:00,GBIKE,130345,76.0,36.511024,127.239648,12,세종특별시
2026-06-19T08:35:06+09:00,GBIKE,131013,51.0,36.511046,127.232204,12,세종특별시
2026-06-19T08:35:06+09:00,GBIKE,501122,78.0,36.511051,127.24131,12,세종특별시
2026-06-19T08:35:06+09:00,GBIKE,130756,47.0,36.511077,127.243783,12,세종특별시
2026-06-19T08:35:06+09:00,GBIKE,130210,76.0,36.511087,127.246712,12,세종특별시
2026-06-19T08:35:06+09:00,GBIKE,130070,69.0,36.511091,127.233248,12,세종특별시
2026-06-19T08:35:06+09:00,GBIKE,130283,70.0,36.511114,127.233507,12,세종특별시
2026-06-19T08:35:06+09:00,GBIKE,501279,91.0,36.511152,127.233599,12,세종특별시
2026-06-19T08:35:06+09:00,GBIKE,130849,79.0,36.511155,127.239561,12,세종특별시
2026-06-19T08:35:06+09:00,GBIKE,131574,42.0,36.511176,127.241608,12,세종특별시
2026-06-19T08:35:06+09:00,GBIKE,130701,89.0,36.511206,127.233523,12,세종특별시
2026-06-19T08:35:06+09:00,GBIKE,130183,38.0,36.511228,127.241291,12,세종특별시
2026-06-19T08:35:06+09:00,GBIKE,130848,47.0,36.511242,127.241242,12,세종특별시
2026-06-19T08:35:06+09:00,GBIKE,130371,53.0,36.511257,127.2402,12,세종특별시
2026-06-19T08:35:06+09:00,GBIKE,131978,40.0,36.511263,127.248121,12,세종특별시
2026-06-19T08:35:06+09:00,GBIKE,130336,92.0,36.511267,127.263935,12,세종특별시
2026-06-19T08:35:06+09:00,GBIKE,131345,63.0,36.511274,127.229403,12,세종특별시
2026-06-19T08:35:06+09:00,GBIKE,131004,96.0,36.51128,127.255617,12,세종특별시
2026-06-19T08:35:06+09:00,GBIKE,131734,47.0,36.511286,127.229815,12,세종특별시
2026-06-19T08:35:06+09:00,GBIKE,130303,79.0,36.511293,127.239846,12,세종특별시
2026-06-19T08:35:06+09:00,GBIKE,131300,32.0,36.511308,127.239868,12,세종특별시
2026-06-19T08:35:06+09:00,GBIKE,501316,100.0,36.511331,127.241254,12,세종특별시
2026-06-19T08:35:06+09:00,GBIKE,131855,58.0,36.511341,127.233363,12,세종특별시
2026-06-19T08:35:06+09:00,GBIKE,130944,30.0,36.511356,127.250185,12,세종특별시
2026-06-19T08:35:06+09:00,GBIKE,501424,44.0,36.511369,127.244349,12,세종특별시
2026-06-19T08:35:06+09:00,GBIKE,130716,65.0,36.511402,127.233915,12,세종특별시
2026-06-19T08:35:06+09:00,GBIKE,501594,95.0,36.511419,127.243826,12,세종특별시
2026-06-19T08:35:06+09:00,GBIKE,131122,71.0,36.511437,127.233902,12,세종특별시
2026-06-19T08:35:06+09:00,GBIKE,131823,85.0,36.511454,127.233915,12,세종특별시
2026-06-19T08:35:06+09:00,GBIKE,130526,60.0,36.51146,127.240788,12,세종특별시
2026-06-19T08:35:06+09:00,GBIKE,501505,45.0,36.511465,127.241325,12,세종특별시
2026-06-19T08:35:06+09:00,GBIKE,131445,100.0,36.511472,127.260183,12,세종특별시
2026-06-19T08:35:06+09:00,GBIKE,131135,39.0,36.511474,127.241298,12,세종특별시
2026-06-19T08:35:06+09:00,GBIKE,131068,94.0,36.511476,127.24162,12,세종특별시
2026-06-19T08:35:06+09:00,GBIKE,130902,69.0,36.511488,127.241311,12,세종특별시
2026-06-19T08:35:06+09:00,GBIKE,501262,32.0,36.511517,127.265545,12,세종특별시
2026-06-19T08:35:06+09:00,GBIKE,131680,66.0,36.511539,127.240838,12,세종특별시
2026-06-19T08:35:06+09:00,GBIKE,130123,66.0,36.511554,127.248498,12,세종특별시
2026-06-19T08:35:06+09:00,GBIKE,131181,57.0,36.511613,127.240289,12,세종특별시
2026-06-19T08:35:06+09:00,GBIKE,131064,73.0,36.511647,127.239833,12,세종특별시
2026-06-19T08:35:06+09:00,GBIKE,131390,53.0,36.511651,127.239932,12,세종특별시
2026-06-19T08:35:06+09:00,GBIKE,332266,50.0,36.511675,127.246423,12,세종특별시
2026-06-19T08:35:06+09:00,GBIKE,501250,45.0,36.511686,127.240886,12,세종특별시
2026-06-19T08:35:06+09:00,GBIKE,358190,51.0,36.511708,127.246433,12,세종특별시
2026-06-19T08:35:06+09:00,GBIKE,501292,34.0,36.511724,127.241325,12,세종특별시
2026-06-19T08:35:06+09:00,GBIKE,130247,73.0,36.511725,127.244032,12,세종특별시
2026-06-19T08:35:06+09:00,GBIKE,501301,43.0,36.511736,127.229935,12,세종특별시
2026-06-19T08:35:06+09:00,GBIKE,501190,44.0,36.511755,127.241634,12,세종특별시
2026-06-19T08:35:06+09:00,GBIKE,131188,57.0,36.5118,127.244806,12,세종특별시
2026-06-19T08:35:06+09:00,GBIKE,501308,100.0,36.511805,127.247454,12,세종특별시
2026-06-19T08:35:06+09:00,GBIKE,501337,50.0,36.511816,127.247421,12,세종특별시
2026-06-19T08:35:06+09:00,GBIKE,130058,42.0,36.511825,127.229668,12,세종특별시
2026-06-19T08:35:06+09:00,GBIKE,131609,68.0,36.511832,127.227171,12,세종특별시
2026-06-19T08:35:06+09:00,GBIKE,501329,93.0,36.511856,127.243265,12,세종특별시
2026-06-19T08:35:06+09:00,GBIKE,501565,94.0,36.511916,127.245581,12,세종특별시
2026-06-19T08:35:06+09:00,GBIKE,501162,38.0,36.511926,127.240518,12,세종특별시
2026-06-19T08:35:06+09:00,GBIKE,131285,63.0,36.511927,127.241129,12,세종특별시
2026-06-19T08:35:06+09:00,GBIKE,131370,75.0,36.511929,127.240879,12,세종특별시
2026-06-19T08:35:06+09:00,GBIKE,501376,46.0,36.51193,127.240885,12,세종특별시
2026-06-19T08:35:06+09:00,GBIKE,501335,38.0,36.511931,127.240938,12,세종특별시
2026-06-19T08:35:06+09:00,GBIKE,130525,97.0,36.511934,127.241006,12,세종특별시
2026-06-19T08:35:06+09:00,GBIKE,501359,48.0,36.511934,127.240907,12,세종특별시
2026-06-19T08:35:06+09:00,GBIKE,131860,97.0,36.511936,127.241085,12,세종특별시
2026-06-19T08:35:06+09:00,GBIKE,130784,92.0,36.511937,127.227762,12,세종특별시
2026-06-19T08:35:06+09:00,GBIKE,501451,94.0,36.511942,127.240888,12,세종특별시
2026-06-19T08:35:06+09:00,GBIKE,501432,69.0,36.511942,127.240929,12,세종특별시
2026-06-19T08:35:06+09:00,GBIKE,131313,37.0,36.51195,127.241141,12,세종특별시
2026-06-19T08:35:06+09:00,GBIKE,501331,30.0,36.511953,127.241506,12,세종특별시
2026-06-19T08:35:06+09:00,GBIKE,130373,95.0,36.511957,127.241145,12,세종특별시
2026-06-19T08:35:06+09:00,GBIKE,130404,56.0,36.511964,127.229901,12,세종특별시
2026-06-19T08:35:06+09:00,GBIKE,131318,88.0,36.511979,127.259571,12,세종특별시
2026-06-19T08:35:06+09:00,GBIKE,130227,64.0,36.511982,127.22786,12,세종특별시
2026-06-19T08:35:06+09:00,GBIKE,130804,62.0,36.511991,127.240514,12,세종특별시
2026-06-19T08:35:06+09:00,GBIKE,130277,56.0,36.511994,127.245928,12,세종특별시
2026-06-19T08:35:06+09:00,GBIKE,501333,86.0,36.512026,127.243005,12,세종특별시
2026-06-19T08:35:06+09:00,GBIKE,131314,80.0,36.512038,127.227573,12,세종특별시
2026-06-19T08:35:06+09:00,GBIKE,501153,77.0,36.51204,127.244097,12,세종특별시
2026-06-19T08:35:06+09:00,GBIKE,130314,98.0,36.512045,127.243051,12,세종특별시
2026-06-19T08:35:06+09:00,GBIKE,130416,62.0,36.512079,127.242645,12,세종특별시
2026-06-19T08:35:06+09:00,GBIKE,501454,71.0,36.512098,127.241457,12,세종특별시
2026-06-19T08:35:06+09:00,GBIKE,130971,84.0,36.512109,127.256408,12,세종특별시
2026-06-19T08:35:06+09:00,GBIKE,501254,30.0,36.512126,127.241254,12,세종특별시
2026-06-19T08:35:06+09:00,GBIKE,130933,90.0,36.512136,127.240066,12,세종특별시
2026-06-19T08:35:06+09:00,GBIKE,501257,74.0,36.512154,127.256448,12,세종특별시
2026-06-19T08:35:06+09:00,GBIKE,501496,92.0,36.512162,127.248051,12,세종특별시
2026-06-19T08:35:06+09:00,GBIKE,501394,56.0,36.512167,127.241662,12,세종특별시
2026-06-19T08:35:06+09:00,GBIKE,131020,95.0,36.512177,127.239632,12,세종특별시
2026-06-19T08:35:06+09:00,GBIKE,130317,100.0,36.512183,127.25948,12,세종특별시
2026-06-19T08:35:06+09:00,GBIKE,130139,76.0,36.512265,127.250337,12,세종특별시
2026-06-19T08:35:06+09:00,GBIKE,131667,64.0,36.512302,127.242515,12,세종특별시
2026-06-19T08:35:06+09:00,GBIKE,501340,96.0,36.512303,127.242398,12,세종특별시
2026-06-19T08:35:06+09:00,GBIKE,131042,80.0,36.512318,127.229651,12,세종특별시
2026-06-19T08:35:06+09:00,GBIKE,130327,78.0,36.512319,127.241304,12,세종특별시
2026-06-19T08:35:06+09:00,GBIKE,130609,54.0,36.512329,127.241325,12,세종특별시
2026-06-19T08:35:06+09:00,GBIKE,130382,39.0,36.512333,127.243516,12,세종특별시
2026-06-19T08:35:06+09:00,GBIKE,501242,78.0,36.512351,127.241669,12,세종특별시
2026-06-19T08:35:06+09:00,GBIKE,131457,62.0,36.512355,127.250345,12,세종특별시
2026-06-19T08:35:06+09:00,GBIKE,501347,100.0,36.512367,127.250045,12,세종특별시
2026-06-19T08:35:06+09:00,GBIKE,131296,56.0,36.512385,127.239962,12,세종특별시
2026-06-19T08:35:06+09:00,GBIKE,131901,94.0,36.512388,127.239924,12,세종특별시
2026-06-19T08:35:06+09:00,GBIKE,501560,68.0,36.512389,127.233292,12,세종특별시
2026-06-19T08:35:06+09:00,GBIKE,131470,70.0,36.512395,127.258333,12,세종특별시
2026-06-19T08:35:06+09:00,GBIKE,501168,86.0,36.512397,127.258441,12,세종특별시
2026-06-19T08:35:06+09:00,GBIKE,130911,95.0,36.512398,127.258409,12,세종특별시
2026-06-19T08:35:06+09:00,GBIKE,130880,62.0,36.512402,127.258309,12,세종특별시
2026-06-19T08:35:06+09:00,GBIKE,131970,53.0,36.512424,127.258496,12,세종특별시
2026-06-19T08:35:06+09:00,GBIKE,131321,100.0,36.512425,127.258456,12,세종특별시
2026-06-19T08:35:06+09:00,GBIKE,130452,71.0,36.51245,127.258398,12,세종특별시
2026-06-19T08:35:06+09:00,GBIKE,130054,44.0,36.512479,127.242566,12,세종특별시
2026-06-19T08:35:06+09:00,GBIKE,501355,41.0,36.512483,127.229415,12,세종특별시
2026-06-19T08:35:06+09:00,GBIKE,131178,96.0,36.512488,127.258398,12,세종특별시
2026-06-19T08:35:06+09:00,GBIKE,130322,48.0,36.51249,127.241677,12,세종특별시
2026-06-19T08:35:06+09:00,GBIKE,131847,56.0,36.512534,127.247248,12,세종특별시
2026-06-19T08:35:06+09:00,GBIKE,130948,89.0,36.51258,127.266852,12,세종특별시
2026-06-19T08:35:06+09:00,GBIKE,130629,52.0,36.512595,127.266428,12,세종특별시
2026-06-19T08:35:06+09:00,GBIKE,501293,67.0,36.51261,127.246272,12,세종특별시
2026-06-19T08:35:06+09:00,GBIKE,130651,59.0,36.512612,127.233539,12,세종특별시
2026-06-19T08:35:06+09:00,GBIKE,130412,53.0,36.512654,127.258746,12,세종특별시
2026-06-19T08:35:06+09:00,GBIKE,131329,55.0,36.512673,127.246039,12,세종특별시
2026-06-19T08:35:06+09:00,GBIKE,130067,96.0,36.512674,127.262566,12,세종특별시
2026-06-19T08:35:06+09:00,GBIKE,501144,69.0,36.512769,127.242389,12,세종특별시
2026-06-19T08:35:06+09:00,GBIKE,130597,48.0,36.512786,127.241019,12,세종특별시
2026-06-19T08:35:06+09:00,GBIKE,130689,74.0,36.512786,127.22871,12,세종특별시
2026-06-19T08:35:06+09:00,GBIKE,130486,77.0,36.512803,127.261595,12,세종특별시
2026-06-19T08:35:06+09:00,GBIKE,130603,97.0,36.512814,127.262571,12,세종특별시
2026-06-19T08:35:06+09:00,GBIKE,131766,48.0,36.512874,127.261947,12,세종특별시
2026-06-19T08:35:06+09:00,GBIKE,130719,53.0,36.51293,127.258,12,세종특별시
2026-06-19T08:35:06+09:00,GBIKE,501525,44.0,36.512969,127.243296,12,세종특별시
2026-06-19T08:35:06+09:00,GBIKE,131826,48.0,36.512977,127.239807,12,세종특별시
2026-06-19T08:35:06+09:00,GBIKE,130319,40.0,36.512991,127.231323,12,세종특별시
2026-06-19T08:35:06+09:00,GBIKE,131085,72.0,36.512999,127.262944,12,세종특별시
2026-06-19T08:35:06+09:00,GBIKE,130554,50.0,36.513004,127.229676,12,세종특별시
2026-06-19T08:35:06+09:00,GBIKE,131996,95.0,36.51303,127.243026,12,세종특별시
2026-06-19T08:35:06+09:00,GBIKE,130246,73.0,36.51305,127.261818,12,세종특별시
2026-06-19T08:35:06+09:00,GBIKE,130761,87.0,36.513075,127.263226,12,세종특별시
2026-06-19T08:35:06+09:00,GBIKE,130344,95.0,36.513083,127.262052,12,세종특별시
2026-06-19T08:35:06+09:00,GBIKE,131991,78.0,36.513094,127.263214,12,세종특별시
2026-06-19T08:35:06+09:00,GBIKE,130549,84.0,36.513098,127.229459,12,세종특별시
2026-06-19T08:35:06+09:00,GBIKE,130728,76.0,36.513116,127.241671,12,세종특별시
2026-06-19T08:35:06+09:00,GBIKE,131177,57.0,36.513129,127.241669,12,세종특별시
2026-06-19T08:35:06+09:00,GBIKE,131421,81.0,36.513149,127.241677,12,세종특별시
2026-06-19T08:35:06+09:00,GBIKE,131740,41.0,36.513176,127.259152,12,세종특별시
2026-06-19T08:35:06+09:00,GBIKE,130165,98.0,36.513209,127.262016,12,세종특별시
2026-06-19T08:35:06+09:00,GBIKE,131407,51.0,36.513242,127.25849,12,세종특별시
2026-06-19T08:35:06+09:00,GBIKE,130610,39.0,36.513267,127.243342,12,세종특별시
2026-06-19T08:35:06+09:00,GBIKE,130149,85.0,36.51333,127.229386,12,세종특별시
2026-06-19T08:35:06+09:00,GBIKE,131316,36.0,36.513347,127.232899,12,세종특별시
2026-06-19T08:35:06+09:00,GBIKE,130667,72.0,36.513349,127.264844,12,세종특별시
2026-06-19T08:35:06+09:00,GBIKE,130245,82.0,36.513356,127.229386,12,세종특별시
2026-06-19T08:35:06+09:00,GBIKE,501318,44.0,36.513388,127.264876,12,세종특별시
2026-06-19T08:35:06+09:00,GBIKE,131690,66.0,36.513389,127.264524,12,세종특별시
2026-06-19T08:35:06+09:00,GBIKE,501338,45.0,36.513396,127.265007,12,세종특별시
2026-06-19T08:35:06+09:00,GBIKE,501118,42.0,36.513478,127.264287,12,세종특별시
2026-06-19T08:35:06+09:00,GBIKE,130855,79.0,36.513481,127.245897,12,세종특별시
2026-06-19T08:35:06+09:00,GBIKE,130817,39.0,36.51353,127.233221,12,세종특별시
2026-06-19T08:35:06+09:00,GBIKE,131581,68.0,36.513545,127.265998,12,세종특별시
2026-06-19T08:35:06+09:00,GBIKE,501412,37.0,36.513555,127.255666,12,세종특별시
2026-06-19T08:35:06+09:00,GBIKE,501500,49.0,36.513561,127.266411,12,세종특별시
2026-06-19T08:35:06+09:00,GBIKE,130868,98.0,36.513583,127.266356,12,세종특별시
2026-06-19T08:35:06+09:00,GBIKE,501541,89.0,36.513628,127.243542,12,세종특별시
2026-06-19T08:35:06+09:00,GBIKE,501526,69.0,36.51363,127.26633,12,세종특별시
2026-06-19T08:35:06+09:00,GBIKE,501235,67.0,36.513641,127.245778,12,세종특별시
2026-06-19T08:35:06+09:00,GBIKE,131258,96.0,36.513645,127.265217,12,세종특별시
2026-06-19T08:35:06+09:00,GBIKE,130538,59.0,36.513653,127.245831,12,세종특별시
2026-06-19T08:35:06+09:00,GBIKE,130125,76.0,36.513655,127.257772,12,세종특별시
2026-06-19T08:35:06+09:00,GBIKE,130640,100.0,36.513681,127.257759,12,세종특별시
2026-06-19T08:35:06+09:00,GBIKE,130559,100.0,36.5137,127.258659,12,세종특별시
2026-06-19T08:35:06+09:00,GBIKE,131308,65.0,36.513718,127.228623,12,세종특별시
2026-06-19T08:35:06+09:00,GBIKE,130631,63.0,36.513731,127.258055,12,세종특별시
2026-06-19T08:35:06+09:00,GBIKE,130769,74.0,36.513751,127.257765,12,세종특별시
2026-06-19T08:35:06+09:00,GBIKE,131180,83.0,36.513759,127.258015,12,세종특별시
2026-06-19T08:35:06+09:00,GBIKE,130385,32.0,36.513765,127.22938,12,세종특별시
2026-06-19T08:35:06+09:00,GBIKE,131596,85.0,36.513815,127.245991,12,세종특별시
2026-06-19T08:35:06+09:00,GBIKE,501379,44.0,36.513824,127.246633,12,세종특별시
2026-06-19T08:35:06+09:00,GBIKE,130474,85.0,36.513873,127.228899,12,세종특별시
2026-06-19T08:35:06+09:00,GBIKE,131229,95.0,36.513883,127.258912,12,세종특별시
2026-06-19T08:35:06+09:00,GBIKE,130717,63.0,36.513893,127.259339,12,세종특별시
2026-06-19T08:35:06+09:00,GBIKE,501117,97.0,36.51396,127.245838,12,세종특별시
2026-06-19T08:35:06+09:00,GBIKE,131850,38.0,36.514017,127.258825,12,세종특별시
2026-06-19T08:35:06+09:00,GBIKE,130025,80.0,36.514041,127.240824,12,세종특별시
2026-06-19T08:35:06+09:00,GBIKE,131545,96.0,36.514055,127.241747,12,세종특별시
2026-06-19T08:35:06+09:00,GBIKE,131689,86.0,36.514071,127.241063,12,세종특별시
2026-06-19T08:35:06+09:00,GBIKE,131466,63.0,36.514077,127.258867,12,세종특별시
2026-06-19T08:35:06+09:00,GBIKE,131479,48.0,36.514078,127.24173,12,세종특별시
2026-06-19T08:35:06+09:00,GBIKE,131608,32.0,36.514088,127.241815,12,세종특별시
2026-06-19T08:35:06+09:00,GBIKE,501539,83.0,36.514097,127.258956,12,세종특별시
2026-06-19T08:35:06+09:00,GBIKE,130642,81.0,36.514131,127.258862,12,세종특별시
2026-06-19T08:35:06+09:00,GBIKE,131771,96.0,36.514147,127.258934,12,세종특별시
2026-06-19T08:35:06+09:00,GBIKE,501403,63.0,36.514173,127.258957,12,세종특별시
2026-06-19T08:35:06+09:00,GBIKE,131403,91.0,36.514214,127.259357,12,세종특별시
2026-06-19T08:35:06+09:00,GBIKE,131557,37.0,36.51436,127.229446,12,세종특별시
2026-06-19T08:35:06+09:00,GBIKE,131266,75.0,36.514437,127.229526,12,세종특별시
2026-06-19T08:35:06+09:00,GBIKE,131706,52.0,36.514475,127.245672,12,세종특별시
2026-06-19T08:35:06+09:00,GBIKE,130113,67.0,36.514534,127.26811,12,세종특별시
2026-06-19T08:35:06+09:00,GBIKE,131670,93.0,36.514579,127.268062,12,세종특별시
2026-06-19T08:35:06+09:00,GBIKE,130778,49.0,36.514615,127.228648,12,세종특별시
2026-06-19T08:35:06+09:00,GBIKE,131220,53.0,36.514617,127.259257,12,세종특별시
2026-06-19T08:35:06+09:00,GBIKE,130295,30.0,36.514664,127.267882,12,세종특별시
2026-06-19T08:35:06+09:00,GBIKE,501398,94.0,36.514675,127.245647,12,세종특별시
2026-06-19T08:35:06+09:00,GBIKE,130343,83.0,36.514708,127.262884,12,세종특별시
2026-06-19T08:35:06+09:00,GBIKE,131294,81.0,36.514728,127.262863,12,세종특별시
2026-06-19T08:35:06+09:00,GBIKE,131757,93.0,36.514751,127.262859,12,세종특별시
2026-06-19T08:35:06+09:00,GBIKE,131792,96.0,36.514755,127.262846,12,세종특별시
2026-06-19T08:35:06+09:00,GBIKE,501461,83.0,36.514772,127.250649,12,세종특별시
2026-06-19T08:35:06+09:00,GBIKE,130430,43.0,36.514774,127.262857,12,세종특별시
2026-06-19T08:35:06+09:00,GBIKE,130274,100.0,36.514777,127.266028,12,세종특별시
2026-06-19T08:35:06+09:00,GBIKE,131779,72.0,36.514782,127.262842,12,세종특별시
2026-06-19T08:35:06+09:00,GBIKE,131433,100.0,36.514799,127.262824,12,세종특별시
2026-06-19T08:35:06+09:00,GBIKE,130889,100.0,36.514801,127.262846,12,세종특별시
2026-06-19T08:35:06+09:00,GBIKE,131781,88.0,36.51481,127.262753,12,세종특별시
2026-06-19T08:35:06+09:00,GBIKE,130747,60.0,36.51482,127.245467,12,세종특별시
2026-06-19T08:35:06+09:00,GBIKE,131540,74.0,36.514828,127.266041,12,세종특별시
2026-06-19T08:35:06+09:00,GBIKE,130963,89.0,36.514832,127.228719,12,세종특별시
2026-06-19T08:35:06+09:00,GBIKE,130900,100.0,36.51484,127.26442,12,세종특별시
2026-06-19T08:35:06+09:00,GBIKE,501586,40.0,36.514845,127.229927,12,세종특별시
2026-06-19T08:35:06+09:00,GBIKE,131862,30.0,36.514871,127.25857,12,세종특별시
2026-06-19T08:35:06+09:00,GBIKE,131091,67.0,36.514874,127.229231,12,세종특별시
2026-06-19T08:35:06+09:00,GBIKE,501536,62.0,36.514882,127.257508,12,세종특별시
2026-06-19T08:35:06+09:00,GBIKE,130606,97.0,36.514883,127.244207,12,세종특별시
2026-06-19T08:35:06+09:00,GBIKE,130458,72.0,36.514885,127.265956,12,세종특별시
2026-06-19T08:35:06+09:00,GBIKE,501497,67.0,36.514893,127.256604,12,세종특별시
2026-06-19T08:35:06+09:00,GBIKE,131105,62.0,36.514897,127.229375,12,세종특별시
2026-06-19T08:35:06+09:00,GBIKE,130547,83.0,36.514899,127.264515,12,세종특별시
2026-06-19T08:35:06+09:00,GBIKE,130253,37.0,36.51491,127.262899,12,세종특별시
2026-06-19T08:35:06+09:00,GBIKE,131023,100.0,36.514961,127.250685,12,세종특별시
2026-06-19T08:35:06+09:00,GBIKE,130097,54.0,36.515019,127.266208,12,세종특별시
2026-06-19T08:35:06+09:00,GBIKE,131580,44.0,36.51503,127.266127,12,세종특별시
2026-06-19T08:35:06+09:00,GBIKE,130148,63.0,36.515057,127.257618,12,세종특별시
2026-06-19T08:35:06+09:00,GBIKE,131141,100.0,36.515101,127.241904,12,세종특별시
2026-06-19T08:35:06+09:00,GBIKE,130910,32.0,36.515176,127.258921,12,세종특별시
2026-06-19T08:35:06+09:00,GBIKE,131232,80.0,36.515228,127.239118,12,세종특별시
2026-06-19T08:35:06+09:00,GBIKE,130895,39.0,36.515247,127.258676,12,세종특별시
2026-06-19T08:35:06+09:00,GBIKE,131253,42.0,36.515249,127.258805,12,세종특별시
2026-06-19T08:35:06+09:00,GBIKE,131621,34.0,36.515266,127.239645,12,세종특별시
2026-06-19T08:35:06+09:00,GBIKE,131710,93.0,36.515277,127.239057,12,세종특별시
2026-06-19T08:35:06+09:00,GBIKE,501238,43.0,36.515286,127.240554,12,세종특별시
2026-06-19T08:35:06+09:00,GBIKE,501544,75.0,36.515288,127.258811,12,세종특별시
2026-06-19T08:35:06+09:00,GBIKE,130800,51.0,36.515341,127.258242,12,세종특별시
2026-06-19T08:35:06+09:00,GBIKE,131564,100.0,36.515437,127.245527,12,세종특별시
2026-06-19T08:35:06+09:00,GBIKE,131631,62.0,36.515501,127.25587,12,세종특별시
2026-06-19T08:35:06+09:00,GBIKE,131831,86.0,36.515581,127.228214,12,세종특별시
2026-06-19T08:35:06+09:00,GBIKE,130387,82.0,36.515582,127.255876,12,세종특별시
2026-06-19T08:35:06+09:00,GBIKE,130439,77.0,36.515764,127.241405,12,세종특별시
2026-06-19T08:35:06+09:00,GBIKE,131279,41.0,36.515774,127.258769,12,세종특별시
2026-06-19T08:35:06+09:00,GBIKE,130051,35.0,36.515789,127.255802,12,세종특별시
2026-06-19T08:35:06+09:00,GBIKE,131123,59.0,36.515832,127.261613,12,세종특별시
2026-06-19T08:35:06+09:00,GBIKE,501166,78.0,36.515834,127.239493,12,세종특별시
2026-06-19T08:35:06+09:00,GBIKE,131909,70.0,36.515888,127.262017,12,세종특별시
2026-06-19T08:35:06+09:00,GBIKE,131914,73.0,36.515899,127.264816,12,세종특별시
2026-06-19T08:35:06+09:00,GBIKE,130292,39.0,36.515903,127.265388,12,세종특별시
2026-06-19T08:35:06+09:00,GBIKE,131385,91.0,36.515914,127.264486,12,세종특별시
2026-06-19T08:35:06+09:00,GBIKE,130218,100.0,36.515925,127.264483,12,세종특별시
2026-06-19T08:35:06+09:00,GBIKE,131422,94.0,36.51593,127.261656,12,세종특별시
2026-06-19T08:35:06+09:00,GBIKE,131586,99.0,36.515933,127.261635,12,세종특별시
2026-06-19T08:35:06+09:00,GBIKE,131074,95.0,36.515934,127.264528,12,세종특별시
2026-06-19T08:35:06+09:00,GBIKE,501119,45.0,36.515952,127.228087,12,세종특별시
2026-06-19T08:35:06+09:00,GBIKE,501229,93.0,36.515975,127.228101,12,세종특별시
2026-06-19T08:35:06+09:00,GBIKE,130255,50.0,36.515994,127.264517,12,세종특별시
2026-06-19T08:35:06+09:00,GBIKE,501444,35.0,36.516022,127.241217,12,세종특별시
2026-06-19T08:35:06+09:00,GBIKE,131507,88.0,36.516039,127.245419,12,세종특별시
2026-06-19T08:35:06+09:00,GBIKE,131662,40.0,36.516044,127.230772,12,세종특별시
2026-06-19T08:35:06+09:00,GBIKE,501213,90.0,36.516048,127.245356,12,세종특별시
2026-06-19T08:35:06+09:00,GBIKE,501313,69.0,36.516061,127.245655,12,세종특별시
2026-06-19T08:35:06+09:00,GBIKE,131382,94.0,36.516083,127.264473,12,세종특별시
2026-06-19T08:35:06+09:00,GBIKE,131184,59.0,36.516089,127.264163,12,세종특별시
2026-06-19T08:35:06+09:00,GBIKE,131049,75.0,36.516144,127.262898,12,세종특별시
2026-06-19T08:35:06+09:00,GBIKE,131124,43.0,36.516166,127.231796,12,세종특별시
2026-06-19T08:35:06+09:00,GBIKE,131967,94.0,36.516182,127.256441,12,세종특별시
2026-06-19T08:35:06+09:00,GBIKE,130046,89.0,36.516184,127.262898,12,세종특별시
2026-06-19T08:35:06+09:00,GBIKE,130521,66.0,36.516186,127.262886,12,세종특별시
2026-06-19T08:35:06+09:00,GBIKE,501422,47.0,36.51622,127.251197,12,세종특별시
2026-06-19T08:35:06+09:00,GBIKE,131406,43.0,36.516248,127.262771,12,세종특별시
2026-06-19T08:35:06+09:00,GBIKE,130471,96.0,36.516286,127.258144,12,세종특별시
2026-06-19T08:35:06+09:00,GBIKE,501531,66.0,36.516317,127.25932,12,세종특별시
2026-06-19T08:35:06+09:00,GBIKE,501256,45.0,36.51632,127.228217,12,세종특별시
2026-06-19T08:35:06+09:00,GBIKE,130645,30.0,36.516342,127.258714,12,세종특별시
2026-06-19T08:35:06+09:00,GBIKE,501485,90.0,36.516344,127.259259,12,세종특별시
2026-06-19T08:35:06+09:00,GBIKE,131072,39.0,36.51637,127.259316,12,세종특별시
2026-06-19T08:35:06+09:00,GBIKE,501507,44.0,36.516392,127.241464,12,세종특별시
2026-06-19T08:35:06+09:00,GBIKE,130630,80.0,36.5164,127.24147,12,세종특별시
2026-06-19T08:35:06+09:00,GBIKE,501429,34.0,36.516411,127.244543,12,세종특별시
2026-06-19T08:35:06+09:00,GBIKE,131151,56.0,36.516426,127.234879,12,세종특별시
2026-06-19T08:35:06+09:00,GBIKE,501590,100.0,36.516431,127.251615,12,세종특별시
2026-06-19T08:35:06+09:00,GBIKE,130604,63.0,36.516434,127.258804,12,세종특별시
2026-06-19T08:35:06+09:00,GBIKE,501515,53.0,36.51644,127.251531,12,세종특별시
2026-06-19T08:35:06+09:00,GBIKE,131500,64.0,36.516497,127.228853,12,세종특별시
2026-06-19T08:35:06+09:00,GBIKE,501327,70.0,36.516529,127.255758,12,세종특별시
2026-06-19T08:35:06+09:00,GBIKE,131369,96.0,36.516577,127.25157,12,세종특별시
2026-06-19T08:35:06+09:00,GBIKE,130048,50.0,36.516639,127.251348,12,세종특별시
2026-06-19T08:35:06+09:00,GBIKE,130508,93.0,36.516651,127.228934,12,세종특별시
2026-06-19T08:35:06+09:00,GBIKE,131918,59.0,36.51667,127.262681,12,세종특별시
2026-06-19T08:35:06+09:00,GBIKE,131113,65.0,36.516677,127.256039,12,세종특별시
2026-06-19T08:35:06+09:00,GBIKE,131190,100.0,36.516683,127.25134,12,세종특별시
2026-06-19T08:35:06+09:00,GBIKE,130231,41.0,36.516716,127.259116,12,세종특별시
2026-06-19T08:35:06+09:00,GBIKE,130442,72.0,36.516779,127.229055,12,세종특별시
2026-06-19T08:35:06+09:00,GBIKE,130365,100.0,36.51679,127.262654,12,세종특별시
2026-06-19T08:35:06+09:00,GBIKE,131442,38.0,36.516859,127.244302,12,세종특별시
2026-06-19T08:35:06+09:00,GBIKE,130858,49.0,36.516864,127.249396,12,세종특별시
2026-06-19T08:35:06+09:00,GBIKE,131292,69.0,36.516975,127.259288,12,세종특별시
2026-06-19T08:35:06+09:00,GBIKE,131874,62.0,36.516981,127.262244,12,세종특별시
2026-06-19T08:35:06+09:00,GBIKE,130996,55.0,36.51703,127.239252,12,세종특별시
2026-06-19T08:35:06+09:00,GBIKE,131288,94.0,36.517127,127.262512,12,세종특별시
2026-06-19T08:35:06+09:00,GBIKE,131856,46.0,36.517272,127.239961,12,세종특별시
2026-06-19T08:35:06+09:00,GBIKE,130188,41.0,36.517278,127.238413,12,세종특별시
2026-06-19T08:35:06+09:00,GBIKE,501433,49.0,36.517323,127.23977,12,세종특별시
2026-06-19T08:35:06+09:00,GBIKE,130386,100.0,36.517326,127.245494,12,세종특별시
2026-06-19T08:35:06+09:00,GBIKE,358231,30.0,36.51742,127.23707,12,세종특별시
2026-06-19T08:35:06+09:00,GBIKE,131251,51.0,36.517535,127.243428,12,세종특별시
2026-06-19T08:35:06+09:00,GBIKE,131143,82.0,36.517709,127.258658,12,세종특별시
2026-06-19T08:35:06+09:00,GBIKE,130124,42.0,36.51776,127.256115,12,세종특별시
2026-06-19T08:35:06+09:00,GBIKE,131116,71.0,36.517782,127.236981,12,세종특별시
2026-06-19T08:35:06+09:00,GBIKE,130978,79.0,36.51779,127.260364,12,세종특별시
2026-06-19T08:35:06+09:00,GBIKE,131297,89.0,36.517796,127.252206,12,세종특별시
2026-06-19T08:35:06+09:00,GBIKE,131940,73.0,36.5178,127.239684,12,세종특별시
2026-06-19T08:35:06+09:00,GBIKE,131117,36.0,36.517813,127.260376,12,세종특별시
2026-06-19T08:35:06+09:00,GBIKE,131739,34.0,36.517827,127.25875,12,세종특별시
2026-06-19T08:35:06+09:00,GBIKE,131989,44.0,36.517844,127.25221,12,세종특별시
2026-06-19T08:35:06+09:00,GBIKE,131633,86.0,36.517881,127.261598,12,세종특별시
2026-06-19T08:35:06+09:00,GBIKE,130949,75.0,36.517885,127.229655,12,세종특별시
2026-06-19T08:35:06+09:00,GBIKE,130207,68.0,36.517962,127.252403,12,세종특별시
2026-06-19T08:35:06+09:00,GBIKE,131627,96.0,36.51803,127.252052,12,세종특별시
2026-06-19T08:35:06+09:00,GBIKE,131126,73.0,36.51805,127.252042,12,세종특별시
2026-06-19T08:35:06+09:00,GBIKE,130509,84.0,36.518057,127.251987,12,세종특별시
2026-06-19T08:35:06+09:00,GBIKE,130878,99.0,36.518059,127.252077,12,세종특별시
2026-06-19T08:35:06+09:00,GBIKE,131577,72.0,36.518079,127.229642,12,세종특별시
2026-06-19T08:35:06+09:00,GBIKE,131809,100.0,36.518094,127.252062,12,세종특별시
2026-06-19T08:35:06+09:00,GBIKE,130420,71.0,36.518103,127.262933,12,세종특별시
2026-06-19T08:35:06+09:00,GBIKE,131420,30.0,36.518124,127.234935,12,세종특별시
2026-06-19T08:35:06+09:00,GBIKE,131031,92.0,36.518139,127.234938,12,세종특별시
2026-06-19T08:35:06+09:00,GBIKE,131968,99.0,36.518143,127.262915,12,세종특별시
2026-06-19T08:35:06+09:00,GBIKE,131919,47.0,36.518163,127.261802,12,세종특별시
2026-06-19T08:35:06+09:00,GBIKE,131504,100.0,36.518187,127.263351,12,세종특별시
2026-06-19T08:35:06+09:00,GBIKE,131896,43.0,36.518187,127.263715,12,세종특별시
2026-06-19T08:35:06+09:00,GBIKE,131328,60.0,36.518192,127.234854,12,세종특별시
2026-06-19T08:35:06+09:00,GBIKE,130424,55.0,36.518224,127.234957,12,세종특별시
2026-06-19T08:35:06+09:00,GBIKE,130265,100.0,36.518248,127.252109,12,세종특별시
2026-06-19T08:35:06+09:00,GBIKE,130785,81.0,36.518397,127.263464,12,세종특별시
2026-06-19T08:35:06+09:00,GBIKE,131078,62.0,36.51852,127.234875,12,세종특별시
2026-06-19T08:35:06+09:00,GBIKE,131120,49.0,36.518556,127.241736,12,세종특별시
2026-06-19T08:35:06+09:00,GBIKE,130491,99.0,36.518647,127.246343,12,세종특별시
2026-06-19T08:35:06+09:00,GBIKE,131622,100.0,36.51865,127.257042,12,세종특별시
2026-06-19T08:35:06+09:00,GBIKE,130453,62.0,36.518657,127.246527,12,세종특별시
2026-06-19T08:35:06+09:00,GBIKE,130536,99.0,36.518672,127.246327,12,세종특별시
2026-06-19T08:35:06+09:00,GBIKE,130822,100.0,36.518673,127.246377,12,세종특별시
2026-06-19T08:35:06+09:00,GBIKE,131272,44.0,36.518673,127.234833,12,세종특별시
2026-06-19T08:35:06+09:00,GBIKE,130110,79.0,36.518678,127.235344,12,세종특별시
2026-06-19T08:35:06+09:00,GBIKE,501352,71.0,36.518723,127.256279,12,세종특별시
2026-06-19T08:35:06+09:00,GBIKE,358227,99.0,36.518761,127.245071,12,세종특별시
2026-06-19T08:35:06+09:00,GBIKE,501249,88.0,36.51877,127.244541,12,세종특별시
2026-06-19T08:35:06+09:00,GBIKE,130894,31.0,36.518862,127.23794,12,세종특별시
2026-06-19T08:35:06+09:00,GBIKE,131928,58.0,36.51888,127.235502,12,세종특별시
2026-06-19T08:35:06+09:00,GBIKE,130580,89.0,36.51889,127.235374,12,세종특별시
2026-06-19T08:35:06+09:00,GBIKE,131597,39.0,36.518897,127.252476,12,세종특별시
2026-06-19T08:35:06+09:00,GBIKE,131693,40.0,36.518897,127.242206,12,세종특별시
2026-06-19T08:35:06+09:00,GBIKE,130185,83.0,36.518899,127.232978,12,세종특별시
2026-06-19T08:35:06+09:00,GBIKE,130357,61.0,36.518907,127.235594,12,세종특별시
2026-06-19T08:35:06+09:00,GBIKE,501233,99.0,36.518909,127.24654,12,세종특별시
2026-06-19T08:35:06+09:00,GBIKE,501300,51.0,36.518916,127.23792,12,세종특별시
2026-06-19T08:35:06+09:00,GBIKE,131588,77.0,36.51892,127.235815,12,세종특별시
2026-06-19T08:35:06+09:00,GBIKE,131193,79.0,36.518923,127.235768,12,세종특별시
2026-06-19T08:35:06+09:00,GBIKE,131061,34.0,36.518951,127.241856,12,세종특별시
2026-06-19T08:35:06+09:00,GBIKE,501158,63.0,36.519001,127.256238,12,세종특별시
2026-06-19T08:35:06+09:00,GBIKE,131840,36.0,36.519068,127.239412,12,세종특별시
2026-06-19T08:35:06+09:00,GBIKE,131306,100.0,36.519079,127.248414,12,세종특별시
2026-06-19T08:35:06+09:00,GBIKE,130972,80.0,36.519142,127.234368,12,세종특별시
2026-06-19T08:35:06+09:00,GBIKE,131191,81.0,36.51918,127.235781,12,세종특별시
2026-06-19T08:35:06+09:00,GBIKE,131166,66.0,36.519202,127.236523,12,세종특별시
2026-06-19T08:35:06+09:00,GBIKE,131763,78.0,36.519215,127.236268,12,세종특별시
2026-06-19T08:35:06+09:00,GBIKE,131821,44.0,36.519249,127.240832,12,세종특별시
2026-06-19T08:35:06+09:00,GBIKE,130089,76.0,36.519393,127.235861,12,세종특별시
2026-06-19T08:35:06+09:00,GBIKE,131549,78.0,36.519401,127.252908,12,세종특별시
2026-06-19T08:35:06+09:00,GBIKE,131912,64.0,36.519426,127.257261,12,세종특별시
2026-06-19T08:35:06+09:00,GBIKE,130378,100.0,36.51944,127.257235,12,세종특별시
2026-06-19T08:35:06+09:00,GBIKE,130632,74.0,36.519463,127.234119,12,세종특별시
2026-06-19T08:35:06+09:00,GBIKE,131685,94.0,36.519509,127.236887,12,세종특별시
2026-06-19T08:35:06+09:00,GBIKE,130535,58.0,36.519619,127.235572,12,세종특별시
2026-06-19T08:35:06+09:00,GBIKE,501572,73.0,36.519623,127.253036,12,세종특별시
2026-06-19T08:35:06+09:00,GBIKE,130587,92.0,36.519662,127.235721,12,세종특별시
2026-06-19T08:35:06+09:00,GBIKE,130101,47.0,36.519663,127.258989,12,세종특별시
2026-06-19T08:35:06+09:00,GBIKE,130520,100.0,36.519672,127.252594,12,세종특별시
2026-06-19T08:35:06+09:00,GBIKE,131287,96.0,36.519739,127.235716,12,세종특별시
2026-06-19T08:35:06+09:00,GBIKE,131502,45.0,36.519751,127.235504,12,세종특별시
2026-06-19T08:35:06+09:00,GBIKE,501193,97.0,36.519766,127.235386,12,세종특별시
2026-06-19T08:35:06+09:00,GBIKE,131341,55.0,36.519833,127.235426,12,세종특별시
2026-06-19T08:35:06+09:00,GBIKE,131339,44.0,36.51988,127.241425,12,세종특별시
2026-06-19T08:35:06+09:00,GBIKE,130984,66.0,36.519887,127.234357,12,세종특별시
2026-06-19T08:35:06+09:00,GBIKE,130053,35.0,36.519893,127.235734,12,세종특별시
2026-06-19T08:35:06+09:00,GBIKE,131759,97.0,36.519902,127.235768,12,세종특별시
2026-06-19T08:35:06+09:00,GBIKE,501579,70.0,36.519935,127.252515,12,세종특별시
2026-06-19T08:35:06+09:00,GBIKE,130869,71.0,36.520058,127.236911,12,세종특별시
2026-06-19T08:35:06+09:00,GBIKE,130623,95.0,36.520084,127.235876,12,세종특별시
2026-06-19T08:35:06+09:00,GBIKE,501178,62.0,36.520152,127.237211,12,세종특별시
2026-06-19T08:35:06+09:00,GBIKE,130450,73.0,36.520492,127.239393,12,세종특별시
2026-06-19T08:35:06+09:00,GBIKE,130678,84.0,36.520795,127.259318,12,세종특별시
2026-06-19T08:35:06+09:00,GBIKE,501120,82.0,36.521057,127.262147,12,세종특별시
2026-06-19T08:35:06+09:00,GBIKE,131053,82.0,36.521065,127.233165,12,세종특별시
2026-06-19T08:35:06+09:00,GBIKE,501110,78.0,36.521065,127.262174,12,세종특별시
2026-06-19T08:35:06+09:00,GBIKE,501143,89.0,36.52109,127.26214,12,세종특별시
2026-06-19T08:35:06+09:00,GBIKE,130340,84.0,36.521102,127.233168,12,세종특별시
2026-06-19T08:35:06+09:00,GBIKE,501558,90.0,36.521165,127.247482,12,세종특별시
2026-06-19T08:35:06+09:00,GBIKE,131424,32.0,36.521192,127.247479,12,세종특별시
2026-06-19T08:35:06+09:00,GBIKE,131965,83.0,36.521206,127.247563,12,세종특별시
2026-06-19T08:35:06+09:00,GBIKE,131721,55.0,36.521211,127.247535,12,세종특별시
2026-06-19T08:35:06+09:00,GBIKE,131511,35.0,36.52122,127.232974,12,세종특별시
2026-06-19T08:35:06+09:00,GBIKE,130569,100.0,36.521337,127.232883,12,세종특별시
2026-06-19T08:35:06+09:00,GBIKE,501287,35.0,36.521434,127.251314,12,세종특별시
2026-06-19T08:35:06+09:00,GBIKE,501589,32.0,36.521474,127.23633,12,세종특별시
2026-06-19T08:35:06+09:00,GBIKE,131827,54.0,36.521477,127.253466,12,세종특별시
2026-06-19T08:35:06+09:00,GBIKE,130465,86.0,36.521485,127.232827,12,세종특별시
2026-06-19T08:35:06+09:00,GBIKE,131159,44.0,36.521662,127.233793,12,세종특별시
2026-06-19T08:35:06+09:00,GBIKE,130217,60.0,36.521681,127.233248,12,세종특별시
2026-06-19T08:35:06+09:00,GBIKE,130431,50.0,36.521711,127.233386,12,세종특별시
2026-06-19T08:35:06+09:00,GBIKE,130182,73.0,36.521721,127.249313,12,세종특별시
2026-06-19T08:35:06+09:00,GBIKE,130111,40.0,36.521778,127.233353,12,세종특별시
2026-06-19T08:35:06+09:00,GBIKE,130888,42.0,36.521901,127.248422,12,세종특별시
2026-06-19T08:35:06+09:00,GBIKE,130575,75.0,36.521925,127.234337,12,세종특별시
2026-06-19T08:35:06+09:00,GBIKE,501571,87.0,36.521988,127.248905,12,세종특별시
2026-06-19T08:35:06+09:00,GBIKE,131913,40.0,36.522154,127.234776,12,세종특별시
2026-06-19T08:35:06+09:00,GBIKE,501343,61.0,36.522431,127.232489,12,세종특별시
2026-06-19T08:35:06+09:00,GBIKE,501385,92.0,36.522555,127.232392,12,세종특별시
2026-06-19T08:35:06+09:00,GBIKE,130248,48.0,36.52258,127.232327,12,세종특별시
2026-06-19T08:35:06+09:00,GBIKE,131125,71.0,36.52258,127.232374,12,세종특별시
2026-06-19T08:35:06+09:00,GBIKE,501294,64.0,36.522588,127.232391,12,세종특별시
2026-06-19T08:35:06+09:00,GBIKE,131852,35.0,36.522592,127.232332,12,세종특별시
2026-06-19T08:35:06+09:00,GBIKE,131402,95.0,36.522595,127.232327,12,세종특별시
2026-06-19T08:35:06+09:00,GBIKE,130040,83.0,36.522607,127.232342,12,세종특별시
2026-06-19T08:35:06+09:00,GBIKE,130115,95.0,36.522612,127.232337,12,세종특별시
2026-06-19T08:35:06+09:00,GBIKE,130962,93.0,36.522614,127.232348,12,세종특별시
2026-06-19T08:35:06+09:00,GBIKE,131543,48.0,36.523379,127.279217,12,세종특별시
2026-06-19T08:35:06+09:00,GBIKE,130560,100.0,36.523718,127.277145,12,세종특별시
2026-06-19T08:35:06+09:00,GBIKE,131484,68.0,36.524236,127.277379,12,세종특별시
2026-06-19T08:35:06+09:00,GBIKE,130432,48.0,36.524244,127.277323,12,세종특별시
2026-06-19T08:35:06+09:00,GBIKE,131350,87.0,36.524305,127.277229,12,세종특별시
2026-06-19T08:35:06+09:00,GBIKE,130056,100.0,36.525015,127.275898,12,세종특별시
2026-06-19T08:35:06+09:00,GBIKE,501570,59.0,36.525064,127.261083,12,세종특별시
2026-06-19T08:35:06+09:00,GBIKE,131430,82.0,36.525087,127.26161,12,세종특별시
2026-06-19T08:35:06+09:00,GBIKE,131226,31.0,36.525095,127.26159,12,세종특별시
2026-06-19T08:35:06+09:00,GBIKE,501146,32.0,36.525098,127.262943,12,세종특별시
2026-06-19T08:35:06+09:00,GBIKE,131907,100.0,36.525103,127.27337,12,세종특별시
2026-06-19T08:35:06+09:00,GBIKE,131153,76.0,36.525384,127.261817,12,세종특별시
2026-06-19T08:35:06+09:00,GBIKE,131330,34.0,36.526617,127.267275,12,세종특별시
2026-06-19T08:35:06+09:00,GBIKE,131103,63.0,36.526707,127.262661,12,세종특별시
2026-06-19T08:35:06+09:00,GBIKE,130833,58.0,36.526866,127.263286,12,세종특별시
2026-06-19T08:35:06+09:00,GBIKE,130582,100.0,36.526906,127.262224,12,세종특별시
2026-06-19T08:35:06+09:00,GBIKE,131730,33.0,36.527085,127.269657,12,세종특별시
2026-06-19T08:35:06+09:00,GBIKE,130932,44.0,36.527249,127.249425,12,세종특별시
2026-06-19T08:35:06+09:00,GBIKE,130772,84.0,36.527324,127.270496,12,세종특별시
2026-06-19T08:35:06+09:00,GBIKE,131723,74.0,36.527709,127.270717,12,세종특별시
2026-06-19T08:35:06+09:00,GBIKE,130363,62.0,36.527779,127.270237,12,세종특별시
2026-06-19T08:35:06+09:00,GBIKE,130179,86.0,36.527915,127.267439,12,세종특별시
2026-06-19T08:35:06+09:00,GBIKE,130820,72.0,36.528007,127.264548,12,세종특별시
2026-06-19T08:35:06+09:00,GBIKE,501326,40.0,36.528007,127.262907,12,세종특별시
2026-06-19T08:35:06+09:00,GBIKE,501439,80.0,36.528238,127.267662,12,세종특별시
2026-06-19T08:35:06+09:00,GBIKE,130999,80.0,36.528342,127.248345,12,세종특별시
2026-06-19T08:35:06+09:00,GBIKE,131095,53.0,36.52847,127.262787,12,세종특별시
2026-06-19T08:35:06+09:00,GBIKE,130447,85.0,36.528507,127.264001,12,세종특별시
2026-06-19T08:35:06+09:00,GBIKE,130290,46.0,36.528542,127.263927,12,세종특별시
2026-06-19T08:35:06+09:00,GBIKE,131729,77.0,36.528683,127.261266,12,세종특별시
2026-06-19T08:35:06+09:00,GBIKE,131499,100.0,36.528701,127.265162,12,세종특별시
2026-06-19T08:35:06+09:00,GBIKE,130734,48.0,36.528916,127.264371,12,세종특별시
2026-06-19T08:35:06+09:00,GBIKE,131262,85.0,36.52892,127.26435,12,세종특별시
2026-06-19T08:35:06+09:00,GBIKE,130506,33.0,36.529005,127.263911,12,세종특별시
2026-06-19T08:35:06+09:00,GBIKE,131401,55.0,36.529082,127.264528,12,세종특별시
2026-06-19T08:35:06+09:00,GBIKE,131733,100.0,36.529143,127.265433,12,세종특별시
2026-06-19T08:35:06+09:00,GBIKE,131142,41.0,36.52915,127.261104,12,세종특별시
2026-06-19T08:35:06+09:00,GBIKE,130770,31.0,36.529196,127.256124,12,세종특별시
2026-06-19T08:35:06+09:00,GBIKE,131584,100.0,36.529244,127.264681,12,세종특별시
2026-06-19T08:35:06+09:00,GBIKE,130671,35.0,36.529255,127.264731,12,세종특별시
2026-06-19T08:35:06+09:00,GBIKE,130907,100.0,36.529318,127.264291,12,세종특별시
2026-06-19T08:35:06+09:00,GBIKE,131383,100.0,36.529342,127.264305,12,세종특별시
2026-06-19T08:35:06+09:00,GBIKE,130810,32.0,36.529354,127.264282,12,세종특별시
2026-06-19T08:35:06+09:00,GBIKE,131930,38.0,36.529425,127.264319,12,세종특별시
2026-06-19T08:35:06+09:00,GBIKE,130464,54.0,36.529458,127.264452,12,세종특별시
2026-06-19T08:35:06+09:00,GBIKE,130312,30.0,36.529507,127.264418,12,세종특별시
2026-06-19T08:35:06+09:00,GBIKE,130648,100.0,36.529524,127.264467,12,세종특별시
2026-06-19T08:35:06+09:00,GBIKE,131493,70.0,36.529528,127.264356,12,세종특별시
2026-06-19T08:35:06+09:00,GBIKE,130325,34.0,36.529567,127.264369,12,세종특별시
2026-06-19T08:35:06+09:00,GBIKE,130613,31.0,36.529631,127.267767,12,세종특별시
2026-06-19T08:35:06+09:00,GBIKE,131044,87.0,36.529738,127.255013,12,세종특별시
2026-06-19T08:35:06+09:00,GBIKE,130803,30.0,36.529742,127.255153,12,세종특별시
2026-06-19T08:35:06+09:00,GBIKE,131212,74.0,36.529762,127.254972,12,세종특별시
2026-06-19T08:35:06+09:00,GBIKE,131010,84.0,36.529768,127.255224,12,세종특별시
2026-06-19T08:35:06+09:00,GBIKE,131929,69.0,36.529768,127.255132,12,세종특별시
2026-06-19T08:35:06+09:00,GBIKE,501388,35.0,36.529772,127.255231,12,세종특별시
2026-06-19T08:35:06+09:00,GBIKE,130764,54.0,36.529774,127.254973,12,세종특별시
2026-06-19T08:35:06+09:00,GBIKE,130753,100.0,36.529779,127.254875,12,세종특별시
2026-06-19T08:35:06+09:00,GBIKE,131582,45.0,36.52978,127.254909,12,세종특별시
2026-06-19T08:35:06+09:00,GBIKE,130142,71.0,36.529781,127.254927,12,세종특별시
2026-06-19T08:35:06+09:00,GBIKE,131957,32.0,36.529785,127.254943,12,세종특별시
2026-06-19T08:35:06+09:00,GBIKE,131291,100.0,36.529791,127.254925,12,세종특별시
2026-06-19T08:35:06+09:00,GBIKE,131394,100.0,36.529792,127.254945,12,세종특별시
2026-06-19T08:35:06+09:00,GBIKE,131938,50.0,36.529796,127.25517,12,세종특별시
2026-06-19T08:35:06+09:00,GBIKE,131460,33.0,36.529804,127.254892,12,세종특별시
2026-06-19T08:35:06+09:00,GBIKE,131426,56.0,36.529806,127.254897,12,세종특별시
2026-06-19T08:35:06+09:00,GBIKE,130088,43.0,36.529827,127.267634,12,세종특별시
2026-06-19T08:35:06+09:00,GBIKE,131489,37.0,36.529836,127.256038,12,세종특별시
2026-06-19T08:35:06+09:00,GBIKE,131281,34.0,36.529909,127.260555,12,세종특별시
2026-06-19T08:35:06+09:00,GBIKE,501281,90.0,36.53015,127.258034,12,세종특별시
2026-06-19T08:35:06+09:00,GBIKE,131029,76.0,36.530161,127.258604,12,세종특별시
2026-06-19T08:35:06+09:00,GBIKE,501488,71.0,36.530167,127.267347,12,세종특별시
2026-06-19T08:35:06+09:00,GBIKE,131658,54.0,36.53018,127.258894,12,세종특별시
2026-06-19T08:35:06+09:00,GBIKE,130413,79.0,36.530434,127.265448,12,세종특별시
2026-06-19T08:35:06+09:00,GBIKE,130806,48.0,36.530461,127.254834,12,세종특별시
2026-06-19T08:35:06+09:00,GBIKE,131769,63.0,36.530461,127.254877,12,세종특별시
2026-06-19T08:35:06+09:00,GBIKE,130309,38.0,36.530488,127.254945,12,세종특별시
2026-06-19T08:35:06+09:00,GBIKE,130987,77.0,36.53051,127.265379,12,세종특별시
2026-06-19T08:35:06+09:00,GBIKE,130028,100.0,36.53055,127.253895,12,세종특별시
2026-06-19T08:35:06+09:00,GBIKE,131170,100.0,36.530567,127.264761,12,세종특별시
2026-06-19T08:35:06+09:00,GBIKE,131163,56.0,36.530604,127.2667,12,세종특별시
2026-06-19T08:35:06+09:00,GBIKE,130658,53.0,36.530734,127.254349,12,세종특별시
2026-06-19T08:35:06+09:00,GBIKE,130684,30.0,36.530757,127.262284,12,세종특별시
2026-06-19T08:35:06+09:00,GBIKE,131372,49.0,36.530785,127.25373,12,세종특별시
2026-06-19T08:35:06+09:00,GBIKE,131446,72.0,36.530878,127.262501,12,세종특별시
2026-06-19T08:35:06+09:00,GBIKE,130585,100.0,36.530894,127.25356,12,세종특별시
2026-06-19T08:35:06+09:00,GBIKE,130105,66.0,36.530905,127.262501,12,세종특별시
2026-06-19T08:35:06+09:00,GBIKE,130513,47.0,36.530906,127.253555,12,세종특별시
2026-06-19T08:35:06+09:00,GBIKE,131592,52.0,36.53091,127.253098,12,세종특별시
2026-06-19T08:35:06+09:00,GBIKE,131736,45.0,36.530911,127.253074,12,세종특별시
2026-06-19T08:35:06+09:00,GBIKE,130316,98.0,36.530913,127.253088,12,세종특별시
2026-06-19T08:35:06+09:00,GBIKE,130297,72.0,36.530917,127.253542,12,세종특별시
2026-06-19T08:35:06+09:00,GBIKE,131522,72.0,36.530918,127.26246,12,세종특별시
2026-06-19T08:35:06+09:00,GBIKE,130586,100.0,36.530948,127.253552,12,세종특별시
2026-06-19T08:35:06+09:00,GBIKE,343326,35.0,36.531011,127.259373,12,세종특별시
2026-06-19T08:35:06+09:00,GBIKE,130890,67.0,36.531037,127.25362,12,세종특별시
2026-06-19T08:35:06+09:00,GBIKE,131958,83.0,36.53106,127.253968,12,세종특별시
2026-06-19T08:35:06+09:00,GBIKE,130690,60.0,36.531095,127.245813,12,세종특별시
2026-06-19T08:35:06+09:00,GBIKE,501550,100.0,36.531111,127.266385,12,세종특별시
2026-06-19T08:35:06+09:00,GBIKE,131927,55.0,36.531124,127.265763,12,세종특별시
2026-06-19T08:35:06+09:00,GBIKE,131245,65.0,36.531128,127.253977,12,세종특별시
2026-06-19T08:35:06+09:00,GBIKE,131391,63.0,36.531138,127.245749,12,세종특별시
2026-06-19T08:35:06+09:00,GBIKE,130457,38.0,36.53119,127.253969,12,세종특별시
2026-06-19T08:35:06+09:00,GBIKE,130882,72.0,36.531306,127.254014,12,세종특별시
2026-06-19T08:35:06+09:00,GBIKE,131437,55.0,36.531306,127.254064,12,세종특별시
2026-06-19T08:35:06+09:00,GBIKE,130262,56.0,36.531325,127.253984,12,세종특별시
2026-06-19T08:35:06+09:00,GBIKE,131413,30.0,36.531501,127.265552,12,세종특별시
2026-06-19T08:35:06+09:00,GBIKE,131601,100.0,36.531546,127.265437,12,세종특별시
2026-06-19T08:35:06+09:00,GBIKE,130787,95.0,36.531769,127.260902,12,세종특별시
2026-06-19T08:35:06+09:00,GBIKE,130216,39.0,36.531792,127.261567,12,세종특별시
2026-06-19T08:35:06+09:00,GBIKE,130201,36.0,36.531856,127.26562,12,세종특별시
2026-06-19T08:35:06+09:00,GBIKE,131676,30.0,36.531917,127.268667,12,세종특별시
2026-06-19T08:35:06+09:00,GBIKE,130466,60.0,36.532002,127.265276,12,세종특별시
2026-06-19T08:35:06+09:00,GBIKE,131553,100.0,36.532174,127.265602,12,세종특별시
2026-06-19T08:35:06+09:00,GBIKE,130641,48.0,36.53225,127.261331,12,세종특별시
2026-06-19T08:35:06+09:00,GBIKE,130767,78.0,36.532261,127.261349,12,세종특별시
2026-06-19T08:35:06+09:00,GBIKE,130802,32.0,36.532514,127.265184,12,세종특별시
2026-06-19T08:35:06+09:00,GBIKE,501240,30.0,36.532582,127.257046,12,세종특별시
2026-06-19T08:35:06+09:00,GBIKE,131981,30.0,36.532646,127.267189,12,세종특별시
2026-06-19T08:35:06+09:00,GBIKE,501156,100.0,36.532999,127.265371,12,세종특별시
2026-06-19T08:35:06+09:00,GBIKE,130754,30.0,36.533545,127.266247,12,세종특별시
2026-06-19T08:35:06+09:00,GBIKE,130823,92.0,36.533613,127.266044,12,세종특별시
2026-06-19T08:35:06+09:00,GBIKE,501174,47.0,36.533621,127.266019,12,세종특별시
2026-06-19T08:35:06+09:00,GBIKE,131648,35.0,36.533688,127.266832,12,세종특별시
2026-06-19T08:35:06+09:00,GBIKE,501155,44.0,36.534093,127.263939,12,세종특별시
2026-06-19T08:35:06+09:00,GBIKE,501222,100.0,36.534496,127.263043,12,세종특별시
2026-06-19T08:35:06+09:00,GBIKE,130203,98.0,36.534622,127.263387,12,세종특별시
2026-06-19T08:35:06+09:00,GBIKE,131021,100.0,36.534625,127.262692,12,세종특별시
2026-06-19T08:35:06+09:00,GBIKE,131700,71.0,36.535008,127.26341,12,세종특별시
2026-06-19T08:35:06+09:00,GBIKE,501216,100.0,36.542372,127.364778,12,세종특별시
2026-06-19T08:35:06+09:00,GBIKE,301478,50.0,36.542767,127.36581,12,세종특별시
2026-06-19T08:35:06+09:00,GBIKE,501134,100.0,36.542774,127.364713,12,세종특별시
2026-06-19T08:35:06+09:00,GBIKE,130093,100.0,36.54278,127.364632,12,세종특별시
2026-06-19T08:35:06+09:00,GBIKE,501474,100.0,36.542809,127.364777,12,세종특별시
2026-06-19T08:35:06+09:00,GBIKE,501512,81.0,36.542863,127.364374,12,세종특별시
2026-06-19T08:35:06+09:00,GBIKE,501228,100.0,36.542868,127.364729,12,세종특별시
2026-06-19T08:35:06+09:00,GBIKE,501559,100.0,36.542932,127.36435,12,세종특별시
2026-06-19T08:35:06+09:00,GBIKE,385850,30.0,36.585196,127.369438,12,세종특별시
2026-06-19T08:35:06+09:00,GBIKE,385504,61.0,36.585886,127.295251,12,세종특별시
2026-06-19T08:35:06+09:00,GBIKE,625563,100.0,36.586458,127.293835,12,세종특별시
2026-06-19T08:35:06+09:00,GBIKE,384782,62.0,36.588676,127.291876,12,세종특별시
2026-06-19T08:35:06+09:00,GBIKE,365682,38.0,36.589265,127.298868,12,세종특별시
2026-06-19T08:35:06+09:00,GBIKE,603062,62.0,36.589833,127.288546,12,세종특별시
2026-06-19T08:35:06+09:00,GBIKE,602329,75.0,36.5903,127.288395,12,세종특별시
2026-06-19T08:35:06+09:00,GBIKE,630534,33.0,36.590556,127.291661,12,세종특별시
2026-06-19T08:35:06+09:00,GBIKE,354814,33.0,36.590928,127.289155,12,세종특별시
2026-06-19T08:35:06+09:00,GBIKE,378077,30.0,36.591423,127.29003,12,세종특별시
2026-06-19T08:35:06+09:00,GBIKE,374639,30.0,36.591551,127.29188,12,세종특별시
2026-06-19T08:35:06+09:00,GBIKE,381716,31.0,36.591936,127.295601,12,세종특별시
2026-06-19T08:35:06+09:00,GBIKE,380931,100.0,36.59276,127.29159,12,세종특별시
2026-06-19T08:35:06+09:00,GBIKE,611872,32.0,36.592875,127.286874,12,세종특별시
2026-06-19T08:35:06+09:00,GBIKE,612853,97.0,36.592951,127.28814,12,세종특별시
2026-06-19T08:35:06+09:00,GBIKE,392234,33.0,36.593158,127.289193,12,세종특별시
2026-06-19T08:35:06+09:00,GBIKE,376034,95.0,36.593513,127.294015,12,세종특별시
2026-06-19T08:35:06+09:00,GBIKE,392507,44.0,36.593731,127.285718,12,세종특별시
2026-06-19T08:35:06+09:00,GBIKE,383611,71.0,36.593871,127.295893,12,세종특별시
2026-06-19T08:35:06+09:00,GBIKE,384327,35.0,36.594426,127.28692,12,세종특별시
2026-06-19T08:35:06+09:00,GBIKE,616296,35.0,36.594432,127.286972,12,세종특별시
2026-06-19T08:35:06+09:00,GBIKE,375544,36.0,36.594608,127.28848,12,세종특별시
2026-06-19T08:35:06+09:00,GBIKE,377611,53.0,36.594663,127.284645,12,세종특별시
2026-06-19T08:35:06+09:00,GBIKE,380917,50.0,36.59472,127.284578,12,세종특별시
2026-06-19T08:35:06+09:00,GBIKE,383788,30.0,36.594758,127.285415,12,세종특별시
2026-06-19T08:35:06+09:00,GBIKE,394153,30.0,36.594813,127.288578,12,세종특별시
2026-06-19T08:35:06+09:00,GBIKE,390480,92.0,36.594985,127.27958,12,세종특별시
2026-06-19T08:35:06+09:00,GBIKE,383605,30.0,36.59501,127.289535,12,세종특별시
2026-06-19T08:35:06+09:00,GBIKE,371981,30.0,36.595326,127.290863,12,세종특별시
2026-06-19T08:35:06+09:00,GBIKE,389748,55.0,36.595395,127.288518,12,세종특별시
2026-06-19T08:35:06+09:00,GBIKE,607530,37.0,36.595478,127.291181,12,세종특별시
2026-06-19T08:35:06+09:00,GBIKE,369717,100.0,36.596536,127.288306,12,세종특별시
2026-06-19T08:35:06+09:00,GBIKE,384350,33.0,36.596916,127.300061,12,세종특별시
2026-06-19T08:35:06+09:00,GBIKE,613103,43.0,36.596964,127.30177,12,세종특별시
2026-06-19T08:35:06+09:00,GBIKE,368846,45.0,36.599098,127.295415,12,세종특별시
2026-06-19T08:35:06+09:00,GBIKE,374564,32.0,36.599131,127.297343,12,세종특별시
2026-06-19T08:35:06+09:00,GBIKE,383167,30.0,36.599216,127.297855,12,세종특별시
2026-06-19T08:35:06+09:00,GBIKE,612617,30.0,36.599382,127.298601,12,세종특별시
2026-06-19T08:35:06+09:00,GBIKE,377794,31.0,36.599581,127.296735,12,세종특별시
2026-06-19T08:35:06+09:00,GBIKE,367102,69.0,36.599613,127.290116,12,세종특별시
2026-06-19T08:35:06+09:00,GBIKE,614001,36.0,36.599921,127.298397,12,세종특별시
2026-06-19T08:35:06+09:00,GBIKE,369415,42.0,36.599943,127.289998,12,세종특별시
2026-06-19T08:35:06+09:00,GBIKE,377732,87.0,36.60014,127.301511,12,세종특별시
2026-06-19T08:35:06+09:00,GBIKE,367806,69.0,36.60032,127.29523,12,세종특별시
2026-06-19T08:35:06+09:00,GBIKE,382545,46.0,36.600483,127.301911,12,세종특별시
2026-06-19T08:35:06+09:00,GBIKE,620595,93.0,36.60053,127.301249,12,세종특별시
2026-06-19T08:35:06+09:00,GBIKE,381308,100.0,36.600595,127.28936,12,세종특별시
2026-06-19T08:35:06+09:00,GBIKE,371887,71.0,36.600851,127.295216,12,세종특별시
2026-06-19T08:35:06+09:00,GBIKE,375444,50.0,36.601028,127.29503,12,세종특별시
2026-06-19T08:35:06+09:00,GBIKE,630536,81.0,36.601058,127.295073,12,세종특별시
2026-06-19T08:35:06+09:00,GBIKE,372002,32.0,36.601341,127.294896,12,세종특별시
2026-06-19T08:35:06+09:00,GBIKE,368833,70.0,36.601343,127.289943,12,세종특별시
2026-06-19T08:35:06+09:00,GBIKE,637500,100.0,36.601366,127.295102,12,세종특별시
2026-06-19T08:35:06+09:00,GBIKE,376390,76.0,36.601373,127.294838,12,세종특별시
2026-06-19T08:35:06+09:00,GBIKE,631918,61.0,36.601549,127.281096,12,세종특별시
2026-06-19T08:35:06+09:00,GBIKE,383566,38.0,36.601576,127.303496,12,세종특별시
2026-06-19T08:35:06+09:00,GBIKE,628775,74.0,36.601646,127.303477,12,세종특별시
2026-06-19T08:35:06+09:00,GBIKE,347317,52.0,36.601663,127.283603,12,세종특별시
2026-06-19T08:35:06+09:00,GBIKE,636622,89.0,36.60172,127.303358,12,세종특별시
2026-06-19T08:35:06+09:00,GBIKE,384300,50.0,36.601773,127.303378,12,세종특별시
2026-06-19T08:35:06+09:00,GBIKE,635266,40.0,36.601873,127.294839,12,세종특별시
2026-06-19T08:35:06+09:00,GBIKE,626567,75.0,36.601877,127.290608,12,세종특별시
2026-06-19T08:35:06+09:00,GBIKE,367059,48.0,36.601883,127.280045,12,세종특별시
2026-06-19T08:35:06+09:00,GBIKE,624058,55.0,36.601904,127.281309,12,세종특별시
2026-06-19T08:35:06+09:00,GBIKE,365775,37.0,36.601926,127.294901,12,세종특별시
2026-06-19T08:35:06+09:00,GBIKE,345485,30.0,36.601953,127.294798,12,세종특별시
2026-06-19T08:35:06+09:00,GBIKE,373224,67.0,36.60202,127.290093,12,세종특별시
2026-06-19T08:35:06+09:00,GBIKE,366495,52.0,36.602035,127.28504,12,세종특별시
2026-06-19T08:35:06+09:00,GBIKE,383706,31.0,36.602133,127.294841,12,세종특별시
2026-06-19T08:35:06+09:00,GBIKE,346312,100.0,36.602158,127.292421,12,세종특별시
2026-06-19T08:35:06+09:00,GBIKE,607348,100.0,36.602248,127.281854,12,세종특별시
2026-06-19T08:35:06+09:00,GBIKE,621289,92.0,36.602274,127.28192,12,세종특별시
2026-06-19T08:35:06+09:00,GBIKE,632897,65.0,36.602339,127.282046,12,세종특별시
2026-06-19T08:35:06+09:00,GBIKE,347574,55.0,36.602485,127.294848,12,세종특별시
2026-06-19T08:35:06+09:00,GBIKE,388650,100.0,36.602585,127.303388,12,세종특별시
2026-06-19T08:35:06+09:00,GBIKE,617006,41.0,36.602881,127.282343,12,세종특별시
2026-06-19T08:35:06+09:00,GBIKE,392835,31.0,36.60291,127.279925,12,세종특별시
2026-06-19T08:35:06+09:00,GBIKE,365321,79.0,36.602933,127.279895,12,세종특별시
2026-06-19T08:35:06+09:00,GBIKE,383734,55.0,36.602956,127.279865,12,세종특별시
2026-06-19T08:35:06+09:00,GBIKE,351964,35.0,36.603023,127.289603,12,세종특별시
2026-06-19T08:35:06+09:00,GBIKE,614604,84.0,36.603062,127.289978,12,세종특별시
2026-06-19T08:35:06+09:00,GBIKE,636806,57.0,36.60317,127.289341,12,세종특별시
2026-06-19T08:35:06+09:00,GBIKE,347727,32.0,36.603175,127.290663,12,세종특별시
2026-06-19T08:35:06+09:00,GBIKE,367389,33.0,36.603188,127.282021,12,세종특별시
2026-06-19T08:35:06+09:00,GBIKE,392376,92.0,36.603228,127.29041,12,세종특별시
2026-06-19T08:35:06+09:00,GBIKE,383623,40.0,36.603268,127.29155,12,세종특별시
2026-06-19T08:35:06+09:00,GBIKE,628253,100.0,36.603341,127.291107,12,세종특별시
2026-06-19T08:35:06+09:00,GBIKE,370368,100.0,36.603366,127.304426,12,세종특별시
2026-06-19T08:35:06+09:00,GBIKE,381538,48.0,36.603375,127.293721,12,세종특별시
2026-06-19T08:35:06+09:00,GBIKE,629818,30.0,36.603377,127.304871,12,세종특별시
2026-06-19T08:35:06+09:00,GBIKE,628466,34.0,36.603394,127.304844,12,세종특별시
2026-06-19T08:35:06+09:00,GBIKE,374698,49.0,36.603448,127.289566,12,세종특별시
2026-06-19T08:35:06+09:00,GBIKE,381932,83.0,36.60346,127.289588,12,세종특별시
2026-06-19T08:35:06+09:00,GBIKE,618647,85.0,36.603592,127.289833,12,세종특별시
2026-06-19T08:35:06+09:00,GBIKE,623385,94.0,36.603615,127.293166,12,세종특별시
2026-06-19T08:35:06+09:00,GBIKE,332032,49.0,36.603791,127.294305,12,세종특별시
2026-06-19T08:35:06+09:00,GBIKE,343439,44.0,36.603796,127.296536,12,세종특별시
2026-06-19T08:35:06+09:00,GBIKE,635969,67.0,36.603844,127.297523,12,세종특별시
2026-06-19T08:35:06+09:00,GBIKE,369813,52.0,36.603886,127.289925,12,세종특별시
2026-06-19T08:35:06+09:00,GBIKE,618900,48.0,36.603888,127.290987,12,세종특별시
2026-06-19T08:35:06+09:00,GBIKE,377781,98.0,36.60389,127.297235,12,세종특별시
2026-06-19T08:35:06+09:00,GBIKE,375093,33.0,36.603908,127.287095,12,세종특별시
2026-06-19T08:35:06+09:00,GBIKE,607950,35.0,36.604017,127.297935,12,세종특별시
2026-06-19T08:35:06+09:00,GBIKE,374614,92.0,36.604291,127.29702,12,세종특별시
2026-06-19T08:35:06+09:00,GBIKE,604547,50.0,36.604301,127.289895,12,세종특별시
2026-06-19T08:35:06+09:00,GBIKE,625142,32.0,36.604376,127.291361,12,세종특별시
2026-06-19T08:35:06+09:00,GBIKE,612261,93.0,36.604387,127.290093,12,세종특별시
2026-06-19T08:35:06+09:00,GBIKE,382652,49.0,36.604388,127.300781,12,세종특별시
2026-06-19T08:35:06+09:00,GBIKE,601954,95.0,36.60444,127.292981,12,세종특별시
2026-06-19T08:35:06+09:00,GBIKE,624662,52.0,36.604506,127.291978,12,세종특별시
2026-06-19T08:35:06+09:00,GBIKE,367523,35.0,36.604541,127.292408,12,세종특별시
2026-06-19T08:35:06+09:00,GBIKE,373517,30.0,36.604553,127.292578,12,세종특별시
2026-06-19T08:35:06+09:00,GBIKE,369480,90.0,36.604595,127.29248,12,세종특별시
2026-06-19T08:35:06+09:00,GBIKE,615828,32.0,36.604604,127.292555,12,세종특별시
2026-06-19T08:35:06+09:00,GBIKE,383739,37.0,36.604781,127.29068,12,세종특별시
2026-06-19T08:35:06+09:00,GBIKE,629532,30.0,36.604938,127.287893,12,세종특별시
2026-06-19T08:35:06+09:00,GBIKE,373521,33.0,36.60506,127.292375,12,세종특별시
2026-06-19T08:35:06+09:00,GBIKE,364026,33.0,36.605091,127.294378,12,세종특별시
2026-06-19T08:35:06+09:00,GBIKE,617885,58.0,36.605091,127.292923,12,세종특별시
2026-06-19T08:35:06+09:00,GBIKE,633367,90.0,36.605102,127.289948,12,세종특별시
2026-06-19T08:35:06+09:00,GBIKE,353905,59.0,36.605171,127.289723,12,세종특별시
2026-06-19T08:35:06+09:00,GBIKE,389105,32.0,36.605218,127.291721,12,세종특별시
2026-06-19T08:35:06+09:00,GBIKE,381375,92.0,36.605318,127.297415,12,세종특별시
2026-06-19T08:35:06+09:00,GBIKE,385508,86.0,36.605336,127.292276,12,세종특별시
2026-06-19T08:35:06+09:00,GBIKE,368537,49.0,36.605621,127.292765,12,세종특별시
2026-06-19T08:35:06+09:00,GBIKE,383781,30.0,36.60563,127.300511,12,세종특별시
2026-06-19T08:35:06+09:00,GBIKE,620391,89.0,36.605719,127.294068,12,세종특별시
2026-06-19T08:35:06+09:00,GBIKE,387673,100.0,36.60572,127.294081,12,세종특별시
2026-06-19T08:35:06+09:00,GBIKE,383778,34.0,36.605735,127.289481,12,세종특별시
2026-06-19T08:35:06+09:00,GBIKE,383223,97.0,36.605813,127.292218,12,세종특별시
2026-06-19T08:35:06+09:00,GBIKE,376326,30.0,36.605958,127.286655,12,세종특별시
2026-06-19T08:35:06+09:00,GBIKE,601083,69.0,36.606003,127.289601,12,세종특별시
2026-06-19T08:35:06+09:00,GBIKE,384302,57.0,36.606028,127.277433,12,세종특별시
2026-06-19T08:35:06+09:00,GBIKE,384342,50.0,36.606113,127.293325,12,세종특별시
2026-06-19T08:35:06+09:00,GBIKE,609681,60.0,36.606151,127.28775,12,세종특별시
2026-06-19T08:35:06+09:00,GBIKE,382436,100.0,36.606198,127.289815,12,세종특별시
2026-06-19T08:35:06+09:00,GBIKE,391985,86.0,36.606243,127.293175,12,세종특별시
2026-06-19T08:35:06+09:00,GBIKE,370088,78.0,36.606258,127.293156,12,세종특별시
2026-06-19T08:35:06+09:00,GBIKE,383612,100.0,36.606286,127.289598,12,세종특별시
2026-06-19T08:35:06+09:00,GBIKE,394330,69.0,36.60638,127.294115,12,세종특별시
2026-06-19T08:35:06+09:00,GBIKE,617603,48.0,36.606466,127.289409,12,세종특별시
2026-06-19T08:35:06+09:00,GBIKE,390746,68.0,36.606631,127.297071,12,세종특별시
2026-06-19T08:35:06+09:00,GBIKE,377574,31.0,36.606663,127.286398,12,세종특별시
2026-06-19T08:35:06+09:00,GBIKE,378994,83.0,36.60668,127.2864,12,세종특별시
2026-06-19T08:35:06+09:00,GBIKE,635165,88.0,36.6068,127.297008,12,세종특별시
2026-06-19T08:35:06+09:00,GBIKE,617002,55.0,36.606814,127.297038,12,세종특별시
2026-06-19T08:35:06+09:00,GBIKE,374569,31.0,36.606853,127.293958,12,세종특별시
2026-06-19T08:35:06+09:00,GBIKE,388632,73.0,36.606991,127.290141,12,세종특별시
2026-06-19T08:35:06+09:00,GBIKE,345320,78.0,36.607011,127.284333,12,세종특별시
2026-06-19T08:35:06+09:00,GBIKE,369515,31.0,36.607013,127.29047,12,세종특별시
2026-06-19T08:35:06+09:00,GBIKE,368766,39.0,36.607018,127.285425,12,세종특별시
2026-06-19T08:35:06+09:00,GBIKE,384363,30.0,36.607051,127.2885,12,세종특별시
2026-06-19T08:35:06+09:00,GBIKE,362576,97.0,36.607095,127.283616,12,세종특별시
2026-06-19T08:35:06+09:00,GBIKE,375527,100.0,36.6071,127.284493,12,세종특별시
2026-06-19T08:35:06+09:00,GBIKE,368384,50.0,36.607103,127.283605,12,세종특별시
2026-06-19T08:35:06+09:00,GBIKE,365501,59.0,36.607105,127.284271,12,세종특별시
2026-06-19T08:35:06+09:00,GBIKE,619363,48.0,36.607155,127.291906,12,세종특별시
2026-06-19T08:35:06+09:00,GBIKE,364617,66.0,36.607165,127.284236,12,세종특별시
2026-06-19T08:35:06+09:00,GBIKE,375058,50.0,36.60717,127.28461,12,세종특별시
2026-06-19T08:35:06+09:00,GBIKE,377098,63.0,36.607175,127.284298,12,세종특별시
2026-06-19T08:35:06+09:00,GBIKE,625200,90.0,36.607178,127.284291,12,세종특별시
2026-06-19T08:35:06+09:00,GBIKE,384694,100.0,36.607201,127.28467,12,세종특별시
2026-06-19T08:35:06+09:00,GBIKE,375429,32.0,36.607218,127.290868,12,세종특별시
2026-06-19T08:35:06+09:00,GBIKE,386474,47.0,36.607236,127.284721,12,세종특별시
2026-06-19T08:35:06+09:00,GBIKE,630578,78.0,36.607307,127.296891,12,세종특별시
2026-06-19T08:35:06+09:00,GBIKE,365795,41.0,36.607318,127.286208,12,세종특별시
2026-06-19T08:35:06+09:00,GBIKE,348952,100.0,36.607323,127.286298,12,세종특별시
2026-06-19T08:35:06+09:00,GBIKE,394908,86.0,36.607328,127.28633,12,세종특별시
2026-06-19T08:35:06+09:00,GBIKE,368132,38.0,36.607418,127.29245,12,세종특별시
2026-06-19T08:35:06+09:00,GBIKE,383829,46.0,36.607421,127.297,12,세종특별시
2026-06-19T08:35:06+09:00,GBIKE,347346,100.0,36.60757,127.290555,12,세종특별시
2026-06-19T08:35:06+09:00,GBIKE,374321,100.0,36.607843,127.292743,12,세종특별시
2026-06-19T08:35:06+09:00,GBIKE,371980,35.0,36.607883,127.28562,12,세종특별시
2026-06-19T08:35:06+09:00,GBIKE,348243,95.0,36.608046,127.289146,12,세종특별시
2026-06-19T08:35:06+09:00,GBIKE,608840,54.0,36.608148,127.288329,12,세종특별시
2026-06-19T08:35:06+09:00,GBIKE,384361,94.0,36.608205,127.288313,12,세종특별시
2026-06-19T08:35:06+09:00,GBIKE,638395,44.0,36.608273,127.285562,12,세종특별시
2026-06-19T08:35:06+09:00,GBIKE,628141,75.0,36.60832,127.28396,12,세종특별시
2026-06-19T08:35:06+09:00,GBIKE,604011,94.0,36.60833,127.28505,12,세종특별시
2026-06-19T08:35:06+09:00,GBIKE,633047,66.0,36.60833,127.289103,12,세종특별시
2026-06-19T08:35:06+09:00,GBIKE,612402,95.0,36.608337,127.283945,12,세종특별시
2026-06-19T08:35:06+09:00,GBIKE,355960,30.0,36.608448,127.285631,12,세종특별시
2026-06-19T08:35:06+09:00,GBIKE,627925,71.0,36.608518,127.285617,12,세종특별시
2026-06-19T08:35:06+09:00,GBIKE,375487,31.0,36.60852,127.289178,12,세종특별시
2026-06-19T08:35:06+09:00,GBIKE,370374,31.0,36.608611,127.289476,12,세종특별시
2026-06-19T08:35:06+09:00,GBIKE,369487,30.0,36.608613,127.289291,12,세종특별시
2026-06-19T08:35:06+09:00,GBIKE,381468,80.0,36.608633,127.283736,12,세종특별시
2026-06-19T08:35:06+09:00,GBIKE,389216,79.0,36.608653,127.289148,12,세종특별시
2026-06-19T08:35:06+09:00,GBIKE,370217,69.0,36.608655,127.283785,12,세종특별시
2026-06-19T08:35:06+09:00,GBIKE,388389,88.0,36.608656,127.283895,12,세종특별시
2026-06-19T08:35:06+09:00,GBIKE,373770,91.0,36.608663,127.288871,12,세종특별시
2026-06-19T08:35:06+09:00,GBIKE,389490,78.0,36.608663,127.283878,12,세종특별시
2026-06-19T08:35:06+09:00,GBIKE,392829,87.0,36.608666,127.28885,12,세종특별시
2026-06-19T08:35:06+09:00,GBIKE,383266,95.0,36.608671,127.28369,12,세종특별시
2026-06-19T08:35:06+09:00,GBIKE,371895,63.0,36.608673,127.283775,12,세종특별시
2026-06-19T08:35:06+09:00,GBIKE,383197,86.0,36.608673,127.283971,12,세종특별시
2026-06-19T08:35:06+09:00,GBIKE,387829,51.0,36.608675,127.288863,12,세종특별시
2026-06-19T08:35:06+09:00,GBIKE,388893,60.0,36.608675,127.283788,12,세종특별시
2026-06-19T08:35:06+09:00,GBIKE,377780,89.0,36.60868,127.289008,12,세종특별시
2026-06-19T08:35:06+09:00,GBIKE,387860,49.0,36.60868,127.283845,12,세종특별시
2026-06-19T08:35:06+09:00,GBIKE,381351,62.0,36.608681,127.283781,12,세종특별시
2026-06-19T08:35:06+09:00,GBIKE,383321,85.0,36.608685,127.283768,12,세종특별시
2026-06-19T08:35:06+09:00,GBIKE,389159,95.0,36.608688,127.283816,12,세종특별시
2026-06-19T08:35:06+09:00,GBIKE,368693,52.0,36.608695,127.283851,12,세종특별시
2026-06-19T08:35:06+09:00,GBIKE,385640,39.0,36.608695,127.283868,12,세종특별시
2026-06-19T08:35:06+09:00,GBIKE,382936,48.0,36.608698,127.283861,12,세종특별시
2026-06-19T08:35:06+09:00,GBIKE,369437,77.0,36.6087,127.289163,12,세종특별시
2026-06-19T08:35:06+09:00,GBIKE,377296,65.0,36.6087,127.284435,12,세종특별시
2026-06-19T08:35:06+09:00,GBIKE,388764,35.0,36.608703,127.283753,12,세종특별시
2026-06-19T08:35:06+09:00,GBIKE,608280,99.0,36.608707,127.289116,12,세종특별시
2026-06-19T08:35:06+09:00,GBIKE,384392,72.0,36.608708,127.283821,12,세종특별시
2026-06-19T08:35:06+09:00,GBIKE,389295,98.0,36.608708,127.283791,12,세종특별시
2026-06-19T08:35:06+09:00,GBIKE,392076,82.0,36.608708,127.283758,12,세종특별시
2026-06-19T08:35:06+09:00,GBIKE,369472,71.0,36.60871,127.283756,12,세종특별시
2026-06-19T08:35:06+09:00,GBIKE,383883,75.0,36.608713,127.283758,12,세종특별시
2026-06-19T08:35:06+09:00,GBIKE,372626,62.0,36.608716,127.283788,12,세종특별시
2026-06-19T08:35:06+09:00,GBIKE,376044,48.0,36.608716,127.283813,12,세종특별시
2026-06-19T08:35:06+09:00,GBIKE,382510,56.0,36.608716,127.283715,12,세종특별시
2026-06-19T08:35:06+09:00,GBIKE,376304,85.0,36.608718,127.283881,12,세종특별시
2026-06-19T08:35:06+09:00,GBIKE,384555,100.0,36.608723,127.283723,12,세종특별시
2026-06-19T08:35:06+09:00,GBIKE,367411,81.0,36.608725,127.288913,12,세종특별시
2026-06-19T08:35:06+09:00,GBIKE,384358,88.0,36.608725,127.283933,12,세종특별시
2026-06-19T08:35:06+09:00,GBIKE,366505,43.0,36.608728,127.283965,12,세종특별시
2026-06-19T08:35:06+09:00,GBIKE,368100,70.0,36.608728,127.289081,12,세종특별시
2026-06-19T08:35:06+09:00,GBIKE,383553,50.0,36.608731,127.283763,12,세종특별시
2026-06-19T08:35:06+09:00,GBIKE,611134,50.0,36.608732,127.2918,12,세종특별시
2026-06-19T08:35:06+09:00,GBIKE,351622,43.0,36.608733,127.283773,12,세종특별시
2026-06-19T08:35:06+09:00,GBIKE,347357,43.0,36.608735,127.28912,12,세종특별시
2026-06-19T08:35:06+09:00,GBIKE,387855,60.0,36.608735,127.289053,12,세종특별시
2026-06-19T08:35:06+09:00,GBIKE,374638,42.0,36.608736,127.283835,12,세종특별시
2026-06-19T08:35:06+09:00,GBIKE,631829,68.0,36.608737,127.288844,12,세종특별시
2026-06-19T08:35:06+09:00,GBIKE,374566,88.0,36.608738,127.283803,12,세종특별시
2026-06-19T08:35:06+09:00,GBIKE,352898,49.0,36.60874,127.283755,12,세종특별시
2026-06-19T08:35:06+09:00,GBIKE,367103,81.0,36.608745,127.283795,12,세종특별시
2026-06-19T08:35:06+09:00,GBIKE,374386,56.0,36.608746,127.283765,12,세종특별시
2026-06-19T08:35:06+09:00,GBIKE,636680,100.0,36.608748,127.28387,12,세종특별시
2026-06-19T08:35:06+09:00,GBIKE,375524,78.0,36.60875,127.283925,12,세종특별시
2026-06-19T08:35:06+09:00,GBIKE,348558,100.0,36.608753,127.289083,12,세종특별시
2026-06-19T08:35:06+09:00,GBIKE,617634,35.0,36.608753,127.283909,12,세종특별시
2026-06-19T08:35:06+09:00,GBIKE,363877,72.0,36.608756,127.283858,12,세종특별시
2026-06-19T08:35:06+09:00,GBIKE,367058,46.0,36.608756,127.28402,12,세종특별시
2026-06-19T08:35:06+09:00,GBIKE,378828,39.0,36.608756,127.288828,12,세종특별시
2026-06-19T08:35:06+09:00,GBIKE,377483,85.0,36.608758,127.283901,12,세종특별시
2026-06-19T08:35:06+09:00,GBIKE,392296,44.0,36.608761,127.289095,12,세종특별시
2026-06-19T08:35:06+09:00,GBIKE,625620,44.0,36.608764,127.283857,12,세종특별시
2026-06-19T08:35:06+09:00,GBIKE,375391,100.0,36.608765,127.289071,12,세종특별시
2026-06-19T08:35:06+09:00,GBIKE,617731,74.0,36.608765,127.293379,12,세종특별시
2026-06-19T08:35:06+09:00,GBIKE,386746,33.0,36.608766,127.29183,12,세종특별시
2026-06-19T08:35:06+09:00,GBIKE,371898,98.0,36.60877,127.283816,12,세종특별시
2026-06-19T08:35:06+09:00,GBIKE,365780,55.0,36.608771,127.283936,12,세종특별시
2026-06-19T08:35:06+09:00,GBIKE,390703,51.0,36.608776,127.283936,12,세종특별시
2026-06-19T08:35:06+09:00,GBIKE,617959,65.0,36.608777,127.283884,12,세종특별시
2026-06-19T08:35:06+09:00,GBIKE,385514,50.0,36.60878,127.283928,12,세종특별시
2026-06-19T08:35:06+09:00,GBIKE,345843,59.0,36.608781,127.283948,12,세종특별시
2026-06-19T08:35:06+09:00,GBIKE,382588,91.0,36.608785,127.283861,12,세종특별시
2026-06-19T08:35:06+09:00,GBIKE,385642,42.0,36.608786,127.28389,12,세종특별시
2026-06-19T08:35:06+09:00,GBIKE,384378,38.0,36.608788,127.283876,12,세종특별시
2026-06-19T08:35:06+09:00,GBIKE,387312,56.0,36.608793,127.283931,12,세종특별시
2026-06-19T08:35:06+09:00,GBIKE,603979,34.0,36.608793,127.28378,12,세종특별시
2026-06-19T08:35:06+09:00,GBIKE,355329,63.0,36.608795,127.283898,12,세종특별시
2026-06-19T08:35:06+09:00,GBIKE,377014,100.0,36.6088,127.288931,12,세종특별시
2026-06-19T08:35:06+09:00,GBIKE,365565,87.0,36.608801,127.283926,12,세종특별시
2026-06-19T08:35:06+09:00,GBIKE,628874,83.0,36.608802,127.288914,12,세종특별시
2026-06-19T08:35:06+09:00,GBIKE,377764,71.0,36.608808,127.288926,12,세종특별시
2026-06-19T08:35:06+09:00,GBIKE,348036,81.0,36.608811,127.288931,12,세종특별시
2026-06-19T08:35:06+09:00,GBIKE,626724,95.0,36.608812,127.28889,12,세종특별시
2026-06-19T08:35:06+09:00,GBIKE,382998,78.0,36.608815,127.288928,12,세종특별시
2026-06-19T08:35:06+09:00,GBIKE,367718,68.0,36.608821,127.283916,12,세종특별시
2026-06-19T08:35:06+09:00,GBIKE,370326,51.0,36.608823,127.289085,12,세종특별시
2026-06-19T08:35:06+09:00,GBIKE,630979,91.0,36.608832,127.288896,12,세종특별시
2026-06-19T08:35:06+09:00,GBIKE,364370,55.0,36.608833,127.289088,12,세종특별시
2026-06-19T08:35:06+09:00,GBIKE,382570,100.0,36.608833,127.28908,12,세종특별시
2026-06-19T08:35:06+09:00,GBIKE,612172,51.0,36.608833,127.288873,12,세종특별시
2026-06-19T08:35:06+09:00,GBIKE,623340,49.0,36.608834,127.283891,12,세종특별시
2026-06-19T08:35:06+09:00,GBIKE,622703,100.0,36.608835,127.288884,12,세종특별시
2026-06-19T08:35:06+09:00,GBIKE,365828,60.0,36.608836,127.28909,12,세종특별시
2026-06-19T08:35:06+09:00,GBIKE,614674,95.0,36.608837,127.289096,12,세종특별시
2026-06-19T08:35:06+09:00,GBIKE,638303,93.0,36.608838,127.28891,12,세종특별시
2026-06-19T08:35:06+09:00,GBIKE,638836,56.0,36.608838,127.289103,12,세종특별시
2026-06-19T08:35:06+09:00,GBIKE,386976,53.0,36.60884,127.289075,12,세종특별시
2026-06-19T08:35:06+09:00,GBIKE,383531,100.0,36.608841,127.289071,12,세종특별시
2026-06-19T08:35:06+09:00,GBIKE,626555,62.0,36.608849,127.289114,12,세종특별시
2026-06-19T08:35:06+09:00,GBIKE,363988,97.0,36.60885,127.289083,12,세종특별시
2026-06-19T08:35:06+09:00,GBIKE,615848,100.0,36.608855,127.288909,12,세종특별시
2026-06-19T08:35:06+09:00,GBIKE,377729,46.0,36.608858,127.28394,12,세종특별시
2026-06-19T08:35:06+09:00,GBIKE,395237,100.0,36.608878,127.289061,12,세종특별시
2026-06-19T08:35:06+09:00,GBIKE,613735,38.0,36.608976,127.286262,12,세종특별시
2026-06-19T08:35:06+09:00,GBIKE,367874,33.0,36.608986,127.286358,12,세종특별시
2026-06-19T08:35:06+09:00,GBIKE,365566,54.0,36.609043,127.286016,12,세종특별시
2026-06-19T08:35:06+09:00,GBIKE,374050,90.0,36.609051,127.286048,12,세종특별시
2026-06-19T08:35:06+09:00,GBIKE,367416,41.0,36.609058,127.286045,12,세종특별시
2026-06-19T08:35:06+09:00,GBIKE,638332,54.0,36.609065,127.286077,12,세종특별시
2026-06-19T08:35:06+09:00,GBIKE,390561,44.0,36.609071,127.286013,12,세종특별시
2026-06-19T08:35:06+09:00,GBIKE,372868,89.0,36.609093,127.286073,12,세종특별시
2026-06-19T08:35:06+09:00,GBIKE,630894,74.0,36.609096,127.286004,12,세종특별시
2026-06-19T08:35:06+09:00,GBIKE,390484,34.0,36.6091,127.28609,12,세종특별시
2026-06-19T08:35:06+09:00,GBIKE,380915,30.0,36.60911,127.285976,12,세종특별시
2026-06-19T08:35:06+09:00,GBIKE,380639,34.0,36.609263,127.29129,12,세종특별시
2026-06-19T08:35:06+09:00,GBIKE,382505,100.0,36.609295,127.292561,12,세종특별시
2026-06-19T08:35:06+09:00,GBIKE,349257,32.0,36.609325,127.292735,12,세종특별시
2026-06-19T08:35:06+09:00,GBIKE,362212,60.0,36.609523,127.29668,12,세종특별시
2026-06-19T08:35:06+09:00,GBIKE,383163,92.0,36.609646,127.288595,12,세종특별시
2026-06-19T08:35:06+09:00,GBIKE,383624,83.0,36.609653,127.28689,12,세종특별시
2026-06-19T08:35:06+09:00,GBIKE,635581,73.0,36.609659,127.286862,12,세종특별시
2026-06-19T08:35:06+09:00,GBIKE,382572,32.0,36.60966,127.286926,12,세종특별시
2026-06-19T08:35:06+09:00,GBIKE,372399,33.0,36.609668,127.286911,12,세종특별시
2026-06-19T08:35:06+09:00,GBIKE,630518,57.0,36.609676,127.286849,12,세종특별시
2026-06-19T08:35:06+09:00,GBIKE,385638,32.0,36.609691,127.286855,12,세종특별시
2026-06-19T08:35:06+09:00,GBIKE,388372,33.0,36.609705,127.286891,12,세종특별시
2026-06-19T08:35:06+09:00,GBIKE,630625,30.0,36.609807,127.293207,12,세종특별시
2026-06-19T08:35:06+09:00,GBIKE,610809,30.0,36.609902,127.296849,12,세종특별시
2026-06-19T08:35:06+09:00,GBIKE,611309,82.0,36.610271,127.296788,12,세종특별시
2026-06-19T08:35:06+09:00,GBIKE,625545,91.0,36.6103,127.296777,12,세종특별시
2026-06-19T08:35:06+09:00,GBIKE,625542,88.0,36.610362,127.296762,12,세종특별시
2026-06-19T08:35:06+09:00,GBIKE,389584,33.0,36.610378,127.289981,12,세종특별시
2026-06-19T08:35:06+09:00,GBIKE,618274,58.0,36.61038,127.289193,12,세종특별시
2026-06-19T08:35:06+09:00,GBIKE,381658,41.0,36.6105,127.285538,12,세종특별시
2026-06-19T08:35:06+09:00,GBIKE,367752,42.0,36.610506,127.285585,12,세종특별시
2026-06-19T08:35:06+09:00,GBIKE,384391,50.0,36.610508,127.285671,12,세종특별시
2026-06-19T08:35:06+09:00,GBIKE,384693,30.0,36.610518,127.29318,12,세종특별시
2026-06-19T08:35:06+09:00,GBIKE,386357,82.0,36.61052,127.285533,12,세종특별시
2026-06-19T08:35:06+09:00,GBIKE,366565,31.0,36.610521,127.285605,12,세종특별시
2026-06-19T08:35:06+09:00,GBIKE,387871,55.0,36.610538,127.285496,12,세종특별시
2026-06-19T08:35:06+09:00,GBIKE,352300,36.0,36.610546,127.285493,12,세종특별시
2026-06-19T08:35:06+09:00,GBIKE,379183,61.0,36.61055,127.285566,12,세종특별시
2026-06-19T08:35:06+09:00,GBIKE,361763,42.0,36.610551,127.285538,12,세종특별시
2026-06-19T08:35:06+09:00,GBIKE,372817,91.0,36.610551,127.28553,12,세종특별시
2026-06-19T08:35:06+09:00,GBIKE,367380,46.0,36.610553,127.285513,12,세종특별시
2026-06-19T08:35:06+09:00,GBIKE,380920,43.0,36.610553,127.285558,12,세종특별시
2026-06-19T08:35:06+09:00,GBIKE,383149,100.0,36.610558,127.285518,12,세종특별시
2026-06-19T08:35:06+09:00,GBIKE,343404,35.0,36.610571,127.29318,12,세종특별시
2026-06-19T08:35:06+09:00,GBIKE,389847,33.0,36.610571,127.285556,12,세종특별시
2026-06-19T08:35:06+09:00,GBIKE,392267,96.0,36.610581,127.285526,12,세종특별시
2026-06-19T08:35:06+09:00,GBIKE,385510,98.0,36.610596,127.285491,12,세종특별시
2026-06-19T08:35:06+09:00,GBIKE,362145,90.0,36.610616,127.285505,12,세종특별시
2026-06-19T08:35:06+09:00,GBIKE,390685,33.0,36.610671,127.297201,12,세종특별시
2026-06-19T08:35:06+09:00,GBIKE,631743,100.0,36.610701,127.298297,12,세종특별시
2026-06-19T08:35:06+09:00,GBIKE,638335,64.0,36.610747,127.291469,12,세종특별시
2026-06-19T08:35:06+09:00,GBIKE,609454,49.0,36.61076,127.296835,12,세종특별시
2026-06-19T08:35:06+09:00,GBIKE,375330,33.0,36.610771,127.291425,12,세종특별시
2026-06-19T08:35:06+09:00,GBIKE,394098,32.0,36.610773,127.298521,12,세종특별시
2026-06-19T08:35:06+09:00,GBIKE,614015,62.0,36.610942,127.285846,12,세종특별시
2026-06-19T08:35:06+09:00,GBIKE,368120,99.0,36.610998,127.290035,12,세종특별시
2026-06-19T08:35:06+09:00,GBIKE,372751,68.0,36.611013,127.290106,12,세종특별시
2026-06-19T08:35:06+09:00,GBIKE,377293,30.0,36.611021,127.286191,12,세종특별시
2026-06-19T08:35:06+09:00,GBIKE,632681,52.0,36.611022,127.293099,12,세종특별시
2026-06-19T08:35:06+09:00,GBIKE,610792,60.0,36.611052,127.286126,12,세종특별시
2026-06-19T08:35:06+09:00,GBIKE,378803,30.0,36.611066,127.286173,12,세종특별시
2026-06-19T08:35:06+09:00,GBIKE,376081,57.0,36.611076,127.290128,12,세종특별시
2026-06-19T08:35:06+09:00,GBIKE,390382,64.0,36.611083,127.289985,12,세종특별시
2026-06-19T08:35:06+09:00,GBIKE,377436,89.0,36.611086,127.289978,12,세종특별시
2026-06-19T08:35:06+09:00,GBIKE,372070,33.0,36.61109,127.289973,12,세종특별시
2026-06-19T08:35:06+09:00,GBIKE,378931,89.0,36.61109,127.289996,12,세종특별시
2026-06-19T08:35:06+09:00,GBIKE,339870,64.0,36.611095,127.290046,12,세종특별시
2026-06-19T08:35:06+09:00,GBIKE,363973,100.0,36.611098,127.290041,12,세종특별시
2026-06-19T08:35:06+09:00,GBIKE,392394,38.0,36.6111,127.289926,12,세종특별시
2026-06-19T08:35:06+09:00,GBIKE,627295,36.0,36.611103,127.29664,12,세종특별시
2026-06-19T08:35:06+09:00,GBIKE,388680,75.0,36.611106,127.290108,12,세종특별시
2026-06-19T08:35:06+09:00,GBIKE,363571,35.0,36.611113,127.289985,12,세종특별시
2026-06-19T08:35:06+09:00,GBIKE,368902,56.0,36.611118,127.290086,12,세종특별시
2026-06-19T08:35:06+09:00,GBIKE,637872,92.0,36.611119,127.287399,12,세종특별시
2026-06-19T08:35:06+09:00,GBIKE,366516,31.0,36.611123,127.287396,12,세종특별시
2026-06-19T08:35:06+09:00,GBIKE,381177,49.0,36.611123,127.29006,12,세종특별시
2026-06-19T08:35:06+09:00,GBIKE,383834,41.0,36.611126,127.29002,12,세종특별시
2026-06-19T08:35:06+09:00,GBIKE,638316,58.0,36.611127,127.287423,12,세종특별시
2026-06-19T08:35:06+09:00,GBIKE,379750,100.0,36.611128,127.289988,12,세종특별시
2026-06-19T08:35:06+09:00,GBIKE,383887,95.0,36.611128,127.289965,12,세종특별시
2026-06-19T08:35:06+09:00,GBIKE,385493,67.0,36.611128,127.289968,12,세종특별시
2026-06-19T08:35:06+09:00,GBIKE,394095,50.0,36.611128,127.290073,12,세종특별시
2026-06-19T08:35:06+09:00,GBIKE,363636,56.0,36.611133,127.289965,12,세종특별시
2026-06-19T08:35:06+09:00,GBIKE,372400,42.0,36.611145,127.290008,12,세종특별시
2026-06-19T08:35:06+09:00,GBIKE,338106,100.0,36.611148,127.290055,12,세종특별시
2026-06-19T08:35:06+09:00,GBIKE,355297,30.0,36.611148,127.289956,12,세종특별시
2026-06-19T08:35:06+09:00,GBIKE,388631,64.0,36.611148,127.290086,12,세종특별시
2026-06-19T08:35:06+09:00,GBIKE,372728,87.0,36.611153,127.287396,12,세종특별시
2026-06-19T08:35:06+09:00,GBIKE,383557,84.0,36.611155,127.287396,12,세종특별시
2026-06-19T08:35:06+09:00,GBIKE,389488,88.0,36.611158,127.287363,12,세종특별시
2026-06-19T08:35:06+09:00,GBIKE,376843,41.0,36.61116,127.29004,12,세종특별시
2026-06-19T08:35:06+09:00,GBIKE,638562,41.0,36.61116,127.289955,12,세종특별시
2026-06-19T08:35:06+09:00,GBIKE,631081,82.0,36.611165,127.287372,12,세종특별시
2026-06-19T08:35:06+09:00,GBIKE,603533,56.0,36.611172,127.287379,12,세종특별시
2026-06-19T08:35:06+09:00,GBIKE,364199,33.0,36.611173,127.289935,12,세종특별시
2026-06-19T08:35:06+09:00,GBIKE,344002,63.0,36.611178,127.28994,12,세종특별시
2026-06-19T08:35:06+09:00,GBIKE,623923,81.0,36.611181,127.29001,12,세종특별시
2026-06-19T08:35:06+09:00,GBIKE,620566,96.0,36.611182,127.287414,12,세종특별시
2026-06-19T08:35:06+09:00,GBIKE,390838,41.0,36.611186,127.287401,12,세종특별시
2026-06-19T08:35:06+09:00,GBIKE,394698,42.0,36.61119,127.287246,12,세종특별시
2026-06-19T08:35:06+09:00,GBIKE,364639,68.0,36.611191,127.28725,12,세종특별시
2026-06-19T08:35:06+09:00,GBIKE,379519,36.0,36.611195,127.287433,12,세종특별시
2026-06-19T08:35:06+09:00,GBIKE,347359,47.0,36.611196,127.287328,12,세종특별시
2026-06-19T08:35:06+09:00,GBIKE,390748,38.0,36.6112,127.287443,12,세종특별시
2026-06-19T08:35:06+09:00,GBIKE,382650,38.0,36.611203,127.28744,12,세종특별시
2026-06-19T08:35:06+09:00,GBIKE,367387,92.0,36.611205,127.28734,12,세종특별시
2026-06-19T08:35:06+09:00,GBIKE,604672,33.0,36.611205,127.287391,12,세종특별시
2026-06-19T08:35:06+09:00,GBIKE,382533,30.0,36.611206,127.287365,12,세종특별시
2026-06-19T08:35:06+09:00,GBIKE,389264,49.0,36.611208,127.287368,12,세종특별시
2026-06-19T08:35:06+09:00,GBIKE,616066,47.0,36.61121,127.287339,12,세종특별시
2026-06-19T08:35:06+09:00,GBIKE,367351,92.0,36.611211,127.287345,12,세종특별시
2026-06-19T08:35:06+09:00,GBIKE,371839,40.0,36.611211,127.287435,12,세종특별시
2026-06-19T08:35:06+09:00,GBIKE,390771,35.0,36.611211,127.287213,12,세종특별시
2026-06-19T08:35:06+09:00,GBIKE,613464,39.0,36.611212,127.287277,12,세종특별시
2026-06-19T08:35:06+09:00,GBIKE,370121,63.0,36.611213,127.28717,12,세종특별시
2026-06-19T08:35:06+09:00,GBIKE,383726,61.0,36.611213,127.287246,12,세종특별시
2026-06-19T08:35:06+09:00,GBIKE,389536,41.0,36.611216,127.287393,12,세종특별시
2026-06-19T08:35:06+09:00,GBIKE,373290,40.0,36.61122,127.287401,12,세종특별시
2026-06-19T08:35:06+09:00,GBIKE,612254,59.0,36.611221,127.290057,12,세종특별시
2026-06-19T08:35:06+09:00,GBIKE,384713,60.0,36.611223,127.287203,12,세종특별시
2026-06-19T08:35:06+09:00,GBIKE,624252,75.0,36.611224,127.287393,12,세종특별시
2026-06-19T08:35:06+09:00,GBIKE,639358,100.0,36.611224,127.287197,12,세종특별시
2026-06-19T08:35:06+09:00,GBIKE,374717,57.0,36.611225,127.287306,12,세종특별시
2026-06-19T08:35:06+09:00,GBIKE,375376,81.0,36.611225,127.287408,12,세종특별시
2026-06-19T08:35:06+09:00,GBIKE,375506,79.0,36.611225,127.28724,12,세종특별시
2026-06-19T08:35:06+09:00,GBIKE,380113,55.0,36.611225,127.287266,12,세종특별시
2026-06-19T08:35:06+09:00,GBIKE,604326,61.0,36.611235,127.287363,12,세종특별시
2026-06-19T08:35:06+09:00,GBIKE,386032,41.0,36.611238,127.287475,12,세종특별시
2026-06-19T08:35:06+09:00,GBIKE,393158,70.0,36.611238,127.287491,12,세종특별시
2026-06-19T08:35:06+09:00,GBIKE,382502,33.0,36.611241,127.287396,12,세종특별시
2026-06-19T08:35:06+09:00,GBIKE,392112,100.0,36.611241,127.287541,12,세종특별시
2026-06-19T08:35:06+09:00,GBIKE,378046,31.0,36.611248,127.28741,12,세종특별시
2026-06-19T08:35:06+09:00,GBIKE,386486,37.0,36.611255,127.287413,12,세종특별시
2026-06-19T08:35:06+09:00,GBIKE,390442,100.0,36.611255,127.287506,12,세종특별시
2026-06-19T08:35:06+09:00,GBIKE,376030,100.0,36.61126,127.287228,12,세종특별시
2026-06-19T08:35:06+09:00,GBIKE,372771,31.0,36.611296,127.287371,12,세종특별시
2026-06-19T08:35:06+09:00,GBIKE,368165,50.0,36.611506,127.284616,12,세종특별시
2026-06-19T08:35:06+09:00,GBIKE,373728,99.0,36.611931,127.284771,12,세종특별시
2026-06-19T08:35:06+09:00,GBIKE,377735,31.0,36.611946,127.284841,12,세종특별시
2026-06-19T08:35:06+09:00,GBIKE,394836,99.0,36.611958,127.284805,12,세종특별시
2026-06-19T08:35:06+09:00,GBIKE,618953,52.0,36.611999,127.284905,12,세종특별시
2026-06-19T08:35:06+09:00,GBIKE,345873,64.0,36.613008,127.292693,12,세종특별시
2026-06-19T08:35:06+09:00,GBIKE,347744,87.0,36.613296,127.331585,12,세종특별시
2026-06-19T08:35:06+09:00,GBIKE,385435,67.0,36.613308,127.331583,12,세종특별시
2026-06-19T08:35:06+09:00,GBIKE,637354,57.0,36.613356,127.292743,12,세종특별시
2026-06-19T08:35:06+09:00,GBIKE,367337,33.0,36.613763,127.2925,12,세종특별시
2026-06-19T08:35:06+09:00,GBIKE,387886,30.0,36.613773,127.290445,12,세종특별시
2026-06-19T08:35:06+09:00,GBIKE,384398,32.0,36.613971,127.292441,12,세종특별시
2026-06-19T08:35:06+09:00,GBIKE,638210,100.0,36.614018,127.315002,12,세종특별시
2026-06-19T08:35:06+09:00,GBIKE,384320,40.0,36.614423,127.282638,12,세종특별시
2026-06-19T08:35:06+09:00,GBIKE,390295,35.0,36.614725,127.288108,12,세종특별시
2026-06-19T08:35:06+09:00,GBIKE,383347,96.0,36.614836,127.28433,12,세종특별시
2026-06-19T08:35:06+09:00,GBIKE,637526,70.0,36.615302,127.360331,12,세종특별시
2026-06-19T08:35:06+09:00,GBIKE,367251,34.0,36.615383,127.29262,12,세종특별시
2026-06-19T08:35:06+09:00,GBIKE,379960,63.0,36.616015,127.287118,12,세종특별시
2026-06-19T08:35:06+09:00,GBIKE,382690,99.0,36.616063,127.360265,12,세종특별시
2026-06-19T08:35:06+09:00,GBIKE,372300,36.0,36.616611,127.28667,12,세종특별시
2026-06-19T08:35:06+09:00,GBIKE,367831,65.0,36.616633,127.287146,12,세종특별시
2026-06-19T08:35:06+09:00,GBIKE,368554,31.0,36.616645,127.286875,12,세종특별시
2026-06-19T08:35:06+09:00,GBIKE,388399,54.0,36.6168,127.287113,12,세종특별시
2026-06-19T08:35:06+09:00,GBIKE,384375,64.0,36.616831,127.329133,12,세종특별시
2026-06-19T08:35:06+09:00,GBIKE,390769,42.0,36.616898,127.287401,12,세종특별시
2026-06-19T08:35:06+09:00,GBIKE,130745,33.0,36.617507,127.285737,12,세종특별시
2026-06-19T08:35:06+09:00,GBIKE,372776,89.0,36.617553,127.290468,12,세종특별시
2026-06-19T08:35:06+09:00,GBIKE,379855,51.0,36.61779,127.286173,12,세종특별시
2026-06-19T08:35:06+09:00,GBIKE,368400,71.0,36.618043,127.321585,12,세종특별시
2026-06-19T08:35:06+09:00,GBIKE,347335,78.0,36.61818,127.28578,12,세종특별시
2026-06-19T08:35:06+09:00,GBIKE,383890,46.0,36.618181,127.285828,12,세종특별시
2026-06-19T08:35:06+09:00,GBIKE,376341,91.0,36.618185,127.285771,12,세종특별시
2026-06-19T08:35:06+09:00,GBIKE,375530,30.0,36.618186,127.285706,12,세종특별시
2026-06-19T08:35:06+09:00,GBIKE,375561,49.0,36.618186,127.285816,12,세종특별시
2026-06-19T08:35:06+09:00,GBIKE,373233,100.0,36.618206,127.285786,12,세종특별시
2026-06-19T08:35:06+09:00,GBIKE,615987,97.0,36.618225,127.285761,12,세종특별시
2026-06-19T08:35:06+09:00,GBIKE,390538,99.0,36.618233,127.285766,12,세종특별시
2026-06-19T08:35:06+09:00,GBIKE,386463,45.0,36.618236,127.285765,12,세종특별시
2026-06-19T08:35:06+09:00,GBIKE,332859,100.0,36.618241,127.28577,12,세종특별시
2026-06-19T08:35:06+09:00,GBIKE,369424,77.0,36.618261,127.285765,12,세종특별시
2026-06-19T08:35:06+09:00,GBIKE,617890,39.0,36.618286,127.285762,12,세종특별시
2026-06-19T08:35:06+09:00,GBIKE,366207,37.0,36.618531,127.290985,12,세종특별시
2026-06-19T08:35:06+09:00,GBIKE,333967,92.0,36.618813,127.290806,12,세종특별시
2026-06-19T08:35:06+09:00,GBIKE,383590,43.0,36.618901,127.288586,12,세종특별시
2026-06-19T08:35:06+09:00,GBIKE,386756,43.0,36.61891,127.288586,12,세종특별시
2026-06-19T08:35:06+09:00,GBIKE,602862,47.0,36.618951,127.290791,12,세종특별시
2026-06-19T08:35:06+09:00,GBIKE,620351,96.0,36.618988,127.318896,12,세종특별시
2026-06-19T08:35:06+09:00,GBIKE,604153,71.0,36.619114,127.28985,12,세종특별시
2026-06-19T08:35:06+09:00,GBIKE,349173,42.0,36.61987,127.310753,12,세종특별시
2026-06-19T08:35:06+09:00,GBIKE,383599,45.0,36.620658,127.290653,12,세종특별시
2026-06-19T08:35:06+09:00,GBIKE,367800,36.0,36.62091,127.282471,12,세종특별시
2026-06-19T08:35:06+09:00,GBIKE,630971,79.0,36.620917,127.290585,12,세종특별시
2026-06-19T08:35:06+09:00,GBIKE,377277,92.0,36.621166,127.290566,12,세종특별시
2026-06-19T08:35:06+09:00,GBIKE,374732,39.0,36.62144,127.358601,12,세종특별시
2026-06-19T08:35:06+09:00,GBIKE,381558,100.0,36.621485,127.321955,12,세종특별시
2026-06-19T08:35:06+09:00,GBIKE,337661,78.0,36.621506,127.290936,12,세종특별시
2026-06-19T08:35:06+09:00,GBIKE,379714,54.0,36.62151,127.290941,12,세종특별시
2026-06-19T08:35:06+09:00,GBIKE,383567,45.0,36.621611,127.283366,12,세종특별시
2026-06-19T08:35:06+09:00,GBIKE,624613,50.0,36.622935,127.289439,12,세종특별시
2026-06-19T08:35:06+09:00,GBIKE,343399,100.0,36.623003,127.290195,12,세종특별시
2026-06-19T08:35:06+09:00,GBIKE,385639,72.0,36.624126,127.33088,12,세종특별시
2026-06-19T08:35:06+09:00,GBIKE,632299,41.0,36.629276,127.333273,12,세종특별시
2026-06-19T08:35:06+09:00,GBIKE,620356,93.0,36.631625,127.328545,12,세종특별시
2026-06-19T08:35:06+09:00,GBIKE,368357,67.0,36.656701,127.369016,12,세종특별시
