timestamp,operator_name,device_id,battery_level,latitude,longitude,city_code,city_name
2026-06-22T11:40:16+09:00,ALPACA,425055,30.0,36.32547,127.348305,12,세종특별시
2026-06-22T11:40:16+09:00,ALPACA,425373,39.0,36.326492,127.33874,12,세종특별시
2026-06-22T11:40:16+09:00,ALPACA,425451,31.0,36.32762,127.33943,12,세종특별시
2026-06-22T11:40:16+09:00,ALPACA,424720,48.0,36.33012,127.34353,12,세종특별시
2026-06-22T11:40:16+09:00,ALPACA,425050,100.0,36.330578,127.340164,12,세종특별시
2026-06-22T11:40:16+09:00,ALPACA,425455,49.0,36.336636,127.33467,12,세종특별시
2026-06-22T11:40:16+09:00,ALPACA,425975,62.0,36.338486,127.34279,12,세종특별시
2026-06-22T11:40:16+09:00,ALPACA,425413,62.0,36.338505,127.33282,12,세종특별시
2026-06-22T11:40:16+09:00,ALPACA,424952,46.0,36.339375,127.34195,12,세종특별시
2026-06-22T11:40:16+09:00,ALPACA,425006,38.0,36.339462,127.34202,12,세종특별시
2026-06-22T11:40:16+09:00,ALPACA,424743,82.0,36.339527,127.342,12,세종특별시
2026-06-22T11:40:16+09:00,ALPACA,424714,55.0,36.340332,127.34499,12,세종특별시
2026-06-22T11:40:16+09:00,ALPACA,425212,34.0,36.341503,127.33795,12,세종특별시
2026-06-22T11:40:16+09:00,ALPACA,425061,76.0,36.341545,127.34444,12,세종특별시
2026-06-22T11:40:16+09:00,ALPACA,425057,52.0,36.341568,127.34428,12,세종특별시
2026-06-22T11:40:16+09:00,ALPACA,424770,77.0,36.34157,127.34442,12,세종특별시
2026-06-22T11:40:16+09:00,ALPACA,424908,77.0,36.34158,127.34444,12,세종특별시
2026-06-22T11:40:16+09:00,ALPACA,424920,49.0,36.341583,127.34441,12,세종특별시
2026-06-22T11:40:16+09:00,ALPACA,424350,47.0,36.34164,127.33769,12,세종특별시
2026-06-22T11:40:16+09:00,ALPACA,424710,79.0,36.34184,127.34715,12,세종특별시
2026-06-22T11:40:16+09:00,ALPACA,425679,41.0,36.342346,127.340965,12,세종특별시
2026-06-22T11:40:16+09:00,ALPACA,425476,97.0,36.342384,127.34097,12,세종특별시
2026-06-22T11:40:16+09:00,ALPACA,425126,97.0,36.342384,127.34094,12,세종특별시
2026-06-22T11:40:16+09:00,ALPACA,424450,54.0,36.34246,127.34149,12,세종특별시
2026-06-22T11:40:16+09:00,ALPACA,424868,64.0,36.3427,127.339806,12,세종특별시
2026-06-22T11:40:16+09:00,ALPACA,424324,54.0,36.342773,127.33894,12,세종특별시
2026-06-22T11:40:16+09:00,ALPACA,424404,40.0,36.34278,127.3389,12,세종특별시
2026-06-22T11:40:16+09:00,ALPACA,424432,73.0,36.342785,127.33886,12,세종특별시
2026-06-22T11:40:16+09:00,ALPACA,424501,76.0,36.342796,127.338936,12,세종특별시
2026-06-22T11:40:16+09:00,ALPACA,424402,87.0,36.3428,127.33888,12,세종특별시
2026-06-22T11:40:16+09:00,ALPACA,424486,79.0,36.342808,127.3389,12,세종특별시
2026-06-22T11:40:16+09:00,ALPACA,424358,78.0,36.34281,127.33892,12,세종특별시
2026-06-22T11:40:16+09:00,ALPACA,424568,51.0,36.34281,127.33892,12,세종특별시
2026-06-22T11:40:16+09:00,ALPACA,424165,52.0,36.34282,127.337494,12,세종특별시
2026-06-22T11:40:16+09:00,ALPACA,424367,78.0,36.34282,127.3389,12,세종특별시
2026-06-22T11:40:16+09:00,ALPACA,425094,50.0,36.34283,127.3441,12,세종특별시
2026-06-22T11:40:16+09:00,ALPACA,424517,65.0,36.342922,127.344,12,세종특별시
2026-06-22T11:40:16+09:00,ALPACA,424839,64.0,36.342976,127.33981,12,세종특별시
2026-06-22T11:40:16+09:00,ALPACA,425238,54.0,36.343094,127.3444,12,세종특별시
2026-06-22T11:40:16+09:00,ALPACA,424425,40.0,36.34312,127.33904,12,세종특별시
2026-06-22T11:40:16+09:00,ALPACA,424508,33.0,36.34314,127.33361,12,세종특별시
2026-06-22T11:40:16+09:00,ALPACA,424544,57.0,36.3432,127.339165,12,세종특별시
2026-06-22T11:40:16+09:00,ALPACA,425151,59.0,36.34334,127.34419,12,세종특별시
2026-06-22T11:40:16+09:00,ALPACA,425383,59.0,36.343346,127.34419,12,세종특별시
2026-06-22T11:40:16+09:00,ALPACA,425524,53.0,36.343357,127.34417,12,세종특별시
2026-06-22T11:40:16+09:00,ALPACA,424787,81.0,36.34337,127.34419,12,세종특별시
2026-06-22T11:40:16+09:00,ALPACA,425112,68.0,36.343372,127.34417,12,세종특별시
2026-06-22T11:40:16+09:00,ALPACA,424897,50.0,36.34348,127.33816,12,세종특별시
2026-06-22T11:40:16+09:00,ALPACA,424709,71.0,36.343708,127.34429,12,세종특별시
2026-06-22T11:40:16+09:00,ALPACA,425677,67.0,36.34379,127.382706,12,세종특별시
2026-06-22T11:40:16+09:00,ALPACA,424707,51.0,36.344,127.34178,12,세종특별시
2026-06-22T11:40:16+09:00,ALPACA,424506,55.0,36.34425,127.33572,12,세종특별시
2026-06-22T11:40:16+09:00,ALPACA,425695,55.0,36.34427,127.34741,12,세종특별시
2026-06-22T11:40:16+09:00,ALPACA,425000,48.0,36.344334,127.34692,12,세종특별시
2026-06-22T11:40:16+09:00,ALPACA,425197,43.0,36.34453,127.33241,12,세종특별시
2026-06-22T11:40:16+09:00,ALPACA,424124,75.0,36.344643,127.33933,12,세종특별시
2026-06-22T11:40:16+09:00,ALPACA,424372,38.0,36.34483,127.34741,12,세종특별시
2026-06-22T11:40:16+09:00,ALPACA,425142,31.0,36.34541,127.32393,12,세종특별시
2026-06-22T11:40:16+09:00,ALPACA,425355,63.0,36.345676,127.33903,12,세종특별시
2026-06-22T11:40:16+09:00,ALPACA,425002,37.0,36.345753,127.337074,12,세종특별시
2026-06-22T11:40:16+09:00,ALPACA,424664,96.0,36.346123,127.34138,12,세종특별시
2026-06-22T11:40:16+09:00,ALPACA,425699,69.0,36.346195,127.33606,12,세종특별시
2026-06-22T11:40:16+09:00,ALPACA,424704,61.0,36.3468,127.33569,12,세종특별시
2026-06-22T11:40:16+09:00,ALPACA,425458,33.0,36.346813,127.33569,12,세종특별시
2026-06-22T11:40:16+09:00,ALPACA,425152,58.0,36.34684,127.33569,12,세종특별시
2026-06-22T11:40:16+09:00,ALPACA,424383,30.0,36.346848,127.3357,12,세종특별시
2026-06-22T11:40:16+09:00,ALPACA,425270,78.0,36.34685,127.335724,12,세종특별시
2026-06-22T11:40:16+09:00,ALPACA,424449,34.0,36.346855,127.335686,12,세종특별시
2026-06-22T11:40:16+09:00,ALPACA,425397,42.0,36.34703,127.33079,12,세종특별시
2026-06-22T11:40:16+09:00,ALPACA,425375,52.0,36.34705,127.33089,12,세종특별시
2026-06-22T11:40:16+09:00,ALPACA,424863,56.0,36.34708,127.34418,12,세종특별시
2026-06-22T11:40:16+09:00,ALPACA,425321,46.0,36.34708,127.33897,12,세종특별시
2026-06-22T11:40:16+09:00,ALPACA,425034,48.0,36.347115,127.33427,12,세종특별시
2026-06-22T11:40:16+09:00,ALPACA,424769,55.0,36.34713,127.340744,12,세종특별시
2026-06-22T11:40:16+09:00,ALPACA,425537,49.0,36.347977,127.34169,12,세종특별시
2026-06-22T11:40:16+09:00,ALPACA,425376,68.0,36.348225,127.33536,12,세종특별시
2026-06-22T11:40:16+09:00,ALPACA,424617,55.0,36.348232,127.331154,12,세종특별시
2026-06-22T11:40:16+09:00,ALPACA,425320,31.0,36.348244,127.33526,12,세종특별시
2026-06-22T11:40:16+09:00,ALPACA,425036,42.0,36.348267,127.33569,12,세종특별시
2026-06-22T11:40:16+09:00,ALPACA,424357,82.0,36.348293,127.335205,12,세종특별시
2026-06-22T11:40:16+09:00,ALPACA,426463,37.0,36.348343,127.33219,12,세종특별시
2026-06-22T11:40:16+09:00,ALPACA,424939,47.0,36.348362,127.33257,12,세종특별시
2026-06-22T11:40:16+09:00,ALPACA,425095,42.0,36.348408,127.33114,12,세종특별시
2026-06-22T11:40:16+09:00,ALPACA,425683,67.0,36.348576,127.33992,12,세종특별시
2026-06-22T11:40:16+09:00,ALPACA,425509,66.0,36.34864,127.33996,12,세종특별시
2026-06-22T11:40:16+09:00,ALPACA,425546,67.0,36.348648,127.339935,12,세종특별시
2026-06-22T11:40:16+09:00,ALPACA,425285,59.0,36.34868,127.335335,12,세종특별시
2026-06-22T11:40:16+09:00,ALPACA,425746,34.0,36.34869,127.339935,12,세종특별시
2026-06-22T11:40:16+09:00,ALPACA,425343,34.0,36.348724,127.3327,12,세종특별시
2026-06-22T11:40:16+09:00,ALPACA,425754,43.0,36.348732,127.33499,12,세종특별시
2026-06-22T11:40:16+09:00,ALPACA,424829,53.0,36.34877,127.32756,12,세종특별시
2026-06-22T11:40:16+09:00,ALPACA,424999,38.0,36.34963,127.33635,12,세종특별시
2026-06-22T11:40:16+09:00,ALPACA,424989,54.0,36.349663,127.336586,12,세종특별시
2026-06-22T11:40:16+09:00,ALPACA,426276,41.0,36.349823,127.38254,12,세종특별시
2026-06-22T11:40:16+09:00,ALPACA,424446,79.0,36.349888,127.33428,12,세종특별시
2026-06-22T11:40:16+09:00,ALPACA,425274,45.0,36.350433,127.329445,12,세종특별시
2026-06-22T11:40:16+09:00,ALPACA,425205,68.0,36.35046,127.34865,12,세종특별시
2026-06-22T11:40:16+09:00,ALPACA,425681,73.0,36.35048,127.32943,12,세종특별시
2026-06-22T11:40:16+09:00,ALPACA,425370,51.0,36.35068,127.33554,12,세종특별시
2026-06-22T11:40:16+09:00,ALPACA,423582,53.0,36.350746,127.33879,12,세종특별시
2026-06-22T11:40:16+09:00,ALPACA,426375,99.0,36.35077,127.3544,12,세종특별시
2026-06-22T11:40:16+09:00,ALPACA,424890,89.0,36.35124,127.33933,12,세종특별시
2026-06-22T11:40:16+09:00,ALPACA,425398,53.0,36.35127,127.33036,12,세종특별시
2026-06-22T11:40:16+09:00,ALPACA,425250,81.0,36.351402,127.332756,12,세종특별시
2026-06-22T11:40:16+09:00,ALPACA,425178,54.0,36.351433,127.35114,12,세종특별시
2026-06-22T11:40:16+09:00,ALPACA,425037,78.0,36.351437,127.33275,12,세종특별시
2026-06-22T11:40:16+09:00,ALPACA,425272,46.0,36.351517,127.34447,12,세종특별시
2026-06-22T11:40:16+09:00,ALPACA,425279,44.0,36.35155,127.3445,12,세종특별시
2026-06-22T11:40:16+09:00,ALPACA,425166,53.0,36.35158,127.34449,12,세종특별시
2026-06-22T11:40:16+09:00,ALPACA,425431,48.0,36.351585,127.34447,12,세종특별시
2026-06-22T11:40:16+09:00,ALPACA,425463,46.0,36.351597,127.34452,12,세종특별시
2026-06-22T11:40:16+09:00,ALPACA,425338,45.0,36.351597,127.346924,12,세종특별시
2026-06-22T11:40:16+09:00,ALPACA,426232,97.0,36.35173,127.34654,12,세종특별시
2026-06-22T11:40:16+09:00,ALPACA,425181,50.0,36.351772,127.34651,12,세종특별시
2026-06-22T11:40:16+09:00,ALPACA,425634,96.0,36.351948,127.34456,12,세종특별시
2026-06-22T11:40:16+09:00,ALPACA,425405,79.0,36.351967,127.33053,12,세종특별시
2026-06-22T11:40:16+09:00,ALPACA,425428,53.0,36.351982,127.33056,12,세종특별시
2026-06-22T11:40:16+09:00,ALPACA,424679,55.0,36.351986,127.33054,12,세종특별시
2026-06-22T11:40:16+09:00,ALPACA,425392,79.0,36.35199,127.33057,12,세종특별시
2026-06-22T11:40:16+09:00,ALPACA,424875,78.0,36.352005,127.33059,12,세종특별시
2026-06-22T11:40:16+09:00,ALPACA,424848,58.0,36.352013,127.337074,12,세종특별시
2026-06-22T11:40:16+09:00,ALPACA,424531,43.0,36.352016,127.33705,12,세종특별시
2026-06-22T11:40:16+09:00,ALPACA,424790,83.0,36.35203,127.33708,12,세종특별시
2026-06-22T11:40:16+09:00,ALPACA,425330,54.0,36.352066,127.34851,12,세종특별시
2026-06-22T11:40:16+09:00,ALPACA,425532,42.0,36.35213,127.34611,12,세종특별시
2026-06-22T11:40:16+09:00,ALPACA,424667,57.0,36.352142,127.341324,12,세종특별시
2026-06-22T11:40:16+09:00,ALPACA,425724,32.0,36.352177,127.333824,12,세종특별시
2026-06-22T11:40:16+09:00,ALPACA,425337,83.0,36.352417,127.37541,12,세종특별시
2026-06-22T11:40:16+09:00,ALPACA,424435,58.0,36.352432,127.341324,12,세종특별시
2026-06-22T11:40:16+09:00,ALPACA,424205,49.0,36.352486,127.33277,12,세종특별시
2026-06-22T11:40:16+09:00,ALPACA,424972,37.0,36.35249,127.344025,12,세종특별시
2026-06-22T11:40:16+09:00,ALPACA,424420,83.0,36.35261,127.33354,12,세종특별시
2026-06-22T11:40:16+09:00,ALPACA,425504,75.0,36.352695,127.32905,12,세종특별시
2026-06-22T11:40:16+09:00,ALPACA,423869,60.0,36.352776,127.33581,12,세종특별시
2026-06-22T11:40:16+09:00,ALPACA,424379,100.0,36.352863,127.37431,12,세종특별시
2026-06-22T11:40:16+09:00,ALPACA,424955,98.0,36.352867,127.37439,12,세종특별시
2026-06-22T11:40:16+09:00,ALPACA,424978,83.0,36.352875,127.37447,12,세종특별시
2026-06-22T11:40:16+09:00,ALPACA,425535,98.0,36.35288,127.374374,12,세종특별시
2026-06-22T11:40:16+09:00,ALPACA,424490,100.0,36.352882,127.37442,12,세종특별시
2026-06-22T11:40:16+09:00,ALPACA,424575,100.0,36.352882,127.37443,12,세종특별시
2026-06-22T11:40:16+09:00,ALPACA,425234,100.0,36.352882,127.37444,12,세종특별시
2026-06-22T11:40:16+09:00,ALPACA,426307,87.0,36.352898,127.374405,12,세종특별시
2026-06-22T11:40:16+09:00,ALPACA,424249,100.0,36.3529,127.374405,12,세종특별시
2026-06-22T11:40:16+09:00,ALPACA,424967,100.0,36.352905,127.37436,12,세종특별시
2026-06-22T11:40:16+09:00,ALPACA,425254,100.0,36.352905,127.37443,12,세종특별시
2026-06-22T11:40:16+09:00,ALPACA,425700,85.0,36.352924,127.3744,12,세종특별시
2026-06-22T11:40:16+09:00,ALPACA,425308,95.0,36.352924,127.37443,12,세종특별시
2026-06-22T11:40:16+09:00,ALPACA,424352,100.0,36.35293,127.37446,12,세종특별시
2026-06-22T11:40:16+09:00,ALPACA,425689,51.0,36.353,127.347534,12,세종특별시
2026-06-22T11:40:16+09:00,ALPACA,425508,63.0,36.353073,127.34147,12,세종특별시
2026-06-22T11:40:16+09:00,ALPACA,424609,57.0,36.353096,127.33522,12,세종특별시
2026-06-22T11:40:16+09:00,ALPACA,424430,84.0,36.353127,127.34475,12,세종특별시
2026-06-22T11:40:16+09:00,ALPACA,425351,61.0,36.353138,127.3299,12,세종특별시
2026-06-22T11:40:16+09:00,ALPACA,425435,43.0,36.353153,127.329796,12,세종특별시
2026-06-22T11:40:16+09:00,ALPACA,424343,76.0,36.353153,127.3352,12,세종특별시
2026-06-22T11:40:16+09:00,ALPACA,424772,34.0,36.353165,127.32981,12,세종특별시
2026-06-22T11:40:16+09:00,ALPACA,424347,79.0,36.353172,127.34127,12,세종특별시
2026-06-22T11:40:16+09:00,ALPACA,424581,83.0,36.353172,127.33526,12,세종특별시
2026-06-22T11:40:16+09:00,ALPACA,424498,52.0,36.353188,127.33999,12,세종특별시
2026-06-22T11:40:16+09:00,ALPACA,424364,72.0,36.35328,127.34211,12,세종특별시
2026-06-22T11:40:16+09:00,ALPACA,425698,100.0,36.353283,127.34215,12,세종특별시
2026-06-22T11:40:16+09:00,ALPACA,424348,43.0,36.353287,127.34213,12,세종특별시
2026-06-22T11:40:16+09:00,ALPACA,424412,73.0,36.35329,127.34213,12,세종특별시
2026-06-22T11:40:16+09:00,ALPACA,425738,100.0,36.353306,127.34211,12,세종특별시
2026-06-22T11:40:16+09:00,ALPACA,424437,100.0,36.35331,127.34216,12,세종특별시
2026-06-22T11:40:16+09:00,ALPACA,425016,90.0,36.35331,127.342125,12,세종특별시
2026-06-22T11:40:16+09:00,ALPACA,425499,99.0,36.353313,127.3421,12,세종특별시
2026-06-22T11:40:16+09:00,ALPACA,424447,46.0,36.353333,127.34298,12,세종특별시
2026-06-22T11:40:16+09:00,ALPACA,424465,100.0,36.353336,127.34208,12,세종특별시
2026-06-22T11:40:16+09:00,ALPACA,425432,63.0,36.353344,127.34212,12,세종특별시
2026-06-22T11:40:16+09:00,ALPACA,425229,100.0,36.353344,127.34212,12,세종특별시
2026-06-22T11:40:16+09:00,ALPACA,424431,100.0,36.353386,127.34214,12,세종특별시
2026-06-22T11:40:16+09:00,ALPACA,424296,48.0,36.35341,127.342865,12,세종특별시
2026-06-22T11:40:16+09:00,ALPACA,425420,59.0,36.353436,127.3429,12,세종특별시
2026-06-22T11:40:16+09:00,ALPACA,425682,65.0,36.35344,127.34301,12,세종특별시
2026-06-22T11:40:16+09:00,ALPACA,425984,46.0,36.35345,127.40027,12,세종특별시
2026-06-22T11:40:16+09:00,ALPACA,424414,49.0,36.353455,127.342834,12,세종특별시
2026-06-22T11:40:16+09:00,ALPACA,425726,32.0,36.35346,127.342926,12,세종특별시
2026-06-22T11:40:16+09:00,ALPACA,424627,65.0,36.35346,127.34284,12,세종특별시
2026-06-22T11:40:16+09:00,ALPACA,425739,64.0,36.353477,127.342865,12,세종특별시
2026-06-22T11:40:16+09:00,ALPACA,424334,66.0,36.35349,127.34308,12,세종특별시
2026-06-22T11:40:16+09:00,ALPACA,424453,76.0,36.35353,127.342926,12,세종특별시
2026-06-22T11:40:16+09:00,ALPACA,425327,77.0,36.353535,127.3301,12,세종특별시
2026-06-22T11:40:16+09:00,ALPACA,425219,50.0,36.35354,127.34168,12,세종특별시
2026-06-22T11:40:16+09:00,ALPACA,424615,39.0,36.353783,127.33769,12,세종특별시
2026-06-22T11:40:16+09:00,ALPACA,424365,45.0,36.353848,127.33775,12,세종특별시
2026-06-22T11:40:16+09:00,ALPACA,424426,60.0,36.353985,127.32902,12,세종특별시
2026-06-22T11:40:16+09:00,ALPACA,425445,85.0,36.3541,127.37092,12,세종특별시
2026-06-22T11:40:16+09:00,ALPACA,424631,76.0,36.354164,127.3372,12,세종특별시
2026-06-22T11:40:16+09:00,ALPACA,425346,50.0,36.354313,127.34257,12,세종특별시
2026-06-22T11:40:16+09:00,ALPACA,424155,42.0,36.354412,127.34485,12,세종특별시
2026-06-22T11:40:16+09:00,ALPACA,425710,58.0,36.35442,127.34386,12,세종특별시
2026-06-22T11:40:16+09:00,ALPACA,426329,99.0,36.354454,127.35456,12,세종특별시
2026-06-22T11:40:16+09:00,ALPACA,426482,100.0,36.354465,127.35452,12,세종특별시
2026-06-22T11:40:16+09:00,ALPACA,426354,100.0,36.35447,127.35452,12,세종특별시
2026-06-22T11:40:16+09:00,ALPACA,425577,100.0,36.35448,127.354546,12,세종특별시
2026-06-22T11:40:16+09:00,ALPACA,425937,100.0,36.35448,127.35452,12,세종특별시
2026-06-22T11:40:16+09:00,ALPACA,424345,100.0,36.35448,127.35455,12,세종특별시
2026-06-22T11:40:16+09:00,ALPACA,426330,100.0,36.354485,127.35453,12,세종특별시
2026-06-22T11:40:16+09:00,ALPACA,424752,100.0,36.35449,127.354515,12,세종특별시
2026-06-22T11:40:16+09:00,ALPACA,426248,99.0,36.354492,127.35457,12,세종특별시
2026-06-22T11:40:16+09:00,ALPACA,426512,100.0,36.354496,127.35454,12,세종특별시
2026-06-22T11:40:16+09:00,ALPACA,424605,100.0,36.354496,127.35452,12,세종특별시
2026-06-22T11:40:16+09:00,ALPACA,426376,100.0,36.354504,127.35457,12,세종특별시
2026-06-22T11:40:16+09:00,ALPACA,425052,98.0,36.354507,127.35457,12,세종특별시
2026-06-22T11:40:16+09:00,ALPACA,424349,62.0,36.35456,127.343636,12,세종특별시
2026-06-22T11:40:16+09:00,ALPACA,424487,49.0,36.35457,127.34355,12,세종특별시
2026-06-22T11:40:16+09:00,ALPACA,425461,31.0,36.354595,127.33806,12,세종특별시
2026-06-22T11:40:16+09:00,ALPACA,424468,96.0,36.354626,127.34351,12,세종특별시
2026-06-22T11:40:16+09:00,ALPACA,424673,65.0,36.35463,127.331,12,세종특별시
2026-06-22T11:40:16+09:00,ALPACA,426253,91.0,36.354668,127.34213,12,세종특별시
2026-06-22T11:40:16+09:00,ALPACA,425391,79.0,36.354694,127.34072,12,세종특별시
2026-06-22T11:40:16+09:00,ALPACA,424589,42.0,36.35471,127.335434,12,세종특별시
2026-06-22T11:40:16+09:00,ALPACA,425312,64.0,36.35471,127.34337,12,세종특별시
2026-06-22T11:40:16+09:00,ALPACA,424645,39.0,36.35472,127.33947,12,세종특별시
2026-06-22T11:40:16+09:00,ALPACA,425259,63.0,36.354847,127.33122,12,세종특별시
2026-06-22T11:40:16+09:00,ALPACA,424650,87.0,36.35498,127.34769,12,세종특별시
2026-06-22T11:40:16+09:00,ALPACA,424639,46.0,36.35506,127.337006,12,세종특별시
2026-06-22T11:40:16+09:00,ALPACA,425025,67.0,36.35509,127.33698,12,세종특별시
2026-06-22T11:40:16+09:00,ALPACA,424433,39.0,36.35512,127.337006,12,세종특별시
2026-06-22T11:40:16+09:00,ALPACA,425545,44.0,36.355125,127.34306,12,세종특별시
2026-06-22T11:40:16+09:00,ALPACA,424838,49.0,36.355125,127.34424,12,세종특별시
2026-06-22T11:40:16+09:00,ALPACA,424574,85.0,36.35513,127.34304,12,세종특별시
2026-06-22T11:40:16+09:00,ALPACA,424603,46.0,36.35513,127.344246,12,세종특별시
2026-06-22T11:40:16+09:00,ALPACA,425419,61.0,36.35514,127.33696,12,세종특별시
2026-06-22T11:40:16+09:00,ALPACA,425688,91.0,36.35518,127.35096,12,세종특별시
2026-06-22T11:40:16+09:00,ALPACA,424356,67.0,36.355316,127.34521,12,세종특별시
2026-06-22T11:40:16+09:00,ALPACA,425339,39.0,36.355343,127.335724,12,세종특별시
2026-06-22T11:40:16+09:00,ALPACA,424315,63.0,36.355366,127.33185,12,세종특별시
2026-06-22T11:40:16+09:00,ALPACA,425676,47.0,36.35537,127.33531,12,세종특별시
2026-06-22T11:40:16+09:00,ALPACA,424608,96.0,36.355385,127.33186,12,세종특별시
2026-06-22T11:40:16+09:00,ALPACA,424554,50.0,36.35547,127.3438,12,세종특별시
2026-06-22T11:40:16+09:00,ALPACA,424965,70.0,36.35557,127.33481,12,세종특별시
2026-06-22T11:40:16+09:00,ALPACA,424853,37.0,36.355625,127.34307,12,세종특별시
2026-06-22T11:40:16+09:00,ALPACA,412506,82.0,36.35568,127.37574,12,세종특별시
2026-06-22T11:40:16+09:00,ALPACA,424862,44.0,36.355717,127.33943,12,세종특별시
2026-06-22T11:40:16+09:00,ALPACA,424451,49.0,36.355732,127.36027,12,세종특별시
2026-06-22T11:40:16+09:00,ALPACA,425486,60.0,36.35579,127.33127,12,세종특별시
2026-06-22T11:40:16+09:00,ALPACA,425269,35.0,36.355877,127.35214,12,세종특별시
2026-06-22T11:40:16+09:00,ALPACA,424289,40.0,36.355896,127.3441,12,세종특별시
2026-06-22T11:40:16+09:00,ALPACA,425430,51.0,36.355976,127.33678,12,세종특별시
2026-06-22T11:40:16+09:00,ALPACA,425678,82.0,36.355984,127.33124,12,세종특별시
2026-06-22T11:40:16+09:00,ALPACA,424884,79.0,36.35599,127.33125,12,세종특별시
2026-06-22T11:40:16+09:00,ALPACA,424264,57.0,36.356014,127.33124,12,세종특별시
2026-06-22T11:40:16+09:00,ALPACA,424613,62.0,36.356018,127.34417,12,세종특별시
2026-06-22T11:40:16+09:00,ALPACA,425470,60.0,36.356026,127.33964,12,세종특별시
2026-06-22T11:40:16+09:00,ALPACA,425045,56.0,36.3561,127.33079,12,세종특별시
2026-06-22T11:40:16+09:00,ALPACA,425547,87.0,36.356148,127.35081,12,세종특별시
2026-06-22T11:40:16+09:00,ALPACA,425007,74.0,36.356277,127.36386,12,세종특별시
2026-06-22T11:40:16+09:00,ALPACA,425407,92.0,36.35636,127.361046,12,세종특별시
2026-06-22T11:40:16+09:00,ALPACA,425047,75.0,36.35641,127.34814,12,세종특별시
2026-06-22T11:40:16+09:00,ALPACA,424818,77.0,36.35644,127.34812,12,세종특별시
2026-06-22T11:40:16+09:00,ALPACA,425282,76.0,36.356503,127.348045,12,세종특별시
2026-06-22T11:40:16+09:00,ALPACA,425233,54.0,36.356514,127.341774,12,세종특별시
2026-06-22T11:40:16+09:00,ALPACA,425265,78.0,36.35654,127.34811,12,세종특별시
2026-06-22T11:40:16+09:00,ALPACA,425402,77.0,36.356552,127.348076,12,세종특별시
2026-06-22T11:40:16+09:00,ALPACA,424713,66.0,36.35656,127.34803,12,세종특별시
2026-06-22T11:40:16+09:00,ALPACA,425008,67.0,36.35658,127.331184,12,세종특별시
2026-06-22T11:40:16+09:00,ALPACA,424595,64.0,36.356632,127.33812,12,세종특별시
2026-06-22T11:40:16+09:00,ALPACA,424183,49.0,36.35665,127.33153,12,세종특별시
2026-06-22T11:40:16+09:00,ALPACA,426460,70.0,36.356766,127.33561,12,세종특별시
2026-06-22T11:40:16+09:00,ALPACA,424502,44.0,36.35679,127.33562,12,세종특별시
2026-06-22T11:40:16+09:00,ALPACA,425411,90.0,36.35689,127.33546,12,세종특별시
2026-06-22T11:40:16+09:00,ALPACA,414766,87.0,36.3569,127.335464,12,세종특별시
2026-06-22T11:40:16+09:00,ALPACA,424909,40.0,36.35701,127.34502,12,세종특별시
2026-06-22T11:40:16+09:00,ALPACA,424821,49.0,36.357014,127.35436,12,세종특별시
2026-06-22T11:40:16+09:00,ALPACA,424828,51.0,36.357162,127.35101,12,세종특별시
2026-06-22T11:40:16+09:00,ALPACA,424966,65.0,36.357216,127.358055,12,세종특별시
2026-06-22T11:40:16+09:00,ALPACA,426311,43.0,36.35722,127.340034,12,세종특별시
2026-06-22T11:40:16+09:00,ALPACA,426301,87.0,36.35723,127.34008,12,세종특별시
2026-06-22T11:40:16+09:00,ALPACA,425222,41.0,36.35726,127.35034,12,세종특별시
2026-06-22T11:40:16+09:00,ALPACA,424693,44.0,36.357384,127.34778,12,세종특별시
2026-06-22T11:40:16+09:00,ALPACA,425475,91.0,36.357407,127.37182,12,세종특별시
2026-06-22T11:40:16+09:00,ALPACA,425056,94.0,36.357414,127.37181,12,세종특별시
2026-06-22T11:40:16+09:00,ALPACA,424371,90.0,36.357418,127.371826,12,세종특별시
2026-06-22T11:40:16+09:00,ALPACA,425539,100.0,36.35742,127.37179,12,세종특별시
2026-06-22T11:40:16+09:00,ALPACA,425536,98.0,36.35743,127.37181,12,세종특별시
2026-06-22T11:40:16+09:00,ALPACA,425194,69.0,36.35743,127.34778,12,세종특별시
2026-06-22T11:40:16+09:00,ALPACA,424375,90.0,36.357433,127.371826,12,세종특별시
2026-06-22T11:40:16+09:00,ALPACA,424986,66.0,36.357433,127.34782,12,세종특별시
2026-06-22T11:40:16+09:00,ALPACA,424716,93.0,36.357437,127.371826,12,세종특별시
2026-06-22T11:40:16+09:00,ALPACA,424836,95.0,36.357437,127.37183,12,세종특별시
2026-06-22T11:40:16+09:00,ALPACA,424992,93.0,36.357437,127.37179,12,세종특별시
2026-06-22T11:40:16+09:00,ALPACA,425304,83.0,36.35744,127.37408,12,세종특별시
2026-06-22T11:40:16+09:00,ALPACA,412524,84.0,36.35745,127.37182,12,세종특별시
2026-06-22T11:40:16+09:00,ALPACA,424366,100.0,36.35745,127.37182,12,세종특별시
2026-06-22T11:40:16+09:00,ALPACA,424519,100.0,36.35745,127.37177,12,세종특별시
2026-06-22T11:40:16+09:00,ALPACA,424881,94.0,36.35745,127.37179,12,세종특별시
2026-06-22T11:40:16+09:00,ALPACA,424931,90.0,36.35745,127.37182,12,세종특별시
2026-06-22T11:40:16+09:00,ALPACA,425284,100.0,36.35745,127.37181,12,세종특별시
2026-06-22T11:40:16+09:00,ALPACA,424573,100.0,36.357452,127.37184,12,세종특별시
2026-06-22T11:40:16+09:00,ALPACA,424398,100.0,36.357464,127.37182,12,세종특별시
2026-06-22T11:40:16+09:00,ALPACA,414820,42.0,36.357468,127.37182,12,세종특별시
2026-06-22T11:40:16+09:00,ALPACA,425772,100.0,36.357468,127.3718,12,세종특별시
2026-06-22T11:40:16+09:00,ALPACA,425382,100.0,36.357468,127.37181,12,세종특별시
2026-06-22T11:40:16+09:00,ALPACA,425714,100.0,36.35747,127.37181,12,세종특별시
2026-06-22T11:40:16+09:00,ALPACA,426451,71.0,36.357475,127.37181,12,세종특별시
2026-06-22T11:40:16+09:00,ALPACA,414275,82.0,36.357483,127.37183,12,세종특별시
2026-06-22T11:40:16+09:00,ALPACA,414686,88.0,36.357487,127.37181,12,세종특별시
2026-06-22T11:40:16+09:00,ALPACA,415028,51.0,36.357487,127.37182,12,세종특별시
2026-06-22T11:40:16+09:00,ALPACA,424445,100.0,36.357487,127.371826,12,세종특별시
2026-06-22T11:40:16+09:00,ALPACA,424845,100.0,36.35749,127.371796,12,세종특별시
2026-06-22T11:40:16+09:00,ALPACA,425701,40.0,36.357494,127.371826,12,세종특별시
2026-06-22T11:40:16+09:00,ALPACA,414769,51.0,36.35751,127.37182,12,세종특별시
2026-06-22T11:40:16+09:00,ALPACA,425583,71.0,36.357517,127.37181,12,세종특별시
2026-06-22T11:40:16+09:00,ALPACA,425200,82.0,36.357517,127.371796,12,세종특별시
2026-06-22T11:40:16+09:00,ALPACA,425015,62.0,36.357536,127.37182,12,세종특별시
2026-06-22T11:40:16+09:00,ALPACA,425755,52.0,36.35756,127.3515,12,세종특별시
2026-06-22T11:40:16+09:00,ALPACA,425674,44.0,36.35757,127.35059,12,세종특별시
2026-06-22T11:40:16+09:00,ALPACA,426441,89.0,36.357574,127.34979,12,세종특별시
2026-06-22T11:40:16+09:00,ALPACA,425357,55.0,36.357647,127.33109,12,세종특별시
2026-06-22T11:40:16+09:00,ALPACA,424906,41.0,36.35765,127.35195,12,세종특별시
2026-06-22T11:40:16+09:00,ALPACA,425485,53.0,36.357685,127.34431,12,세종특별시
2026-06-22T11:40:16+09:00,ALPACA,424916,65.0,36.357822,127.35125,12,세종특별시
2026-06-22T11:40:16+09:00,ALPACA,425491,42.0,36.357883,127.34583,12,세종특별시
2026-06-22T11:40:16+09:00,ALPACA,425332,45.0,36.3579,127.35129,12,세종특별시
2026-06-22T11:40:16+09:00,ALPACA,425422,100.0,36.35791,127.36395,12,세종특별시
2026-06-22T11:40:16+09:00,ALPACA,425460,100.0,36.35793,127.36385,12,세종특별시
2026-06-22T11:40:16+09:00,ALPACA,425753,73.0,36.35793,127.36391,12,세종특별시
2026-06-22T11:40:16+09:00,ALPACA,426268,100.0,36.357937,127.36383,12,세종특별시
2026-06-22T11:40:16+09:00,ALPACA,425765,88.0,36.357944,127.36386,12,세종특별시
2026-06-22T11:40:16+09:00,ALPACA,423880,99.0,36.357956,127.363785,12,세종특별시
2026-06-22T11:40:16+09:00,ALPACA,424185,100.0,36.35796,127.36382,12,세종특별시
2026-06-22T11:40:16+09:00,ALPACA,425209,85.0,36.35796,127.37969,12,세종특별시
2026-06-22T11:40:16+09:00,ALPACA,424400,100.0,36.357964,127.363815,12,세종특별시
2026-06-22T11:40:16+09:00,ALPACA,425543,78.0,36.357975,127.36382,12,세종특별시
2026-06-22T11:40:16+09:00,ALPACA,424326,100.0,36.357983,127.364,12,세종특별시
2026-06-22T11:40:16+09:00,ALPACA,425992,100.0,36.357986,127.363785,12,세종특별시
2026-06-22T11:40:16+09:00,ALPACA,424388,69.0,36.357994,127.36381,12,세종특별시
2026-06-22T11:40:16+09:00,ALPACA,424569,76.0,36.358,127.36382,12,세종특별시
2026-06-22T11:40:16+09:00,ALPACA,424403,76.0,36.358006,127.36379,12,세종특별시
2026-06-22T11:40:16+09:00,ALPACA,424572,86.0,36.358013,127.363914,12,세종특별시
2026-06-22T11:40:16+09:00,ALPACA,425223,49.0,36.35813,127.35243,12,세종특별시
2026-06-22T11:40:16+09:00,ALPACA,424560,38.0,36.358322,127.35582,12,세종특별시
2026-06-22T11:40:16+09:00,ALPACA,425127,51.0,36.358402,127.32857,12,세종특별시
2026-06-22T11:40:16+09:00,ALPACA,424479,62.0,36.358505,127.34494,12,세종특별시
2026-06-22T11:40:16+09:00,ALPACA,424808,47.0,36.358772,127.35916,12,세종특별시
2026-06-22T11:40:16+09:00,ALPACA,424789,58.0,36.35878,127.359116,12,세종특별시
2026-06-22T11:40:16+09:00,ALPACA,424817,76.0,36.358967,127.33226,12,세종특별시
2026-06-22T11:40:16+09:00,ALPACA,424979,68.0,36.35902,127.33379,12,세종특별시
2026-06-22T11:40:16+09:00,ALPACA,424943,64.0,36.359043,127.33376,12,세종특별시
2026-06-22T11:40:16+09:00,ALPACA,425161,70.0,36.359043,127.35218,12,세종특별시
2026-06-22T11:40:16+09:00,ALPACA,424970,45.0,36.35905,127.333725,12,세종특별시
2026-06-22T11:40:16+09:00,ALPACA,425440,66.0,36.359055,127.33343,12,세종특별시
2026-06-22T11:40:16+09:00,ALPACA,425210,46.0,36.35906,127.33347,12,세종특별시
2026-06-22T11:40:16+09:00,ALPACA,425421,62.0,36.359062,127.33345,12,세종특별시
2026-06-22T11:40:16+09:00,ALPACA,425393,56.0,36.359062,127.35218,12,세종특별시
2026-06-22T11:40:16+09:00,ALPACA,425396,71.0,36.359062,127.33344,12,세종특별시
2026-06-22T11:40:16+09:00,ALPACA,425410,63.0,36.35907,127.33347,12,세종특별시
2026-06-22T11:40:16+09:00,ALPACA,425325,56.0,36.35909,127.33349,12,세종특별시
2026-06-22T11:40:16+09:00,ALPACA,424859,62.0,36.359093,127.333466,12,세종특별시
2026-06-22T11:40:16+09:00,ALPACA,425201,65.0,36.359097,127.34553,12,세종특별시
2026-06-22T11:40:16+09:00,ALPACA,424630,81.0,36.359272,127.3417,12,세종특별시
2026-06-22T11:40:16+09:00,ALPACA,424558,84.0,36.359306,127.35442,12,세종특별시
2026-06-22T11:40:16+09:00,ALPACA,424684,51.0,36.359425,127.333916,12,세종특별시
2026-06-22T11:40:16+09:00,ALPACA,424448,89.0,36.35951,127.33482,12,세종특별시
2026-06-22T11:40:16+09:00,ALPACA,425358,98.0,36.359547,127.343346,12,세종특별시
2026-06-22T11:40:16+09:00,ALPACA,425564,87.0,36.359573,127.34343,12,세종특별시
2026-06-22T11:40:16+09:00,ALPACA,424610,46.0,36.359737,127.33646,12,세종특별시
2026-06-22T11:40:16+09:00,ALPACA,424638,40.0,36.359737,127.33638,12,세종특별시
2026-06-22T11:40:16+09:00,ALPACA,414824,48.0,36.35978,127.374146,12,세종특별시
2026-06-22T11:40:16+09:00,ALPACA,425077,99.0,36.359863,127.371994,12,세종특별시
2026-06-22T11:40:16+09:00,ALPACA,424998,54.0,36.360413,127.33222,12,세종특별시
2026-06-22T11:40:16+09:00,ALPACA,424985,41.0,36.360596,127.33354,12,세종특별시
2026-06-22T11:40:16+09:00,ALPACA,425626,32.0,36.360767,127.333916,12,세종특별시
2026-06-22T11:40:16+09:00,ALPACA,424598,65.0,36.360916,127.350266,12,세종특별시
2026-06-22T11:40:16+09:00,ALPACA,424894,58.0,36.361115,127.33635,12,세종특별시
2026-06-22T11:40:16+09:00,ALPACA,425326,71.0,36.361115,127.3372,12,세종특별시
2026-06-22T11:40:16+09:00,ALPACA,425353,44.0,36.361145,127.338425,12,세종특별시
2026-06-22T11:40:16+09:00,ALPACA,424556,100.0,36.36118,127.356,12,세종특별시
2026-06-22T11:40:16+09:00,ALPACA,425046,85.0,36.361324,127.33851,12,세종특별시
2026-06-22T11:40:16+09:00,ALPACA,425246,44.0,36.36135,127.33777,12,세종특별시
2026-06-22T11:40:16+09:00,ALPACA,424374,97.0,36.36141,127.33746,12,세종특별시
2026-06-22T11:40:16+09:00,ALPACA,424976,100.0,36.36153,127.35697,12,세종특별시
2026-06-22T11:40:16+09:00,ALPACA,426378,100.0,36.36154,127.35697,12,세종특별시
2026-06-22T11:40:16+09:00,ALPACA,424441,86.0,36.361656,127.33664,12,세종특별시
2026-06-22T11:40:16+09:00,ALPACA,414826,32.0,36.36168,127.353264,12,세종특별시
2026-06-22T11:40:16+09:00,ALPACA,425693,95.0,36.36177,127.344894,12,세종특별시
2026-06-22T11:40:16+09:00,ALPACA,425454,59.0,36.36179,127.33026,12,세종특별시
2026-06-22T11:40:16+09:00,ALPACA,424634,58.0,36.361794,127.35746,12,세종특별시
2026-06-22T11:40:16+09:00,ALPACA,424369,90.0,36.36182,127.357475,12,세종특별시
2026-06-22T11:40:16+09:00,ALPACA,424885,97.0,36.36183,127.357574,12,세종특별시
2026-06-22T11:40:16+09:00,ALPACA,426262,100.0,36.36184,127.3576,12,세종특별시
2026-06-22T11:40:16+09:00,ALPACA,424405,100.0,36.36185,127.35762,12,세종특별시
2026-06-22T11:40:16+09:00,ALPACA,424889,100.0,36.36185,127.357574,12,세종특별시
2026-06-22T11:40:16+09:00,ALPACA,424415,34.0,36.361877,127.34437,12,세종특별시
2026-06-22T11:40:16+09:00,ALPACA,424786,50.0,36.361923,127.35732,12,세종특별시
2026-06-22T11:40:16+09:00,ALPACA,424958,74.0,36.361958,127.35738,12,세종특별시
2026-06-22T11:40:16+09:00,ALPACA,425371,74.0,36.361965,127.357376,12,세종특별시
2026-06-22T11:40:16+09:00,ALPACA,424922,46.0,36.36197,127.35737,12,세종특별시
2026-06-22T11:40:16+09:00,ALPACA,425368,75.0,36.36197,127.35735,12,세종특별시
2026-06-22T11:40:16+09:00,ALPACA,424584,67.0,36.36198,127.35785,12,세종특별시
2026-06-22T11:40:16+09:00,ALPACA,425527,76.0,36.36202,127.35738,12,세종특별시
2026-06-22T11:40:16+09:00,ALPACA,425114,44.0,36.36203,127.36115,12,세종특별시
2026-06-22T11:40:16+09:00,ALPACA,424399,82.0,36.362183,127.37412,12,세종특별시
2026-06-22T11:40:16+09:00,ALPACA,424778,95.0,36.36247,127.34416,12,세종특별시
2026-06-22T11:40:16+09:00,ALPACA,425184,100.0,36.362507,127.35731,12,세종특별시
2026-06-22T11:40:16+09:00,ALPACA,424578,94.0,36.36252,127.33519,12,세종특별시
2026-06-22T11:40:16+09:00,ALPACA,425389,55.0,36.36252,127.357346,12,세종특별시
2026-06-22T11:40:16+09:00,ALPACA,424941,100.0,36.362583,127.3447,12,세종특별시
2026-06-22T11:40:16+09:00,ALPACA,425118,95.0,36.362583,127.34451,12,세종특별시
2026-06-22T11:40:16+09:00,ALPACA,424957,97.0,36.362587,127.3446,12,세종특별시
2026-06-22T11:40:16+09:00,ALPACA,424592,76.0,36.362595,127.34471,12,세종특별시
2026-06-22T11:40:16+09:00,ALPACA,425434,100.0,36.3626,127.34471,12,세종특별시
2026-06-22T11:40:16+09:00,ALPACA,424332,100.0,36.362602,127.34473,12,세종특별시
2026-06-22T11:40:16+09:00,ALPACA,424585,100.0,36.362602,127.3447,12,세종특별시
2026-06-22T11:40:16+09:00,ALPACA,425588,100.0,36.362606,127.34472,12,세종특별시
2026-06-22T11:40:16+09:00,ALPACA,425703,68.0,36.36261,127.344505,12,세종특별시
2026-06-22T11:40:16+09:00,ALPACA,425224,98.0,36.362614,127.344475,12,세종특별시
2026-06-22T11:40:16+09:00,ALPACA,424429,99.0,36.36262,127.34457,12,세종특별시
2026-06-22T11:40:16+09:00,ALPACA,424919,100.0,36.36262,127.34452,12,세종특별시
2026-06-22T11:40:16+09:00,ALPACA,425345,100.0,36.36262,127.344734,12,세종특별시
2026-06-22T11:40:16+09:00,ALPACA,425400,62.0,36.362625,127.34453,12,세종특별시
2026-06-22T11:40:16+09:00,ALPACA,425377,100.0,36.36263,127.34456,12,세종특별시
2026-06-22T11:40:16+09:00,ALPACA,425549,94.0,36.362633,127.34458,12,세종특별시
2026-06-22T11:40:16+09:00,ALPACA,424937,100.0,36.36264,127.34456,12,세종특별시
2026-06-22T11:40:16+09:00,ALPACA,425314,95.0,36.36265,127.34456,12,세종특별시
2026-06-22T11:40:16+09:00,ALPACA,425955,100.0,36.36266,127.344696,12,세종특별시
2026-06-22T11:40:16+09:00,ALPACA,424727,92.0,36.362663,127.34357,12,세종특별시
2026-06-22T11:40:16+09:00,ALPACA,424767,79.0,36.36267,127.343605,12,세종특별시
2026-06-22T11:40:16+09:00,ALPACA,425005,75.0,36.36267,127.34359,12,세종특별시
2026-06-22T11:40:16+09:00,ALPACA,426413,32.0,36.36271,127.34346,12,세종특별시
2026-06-22T11:40:16+09:00,ALPACA,424493,76.0,36.362835,127.35148,12,세종특별시
2026-06-22T11:40:16+09:00,ALPACA,424758,53.0,36.362843,127.356865,12,세종특별시
2026-06-22T11:40:16+09:00,ALPACA,425129,100.0,36.36287,127.35676,12,세종특별시
2026-06-22T11:40:16+09:00,ALPACA,425630,84.0,36.363148,127.34218,12,세종특별시
2026-06-22T11:40:16+09:00,ALPACA,424342,73.0,36.363224,127.334885,12,세종특별시
2026-06-22T11:40:16+09:00,ALPACA,425472,35.0,36.363243,127.34195,12,세종특별시
2026-06-22T11:40:16+09:00,ALPACA,424485,51.0,36.363274,127.33416,12,세종특별시
2026-06-22T11:40:16+09:00,ALPACA,425336,100.0,36.36348,127.35655,12,세종특별시
2026-06-22T11:40:16+09:00,ALPACA,424804,95.0,36.363518,127.356926,12,세종특별시
2026-06-22T11:40:16+09:00,ALPACA,425623,91.0,36.36368,127.3582,12,세종특별시
2026-06-22T11:40:16+09:00,ALPACA,425437,54.0,36.3637,127.358185,12,세종특별시
2026-06-22T11:40:16+09:00,ALPACA,425459,50.0,36.36404,127.35904,12,세종특별시
2026-06-22T11:40:16+09:00,ALPACA,425356,43.0,36.364616,127.34049,12,세종특별시
2026-06-22T11:40:16+09:00,ALPACA,425323,41.0,36.36463,127.34037,12,세종특별시
2026-06-22T11:40:16+09:00,ALPACA,424557,92.0,36.36471,127.34718,12,세종특별시
2026-06-22T11:40:16+09:00,ALPACA,425687,100.0,36.364986,127.347565,12,세종특별시
2026-06-22T11:40:16+09:00,ALPACA,425237,70.0,36.364998,127.34737,12,세종특별시
2026-06-22T11:40:16+09:00,ALPACA,424728,98.0,36.365192,127.34632,12,세종특별시
2026-06-22T11:40:16+09:00,ALPACA,424962,100.0,36.36541,127.36342,12,세종특별시
2026-06-22T11:40:16+09:00,ALPACA,423883,66.0,36.365643,127.346085,12,세종특별시
2026-06-22T11:40:16+09:00,ALPACA,425031,47.0,36.365723,127.33681,12,세종특별시
2026-06-22T11:40:16+09:00,ALPACA,424308,76.0,36.36589,127.36466,12,세종특별시
2026-06-22T11:40:16+09:00,ALPACA,425748,68.0,36.3659,127.36465,12,세종특별시
2026-06-22T11:40:16+09:00,ALPACA,424567,76.0,36.365902,127.364655,12,세종특별시
2026-06-22T11:40:16+09:00,ALPACA,424566,75.0,36.365906,127.364655,12,세종특별시
2026-06-22T11:40:16+09:00,ALPACA,425744,66.0,36.365913,127.36465,12,세종특별시
2026-06-22T11:40:16+09:00,ALPACA,424207,67.0,36.365913,127.364655,12,세종특별시
2026-06-22T11:40:16+09:00,ALPACA,424413,75.0,36.365917,127.36466,12,세종특별시
2026-06-22T11:40:16+09:00,ALPACA,426462,76.0,36.36644,127.31598,12,세종특별시
2026-06-22T11:40:16+09:00,ALPACA,424805,99.0,36.366493,127.3428,12,세종특별시
2026-06-22T11:40:16+09:00,ALPACA,426436,95.0,36.366497,127.34273,12,세종특별시
2026-06-22T11:40:16+09:00,ALPACA,424344,96.0,36.3665,127.3428,12,세종특별시
2026-06-22T11:40:16+09:00,ALPACA,424823,56.0,36.3665,127.342834,12,세종특별시
2026-06-22T11:40:16+09:00,ALPACA,425014,92.0,36.3665,127.34282,12,세종특별시
2026-06-22T11:40:16+09:00,ALPACA,425137,63.0,36.3665,127.34271,12,세종특별시
2026-06-22T11:40:16+09:00,ALPACA,424528,33.0,36.36651,127.3425,12,세종특별시
2026-06-22T11:40:16+09:00,ALPACA,425313,34.0,36.366512,127.34256,12,세종특별시
2026-06-22T11:40:16+09:00,ALPACA,424833,88.0,36.366516,127.342804,12,세종특별시
2026-06-22T11:40:16+09:00,ALPACA,425514,81.0,36.366528,127.342636,12,세종특별시
2026-06-22T11:40:16+09:00,ALPACA,425466,96.0,36.36654,127.3428,12,세종특별시
2026-06-22T11:40:16+09:00,ALPACA,425416,62.0,36.366554,127.34257,12,세종특별시
2026-06-22T11:40:16+09:00,ALPACA,425340,91.0,36.366554,127.34517,12,세종특별시
2026-06-22T11:40:16+09:00,ALPACA,425974,96.0,36.366566,127.342476,12,세종특별시
2026-06-22T11:40:16+09:00,ALPACA,425559,72.0,36.366577,127.34559,12,세종특별시
2026-06-22T11:40:16+09:00,ALPACA,424964,100.0,36.366577,127.36243,12,세종특별시
2026-06-22T11:40:16+09:00,ALPACA,424553,37.0,36.366688,127.3446,12,세종특별시
2026-06-22T11:40:16+09:00,ALPACA,424338,38.0,36.36674,127.34466,12,세종특별시
2026-06-22T11:40:16+09:00,ALPACA,425716,90.0,36.366745,127.34466,12,세종특별시
2026-06-22T11:40:16+09:00,ALPACA,425168,44.0,36.366848,127.3447,12,세종특별시
2026-06-22T11:40:16+09:00,ALPACA,425493,56.0,36.366856,127.34641,12,세종특별시
2026-06-22T11:40:16+09:00,ALPACA,424571,98.0,36.366863,127.34466,12,세종특별시
2026-06-22T11:40:16+09:00,ALPACA,425208,77.0,36.36688,127.344734,12,세종특별시
2026-06-22T11:40:16+09:00,ALPACA,425048,97.0,36.36689,127.34468,12,세종특별시
2026-06-22T11:40:16+09:00,ALPACA,425251,97.0,36.366936,127.34473,12,세종특별시
2026-06-22T11:40:16+09:00,ALPACA,424337,97.0,36.367,127.340836,12,세종특별시
2026-06-22T11:40:16+09:00,ALPACA,425598,78.0,36.36701,127.34084,12,세종특별시
2026-06-22T11:40:16+09:00,ALPACA,425009,88.0,36.367023,127.340866,12,세종특별시
2026-06-22T11:40:16+09:00,ALPACA,425756,98.0,36.367115,127.345894,12,세종특별시
2026-06-22T11:40:16+09:00,ALPACA,425060,74.0,36.367153,127.36254,12,세종특별시
2026-06-22T11:40:16+09:00,ALPACA,424496,100.0,36.36717,127.36254,12,세종특별시
2026-06-22T11:40:16+09:00,ALPACA,424802,61.0,36.367344,127.35677,12,세종특별시
2026-06-22T11:40:16+09:00,ALPACA,424454,76.0,36.36738,127.34067,12,세종특별시
2026-06-22T11:40:16+09:00,ALPACA,424968,91.0,36.36739,127.34069,12,세종특별시
2026-06-22T11:40:16+09:00,ALPACA,425018,43.0,36.367558,127.36122,12,세종특별시
2026-06-22T11:40:16+09:00,ALPACA,424751,68.0,36.367603,127.34084,12,세종특별시
2026-06-22T11:40:16+09:00,ALPACA,425106,95.0,36.367783,127.3656,12,세종특별시
2026-06-22T11:40:16+09:00,ALPACA,424987,100.0,36.367794,127.3421,12,세종특별시
2026-06-22T11:40:16+09:00,ALPACA,424742,71.0,36.367817,127.34209,12,세종특별시
2026-06-22T11:40:16+09:00,ALPACA,425125,65.0,36.367817,127.34215,12,세종특별시
2026-06-22T11:40:16+09:00,ALPACA,425441,100.0,36.367825,127.365616,12,세종특별시
2026-06-22T11:40:16+09:00,ALPACA,425684,80.0,36.36783,127.36563,12,세종특별시
2026-06-22T11:40:16+09:00,ALPACA,425119,62.0,36.36783,127.34214,12,세종특별시
2026-06-22T11:40:16+09:00,ALPACA,425691,83.0,36.367836,127.34036,12,세종특별시
2026-06-22T11:40:16+09:00,ALPACA,424551,34.0,36.367836,127.34211,12,세종특별시
2026-06-22T11:40:16+09:00,ALPACA,424391,85.0,36.36784,127.34212,12,세종특별시
2026-06-22T11:40:16+09:00,ALPACA,425483,77.0,36.367844,127.34205,12,세종특별시
2026-06-22T11:40:16+09:00,ALPACA,425620,68.0,36.367847,127.34213,12,세종특별시
2026-06-22T11:40:16+09:00,ALPACA,425468,100.0,36.367855,127.36566,12,세종특별시
2026-06-22T11:40:16+09:00,ALPACA,424361,96.0,36.367867,127.342064,12,세종특별시
2026-06-22T11:40:16+09:00,ALPACA,424773,90.0,36.36788,127.34211,12,세종특별시
2026-06-22T11:40:16+09:00,ALPACA,425185,93.0,36.36789,127.34206,12,세종특별시
2026-06-22T11:40:16+09:00,ALPACA,425426,81.0,36.36792,127.34157,12,세종특별시
2026-06-22T11:40:16+09:00,ALPACA,425480,84.0,36.368137,127.34601,12,세종특별시
2026-06-22T11:40:16+09:00,ALPACA,425777,64.0,36.368137,127.34604,12,세종특별시
2026-06-22T11:40:16+09:00,ALPACA,424851,52.0,36.368145,127.34598,12,세종특별시
2026-06-22T11:40:16+09:00,ALPACA,423922,33.0,36.368153,127.34598,12,세종특별시
2026-06-22T11:40:16+09:00,ALPACA,414685,71.0,36.368164,127.34597,12,세종특별시
2026-06-22T11:40:16+09:00,ALPACA,425624,100.0,36.368176,127.34594,12,세종특별시
2026-06-22T11:40:16+09:00,ALPACA,425729,87.0,36.36821,127.34595,12,세종특별시
2026-06-22T11:40:16+09:00,ALPACA,425478,83.0,36.368275,127.34259,12,세종특별시
2026-06-22T11:40:16+09:00,ALPACA,425481,90.0,36.368275,127.34272,12,세종특별시
2026-06-22T11:40:16+09:00,ALPACA,425139,81.0,36.368282,127.34259,12,세종특별시
2026-06-22T11:40:16+09:00,ALPACA,425331,58.0,36.368282,127.34254,12,세종특별시
2026-06-22T11:40:16+09:00,ALPACA,425003,75.0,36.368313,127.34261,12,세종특별시
2026-06-22T11:40:16+09:00,ALPACA,424524,75.0,36.36832,127.342575,12,세종특별시
2026-06-22T11:40:16+09:00,ALPACA,425617,39.0,36.368324,127.34259,12,세종특별시
2026-06-22T11:40:16+09:00,ALPACA,425621,53.0,36.36834,127.34257,12,세종특별시
2026-06-22T11:40:16+09:00,ALPACA,425063,97.0,36.368347,127.34267,12,세종특별시
2026-06-22T11:40:16+09:00,ALPACA,424858,100.0,36.36853,127.36599,12,세종특별시
2026-06-22T11:40:16+09:00,ALPACA,424409,48.0,36.36859,127.34063,12,세종특별시
2026-06-22T11:40:16+09:00,ALPACA,424428,33.0,36.36863,127.343735,12,세종특별시
2026-06-22T11:40:16+09:00,ALPACA,425423,83.0,36.36864,127.34067,12,세종특별시
2026-06-22T11:40:16+09:00,ALPACA,425088,31.0,36.36864,127.34377,12,세종특별시
2026-06-22T11:40:16+09:00,ALPACA,411802,73.0,36.368645,127.34372,12,세종특별시
2026-06-22T11:40:16+09:00,ALPACA,424123,55.0,36.368645,127.34071,12,세종특별시
2026-06-22T11:40:16+09:00,ALPACA,425315,96.0,36.36865,127.34379,12,세종특별시
2026-06-22T11:40:16+09:00,ALPACA,424907,92.0,36.368652,127.340645,12,세종특별시
2026-06-22T11:40:16+09:00,ALPACA,424683,71.0,36.368683,127.34074,12,세종특별시
2026-06-22T11:40:16+09:00,ALPACA,424824,45.0,36.368683,127.338264,12,세종특별시
2026-06-22T11:40:16+09:00,ALPACA,424423,100.0,36.368687,127.34073,12,세종특별시
2026-06-22T11:40:16+09:00,ALPACA,424632,60.0,36.368687,127.34072,12,세종특별시
2026-06-22T11:40:16+09:00,ALPACA,425548,97.0,36.36869,127.34071,12,세종특별시
2026-06-22T11:40:16+09:00,ALPACA,424945,69.0,36.36869,127.34189,12,세종특별시
2026-06-22T11:40:16+09:00,ALPACA,425158,80.0,36.368702,127.34065,12,세종특별시
2026-06-22T11:40:16+09:00,ALPACA,424354,32.0,36.368706,127.340706,12,세종특별시
2026-06-22T11:40:16+09:00,ALPACA,424362,45.0,36.368706,127.34187,12,세종특별시
2026-06-22T11:40:16+09:00,ALPACA,424530,100.0,36.368706,127.340675,12,세종특별시
2026-06-22T11:40:16+09:00,ALPACA,425540,51.0,36.368717,127.34193,12,세종특별시
2026-06-22T11:40:16+09:00,ALPACA,425442,78.0,36.368725,127.3407,12,세종특별시
2026-06-22T11:40:16+09:00,ALPACA,414402,83.0,36.36873,127.34073,12,세종특별시
2026-06-22T11:40:16+09:00,ALPACA,425172,56.0,36.36873,127.341965,12,세종특별시
2026-06-22T11:40:16+09:00,ALPACA,425715,76.0,36.368732,127.34067,12,세종특별시
2026-06-22T11:40:16+09:00,ALPACA,424626,56.0,36.368732,127.34056,12,세종특별시
2026-06-22T11:40:16+09:00,ALPACA,425394,100.0,36.368732,127.34068,12,세종특별시
2026-06-22T11:40:16+09:00,ALPACA,425522,58.0,36.368736,127.34069,12,세종특별시
2026-06-22T11:40:16+09:00,ALPACA,424475,50.0,36.368736,127.34069,12,세종특별시
2026-06-22T11:40:16+09:00,ALPACA,425230,100.0,36.368736,127.3407,12,세종특별시
2026-06-22T11:40:16+09:00,ALPACA,425249,84.0,36.368736,127.3406,12,세종특별시
2026-06-22T11:40:16+09:00,ALPACA,415497,55.0,36.368744,127.34252,12,세종특별시
2026-06-22T11:40:16+09:00,ALPACA,425473,52.0,36.368767,127.3419,12,세종특별시
2026-06-22T11:40:16+09:00,ALPACA,424500,87.0,36.36877,127.34069,12,세종특별시
2026-06-22T11:40:16+09:00,ALPACA,424877,75.0,36.36877,127.340675,12,세종특별시
2026-06-22T11:40:16+09:00,ALPACA,425277,93.0,36.36877,127.340706,12,세종특별시
2026-06-22T11:40:16+09:00,ALPACA,424959,75.0,36.368786,127.34069,12,세종특별시
2026-06-22T11:40:16+09:00,ALPACA,424633,80.0,36.36879,127.34076,12,세종특별시
2026-06-22T11:40:16+09:00,ALPACA,425457,62.0,36.368793,127.34071,12,세종특별시
2026-06-22T11:40:16+09:00,ALPACA,425542,52.0,36.368805,127.34252,12,세종특별시
2026-06-22T11:40:16+09:00,ALPACA,424440,60.0,36.36884,127.340004,12,세종특별시
2026-06-22T11:40:16+09:00,ALPACA,425538,49.0,36.36886,127.33998,12,세종특별시
2026-06-22T11:40:16+09:00,ALPACA,426105,97.0,36.368874,127.31593,12,세종특별시
2026-06-22T11:40:16+09:00,ALPACA,425080,76.0,36.368877,127.34285,12,세종특별시
2026-06-22T11:40:16+09:00,ALPACA,426099,86.0,36.36888,127.34277,12,세종특별시
2026-06-22T11:40:16+09:00,ALPACA,425043,52.0,36.368885,127.339966,12,세종특별시
2026-06-22T11:40:16+09:00,ALPACA,425311,57.0,36.36889,127.33994,12,세종특별시
2026-06-22T11:40:16+09:00,ALPACA,425081,51.0,36.368896,127.339966,12,세종특별시
2026-06-22T11:40:16+09:00,ALPACA,424417,52.0,36.3689,127.33996,12,세종특별시
2026-06-22T11:40:16+09:00,ALPACA,425415,67.0,36.368904,127.34292,12,세종특별시
2026-06-22T11:40:16+09:00,ALPACA,424686,48.0,36.368904,127.34285,12,세종특별시
2026-06-22T11:40:16+09:00,ALPACA,424718,77.0,36.368908,127.35069,12,세종특별시
2026-06-22T11:40:16+09:00,ALPACA,425071,53.0,36.36891,127.34288,12,세종특별시
2026-06-22T11:40:16+09:00,ALPACA,426361,87.0,36.368916,127.34398,12,세종특별시
2026-06-22T11:40:16+09:00,ALPACA,424355,72.0,36.368935,127.340996,12,세종특별시
2026-06-22T11:40:16+09:00,ALPACA,424980,36.0,36.368954,127.34293,12,세종특별시
2026-06-22T11:40:16+09:00,ALPACA,426267,75.0,36.36896,127.340836,12,세종특별시
2026-06-22T11:40:16+09:00,ALPACA,424552,61.0,36.368973,127.3398,12,세종특별시
2026-06-22T11:40:16+09:00,ALPACA,424940,49.0,36.368977,127.33997,12,세종특별시
2026-06-22T11:40:16+09:00,ALPACA,424339,67.0,36.36899,127.339966,12,세종특별시
2026-06-22T11:40:16+09:00,ALPACA,425163,39.0,36.36899,127.3425,12,세종특별시
2026-06-22T11:40:16+09:00,ALPACA,425447,100.0,36.368996,127.34001,12,세종특별시
2026-06-22T11:40:16+09:00,ALPACA,425264,69.0,36.369022,127.33998,12,세종특별시
2026-06-22T11:40:16+09:00,ALPACA,425429,64.0,36.36903,127.339935,12,세종특별시
2026-06-22T11:40:16+09:00,ALPACA,425628,42.0,36.369175,127.33391,12,세종특별시
2026-06-22T11:40:16+09:00,ALPACA,425232,100.0,36.369297,127.366806,12,세종특별시
2026-06-22T11:40:16+09:00,ALPACA,426370,51.0,36.369522,127.35133,12,세종특별시
2026-06-22T11:40:16+09:00,ALPACA,424341,31.0,36.369537,127.35133,12,세종특별시
2026-06-22T11:40:16+09:00,ALPACA,424513,82.0,36.369537,127.35133,12,세종특별시
2026-06-22T11:40:16+09:00,ALPACA,425771,70.0,36.36954,127.35135,12,세종특별시
2026-06-22T11:40:16+09:00,ALPACA,424351,79.0,36.36954,127.351295,12,세종특별시
2026-06-22T11:40:16+09:00,ALPACA,425633,46.0,36.369545,127.35128,12,세종특별시
2026-06-22T11:40:16+09:00,ALPACA,425280,77.0,36.369545,127.35132,12,세종특별시
2026-06-22T11:40:16+09:00,ALPACA,425418,95.0,36.369553,127.351326,12,세종특별시
2026-06-22T11:40:16+09:00,ALPACA,425187,73.0,36.369553,127.35134,12,세종특별시
2026-06-22T11:40:16+09:00,ALPACA,425528,74.0,36.369556,127.35126,12,세종특별시
2026-06-22T11:40:16+09:00,ALPACA,424796,100.0,36.369556,127.35134,12,세종특별시
2026-06-22T11:40:16+09:00,ALPACA,425177,100.0,36.369556,127.35128,12,세종특별시
2026-06-22T11:40:16+09:00,ALPACA,425692,94.0,36.36956,127.35127,12,세종특별시
2026-06-22T11:40:16+09:00,ALPACA,424888,83.0,36.36956,127.35126,12,세종특별시
2026-06-22T11:40:16+09:00,ALPACA,425176,71.0,36.36956,127.35123,12,세종특별시
2026-06-22T11:40:16+09:00,ALPACA,425484,95.0,36.369564,127.35133,12,세종특별시
2026-06-22T11:40:16+09:00,ALPACA,424186,87.0,36.369568,127.351265,12,세종특별시
2026-06-22T11:40:16+09:00,ALPACA,424749,93.0,36.369568,127.34378,12,세종특별시
2026-06-22T11:40:16+09:00,ALPACA,424803,62.0,36.369583,127.35124,12,세종특별시
2026-06-22T11:40:16+09:00,ALPACA,425462,89.0,36.369587,127.3513,12,세종특별시
2026-06-22T11:40:16+09:00,ALPACA,425631,50.0,36.36959,127.35129,12,세종특별시
2026-06-22T11:40:16+09:00,ALPACA,424464,36.0,36.369595,127.31903,12,세종특별시
2026-06-22T11:40:16+09:00,ALPACA,425534,46.0,36.3696,127.3437,12,세종특별시
2026-06-22T11:40:16+09:00,ALPACA,423908,97.0,36.369606,127.351166,12,세종특별시
2026-06-22T11:40:16+09:00,ALPACA,425581,99.0,36.369614,127.35119,12,세종특별시
2026-06-22T11:40:16+09:00,ALPACA,424855,95.0,36.369614,127.35117,12,세종특별시
2026-06-22T11:40:16+09:00,ALPACA,425328,61.0,36.369614,127.35118,12,세종특별시
2026-06-22T11:40:16+09:00,ALPACA,425775,99.0,36.369617,127.343285,12,세종특별시
2026-06-22T11:40:16+09:00,ALPACA,425105,77.0,36.36963,127.351166,12,세종특별시
2026-06-22T11:40:16+09:00,ALPACA,425513,72.0,36.369637,127.34374,12,세종특별시
2026-06-22T11:40:16+09:00,ALPACA,424480,67.0,36.369637,127.35117,12,세종특별시
2026-06-22T11:40:16+09:00,ALPACA,425369,100.0,36.36964,127.36308,12,세종특별시
2026-06-22T11:40:16+09:00,ALPACA,424784,85.0,36.369648,127.3512,12,세종특별시
2026-06-22T11:40:16+09:00,ALPACA,424419,58.0,36.36966,127.31805,12,세종특별시
2026-06-22T11:40:16+09:00,ALPACA,424368,67.0,36.36967,127.35114,12,세종특별시
2026-06-22T11:40:16+09:00,ALPACA,425069,100.0,36.36967,127.343445,12,세종특별시
2026-06-22T11:40:16+09:00,ALPACA,425283,89.0,36.36971,127.36292,12,세종특별시
2026-06-22T11:40:16+09:00,ALPACA,424774,58.0,36.369747,127.362854,12,세종특별시
2026-06-22T11:40:16+09:00,ALPACA,425474,100.0,36.36976,127.343666,12,세종특별시
2026-06-22T11:40:16+09:00,ALPACA,425399,98.0,36.369865,127.34422,12,세종특별시
2026-06-22T11:40:16+09:00,ALPACA,424353,80.0,36.369884,127.3439,12,세종특별시
2026-06-22T11:40:16+09:00,ALPACA,424522,58.0,36.36989,127.34386,12,세종특별시
2026-06-22T11:40:16+09:00,ALPACA,424167,67.0,36.3699,127.34381,12,세종특별시
2026-06-22T11:40:16+09:00,ALPACA,425100,77.0,36.369915,127.34536,12,세종특별시
2026-06-22T11:40:16+09:00,ALPACA,425686,92.0,36.36993,127.343834,12,세종특별시
2026-06-22T11:40:16+09:00,ALPACA,425512,84.0,36.369938,127.3386,12,세종특별시
2026-06-22T11:40:16+09:00,ALPACA,426360,90.0,36.369976,127.36287,12,세종특별시
2026-06-22T11:40:16+09:00,ALPACA,411686,80.0,36.370014,127.33849,12,세종특별시
2026-06-22T11:40:16+09:00,ALPACA,424680,54.0,36.37004,127.36051,12,세종특별시
2026-06-22T11:40:16+09:00,ALPACA,424721,50.0,36.37004,127.36049,12,세종특별시
2026-06-22T11:40:16+09:00,ALPACA,424659,70.0,36.370064,127.3623,12,세종특별시
2026-06-22T11:40:16+09:00,ALPACA,424359,100.0,36.370087,127.36006,12,세종특별시
2026-06-22T11:40:16+09:00,ALPACA,424444,94.0,36.37011,127.36043,12,세종특별시
2026-06-22T11:40:16+09:00,ALPACA,425023,91.0,36.370174,127.33713,12,세종특별시
2026-06-22T11:40:16+09:00,ALPACA,425523,76.0,36.370678,127.363815,12,세종특별시
2026-06-22T11:40:16+09:00,ALPACA,424822,67.0,36.370678,127.35352,12,세종특별시
2026-06-22T11:40:16+09:00,ALPACA,424996,90.0,36.37071,127.36244,12,세종특별시
2026-06-22T11:40:16+09:00,ALPACA,425108,34.0,36.370777,127.362526,12,세종특별시
2026-06-22T11:40:16+09:00,ALPACA,424473,99.0,36.370804,127.36242,12,세종특별시
2026-06-22T11:40:16+09:00,ALPACA,424988,100.0,36.37086,127.362404,12,세종특별시
2026-06-22T11:40:16+09:00,ALPACA,426302,97.0,36.37099,127.33506,12,세종특별시
2026-06-22T11:40:16+09:00,ALPACA,425576,95.0,36.371258,127.34147,12,세종특별시
2026-06-22T11:40:16+09:00,ALPACA,424373,63.0,36.371258,127.34145,12,세종특별시
2026-06-22T11:40:16+09:00,ALPACA,425026,96.0,36.371265,127.34145,12,세종특별시
2026-06-22T11:40:16+09:00,ALPACA,425425,98.0,36.37127,127.3415,12,세종특별시
2026-06-22T11:40:16+09:00,ALPACA,425511,96.0,36.37127,127.34154,12,세종특별시
2026-06-22T11:40:16+09:00,ALPACA,425533,100.0,36.37127,127.34148,12,세종특별시
2026-06-22T11:40:16+09:00,ALPACA,425145,100.0,36.37127,127.341324,12,세종특별시
2026-06-22T11:40:16+09:00,ALPACA,424421,100.0,36.371277,127.34138,12,세종특별시
2026-06-22T11:40:16+09:00,ALPACA,425082,97.0,36.371277,127.34136,12,세종특별시
2026-06-22T11:40:16+09:00,ALPACA,425500,94.0,36.37128,127.341415,12,세종특별시
2026-06-22T11:40:16+09:00,ALPACA,424798,100.0,36.37128,127.34133,12,세종특별시
2026-06-22T11:40:16+09:00,ALPACA,425501,100.0,36.371284,127.34147,12,세종특별시
2026-06-22T11:40:16+09:00,ALPACA,425439,100.0,36.37129,127.341385,12,세종특별시
2026-06-22T11:40:16+09:00,ALPACA,425530,40.0,36.37129,127.34139,12,세종특별시
2026-06-22T11:40:16+09:00,ALPACA,424489,64.0,36.371292,127.33516,12,세종특별시
2026-06-22T11:40:16+09:00,ALPACA,425099,49.0,36.371292,127.341446,12,세종특별시
2026-06-22T11:40:16+09:00,ALPACA,425495,73.0,36.371307,127.34139,12,세종특별시
2026-06-22T11:40:16+09:00,ALPACA,426495,36.0,36.37135,127.3334,12,세종특별시
2026-06-22T11:40:16+09:00,ALPACA,424340,62.0,36.37135,127.33523,12,세종특별시
2026-06-22T11:40:16+09:00,ALPACA,424689,90.0,36.37144,127.34334,12,세종특별시
2026-06-22T11:40:16+09:00,ALPACA,425170,55.0,36.37144,127.34328,12,세종특별시
2026-06-22T11:40:16+09:00,ALPACA,425276,100.0,36.37144,127.34322,12,세종특별시
2026-06-22T11:40:16+09:00,ALPACA,424565,87.0,36.371468,127.34339,12,세종특별시
2026-06-22T11:40:16+09:00,ALPACA,426231,78.0,36.371475,127.34335,12,세종특별시
2026-06-22T11:40:16+09:00,ALPACA,425503,62.0,36.37149,127.34339,12,세종특별시
2026-06-22T11:40:16+09:00,ALPACA,424766,100.0,36.37149,127.343346,12,세종특별시
2026-06-22T11:40:16+09:00,ALPACA,426499,63.0,36.371517,127.343254,12,세종특별시
2026-06-22T11:40:16+09:00,ALPACA,424390,100.0,36.371548,127.343254,12,세종특별시
2026-06-22T11:40:16+09:00,ALPACA,424923,96.0,36.37156,127.34324,12,세종특별시
2026-06-22T11:40:16+09:00,ALPACA,425011,65.0,36.37156,127.34327,12,세종특별시
2026-06-22T11:40:16+09:00,ALPACA,424636,100.0,36.371567,127.343254,12,세종특별시
2026-06-22T11:40:16+09:00,ALPACA,424606,100.0,36.37161,127.34328,12,세종특별시
2026-06-22T11:40:16+09:00,ALPACA,424122,100.0,36.371834,127.35854,12,세종특별시
2026-06-22T11:40:16+09:00,ALPACA,425452,100.0,36.371937,127.36205,12,세종특별시
2026-06-22T11:40:16+09:00,ALPACA,425469,42.0,36.3721,127.338486,12,세종특별시
2026-06-22T11:40:16+09:00,ALPACA,424549,97.0,36.372116,127.341644,12,세종특별시
2026-06-22T11:40:16+09:00,ALPACA,426455,100.0,36.372143,127.31735,12,세종특별시
2026-06-22T11:40:16+09:00,ALPACA,426166,99.0,36.372253,127.319115,12,세종특별시
2026-06-22T11:40:16+09:00,ALPACA,425708,100.0,36.372253,127.31916,12,세종특별시
2026-06-22T11:40:16+09:00,ALPACA,424757,37.0,36.372307,127.32329,12,세종특별시
2026-06-22T11:40:16+09:00,ALPACA,424043,47.0,36.372322,127.33547,12,세종특별시
2026-06-22T11:40:16+09:00,ALPACA,425146,91.0,36.372368,127.318184,12,세종특별시
2026-06-22T11:40:16+09:00,ALPACA,424854,43.0,36.372383,127.33531,12,세종특별시
2026-06-22T11:40:16+09:00,ALPACA,426560,79.0,36.37239,127.317566,12,세종특별시
2026-06-22T11:40:16+09:00,ALPACA,424831,47.0,36.372395,127.33536,12,세종특별시
2026-06-22T11:40:16+09:00,ALPACA,424476,57.0,36.372402,127.335365,12,세종특별시
2026-06-22T11:40:16+09:00,ALPACA,425580,56.0,36.372406,127.33523,12,세종특별시
2026-06-22T11:40:16+09:00,ALPACA,424867,52.0,36.372406,127.3354,12,세종특별시
2026-06-22T11:40:16+09:00,ALPACA,426247,100.0,36.372437,127.31809,12,세종특별시
2026-06-22T11:40:16+09:00,ALPACA,426433,100.0,36.372448,127.31799,12,세종특별시
2026-06-22T11:40:16+09:00,ALPACA,426492,100.0,36.37245,127.31804,12,세종특별시
2026-06-22T11:40:16+09:00,ALPACA,426108,41.0,36.372513,127.33413,12,세종특별시
2026-06-22T11:40:16+09:00,ALPACA,424702,91.0,36.372513,127.343254,12,세종특별시
2026-06-22T11:40:16+09:00,ALPACA,426389,85.0,36.372578,127.316505,12,세종특별시
2026-06-22T11:40:16+09:00,ALPACA,425347,67.0,36.372673,127.339615,12,세종특별시
2026-06-22T11:40:16+09:00,ALPACA,424474,33.0,36.372723,127.33958,12,세종특별시
2026-06-22T11:40:16+09:00,ALPACA,425022,75.0,36.37283,127.33968,12,세종특별시
2026-06-22T11:40:16+09:00,ALPACA,426278,92.0,36.3729,127.34384,12,세종특별시
2026-06-22T11:40:16+09:00,ALPACA,424869,70.0,36.372925,127.34386,12,세종특별시
2026-06-22T11:40:16+09:00,ALPACA,424690,50.0,36.37295,127.34388,12,세종특별시
2026-06-22T11:40:16+09:00,ALPACA,424406,51.0,36.37296,127.35964,12,세종특별시
2026-06-22T11:40:16+09:00,ALPACA,425544,93.0,36.372963,127.34385,12,세종특별시
2026-06-22T11:40:16+09:00,ALPACA,424503,71.0,36.372963,127.34382,12,세종특별시
2026-06-22T11:40:16+09:00,ALPACA,425707,96.0,36.372986,127.359566,12,세종특별시
2026-06-22T11:40:16+09:00,ALPACA,424730,46.0,36.37302,127.3229,12,세종특별시
2026-06-22T11:40:16+09:00,ALPACA,425783,73.0,36.37322,127.31787,12,세종특별시
2026-06-22T11:40:16+09:00,ALPACA,426206,78.0,36.373222,127.31785,12,세종특별시
2026-06-22T11:40:16+09:00,ALPACA,426341,75.0,36.373226,127.31795,12,세종특별시
2026-06-22T11:40:16+09:00,ALPACA,426488,100.0,36.373234,127.317955,12,세종특별시
2026-06-22T11:40:16+09:00,ALPACA,425768,84.0,36.37325,127.31785,12,세종특별시
2026-06-22T11:40:16+09:00,ALPACA,424604,99.0,36.373253,127.31787,12,세종특별시
2026-06-22T11:40:16+09:00,ALPACA,426269,75.0,36.373257,127.3177,12,세종특별시
2026-06-22T11:40:16+09:00,ALPACA,426271,74.0,36.37326,127.317955,12,세종특별시
2026-06-22T11:40:16+09:00,ALPACA,426180,78.0,36.37326,127.31786,12,세종특별시
2026-06-22T11:40:16+09:00,ALPACA,426374,77.0,36.373264,127.317825,12,세종특별시
2026-06-22T11:40:16+09:00,ALPACA,426309,76.0,36.373264,127.317856,12,세종특별시
2026-06-22T11:40:16+09:00,ALPACA,426259,76.0,36.37328,127.31791,12,세종특별시
2026-06-22T11:40:16+09:00,ALPACA,426181,75.0,36.373295,127.31789,12,세종특별시
2026-06-22T11:40:16+09:00,ALPACA,426346,75.0,36.373356,127.31793,12,세종특별시
2026-06-22T11:40:16+09:00,ALPACA,424559,77.0,36.373486,127.35942,12,세종특별시
2026-06-22T11:40:16+09:00,ALPACA,424477,99.0,36.3735,127.35747,12,세종특별시
2026-06-22T11:40:16+09:00,ALPACA,425012,100.0,36.37351,127.35943,12,세종특별시
2026-06-22T11:40:16+09:00,ALPACA,425414,100.0,36.37352,127.36153,12,세종특별시
2026-06-22T11:40:16+09:00,ALPACA,424463,99.0,36.373528,127.344246,12,세종특별시
2026-06-22T11:40:16+09:00,ALPACA,414534,33.0,36.37355,127.34421,12,세종특별시
2026-06-22T11:40:16+09:00,ALPACA,425776,100.0,36.37355,127.34419,12,세종특별시
2026-06-22T11:40:16+09:00,ALPACA,425372,97.0,36.373554,127.3442,12,세종특별시
2026-06-22T11:40:16+09:00,ALPACA,426359,100.0,36.373558,127.34419,12,세종특별시
2026-06-22T11:40:16+09:00,ALPACA,424118,60.0,36.37356,127.344185,12,세종특별시
2026-06-22T11:40:16+09:00,ALPACA,425604,100.0,36.373577,127.34417,12,세종특별시
2026-06-22T11:40:16+09:00,ALPACA,425378,35.0,36.37358,127.36044,12,세종특별시
2026-06-22T11:40:16+09:00,ALPACA,425390,84.0,36.373585,127.34157,12,세종특별시
2026-06-22T11:40:16+09:00,ALPACA,425541,37.0,36.373592,127.34407,12,세종특별시
2026-06-22T11:40:16+09:00,ALPACA,425978,71.0,36.373596,127.318825,12,세종특별시
2026-06-22T11:40:16+09:00,ALPACA,425449,76.0,36.373596,127.344215,12,세종특별시
2026-06-22T11:40:16+09:00,ALPACA,424537,33.0,36.373596,127.34419,12,세종특별시
2026-06-22T11:40:16+09:00,ALPACA,426308,62.0,36.373833,127.31935,12,세종특별시
2026-06-22T11:40:16+09:00,ALPACA,426552,42.0,36.37385,127.31868,12,세종특별시
2026-06-22T11:40:16+09:00,ALPACA,424472,58.0,36.373928,127.36016,12,세종특별시
2026-06-22T11:40:16+09:00,ALPACA,426358,93.0,36.374073,127.32251,12,세종특별시
2026-06-22T11:40:16+09:00,ALPACA,425706,97.0,36.37411,127.36511,12,세종특별시
2026-06-22T11:40:16+09:00,ALPACA,426213,33.0,36.374172,127.319435,12,세종특별시
2026-06-22T11:40:16+09:00,ALPACA,425252,35.0,36.37425,127.37938,12,세종특별시
2026-06-22T11:40:16+09:00,ALPACA,424729,48.0,36.374523,127.34653,12,세종특별시
2026-06-22T11:40:16+09:00,ALPACA,426515,95.0,36.374584,127.31869,12,세종특별시
2026-06-22T11:40:16+09:00,ALPACA,414747,41.0,36.374588,127.3592,12,세종특별시
2026-06-22T11:40:16+09:00,ALPACA,425444,78.0,36.374622,127.34199,12,세종특별시
2026-06-22T11:40:16+09:00,ALPACA,426270,100.0,36.37484,127.31804,12,세종특별시
2026-06-22T11:40:16+09:00,ALPACA,425619,80.0,36.374844,127.31805,12,세종특별시
2026-06-22T11:40:16+09:00,ALPACA,425903,100.0,36.374844,127.318016,12,세종특별시
2026-06-22T11:40:16+09:00,ALPACA,425895,100.0,36.37485,127.318016,12,세종특별시
2026-06-22T11:40:16+09:00,ALPACA,426363,100.0,36.37485,127.31805,12,세종특별시
2026-06-22T11:40:16+09:00,ALPACA,426319,73.0,36.374866,127.31801,12,세종특별시
2026-06-22T11:40:16+09:00,ALPACA,426327,99.0,36.37488,127.3181,12,세종특별시
2026-06-22T11:40:16+09:00,ALPACA,425273,48.0,36.374928,127.33777,12,세종특별시
2026-06-22T11:40:16+09:00,ALPACA,426510,93.0,36.374958,127.31813,12,세종특별시
2026-06-22T11:40:16+09:00,ALPACA,426345,46.0,36.37507,127.322754,12,세종특별시
2026-06-22T11:40:16+09:00,ALPACA,426501,74.0,36.37531,127.31902,12,세종특별시
2026-06-22T11:40:16+09:00,ALPACA,426264,47.0,36.375626,127.305466,12,세종특별시
2026-06-22T11:40:16+09:00,ALPACA,425550,91.0,36.375713,127.34391,12,세종특별시
2026-06-22T11:40:16+09:00,ALPACA,425395,84.0,36.37572,127.34391,12,세종특별시
2026-06-22T11:40:16+09:00,ALPACA,423795,37.0,36.375755,127.3439,12,세종특별시
2026-06-22T11:40:16+09:00,ALPACA,414468,74.0,36.375767,127.3918,12,세종특별시
2026-06-22T11:40:16+09:00,ALPACA,411696,100.0,36.375797,127.39184,12,세종특별시
2026-06-22T11:40:16+09:00,ALPACA,425521,100.0,36.375797,127.39178,12,세종특별시
2026-06-22T11:40:16+09:00,ALPACA,426491,72.0,36.375816,127.32071,12,세종특별시
2026-06-22T11:40:16+09:00,ALPACA,424974,70.0,36.375847,127.34323,12,세종특별시
2026-06-22T11:40:16+09:00,ALPACA,425424,100.0,36.37585,127.39187,12,세종특별시
2026-06-22T11:40:16+09:00,ALPACA,414802,100.0,36.375854,127.39182,12,세종특별시
2026-06-22T11:40:16+09:00,ALPACA,424975,65.0,36.37587,127.34326,12,세종특별시
2026-06-22T11:40:16+09:00,ALPACA,425675,39.0,36.375874,127.34323,12,세종특별시
2026-06-22T11:40:16+09:00,ALPACA,424928,86.0,36.375877,127.34329,12,세종특별시
2026-06-22T11:40:16+09:00,ALPACA,424706,90.0,36.375885,127.34326,12,세종특별시
2026-06-22T11:40:16+09:00,ALPACA,424763,91.0,36.37589,127.34326,12,세종특별시
2026-06-22T11:40:16+09:00,ALPACA,424224,99.0,36.375893,127.34325,12,세종특별시
2026-06-22T11:40:16+09:00,ALPACA,425221,94.0,36.375908,127.34323,12,세종특별시
2026-06-22T11:40:16+09:00,ALPACA,424387,35.0,36.375923,127.34327,12,세종특별시
2026-06-22T11:40:16+09:00,ALPACA,425049,95.0,36.37593,127.34325,12,세종특별시
2026-06-22T11:40:16+09:00,ALPACA,424458,99.0,36.37594,127.343315,12,세종특별시
2026-06-22T11:40:16+09:00,ALPACA,424903,88.0,36.37599,127.343346,12,세종특별시
2026-06-22T11:40:16+09:00,ALPACA,425385,98.0,36.37601,127.343346,12,세종특별시
2026-06-22T11:40:16+09:00,ALPACA,426367,64.0,36.376015,127.315575,12,세종특별시
2026-06-22T11:40:16+09:00,ALPACA,426380,72.0,36.37604,127.31558,12,세종특별시
2026-06-22T11:40:16+09:00,ALPACA,426275,53.0,36.37618,127.318115,12,세종특별시
2026-06-22T11:40:16+09:00,ALPACA,425970,65.0,36.376225,127.32361,12,세종특별시
2026-06-22T11:40:16+09:00,ALPACA,426468,81.0,36.37625,127.3178,12,세종특별시
2026-06-22T11:40:16+09:00,ALPACA,425713,96.0,36.376305,127.31809,12,세종특별시
2026-06-22T11:40:16+09:00,ALPACA,426369,89.0,36.376423,127.34488,12,세종특별시
2026-06-22T11:40:16+09:00,ALPACA,424401,68.0,36.37653,127.356346,12,세종특별시
2026-06-22T11:40:16+09:00,ALPACA,424346,40.0,36.37665,127.34351,12,세종특별시
2026-06-22T11:40:16+09:00,ALPACA,424668,93.0,36.37673,127.344185,12,세종특별시
2026-06-22T11:40:16+09:00,ALPACA,425202,81.0,36.376736,127.34402,12,세종특별시
2026-06-22T11:40:16+09:00,ALPACA,425705,93.0,36.376785,127.34415,12,세종특별시
2026-06-22T11:40:16+09:00,ALPACA,425029,68.0,36.37679,127.344055,12,세종특별시
2026-06-22T11:40:16+09:00,ALPACA,424665,83.0,36.376812,127.34418,12,세종특별시
2026-06-22T11:40:16+09:00,ALPACA,424850,91.0,36.376842,127.34418,12,세종특별시
2026-06-22T11:40:16+09:00,ALPACA,426352,38.0,36.376865,127.315025,12,세종특별시
2026-06-22T11:40:16+09:00,ALPACA,426106,48.0,36.37703,127.324646,12,세종특별시
2026-06-22T11:40:16+09:00,ALPACA,425349,80.0,36.37728,127.34337,12,세종특별시
2026-06-22T11:40:16+09:00,ALPACA,425961,42.0,36.37787,127.324715,12,세종특별시
2026-06-22T11:40:16+09:00,ALPACA,426233,91.0,36.377945,127.30402,12,세종특별시
2026-06-22T11:40:16+09:00,ALPACA,426317,44.0,36.37842,127.316895,12,세종특별시
2026-06-22T11:40:16+09:00,ALPACA,425248,47.0,36.378452,127.34295,12,세종특별시
2026-06-22T11:40:16+09:00,ALPACA,424880,92.0,36.378475,127.315636,12,세종특별시
2026-06-22T11:40:16+09:00,ALPACA,424982,76.0,36.378605,127.31698,12,세종특별시
2026-06-22T11:40:16+09:00,ALPACA,426447,49.0,36.378735,127.3202,12,세종특별시
2026-06-22T11:40:16+09:00,ALPACA,426110,65.0,36.379402,127.31587,12,세종특별시
2026-06-22T11:40:16+09:00,ALPACA,426469,49.0,36.379536,127.32516,12,세종특별시
2026-06-22T11:40:16+09:00,ALPACA,426364,72.0,36.37954,127.316086,12,세종특별시
2026-06-22T11:40:16+09:00,ALPACA,424525,68.0,36.38085,127.33766,12,세종특별시
2026-06-22T11:40:16+09:00,ALPACA,425241,30.0,36.381367,127.324715,12,세종특별시
2026-06-22T11:40:16+09:00,ALPACA,425531,43.0,36.38258,127.319176,12,세종특별시
2026-06-22T11:40:16+09:00,ALPACA,424949,96.0,36.382713,127.323875,12,세종특별시
2026-06-22T11:40:16+09:00,ALPACA,425117,84.0,36.383396,127.32094,12,세종특별시
2026-06-22T11:40:16+09:00,ALPACA,426207,35.0,36.38366,127.3195,12,세종특별시
2026-06-22T11:40:16+09:00,ALPACA,426443,100.0,36.38367,127.31982,12,세종특별시
2026-06-22T11:40:16+09:00,ALPACA,426303,100.0,36.383705,127.3198,12,세종특별시
2026-06-22T11:40:16+09:00,ALPACA,426440,100.0,36.38371,127.3198,12,세종특별시
2026-06-22T11:40:16+09:00,ALPACA,426479,89.0,36.383713,127.319855,12,세종특별시
2026-06-22T11:40:16+09:00,ALPACA,426561,99.0,36.383717,127.31979,12,세종특별시
2026-06-22T11:40:16+09:00,ALPACA,426356,90.0,36.38372,127.31977,12,세종특별시
2026-06-22T11:40:16+09:00,ALPACA,426230,100.0,36.383724,127.31979,12,세종특별시
2026-06-22T11:40:16+09:00,ALPACA,426432,52.0,36.383724,127.31917,12,세종특별시
2026-06-22T11:40:16+09:00,ALPACA,425905,81.0,36.383728,127.319756,12,세종특별시
2026-06-22T11:40:16+09:00,ALPACA,425971,100.0,36.38375,127.31977,12,세종특별시
2026-06-22T11:40:16+09:00,ALPACA,426326,60.0,36.383774,127.31974,12,세종특별시
2026-06-22T11:40:16+09:00,ALPACA,424717,83.0,36.383774,127.30337,12,세종특별시
2026-06-22T11:40:16+09:00,ALPACA,425702,95.0,36.3838,127.31977,12,세종특별시
2026-06-22T11:40:16+09:00,ALPACA,426430,70.0,36.383823,127.319145,12,세종특별시
2026-06-22T11:40:16+09:00,ALPACA,426130,99.0,36.383854,127.3191,12,세종특별시
2026-06-22T11:40:16+09:00,ALPACA,426372,100.0,36.383865,127.31909,12,세종특별시
2026-06-22T11:40:16+09:00,ALPACA,426485,94.0,36.383907,127.319115,12,세종특별시
2026-06-22T11:40:16+09:00,ALPACA,425506,80.0,36.384212,127.36762,12,세종특별시
2026-06-22T11:40:16+09:00,ALPACA,425243,85.0,36.384308,127.31998,12,세종특별시
2026-06-22T11:40:16+09:00,ALPACA,426404,56.0,36.38485,127.324615,12,세종특별시
2026-06-22T11:40:16+09:00,ALPACA,425179,54.0,36.384888,127.32376,12,세종특별시
2026-06-22T11:40:16+09:00,ALPACA,425727,82.0,36.38503,127.32436,12,세종특별시
2026-06-22T11:40:16+09:00,ALPACA,426296,62.0,36.385063,127.32424,12,세종특별시
2026-06-22T11:40:16+09:00,ALPACA,426472,39.0,36.385086,127.324326,12,세종특별시
2026-06-22T11:40:16+09:00,ALPACA,426412,97.0,36.38509,127.30794,12,세종특별시
2026-06-22T11:40:16+09:00,ALPACA,426528,36.0,36.385265,127.32443,12,세종특별시
2026-06-22T11:40:16+09:00,ALPACA,426298,61.0,36.385635,127.328224,12,세종특별시
2026-06-22T11:40:16+09:00,ALPACA,425969,92.0,36.385647,127.32822,12,세종특별시
2026-06-22T11:40:16+09:00,ALPACA,424712,80.0,36.38569,127.32819,12,세종특별시
2026-06-22T11:40:16+09:00,ALPACA,426428,38.0,36.385708,127.32818,12,세종특별시
2026-06-22T11:40:16+09:00,ALPACA,426390,91.0,36.38571,127.32817,12,세종특별시
2026-06-22T11:40:16+09:00,ALPACA,414714,100.0,36.385803,127.377365,12,세종특별시
2026-06-22T11:40:16+09:00,ALPACA,426129,58.0,36.385807,127.30859,12,세종특별시
2026-06-22T11:40:16+09:00,ALPACA,424509,100.0,36.385815,127.37732,12,세종특별시
2026-06-22T11:40:16+09:00,ALPACA,414750,100.0,36.385822,127.37734,12,세종특별시
2026-06-22T11:40:16+09:00,ALPACA,414717,100.0,36.385826,127.37734,12,세종특별시
2026-06-22T11:40:16+09:00,ALPACA,414748,100.0,36.385826,127.37734,12,세종특별시
2026-06-22T11:40:16+09:00,ALPACA,426046,100.0,36.385838,127.377335,12,세종특별시
2026-06-22T11:40:16+09:00,ALPACA,426109,51.0,36.386055,127.32817,12,세종특별시
2026-06-22T11:40:16+09:00,ALPACA,426280,88.0,36.3861,127.32676,12,세종특별시
2026-06-22T11:40:16+09:00,ALPACA,425083,92.0,36.3862,127.32527,12,세종특별시
2026-06-22T11:40:16+09:00,ALPACA,426244,85.0,36.386227,127.32521,12,세종특별시
2026-06-22T11:40:16+09:00,ALPACA,426086,94.0,36.386375,127.318375,12,세종특별시
2026-06-22T11:40:16+09:00,ALPACA,425909,98.0,36.38664,127.315865,12,세종특별시
2026-06-22T11:40:16+09:00,ALPACA,426377,48.0,36.386665,127.31672,12,세종특별시
2026-06-22T11:40:16+09:00,ALPACA,425642,100.0,36.38679,127.31584,12,세종특별시
2026-06-22T11:40:16+09:00,ALPACA,426387,39.0,36.386887,127.31594,12,세종특별시
2026-06-22T11:40:16+09:00,ALPACA,426347,45.0,36.386913,127.31802,12,세종특별시
2026-06-22T11:40:16+09:00,ALPACA,426229,100.0,36.38696,127.315956,12,세종특별시
2026-06-22T11:40:16+09:00,ALPACA,426202,99.0,36.386967,127.31781,12,세종특별시
2026-06-22T11:40:16+09:00,ALPACA,424832,68.0,36.386997,127.31789,12,세종특별시
2026-06-22T11:40:16+09:00,ALPACA,426449,72.0,36.387016,127.317856,12,세종특별시
2026-06-22T11:40:16+09:00,ALPACA,425281,87.0,36.387028,127.322464,12,세종특별시
2026-06-22T11:40:16+09:00,ALPACA,426388,99.0,36.38733,127.32552,12,세종특별시
2026-06-22T11:40:16+09:00,ALPACA,424635,89.0,36.387386,127.30984,12,세종특별시
2026-06-22T11:40:16+09:00,ALPACA,414796,93.0,36.387424,127.40487,12,세종특별시
2026-06-22T11:40:16+09:00,ALPACA,426239,86.0,36.38745,127.31304,12,세종특별시
2026-06-22T11:40:16+09:00,ALPACA,424328,84.0,36.38746,127.31294,12,세종특별시
2026-06-22T11:40:16+09:00,ALPACA,424363,76.0,36.387497,127.31835,12,세종특별시
2026-06-22T11:40:16+09:00,ALPACA,426148,96.0,36.387505,127.318375,12,세종특별시
2026-06-22T11:40:16+09:00,ALPACA,426383,33.0,36.387604,127.3089,12,세종특별시
2026-06-22T11:40:16+09:00,ALPACA,426498,95.0,36.387653,127.30948,12,세종특별시
2026-06-22T11:40:16+09:00,ALPACA,426445,70.0,36.38767,127.32451,12,세종특별시
2026-06-22T11:40:16+09:00,ALPACA,426252,87.0,36.387684,127.3122,12,세종특별시
2026-06-22T11:40:16+09:00,ALPACA,426240,55.0,36.387722,127.311806,12,세종특별시
2026-06-22T11:40:16+09:00,ALPACA,426417,93.0,36.38773,127.31176,12,세종특별시
2026-06-22T11:40:16+09:00,ALPACA,426532,84.0,36.387753,127.303246,12,세종특별시
2026-06-22T11:40:16+09:00,ALPACA,426274,57.0,36.387863,127.32413,12,세종특별시
2026-06-22T11:40:16+09:00,ALPACA,425448,81.0,36.388226,127.34913,12,세종특별시
2026-06-22T11:40:16+09:00,ALPACA,426060,75.0,36.388245,127.33357,12,세종특별시
2026-06-22T11:40:16+09:00,ALPACA,426362,96.0,36.38874,127.31272,12,세종특별시
2026-06-22T11:40:16+09:00,ALPACA,426266,61.0,36.389297,127.314186,12,세종특별시
2026-06-22T11:40:16+09:00,ALPACA,426272,74.0,36.389503,127.29989,12,세종특별시
2026-06-22T11:40:16+09:00,ALPACA,426351,99.0,36.38966,127.30327,12,세종특별시
2026-06-22T11:40:16+09:00,ALPACA,426429,100.0,36.389664,127.350945,12,세종특별시
2026-06-22T11:40:16+09:00,ALPACA,424708,100.0,36.38975,127.348724,12,세종특별시
2026-06-22T11:40:16+09:00,ALPACA,415442,94.0,36.39018,127.39921,12,세종특별시
2026-06-22T11:40:16+09:00,ALPACA,414901,100.0,36.390182,127.399284,12,세종특별시
2026-06-22T11:40:16+09:00,ALPACA,424883,72.0,36.390182,127.39919,12,세종특별시
2026-06-22T11:40:16+09:00,ALPACA,414612,99.0,36.390186,127.399155,12,세종특별시
2026-06-22T11:40:16+09:00,ALPACA,424646,94.0,36.390186,127.39919,12,세종특별시
2026-06-22T11:40:16+09:00,ALPACA,415142,97.0,36.390194,127.399185,12,세종특별시
2026-06-22T11:40:16+09:00,ALPACA,424697,98.0,36.390194,127.399315,12,세종특별시
2026-06-22T11:40:16+09:00,ALPACA,426203,36.0,36.390198,127.31471,12,세종특별시
2026-06-22T11:40:16+09:00,ALPACA,424973,99.0,36.390198,127.399254,12,세종특별시
2026-06-22T11:40:16+09:00,ALPACA,414739,96.0,36.3902,127.39926,12,세종특별시
2026-06-22T11:40:16+09:00,ALPACA,426517,98.0,36.39021,127.39923,12,세종특별시
2026-06-22T11:40:16+09:00,ALPACA,425182,97.0,36.39021,127.39931,12,세종특별시
2026-06-22T11:40:16+09:00,ALPACA,415292,80.0,36.390213,127.399155,12,세종특별시
2026-06-22T11:40:16+09:00,ALPACA,425433,68.0,36.39022,127.39917,12,세종특별시
2026-06-22T11:40:16+09:00,ALPACA,424887,83.0,36.39023,127.40696,12,세종특별시
2026-06-22T11:40:16+09:00,ALPACA,426273,56.0,36.390278,127.3048,12,세종특별시
2026-06-22T11:40:16+09:00,ALPACA,426382,84.0,36.390472,127.305885,12,세종특별시
2026-06-22T11:40:16+09:00,ALPACA,426464,97.0,36.39052,127.30593,12,세종특별시
2026-06-22T11:40:16+09:00,ALPACA,426209,57.0,36.390526,127.30587,12,세종특별시
2026-06-22T11:40:16+09:00,ALPACA,426245,90.0,36.390743,127.30877,12,세종특별시
2026-06-22T11:40:16+09:00,ALPACA,424439,74.0,36.39101,127.32967,12,세종특별시
2026-06-22T11:40:16+09:00,ALPACA,414678,75.0,36.39109,127.40185,12,세종특별시
2026-06-22T11:40:16+09:00,ALPACA,414429,63.0,36.391315,127.31566,12,세종특별시
2026-06-22T11:40:16+09:00,ALPACA,425525,66.0,36.391342,127.312164,12,세종특별시
2026-06-22T11:40:16+09:00,ALPACA,426343,69.0,36.3915,127.31477,12,세종특별시
2026-06-22T11:40:16+09:00,ALPACA,425374,55.0,36.391506,127.36472,12,세종특별시
2026-06-22T11:40:16+09:00,ALPACA,426518,57.0,36.391514,127.3148,12,세종특별시
2026-06-22T11:40:16+09:00,ALPACA,424725,69.0,36.391537,127.31474,12,세종특별시
2026-06-22T11:40:16+09:00,ALPACA,425436,71.0,36.39154,127.31479,12,세종특별시
2026-06-22T11:40:16+09:00,ALPACA,425973,92.0,36.391624,127.31248,12,세종특별시
2026-06-22T11:40:16+09:00,ALPACA,426328,43.0,36.39181,127.31407,12,세종특별시
2026-06-22T11:40:16+09:00,ALPACA,426385,98.0,36.391815,127.31145,12,세종특별시
2026-06-22T11:40:16+09:00,ALPACA,426102,54.0,36.39187,127.31431,12,세종특별시
2026-06-22T11:40:16+09:00,ALPACA,426473,38.0,36.391926,127.31432,12,세종특별시
2026-06-22T11:40:16+09:00,ALPACA,424764,45.0,36.392334,127.314804,12,세종특별시
2026-06-22T11:40:16+09:00,ALPACA,425977,58.0,36.392525,127.31403,12,세종특별시
2026-06-22T11:40:16+09:00,ALPACA,426178,89.0,36.39258,127.313034,12,세종특별시
2026-06-22T11:40:16+09:00,ALPACA,424926,79.0,36.393276,127.3996,12,세종특별시
2026-06-22T11:40:16+09:00,ALPACA,426265,80.0,36.39347,127.35267,12,세종특별시
2026-06-22T11:40:16+09:00,ALPACA,426250,38.0,36.393757,127.31229,12,세종특별시
2026-06-22T11:40:16+09:00,ALPACA,426386,92.0,36.39455,127.31088,12,세종특별시
2026-06-22T11:40:16+09:00,ALPACA,425446,65.0,36.39505,127.3129,12,세종특별시
2026-06-22T11:40:16+09:00,ALPACA,426353,64.0,36.39544,127.313324,12,세종특별시
2026-06-22T11:40:16+09:00,ALPACA,424418,77.0,36.395535,127.310326,12,세종특별시
2026-06-22T11:40:16+09:00,ALPACA,414936,74.0,36.39674,127.400276,12,세종특별시
2026-06-22T11:40:16+09:00,ALPACA,424904,69.0,36.398495,127.400375,12,세종특별시
2026-06-22T11:40:16+09:00,ALPACA,425335,98.0,36.398674,127.39261,12,세종특별시
2026-06-22T11:40:16+09:00,ALPACA,414702,99.0,36.399685,127.391335,12,세종특별시
2026-06-22T11:40:16+09:00,ALPACA,414825,98.0,36.399708,127.40745,12,세종특별시
2026-06-22T11:40:16+09:00,ALPACA,425257,83.0,36.399757,127.39752,12,세종특별시
2026-06-22T11:40:16+09:00,ALPACA,415044,96.0,36.399815,127.402466,12,세종특별시
2026-06-22T11:40:16+09:00,ALPACA,414727,98.0,36.40091,127.411026,12,세종특별시
2026-06-22T11:40:16+09:00,ALPACA,425362,76.0,36.401062,127.390686,12,세종특별시
2026-06-22T11:40:16+09:00,ALPACA,414672,99.0,36.401077,127.390656,12,세종특별시
2026-06-22T11:40:16+09:00,ALPACA,414690,69.0,36.401077,127.390656,12,세종특별시
2026-06-22T11:40:16+09:00,ALPACA,414773,76.0,36.401085,127.390625,12,세종특별시
2026-06-22T11:40:16+09:00,ALPACA,424314,97.0,36.401104,127.39068,12,세종특별시
2026-06-22T11:40:16+09:00,ALPACA,424460,97.0,36.40111,127.39061,12,세종특별시
2026-06-22T11:40:16+09:00,ALPACA,414524,89.0,36.401436,127.40765,12,세종특별시
2026-06-22T11:40:16+09:00,ALPACA,425192,98.0,36.403355,127.397575,12,세종특별시
2026-06-22T11:40:16+09:00,ALPACA,414898,56.0,36.40528,127.39769,12,세종특별시
2026-06-22T11:40:16+09:00,ALPACA,414643,62.0,36.411682,127.40615,12,세종특별시
2026-06-22T11:40:16+09:00,ALPACA,424765,87.0,36.41186,127.41124,12,세종특별시
2026-06-22T11:40:16+09:00,ALPACA,425305,57.0,36.412758,127.40816,12,세종특별시
2026-06-22T11:40:16+09:00,ALPACA,425704,44.0,36.41315,127.40505,12,세종특별시
2026-06-22T11:40:16+09:00,ALPACA,415569,56.0,36.41324,127.40635,12,세종특별시
2026-06-22T11:40:16+09:00,ALPACA,424780,69.0,36.41326,127.406334,12,세종특별시
2026-06-22T11:40:16+09:00,ALPACA,414541,58.0,36.416164,127.3965,12,세종특별시
2026-06-22T11:40:16+09:00,ALPACA,424593,83.0,36.417976,127.39082,12,세종특별시
2026-06-22T11:40:16+09:00,ALPACA,425387,65.0,36.418247,127.39745,12,세종특별시
2026-06-22T11:40:16+09:00,ALPACA,414779,95.0,36.41845,127.39742,12,세종특별시
2026-06-22T11:40:16+09:00,ALPACA,424954,94.0,36.418774,127.40836,12,세종특별시
2026-06-22T11:40:16+09:00,ALPACA,414687,100.0,36.419006,127.387054,12,세종특별시
2026-06-22T11:40:16+09:00,ALPACA,414648,79.0,36.419205,127.38161,12,세종특별시
2026-06-22T11:40:16+09:00,ALPACA,414827,95.0,36.419476,127.41061,12,세종특별시
2026-06-22T11:40:16+09:00,ALPACA,424550,66.0,36.419666,127.39398,12,세종특별시
2026-06-22T11:40:16+09:00,ALPACA,425409,58.0,36.419746,127.40644,12,세종특별시
2026-06-22T11:40:16+09:00,ALPACA,425191,86.0,36.420033,127.38586,12,세종특별시
2026-06-22T11:40:16+09:00,ALPACA,414669,99.0,36.420067,127.39225,12,세종특별시
2026-06-22T11:40:16+09:00,ALPACA,414966,91.0,36.420147,127.39225,12,세종특별시
2026-06-22T11:40:16+09:00,ALPACA,415070,96.0,36.420494,127.39177,12,세종특별시
2026-06-22T11:40:16+09:00,ALPACA,424827,57.0,36.420643,127.38442,12,세종특별시
2026-06-22T11:40:16+09:00,ALPACA,425575,68.0,36.42106,127.38172,12,세종특별시
2026-06-22T11:40:16+09:00,ALPACA,414689,100.0,36.421383,127.39428,12,세종특별시
2026-06-22T11:40:16+09:00,ALPACA,414566,100.0,36.421726,127.394264,12,세종특별시
2026-06-22T11:40:16+09:00,ALPACA,414953,86.0,36.421738,127.39323,12,세종특별시
2026-06-22T11:40:16+09:00,ALPACA,424539,71.0,36.421803,127.40433,12,세종특별시
2026-06-22T11:40:16+09:00,ALPACA,425367,60.0,36.42183,127.40773,12,세종특별시
2026-06-22T11:40:16+09:00,ALPACA,425551,77.0,36.422134,127.39613,12,세종특별시
2026-06-22T11:40:16+09:00,ALPACA,414831,100.0,36.422195,127.38757,12,세종특별시
2026-06-22T11:40:16+09:00,ALPACA,414776,100.0,36.422256,127.387596,12,세종특별시
2026-06-22T11:40:16+09:00,ALPACA,414914,100.0,36.422268,127.38754,12,세종특별시
2026-06-22T11:40:16+09:00,ALPACA,411733,96.0,36.422504,127.407,12,세종특별시
2026-06-22T11:40:16+09:00,ALPACA,414823,93.0,36.422623,127.40054,12,세종특별시
2026-06-22T11:40:16+09:00,ALPACA,425494,61.0,36.422726,127.40008,12,세종특별시
2026-06-22T11:40:16+09:00,ALPACA,414268,64.0,36.422913,127.38895,12,세종특별시
2026-06-22T11:40:16+09:00,ALPACA,414821,89.0,36.423122,127.40594,12,세종특별시
2026-06-22T11:40:16+09:00,ALPACA,425236,100.0,36.423275,127.39275,12,세종특별시
2026-06-22T11:40:16+09:00,ALPACA,414732,100.0,36.42347,127.39226,12,세종특별시
2026-06-22T11:40:16+09:00,ALPACA,424825,96.0,36.42347,127.392265,12,세종특별시
2026-06-22T11:40:16+09:00,ALPACA,414937,73.0,36.42349,127.39224,12,세종특별시
2026-06-22T11:40:16+09:00,ALPACA,425711,68.0,36.42349,127.39227,12,세종특별시
2026-06-22T11:40:16+09:00,ALPACA,426257,100.0,36.42349,127.39225,12,세종특별시
2026-06-22T11:40:16+09:00,ALPACA,414830,79.0,36.423496,127.39229,12,세종특별시
2026-06-22T11:40:16+09:00,ALPACA,424816,100.0,36.423496,127.39228,12,세종특별시
2026-06-22T11:40:16+09:00,ALPACA,414753,97.0,36.42365,127.40516,12,세종특별시
2026-06-22T11:40:16+09:00,ALPACA,414533,93.0,36.42367,127.4053,12,세종특별시
2026-06-22T11:40:16+09:00,ALPACA,424583,81.0,36.423676,127.405205,12,세종특별시
2026-06-22T11:40:16+09:00,ALPACA,414651,90.0,36.423725,127.40488,12,세종특별시
2026-06-22T11:40:16+09:00,ALPACA,414767,63.0,36.424538,127.389465,12,세종특별시
2026-06-22T11:40:16+09:00,ALPACA,425734,100.0,36.42461,127.39297,12,세종특별시
2026-06-22T11:40:16+09:00,ALPACA,414754,57.0,36.424698,127.40046,12,세종특별시
2026-06-22T11:40:16+09:00,ALPACA,424116,67.0,36.42471,127.39227,12,세종특별시
2026-06-22T11:40:16+09:00,ALPACA,424555,81.0,36.425125,127.39005,12,세종특별시
2026-06-22T11:40:16+09:00,ALPACA,415078,95.0,36.425358,127.39216,12,세종특별시
2026-06-22T11:40:16+09:00,ALPACA,414284,95.0,36.425426,127.39216,12,세종특별시
2026-06-22T11:40:16+09:00,ALPACA,414481,53.0,36.425526,127.393074,12,세종특별시
2026-06-22T11:40:16+09:00,ALPACA,425467,59.0,36.42554,127.393005,12,세종특별시
2026-06-22T11:40:16+09:00,ALPACA,415586,52.0,36.425552,127.39418,12,세종특별시
2026-06-22T11:40:16+09:00,ALPACA,425510,60.0,36.42561,127.39305,12,세종특별시
2026-06-22T11:40:16+09:00,ALPACA,414681,77.0,36.42564,127.39891,12,세종특별시
2026-06-22T11:40:16+09:00,ALPACA,424586,48.0,36.42572,127.389824,12,세종특별시
2026-06-22T11:40:16+09:00,ALPACA,425412,62.0,36.4258,127.38987,12,세종특별시
2026-06-22T11:40:16+09:00,ALPACA,424442,67.0,36.426086,127.39168,12,세종특별시
2026-06-22T11:40:16+09:00,ALPACA,425348,100.0,36.4261,127.390884,12,세종특별시
2026-06-22T11:40:16+09:00,ALPACA,414539,51.0,36.426254,127.391335,12,세종특별시
2026-06-22T11:40:16+09:00,ALPACA,414790,92.0,36.426254,127.390465,12,세종특별시
2026-06-22T11:40:16+09:00,ALPACA,414375,100.0,36.426323,127.39255,12,세종특별시
2026-06-22T11:40:16+09:00,ALPACA,425148,100.0,36.426376,127.39363,12,세종특별시
2026-06-22T11:40:16+09:00,ALPACA,410295,100.0,36.426437,127.39041,12,세종특별시
2026-06-22T11:40:16+09:00,ALPACA,424942,95.0,36.42664,127.3903,12,세종특별시
2026-06-22T11:40:16+09:00,ALPACA,411692,92.0,36.426975,127.38953,12,세종특별시
2026-06-22T11:40:16+09:00,ALPACA,424938,100.0,36.427086,127.394066,12,세종특별시
2026-06-22T11:40:16+09:00,ALPACA,414915,79.0,36.427414,127.402504,12,세종특별시
2026-06-22T11:40:16+09:00,ALPACA,424443,65.0,36.427795,127.39089,12,세종특별시
2026-06-22T11:40:16+09:00,ALPACA,425306,76.0,36.428364,127.3985,12,세종특별시
2026-06-22T11:40:16+09:00,ALPACA,414731,100.0,36.428577,127.391426,12,세종특별시
2026-06-22T11:40:16+09:00,ALPACA,415221,60.0,36.428673,127.3916,12,세종특별시
2026-06-22T11:40:16+09:00,ALPACA,425087,70.0,36.42878,127.39551,12,세종특별시
2026-06-22T11:40:16+09:00,ALPACA,425253,92.0,36.428925,127.39552,12,세종특별시
2026-06-22T11:40:16+09:00,ALPACA,425021,100.0,36.428967,127.38932,12,세종특별시
2026-06-22T11:40:16+09:00,ALPACA,425226,86.0,36.429646,127.38841,12,세종특별시
2026-06-22T11:40:16+09:00,ALPACA,414653,81.0,36.429653,127.393234,12,세종특별시
2026-06-22T11:40:16+09:00,ALPACA,424649,90.0,36.42984,127.39624,12,세종특별시
2026-06-22T11:40:16+09:00,ALPACA,425275,98.0,36.43029,127.39371,12,세종특별시
2026-06-22T11:40:16+09:00,ALPACA,414763,81.0,36.430313,127.39371,12,세종특별시
2026-06-22T11:40:16+09:00,ALPACA,414304,70.0,36.43032,127.38999,12,세종특별시
2026-06-22T11:40:16+09:00,ALPACA,414730,100.0,36.43057,127.39298,12,세종특별시
2026-06-22T11:40:16+09:00,ALPACA,424601,62.0,36.43121,127.38357,12,세종특별시
2026-06-22T11:40:16+09:00,ALPACA,414308,86.0,36.431248,127.39436,12,세종특별시
2026-06-22T11:40:16+09:00,ALPACA,414931,97.0,36.431248,127.39438,12,세종특별시
2026-06-22T11:40:16+09:00,ALPACA,410334,49.0,36.431282,127.394485,12,세종특별시
2026-06-22T11:40:16+09:00,ALPACA,414704,100.0,36.431293,127.39335,12,세종특별시
2026-06-22T11:40:16+09:00,ALPACA,425453,88.0,36.431355,127.39758,12,세종특별시
2026-06-22T11:40:16+09:00,ALPACA,414543,96.0,36.431534,127.39754,12,세종특별시
2026-06-22T11:40:16+09:00,ALPACA,415427,70.0,36.431553,127.39399,12,세종특별시
2026-06-22T11:40:16+09:00,ALPACA,414728,89.0,36.431667,127.39372,12,세종특별시
2026-06-22T11:40:16+09:00,ALPACA,414765,52.0,36.43168,127.39379,12,세종특별시
2026-06-22T11:40:16+09:00,ALPACA,414676,57.0,36.431934,127.39356,12,세종특별시
2026-06-22T11:40:16+09:00,ALPACA,424768,100.0,36.432198,127.393135,12,세종특별시
2026-06-22T11:40:16+09:00,ALPACA,425110,100.0,36.432365,127.39407,12,세종특별시
2026-06-22T11:40:16+09:00,ALPACA,414775,100.0,36.43237,127.39418,12,세종특별시
2026-06-22T11:40:16+09:00,ALPACA,414558,99.0,36.43239,127.38155,12,세종특별시
2026-06-22T11:40:16+09:00,ALPACA,424434,52.0,36.432396,127.38414,12,세종특별시
2026-06-22T11:40:16+09:00,ALPACA,414738,53.0,36.43243,127.39408,12,세종특별시
2026-06-22T11:40:16+09:00,ALPACA,414774,80.0,36.4326,127.38414,12,세종특별시
2026-06-22T11:40:16+09:00,ALPACA,414746,64.0,36.43275,127.39161,12,세종특별시
2026-06-22T11:40:16+09:00,ALPACA,414737,51.0,36.432827,127.394516,12,세종특별시
2026-06-22T11:40:16+09:00,ALPACA,414679,100.0,36.43294,127.38458,12,세종특별시
2026-06-22T11:40:16+09:00,ALPACA,425183,97.0,36.43316,127.38392,12,세종특별시
2026-06-22T11:40:16+09:00,ALPACA,425417,91.0,36.433212,127.384415,12,세종특별시
2026-06-22T11:40:16+09:00,ALPACA,415275,100.0,36.43347,127.382935,12,세종특별시
2026-06-22T11:40:16+09:00,ALPACA,414654,100.0,36.433575,127.38274,12,세종특별시
2026-06-22T11:40:16+09:00,ALPACA,424820,100.0,36.43375,127.385925,12,세종특별시
2026-06-22T11:40:16+09:00,ALPACA,414677,94.0,36.43431,127.385216,12,세종특별시
2026-06-22T11:40:16+09:00,ALPACA,424917,99.0,36.434444,127.392876,12,세종특별시
2026-06-22T11:40:16+09:00,ALPACA,426235,94.0,36.434452,127.40869,12,세종특별시
2026-06-22T11:40:16+09:00,ALPACA,414416,100.0,36.434555,127.38898,12,세종특별시
2026-06-22T11:40:16+09:00,ALPACA,415253,61.0,36.434692,127.38795,12,세종특별시
2026-06-22T11:40:16+09:00,ALPACA,414513,99.0,36.434956,127.39313,12,세종특별시
2026-06-22T11:40:16+09:00,ALPACA,425479,87.0,36.435455,127.403046,12,세종특별시
2026-06-22T11:40:16+09:00,ALPACA,414696,96.0,36.435905,127.403885,12,세종특별시
2026-06-22T11:40:16+09:00,ALPACA,414503,54.0,36.435974,127.40406,12,세종특별시
2026-06-22T11:40:16+09:00,ALPACA,414839,100.0,36.436565,127.389275,12,세종특별시
2026-06-22T11:40:16+09:00,ALPACA,415470,87.0,36.436783,127.3813,12,세종특별시
2026-06-22T11:40:16+09:00,ALPACA,426234,83.0,36.436787,127.38891,12,세종특별시
2026-06-22T11:40:16+09:00,ALPACA,426484,100.0,36.43732,127.388435,12,세종특별시
2026-06-22T11:40:16+09:00,ALPACA,426256,82.0,36.437454,127.388435,12,세종특별시
2026-06-22T11:40:16+09:00,ALPACA,414948,94.0,36.438084,127.39494,12,세종특별시
2026-06-22T11:40:16+09:00,ALPACA,426305,69.0,36.438095,127.381996,12,세종특별시
2026-06-22T11:40:16+09:00,ALPACA,414912,100.0,36.438103,127.38237,12,세종특별시
2026-06-22T11:40:16+09:00,ALPACA,414759,100.0,36.43812,127.3815,12,세종특별시
2026-06-22T11:40:16+09:00,ALPACA,414794,80.0,36.43812,127.38202,12,세종특별시
2026-06-22T11:40:16+09:00,ALPACA,414943,100.0,36.43813,127.38232,12,세종특별시
2026-06-22T11:40:16+09:00,ALPACA,424760,100.0,36.43815,127.38154,12,세종특별시
2026-06-22T11:40:16+09:00,ALPACA,415516,76.0,36.438152,127.38194,12,세종특별시
2026-06-22T11:40:16+09:00,ALPACA,414706,79.0,36.438187,127.382065,12,세종특별시
2026-06-22T11:40:16+09:00,ALPACA,414684,97.0,36.43893,127.39512,12,세종특별시
2026-06-22T11:40:16+09:00,ALPACA,414532,57.0,36.43929,127.38143,12,세종특별시
2026-06-22T11:40:16+09:00,ALPACA,415439,100.0,36.439877,127.38223,12,세종특별시
2026-06-22T11:40:16+09:00,ALPACA,424542,90.0,36.439896,127.38476,12,세종특별시
2026-06-22T11:40:16+09:00,ALPACA,424564,58.0,36.440174,127.38336,12,세종특별시
2026-06-22T11:40:16+09:00,ALPACA,424719,100.0,36.440266,127.38345,12,세종특별시
2026-06-22T11:40:16+09:00,ALPACA,424382,54.0,36.44033,127.38437,12,세종특별시
2026-06-22T11:40:16+09:00,ALPACA,425193,62.0,36.44123,127.38599,12,세종특별시
2026-06-22T11:40:16+09:00,ALPACA,414659,45.0,36.441647,127.399925,12,세종특별시
2026-06-22T11:40:16+09:00,ALPACA,414644,32.0,36.444366,127.41042,12,세종특별시
2026-06-22T11:40:16+09:00,ALPACA,414724,63.0,36.445915,127.41399,12,세종특별시
2026-06-22T11:40:16+09:00,ALPACA,425712,67.0,36.445957,127.405624,12,세종특별시
2026-06-22T11:40:16+09:00,ALPACA,425384,68.0,36.447025,127.40838,12,세종특별시
2026-06-22T11:40:16+09:00,ALPACA,415049,49.0,36.448135,127.42335,12,세종특별시
2026-06-22T11:40:16+09:00,ALPACA,414760,38.0,36.449184,127.41195,12,세종특별시
2026-06-22T11:40:16+09:00,ALPACA,424455,43.0,36.450794,127.432045,12,세종특별시
2026-06-22T11:40:16+09:00,ALPACA,424792,36.0,36.45336,127.423874,12,세종특별시
2026-06-22T11:40:16+09:00,ALPACA,422610,69.0,36.58649,127.294586,12,세종특별시
2026-06-22T11:40:16+09:00,ALPACA,422236,78.0,36.588135,127.28902,12,세종특별시
2026-06-22T11:40:16+09:00,ALPACA,422154,100.0,36.588425,127.29001,12,세종특별시
2026-06-22T11:40:16+09:00,ALPACA,421288,100.0,36.588444,127.290054,12,세종특별시
2026-06-22T11:40:16+09:00,ALPACA,414865,100.0,36.590813,127.29184,12,세종특별시
2026-06-22T11:40:16+09:00,ALPACA,422500,100.0,36.590828,127.291824,12,세종특별시
2026-06-22T11:40:16+09:00,ALPACA,422087,100.0,36.59086,127.29185,12,세종특별시
2026-06-22T11:40:16+09:00,ALPACA,422425,89.0,36.590874,127.29187,12,세종특별시
2026-06-22T11:40:16+09:00,ALPACA,422363,100.0,36.590958,127.29519,12,세종특별시
2026-06-22T11:40:16+09:00,ALPACA,422600,74.0,36.59098,127.29518,12,세종특별시
2026-06-22T11:40:16+09:00,ALPACA,421876,85.0,36.590992,127.2952,12,세종특별시
2026-06-22T11:40:16+09:00,ALPACA,422397,89.0,36.592003,127.29626,12,세종특별시
2026-06-22T11:40:16+09:00,ALPACA,422249,83.0,36.592037,127.29636,12,세종특별시
2026-06-22T11:40:16+09:00,ALPACA,422376,100.0,36.592087,127.29632,12,세종특별시
2026-06-22T11:40:16+09:00,ALPACA,421720,100.0,36.593098,127.28476,12,세종특별시
2026-06-22T11:40:16+09:00,ALPACA,422047,100.0,36.5931,127.284775,12,세종특별시
2026-06-22T11:40:16+09:00,ALPACA,422220,100.0,36.593105,127.28477,12,세종특별시
2026-06-22T11:40:16+09:00,ALPACA,414795,93.0,36.593204,127.28924,12,세종특별시
2026-06-22T11:40:16+09:00,ALPACA,422434,93.0,36.59417,127.30133,12,세종특별시
2026-06-22T11:40:16+09:00,ALPACA,422562,93.0,36.59511,127.28873,12,세종특별시
2026-06-22T11:40:16+09:00,ALPACA,422379,100.0,36.59515,127.28925,12,세종특별시
2026-06-22T11:40:16+09:00,ALPACA,422393,100.0,36.59518,127.289215,12,세종특별시
2026-06-22T11:40:16+09:00,ALPACA,410262,100.0,36.595184,127.28924,12,세종특별시
2026-06-22T11:40:16+09:00,ALPACA,422023,75.0,36.59577,127.289406,12,세종특별시
2026-06-22T11:40:16+09:00,ALPACA,422491,78.0,36.596176,127.29575,12,세종특별시
2026-06-22T11:40:16+09:00,ALPACA,421904,100.0,36.59622,127.29577,12,세종특별시
2026-06-22T11:40:16+09:00,ALPACA,422567,100.0,36.59646,127.28842,12,세종특별시
2026-06-22T11:40:16+09:00,ALPACA,422125,73.0,36.59647,127.2884,12,세종특별시
2026-06-22T11:40:16+09:00,ALPACA,422414,81.0,36.596535,127.30081,12,세종특별시
2026-06-22T11:40:16+09:00,ALPACA,421733,74.0,36.597267,127.29874,12,세종특별시
2026-06-22T11:40:16+09:00,ALPACA,422338,88.0,36.597286,127.29744,12,세종특별시
2026-06-22T11:40:16+09:00,ALPACA,422449,55.0,36.599773,127.29535,12,세종특별시
2026-06-22T11:40:16+09:00,ALPACA,422228,73.0,36.600174,127.294624,12,세종특별시
2026-06-22T11:40:16+09:00,ALPACA,422136,100.0,36.601013,127.29504,12,세종특별시
2026-06-22T11:40:16+09:00,ALPACA,422350,81.0,36.60106,127.29497,12,세종특별시
2026-06-22T11:40:16+09:00,ALPACA,422701,100.0,36.601227,127.29114,12,세종특별시
2026-06-22T11:40:16+09:00,ALPACA,422467,100.0,36.60136,127.2885,12,세종특별시
2026-06-22T11:40:16+09:00,ALPACA,410385,85.0,36.601765,127.28865,12,세종특별시
2026-06-22T11:40:16+09:00,ALPACA,422265,100.0,36.60182,127.290085,12,세종특별시
2026-06-22T11:40:16+09:00,ALPACA,422258,97.0,36.601833,127.29012,12,세종특별시
2026-06-22T11:40:16+09:00,ALPACA,422566,81.0,36.60185,127.294945,12,세종특별시
2026-06-22T11:40:16+09:00,ALPACA,421703,100.0,36.601852,127.2901,12,세종특별시
2026-06-22T11:40:16+09:00,ALPACA,422446,91.0,36.602337,127.29036,12,세종특별시
2026-06-22T11:40:16+09:00,ALPACA,422306,73.0,36.60238,127.28648,12,세종특별시
2026-06-22T11:40:16+09:00,ALPACA,422138,100.0,36.602406,127.29489,12,세종특별시
2026-06-22T11:40:16+09:00,ALPACA,422571,100.0,36.603333,127.29134,12,세종특별시
2026-06-22T11:40:16+09:00,ALPACA,422387,90.0,36.60345,127.30732,12,세종특별시
2026-06-22T11:40:16+09:00,ALPACA,418661,90.0,36.603523,127.29319,12,세종특별시
2026-06-22T11:40:16+09:00,ALPACA,422399,100.0,36.603596,127.29317,12,세종특별시
2026-06-22T11:40:16+09:00,ALPACA,422203,100.0,36.603607,127.29011,12,세종특별시
2026-06-22T11:40:16+09:00,ALPACA,421775,70.0,36.60373,127.29318,12,세종특별시
2026-06-22T11:40:16+09:00,ALPACA,422364,71.0,36.603767,127.29316,12,세종특별시
2026-06-22T11:40:16+09:00,ALPACA,421566,86.0,36.603878,127.29712,12,세종특별시
2026-06-22T11:40:16+09:00,ALPACA,422303,100.0,36.604046,127.297485,12,세종특별시
2026-06-22T11:40:16+09:00,ALPACA,422075,91.0,36.60406,127.29753,12,세종특별시
2026-06-22T11:40:16+09:00,ALPACA,422344,100.0,36.604065,127.29751,12,세종특별시
2026-06-22T11:40:16+09:00,ALPACA,422246,100.0,36.604084,127.297516,12,세종특별시
2026-06-22T11:40:16+09:00,ALPACA,422484,62.0,36.6041,127.297516,12,세종특별시
2026-06-22T11:40:16+09:00,ALPACA,421987,100.0,36.60448,127.292564,12,세종특별시
2026-06-22T11:40:16+09:00,ALPACA,422337,80.0,36.60455,127.29248,12,세종특별시
2026-06-22T11:40:16+09:00,ALPACA,421831,41.0,36.60456,127.29253,12,세종특별시
2026-06-22T11:40:16+09:00,ALPACA,422248,64.0,36.604572,127.2925,12,세종특별시
2026-06-22T11:40:16+09:00,ALPACA,422173,95.0,36.605038,127.293236,12,세종특별시
2026-06-22T11:40:16+09:00,ALPACA,422452,100.0,36.60527,127.29278,12,세종특별시
2026-06-22T11:40:16+09:00,ALPACA,422282,71.0,36.605328,127.29324,12,세종특별시
2026-06-22T11:40:16+09:00,ALPACA,422458,75.0,36.60533,127.29211,12,세종특별시
2026-06-22T11:40:16+09:00,ALPACA,422396,100.0,36.605366,127.29211,12,세종특별시
2026-06-22T11:40:16+09:00,ALPACA,422435,73.0,36.605366,127.29209,12,세종특별시
2026-06-22T11:40:16+09:00,ALPACA,422699,100.0,36.605373,127.29213,12,세종특별시
2026-06-22T11:40:16+09:00,ALPACA,422025,100.0,36.605587,127.297226,12,세종특별시
2026-06-22T11:40:16+09:00,ALPACA,422413,100.0,36.60559,127.29723,12,세종특별시
2026-06-22T11:40:16+09:00,ALPACA,422406,100.0,36.6056,127.29729,12,세종특별시
2026-06-22T11:40:16+09:00,ALPACA,422238,79.0,36.606304,127.29312,12,세종특별시
2026-06-22T11:40:16+09:00,ALPACA,422324,84.0,36.606316,127.2878,12,세종특별시
2026-06-22T11:40:16+09:00,ALPACA,422522,74.0,36.606323,127.29306,12,세종특별시
2026-06-22T11:40:16+09:00,ALPACA,422884,93.0,36.606495,127.29192,12,세종특별시
2026-06-22T11:40:16+09:00,ALPACA,422336,34.0,36.60691,127.289345,12,세종특별시
2026-06-22T11:40:16+09:00,ALPACA,412614,54.0,36.608784,127.29224,12,세종특별시
2026-06-22T11:40:16+09:00,ALPACA,422463,45.0,36.60894,127.28361,12,세종특별시
2026-06-22T11:40:16+09:00,ALPACA,422322,94.0,36.608997,127.28384,12,세종특별시
2026-06-22T11:40:16+09:00,ALPACA,422175,40.0,36.60901,127.28372,12,세종특별시
2026-06-22T11:40:16+09:00,ALPACA,422465,57.0,36.609043,127.283714,12,세종특별시
2026-06-22T11:40:16+09:00,ALPACA,422620,94.0,36.609062,127.28379,12,세종특별시
2026-06-22T11:40:16+09:00,ALPACA,422559,83.0,36.609077,127.283806,12,세종특별시
2026-06-22T11:40:16+09:00,ALPACA,412597,87.0,36.6091,127.28372,12,세종특별시
2026-06-22T11:40:16+09:00,ALPACA,422576,60.0,36.6091,127.2837,12,세종특별시
2026-06-22T11:40:16+09:00,ALPACA,422720,62.0,36.60919,127.28498,12,세종특별시
2026-06-22T11:40:16+09:00,ALPACA,422607,46.0,36.6092,127.29094,12,세종특별시
2026-06-22T11:40:16+09:00,ALPACA,418665,98.0,36.609303,127.28459,12,세종특별시
2026-06-22T11:40:16+09:00,ALPACA,422432,57.0,36.609337,127.28333,12,세종특별시
2026-06-22T11:40:16+09:00,ALPACA,422560,74.0,36.609386,127.286194,12,세종특별시
2026-06-22T11:40:16+09:00,ALPACA,421025,61.0,36.60967,127.28503,12,세종특별시
2026-06-22T11:40:16+09:00,ALPACA,422502,36.0,36.60986,127.28495,12,세종특별시
2026-06-22T11:40:16+09:00,ALPACA,422439,66.0,36.61011,127.284966,12,세종특별시
2026-06-22T11:40:16+09:00,ALPACA,422205,100.0,36.610172,127.29321,12,세종특별시
2026-06-22T11:40:16+09:00,ALPACA,422499,91.0,36.610237,127.28474,12,세종특별시
2026-06-22T11:40:16+09:00,ALPACA,422378,75.0,36.610306,127.296616,12,세종특별시
2026-06-22T11:40:16+09:00,ALPACA,422703,85.0,36.61031,127.29676,12,세종특별시
2026-06-22T11:40:16+09:00,ALPACA,421725,100.0,36.61032,127.29676,12,세종특별시
2026-06-22T11:40:16+09:00,ALPACA,422226,93.0,36.610325,127.28631,12,세종특별시
2026-06-22T11:40:16+09:00,ALPACA,422556,100.0,36.610325,127.29679,12,세종특별시
2026-06-22T11:40:16+09:00,ALPACA,422430,94.0,36.610447,127.2932,12,세종특별시
2026-06-22T11:40:16+09:00,ALPACA,422184,70.0,36.61051,127.2871,12,세종특별시
2026-06-22T11:40:16+09:00,ALPACA,422420,73.0,36.610695,127.293465,12,세종특별시
2026-06-22T11:40:16+09:00,ALPACA,422394,80.0,36.61074,127.29136,12,세종특별시
2026-06-22T11:40:16+09:00,ALPACA,422181,66.0,36.610786,127.29172,12,세종특별시
2026-06-22T11:40:16+09:00,ALPACA,422128,79.0,36.610897,127.288284,12,세종특별시
2026-06-22T11:40:16+09:00,ALPACA,422770,52.0,36.610916,127.29091,12,세종특별시
2026-06-22T11:40:16+09:00,ALPACA,421741,100.0,36.610943,127.29311,12,세종특별시
2026-06-22T11:40:16+09:00,ALPACA,422180,99.0,36.610947,127.28872,12,세종특별시
2026-06-22T11:40:16+09:00,ALPACA,422143,64.0,36.610985,127.28645,12,세종특별시
2026-06-22T11:40:16+09:00,ALPACA,422291,74.0,36.611,127.28635,12,세종특별시
2026-06-22T11:40:16+09:00,ALPACA,422468,100.0,36.61101,127.28643,12,세종특별시
2026-06-22T11:40:16+09:00,ALPACA,422147,68.0,36.61102,127.28641,12,세종특별시
2026-06-22T11:40:16+09:00,ALPACA,422328,38.0,36.61106,127.29008,12,세종특별시
2026-06-22T11:40:16+09:00,ALPACA,422450,30.0,36.611088,127.2864,12,세종특별시
2026-06-22T11:40:16+09:00,ALPACA,422130,47.0,36.611103,127.28619,12,세종특별시
2026-06-22T11:40:16+09:00,ALPACA,422391,100.0,36.611156,127.29014,12,세종특별시
2026-06-22T11:40:16+09:00,ALPACA,422472,94.0,36.61116,127.28979,12,세종특별시
2026-06-22T11:40:16+09:00,ALPACA,422426,77.0,36.611164,127.29007,12,세종특별시
2026-06-22T11:40:16+09:00,ALPACA,422384,47.0,36.61117,127.29002,12,세종특별시
2026-06-22T11:40:16+09:00,ALPACA,422178,39.0,36.611176,127.28975,12,세종특별시
2026-06-22T11:40:16+09:00,ALPACA,422028,85.0,36.611187,127.29089,12,세종특별시
2026-06-22T11:40:16+09:00,ALPACA,422697,37.0,36.611225,127.28979,12,세종특별시
2026-06-22T11:40:16+09:00,ALPACA,422480,87.0,36.61125,127.28734,12,세종특별시
2026-06-22T11:40:16+09:00,ALPACA,412728,54.0,36.61128,127.28816,12,세종특별시
2026-06-22T11:40:16+09:00,ALPACA,421740,94.0,36.611286,127.29007,12,세종특별시
2026-06-22T11:40:16+09:00,ALPACA,422456,79.0,36.611317,127.28831,12,세종특별시
2026-06-22T11:40:16+09:00,ALPACA,422776,41.0,36.61132,127.288216,12,세종특별시
2026-06-22T11:40:16+09:00,ALPACA,422395,94.0,36.611336,127.28808,12,세종특별시
2026-06-22T11:40:16+09:00,ALPACA,421979,98.0,36.611347,127.288185,12,세종특별시
2026-06-22T11:40:16+09:00,ALPACA,422270,76.0,36.61135,127.288124,12,세종특별시
2026-06-22T11:40:16+09:00,ALPACA,421907,99.0,36.611355,127.28818,12,세종특별시
2026-06-22T11:40:16+09:00,ALPACA,422505,59.0,36.611355,127.288216,12,세종특별시
2026-06-22T11:40:16+09:00,ALPACA,422253,98.0,36.611366,127.28825,12,세종특별시
2026-06-22T11:40:16+09:00,ALPACA,421889,73.0,36.611374,127.28744,12,세종특별시
2026-06-22T11:40:16+09:00,ALPACA,422359,95.0,36.611374,127.28823,12,세종특별시
2026-06-22T11:40:16+09:00,ALPACA,422264,95.0,36.61138,127.28822,12,세종특별시
2026-06-22T11:40:16+09:00,ALPACA,422244,47.0,36.6114,127.28746,12,세종특별시
2026-06-22T11:40:16+09:00,ALPACA,422730,74.0,36.61144,127.287445,12,세종특별시
2026-06-22T11:40:16+09:00,ALPACA,422277,99.0,36.611454,127.28744,12,세종특별시
2026-06-22T11:40:16+09:00,ALPACA,422131,88.0,36.611458,127.28745,12,세종특별시
2026-06-22T11:40:16+09:00,ALPACA,422107,43.0,36.611633,127.287544,12,세종특별시
2026-06-22T11:40:16+09:00,ALPACA,422339,32.0,36.611954,127.2846,12,세종특별시
2026-06-22T11:40:16+09:00,ALPACA,422709,86.0,36.613125,127.29592,12,세종특별시
2026-06-22T11:40:16+09:00,ALPACA,422386,86.0,36.613197,127.29332,12,세종특별시
2026-06-22T11:40:16+09:00,ALPACA,422103,100.0,36.613853,127.31,12,세종특별시
2026-06-22T11:40:16+09:00,ALPACA,418558,100.0,36.613876,127.309975,12,세종특별시
2026-06-22T11:40:16+09:00,ALPACA,422168,73.0,36.61406,127.28906,12,세종특별시
2026-06-22T11:40:16+09:00,ALPACA,422371,62.0,36.61409,127.28907,12,세종특별시
2026-06-22T11:40:16+09:00,ALPACA,422335,100.0,36.614174,127.28884,12,세종특별시
2026-06-22T11:40:16+09:00,ALPACA,422367,100.0,36.614174,127.2888,12,세종특별시
2026-06-22T11:40:16+09:00,ALPACA,422207,95.0,36.61456,127.30835,12,세종특별시
2026-06-22T11:40:16+09:00,ALPACA,422242,77.0,36.614662,127.3059,12,세종특별시
2026-06-22T11:40:16+09:00,ALPACA,422603,100.0,36.614918,127.28499,12,세종특별시
2026-06-22T11:40:16+09:00,ALPACA,422358,75.0,36.615963,127.286064,12,세종특별시
2026-06-22T11:40:16+09:00,ALPACA,422086,76.0,36.61633,127.31405,12,세종특별시
2026-06-22T11:40:16+09:00,ALPACA,422185,100.0,36.618057,127.288795,12,세종특별시
2026-06-22T11:40:16+09:00,ALPACA,422296,87.0,36.6188,127.32029,12,세종특별시
2026-06-22T11:40:16+09:00,ALPACA,410365,76.0,36.618816,127.29082,12,세종특별시
2026-06-22T11:40:16+09:00,ALPACA,422176,100.0,36.61898,127.28855,12,세종특별시
2026-06-22T11:40:16+09:00,ALPACA,422243,75.0,36.619553,127.309944,12,세종특별시
2026-06-22T11:40:16+09:00,ALPACA,421998,82.0,36.620438,127.32027,12,세종특별시
2026-06-22T11:40:16+09:00,ALPACA,422039,70.0,36.620907,127.28249,12,세종특별시
2026-06-22T11:40:16+09:00,ALPACA,422705,93.0,36.62092,127.28246,12,세종특별시
2026-06-22T11:40:16+09:00,ALPACA,422357,82.0,36.621124,127.30795,12,세종특별시
2026-06-22T11:40:16+09:00,ALPACA,422333,97.0,36.62135,127.29062,12,세종특별시
2026-06-22T11:40:16+09:00,ALPACA,422509,68.0,36.621548,127.28891,12,세종특별시
2026-06-22T11:40:16+09:00,ALPACA,422469,73.0,36.6216,127.30235,12,세종특별시
2026-06-22T11:40:16+09:00,ALPACA,422309,92.0,36.621677,127.28371,12,세종특별시
2026-06-22T11:40:16+09:00,ALPACA,422329,97.0,36.621685,127.28388,12,세종특별시
2026-06-22T11:40:16+09:00,ALPACA,421908,99.0,36.62169,127.28588,12,세종특별시
2026-06-22T11:40:16+09:00,ALPACA,422141,69.0,36.621693,127.28588,12,세종특별시
2026-06-22T11:40:16+09:00,ALPACA,422299,79.0,36.621696,127.28384,12,세종특별시
2026-06-22T11:40:16+09:00,ALPACA,421186,85.0,36.62171,127.28384,12,세종특별시
2026-06-22T11:40:16+09:00,ALPACA,422568,98.0,36.621758,127.283844,12,세종특별시
2026-06-22T11:40:16+09:00,ALPACA,422148,81.0,36.62177,127.28556,12,세종특별시
2026-06-22T11:40:16+09:00,ALPACA,422251,41.0,36.62178,127.326614,12,세종특별시
2026-06-22T11:40:16+09:00,ALPACA,422580,99.0,36.621788,127.28554,12,세종특별시
2026-06-22T11:40:16+09:00,ALPACA,422702,52.0,36.621857,127.32653,12,세종특별시
2026-06-22T11:40:16+09:00,ALPACA,421945,47.0,36.621864,127.304695,12,세종특별시
2026-06-22T11:40:16+09:00,ALPACA,422304,97.0,36.623657,127.28743,12,세종특별시
2026-06-22T11:40:16+09:00,ALPACA,422211,82.0,36.623665,127.28685,12,세종특별시
2026-06-22T11:40:16+09:00,ALPACA,422212,66.0,36.623714,127.286835,12,세종특별시
2026-06-22T11:40:16+09:00,ALPACA,422507,87.0,36.62377,127.325096,12,세종특별시
2026-06-22T11:40:16+09:00,ALPACA,422403,97.0,36.62414,127.32578,12,세종특별시
2026-06-22T11:40:16+09:00,ALPACA,422440,86.0,36.626568,127.33195,12,세종특별시
2026-06-22T11:40:16+09:00,ALPACA,413919,54.0,36.62669,127.33202,12,세종특별시
2026-06-22T11:40:16+09:00,ALPACA,422412,58.0,36.62692,127.323326,12,세종특별시
2026-06-22T11:40:16+09:00,ALPACA,422372,92.0,36.627663,127.32866,12,세종특별시
2026-06-22T11:40:16+09:00,ALPACA,422622,61.0,36.627975,127.33185,12,세종특별시
2026-06-22T11:40:16+09:00,ALPACA,422382,81.0,36.628136,127.332634,12,세종특별시
2026-06-22T11:40:16+09:00,ALPACA,422194,72.0,36.629448,127.33293,12,세종특별시
2026-06-22T11:40:16+09:00,ALPACA,422575,98.0,36.63005,127.333046,12,세종특별시
2026-06-22T11:40:16+09:00,ALPACA,422121,98.0,36.63006,127.33041,12,세종특별시
2026-06-22T11:40:16+09:00,ALPACA,422297,97.0,36.630157,127.33284,12,세종특별시
2026-06-22T11:40:16+09:00,ALPACA,422528,47.0,36.63016,127.329994,12,세종특별시
2026-06-22T11:40:16+09:00,ALPACA,421994,100.0,36.630173,127.33289,12,세종특별시
2026-06-22T11:40:16+09:00,ALPACA,410342,97.0,36.630188,127.33287,12,세종특별시
2026-06-22T11:40:16+09:00,ALPACA,422188,59.0,36.630276,127.33359,12,세종특별시
2026-06-22T11:40:16+09:00,ALPACA,422486,55.0,36.630577,127.33085,12,세종특별시
2026-06-22T11:40:16+09:00,ALPACA,422408,57.0,36.630856,127.32952,12,세종특별시
2026-06-22T11:40:16+09:00,ALPACA,422278,70.0,36.630898,127.33079,12,세종특별시
2026-06-22T11:40:16+09:00,ALPACA,422316,94.0,36.631054,127.32807,12,세종특별시
2026-06-22T11:40:16+09:00,ALPACA,422427,48.0,36.631268,127.319305,12,세종특별시
2026-06-22T11:40:16+09:00,ALPACA,422126,93.0,36.6313,127.328636,12,세종특별시
2026-06-22T11:40:16+09:00,ALPACA,422431,57.0,36.63147,127.328804,12,세종특별시
2026-06-22T11:40:16+09:00,ALPACA,416273,77.0,36.631496,127.32945,12,세종특별시
2026-06-22T11:40:16+09:00,ALPACA,422032,63.0,36.631508,127.319214,12,세종특별시
2026-06-22T11:40:16+09:00,ALPACA,422161,86.0,36.631527,127.31919,12,세종특별시
2026-06-22T11:40:16+09:00,ALPACA,422049,84.0,36.63154,127.32607,12,세종특별시
2026-06-22T11:40:16+09:00,ALPACA,421772,91.0,36.6316,127.32905,12,세종특별시
2026-06-22T11:40:16+09:00,ALPACA,422552,100.0,36.631626,127.33032,12,세종특별시
2026-06-22T11:40:16+09:00,ALPACA,422691,75.0,36.63166,127.319824,12,세종특별시
2026-06-22T11:40:16+09:00,ALPACA,422164,89.0,36.631817,127.330444,12,세종특별시
2026-06-22T11:40:16+09:00,ALPACA,422365,78.0,36.632095,127.3274,12,세종특별시
2026-06-22T11:40:16+09:00,ALPACA,422534,63.0,36.63249,127.32635,12,세종특별시
2026-06-22T11:40:16+09:00,ALPACA,422402,87.0,36.632725,127.33509,12,세종특별시
2026-06-22T11:40:16+09:00,ALPACA,422558,98.0,36.63276,127.33506,12,세종특별시
2026-06-22T11:40:16+09:00,ALPACA,422334,72.0,36.632767,127.33112,12,세종특별시
2026-06-22T11:40:16+09:00,ALPACA,422375,70.0,36.632843,127.32338,12,세종특별시
2026-06-22T11:40:16+09:00,ALPACA,422034,71.0,36.632965,127.31423,12,세종특별시
2026-06-22T11:40:16+09:00,ALPACA,422625,100.0,36.633327,127.32107,12,세종특별시
2026-06-22T11:40:16+09:00,ALPACA,422536,100.0,36.633335,127.32108,12,세종특별시
2026-06-22T11:40:16+09:00,ALPACA,422604,100.0,36.633335,127.32109,12,세종특별시
2026-06-22T11:40:16+09:00,ALPACA,419034,97.0,36.633343,127.32108,12,세종특별시
2026-06-22T11:40:16+09:00,ALPACA,422535,95.0,36.633766,127.32904,12,세종특별시
2026-06-22T11:40:16+09:00,ALPACA,422498,77.0,36.635105,127.32707,12,세종특별시
2026-06-22T11:40:16+09:00,ALPACA,422389,95.0,36.635406,127.32625,12,세종특별시
2026-06-22T11:40:16+09:00,ALPACA,421739,76.0,36.635544,127.33448,12,세종특별시
2026-06-22T11:40:16+09:00,ALPACA,422538,43.0,36.63556,127.32583,12,세종특별시
2026-06-22T11:40:16+09:00,ALPACA,422142,81.0,36.63571,127.33876,12,세종특별시
2026-06-22T11:40:16+09:00,ALPACA,422256,63.0,36.635918,127.317535,12,세종특별시
2026-06-22T11:40:16+09:00,ALPACA,422122,61.0,36.63613,127.32849,12,세종특별시
2026-06-22T11:40:16+09:00,ALPACA,421718,100.0,36.63657,127.322876,12,세종특별시
2026-06-22T11:40:16+09:00,ALPACA,422629,100.0,36.636574,127.32278,12,세종특별시
2026-06-22T11:40:16+09:00,ALPACA,422189,63.0,36.636612,127.322685,12,세종특별시
2026-06-22T11:40:16+09:00,ALPACA,422574,72.0,36.63713,127.325294,12,세종특별시
2026-06-22T11:40:16+09:00,ALPACA,422259,90.0,36.63718,127.32534,12,세종특별시
2026-06-22T11:40:16+09:00,ALPACA,422102,100.0,36.637207,127.3253,12,세종특별시
2026-06-22T11:40:16+09:00,ALPACA,422101,88.0,36.63721,127.329155,12,세종특별시
2026-06-22T11:40:16+09:00,ALPACA,418277,70.0,36.637234,127.328835,12,세종특별시
2026-06-22T11:40:16+09:00,ALPACA,422381,75.0,36.63725,127.328835,12,세종특별시
2026-06-22T11:40:16+09:00,ALPACA,422213,44.0,36.637257,127.32913,12,세종특별시
2026-06-22T11:40:16+09:00,ALPACA,421950,66.0,36.637943,127.328064,12,세종특별시
2026-06-22T11:40:16+09:00,ALPACA,422352,58.0,36.638725,127.31696,12,세종특별시
2026-06-22T11:40:16+09:00,ALPACA,422355,73.0,36.638966,127.334236,12,세종특별시
2026-06-22T11:40:16+09:00,ALPACA,422692,89.0,36.63899,127.33424,12,세종특별시
2026-06-22T11:40:16+09:00,ALPACA,422172,98.0,36.639,127.33427,12,세종특별시
2026-06-22T11:40:16+09:00,ALPACA,416786,100.0,36.639015,127.33428,12,세종특별시
2026-06-22T11:40:16+09:00,ALPACA,422573,100.0,36.639023,127.33424,12,세종특별시
2026-06-22T11:40:16+09:00,ALPACA,422496,84.0,36.639687,127.346886,12,세종특별시
2026-06-22T11:40:16+09:00,ALPACA,422388,73.0,36.641624,127.33624,12,세종특별시
2026-06-22T11:40:16+09:00,ALPACA,422326,82.0,36.642715,127.34169,12,세종특별시
2026-06-22T11:40:16+09:00,ALPACA,419832,96.0,36.643394,127.341896,12,세종특별시
2026-06-22T11:40:16+09:00,ALPACA,422362,84.0,36.643646,127.336334,12,세종특별시
2026-06-22T11:40:16+09:00,ALPACA,422455,93.0,36.644646,127.332825,12,세종특별시
2026-06-22T11:40:16+09:00,GBIKE,346764,100.0,36.440763,127.224465,12,세종특별시
2026-06-22T11:40:16+09:00,GBIKE,634021,39.0,36.441036,127.367041,12,세종특별시
2026-06-22T11:40:16+09:00,GBIKE,635594,48.0,36.44212,127.209778,12,세종특별시
2026-06-22T11:40:16+09:00,GBIKE,131111,80.0,36.445678,127.210725,12,세종특별시
2026-06-22T11:40:16+09:00,GBIKE,353074,100.0,36.447178,127.36564,12,세종특별시
2026-06-22T11:40:16+09:00,GBIKE,374180,30.0,36.447548,127.228638,12,세종특별시
2026-06-22T11:40:16+09:00,GBIKE,372222,85.0,36.451356,127.363478,12,세종특별시
2026-06-22T11:40:16+09:00,GBIKE,373279,72.0,36.451385,127.363731,12,세종특별시
2026-06-22T11:40:16+09:00,GBIKE,621255,59.0,36.451472,127.362621,12,세종특별시
2026-06-22T11:40:16+09:00,GBIKE,302403,83.0,36.451492,127.363731,12,세종특별시
2026-06-22T11:40:16+09:00,GBIKE,308243,63.0,36.451894,127.364033,12,세종특별시
2026-06-22T11:40:16+09:00,GBIKE,365258,35.0,36.451955,127.36238,12,세종특별시
2026-06-22T11:40:16+09:00,GBIKE,345118,64.0,36.452218,127.363803,12,세종특별시
2026-06-22T11:40:16+09:00,GBIKE,304945,62.0,36.452306,127.360147,12,세종특별시
2026-06-22T11:40:16+09:00,GBIKE,377379,30.0,36.453726,127.365486,12,세종특별시
2026-06-22T11:40:16+09:00,GBIKE,604668,34.0,36.453955,127.363456,12,세종특별시
2026-06-22T11:40:16+09:00,GBIKE,624269,42.0,36.454222,127.366902,12,세종특별시
2026-06-22T11:40:16+09:00,GBIKE,302018,56.0,36.454319,127.363726,12,세종특별시
2026-06-22T11:40:16+09:00,GBIKE,386937,36.0,36.45439,127.364053,12,세종특별시
2026-06-22T11:40:16+09:00,GBIKE,395865,55.0,36.45444,127.363745,12,세종특별시
2026-06-22T11:40:16+09:00,GBIKE,355462,40.0,36.454598,127.36641,12,세종특별시
2026-06-22T11:40:16+09:00,GBIKE,338805,65.0,36.454861,127.363988,12,세종특별시
2026-06-22T11:40:16+09:00,GBIKE,306339,73.0,36.454917,127.364158,12,세종특별시
2026-06-22T11:40:16+09:00,GBIKE,378795,77.0,36.455416,127.364158,12,세종특별시
2026-06-22T11:40:16+09:00,GBIKE,395213,64.0,36.456796,127.36045,12,세종특별시
2026-06-22T11:40:16+09:00,GBIKE,300588,74.0,36.463659,127.359857,12,세종특별시
2026-06-22T11:40:16+09:00,GBIKE,501246,30.0,36.464406,127.28255,12,세종특별시
2026-06-22T11:40:16+09:00,GBIKE,631883,68.0,36.467741,127.264109,12,세종특별시
2026-06-22T11:40:16+09:00,GBIKE,131468,39.0,36.468213,127.269584,12,세종특별시
2026-06-22T11:40:16+09:00,GBIKE,395909,30.0,36.468641,127.271155,12,세종특별시
2026-06-22T11:40:16+09:00,GBIKE,130931,46.0,36.468837,127.273827,12,세종특별시
2026-06-22T11:40:16+09:00,GBIKE,131940,38.0,36.468868,127.275155,12,세종특별시
2026-06-22T11:40:16+09:00,GBIKE,130717,32.0,36.46894,127.271225,12,세종특별시
2026-06-22T11:40:16+09:00,GBIKE,131762,75.0,36.468948,127.272812,12,세종특별시
2026-06-22T11:40:16+09:00,GBIKE,131738,96.0,36.468972,127.274321,12,세종특별시
2026-06-22T11:40:16+09:00,GBIKE,501495,30.0,36.469028,127.273093,12,세종특별시
2026-06-22T11:40:16+09:00,GBIKE,131225,89.0,36.469053,127.274532,12,세종특별시
2026-06-22T11:40:16+09:00,GBIKE,130777,40.0,36.469109,127.273677,12,세종특별시
2026-06-22T11:40:16+09:00,GBIKE,131454,37.0,36.469116,127.273676,12,세종특별시
2026-06-22T11:40:16+09:00,GBIKE,131944,42.0,36.469251,127.275072,12,세종특별시
2026-06-22T11:40:16+09:00,GBIKE,130696,70.0,36.469257,127.275099,12,세종특별시
2026-06-22T11:40:16+09:00,GBIKE,131547,60.0,36.470037,127.287623,12,세종특별시
2026-06-22T11:40:16+09:00,GBIKE,501374,98.0,36.470204,127.277575,12,세종특별시
2026-06-22T11:40:16+09:00,GBIKE,130956,38.0,36.470243,127.251444,12,세종특별시
2026-06-22T11:40:16+09:00,GBIKE,131459,87.0,36.47063,127.275369,12,세종특별시
2026-06-22T11:40:16+09:00,GBIKE,130428,61.0,36.470873,127.272807,12,세종특별시
2026-06-22T11:40:16+09:00,GBIKE,131744,38.0,36.470896,127.252006,12,세종특별시
2026-06-22T11:40:16+09:00,GBIKE,130163,30.0,36.470981,127.273264,12,세종특별시
2026-06-22T11:40:16+09:00,GBIKE,131357,67.0,36.470981,127.273247,12,세종특별시
2026-06-22T11:40:16+09:00,GBIKE,501348,51.0,36.471119,127.27507,12,세종특별시
2026-06-22T11:40:16+09:00,GBIKE,131742,83.0,36.471149,127.280696,12,세종특별시
2026-06-22T11:40:16+09:00,GBIKE,131007,33.0,36.471211,127.280675,12,세종특별시
2026-06-22T11:40:16+09:00,GBIKE,131005,62.0,36.471391,127.274288,12,세종특별시
2026-06-22T11:40:16+09:00,GBIKE,131683,61.0,36.471784,127.275986,12,세종특별시
2026-06-22T11:40:16+09:00,GBIKE,130045,81.0,36.471854,127.275627,12,세종특별시
2026-06-22T11:40:16+09:00,GBIKE,501593,100.0,36.471901,127.275631,12,세종특별시
2026-06-22T11:40:16+09:00,GBIKE,130531,33.0,36.471908,127.275595,12,세종특별시
2026-06-22T11:40:16+09:00,GBIKE,131736,92.0,36.471918,127.253157,12,세종특별시
2026-06-22T11:40:16+09:00,GBIKE,130634,95.0,36.47192,127.275707,12,세종특별시
2026-06-22T11:40:16+09:00,GBIKE,130072,38.0,36.471923,127.27557,12,세종특별시
2026-06-22T11:40:16+09:00,GBIKE,131351,31.0,36.472162,127.252535,12,세종특별시
2026-06-22T11:40:16+09:00,GBIKE,131615,100.0,36.47218,127.274115,12,세종특별시
2026-06-22T11:40:16+09:00,GBIKE,501276,46.0,36.472364,127.285205,12,세종특별시
2026-06-22T11:40:16+09:00,GBIKE,130524,58.0,36.472417,127.277125,12,세종특별시
2026-06-22T11:40:16+09:00,GBIKE,131335,50.0,36.472435,127.278053,12,세종특별시
2026-06-22T11:40:16+09:00,GBIKE,131745,41.0,36.472442,127.277119,12,세종특별시
2026-06-22T11:40:16+09:00,GBIKE,130968,77.0,36.472449,127.278253,12,세종특별시
2026-06-22T11:40:16+09:00,GBIKE,501597,68.0,36.472466,127.277089,12,세종특별시
2026-06-22T11:40:16+09:00,GBIKE,131481,100.0,36.472575,127.277258,12,세종특별시
2026-06-22T11:40:16+09:00,GBIKE,130755,94.0,36.472835,127.253526,12,세종특별시
2026-06-22T11:40:16+09:00,GBIKE,130688,30.0,36.472962,127.254976,12,세종특별시
2026-06-22T11:40:16+09:00,GBIKE,501161,35.0,36.472992,127.253381,12,세종특별시
2026-06-22T11:40:16+09:00,GBIKE,130780,68.0,36.472995,127.253459,12,세종특별시
2026-06-22T11:40:16+09:00,GBIKE,130512,55.0,36.472999,127.250749,12,세종특별시
2026-06-22T11:40:16+09:00,GBIKE,130189,77.0,36.473011,127.25365,12,세종특별시
2026-06-22T11:40:16+09:00,GBIKE,501425,42.0,36.473035,127.277349,12,세종특별시
2026-06-22T11:40:16+09:00,GBIKE,501362,60.0,36.473051,127.283858,12,세종특별시
2026-06-22T11:40:16+09:00,GBIKE,131754,75.0,36.473079,127.283866,12,세종특별시
2026-06-22T11:40:16+09:00,GBIKE,130434,30.0,36.47311,127.277056,12,세종특별시
2026-06-22T11:40:16+09:00,GBIKE,131139,35.0,36.473196,127.250541,12,세종특별시
2026-06-22T11:40:16+09:00,GBIKE,501430,69.0,36.473441,127.283276,12,세종특별시
2026-06-22T11:40:16+09:00,GBIKE,131985,82.0,36.47346,127.27799,12,세종특별시
2026-06-22T11:40:16+09:00,GBIKE,130554,96.0,36.473572,127.256235,12,세종특별시
2026-06-22T11:40:16+09:00,GBIKE,130517,46.0,36.473959,127.278675,12,세종특별시
2026-06-22T11:40:16+09:00,GBIKE,501473,86.0,36.474121,127.251916,12,세종특별시
2026-06-22T11:40:16+09:00,GBIKE,501148,84.0,36.474175,127.2756,12,세종특별시
2026-06-22T11:40:16+09:00,GBIKE,131660,95.0,36.474251,127.274558,12,세종특별시
2026-06-22T11:40:16+09:00,GBIKE,131396,94.0,36.474281,127.257133,12,세종특별시
2026-06-22T11:40:16+09:00,GBIKE,130026,48.0,36.474375,127.290382,12,세종특별시
2026-06-22T11:40:16+09:00,GBIKE,131997,43.0,36.474376,127.253642,12,세종특별시
2026-06-22T11:40:16+09:00,GBIKE,130237,35.0,36.474447,127.255326,12,세종특별시
2026-06-22T11:40:16+09:00,GBIKE,131667,35.0,36.474522,127.255337,12,세종특별시
2026-06-22T11:40:16+09:00,GBIKE,130776,86.0,36.474658,127.284897,12,세종특별시
2026-06-22T11:40:16+09:00,GBIKE,130793,55.0,36.474662,127.275775,12,세종특별시
2026-06-22T11:40:16+09:00,GBIKE,131271,85.0,36.474673,127.275812,12,세종특별시
2026-06-22T11:40:16+09:00,GBIKE,131217,95.0,36.47469,127.275773,12,세종특별시
2026-06-22T11:40:16+09:00,GBIKE,501414,79.0,36.474691,127.27578,12,세종특별시
2026-06-22T11:40:16+09:00,GBIKE,131385,96.0,36.474693,127.27579,12,세종특별시
2026-06-22T11:40:16+09:00,GBIKE,130450,78.0,36.474708,127.275737,12,세종특별시
2026-06-22T11:40:16+09:00,GBIKE,131059,94.0,36.47471,127.27579,12,세종특별시
2026-06-22T11:40:16+09:00,GBIKE,130098,89.0,36.474718,127.275714,12,세종특별시
2026-06-22T11:40:16+09:00,GBIKE,131743,31.0,36.47472,127.254974,12,세종특별시
2026-06-22T11:40:16+09:00,GBIKE,130039,49.0,36.474728,127.275763,12,세종특별시
2026-06-22T11:40:16+09:00,GBIKE,131038,98.0,36.474731,127.275742,12,세종특별시
2026-06-22T11:40:16+09:00,GBIKE,130836,75.0,36.474732,127.275738,12,세종특별시
2026-06-22T11:40:16+09:00,GBIKE,130495,79.0,36.474753,127.275701,12,세종특별시
2026-06-22T11:40:16+09:00,GBIKE,131551,56.0,36.474765,127.275695,12,세종특별시
2026-06-22T11:40:16+09:00,GBIKE,131082,32.0,36.474802,127.253965,12,세종특별시
2026-06-22T11:40:16+09:00,GBIKE,130860,61.0,36.474833,127.290942,12,세종특별시
2026-06-22T11:40:16+09:00,GBIKE,131003,53.0,36.474926,127.253618,12,세종특별시
2026-06-22T11:40:16+09:00,GBIKE,131104,56.0,36.474948,127.2847,12,세종특별시
2026-06-22T11:40:16+09:00,GBIKE,131507,92.0,36.474995,127.284563,12,세종특별시
2026-06-22T11:40:16+09:00,GBIKE,131097,33.0,36.475108,127.254634,12,세종특별시
2026-06-22T11:40:16+09:00,GBIKE,130983,41.0,36.475108,127.252749,12,세종특별시
2026-06-22T11:40:16+09:00,GBIKE,130936,83.0,36.475151,127.284509,12,세종특별시
2026-06-22T11:40:16+09:00,GBIKE,130104,91.0,36.475244,127.276484,12,세종특별시
2026-06-22T11:40:16+09:00,GBIKE,131286,69.0,36.475262,127.252711,12,세종특별시
2026-06-22T11:40:16+09:00,GBIKE,131206,88.0,36.475279,127.25273,12,세종특별시
2026-06-22T11:40:16+09:00,GBIKE,130324,86.0,36.47528,127.281536,12,세종특별시
2026-06-22T11:40:16+09:00,GBIKE,130548,44.0,36.47528,127.252681,12,세종특별시
2026-06-22T11:40:16+09:00,GBIKE,130549,30.0,36.475372,127.248042,12,세종특별시
2026-06-22T11:40:16+09:00,GBIKE,130806,91.0,36.475373,127.252637,12,세종특별시
2026-06-22T11:40:16+09:00,GBIKE,131276,49.0,36.475392,127.276876,12,세종특별시
2026-06-22T11:40:16+09:00,GBIKE,131681,84.0,36.47543,127.281758,12,세종특별시
2026-06-22T11:40:16+09:00,GBIKE,131717,60.0,36.47546,127.252325,12,세종특별시
2026-06-22T11:40:16+09:00,GBIKE,131791,86.0,36.475554,127.277318,12,세종특별시
2026-06-22T11:40:16+09:00,GBIKE,501140,75.0,36.475558,127.276901,12,세종특별시
2026-06-22T11:40:16+09:00,GBIKE,130998,96.0,36.475567,127.276868,12,세종특별시
2026-06-22T11:40:16+09:00,GBIKE,130018,34.0,36.475579,127.252042,12,세종특별시
2026-06-22T11:40:16+09:00,GBIKE,131393,54.0,36.475585,127.25209,12,세종특별시
2026-06-22T11:40:16+09:00,GBIKE,130220,31.0,36.475596,127.252074,12,세종특별시
2026-06-22T11:40:16+09:00,GBIKE,131327,39.0,36.475604,127.252085,12,세종특별시
2026-06-22T11:40:16+09:00,GBIKE,501469,57.0,36.475611,127.276942,12,세종특별시
2026-06-22T11:40:16+09:00,GBIKE,130761,48.0,36.475644,127.252987,12,세종특별시
2026-06-22T11:40:16+09:00,GBIKE,130038,46.0,36.475652,127.284328,12,세종특별시
2026-06-22T11:40:16+09:00,GBIKE,131566,34.0,36.475682,127.253021,12,세종특별시
2026-06-22T11:40:16+09:00,GBIKE,131818,94.0,36.475716,127.277625,12,세종특별시
2026-06-22T11:40:16+09:00,GBIKE,130811,86.0,36.475721,127.253779,12,세종특별시
2026-06-22T11:40:16+09:00,GBIKE,131208,32.0,36.475775,127.276282,12,세종특별시
2026-06-22T11:40:16+09:00,GBIKE,131665,94.0,36.475824,127.277834,12,세종특별시
2026-06-22T11:40:16+09:00,GBIKE,131583,95.0,36.475928,127.277708,12,세종특별시
2026-06-22T11:40:16+09:00,GBIKE,130094,78.0,36.476023,127.278358,12,세종특별시
2026-06-22T11:40:16+09:00,GBIKE,130153,71.0,36.476153,127.283244,12,세종특별시
2026-06-22T11:40:16+09:00,GBIKE,130120,46.0,36.476205,127.283666,12,세종특별시
2026-06-22T11:40:16+09:00,GBIKE,131438,30.0,36.476259,127.251724,12,세종특별시
2026-06-22T11:40:16+09:00,GBIKE,501409,39.0,36.476273,127.253899,12,세종특별시
2026-06-22T11:40:16+09:00,GBIKE,131643,50.0,36.476273,127.27753,12,세종특별시
2026-06-22T11:40:16+09:00,GBIKE,130116,67.0,36.476275,127.252698,12,세종특별시
2026-06-22T11:40:16+09:00,GBIKE,131563,33.0,36.476279,127.277549,12,세종특별시
2026-06-22T11:40:16+09:00,GBIKE,130766,87.0,36.476285,127.277543,12,세종특별시
2026-06-22T11:40:16+09:00,GBIKE,501511,53.0,36.476364,127.253864,12,세종특별시
2026-06-22T11:40:16+09:00,GBIKE,131801,34.0,36.476374,127.25408,12,세종특별시
2026-06-22T11:40:16+09:00,GBIKE,131431,83.0,36.476398,127.253963,12,세종특별시
2026-06-22T11:40:16+09:00,GBIKE,130808,63.0,36.476437,127.253958,12,세종특별시
2026-06-22T11:40:16+09:00,GBIKE,501103,44.0,36.476441,127.252188,12,세종특별시
2026-06-22T11:40:16+09:00,GBIKE,131040,30.0,36.47645,127.253928,12,세종특별시
2026-06-22T11:40:16+09:00,GBIKE,501191,43.0,36.476464,127.253757,12,세종특별시
2026-06-22T11:40:16+09:00,GBIKE,131488,80.0,36.476518,127.252049,12,세종특별시
2026-06-22T11:40:16+09:00,GBIKE,131222,63.0,36.476531,127.253936,12,세종특별시
2026-06-22T11:40:16+09:00,GBIKE,130236,41.0,36.476534,127.283263,12,세종특별시
2026-06-22T11:40:16+09:00,GBIKE,130362,59.0,36.476544,127.247697,12,세종특별시
2026-06-22T11:40:16+09:00,GBIKE,130333,43.0,36.476554,127.251396,12,세종특별시
2026-06-22T11:40:16+09:00,GBIKE,130298,54.0,36.476585,127.253978,12,세종특별시
2026-06-22T11:40:16+09:00,GBIKE,501484,95.0,36.476592,127.288388,12,세종특별시
2026-06-22T11:40:16+09:00,GBIKE,131252,31.0,36.476653,127.248017,12,세종특별시
2026-06-22T11:40:16+09:00,GBIKE,131362,36.0,36.476669,127.296635,12,세종특별시
2026-06-22T11:40:16+09:00,GBIKE,501151,40.0,36.476709,127.295502,12,세종특별시
2026-06-22T11:40:16+09:00,GBIKE,130170,84.0,36.476717,127.250884,12,세종특별시
2026-06-22T11:40:16+09:00,GBIKE,131998,63.0,36.476776,127.250857,12,세종특별시
2026-06-22T11:40:16+09:00,GBIKE,130339,44.0,36.476792,127.283797,12,세종특별시
2026-06-22T11:40:16+09:00,GBIKE,130425,62.0,36.476796,127.283487,12,세종특별시
2026-06-22T11:40:16+09:00,GBIKE,130562,62.0,36.476798,127.25867,12,세종특별시
2026-06-22T11:40:16+09:00,GBIKE,131990,30.0,36.476813,127.283505,12,세종특별시
2026-06-22T11:40:16+09:00,GBIKE,131164,70.0,36.476834,127.289793,12,세종특별시
2026-06-22T11:40:16+09:00,GBIKE,131266,30.0,36.476846,127.250781,12,세종특별시
2026-06-22T11:40:16+09:00,GBIKE,131845,98.0,36.476854,127.250763,12,세종특별시
2026-06-22T11:40:16+09:00,GBIKE,130691,36.0,36.476955,127.296581,12,세종특별시
2026-06-22T11:40:16+09:00,GBIKE,131939,32.0,36.477041,127.247971,12,세종특별시
2026-06-22T11:40:16+09:00,GBIKE,130055,34.0,36.47707,127.248258,12,세종특별시
2026-06-22T11:40:16+09:00,GBIKE,131752,30.0,36.477137,127.254123,12,세종특별시
2026-06-22T11:40:16+09:00,GBIKE,131033,86.0,36.47715,127.254155,12,세종특별시
2026-06-22T11:40:16+09:00,GBIKE,130666,33.0,36.477176,127.259272,12,세종특별시
2026-06-22T11:40:16+09:00,GBIKE,131202,33.0,36.477235,127.259215,12,세종특별시
2026-06-22T11:40:16+09:00,GBIKE,501113,83.0,36.477286,127.28326,12,세종특별시
2026-06-22T11:40:16+09:00,GBIKE,131305,30.0,36.477296,127.254081,12,세종특별시
2026-06-22T11:40:16+09:00,GBIKE,131402,50.0,36.4773,127.297385,12,세종특별시
2026-06-22T11:40:16+09:00,GBIKE,130557,44.0,36.477301,127.297372,12,세종특별시
2026-06-22T11:40:16+09:00,GBIKE,130568,59.0,36.477336,127.297415,12,세종특별시
2026-06-22T11:40:16+09:00,GBIKE,501387,30.0,36.477338,127.250906,12,세종특별시
2026-06-22T11:40:16+09:00,GBIKE,131558,73.0,36.477341,127.297393,12,세종특별시
2026-06-22T11:40:16+09:00,GBIKE,130556,33.0,36.47741,127.250577,12,세종특별시
2026-06-22T11:40:16+09:00,GBIKE,130226,73.0,36.477435,127.250483,12,세종특별시
2026-06-22T11:40:16+09:00,GBIKE,131672,50.0,36.47748,127.283173,12,세종특별시
2026-06-22T11:40:16+09:00,GBIKE,130842,93.0,36.47749,127.283185,12,세종특별시
2026-06-22T11:40:16+09:00,GBIKE,501468,58.0,36.47754,127.285956,12,세종특별시
2026-06-22T11:40:16+09:00,GBIKE,130376,35.0,36.47756,127.24987,12,세종특별시
2026-06-22T11:40:16+09:00,GBIKE,130917,39.0,36.477581,127.249857,12,세종특별시
2026-06-22T11:40:16+09:00,GBIKE,131602,100.0,36.477589,127.298115,12,세종특별시
2026-06-22T11:40:16+09:00,GBIKE,131552,74.0,36.477631,127.298299,12,세종특별시
2026-06-22T11:40:16+09:00,GBIKE,130926,79.0,36.477675,127.298746,12,세종특별시
2026-06-22T11:40:16+09:00,GBIKE,130626,52.0,36.47768,127.249674,12,세종특별시
2026-06-22T11:40:16+09:00,GBIKE,131983,31.0,36.477696,127.255675,12,세종특별시
2026-06-22T11:40:16+09:00,GBIKE,501350,72.0,36.4777,127.25368,12,세종특별시
2026-06-22T11:40:16+09:00,GBIKE,130657,90.0,36.477707,127.253744,12,세종특별시
2026-06-22T11:40:16+09:00,GBIKE,130764,97.0,36.477724,127.250121,12,세종특별시
2026-06-22T11:40:16+09:00,GBIKE,130352,55.0,36.477749,127.292137,12,세종특별시
2026-06-22T11:40:16+09:00,GBIKE,130296,59.0,36.477796,127.282619,12,세종특별시
2026-06-22T11:40:16+09:00,GBIKE,501324,61.0,36.477797,127.253657,12,세종특별시
2026-06-22T11:40:16+09:00,GBIKE,131966,96.0,36.477829,127.248818,12,세종특별시
2026-06-22T11:40:16+09:00,GBIKE,131435,60.0,36.477834,127.283222,12,세종특별시
2026-06-22T11:40:16+09:00,GBIKE,501397,67.0,36.477918,127.283121,12,세종특별시
2026-06-22T11:40:16+09:00,GBIKE,131462,50.0,36.477938,127.295185,12,세종특별시
2026-06-22T11:40:16+09:00,GBIKE,130173,66.0,36.477987,127.299343,12,세종특별시
2026-06-22T11:40:16+09:00,GBIKE,501600,100.0,36.478006,127.299311,12,세종특별시
2026-06-22T11:40:16+09:00,GBIKE,501547,48.0,36.47804,127.283194,12,세종특별시
2026-06-22T11:40:16+09:00,GBIKE,131228,67.0,36.47806,127.283272,12,세종특별시
2026-06-22T11:40:16+09:00,GBIKE,131471,77.0,36.478104,127.302535,12,세종특별시
2026-06-22T11:40:16+09:00,GBIKE,501206,54.0,36.478132,127.288174,12,세종특별시
2026-06-22T11:40:16+09:00,GBIKE,131415,44.0,36.478189,127.287436,12,세종특별시
2026-06-22T11:40:16+09:00,GBIKE,130952,35.0,36.478223,127.299958,12,세종특별시
2026-06-22T11:40:16+09:00,GBIKE,130171,95.0,36.478226,127.299921,12,세종특별시
2026-06-22T11:40:16+09:00,GBIKE,131317,50.0,36.478235,127.299917,12,세종특별시
2026-06-22T11:40:16+09:00,GBIKE,130775,88.0,36.478254,127.300075,12,세종특별시
2026-06-22T11:40:16+09:00,GBIKE,131559,30.0,36.478278,127.258219,12,세종특별시
2026-06-22T11:40:16+09:00,GBIKE,130405,98.0,36.4783,127.287441,12,세종특별시
2026-06-22T11:40:16+09:00,GBIKE,131986,36.0,36.47832,127.287711,12,세종특별시
2026-06-22T11:40:16+09:00,GBIKE,501380,95.0,36.478326,127.288717,12,세종특별시
2026-06-22T11:40:16+09:00,GBIKE,130518,52.0,36.478327,127.28772,12,세종특별시
2026-06-22T11:40:16+09:00,GBIKE,130589,36.0,36.478343,127.288703,12,세종특별시
2026-06-22T11:40:16+09:00,GBIKE,501289,46.0,36.478351,127.255662,12,세종특별시
2026-06-22T11:40:16+09:00,GBIKE,130670,95.0,36.478355,127.287494,12,세종특별시
2026-06-22T11:40:16+09:00,GBIKE,501180,92.0,36.478375,127.283219,12,세종특별시
2026-06-22T11:40:16+09:00,GBIKE,130686,58.0,36.478384,127.300528,12,세종특별시
2026-06-22T11:40:16+09:00,GBIKE,501491,76.0,36.478405,127.288615,12,세종특별시
2026-06-22T11:40:16+09:00,GBIKE,501298,81.0,36.478448,127.28864,12,세종특별시
2026-06-22T11:40:16+09:00,GBIKE,131662,64.0,36.478478,127.255776,12,세종특별시
2026-06-22T11:40:16+09:00,GBIKE,131168,42.0,36.478524,127.301165,12,세종특별시
2026-06-22T11:40:16+09:00,GBIKE,131810,30.0,36.478558,127.252308,12,세종특별시
2026-06-22T11:40:16+09:00,GBIKE,501321,84.0,36.478628,127.289262,12,세종특별시
2026-06-22T11:40:16+09:00,GBIKE,131161,83.0,36.478688,127.255635,12,세종특별시
2026-06-22T11:40:16+09:00,GBIKE,131879,38.0,36.478695,127.255443,12,세종특별시
2026-06-22T11:40:16+09:00,GBIKE,131740,100.0,36.478723,127.255559,12,세종특별시
2026-06-22T11:40:16+09:00,GBIKE,131245,98.0,36.478744,127.288686,12,세종특별시
2026-06-22T11:40:16+09:00,GBIKE,130374,30.0,36.478782,127.250988,12,세종특별시
2026-06-22T11:40:16+09:00,GBIKE,130743,30.0,36.478849,127.251033,12,세종특별시
2026-06-22T11:40:16+09:00,GBIKE,501378,56.0,36.478862,127.255296,12,세종특별시
2026-06-22T11:40:16+09:00,GBIKE,130272,34.0,36.478868,127.301188,12,세종특별시
2026-06-22T11:40:16+09:00,GBIKE,501251,73.0,36.478868,127.287381,12,세종특별시
2026-06-22T11:40:16+09:00,GBIKE,501339,60.0,36.478888,127.290172,12,세종특별시
2026-06-22T11:40:16+09:00,GBIKE,501482,98.0,36.478926,127.290216,12,세종특별시
2026-06-22T11:40:16+09:00,GBIKE,501319,67.0,36.478938,127.284553,12,세종특별시
2026-06-22T11:40:16+09:00,GBIKE,131961,36.0,36.478985,127.262197,12,세종특별시
2026-06-22T11:40:16+09:00,GBIKE,501145,70.0,36.478997,127.290175,12,세종특별시
2026-06-22T11:40:16+09:00,GBIKE,131962,74.0,36.47902,127.290126,12,세종특별시
2026-06-22T11:40:16+09:00,GBIKE,131025,92.0,36.479052,127.290173,12,세종특별시
2026-06-22T11:40:16+09:00,GBIKE,131118,53.0,36.479059,127.290194,12,세종특별시
2026-06-22T11:40:16+09:00,GBIKE,130841,78.0,36.479059,127.261884,12,세종특별시
2026-06-22T11:40:16+09:00,GBIKE,130746,68.0,36.479067,127.290203,12,세종특별시
2026-06-22T11:40:16+09:00,GBIKE,131915,88.0,36.479075,127.262174,12,세종특별시
2026-06-22T11:40:16+09:00,GBIKE,131414,46.0,36.47908,127.290187,12,세종특별시
2026-06-22T11:40:16+09:00,GBIKE,131089,71.0,36.479198,127.252713,12,세종특별시
2026-06-22T11:40:16+09:00,GBIKE,130924,79.0,36.479245,127.285506,12,세종특별시
2026-06-22T11:40:16+09:00,GBIKE,131303,95.0,36.479279,127.251632,12,세종특별시
2026-06-22T11:40:16+09:00,GBIKE,501154,33.0,36.479291,127.249727,12,세종특별시
2026-06-22T11:40:16+09:00,GBIKE,501513,100.0,36.479295,127.285387,12,세종특별시
2026-06-22T11:40:16+09:00,GBIKE,130310,68.0,36.479308,127.285454,12,세종특별시
2026-06-22T11:40:16+09:00,GBIKE,131503,85.0,36.479311,127.285388,12,세종특별시
2026-06-22T11:40:16+09:00,GBIKE,130797,31.0,36.47932,127.261828,12,세종특별시
2026-06-22T11:40:16+09:00,GBIKE,131268,59.0,36.479325,127.261975,12,세종특별시
2026-06-22T11:40:16+09:00,GBIKE,131209,100.0,36.479333,127.252578,12,세종특별시
2026-06-22T11:40:16+09:00,GBIKE,130459,61.0,36.47934,127.252556,12,세종특별시
2026-06-22T11:40:16+09:00,GBIKE,131835,38.0,36.479351,127.252534,12,세종특별시
2026-06-22T11:40:16+09:00,GBIKE,131531,55.0,36.479415,127.246898,12,세종특별시
2026-06-22T11:40:16+09:00,GBIKE,131705,51.0,36.479448,127.255167,12,세종특별시
2026-06-22T11:40:16+09:00,GBIKE,130614,34.0,36.479505,127.254871,12,세종특별시
2026-06-22T11:40:16+09:00,GBIKE,131448,79.0,36.47953,127.261842,12,세종특별시
2026-06-22T11:40:16+09:00,GBIKE,501413,100.0,36.479532,127.26079,12,세종특별시
2026-06-22T11:40:16+09:00,GBIKE,131889,31.0,36.479553,127.262665,12,세종특별시
2026-06-22T11:40:16+09:00,GBIKE,131173,91.0,36.479555,127.286054,12,세종특별시
2026-06-22T11:40:16+09:00,GBIKE,131641,42.0,36.479581,127.262671,12,세종특별시
2026-06-22T11:40:16+09:00,GBIKE,130383,73.0,36.479602,127.247599,12,세종특별시
2026-06-22T11:40:16+09:00,GBIKE,501135,80.0,36.479608,127.286586,12,세종특별시
2026-06-22T11:40:16+09:00,GBIKE,501172,30.0,36.479628,127.264191,12,세종특별시
2026-06-22T11:40:16+09:00,GBIKE,131593,90.0,36.479641,127.285647,12,세종특별시
2026-06-22T11:40:16+09:00,GBIKE,130250,30.0,36.47969,127.257889,12,세종특별시
2026-06-22T11:40:16+09:00,GBIKE,501307,30.0,36.479695,127.264542,12,세종특별시
2026-06-22T11:40:16+09:00,GBIKE,131322,58.0,36.479715,127.247818,12,세종특별시
2026-06-22T11:40:16+09:00,GBIKE,131937,85.0,36.479735,127.286484,12,세종특별시
2026-06-22T11:40:16+09:00,GBIKE,501392,81.0,36.479741,127.247841,12,세종특별시
2026-06-22T11:40:16+09:00,GBIKE,130861,30.0,36.479753,127.261398,12,세종특별시
2026-06-22T11:40:16+09:00,GBIKE,501517,66.0,36.479759,127.264674,12,세종특별시
2026-06-22T11:40:16+09:00,GBIKE,131330,77.0,36.479849,127.28663,12,세종특별시
2026-06-22T11:40:16+09:00,GBIKE,131863,87.0,36.479858,127.286659,12,세종특별시
2026-06-22T11:40:16+09:00,GBIKE,130291,76.0,36.479923,127.252384,12,세종특별시
2026-06-22T11:40:16+09:00,GBIKE,130411,30.0,36.479944,127.252456,12,세종특별시
2026-06-22T11:40:16+09:00,GBIKE,131298,69.0,36.479961,127.252372,12,세종특별시
2026-06-22T11:40:16+09:00,GBIKE,131747,76.0,36.479964,127.294883,12,세종특별시
2026-06-22T11:40:16+09:00,GBIKE,130308,83.0,36.480033,127.286597,12,세종특별시
2026-06-22T11:40:16+09:00,GBIKE,130052,85.0,36.480036,127.286688,12,세종특별시
2026-06-22T11:40:16+09:00,GBIKE,501486,30.0,36.480041,127.252691,12,세종특별시
2026-06-22T11:40:16+09:00,GBIKE,130541,86.0,36.480054,127.286616,12,세종특별시
2026-06-22T11:40:16+09:00,GBIKE,501216,90.0,36.480061,127.25956,12,세종특별시
2026-06-22T11:40:16+09:00,GBIKE,130637,54.0,36.480063,127.286706,12,세종특별시
2026-06-22T11:40:16+09:00,GBIKE,131712,56.0,36.480072,127.286652,12,세종특별시
2026-06-22T11:40:16+09:00,GBIKE,130437,84.0,36.480077,127.304056,12,세종특별시
2026-06-22T11:40:16+09:00,GBIKE,130853,84.0,36.480079,127.286668,12,세종특별시
2026-06-22T11:40:16+09:00,GBIKE,131257,97.0,36.480088,127.252622,12,세종특별시
2026-06-22T11:40:16+09:00,GBIKE,130661,95.0,36.480101,127.286728,12,세종특별시
2026-06-22T11:40:16+09:00,GBIKE,130619,95.0,36.480103,127.286764,12,세종특별시
2026-06-22T11:40:16+09:00,GBIKE,131805,65.0,36.480123,127.286779,12,세종특별시
2026-06-22T11:40:16+09:00,GBIKE,131530,83.0,36.480124,127.261317,12,세종특별시
2026-06-22T11:40:16+09:00,GBIKE,130749,48.0,36.480127,127.254218,12,세종특별시
2026-06-22T11:40:16+09:00,GBIKE,131496,85.0,36.480132,127.248303,12,세종특별시
2026-06-22T11:40:16+09:00,GBIKE,501285,39.0,36.48014,127.264321,12,세종특별시
2026-06-22T11:40:16+09:00,GBIKE,131149,57.0,36.480151,127.252501,12,세종특별시
2026-06-22T11:40:16+09:00,GBIKE,130708,77.0,36.48016,127.248368,12,세종특별시
2026-06-22T11:40:16+09:00,GBIKE,131853,47.0,36.480161,127.253077,12,세종특별시
2026-06-22T11:40:16+09:00,GBIKE,130674,30.0,36.480171,127.28752,12,세종특별시
2026-06-22T11:40:16+09:00,GBIKE,130488,96.0,36.480177,127.253117,12,세종특별시
2026-06-22T11:40:16+09:00,GBIKE,130077,53.0,36.480219,127.253074,12,세종특별시
2026-06-22T11:40:16+09:00,GBIKE,130190,55.0,36.480234,127.246374,12,세종특별시
2026-06-22T11:40:16+09:00,GBIKE,131463,30.0,36.480244,127.246353,12,세종특별시
2026-06-22T11:40:16+09:00,GBIKE,131561,68.0,36.480252,127.246374,12,세종특별시
2026-06-22T11:40:16+09:00,GBIKE,131001,57.0,36.480307,127.248203,12,세종특별시
2026-06-22T11:40:16+09:00,GBIKE,130414,32.0,36.480309,127.248209,12,세종특별시
2026-06-22T11:40:16+09:00,GBIKE,130990,32.0,36.480325,127.260342,12,세종특별시
2026-06-22T11:40:16+09:00,GBIKE,131854,48.0,36.48036,127.262065,12,세종특별시
2026-06-22T11:40:16+09:00,GBIKE,131707,34.0,36.480389,127.262081,12,세종특별시
2026-06-22T11:40:16+09:00,GBIKE,501131,95.0,36.480468,127.260362,12,세종특별시
2026-06-22T11:40:16+09:00,GBIKE,501516,93.0,36.480601,127.287686,12,세종특별시
2026-06-22T11:40:16+09:00,GBIKE,501458,81.0,36.480611,127.287673,12,세종특별시
2026-06-22T11:40:16+09:00,GBIKE,130876,37.0,36.480711,127.298832,12,세종특별시
2026-06-22T11:40:16+09:00,GBIKE,501252,32.0,36.480723,127.24678,12,세종특별시
2026-06-22T11:40:16+09:00,GBIKE,501108,100.0,36.480774,127.261768,12,세종특별시
2026-06-22T11:40:16+09:00,GBIKE,501133,39.0,36.480779,127.261823,12,세종특별시
2026-06-22T11:40:16+09:00,GBIKE,501323,85.0,36.480796,127.299696,12,세종특별시
2026-06-22T11:40:16+09:00,GBIKE,131774,70.0,36.480806,127.259793,12,세종특별시
2026-06-22T11:40:16+09:00,GBIKE,131746,85.0,36.480824,127.289127,12,세종특별시
2026-06-22T11:40:16+09:00,GBIKE,131148,100.0,36.480905,127.261755,12,세종특별시
2026-06-22T11:40:16+09:00,GBIKE,131098,36.0,36.480907,127.300071,12,세종특별시
2026-06-22T11:40:16+09:00,GBIKE,130344,44.0,36.480918,127.261863,12,세종특별시
2026-06-22T11:40:16+09:00,GBIKE,131629,38.0,36.480951,127.261727,12,세종특별시
2026-06-22T11:40:16+09:00,GBIKE,501498,30.0,36.480987,127.261683,12,세종특별시
2026-06-22T11:40:16+09:00,GBIKE,131172,30.0,36.481005,127.262876,12,세종특별시
2026-06-22T11:40:16+09:00,GBIKE,131519,33.0,36.481028,127.262116,12,세종특별시
2026-06-22T11:40:16+09:00,GBIKE,131880,55.0,36.481033,127.262855,12,세종특별시
2026-06-22T11:40:16+09:00,GBIKE,131842,34.0,36.481058,127.293691,12,세종특별시
2026-06-22T11:40:16+09:00,GBIKE,131233,80.0,36.481061,127.25927,12,세종특별시
2026-06-22T11:40:16+09:00,GBIKE,501407,86.0,36.481064,127.261577,12,세종특별시
2026-06-22T11:40:16+09:00,GBIKE,130824,62.0,36.481079,127.253464,12,세종특별시
2026-06-22T11:40:16+09:00,GBIKE,131125,43.0,36.481082,127.253393,12,세종특별시
2026-06-22T11:40:16+09:00,GBIKE,131795,76.0,36.481134,127.290009,12,세종특별시
2026-06-22T11:40:16+09:00,GBIKE,130277,60.0,36.481143,127.259453,12,세종특별시
2026-06-22T11:40:16+09:00,GBIKE,131386,93.0,36.481159,127.290553,12,세종특별시
2026-06-22T11:40:16+09:00,GBIKE,131515,33.0,36.481194,127.261488,12,세종특별시
2026-06-22T11:40:16+09:00,GBIKE,501166,45.0,36.481212,127.259208,12,세종특별시
2026-06-22T11:40:16+09:00,GBIKE,501139,98.0,36.481299,127.301026,12,세종특별시
2026-06-22T11:40:16+09:00,GBIKE,131811,60.0,36.481299,127.30095,12,세종특별시
2026-06-22T11:40:16+09:00,GBIKE,501361,100.0,36.481303,127.290178,12,세종특별시
2026-06-22T11:40:16+09:00,GBIKE,131432,81.0,36.481305,127.303885,12,세종특별시
2026-06-22T11:40:16+09:00,GBIKE,131337,49.0,36.481345,127.308377,12,세종특별시
2026-06-22T11:40:16+09:00,GBIKE,131384,91.0,36.481365,127.303898,12,세종특별시
2026-06-22T11:40:16+09:00,GBIKE,130451,39.0,36.481376,127.308395,12,세종특별시
2026-06-22T11:40:16+09:00,GBIKE,501207,79.0,36.481389,127.303864,12,세종특별시
2026-06-22T11:40:16+09:00,GBIKE,131277,91.0,36.481396,127.251749,12,세종특별시
2026-06-22T11:40:16+09:00,GBIKE,130925,93.0,36.481421,127.303893,12,세종특별시
2026-06-22T11:40:16+09:00,GBIKE,501445,52.0,36.481431,127.24635,12,세종특별시
2026-06-22T11:40:16+09:00,GBIKE,332827,30.0,36.481435,127.24633,12,세종특별시
2026-06-22T11:40:16+09:00,GBIKE,501129,30.0,36.481576,127.260242,12,세종특별시
2026-06-22T11:40:16+09:00,GBIKE,130351,51.0,36.481614,127.305714,12,세종특별시
2026-06-22T11:40:16+09:00,GBIKE,131167,33.0,36.481631,127.305955,12,세종특별시
2026-06-22T11:40:16+09:00,GBIKE,131934,77.0,36.481677,127.252707,12,세종특별시
2026-06-22T11:40:16+09:00,GBIKE,130122,35.0,36.481705,127.247582,12,세종특별시
2026-06-22T11:40:16+09:00,GBIKE,131644,62.0,36.481943,127.260127,12,세종특별시
2026-06-22T11:40:16+09:00,GBIKE,130514,30.0,36.481954,127.260984,12,세종특별시
2026-06-22T11:40:16+09:00,GBIKE,130063,64.0,36.481971,127.308267,12,세종특별시
2026-06-22T11:40:16+09:00,GBIKE,131035,51.0,36.481976,127.260071,12,세종특별시
2026-06-22T11:40:16+09:00,GBIKE,131117,68.0,36.48199,127.262046,12,세종특별시
2026-06-22T11:40:16+09:00,GBIKE,131185,35.0,36.482036,127.260064,12,세종특별시
2026-06-22T11:40:16+09:00,GBIKE,131924,69.0,36.482045,127.292,12,세종특별시
2026-06-22T11:40:16+09:00,GBIKE,131917,52.0,36.482124,127.297167,12,세종특별시
2026-06-22T11:40:16+09:00,GBIKE,130733,61.0,36.482149,127.309519,12,세종특별시
2026-06-22T11:40:16+09:00,GBIKE,130232,70.0,36.482173,127.307764,12,세종특별시
2026-06-22T11:40:16+09:00,GBIKE,131611,61.0,36.482198,127.307654,12,세종특별시
2026-06-22T11:40:16+09:00,GBIKE,130354,32.0,36.48223,127.249695,12,세종특별시
2026-06-22T11:40:16+09:00,GBIKE,131714,36.0,36.482262,127.255215,12,세종특별시
2026-06-22T11:40:16+09:00,GBIKE,131587,32.0,36.482302,127.248506,12,세종특별시
2026-06-22T11:40:16+09:00,GBIKE,130617,63.0,36.482324,127.261851,12,세종특별시
2026-06-22T11:40:16+09:00,GBIKE,130705,33.0,36.482424,127.261733,12,세종특별시
2026-06-22T11:40:16+09:00,GBIKE,131338,44.0,36.482439,127.265458,12,세종특별시
2026-06-22T11:40:16+09:00,GBIKE,130161,50.0,36.482446,127.261766,12,세종특별시
2026-06-22T11:40:16+09:00,GBIKE,130763,78.0,36.482464,127.261697,12,세종특별시
2026-06-22T11:40:16+09:00,GBIKE,130669,92.0,36.482476,127.296871,12,세종특별시
2026-06-22T11:40:16+09:00,GBIKE,131661,36.0,36.482541,127.256633,12,세종특별시
2026-06-22T11:40:16+09:00,GBIKE,130591,35.0,36.482609,127.267196,12,세종특별시
2026-06-22T11:40:16+09:00,GBIKE,130205,31.0,36.48266,127.248009,12,세종특별시
2026-06-22T11:40:16+09:00,GBIKE,130847,30.0,36.482702,127.245966,12,세종특별시
2026-06-22T11:40:16+09:00,GBIKE,131839,59.0,36.482703,127.263489,12,세종특별시
2026-06-22T11:40:16+09:00,GBIKE,130896,30.0,36.482765,127.261332,12,세종특별시
2026-06-22T11:40:16+09:00,GBIKE,131094,89.0,36.48282,127.260955,12,세종특별시
2026-06-22T11:40:16+09:00,GBIKE,130169,74.0,36.482882,127.260232,12,세종특별시
2026-06-22T11:40:16+09:00,GBIKE,130559,42.0,36.482986,127.246156,12,세종특별시
2026-06-22T11:40:16+09:00,GBIKE,130449,30.0,36.482989,127.263731,12,세종특별시
2026-06-22T11:40:16+09:00,GBIKE,501356,63.0,36.483034,127.268022,12,세종특별시
2026-06-22T11:40:16+09:00,GBIKE,131517,41.0,36.483036,127.248331,12,세종특별시
2026-06-22T11:40:16+09:00,GBIKE,131470,81.0,36.48307,127.293714,12,세종특별시
2026-06-22T11:40:16+09:00,GBIKE,501365,33.0,36.483086,127.263386,12,세종특별시
2026-06-22T11:40:16+09:00,GBIKE,131178,47.0,36.483113,127.260609,12,세종특별시
2026-06-22T11:40:16+09:00,GBIKE,131423,62.0,36.483143,127.303392,12,세종특별시
2026-06-22T11:40:16+09:00,GBIKE,131210,41.0,36.483255,127.264247,12,세종특별시
2026-06-22T11:40:16+09:00,GBIKE,501194,58.0,36.483365,127.263036,12,세종특별시
2026-06-22T11:40:16+09:00,GBIKE,131387,84.0,36.483454,127.262814,12,세종특별시
2026-06-22T11:40:16+09:00,GBIKE,131253,58.0,36.483482,127.252876,12,세종특별시
2026-06-22T11:40:16+09:00,GBIKE,130504,52.0,36.483525,127.252579,12,세종특별시
2026-06-22T11:40:16+09:00,GBIKE,131856,57.0,36.483551,127.262531,12,세종특별시
2026-06-22T11:40:16+09:00,GBIKE,131866,83.0,36.483596,127.293805,12,세종특별시
2026-06-22T11:40:16+09:00,GBIKE,131464,30.0,36.483596,127.252634,12,세종특별시
2026-06-22T11:40:16+09:00,GBIKE,130350,45.0,36.483764,127.294333,12,세종특별시
2026-06-22T11:40:16+09:00,GBIKE,130211,71.0,36.483791,127.264062,12,세종특별시
2026-06-22T11:40:16+09:00,GBIKE,131249,51.0,36.483807,127.294005,12,세종특별시
2026-06-22T11:40:16+09:00,GBIKE,131152,30.0,36.483825,127.251994,12,세종특별시
2026-06-22T11:40:16+09:00,GBIKE,131107,47.0,36.483857,127.245929,12,세종특별시
2026-06-22T11:40:16+09:00,GBIKE,130471,30.0,36.483862,127.248946,12,세종특별시
2026-06-22T11:40:16+09:00,GBIKE,131793,35.0,36.483866,127.252705,12,세종특별시
2026-06-22T11:40:16+09:00,GBIKE,131537,65.0,36.483869,127.294074,12,세종특별시
2026-06-22T11:40:16+09:00,GBIKE,131946,34.0,36.483891,127.25666,12,세종특별시
2026-06-22T11:40:16+09:00,GBIKE,131612,44.0,36.483915,127.246117,12,세종특별시
2026-06-22T11:40:16+09:00,GBIKE,131862,48.0,36.483925,127.2461,12,세종특별시
2026-06-22T11:40:16+09:00,GBIKE,131785,40.0,36.483933,127.246114,12,세종특별시
2026-06-22T11:40:16+09:00,GBIKE,501446,30.0,36.483945,127.252756,12,세종특별시
2026-06-22T11:40:16+09:00,GBIKE,130235,72.0,36.483954,127.299827,12,세종특별시
2026-06-22T11:40:16+09:00,GBIKE,130511,77.0,36.483955,127.246242,12,세종특별시
2026-06-22T11:40:16+09:00,GBIKE,131077,38.0,36.484017,127.252637,12,세종특별시
2026-06-22T11:40:16+09:00,GBIKE,131008,88.0,36.484017,127.294518,12,세종특별시
2026-06-22T11:40:16+09:00,GBIKE,130421,64.0,36.484042,127.294502,12,세종특별시
2026-06-22T11:40:16+09:00,GBIKE,130060,100.0,36.48405,127.294316,12,세종특별시
2026-06-22T11:40:16+09:00,GBIKE,130751,53.0,36.484051,127.294544,12,세종특별시
2026-06-22T11:40:16+09:00,GBIKE,131255,49.0,36.48406,127.294542,12,세종특별시
2026-06-22T11:40:16+09:00,GBIKE,130681,48.0,36.484072,127.294199,12,세종특별시
2026-06-22T11:40:16+09:00,GBIKE,501177,65.0,36.484093,127.293686,12,세종특별시
2026-06-22T11:40:16+09:00,GBIKE,130938,33.0,36.484108,127.249466,12,세종특별시
2026-06-22T11:40:16+09:00,GBIKE,130908,58.0,36.48419,127.249326,12,세종특별시
2026-06-22T11:40:16+09:00,GBIKE,131653,34.0,36.48424,127.260624,12,세종특별시
2026-06-22T11:40:16+09:00,GBIKE,131931,67.0,36.484247,127.251013,12,세종특별시
2026-06-22T11:40:16+09:00,GBIKE,501195,36.0,36.48428,127.252183,12,세종특별시
2026-06-22T11:40:16+09:00,GBIKE,130090,31.0,36.484296,127.25005,12,세종특별시
2026-06-22T11:40:16+09:00,GBIKE,130645,83.0,36.484339,127.259221,12,세종특별시
2026-06-22T11:40:16+09:00,GBIKE,501136,81.0,36.484424,127.26087,12,세종특별시
2026-06-22T11:40:16+09:00,GBIKE,130829,66.0,36.484424,127.260898,12,세종특별시
2026-06-22T11:40:16+09:00,GBIKE,130601,30.0,36.484426,127.252052,12,세종특별시
2026-06-22T11:40:16+09:00,GBIKE,501452,66.0,36.484432,127.260915,12,세종특별시
2026-06-22T11:40:16+09:00,GBIKE,130493,34.0,36.484447,127.250416,12,세종특별시
2026-06-22T11:40:16+09:00,GBIKE,131649,89.0,36.484456,127.24605,12,세종특별시
2026-06-22T11:40:16+09:00,GBIKE,131283,85.0,36.484462,127.252158,12,세종특별시
2026-06-22T11:40:16+09:00,GBIKE,501150,80.0,36.484473,127.304214,12,세종특별시
2026-06-22T11:40:16+09:00,GBIKE,131635,32.0,36.484593,127.258473,12,세종특별시
2026-06-22T11:40:16+09:00,GBIKE,130695,50.0,36.484628,127.246181,12,세종특별시
2026-06-22T11:40:16+09:00,GBIKE,501543,30.0,36.484638,127.254161,12,세종특별시
2026-06-22T11:40:16+09:00,GBIKE,131858,86.0,36.484647,127.246181,12,세종특별시
2026-06-22T11:40:16+09:00,GBIKE,130100,61.0,36.484665,127.250683,12,세종특별시
2026-06-22T11:40:16+09:00,GBIKE,130239,30.0,36.484672,127.249015,12,세종특별시
2026-06-22T11:40:16+09:00,GBIKE,130682,74.0,36.484695,127.246174,12,세종특별시
2026-06-22T11:40:16+09:00,GBIKE,131207,30.0,36.484697,127.250898,12,세종특별시
2026-06-22T11:40:16+09:00,GBIKE,501261,73.0,36.484715,127.250674,12,세종특별시
2026-06-22T11:40:16+09:00,GBIKE,501192,47.0,36.484718,127.255131,12,세종특별시
2026-06-22T11:40:16+09:00,GBIKE,501577,31.0,36.484744,127.319425,12,세종특별시
2026-06-22T11:40:16+09:00,GBIKE,130583,64.0,36.484766,127.250498,12,세종특별시
2026-06-22T11:40:16+09:00,GBIKE,501263,35.0,36.48482,127.253146,12,세종특별시
2026-06-22T11:40:16+09:00,GBIKE,130027,76.0,36.484844,127.259336,12,세종특별시
2026-06-22T11:40:16+09:00,GBIKE,130762,83.0,36.484885,127.25111,12,세종특별시
2026-06-22T11:40:16+09:00,GBIKE,501302,87.0,36.484895,127.266343,12,세종특별시
2026-06-22T11:40:16+09:00,GBIKE,130973,38.0,36.484929,127.250603,12,세종특별시
2026-06-22T11:40:16+09:00,GBIKE,130790,56.0,36.484943,127.250573,12,세종특별시
2026-06-22T11:40:16+09:00,GBIKE,130121,53.0,36.484954,127.251115,12,세종특별시
2026-06-22T11:40:16+09:00,GBIKE,131398,59.0,36.484972,127.250193,12,세종특별시
2026-06-22T11:40:16+09:00,GBIKE,501390,88.0,36.484972,127.303248,12,세종특별시
2026-06-22T11:40:16+09:00,GBIKE,130075,83.0,36.484979,127.300481,12,세종특별시
2026-06-22T11:40:16+09:00,GBIKE,501141,63.0,36.484991,127.259171,12,세종특별시
2026-06-22T11:40:16+09:00,GBIKE,131696,30.0,36.485006,127.256099,12,세종특별시
2026-06-22T11:40:16+09:00,GBIKE,501566,32.0,36.485019,127.301814,12,세종특별시
2026-06-22T11:40:16+09:00,GBIKE,501107,47.0,36.485029,127.252698,12,세종특별시
2026-06-22T11:40:16+09:00,GBIKE,130194,70.0,36.485039,127.250197,12,세종특별시
2026-06-22T11:40:16+09:00,GBIKE,130380,37.0,36.485045,127.252849,12,세종특별시
2026-06-22T11:40:16+09:00,GBIKE,130647,88.0,36.48507,127.250548,12,세종특별시
2026-06-22T11:40:16+09:00,GBIKE,130675,89.0,36.485081,127.252768,12,세종특별시
2026-06-22T11:40:16+09:00,GBIKE,130074,56.0,36.485105,127.303839,12,세종특별시
2026-06-22T11:40:16+09:00,GBIKE,131800,38.0,36.485146,127.24826,12,세종특별시
2026-06-22T11:40:16+09:00,GBIKE,501176,80.0,36.485177,127.25053,12,세종특별시
2026-06-22T11:40:16+09:00,GBIKE,131051,67.0,36.485215,127.248229,12,세종특별시
2026-06-22T11:40:16+09:00,GBIKE,501208,30.0,36.485234,127.250932,12,세종특별시
2026-06-22T11:40:16+09:00,GBIKE,130127,39.0,36.485264,127.250637,12,세종특별시
2026-06-22T11:40:16+09:00,GBIKE,130989,33.0,36.485267,127.250622,12,세종특별시
2026-06-22T11:40:16+09:00,GBIKE,130396,35.0,36.485285,127.251487,12,세종특별시
2026-06-22T11:40:16+09:00,GBIKE,131594,31.0,36.485298,127.25047,12,세종특별시
2026-06-22T11:40:16+09:00,GBIKE,130789,30.0,36.485303,127.248174,12,세종특별시
2026-06-22T11:40:16+09:00,GBIKE,130178,34.0,36.485308,127.250735,12,세종특별시
2026-06-22T11:40:16+09:00,GBIKE,131765,62.0,36.485323,127.250699,12,세종특별시
2026-06-22T11:40:16+09:00,GBIKE,131356,100.0,36.485355,127.258829,12,세종특별시
2026-06-22T11:40:16+09:00,GBIKE,131290,34.0,36.485451,127.302394,12,세종특별시
2026-06-22T11:40:16+09:00,GBIKE,130618,32.0,36.485465,127.250766,12,세종특별시
2026-06-22T11:40:16+09:00,GBIKE,501312,32.0,36.48549,127.250553,12,세종특별시
2026-06-22T11:40:16+09:00,GBIKE,131726,47.0,36.485534,127.319976,12,세종특별시
2026-06-22T11:40:16+09:00,GBIKE,131607,81.0,36.48554,127.250758,12,세종특별시
2026-06-22T11:40:16+09:00,GBIKE,130436,35.0,36.485552,127.320054,12,세종특별시
2026-06-22T11:40:16+09:00,GBIKE,130103,75.0,36.485574,127.259034,12,세종특별시
2026-06-22T11:40:16+09:00,GBIKE,131037,97.0,36.48558,127.248277,12,세종특별시
2026-06-22T11:40:16+09:00,GBIKE,131363,84.0,36.485605,127.301406,12,세종특별시
2026-06-22T11:40:16+09:00,GBIKE,130341,30.0,36.485612,127.250653,12,세종특별시
2026-06-22T11:40:16+09:00,GBIKE,131256,32.0,36.485616,127.250254,12,세종특별시
2026-06-22T11:40:16+09:00,GBIKE,130875,79.0,36.485635,127.250241,12,세종특별시
2026-06-22T11:40:16+09:00,GBIKE,345936,33.0,36.485648,127.245198,12,세종특별시
2026-06-22T11:40:16+09:00,GBIKE,501187,38.0,36.485694,127.301197,12,세종특별시
2026-06-22T11:40:16+09:00,GBIKE,131145,44.0,36.485716,127.25731,12,세종특별시
2026-06-22T11:40:16+09:00,GBIKE,131000,78.0,36.485721,127.250155,12,세종특별시
2026-06-22T11:40:16+09:00,GBIKE,393554,30.0,36.485738,127.296456,12,세종특별시
2026-06-22T11:40:16+09:00,GBIKE,131114,98.0,36.48574,127.250184,12,세종특별시
2026-06-22T11:40:16+09:00,GBIKE,131069,30.0,36.485749,127.262353,12,세종특별시
2026-06-22T11:40:16+09:00,GBIKE,131621,77.0,36.48576,127.245436,12,세종특별시
2026-06-22T11:40:16+09:00,GBIKE,501315,70.0,36.485786,127.261831,12,세종특별시
2026-06-22T11:40:16+09:00,GBIKE,131476,79.0,36.485804,127.301544,12,세종특별시
2026-06-22T11:40:16+09:00,GBIKE,501334,68.0,36.485815,127.248233,12,세종특별시
2026-06-22T11:40:16+09:00,GBIKE,131238,45.0,36.485828,127.2548,12,세종특별시
2026-06-22T11:40:16+09:00,GBIKE,130107,94.0,36.485859,127.245494,12,세종특별시
2026-06-22T11:40:16+09:00,GBIKE,131299,76.0,36.485905,127.301597,12,세종특별시
2026-06-22T11:40:16+09:00,GBIKE,501588,44.0,36.485919,127.250145,12,세종특별시
2026-06-22T11:40:16+09:00,GBIKE,501297,78.0,36.485925,127.252091,12,세종특별시
2026-06-22T11:40:16+09:00,GBIKE,131888,100.0,36.485959,127.301527,12,세종특별시
2026-06-22T11:40:16+09:00,GBIKE,130610,94.0,36.485988,127.30157,12,세종특별시
2026-06-22T11:40:16+09:00,GBIKE,130854,48.0,36.485995,127.246268,12,세종특별시
2026-06-22T11:40:16+09:00,GBIKE,501121,100.0,36.486036,127.295252,12,세종특별시
2026-06-22T11:40:16+09:00,GBIKE,130573,69.0,36.486036,127.24505,12,세종특별시
2026-06-22T11:40:16+09:00,GBIKE,130134,100.0,36.486045,127.30142,12,세종특별시
2026-06-22T11:40:16+09:00,GBIKE,501372,79.0,36.486047,127.250104,12,세종특별시
2026-06-22T11:40:16+09:00,GBIKE,131070,96.0,36.486097,127.247947,12,세종특별시
2026-06-22T11:40:16+09:00,GBIKE,131534,79.0,36.486098,127.247881,12,세종특별시
2026-06-22T11:40:16+09:00,GBIKE,130475,81.0,36.486151,127.250799,12,세종특별시
2026-06-22T11:40:16+09:00,GBIKE,131894,47.0,36.486215,127.251073,12,세종특별시
2026-06-22T11:40:16+09:00,GBIKE,131399,58.0,36.486228,127.250403,12,세종특별시
2026-06-22T11:40:16+09:00,GBIKE,130287,35.0,36.486242,127.256795,12,세종특별시
2026-06-22T11:40:16+09:00,GBIKE,131870,100.0,36.486283,127.250808,12,세종특별시
2026-06-22T11:40:16+09:00,GBIKE,131945,88.0,36.486297,127.250867,12,세종특별시
2026-06-22T11:40:16+09:00,GBIKE,131725,49.0,36.486393,127.254069,12,세종특별시
2026-06-22T11:40:16+09:00,GBIKE,131247,38.0,36.486411,127.257082,12,세종특별시
2026-06-22T11:40:16+09:00,GBIKE,130830,54.0,36.486451,127.251576,12,세종특별시
2026-06-22T11:40:16+09:00,GBIKE,130484,37.0,36.486454,127.250028,12,세종특별시
2026-06-22T11:40:16+09:00,GBIKE,131359,68.0,36.486458,127.250069,12,세종특별시
2026-06-22T11:40:16+09:00,GBIKE,130985,67.0,36.486473,127.250531,12,세종특별시
2026-06-22T11:40:16+09:00,GBIKE,130033,31.0,36.48649,127.257698,12,세종특별시
2026-06-22T11:40:16+09:00,GBIKE,131397,70.0,36.486501,127.250036,12,세종특별시
2026-06-22T11:40:16+09:00,GBIKE,130798,88.0,36.486537,127.251294,12,세종특별시
2026-06-22T11:40:16+09:00,GBIKE,131105,90.0,36.486549,127.257754,12,세종특별시
2026-06-22T11:40:16+09:00,GBIKE,130603,42.0,36.48656,127.257711,12,세종특별시
2026-06-22T11:40:16+09:00,GBIKE,501105,50.0,36.486572,127.257734,12,세종특별시
2026-06-22T11:40:16+09:00,GBIKE,131482,70.0,36.486573,127.257708,12,세종특별시
2026-06-22T11:40:16+09:00,GBIKE,130540,54.0,36.486594,127.25764,12,세종특별시
2026-06-22T11:40:16+09:00,GBIKE,131450,69.0,36.48661,127.249896,12,세종특별시
2026-06-22T11:40:16+09:00,GBIKE,130064,41.0,36.486633,127.247765,12,세종특별시
2026-06-22T11:40:16+09:00,GBIKE,501580,82.0,36.486633,127.303876,12,세종특별시
2026-06-22T11:40:16+09:00,GBIKE,501471,34.0,36.486645,127.24687,12,세종특별시
2026-06-22T11:40:16+09:00,GBIKE,130916,44.0,36.4867,127.295053,12,세종특별시
2026-06-22T11:40:16+09:00,GBIKE,131371,63.0,36.48677,127.249968,12,세종특별시
2026-06-22T11:40:16+09:00,GBIKE,130605,38.0,36.486771,127.249686,12,세종특별시
2026-06-22T11:40:16+09:00,GBIKE,130041,32.0,36.486801,127.249814,12,세종특별시
2026-06-22T11:40:16+09:00,GBIKE,131730,96.0,36.486812,127.250034,12,세종특별시
2026-06-22T11:40:16+09:00,GBIKE,501395,32.0,36.486818,127.250835,12,세종특별시
2026-06-22T11:40:16+09:00,GBIKE,130114,97.0,36.486884,127.250721,12,세종특별시
2026-06-22T11:40:16+09:00,GBIKE,130234,54.0,36.486903,127.249888,12,세종특별시
2026-06-22T11:40:16+09:00,GBIKE,130440,68.0,36.486903,127.250486,12,세종특별시
2026-06-22T11:40:16+09:00,GBIKE,130087,31.0,36.486905,127.250036,12,세종특별시
2026-06-22T11:40:16+09:00,GBIKE,130348,83.0,36.48692,127.249315,12,세종특별시
2026-06-22T11:40:16+09:00,GBIKE,131891,56.0,36.486926,127.250027,12,세종특별시
2026-06-22T11:40:16+09:00,GBIKE,131392,62.0,36.486937,127.260859,12,세종특별시
2026-06-22T11:40:16+09:00,GBIKE,130460,51.0,36.486953,127.249363,12,세종특별시
2026-06-22T11:40:16+09:00,GBIKE,131319,48.0,36.486955,127.250047,12,세종특별시
2026-06-22T11:40:16+09:00,GBIKE,131698,65.0,36.48697,127.249315,12,세종특별시
2026-06-22T11:40:16+09:00,GBIKE,131904,96.0,36.486971,127.263467,12,세종특별시
2026-06-22T11:40:16+09:00,GBIKE,130024,48.0,36.486973,127.249994,12,세종특별시
2026-06-22T11:40:16+09:00,GBIKE,501284,95.0,36.48699,127.263384,12,세종특별시
2026-06-22T11:40:16+09:00,GBIKE,501227,39.0,36.48699,127.263385,12,세종특별시
2026-06-22T11:40:16+09:00,GBIKE,131307,82.0,36.486996,127.24997,12,세종특별시
2026-06-22T11:40:16+09:00,GBIKE,131715,46.0,36.486997,127.249996,12,세종특별시
2026-06-22T11:40:16+09:00,GBIKE,131651,49.0,36.487026,127.301954,12,세종특별시
2026-06-22T11:40:16+09:00,GBIKE,130886,31.0,36.487065,127.257461,12,세종특별시
2026-06-22T11:40:16+09:00,GBIKE,339068,33.0,36.487068,127.257466,12,세종특별시
2026-06-22T11:40:16+09:00,GBIKE,501236,66.0,36.487073,127.257841,12,세종특별시
2026-06-22T11:40:16+09:00,GBIKE,501303,93.0,36.487083,127.296004,12,세종특별시
2026-06-22T11:40:16+09:00,GBIKE,131187,38.0,36.487088,127.247876,12,세종특별시
2026-06-22T11:40:16+09:00,GBIKE,130845,67.0,36.487098,127.248615,12,세종특별시
2026-06-22T11:40:16+09:00,GBIKE,131973,77.0,36.487099,127.30198,12,세종특별시
2026-06-22T11:40:16+09:00,GBIKE,130485,51.0,36.487116,127.257837,12,세종특별시
2026-06-22T11:40:16+09:00,GBIKE,130551,34.0,36.487122,127.256972,12,세종특별시
2026-06-22T11:40:16+09:00,GBIKE,130160,81.0,36.48714,127.24819,12,세종특별시
2026-06-22T11:40:16+09:00,GBIKE,501408,86.0,36.48714,127.250738,12,세종특별시
2026-06-22T11:40:16+09:00,GBIKE,130297,30.0,36.487144,127.256078,12,세종특별시
2026-06-22T11:40:16+09:00,GBIKE,130025,56.0,36.487155,127.248033,12,세종특별시
2026-06-22T11:40:16+09:00,GBIKE,131836,57.0,36.487168,127.257365,12,세종특별시
2026-06-22T11:40:16+09:00,GBIKE,131724,58.0,36.487173,127.257306,12,세종특별시
2026-06-22T11:40:16+09:00,GBIKE,130885,48.0,36.487203,127.257604,12,세종특별시
2026-06-22T11:40:16+09:00,GBIKE,501132,73.0,36.487216,127.322342,12,세종특별시
2026-06-22T11:40:16+09:00,GBIKE,130904,30.0,36.487233,127.257318,12,세종특별시
2026-06-22T11:40:16+09:00,GBIKE,130578,46.0,36.487238,127.261449,12,세종특별시
2026-06-22T11:40:16+09:00,GBIKE,131501,69.0,36.487243,127.257391,12,세종특별시
2026-06-22T11:40:16+09:00,GBIKE,501175,96.0,36.487265,127.249487,12,세종특별시
2026-06-22T11:40:16+09:00,GBIKE,131312,100.0,36.487275,127.248589,12,세종특별시
2026-06-22T11:40:16+09:00,GBIKE,130965,98.0,36.487285,127.248578,12,세종특별시
2026-06-22T11:40:16+09:00,GBIKE,130481,38.0,36.487289,127.247768,12,세종특별시
2026-06-22T11:40:16+09:00,GBIKE,131703,56.0,36.487315,127.25715,12,세종특별시
2026-06-22T11:40:16+09:00,GBIKE,131812,64.0,36.487339,127.248542,12,세종특별시
2026-06-22T11:40:16+09:00,GBIKE,131467,97.0,36.487341,127.250318,12,세종특별시
2026-06-22T11:40:16+09:00,GBIKE,131157,95.0,36.48735,127.250384,12,세종특별시
2026-06-22T11:40:16+09:00,GBIKE,130174,32.0,36.487353,127.265727,12,세종특별시
2026-06-22T11:40:16+09:00,GBIKE,130196,59.0,36.487372,127.250279,12,세종특별시
2026-06-22T11:40:16+09:00,GBIKE,131280,49.0,36.487382,127.322261,12,세종특별시
2026-06-22T11:40:16+09:00,GBIKE,130676,96.0,36.487416,127.256934,12,세종특별시
2026-06-22T11:40:16+09:00,GBIKE,131333,73.0,36.487437,127.257195,12,세종특별시
2026-06-22T11:40:16+09:00,GBIKE,130453,35.0,36.487442,127.257209,12,세종특별시
2026-06-22T11:40:16+09:00,GBIKE,131248,76.0,36.487454,127.256699,12,세종특별시
2026-06-22T11:40:16+09:00,GBIKE,130500,60.0,36.487463,127.250713,12,세종특별시
2026-06-22T11:40:16+09:00,GBIKE,131544,82.0,36.487502,127.257239,12,세종특별시
2026-06-22T11:40:16+09:00,GBIKE,130718,30.0,36.487543,127.265991,12,세종특별시
2026-06-22T11:40:16+09:00,GBIKE,131921,33.0,36.487562,127.247701,12,세종특별시
2026-06-22T11:40:16+09:00,GBIKE,131645,68.0,36.487566,127.250283,12,세종특별시
2026-06-22T11:40:16+09:00,GBIKE,131565,56.0,36.48769,127.250674,12,세종특별시
2026-06-22T11:40:16+09:00,GBIKE,131697,60.0,36.48774,127.250192,12,세종특별시
2026-06-22T11:40:16+09:00,GBIKE,501115,30.0,36.487764,127.262587,12,세종특별시
2026-06-22T11:40:16+09:00,GBIKE,131771,58.0,36.487831,127.252459,12,세종특별시
2026-06-22T11:40:16+09:00,GBIKE,131196,30.0,36.487839,127.257066,12,세종특별시
2026-06-22T11:40:16+09:00,GBIKE,501332,30.0,36.487858,127.261029,12,세종특별시
2026-06-22T11:40:16+09:00,GBIKE,131444,47.0,36.487862,127.252533,12,세종특별시
2026-06-22T11:40:16+09:00,GBIKE,131043,30.0,36.487873,127.252518,12,세종특별시
2026-06-22T11:40:16+09:00,GBIKE,501112,76.0,36.487901,127.256326,12,세종특별시
2026-06-22T11:40:16+09:00,GBIKE,131142,62.0,36.487927,127.257017,12,세종특별시
2026-06-22T11:40:16+09:00,GBIKE,130162,82.0,36.487987,127.247815,12,세종특별시
2026-06-22T11:40:16+09:00,GBIKE,130788,100.0,36.488011,127.252936,12,세종특별시
2026-06-22T11:40:16+09:00,GBIKE,130201,100.0,36.488031,127.268141,12,세종특별시
2026-06-22T11:40:16+09:00,GBIKE,131737,30.0,36.48807,127.26443,12,세종특별시
2026-06-22T11:40:16+09:00,GBIKE,130584,100.0,36.488078,127.319921,12,세종특별시
2026-06-22T11:40:16+09:00,GBIKE,131636,69.0,36.488102,127.31998,12,세종특별시
2026-06-22T11:40:16+09:00,GBIKE,130273,30.0,36.488132,127.260699,12,세종특별시
2026-06-22T11:40:16+09:00,GBIKE,130653,69.0,36.488183,127.26716,12,세종특별시
2026-06-22T11:40:16+09:00,GBIKE,501401,34.0,36.488245,127.250212,12,세종특별시
2026-06-22T11:40:16+09:00,GBIKE,501490,57.0,36.488269,127.260997,12,세종특별시
2026-06-22T11:40:16+09:00,GBIKE,131127,31.0,36.488427,127.256078,12,세종특별시
2026-06-22T11:40:16+09:00,GBIKE,130640,70.0,36.488436,127.247652,12,세종특별시
2026-06-22T11:40:16+09:00,GBIKE,130958,85.0,36.488478,127.32223,12,세종특별시
2026-06-22T11:40:16+09:00,GBIKE,130031,31.0,36.488484,127.322193,12,세종특별시
2026-06-22T11:40:16+09:00,GBIKE,130680,32.0,36.488557,127.253825,12,세종특별시
2026-06-22T11:40:16+09:00,GBIKE,501583,41.0,36.488583,127.255488,12,세종특별시
2026-06-22T11:40:16+09:00,GBIKE,131102,73.0,36.488651,127.250032,12,세종특별시
2026-06-22T11:40:16+09:00,GBIKE,131784,33.0,36.488658,127.256195,12,세종특별시
2026-06-22T11:40:16+09:00,GBIKE,130945,75.0,36.488686,127.255972,12,세종특별시
2026-06-22T11:40:16+09:00,GBIKE,130967,94.0,36.48871,127.26037,12,세종특별시
2026-06-22T11:40:16+09:00,GBIKE,619461,70.0,36.488711,127.25979,12,세종특별시
2026-06-22T11:40:16+09:00,GBIKE,131899,34.0,36.488723,127.256141,12,세종특별시
2026-06-22T11:40:16+09:00,GBIKE,130805,37.0,36.488725,127.256146,12,세종특별시
2026-06-22T11:40:16+09:00,GBIKE,130887,31.0,36.488729,127.255335,12,세종특별시
2026-06-22T11:40:16+09:00,GBIKE,130870,30.0,36.488731,127.26498,12,세종특별시
2026-06-22T11:40:16+09:00,GBIKE,131443,96.0,36.488768,127.256081,12,세종특별시
2026-06-22T11:40:16+09:00,GBIKE,131824,81.0,36.488788,127.299536,12,세종특별시
2026-06-22T11:40:16+09:00,GBIKE,131908,42.0,36.488789,127.267271,12,세종특별시
2026-06-22T11:40:16+09:00,GBIKE,130069,98.0,36.488797,127.266784,12,세종특별시
2026-06-22T11:40:16+09:00,GBIKE,130496,39.0,36.488863,127.25674,12,세종특별시
2026-06-22T11:40:16+09:00,GBIKE,131837,83.0,36.488867,127.256652,12,세종특별시
2026-06-22T11:40:16+09:00,GBIKE,131497,86.0,36.488869,127.256649,12,세종특별시
2026-06-22T11:40:16+09:00,GBIKE,131373,33.0,36.488877,127.25674,12,세종특별시
2026-06-22T11:40:16+09:00,GBIKE,130135,31.0,36.488878,127.253795,12,세종특별시
2026-06-22T11:40:16+09:00,GBIKE,501345,45.0,36.488882,127.256715,12,세종특별시
2026-06-22T11:40:16+09:00,GBIKE,501532,72.0,36.488898,127.266901,12,세종특별시
2026-06-22T11:40:16+09:00,GBIKE,131575,76.0,36.488899,127.254643,12,세종특별시
2026-06-22T11:40:16+09:00,GBIKE,130773,44.0,36.488906,127.256636,12,세종특별시
2026-06-22T11:40:16+09:00,GBIKE,501553,69.0,36.488917,127.255033,12,세종특별시
2026-06-22T11:40:16+09:00,GBIKE,131872,50.0,36.488933,127.254988,12,세종특별시
2026-06-22T11:40:16+09:00,GBIKE,130410,37.0,36.488963,127.257042,12,세종특별시
2026-06-22T11:40:16+09:00,GBIKE,130375,63.0,36.489007,127.301978,12,세종특별시
2026-06-22T11:40:16+09:00,GBIKE,130386,61.0,36.489015,127.243778,12,세종특별시
2026-06-22T11:40:16+09:00,GBIKE,131141,56.0,36.489052,127.255629,12,세종특별시
2026-06-22T11:40:16+09:00,GBIKE,131964,78.0,36.489056,127.243777,12,세종특별시
2026-06-22T11:40:16+09:00,GBIKE,130544,34.0,36.489081,127.254009,12,세종특별시
2026-06-22T11:40:16+09:00,GBIKE,131465,30.0,36.4891,127.247544,12,세종특별시
2026-06-22T11:40:16+09:00,GBIKE,131664,30.0,36.489164,127.25621,12,세종특별시
2026-06-22T11:40:16+09:00,GBIKE,131628,91.0,36.489169,127.256181,12,세종특별시
2026-06-22T11:40:16+09:00,GBIKE,131727,50.0,36.489172,127.256188,12,세종특별시
2026-06-22T11:40:16+09:00,GBIKE,131518,95.0,36.489173,127.256308,12,세종특별시
2026-06-22T11:40:16+09:00,GBIKE,130172,38.0,36.489175,127.255756,12,세종특별시
2026-06-22T11:40:16+09:00,GBIKE,501204,46.0,36.489189,127.266467,12,세종특별시
2026-06-22T11:40:16+09:00,GBIKE,131100,43.0,36.48919,127.266525,12,세종특별시
2026-06-22T11:40:16+09:00,GBIKE,501555,30.0,36.489199,127.269393,12,세종특별시
2026-06-22T11:40:16+09:00,GBIKE,501370,68.0,36.489201,127.302311,12,세종특별시
2026-06-22T11:40:16+09:00,GBIKE,130715,72.0,36.489221,127.259726,12,세종특별시
2026-06-22T11:40:16+09:00,GBIKE,130563,64.0,36.489224,127.255835,12,세종특별시
2026-06-22T11:40:16+09:00,GBIKE,131971,41.0,36.489231,127.255804,12,세종특별시
2026-06-22T11:40:16+09:00,GBIKE,131788,30.0,36.489244,127.244516,12,세종특별시
2026-06-22T11:40:16+09:00,GBIKE,131562,99.0,36.489288,127.248235,12,세종특별시
2026-06-22T11:40:16+09:00,GBIKE,131379,32.0,36.489298,127.25651,12,세종특별시
2026-06-22T11:40:16+09:00,GBIKE,130857,68.0,36.489302,127.254771,12,세종특별시
2026-06-22T11:40:16+09:00,GBIKE,130730,100.0,36.489309,127.254744,12,세종특별시
2026-06-22T11:40:16+09:00,GBIKE,131548,72.0,36.48932,127.256559,12,세종특별시
2026-06-22T11:40:16+09:00,GBIKE,501415,64.0,36.489342,127.258039,12,세종특별시
2026-06-22T11:40:16+09:00,GBIKE,131525,30.0,36.489347,127.250115,12,세종특별시
2026-06-22T11:40:16+09:00,GBIKE,131619,37.0,36.489354,127.256593,12,세종특별시
2026-06-22T11:40:16+09:00,GBIKE,501169,100.0,36.489355,127.257962,12,세종특별시
2026-06-22T11:40:16+09:00,GBIKE,130646,40.0,36.489362,127.257953,12,세종특별시
2026-06-22T11:40:16+09:00,GBIKE,131183,30.0,36.489363,127.256529,12,세종특별시
2026-06-22T11:40:16+09:00,GBIKE,130381,55.0,36.489364,127.256547,12,세종특별시
2026-06-22T11:40:16+09:00,GBIKE,130659,34.0,36.489382,127.25661,12,세종특별시
2026-06-22T11:40:16+09:00,GBIKE,130697,32.0,36.489387,127.298786,12,세종특별시
2026-06-22T11:40:16+09:00,GBIKE,130113,63.0,36.489388,127.25657,12,세종특별시
2026-06-22T11:40:16+09:00,GBIKE,130987,33.0,36.489389,127.258308,12,세종특별시
2026-06-22T11:40:16+09:00,GBIKE,131388,35.0,36.489402,127.258466,12,세종특별시
2026-06-22T11:40:16+09:00,GBIKE,131892,30.0,36.489407,127.254942,12,세종특별시
2026-06-22T11:40:16+09:00,GBIKE,131315,62.0,36.489428,127.302441,12,세종특별시
2026-06-22T11:40:16+09:00,GBIKE,131949,91.0,36.489429,127.256535,12,세종특별시
2026-06-22T11:40:16+09:00,GBIKE,501489,100.0,36.489432,127.258227,12,세종특별시
2026-06-22T11:40:16+09:00,GBIKE,130473,80.0,36.489433,127.25651,12,세종특별시
2026-06-22T11:40:16+09:00,GBIKE,501168,64.0,36.489435,127.257165,12,세종특별시
2026-06-22T11:40:16+09:00,GBIKE,131623,32.0,36.489438,127.26058,12,세종특별시
2026-06-22T11:40:16+09:00,GBIKE,501561,95.0,36.489438,127.298743,12,세종특별시
2026-06-22T11:40:16+09:00,GBIKE,131864,90.0,36.489446,127.255425,12,세종특별시
2026-06-22T11:40:16+09:00,GBIKE,131878,94.0,36.489456,127.256533,12,세종특별시
2026-06-22T11:40:16+09:00,GBIKE,131911,100.0,36.489458,127.256497,12,세종특별시
2026-06-22T11:40:16+09:00,GBIKE,130126,30.0,36.489465,127.256553,12,세종특별시
2026-06-22T11:40:16+09:00,GBIKE,130566,52.0,36.489472,127.256547,12,세종특별시
2026-06-22T11:40:16+09:00,GBIKE,131834,67.0,36.489477,127.256505,12,세종특별시
2026-06-22T11:40:16+09:00,GBIKE,131951,83.0,36.48949,127.254399,12,세종특별시
2026-06-22T11:40:16+09:00,GBIKE,131121,43.0,36.489502,127.256903,12,세종특별시
2026-06-22T11:40:16+09:00,GBIKE,131813,34.0,36.489511,127.256529,12,세종특별시
2026-06-22T11:40:16+09:00,GBIKE,130635,100.0,36.489549,127.256968,12,세종특별시
2026-06-22T11:40:16+09:00,GBIKE,131251,30.0,36.489557,127.256603,12,세종특별시
2026-06-22T11:40:16+09:00,GBIKE,130313,100.0,36.489571,127.256487,12,세종특별시
2026-06-22T11:40:16+09:00,GBIKE,501157,87.0,36.489572,127.254609,12,세종특별시
2026-06-22T11:40:16+09:00,GBIKE,501247,82.0,36.48959,127.259072,12,세종특별시
2026-06-22T11:40:16+09:00,GBIKE,131776,31.0,36.489592,127.260373,12,세종특별시
2026-06-22T11:40:16+09:00,GBIKE,131326,36.0,36.489599,127.302445,12,세종특별시
2026-06-22T11:40:16+09:00,GBIKE,130874,83.0,36.48962,127.256534,12,세종특별시
2026-06-22T11:40:16+09:00,GBIKE,131297,50.0,36.48967,127.256554,12,세종특별시
2026-06-22T11:40:16+09:00,GBIKE,131014,78.0,36.489672,127.25707,12,세종특별시
2026-06-22T11:40:16+09:00,GBIKE,130782,77.0,36.489681,127.255638,12,세종특별시
2026-06-22T11:40:16+09:00,GBIKE,130997,32.0,36.489795,127.24498,12,세종특별시
2026-06-22T11:40:16+09:00,GBIKE,131418,67.0,36.489796,127.245,12,세종특별시
2026-06-22T11:40:16+09:00,GBIKE,130328,71.0,36.489803,127.302048,12,세종특별시
2026-06-22T11:40:16+09:00,GBIKE,131799,88.0,36.489815,127.301882,12,세종특별시
2026-06-22T11:40:16+09:00,GBIKE,501545,68.0,36.489883,127.2593,12,세종특별시
2026-06-22T11:40:16+09:00,GBIKE,130576,35.0,36.489956,127.244998,12,세종특별시
2026-06-22T11:40:16+09:00,GBIKE,130856,52.0,36.489968,127.24506,12,세종특별시
2026-06-22T11:40:16+09:00,GBIKE,131491,53.0,36.490027,127.254171,12,세종특별시
2026-06-22T11:40:16+09:00,GBIKE,130539,45.0,36.490033,127.251634,12,세종특별시
2026-06-22T11:40:16+09:00,GBIKE,131445,68.0,36.490056,127.255765,12,세종특별시
2026-06-22T11:40:16+09:00,GBIKE,130157,94.0,36.490116,127.302,12,세종특별시
2026-06-22T11:40:16+09:00,GBIKE,501278,100.0,36.490163,127.252861,12,세종특별시
2026-06-22T11:40:16+09:00,GBIKE,131086,60.0,36.490216,127.252913,12,세종특별시
2026-06-22T11:40:16+09:00,GBIKE,501466,73.0,36.490234,127.259237,12,세종특별시
2026-06-22T11:40:16+09:00,GBIKE,131405,81.0,36.490235,127.256382,12,세종특별시
2026-06-22T11:40:16+09:00,GBIKE,130155,71.0,36.490244,127.248126,12,세종특별시
2026-06-22T11:40:16+09:00,GBIKE,131995,68.0,36.49026,127.254533,12,세종특별시
2026-06-22T11:40:16+09:00,GBIKE,501382,30.0,36.490277,127.258477,12,세종특별시
2026-06-22T11:40:16+09:00,GBIKE,131673,47.0,36.490367,127.243368,12,세종특별시
2026-06-22T11:40:16+09:00,GBIKE,130364,39.0,36.4904,127.303048,12,세종특별시
2026-06-22T11:40:16+09:00,GBIKE,131686,45.0,36.490433,127.245362,12,세종특별시
2026-06-22T11:40:16+09:00,GBIKE,131346,70.0,36.490518,127.259131,12,세종특별시
2026-06-22T11:40:16+09:00,GBIKE,130735,30.0,36.490566,127.258997,12,세종특별시
2026-06-22T11:40:16+09:00,GBIKE,131731,51.0,36.49057,127.256303,12,세종특별시
2026-06-22T11:40:16+09:00,GBIKE,130893,73.0,36.490617,127.302595,12,세종특별시
2026-06-22T11:40:16+09:00,GBIKE,130678,97.0,36.490652,127.259107,12,세종특별시
2026-06-22T11:40:16+09:00,GBIKE,131259,87.0,36.490685,127.25545,12,세종특별시
2026-06-22T11:40:16+09:00,GBIKE,130215,53.0,36.490686,127.259122,12,세종특별시
2026-06-22T11:40:16+09:00,GBIKE,130141,50.0,36.490703,127.259068,12,세종특별시
2026-06-22T11:40:16+09:00,GBIKE,501405,30.0,36.490725,127.32121,12,세종특별시
2026-06-22T11:40:16+09:00,GBIKE,131137,41.0,36.490741,127.259066,12,세종특별시
2026-06-22T11:40:16+09:00,GBIKE,501330,31.0,36.490762,127.258422,12,세종특별시
2026-06-22T11:40:16+09:00,GBIKE,131150,43.0,36.490763,127.256116,12,세종특별시
2026-06-22T11:40:16+09:00,GBIKE,501269,56.0,36.490774,127.321409,12,세종특별시
2026-06-22T11:40:16+09:00,GBIKE,131169,33.0,36.4908,127.255948,12,세종특별시
2026-06-22T11:40:16+09:00,GBIKE,131844,74.0,36.490803,127.259028,12,세종특별시
2026-06-22T11:40:16+09:00,GBIKE,501562,53.0,36.490804,127.255889,12,세종특별시
2026-06-22T11:40:16+09:00,GBIKE,501411,100.0,36.490819,127.260988,12,세종특별시
2026-06-22T11:40:16+09:00,GBIKE,130742,31.0,36.490819,127.25591,12,세종특별시
2026-06-22T11:40:16+09:00,GBIKE,501474,88.0,36.490829,127.257336,12,세종특별시
2026-06-22T11:40:16+09:00,GBIKE,130249,46.0,36.490849,127.265171,12,세종특별시
2026-06-22T11:40:16+09:00,GBIKE,130736,53.0,36.490879,127.257324,12,세종특별시
2026-06-22T11:40:16+09:00,GBIKE,130713,30.0,36.490922,127.255973,12,세종특별시
2026-06-22T11:40:16+09:00,GBIKE,131887,34.0,36.490925,127.257348,12,세종특별시
2026-06-22T11:40:16+09:00,GBIKE,501274,32.0,36.490962,127.257029,12,세종특별시
2026-06-22T11:40:16+09:00,GBIKE,501152,91.0,36.490979,127.257232,12,세종특별시
2026-06-22T11:40:16+09:00,GBIKE,501196,60.0,36.490986,127.25726,12,세종특별시
2026-06-22T11:40:16+09:00,GBIKE,130932,67.0,36.490989,127.251101,12,세종특별시
2026-06-22T11:40:16+09:00,GBIKE,130831,35.0,36.491009,127.257108,12,세종특별시
2026-06-22T11:40:16+09:00,GBIKE,501527,60.0,36.491011,127.256983,12,세종특별시
2026-06-22T11:40:16+09:00,GBIKE,501454,50.0,36.491037,127.257001,12,세종특별시
2026-06-22T11:40:16+09:00,GBIKE,501126,72.0,36.491068,127.262957,12,세종특별시
2026-06-22T11:40:16+09:00,GBIKE,130438,58.0,36.491069,127.253369,12,세종특별시
2026-06-22T11:40:16+09:00,GBIKE,130372,32.0,36.491079,127.253553,12,세종특별시
2026-06-22T11:40:16+09:00,GBIKE,130294,40.0,36.491167,127.255741,12,세종특별시
2026-06-22T11:40:16+09:00,GBIKE,130593,100.0,36.491178,127.260552,12,세종특별시
2026-06-22T11:40:16+09:00,GBIKE,130902,35.0,36.491192,127.255669,12,세종특별시
2026-06-22T11:40:16+09:00,GBIKE,501366,81.0,36.4912,127.254538,12,세종특별시
2026-06-22T11:40:16+09:00,GBIKE,131030,100.0,36.491203,127.258974,12,세종특별시
2026-06-22T11:40:16+09:00,GBIKE,130240,30.0,36.491241,127.254591,12,세종특별시
2026-06-22T11:40:16+09:00,GBIKE,130822,69.0,36.491248,127.258961,12,세종특별시
2026-06-22T11:40:16+09:00,GBIKE,501165,60.0,36.491252,127.255948,12,세종특별시
2026-06-22T11:40:16+09:00,GBIKE,501435,43.0,36.491266,127.257971,12,세종특별시
2026-06-22T11:40:16+09:00,GBIKE,501570,100.0,36.491274,127.256075,12,세종특별시
2026-06-22T11:40:16+09:00,GBIKE,131079,65.0,36.491277,127.242242,12,세종특별시
2026-06-22T11:40:16+09:00,GBIKE,131838,40.0,36.491293,127.304103,12,세종특별시
2026-06-22T11:40:16+09:00,GBIKE,130221,73.0,36.491345,127.250126,12,세종특별시
2026-06-22T11:40:16+09:00,GBIKE,501202,96.0,36.491351,127.269567,12,세종특별시
2026-06-22T11:40:16+09:00,GBIKE,131897,34.0,36.491355,127.269577,12,세종특별시
2026-06-22T11:40:16+09:00,GBIKE,131458,60.0,36.491376,127.269594,12,세종특별시
2026-06-22T11:40:16+09:00,GBIKE,130818,96.0,36.491377,127.256178,12,세종특별시
2026-06-22T11:40:16+09:00,GBIKE,130914,36.0,36.491378,127.258052,12,세종특별시
2026-06-22T11:40:16+09:00,GBIKE,131034,46.0,36.49138,127.259,12,세종특별시
2026-06-22T11:40:16+09:00,GBIKE,501591,83.0,36.491386,127.258172,12,세종특별시
2026-06-22T11:40:16+09:00,GBIKE,131231,55.0,36.49139,127.269668,12,세종특별시
2026-06-22T11:40:16+09:00,GBIKE,131378,34.0,36.491391,127.262587,12,세종특별시
2026-06-22T11:40:16+09:00,GBIKE,130444,30.0,36.491394,127.256178,12,세종특별시
2026-06-22T11:40:16+09:00,GBIKE,130909,36.0,36.491398,127.25681,12,세종특별시
2026-06-22T11:40:16+09:00,GBIKE,131787,30.0,36.4914,127.258093,12,세종특별시
2026-06-22T11:40:16+09:00,GBIKE,130125,31.0,36.491411,127.25613,12,세종특별시
2026-06-22T11:40:16+09:00,GBIKE,130418,79.0,36.491423,127.256184,12,세종특별시
2026-06-22T11:40:16+09:00,GBIKE,131929,32.0,36.491428,127.256169,12,세종특별시
2026-06-22T11:40:16+09:00,GBIKE,131666,30.0,36.491431,127.256141,12,세종특별시
2026-06-22T11:40:16+09:00,GBIKE,130426,33.0,36.491432,127.324904,12,세종특별시
2026-06-22T11:40:16+09:00,GBIKE,131979,77.0,36.49145,127.2693,12,세종특별시
2026-06-22T11:40:16+09:00,GBIKE,501558,68.0,36.49147,127.256147,12,세종특별시
2026-06-22T11:40:16+09:00,GBIKE,131819,87.0,36.491478,127.269686,12,세종특별시
2026-06-22T11:40:16+09:00,GBIKE,131348,69.0,36.491482,127.300103,12,세종특별시
2026-06-22T11:40:16+09:00,GBIKE,131331,58.0,36.491493,127.256096,12,세종특별시
2026-06-22T11:40:16+09:00,GBIKE,130323,64.0,36.491497,127.256169,12,세종특별시
2026-06-22T11:40:16+09:00,GBIKE,130571,32.0,36.491504,127.256138,12,세종특별시
2026-06-22T11:40:16+09:00,GBIKE,131343,30.0,36.491511,127.256113,12,세종특별시
2026-06-22T11:40:16+09:00,GBIKE,131573,32.0,36.491512,127.257084,12,세종특별시
2026-06-22T11:40:16+09:00,GBIKE,131822,96.0,36.491514,127.256107,12,세종특별시
2026-06-22T11:40:16+09:00,GBIKE,131646,82.0,36.491515,127.25614,12,세종특별시
2026-06-22T11:40:16+09:00,GBIKE,131422,50.0,36.49152,127.256134,12,세종특별시
2026-06-22T11:40:16+09:00,GBIKE,130699,30.0,36.491521,127.256066,12,세종특별시
2026-06-22T11:40:16+09:00,GBIKE,501427,86.0,36.491525,127.259435,12,세종특별시
2026-06-22T11:40:16+09:00,GBIKE,130470,42.0,36.491528,127.256083,12,세종특별시
2026-06-22T11:40:16+09:00,GBIKE,130276,46.0,36.491543,127.256124,12,세종특별시
2026-06-22T11:40:16+09:00,GBIKE,131048,32.0,36.491545,127.256049,12,세종특별시
2026-06-22T11:40:16+09:00,GBIKE,130787,30.0,36.491561,127.256079,12,세종특별시
2026-06-22T11:40:16+09:00,GBIKE,130412,31.0,36.491578,127.256169,12,세종특별시
2026-06-22T11:40:16+09:00,GBIKE,131684,36.0,36.491582,127.256119,12,세종특별시
2026-06-22T11:40:16+09:00,GBIKE,131282,51.0,36.491586,127.260549,12,세종특별시
2026-06-22T11:40:16+09:00,GBIKE,130950,46.0,36.491589,127.260609,12,세종특별시
2026-06-22T11:40:16+09:00,GBIKE,130509,53.0,36.491607,127.256125,12,세종특별시
2026-06-22T11:40:16+09:00,GBIKE,131062,43.0,36.491607,127.257374,12,세종특별시
2026-06-22T11:40:16+09:00,GBIKE,131071,93.0,36.49161,127.241935,12,세종특별시
2026-06-22T11:40:16+09:00,GBIKE,131108,57.0,36.491623,127.257952,12,세종특별시
2026-06-22T11:40:16+09:00,GBIKE,130258,67.0,36.491646,127.241927,12,세종특별시
2026-06-22T11:40:16+09:00,GBIKE,501210,38.0,36.491655,127.241962,12,세종특별시
2026-06-22T11:40:16+09:00,GBIKE,131556,49.0,36.491667,127.303293,12,세종특별시
2026-06-22T11:40:16+09:00,GBIKE,130600,30.0,36.491671,127.249936,12,세종특별시
2026-06-22T11:40:16+09:00,GBIKE,501342,61.0,36.491677,127.245532,12,세종특별시
2026-06-22T11:40:16+09:00,GBIKE,130466,74.0,36.491685,127.261366,12,세종특별시
2026-06-22T11:40:16+09:00,GBIKE,501198,37.0,36.491692,127.261336,12,세종특별시
2026-06-22T11:40:16+09:00,GBIKE,131595,30.0,36.491759,127.245968,12,세종특별시
2026-06-22T11:40:16+09:00,GBIKE,130214,77.0,36.491831,127.303468,12,세종특별시
2026-06-22T11:40:16+09:00,GBIKE,131570,93.0,36.491895,127.247728,12,세종특별시
2026-06-22T11:40:16+09:00,GBIKE,131772,70.0,36.491907,127.262793,12,세종특별시
2026-06-22T11:40:16+09:00,GBIKE,501441,100.0,36.491916,127.25694,12,세종특별시
2026-06-22T11:40:16+09:00,GBIKE,131538,32.0,36.49192,127.304158,12,세종특별시
2026-06-22T11:40:16+09:00,GBIKE,501530,91.0,36.491934,127.254234,12,세종특별시
2026-06-22T11:40:16+09:00,GBIKE,130873,39.0,36.491947,127.249643,12,세종특별시
2026-06-22T11:40:16+09:00,GBIKE,130417,33.0,36.491949,127.249663,12,세종특별시
2026-06-22T11:40:16+09:00,GBIKE,501585,82.0,36.491958,127.257723,12,세종특별시
2026-06-22T11:40:16+09:00,GBIKE,131984,54.0,36.491975,127.26537,12,세종특별시
2026-06-22T11:40:16+09:00,GBIKE,130706,30.0,36.491993,127.322162,12,세종특별시
2026-06-22T11:40:16+09:00,GBIKE,501529,38.0,36.49203,127.256121,12,세종특별시
2026-06-22T11:40:16+09:00,GBIKE,130329,90.0,36.492065,127.241594,12,세종특별시
2026-06-22T11:40:16+09:00,GBIKE,130920,78.0,36.492068,127.321961,12,세종특별시
2026-06-22T11:40:16+09:00,GBIKE,130966,76.0,36.49207,127.241635,12,세종특별시
2026-06-22T11:40:16+09:00,GBIKE,131817,34.0,36.492071,127.241628,12,세종특별시
2026-06-22T11:40:16+09:00,GBIKE,131130,100.0,36.492077,127.241584,12,세종특별시
2026-06-22T11:40:16+09:00,GBIKE,130570,96.0,36.49212,127.241522,12,세종특별시
2026-06-22T11:40:16+09:00,GBIKE,131690,73.0,36.49214,127.241547,12,세종특별시
2026-06-22T11:40:16+09:00,GBIKE,130621,56.0,36.492158,127.241563,12,세종특별시
2026-06-22T11:40:16+09:00,GBIKE,501386,79.0,36.492216,127.262505,12,세종특별시
2026-06-22T11:40:16+09:00,GBIKE,130408,33.0,36.492219,127.241496,12,세종특별시
2026-06-22T11:40:16+09:00,GBIKE,131639,79.0,36.49222,127.256095,12,세종특별시
2026-06-22T11:40:16+09:00,GBIKE,131067,86.0,36.492289,127.302404,12,세종특별시
2026-06-22T11:40:16+09:00,GBIKE,131632,47.0,36.492376,127.255424,12,세종특별시
2026-06-22T11:40:16+09:00,GBIKE,131347,32.0,36.49238,127.255646,12,세종특별시
2026-06-22T11:40:16+09:00,GBIKE,501123,100.0,36.492399,127.262452,12,세종특별시
2026-06-22T11:40:16+09:00,GBIKE,501275,32.0,36.49242,127.324985,12,세종특별시
2026-06-22T11:40:16+09:00,GBIKE,501381,37.0,36.492503,127.303003,12,세종특별시
2026-06-22T11:40:16+09:00,GBIKE,501581,95.0,36.492538,127.303074,12,세종특별시
2026-06-22T11:40:16+09:00,GBIKE,501320,73.0,36.492581,127.261174,12,세종특별시
2026-06-22T11:40:16+09:00,GBIKE,501142,35.0,36.49259,127.269785,12,세종특별시
2026-06-22T11:40:16+09:00,GBIKE,130991,100.0,36.492615,127.303083,12,세종특별시
2026-06-22T11:40:16+09:00,GBIKE,131455,94.0,36.492629,127.303043,12,세종특별시
2026-06-22T11:40:16+09:00,GBIKE,130867,30.0,36.492631,127.242402,12,세종특별시
2026-06-22T11:40:16+09:00,GBIKE,130233,84.0,36.492638,127.303076,12,세종특별시
2026-06-22T11:40:16+09:00,GBIKE,501574,86.0,36.492653,127.255076,12,세종특별시
2026-06-22T11:40:16+09:00,GBIKE,501217,94.0,36.492654,127.241783,12,세종특별시
2026-06-22T11:40:16+09:00,GBIKE,130281,54.0,36.492659,127.303094,12,세종특별시
2026-06-22T11:40:16+09:00,GBIKE,131568,32.0,36.492673,127.25516,12,세종특별시
2026-06-22T11:40:16+09:00,GBIKE,130819,43.0,36.49268,127.320326,12,세종특별시
2026-06-22T11:40:16+09:00,GBIKE,131898,67.0,36.492865,127.257513,12,세종특별시
2026-06-22T11:40:16+09:00,GBIKE,130969,87.0,36.49287,127.302157,12,세종특별시
2026-06-22T11:40:16+09:00,GBIKE,501120,100.0,36.492909,127.242694,12,세종특별시
2026-06-22T11:40:16+09:00,GBIKE,131012,43.0,36.492932,127.251716,12,세종특별시
2026-06-22T11:40:16+09:00,GBIKE,130228,70.0,36.492975,127.323565,12,세종특별시
2026-06-22T11:40:16+09:00,GBIKE,130951,100.0,36.492999,127.248773,12,세종특별시
2026-06-22T11:40:16+09:00,GBIKE,130304,32.0,36.493001,127.245655,12,세종특별시
2026-06-22T11:40:16+09:00,GBIKE,131652,48.0,36.493016,127.254715,12,세종특별시
2026-06-22T11:40:16+09:00,GBIKE,501367,42.0,36.493025,127.254701,12,세종특별시
2026-06-22T11:40:16+09:00,GBIKE,131349,36.0,36.493025,127.249086,12,세종특별시
2026-06-22T11:40:16+09:00,GBIKE,130389,54.0,36.493074,127.255392,12,세종특별시
2026-06-22T11:40:16+09:00,GBIKE,501538,68.0,36.493105,127.244667,12,세종특별시
2026-06-22T11:40:16+09:00,GBIKE,130580,53.0,36.493143,127.249374,12,세종특별시
2026-06-22T11:40:16+09:00,GBIKE,501137,75.0,36.493214,127.301138,12,세종특별시
2026-06-22T11:40:16+09:00,GBIKE,130577,83.0,36.493232,127.301136,12,세종특별시
2026-06-22T11:40:16+09:00,GBIKE,131749,31.0,36.493289,127.255973,12,세종특별시
2026-06-22T11:40:16+09:00,GBIKE,501203,80.0,36.493481,127.304244,12,세종특별시
2026-06-22T11:40:16+09:00,GBIKE,131028,100.0,36.493546,127.247424,12,세종특별시
2026-06-22T11:40:16+09:00,GBIKE,131218,30.0,36.493609,127.2492,12,세종특별시
2026-06-22T11:40:16+09:00,GBIKE,131115,52.0,36.493641,127.301428,12,세종특별시
2026-06-22T11:40:16+09:00,GBIKE,130053,47.0,36.493676,127.255529,12,세종특별시
2026-06-22T11:40:16+09:00,GBIKE,131926,30.0,36.493726,127.256071,12,세종특별시
2026-06-22T11:40:16+09:00,GBIKE,131075,93.0,36.493792,127.249444,12,세종특별시
2026-06-22T11:40:16+09:00,GBIKE,130065,78.0,36.493793,127.24087,12,세종특별시
2026-06-22T11:40:16+09:00,GBIKE,131851,30.0,36.493795,127.325488,12,세종특별시
2026-06-22T11:40:16+09:00,GBIKE,130252,80.0,36.493812,127.248239,12,세종특별시
2026-06-22T11:40:16+09:00,GBIKE,131571,100.0,36.493814,127.256145,12,세종특별시
2026-06-22T11:40:16+09:00,GBIKE,501237,35.0,36.493817,127.249801,12,세종특별시
2026-06-22T11:40:16+09:00,GBIKE,131751,33.0,36.493874,127.248504,12,세종특별시
2026-06-22T11:40:16+09:00,GBIKE,131241,47.0,36.493924,127.240885,12,세종특별시
2026-06-22T11:40:16+09:00,GBIKE,130962,38.0,36.493942,127.261432,12,세종특별시
2026-06-22T11:40:16+09:00,GBIKE,501528,79.0,36.493962,127.261446,12,세종특별시
2026-06-22T11:40:16+09:00,GBIKE,130944,54.0,36.493974,127.256158,12,세종특별시
2026-06-22T11:40:16+09:00,GBIKE,130136,32.0,36.494022,127.248883,12,세종특별시
2026-06-22T11:40:16+09:00,GBIKE,130413,41.0,36.494024,127.261342,12,세종특별시
2026-06-22T11:40:16+09:00,GBIKE,131861,86.0,36.49404,127.248972,12,세종특별시
2026-06-22T11:40:16+09:00,GBIKE,501341,76.0,36.494049,127.249186,12,세종특별시
2026-06-22T11:40:16+09:00,GBIKE,131706,30.0,36.494065,127.2489,12,세종특별시
2026-06-22T11:40:16+09:00,GBIKE,131091,34.0,36.494067,127.256528,12,세종특별시
2026-06-22T11:40:16+09:00,GBIKE,130071,56.0,36.494095,127.241573,12,세종특별시
2026-06-22T11:40:16+09:00,GBIKE,131361,69.0,36.494105,127.255664,12,세종특별시
2026-06-22T11:40:16+09:00,GBIKE,131778,65.0,36.494114,127.256598,12,세종특별시
2026-06-22T11:40:16+09:00,GBIKE,131524,96.0,36.494114,127.240953,12,세종특별시
2026-06-22T11:40:16+09:00,GBIKE,130535,33.0,36.494133,127.252971,12,세종특별시
2026-06-22T11:40:16+09:00,GBIKE,131189,100.0,36.494174,127.248916,12,세종특별시
2026-06-22T11:40:16+09:00,GBIKE,131498,77.0,36.49418,127.250214,12,세종특별시
2026-06-22T11:40:16+09:00,GBIKE,131243,100.0,36.494233,127.248917,12,세종특별시
2026-06-22T11:40:16+09:00,GBIKE,130505,35.0,36.494244,127.249492,12,세종특별시
2026-06-22T11:40:16+09:00,GBIKE,131260,42.0,36.494244,127.249316,12,세종특별시
2026-06-22T11:40:16+09:00,GBIKE,130300,85.0,36.494246,127.249455,12,세종특별시
2026-06-22T11:40:16+09:00,GBIKE,130723,100.0,36.494246,127.248925,12,세종특별시
2026-06-22T11:40:16+09:00,GBIKE,131873,32.0,36.494279,127.252543,12,세종특별시
2026-06-22T11:40:16+09:00,GBIKE,131155,67.0,36.494302,127.250047,12,세종특별시
2026-06-22T11:40:16+09:00,GBIKE,130479,44.0,36.494304,127.249634,12,세종특별시
2026-06-22T11:40:16+09:00,GBIKE,131451,61.0,36.494339,127.256587,12,세종특별시
2026-06-22T11:40:16+09:00,GBIKE,131768,90.0,36.494379,127.30225,12,세종특별시
2026-06-22T11:40:16+09:00,GBIKE,131560,40.0,36.494385,127.249022,12,세종특별시
2026-06-22T11:40:16+09:00,GBIKE,131358,74.0,36.494392,127.30228,12,세종특별시
2026-06-22T11:40:16+09:00,GBIKE,131417,62.0,36.494436,127.248968,12,세종특별시
2026-06-22T11:40:16+09:00,GBIKE,130198,38.0,36.494467,127.249697,12,세종특별시
2026-06-22T11:40:16+09:00,GBIKE,130891,67.0,36.49448,127.25616,12,세종특별시
2026-06-22T11:40:16+09:00,GBIKE,130108,42.0,36.494492,127.246913,12,세종특별시
2026-06-22T11:40:16+09:00,GBIKE,131473,89.0,36.494492,127.256298,12,세종특별시
2026-06-22T11:40:16+09:00,GBIKE,131790,30.0,36.494502,127.25614,12,세종특별시
2026-06-22T11:40:16+09:00,GBIKE,130881,67.0,36.494503,127.246904,12,세종특별시
2026-06-22T11:40:16+09:00,GBIKE,130955,76.0,36.494525,127.241103,12,세종특별시
2026-06-22T11:40:16+09:00,GBIKE,131600,90.0,36.494543,127.249914,12,세종특별시
2026-06-22T11:40:16+09:00,GBIKE,130865,31.0,36.494545,127.249672,12,세종특별시
2026-06-22T11:40:16+09:00,GBIKE,131647,76.0,36.494547,127.26075,12,세종특별시
2026-06-22T11:40:16+09:00,GBIKE,131284,52.0,36.494551,127.260766,12,세종특별시
2026-06-22T11:40:16+09:00,GBIKE,130131,94.0,36.494562,127.260847,12,세종특별시
2026-06-22T11:40:16+09:00,GBIKE,501128,46.0,36.494585,127.240659,12,세종특별시
2026-06-22T11:40:16+09:00,GBIKE,131674,31.0,36.494587,127.256278,12,세종특별시
2026-06-22T11:40:16+09:00,GBIKE,130130,70.0,36.494593,127.256473,12,세종특별시
2026-06-22T11:40:16+09:00,GBIKE,131394,72.0,36.4946,127.256315,12,세종특별시
2026-06-22T11:40:16+09:00,GBIKE,131052,70.0,36.494611,127.256318,12,세종특별시
2026-06-22T11:40:16+09:00,GBIKE,130729,63.0,36.494612,127.256324,12,세종특별시
2026-06-22T11:40:16+09:00,GBIKE,501167,58.0,36.494621,127.25429,12,세종특별시
2026-06-22T11:40:16+09:00,GBIKE,131980,63.0,36.494639,127.256194,12,세종특별시
2026-06-22T11:40:16+09:00,GBIKE,130796,36.0,36.494652,127.256361,12,세종특별시
2026-06-22T11:40:16+09:00,GBIKE,130654,35.0,36.494685,127.24143,12,세종특별시
2026-06-22T11:40:16+09:00,GBIKE,131430,88.0,36.49469,127.256419,12,세종특별시
2026-06-22T11:40:16+09:00,GBIKE,131798,81.0,36.494714,127.26062,12,세종특별시
2026-06-22T11:40:16+09:00,GBIKE,131678,33.0,36.494728,127.249706,12,세종특별시
2026-06-22T11:40:16+09:00,GBIKE,131374,69.0,36.49473,127.25737,12,세종특별시
2026-06-22T11:40:16+09:00,GBIKE,130615,30.0,36.494734,127.249727,12,세종특별시
2026-06-22T11:40:16+09:00,GBIKE,501436,94.0,36.494739,127.246971,12,세종특별시
2026-06-22T11:40:16+09:00,GBIKE,131625,33.0,36.494742,127.249763,12,세종특별시
2026-06-22T11:40:16+09:00,GBIKE,501534,76.0,36.494752,127.306062,12,세종특별시
2026-06-22T11:40:16+09:00,GBIKE,131512,42.0,36.494761,127.257352,12,세종특별시
2026-06-22T11:40:16+09:00,GBIKE,130781,83.0,36.494762,127.246957,12,세종특별시
2026-06-22T11:40:16+09:00,GBIKE,131748,58.0,36.494818,127.256436,12,세종특별시
2026-06-22T11:40:16+09:00,GBIKE,131158,43.0,36.494831,127.257543,12,세종특별시
2026-06-22T11:40:16+09:00,GBIKE,131589,38.0,36.494843,127.25009,12,세종특별시
2026-06-22T11:40:16+09:00,GBIKE,130149,43.0,36.494858,127.257241,12,세종특별시
2026-06-22T11:40:16+09:00,GBIKE,501368,93.0,36.494897,127.248371,12,세종특별시
2026-06-22T11:40:16+09:00,GBIKE,501410,40.0,36.49491,127.251981,12,세종특별시
2026-06-22T11:40:16+09:00,GBIKE,131883,32.0,36.494913,127.325376,12,세종특별시
2026-06-22T11:40:16+09:00,GBIKE,131528,95.0,36.49501,127.302809,12,세종특별시
2026-06-22T11:40:16+09:00,GBIKE,501353,42.0,36.495039,127.255555,12,세종특별시
2026-06-22T11:40:16+09:00,GBIKE,131996,41.0,36.495039,127.25557,12,세종특별시
2026-06-22T11:40:16+09:00,GBIKE,501391,79.0,36.49505,127.240393,12,세종특별시
2026-06-22T11:40:16+09:00,GBIKE,130663,67.0,36.495066,127.256753,12,세종특별시
2026-06-22T11:40:16+09:00,GBIKE,501552,59.0,36.495096,127.26305,12,세종특별시
2026-06-22T11:40:16+09:00,GBIKE,501270,70.0,36.4952,127.303023,12,세종특별시
2026-06-22T11:40:16+09:00,GBIKE,131182,92.0,36.495235,127.209446,12,세종특별시
2026-06-22T11:40:16+09:00,GBIKE,131474,95.0,36.495236,127.30303,12,세종특별시
2026-06-22T11:40:16+09:00,GBIKE,131514,97.0,36.495245,127.248793,12,세종특별시
2026-06-22T11:40:16+09:00,GBIKE,131532,90.0,36.495373,127.261927,12,세종특별시
2026-06-22T11:40:16+09:00,GBIKE,130213,30.0,36.495423,127.264233,12,세종특별시
2026-06-22T11:40:16+09:00,GBIKE,501464,48.0,36.495516,127.241382,12,세종특별시
2026-06-22T11:40:16+09:00,GBIKE,131200,92.0,36.495531,127.240558,12,세종특별시
2026-06-22T11:40:16+09:00,GBIKE,130021,67.0,36.49554,127.263783,12,세종특별시
2026-06-22T11:40:16+09:00,GBIKE,131970,90.0,36.495551,127.256959,12,세종특별시
2026-06-22T11:40:16+09:00,GBIKE,130982,31.0,36.495556,127.248303,12,세종특별시
2026-06-22T11:40:16+09:00,GBIKE,131076,41.0,36.495563,127.256943,12,세종특별시
2026-06-22T11:40:16+09:00,GBIKE,501282,46.0,36.49558,127.317751,12,세종특별시
2026-06-22T11:40:16+09:00,GBIKE,130638,59.0,36.495589,127.256996,12,세종특별시
2026-06-22T11:40:16+09:00,GBIKE,130590,45.0,36.4956,127.258935,12,세종특별시
2026-06-22T11:40:16+09:00,GBIKE,130151,30.0,36.495616,127.249548,12,세종특별시
2026-06-22T11:40:16+09:00,GBIKE,130529,54.0,36.495618,127.256975,12,세종특별시
2026-06-22T11:40:16+09:00,GBIKE,130320,30.0,36.495636,127.249479,12,세종특별시
2026-06-22T11:40:16+09:00,GBIKE,501124,50.0,36.495641,127.25698,12,세종특별시
2026-06-22T11:40:16+09:00,GBIKE,131244,75.0,36.495673,127.317735,12,세종특별시
2026-06-22T11:40:16+09:00,GBIKE,131923,37.0,36.495738,127.248341,12,세종특별시
2026-06-22T11:40:16+09:00,GBIKE,131513,36.0,36.49576,127.303493,12,세종특별시
2026-06-22T11:40:16+09:00,GBIKE,501542,53.0,36.495781,127.257259,12,세종특별시
2026-06-22T11:40:16+09:00,GBIKE,131920,69.0,36.495782,127.303487,12,세종특별시
2026-06-22T11:40:16+09:00,GBIKE,501163,72.0,36.495861,127.248991,12,세종특별시
2026-06-22T11:40:16+09:00,GBIKE,131439,40.0,36.495934,127.238716,12,세종특별시
2026-06-22T11:40:16+09:00,GBIKE,131321,58.0,36.495955,127.23873,12,세종특별시
2026-06-22T11:40:16+09:00,GBIKE,131618,51.0,36.495959,127.238686,12,세종특별시
2026-06-22T11:40:16+09:00,GBIKE,131885,89.0,36.495967,127.238701,12,세종특별시
2026-06-22T11:40:16+09:00,GBIKE,131380,59.0,36.495975,127.240288,12,세종특별시
2026-06-22T11:40:16+09:00,GBIKE,131719,91.0,36.495976,127.240253,12,세종특별시
2026-06-22T11:40:16+09:00,GBIKE,130403,34.0,36.496008,127.243281,12,세종특별시
2026-06-22T11:40:16+09:00,GBIKE,130940,63.0,36.496034,127.241184,12,세종특별시
2026-06-22T11:40:16+09:00,GBIKE,501351,71.0,36.496037,127.241244,12,세종특별시
2026-06-22T11:40:16+09:00,GBIKE,501258,37.0,36.496062,127.310019,12,세종특별시
2026-06-22T11:40:16+09:00,GBIKE,131381,51.0,36.496102,127.238586,12,세종특별시
2026-06-22T11:40:16+09:00,GBIKE,130639,49.0,36.496104,127.303879,12,세종특별시
2026-06-22T11:40:16+09:00,GBIKE,130164,84.0,36.496107,127.240685,12,세종특별시
2026-06-22T11:40:16+09:00,GBIKE,131638,43.0,36.496131,127.238541,12,세종특별시
2026-06-22T11:40:16+09:00,GBIKE,131978,54.0,36.496162,127.240687,12,세종특별시
2026-06-22T11:40:16+09:00,GBIKE,130848,76.0,36.496171,127.264756,12,세종특별시
2026-06-22T11:40:16+09:00,GBIKE,130727,85.0,36.496179,127.238548,12,세종특별시
2026-06-22T11:40:16+09:00,GBIKE,130068,87.0,36.496187,127.305655,12,세종특별시
2026-06-22T11:40:16+09:00,GBIKE,131609,35.0,36.496192,127.239666,12,세종특별시
2026-06-22T11:40:16+09:00,GBIKE,131058,49.0,36.496199,127.305624,12,세종특별시
2026-06-22T11:40:16+09:00,GBIKE,131521,45.0,36.496201,127.305679,12,세종특별시
2026-06-22T11:40:16+09:00,GBIKE,501548,88.0,36.496209,127.304721,12,세종특별시
2026-06-22T11:40:16+09:00,GBIKE,131162,30.0,36.496234,127.237853,12,세종특별시
2026-06-22T11:40:16+09:00,GBIKE,131965,34.0,36.496262,127.240637,12,세종특별시
2026-06-22T11:40:16+09:00,GBIKE,131140,82.0,36.496351,127.304146,12,세종특별시
2026-06-22T11:40:16+09:00,GBIKE,130483,66.0,36.496365,127.239138,12,세종특별시
2026-06-22T11:40:16+09:00,GBIKE,130981,96.0,36.496365,127.238828,12,세종특별시
2026-06-22T11:40:16+09:00,GBIKE,501476,100.0,36.496373,127.305557,12,세종특별시
2026-06-22T11:40:16+09:00,GBIKE,130783,94.0,36.496427,127.237475,12,세종특별시
2026-06-22T11:40:16+09:00,GBIKE,131599,31.0,36.496462,127.237502,12,세종특별시
2026-06-22T11:40:16+09:00,GBIKE,501477,92.0,36.496573,127.237318,12,세종특별시
2026-06-22T11:40:16+09:00,GBIKE,130057,30.0,36.496598,127.237302,12,세종특별시
2026-06-22T11:40:16+09:00,GBIKE,131265,42.0,36.496599,127.303824,12,세종특별시
2026-06-22T11:40:16+09:00,GBIKE,501311,93.0,36.496719,127.304642,12,세종특별시
2026-06-22T11:40:16+09:00,GBIKE,501220,30.0,36.496732,127.256249,12,세종특별시
2026-06-22T11:40:16+09:00,GBIKE,130953,82.0,36.496814,127.262832,12,세종특별시
2026-06-22T11:40:16+09:00,GBIKE,501394,34.0,36.496911,127.263452,12,세종특별시
2026-06-22T11:40:16+09:00,GBIKE,130533,30.0,36.497,127.249109,12,세종특별시
2026-06-22T11:40:16+09:00,GBIKE,131136,70.0,36.497356,127.310689,12,세종특별시
2026-06-22T11:40:16+09:00,GBIKE,131682,35.0,36.497413,127.257229,12,세종특별시
2026-06-22T11:40:16+09:00,GBIKE,130594,30.0,36.497447,127.30916,12,세종특별시
2026-06-22T11:40:16+09:00,GBIKE,131101,33.0,36.497523,127.312058,12,세종특별시
2026-06-22T11:40:16+09:00,GBIKE,501501,83.0,36.497535,127.260459,12,세종특별시
2026-06-22T11:40:16+09:00,GBIKE,131045,98.0,36.497549,127.315197,12,세종특별시
2026-06-22T11:40:16+09:00,GBIKE,130890,92.0,36.497555,127.31381,12,세종특별시
2026-06-22T11:40:16+09:00,GBIKE,130225,95.0,36.497559,127.3138,12,세종특별시
2026-06-22T11:40:16+09:00,GBIKE,130679,36.0,36.497652,127.257015,12,세종특별시
2026-06-22T11:40:16+09:00,GBIKE,131750,54.0,36.497683,127.25988,12,세종특별시
2026-06-22T11:40:16+09:00,GBIKE,131797,89.0,36.49769,127.259998,12,세종특별시
2026-06-22T11:40:16+09:00,GBIKE,130879,33.0,36.497694,127.249156,12,세종특별시
2026-06-22T11:40:16+09:00,GBIKE,130503,100.0,36.497702,127.310739,12,세종특별시
2026-06-22T11:40:16+09:00,GBIKE,130919,100.0,36.497726,127.310753,12,세종특별시
2026-06-22T11:40:16+09:00,GBIKE,130179,100.0,36.497728,127.31075,12,세종특별시
2026-06-22T11:40:16+09:00,GBIKE,130698,100.0,36.49774,127.310721,12,세종특별시
2026-06-22T11:40:16+09:00,GBIKE,501499,74.0,36.49775,127.315779,12,세종특별시
2026-06-22T11:40:16+09:00,GBIKE,130150,100.0,36.497751,127.310739,12,세종특별시
2026-06-22T11:40:16+09:00,GBIKE,130694,86.0,36.497775,127.317378,12,세종특별시
2026-06-22T11:40:16+09:00,GBIKE,131590,31.0,36.497802,127.243249,12,세종특별시
2026-06-22T11:40:16+09:00,GBIKE,130092,56.0,36.497809,127.259227,12,세종특별시
2026-06-22T11:40:16+09:00,GBIKE,130662,69.0,36.497855,127.259332,12,세종특별시
2026-06-22T11:40:16+09:00,GBIKE,130478,30.0,36.49787,127.311798,12,세종특별시
2026-06-22T11:40:16+09:00,GBIKE,501299,91.0,36.498021,127.25576,12,세종특별시
2026-06-22T11:40:16+09:00,GBIKE,130347,70.0,36.498075,127.258788,12,세종특별시
2026-06-22T11:40:16+09:00,GBIKE,131825,54.0,36.498101,127.25858,12,세종특별시
2026-06-22T11:40:16+09:00,GBIKE,131428,47.0,36.498108,127.261416,12,세종특별시
2026-06-22T11:40:16+09:00,GBIKE,130655,62.0,36.498128,127.258548,12,세종특별시
2026-06-22T11:40:16+09:00,GBIKE,501209,48.0,36.49815,127.248919,12,세종특별시
2026-06-22T11:40:16+09:00,GBIKE,131903,40.0,36.498153,127.310157,12,세종특별시
2026-06-22T11:40:16+09:00,GBIKE,131018,63.0,36.498203,127.261264,12,세종특별시
2026-06-22T11:40:16+09:00,GBIKE,130378,53.0,36.498344,127.255888,12,세종특별시
2026-06-22T11:40:16+09:00,GBIKE,130943,66.0,36.498423,127.307506,12,세종특별시
2026-06-22T11:40:16+09:00,GBIKE,501596,30.0,36.498461,127.242504,12,세종특별시
2026-06-22T11:40:16+09:00,GBIKE,131235,75.0,36.49849,127.258549,12,세종특별시
2026-06-22T11:40:16+09:00,GBIKE,131510,31.0,36.498521,127.313564,12,세종특별시
2026-06-22T11:40:16+09:00,GBIKE,131056,33.0,36.498544,127.255687,12,세종특별시
2026-06-22T11:40:16+09:00,GBIKE,130132,83.0,36.498559,127.265668,12,세종특별시
2026-06-22T11:40:16+09:00,GBIKE,131084,57.0,36.498681,127.317621,12,세종특별시
2026-06-22T11:40:16+09:00,GBIKE,131677,34.0,36.498748,127.233294,12,세종특별시
2026-06-22T11:40:16+09:00,GBIKE,501159,83.0,36.498755,127.286281,12,세종특별시
2026-06-22T11:40:16+09:00,GBIKE,501544,59.0,36.498783,127.258139,12,세종특별시
2026-06-22T11:40:16+09:00,GBIKE,501171,100.0,36.498814,127.329551,12,세종특별시
2026-06-22T11:40:16+09:00,GBIKE,336891,44.0,36.498906,127.249625,12,세종특별시
2026-06-22T11:40:16+09:00,GBIKE,130083,68.0,36.498936,127.25668,12,세종특별시
2026-06-22T11:40:16+09:00,GBIKE,501333,65.0,36.498951,127.255563,12,세종특별시
2026-06-22T11:40:16+09:00,GBIKE,131345,61.0,36.498953,127.256739,12,세종특별시
2026-06-22T11:40:16+09:00,GBIKE,130668,58.0,36.499007,127.249424,12,세종특별시
2026-06-22T11:40:16+09:00,GBIKE,501308,86.0,36.499025,127.25467,12,세종특별시
2026-06-22T11:40:16+09:00,GBIKE,130435,63.0,36.499042,127.25453,12,세종특별시
2026-06-22T11:40:16+09:00,GBIKE,131539,42.0,36.499043,127.255942,12,세종특별시
2026-06-22T11:40:16+09:00,GBIKE,501575,61.0,36.499073,127.225745,12,세종특별시
2026-06-22T11:40:16+09:00,GBIKE,130043,52.0,36.499091,127.331882,12,세종특별시
2026-06-22T11:40:16+09:00,GBIKE,130137,47.0,36.499104,127.331839,12,세종특별시
2026-06-22T11:40:16+09:00,GBIKE,130648,51.0,36.499105,127.252206,12,세종특별시
2026-06-22T11:40:16+09:00,GBIKE,131132,98.0,36.499133,127.317129,12,세종특별시
2026-06-22T11:40:16+09:00,GBIKE,130905,86.0,36.499134,127.254564,12,세종특별시
2026-06-22T11:40:16+09:00,GBIKE,501576,97.0,36.49915,127.314447,12,세종특별시
2026-06-22T11:40:16+09:00,GBIKE,616900,56.0,36.499152,127.307621,12,세종특별시
2026-06-22T11:40:16+09:00,GBIKE,130180,35.0,36.499174,127.255971,12,세종특별시
2026-06-22T11:40:16+09:00,GBIKE,130184,99.0,36.499187,127.256663,12,세종특별시
2026-06-22T11:40:16+09:00,GBIKE,130834,96.0,36.499189,127.236098,12,세종특별시
2026-06-22T11:40:16+09:00,GBIKE,131874,77.0,36.499241,127.236511,12,세종특별시
2026-06-22T11:40:16+09:00,GBIKE,131047,100.0,36.499245,127.25571,12,세종특별시
2026-06-22T11:40:16+09:00,GBIKE,131367,50.0,36.499295,127.237001,12,세종특별시
2026-06-22T11:40:16+09:00,GBIKE,131057,95.0,36.499322,127.259612,12,세종특별시
2026-06-22T11:40:16+09:00,GBIKE,130388,97.0,36.499343,127.259624,12,세종특별시
2026-06-22T11:40:16+09:00,GBIKE,131783,100.0,36.499343,127.255939,12,세종특별시
2026-06-22T11:40:16+09:00,GBIKE,131535,53.0,36.499374,127.255556,12,세종특별시
2026-06-22T11:40:16+09:00,GBIKE,130971,39.0,36.499442,127.236389,12,세종특별시
2026-06-22T11:40:16+09:00,GBIKE,130406,93.0,36.499453,127.256094,12,세종특별시
2026-06-22T11:40:16+09:00,GBIKE,131466,82.0,36.499468,127.259104,12,세종특별시
2026-06-22T11:40:16+09:00,GBIKE,130385,52.0,36.499473,127.236408,12,세종특별시
2026-06-22T11:40:16+09:00,GBIKE,131500,46.0,36.499509,127.23922,12,세종특별시
2026-06-22T11:40:16+09:00,GBIKE,130527,62.0,36.499513,127.246197,12,세종특별시
2026-06-22T11:40:16+09:00,GBIKE,131687,35.0,36.499524,127.234558,12,세종특별시
2026-06-22T11:40:16+09:00,GBIKE,501438,40.0,36.499529,127.269563,12,세종특별시
2026-06-22T11:40:16+09:00,GBIKE,501375,98.0,36.499552,127.240782,12,세종특별시
2026-06-22T11:40:16+09:00,GBIKE,501449,80.0,36.499554,127.312459,12,세종특별시
2026-06-22T11:40:16+09:00,GBIKE,374246,30.0,36.499555,127.240646,12,세종특별시
2026-06-22T11:40:16+09:00,GBIKE,130530,46.0,36.499583,127.255899,12,세종특별시
2026-06-22T11:40:16+09:00,GBIKE,501503,61.0,36.499595,127.269396,12,세종특별시
2026-06-22T11:40:16+09:00,GBIKE,130175,57.0,36.499597,127.335305,12,세종특별시
2026-06-22T11:40:16+09:00,GBIKE,130355,87.0,36.49962,127.235749,12,세종특별시
2026-06-22T11:40:16+09:00,GBIKE,130076,89.0,36.499694,127.256102,12,세종특별시
2026-06-22T11:40:16+09:00,GBIKE,131192,58.0,36.499698,127.243095,12,세종특별시
2026-06-22T11:40:16+09:00,GBIKE,501465,57.0,36.499705,127.269847,12,세종특별시
2026-06-22T11:40:16+09:00,GBIKE,130864,89.0,36.499724,127.25597,12,세종특별시
2026-06-22T11:40:16+09:00,GBIKE,130263,97.0,36.499794,127.241959,12,세종특별시
2026-06-22T11:40:16+09:00,GBIKE,130499,35.0,36.499841,127.232063,12,세종특별시
2026-06-22T11:40:16+09:00,GBIKE,131400,84.0,36.499888,127.232374,12,세종특별시
2026-06-22T11:40:16+09:00,GBIKE,131019,91.0,36.499899,127.240657,12,세종특별시
2026-06-22T11:40:16+09:00,GBIKE,130282,50.0,36.4999,127.240688,12,세종특별시
2026-06-22T11:40:16+09:00,GBIKE,131741,100.0,36.499904,127.232395,12,세종특별시
2026-06-22T11:40:16+09:00,GBIKE,130716,30.0,36.499928,127.256474,12,세종특별시
2026-06-22T11:40:16+09:00,GBIKE,130555,36.0,36.49993,127.307505,12,세종특별시
2026-06-22T11:40:16+09:00,GBIKE,130334,35.0,36.499932,127.242908,12,세종특별시
2026-06-22T11:40:16+09:00,GBIKE,501428,43.0,36.500004,127.260352,12,세종특별시
2026-06-22T11:40:16+09:00,GBIKE,130183,68.0,36.500019,127.256354,12,세종특별시
2026-06-22T11:40:16+09:00,GBIKE,130702,54.0,36.500038,127.260346,12,세종특별시
2026-06-22T11:40:16+09:00,GBIKE,131024,95.0,36.500039,127.234741,12,세종특별시
2026-06-22T11:40:16+09:00,GBIKE,337807,51.0,36.500041,127.235431,12,세종특별시
2026-06-22T11:40:16+09:00,GBIKE,131129,42.0,36.500045,127.235587,12,세종특별시
2026-06-22T11:40:16+09:00,GBIKE,131456,63.0,36.500045,127.235579,12,세종특별시
2026-06-22T11:40:16+09:00,GBIKE,131146,73.0,36.500046,127.235607,12,세종특별시
2026-06-22T11:40:16+09:00,GBIKE,130012,58.0,36.500048,127.235866,12,세종특별시
2026-06-22T11:40:16+09:00,GBIKE,131876,84.0,36.500048,127.235626,12,세종특별시
2026-06-22T11:40:16+09:00,GBIKE,130816,94.0,36.500049,127.235558,12,세종특별시
2026-06-22T11:40:16+09:00,GBIKE,131016,70.0,36.50005,127.235733,12,세종특별시
2026-06-22T11:40:16+09:00,GBIKE,501357,42.0,36.500053,127.312772,12,세종특별시
2026-06-22T11:40:16+09:00,GBIKE,131655,46.0,36.500054,127.235687,12,세종특별시
2026-06-22T11:40:16+09:00,GBIKE,501116,69.0,36.500055,127.235486,12,세종특별시
2026-06-22T11:40:16+09:00,GBIKE,501358,70.0,36.500061,127.235712,12,세종특별시
2026-06-22T11:40:16+09:00,GBIKE,131974,56.0,36.500063,127.235603,12,세종특별시
2026-06-22T11:40:16+09:00,GBIKE,131807,34.0,36.500067,127.235486,12,세종특별시
2026-06-22T11:40:16+09:00,GBIKE,131112,35.0,36.500069,127.235513,12,세종특별시
2026-06-22T11:40:16+09:00,GBIKE,130975,63.0,36.50007,127.257018,12,세종특별시
2026-06-22T11:40:16+09:00,GBIKE,130812,38.0,36.500073,127.235606,12,세종특별시
2026-06-22T11:40:16+09:00,GBIKE,131905,95.0,36.500073,127.235489,12,세종특별시
2026-06-22T11:40:16+09:00,GBIKE,130575,64.0,36.500075,127.235655,12,세종특별시
2026-06-22T11:40:16+09:00,GBIKE,131219,94.0,36.500093,127.236007,12,세종특별시
2026-06-22T11:40:16+09:00,GBIKE,131828,92.0,36.500094,127.235663,12,세종특별시
2026-06-22T11:40:16+09:00,GBIKE,130712,100.0,36.500136,127.236051,12,세종특별시
2026-06-22T11:40:16+09:00,GBIKE,130325,65.0,36.500145,127.259061,12,세종특별시
2026-06-22T11:40:16+09:00,GBIKE,501346,100.0,36.500179,127.332168,12,세종특별시
2026-06-22T11:40:16+09:00,GBIKE,130445,46.0,36.500218,127.236054,12,세종특별시
2026-06-22T11:40:16+09:00,GBIKE,501475,94.0,36.500233,127.235755,12,세종특별시
2026-06-22T11:40:16+09:00,GBIKE,130256,56.0,36.500244,127.236007,12,세종특별시
2026-06-22T11:40:16+09:00,GBIKE,131691,95.0,36.500256,127.235988,12,세종특별시
2026-06-22T11:40:16+09:00,GBIKE,131334,95.0,36.500276,127.236053,12,세종특별시
2026-06-22T11:40:16+09:00,GBIKE,501149,46.0,36.500395,127.314364,12,세종특별시
2026-06-22T11:40:16+09:00,GBIKE,130359,78.0,36.500414,127.256582,12,세종특별시
2026-06-22T11:40:16+09:00,GBIKE,501421,49.0,36.500426,127.309791,12,세종특별시
2026-06-22T11:40:16+09:00,GBIKE,130693,49.0,36.500437,127.331067,12,세종특별시
2026-06-22T11:40:16+09:00,GBIKE,501578,52.0,36.500438,127.261602,12,세종특별시
2026-06-22T11:40:16+09:00,GBIKE,131011,78.0,36.500475,127.258848,12,세종특별시
2026-06-22T11:40:16+09:00,GBIKE,131850,61.0,36.50057,127.258203,12,세종특별시
2026-06-22T11:40:16+09:00,GBIKE,131987,92.0,36.500573,127.259003,12,세종특별시
2026-06-22T11:40:16+09:00,GBIKE,131453,54.0,36.500647,127.259242,12,세종특별시
2026-06-22T11:40:16+09:00,GBIKE,130029,74.0,36.500666,127.257946,12,세종특별시
2026-06-22T11:40:16+09:00,GBIKE,131376,64.0,36.50067,127.259692,12,세종특별시
2026-06-22T11:40:16+09:00,GBIKE,501434,59.0,36.500675,127.258012,12,세종특별시
2026-06-22T11:40:16+09:00,GBIKE,130207,32.0,36.500682,127.249937,12,세종특별시
2026-06-22T11:40:16+09:00,GBIKE,131133,87.0,36.500685,127.268563,12,세종특별시
2026-06-22T11:40:16+09:00,GBIKE,501188,76.0,36.500688,127.268322,12,세종특별시
2026-06-22T11:40:16+09:00,GBIKE,501554,66.0,36.500695,127.308474,12,세종특별시
2026-06-22T11:40:16+09:00,GBIKE,501104,89.0,36.500726,127.257916,12,세종특별시
2026-06-22T11:40:16+09:00,GBIKE,130625,37.0,36.500763,127.268386,12,세종특별시
2026-06-22T11:40:16+09:00,GBIKE,131002,69.0,36.500776,127.259758,12,세종특별시
2026-06-22T11:40:16+09:00,GBIKE,131803,88.0,36.500794,127.328532,12,세종특별시
2026-06-22T11:40:16+09:00,GBIKE,131679,77.0,36.500836,127.245245,12,세종특별시
2026-06-22T11:40:16+09:00,GBIKE,131993,37.0,36.500838,127.332097,12,세종특별시
2026-06-22T11:40:16+09:00,GBIKE,131831,50.0,36.500839,127.258206,12,세종특별시
2026-06-22T11:40:16+09:00,GBIKE,130042,30.0,36.50084,127.332117,12,세종특별시
2026-06-22T11:40:16+09:00,GBIKE,501197,75.0,36.500879,127.259208,12,세종특별시
2026-06-22T11:40:16+09:00,GBIKE,501584,66.0,36.500955,127.259824,12,세종특별시
2026-06-22T11:40:16+09:00,GBIKE,130752,30.0,36.501015,127.315434,12,세종특별시
2026-06-22T11:40:16+09:00,GBIKE,501212,100.0,36.501018,127.308389,12,세종특별시
2026-06-22T11:40:16+09:00,GBIKE,131895,97.0,36.501043,127.259385,12,세종특별시
2026-06-22T11:40:16+09:00,GBIKE,130144,86.0,36.50109,127.259538,12,세종특별시
2026-06-22T11:40:16+09:00,GBIKE,131339,75.0,36.50109,127.259476,12,세종특별시
2026-06-22T11:40:16+09:00,GBIKE,130690,100.0,36.501107,127.259521,12,세종특별시
2026-06-22T11:40:16+09:00,GBIKE,501448,44.0,36.501265,127.313795,12,세종특별시
2026-06-22T11:40:16+09:00,GBIKE,130899,100.0,36.501274,127.256963,12,세종특별시
2026-06-22T11:40:16+09:00,GBIKE,130195,83.0,36.501282,127.259531,12,세종특별시
2026-06-22T11:40:16+09:00,GBIKE,131617,64.0,36.501292,127.313726,12,세종특별시
2026-06-22T11:40:16+09:00,GBIKE,131733,45.0,36.501313,127.313736,12,세종특별시
2026-06-22T11:40:16+09:00,GBIKE,130271,48.0,36.501357,127.26011,12,세종특별시
2026-06-22T11:40:16+09:00,GBIKE,130498,77.0,36.501366,127.268857,12,세종특별시
2026-06-22T11:40:16+09:00,GBIKE,131447,87.0,36.501378,127.243946,12,세종특별시
2026-06-22T11:40:16+09:00,GBIKE,131526,59.0,36.501394,127.268862,12,세종특별시
2026-06-22T11:40:16+09:00,GBIKE,130934,30.0,36.50148,127.313958,12,세종특별시
2026-06-22T11:40:16+09:00,GBIKE,131336,66.0,36.50149,127.263881,12,세종특별시
2026-06-22T11:40:16+09:00,GBIKE,130472,63.0,36.501502,127.263858,12,세종특별시
2026-06-22T11:40:16+09:00,GBIKE,131046,39.0,36.501502,127.263875,12,세종특별시
2026-06-22T11:40:16+09:00,GBIKE,130515,100.0,36.501507,127.246053,12,세종특별시
2026-06-22T11:40:16+09:00,GBIKE,130269,38.0,36.501531,127.329112,12,세종특별시
2026-06-22T11:40:16+09:00,GBIKE,131407,32.0,36.501531,127.259661,12,세종특별시
2026-06-22T11:40:16+09:00,GBIKE,131176,74.0,36.501538,127.263016,12,세종특별시
2026-06-22T11:40:16+09:00,GBIKE,501509,84.0,36.501541,127.26009,12,세종특별시
2026-06-22T11:40:16+09:00,GBIKE,131166,37.0,36.501557,127.234276,12,세종특별시
2026-06-22T11:40:16+09:00,GBIKE,501467,61.0,36.501564,127.264102,12,세종특별시
2026-06-22T11:40:16+09:00,GBIKE,130317,34.0,36.501565,127.259716,12,세종특별시
2026-06-22T11:40:16+09:00,GBIKE,130230,39.0,36.501575,127.244107,12,세종특별시
2026-06-22T11:40:16+09:00,GBIKE,130251,87.0,36.501581,127.259699,12,세종특별시
2026-06-22T11:40:16+09:00,GBIKE,130023,96.0,36.50159,127.259736,12,세종특별시
2026-06-22T11:40:16+09:00,GBIKE,130461,99.0,36.501596,127.259713,12,세종특별시
2026-06-22T11:40:16+09:00,GBIKE,131485,75.0,36.501603,127.244138,12,세종특별시
2026-06-22T11:40:16+09:00,GBIKE,131914,100.0,36.501618,127.259694,12,세종특별시
2026-06-22T11:40:16+09:00,GBIKE,131865,65.0,36.50168,127.25977,12,세종특별시
2026-06-22T11:40:16+09:00,GBIKE,501480,84.0,36.501695,127.258715,12,세종특별시
2026-06-22T11:40:16+09:00,GBIKE,131775,42.0,36.501701,127.263333,12,세종특별시
2026-06-22T11:40:16+09:00,GBIKE,130212,96.0,36.501709,127.253021,12,세종특별시
2026-06-22T11:40:16+09:00,GBIKE,130821,89.0,36.501724,127.262573,12,세종특별시
2026-06-22T11:40:16+09:00,GBIKE,501290,100.0,36.501743,127.265852,12,세종특별시
2026-06-22T11:40:16+09:00,GBIKE,130187,30.0,36.50177,127.243716,12,세종특별시
2026-06-22T11:40:16+09:00,GBIKE,130048,84.0,36.501788,127.236299,12,세종특별시
2026-06-22T11:40:16+09:00,GBIKE,131004,33.0,36.501811,127.235813,12,세종특별시
2026-06-22T11:40:16+09:00,GBIKE,501443,85.0,36.501831,127.324968,12,세종특별시
2026-06-22T11:40:16+09:00,GBIKE,131197,96.0,36.501843,127.250788,12,세종특별시
2026-06-22T11:40:16+09:00,GBIKE,501242,59.0,36.501853,127.236093,12,세종특별시
2026-06-22T11:40:16+09:00,GBIKE,131634,99.0,36.501901,127.242437,12,세종특별시
2026-06-22T11:40:16+09:00,GBIKE,130651,87.0,36.501957,127.250191,12,세종특별시
2026-06-22T11:40:16+09:00,GBIKE,501267,96.0,36.50196,127.235307,12,세종특별시
2026-06-22T11:40:16+09:00,GBIKE,130627,52.0,36.501963,127.265926,12,세종특별시
2026-06-22T11:40:16+09:00,GBIKE,130552,32.0,36.501967,127.235098,12,세종특별시
2026-06-22T11:40:16+09:00,GBIKE,501522,91.0,36.501971,127.262316,12,세종특별시
2026-06-22T11:40:16+09:00,GBIKE,130394,45.0,36.501975,127.264685,12,세종특별시
2026-06-22T11:40:16+09:00,GBIKE,501101,50.0,36.50198,127.265934,12,세종특별시
2026-06-22T11:40:16+09:00,GBIKE,130365,44.0,36.501993,127.23415,12,세종특별시
2026-06-22T11:40:16+09:00,GBIKE,130469,38.0,36.501994,127.24375,12,세종특별시
2026-06-22T11:40:16+09:00,GBIKE,501111,54.0,36.501998,127.262283,12,세종특별시
2026-06-22T11:40:16+09:00,GBIKE,501400,99.0,36.502002,127.249158,12,세종특별시
2026-06-22T11:40:16+09:00,GBIKE,130960,96.0,36.502032,127.248416,12,세종특별시
2026-06-22T11:40:16+09:00,GBIKE,130327,61.0,36.50205,127.236332,12,세종특별시
2026-06-22T11:40:16+09:00,GBIKE,501340,84.0,36.502066,127.236364,12,세종특별시
2026-06-22T11:40:16+09:00,GBIKE,131935,84.0,36.502081,127.236374,12,세종특별시
2026-06-22T11:40:16+09:00,GBIKE,130814,54.0,36.502109,127.247168,12,세종특별시
2026-06-22T11:40:16+09:00,GBIKE,130321,83.0,36.502124,127.247192,12,세종특별시
2026-06-22T11:40:16+09:00,GBIKE,130765,85.0,36.502127,127.236147,12,세종특별시
2026-06-22T11:40:16+09:00,GBIKE,131054,100.0,36.502146,127.247161,12,세종특별시
2026-06-22T11:40:16+09:00,GBIKE,130827,34.0,36.502149,127.247235,12,세종특별시
2026-06-22T11:40:16+09:00,GBIKE,130543,66.0,36.502169,127.247145,12,세종특별시
2026-06-22T11:40:16+09:00,GBIKE,130574,92.0,36.50217,127.247127,12,세종특별시
2026-06-22T11:40:16+09:00,GBIKE,130270,98.0,36.502176,127.248494,12,세종특별시
2026-06-22T11:40:16+09:00,GBIKE,131352,72.0,36.502183,127.247212,12,세종특별시
2026-06-22T11:40:16+09:00,GBIKE,131502,52.0,36.502193,127.260521,12,세종특별시
2026-06-22T11:40:16+09:00,GBIKE,131342,95.0,36.502198,127.260541,12,세종특별시
2026-06-22T11:40:16+09:00,GBIKE,501369,95.0,36.502203,127.248796,12,세종특별시
2026-06-22T11:40:16+09:00,GBIKE,131689,97.0,36.502207,127.248869,12,세종특별시
2026-06-22T11:40:16+09:00,GBIKE,131304,46.0,36.502211,127.248964,12,세종특별시
2026-06-22T11:40:16+09:00,GBIKE,131936,58.0,36.502212,127.24718,12,세종특별시
2026-06-22T11:40:16+09:00,GBIKE,629253,45.0,36.502214,127.248912,12,세종특별시
2026-06-22T11:40:16+09:00,GBIKE,131270,100.0,36.502217,127.24857,12,세종특별시
2026-06-22T11:40:16+09:00,GBIKE,131242,55.0,36.502219,127.250605,12,세종특별시
2026-06-22T11:40:16+09:00,GBIKE,130523,79.0,36.50222,127.248939,12,세종특별시
2026-06-22T11:40:16+09:00,GBIKE,131106,63.0,36.502225,127.241103,12,세종특별시
2026-06-22T11:40:16+09:00,GBIKE,130825,89.0,36.502258,127.248592,12,세종특별시
2026-06-22T11:40:16+09:00,GBIKE,131564,58.0,36.502259,127.260595,12,세종특별시
2026-06-22T11:40:16+09:00,GBIKE,130399,95.0,36.50228,127.260601,12,세종특별시
2026-06-22T11:40:16+09:00,GBIKE,131657,51.0,36.502286,127.24782,12,세종특별시
2026-06-22T11:40:16+09:00,GBIKE,130491,32.0,36.502287,127.248879,12,세종특별시
2026-06-22T11:40:16+09:00,GBIKE,130019,52.0,36.502299,127.248961,12,세종특별시
2026-06-22T11:40:16+09:00,GBIKE,130156,43.0,36.502301,127.260545,12,세종특별시
2026-06-22T11:40:16+09:00,GBIKE,130643,100.0,36.502305,127.247496,12,세종특별시
2026-06-22T11:40:16+09:00,GBIKE,131302,95.0,36.502364,127.257705,12,세종특별시
2026-06-22T11:40:16+09:00,GBIKE,130147,57.0,36.502395,127.242711,12,세종특별시
2026-06-22T11:40:16+09:00,GBIKE,130398,95.0,36.502408,127.247346,12,세종특별시
2026-06-22T11:40:16+09:00,GBIKE,501273,53.0,36.502415,127.259994,12,세종특별시
2026-06-22T11:40:16+09:00,GBIKE,131906,59.0,36.502445,127.266177,12,세종특별시
2026-06-22T11:40:16+09:00,GBIKE,130978,54.0,36.502473,127.258105,12,세종특별시
2026-06-22T11:40:16+09:00,GBIKE,131486,94.0,36.50253,127.266213,12,세종특별시
2026-06-22T11:40:16+09:00,GBIKE,130714,87.0,36.502534,127.266228,12,세종특별시
2026-06-22T11:40:16+09:00,GBIKE,131669,43.0,36.502597,127.333771,12,세종특별시
2026-06-22T11:40:16+09:00,GBIKE,131735,35.0,36.502704,127.232734,12,세종특별시
2026-06-22T11:40:16+09:00,GBIKE,130550,56.0,36.502744,127.260153,12,세종특별시
2026-06-22T11:40:16+09:00,GBIKE,130331,63.0,36.502745,127.232795,12,세종특별시
2026-06-22T11:40:16+09:00,GBIKE,130142,44.0,36.502746,127.260185,12,세종특별시
2026-06-22T11:40:16+09:00,GBIKE,131226,88.0,36.502756,127.263636,12,세종특별시
2026-06-22T11:40:16+09:00,GBIKE,131848,36.0,36.502771,127.232781,12,세종특별시
2026-06-22T11:40:16+09:00,GBIKE,501338,92.0,36.502797,127.260194,12,세종특별시
2026-06-22T11:40:16+09:00,GBIKE,131567,78.0,36.502815,127.263131,12,세종특별시
2026-06-22T11:40:16+09:00,GBIKE,131509,100.0,36.502825,127.260753,12,세종특별시
2026-06-22T11:40:16+09:00,GBIKE,130954,83.0,36.502826,127.266574,12,세종특별시
2026-06-22T11:40:16+09:00,GBIKE,131557,46.0,36.502849,127.260095,12,세종특별시
2026-06-22T11:40:16+09:00,GBIKE,130850,67.0,36.502875,127.26007,12,세종특별시
2026-06-22T11:40:16+09:00,GBIKE,131963,96.0,36.502938,127.266266,12,세종특별시
2026-06-22T11:40:16+09:00,GBIKE,130129,100.0,36.502978,127.334546,12,세종특별시
2026-06-22T11:40:16+09:00,GBIKE,131449,30.0,36.50302,127.250212,12,세종특별시
2026-06-22T11:40:16+09:00,GBIKE,131267,100.0,36.503033,127.334485,12,세종특별시
2026-06-22T11:40:16+09:00,GBIKE,130368,96.0,36.503037,127.33452,12,세종특별시
2026-06-22T11:40:16+09:00,GBIKE,131214,86.0,36.503038,127.33449,12,세종특별시
2026-06-22T11:40:16+09:00,GBIKE,131554,100.0,36.503042,127.334546,12,세종특별시
2026-06-22T11:40:16+09:00,GBIKE,131875,55.0,36.503044,127.334485,12,세종특별시
2026-06-22T11:40:16+09:00,GBIKE,501450,62.0,36.503224,127.335062,12,세종특별시
2026-06-22T11:40:16+09:00,GBIKE,130489,100.0,36.503238,127.335068,12,세종특별시
2026-06-22T11:40:16+09:00,GBIKE,501546,66.0,36.503239,127.245141,12,세종특별시
2026-06-22T11:40:16+09:00,GBIKE,501456,39.0,36.503241,127.335067,12,세종특별시
2026-06-22T11:40:16+09:00,GBIKE,130302,77.0,36.503249,127.335021,12,세종특별시
2026-06-22T11:40:16+09:00,GBIKE,131779,55.0,36.503256,127.237189,12,세종특별시
2026-06-22T11:40:16+09:00,GBIKE,130994,39.0,36.503259,127.334662,12,세종특별시
2026-06-22T11:40:16+09:00,GBIKE,131404,68.0,36.503272,127.237184,12,세종특별시
2026-06-22T11:40:16+09:00,GBIKE,130118,72.0,36.503301,127.242814,12,세종특별시
2026-06-22T11:40:16+09:00,GBIKE,130487,66.0,36.503312,127.244994,12,세종특별시
2026-06-22T11:40:16+09:00,GBIKE,130306,87.0,36.503327,127.240977,12,세종특별시
2026-06-22T11:40:16+09:00,GBIKE,131766,92.0,36.503357,127.248493,12,세종특별시
2026-06-22T11:40:16+09:00,GBIKE,131574,87.0,36.503398,127.249638,12,세종특별시
2026-06-22T11:40:16+09:00,GBIKE,131119,86.0,36.503409,127.33445,12,세종특별시
2026-06-22T11:40:16+09:00,GBIKE,131009,91.0,36.503411,127.265976,12,세종특별시
2026-06-22T11:40:16+09:00,GBIKE,501337,97.0,36.50342,127.242757,12,세종특별시
2026-06-22T11:40:16+09:00,GBIKE,131154,93.0,36.503424,127.265655,12,세종특별시
2026-06-22T11:40:16+09:00,GBIKE,131832,94.0,36.503444,127.334402,12,세종특별시
2026-06-22T11:40:16+09:00,GBIKE,131794,100.0,36.503481,127.334472,12,세종특별시
2026-06-22T11:40:16+09:00,GBIKE,131353,95.0,36.503498,127.334437,12,세종특별시
2026-06-22T11:40:16+09:00,GBIKE,130353,48.0,36.50351,127.249566,12,세종특별시
2026-06-22T11:40:16+09:00,GBIKE,131637,74.0,36.503517,127.250322,12,세종특별시
2026-06-22T11:40:16+09:00,GBIKE,130993,82.0,36.503536,127.334464,12,세종특별시
2026-06-22T11:40:16+09:00,GBIKE,131756,35.0,36.503543,127.249636,12,세종특별시
2026-06-22T11:40:16+09:00,GBIKE,130758,58.0,36.503563,127.261006,12,세종특별시
2026-06-22T11:40:16+09:00,GBIKE,130582,59.0,36.503583,127.265467,12,세종특별시
2026-06-22T11:40:16+09:00,GBIKE,130642,44.0,36.503606,127.265477,12,세종특별시
2026-06-22T11:40:16+09:00,GBIKE,501549,92.0,36.503627,127.26441,12,세종특별시
2026-06-22T11:40:16+09:00,GBIKE,130311,30.0,36.503635,127.239433,12,세종특별시
2026-06-22T11:40:16+09:00,GBIKE,130046,43.0,36.503642,127.236245,12,세종특별시
2026-06-22T11:40:16+09:00,GBIKE,131490,89.0,36.503661,127.266976,12,세종특별시
2026-06-22T11:40:16+09:00,GBIKE,130927,34.0,36.503722,127.23619,12,세종특별시
2026-06-22T11:40:16+09:00,GBIKE,131120,33.0,36.503773,127.249959,12,세종특별시
2026-06-22T11:40:16+09:00,GBIKE,501134,100.0,36.503783,127.261278,12,세종특별시
2026-06-22T11:40:16+09:00,GBIKE,130166,44.0,36.503797,127.265562,12,세종특별시
2026-06-22T11:40:16+09:00,GBIKE,501457,73.0,36.503801,127.261226,12,세종특별시
2026-06-22T11:40:16+09:00,GBIKE,131579,66.0,36.50381,127.261236,12,세종특별시
2026-06-22T11:40:16+09:00,GBIKE,501520,96.0,36.503819,127.261279,12,세종특별시
2026-06-22T11:40:16+09:00,GBIKE,501556,72.0,36.503828,127.261258,12,세종특별시
2026-06-22T11:40:16+09:00,GBIKE,501479,46.0,36.503834,127.261291,12,세종특별시
2026-06-22T11:40:16+09:00,GBIKE,130259,100.0,36.503835,127.261334,12,세종특별시
2026-06-22T11:40:16+09:00,GBIKE,501211,33.0,36.503836,127.261263,12,세종특별시
2026-06-22T11:40:16+09:00,GBIKE,130630,98.0,36.503836,127.261248,12,세종특별시
2026-06-22T11:40:16+09:00,GBIKE,130855,42.0,36.503839,127.26121,12,세종특별시
2026-06-22T11:40:16+09:00,GBIKE,501272,80.0,36.503869,127.261254,12,세종특별시
2026-06-22T11:40:16+09:00,GBIKE,130795,96.0,36.503915,127.26124,12,세종특별시
2026-06-22T11:40:16+09:00,GBIKE,501423,100.0,36.503931,127.261205,12,세종특별시
2026-06-22T11:40:16+09:00,GBIKE,130034,95.0,36.503936,127.266801,12,세종특별시
2026-06-22T11:40:16+09:00,GBIKE,131952,57.0,36.503943,127.27169,12,세종특별시
2026-06-22T11:40:16+09:00,GBIKE,131360,98.0,36.50395,127.249278,12,세종특별시
2026-06-22T11:40:16+09:00,GBIKE,131613,76.0,36.503958,127.266828,12,세종특별시
2026-06-22T11:40:16+09:00,GBIKE,130224,46.0,36.503969,127.270127,12,세종특별시
2026-06-22T11:40:16+09:00,GBIKE,131032,84.0,36.504035,127.270115,12,세종특별시
2026-06-22T11:40:16+09:00,GBIKE,130581,94.0,36.504062,127.265826,12,세종특별시
2026-06-22T11:40:16+09:00,GBIKE,501592,95.0,36.504073,127.245203,12,세종특별시
2026-06-22T11:40:16+09:00,GBIKE,130510,92.0,36.50412,127.271175,12,세종특별시
2026-06-22T11:40:16+09:00,GBIKE,342605,33.0,36.504121,127.235255,12,세종특별시
2026-06-22T11:40:16+09:00,GBIKE,130109,95.0,36.504125,127.270003,12,세종특별시
2026-06-22T11:40:16+09:00,GBIKE,131656,72.0,36.504136,127.244617,12,세종특별시
2026-06-22T11:40:16+09:00,GBIKE,131925,32.0,36.504148,127.244559,12,세종특별시
2026-06-22T11:40:16+09:00,GBIKE,130738,95.0,36.504205,127.26427,12,세종특별시
2026-06-22T11:40:16+09:00,GBIKE,130894,46.0,36.50421,127.270951,12,세종특별시
2026-06-22T11:40:16+09:00,GBIKE,131773,78.0,36.504236,127.264237,12,세종특별시
2026-06-22T11:40:16+09:00,GBIKE,131080,64.0,36.504243,127.245014,12,세종특별시
2026-06-22T11:40:16+09:00,GBIKE,130165,71.0,36.504271,127.265691,12,세종특별시
2026-06-22T11:40:16+09:00,GBIKE,131437,95.0,36.504336,127.267349,12,세종특별시
2026-06-22T11:40:16+09:00,GBIKE,130441,52.0,36.504358,127.261008,12,세종특별시
2026-06-22T11:40:16+09:00,GBIKE,131582,74.0,36.504362,127.270373,12,세종특별시
2026-06-22T11:40:16+09:00,GBIKE,130624,64.0,36.504364,127.235514,12,세종특별시
2026-06-22T11:40:16+09:00,GBIKE,501422,91.0,36.504367,127.270373,12,세종특별시
2026-06-22T11:40:16+09:00,GBIKE,131452,96.0,36.504369,127.270373,12,세종특별시
2026-06-22T11:40:16+09:00,GBIKE,130883,41.0,36.504375,127.261586,12,세종특별시
2026-06-22T11:40:16+09:00,GBIKE,130959,41.0,36.504383,127.261506,12,세종특별시
2026-06-22T11:40:16+09:00,GBIKE,131506,35.0,36.504397,127.270159,12,세종특별시
2026-06-22T11:40:16+09:00,GBIKE,131288,56.0,36.504405,127.270202,12,세종특별시
2026-06-22T11:40:16+09:00,GBIKE,130427,46.0,36.504412,127.270162,12,세종특별시
2026-06-22T11:40:16+09:00,GBIKE,130849,46.0,36.504416,127.261048,12,세종특별시
2026-06-22T11:40:16+09:00,GBIKE,131441,37.0,36.504487,127.234398,12,세종특별시
2026-06-22T11:40:16+09:00,GBIKE,130652,42.0,36.504491,127.267396,12,세종특별시
2026-06-22T11:40:16+09:00,GBIKE,131601,72.0,36.504508,127.24887,12,세종특별시
2026-06-22T11:40:16+09:00,GBIKE,130616,39.0,36.50463,127.249941,12,세종특별시
2026-06-22T11:40:16+09:00,GBIKE,130384,72.0,36.504666,127.271219,12,세종특별시
2026-06-22T11:40:16+09:00,GBIKE,131203,90.0,36.504742,127.236108,12,세종특별시
2026-06-22T11:40:16+09:00,GBIKE,131236,30.0,36.504771,127.274543,12,세종특별시
2026-06-22T11:40:16+09:00,GBIKE,131006,58.0,36.504779,127.234019,12,세종특별시
2026-06-22T11:40:16+09:00,GBIKE,131377,85.0,36.504806,127.261648,12,세종특별시
2026-06-22T11:40:16+09:00,GBIKE,130804,88.0,36.504813,127.274661,12,세종특별시
2026-06-22T11:40:16+09:00,GBIKE,131718,30.0,36.504821,127.234123,12,세종특별시
2026-06-22T11:40:16+09:00,GBIKE,130665,68.0,36.504831,127.261626,12,세종특별시
2026-06-22T11:40:16+09:00,GBIKE,130301,37.0,36.504848,127.27095,12,세종특별시
2026-06-22T11:40:16+09:00,GBIKE,130067,45.0,36.504931,127.247455,12,세종특별시
2026-06-22T11:40:16+09:00,GBIKE,130167,81.0,36.504961,127.247465,12,세종특별시
2026-06-22T11:40:16+09:00,GBIKE,131128,100.0,36.504962,127.267668,12,세종특별시
2026-06-22T11:40:16+09:00,GBIKE,130486,66.0,36.505005,127.242845,12,세종특별시
2026-06-22T11:40:16+09:00,GBIKE,130268,84.0,36.505026,127.24525,12,세종특별시
2026-06-22T11:40:16+09:00,GBIKE,130124,87.0,36.505034,127.245231,12,세종특별시
2026-06-22T11:40:16+09:00,GBIKE,501238,89.0,36.505044,127.261347,12,세종특별시
2026-06-22T11:40:16+09:00,GBIKE,130429,35.0,36.505054,127.234946,12,세종특별시
2026-06-22T11:40:16+09:00,GBIKE,131395,40.0,36.505054,127.243534,12,세종특별시
2026-06-22T11:40:16+09:00,GBIKE,501281,57.0,36.50506,127.272516,12,세종특별시
2026-06-22T11:40:16+09:00,GBIKE,131306,67.0,36.505064,127.261374,12,세종특별시
2026-06-22T11:40:16+09:00,GBIKE,130119,55.0,36.505069,127.243468,12,세종특별시
2026-06-22T11:40:16+09:00,GBIKE,130244,49.0,36.505076,127.24077,12,세종특별시
2026-06-22T11:40:16+09:00,GBIKE,131389,36.0,36.505076,127.26135,12,세종특별시
2026-06-22T11:40:16+09:00,GBIKE,130644,96.0,36.505081,127.26475,12,세종특별시
2026-06-22T11:40:16+09:00,GBIKE,130664,53.0,36.505082,127.234953,12,세종특별시
2026-06-22T11:40:16+09:00,GBIKE,131254,97.0,36.505094,127.252736,12,세종특별시
2026-06-22T11:40:16+09:00,GBIKE,130319,31.0,36.505113,127.240889,12,세종특별시
2026-06-22T11:40:16+09:00,GBIKE,501502,100.0,36.505121,127.272524,12,세종특별시
2026-06-22T11:40:16+09:00,GBIKE,130520,67.0,36.505124,127.240828,12,세종특별시
2026-06-22T11:40:16+09:00,GBIKE,131055,97.0,36.505124,127.260131,12,세종특별시
2026-06-22T11:40:16+09:00,GBIKE,131344,50.0,36.50513,127.240789,12,세종특별시
2026-06-22T11:40:16+09:00,GBIKE,130832,35.0,36.505143,127.259205,12,세종특별시
2026-06-22T11:40:16+09:00,GBIKE,501327,39.0,36.505149,127.236588,12,세종특별시
2026-06-22T11:40:16+09:00,GBIKE,131826,31.0,36.505154,127.240171,12,세종특별시
2026-06-22T11:40:16+09:00,GBIKE,131695,38.0,36.505166,127.248548,12,세종특별시
2026-06-22T11:40:16+09:00,GBIKE,501301,30.0,36.505209,127.233904,12,세종특별시
2026-06-22T11:40:16+09:00,GBIKE,130238,84.0,36.505225,127.275547,12,세종특별시
2026-06-22T11:40:16+09:00,GBIKE,130572,73.0,36.505274,127.233879,12,세종특별시
2026-06-22T11:40:16+09:00,GBIKE,130779,100.0,36.505278,127.244996,12,세종특별시
2026-06-22T11:40:16+09:00,GBIKE,131890,81.0,36.505294,127.24354,12,세종특별시
2026-06-22T11:40:16+09:00,GBIKE,131709,100.0,36.505297,127.275356,12,세종특별시
2026-06-22T11:40:16+09:00,GBIKE,131729,46.0,36.505303,127.245019,12,세종특별시
2026-06-22T11:40:16+09:00,GBIKE,131092,67.0,36.505304,127.245,12,세종특별시
2026-06-22T11:40:16+09:00,GBIKE,130799,94.0,36.505323,127.26755,12,세종특별시
2026-06-22T11:40:16+09:00,GBIKE,130507,100.0,36.505325,127.249271,12,세종특별시
2026-06-22T11:40:16+09:00,GBIKE,130685,72.0,36.505335,127.267367,12,세종특별시
2026-06-22T11:40:16+09:00,GBIKE,130036,88.0,36.505343,127.266688,12,세종특별시
2026-06-22T11:40:16+09:00,GBIKE,131190,56.0,36.505348,127.233793,12,세종특별시
2026-06-22T11:40:16+09:00,GBIKE,131332,58.0,36.505355,127.235242,12,세종특별시
2026-06-22T11:40:16+09:00,GBIKE,501526,43.0,36.505388,127.24083,12,세종특별시
2026-06-22T11:40:16+09:00,GBIKE,130128,85.0,36.50539,127.266494,12,세종특별시
2026-06-22T11:40:16+09:00,GBIKE,131068,66.0,36.505391,127.241171,12,세종특별시
2026-06-22T11:40:16+09:00,GBIKE,130838,65.0,36.505394,127.264849,12,세종특별시
2026-06-22T11:40:16+09:00,GBIKE,130937,66.0,36.505403,127.264866,12,세종특별시
2026-06-22T11:40:16+09:00,GBIKE,501485,72.0,36.505442,127.264842,12,세종특별시
2026-06-22T11:40:16+09:00,GBIKE,130456,89.0,36.505539,127.235408,12,세종특별시
2026-06-22T11:40:16+09:00,GBIKE,130458,74.0,36.505552,127.2487,12,세종특별시
2026-06-22T11:40:16+09:00,GBIKE,130209,70.0,36.505572,127.235421,12,세종특별시
2026-06-22T11:40:16+09:00,GBIKE,130284,60.0,36.505573,127.235329,12,세종특별시
2026-06-22T11:40:16+09:00,GBIKE,130538,40.0,36.505578,127.235306,12,세종특별시
2026-06-22T11:40:16+09:00,GBIKE,131365,84.0,36.505583,127.23538,12,세종특별시
2026-06-22T11:40:16+09:00,GBIKE,130266,37.0,36.505605,127.23531,12,세종특별시
2026-06-22T11:40:16+09:00,GBIKE,130206,95.0,36.505615,127.235341,12,세종특별시
2026-06-22T11:40:16+09:00,GBIKE,131606,52.0,36.505637,127.235042,12,세종특별시
2026-06-22T11:40:16+09:00,GBIKE,130275,44.0,36.505655,127.235399,12,세종특별시
2026-06-22T11:40:16+09:00,GBIKE,130280,80.0,36.505661,127.235288,12,세종특별시
2026-06-22T11:40:16+09:00,GBIKE,130935,37.0,36.505668,127.235452,12,세종특별시
2026-06-22T11:40:16+09:00,GBIKE,131956,66.0,36.505669,127.236723,12,세종특별시
2026-06-22T11:40:16+09:00,GBIKE,130863,45.0,36.505694,127.235309,12,세종특별시
2026-06-22T11:40:16+09:00,GBIKE,130579,61.0,36.505701,127.235121,12,세종특별시
2026-06-22T11:40:16+09:00,GBIKE,131520,30.0,36.505727,127.269922,12,세종특별시
2026-06-22T11:40:16+09:00,GBIKE,130859,88.0,36.505731,127.233651,12,세종특별시
2026-06-22T11:40:16+09:00,GBIKE,131764,68.0,36.505742,127.236736,12,세종특별시
2026-06-22T11:40:16+09:00,GBIKE,130176,84.0,36.505759,127.235135,12,세종특별시
2026-06-22T11:40:16+09:00,GBIKE,131713,100.0,36.505766,127.245022,12,세종특별시
2026-06-22T11:40:16+09:00,GBIKE,131992,34.0,36.505821,127.235045,12,세종특별시
2026-06-22T11:40:16+09:00,GBIKE,131020,79.0,36.50584,127.235147,12,세종특별시
2026-06-22T11:40:16+09:00,GBIKE,131090,34.0,36.505864,127.265534,12,세종특별시
2026-06-22T11:40:16+09:00,GBIKE,130061,70.0,36.505878,127.265523,12,세종특별시
2026-06-22T11:40:16+09:00,GBIKE,501221,39.0,36.505886,127.265225,12,세종특별시
2026-06-22T11:40:16+09:00,GBIKE,130117,68.0,36.505913,127.273009,12,세종특별시
2026-06-22T11:40:16+09:00,GBIKE,130592,36.0,36.505927,127.272939,12,세종특별시
2026-06-22T11:40:16+09:00,GBIKE,131354,40.0,36.505931,127.245075,12,세종특별시
2026-06-22T11:40:16+09:00,GBIKE,501478,92.0,36.505944,127.24621,12,세종특별시
2026-06-22T11:40:16+09:00,GBIKE,131884,56.0,36.50595,127.272976,12,세종특별시
2026-06-22T11:40:16+09:00,GBIKE,131989,83.0,36.505958,127.244996,12,세종특별시
2026-06-22T11:40:16+09:00,GBIKE,131289,37.0,36.505961,127.272922,12,세종특별시
2026-06-22T11:40:16+09:00,GBIKE,130871,64.0,36.506043,127.234297,12,세종특별시
2026-06-22T11:40:16+09:00,GBIKE,130146,37.0,36.506045,127.246989,12,세종특별시
2026-06-22T11:40:16+09:00,GBIKE,131085,42.0,36.506095,127.272548,12,세종특별시
2026-06-22T11:40:16+09:00,GBIKE,131116,48.0,36.506097,127.245003,12,세종특별시
2026-06-22T11:40:16+09:00,GBIKE,131237,32.0,36.506127,127.234703,12,세종특별시
2026-06-22T11:40:16+09:00,GBIKE,130315,99.0,36.506135,127.244983,12,세종특별시
2026-06-22T11:40:16+09:00,GBIKE,131273,32.0,36.506136,127.23469,12,세종특별시
2026-06-22T11:40:16+09:00,GBIKE,131204,41.0,36.506183,127.336867,12,세종특별시
2026-06-22T11:40:16+09:00,GBIKE,501493,64.0,36.506213,127.249648,12,세종특별시
2026-06-22T11:40:16+09:00,GBIKE,131781,64.0,36.506232,127.273013,12,세종특별시
2026-06-22T11:40:16+09:00,GBIKE,371780,30.0,36.506248,127.234743,12,세종특별시
2026-06-22T11:40:16+09:00,GBIKE,131311,66.0,36.506249,127.272996,12,세종특별시
2026-06-22T11:40:16+09:00,GBIKE,501146,90.0,36.506257,127.272985,12,세종특별시
2026-06-22T11:40:16+09:00,GBIKE,501249,59.0,36.506259,127.272971,12,세종특별시
2026-06-22T11:40:16+09:00,GBIKE,130400,42.0,36.506278,127.273015,12,세종특별시
2026-06-22T11:40:16+09:00,GBIKE,501539,69.0,36.50629,127.263256,12,세종특별시
2026-06-22T11:40:16+09:00,GBIKE,130922,41.0,36.506309,127.237248,12,세종특별시
2026-06-22T11:40:16+09:00,GBIKE,131511,72.0,36.506322,127.237173,12,세종특별시
2026-06-22T11:40:16+09:00,GBIKE,501257,56.0,36.506347,127.263199,12,세종특별시
2026-06-22T11:40:16+09:00,GBIKE,131588,34.0,36.506351,127.263211,12,세종특별시
2026-06-22T11:40:16+09:00,GBIKE,501184,91.0,36.506389,127.261253,12,세종특별시
2026-06-22T11:40:16+09:00,GBIKE,130677,46.0,36.506437,127.271615,12,세종특별시
2026-06-22T11:40:16+09:00,GBIKE,131135,65.0,36.506445,127.237547,12,세종특별시
2026-06-22T11:40:16+09:00,GBIKE,131230,71.0,36.506561,127.258346,12,세종특별시
2026-06-22T11:40:16+09:00,GBIKE,501551,69.0,36.506583,127.25864,12,세종특별시
2026-06-22T11:40:16+09:00,GBIKE,131576,31.0,36.506589,127.269857,12,세종특별시
2026-06-22T11:40:16+09:00,GBIKE,131688,30.0,36.506599,127.272778,12,세종특별시
2026-06-22T11:40:16+09:00,GBIKE,131770,97.0,36.506601,127.272776,12,세종특별시
2026-06-22T11:40:16+09:00,GBIKE,131408,94.0,36.506606,127.269867,12,세종특별시
2026-06-22T11:40:16+09:00,GBIKE,131261,45.0,36.506625,127.24737,12,세종특별시
2026-06-22T11:40:16+09:00,GBIKE,131179,31.0,36.506644,127.237723,12,세종특별시
2026-06-22T11:40:16+09:00,GBIKE,131860,67.0,36.506644,127.236782,12,세종특별시
2026-06-22T11:40:16+09:00,GBIKE,130801,66.0,36.506648,127.236706,12,세종특별시
2026-06-22T11:40:16+09:00,GBIKE,131022,51.0,36.506658,127.258881,12,세종특별시
2026-06-22T11:40:16+09:00,GBIKE,130534,75.0,36.506664,127.258268,12,세종특별시
2026-06-22T11:40:16+09:00,GBIKE,130986,84.0,36.506679,127.258269,12,세종특별시
2026-06-22T11:40:16+09:00,GBIKE,131440,38.0,36.506689,127.232098,12,세종특별시
2026-06-22T11:40:16+09:00,GBIKE,131461,77.0,36.506696,127.232111,12,세종특별시
2026-06-22T11:40:16+09:00,GBIKE,130980,91.0,36.506705,127.267087,12,세종특별시
2026-06-22T11:40:16+09:00,GBIKE,131702,100.0,36.506721,127.265842,12,세종특별시
2026-06-22T11:40:16+09:00,GBIKE,130379,95.0,36.50676,127.259922,12,세종특별시
2026-06-22T11:40:16+09:00,GBIKE,130335,30.0,36.506774,127.236958,12,세종특별시
2026-06-22T11:40:16+09:00,GBIKE,131693,55.0,36.506792,127.236527,12,세종특별시
2026-06-22T11:40:16+09:00,GBIKE,130898,91.0,36.506803,127.236958,12,세종특별시
2026-06-22T11:40:16+09:00,GBIKE,130363,80.0,36.506815,127.237025,12,세종특별시
2026-06-22T11:40:16+09:00,GBIKE,501243,48.0,36.506822,127.258282,12,세종특별시
2026-06-22T11:40:16+09:00,GBIKE,130443,76.0,36.506823,127.258601,12,세종특별시
2026-06-22T11:40:16+09:00,GBIKE,131310,47.0,36.506834,127.252039,12,세종특별시
2026-06-22T11:40:16+09:00,GBIKE,130197,95.0,36.506836,127.261404,12,세종특별시
2026-06-22T11:40:16+09:00,GBIKE,131073,70.0,36.506842,127.261422,12,세종특별시
2026-06-22T11:40:16+09:00,GBIKE,130892,59.0,36.506865,127.258633,12,세종특별시
2026-06-22T11:40:16+09:00,GBIKE,131704,99.0,36.506874,127.261354,12,세종특별시
2026-06-22T11:40:16+09:00,GBIKE,131849,52.0,36.506886,127.258565,12,세종특별시
2026-06-22T11:40:16+09:00,GBIKE,130293,41.0,36.506914,127.259882,12,세종특별시
2026-06-22T11:40:16+09:00,GBIKE,131017,96.0,36.506916,127.252745,12,세종특별시
2026-06-22T11:40:16+09:00,GBIKE,131572,94.0,36.506921,127.259799,12,세종특별시
2026-06-22T11:40:16+09:00,GBIKE,131469,84.0,36.506957,127.258495,12,세종특별시
2026-06-22T11:40:16+09:00,GBIKE,130231,100.0,36.506958,127.259848,12,세종특별시
2026-06-22T11:40:16+09:00,GBIKE,501384,92.0,36.506961,127.239389,12,세종특별시
2026-06-22T11:40:16+09:00,GBIKE,130342,40.0,36.506963,127.262077,12,세종특별시
2026-06-22T11:40:16+09:00,GBIKE,131316,100.0,36.506964,127.259905,12,세종특별시
2026-06-22T11:40:16+09:00,GBIKE,131015,75.0,36.506991,127.250852,12,세종특별시
2026-06-22T11:40:16+09:00,GBIKE,131540,34.0,36.506991,127.239363,12,세종특별시
2026-06-22T11:40:16+09:00,GBIKE,130095,95.0,36.507039,127.25203,12,세종특별시
2026-06-22T11:40:16+09:00,GBIKE,130420,35.0,36.507041,127.239418,12,세종특별시
2026-06-22T11:40:16+09:00,GBIKE,131977,68.0,36.507073,127.260863,12,세종특별시
2026-06-22T11:40:16+09:00,GBIKE,131972,49.0,36.507089,127.262073,12,세종특별시
2026-06-22T11:40:16+09:00,GBIKE,130059,77.0,36.50716,127.262074,12,세종특별시
2026-06-22T11:40:16+09:00,GBIKE,131871,74.0,36.507195,127.236627,12,세종특별시
2026-06-22T11:40:16+09:00,GBIKE,130401,71.0,36.507196,127.267642,12,세종특별시
2026-06-22T11:40:16+09:00,GBIKE,131477,41.0,36.507204,127.251294,12,세종특별시
2026-06-22T11:40:16+09:00,GBIKE,501109,87.0,36.507207,127.251225,12,세종특별시
2026-06-22T11:40:16+09:00,GBIKE,130279,97.0,36.507215,127.250015,12,세종특별시
2026-06-22T11:40:16+09:00,GBIKE,131419,51.0,36.507235,127.236613,12,세종특별시
2026-06-22T11:40:16+09:00,GBIKE,130112,69.0,36.507257,127.231396,12,세종특별시
2026-06-22T11:40:16+09:00,GBIKE,501213,49.0,36.507317,127.262067,12,세종특별시
2026-06-22T11:40:16+09:00,GBIKE,130032,50.0,36.507348,127.236144,12,세종특별시
2026-06-22T11:40:16+09:00,GBIKE,130168,53.0,36.507453,127.262014,12,세종특별시
2026-06-22T11:40:16+09:00,GBIKE,130810,60.0,36.507486,127.262043,12,세종특별시
2026-06-22T11:40:16+09:00,GBIKE,131584,95.0,36.507488,127.268462,12,세종특별시
2026-06-22T11:40:16+09:00,GBIKE,130792,92.0,36.507492,127.260899,12,세종특별시
2026-06-22T11:40:16+09:00,GBIKE,130049,30.0,36.507522,127.233275,12,세종특별시
2026-06-22T11:40:16+09:00,GBIKE,130082,88.0,36.507582,127.257157,12,세종특별시
2026-06-22T11:40:16+09:00,GBIKE,130096,38.0,36.507812,127.267347,12,세종특별시
2026-06-22T11:40:16+09:00,GBIKE,501253,43.0,36.507814,127.258299,12,세종특별시
2026-06-22T11:40:16+09:00,GBIKE,131523,37.0,36.507966,127.235375,12,세종특별시
2026-06-22T11:40:16+09:00,GBIKE,341583,38.0,36.507998,127.257881,12,세종특별시
2026-06-22T11:40:16+09:00,GBIKE,130091,42.0,36.508045,127.241532,12,세종특별시
2026-06-22T11:40:16+09:00,GBIKE,131833,79.0,36.508285,127.245513,12,세종특별시
2026-06-22T11:40:16+09:00,GBIKE,130070,100.0,36.508299,127.245459,12,세종특별시
2026-06-22T11:40:16+09:00,GBIKE,501264,91.0,36.508316,127.26078,12,세종특별시
2026-06-22T11:40:16+09:00,GBIKE,130757,90.0,36.508341,127.266951,12,세종특별시
2026-06-22T11:40:16+09:00,GBIKE,131229,76.0,36.508396,127.266585,12,세종특별시
2026-06-22T11:40:16+09:00,GBIKE,130739,69.0,36.508405,127.262641,12,세종특별시
2026-06-22T11:40:16+09:00,GBIKE,131913,99.0,36.508454,127.23914,12,세종특별시
2026-06-22T11:40:16+09:00,GBIKE,501569,33.0,36.508459,127.239148,12,세종특별시
2026-06-22T11:40:16+09:00,GBIKE,501403,47.0,36.508468,127.261934,12,세종특별시
2026-06-22T11:40:16+09:00,GBIKE,501200,42.0,36.508499,127.262608,12,세종특별시
2026-06-22T11:40:16+09:00,GBIKE,130903,67.0,36.508504,127.263235,12,세종특별시
2026-06-22T11:40:16+09:00,GBIKE,131716,42.0,36.508545,127.260355,12,세종특별시
2026-06-22T11:40:16+09:00,GBIKE,130948,42.0,36.508558,127.260308,12,세종특별시
2026-06-22T11:40:16+09:00,GBIKE,130794,97.0,36.508586,127.244242,12,세종특별시
2026-06-22T11:40:16+09:00,GBIKE,130037,91.0,36.508598,127.261157,12,세종특별시
2026-06-22T11:40:16+09:00,GBIKE,130912,91.0,36.508681,127.245108,12,세종특별시
2026-06-22T11:40:16+09:00,GBIKE,130088,48.0,36.508687,127.261205,12,세종특별시
2026-06-22T11:40:16+09:00,GBIKE,130597,91.0,36.508699,127.261107,12,세종특별시
2026-06-22T11:40:16+09:00,GBIKE,130382,84.0,36.508717,127.261804,12,세종특별시
2026-06-22T11:40:16+09:00,GBIKE,130210,44.0,36.508744,127.266166,12,세종특별시
2026-06-22T11:40:16+09:00,GBIKE,131938,39.0,36.50876,127.261704,12,세종특별시
2026-06-22T11:40:16+09:00,GBIKE,131670,81.0,36.508797,127.263512,12,세종특별시
2026-06-22T11:40:16+09:00,GBIKE,130264,100.0,36.508803,127.263489,12,세종특별시
2026-06-22T11:40:16+09:00,GBIKE,130826,40.0,36.508822,127.262571,12,세종특별시
2026-06-22T11:40:16+09:00,GBIKE,131274,80.0,36.508913,127.243112,12,세종특별시
2026-06-22T11:40:16+09:00,GBIKE,501429,93.0,36.508918,127.26594,12,세종특별시
2026-06-22T11:40:16+09:00,GBIKE,130734,77.0,36.508942,127.267209,12,세종특별시
2026-06-22T11:40:16+09:00,GBIKE,131193,63.0,36.508956,127.229459,12,세종특별시
2026-06-22T11:40:16+09:00,GBIKE,131728,97.0,36.509021,127.249687,12,세종특별시
2026-06-22T11:40:16+09:00,GBIKE,501531,52.0,36.509072,127.261601,12,세종특별시
2026-06-22T11:40:16+09:00,GBIKE,130254,68.0,36.509082,127.269587,12,세종특별시
2026-06-22T11:40:16+09:00,GBIKE,130921,59.0,36.509095,127.231861,12,세종특별시
2026-06-22T11:40:16+09:00,GBIKE,130608,41.0,36.509099,127.232308,12,세종특별시
2026-06-22T11:40:16+09:00,GBIKE,130720,100.0,36.509101,127.249698,12,세종특별시
2026-06-22T11:40:16+09:00,GBIKE,130193,82.0,36.509151,127.234096,12,세종특별시
2026-06-22T11:40:16+09:00,GBIKE,501316,100.0,36.509199,127.245841,12,세종특별시
2026-06-22T11:40:16+09:00,GBIKE,130611,78.0,36.509216,127.231931,12,세종특별시
2026-06-22T11:40:16+09:00,GBIKE,501127,71.0,36.509222,127.234073,12,세종특별시
2026-06-22T11:40:16+09:00,GBIKE,130099,50.0,36.509248,127.234033,12,세종특별시
2026-06-22T11:40:16+09:00,GBIKE,130740,80.0,36.509274,127.232316,12,세종특별시
2026-06-22T11:40:16+09:00,GBIKE,130623,65.0,36.509299,127.232193,12,세종특별시
2026-06-22T11:40:16+09:00,GBIKE,131857,40.0,36.509335,127.232289,12,세종특별시
2026-06-22T11:40:16+09:00,GBIKE,131598,84.0,36.509343,127.234304,12,세종특별시
2026-06-22T11:40:16+09:00,GBIKE,130307,100.0,36.509402,127.267844,12,세종특별시
2026-06-22T11:40:16+09:00,GBIKE,131366,96.0,36.509416,127.244406,12,세종특별시
2026-06-22T11:40:16+09:00,GBIKE,130769,34.0,36.509468,127.233075,12,세종특별시
2026-06-22T11:40:16+09:00,GBIKE,131492,97.0,36.509495,127.230001,12,세종특별시
2026-06-22T11:40:16+09:00,GBIKE,130079,38.0,36.509556,127.249804,12,세종특별시
2026-06-22T11:40:16+09:00,GBIKE,131622,60.0,36.50957,127.233153,12,세종특별시
2026-06-22T11:40:16+09:00,GBIKE,130089,100.0,36.509628,127.267762,12,세종특별시
2026-06-22T11:40:16+09:00,GBIKE,130840,46.0,36.509633,127.233602,12,세종특별시
2026-06-22T11:40:16+09:00,GBIKE,131957,46.0,36.509642,127.233668,12,세종특별시
2026-06-22T11:40:16+09:00,GBIKE,130964,75.0,36.509667,127.23367,12,세종특별시
2026-06-22T11:40:16+09:00,GBIKE,130606,80.0,36.509725,127.26489,12,세종특별시
2026-06-22T11:40:16+09:00,GBIKE,130633,86.0,36.509744,127.233794,12,세종특별시
2026-06-22T11:40:16+09:00,GBIKE,501225,39.0,36.509751,127.233797,12,세종특별시
2026-06-22T11:40:16+09:00,GBIKE,130607,100.0,36.509782,127.267655,12,세종특별시
2026-06-22T11:40:16+09:00,GBIKE,131406,89.0,36.509826,127.267394,12,세종특별시
2026-06-22T11:40:16+09:00,GBIKE,131550,99.0,36.509869,127.260445,12,세종특별시
2026-06-22T11:40:16+09:00,GBIKE,131066,50.0,36.509873,127.229562,12,세종특별시
2026-06-22T11:40:16+09:00,GBIKE,130995,86.0,36.509898,127.255064,12,세종특별시
2026-06-22T11:40:16+09:00,GBIKE,501222,100.0,36.509912,127.267625,12,세종특별시
2026-06-22T11:40:16+09:00,GBIKE,131504,87.0,36.509945,127.267633,12,세종특별시
2026-06-22T11:40:16+09:00,GBIKE,131403,92.0,36.509956,127.267673,12,세종특별시
2026-06-22T11:40:16+09:00,GBIKE,130774,100.0,36.509957,127.267668,12,세종특별시
2026-06-22T11:40:16+09:00,GBIKE,131533,95.0,36.509983,127.233776,12,세종특별시
2026-06-22T11:40:16+09:00,GBIKE,131171,95.0,36.51,127.250106,12,세종특별시
2026-06-22T11:40:16+09:00,GBIKE,501271,56.0,36.510039,127.246173,12,세종특별시
2026-06-22T11:40:16+09:00,GBIKE,131042,57.0,36.51007,127.230102,12,세종특별시
2026-06-22T11:40:16+09:00,GBIKE,130930,89.0,36.510145,127.230034,12,세종특별시
2026-06-22T11:40:16+09:00,GBIKE,130588,46.0,36.510243,127.255913,12,세종특별시
2026-06-22T11:40:16+09:00,GBIKE,130878,77.0,36.510247,127.267455,12,세종특별시
2026-06-22T11:40:16+09:00,GBIKE,131036,32.0,36.510383,127.23915,12,세종특별시
2026-06-22T11:40:16+09:00,GBIKE,131900,61.0,36.510401,127.233988,12,세종특별시
2026-06-22T11:40:16+09:00,GBIKE,131847,95.0,36.510418,127.231012,12,세종특별시
2026-06-22T11:40:16+09:00,GBIKE,130977,31.0,36.510448,127.239646,12,세종특별시
2026-06-22T11:40:16+09:00,GBIKE,130241,50.0,36.51046,127.231714,12,세종특별시
2026-06-22T11:40:16+09:00,GBIKE,130946,86.0,36.510465,127.231842,12,세종특별시
2026-06-22T11:40:16+09:00,GBIKE,131786,90.0,36.510479,127.231817,12,세종특별시
2026-06-22T11:40:16+09:00,GBIKE,131959,33.0,36.510489,127.231825,12,세종특별시
2026-06-22T11:40:16+09:00,GBIKE,131976,90.0,36.510495,127.231805,12,세종특별시
2026-06-22T11:40:16+09:00,GBIKE,501241,44.0,36.510496,127.229934,12,세종특별시
2026-06-22T11:40:16+09:00,GBIKE,130976,34.0,36.510501,127.233942,12,세종특별시
2026-06-22T11:40:16+09:00,GBIKE,130636,68.0,36.510508,127.231748,12,세종특별시
2026-06-22T11:40:16+09:00,GBIKE,131867,36.0,36.510512,127.231727,12,세종특별시
2026-06-22T11:40:16+09:00,GBIKE,131194,46.0,36.510529,127.231512,12,세종특별시
2026-06-22T11:40:16+09:00,GBIKE,131950,36.0,36.510531,127.231728,12,세종특별시
2026-06-22T11:40:16+09:00,GBIKE,130649,30.0,36.510532,127.23099,12,세종특별시
2026-06-22T11:40:16+09:00,GBIKE,501579,48.0,36.510536,127.246113,12,세종특별시
2026-06-22T11:40:16+09:00,GBIKE,130419,46.0,36.510541,127.230863,12,세종특별시
2026-06-22T11:40:16+09:00,GBIKE,131495,60.0,36.510542,127.230785,12,세종특별시
2026-06-22T11:40:16+09:00,GBIKE,131555,34.0,36.510543,127.267427,12,세종특별시
2026-06-22T11:40:16+09:00,GBIKE,130181,37.0,36.510549,127.23172,12,세종특별시
2026-06-22T11:40:16+09:00,GBIKE,130305,79.0,36.510562,127.262617,12,세종특별시
2026-06-22T11:40:16+09:00,GBIKE,130465,71.0,36.510564,127.230867,12,세종특별시
2026-06-22T11:40:16+09:00,GBIKE,130748,85.0,36.510564,127.230979,12,세종특별시
2026-06-22T11:40:16+09:00,GBIKE,131933,38.0,36.510565,127.241337,12,세종특별시
2026-06-22T11:40:16+09:00,GBIKE,612778,63.0,36.51058,127.246234,12,세종특별시
2026-06-22T11:40:16+09:00,GBIKE,501117,68.0,36.510591,127.231283,12,세종특별시
2026-06-22T11:40:16+09:00,GBIKE,130947,87.0,36.510605,127.231991,12,세종특별시
2026-06-22T11:40:16+09:00,GBIKE,501343,42.0,36.510616,127.24626,12,세종특별시
2026-06-22T11:40:16+09:00,GBIKE,130373,77.0,36.510626,127.239036,12,세종특별시
2026-06-22T11:40:16+09:00,GBIKE,501255,86.0,36.510629,127.246271,12,세종특별시
2026-06-22T11:40:16+09:00,GBIKE,130492,33.0,36.510646,127.241519,12,세종특별시
2026-06-22T11:40:16+09:00,GBIKE,130835,51.0,36.510695,127.232308,12,세종특별시
2026-06-22T11:40:16+09:00,GBIKE,131821,86.0,36.5107,127.231877,12,세종특별시
2026-06-22T11:40:16+09:00,GBIKE,130632,59.0,36.510712,127.231554,12,세종특별시
2026-06-22T11:40:16+09:00,GBIKE,131287,57.0,36.510712,127.231983,12,세종특별시
2026-06-22T11:40:16+09:00,GBIKE,130872,95.0,36.510728,127.243757,12,세종특별시
2026-06-22T11:40:16+09:00,GBIKE,130286,91.0,36.510741,127.231819,12,세종특별시
2026-06-22T11:40:16+09:00,GBIKE,131329,36.0,36.510746,127.231791,12,세종특별시
2026-06-22T11:40:16+09:00,GBIKE,501147,30.0,36.51075,127.231772,12,세종특별시
2026-06-22T11:40:16+09:00,GBIKE,131816,84.0,36.510763,127.231733,12,세종특별시
2026-06-22T11:40:16+09:00,GBIKE,130656,39.0,36.51077,127.231735,12,세종특별시
2026-06-22T11:40:16+09:00,GBIKE,131722,75.0,36.510772,127.231721,12,세종특별시
2026-06-22T11:40:16+09:00,GBIKE,130202,93.0,36.510774,127.239529,12,세종특별시
2026-06-22T11:40:16+09:00,GBIKE,131922,80.0,36.510777,127.231766,12,세종특별시
2026-06-22T11:40:16+09:00,GBIKE,130467,37.0,36.510782,127.231791,12,세종특별시
2026-06-22T11:40:16+09:00,GBIKE,131234,68.0,36.510784,127.231757,12,세종특별시
2026-06-22T11:40:16+09:00,GBIKE,501360,74.0,36.510788,127.241023,12,세종특별시
2026-06-22T11:40:16+09:00,GBIKE,130957,85.0,36.510793,127.261608,12,세종특별시
2026-06-22T11:40:16+09:00,GBIKE,131434,85.0,36.510807,127.263595,12,세종특별시
2026-06-22T11:40:16+09:00,GBIKE,130546,56.0,36.51081,127.255937,12,세종특별시
2026-06-22T11:40:16+09:00,GBIKE,130402,83.0,36.510815,127.231769,12,세종특별시
2026-06-22T11:40:16+09:00,GBIKE,130267,35.0,36.510817,127.23368,12,세종특별시
2026-06-22T11:40:16+09:00,GBIKE,130318,74.0,36.51082,127.231826,12,세종특별시
2026-06-22T11:40:16+09:00,GBIKE,130332,94.0,36.51082,127.23297,12,세종특별시
2026-06-22T11:40:16+09:00,GBIKE,130537,98.0,36.51082,127.243752,12,세종특별시
2026-06-22T11:40:16+09:00,GBIKE,358176,42.0,36.510821,127.243048,12,세종특별시
2026-06-22T11:40:16+09:00,GBIKE,131151,97.0,36.510824,127.242693,12,세종특별시
2026-06-22T11:40:16+09:00,GBIKE,131191,56.0,36.510824,127.242308,12,세종특별시
2026-06-22T11:40:16+09:00,GBIKE,131668,32.0,36.510825,127.232446,12,세종특별시
2026-06-22T11:40:16+09:00,GBIKE,131569,83.0,36.510826,127.231754,12,세종특별시
2026-06-22T11:40:16+09:00,GBIKE,130772,35.0,36.510829,127.23176,12,세종특별시
2026-06-22T11:40:16+09:00,GBIKE,359456,34.0,36.510831,127.23251,12,세종특별시
2026-06-22T11:40:16+09:00,GBIKE,131753,30.0,36.510832,127.232528,12,세종특별시
2026-06-22T11:40:16+09:00,GBIKE,130974,95.0,36.510835,127.231776,12,세종특별시
2026-06-22T11:40:16+09:00,GBIKE,131382,42.0,36.510845,127.266677,12,세종특별시
2026-06-22T11:40:16+09:00,GBIKE,131320,79.0,36.510866,127.232934,12,세종특별시
2026-06-22T11:40:16+09:00,GBIKE,130361,59.0,36.510868,127.23362,12,세종특별시
2026-06-22T11:40:16+09:00,GBIKE,501462,80.0,36.510868,127.242471,12,세종특별시
2026-06-22T11:40:16+09:00,GBIKE,131053,68.0,36.510869,127.231676,12,세종특별시
2026-06-22T11:40:16+09:00,GBIKE,131324,55.0,36.510871,127.234012,12,세종특별시
2026-06-22T11:40:16+09:00,GBIKE,130791,56.0,36.510874,127.232926,12,세종특별시
2026-06-22T11:40:16+09:00,GBIKE,130569,79.0,36.51089,127.232887,12,세종특별시
2026-06-22T11:40:16+09:00,GBIKE,131039,89.0,36.51089,127.232888,12,세종특별시
2026-06-22T11:40:16+09:00,GBIKE,130078,39.0,36.510893,127.232939,12,세종특별시
2026-06-22T11:40:16+09:00,GBIKE,131223,47.0,36.510893,127.232905,12,세종특별시
2026-06-22T11:40:16+09:00,GBIKE,131942,69.0,36.5109,127.260522,12,세종특별시
2026-06-22T11:40:16+09:00,GBIKE,130737,79.0,36.510901,127.232892,12,세종특별시
2026-06-22T11:40:16+09:00,GBIKE,131355,44.0,36.51091,127.23284,12,세종특별시
2026-06-22T11:40:16+09:00,GBIKE,131708,47.0,36.510911,127.242896,12,세종특별시
2026-06-22T11:40:16+09:00,GBIKE,131144,67.0,36.510914,127.233631,12,세종특별시
2026-06-22T11:40:16+09:00,GBIKE,130558,32.0,36.510922,127.229816,12,세종특별시
2026-06-22T11:40:16+09:00,GBIKE,130877,75.0,36.510934,127.232994,12,세종특별시
2026-06-22T11:40:16+09:00,GBIKE,130929,84.0,36.510935,127.232962,12,세종특별시
2026-06-22T11:40:16+09:00,GBIKE,131232,53.0,36.510955,127.240451,12,세종특별시
2026-06-22T11:40:16+09:00,GBIKE,130345,66.0,36.510996,127.239638,12,세종특별시
2026-06-22T11:40:16+09:00,GBIKE,130340,69.0,36.511097,127.229942,12,세종특별시
2026-06-22T11:40:16+09:00,GBIKE,130409,36.0,36.511097,127.246674,12,세종특별시
2026-06-22T11:40:16+09:00,GBIKE,131932,100.0,36.511137,127.242347,12,세종특별시
2026-06-22T11:40:16+09:00,GBIKE,130897,100.0,36.511158,127.242152,12,세종특별시
2026-06-22T11:40:16+09:00,GBIKE,501567,68.0,36.511174,127.239668,12,세종특별시
2026-06-22T11:40:16+09:00,GBIKE,131954,74.0,36.511229,127.255626,12,세종특별시
2026-06-22T11:40:16+09:00,GBIKE,130030,52.0,36.511233,127.233585,12,세종특별시
2026-06-22T11:40:16+09:00,GBIKE,501560,52.0,36.511261,127.246229,12,세종특별시
2026-06-22T11:40:16+09:00,GBIKE,130371,44.0,36.511264,127.24018,12,세종특별시
2026-06-22T11:40:16+09:00,GBIKE,501235,39.0,36.511265,127.2336,12,세종특별시
2026-06-22T11:40:16+09:00,GBIKE,130889,80.0,36.511267,127.265871,12,세종특별시
2026-06-22T11:40:16+09:00,GBIKE,130303,70.0,36.511293,127.239847,12,세종특별시
2026-06-22T11:40:16+09:00,GBIKE,131759,74.0,36.511298,127.233626,12,세종특별시
2026-06-22T11:40:16+09:00,GBIKE,131300,89.0,36.511309,127.239862,12,세종특별시
2026-06-22T11:40:16+09:00,GBIKE,131855,57.0,36.511341,127.233364,12,세종특별시
2026-06-22T11:40:16+09:00,GBIKE,501424,81.0,36.511354,127.244356,12,세종특별시
2026-06-22T11:40:16+09:00,GBIKE,130415,82.0,36.511385,127.250231,12,세종특별시
2026-06-22T11:40:16+09:00,GBIKE,131616,100.0,36.511394,127.265085,12,세종특별시
2026-06-22T11:40:16+09:00,GBIKE,131072,85.0,36.511408,127.266795,12,세종특별시
2026-06-22T11:40:16+09:00,GBIKE,131174,65.0,36.51141,127.241308,12,세종특별시
2026-06-22T11:40:16+09:00,GBIKE,130526,44.0,36.511417,127.233322,12,세종특별시
2026-06-22T11:40:16+09:00,GBIKE,130508,78.0,36.511428,127.233819,12,세종특별시
2026-06-22T11:40:16+09:00,GBIKE,501363,47.0,36.51144,127.249184,12,세종특별시
2026-06-22T11:40:16+09:00,GBIKE,131823,76.0,36.511454,127.233915,12,세종특별시
2026-06-22T11:40:16+09:00,GBIKE,130253,90.0,36.511489,127.250397,12,세종특별시
2026-06-22T11:40:16+09:00,GBIKE,130800,34.0,36.5115,127.229443,12,세종특별시
2026-06-22T11:40:16+09:00,GBIKE,501347,85.0,36.5115,127.242984,12,세종특별시
2026-06-22T11:40:16+09:00,GBIKE,131586,69.0,36.511511,127.25038,12,세종특별시
2026-06-22T11:40:16+09:00,GBIKE,501505,30.0,36.51152,127.241326,12,세종특별시
2026-06-22T11:40:16+09:00,GBIKE,131031,46.0,36.511525,127.229685,12,세종특별시
2026-06-22T11:40:16+09:00,GBIKE,130123,66.0,36.511554,127.248498,12,세종특별시
2026-06-22T11:40:16+09:00,GBIKE,130900,89.0,36.51161,127.2598,12,세종특별시
2026-06-22T11:40:16+09:00,GBIKE,130595,44.0,36.51162,127.241154,12,세종특별시
2026-06-22T11:40:16+09:00,GBIKE,131064,65.0,36.51163,127.239861,12,세종특별시
2026-06-22T11:40:16+09:00,GBIKE,130022,73.0,36.511633,127.25181,12,세종특별시
2026-06-22T11:40:16+09:00,GBIKE,130186,53.0,36.511643,127.255414,12,세종특별시
2026-06-22T11:40:16+09:00,GBIKE,131023,34.0,36.511669,127.240852,12,세종특별시
2026-06-22T11:40:16+09:00,GBIKE,332266,50.0,36.511675,127.246423,12,세종특별시
2026-06-22T11:40:16+09:00,GBIKE,501250,32.0,36.511683,127.240852,12,세종특별시
2026-06-22T11:40:16+09:00,GBIKE,501280,100.0,36.511697,127.266678,12,세종특별시
2026-06-22T11:40:16+09:00,GBIKE,130497,68.0,36.511705,127.239961,12,세종특별시
2026-06-22T11:40:16+09:00,GBIKE,130560,93.0,36.511707,127.266542,12,세종특별시
2026-06-22T11:40:16+09:00,GBIKE,358190,51.0,36.511708,127.246433,12,세종특별시
2026-06-22T11:40:16+09:00,GBIKE,501336,41.0,36.51172,127.243969,12,세종특별시
2026-06-22T11:40:16+09:00,GBIKE,130247,73.0,36.511725,127.244032,12,세종특별시
2026-06-22T11:40:16+09:00,GBIKE,130839,96.0,36.511744,127.241658,12,세종특별시
2026-06-22T11:40:16+09:00,GBIKE,131211,100.0,36.511769,127.243958,12,세종특별시
2026-06-22T11:40:16+09:00,GBIKE,131088,79.0,36.51177,127.24307,12,세종특별시
2026-06-22T11:40:16+09:00,GBIKE,130299,61.0,36.511785,127.243031,12,세종특별시
2026-06-22T11:40:16+09:00,GBIKE,501153,62.0,36.51181,127.241298,12,세종특별시
2026-06-22T11:40:16+09:00,GBIKE,130587,43.0,36.511828,127.242708,12,세종특별시
2026-06-22T11:40:16+09:00,GBIKE,130192,92.0,36.511872,127.240723,12,세종특별시
2026-06-22T11:40:16+09:00,GBIKE,131390,100.0,36.511873,127.242516,12,세종특별시
2026-06-22T11:40:16+09:00,GBIKE,131624,70.0,36.511877,127.24803,12,세종특별시
2026-06-22T11:40:16+09:00,GBIKE,130536,54.0,36.511884,127.241838,12,세종특별시
2026-06-22T11:40:16+09:00,GBIKE,130599,72.0,36.511886,127.250265,12,세종특별시
2026-06-22T11:40:16+09:00,GBIKE,501433,36.0,36.511907,127.240648,12,세종특별시
2026-06-22T11:40:16+09:00,GBIKE,131013,33.0,36.511908,127.240933,12,세종특별시
2026-06-22T11:40:16+09:00,GBIKE,131505,78.0,36.511909,127.241155,12,세종특별시
2026-06-22T11:40:16+09:00,GBIKE,501162,95.0,36.51191,127.240617,12,세종특별시
2026-06-22T11:40:16+09:00,GBIKE,501376,86.0,36.511914,127.240932,12,세종특별시
2026-06-22T11:40:16+09:00,GBIKE,501565,94.0,36.511916,127.245581,12,세종특별시
2026-06-22T11:40:16+09:00,GBIKE,131928,38.0,36.511918,127.241034,12,세종특별시
2026-06-22T11:40:16+09:00,GBIKE,130446,88.0,36.511919,127.240976,12,세종특별시
2026-06-22T11:40:16+09:00,GBIKE,501335,95.0,36.511926,127.240935,12,세종특별시
2026-06-22T11:40:16+09:00,GBIKE,501359,94.0,36.511927,127.240932,12,세종특별시
2026-06-22T11:40:16+09:00,GBIKE,501451,83.0,36.511928,127.240919,12,세종특별시
2026-06-22T11:40:16+09:00,GBIKE,130148,30.0,36.51193,127.227619,12,세종특별시
2026-06-22T11:40:16+09:00,GBIKE,131663,47.0,36.51193,127.242779,12,세종특별시
2026-06-22T11:40:16+09:00,GBIKE,130880,84.0,36.511935,127.229463,12,세종특별시
2026-06-22T11:40:16+09:00,GBIKE,501535,95.0,36.511936,127.241158,12,세종특별시
2026-06-22T11:40:16+09:00,GBIKE,131188,48.0,36.511936,127.245158,12,세종특별시
2026-06-22T11:40:16+09:00,GBIKE,501432,54.0,36.511943,127.240959,12,세종특별시
2026-06-22T11:40:16+09:00,GBIKE,501322,99.0,36.51195,127.245166,12,세종특별시
2026-06-22T11:40:16+09:00,GBIKE,130227,51.0,36.511952,127.227849,12,세종특별시
2026-06-22T11:40:16+09:00,GBIKE,130553,74.0,36.511952,127.240434,12,세종특별시
2026-06-22T11:40:16+09:00,GBIKE,131830,96.0,36.511954,127.242769,12,세종특별시
2026-06-22T11:40:16+09:00,GBIKE,131909,38.0,36.511954,127.233289,12,세종특별시
2026-06-22T11:40:16+09:00,GBIKE,131285,47.0,36.511961,127.241112,12,세종특별시
2026-06-22T11:40:16+09:00,GBIKE,131313,30.0,36.511969,127.241137,12,세종특별시
2026-06-22T11:40:16+09:00,GBIKE,130862,36.0,36.512003,127.229656,12,세종특별시
2026-06-22T11:40:16+09:00,GBIKE,131029,92.0,36.512013,127.243384,12,세종특별시
2026-06-22T11:40:16+09:00,GBIKE,131314,66.0,36.512036,127.22757,12,세종특별시
2026-06-22T11:40:16+09:00,GBIKE,130809,80.0,36.512039,127.243959,12,세종특별시
2026-06-22T11:40:16+09:00,GBIKE,130895,83.0,36.512063,127.242187,12,세종특별시
2026-06-22T11:40:16+09:00,GBIKE,130721,84.0,36.512064,127.242911,12,세종특별시
2026-06-22T11:40:16+09:00,GBIKE,130828,68.0,36.512071,127.241191,12,세종특별시
2026-06-22T11:40:16+09:00,GBIKE,131027,30.0,36.512077,127.242425,12,세종특별시
2026-06-22T11:40:16+09:00,GBIKE,130996,95.0,36.512078,127.242936,12,세종특별시
2026-06-22T11:40:16+09:00,GBIKE,131213,68.0,36.512101,127.240934,12,세종특별시
2026-06-22T11:40:16+09:00,GBIKE,501254,74.0,36.51211,127.241268,12,세종특별시
2026-06-22T11:40:16+09:00,GBIKE,130143,96.0,36.512127,127.241856,12,세종특별시
2026-06-22T11:40:16+09:00,GBIKE,130452,95.0,36.512132,127.263297,12,세종특별시
2026-06-22T11:40:16+09:00,GBIKE,130366,33.0,36.512155,127.248057,12,세종특별시
2026-06-22T11:40:16+09:00,GBIKE,501214,75.0,36.512155,127.243661,12,세종특별시
2026-06-22T11:40:16+09:00,GBIKE,501496,92.0,36.512162,127.248051,12,세종특별시
2026-06-22T11:40:16+09:00,GBIKE,131814,87.0,36.512174,127.256438,12,세종특별시
2026-06-22T11:40:16+09:00,GBIKE,501572,58.0,36.512189,127.255731,12,세종특별시
2026-06-22T11:40:16+09:00,GBIKE,130154,80.0,36.512201,127.2564,12,세종특별시
2026-06-22T11:40:16+09:00,GBIKE,131809,73.0,36.512239,127.250003,12,세종특별시
2026-06-22T11:40:16+09:00,GBIKE,501519,80.0,36.512259,127.255723,12,세종특별시
2026-06-22T11:40:16+09:00,GBIKE,130726,78.0,36.512259,127.250097,12,세종특별시
2026-06-22T11:40:16+09:00,GBIKE,131424,51.0,36.512268,127.241655,12,세종특별시
2026-06-22T11:40:16+09:00,GBIKE,131763,63.0,36.512272,127.241608,12,세종특별시
2026-06-22T11:40:16+09:00,GBIKE,130542,52.0,36.512292,127.229694,12,세종특별시
2026-06-22T11:40:16+09:00,GBIKE,501224,70.0,36.512306,127.241307,12,세종특별시
2026-06-22T11:40:16+09:00,GBIKE,131806,77.0,36.512306,127.239994,12,세종특별시
2026-06-22T11:40:16+09:00,GBIKE,130261,91.0,36.512361,127.239949,12,세종특별시
2026-06-22T11:40:16+09:00,GBIKE,131886,89.0,36.512363,127.24354,12,세종특별시
2026-06-22T11:40:16+09:00,GBIKE,131901,84.0,36.512393,127.239927,12,세종특별시
2026-06-22T11:40:16+09:00,GBIKE,501201,74.0,36.512404,127.229728,12,세종특별시
2026-06-22T11:40:16+09:00,GBIKE,131296,46.0,36.512418,127.240013,12,세종특별시
2026-06-22T11:40:16+09:00,GBIKE,131991,50.0,36.51244,127.239925,12,세종특별시
2026-06-22T11:40:16+09:00,GBIKE,131420,83.0,36.512476,127.229574,12,세종특별시
2026-06-22T11:40:16+09:00,GBIKE,131250,56.0,36.512477,127.258464,12,세종특별시
2026-06-22T11:40:16+09:00,GBIKE,130609,98.0,36.512511,127.258086,12,세종특별시
2026-06-22T11:40:16+09:00,GBIKE,131840,60.0,36.51253,127.250598,12,세종특별시
2026-06-22T11:40:16+09:00,GBIKE,131099,97.0,36.512531,127.25861,12,세종특별시
2026-06-22T11:40:16+09:00,GBIKE,130620,93.0,36.512559,127.24691,12,세종특별시
2026-06-22T11:40:16+09:00,GBIKE,501504,77.0,36.512569,127.246006,12,세종특별시
2026-06-22T11:40:16+09:00,GBIKE,130545,100.0,36.512588,127.250604,12,세종특별시
2026-06-22T11:40:16+09:00,GBIKE,501260,81.0,36.512593,127.259794,12,세종특별시
2026-06-22T11:40:16+09:00,GBIKE,501291,88.0,36.512612,127.248348,12,세종특별시
2026-06-22T11:40:16+09:00,GBIKE,131761,95.0,36.512643,127.250623,12,세종특별시
2026-06-22T11:40:16+09:00,GBIKE,501398,78.0,36.512658,127.24601,12,세종특별시
2026-06-22T11:40:16+09:00,GBIKE,501402,69.0,36.512675,127.260686,12,세종특별시
2026-06-22T11:40:16+09:00,GBIKE,131081,58.0,36.512682,127.243516,12,세종특별시
2026-06-22T11:40:16+09:00,GBIKE,130970,100.0,36.512688,127.24326,12,세종특별시
2026-06-22T11:40:16+09:00,GBIKE,501329,78.0,36.512716,127.242345,12,세종특별시
2026-06-22T11:40:16+09:00,GBIKE,130561,100.0,36.512729,127.242593,12,세종특별시
2026-06-22T11:40:16+09:00,GBIKE,131734,100.0,36.512758,127.242451,12,세종특별시
2026-06-22T11:40:16+09:00,GBIKE,501507,85.0,36.512762,127.24274,12,세종특별시
2026-06-22T11:40:16+09:00,GBIKE,501144,60.0,36.512791,127.242434,12,세종특별시
2026-06-22T11:40:16+09:00,GBIKE,131711,41.0,36.512804,127.240001,12,세종특별시
2026-06-22T11:40:16+09:00,GBIKE,131868,74.0,36.512805,127.240948,12,세종특별시
2026-06-22T11:40:16+09:00,GBIKE,130992,100.0,36.512852,127.262781,12,세종특별시
2026-06-22T11:40:16+09:00,GBIKE,131841,31.0,36.51287,127.228624,12,세종특별시
2026-06-22T11:40:16+09:00,GBIKE,131308,53.0,36.512881,127.233131,12,세종특별시
2026-06-22T11:40:16+09:00,GBIKE,501344,94.0,36.512927,127.246051,12,세종특별시
2026-06-22T11:40:16+09:00,GBIKE,130719,39.0,36.512927,127.257996,12,세종특별시
2026-06-22T11:40:16+09:00,GBIKE,130462,79.0,36.512965,127.243293,12,세종특별시
2026-06-22T11:40:16+09:00,GBIKE,131631,96.0,36.512965,127.250931,12,세종특별시
2026-06-22T11:40:16+09:00,GBIKE,131323,46.0,36.512995,127.263188,12,세종특별시
2026-06-22T11:40:16+09:00,GBIKE,501506,49.0,36.513004,127.243273,12,세종특별시
2026-06-22T11:40:16+09:00,GBIKE,131943,41.0,36.513054,127.229686,12,세종특별시
2026-06-22T11:40:16+09:00,GBIKE,131802,42.0,36.513066,127.229284,12,세종특별시
2026-06-22T11:40:16+09:00,GBIKE,130844,99.0,36.51307,127.262066,12,세종특별시
2026-06-22T11:40:16+09:00,GBIKE,131881,63.0,36.513087,127.262146,12,세종특별시
2026-06-22T11:40:16+09:00,GBIKE,130360,55.0,36.513091,127.259189,12,세종특별시
2026-06-22T11:40:16+09:00,GBIKE,131269,41.0,36.513097,127.262189,12,세종특별시
2026-06-22T11:40:16+09:00,GBIKE,130747,31.0,36.513113,127.229407,12,세종특별시
2026-06-22T11:40:16+09:00,GBIKE,131177,42.0,36.513115,127.241654,12,세종특별시
2026-06-22T11:40:16+09:00,GBIKE,501523,38.0,36.513136,127.233316,12,세종특별시
2026-06-22T11:40:16+09:00,GBIKE,131421,71.0,36.513147,127.241675,12,세종특별시
2026-06-22T11:40:16+09:00,GBIKE,130906,47.0,36.513234,127.243362,12,세종특별시
2026-06-22T11:40:16+09:00,GBIKE,501183,55.0,36.513236,127.233292,12,세종특별시
2026-06-22T11:40:16+09:00,GBIKE,131581,63.0,36.513253,127.262917,12,세종특별시
2026-06-22T11:40:16+09:00,GBIKE,130139,83.0,36.513298,127.229399,12,세종특별시
2026-06-22T11:40:16+09:00,GBIKE,131340,62.0,36.513316,127.229354,12,세종특별시
2026-06-22T11:40:16+09:00,GBIKE,130759,32.0,36.513368,127.229395,12,세종특별시
2026-06-22T11:40:16+09:00,GBIKE,501306,45.0,36.513385,127.229641,12,세종특별시
2026-06-22T11:40:16+09:00,GBIKE,131968,42.0,36.513389,127.229351,12,세종특별시
2026-06-22T11:40:16+09:00,GBIKE,501598,89.0,36.513389,127.229429,12,세종특별시
2026-06-22T11:40:16+09:00,GBIKE,131829,52.0,36.513413,127.264081,12,세종특별시
2026-06-22T11:40:16+09:00,GBIKE,501326,94.0,36.513442,127.259468,12,세종특별시
2026-06-22T11:40:16+09:00,GBIKE,131916,89.0,36.513448,127.264291,12,세종특별시
2026-06-22T11:40:16+09:00,GBIKE,501118,42.0,36.513478,127.264287,12,세종특별시
2026-06-22T11:40:16+09:00,GBIKE,130815,73.0,36.513594,127.22969,12,세종특별시
2026-06-22T11:40:16+09:00,GBIKE,131021,54.0,36.513622,127.225796,12,세종특별시
2026-06-22T11:40:16+09:00,GBIKE,130807,71.0,36.513628,127.264918,12,세종특별시
2026-06-22T11:40:16+09:00,GBIKE,501244,94.0,36.513636,127.259456,12,세종특별시
2026-06-22T11:40:16+09:00,GBIKE,130051,88.0,36.51366,127.244415,12,세종특별시
2026-06-22T11:40:16+09:00,GBIKE,130468,57.0,36.513661,127.232943,12,세종특별시
2026-06-22T11:40:16+09:00,GBIKE,130397,86.0,36.513662,127.265257,12,세종특별시
2026-06-22T11:40:16+09:00,GBIKE,130223,91.0,36.513669,127.232896,12,세종특별시
2026-06-22T11:40:16+09:00,GBIKE,131960,92.0,36.513702,127.265649,12,세종특별시
2026-06-22T11:40:16+09:00,GBIKE,131368,54.0,36.513761,127.266806,12,세종특별시
2026-06-22T11:40:16+09:00,GBIKE,130939,100.0,36.51377,127.258084,12,세종특별시
2026-06-22T11:40:16+09:00,GBIKE,131369,79.0,36.513773,127.241672,12,세종특별시
2026-06-22T11:40:16+09:00,GBIKE,501262,91.0,36.513824,127.259963,12,세종특별시
2026-06-22T11:40:16+09:00,GBIKE,130474,72.0,36.513873,127.228899,12,세종특별시
2026-06-22T11:40:16+09:00,GBIKE,501119,88.0,36.513874,127.245991,12,세종특별시
2026-06-22T11:40:16+09:00,GBIKE,130204,79.0,36.513984,127.241725,12,세종특별시
2026-06-22T11:40:16+09:00,GBIKE,130602,59.0,36.514027,127.25893,12,세종특별시
2026-06-22T11:40:16+09:00,GBIKE,131436,81.0,36.514054,127.241771,12,세종특별시
2026-06-22T11:40:16+09:00,GBIKE,131294,61.0,36.514058,127.258931,12,세종특별시
2026-06-22T11:40:16+09:00,GBIKE,131545,88.0,36.514062,127.241737,12,세종특별시
2026-06-22T11:40:16+09:00,GBIKE,131852,87.0,36.514063,127.241717,12,세종특별시
2026-06-22T11:40:16+09:00,GBIKE,130115,83.0,36.514077,127.241733,12,세종특별시
2026-06-22T11:40:16+09:00,GBIKE,131479,33.0,36.514077,127.241735,12,세종특별시
2026-06-22T11:40:16+09:00,GBIKE,501412,87.0,36.514078,127.241757,12,세종특별시
2026-06-22T11:40:16+09:00,GBIKE,131882,35.0,36.514079,127.241718,12,세종특별시
2026-06-22T11:40:16+09:00,GBIKE,131608,95.0,36.514084,127.241776,12,세종특별시
2026-06-22T11:40:16+09:00,GBIKE,131710,84.0,36.514087,127.241746,12,세종특별시
2026-06-22T11:40:16+09:00,GBIKE,131603,42.0,36.514108,127.259457,12,세종특별시
2026-06-22T11:40:16+09:00,GBIKE,131442,59.0,36.51413,127.258926,12,세종특별시
2026-06-22T11:40:16+09:00,GBIKE,130390,53.0,36.514138,127.258945,12,세종특별시
2026-06-22T11:40:16+09:00,GBIKE,501190,96.0,36.514141,127.241673,12,세종특별시
2026-06-22T11:40:16+09:00,GBIKE,130802,84.0,36.514164,127.259403,12,세종특별시
2026-06-22T11:40:16+09:00,GBIKE,501288,50.0,36.514199,127.259804,12,세종특별시
2026-06-22T11:40:16+09:00,GBIKE,501193,72.0,36.514201,127.229695,12,세종특별시
2026-06-22T11:40:16+09:00,GBIKE,131640,69.0,36.514213,127.259298,12,세종특별시
2026-06-22T11:40:16+09:00,GBIKE,131620,100.0,36.514232,127.259365,12,세종특별시
2026-06-22T11:40:16+09:00,GBIKE,130703,48.0,36.514317,127.229455,12,세종특별시
2026-06-22T11:40:16+09:00,GBIKE,131050,32.0,36.514408,127.229498,12,세종특별시
2026-06-22T11:40:16+09:00,GBIKE,501317,45.0,36.514438,127.245699,12,세종특별시
2026-06-22T11:40:16+09:00,GBIKE,131975,63.0,36.514482,127.232292,12,세종특별시
2026-06-22T11:40:16+09:00,GBIKE,501536,45.0,36.514491,127.25972,12,세종특별시
2026-06-22T11:40:16+09:00,GBIKE,501444,95.0,36.514541,127.231649,12,세종특별시
2026-06-22T11:40:16+09:00,GBIKE,131633,46.0,36.514562,127.23163,12,세종특별시
2026-06-22T11:40:16+09:00,GBIKE,130778,39.0,36.514615,127.228648,12,세종특별시
2026-06-22T11:40:16+09:00,GBIKE,131220,53.0,36.514617,127.259257,12,세종특별시
2026-06-22T11:40:16+09:00,GBIKE,130753,65.0,36.514645,127.231888,12,세종특별시
2026-06-22T11:40:16+09:00,GBIKE,131604,88.0,36.514664,127.259197,12,세종특별시
2026-06-22T11:40:16+09:00,GBIKE,130062,35.0,36.514681,127.265863,12,세종특별시
2026-06-22T11:40:16+09:00,GBIKE,130343,74.0,36.514695,127.262866,12,세종특별시
2026-06-22T11:40:16+09:00,GBIKE,131804,39.0,36.514709,127.257869,12,세종특별시
2026-06-22T11:40:16+09:00,GBIKE,130145,54.0,36.51472,127.259316,12,세종특별시
2026-06-22T11:40:16+09:00,GBIKE,130357,37.0,36.514742,127.258795,12,세종특별시
2026-06-22T11:40:16+09:00,GBIKE,130629,73.0,36.514772,127.262865,12,세종특별시
2026-06-22T11:40:16+09:00,GBIKE,131026,67.0,36.514777,127.258841,12,세종특별시
2026-06-22T11:40:16+09:00,GBIKE,501417,100.0,36.514802,127.266021,12,세종특별시
2026-06-22T11:40:16+09:00,GBIKE,131328,75.0,36.514804,127.266013,12,세종특별시
2026-06-22T11:40:16+09:00,GBIKE,501331,74.0,36.514811,127.24137,12,세종특별시
2026-06-22T11:40:16+09:00,GBIKE,130709,40.0,36.514825,127.266006,12,세종특별시
2026-06-22T11:40:16+09:00,GBIKE,130963,80.0,36.514832,127.228719,12,세종특별시
2026-06-22T11:40:16+09:00,GBIKE,130868,69.0,36.514849,127.262672,12,세종특별시
2026-06-22T11:40:16+09:00,GBIKE,130423,37.0,36.514858,127.25852,12,세종특별시
2026-06-22T11:40:16+09:00,GBIKE,131948,99.0,36.514876,127.262512,12,세종특별시
2026-06-22T11:40:16+09:00,GBIKE,130066,81.0,36.514887,127.265698,12,세종특별시
2026-06-22T11:40:16+09:00,GBIKE,131680,49.0,36.514895,127.256688,12,세종특별시
2026-06-22T11:40:16+09:00,GBIKE,131994,46.0,36.514969,127.22902,12,세종특별시
2026-06-22T11:40:16+09:00,GBIKE,131493,74.0,36.514977,127.227615,12,세종특별시
2026-06-22T11:40:16+09:00,GBIKE,131224,90.0,36.515001,127.258478,12,세종특별시
2026-06-22T11:40:16+09:00,GBIKE,501497,98.0,36.515027,127.25875,12,세종특별시
2026-06-22T11:40:16+09:00,GBIKE,131580,32.0,36.51508,127.266173,12,세종특별시
2026-06-22T11:40:16+09:00,GBIKE,130056,83.0,36.515102,127.265849,12,세종특별시
2026-06-22T11:40:16+09:00,GBIKE,131630,68.0,36.515108,127.241054,12,세종특별시
2026-06-22T11:40:16+09:00,GBIKE,130222,95.0,36.515112,127.26589,12,세종특별시
2026-06-22T11:40:16+09:00,GBIKE,131699,42.0,36.515121,127.258515,12,세종특별시
2026-06-22T11:40:16+09:00,GBIKE,131907,84.0,36.51514,127.258358,12,세종특별시
2026-06-22T11:40:16+09:00,GBIKE,501586,30.0,36.515181,127.228524,12,세종특별시
2026-06-22T11:40:16+09:00,GBIKE,501453,83.0,36.515183,127.259148,12,세종특별시
2026-06-22T11:40:16+09:00,GBIKE,130058,37.0,36.515191,127.229311,12,세종특별시
2026-06-22T11:40:16+09:00,GBIKE,131912,40.0,36.515219,127.240433,12,세종특별시
2026-06-22T11:40:16+09:00,GBIKE,501279,73.0,36.515677,127.230113,12,세종특별시
2026-06-22T11:40:16+09:00,GBIKE,130522,99.0,36.515692,127.24546,12,세종특별시
2026-06-22T11:40:16+09:00,GBIKE,131988,100.0,36.515729,127.245686,12,세종특별시
2026-06-22T11:40:16+09:00,GBIKE,131123,46.0,36.51583,127.261615,12,세종특별시
2026-06-22T11:40:16+09:00,GBIKE,131433,87.0,36.515867,127.265436,12,세종특별시
2026-06-22T11:40:16+09:00,GBIKE,130292,95.0,36.515882,127.265394,12,세종특별시
2026-06-22T11:40:16+09:00,GBIKE,131820,66.0,36.515914,127.228061,12,세종특별시
2026-06-22T11:40:16+09:00,GBIKE,130430,98.0,36.51593,127.264529,12,세종특별시
2026-06-22T11:40:16+09:00,GBIKE,130295,98.0,36.515944,127.262691,12,세종특별시
2026-06-22T11:40:16+09:00,GBIKE,130356,31.0,36.515984,127.228153,12,세종특별시
2026-06-22T11:40:16+09:00,GBIKE,131325,85.0,36.516003,127.258681,12,세종특별시
2026-06-22T11:40:16+09:00,GBIKE,130218,94.0,36.516013,127.264509,12,세종특별시
2026-06-22T11:40:16+09:00,GBIKE,130246,40.0,36.516021,127.262728,12,세종특별시
2026-06-22T11:40:16+09:00,GBIKE,130756,98.0,36.516027,127.245412,12,세종특별시
2026-06-22T11:40:16+09:00,GBIKE,131654,97.0,36.516051,127.259904,12,세종특별시
2026-06-22T11:40:16+09:00,GBIKE,501419,69.0,36.516061,127.245428,12,세종특별시
2026-06-22T11:40:16+09:00,GBIKE,501170,59.0,36.516105,127.245427,12,세종특별시
2026-06-22T11:40:16+09:00,GBIKE,501318,86.0,36.516111,127.245691,12,세종특별시
2026-06-22T11:40:16+09:00,GBIKE,131410,40.0,36.516144,127.245718,12,세종특별시
2026-06-22T11:40:16+09:00,GBIKE,131074,65.0,36.51615,127.262914,12,세종특별시
2026-06-22T11:40:16+09:00,GBIKE,131065,85.0,36.516176,127.262925,12,세종특별시
2026-06-22T11:40:16+09:00,GBIKE,130387,58.0,36.516199,127.2306,12,세종특별시
2026-06-22T11:40:16+09:00,GBIKE,501512,76.0,36.516236,127.228203,12,세종특별시
2026-06-22T11:40:16+09:00,GBIKE,130274,54.0,36.516252,127.262364,12,세종특별시
2026-06-22T11:40:16+09:00,GBIKE,130073,41.0,36.516302,127.245706,12,세종특별시
2026-06-22T11:40:16+09:00,GBIKE,130219,92.0,36.516327,127.257817,12,세종특별시
2026-06-22T11:40:16+09:00,GBIKE,130216,89.0,36.516334,127.257799,12,세종특별시
2026-06-22T11:40:16+09:00,GBIKE,501455,60.0,36.516344,127.25929,12,세종특별시
2026-06-22T11:40:16+09:00,GBIKE,130482,85.0,36.516348,127.251548,12,세종특별시
2026-06-22T11:40:16+09:00,GBIKE,130501,54.0,36.516372,127.245692,12,세종특별시
2026-06-22T11:40:16+09:00,GBIKE,130689,70.0,36.516379,127.251569,12,세종특별시
2026-06-22T11:40:16+09:00,GBIKE,130888,95.0,36.5164,127.258774,12,세종특별시
2026-06-22T11:40:16+09:00,GBIKE,130285,97.0,36.516408,127.25881,12,세종특별시
2026-06-22T11:40:16+09:00,GBIKE,131199,35.0,36.516409,127.241447,12,세종특별시
2026-06-22T11:40:16+09:00,GBIKE,130604,55.0,36.51643,127.258796,12,세종특별시
2026-06-22T11:40:16+09:00,GBIKE,130245,58.0,36.516436,127.24142,12,세종특별시
2026-06-22T11:40:16+09:00,GBIKE,131808,67.0,36.516449,127.251348,12,세종특별시
2026-06-22T11:40:16+09:00,GBIKE,130433,96.0,36.516454,127.234433,12,세종특별시
2026-06-22T11:40:16+09:00,GBIKE,131227,37.0,36.51646,127.241443,12,세종특별시
2026-06-22T11:40:16+09:00,GBIKE,130337,88.0,36.51647,127.241458,12,세종특별시
2026-06-22T11:40:16+09:00,GBIKE,501525,95.0,36.516475,127.24453,12,세종특별시
2026-06-22T11:40:16+09:00,GBIKE,130852,40.0,36.516485,127.241468,12,세종특별시
2026-06-22T11:40:16+09:00,GBIKE,131083,100.0,36.516508,127.255754,12,세종특별시
2026-06-22T11:40:16+09:00,GBIKE,130454,100.0,36.516524,127.255797,12,세종특별시
2026-06-22T11:40:16+09:00,GBIKE,131585,78.0,36.516526,127.255784,12,세종특별시
2026-06-22T11:40:16+09:00,GBIKE,501178,41.0,36.516542,127.262076,12,세종특별시
2026-06-22T11:40:16+09:00,GBIKE,131457,99.0,36.516558,127.255784,12,세종특별시
2026-06-22T11:40:16+09:00,GBIKE,131967,65.0,36.516579,127.251356,12,세종특별시
2026-06-22T11:40:16+09:00,GBIKE,130346,83.0,36.516607,127.251478,12,세종특별시
2026-06-22T11:40:16+09:00,GBIKE,130725,96.0,36.516608,127.251339,12,세종특별시
2026-06-22T11:40:16+09:00,GBIKE,131391,92.0,36.51661,127.251313,12,세종특별시
2026-06-22T11:40:16+09:00,GBIKE,501461,69.0,36.516632,127.251634,12,세종특별시
2026-06-22T11:40:16+09:00,GBIKE,130784,52.0,36.516651,127.235914,12,세종특별시
2026-06-22T11:40:16+09:00,GBIKE,131953,44.0,36.516654,127.235929,12,세종특별시
2026-06-22T11:40:16+09:00,GBIKE,131341,97.0,36.516663,127.251672,12,세종특별시
2026-06-22T11:40:16+09:00,GBIKE,130040,59.0,36.516665,127.251356,12,세종특별시
2026-06-22T11:40:16+09:00,GBIKE,130404,32.0,36.516695,127.235905,12,세종특별시
2026-06-22T11:40:16+09:00,GBIKE,131175,79.0,36.516709,127.235894,12,세종특별시
2026-06-22T11:40:16+09:00,GBIKE,131153,100.0,36.516779,127.256131,12,세종특별시
2026-06-22T11:40:16+09:00,GBIKE,501515,88.0,36.516779,127.229034,12,세종특별시
2026-06-22T11:40:16+09:00,GBIKE,501292,86.0,36.516798,127.229055,12,세종특별시
2026-06-22T11:40:16+09:00,GBIKE,130093,99.0,36.516905,127.249492,12,세종특별시
2026-06-22T11:40:16+09:00,GBIKE,130771,82.0,36.516907,127.255857,12,세종특별시
2026-06-22T11:40:16+09:00,GBIKE,131919,99.0,36.517024,127.256183,12,세종특별시
2026-06-22T11:40:16+09:00,GBIKE,130217,44.0,36.51703,127.2288,12,세종특별시
2026-06-22T11:40:16+09:00,GBIKE,130257,73.0,36.517043,127.231197,12,세종특별시
2026-06-22T11:40:16+09:00,GBIKE,131180,53.0,36.517058,127.228844,12,세종특별시
2026-06-22T11:40:16+09:00,GBIKE,501582,86.0,36.517083,127.231358,12,세종특별시
2026-06-22T11:40:16+09:00,GBIKE,130528,100.0,36.517141,127.263221,12,세종특별시
2026-06-22T11:40:16+09:00,GBIKE,130988,34.0,36.517203,127.237058,12,세종특별시
2026-06-22T11:40:16+09:00,GBIKE,130760,98.0,36.51724,127.241855,12,세종특별시
2026-06-22T11:40:16+09:00,GBIKE,130516,71.0,36.517257,127.245418,12,세종특별시
2026-06-22T11:40:16+09:00,GBIKE,131263,84.0,36.5173,127.245469,12,세종특별시
2026-06-22T11:40:16+09:00,GBIKE,131350,35.0,36.517353,127.240604,12,세종특별시
2026-06-22T11:40:16+09:00,GBIKE,358231,30.0,36.51742,127.23707,12,세종특별시
2026-06-22T11:40:16+09:00,GBIKE,501541,74.0,36.517425,127.23685,12,세종특별시
2026-06-22T11:40:16+09:00,GBIKE,131258,34.0,36.517427,127.245581,12,세종특별시
2026-06-22T11:40:16+09:00,GBIKE,130152,40.0,36.51745,127.264336,12,세종특별시
2026-06-22T11:40:16+09:00,GBIKE,130393,84.0,36.517481,127.237074,12,세종특별시
2026-06-22T11:40:16+09:00,GBIKE,130097,32.0,36.517486,127.241894,12,세종특별시
2026-06-22T11:40:16+09:00,GBIKE,131411,85.0,36.517524,127.241937,12,세종특별시
2026-06-22T11:40:16+09:00,GBIKE,501371,100.0,36.517537,127.243471,12,세종특별시
2026-06-22T11:40:16+09:00,GBIKE,131427,48.0,36.517541,127.243425,12,세종특별시
2026-06-22T11:40:16+09:00,GBIKE,131412,70.0,36.517546,127.243451,12,세종특별시
2026-06-22T11:40:16+09:00,GBIKE,130476,78.0,36.517575,127.240878,12,세종특별시
2026-06-22T11:40:16+09:00,GBIKE,501571,67.0,36.5176,127.235553,12,세종특별시
2026-06-22T11:40:16+09:00,GBIKE,131777,68.0,36.517602,127.23721,12,세종특별시
2026-06-22T11:40:16+09:00,GBIKE,130185,66.0,36.51761,127.229245,12,세종특별시
2026-06-22T11:40:16+09:00,GBIKE,131186,47.0,36.517741,127.258837,12,세종특별시
2026-06-22T11:40:16+09:00,GBIKE,131760,93.0,36.517746,127.258683,12,세종특별시
2026-06-22T11:40:16+09:00,GBIKE,130631,96.0,36.517798,127.258772,12,세종특별시
2026-06-22T11:40:16+09:00,GBIKE,131739,34.0,36.517827,127.25875,12,세종특별시
2026-06-22T11:40:16+09:00,GBIKE,130949,67.0,36.517878,127.229646,12,세종특별시
2026-06-22T11:40:16+09:00,GBIKE,130728,58.0,36.517906,127.234665,12,세종특별시
2026-06-22T11:40:16+09:00,GBIKE,130768,52.0,36.51791,127.243426,12,세종특별시
2026-06-22T11:40:16+09:00,GBIKE,130191,75.0,36.517919,127.234633,12,세종특별시
2026-06-22T11:40:16+09:00,GBIKE,130972,59.0,36.517925,127.234687,12,세종특별시
2026-06-22T11:40:16+09:00,GBIKE,130911,59.0,36.518031,127.252067,12,세종특별시
2026-06-22T11:40:16+09:00,GBIKE,130910,95.0,36.518036,127.259323,12,세종특별시
2026-06-22T11:40:16+09:00,GBIKE,131596,97.0,36.518043,127.252045,12,세종특별시
2026-06-22T11:40:16+09:00,GBIKE,130525,88.0,36.51805,127.23788,12,세종특별시
2026-06-22T11:40:16+09:00,GBIKE,130641,96.0,36.51806,127.25882,12,세종특별시
2026-06-22T11:40:16+09:00,GBIKE,130416,43.0,36.518072,127.252086,12,세종특별시
2026-06-22T11:40:16+09:00,GBIKE,130984,45.0,36.518097,127.232349,12,세종특별시
2026-06-22T11:40:16+09:00,GBIKE,131896,36.0,36.518127,127.263703,12,세종특별시
2026-06-22T11:40:16+09:00,GBIKE,130085,32.0,36.518174,127.232434,12,세종특별시
2026-06-22T11:40:16+09:00,GBIKE,131671,42.0,36.518224,127.252125,12,세종특별시
2026-06-22T11:40:16+09:00,GBIKE,131124,33.0,36.51823,127.241347,12,세종특별시
2026-06-22T11:40:16+09:00,GBIKE,501189,84.0,36.518243,127.237904,12,세종특별시
2026-06-22T11:40:16+09:00,GBIKE,131758,97.0,36.518261,127.252294,12,세종특별시
2026-06-22T11:40:16+09:00,GBIKE,501219,60.0,36.518284,127.252106,12,세종특별시
2026-06-22T11:40:16+09:00,GBIKE,501233,68.0,36.518295,127.237903,12,세종특별시
2026-06-22T11:40:16+09:00,GBIKE,130480,30.0,36.518344,127.23545,12,세종특별시
2026-06-22T11:40:16+09:00,GBIKE,131318,97.0,36.518408,127.257575,12,세종특별시
2026-06-22T11:40:16+09:00,GBIKE,131843,49.0,36.518504,127.231668,12,세종특별시
2026-06-22T11:40:16+09:00,GBIKE,130054,30.0,36.518531,127.24198,12,세종특별시
2026-06-22T11:40:16+09:00,GBIKE,130684,96.0,36.518543,127.257275,12,세종특별시
2026-06-22T11:40:16+09:00,GBIKE,131508,84.0,36.518543,127.257304,12,세종특별시
2026-06-22T11:40:16+09:00,GBIKE,130159,40.0,36.518551,127.257368,12,세종특별시
2026-06-22T11:40:16+09:00,GBIKE,501379,88.0,36.518552,127.233212,12,세종특별시
2026-06-22T11:40:16+09:00,GBIKE,131264,82.0,36.51856,127.245397,12,세종특별시
2026-06-22T11:40:16+09:00,GBIKE,131846,90.0,36.518569,127.257282,12,세종특별시
2026-06-22T11:40:16+09:00,GBIKE,501122,64.0,36.51857,127.235129,12,세종특별시
2026-06-22T11:40:16+09:00,GBIKE,130490,68.0,36.518573,127.235092,12,세종특별시
2026-06-22T11:40:16+09:00,GBIKE,130358,79.0,36.518612,127.235058,12,세종특별시
2026-06-22T11:40:16+09:00,GBIKE,130869,81.0,36.518637,127.246326,12,세종특별시
2026-06-22T11:40:16+09:00,GBIKE,131281,87.0,36.518646,127.246337,12,세종특별시
2026-06-22T11:40:16+09:00,GBIKE,130377,45.0,36.518689,127.252563,12,세종특별시
2026-06-22T11:40:16+09:00,GBIKE,501590,93.0,36.518703,127.256247,12,세종특별시
2026-06-22T11:40:16+09:00,GBIKE,131272,36.0,36.518709,127.234803,12,세종특별시
2026-06-22T11:40:16+09:00,GBIKE,130086,53.0,36.518726,127.235425,12,세종특별시
2026-06-22T11:40:16+09:00,GBIKE,130502,76.0,36.518729,127.24511,12,세종특별시
2026-06-22T11:40:16+09:00,GBIKE,358227,99.0,36.518761,127.245071,12,세종특별시
2026-06-22T11:40:16+09:00,GBIKE,130923,74.0,36.518782,127.236405,12,세종특별시
2026-06-22T11:40:16+09:00,GBIKE,131475,35.0,36.518782,127.23567,12,세종특별시
2026-06-22T11:40:16+09:00,GBIKE,501355,31.0,36.518793,127.244514,12,세종특별시
2026-06-22T11:40:16+09:00,GBIKE,131902,76.0,36.518811,127.230079,12,세종특별시
2026-06-22T11:40:16+09:00,GBIKE,130683,57.0,36.518825,127.237903,12,세종특별시
2026-06-22T11:40:16+09:00,GBIKE,501300,30.0,36.518835,127.237895,12,세종특별시
2026-06-22T11:40:16+09:00,GBIKE,130961,30.0,36.518843,127.235466,12,세종특별시
2026-06-22T11:40:16+09:00,GBIKE,130424,34.0,36.518871,127.23473,12,세종특별시
2026-06-22T11:40:16+09:00,GBIKE,501393,44.0,36.518912,127.235553,12,세종특별시
2026-06-22T11:40:16+09:00,GBIKE,131216,54.0,36.51892,127.245515,12,세종특별시
2026-06-22T11:40:16+09:00,GBIKE,131113,50.0,36.518924,127.252302,12,세종특별시
2026-06-22T11:40:16+09:00,GBIKE,130283,100.0,36.518929,127.244945,12,세종특별시
2026-06-22T11:40:16+09:00,GBIKE,131156,89.0,36.518942,127.252134,12,세종특별시
2026-06-22T11:40:16+09:00,GBIKE,131126,100.0,36.518952,127.25214,12,세종특별시
2026-06-22T11:40:16+09:00,GBIKE,131918,100.0,36.518976,127.252112,12,세종특별시
2026-06-22T11:40:16+09:00,GBIKE,131877,92.0,36.51898,127.252165,12,세종특별시
2026-06-22T11:40:16+09:00,GBIKE,130110,56.0,36.519001,127.234591,12,세종특별시
2026-06-22T11:40:16+09:00,GBIKE,131480,63.0,36.519091,127.249237,12,세종특별시
2026-06-22T11:40:16+09:00,GBIKE,131295,70.0,36.51911,127.249324,12,세종특별시
2026-06-22T11:40:16+09:00,GBIKE,131627,76.0,36.519128,127.249326,12,세종특별시
2026-06-22T11:40:16+09:00,GBIKE,130392,72.0,36.519157,127.235151,12,세종특별시
2026-06-22T11:40:16+09:00,GBIKE,130628,44.0,36.519164,127.246138,12,세종특별시
2026-06-22T11:40:16+09:00,GBIKE,130519,97.0,36.519182,127.249876,12,세종특별시
2026-06-22T11:40:16+09:00,GBIKE,130336,53.0,36.519191,127.235101,12,세종특별시
2026-06-22T11:40:16+09:00,GBIKE,130567,81.0,36.51923,127.248859,12,세종특별시
2026-06-22T11:40:16+09:00,GBIKE,130701,74.0,36.519281,127.234507,12,세종특별시
2026-06-22T11:40:16+09:00,GBIKE,130612,75.0,36.519294,127.235736,12,세종특별시
2026-06-22T11:40:16+09:00,GBIKE,130188,79.0,36.519325,127.24864,12,세종특별시
2026-06-22T11:40:16+09:00,GBIKE,130933,67.0,36.51934,127.25037,12,세종특별시
2026-06-22T11:40:16+09:00,GBIKE,131060,71.0,36.519387,127.252814,12,세종특별시
2026-06-22T11:40:16+09:00,GBIKE,131472,100.0,36.519394,127.252979,12,세종특별시
2026-06-22T11:40:16+09:00,GBIKE,131044,63.0,36.51942,127.252757,12,세종특별시
2026-06-22T11:40:16+09:00,GBIKE,130928,64.0,36.519474,127.235354,12,세종특별시
2026-06-22T11:40:16+09:00,GBIKE,131685,85.0,36.519509,127.236887,12,세종특별시
2026-06-22T11:40:16+09:00,GBIKE,131275,95.0,36.519515,127.257101,12,세종특별시
2026-06-22T11:40:16+09:00,GBIKE,131969,76.0,36.519529,127.235707,12,세종특별시
2026-06-22T11:40:16+09:00,GBIKE,501287,30.0,36.519544,127.234748,12,세종특별시
2026-06-22T11:40:16+09:00,GBIKE,130177,95.0,36.519554,127.250754,12,세종특별시
2026-06-22T11:40:16+09:00,GBIKE,131078,39.0,36.519627,127.234056,12,세종특별시
2026-06-22T11:40:16+09:00,GBIKE,501164,53.0,36.519634,127.252236,12,세종특별시
2026-06-22T11:40:16+09:00,GBIKE,130671,75.0,36.519644,127.235212,12,세종특별시
2026-06-22T11:40:16+09:00,GBIKE,501229,77.0,36.519661,127.235125,12,세종특별시
2026-06-22T11:40:16+09:00,GBIKE,131240,33.0,36.519767,127.235281,12,세종특별시
2026-06-22T11:40:16+09:00,GBIKE,130455,30.0,36.519817,127.234812,12,세종특별시
2026-06-22T11:40:16+09:00,GBIKE,131063,32.0,36.519825,127.235459,12,세종특별시
2026-06-22T11:40:16+09:00,GBIKE,130322,35.0,36.519841,127.235696,12,세종특별시
2026-06-22T11:40:16+09:00,GBIKE,501313,54.0,36.519869,127.235851,12,세종특별시
2026-06-22T11:40:16+09:00,GBIKE,131147,32.0,36.519884,127.2358,12,세종특별시
2026-06-22T11:40:16+09:00,GBIKE,130732,30.0,36.51989,127.239989,12,세종특별시
2026-06-22T11:40:16+09:00,GBIKE,131869,55.0,36.519912,127.243512,12,세종특별시
2026-06-22T11:40:16+09:00,GBIKE,131109,95.0,36.519941,127.236814,12,세종특별시
2026-06-22T11:40:16+09:00,GBIKE,131138,68.0,36.520012,127.22935,12,세종특별시
2026-06-22T11:40:16+09:00,GBIKE,130442,59.0,36.52007,127.235754,12,세종특별시
2026-06-22T11:40:16+09:00,GBIKE,130439,59.0,36.520185,127.235716,12,세종특별시
2026-06-22T11:40:16+09:00,GBIKE,130106,88.0,36.520276,127.237029,12,세종특별시
2026-06-22T11:40:16+09:00,GBIKE,131720,100.0,36.520372,127.23649,12,세종특별시
2026-06-22T11:40:16+09:00,GBIKE,130248,87.0,36.520638,127.25243,12,세종특별시
2026-06-22T11:40:16+09:00,GBIKE,131780,68.0,36.520849,127.231876,12,세종특별시
2026-06-22T11:40:16+09:00,GBIKE,130942,100.0,36.520978,127.247227,12,세종특별시
2026-06-22T11:40:16+09:00,GBIKE,130700,73.0,36.52098,127.247204,12,세종특별시
2026-06-22T11:40:16+09:00,GBIKE,501537,89.0,36.521059,127.262169,12,세종특별시
2026-06-22T11:40:16+09:00,GBIKE,501143,89.0,36.52109,127.26214,12,세종특별시
2026-06-22T11:40:16+09:00,GBIKE,131597,85.0,36.5212,127.247524,12,세종특별시
2026-06-22T11:40:16+09:00,GBIKE,131721,44.0,36.521211,127.247535,12,세종특별시
2026-06-22T11:40:16+09:00,GBIKE,131239,69.0,36.521222,127.247505,12,세종특별시
2026-06-22T11:40:16+09:00,GBIKE,130265,37.0,36.521257,127.253711,12,세종특별시
2026-06-22T11:40:16+09:00,GBIKE,131292,42.0,36.521263,127.253711,12,세종특별시
2026-06-22T11:40:16+09:00,GBIKE,131827,45.0,36.521464,127.253413,12,세종특별시
2026-06-22T11:40:16+09:00,GBIKE,501589,30.0,36.521473,127.236316,12,세종특별시
2026-06-22T11:40:16+09:00,GBIKE,131181,39.0,36.521515,127.233543,12,세종특별시
2026-06-22T11:40:16+09:00,GBIKE,131159,34.0,36.521647,127.233895,12,세종특별시
2026-06-22T11:40:16+09:00,GBIKE,130262,87.0,36.521677,127.233388,12,세종특별시
2026-06-22T11:40:16+09:00,GBIKE,130133,92.0,36.521683,127.233319,12,세종특별시
2026-06-22T11:40:16+09:00,GBIKE,131095,32.0,36.521696,127.23384,12,세종특별시
2026-06-22T11:40:16+09:00,GBIKE,131122,56.0,36.521725,127.233339,12,세종특별시
2026-06-22T11:40:16+09:00,GBIKE,130111,33.0,36.521749,127.233348,12,세종특별시
2026-06-22T11:40:16+09:00,GBIKE,130431,40.0,36.521765,127.233351,12,세종특별시
2026-06-22T11:40:16+09:00,GBIKE,130182,54.0,36.521768,127.250461,12,세종특별시
2026-06-22T11:40:16+09:00,GBIKE,130158,53.0,36.521769,127.233345,12,세종특별시
2026-06-22T11:40:16+09:00,GBIKE,130407,34.0,36.521884,127.234324,12,세종특별시
2026-06-22T11:40:16+09:00,GBIKE,501186,100.0,36.521919,127.248527,12,세종특별시
2026-06-22T11:40:16+09:00,GBIKE,130672,76.0,36.521924,127.234366,12,세종특별시
2026-06-22T11:40:16+09:00,GBIKE,130463,50.0,36.521964,127.234431,12,세종특별시
2026-06-22T11:40:16+09:00,GBIKE,130521,43.0,36.521966,127.234411,12,세종특별시
2026-06-22T11:40:16+09:00,GBIKE,130658,93.0,36.521981,127.249238,12,세종특별시
2026-06-22T11:40:16+09:00,GBIKE,131375,43.0,36.521986,127.234372,12,세종특별시
2026-06-22T11:40:16+09:00,GBIKE,501256,33.0,36.521995,127.23449,12,세종특별시
2026-06-22T11:40:16+09:00,GBIKE,501594,72.0,36.522003,127.24895,12,세종특별시
2026-06-22T11:40:16+09:00,GBIKE,501293,50.0,36.522009,127.248928,12,세종특별시
2026-06-22T11:40:16+09:00,GBIKE,130547,36.0,36.522013,127.234503,12,세종특별시
2026-06-22T11:40:16+09:00,GBIKE,130704,75.0,36.522014,127.24895,12,세종특별시
2026-06-22T11:40:16+09:00,GBIKE,501174,98.0,36.522173,127.234298,12,세종특별시
2026-06-22T11:40:16+09:00,GBIKE,131478,82.0,36.522509,127.232435,12,세종특별시
2026-06-22T11:40:16+09:00,GBIKE,501158,40.0,36.522536,127.232393,12,세종특별시
2026-06-22T11:40:16+09:00,GBIKE,501385,81.0,36.522546,127.232363,12,세종특별시
2026-06-22T11:40:16+09:00,GBIKE,131364,89.0,36.522549,127.232373,12,세종특별시
2026-06-22T11:40:16+09:00,GBIKE,131516,85.0,36.522561,127.232366,12,세종특별시
2026-06-22T11:40:16+09:00,GBIKE,501294,51.0,36.522572,127.232349,12,세종특별시
2026-06-22T11:40:16+09:00,GBIKE,501155,30.0,36.523194,127.267495,12,세종특별시
2026-06-22T11:40:16+09:00,GBIKE,130744,97.0,36.523209,127.267317,12,세종특별시
2026-06-22T11:40:16+09:00,GBIKE,131543,40.0,36.523379,127.279217,12,세종특별시
2026-06-22T11:40:16+09:00,GBIKE,131143,67.0,36.523574,127.266847,12,세종특별시
2026-06-22T11:40:16+09:00,GBIKE,131484,52.0,36.524233,127.277397,12,세종특별시
2026-06-22T11:40:16+09:00,GBIKE,131499,92.0,36.524689,127.263099,12,세종특별시
2026-06-22T11:40:16+09:00,GBIKE,130820,59.0,36.524694,127.263081,12,세종특별시
2026-06-22T11:40:16+09:00,GBIKE,130622,77.0,36.524697,127.263057,12,세종특별시
2026-06-22T11:40:16+09:00,GBIKE,131782,47.0,36.524837,127.266397,12,세종특별시
2026-06-22T11:40:16+09:00,GBIKE,131370,35.0,36.524977,127.270344,12,세종특별시
2026-06-22T11:40:16+09:00,GBIKE,131755,46.0,36.52505,127.261526,12,세종특별시
2026-06-22T11:40:16+09:00,GBIKE,130817,84.0,36.5252,127.267749,12,세종특별시
2026-06-22T11:40:16+09:00,GBIKE,130707,66.0,36.525385,127.261806,12,세종특별시
2026-06-22T11:40:16+09:00,GBIKE,501156,96.0,36.52582,127.267266,12,세종특별시
2026-06-22T11:40:16+09:00,GBIKE,130084,35.0,36.525923,127.263433,12,세종특별시
2026-06-22T11:40:16+09:00,GBIKE,130101,30.0,36.526362,127.267211,12,세종특별시
2026-06-22T11:40:16+09:00,GBIKE,131205,30.0,36.526415,127.271987,12,세종특별시
2026-06-22T11:40:16+09:00,GBIKE,501110,62.0,36.526525,127.271428,12,세종특별시
2026-06-22T11:40:16+09:00,GBIKE,131103,63.0,36.526707,127.262661,12,세종특별시
2026-06-22T11:40:16+09:00,GBIKE,130432,31.0,36.526799,127.271471,12,세종특별시
2026-06-22T11:40:16+09:00,GBIKE,501114,39.0,36.52685,127.26998,12,세종특별시
2026-06-22T11:40:16+09:00,GBIKE,130290,32.0,36.526869,127.271097,12,세종특별시
2026-06-22T11:40:16+09:00,GBIKE,130506,100.0,36.526929,127.263257,12,세종특별시
2026-06-22T11:40:16+09:00,GBIKE,131487,31.0,36.527052,127.270813,12,세종특별시
2026-06-22T11:40:16+09:00,GBIKE,130255,34.0,36.528032,127.270422,12,세종특별시
2026-06-22T11:40:16+09:00,GBIKE,131792,66.0,36.528062,127.267592,12,세종특별시
2026-06-22T11:40:16+09:00,GBIKE,130585,81.0,36.52828,127.270201,12,세종특별시
2026-06-22T11:40:16+09:00,GBIKE,131958,42.0,36.528301,127.270163,12,세종특별시
2026-06-22T11:40:16+09:00,GBIKE,130999,80.0,36.528342,127.248345,12,세종특별시
2026-06-22T11:40:16+09:00,GBIKE,501439,45.0,36.528481,127.26917,12,세종특별시
2026-06-22T11:40:16+09:00,GBIKE,131577,56.0,36.528524,127.263984,12,세종특별시
2026-06-22T11:40:16+09:00,GBIKE,130229,62.0,36.528535,127.268525,12,세종특별시
2026-06-22T11:40:16+09:00,GBIKE,130858,70.0,36.528876,127.267992,12,세종특별시
2026-06-22T11:40:16+09:00,GBIKE,130785,42.0,36.528937,127.263842,12,세종특별시
2026-06-22T11:40:16+09:00,GBIKE,501215,34.0,36.528957,127.263932,12,세종특별시
2026-06-22T11:40:16+09:00,GBIKE,131553,72.0,36.528965,127.263696,12,세종특별시
2026-06-22T11:40:16+09:00,GBIKE,130851,30.0,36.528977,127.263936,12,세종특별시
2026-06-22T11:40:16+09:00,GBIKE,131483,35.0,36.528981,127.263953,12,세종특별시
2026-06-22T11:40:16+09:00,GBIKE,131279,84.0,36.529042,127.269273,12,세종특별시
2026-06-22T11:40:16+09:00,GBIKE,130941,69.0,36.529204,127.264702,12,세종특별시
2026-06-22T11:40:16+09:00,GBIKE,131460,100.0,36.529306,127.26435,12,세종특별시
2026-06-22T11:40:16+09:00,GBIKE,501352,100.0,36.529307,127.264335,12,세종특별시
2026-06-22T11:40:16+09:00,GBIKE,130882,50.0,36.529373,127.264358,12,세종특별시
2026-06-22T11:40:16+09:00,GBIKE,131262,61.0,36.529386,127.264822,12,세종특별시
2026-06-22T11:40:16+09:00,GBIKE,131246,100.0,36.529387,127.260102,12,세종특별시
2026-06-22T11:40:16+09:00,GBIKE,130823,76.0,36.52944,127.264442,12,세종특별시
2026-06-22T11:40:16+09:00,GBIKE,130767,64.0,36.529445,127.264448,12,세종특별시
2026-06-22T11:40:16+09:00,GBIKE,130464,33.0,36.529466,127.264456,12,세종특별시
2026-06-22T11:40:16+09:00,GBIKE,131401,100.0,36.529471,127.264498,12,세종특별시
2026-06-22T11:40:16+09:00,GBIKE,130907,82.0,36.529478,127.264487,12,세종특별시
2026-06-22T11:40:16+09:00,GBIKE,130843,30.0,36.529488,127.264452,12,세종특별시
2026-06-22T11:40:16+09:00,GBIKE,131170,100.0,36.529519,127.264509,12,세종특별시
2026-06-22T11:40:16+09:00,GBIKE,130754,85.0,36.529528,127.264517,12,세종특별시
2026-06-22T11:40:16+09:00,GBIKE,130448,35.0,36.529553,127.267878,12,세종특별시
2026-06-22T11:40:16+09:00,GBIKE,131049,34.0,36.529573,127.264406,12,세종특별시
2026-06-22T11:40:16+09:00,GBIKE,130803,78.0,36.529743,127.255153,12,세종특별시
2026-06-22T11:40:16+09:00,GBIKE,131010,81.0,36.529768,127.255224,12,세종특별시
2026-06-22T11:40:16+09:00,GBIKE,131489,35.0,36.52978,127.256019,12,세종특별시
2026-06-22T11:40:16+09:00,GBIKE,130105,60.0,36.529781,127.255045,12,세종특별시
2026-06-22T11:40:16+09:00,GBIKE,131291,100.0,36.529791,127.254923,12,세종특별시
2026-06-22T11:40:16+09:00,GBIKE,131426,48.0,36.529801,127.254913,12,세종특별시
2026-06-22T11:40:16+09:00,GBIKE,131184,41.0,36.529825,127.254868,12,세종특별시
2026-06-22T11:40:16+09:00,GBIKE,130979,50.0,36.529921,127.254597,12,세종특별시
2026-06-22T11:40:16+09:00,GBIKE,130833,35.0,36.53014,127.267868,12,세종특별시
2026-06-22T11:40:16+09:00,GBIKE,130309,30.0,36.530158,127.258555,12,세종특별시
2026-06-22T11:40:16+09:00,GBIKE,131446,49.0,36.530395,127.266186,12,세종특별시
2026-06-22T11:40:16+09:00,GBIKE,130918,79.0,36.530428,127.266154,12,세종특별시
2026-06-22T11:40:16+09:00,GBIKE,130613,30.0,36.530451,127.266228,12,세종특별시
2026-06-22T11:40:16+09:00,GBIKE,501488,53.0,36.53046,127.26746,12,세종특별시
2026-06-22T11:40:16+09:00,GBIKE,131723,54.0,36.530484,127.266474,12,세종특별시
2026-06-22T11:40:16+09:00,GBIKE,131160,53.0,36.530495,127.266309,12,세종특별시
2026-06-22T11:40:16+09:00,GBIKE,131930,30.0,36.530503,127.254848,12,세종특별시
2026-06-22T11:40:16+09:00,GBIKE,130314,79.0,36.530538,127.265391,12,세종특별시
2026-06-22T11:40:16+09:00,GBIKE,131163,46.0,36.530735,127.266748,12,세종특별시
2026-06-22T11:40:16+09:00,GBIKE,131215,76.0,36.530789,127.265932,12,세종특별시
2026-06-22T11:40:16+09:00,GBIKE,501500,35.0,36.530813,127.268898,12,세종특별시
2026-06-22T11:40:16+09:00,GBIKE,130203,85.0,36.530833,127.268696,12,세종특별시
2026-06-22T11:40:16+09:00,GBIKE,130586,100.0,36.530948,127.253552,12,세종특별시
2026-06-22T11:40:16+09:00,GBIKE,343326,35.0,36.531011,127.259373,12,세종특별시
2026-06-22T11:40:16+09:00,GBIKE,131927,46.0,36.531109,127.265736,12,세종특별시
2026-06-22T11:40:16+09:00,GBIKE,501550,100.0,36.531132,127.266384,12,세종특별시
2026-06-22T11:40:16+09:00,GBIKE,130457,30.0,36.531151,127.253966,12,세종특별시
2026-06-22T11:40:16+09:00,GBIKE,130667,47.0,36.531278,127.26585,12,세종특별시
2026-06-22T11:40:16+09:00,GBIKE,131413,30.0,36.531501,127.265552,12,세종특별시
2026-06-22T11:40:16+09:00,GBIKE,131676,30.0,36.531917,127.268667,12,세종특별시
2026-06-22T11:40:16+09:00,GBIKE,130312,100.0,36.532019,127.2656,12,세종특별시
2026-06-22T11:40:16+09:00,GBIKE,131061,41.0,36.532166,127.264309,12,세종특별시
2026-06-22T11:40:16+09:00,GBIKE,130513,32.0,36.532167,127.26437,12,세종특별시
2026-06-22T11:40:16+09:00,GBIKE,130770,100.0,36.532176,127.260968,12,세종특별시
2026-06-22T11:40:16+09:00,GBIKE,131700,44.0,36.532185,127.264379,12,세종특별시
2026-06-22T11:40:16+09:00,GBIKE,130660,35.0,36.532189,127.264345,12,세종특별시
2026-06-22T11:40:16+09:00,GBIKE,131212,59.0,36.532451,127.265542,12,세종특별시
2026-06-22T11:40:16+09:00,GBIKE,130316,85.0,36.532559,127.264681,12,세종특별시
2026-06-22T11:40:16+09:00,GBIKE,501240,30.0,36.532582,127.257046,12,세종특별시
2026-06-22T11:40:16+09:00,GBIKE,131981,30.0,36.532646,127.267189,12,세종특별시
2026-06-22T11:40:16+09:00,GBIKE,131383,94.0,36.532715,127.265145,12,세종특별시
2026-06-22T11:40:16+09:00,GBIKE,130722,79.0,36.53272,127.26512,12,세종특별시
2026-06-22T11:40:16+09:00,GBIKE,131757,49.0,36.53281,127.265421,12,세종특별시
2026-06-22T11:40:16+09:00,GBIKE,130564,63.0,36.532824,127.265445,12,세종특별시
2026-06-22T11:40:16+09:00,GBIKE,131769,30.0,36.533613,127.266016,12,세종특별시
2026-06-22T11:40:16+09:00,GBIKE,131642,35.0,36.533623,127.266049,12,세종특별시
2026-06-22T11:40:16+09:00,GBIKE,131648,35.0,36.533688,127.266832,12,세종특별시
2026-06-22T11:40:16+09:00,GBIKE,131522,58.0,36.534004,127.264035,12,세종특별시
2026-06-22T11:40:16+09:00,GBIKE,501388,92.0,36.534468,127.262973,12,세종특별시
2026-06-22T11:40:16+09:00,GBIKE,131592,33.0,36.534686,127.263404,12,세종특별시
2026-06-22T11:40:16+09:00,GBIKE,131658,33.0,36.534959,127.264372,12,세종특별시
2026-06-22T11:40:16+09:00,GBIKE,130447,74.0,36.535092,127.26349,12,세종특별시
2026-06-22T11:40:16+09:00,GBIKE,130050,36.0,36.542248,127.365383,12,세종특별시
2026-06-22T11:40:16+09:00,GBIKE,130915,100.0,36.542695,127.364847,12,세종특별시
2026-06-22T11:40:16+09:00,GBIKE,131429,67.0,36.542711,127.365637,12,세종특별시
2026-06-22T11:40:16+09:00,GBIKE,130028,100.0,36.54273,127.36477,12,세종특별시
2026-06-22T11:40:16+09:00,GBIKE,131372,41.0,36.54274,127.364797,12,세종특별시
2026-06-22T11:40:16+09:00,GBIKE,131549,66.0,36.542748,127.364779,12,세종특별시
2026-06-22T11:40:16+09:00,GBIKE,130650,45.0,36.542765,127.3647,12,세종특별시
2026-06-22T11:40:16+09:00,GBIKE,301478,50.0,36.542767,127.36581,12,세종특별시
2026-06-22T11:40:16+09:00,GBIKE,501228,100.0,36.542868,127.364729,12,세종특별시
2026-06-22T11:40:16+09:00,GBIKE,501559,100.0,36.542932,127.36435,12,세종특별시
2026-06-22T11:40:16+09:00,GBIKE,385850,30.0,36.585196,127.369438,12,세종특별시
2026-06-22T11:40:16+09:00,GBIKE,637500,69.0,36.585589,127.294804,12,세종특별시
2026-06-22T11:40:16+09:00,GBIKE,385504,61.0,36.585886,127.295251,12,세종특별시
2026-06-22T11:40:16+09:00,GBIKE,374321,50.0,36.588018,127.292048,12,세종특별시
2026-06-22T11:40:16+09:00,GBIKE,384782,62.0,36.588676,127.291876,12,세종특별시
2026-06-22T11:40:16+09:00,GBIKE,383611,57.0,36.588831,127.274525,12,세종특별시
2026-06-22T11:40:16+09:00,GBIKE,365682,38.0,36.589265,127.298868,12,세종특별시
2026-06-22T11:40:16+09:00,GBIKE,603062,45.0,36.58983,127.288557,12,세종특별시
2026-06-22T11:40:16+09:00,GBIKE,602329,56.0,36.5903,127.288395,12,세종특별시
2026-06-22T11:40:16+09:00,GBIKE,630534,33.0,36.590556,127.291661,12,세종특별시
2026-06-22T11:40:16+09:00,GBIKE,354814,33.0,36.590928,127.289155,12,세종특별시
2026-06-22T11:40:16+09:00,GBIKE,378077,30.0,36.591423,127.29003,12,세종특별시
2026-06-22T11:40:16+09:00,GBIKE,374639,30.0,36.591551,127.29188,12,세종특별시
2026-06-22T11:40:16+09:00,GBIKE,638316,32.0,36.591658,127.291779,12,세종특별시
2026-06-22T11:40:16+09:00,GBIKE,630578,58.0,36.591813,127.292027,12,세종특별시
2026-06-22T11:40:16+09:00,GBIKE,343439,34.0,36.59236,127.288025,12,세종특별시
2026-06-22T11:40:16+09:00,GBIKE,609454,86.0,36.593084,127.284825,12,세종특별시
2026-06-22T11:40:16+09:00,GBIKE,625545,69.0,36.593101,127.287807,12,세종특별시
2026-06-22T11:40:16+09:00,GBIKE,638836,36.0,36.593114,127.284779,12,세종특별시
2026-06-22T11:40:16+09:00,GBIKE,378994,33.0,36.593123,127.284725,12,세종특별시
2026-06-22T11:40:16+09:00,GBIKE,390538,67.0,36.593201,127.291558,12,세종특별시
2026-06-22T11:40:16+09:00,GBIKE,381658,30.0,36.593215,127.291403,12,세종특별시
2026-06-22T11:40:16+09:00,GBIKE,628141,52.0,36.593382,127.298497,12,세종특별시
2026-06-22T11:40:16+09:00,GBIKE,617002,30.0,36.593973,127.284558,12,세종특별시
2026-06-22T11:40:16+09:00,GBIKE,386357,39.0,36.59419,127.28697,12,세종특별시
2026-06-22T11:40:16+09:00,GBIKE,369813,31.0,36.594351,127.287028,12,세종특별시
2026-06-22T11:40:16+09:00,GBIKE,384327,35.0,36.594426,127.28692,12,세종특별시
2026-06-22T11:40:16+09:00,GBIKE,375544,36.0,36.594608,127.28848,12,세종특별시
2026-06-22T11:40:16+09:00,GBIKE,383788,30.0,36.594758,127.285415,12,세종특별시
2026-06-22T11:40:16+09:00,GBIKE,392507,31.0,36.594816,127.285518,12,세종특별시
2026-06-22T11:40:16+09:00,GBIKE,390480,92.0,36.594985,127.27958,12,세종특별시
2026-06-22T11:40:16+09:00,GBIKE,383605,30.0,36.59501,127.289535,12,세종특별시
2026-06-22T11:40:16+09:00,GBIKE,387871,39.0,36.595158,127.301055,12,세종특별시
2026-06-22T11:40:16+09:00,GBIKE,364617,41.0,36.595206,127.301066,12,세종특별시
2026-06-22T11:40:16+09:00,GBIKE,371981,30.0,36.595326,127.290863,12,세종특별시
2026-06-22T11:40:16+09:00,GBIKE,607530,37.0,36.595478,127.291181,12,세종특별시
2026-06-22T11:40:16+09:00,GBIKE,384350,33.0,36.596916,127.300061,12,세종특별시
2026-06-22T11:40:16+09:00,GBIKE,613103,43.0,36.596964,127.30177,12,세종특별시
2026-06-22T11:40:16+09:00,GBIKE,635266,30.0,36.598116,127.29535,12,세종특별시
2026-06-22T11:40:16+09:00,GBIKE,373517,65.0,36.598856,127.302781,12,세종특별시
2026-06-22T11:40:16+09:00,GBIKE,374564,30.0,36.59913,127.29732,12,세종특별시
2026-06-22T11:40:16+09:00,GBIKE,612254,36.0,36.599266,127.297236,12,세종특별시
2026-06-22T11:40:16+09:00,GBIKE,623340,30.0,36.599539,127.289507,12,세종특별시
2026-06-22T11:40:16+09:00,GBIKE,384693,75.0,36.599568,127.290001,12,세종특별시
2026-06-22T11:40:16+09:00,GBIKE,614001,36.0,36.599921,127.298397,12,세종특별시
2026-06-22T11:40:16+09:00,GBIKE,377732,87.0,36.60014,127.301511,12,세종특별시
2026-06-22T11:40:16+09:00,GBIKE,367389,34.0,36.600231,127.298563,12,세종특별시
2026-06-22T11:40:16+09:00,GBIKE,367806,69.0,36.60032,127.29523,12,세종특별시
2026-06-22T11:40:16+09:00,GBIKE,382545,46.0,36.600483,127.301911,12,세종특별시
2026-06-22T11:40:16+09:00,GBIKE,620595,93.0,36.60053,127.301249,12,세종특별시
2026-06-22T11:40:16+09:00,GBIKE,371887,71.0,36.600851,127.295216,12,세종특별시
2026-06-22T11:40:16+09:00,GBIKE,375444,50.0,36.601028,127.29503,12,세종특별시
2026-06-22T11:40:16+09:00,GBIKE,362212,32.0,36.601106,127.291683,12,세종특별시
2026-06-22T11:40:16+09:00,GBIKE,367102,30.0,36.601111,127.29509,12,세종특별시
2026-06-22T11:40:16+09:00,GBIKE,388399,31.0,36.601141,127.29511,12,세종특별시
2026-06-22T11:40:16+09:00,GBIKE,386976,36.0,36.601228,127.295075,12,세종특별시
2026-06-22T11:40:16+09:00,GBIKE,347727,82.0,36.601291,127.291681,12,세종특별시
2026-06-22T11:40:16+09:00,GBIKE,372002,32.0,36.601341,127.294896,12,세종특별시
2026-06-22T11:40:16+09:00,GBIKE,392267,78.0,36.601418,127.294823,12,세종특별시
2026-06-22T11:40:16+09:00,GBIKE,372751,33.0,36.601443,127.29485,12,세종특별시
2026-06-22T11:40:16+09:00,GBIKE,617006,32.0,36.601475,127.29507,12,세종특별시
2026-06-22T11:40:16+09:00,GBIKE,383566,30.0,36.601576,127.303496,12,세종특별시
2026-06-22T11:40:16+09:00,GBIKE,347317,45.0,36.601663,127.283603,12,세종특별시
2026-06-22T11:40:16+09:00,GBIKE,636622,89.0,36.60172,127.303358,12,세종특별시
2026-06-22T11:40:16+09:00,GBIKE,384300,50.0,36.601773,127.303378,12,세종특별시
2026-06-22T11:40:16+09:00,GBIKE,367059,48.0,36.601883,127.280045,12,세종특별시
2026-06-22T11:40:16+09:00,GBIKE,365775,37.0,36.601926,127.294901,12,세종특별시
2026-06-22T11:40:16+09:00,GBIKE,345485,30.0,36.601953,127.294798,12,세종특별시
2026-06-22T11:40:16+09:00,GBIKE,373224,67.0,36.60202,127.290093,12,세종특별시
2026-06-22T11:40:16+09:00,GBIKE,382436,53.0,36.60204,127.291245,12,세종특별시
2026-06-22T11:40:16+09:00,GBIKE,394153,85.0,36.602083,127.284838,12,세종특별시
2026-06-22T11:40:16+09:00,GBIKE,332032,35.0,36.60211,127.29065,12,세종특별시
2026-06-22T11:40:16+09:00,GBIKE,615828,86.0,36.602121,127.291684,12,세종특별시
2026-06-22T11:40:16+09:00,GBIKE,383706,31.0,36.602133,127.294841,12,세종특별시
2026-06-22T11:40:16+09:00,GBIKE,366495,49.0,36.602146,127.279975,12,세종특별시
2026-06-22T11:40:16+09:00,GBIKE,346312,100.0,36.602158,127.292421,12,세종특별시
2026-06-22T11:40:16+09:00,GBIKE,615848,87.0,36.6023,127.289513,12,세종특별시
2026-06-22T11:40:16+09:00,GBIKE,392234,93.0,36.602366,127.28199,12,세종특별시
2026-06-22T11:40:16+09:00,GBIKE,347574,55.0,36.602485,127.294848,12,세종특별시
2026-06-22T11:40:16+09:00,GBIKE,370368,92.0,36.602486,127.303555,12,세종특별시
2026-06-22T11:40:16+09:00,GBIKE,388650,100.0,36.602585,127.303388,12,세종특별시
2026-06-22T11:40:16+09:00,GBIKE,377611,43.0,36.602793,127.28004,12,세종특별시
2026-06-22T11:40:16+09:00,GBIKE,372817,67.0,36.602881,127.291356,12,세종특별시
2026-06-22T11:40:16+09:00,GBIKE,368833,35.0,36.602886,127.282318,12,세종특별시
2026-06-22T11:40:16+09:00,GBIKE,392835,30.0,36.60291,127.279925,12,세종특별시
2026-06-22T11:40:16+09:00,GBIKE,365321,68.0,36.602933,127.279895,12,세종특별시
2026-06-22T11:40:16+09:00,GBIKE,383734,55.0,36.602956,127.279865,12,세종특별시
2026-06-22T11:40:16+09:00,GBIKE,618953,37.0,36.602962,127.288494,12,세종특별시
2026-06-22T11:40:16+09:00,GBIKE,351964,35.0,36.603023,127.289603,12,세종특별시
2026-06-22T11:40:16+09:00,GBIKE,614604,84.0,36.603062,127.289978,12,세종특별시
2026-06-22T11:40:16+09:00,GBIKE,383623,40.0,36.603268,127.29155,12,세종특별시
2026-06-22T11:40:16+09:00,GBIKE,613464,75.0,36.603287,127.299133,12,세종특별시
2026-06-22T11:40:16+09:00,GBIKE,628466,34.0,36.603394,127.304844,12,세종특별시
2026-06-22T11:40:16+09:00,GBIKE,625563,85.0,36.603413,127.304862,12,세종특별시
2026-06-22T11:40:16+09:00,GBIKE,374698,49.0,36.603448,127.289566,12,세종특별시
2026-06-22T11:40:16+09:00,GBIKE,623385,94.0,36.603615,127.293166,12,세종특별시
2026-06-22T11:40:16+09:00,GBIKE,631743,76.0,36.603637,127.290595,12,세종특별시
2026-06-22T11:40:16+09:00,GBIKE,618900,33.0,36.603702,127.291061,12,세종특별시
2026-06-22T11:40:16+09:00,GBIKE,368165,80.0,36.603761,127.296421,12,세종특별시
2026-06-22T11:40:16+09:00,GBIKE,345873,34.0,36.603785,127.294345,12,세종특별시
2026-06-22T11:40:16+09:00,GBIKE,631829,42.0,36.603829,127.297662,12,세종특별시
2026-06-22T11:40:16+09:00,GBIKE,612261,73.0,36.603835,127.291397,12,세종특별시
2026-06-22T11:40:16+09:00,GBIKE,635969,67.0,36.603844,127.297523,12,세종특별시
2026-06-22T11:40:16+09:00,GBIKE,624058,37.0,36.603858,127.297591,12,세종특별시
2026-06-22T11:40:16+09:00,GBIKE,377781,98.0,36.60389,127.297235,12,세종특별시
2026-06-22T11:40:16+09:00,GBIKE,375093,30.0,36.603908,127.287095,12,세종특별시
2026-06-22T11:40:16+09:00,GBIKE,383829,31.0,36.603981,127.297543,12,세종특별시
2026-06-22T11:40:16+09:00,GBIKE,630894,44.0,36.604069,127.297748,12,세종특별시
2026-06-22T11:40:16+09:00,GBIKE,377014,74.0,36.604091,127.274935,12,세종특별시
2026-06-22T11:40:16+09:00,GBIKE,637872,78.0,36.604253,127.292988,12,세종특별시
2026-06-22T11:40:16+09:00,GBIKE,374614,92.0,36.604291,127.29702,12,세종특별시
2026-06-22T11:40:16+09:00,GBIKE,611309,46.0,36.604359,127.290865,12,세종특별시
2026-06-22T11:40:16+09:00,GBIKE,382652,49.0,36.604388,127.300781,12,세종특별시
2026-06-22T11:40:16+09:00,GBIKE,382570,55.0,36.604496,127.292555,12,세종특별시
2026-06-22T11:40:16+09:00,GBIKE,386463,33.0,36.604505,127.292526,12,세종특별시
2026-06-22T11:40:16+09:00,GBIKE,638303,91.0,36.604534,127.292562,12,세종특별시
2026-06-22T11:40:16+09:00,GBIKE,638335,45.0,36.604536,127.305856,12,세종특별시
2026-06-22T11:40:16+09:00,GBIKE,369480,90.0,36.604595,127.29248,12,세종특별시
2026-06-22T11:40:16+09:00,GBIKE,383739,37.0,36.604781,127.29068,12,세종특별시
2026-06-22T11:40:16+09:00,GBIKE,367874,30.0,36.60483,127.292431,12,세종특별시
2026-06-22T11:40:16+09:00,GBIKE,623923,39.0,36.604909,127.290297,12,세종특별시
2026-06-22T11:40:16+09:00,GBIKE,629532,30.0,36.604938,127.287893,12,세종특별시
2026-06-22T11:40:16+09:00,GBIKE,381932,30.0,36.604981,127.289711,12,세종특별시
2026-06-22T11:40:16+09:00,GBIKE,633367,90.0,36.605102,127.289948,12,세종특별시
2026-06-22T11:40:16+09:00,GBIKE,364026,33.0,36.605108,127.294156,12,세종특별시
2026-06-22T11:40:16+09:00,GBIKE,368846,33.0,36.605108,127.291198,12,세종특별시
2026-06-22T11:40:16+09:00,GBIKE,353905,49.0,36.605186,127.289726,12,세종특별시
2026-06-22T11:40:16+09:00,GBIKE,389105,32.0,36.605218,127.291721,12,세종특별시
2026-06-22T11:40:16+09:00,GBIKE,385508,86.0,36.605336,127.292276,12,세종특별시
2026-06-22T11:40:16+09:00,GBIKE,347346,30.0,36.605393,127.285708,12,세종특별시
2026-06-22T11:40:16+09:00,GBIKE,394836,72.0,36.60554,127.286446,12,세종특별시
2026-06-22T11:40:16+09:00,GBIKE,368537,49.0,36.605621,127.292765,12,세종특별시
2026-06-22T11:40:16+09:00,GBIKE,383781,30.0,36.60563,127.300511,12,세종특별시
2026-06-22T11:40:16+09:00,GBIKE,620391,89.0,36.605719,127.294068,12,세종특별시
2026-06-22T11:40:16+09:00,GBIKE,387673,100.0,36.60572,127.294081,12,세종특별시
2026-06-22T11:40:16+09:00,GBIKE,383778,34.0,36.605735,127.289481,12,세종특별시
2026-06-22T11:40:16+09:00,GBIKE,626724,77.0,36.605833,127.297408,12,세종특별시
2026-06-22T11:40:16+09:00,GBIKE,376326,30.0,36.605958,127.286655,12,세종특별시
2026-06-22T11:40:16+09:00,GBIKE,384302,57.0,36.606028,127.277433,12,세종특별시
2026-06-22T11:40:16+09:00,GBIKE,631918,44.0,36.606092,127.294073,12,세종특별시
2026-06-22T11:40:16+09:00,GBIKE,384342,50.0,36.606113,127.293325,12,세종특별시
2026-06-22T11:40:16+09:00,GBIKE,383890,34.0,36.60612,127.292278,12,세종특별시
2026-06-22T11:40:16+09:00,GBIKE,626567,40.0,36.606125,127.296102,12,세종특별시
2026-06-22T11:40:16+09:00,GBIKE,389536,90.0,36.606153,127.286978,12,세종특별시
2026-06-22T11:40:16+09:00,GBIKE,632897,46.0,36.606174,127.294058,12,세종특별시
2026-06-22T11:40:16+09:00,GBIKE,607348,88.0,36.606204,127.294036,12,세종특별시
2026-06-22T11:40:16+09:00,GBIKE,379855,41.0,36.606233,127.293183,12,세종특별시
2026-06-22T11:40:16+09:00,GBIKE,391985,86.0,36.606243,127.293175,12,세종특별시
2026-06-22T11:40:16+09:00,GBIKE,345320,34.0,36.606378,127.288606,12,세종특별시
2026-06-22T11:40:16+09:00,GBIKE,394330,69.0,36.60638,127.294115,12,세종특별시
2026-06-22T11:40:16+09:00,GBIKE,381716,87.0,36.606445,127.288641,12,세종특별시
2026-06-22T11:40:16+09:00,GBIKE,389748,30.0,36.606513,127.286393,12,세종특별시
2026-06-22T11:40:16+09:00,GBIKE,601083,43.0,36.606536,127.28872,12,세종특별시
2026-06-22T11:40:16+09:00,GBIKE,625200,83.0,36.606578,127.292952,12,세종특별시
2026-06-22T11:40:16+09:00,GBIKE,390746,56.0,36.606613,127.297176,12,세종특별시
2026-06-22T11:40:16+09:00,GBIKE,635165,66.0,36.606687,127.298757,12,세종특별시
2026-06-22T11:40:16+09:00,GBIKE,374569,31.0,36.606853,127.293958,12,세종특별시
2026-06-22T11:40:16+09:00,GBIKE,355960,67.0,36.606985,127.288515,12,세종특별시
2026-06-22T11:40:16+09:00,GBIKE,388632,73.0,36.606991,127.290141,12,세종특별시
2026-06-22T11:40:16+09:00,GBIKE,369515,31.0,36.607013,127.29047,12,세종특별시
2026-06-22T11:40:16+09:00,GBIKE,368766,39.0,36.607018,127.285425,12,세종특별시
2026-06-22T11:40:16+09:00,GBIKE,368384,50.0,36.607103,127.283605,12,세종특별시
2026-06-22T11:40:16+09:00,GBIKE,377296,46.0,36.60715,127.29194,12,세종특별시
2026-06-22T11:40:16+09:00,GBIKE,377098,63.0,36.607175,127.284298,12,세종특별시
2026-06-22T11:40:16+09:00,GBIKE,604547,35.0,36.607215,127.296995,12,세종특별시
2026-06-22T11:40:16+09:00,GBIKE,375429,32.0,36.607218,127.290868,12,세종특별시
2026-06-22T11:40:16+09:00,GBIKE,618647,73.0,36.607276,127.289121,12,세종특별시
2026-06-22T11:40:16+09:00,GBIKE,630971,53.0,36.607305,127.292571,12,세종특별시
2026-06-22T11:40:16+09:00,GBIKE,621289,79.0,36.607308,127.292441,12,세종특별시
2026-06-22T11:40:16+09:00,GBIKE,365795,41.0,36.607318,127.286208,12,세종특별시
2026-06-22T11:40:16+09:00,GBIKE,348952,100.0,36.607323,127.286298,12,세종특별시
2026-06-22T11:40:16+09:00,GBIKE,394908,86.0,36.607328,127.28633,12,세종특별시
2026-06-22T11:40:16+09:00,GBIKE,368132,38.0,36.607418,127.29245,12,세종특별시
2026-06-22T11:40:16+09:00,GBIKE,365501,31.0,36.607568,127.297111,12,세종특별시
2026-06-22T11:40:16+09:00,GBIKE,604011,69.0,36.607873,127.289218,12,세종특별시
2026-06-22T11:40:16+09:00,GBIKE,625542,75.0,36.607962,127.288987,12,세종특별시
2026-06-22T11:40:16+09:00,GBIKE,381308,65.0,36.607968,127.292813,12,세종특별시
2026-06-22T11:40:16+09:00,GBIKE,348243,95.0,36.608046,127.289146,12,세종특별시
2026-06-22T11:40:16+09:00,GBIKE,608840,54.0,36.608148,127.288329,12,세종특별시
2026-06-22T11:40:16+09:00,GBIKE,610792,34.0,36.608168,127.284622,12,세종특별시
2026-06-22T11:40:16+09:00,GBIKE,383567,93.0,36.608176,127.28863,12,세종특별시
2026-06-22T11:40:16+09:00,GBIKE,384361,94.0,36.608205,127.288313,12,세종특별시
2026-06-22T11:40:16+09:00,GBIKE,607950,89.0,36.608205,127.289173,12,세종특별시
2026-06-22T11:40:16+09:00,GBIKE,614674,74.0,36.608295,127.289149,12,세종특별시
2026-06-22T11:40:16+09:00,GBIKE,633047,66.0,36.60833,127.289103,12,세종특별시
2026-06-22T11:40:16+09:00,GBIKE,382572,50.0,36.608338,127.283946,12,세종특별시
2026-06-22T11:40:16+09:00,GBIKE,376341,39.0,36.608473,127.285646,12,세종특별시
2026-06-22T11:40:16+09:00,GBIKE,630518,32.0,36.60849,127.289474,12,세종특별시
2026-06-22T11:40:16+09:00,GBIKE,627925,71.0,36.608518,127.285617,12,세종특별시
2026-06-22T11:40:16+09:00,GBIKE,375487,31.0,36.60852,127.289178,12,세종특별시
2026-06-22T11:40:16+09:00,GBIKE,370374,31.0,36.608611,127.289476,12,세종특별시
2026-06-22T11:40:16+09:00,GBIKE,369487,30.0,36.608613,127.289291,12,세종특별시
2026-06-22T11:40:16+09:00,GBIKE,381468,80.0,36.608633,127.283736,12,세종특별시
2026-06-22T11:40:16+09:00,GBIKE,389216,79.0,36.608653,127.289148,12,세종특별시
2026-06-22T11:40:16+09:00,GBIKE,389490,64.0,36.608653,127.283886,12,세종특별시
2026-06-22T11:40:16+09:00,GBIKE,370217,51.0,36.608655,127.283785,12,세종특별시
2026-06-22T11:40:16+09:00,GBIKE,388389,88.0,36.608656,127.283895,12,세종특별시
2026-06-22T11:40:16+09:00,GBIKE,373770,91.0,36.608663,127.288871,12,세종특별시
2026-06-22T11:40:16+09:00,GBIKE,392829,87.0,36.608666,127.28885,12,세종특별시
2026-06-22T11:40:16+09:00,GBIKE,374566,73.0,36.608668,127.283861,12,세종특별시
2026-06-22T11:40:16+09:00,GBIKE,371895,63.0,36.608673,127.283775,12,세종특별시
2026-06-22T11:40:16+09:00,GBIKE,383197,86.0,36.608673,127.283971,12,세종특별시
2026-06-22T11:40:16+09:00,GBIKE,387829,51.0,36.608675,127.288863,12,세종특별시
2026-06-22T11:40:16+09:00,GBIKE,388893,52.0,36.608675,127.283788,12,세종특별시
2026-06-22T11:40:16+09:00,GBIKE,377780,89.0,36.60868,127.289008,12,세종특별시
2026-06-22T11:40:16+09:00,GBIKE,387860,49.0,36.60868,127.283845,12,세종특별시
2026-06-22T11:40:16+09:00,GBIKE,381351,50.0,36.608681,127.283781,12,세종특별시
2026-06-22T11:40:16+09:00,GBIKE,388764,30.0,36.608683,127.283756,12,세종특별시
2026-06-22T11:40:16+09:00,GBIKE,383321,85.0,36.608685,127.283768,12,세종특별시
2026-06-22T11:40:16+09:00,GBIKE,363988,38.0,36.608686,127.283875,12,세종특별시
2026-06-22T11:40:16+09:00,GBIKE,345472,52.0,36.608688,127.283811,12,세종특별시
2026-06-22T11:40:16+09:00,GBIKE,389159,84.0,36.608688,127.283816,12,세종특별시
2026-06-22T11:40:16+09:00,GBIKE,368693,46.0,36.608695,127.283851,12,세종특별시
2026-06-22T11:40:16+09:00,GBIKE,383266,84.0,36.608695,127.283775,12,세종특별시
2026-06-22T11:40:16+09:00,GBIKE,382936,36.0,36.608698,127.283861,12,세종특별시
2026-06-22T11:40:16+09:00,GBIKE,369437,77.0,36.6087,127.289163,12,세종특별시
2026-06-22T11:40:16+09:00,GBIKE,608280,99.0,36.608707,127.289116,12,세종특별시
2026-06-22T11:40:16+09:00,GBIKE,384392,72.0,36.608708,127.283821,12,세종특별시
2026-06-22T11:40:16+09:00,GBIKE,392076,82.0,36.608708,127.283758,12,세종특별시
2026-06-22T11:40:16+09:00,GBIKE,369472,60.0,36.60871,127.283756,12,세종특별시
2026-06-22T11:40:16+09:00,GBIKE,352898,42.0,36.608711,127.28394,12,세종특별시
2026-06-22T11:40:16+09:00,GBIKE,351622,34.0,36.608716,127.283796,12,세종특별시
2026-06-22T11:40:16+09:00,GBIKE,372626,62.0,36.608716,127.283788,12,세종특별시
2026-06-22T11:40:16+09:00,GBIKE,376044,48.0,36.608716,127.283813,12,세종특별시
2026-06-22T11:40:16+09:00,GBIKE,382510,56.0,36.608716,127.283715,12,세종특별시
2026-06-22T11:40:16+09:00,GBIKE,376304,73.0,36.608718,127.283881,12,세종특별시
2026-06-22T11:40:16+09:00,GBIKE,367523,85.0,36.60872,127.283796,12,세종특별시
2026-06-22T11:40:16+09:00,GBIKE,384555,100.0,36.608723,127.283723,12,세종특별시
2026-06-22T11:40:16+09:00,GBIKE,367411,81.0,36.608725,127.288913,12,세종특별시
2026-06-22T11:40:16+09:00,GBIKE,374386,47.0,36.608726,127.283738,12,세종특별시
2026-06-22T11:40:16+09:00,GBIKE,366505,43.0,36.608728,127.283965,12,세종특별시
2026-06-22T11:40:16+09:00,GBIKE,368100,70.0,36.608728,127.289081,12,세종특별시
2026-06-22T11:40:16+09:00,GBIKE,375527,62.0,36.60873,127.28379,12,세종특별시
2026-06-22T11:40:16+09:00,GBIKE,383883,60.0,36.60873,127.283763,12,세종특별시
2026-06-22T11:40:16+09:00,GBIKE,383553,50.0,36.608731,127.283763,12,세종특별시
2026-06-22T11:40:16+09:00,GBIKE,389295,85.0,36.608731,127.283793,12,세종특별시
2026-06-22T11:40:16+09:00,GBIKE,603979,86.0,36.608731,127.283835,12,세종특별시
2026-06-22T11:40:16+09:00,GBIKE,347357,43.0,36.608735,127.28912,12,세종특별시
2026-06-22T11:40:16+09:00,GBIKE,387855,60.0,36.608735,127.289053,12,세종특별시
2026-06-22T11:40:16+09:00,GBIKE,374638,35.0,36.608736,127.283835,12,세종특별시
2026-06-22T11:40:16+09:00,GBIKE,367103,81.0,36.608745,127.283795,12,세종특별시
2026-06-22T11:40:16+09:00,GBIKE,375524,78.0,36.60875,127.283925,12,세종특별시
2026-06-22T11:40:16+09:00,GBIKE,348558,100.0,36.608753,127.289083,12,세종특별시
2026-06-22T11:40:16+09:00,GBIKE,363877,72.0,36.608756,127.283858,12,세종특별시
2026-06-22T11:40:16+09:00,GBIKE,367058,46.0,36.608756,127.28402,12,세종특별시
2026-06-22T11:40:16+09:00,GBIKE,378828,39.0,36.608756,127.288828,12,세종특별시
2026-06-22T11:40:16+09:00,GBIKE,377483,85.0,36.608758,127.283901,12,세종특별시
2026-06-22T11:40:16+09:00,GBIKE,392296,44.0,36.608761,127.289095,12,세종특별시
2026-06-22T11:40:16+09:00,GBIKE,375391,100.0,36.608765,127.289071,12,세종특별시
2026-06-22T11:40:16+09:00,GBIKE,615987,73.0,36.608765,127.28389,12,세종특별시
2026-06-22T11:40:16+09:00,GBIKE,365780,46.0,36.608771,127.283936,12,세종특별시
2026-06-22T11:40:16+09:00,GBIKE,384358,76.0,36.608775,127.283911,12,세종특별시
2026-06-22T11:40:16+09:00,GBIKE,390703,51.0,36.608776,127.283936,12,세종특별시
2026-06-22T11:40:16+09:00,GBIKE,385514,50.0,36.60878,127.283928,12,세종특별시
2026-06-22T11:40:16+09:00,GBIKE,345843,59.0,36.608781,127.283948,12,세종특별시
2026-06-22T11:40:16+09:00,GBIKE,367752,33.0,36.608781,127.283853,12,세종특별시
2026-06-22T11:40:16+09:00,GBIKE,636680,87.0,36.608781,127.283825,12,세종특별시
2026-06-22T11:40:16+09:00,GBIKE,382588,81.0,36.608785,127.283861,12,세종특별시
2026-06-22T11:40:16+09:00,GBIKE,385642,42.0,36.608786,127.28389,12,세종특별시
2026-06-22T11:40:16+09:00,GBIKE,384378,33.0,36.608788,127.283876,12,세종특별시
2026-06-22T11:40:16+09:00,GBIKE,387312,56.0,36.608793,127.283931,12,세종특별시
2026-06-22T11:40:16+09:00,GBIKE,355329,63.0,36.608795,127.283898,12,세종특별시
2026-06-22T11:40:16+09:00,GBIKE,365565,87.0,36.608801,127.283926,12,세종특별시
2026-06-22T11:40:16+09:00,GBIKE,625620,30.0,36.608813,127.283842,12,세종특별시
2026-06-22T11:40:16+09:00,GBIKE,367718,68.0,36.608821,127.283916,12,세종특별시
2026-06-22T11:40:16+09:00,GBIKE,371898,88.0,36.608831,127.28386,12,세종특별시
2026-06-22T11:40:16+09:00,GBIKE,604672,92.0,36.608831,127.289103,12,세종특별시
2026-06-22T11:40:16+09:00,GBIKE,617959,41.0,36.608832,127.283894,12,세종특별시
2026-06-22T11:40:16+09:00,GBIKE,612172,51.0,36.608833,127.288873,12,세종특별시
2026-06-22T11:40:16+09:00,GBIKE,622703,100.0,36.608835,127.288884,12,세종특별시
2026-06-22T11:40:16+09:00,GBIKE,365828,60.0,36.608836,127.28909,12,세종특별시
2026-06-22T11:40:16+09:00,GBIKE,629818,97.0,36.608837,127.289079,12,세종특별시
2026-06-22T11:40:16+09:00,GBIKE,377729,46.0,36.608858,127.28394,12,세종특별시
2026-06-22T11:40:16+09:00,GBIKE,369415,31.0,36.60886,127.291801,12,세종특별시
2026-06-22T11:40:16+09:00,GBIKE,617731,43.0,36.608869,127.289073,12,세종특별시
2026-06-22T11:40:16+09:00,GBIKE,369424,43.0,36.608873,127.284798,12,세종특별시
2026-06-22T11:40:16+09:00,GBIKE,395237,100.0,36.608878,127.289061,12,세종특별시
2026-06-22T11:40:16+09:00,GBIKE,375058,40.0,36.608885,127.291806,12,세종특별시
2026-06-22T11:40:16+09:00,GBIKE,367831,49.0,36.608956,127.284896,12,세종특별시
2026-06-22T11:40:16+09:00,GBIKE,365566,54.0,36.609043,127.286016,12,세종특별시
2026-06-22T11:40:16+09:00,GBIKE,374050,90.0,36.609051,127.286048,12,세종특별시
2026-06-22T11:40:16+09:00,GBIKE,367416,41.0,36.609058,127.286045,12,세종특별시
2026-06-22T11:40:16+09:00,GBIKE,638332,54.0,36.609065,127.286077,12,세종특별시
2026-06-22T11:40:16+09:00,GBIKE,390561,44.0,36.609071,127.286013,12,세종특별시
2026-06-22T11:40:16+09:00,GBIKE,601954,73.0,36.609073,127.28607,12,세종특별시
2026-06-22T11:40:16+09:00,GBIKE,372868,89.0,36.609093,127.286073,12,세종특별시
2026-06-22T11:40:16+09:00,GBIKE,628874,51.0,36.609093,127.286068,12,세종특별시
2026-06-22T11:40:16+09:00,GBIKE,390484,34.0,36.6091,127.28609,12,세종특별시
2026-06-22T11:40:16+09:00,GBIKE,616296,91.0,36.609109,127.28603,12,세종특별시
2026-06-22T11:40:16+09:00,GBIKE,380915,30.0,36.60911,127.285976,12,세종특별시
2026-06-22T11:40:16+09:00,GBIKE,628253,53.0,36.609115,127.286086,12,세종특별시
2026-06-22T11:40:16+09:00,GBIKE,380639,34.0,36.609263,127.29129,12,세종특별시
2026-06-22T11:40:16+09:00,GBIKE,382505,100.0,36.609295,127.292561,12,세종특별시
2026-06-22T11:40:16+09:00,GBIKE,349257,32.0,36.609325,127.292735,12,세종특별시
2026-06-22T11:40:16+09:00,GBIKE,379183,33.0,36.609645,127.286845,12,세종특별시
2026-06-22T11:40:16+09:00,GBIKE,383163,92.0,36.609646,127.288595,12,세종특별시
2026-06-22T11:40:16+09:00,GBIKE,383624,83.0,36.609653,127.28689,12,세종특별시
2026-06-22T11:40:16+09:00,GBIKE,372399,33.0,36.609668,127.286911,12,세종특별시
2026-06-22T11:40:16+09:00,GBIKE,385638,32.0,36.609691,127.286855,12,세종특별시
2026-06-22T11:40:16+09:00,GBIKE,388372,33.0,36.609705,127.286891,12,세종특별시
2026-06-22T11:40:16+09:00,GBIKE,636806,30.0,36.609723,127.289569,12,세종특별시
2026-06-22T11:40:16+09:00,GBIKE,630625,30.0,36.609807,127.293207,12,세종특별시
2026-06-22T11:40:16+09:00,GBIKE,610809,30.0,36.609923,127.29683,12,세종특별시
2026-06-22T11:40:16+09:00,GBIKE,619363,86.0,36.610372,127.296788,12,세종특별시
2026-06-22T11:40:16+09:00,GBIKE,604153,37.0,36.610376,127.289195,12,세종특별시
2026-06-22T11:40:16+09:00,GBIKE,389584,33.0,36.610378,127.289981,12,세종특별시
2026-06-22T11:40:16+09:00,GBIKE,348036,48.0,36.610385,127.289151,12,세종특별시
2026-06-22T11:40:16+09:00,GBIKE,383531,42.0,36.610388,127.289171,12,세종특별시
2026-06-22T11:40:16+09:00,GBIKE,630979,52.0,36.61039,127.28909,12,세종특별시
2026-06-22T11:40:16+09:00,GBIKE,362576,63.0,36.610391,127.289193,12,세종특별시
2026-06-22T11:40:16+09:00,GBIKE,628775,46.0,36.610402,127.289158,12,세종특별시
2026-06-22T11:40:16+09:00,GBIKE,638395,30.0,36.610402,127.289163,12,세종특별시
2026-06-22T11:40:16+09:00,GBIKE,624662,36.0,36.610406,127.289117,12,세종특별시
2026-06-22T11:40:16+09:00,GBIKE,618274,42.0,36.610413,127.289198,12,세종특별시
2026-06-22T11:40:16+09:00,GBIKE,613735,30.0,36.610427,127.293204,12,세종특별시
2026-06-22T11:40:16+09:00,GBIKE,376390,44.0,36.61052,127.285471,12,세종특별시
2026-06-22T11:40:16+09:00,GBIKE,366565,31.0,36.610521,127.285605,12,세종특별시
2026-06-22T11:40:16+09:00,GBIKE,352300,36.0,36.610546,127.285493,12,세종특별시
2026-06-22T11:40:16+09:00,GBIKE,361763,32.0,36.610551,127.285538,12,세종특별시
2026-06-22T11:40:16+09:00,GBIKE,380920,35.0,36.610553,127.285558,12,세종특별시
2026-06-22T11:40:16+09:00,GBIKE,383149,95.0,36.610558,127.285518,12,세종특별시
2026-06-22T11:40:16+09:00,GBIKE,343404,35.0,36.610571,127.29318,12,세종특별시
2026-06-22T11:40:16+09:00,GBIKE,617603,30.0,36.610576,127.285536,12,세종특별시
2026-06-22T11:40:16+09:00,GBIKE,635581,50.0,36.610581,127.285513,12,세종특별시
2026-06-22T11:40:16+09:00,GBIKE,367380,38.0,36.610586,127.285513,12,세종특별시
2026-06-22T11:40:16+09:00,GBIKE,385510,86.0,36.610596,127.285491,12,세종특별시
2026-06-22T11:40:16+09:00,GBIKE,384391,41.0,36.610618,127.28548,12,세종특별시
2026-06-22T11:40:16+09:00,GBIKE,390685,33.0,36.610671,127.297201,12,세종특별시
2026-06-22T11:40:16+09:00,GBIKE,384320,35.0,36.610686,127.298065,12,세종특별시
2026-06-22T11:40:16+09:00,GBIKE,375330,33.0,36.610771,127.291425,12,세종특별시
2026-06-22T11:40:16+09:00,GBIKE,394098,32.0,36.610773,127.298521,12,세종특별시
2026-06-22T11:40:16+09:00,GBIKE,369717,70.0,36.610896,127.285865,12,세종특별시
2026-06-22T11:40:16+09:00,GBIKE,366207,96.0,36.610913,127.285903,12,세종특별시
2026-06-22T11:40:16+09:00,GBIKE,614015,62.0,36.610942,127.285846,12,세종특별시
2026-06-22T11:40:16+09:00,GBIKE,377293,30.0,36.611021,127.286191,12,세종특별시
2026-06-22T11:40:16+09:00,GBIKE,386746,74.0,36.611045,127.286141,12,세종특별시
2026-06-22T11:40:16+09:00,GBIKE,612853,69.0,36.611061,127.286062,12,세종특별시
2026-06-22T11:40:16+09:00,GBIKE,368120,85.0,36.611063,127.289958,12,세종특별시
2026-06-22T11:40:16+09:00,GBIKE,378803,30.0,36.611066,127.286173,12,세종특별시
2026-06-22T11:40:16+09:00,GBIKE,376081,57.0,36.611076,127.290128,12,세종특별시
2026-06-22T11:40:16+09:00,GBIKE,390382,64.0,36.611083,127.289985,12,세종특별시
2026-06-22T11:40:16+09:00,GBIKE,377436,89.0,36.611086,127.289978,12,세종특별시
2026-06-22T11:40:16+09:00,GBIKE,372070,33.0,36.61109,127.289973,12,세종특별시
2026-06-22T11:40:16+09:00,GBIKE,378931,89.0,36.61109,127.289996,12,세종특별시
2026-06-22T11:40:16+09:00,GBIKE,339870,52.0,36.611095,127.290046,12,세종특별시
2026-06-22T11:40:16+09:00,GBIKE,363973,100.0,36.611098,127.290041,12,세종특별시
2026-06-22T11:40:16+09:00,GBIKE,627295,36.0,36.611103,127.29664,12,세종특별시
2026-06-22T11:40:16+09:00,GBIKE,388680,75.0,36.611106,127.290108,12,세종특별시
2026-06-22T11:40:16+09:00,GBIKE,363571,35.0,36.611113,127.289985,12,세종특별시
2026-06-22T11:40:16+09:00,GBIKE,368902,56.0,36.611118,127.290086,12,세종특별시
2026-06-22T11:40:16+09:00,GBIKE,366516,31.0,36.611123,127.287396,12,세종특별시
2026-06-22T11:40:16+09:00,GBIKE,381177,49.0,36.611123,127.29006,12,세종특별시
2026-06-22T11:40:16+09:00,GBIKE,630536,44.0,36.611123,127.296709,12,세종특별시
2026-06-22T11:40:16+09:00,GBIKE,383834,41.0,36.611126,127.29002,12,세종특별시
2026-06-22T11:40:16+09:00,GBIKE,379750,100.0,36.611128,127.289988,12,세종특별시
2026-06-22T11:40:16+09:00,GBIKE,383167,95.0,36.611128,127.289965,12,세종특별시
2026-06-22T11:40:16+09:00,GBIKE,383887,95.0,36.611128,127.289965,12,세종특별시
2026-06-22T11:40:16+09:00,GBIKE,385493,57.0,36.611128,127.289968,12,세종특별시
2026-06-22T11:40:16+09:00,GBIKE,394095,50.0,36.611128,127.290073,12,세종특별시
2026-06-22T11:40:16+09:00,GBIKE,363636,56.0,36.611133,127.289965,12,세종특별시
2026-06-22T11:40:16+09:00,GBIKE,381538,71.0,36.611133,127.289963,12,세종특별시
2026-06-22T11:40:16+09:00,GBIKE,617634,85.0,36.611136,127.289999,12,세종특별시
2026-06-22T11:40:16+09:00,GBIKE,370326,34.0,36.611138,127.287543,12,세종특별시
2026-06-22T11:40:16+09:00,GBIKE,372400,42.0,36.611145,127.290008,12,세종특별시
2026-06-22T11:40:16+09:00,GBIKE,620566,90.0,36.611147,127.287416,12,세종특별시
2026-06-22T11:40:16+09:00,GBIKE,338106,100.0,36.611148,127.290055,12,세종특별시
2026-06-22T11:40:16+09:00,GBIKE,355297,30.0,36.611148,127.289956,12,세종특별시
2026-06-22T11:40:16+09:00,GBIKE,388631,64.0,36.611148,127.290086,12,세종특별시
2026-06-22T11:40:16+09:00,GBIKE,377764,57.0,36.61115,127.28746,12,세종특별시
2026-06-22T11:40:16+09:00,GBIKE,372728,77.0,36.611153,127.287396,12,세종특별시
2026-06-22T11:40:16+09:00,GBIKE,383557,73.0,36.611155,127.287396,12,세종특별시
2026-06-22T11:40:16+09:00,GBIKE,383612,84.0,36.611155,127.287416,12,세종특별시
2026-06-22T11:40:16+09:00,GBIKE,389488,88.0,36.611158,127.287363,12,세종특별시
2026-06-22T11:40:16+09:00,GBIKE,376843,41.0,36.61116,127.29004,12,세종특별시
2026-06-22T11:40:16+09:00,GBIKE,625142,90.0,36.61116,127.287479,12,세종특별시
2026-06-22T11:40:16+09:00,GBIKE,638562,41.0,36.61116,127.289955,12,세종특별시
2026-06-22T11:40:16+09:00,GBIKE,390769,98.0,36.611163,127.287438,12,세종특별시
2026-06-22T11:40:16+09:00,GBIKE,631081,63.0,36.611167,127.287362,12,세종특별시
2026-06-22T11:40:16+09:00,GBIKE,364199,33.0,36.611173,127.289935,12,세종특별시
2026-06-22T11:40:16+09:00,GBIKE,603533,42.0,36.611173,127.287395,12,세종특별시
2026-06-22T11:40:16+09:00,GBIKE,367387,78.0,36.611186,127.287353,12,세종특별시
2026-06-22T11:40:16+09:00,GBIKE,390838,35.0,36.611186,127.287401,12,세종특별시
2026-06-22T11:40:16+09:00,GBIKE,364639,57.0,36.611191,127.28725,12,세종특별시
2026-06-22T11:40:16+09:00,GBIKE,616066,33.0,36.611193,127.287338,12,세종특별시
2026-06-22T11:40:16+09:00,GBIKE,379519,36.0,36.611195,127.287433,12,세종특별시
2026-06-22T11:40:16+09:00,GBIKE,382650,38.0,36.611203,127.28744,12,세종특별시
2026-06-22T11:40:16+09:00,GBIKE,382533,30.0,36.611206,127.287365,12,세종특별시
2026-06-22T11:40:16+09:00,GBIKE,389264,42.0,36.611208,127.287368,12,세종특별시
2026-06-22T11:40:16+09:00,GBIKE,624252,58.0,36.611209,127.287384,12,세종특별시
2026-06-22T11:40:16+09:00,GBIKE,604326,45.0,36.61121,127.28734,12,세종특별시
2026-06-22T11:40:16+09:00,GBIKE,367351,92.0,36.611211,127.287345,12,세종특별시
2026-06-22T11:40:16+09:00,GBIKE,371839,40.0,36.611211,127.287435,12,세종특별시
2026-06-22T11:40:16+09:00,GBIKE,390771,30.0,36.611211,127.287213,12,세종특별시
2026-06-22T11:40:16+09:00,GBIKE,639358,85.0,36.611211,127.287233,12,세종특별시
2026-06-22T11:40:16+09:00,GBIKE,370121,58.0,36.611213,127.28717,12,세종특별시
2026-06-22T11:40:16+09:00,GBIKE,383726,61.0,36.611213,127.287246,12,세종특별시
2026-06-22T11:40:16+09:00,GBIKE,392394,72.0,36.611213,127.287486,12,세종특별시
2026-06-22T11:40:16+09:00,GBIKE,373521,88.0,36.611216,127.28744,12,세종특별시
2026-06-22T11:40:16+09:00,GBIKE,373290,35.0,36.61122,127.287401,12,세종특별시
2026-06-22T11:40:16+09:00,GBIKE,362145,75.0,36.611221,127.287445,12,세종특별시
2026-06-22T11:40:16+09:00,GBIKE,384713,48.0,36.611223,127.287203,12,세종특별시
2026-06-22T11:40:16+09:00,GBIKE,374717,49.0,36.611225,127.287306,12,세종특별시
2026-06-22T11:40:16+09:00,GBIKE,375376,69.0,36.611225,127.287408,12,세종특별시
2026-06-22T11:40:16+09:00,GBIKE,375506,63.0,36.611225,127.28724,12,세종특별시
2026-06-22T11:40:16+09:00,GBIKE,384694,44.0,36.611225,127.28747,12,세종특별시
2026-06-22T11:40:16+09:00,GBIKE,386032,32.0,36.611225,127.28744,12,세종특별시
2026-06-22T11:40:16+09:00,GBIKE,389847,90.0,36.611225,127.28741,12,세종특별시
2026-06-22T11:40:16+09:00,GBIKE,380113,42.0,36.611231,127.28722,12,세종특별시
2026-06-22T11:40:16+09:00,GBIKE,393158,59.0,36.611238,127.287491,12,세종특별시
2026-06-22T11:40:16+09:00,GBIKE,382502,33.0,36.611241,127.287396,12,세종특별시
2026-06-22T11:40:16+09:00,GBIKE,378046,31.0,36.611248,127.28741,12,세종특별시
2026-06-22T11:40:16+09:00,GBIKE,377574,94.0,36.611255,127.287433,12,세종특별시
2026-06-22T11:40:16+09:00,GBIKE,386486,37.0,36.611255,127.287413,12,세종특별시
2026-06-22T11:40:16+09:00,GBIKE,390442,100.0,36.611255,127.287506,12,세종특별시
2026-06-22T11:40:16+09:00,GBIKE,392112,91.0,36.611258,127.287443,12,세종특별시
2026-06-22T11:40:16+09:00,GBIKE,376030,87.0,36.61126,127.287228,12,세종특별시
2026-06-22T11:40:16+09:00,GBIKE,390748,33.0,36.611271,127.287406,12,세종특별시
2026-06-22T11:40:16+09:00,GBIKE,372771,31.0,36.611296,127.287371,12,세종특별시
2026-06-22T11:40:16+09:00,GBIKE,612617,94.0,36.611407,127.296668,12,세종특별시
2026-06-22T11:40:16+09:00,GBIKE,344002,51.0,36.61151,127.284626,12,세종특별시
2026-06-22T11:40:16+09:00,GBIKE,364370,30.0,36.611511,127.284661,12,세종특별시
2026-06-22T11:40:16+09:00,GBIKE,386474,32.0,36.61153,127.284643,12,세종특별시
2026-06-22T11:40:16+09:00,GBIKE,332859,50.0,36.61191,127.284795,12,세종특별시
2026-06-22T11:40:16+09:00,GBIKE,394698,91.0,36.611943,127.284868,12,세종특별시
2026-06-22T11:40:16+09:00,GBIKE,381375,90.0,36.611945,127.284816,12,세종특별시
2026-06-22T11:40:16+09:00,GBIKE,377735,31.0,36.611946,127.284841,12,세종특별시
2026-06-22T11:40:16+09:00,GBIKE,382998,43.0,36.611971,127.284801,12,세종특별시
2026-06-22T11:40:16+09:00,GBIKE,380931,39.0,36.611985,127.284821,12,세종특별시
2026-06-22T11:40:16+09:00,GBIKE,612402,84.0,36.612012,127.292878,12,세종특별시
2026-06-22T11:40:16+09:00,GBIKE,383223,69.0,36.612458,127.29272,12,세종특별시
2026-06-22T11:40:16+09:00,GBIKE,392376,59.0,36.612995,127.293385,12,세종특별시
2026-06-22T11:40:16+09:00,GBIKE,347744,87.0,36.613296,127.331585,12,세종특별시
2026-06-22T11:40:16+09:00,GBIKE,385435,67.0,36.613308,127.331583,12,세종특별시
2026-06-22T11:40:16+09:00,GBIKE,367337,33.0,36.613763,127.2925,12,세종특별시
2026-06-22T11:40:16+09:00,GBIKE,387886,30.0,36.613773,127.290445,12,세종특별시
2026-06-22T11:40:16+09:00,GBIKE,380917,30.0,36.613895,127.290685,12,세종특별시
2026-06-22T11:40:16+09:00,GBIKE,370088,51.0,36.61392,127.292456,12,세종특별시
2026-06-22T11:40:16+09:00,GBIKE,347335,31.0,36.613925,127.292371,12,세종특별시
2026-06-22T11:40:16+09:00,GBIKE,347359,72.0,36.613961,127.292458,12,세종특별시
2026-06-22T11:40:16+09:00,GBIKE,384398,32.0,36.613971,127.292441,12,세종특별시
2026-06-22T11:40:16+09:00,GBIKE,638210,100.0,36.614018,127.315002,12,세종특별시
2026-06-22T11:40:16+09:00,GBIKE,385640,100.0,36.614066,127.29016,12,세종특별시
2026-06-22T11:40:16+09:00,GBIKE,390295,35.0,36.614725,127.288108,12,세종특별시
2026-06-22T11:40:16+09:00,GBIKE,377794,68.0,36.614803,127.284843,12,세종특별시
2026-06-22T11:40:16+09:00,GBIKE,383347,96.0,36.614836,127.28433,12,세종특별시
2026-06-22T11:40:16+09:00,GBIKE,637526,70.0,36.615302,127.360331,12,세종특별시
2026-06-22T11:40:16+09:00,GBIKE,367251,34.0,36.615383,127.29262,12,세종특별시
2026-06-22T11:40:16+09:00,GBIKE,371980,61.0,36.615631,127.286045,12,세종특별시
2026-06-22T11:40:16+09:00,GBIKE,379960,63.0,36.616015,127.287118,12,세종특별시
2026-06-22T11:40:16+09:00,GBIKE,382690,99.0,36.616063,127.360265,12,세종특별시
2026-06-22T11:40:16+09:00,GBIKE,372300,36.0,36.616611,127.28667,12,세종특별시
2026-06-22T11:40:16+09:00,GBIKE,384375,64.0,36.616831,127.329133,12,세종특별시
2026-06-22T11:40:16+09:00,GBIKE,609681,31.0,36.617406,127.285681,12,세종특별시
2026-06-22T11:40:16+09:00,GBIKE,130745,33.0,36.617507,127.285737,12,세종특별시
2026-06-22T11:40:16+09:00,GBIKE,372776,89.0,36.617553,127.290468,12,세종특별시
2026-06-22T11:40:16+09:00,GBIKE,368400,71.0,36.618043,127.321585,12,세종특별시
2026-06-22T11:40:16+09:00,GBIKE,626555,39.0,36.618152,127.28577,12,세종특별시
2026-06-22T11:40:16+09:00,GBIKE,376034,32.0,36.618166,127.285793,12,세종특별시
2026-06-22T11:40:16+09:00,GBIKE,611134,65.0,36.618184,127.285772,12,세종특별시
2026-06-22T11:40:16+09:00,GBIKE,375530,30.0,36.618186,127.285706,12,세종특별시
2026-06-22T11:40:16+09:00,GBIKE,632681,33.0,36.618223,127.285763,12,세종특별시
2026-06-22T11:40:16+09:00,GBIKE,602862,30.0,36.618228,127.285776,12,세종특별시
2026-06-22T11:40:16+09:00,GBIKE,617885,42.0,36.618238,127.285777,12,세종특별시
2026-06-22T11:40:16+09:00,GBIKE,617890,31.0,36.618263,127.285771,12,세종특별시
2026-06-22T11:40:16+09:00,GBIKE,333967,92.0,36.618813,127.290806,12,세종특별시
2026-06-22T11:40:16+09:00,GBIKE,383599,30.0,36.618826,127.290805,12,세종특별시
2026-06-22T11:40:16+09:00,GBIKE,383590,43.0,36.618901,127.288586,12,세종특별시
2026-06-22T11:40:16+09:00,GBIKE,386756,43.0,36.61891,127.288586,12,세종특별시
2026-06-22T11:40:16+09:00,GBIKE,373233,88.0,36.618975,127.284933,12,세종특별시
2026-06-22T11:40:16+09:00,GBIKE,620351,96.0,36.618988,127.318896,12,세종특별시
2026-06-22T11:40:16+09:00,GBIKE,368554,30.0,36.619125,127.289853,12,세종특별시
2026-06-22T11:40:16+09:00,GBIKE,611872,90.0,36.619201,127.289927,12,세종특별시
2026-06-22T11:40:16+09:00,GBIKE,349173,42.0,36.61987,127.310753,12,세종특별시
2026-06-22T11:40:16+09:00,GBIKE,384363,48.0,36.620466,127.290673,12,세종특별시
2026-06-22T11:40:16+09:00,GBIKE,367800,36.0,36.62091,127.282471,12,세종특별시
2026-06-22T11:40:16+09:00,GBIKE,377277,92.0,36.621166,127.290566,12,세종특별시
2026-06-22T11:40:16+09:00,GBIKE,374732,39.0,36.62144,127.358601,12,세종특별시
2026-06-22T11:40:16+09:00,GBIKE,381558,100.0,36.621485,127.321955,12,세종특별시
2026-06-22T11:40:16+09:00,GBIKE,337661,78.0,36.621506,127.290936,12,세종특별시
2026-06-22T11:40:16+09:00,GBIKE,379714,54.0,36.62151,127.290941,12,세종특별시
2026-06-22T11:40:16+09:00,GBIKE,375561,30.0,36.622883,127.289176,12,세종특별시
2026-06-22T11:40:16+09:00,GBIKE,637354,44.0,36.622965,127.288972,12,세종특별시
2026-06-22T11:40:16+09:00,GBIKE,624613,36.0,36.622971,127.289452,12,세종특별시
2026-06-22T11:40:16+09:00,GBIKE,343399,100.0,36.623003,127.290195,12,세종특별시
2026-06-22T11:40:16+09:00,GBIKE,385639,72.0,36.624126,127.33088,12,세종특별시
2026-06-22T11:40:16+09:00,GBIKE,373728,62.0,36.625661,127.28847,12,세종특별시
2026-06-22T11:40:16+09:00,GBIKE,632299,41.0,36.629276,127.333273,12,세종특별시
2026-06-22T11:40:16+09:00,GBIKE,620356,93.0,36.631625,127.328545,12,세종특별시
2026-06-22T11:40:16+09:00,GBIKE,368357,67.0,36.656701,127.369016,12,세종특별시
