timestamp,operator_name,device_id,battery_level,latitude,longitude,city_code,city_name
2026-06-17T00:00:37+09:00,ALPACA,425055,30.0,36.32547,127.348305,12,세종특별시
2026-06-17T00:00:37+09:00,ALPACA,425373,39.0,36.326492,127.33874,12,세종특별시
2026-06-17T00:00:37+09:00,ALPACA,425451,31.0,36.32762,127.33943,12,세종특별시
2026-06-17T00:00:37+09:00,ALPACA,424720,48.0,36.33012,127.34353,12,세종특별시
2026-06-17T00:00:37+09:00,ALPACA,425050,100.0,36.330578,127.340164,12,세종특별시
2026-06-17T00:00:37+09:00,ALPACA,425455,49.0,36.336636,127.33467,12,세종특별시
2026-06-17T00:00:37+09:00,ALPACA,425975,62.0,36.338486,127.34279,12,세종특별시
2026-06-17T00:00:37+09:00,ALPACA,425413,62.0,36.338505,127.33282,12,세종특별시
2026-06-17T00:00:37+09:00,ALPACA,424952,46.0,36.339375,127.34195,12,세종특별시
2026-06-17T00:00:37+09:00,ALPACA,425006,38.0,36.339462,127.34202,12,세종특별시
2026-06-17T00:00:37+09:00,ALPACA,424743,82.0,36.339527,127.342,12,세종특별시
2026-06-17T00:00:37+09:00,ALPACA,424714,55.0,36.340332,127.34499,12,세종특별시
2026-06-17T00:00:37+09:00,ALPACA,425212,34.0,36.341503,127.33795,12,세종특별시
2026-06-17T00:00:37+09:00,ALPACA,425061,76.0,36.341545,127.34444,12,세종특별시
2026-06-17T00:00:37+09:00,ALPACA,425057,52.0,36.341568,127.34428,12,세종특별시
2026-06-17T00:00:37+09:00,ALPACA,424770,77.0,36.34157,127.34442,12,세종특별시
2026-06-17T00:00:37+09:00,ALPACA,424908,77.0,36.34158,127.34444,12,세종특별시
2026-06-17T00:00:37+09:00,ALPACA,424920,49.0,36.341583,127.34441,12,세종특별시
2026-06-17T00:00:37+09:00,ALPACA,424350,47.0,36.34164,127.33769,12,세종특별시
2026-06-17T00:00:37+09:00,ALPACA,424710,79.0,36.34184,127.34715,12,세종특별시
2026-06-17T00:00:37+09:00,ALPACA,425679,41.0,36.342346,127.340965,12,세종특별시
2026-06-17T00:00:37+09:00,ALPACA,425476,97.0,36.342384,127.34097,12,세종특별시
2026-06-17T00:00:37+09:00,ALPACA,425126,97.0,36.342384,127.34094,12,세종특별시
2026-06-17T00:00:37+09:00,ALPACA,424450,54.0,36.34246,127.34149,12,세종특별시
2026-06-17T00:00:37+09:00,ALPACA,424868,64.0,36.3427,127.339806,12,세종특별시
2026-06-17T00:00:37+09:00,ALPACA,424324,54.0,36.342773,127.33894,12,세종특별시
2026-06-17T00:00:37+09:00,ALPACA,424404,40.0,36.34278,127.3389,12,세종특별시
2026-06-17T00:00:37+09:00,ALPACA,424432,73.0,36.342785,127.33886,12,세종특별시
2026-06-17T00:00:37+09:00,ALPACA,424501,76.0,36.342796,127.338936,12,세종특별시
2026-06-17T00:00:37+09:00,ALPACA,424402,87.0,36.3428,127.33888,12,세종특별시
2026-06-17T00:00:37+09:00,ALPACA,424486,79.0,36.342808,127.3389,12,세종특별시
2026-06-17T00:00:37+09:00,ALPACA,424358,78.0,36.34281,127.33892,12,세종특별시
2026-06-17T00:00:37+09:00,ALPACA,424568,51.0,36.34281,127.33892,12,세종특별시
2026-06-17T00:00:37+09:00,ALPACA,424165,52.0,36.34282,127.337494,12,세종특별시
2026-06-17T00:00:37+09:00,ALPACA,424367,78.0,36.34282,127.3389,12,세종특별시
2026-06-17T00:00:37+09:00,ALPACA,425094,50.0,36.34283,127.3441,12,세종특별시
2026-06-17T00:00:37+09:00,ALPACA,424517,65.0,36.342922,127.344,12,세종특별시
2026-06-17T00:00:37+09:00,ALPACA,424839,64.0,36.342976,127.33981,12,세종특별시
2026-06-17T00:00:37+09:00,ALPACA,425238,54.0,36.343094,127.3444,12,세종특별시
2026-06-17T00:00:37+09:00,ALPACA,424425,40.0,36.34312,127.33904,12,세종특별시
2026-06-17T00:00:37+09:00,ALPACA,424508,33.0,36.34314,127.33361,12,세종특별시
2026-06-17T00:00:37+09:00,ALPACA,424544,57.0,36.3432,127.339165,12,세종특별시
2026-06-17T00:00:37+09:00,ALPACA,425151,59.0,36.34334,127.34419,12,세종특별시
2026-06-17T00:00:37+09:00,ALPACA,425383,59.0,36.343346,127.34419,12,세종특별시
2026-06-17T00:00:37+09:00,ALPACA,425524,53.0,36.343357,127.34417,12,세종특별시
2026-06-17T00:00:37+09:00,ALPACA,424787,81.0,36.34337,127.34419,12,세종특별시
2026-06-17T00:00:37+09:00,ALPACA,425112,68.0,36.343372,127.34417,12,세종특별시
2026-06-17T00:00:37+09:00,ALPACA,424897,50.0,36.34348,127.33816,12,세종특별시
2026-06-17T00:00:37+09:00,ALPACA,424709,71.0,36.343708,127.34429,12,세종특별시
2026-06-17T00:00:37+09:00,ALPACA,425677,67.0,36.34379,127.382706,12,세종특별시
2026-06-17T00:00:37+09:00,ALPACA,424707,51.0,36.344,127.34178,12,세종특별시
2026-06-17T00:00:37+09:00,ALPACA,424506,55.0,36.34425,127.33572,12,세종특별시
2026-06-17T00:00:37+09:00,ALPACA,425695,55.0,36.34427,127.34741,12,세종특별시
2026-06-17T00:00:37+09:00,ALPACA,425000,48.0,36.344334,127.34692,12,세종특별시
2026-06-17T00:00:37+09:00,ALPACA,425197,43.0,36.34453,127.33241,12,세종특별시
2026-06-17T00:00:37+09:00,ALPACA,424124,75.0,36.344643,127.33933,12,세종특별시
2026-06-17T00:00:37+09:00,ALPACA,424372,38.0,36.34483,127.34741,12,세종특별시
2026-06-17T00:00:37+09:00,ALPACA,425142,31.0,36.34541,127.32393,12,세종특별시
2026-06-17T00:00:37+09:00,ALPACA,425355,63.0,36.345676,127.33903,12,세종특별시
2026-06-17T00:00:37+09:00,ALPACA,425002,37.0,36.345753,127.337074,12,세종특별시
2026-06-17T00:00:37+09:00,ALPACA,424664,96.0,36.346123,127.34138,12,세종특별시
2026-06-17T00:00:37+09:00,ALPACA,425699,69.0,36.346195,127.33606,12,세종특별시
2026-06-17T00:00:37+09:00,ALPACA,424704,61.0,36.3468,127.33569,12,세종특별시
2026-06-17T00:00:37+09:00,ALPACA,425458,33.0,36.346813,127.33569,12,세종특별시
2026-06-17T00:00:37+09:00,ALPACA,425152,58.0,36.34684,127.33569,12,세종특별시
2026-06-17T00:00:37+09:00,ALPACA,424383,30.0,36.346848,127.3357,12,세종특별시
2026-06-17T00:00:37+09:00,ALPACA,425270,78.0,36.34685,127.335724,12,세종특별시
2026-06-17T00:00:37+09:00,ALPACA,424449,34.0,36.346855,127.335686,12,세종특별시
2026-06-17T00:00:37+09:00,ALPACA,425397,42.0,36.34703,127.33079,12,세종특별시
2026-06-17T00:00:37+09:00,ALPACA,425375,52.0,36.34705,127.33089,12,세종특별시
2026-06-17T00:00:37+09:00,ALPACA,424863,56.0,36.34708,127.34418,12,세종특별시
2026-06-17T00:00:37+09:00,ALPACA,425321,46.0,36.34708,127.33897,12,세종특별시
2026-06-17T00:00:37+09:00,ALPACA,425034,48.0,36.347115,127.33427,12,세종특별시
2026-06-17T00:00:37+09:00,ALPACA,424769,55.0,36.34713,127.340744,12,세종특별시
2026-06-17T00:00:37+09:00,ALPACA,425537,49.0,36.347977,127.34169,12,세종특별시
2026-06-17T00:00:37+09:00,ALPACA,425376,68.0,36.348225,127.33536,12,세종특별시
2026-06-17T00:00:37+09:00,ALPACA,424617,55.0,36.348232,127.331154,12,세종특별시
2026-06-17T00:00:37+09:00,ALPACA,425320,31.0,36.348244,127.33526,12,세종특별시
2026-06-17T00:00:37+09:00,ALPACA,425036,42.0,36.348267,127.33569,12,세종특별시
2026-06-17T00:00:37+09:00,ALPACA,424357,82.0,36.348293,127.335205,12,세종특별시
2026-06-17T00:00:37+09:00,ALPACA,426463,37.0,36.348343,127.33219,12,세종특별시
2026-06-17T00:00:37+09:00,ALPACA,424939,47.0,36.348362,127.33257,12,세종특별시
2026-06-17T00:00:37+09:00,ALPACA,425095,42.0,36.348408,127.33114,12,세종특별시
2026-06-17T00:00:37+09:00,ALPACA,425683,67.0,36.348576,127.33992,12,세종특별시
2026-06-17T00:00:37+09:00,ALPACA,425509,66.0,36.34864,127.33996,12,세종특별시
2026-06-17T00:00:37+09:00,ALPACA,425546,67.0,36.348648,127.339935,12,세종특별시
2026-06-17T00:00:37+09:00,ALPACA,425285,59.0,36.34868,127.335335,12,세종특별시
2026-06-17T00:00:37+09:00,ALPACA,425746,34.0,36.34869,127.339935,12,세종특별시
2026-06-17T00:00:37+09:00,ALPACA,425343,34.0,36.348724,127.3327,12,세종특별시
2026-06-17T00:00:37+09:00,ALPACA,425754,43.0,36.348732,127.33499,12,세종특별시
2026-06-17T00:00:37+09:00,ALPACA,424829,53.0,36.34877,127.32756,12,세종특별시
2026-06-17T00:00:37+09:00,ALPACA,424999,38.0,36.34963,127.33635,12,세종특별시
2026-06-17T00:00:37+09:00,ALPACA,424989,54.0,36.349663,127.336586,12,세종특별시
2026-06-17T00:00:37+09:00,ALPACA,426276,41.0,36.349823,127.38254,12,세종특별시
2026-06-17T00:00:37+09:00,ALPACA,424446,79.0,36.349888,127.33428,12,세종특별시
2026-06-17T00:00:37+09:00,ALPACA,425274,45.0,36.350433,127.329445,12,세종특별시
2026-06-17T00:00:37+09:00,ALPACA,425205,68.0,36.35046,127.34865,12,세종특별시
2026-06-17T00:00:37+09:00,ALPACA,425681,73.0,36.35048,127.32943,12,세종특별시
2026-06-17T00:00:37+09:00,ALPACA,425370,51.0,36.35068,127.33554,12,세종특별시
2026-06-17T00:00:37+09:00,ALPACA,423582,53.0,36.350746,127.33879,12,세종특별시
2026-06-17T00:00:37+09:00,ALPACA,426375,99.0,36.35077,127.3544,12,세종특별시
2026-06-17T00:00:37+09:00,ALPACA,424890,89.0,36.35124,127.33933,12,세종특별시
2026-06-17T00:00:37+09:00,ALPACA,425398,53.0,36.35127,127.33036,12,세종특별시
2026-06-17T00:00:37+09:00,ALPACA,425250,81.0,36.351402,127.332756,12,세종특별시
2026-06-17T00:00:37+09:00,ALPACA,425178,54.0,36.351433,127.35114,12,세종특별시
2026-06-17T00:00:37+09:00,ALPACA,425037,78.0,36.351437,127.33275,12,세종특별시
2026-06-17T00:00:37+09:00,ALPACA,425272,46.0,36.351517,127.34447,12,세종특별시
2026-06-17T00:00:37+09:00,ALPACA,425279,44.0,36.35155,127.3445,12,세종특별시
2026-06-17T00:00:37+09:00,ALPACA,425166,53.0,36.35158,127.34449,12,세종특별시
2026-06-17T00:00:37+09:00,ALPACA,425431,48.0,36.351585,127.34447,12,세종특별시
2026-06-17T00:00:37+09:00,ALPACA,425463,46.0,36.351597,127.34452,12,세종특별시
2026-06-17T00:00:37+09:00,ALPACA,425338,45.0,36.351597,127.346924,12,세종특별시
2026-06-17T00:00:37+09:00,ALPACA,426232,97.0,36.35173,127.34654,12,세종특별시
2026-06-17T00:00:37+09:00,ALPACA,425181,50.0,36.351772,127.34651,12,세종특별시
2026-06-17T00:00:37+09:00,ALPACA,425634,96.0,36.351948,127.34456,12,세종특별시
2026-06-17T00:00:37+09:00,ALPACA,425405,79.0,36.351967,127.33053,12,세종특별시
2026-06-17T00:00:37+09:00,ALPACA,425428,53.0,36.351982,127.33056,12,세종특별시
2026-06-17T00:00:37+09:00,ALPACA,424679,55.0,36.351986,127.33054,12,세종특별시
2026-06-17T00:00:37+09:00,ALPACA,425392,79.0,36.35199,127.33057,12,세종특별시
2026-06-17T00:00:37+09:00,ALPACA,424875,78.0,36.352005,127.33059,12,세종특별시
2026-06-17T00:00:37+09:00,ALPACA,424848,58.0,36.352013,127.337074,12,세종특별시
2026-06-17T00:00:37+09:00,ALPACA,424531,43.0,36.352016,127.33705,12,세종특별시
2026-06-17T00:00:37+09:00,ALPACA,424790,83.0,36.35203,127.33708,12,세종특별시
2026-06-17T00:00:37+09:00,ALPACA,425330,54.0,36.352066,127.34851,12,세종특별시
2026-06-17T00:00:37+09:00,ALPACA,425532,42.0,36.35213,127.34611,12,세종특별시
2026-06-17T00:00:37+09:00,ALPACA,424667,57.0,36.352142,127.341324,12,세종특별시
2026-06-17T00:00:37+09:00,ALPACA,425724,32.0,36.352177,127.333824,12,세종특별시
2026-06-17T00:00:37+09:00,ALPACA,425337,83.0,36.352417,127.37541,12,세종특별시
2026-06-17T00:00:37+09:00,ALPACA,424435,58.0,36.352432,127.341324,12,세종특별시
2026-06-17T00:00:37+09:00,ALPACA,424205,49.0,36.352486,127.33277,12,세종특별시
2026-06-17T00:00:37+09:00,ALPACA,424972,37.0,36.35249,127.344025,12,세종특별시
2026-06-17T00:00:37+09:00,ALPACA,424420,83.0,36.35261,127.33354,12,세종특별시
2026-06-17T00:00:37+09:00,ALPACA,425504,75.0,36.352695,127.32905,12,세종특별시
2026-06-17T00:00:37+09:00,ALPACA,423869,60.0,36.352776,127.33581,12,세종특별시
2026-06-17T00:00:37+09:00,ALPACA,424379,100.0,36.352863,127.37431,12,세종특별시
2026-06-17T00:00:37+09:00,ALPACA,424955,98.0,36.352867,127.37439,12,세종특별시
2026-06-17T00:00:37+09:00,ALPACA,424978,83.0,36.352875,127.37447,12,세종특별시
2026-06-17T00:00:37+09:00,ALPACA,425535,98.0,36.35288,127.374374,12,세종특별시
2026-06-17T00:00:37+09:00,ALPACA,424490,100.0,36.352882,127.37442,12,세종특별시
2026-06-17T00:00:37+09:00,ALPACA,424575,100.0,36.352882,127.37443,12,세종특별시
2026-06-17T00:00:37+09:00,ALPACA,425234,100.0,36.352882,127.37444,12,세종특별시
2026-06-17T00:00:37+09:00,ALPACA,426307,87.0,36.352898,127.374405,12,세종특별시
2026-06-17T00:00:37+09:00,ALPACA,424249,100.0,36.3529,127.374405,12,세종특별시
2026-06-17T00:00:37+09:00,ALPACA,424967,100.0,36.352905,127.37436,12,세종특별시
2026-06-17T00:00:37+09:00,ALPACA,425254,100.0,36.352905,127.37443,12,세종특별시
2026-06-17T00:00:37+09:00,ALPACA,425700,85.0,36.352924,127.3744,12,세종특별시
2026-06-17T00:00:37+09:00,ALPACA,425308,95.0,36.352924,127.37443,12,세종특별시
2026-06-17T00:00:37+09:00,ALPACA,424352,100.0,36.35293,127.37446,12,세종특별시
2026-06-17T00:00:37+09:00,ALPACA,425689,51.0,36.353,127.347534,12,세종특별시
2026-06-17T00:00:37+09:00,ALPACA,425508,63.0,36.353073,127.34147,12,세종특별시
2026-06-17T00:00:37+09:00,ALPACA,424609,57.0,36.353096,127.33522,12,세종특별시
2026-06-17T00:00:37+09:00,ALPACA,424430,84.0,36.353127,127.34475,12,세종특별시
2026-06-17T00:00:37+09:00,ALPACA,425351,61.0,36.353138,127.3299,12,세종특별시
2026-06-17T00:00:37+09:00,ALPACA,425435,43.0,36.353153,127.329796,12,세종특별시
2026-06-17T00:00:37+09:00,ALPACA,424343,76.0,36.353153,127.3352,12,세종특별시
2026-06-17T00:00:37+09:00,ALPACA,424772,34.0,36.353165,127.32981,12,세종특별시
2026-06-17T00:00:37+09:00,ALPACA,424347,79.0,36.353172,127.34127,12,세종특별시
2026-06-17T00:00:37+09:00,ALPACA,424581,83.0,36.353172,127.33526,12,세종특별시
2026-06-17T00:00:37+09:00,ALPACA,424498,52.0,36.353188,127.33999,12,세종특별시
2026-06-17T00:00:37+09:00,ALPACA,424364,72.0,36.35328,127.34211,12,세종특별시
2026-06-17T00:00:37+09:00,ALPACA,425698,100.0,36.353283,127.34215,12,세종특별시
2026-06-17T00:00:37+09:00,ALPACA,424348,43.0,36.353287,127.34213,12,세종특별시
2026-06-17T00:00:37+09:00,ALPACA,424412,73.0,36.35329,127.34213,12,세종특별시
2026-06-17T00:00:37+09:00,ALPACA,425738,100.0,36.353306,127.34211,12,세종특별시
2026-06-17T00:00:37+09:00,ALPACA,424437,100.0,36.35331,127.34216,12,세종특별시
2026-06-17T00:00:37+09:00,ALPACA,425016,90.0,36.35331,127.342125,12,세종특별시
2026-06-17T00:00:37+09:00,ALPACA,425499,99.0,36.353313,127.3421,12,세종특별시
2026-06-17T00:00:37+09:00,ALPACA,424447,46.0,36.353333,127.34298,12,세종특별시
2026-06-17T00:00:37+09:00,ALPACA,424465,100.0,36.353336,127.34208,12,세종특별시
2026-06-17T00:00:37+09:00,ALPACA,425432,63.0,36.353344,127.34212,12,세종특별시
2026-06-17T00:00:37+09:00,ALPACA,425229,100.0,36.353344,127.34212,12,세종특별시
2026-06-17T00:00:37+09:00,ALPACA,424431,100.0,36.353386,127.34214,12,세종특별시
2026-06-17T00:00:37+09:00,ALPACA,424296,48.0,36.35341,127.342865,12,세종특별시
2026-06-17T00:00:37+09:00,ALPACA,425420,59.0,36.353436,127.3429,12,세종특별시
2026-06-17T00:00:37+09:00,ALPACA,425682,65.0,36.35344,127.34301,12,세종특별시
2026-06-17T00:00:37+09:00,ALPACA,425984,46.0,36.35345,127.40027,12,세종특별시
2026-06-17T00:00:37+09:00,ALPACA,424414,49.0,36.353455,127.342834,12,세종특별시
2026-06-17T00:00:37+09:00,ALPACA,425726,32.0,36.35346,127.342926,12,세종특별시
2026-06-17T00:00:37+09:00,ALPACA,424627,65.0,36.35346,127.34284,12,세종특별시
2026-06-17T00:00:37+09:00,ALPACA,425739,64.0,36.353477,127.342865,12,세종특별시
2026-06-17T00:00:37+09:00,ALPACA,424334,66.0,36.35349,127.34308,12,세종특별시
2026-06-17T00:00:37+09:00,ALPACA,424453,76.0,36.35353,127.342926,12,세종특별시
2026-06-17T00:00:37+09:00,ALPACA,425327,77.0,36.353535,127.3301,12,세종특별시
2026-06-17T00:00:37+09:00,ALPACA,425219,50.0,36.35354,127.34168,12,세종특별시
2026-06-17T00:00:37+09:00,ALPACA,424615,39.0,36.353783,127.33769,12,세종특별시
2026-06-17T00:00:37+09:00,ALPACA,424365,45.0,36.353848,127.33775,12,세종특별시
2026-06-17T00:00:37+09:00,ALPACA,424426,60.0,36.353985,127.32902,12,세종특별시
2026-06-17T00:00:37+09:00,ALPACA,425445,85.0,36.3541,127.37092,12,세종특별시
2026-06-17T00:00:37+09:00,ALPACA,424631,76.0,36.354164,127.3372,12,세종특별시
2026-06-17T00:00:37+09:00,ALPACA,425346,50.0,36.354313,127.34257,12,세종특별시
2026-06-17T00:00:37+09:00,ALPACA,424155,42.0,36.354412,127.34485,12,세종특별시
2026-06-17T00:00:37+09:00,ALPACA,425710,58.0,36.35442,127.34386,12,세종특별시
2026-06-17T00:00:37+09:00,ALPACA,426329,99.0,36.354454,127.35456,12,세종특별시
2026-06-17T00:00:37+09:00,ALPACA,426482,100.0,36.354465,127.35452,12,세종특별시
2026-06-17T00:00:37+09:00,ALPACA,426354,100.0,36.35447,127.35452,12,세종특별시
2026-06-17T00:00:37+09:00,ALPACA,425577,100.0,36.35448,127.354546,12,세종특별시
2026-06-17T00:00:37+09:00,ALPACA,425937,100.0,36.35448,127.35452,12,세종특별시
2026-06-17T00:00:37+09:00,ALPACA,424345,100.0,36.35448,127.35455,12,세종특별시
2026-06-17T00:00:37+09:00,ALPACA,426330,100.0,36.354485,127.35453,12,세종특별시
2026-06-17T00:00:37+09:00,ALPACA,424752,100.0,36.35449,127.354515,12,세종특별시
2026-06-17T00:00:37+09:00,ALPACA,426248,99.0,36.354492,127.35457,12,세종특별시
2026-06-17T00:00:37+09:00,ALPACA,426512,100.0,36.354496,127.35454,12,세종특별시
2026-06-17T00:00:37+09:00,ALPACA,424605,100.0,36.354496,127.35452,12,세종특별시
2026-06-17T00:00:37+09:00,ALPACA,426376,100.0,36.354504,127.35457,12,세종특별시
2026-06-17T00:00:37+09:00,ALPACA,425052,98.0,36.354507,127.35457,12,세종특별시
2026-06-17T00:00:37+09:00,ALPACA,424349,62.0,36.35456,127.343636,12,세종특별시
2026-06-17T00:00:37+09:00,ALPACA,424487,49.0,36.35457,127.34355,12,세종특별시
2026-06-17T00:00:37+09:00,ALPACA,425461,31.0,36.354595,127.33806,12,세종특별시
2026-06-17T00:00:37+09:00,ALPACA,424468,96.0,36.354626,127.34351,12,세종특별시
2026-06-17T00:00:37+09:00,ALPACA,424673,65.0,36.35463,127.331,12,세종특별시
2026-06-17T00:00:37+09:00,ALPACA,426253,91.0,36.354668,127.34213,12,세종특별시
2026-06-17T00:00:37+09:00,ALPACA,425391,79.0,36.354694,127.34072,12,세종특별시
2026-06-17T00:00:37+09:00,ALPACA,424589,42.0,36.35471,127.335434,12,세종특별시
2026-06-17T00:00:37+09:00,ALPACA,425312,64.0,36.35471,127.34337,12,세종특별시
2026-06-17T00:00:37+09:00,ALPACA,424645,39.0,36.35472,127.33947,12,세종특별시
2026-06-17T00:00:37+09:00,ALPACA,425259,63.0,36.354847,127.33122,12,세종특별시
2026-06-17T00:00:37+09:00,ALPACA,424650,87.0,36.35498,127.34769,12,세종특별시
2026-06-17T00:00:37+09:00,ALPACA,424639,46.0,36.35506,127.337006,12,세종특별시
2026-06-17T00:00:37+09:00,ALPACA,425025,67.0,36.35509,127.33698,12,세종특별시
2026-06-17T00:00:37+09:00,ALPACA,424433,39.0,36.35512,127.337006,12,세종특별시
2026-06-17T00:00:37+09:00,ALPACA,425545,44.0,36.355125,127.34306,12,세종특별시
2026-06-17T00:00:37+09:00,ALPACA,424838,49.0,36.355125,127.34424,12,세종특별시
2026-06-17T00:00:37+09:00,ALPACA,424574,85.0,36.35513,127.34304,12,세종특별시
2026-06-17T00:00:37+09:00,ALPACA,424603,46.0,36.35513,127.344246,12,세종특별시
2026-06-17T00:00:37+09:00,ALPACA,425419,61.0,36.35514,127.33696,12,세종특별시
2026-06-17T00:00:37+09:00,ALPACA,425688,91.0,36.35518,127.35096,12,세종특별시
2026-06-17T00:00:37+09:00,ALPACA,424356,67.0,36.355316,127.34521,12,세종특별시
2026-06-17T00:00:37+09:00,ALPACA,425339,39.0,36.355343,127.335724,12,세종특별시
2026-06-17T00:00:37+09:00,ALPACA,424315,63.0,36.355366,127.33185,12,세종특별시
2026-06-17T00:00:37+09:00,ALPACA,425676,47.0,36.35537,127.33531,12,세종특별시
2026-06-17T00:00:37+09:00,ALPACA,424608,96.0,36.355385,127.33186,12,세종특별시
2026-06-17T00:00:37+09:00,ALPACA,424554,50.0,36.35547,127.3438,12,세종특별시
2026-06-17T00:00:37+09:00,ALPACA,424965,70.0,36.35557,127.33481,12,세종특별시
2026-06-17T00:00:37+09:00,ALPACA,424853,37.0,36.355625,127.34307,12,세종특별시
2026-06-17T00:00:37+09:00,ALPACA,412506,82.0,36.35568,127.37574,12,세종특별시
2026-06-17T00:00:37+09:00,ALPACA,424862,44.0,36.355717,127.33943,12,세종특별시
2026-06-17T00:00:37+09:00,ALPACA,424451,49.0,36.355732,127.36027,12,세종특별시
2026-06-17T00:00:37+09:00,ALPACA,425486,60.0,36.35579,127.33127,12,세종특별시
2026-06-17T00:00:37+09:00,ALPACA,425269,35.0,36.355877,127.35214,12,세종특별시
2026-06-17T00:00:37+09:00,ALPACA,424289,40.0,36.355896,127.3441,12,세종특별시
2026-06-17T00:00:37+09:00,ALPACA,425430,51.0,36.355976,127.33678,12,세종특별시
2026-06-17T00:00:37+09:00,ALPACA,425678,82.0,36.355984,127.33124,12,세종특별시
2026-06-17T00:00:37+09:00,ALPACA,424884,79.0,36.35599,127.33125,12,세종특별시
2026-06-17T00:00:37+09:00,ALPACA,424264,57.0,36.356014,127.33124,12,세종특별시
2026-06-17T00:00:37+09:00,ALPACA,424613,62.0,36.356018,127.34417,12,세종특별시
2026-06-17T00:00:37+09:00,ALPACA,425470,60.0,36.356026,127.33964,12,세종특별시
2026-06-17T00:00:37+09:00,ALPACA,425045,56.0,36.3561,127.33079,12,세종특별시
2026-06-17T00:00:37+09:00,ALPACA,425547,87.0,36.356148,127.35081,12,세종특별시
2026-06-17T00:00:37+09:00,ALPACA,425007,74.0,36.356277,127.36386,12,세종특별시
2026-06-17T00:00:37+09:00,ALPACA,425407,92.0,36.35636,127.361046,12,세종특별시
2026-06-17T00:00:37+09:00,ALPACA,425047,75.0,36.35641,127.34814,12,세종특별시
2026-06-17T00:00:37+09:00,ALPACA,424818,77.0,36.35644,127.34812,12,세종특별시
2026-06-17T00:00:37+09:00,ALPACA,425282,76.0,36.356503,127.348045,12,세종특별시
2026-06-17T00:00:37+09:00,ALPACA,425233,54.0,36.356514,127.341774,12,세종특별시
2026-06-17T00:00:37+09:00,ALPACA,425265,78.0,36.35654,127.34811,12,세종특별시
2026-06-17T00:00:37+09:00,ALPACA,425402,77.0,36.356552,127.348076,12,세종특별시
2026-06-17T00:00:37+09:00,ALPACA,424713,66.0,36.35656,127.34803,12,세종특별시
2026-06-17T00:00:37+09:00,ALPACA,425008,67.0,36.35658,127.331184,12,세종특별시
2026-06-17T00:00:37+09:00,ALPACA,424595,64.0,36.356632,127.33812,12,세종특별시
2026-06-17T00:00:37+09:00,ALPACA,424183,49.0,36.35665,127.33153,12,세종특별시
2026-06-17T00:00:37+09:00,ALPACA,426460,70.0,36.356766,127.33561,12,세종특별시
2026-06-17T00:00:37+09:00,ALPACA,424502,44.0,36.35679,127.33562,12,세종특별시
2026-06-17T00:00:37+09:00,ALPACA,425411,90.0,36.35689,127.33546,12,세종특별시
2026-06-17T00:00:37+09:00,ALPACA,414766,87.0,36.3569,127.335464,12,세종특별시
2026-06-17T00:00:37+09:00,ALPACA,424909,40.0,36.35701,127.34502,12,세종특별시
2026-06-17T00:00:37+09:00,ALPACA,424821,49.0,36.357014,127.35436,12,세종특별시
2026-06-17T00:00:37+09:00,ALPACA,424828,51.0,36.357162,127.35101,12,세종특별시
2026-06-17T00:00:37+09:00,ALPACA,424966,65.0,36.357216,127.358055,12,세종특별시
2026-06-17T00:00:37+09:00,ALPACA,426311,43.0,36.35722,127.340034,12,세종특별시
2026-06-17T00:00:37+09:00,ALPACA,426301,87.0,36.35723,127.34008,12,세종특별시
2026-06-17T00:00:37+09:00,ALPACA,425222,41.0,36.35726,127.35034,12,세종특별시
2026-06-17T00:00:37+09:00,ALPACA,424693,44.0,36.357384,127.34778,12,세종특별시
2026-06-17T00:00:37+09:00,ALPACA,425475,91.0,36.357407,127.37182,12,세종특별시
2026-06-17T00:00:37+09:00,ALPACA,425056,94.0,36.357414,127.37181,12,세종특별시
2026-06-17T00:00:37+09:00,ALPACA,424371,90.0,36.357418,127.371826,12,세종특별시
2026-06-17T00:00:37+09:00,ALPACA,425539,100.0,36.35742,127.37179,12,세종특별시
2026-06-17T00:00:37+09:00,ALPACA,425536,98.0,36.35743,127.37181,12,세종특별시
2026-06-17T00:00:37+09:00,ALPACA,425194,69.0,36.35743,127.34778,12,세종특별시
2026-06-17T00:00:37+09:00,ALPACA,424375,90.0,36.357433,127.371826,12,세종특별시
2026-06-17T00:00:37+09:00,ALPACA,424986,66.0,36.357433,127.34782,12,세종특별시
2026-06-17T00:00:37+09:00,ALPACA,424716,93.0,36.357437,127.371826,12,세종특별시
2026-06-17T00:00:37+09:00,ALPACA,424836,95.0,36.357437,127.37183,12,세종특별시
2026-06-17T00:00:37+09:00,ALPACA,424992,93.0,36.357437,127.37179,12,세종특별시
2026-06-17T00:00:37+09:00,ALPACA,425304,83.0,36.35744,127.37408,12,세종특별시
2026-06-17T00:00:37+09:00,ALPACA,412524,84.0,36.35745,127.37182,12,세종특별시
2026-06-17T00:00:37+09:00,ALPACA,424366,100.0,36.35745,127.37182,12,세종특별시
2026-06-17T00:00:37+09:00,ALPACA,424519,100.0,36.35745,127.37177,12,세종특별시
2026-06-17T00:00:37+09:00,ALPACA,424881,94.0,36.35745,127.37179,12,세종특별시
2026-06-17T00:00:37+09:00,ALPACA,424931,90.0,36.35745,127.37182,12,세종특별시
2026-06-17T00:00:37+09:00,ALPACA,425284,100.0,36.35745,127.37181,12,세종특별시
2026-06-17T00:00:37+09:00,ALPACA,424573,100.0,36.357452,127.37184,12,세종특별시
2026-06-17T00:00:37+09:00,ALPACA,424398,100.0,36.357464,127.37182,12,세종특별시
2026-06-17T00:00:37+09:00,ALPACA,414820,42.0,36.357468,127.37182,12,세종특별시
2026-06-17T00:00:37+09:00,ALPACA,425772,100.0,36.357468,127.3718,12,세종특별시
2026-06-17T00:00:37+09:00,ALPACA,425382,100.0,36.357468,127.37181,12,세종특별시
2026-06-17T00:00:37+09:00,ALPACA,425714,100.0,36.35747,127.37181,12,세종특별시
2026-06-17T00:00:37+09:00,ALPACA,426451,71.0,36.357475,127.37181,12,세종특별시
2026-06-17T00:00:37+09:00,ALPACA,414275,82.0,36.357483,127.37183,12,세종특별시
2026-06-17T00:00:37+09:00,ALPACA,414686,88.0,36.357487,127.37181,12,세종특별시
2026-06-17T00:00:37+09:00,ALPACA,415028,51.0,36.357487,127.37182,12,세종특별시
2026-06-17T00:00:37+09:00,ALPACA,424445,100.0,36.357487,127.371826,12,세종특별시
2026-06-17T00:00:37+09:00,ALPACA,424845,100.0,36.35749,127.371796,12,세종특별시
2026-06-17T00:00:37+09:00,ALPACA,425701,40.0,36.357494,127.371826,12,세종특별시
2026-06-17T00:00:37+09:00,ALPACA,414769,51.0,36.35751,127.37182,12,세종특별시
2026-06-17T00:00:37+09:00,ALPACA,425583,71.0,36.357517,127.37181,12,세종특별시
2026-06-17T00:00:37+09:00,ALPACA,425200,82.0,36.357517,127.371796,12,세종특별시
2026-06-17T00:00:37+09:00,ALPACA,425015,62.0,36.357536,127.37182,12,세종특별시
2026-06-17T00:00:37+09:00,ALPACA,425755,52.0,36.35756,127.3515,12,세종특별시
2026-06-17T00:00:37+09:00,ALPACA,425674,44.0,36.35757,127.35059,12,세종특별시
2026-06-17T00:00:37+09:00,ALPACA,426441,89.0,36.357574,127.34979,12,세종특별시
2026-06-17T00:00:37+09:00,ALPACA,425357,55.0,36.357647,127.33109,12,세종특별시
2026-06-17T00:00:37+09:00,ALPACA,424906,41.0,36.35765,127.35195,12,세종특별시
2026-06-17T00:00:37+09:00,ALPACA,425485,53.0,36.357685,127.34431,12,세종특별시
2026-06-17T00:00:37+09:00,ALPACA,424916,65.0,36.357822,127.35125,12,세종특별시
2026-06-17T00:00:37+09:00,ALPACA,425491,42.0,36.357883,127.34583,12,세종특별시
2026-06-17T00:00:37+09:00,ALPACA,425332,45.0,36.3579,127.35129,12,세종특별시
2026-06-17T00:00:37+09:00,ALPACA,425422,100.0,36.35791,127.36395,12,세종특별시
2026-06-17T00:00:37+09:00,ALPACA,425460,100.0,36.35793,127.36385,12,세종특별시
2026-06-17T00:00:37+09:00,ALPACA,425753,73.0,36.35793,127.36391,12,세종특별시
2026-06-17T00:00:37+09:00,ALPACA,426268,100.0,36.357937,127.36383,12,세종특별시
2026-06-17T00:00:37+09:00,ALPACA,425765,88.0,36.357944,127.36386,12,세종특별시
2026-06-17T00:00:37+09:00,ALPACA,423880,99.0,36.357956,127.363785,12,세종특별시
2026-06-17T00:00:37+09:00,ALPACA,424185,100.0,36.35796,127.36382,12,세종특별시
2026-06-17T00:00:37+09:00,ALPACA,425209,85.0,36.35796,127.37969,12,세종특별시
2026-06-17T00:00:37+09:00,ALPACA,424400,100.0,36.357964,127.363815,12,세종특별시
2026-06-17T00:00:37+09:00,ALPACA,425543,78.0,36.357975,127.36382,12,세종특별시
2026-06-17T00:00:37+09:00,ALPACA,424326,100.0,36.357983,127.364,12,세종특별시
2026-06-17T00:00:37+09:00,ALPACA,425992,100.0,36.357986,127.363785,12,세종특별시
2026-06-17T00:00:37+09:00,ALPACA,424388,69.0,36.357994,127.36381,12,세종특별시
2026-06-17T00:00:37+09:00,ALPACA,424569,76.0,36.358,127.36382,12,세종특별시
2026-06-17T00:00:37+09:00,ALPACA,424403,76.0,36.358006,127.36379,12,세종특별시
2026-06-17T00:00:37+09:00,ALPACA,424572,86.0,36.358013,127.363914,12,세종특별시
2026-06-17T00:00:37+09:00,ALPACA,425223,49.0,36.35813,127.35243,12,세종특별시
2026-06-17T00:00:37+09:00,ALPACA,424560,38.0,36.358322,127.35582,12,세종특별시
2026-06-17T00:00:37+09:00,ALPACA,425127,51.0,36.358402,127.32857,12,세종특별시
2026-06-17T00:00:37+09:00,ALPACA,424479,62.0,36.358505,127.34494,12,세종특별시
2026-06-17T00:00:37+09:00,ALPACA,424808,47.0,36.358772,127.35916,12,세종특별시
2026-06-17T00:00:37+09:00,ALPACA,424789,58.0,36.35878,127.359116,12,세종특별시
2026-06-17T00:00:37+09:00,ALPACA,424817,76.0,36.358967,127.33226,12,세종특별시
2026-06-17T00:00:37+09:00,ALPACA,424979,68.0,36.35902,127.33379,12,세종특별시
2026-06-17T00:00:37+09:00,ALPACA,424943,64.0,36.359043,127.33376,12,세종특별시
2026-06-17T00:00:37+09:00,ALPACA,425161,70.0,36.359043,127.35218,12,세종특별시
2026-06-17T00:00:37+09:00,ALPACA,424970,45.0,36.35905,127.333725,12,세종특별시
2026-06-17T00:00:37+09:00,ALPACA,425440,66.0,36.359055,127.33343,12,세종특별시
2026-06-17T00:00:37+09:00,ALPACA,425210,46.0,36.35906,127.33347,12,세종특별시
2026-06-17T00:00:37+09:00,ALPACA,425421,62.0,36.359062,127.33345,12,세종특별시
2026-06-17T00:00:37+09:00,ALPACA,425393,56.0,36.359062,127.35218,12,세종특별시
2026-06-17T00:00:37+09:00,ALPACA,425396,71.0,36.359062,127.33344,12,세종특별시
2026-06-17T00:00:37+09:00,ALPACA,425410,63.0,36.35907,127.33347,12,세종특별시
2026-06-17T00:00:37+09:00,ALPACA,425325,56.0,36.35909,127.33349,12,세종특별시
2026-06-17T00:00:37+09:00,ALPACA,424859,62.0,36.359093,127.333466,12,세종특별시
2026-06-17T00:00:37+09:00,ALPACA,425201,65.0,36.359097,127.34553,12,세종특별시
2026-06-17T00:00:37+09:00,ALPACA,424630,81.0,36.359272,127.3417,12,세종특별시
2026-06-17T00:00:37+09:00,ALPACA,424558,84.0,36.359306,127.35442,12,세종특별시
2026-06-17T00:00:37+09:00,ALPACA,424684,51.0,36.359425,127.333916,12,세종특별시
2026-06-17T00:00:37+09:00,ALPACA,424448,89.0,36.35951,127.33482,12,세종특별시
2026-06-17T00:00:37+09:00,ALPACA,425358,98.0,36.359547,127.343346,12,세종특별시
2026-06-17T00:00:37+09:00,ALPACA,425564,87.0,36.359573,127.34343,12,세종특별시
2026-06-17T00:00:37+09:00,ALPACA,424610,46.0,36.359737,127.33646,12,세종특별시
2026-06-17T00:00:37+09:00,ALPACA,424638,40.0,36.359737,127.33638,12,세종특별시
2026-06-17T00:00:37+09:00,ALPACA,414824,48.0,36.35978,127.374146,12,세종특별시
2026-06-17T00:00:37+09:00,ALPACA,425077,99.0,36.359863,127.371994,12,세종특별시
2026-06-17T00:00:37+09:00,ALPACA,424998,54.0,36.360413,127.33222,12,세종특별시
2026-06-17T00:00:37+09:00,ALPACA,424985,41.0,36.360596,127.33354,12,세종특별시
2026-06-17T00:00:37+09:00,ALPACA,425626,32.0,36.360767,127.333916,12,세종특별시
2026-06-17T00:00:37+09:00,ALPACA,424598,65.0,36.360916,127.350266,12,세종특별시
2026-06-17T00:00:37+09:00,ALPACA,424894,58.0,36.361115,127.33635,12,세종특별시
2026-06-17T00:00:37+09:00,ALPACA,425326,71.0,36.361115,127.3372,12,세종특별시
2026-06-17T00:00:37+09:00,ALPACA,425353,44.0,36.361145,127.338425,12,세종특별시
2026-06-17T00:00:37+09:00,ALPACA,424556,100.0,36.36118,127.356,12,세종특별시
2026-06-17T00:00:37+09:00,ALPACA,425046,85.0,36.361324,127.33851,12,세종특별시
2026-06-17T00:00:37+09:00,ALPACA,425246,44.0,36.36135,127.33777,12,세종특별시
2026-06-17T00:00:37+09:00,ALPACA,424374,97.0,36.36141,127.33746,12,세종특별시
2026-06-17T00:00:37+09:00,ALPACA,424976,100.0,36.36153,127.35697,12,세종특별시
2026-06-17T00:00:37+09:00,ALPACA,426378,100.0,36.36154,127.35697,12,세종특별시
2026-06-17T00:00:37+09:00,ALPACA,424441,86.0,36.361656,127.33664,12,세종특별시
2026-06-17T00:00:37+09:00,ALPACA,414826,32.0,36.36168,127.353264,12,세종특별시
2026-06-17T00:00:37+09:00,ALPACA,425693,95.0,36.36177,127.344894,12,세종특별시
2026-06-17T00:00:37+09:00,ALPACA,425454,59.0,36.36179,127.33026,12,세종특별시
2026-06-17T00:00:37+09:00,ALPACA,424634,58.0,36.361794,127.35746,12,세종특별시
2026-06-17T00:00:37+09:00,ALPACA,424369,90.0,36.36182,127.357475,12,세종특별시
2026-06-17T00:00:37+09:00,ALPACA,424885,97.0,36.36183,127.357574,12,세종특별시
2026-06-17T00:00:37+09:00,ALPACA,426262,100.0,36.36184,127.3576,12,세종특별시
2026-06-17T00:00:37+09:00,ALPACA,424405,100.0,36.36185,127.35762,12,세종특별시
2026-06-17T00:00:37+09:00,ALPACA,424889,100.0,36.36185,127.357574,12,세종특별시
2026-06-17T00:00:37+09:00,ALPACA,424415,34.0,36.361877,127.34437,12,세종특별시
2026-06-17T00:00:37+09:00,ALPACA,424786,50.0,36.361923,127.35732,12,세종특별시
2026-06-17T00:00:37+09:00,ALPACA,424958,74.0,36.361958,127.35738,12,세종특별시
2026-06-17T00:00:37+09:00,ALPACA,425371,74.0,36.361965,127.357376,12,세종특별시
2026-06-17T00:00:37+09:00,ALPACA,424922,46.0,36.36197,127.35737,12,세종특별시
2026-06-17T00:00:37+09:00,ALPACA,425368,75.0,36.36197,127.35735,12,세종특별시
2026-06-17T00:00:37+09:00,ALPACA,424584,67.0,36.36198,127.35785,12,세종특별시
2026-06-17T00:00:37+09:00,ALPACA,425527,76.0,36.36202,127.35738,12,세종특별시
2026-06-17T00:00:37+09:00,ALPACA,425114,44.0,36.36203,127.36115,12,세종특별시
2026-06-17T00:00:37+09:00,ALPACA,424399,82.0,36.362183,127.37412,12,세종특별시
2026-06-17T00:00:37+09:00,ALPACA,424778,95.0,36.36247,127.34416,12,세종특별시
2026-06-17T00:00:37+09:00,ALPACA,425184,100.0,36.362507,127.35731,12,세종특별시
2026-06-17T00:00:37+09:00,ALPACA,424578,94.0,36.36252,127.33519,12,세종특별시
2026-06-17T00:00:37+09:00,ALPACA,425389,55.0,36.36252,127.357346,12,세종특별시
2026-06-17T00:00:37+09:00,ALPACA,424941,100.0,36.362583,127.3447,12,세종특별시
2026-06-17T00:00:37+09:00,ALPACA,425118,95.0,36.362583,127.34451,12,세종특별시
2026-06-17T00:00:37+09:00,ALPACA,424957,97.0,36.362587,127.3446,12,세종특별시
2026-06-17T00:00:37+09:00,ALPACA,424592,76.0,36.362595,127.34471,12,세종특별시
2026-06-17T00:00:37+09:00,ALPACA,425434,100.0,36.3626,127.34471,12,세종특별시
2026-06-17T00:00:37+09:00,ALPACA,424332,100.0,36.362602,127.34473,12,세종특별시
2026-06-17T00:00:37+09:00,ALPACA,424585,100.0,36.362602,127.3447,12,세종특별시
2026-06-17T00:00:37+09:00,ALPACA,425588,100.0,36.362606,127.34472,12,세종특별시
2026-06-17T00:00:37+09:00,ALPACA,425703,68.0,36.36261,127.344505,12,세종특별시
2026-06-17T00:00:37+09:00,ALPACA,425224,98.0,36.362614,127.344475,12,세종특별시
2026-06-17T00:00:37+09:00,ALPACA,424429,99.0,36.36262,127.34457,12,세종특별시
2026-06-17T00:00:37+09:00,ALPACA,424919,100.0,36.36262,127.34452,12,세종특별시
2026-06-17T00:00:37+09:00,ALPACA,425345,100.0,36.36262,127.344734,12,세종특별시
2026-06-17T00:00:37+09:00,ALPACA,425400,62.0,36.362625,127.34453,12,세종특별시
2026-06-17T00:00:37+09:00,ALPACA,425377,100.0,36.36263,127.34456,12,세종특별시
2026-06-17T00:00:37+09:00,ALPACA,425549,94.0,36.362633,127.34458,12,세종특별시
2026-06-17T00:00:37+09:00,ALPACA,424937,100.0,36.36264,127.34456,12,세종특별시
2026-06-17T00:00:37+09:00,ALPACA,425314,95.0,36.36265,127.34456,12,세종특별시
2026-06-17T00:00:37+09:00,ALPACA,425955,100.0,36.36266,127.344696,12,세종특별시
2026-06-17T00:00:37+09:00,ALPACA,424727,92.0,36.362663,127.34357,12,세종특별시
2026-06-17T00:00:37+09:00,ALPACA,424767,79.0,36.36267,127.343605,12,세종특별시
2026-06-17T00:00:37+09:00,ALPACA,425005,75.0,36.36267,127.34359,12,세종특별시
2026-06-17T00:00:37+09:00,ALPACA,426413,32.0,36.36271,127.34346,12,세종특별시
2026-06-17T00:00:37+09:00,ALPACA,424493,76.0,36.362835,127.35148,12,세종특별시
2026-06-17T00:00:37+09:00,ALPACA,424758,53.0,36.362843,127.356865,12,세종특별시
2026-06-17T00:00:37+09:00,ALPACA,425129,100.0,36.36287,127.35676,12,세종특별시
2026-06-17T00:00:37+09:00,ALPACA,425630,84.0,36.363148,127.34218,12,세종특별시
2026-06-17T00:00:37+09:00,ALPACA,424342,73.0,36.363224,127.334885,12,세종특별시
2026-06-17T00:00:37+09:00,ALPACA,425472,35.0,36.363243,127.34195,12,세종특별시
2026-06-17T00:00:37+09:00,ALPACA,424485,51.0,36.363274,127.33416,12,세종특별시
2026-06-17T00:00:37+09:00,ALPACA,425336,100.0,36.36348,127.35655,12,세종특별시
2026-06-17T00:00:37+09:00,ALPACA,424804,95.0,36.363518,127.356926,12,세종특별시
2026-06-17T00:00:37+09:00,ALPACA,425623,91.0,36.36368,127.3582,12,세종특별시
2026-06-17T00:00:37+09:00,ALPACA,425437,54.0,36.3637,127.358185,12,세종특별시
2026-06-17T00:00:37+09:00,ALPACA,425459,50.0,36.36404,127.35904,12,세종특별시
2026-06-17T00:00:37+09:00,ALPACA,425356,43.0,36.364616,127.34049,12,세종특별시
2026-06-17T00:00:37+09:00,ALPACA,425323,41.0,36.36463,127.34037,12,세종특별시
2026-06-17T00:00:37+09:00,ALPACA,424557,92.0,36.36471,127.34718,12,세종특별시
2026-06-17T00:00:37+09:00,ALPACA,425687,100.0,36.364986,127.347565,12,세종특별시
2026-06-17T00:00:37+09:00,ALPACA,425237,70.0,36.364998,127.34737,12,세종특별시
2026-06-17T00:00:37+09:00,ALPACA,424728,98.0,36.365192,127.34632,12,세종특별시
2026-06-17T00:00:37+09:00,ALPACA,424962,100.0,36.36541,127.36342,12,세종특별시
2026-06-17T00:00:37+09:00,ALPACA,423883,66.0,36.365643,127.346085,12,세종특별시
2026-06-17T00:00:37+09:00,ALPACA,425031,47.0,36.365723,127.33681,12,세종특별시
2026-06-17T00:00:37+09:00,ALPACA,424308,76.0,36.36589,127.36466,12,세종특별시
2026-06-17T00:00:37+09:00,ALPACA,425748,68.0,36.3659,127.36465,12,세종특별시
2026-06-17T00:00:37+09:00,ALPACA,424567,76.0,36.365902,127.364655,12,세종특별시
2026-06-17T00:00:37+09:00,ALPACA,424566,75.0,36.365906,127.364655,12,세종특별시
2026-06-17T00:00:37+09:00,ALPACA,425744,66.0,36.365913,127.36465,12,세종특별시
2026-06-17T00:00:37+09:00,ALPACA,424207,67.0,36.365913,127.364655,12,세종특별시
2026-06-17T00:00:37+09:00,ALPACA,424413,75.0,36.365917,127.36466,12,세종특별시
2026-06-17T00:00:37+09:00,ALPACA,426462,76.0,36.36644,127.31598,12,세종특별시
2026-06-17T00:00:37+09:00,ALPACA,424805,99.0,36.366493,127.3428,12,세종특별시
2026-06-17T00:00:37+09:00,ALPACA,426436,95.0,36.366497,127.34273,12,세종특별시
2026-06-17T00:00:37+09:00,ALPACA,424344,96.0,36.3665,127.3428,12,세종특별시
2026-06-17T00:00:37+09:00,ALPACA,424823,56.0,36.3665,127.342834,12,세종특별시
2026-06-17T00:00:37+09:00,ALPACA,425014,92.0,36.3665,127.34282,12,세종특별시
2026-06-17T00:00:37+09:00,ALPACA,425137,63.0,36.3665,127.34271,12,세종특별시
2026-06-17T00:00:37+09:00,ALPACA,424528,33.0,36.36651,127.3425,12,세종특별시
2026-06-17T00:00:37+09:00,ALPACA,425313,34.0,36.366512,127.34256,12,세종특별시
2026-06-17T00:00:37+09:00,ALPACA,424833,88.0,36.366516,127.342804,12,세종특별시
2026-06-17T00:00:37+09:00,ALPACA,425514,81.0,36.366528,127.342636,12,세종특별시
2026-06-17T00:00:37+09:00,ALPACA,425466,96.0,36.36654,127.3428,12,세종특별시
2026-06-17T00:00:37+09:00,ALPACA,425416,62.0,36.366554,127.34257,12,세종특별시
2026-06-17T00:00:37+09:00,ALPACA,425340,91.0,36.366554,127.34517,12,세종특별시
2026-06-17T00:00:37+09:00,ALPACA,425974,96.0,36.366566,127.342476,12,세종특별시
2026-06-17T00:00:37+09:00,ALPACA,425559,72.0,36.366577,127.34559,12,세종특별시
2026-06-17T00:00:37+09:00,ALPACA,424964,100.0,36.366577,127.36243,12,세종특별시
2026-06-17T00:00:37+09:00,ALPACA,424553,37.0,36.366688,127.3446,12,세종특별시
2026-06-17T00:00:37+09:00,ALPACA,424338,38.0,36.36674,127.34466,12,세종특별시
2026-06-17T00:00:37+09:00,ALPACA,425716,90.0,36.366745,127.34466,12,세종특별시
2026-06-17T00:00:37+09:00,ALPACA,425168,44.0,36.366848,127.3447,12,세종특별시
2026-06-17T00:00:37+09:00,ALPACA,425493,56.0,36.366856,127.34641,12,세종특별시
2026-06-17T00:00:37+09:00,ALPACA,424571,98.0,36.366863,127.34466,12,세종특별시
2026-06-17T00:00:37+09:00,ALPACA,425208,77.0,36.36688,127.344734,12,세종특별시
2026-06-17T00:00:37+09:00,ALPACA,425048,97.0,36.36689,127.34468,12,세종특별시
2026-06-17T00:00:37+09:00,ALPACA,425251,97.0,36.366936,127.34473,12,세종특별시
2026-06-17T00:00:37+09:00,ALPACA,424337,97.0,36.367,127.340836,12,세종특별시
2026-06-17T00:00:37+09:00,ALPACA,425598,78.0,36.36701,127.34084,12,세종특별시
2026-06-17T00:00:37+09:00,ALPACA,425009,88.0,36.367023,127.340866,12,세종특별시
2026-06-17T00:00:37+09:00,ALPACA,425756,98.0,36.367115,127.345894,12,세종특별시
2026-06-17T00:00:37+09:00,ALPACA,425060,74.0,36.367153,127.36254,12,세종특별시
2026-06-17T00:00:37+09:00,ALPACA,424496,100.0,36.36717,127.36254,12,세종특별시
2026-06-17T00:00:37+09:00,ALPACA,424802,61.0,36.367344,127.35677,12,세종특별시
2026-06-17T00:00:37+09:00,ALPACA,424454,76.0,36.36738,127.34067,12,세종특별시
2026-06-17T00:00:37+09:00,ALPACA,424968,91.0,36.36739,127.34069,12,세종특별시
2026-06-17T00:00:37+09:00,ALPACA,425018,43.0,36.367558,127.36122,12,세종특별시
2026-06-17T00:00:37+09:00,ALPACA,424751,68.0,36.367603,127.34084,12,세종특별시
2026-06-17T00:00:37+09:00,ALPACA,425106,95.0,36.367783,127.3656,12,세종특별시
2026-06-17T00:00:37+09:00,ALPACA,424987,100.0,36.367794,127.3421,12,세종특별시
2026-06-17T00:00:37+09:00,ALPACA,424742,71.0,36.367817,127.34209,12,세종특별시
2026-06-17T00:00:37+09:00,ALPACA,425125,65.0,36.367817,127.34215,12,세종특별시
2026-06-17T00:00:37+09:00,ALPACA,425441,100.0,36.367825,127.365616,12,세종특별시
2026-06-17T00:00:37+09:00,ALPACA,425684,80.0,36.36783,127.36563,12,세종특별시
2026-06-17T00:00:37+09:00,ALPACA,425119,62.0,36.36783,127.34214,12,세종특별시
2026-06-17T00:00:37+09:00,ALPACA,425691,83.0,36.367836,127.34036,12,세종특별시
2026-06-17T00:00:37+09:00,ALPACA,424551,34.0,36.367836,127.34211,12,세종특별시
2026-06-17T00:00:37+09:00,ALPACA,424391,85.0,36.36784,127.34212,12,세종특별시
2026-06-17T00:00:37+09:00,ALPACA,425483,77.0,36.367844,127.34205,12,세종특별시
2026-06-17T00:00:37+09:00,ALPACA,425620,68.0,36.367847,127.34213,12,세종특별시
2026-06-17T00:00:37+09:00,ALPACA,425468,100.0,36.367855,127.36566,12,세종특별시
2026-06-17T00:00:37+09:00,ALPACA,424361,96.0,36.367867,127.342064,12,세종특별시
2026-06-17T00:00:37+09:00,ALPACA,424773,90.0,36.36788,127.34211,12,세종특별시
2026-06-17T00:00:37+09:00,ALPACA,425185,93.0,36.36789,127.34206,12,세종특별시
2026-06-17T00:00:37+09:00,ALPACA,425426,81.0,36.36792,127.34157,12,세종특별시
2026-06-17T00:00:37+09:00,ALPACA,425480,84.0,36.368137,127.34601,12,세종특별시
2026-06-17T00:00:37+09:00,ALPACA,425777,64.0,36.368137,127.34604,12,세종특별시
2026-06-17T00:00:37+09:00,ALPACA,424851,52.0,36.368145,127.34598,12,세종특별시
2026-06-17T00:00:37+09:00,ALPACA,423922,33.0,36.368153,127.34598,12,세종특별시
2026-06-17T00:00:37+09:00,ALPACA,414685,71.0,36.368164,127.34597,12,세종특별시
2026-06-17T00:00:37+09:00,ALPACA,425624,100.0,36.368176,127.34594,12,세종특별시
2026-06-17T00:00:37+09:00,ALPACA,425729,87.0,36.36821,127.34595,12,세종특별시
2026-06-17T00:00:37+09:00,ALPACA,425478,83.0,36.368275,127.34259,12,세종특별시
2026-06-17T00:00:37+09:00,ALPACA,425481,90.0,36.368275,127.34272,12,세종특별시
2026-06-17T00:00:37+09:00,ALPACA,425139,81.0,36.368282,127.34259,12,세종특별시
2026-06-17T00:00:37+09:00,ALPACA,425331,58.0,36.368282,127.34254,12,세종특별시
2026-06-17T00:00:37+09:00,ALPACA,425003,75.0,36.368313,127.34261,12,세종특별시
2026-06-17T00:00:37+09:00,ALPACA,424524,75.0,36.36832,127.342575,12,세종특별시
2026-06-17T00:00:37+09:00,ALPACA,425617,39.0,36.368324,127.34259,12,세종특별시
2026-06-17T00:00:37+09:00,ALPACA,425621,53.0,36.36834,127.34257,12,세종특별시
2026-06-17T00:00:37+09:00,ALPACA,425063,97.0,36.368347,127.34267,12,세종특별시
2026-06-17T00:00:37+09:00,ALPACA,424858,100.0,36.36853,127.36599,12,세종특별시
2026-06-17T00:00:37+09:00,ALPACA,424409,48.0,36.36859,127.34063,12,세종특별시
2026-06-17T00:00:37+09:00,ALPACA,424428,33.0,36.36863,127.343735,12,세종특별시
2026-06-17T00:00:37+09:00,ALPACA,425423,83.0,36.36864,127.34067,12,세종특별시
2026-06-17T00:00:37+09:00,ALPACA,425088,31.0,36.36864,127.34377,12,세종특별시
2026-06-17T00:00:37+09:00,ALPACA,411802,73.0,36.368645,127.34372,12,세종특별시
2026-06-17T00:00:37+09:00,ALPACA,424123,55.0,36.368645,127.34071,12,세종특별시
2026-06-17T00:00:37+09:00,ALPACA,425315,96.0,36.36865,127.34379,12,세종특별시
2026-06-17T00:00:37+09:00,ALPACA,424907,92.0,36.368652,127.340645,12,세종특별시
2026-06-17T00:00:37+09:00,ALPACA,424683,71.0,36.368683,127.34074,12,세종특별시
2026-06-17T00:00:37+09:00,ALPACA,424824,45.0,36.368683,127.338264,12,세종특별시
2026-06-17T00:00:37+09:00,ALPACA,424423,100.0,36.368687,127.34073,12,세종특별시
2026-06-17T00:00:37+09:00,ALPACA,424632,60.0,36.368687,127.34072,12,세종특별시
2026-06-17T00:00:37+09:00,ALPACA,425548,97.0,36.36869,127.34071,12,세종특별시
2026-06-17T00:00:37+09:00,ALPACA,424945,69.0,36.36869,127.34189,12,세종특별시
2026-06-17T00:00:37+09:00,ALPACA,425158,80.0,36.368702,127.34065,12,세종특별시
2026-06-17T00:00:37+09:00,ALPACA,424354,32.0,36.368706,127.340706,12,세종특별시
2026-06-17T00:00:37+09:00,ALPACA,424362,45.0,36.368706,127.34187,12,세종특별시
2026-06-17T00:00:37+09:00,ALPACA,424530,100.0,36.368706,127.340675,12,세종특별시
2026-06-17T00:00:37+09:00,ALPACA,425540,51.0,36.368717,127.34193,12,세종특별시
2026-06-17T00:00:37+09:00,ALPACA,425442,78.0,36.368725,127.3407,12,세종특별시
2026-06-17T00:00:37+09:00,ALPACA,414402,83.0,36.36873,127.34073,12,세종특별시
2026-06-17T00:00:37+09:00,ALPACA,425172,56.0,36.36873,127.341965,12,세종특별시
2026-06-17T00:00:37+09:00,ALPACA,425715,76.0,36.368732,127.34067,12,세종특별시
2026-06-17T00:00:37+09:00,ALPACA,424626,56.0,36.368732,127.34056,12,세종특별시
2026-06-17T00:00:37+09:00,ALPACA,425394,100.0,36.368732,127.34068,12,세종특별시
2026-06-17T00:00:37+09:00,ALPACA,425522,58.0,36.368736,127.34069,12,세종특별시
2026-06-17T00:00:37+09:00,ALPACA,424475,50.0,36.368736,127.34069,12,세종특별시
2026-06-17T00:00:37+09:00,ALPACA,425230,100.0,36.368736,127.3407,12,세종특별시
2026-06-17T00:00:37+09:00,ALPACA,425249,84.0,36.368736,127.3406,12,세종특별시
2026-06-17T00:00:37+09:00,ALPACA,415497,55.0,36.368744,127.34252,12,세종특별시
2026-06-17T00:00:37+09:00,ALPACA,425473,52.0,36.368767,127.3419,12,세종특별시
2026-06-17T00:00:37+09:00,ALPACA,424500,87.0,36.36877,127.34069,12,세종특별시
2026-06-17T00:00:37+09:00,ALPACA,424877,75.0,36.36877,127.340675,12,세종특별시
2026-06-17T00:00:37+09:00,ALPACA,425277,93.0,36.36877,127.340706,12,세종특별시
2026-06-17T00:00:37+09:00,ALPACA,424959,75.0,36.368786,127.34069,12,세종특별시
2026-06-17T00:00:37+09:00,ALPACA,424633,80.0,36.36879,127.34076,12,세종특별시
2026-06-17T00:00:37+09:00,ALPACA,425457,62.0,36.368793,127.34071,12,세종특별시
2026-06-17T00:00:37+09:00,ALPACA,425542,52.0,36.368805,127.34252,12,세종특별시
2026-06-17T00:00:37+09:00,ALPACA,424440,60.0,36.36884,127.340004,12,세종특별시
2026-06-17T00:00:37+09:00,ALPACA,425538,49.0,36.36886,127.33998,12,세종특별시
2026-06-17T00:00:37+09:00,ALPACA,426105,97.0,36.368874,127.31593,12,세종특별시
2026-06-17T00:00:37+09:00,ALPACA,425080,76.0,36.368877,127.34285,12,세종특별시
2026-06-17T00:00:37+09:00,ALPACA,426099,86.0,36.36888,127.34277,12,세종특별시
2026-06-17T00:00:37+09:00,ALPACA,425043,52.0,36.368885,127.339966,12,세종특별시
2026-06-17T00:00:37+09:00,ALPACA,425311,57.0,36.36889,127.33994,12,세종특별시
2026-06-17T00:00:37+09:00,ALPACA,425081,51.0,36.368896,127.339966,12,세종특별시
2026-06-17T00:00:37+09:00,ALPACA,424417,52.0,36.3689,127.33996,12,세종특별시
2026-06-17T00:00:37+09:00,ALPACA,425415,67.0,36.368904,127.34292,12,세종특별시
2026-06-17T00:00:37+09:00,ALPACA,424686,48.0,36.368904,127.34285,12,세종특별시
2026-06-17T00:00:37+09:00,ALPACA,424718,77.0,36.368908,127.35069,12,세종특별시
2026-06-17T00:00:37+09:00,ALPACA,425071,53.0,36.36891,127.34288,12,세종특별시
2026-06-17T00:00:37+09:00,ALPACA,426361,87.0,36.368916,127.34398,12,세종특별시
2026-06-17T00:00:37+09:00,ALPACA,424355,72.0,36.368935,127.340996,12,세종특별시
2026-06-17T00:00:37+09:00,ALPACA,424980,36.0,36.368954,127.34293,12,세종특별시
2026-06-17T00:00:37+09:00,ALPACA,426267,75.0,36.36896,127.340836,12,세종특별시
2026-06-17T00:00:37+09:00,ALPACA,424552,61.0,36.368973,127.3398,12,세종특별시
2026-06-17T00:00:37+09:00,ALPACA,424940,49.0,36.368977,127.33997,12,세종특별시
2026-06-17T00:00:37+09:00,ALPACA,424339,67.0,36.36899,127.339966,12,세종특별시
2026-06-17T00:00:37+09:00,ALPACA,425163,39.0,36.36899,127.3425,12,세종특별시
2026-06-17T00:00:37+09:00,ALPACA,425447,100.0,36.368996,127.34001,12,세종특별시
2026-06-17T00:00:37+09:00,ALPACA,425264,69.0,36.369022,127.33998,12,세종특별시
2026-06-17T00:00:37+09:00,ALPACA,425429,64.0,36.36903,127.339935,12,세종특별시
2026-06-17T00:00:37+09:00,ALPACA,425628,42.0,36.369175,127.33391,12,세종특별시
2026-06-17T00:00:37+09:00,ALPACA,425232,100.0,36.369297,127.366806,12,세종특별시
2026-06-17T00:00:37+09:00,ALPACA,426370,51.0,36.369522,127.35133,12,세종특별시
2026-06-17T00:00:37+09:00,ALPACA,424341,31.0,36.369537,127.35133,12,세종특별시
2026-06-17T00:00:37+09:00,ALPACA,424513,82.0,36.369537,127.35133,12,세종특별시
2026-06-17T00:00:37+09:00,ALPACA,425771,70.0,36.36954,127.35135,12,세종특별시
2026-06-17T00:00:37+09:00,ALPACA,424351,79.0,36.36954,127.351295,12,세종특별시
2026-06-17T00:00:37+09:00,ALPACA,425633,46.0,36.369545,127.35128,12,세종특별시
2026-06-17T00:00:37+09:00,ALPACA,425280,77.0,36.369545,127.35132,12,세종특별시
2026-06-17T00:00:37+09:00,ALPACA,425418,95.0,36.369553,127.351326,12,세종특별시
2026-06-17T00:00:37+09:00,ALPACA,425187,73.0,36.369553,127.35134,12,세종특별시
2026-06-17T00:00:37+09:00,ALPACA,425528,74.0,36.369556,127.35126,12,세종특별시
2026-06-17T00:00:37+09:00,ALPACA,424796,100.0,36.369556,127.35134,12,세종특별시
2026-06-17T00:00:37+09:00,ALPACA,425177,100.0,36.369556,127.35128,12,세종특별시
2026-06-17T00:00:37+09:00,ALPACA,425692,94.0,36.36956,127.35127,12,세종특별시
2026-06-17T00:00:37+09:00,ALPACA,424888,83.0,36.36956,127.35126,12,세종특별시
2026-06-17T00:00:37+09:00,ALPACA,425176,71.0,36.36956,127.35123,12,세종특별시
2026-06-17T00:00:37+09:00,ALPACA,425484,95.0,36.369564,127.35133,12,세종특별시
2026-06-17T00:00:37+09:00,ALPACA,424186,87.0,36.369568,127.351265,12,세종특별시
2026-06-17T00:00:37+09:00,ALPACA,424749,93.0,36.369568,127.34378,12,세종특별시
2026-06-17T00:00:37+09:00,ALPACA,424803,62.0,36.369583,127.35124,12,세종특별시
2026-06-17T00:00:37+09:00,ALPACA,425462,89.0,36.369587,127.3513,12,세종특별시
2026-06-17T00:00:37+09:00,ALPACA,425631,50.0,36.36959,127.35129,12,세종특별시
2026-06-17T00:00:37+09:00,ALPACA,424464,36.0,36.369595,127.31903,12,세종특별시
2026-06-17T00:00:37+09:00,ALPACA,425534,46.0,36.3696,127.3437,12,세종특별시
2026-06-17T00:00:37+09:00,ALPACA,423908,97.0,36.369606,127.351166,12,세종특별시
2026-06-17T00:00:37+09:00,ALPACA,425581,99.0,36.369614,127.35119,12,세종특별시
2026-06-17T00:00:37+09:00,ALPACA,424855,95.0,36.369614,127.35117,12,세종특별시
2026-06-17T00:00:37+09:00,ALPACA,425328,61.0,36.369614,127.35118,12,세종특별시
2026-06-17T00:00:37+09:00,ALPACA,425775,99.0,36.369617,127.343285,12,세종특별시
2026-06-17T00:00:37+09:00,ALPACA,425105,77.0,36.36963,127.351166,12,세종특별시
2026-06-17T00:00:37+09:00,ALPACA,425513,72.0,36.369637,127.34374,12,세종특별시
2026-06-17T00:00:37+09:00,ALPACA,424480,67.0,36.369637,127.35117,12,세종특별시
2026-06-17T00:00:37+09:00,ALPACA,425369,100.0,36.36964,127.36308,12,세종특별시
2026-06-17T00:00:37+09:00,ALPACA,424784,85.0,36.369648,127.3512,12,세종특별시
2026-06-17T00:00:37+09:00,ALPACA,424419,58.0,36.36966,127.31805,12,세종특별시
2026-06-17T00:00:37+09:00,ALPACA,424368,67.0,36.36967,127.35114,12,세종특별시
2026-06-17T00:00:37+09:00,ALPACA,425069,100.0,36.36967,127.343445,12,세종특별시
2026-06-17T00:00:37+09:00,ALPACA,425283,89.0,36.36971,127.36292,12,세종특별시
2026-06-17T00:00:37+09:00,ALPACA,424774,58.0,36.369747,127.362854,12,세종특별시
2026-06-17T00:00:37+09:00,ALPACA,425474,100.0,36.36976,127.343666,12,세종특별시
2026-06-17T00:00:37+09:00,ALPACA,425399,98.0,36.369865,127.34422,12,세종특별시
2026-06-17T00:00:37+09:00,ALPACA,424353,80.0,36.369884,127.3439,12,세종특별시
2026-06-17T00:00:37+09:00,ALPACA,424522,58.0,36.36989,127.34386,12,세종특별시
2026-06-17T00:00:37+09:00,ALPACA,424167,67.0,36.3699,127.34381,12,세종특별시
2026-06-17T00:00:37+09:00,ALPACA,425100,77.0,36.369915,127.34536,12,세종특별시
2026-06-17T00:00:37+09:00,ALPACA,425686,92.0,36.36993,127.343834,12,세종특별시
2026-06-17T00:00:37+09:00,ALPACA,425512,84.0,36.369938,127.3386,12,세종특별시
2026-06-17T00:00:37+09:00,ALPACA,426360,90.0,36.369976,127.36287,12,세종특별시
2026-06-17T00:00:37+09:00,ALPACA,411686,80.0,36.370014,127.33849,12,세종특별시
2026-06-17T00:00:37+09:00,ALPACA,424680,54.0,36.37004,127.36051,12,세종특별시
2026-06-17T00:00:37+09:00,ALPACA,424721,50.0,36.37004,127.36049,12,세종특별시
2026-06-17T00:00:37+09:00,ALPACA,424659,70.0,36.370064,127.3623,12,세종특별시
2026-06-17T00:00:37+09:00,ALPACA,424359,100.0,36.370087,127.36006,12,세종특별시
2026-06-17T00:00:37+09:00,ALPACA,424444,94.0,36.37011,127.36043,12,세종특별시
2026-06-17T00:00:37+09:00,ALPACA,425023,91.0,36.370174,127.33713,12,세종특별시
2026-06-17T00:00:37+09:00,ALPACA,425523,76.0,36.370678,127.363815,12,세종특별시
2026-06-17T00:00:37+09:00,ALPACA,424822,67.0,36.370678,127.35352,12,세종특별시
2026-06-17T00:00:37+09:00,ALPACA,424996,90.0,36.37071,127.36244,12,세종특별시
2026-06-17T00:00:37+09:00,ALPACA,425108,34.0,36.370777,127.362526,12,세종특별시
2026-06-17T00:00:37+09:00,ALPACA,424473,99.0,36.370804,127.36242,12,세종특별시
2026-06-17T00:00:37+09:00,ALPACA,424988,100.0,36.37086,127.362404,12,세종특별시
2026-06-17T00:00:37+09:00,ALPACA,426302,97.0,36.37099,127.33506,12,세종특별시
2026-06-17T00:00:37+09:00,ALPACA,425576,95.0,36.371258,127.34147,12,세종특별시
2026-06-17T00:00:37+09:00,ALPACA,424373,63.0,36.371258,127.34145,12,세종특별시
2026-06-17T00:00:37+09:00,ALPACA,425026,96.0,36.371265,127.34145,12,세종특별시
2026-06-17T00:00:37+09:00,ALPACA,425425,98.0,36.37127,127.3415,12,세종특별시
2026-06-17T00:00:37+09:00,ALPACA,425511,96.0,36.37127,127.34154,12,세종특별시
2026-06-17T00:00:37+09:00,ALPACA,425533,100.0,36.37127,127.34148,12,세종특별시
2026-06-17T00:00:37+09:00,ALPACA,425145,100.0,36.37127,127.341324,12,세종특별시
2026-06-17T00:00:37+09:00,ALPACA,424421,100.0,36.371277,127.34138,12,세종특별시
2026-06-17T00:00:37+09:00,ALPACA,425082,97.0,36.371277,127.34136,12,세종특별시
2026-06-17T00:00:37+09:00,ALPACA,425500,94.0,36.37128,127.341415,12,세종특별시
2026-06-17T00:00:37+09:00,ALPACA,424798,100.0,36.37128,127.34133,12,세종특별시
2026-06-17T00:00:37+09:00,ALPACA,425501,100.0,36.371284,127.34147,12,세종특별시
2026-06-17T00:00:37+09:00,ALPACA,425439,100.0,36.37129,127.341385,12,세종특별시
2026-06-17T00:00:37+09:00,ALPACA,425530,40.0,36.37129,127.34139,12,세종특별시
2026-06-17T00:00:37+09:00,ALPACA,424489,64.0,36.371292,127.33516,12,세종특별시
2026-06-17T00:00:37+09:00,ALPACA,425099,49.0,36.371292,127.341446,12,세종특별시
2026-06-17T00:00:37+09:00,ALPACA,425495,73.0,36.371307,127.34139,12,세종특별시
2026-06-17T00:00:37+09:00,ALPACA,426495,36.0,36.37135,127.3334,12,세종특별시
2026-06-17T00:00:37+09:00,ALPACA,424340,62.0,36.37135,127.33523,12,세종특별시
2026-06-17T00:00:37+09:00,ALPACA,424689,90.0,36.37144,127.34334,12,세종특별시
2026-06-17T00:00:37+09:00,ALPACA,425170,55.0,36.37144,127.34328,12,세종특별시
2026-06-17T00:00:37+09:00,ALPACA,425276,100.0,36.37144,127.34322,12,세종특별시
2026-06-17T00:00:37+09:00,ALPACA,424565,87.0,36.371468,127.34339,12,세종특별시
2026-06-17T00:00:37+09:00,ALPACA,426231,78.0,36.371475,127.34335,12,세종특별시
2026-06-17T00:00:37+09:00,ALPACA,425503,62.0,36.37149,127.34339,12,세종특별시
2026-06-17T00:00:37+09:00,ALPACA,424766,100.0,36.37149,127.343346,12,세종특별시
2026-06-17T00:00:37+09:00,ALPACA,426499,63.0,36.371517,127.343254,12,세종특별시
2026-06-17T00:00:37+09:00,ALPACA,424390,100.0,36.371548,127.343254,12,세종특별시
2026-06-17T00:00:37+09:00,ALPACA,424923,96.0,36.37156,127.34324,12,세종특별시
2026-06-17T00:00:37+09:00,ALPACA,425011,65.0,36.37156,127.34327,12,세종특별시
2026-06-17T00:00:37+09:00,ALPACA,424636,100.0,36.371567,127.343254,12,세종특별시
2026-06-17T00:00:37+09:00,ALPACA,424606,100.0,36.37161,127.34328,12,세종특별시
2026-06-17T00:00:37+09:00,ALPACA,424122,100.0,36.371834,127.35854,12,세종특별시
2026-06-17T00:00:37+09:00,ALPACA,425452,100.0,36.371937,127.36205,12,세종특별시
2026-06-17T00:00:37+09:00,ALPACA,425469,42.0,36.3721,127.338486,12,세종특별시
2026-06-17T00:00:37+09:00,ALPACA,424549,97.0,36.372116,127.341644,12,세종특별시
2026-06-17T00:00:37+09:00,ALPACA,426455,100.0,36.372143,127.31735,12,세종특별시
2026-06-17T00:00:37+09:00,ALPACA,426166,99.0,36.372253,127.319115,12,세종특별시
2026-06-17T00:00:37+09:00,ALPACA,425708,100.0,36.372253,127.31916,12,세종특별시
2026-06-17T00:00:37+09:00,ALPACA,424757,37.0,36.372307,127.32329,12,세종특별시
2026-06-17T00:00:37+09:00,ALPACA,424043,47.0,36.372322,127.33547,12,세종특별시
2026-06-17T00:00:37+09:00,ALPACA,425146,91.0,36.372368,127.318184,12,세종특별시
2026-06-17T00:00:37+09:00,ALPACA,424854,43.0,36.372383,127.33531,12,세종특별시
2026-06-17T00:00:37+09:00,ALPACA,426560,79.0,36.37239,127.317566,12,세종특별시
2026-06-17T00:00:37+09:00,ALPACA,424831,47.0,36.372395,127.33536,12,세종특별시
2026-06-17T00:00:37+09:00,ALPACA,424476,57.0,36.372402,127.335365,12,세종특별시
2026-06-17T00:00:37+09:00,ALPACA,425580,56.0,36.372406,127.33523,12,세종특별시
2026-06-17T00:00:37+09:00,ALPACA,424867,52.0,36.372406,127.3354,12,세종특별시
2026-06-17T00:00:37+09:00,ALPACA,426247,100.0,36.372437,127.31809,12,세종특별시
2026-06-17T00:00:37+09:00,ALPACA,426433,100.0,36.372448,127.31799,12,세종특별시
2026-06-17T00:00:37+09:00,ALPACA,426492,100.0,36.37245,127.31804,12,세종특별시
2026-06-17T00:00:37+09:00,ALPACA,426108,41.0,36.372513,127.33413,12,세종특별시
2026-06-17T00:00:37+09:00,ALPACA,424702,91.0,36.372513,127.343254,12,세종특별시
2026-06-17T00:00:37+09:00,ALPACA,426389,85.0,36.372578,127.316505,12,세종특별시
2026-06-17T00:00:37+09:00,ALPACA,425347,67.0,36.372673,127.339615,12,세종특별시
2026-06-17T00:00:37+09:00,ALPACA,424474,33.0,36.372723,127.33958,12,세종특별시
2026-06-17T00:00:37+09:00,ALPACA,425022,75.0,36.37283,127.33968,12,세종특별시
2026-06-17T00:00:37+09:00,ALPACA,426278,92.0,36.3729,127.34384,12,세종특별시
2026-06-17T00:00:37+09:00,ALPACA,424869,70.0,36.372925,127.34386,12,세종특별시
2026-06-17T00:00:37+09:00,ALPACA,424690,50.0,36.37295,127.34388,12,세종특별시
2026-06-17T00:00:37+09:00,ALPACA,424406,51.0,36.37296,127.35964,12,세종특별시
2026-06-17T00:00:37+09:00,ALPACA,425544,93.0,36.372963,127.34385,12,세종특별시
2026-06-17T00:00:37+09:00,ALPACA,424503,71.0,36.372963,127.34382,12,세종특별시
2026-06-17T00:00:37+09:00,ALPACA,425707,96.0,36.372986,127.359566,12,세종특별시
2026-06-17T00:00:37+09:00,ALPACA,424730,46.0,36.37302,127.3229,12,세종특별시
2026-06-17T00:00:37+09:00,ALPACA,425783,73.0,36.37322,127.31787,12,세종특별시
2026-06-17T00:00:37+09:00,ALPACA,426206,78.0,36.373222,127.31785,12,세종특별시
2026-06-17T00:00:37+09:00,ALPACA,426341,75.0,36.373226,127.31795,12,세종특별시
2026-06-17T00:00:37+09:00,ALPACA,426488,100.0,36.373234,127.317955,12,세종특별시
2026-06-17T00:00:37+09:00,ALPACA,425768,84.0,36.37325,127.31785,12,세종특별시
2026-06-17T00:00:37+09:00,ALPACA,424604,99.0,36.373253,127.31787,12,세종특별시
2026-06-17T00:00:37+09:00,ALPACA,426269,75.0,36.373257,127.3177,12,세종특별시
2026-06-17T00:00:37+09:00,ALPACA,426271,74.0,36.37326,127.317955,12,세종특별시
2026-06-17T00:00:37+09:00,ALPACA,426180,78.0,36.37326,127.31786,12,세종특별시
2026-06-17T00:00:37+09:00,ALPACA,426374,77.0,36.373264,127.317825,12,세종특별시
2026-06-17T00:00:37+09:00,ALPACA,426309,76.0,36.373264,127.317856,12,세종특별시
2026-06-17T00:00:37+09:00,ALPACA,426259,76.0,36.37328,127.31791,12,세종특별시
2026-06-17T00:00:37+09:00,ALPACA,426181,75.0,36.373295,127.31789,12,세종특별시
2026-06-17T00:00:37+09:00,ALPACA,426346,75.0,36.373356,127.31793,12,세종특별시
2026-06-17T00:00:37+09:00,ALPACA,424559,77.0,36.373486,127.35942,12,세종특별시
2026-06-17T00:00:37+09:00,ALPACA,424477,99.0,36.3735,127.35747,12,세종특별시
2026-06-17T00:00:37+09:00,ALPACA,425012,100.0,36.37351,127.35943,12,세종특별시
2026-06-17T00:00:37+09:00,ALPACA,425414,100.0,36.37352,127.36153,12,세종특별시
2026-06-17T00:00:37+09:00,ALPACA,424463,99.0,36.373528,127.344246,12,세종특별시
2026-06-17T00:00:37+09:00,ALPACA,414534,33.0,36.37355,127.34421,12,세종특별시
2026-06-17T00:00:37+09:00,ALPACA,425776,100.0,36.37355,127.34419,12,세종특별시
2026-06-17T00:00:37+09:00,ALPACA,425372,97.0,36.373554,127.3442,12,세종특별시
2026-06-17T00:00:37+09:00,ALPACA,426359,100.0,36.373558,127.34419,12,세종특별시
2026-06-17T00:00:37+09:00,ALPACA,424118,60.0,36.37356,127.344185,12,세종특별시
2026-06-17T00:00:37+09:00,ALPACA,425604,100.0,36.373577,127.34417,12,세종특별시
2026-06-17T00:00:37+09:00,ALPACA,425378,35.0,36.37358,127.36044,12,세종특별시
2026-06-17T00:00:37+09:00,ALPACA,425390,84.0,36.373585,127.34157,12,세종특별시
2026-06-17T00:00:37+09:00,ALPACA,425541,37.0,36.373592,127.34407,12,세종특별시
2026-06-17T00:00:37+09:00,ALPACA,425978,71.0,36.373596,127.318825,12,세종특별시
2026-06-17T00:00:37+09:00,ALPACA,425449,76.0,36.373596,127.344215,12,세종특별시
2026-06-17T00:00:37+09:00,ALPACA,424537,33.0,36.373596,127.34419,12,세종특별시
2026-06-17T00:00:37+09:00,ALPACA,426308,62.0,36.373833,127.31935,12,세종특별시
2026-06-17T00:00:37+09:00,ALPACA,426552,42.0,36.37385,127.31868,12,세종특별시
2026-06-17T00:00:37+09:00,ALPACA,424472,58.0,36.373928,127.36016,12,세종특별시
2026-06-17T00:00:37+09:00,ALPACA,426358,93.0,36.374073,127.32251,12,세종특별시
2026-06-17T00:00:37+09:00,ALPACA,425706,97.0,36.37411,127.36511,12,세종특별시
2026-06-17T00:00:37+09:00,ALPACA,426213,33.0,36.374172,127.319435,12,세종특별시
2026-06-17T00:00:37+09:00,ALPACA,425252,35.0,36.37425,127.37938,12,세종특별시
2026-06-17T00:00:37+09:00,ALPACA,424729,48.0,36.374523,127.34653,12,세종특별시
2026-06-17T00:00:37+09:00,ALPACA,426515,95.0,36.374584,127.31869,12,세종특별시
2026-06-17T00:00:37+09:00,ALPACA,414747,41.0,36.374588,127.3592,12,세종특별시
2026-06-17T00:00:37+09:00,ALPACA,425444,78.0,36.374622,127.34199,12,세종특별시
2026-06-17T00:00:37+09:00,ALPACA,426270,100.0,36.37484,127.31804,12,세종특별시
2026-06-17T00:00:37+09:00,ALPACA,425619,80.0,36.374844,127.31805,12,세종특별시
2026-06-17T00:00:37+09:00,ALPACA,425903,100.0,36.374844,127.318016,12,세종특별시
2026-06-17T00:00:37+09:00,ALPACA,425895,100.0,36.37485,127.318016,12,세종특별시
2026-06-17T00:00:37+09:00,ALPACA,426363,100.0,36.37485,127.31805,12,세종특별시
2026-06-17T00:00:37+09:00,ALPACA,426319,73.0,36.374866,127.31801,12,세종특별시
2026-06-17T00:00:37+09:00,ALPACA,426327,99.0,36.37488,127.3181,12,세종특별시
2026-06-17T00:00:37+09:00,ALPACA,425273,48.0,36.374928,127.33777,12,세종특별시
2026-06-17T00:00:37+09:00,ALPACA,426510,93.0,36.374958,127.31813,12,세종특별시
2026-06-17T00:00:37+09:00,ALPACA,426345,46.0,36.37507,127.322754,12,세종특별시
2026-06-17T00:00:37+09:00,ALPACA,426501,74.0,36.37531,127.31902,12,세종특별시
2026-06-17T00:00:37+09:00,ALPACA,426264,47.0,36.375626,127.305466,12,세종특별시
2026-06-17T00:00:37+09:00,ALPACA,425550,91.0,36.375713,127.34391,12,세종특별시
2026-06-17T00:00:37+09:00,ALPACA,425395,84.0,36.37572,127.34391,12,세종특별시
2026-06-17T00:00:37+09:00,ALPACA,423795,37.0,36.375755,127.3439,12,세종특별시
2026-06-17T00:00:37+09:00,ALPACA,414468,74.0,36.375767,127.3918,12,세종특별시
2026-06-17T00:00:37+09:00,ALPACA,411696,100.0,36.375797,127.39184,12,세종특별시
2026-06-17T00:00:37+09:00,ALPACA,425521,100.0,36.375797,127.39178,12,세종특별시
2026-06-17T00:00:37+09:00,ALPACA,426491,72.0,36.375816,127.32071,12,세종특별시
2026-06-17T00:00:37+09:00,ALPACA,424974,70.0,36.375847,127.34323,12,세종특별시
2026-06-17T00:00:37+09:00,ALPACA,425424,100.0,36.37585,127.39187,12,세종특별시
2026-06-17T00:00:37+09:00,ALPACA,414802,100.0,36.375854,127.39182,12,세종특별시
2026-06-17T00:00:37+09:00,ALPACA,424975,65.0,36.37587,127.34326,12,세종특별시
2026-06-17T00:00:37+09:00,ALPACA,425675,39.0,36.375874,127.34323,12,세종특별시
2026-06-17T00:00:37+09:00,ALPACA,424928,86.0,36.375877,127.34329,12,세종특별시
2026-06-17T00:00:37+09:00,ALPACA,424706,90.0,36.375885,127.34326,12,세종특별시
2026-06-17T00:00:37+09:00,ALPACA,424763,91.0,36.37589,127.34326,12,세종특별시
2026-06-17T00:00:37+09:00,ALPACA,424224,99.0,36.375893,127.34325,12,세종특별시
2026-06-17T00:00:37+09:00,ALPACA,425221,94.0,36.375908,127.34323,12,세종특별시
2026-06-17T00:00:37+09:00,ALPACA,424387,35.0,36.375923,127.34327,12,세종특별시
2026-06-17T00:00:37+09:00,ALPACA,425049,95.0,36.37593,127.34325,12,세종특별시
2026-06-17T00:00:37+09:00,ALPACA,424458,99.0,36.37594,127.343315,12,세종특별시
2026-06-17T00:00:37+09:00,ALPACA,424903,88.0,36.37599,127.343346,12,세종특별시
2026-06-17T00:00:37+09:00,ALPACA,425385,98.0,36.37601,127.343346,12,세종특별시
2026-06-17T00:00:37+09:00,ALPACA,426367,64.0,36.376015,127.315575,12,세종특별시
2026-06-17T00:00:37+09:00,ALPACA,426380,72.0,36.37604,127.31558,12,세종특별시
2026-06-17T00:00:37+09:00,ALPACA,426275,53.0,36.37618,127.318115,12,세종특별시
2026-06-17T00:00:37+09:00,ALPACA,425970,65.0,36.376225,127.32361,12,세종특별시
2026-06-17T00:00:37+09:00,ALPACA,426468,81.0,36.37625,127.3178,12,세종특별시
2026-06-17T00:00:37+09:00,ALPACA,425713,96.0,36.376305,127.31809,12,세종특별시
2026-06-17T00:00:37+09:00,ALPACA,426369,89.0,36.376423,127.34488,12,세종특별시
2026-06-17T00:00:37+09:00,ALPACA,424401,68.0,36.37653,127.356346,12,세종특별시
2026-06-17T00:00:37+09:00,ALPACA,424346,40.0,36.37665,127.34351,12,세종특별시
2026-06-17T00:00:37+09:00,ALPACA,424668,93.0,36.37673,127.344185,12,세종특별시
2026-06-17T00:00:37+09:00,ALPACA,425202,81.0,36.376736,127.34402,12,세종특별시
2026-06-17T00:00:37+09:00,ALPACA,425705,93.0,36.376785,127.34415,12,세종특별시
2026-06-17T00:00:37+09:00,ALPACA,425029,68.0,36.37679,127.344055,12,세종특별시
2026-06-17T00:00:37+09:00,ALPACA,424665,83.0,36.376812,127.34418,12,세종특별시
2026-06-17T00:00:37+09:00,ALPACA,424850,91.0,36.376842,127.34418,12,세종특별시
2026-06-17T00:00:37+09:00,ALPACA,426352,38.0,36.376865,127.315025,12,세종특별시
2026-06-17T00:00:37+09:00,ALPACA,426106,48.0,36.37703,127.324646,12,세종특별시
2026-06-17T00:00:37+09:00,ALPACA,425349,80.0,36.37728,127.34337,12,세종특별시
2026-06-17T00:00:37+09:00,ALPACA,425961,42.0,36.37787,127.324715,12,세종특별시
2026-06-17T00:00:37+09:00,ALPACA,426233,91.0,36.377945,127.30402,12,세종특별시
2026-06-17T00:00:37+09:00,ALPACA,426317,44.0,36.37842,127.316895,12,세종특별시
2026-06-17T00:00:37+09:00,ALPACA,425248,47.0,36.378452,127.34295,12,세종특별시
2026-06-17T00:00:37+09:00,ALPACA,424880,92.0,36.378475,127.315636,12,세종특별시
2026-06-17T00:00:37+09:00,ALPACA,424982,76.0,36.378605,127.31698,12,세종특별시
2026-06-17T00:00:37+09:00,ALPACA,426447,49.0,36.378735,127.3202,12,세종특별시
2026-06-17T00:00:37+09:00,ALPACA,426110,65.0,36.379402,127.31587,12,세종특별시
2026-06-17T00:00:37+09:00,ALPACA,426469,49.0,36.379536,127.32516,12,세종특별시
2026-06-17T00:00:37+09:00,ALPACA,426364,72.0,36.37954,127.316086,12,세종특별시
2026-06-17T00:00:37+09:00,ALPACA,424525,68.0,36.38085,127.33766,12,세종특별시
2026-06-17T00:00:37+09:00,ALPACA,425241,30.0,36.381367,127.324715,12,세종특별시
2026-06-17T00:00:37+09:00,ALPACA,425531,43.0,36.38258,127.319176,12,세종특별시
2026-06-17T00:00:37+09:00,ALPACA,424949,96.0,36.382713,127.323875,12,세종특별시
2026-06-17T00:00:37+09:00,ALPACA,425117,84.0,36.383396,127.32094,12,세종특별시
2026-06-17T00:00:37+09:00,ALPACA,426207,35.0,36.38366,127.3195,12,세종특별시
2026-06-17T00:00:37+09:00,ALPACA,426443,100.0,36.38367,127.31982,12,세종특별시
2026-06-17T00:00:37+09:00,ALPACA,426303,100.0,36.383705,127.3198,12,세종특별시
2026-06-17T00:00:37+09:00,ALPACA,426440,100.0,36.38371,127.3198,12,세종특별시
2026-06-17T00:00:37+09:00,ALPACA,426479,89.0,36.383713,127.319855,12,세종특별시
2026-06-17T00:00:37+09:00,ALPACA,426561,99.0,36.383717,127.31979,12,세종특별시
2026-06-17T00:00:37+09:00,ALPACA,426356,90.0,36.38372,127.31977,12,세종특별시
2026-06-17T00:00:37+09:00,ALPACA,426230,100.0,36.383724,127.31979,12,세종특별시
2026-06-17T00:00:37+09:00,ALPACA,426432,52.0,36.383724,127.31917,12,세종특별시
2026-06-17T00:00:37+09:00,ALPACA,425905,81.0,36.383728,127.319756,12,세종특별시
2026-06-17T00:00:37+09:00,ALPACA,425971,100.0,36.38375,127.31977,12,세종특별시
2026-06-17T00:00:37+09:00,ALPACA,426326,60.0,36.383774,127.31974,12,세종특별시
2026-06-17T00:00:37+09:00,ALPACA,424717,83.0,36.383774,127.30337,12,세종특별시
2026-06-17T00:00:37+09:00,ALPACA,425702,95.0,36.3838,127.31977,12,세종특별시
2026-06-17T00:00:37+09:00,ALPACA,426430,70.0,36.383823,127.319145,12,세종특별시
2026-06-17T00:00:37+09:00,ALPACA,426130,99.0,36.383854,127.3191,12,세종특별시
2026-06-17T00:00:37+09:00,ALPACA,426372,100.0,36.383865,127.31909,12,세종특별시
2026-06-17T00:00:37+09:00,ALPACA,426485,94.0,36.383907,127.319115,12,세종특별시
2026-06-17T00:00:37+09:00,ALPACA,425506,80.0,36.384212,127.36762,12,세종특별시
2026-06-17T00:00:37+09:00,ALPACA,425243,85.0,36.384308,127.31998,12,세종특별시
2026-06-17T00:00:37+09:00,ALPACA,426404,56.0,36.38485,127.324615,12,세종특별시
2026-06-17T00:00:37+09:00,ALPACA,425179,54.0,36.384888,127.32376,12,세종특별시
2026-06-17T00:00:37+09:00,ALPACA,425727,82.0,36.38503,127.32436,12,세종특별시
2026-06-17T00:00:37+09:00,ALPACA,426296,62.0,36.385063,127.32424,12,세종특별시
2026-06-17T00:00:37+09:00,ALPACA,426472,39.0,36.385086,127.324326,12,세종특별시
2026-06-17T00:00:37+09:00,ALPACA,426412,97.0,36.38509,127.30794,12,세종특별시
2026-06-17T00:00:37+09:00,ALPACA,426528,36.0,36.385265,127.32443,12,세종특별시
2026-06-17T00:00:37+09:00,ALPACA,426298,61.0,36.385635,127.328224,12,세종특별시
2026-06-17T00:00:37+09:00,ALPACA,425969,92.0,36.385647,127.32822,12,세종특별시
2026-06-17T00:00:37+09:00,ALPACA,424712,80.0,36.38569,127.32819,12,세종특별시
2026-06-17T00:00:37+09:00,ALPACA,426428,38.0,36.385708,127.32818,12,세종특별시
2026-06-17T00:00:37+09:00,ALPACA,426390,91.0,36.38571,127.32817,12,세종특별시
2026-06-17T00:00:37+09:00,ALPACA,414714,100.0,36.385803,127.377365,12,세종특별시
2026-06-17T00:00:37+09:00,ALPACA,426129,58.0,36.385807,127.30859,12,세종특별시
2026-06-17T00:00:37+09:00,ALPACA,424509,100.0,36.385815,127.37732,12,세종특별시
2026-06-17T00:00:37+09:00,ALPACA,414750,100.0,36.385822,127.37734,12,세종특별시
2026-06-17T00:00:37+09:00,ALPACA,414717,100.0,36.385826,127.37734,12,세종특별시
2026-06-17T00:00:37+09:00,ALPACA,414748,100.0,36.385826,127.37734,12,세종특별시
2026-06-17T00:00:37+09:00,ALPACA,426046,100.0,36.385838,127.377335,12,세종특별시
2026-06-17T00:00:37+09:00,ALPACA,426109,51.0,36.386055,127.32817,12,세종특별시
2026-06-17T00:00:37+09:00,ALPACA,426280,88.0,36.3861,127.32676,12,세종특별시
2026-06-17T00:00:37+09:00,ALPACA,425083,92.0,36.3862,127.32527,12,세종특별시
2026-06-17T00:00:37+09:00,ALPACA,426244,85.0,36.386227,127.32521,12,세종특별시
2026-06-17T00:00:37+09:00,ALPACA,426086,94.0,36.386375,127.318375,12,세종특별시
2026-06-17T00:00:37+09:00,ALPACA,425909,98.0,36.38664,127.315865,12,세종특별시
2026-06-17T00:00:37+09:00,ALPACA,426377,48.0,36.386665,127.31672,12,세종특별시
2026-06-17T00:00:37+09:00,ALPACA,425642,100.0,36.38679,127.31584,12,세종특별시
2026-06-17T00:00:37+09:00,ALPACA,426387,39.0,36.386887,127.31594,12,세종특별시
2026-06-17T00:00:37+09:00,ALPACA,426347,45.0,36.386913,127.31802,12,세종특별시
2026-06-17T00:00:37+09:00,ALPACA,426229,100.0,36.38696,127.315956,12,세종특별시
2026-06-17T00:00:37+09:00,ALPACA,426202,99.0,36.386967,127.31781,12,세종특별시
2026-06-17T00:00:37+09:00,ALPACA,424832,68.0,36.386997,127.31789,12,세종특별시
2026-06-17T00:00:37+09:00,ALPACA,426449,72.0,36.387016,127.317856,12,세종특별시
2026-06-17T00:00:37+09:00,ALPACA,425281,87.0,36.387028,127.322464,12,세종특별시
2026-06-17T00:00:37+09:00,ALPACA,426388,99.0,36.38733,127.32552,12,세종특별시
2026-06-17T00:00:37+09:00,ALPACA,424635,89.0,36.387386,127.30984,12,세종특별시
2026-06-17T00:00:37+09:00,ALPACA,414796,93.0,36.387424,127.40487,12,세종특별시
2026-06-17T00:00:37+09:00,ALPACA,426239,86.0,36.38745,127.31304,12,세종특별시
2026-06-17T00:00:37+09:00,ALPACA,424328,84.0,36.38746,127.31294,12,세종특별시
2026-06-17T00:00:37+09:00,ALPACA,424363,76.0,36.387497,127.31835,12,세종특별시
2026-06-17T00:00:37+09:00,ALPACA,426148,96.0,36.387505,127.318375,12,세종특별시
2026-06-17T00:00:37+09:00,ALPACA,426383,33.0,36.387604,127.3089,12,세종특별시
2026-06-17T00:00:37+09:00,ALPACA,426498,95.0,36.387653,127.30948,12,세종특별시
2026-06-17T00:00:37+09:00,ALPACA,426445,70.0,36.38767,127.32451,12,세종특별시
2026-06-17T00:00:37+09:00,ALPACA,426252,87.0,36.387684,127.3122,12,세종특별시
2026-06-17T00:00:37+09:00,ALPACA,426240,55.0,36.387722,127.311806,12,세종특별시
2026-06-17T00:00:37+09:00,ALPACA,426417,93.0,36.38773,127.31176,12,세종특별시
2026-06-17T00:00:37+09:00,ALPACA,426532,84.0,36.387753,127.303246,12,세종특별시
2026-06-17T00:00:37+09:00,ALPACA,426274,57.0,36.387863,127.32413,12,세종특별시
2026-06-17T00:00:37+09:00,ALPACA,425448,81.0,36.388226,127.34913,12,세종특별시
2026-06-17T00:00:37+09:00,ALPACA,426060,75.0,36.388245,127.33357,12,세종특별시
2026-06-17T00:00:37+09:00,ALPACA,426362,96.0,36.38874,127.31272,12,세종특별시
2026-06-17T00:00:37+09:00,ALPACA,426266,61.0,36.389297,127.314186,12,세종특별시
2026-06-17T00:00:37+09:00,ALPACA,426272,74.0,36.389503,127.29989,12,세종특별시
2026-06-17T00:00:37+09:00,ALPACA,426351,99.0,36.38966,127.30327,12,세종특별시
2026-06-17T00:00:37+09:00,ALPACA,426429,100.0,36.389664,127.350945,12,세종특별시
2026-06-17T00:00:37+09:00,ALPACA,424708,100.0,36.38975,127.348724,12,세종특별시
2026-06-17T00:00:37+09:00,ALPACA,415442,94.0,36.39018,127.39921,12,세종특별시
2026-06-17T00:00:37+09:00,ALPACA,414901,100.0,36.390182,127.399284,12,세종특별시
2026-06-17T00:00:37+09:00,ALPACA,424883,72.0,36.390182,127.39919,12,세종특별시
2026-06-17T00:00:37+09:00,ALPACA,414612,99.0,36.390186,127.399155,12,세종특별시
2026-06-17T00:00:37+09:00,ALPACA,424646,94.0,36.390186,127.39919,12,세종특별시
2026-06-17T00:00:37+09:00,ALPACA,415142,97.0,36.390194,127.399185,12,세종특별시
2026-06-17T00:00:37+09:00,ALPACA,424697,98.0,36.390194,127.399315,12,세종특별시
2026-06-17T00:00:37+09:00,ALPACA,426203,36.0,36.390198,127.31471,12,세종특별시
2026-06-17T00:00:37+09:00,ALPACA,424973,99.0,36.390198,127.399254,12,세종특별시
2026-06-17T00:00:37+09:00,ALPACA,414739,96.0,36.3902,127.39926,12,세종특별시
2026-06-17T00:00:37+09:00,ALPACA,426517,98.0,36.39021,127.39923,12,세종특별시
2026-06-17T00:00:37+09:00,ALPACA,425182,97.0,36.39021,127.39931,12,세종특별시
2026-06-17T00:00:37+09:00,ALPACA,415292,80.0,36.390213,127.399155,12,세종특별시
2026-06-17T00:00:37+09:00,ALPACA,425433,68.0,36.39022,127.39917,12,세종특별시
2026-06-17T00:00:37+09:00,ALPACA,424887,83.0,36.39023,127.40696,12,세종특별시
2026-06-17T00:00:37+09:00,ALPACA,426273,56.0,36.390278,127.3048,12,세종특별시
2026-06-17T00:00:37+09:00,ALPACA,426382,84.0,36.390472,127.305885,12,세종특별시
2026-06-17T00:00:37+09:00,ALPACA,426464,97.0,36.39052,127.30593,12,세종특별시
2026-06-17T00:00:37+09:00,ALPACA,426209,57.0,36.390526,127.30587,12,세종특별시
2026-06-17T00:00:37+09:00,ALPACA,426245,90.0,36.390743,127.30877,12,세종특별시
2026-06-17T00:00:37+09:00,ALPACA,424439,74.0,36.39101,127.32967,12,세종특별시
2026-06-17T00:00:37+09:00,ALPACA,414678,75.0,36.39109,127.40185,12,세종특별시
2026-06-17T00:00:37+09:00,ALPACA,414429,63.0,36.391315,127.31566,12,세종특별시
2026-06-17T00:00:37+09:00,ALPACA,425525,66.0,36.391342,127.312164,12,세종특별시
2026-06-17T00:00:37+09:00,ALPACA,426343,69.0,36.3915,127.31477,12,세종특별시
2026-06-17T00:00:37+09:00,ALPACA,425374,55.0,36.391506,127.36472,12,세종특별시
2026-06-17T00:00:37+09:00,ALPACA,426518,57.0,36.391514,127.3148,12,세종특별시
2026-06-17T00:00:37+09:00,ALPACA,424725,69.0,36.391537,127.31474,12,세종특별시
2026-06-17T00:00:37+09:00,ALPACA,425436,71.0,36.39154,127.31479,12,세종특별시
2026-06-17T00:00:37+09:00,ALPACA,425973,92.0,36.391624,127.31248,12,세종특별시
2026-06-17T00:00:37+09:00,ALPACA,426328,43.0,36.39181,127.31407,12,세종특별시
2026-06-17T00:00:37+09:00,ALPACA,426385,98.0,36.391815,127.31145,12,세종특별시
2026-06-17T00:00:37+09:00,ALPACA,426102,54.0,36.39187,127.31431,12,세종특별시
2026-06-17T00:00:37+09:00,ALPACA,426473,38.0,36.391926,127.31432,12,세종특별시
2026-06-17T00:00:37+09:00,ALPACA,424764,45.0,36.392334,127.314804,12,세종특별시
2026-06-17T00:00:37+09:00,ALPACA,425977,58.0,36.392525,127.31403,12,세종특별시
2026-06-17T00:00:37+09:00,ALPACA,426178,89.0,36.39258,127.313034,12,세종특별시
2026-06-17T00:00:37+09:00,ALPACA,424926,79.0,36.393276,127.3996,12,세종특별시
2026-06-17T00:00:37+09:00,ALPACA,426265,80.0,36.39347,127.35267,12,세종특별시
2026-06-17T00:00:37+09:00,ALPACA,426250,38.0,36.393757,127.31229,12,세종특별시
2026-06-17T00:00:37+09:00,ALPACA,426386,92.0,36.39455,127.31088,12,세종특별시
2026-06-17T00:00:37+09:00,ALPACA,425446,65.0,36.39505,127.3129,12,세종특별시
2026-06-17T00:00:37+09:00,ALPACA,426353,64.0,36.39544,127.313324,12,세종특별시
2026-06-17T00:00:37+09:00,ALPACA,424418,77.0,36.395535,127.310326,12,세종특별시
2026-06-17T00:00:37+09:00,ALPACA,414936,74.0,36.39674,127.400276,12,세종특별시
2026-06-17T00:00:37+09:00,ALPACA,424904,69.0,36.398495,127.400375,12,세종특별시
2026-06-17T00:00:37+09:00,ALPACA,425335,98.0,36.398674,127.39261,12,세종특별시
2026-06-17T00:00:37+09:00,ALPACA,414702,99.0,36.399685,127.391335,12,세종특별시
2026-06-17T00:00:37+09:00,ALPACA,414825,98.0,36.399708,127.40745,12,세종특별시
2026-06-17T00:00:37+09:00,ALPACA,425257,83.0,36.399757,127.39752,12,세종특별시
2026-06-17T00:00:37+09:00,ALPACA,415044,96.0,36.399815,127.402466,12,세종특별시
2026-06-17T00:00:37+09:00,ALPACA,414727,98.0,36.40091,127.411026,12,세종특별시
2026-06-17T00:00:37+09:00,ALPACA,425362,76.0,36.401062,127.390686,12,세종특별시
2026-06-17T00:00:37+09:00,ALPACA,414672,99.0,36.401077,127.390656,12,세종특별시
2026-06-17T00:00:37+09:00,ALPACA,414690,69.0,36.401077,127.390656,12,세종특별시
2026-06-17T00:00:37+09:00,ALPACA,414773,76.0,36.401085,127.390625,12,세종특별시
2026-06-17T00:00:37+09:00,ALPACA,424314,97.0,36.401104,127.39068,12,세종특별시
2026-06-17T00:00:37+09:00,ALPACA,424460,97.0,36.40111,127.39061,12,세종특별시
2026-06-17T00:00:37+09:00,ALPACA,414524,89.0,36.401436,127.40765,12,세종특별시
2026-06-17T00:00:37+09:00,ALPACA,425192,98.0,36.403355,127.397575,12,세종특별시
2026-06-17T00:00:37+09:00,ALPACA,414898,56.0,36.40528,127.39769,12,세종특별시
2026-06-17T00:00:37+09:00,ALPACA,414643,62.0,36.411682,127.40615,12,세종특별시
2026-06-17T00:00:37+09:00,ALPACA,424765,87.0,36.41186,127.41124,12,세종특별시
2026-06-17T00:00:37+09:00,ALPACA,425305,57.0,36.412758,127.40816,12,세종특별시
2026-06-17T00:00:37+09:00,ALPACA,425704,44.0,36.41315,127.40505,12,세종특별시
2026-06-17T00:00:37+09:00,ALPACA,415569,56.0,36.41324,127.40635,12,세종특별시
2026-06-17T00:00:37+09:00,ALPACA,424780,69.0,36.41326,127.406334,12,세종특별시
2026-06-17T00:00:37+09:00,ALPACA,414541,58.0,36.416164,127.3965,12,세종특별시
2026-06-17T00:00:37+09:00,ALPACA,424593,83.0,36.417976,127.39082,12,세종특별시
2026-06-17T00:00:37+09:00,ALPACA,425387,65.0,36.418247,127.39745,12,세종특별시
2026-06-17T00:00:37+09:00,ALPACA,414779,95.0,36.41845,127.39742,12,세종특별시
2026-06-17T00:00:37+09:00,ALPACA,424954,94.0,36.418774,127.40836,12,세종특별시
2026-06-17T00:00:37+09:00,ALPACA,414687,100.0,36.419006,127.387054,12,세종특별시
2026-06-17T00:00:37+09:00,ALPACA,414648,79.0,36.419205,127.38161,12,세종특별시
2026-06-17T00:00:37+09:00,ALPACA,414827,95.0,36.419476,127.41061,12,세종특별시
2026-06-17T00:00:37+09:00,ALPACA,424550,66.0,36.419666,127.39398,12,세종특별시
2026-06-17T00:00:37+09:00,ALPACA,425409,58.0,36.419746,127.40644,12,세종특별시
2026-06-17T00:00:37+09:00,ALPACA,425191,86.0,36.420033,127.38586,12,세종특별시
2026-06-17T00:00:37+09:00,ALPACA,414669,99.0,36.420067,127.39225,12,세종특별시
2026-06-17T00:00:37+09:00,ALPACA,414966,91.0,36.420147,127.39225,12,세종특별시
2026-06-17T00:00:37+09:00,ALPACA,415070,96.0,36.420494,127.39177,12,세종특별시
2026-06-17T00:00:37+09:00,ALPACA,424827,57.0,36.420643,127.38442,12,세종특별시
2026-06-17T00:00:37+09:00,ALPACA,425575,68.0,36.42106,127.38172,12,세종특별시
2026-06-17T00:00:37+09:00,ALPACA,414689,100.0,36.421383,127.39428,12,세종특별시
2026-06-17T00:00:37+09:00,ALPACA,414566,100.0,36.421726,127.394264,12,세종특별시
2026-06-17T00:00:37+09:00,ALPACA,414953,86.0,36.421738,127.39323,12,세종특별시
2026-06-17T00:00:37+09:00,ALPACA,424539,71.0,36.421803,127.40433,12,세종특별시
2026-06-17T00:00:37+09:00,ALPACA,425367,60.0,36.42183,127.40773,12,세종특별시
2026-06-17T00:00:37+09:00,ALPACA,425551,77.0,36.422134,127.39613,12,세종특별시
2026-06-17T00:00:37+09:00,ALPACA,414831,100.0,36.422195,127.38757,12,세종특별시
2026-06-17T00:00:37+09:00,ALPACA,414776,100.0,36.422256,127.387596,12,세종특별시
2026-06-17T00:00:37+09:00,ALPACA,414914,100.0,36.422268,127.38754,12,세종특별시
2026-06-17T00:00:37+09:00,ALPACA,411733,96.0,36.422504,127.407,12,세종특별시
2026-06-17T00:00:37+09:00,ALPACA,414823,93.0,36.422623,127.40054,12,세종특별시
2026-06-17T00:00:37+09:00,ALPACA,425494,61.0,36.422726,127.40008,12,세종특별시
2026-06-17T00:00:37+09:00,ALPACA,414268,64.0,36.422913,127.38895,12,세종특별시
2026-06-17T00:00:37+09:00,ALPACA,414821,89.0,36.423122,127.40594,12,세종특별시
2026-06-17T00:00:37+09:00,ALPACA,425236,100.0,36.423275,127.39275,12,세종특별시
2026-06-17T00:00:37+09:00,ALPACA,414732,100.0,36.42347,127.39226,12,세종특별시
2026-06-17T00:00:37+09:00,ALPACA,424825,96.0,36.42347,127.392265,12,세종특별시
2026-06-17T00:00:37+09:00,ALPACA,414937,73.0,36.42349,127.39224,12,세종특별시
2026-06-17T00:00:37+09:00,ALPACA,425711,68.0,36.42349,127.39227,12,세종특별시
2026-06-17T00:00:37+09:00,ALPACA,426257,100.0,36.42349,127.39225,12,세종특별시
2026-06-17T00:00:37+09:00,ALPACA,414830,79.0,36.423496,127.39229,12,세종특별시
2026-06-17T00:00:37+09:00,ALPACA,424816,100.0,36.423496,127.39228,12,세종특별시
2026-06-17T00:00:37+09:00,ALPACA,414753,97.0,36.42365,127.40516,12,세종특별시
2026-06-17T00:00:37+09:00,ALPACA,414533,93.0,36.42367,127.4053,12,세종특별시
2026-06-17T00:00:37+09:00,ALPACA,424583,81.0,36.423676,127.405205,12,세종특별시
2026-06-17T00:00:37+09:00,ALPACA,414651,90.0,36.423725,127.40488,12,세종특별시
2026-06-17T00:00:37+09:00,ALPACA,414767,63.0,36.424538,127.389465,12,세종특별시
2026-06-17T00:00:37+09:00,ALPACA,425734,100.0,36.42461,127.39297,12,세종특별시
2026-06-17T00:00:37+09:00,ALPACA,414754,57.0,36.424698,127.40046,12,세종특별시
2026-06-17T00:00:37+09:00,ALPACA,424116,67.0,36.42471,127.39227,12,세종특별시
2026-06-17T00:00:37+09:00,ALPACA,424555,81.0,36.425125,127.39005,12,세종특별시
2026-06-17T00:00:37+09:00,ALPACA,415078,95.0,36.425358,127.39216,12,세종특별시
2026-06-17T00:00:37+09:00,ALPACA,414284,95.0,36.425426,127.39216,12,세종특별시
2026-06-17T00:00:37+09:00,ALPACA,414481,53.0,36.425526,127.393074,12,세종특별시
2026-06-17T00:00:37+09:00,ALPACA,425467,59.0,36.42554,127.393005,12,세종특별시
2026-06-17T00:00:37+09:00,ALPACA,415586,52.0,36.425552,127.39418,12,세종특별시
2026-06-17T00:00:37+09:00,ALPACA,425510,60.0,36.42561,127.39305,12,세종특별시
2026-06-17T00:00:37+09:00,ALPACA,414681,77.0,36.42564,127.39891,12,세종특별시
2026-06-17T00:00:37+09:00,ALPACA,424586,48.0,36.42572,127.389824,12,세종특별시
2026-06-17T00:00:37+09:00,ALPACA,425412,62.0,36.4258,127.38987,12,세종특별시
2026-06-17T00:00:37+09:00,ALPACA,424442,67.0,36.426086,127.39168,12,세종특별시
2026-06-17T00:00:37+09:00,ALPACA,425348,100.0,36.4261,127.390884,12,세종특별시
2026-06-17T00:00:37+09:00,ALPACA,414539,51.0,36.426254,127.391335,12,세종특별시
2026-06-17T00:00:37+09:00,ALPACA,414790,92.0,36.426254,127.390465,12,세종특별시
2026-06-17T00:00:37+09:00,ALPACA,414375,100.0,36.426323,127.39255,12,세종특별시
2026-06-17T00:00:37+09:00,ALPACA,425148,100.0,36.426376,127.39363,12,세종특별시
2026-06-17T00:00:37+09:00,ALPACA,410295,100.0,36.426437,127.39041,12,세종특별시
2026-06-17T00:00:37+09:00,ALPACA,424942,95.0,36.42664,127.3903,12,세종특별시
2026-06-17T00:00:37+09:00,ALPACA,411692,92.0,36.426975,127.38953,12,세종특별시
2026-06-17T00:00:37+09:00,ALPACA,424938,100.0,36.427086,127.394066,12,세종특별시
2026-06-17T00:00:37+09:00,ALPACA,414915,79.0,36.427414,127.402504,12,세종특별시
2026-06-17T00:00:37+09:00,ALPACA,424443,65.0,36.427795,127.39089,12,세종특별시
2026-06-17T00:00:37+09:00,ALPACA,425306,76.0,36.428364,127.3985,12,세종특별시
2026-06-17T00:00:37+09:00,ALPACA,414731,100.0,36.428577,127.391426,12,세종특별시
2026-06-17T00:00:37+09:00,ALPACA,415221,60.0,36.428673,127.3916,12,세종특별시
2026-06-17T00:00:37+09:00,ALPACA,425087,70.0,36.42878,127.39551,12,세종특별시
2026-06-17T00:00:37+09:00,ALPACA,425253,92.0,36.428925,127.39552,12,세종특별시
2026-06-17T00:00:37+09:00,ALPACA,425021,100.0,36.428967,127.38932,12,세종특별시
2026-06-17T00:00:37+09:00,ALPACA,425226,86.0,36.429646,127.38841,12,세종특별시
2026-06-17T00:00:37+09:00,ALPACA,414653,81.0,36.429653,127.393234,12,세종특별시
2026-06-17T00:00:37+09:00,ALPACA,424649,90.0,36.42984,127.39624,12,세종특별시
2026-06-17T00:00:37+09:00,ALPACA,425275,98.0,36.43029,127.39371,12,세종특별시
2026-06-17T00:00:37+09:00,ALPACA,414763,81.0,36.430313,127.39371,12,세종특별시
2026-06-17T00:00:37+09:00,ALPACA,414304,70.0,36.43032,127.38999,12,세종특별시
2026-06-17T00:00:37+09:00,ALPACA,414730,100.0,36.43057,127.39298,12,세종특별시
2026-06-17T00:00:37+09:00,ALPACA,424601,62.0,36.43121,127.38357,12,세종특별시
2026-06-17T00:00:37+09:00,ALPACA,414308,86.0,36.431248,127.39436,12,세종특별시
2026-06-17T00:00:37+09:00,ALPACA,414931,97.0,36.431248,127.39438,12,세종특별시
2026-06-17T00:00:37+09:00,ALPACA,410334,49.0,36.431282,127.394485,12,세종특별시
2026-06-17T00:00:37+09:00,ALPACA,414704,100.0,36.431293,127.39335,12,세종특별시
2026-06-17T00:00:37+09:00,ALPACA,425453,88.0,36.431355,127.39758,12,세종특별시
2026-06-17T00:00:37+09:00,ALPACA,414543,96.0,36.431534,127.39754,12,세종특별시
2026-06-17T00:00:37+09:00,ALPACA,415427,70.0,36.431553,127.39399,12,세종특별시
2026-06-17T00:00:37+09:00,ALPACA,414728,89.0,36.431667,127.39372,12,세종특별시
2026-06-17T00:00:37+09:00,ALPACA,414765,52.0,36.43168,127.39379,12,세종특별시
2026-06-17T00:00:37+09:00,ALPACA,414676,57.0,36.431934,127.39356,12,세종특별시
2026-06-17T00:00:37+09:00,ALPACA,424768,100.0,36.432198,127.393135,12,세종특별시
2026-06-17T00:00:37+09:00,ALPACA,425110,100.0,36.432365,127.39407,12,세종특별시
2026-06-17T00:00:37+09:00,ALPACA,414775,100.0,36.43237,127.39418,12,세종특별시
2026-06-17T00:00:37+09:00,ALPACA,414558,99.0,36.43239,127.38155,12,세종특별시
2026-06-17T00:00:37+09:00,ALPACA,424434,52.0,36.432396,127.38414,12,세종특별시
2026-06-17T00:00:37+09:00,ALPACA,414738,53.0,36.43243,127.39408,12,세종특별시
2026-06-17T00:00:37+09:00,ALPACA,414774,80.0,36.4326,127.38414,12,세종특별시
2026-06-17T00:00:37+09:00,ALPACA,414746,64.0,36.43275,127.39161,12,세종특별시
2026-06-17T00:00:37+09:00,ALPACA,414737,51.0,36.432827,127.394516,12,세종특별시
2026-06-17T00:00:37+09:00,ALPACA,414679,100.0,36.43294,127.38458,12,세종특별시
2026-06-17T00:00:37+09:00,ALPACA,425183,97.0,36.43316,127.38392,12,세종특별시
2026-06-17T00:00:37+09:00,ALPACA,425417,91.0,36.433212,127.384415,12,세종특별시
2026-06-17T00:00:37+09:00,ALPACA,415275,100.0,36.43347,127.382935,12,세종특별시
2026-06-17T00:00:37+09:00,ALPACA,414654,100.0,36.433575,127.38274,12,세종특별시
2026-06-17T00:00:37+09:00,ALPACA,424820,100.0,36.43375,127.385925,12,세종특별시
2026-06-17T00:00:37+09:00,ALPACA,414677,94.0,36.43431,127.385216,12,세종특별시
2026-06-17T00:00:37+09:00,ALPACA,424917,99.0,36.434444,127.392876,12,세종특별시
2026-06-17T00:00:37+09:00,ALPACA,426235,94.0,36.434452,127.40869,12,세종특별시
2026-06-17T00:00:37+09:00,ALPACA,414416,100.0,36.434555,127.38898,12,세종특별시
2026-06-17T00:00:37+09:00,ALPACA,415253,61.0,36.434692,127.38795,12,세종특별시
2026-06-17T00:00:37+09:00,ALPACA,414513,99.0,36.434956,127.39313,12,세종특별시
2026-06-17T00:00:37+09:00,ALPACA,425479,87.0,36.435455,127.403046,12,세종특별시
2026-06-17T00:00:37+09:00,ALPACA,414696,96.0,36.435905,127.403885,12,세종특별시
2026-06-17T00:00:37+09:00,ALPACA,414503,54.0,36.435974,127.40406,12,세종특별시
2026-06-17T00:00:37+09:00,ALPACA,414839,100.0,36.436565,127.389275,12,세종특별시
2026-06-17T00:00:37+09:00,ALPACA,415470,87.0,36.436783,127.3813,12,세종특별시
2026-06-17T00:00:37+09:00,ALPACA,426234,83.0,36.436787,127.38891,12,세종특별시
2026-06-17T00:00:37+09:00,ALPACA,426484,100.0,36.43732,127.388435,12,세종특별시
2026-06-17T00:00:37+09:00,ALPACA,426256,82.0,36.437454,127.388435,12,세종특별시
2026-06-17T00:00:37+09:00,ALPACA,414948,94.0,36.438084,127.39494,12,세종특별시
2026-06-17T00:00:37+09:00,ALPACA,426305,69.0,36.438095,127.381996,12,세종특별시
2026-06-17T00:00:37+09:00,ALPACA,414912,100.0,36.438103,127.38237,12,세종특별시
2026-06-17T00:00:37+09:00,ALPACA,414759,100.0,36.43812,127.3815,12,세종특별시
2026-06-17T00:00:37+09:00,ALPACA,414794,80.0,36.43812,127.38202,12,세종특별시
2026-06-17T00:00:37+09:00,ALPACA,414943,100.0,36.43813,127.38232,12,세종특별시
2026-06-17T00:00:37+09:00,ALPACA,424760,100.0,36.43815,127.38154,12,세종특별시
2026-06-17T00:00:37+09:00,ALPACA,415516,76.0,36.438152,127.38194,12,세종특별시
2026-06-17T00:00:37+09:00,ALPACA,414706,79.0,36.438187,127.382065,12,세종특별시
2026-06-17T00:00:37+09:00,ALPACA,414684,97.0,36.43893,127.39512,12,세종특별시
2026-06-17T00:00:37+09:00,ALPACA,414532,57.0,36.43929,127.38143,12,세종특별시
2026-06-17T00:00:37+09:00,ALPACA,415439,100.0,36.439877,127.38223,12,세종특별시
2026-06-17T00:00:37+09:00,ALPACA,424542,90.0,36.439896,127.38476,12,세종특별시
2026-06-17T00:00:37+09:00,ALPACA,424564,58.0,36.440174,127.38336,12,세종특별시
2026-06-17T00:00:37+09:00,ALPACA,424719,100.0,36.440266,127.38345,12,세종특별시
2026-06-17T00:00:37+09:00,ALPACA,424382,54.0,36.44033,127.38437,12,세종특별시
2026-06-17T00:00:37+09:00,ALPACA,425193,62.0,36.44123,127.38599,12,세종특별시
2026-06-17T00:00:37+09:00,ALPACA,414659,45.0,36.441647,127.399925,12,세종특별시
2026-06-17T00:00:37+09:00,ALPACA,414644,32.0,36.444366,127.41042,12,세종특별시
2026-06-17T00:00:37+09:00,ALPACA,414724,63.0,36.445915,127.41399,12,세종특별시
2026-06-17T00:00:37+09:00,ALPACA,425712,67.0,36.445957,127.405624,12,세종특별시
2026-06-17T00:00:37+09:00,ALPACA,425384,68.0,36.447025,127.40838,12,세종특별시
2026-06-17T00:00:37+09:00,ALPACA,415049,49.0,36.448135,127.42335,12,세종특별시
2026-06-17T00:00:37+09:00,ALPACA,414760,38.0,36.449184,127.41195,12,세종특별시
2026-06-17T00:00:37+09:00,ALPACA,424455,43.0,36.450794,127.432045,12,세종특별시
2026-06-17T00:00:37+09:00,ALPACA,424792,36.0,36.45336,127.423874,12,세종특별시
2026-06-17T00:00:37+09:00,ALPACA,422610,69.0,36.58649,127.294586,12,세종특별시
2026-06-17T00:00:37+09:00,ALPACA,422236,78.0,36.588135,127.28902,12,세종특별시
2026-06-17T00:00:37+09:00,ALPACA,422154,100.0,36.588425,127.29001,12,세종특별시
2026-06-17T00:00:37+09:00,ALPACA,421288,100.0,36.588444,127.290054,12,세종특별시
2026-06-17T00:00:37+09:00,ALPACA,414865,100.0,36.590813,127.29184,12,세종특별시
2026-06-17T00:00:37+09:00,ALPACA,422500,100.0,36.590828,127.291824,12,세종특별시
2026-06-17T00:00:37+09:00,ALPACA,422087,100.0,36.59086,127.29185,12,세종특별시
2026-06-17T00:00:37+09:00,ALPACA,422425,89.0,36.590874,127.29187,12,세종특별시
2026-06-17T00:00:37+09:00,ALPACA,422363,100.0,36.590958,127.29519,12,세종특별시
2026-06-17T00:00:37+09:00,ALPACA,422600,74.0,36.59098,127.29518,12,세종특별시
2026-06-17T00:00:37+09:00,ALPACA,421876,85.0,36.590992,127.2952,12,세종특별시
2026-06-17T00:00:37+09:00,ALPACA,422397,89.0,36.592003,127.29626,12,세종특별시
2026-06-17T00:00:37+09:00,ALPACA,422249,83.0,36.592037,127.29636,12,세종특별시
2026-06-17T00:00:37+09:00,ALPACA,422376,100.0,36.592087,127.29632,12,세종특별시
2026-06-17T00:00:37+09:00,ALPACA,421720,100.0,36.593098,127.28476,12,세종특별시
2026-06-17T00:00:37+09:00,ALPACA,422047,100.0,36.5931,127.284775,12,세종특별시
2026-06-17T00:00:37+09:00,ALPACA,422220,100.0,36.593105,127.28477,12,세종특별시
2026-06-17T00:00:37+09:00,ALPACA,414795,93.0,36.593204,127.28924,12,세종특별시
2026-06-17T00:00:37+09:00,ALPACA,422434,93.0,36.59417,127.30133,12,세종특별시
2026-06-17T00:00:37+09:00,ALPACA,422562,93.0,36.59511,127.28873,12,세종특별시
2026-06-17T00:00:37+09:00,ALPACA,422379,100.0,36.59515,127.28925,12,세종특별시
2026-06-17T00:00:37+09:00,ALPACA,422393,100.0,36.59518,127.289215,12,세종특별시
2026-06-17T00:00:37+09:00,ALPACA,410262,100.0,36.595184,127.28924,12,세종특별시
2026-06-17T00:00:37+09:00,ALPACA,422023,75.0,36.59577,127.289406,12,세종특별시
2026-06-17T00:00:37+09:00,ALPACA,422491,78.0,36.596176,127.29575,12,세종특별시
2026-06-17T00:00:37+09:00,ALPACA,421904,100.0,36.59622,127.29577,12,세종특별시
2026-06-17T00:00:37+09:00,ALPACA,422567,100.0,36.59646,127.28842,12,세종특별시
2026-06-17T00:00:37+09:00,ALPACA,422125,73.0,36.59647,127.2884,12,세종특별시
2026-06-17T00:00:37+09:00,ALPACA,422414,81.0,36.596535,127.30081,12,세종특별시
2026-06-17T00:00:37+09:00,ALPACA,421733,74.0,36.597267,127.29874,12,세종특별시
2026-06-17T00:00:37+09:00,ALPACA,422338,88.0,36.597286,127.29744,12,세종특별시
2026-06-17T00:00:37+09:00,ALPACA,422449,55.0,36.599773,127.29535,12,세종특별시
2026-06-17T00:00:37+09:00,ALPACA,422228,73.0,36.600174,127.294624,12,세종특별시
2026-06-17T00:00:37+09:00,ALPACA,422136,100.0,36.601013,127.29504,12,세종특별시
2026-06-17T00:00:37+09:00,ALPACA,422350,81.0,36.60106,127.29497,12,세종특별시
2026-06-17T00:00:37+09:00,ALPACA,422701,100.0,36.601227,127.29114,12,세종특별시
2026-06-17T00:00:37+09:00,ALPACA,422467,100.0,36.60136,127.2885,12,세종특별시
2026-06-17T00:00:37+09:00,ALPACA,410385,85.0,36.601765,127.28865,12,세종특별시
2026-06-17T00:00:37+09:00,ALPACA,422265,100.0,36.60182,127.290085,12,세종특별시
2026-06-17T00:00:37+09:00,ALPACA,422258,97.0,36.601833,127.29012,12,세종특별시
2026-06-17T00:00:37+09:00,ALPACA,422566,81.0,36.60185,127.294945,12,세종특별시
2026-06-17T00:00:37+09:00,ALPACA,421703,100.0,36.601852,127.2901,12,세종특별시
2026-06-17T00:00:37+09:00,ALPACA,422446,91.0,36.602337,127.29036,12,세종특별시
2026-06-17T00:00:37+09:00,ALPACA,422306,73.0,36.60238,127.28648,12,세종특별시
2026-06-17T00:00:37+09:00,ALPACA,422138,100.0,36.602406,127.29489,12,세종특별시
2026-06-17T00:00:37+09:00,ALPACA,422571,100.0,36.603333,127.29134,12,세종특별시
2026-06-17T00:00:37+09:00,ALPACA,422387,90.0,36.60345,127.30732,12,세종특별시
2026-06-17T00:00:37+09:00,ALPACA,418661,90.0,36.603523,127.29319,12,세종특별시
2026-06-17T00:00:37+09:00,ALPACA,422399,100.0,36.603596,127.29317,12,세종특별시
2026-06-17T00:00:37+09:00,ALPACA,422203,100.0,36.603607,127.29011,12,세종특별시
2026-06-17T00:00:37+09:00,ALPACA,421775,70.0,36.60373,127.29318,12,세종특별시
2026-06-17T00:00:37+09:00,ALPACA,422364,71.0,36.603767,127.29316,12,세종특별시
2026-06-17T00:00:37+09:00,ALPACA,421566,86.0,36.603878,127.29712,12,세종특별시
2026-06-17T00:00:37+09:00,ALPACA,422303,100.0,36.604046,127.297485,12,세종특별시
2026-06-17T00:00:37+09:00,ALPACA,422075,91.0,36.60406,127.29753,12,세종특별시
2026-06-17T00:00:37+09:00,ALPACA,422344,100.0,36.604065,127.29751,12,세종특별시
2026-06-17T00:00:37+09:00,ALPACA,422246,100.0,36.604084,127.297516,12,세종특별시
2026-06-17T00:00:37+09:00,ALPACA,422484,62.0,36.6041,127.297516,12,세종특별시
2026-06-17T00:00:37+09:00,ALPACA,421987,100.0,36.60448,127.292564,12,세종특별시
2026-06-17T00:00:37+09:00,ALPACA,422337,80.0,36.60455,127.29248,12,세종특별시
2026-06-17T00:00:37+09:00,ALPACA,421831,41.0,36.60456,127.29253,12,세종특별시
2026-06-17T00:00:37+09:00,ALPACA,422248,64.0,36.604572,127.2925,12,세종특별시
2026-06-17T00:00:37+09:00,ALPACA,422173,95.0,36.605038,127.293236,12,세종특별시
2026-06-17T00:00:37+09:00,ALPACA,422452,100.0,36.60527,127.29278,12,세종특별시
2026-06-17T00:00:37+09:00,ALPACA,422282,71.0,36.605328,127.29324,12,세종특별시
2026-06-17T00:00:37+09:00,ALPACA,422458,75.0,36.60533,127.29211,12,세종특별시
2026-06-17T00:00:37+09:00,ALPACA,422396,100.0,36.605366,127.29211,12,세종특별시
2026-06-17T00:00:37+09:00,ALPACA,422435,73.0,36.605366,127.29209,12,세종특별시
2026-06-17T00:00:37+09:00,ALPACA,422699,100.0,36.605373,127.29213,12,세종특별시
2026-06-17T00:00:37+09:00,ALPACA,422025,100.0,36.605587,127.297226,12,세종특별시
2026-06-17T00:00:37+09:00,ALPACA,422413,100.0,36.60559,127.29723,12,세종특별시
2026-06-17T00:00:37+09:00,ALPACA,422406,100.0,36.6056,127.29729,12,세종특별시
2026-06-17T00:00:37+09:00,ALPACA,422238,79.0,36.606304,127.29312,12,세종특별시
2026-06-17T00:00:37+09:00,ALPACA,422324,84.0,36.606316,127.2878,12,세종특별시
2026-06-17T00:00:37+09:00,ALPACA,422522,74.0,36.606323,127.29306,12,세종특별시
2026-06-17T00:00:37+09:00,ALPACA,422884,93.0,36.606495,127.29192,12,세종특별시
2026-06-17T00:00:37+09:00,ALPACA,422336,34.0,36.60691,127.289345,12,세종특별시
2026-06-17T00:00:37+09:00,ALPACA,412614,54.0,36.608784,127.29224,12,세종특별시
2026-06-17T00:00:37+09:00,ALPACA,422463,45.0,36.60894,127.28361,12,세종특별시
2026-06-17T00:00:37+09:00,ALPACA,422322,94.0,36.608997,127.28384,12,세종특별시
2026-06-17T00:00:37+09:00,ALPACA,422175,40.0,36.60901,127.28372,12,세종특별시
2026-06-17T00:00:37+09:00,ALPACA,422465,57.0,36.609043,127.283714,12,세종특별시
2026-06-17T00:00:37+09:00,ALPACA,422620,94.0,36.609062,127.28379,12,세종특별시
2026-06-17T00:00:37+09:00,ALPACA,422559,83.0,36.609077,127.283806,12,세종특별시
2026-06-17T00:00:37+09:00,ALPACA,412597,87.0,36.6091,127.28372,12,세종특별시
2026-06-17T00:00:37+09:00,ALPACA,422576,60.0,36.6091,127.2837,12,세종특별시
2026-06-17T00:00:37+09:00,ALPACA,422720,62.0,36.60919,127.28498,12,세종특별시
2026-06-17T00:00:37+09:00,ALPACA,422607,46.0,36.6092,127.29094,12,세종특별시
2026-06-17T00:00:37+09:00,ALPACA,418665,98.0,36.609303,127.28459,12,세종특별시
2026-06-17T00:00:37+09:00,ALPACA,422432,57.0,36.609337,127.28333,12,세종특별시
2026-06-17T00:00:37+09:00,ALPACA,422560,74.0,36.609386,127.286194,12,세종특별시
2026-06-17T00:00:37+09:00,ALPACA,421025,61.0,36.60967,127.28503,12,세종특별시
2026-06-17T00:00:37+09:00,ALPACA,422502,36.0,36.60986,127.28495,12,세종특별시
2026-06-17T00:00:37+09:00,ALPACA,422439,66.0,36.61011,127.284966,12,세종특별시
2026-06-17T00:00:37+09:00,ALPACA,422205,100.0,36.610172,127.29321,12,세종특별시
2026-06-17T00:00:37+09:00,ALPACA,422499,91.0,36.610237,127.28474,12,세종특별시
2026-06-17T00:00:37+09:00,ALPACA,422378,75.0,36.610306,127.296616,12,세종특별시
2026-06-17T00:00:37+09:00,ALPACA,422703,85.0,36.61031,127.29676,12,세종특별시
2026-06-17T00:00:37+09:00,ALPACA,421725,100.0,36.61032,127.29676,12,세종특별시
2026-06-17T00:00:37+09:00,ALPACA,422226,93.0,36.610325,127.28631,12,세종특별시
2026-06-17T00:00:37+09:00,ALPACA,422556,100.0,36.610325,127.29679,12,세종특별시
2026-06-17T00:00:37+09:00,ALPACA,422430,94.0,36.610447,127.2932,12,세종특별시
2026-06-17T00:00:37+09:00,ALPACA,422184,70.0,36.61051,127.2871,12,세종특별시
2026-06-17T00:00:37+09:00,ALPACA,422420,73.0,36.610695,127.293465,12,세종특별시
2026-06-17T00:00:37+09:00,ALPACA,422394,80.0,36.61074,127.29136,12,세종특별시
2026-06-17T00:00:37+09:00,ALPACA,422181,66.0,36.610786,127.29172,12,세종특별시
2026-06-17T00:00:37+09:00,ALPACA,422128,79.0,36.610897,127.288284,12,세종특별시
2026-06-17T00:00:37+09:00,ALPACA,422770,52.0,36.610916,127.29091,12,세종특별시
2026-06-17T00:00:37+09:00,ALPACA,421741,100.0,36.610943,127.29311,12,세종특별시
2026-06-17T00:00:37+09:00,ALPACA,422180,99.0,36.610947,127.28872,12,세종특별시
2026-06-17T00:00:37+09:00,ALPACA,422143,64.0,36.610985,127.28645,12,세종특별시
2026-06-17T00:00:37+09:00,ALPACA,422291,74.0,36.611,127.28635,12,세종특별시
2026-06-17T00:00:37+09:00,ALPACA,422468,100.0,36.61101,127.28643,12,세종특별시
2026-06-17T00:00:37+09:00,ALPACA,422147,68.0,36.61102,127.28641,12,세종특별시
2026-06-17T00:00:37+09:00,ALPACA,422328,38.0,36.61106,127.29008,12,세종특별시
2026-06-17T00:00:37+09:00,ALPACA,422450,30.0,36.611088,127.2864,12,세종특별시
2026-06-17T00:00:37+09:00,ALPACA,422130,47.0,36.611103,127.28619,12,세종특별시
2026-06-17T00:00:37+09:00,ALPACA,422391,100.0,36.611156,127.29014,12,세종특별시
2026-06-17T00:00:37+09:00,ALPACA,422472,94.0,36.61116,127.28979,12,세종특별시
2026-06-17T00:00:37+09:00,ALPACA,422426,77.0,36.611164,127.29007,12,세종특별시
2026-06-17T00:00:37+09:00,ALPACA,422384,47.0,36.61117,127.29002,12,세종특별시
2026-06-17T00:00:37+09:00,ALPACA,422178,39.0,36.611176,127.28975,12,세종특별시
2026-06-17T00:00:37+09:00,ALPACA,422028,85.0,36.611187,127.29089,12,세종특별시
2026-06-17T00:00:37+09:00,ALPACA,422697,37.0,36.611225,127.28979,12,세종특별시
2026-06-17T00:00:37+09:00,ALPACA,422480,87.0,36.61125,127.28734,12,세종특별시
2026-06-17T00:00:37+09:00,ALPACA,412728,54.0,36.61128,127.28816,12,세종특별시
2026-06-17T00:00:37+09:00,ALPACA,421740,94.0,36.611286,127.29007,12,세종특별시
2026-06-17T00:00:37+09:00,ALPACA,422456,79.0,36.611317,127.28831,12,세종특별시
2026-06-17T00:00:37+09:00,ALPACA,422776,41.0,36.61132,127.288216,12,세종특별시
2026-06-17T00:00:37+09:00,ALPACA,422395,94.0,36.611336,127.28808,12,세종특별시
2026-06-17T00:00:37+09:00,ALPACA,421979,98.0,36.611347,127.288185,12,세종특별시
2026-06-17T00:00:37+09:00,ALPACA,422270,76.0,36.61135,127.288124,12,세종특별시
2026-06-17T00:00:37+09:00,ALPACA,421907,99.0,36.611355,127.28818,12,세종특별시
2026-06-17T00:00:37+09:00,ALPACA,422505,59.0,36.611355,127.288216,12,세종특별시
2026-06-17T00:00:37+09:00,ALPACA,422253,98.0,36.611366,127.28825,12,세종특별시
2026-06-17T00:00:37+09:00,ALPACA,421889,73.0,36.611374,127.28744,12,세종특별시
2026-06-17T00:00:37+09:00,ALPACA,422359,95.0,36.611374,127.28823,12,세종특별시
2026-06-17T00:00:37+09:00,ALPACA,422264,95.0,36.61138,127.28822,12,세종특별시
2026-06-17T00:00:37+09:00,ALPACA,422244,47.0,36.6114,127.28746,12,세종특별시
2026-06-17T00:00:37+09:00,ALPACA,422730,74.0,36.61144,127.287445,12,세종특별시
2026-06-17T00:00:37+09:00,ALPACA,422277,99.0,36.611454,127.28744,12,세종특별시
2026-06-17T00:00:37+09:00,ALPACA,422131,88.0,36.611458,127.28745,12,세종특별시
2026-06-17T00:00:37+09:00,ALPACA,422107,43.0,36.611633,127.287544,12,세종특별시
2026-06-17T00:00:37+09:00,ALPACA,422339,32.0,36.611954,127.2846,12,세종특별시
2026-06-17T00:00:37+09:00,ALPACA,422709,86.0,36.613125,127.29592,12,세종특별시
2026-06-17T00:00:37+09:00,ALPACA,422386,86.0,36.613197,127.29332,12,세종특별시
2026-06-17T00:00:37+09:00,ALPACA,422103,100.0,36.613853,127.31,12,세종특별시
2026-06-17T00:00:37+09:00,ALPACA,418558,100.0,36.613876,127.309975,12,세종특별시
2026-06-17T00:00:37+09:00,ALPACA,422168,73.0,36.61406,127.28906,12,세종특별시
2026-06-17T00:00:37+09:00,ALPACA,422371,62.0,36.61409,127.28907,12,세종특별시
2026-06-17T00:00:37+09:00,ALPACA,422335,100.0,36.614174,127.28884,12,세종특별시
2026-06-17T00:00:37+09:00,ALPACA,422367,100.0,36.614174,127.2888,12,세종특별시
2026-06-17T00:00:37+09:00,ALPACA,422207,95.0,36.61456,127.30835,12,세종특별시
2026-06-17T00:00:37+09:00,ALPACA,422242,77.0,36.614662,127.3059,12,세종특별시
2026-06-17T00:00:37+09:00,ALPACA,422603,100.0,36.614918,127.28499,12,세종특별시
2026-06-17T00:00:37+09:00,ALPACA,422358,75.0,36.615963,127.286064,12,세종특별시
2026-06-17T00:00:37+09:00,ALPACA,422086,76.0,36.61633,127.31405,12,세종특별시
2026-06-17T00:00:37+09:00,ALPACA,422185,100.0,36.618057,127.288795,12,세종특별시
2026-06-17T00:00:37+09:00,ALPACA,422296,87.0,36.6188,127.32029,12,세종특별시
2026-06-17T00:00:37+09:00,ALPACA,410365,76.0,36.618816,127.29082,12,세종특별시
2026-06-17T00:00:37+09:00,ALPACA,422176,100.0,36.61898,127.28855,12,세종특별시
2026-06-17T00:00:37+09:00,ALPACA,422243,75.0,36.619553,127.309944,12,세종특별시
2026-06-17T00:00:37+09:00,ALPACA,421998,82.0,36.620438,127.32027,12,세종특별시
2026-06-17T00:00:37+09:00,ALPACA,422039,70.0,36.620907,127.28249,12,세종특별시
2026-06-17T00:00:37+09:00,ALPACA,422705,93.0,36.62092,127.28246,12,세종특별시
2026-06-17T00:00:37+09:00,ALPACA,422357,82.0,36.621124,127.30795,12,세종특별시
2026-06-17T00:00:37+09:00,ALPACA,422333,97.0,36.62135,127.29062,12,세종특별시
2026-06-17T00:00:37+09:00,ALPACA,422509,68.0,36.621548,127.28891,12,세종특별시
2026-06-17T00:00:37+09:00,ALPACA,422469,73.0,36.6216,127.30235,12,세종특별시
2026-06-17T00:00:37+09:00,ALPACA,422309,92.0,36.621677,127.28371,12,세종특별시
2026-06-17T00:00:37+09:00,ALPACA,422329,97.0,36.621685,127.28388,12,세종특별시
2026-06-17T00:00:37+09:00,ALPACA,421908,99.0,36.62169,127.28588,12,세종특별시
2026-06-17T00:00:37+09:00,ALPACA,422141,69.0,36.621693,127.28588,12,세종특별시
2026-06-17T00:00:37+09:00,ALPACA,422299,79.0,36.621696,127.28384,12,세종특별시
2026-06-17T00:00:37+09:00,ALPACA,421186,85.0,36.62171,127.28384,12,세종특별시
2026-06-17T00:00:37+09:00,ALPACA,422568,98.0,36.621758,127.283844,12,세종특별시
2026-06-17T00:00:37+09:00,ALPACA,422148,81.0,36.62177,127.28556,12,세종특별시
2026-06-17T00:00:37+09:00,ALPACA,422251,41.0,36.62178,127.326614,12,세종특별시
2026-06-17T00:00:37+09:00,ALPACA,422580,99.0,36.621788,127.28554,12,세종특별시
2026-06-17T00:00:37+09:00,ALPACA,422702,52.0,36.621857,127.32653,12,세종특별시
2026-06-17T00:00:37+09:00,ALPACA,421945,47.0,36.621864,127.304695,12,세종특별시
2026-06-17T00:00:37+09:00,ALPACA,422304,97.0,36.623657,127.28743,12,세종특별시
2026-06-17T00:00:37+09:00,ALPACA,422211,82.0,36.623665,127.28685,12,세종특별시
2026-06-17T00:00:37+09:00,ALPACA,422212,66.0,36.623714,127.286835,12,세종특별시
2026-06-17T00:00:37+09:00,ALPACA,422507,87.0,36.62377,127.325096,12,세종특별시
2026-06-17T00:00:37+09:00,ALPACA,422403,97.0,36.62414,127.32578,12,세종특별시
2026-06-17T00:00:37+09:00,ALPACA,422440,86.0,36.626568,127.33195,12,세종특별시
2026-06-17T00:00:37+09:00,ALPACA,413919,54.0,36.62669,127.33202,12,세종특별시
2026-06-17T00:00:37+09:00,ALPACA,422412,58.0,36.62692,127.323326,12,세종특별시
2026-06-17T00:00:37+09:00,ALPACA,422372,92.0,36.627663,127.32866,12,세종특별시
2026-06-17T00:00:37+09:00,ALPACA,422622,61.0,36.627975,127.33185,12,세종특별시
2026-06-17T00:00:37+09:00,ALPACA,422382,81.0,36.628136,127.332634,12,세종특별시
2026-06-17T00:00:37+09:00,ALPACA,422194,72.0,36.629448,127.33293,12,세종특별시
2026-06-17T00:00:37+09:00,ALPACA,422575,98.0,36.63005,127.333046,12,세종특별시
2026-06-17T00:00:37+09:00,ALPACA,422121,98.0,36.63006,127.33041,12,세종특별시
2026-06-17T00:00:37+09:00,ALPACA,422297,97.0,36.630157,127.33284,12,세종특별시
2026-06-17T00:00:37+09:00,ALPACA,422528,47.0,36.63016,127.329994,12,세종특별시
2026-06-17T00:00:37+09:00,ALPACA,421994,100.0,36.630173,127.33289,12,세종특별시
2026-06-17T00:00:37+09:00,ALPACA,410342,97.0,36.630188,127.33287,12,세종특별시
2026-06-17T00:00:37+09:00,ALPACA,422188,59.0,36.630276,127.33359,12,세종특별시
2026-06-17T00:00:37+09:00,ALPACA,422486,55.0,36.630577,127.33085,12,세종특별시
2026-06-17T00:00:37+09:00,ALPACA,422408,57.0,36.630856,127.32952,12,세종특별시
2026-06-17T00:00:37+09:00,ALPACA,422278,70.0,36.630898,127.33079,12,세종특별시
2026-06-17T00:00:37+09:00,ALPACA,422316,94.0,36.631054,127.32807,12,세종특별시
2026-06-17T00:00:37+09:00,ALPACA,422427,48.0,36.631268,127.319305,12,세종특별시
2026-06-17T00:00:37+09:00,ALPACA,422126,93.0,36.6313,127.328636,12,세종특별시
2026-06-17T00:00:37+09:00,ALPACA,422431,57.0,36.63147,127.328804,12,세종특별시
2026-06-17T00:00:37+09:00,ALPACA,416273,77.0,36.631496,127.32945,12,세종특별시
2026-06-17T00:00:37+09:00,ALPACA,422032,63.0,36.631508,127.319214,12,세종특별시
2026-06-17T00:00:37+09:00,ALPACA,422161,86.0,36.631527,127.31919,12,세종특별시
2026-06-17T00:00:37+09:00,ALPACA,422049,84.0,36.63154,127.32607,12,세종특별시
2026-06-17T00:00:37+09:00,ALPACA,421772,91.0,36.6316,127.32905,12,세종특별시
2026-06-17T00:00:37+09:00,ALPACA,422552,100.0,36.631626,127.33032,12,세종특별시
2026-06-17T00:00:37+09:00,ALPACA,422691,75.0,36.63166,127.319824,12,세종특별시
2026-06-17T00:00:37+09:00,ALPACA,422164,89.0,36.631817,127.330444,12,세종특별시
2026-06-17T00:00:37+09:00,ALPACA,422365,78.0,36.632095,127.3274,12,세종특별시
2026-06-17T00:00:37+09:00,ALPACA,422534,63.0,36.63249,127.32635,12,세종특별시
2026-06-17T00:00:37+09:00,ALPACA,422402,87.0,36.632725,127.33509,12,세종특별시
2026-06-17T00:00:37+09:00,ALPACA,422558,98.0,36.63276,127.33506,12,세종특별시
2026-06-17T00:00:37+09:00,ALPACA,422334,72.0,36.632767,127.33112,12,세종특별시
2026-06-17T00:00:37+09:00,ALPACA,422375,70.0,36.632843,127.32338,12,세종특별시
2026-06-17T00:00:37+09:00,ALPACA,422034,71.0,36.632965,127.31423,12,세종특별시
2026-06-17T00:00:37+09:00,ALPACA,422625,100.0,36.633327,127.32107,12,세종특별시
2026-06-17T00:00:37+09:00,ALPACA,422536,100.0,36.633335,127.32108,12,세종특별시
2026-06-17T00:00:37+09:00,ALPACA,422604,100.0,36.633335,127.32109,12,세종특별시
2026-06-17T00:00:37+09:00,ALPACA,419034,97.0,36.633343,127.32108,12,세종특별시
2026-06-17T00:00:37+09:00,ALPACA,422535,95.0,36.633766,127.32904,12,세종특별시
2026-06-17T00:00:37+09:00,ALPACA,422498,77.0,36.635105,127.32707,12,세종특별시
2026-06-17T00:00:37+09:00,ALPACA,422389,95.0,36.635406,127.32625,12,세종특별시
2026-06-17T00:00:37+09:00,ALPACA,421739,76.0,36.635544,127.33448,12,세종특별시
2026-06-17T00:00:37+09:00,ALPACA,422538,43.0,36.63556,127.32583,12,세종특별시
2026-06-17T00:00:37+09:00,ALPACA,422142,81.0,36.63571,127.33876,12,세종특별시
2026-06-17T00:00:37+09:00,ALPACA,422256,63.0,36.635918,127.317535,12,세종특별시
2026-06-17T00:00:37+09:00,ALPACA,422122,61.0,36.63613,127.32849,12,세종특별시
2026-06-17T00:00:37+09:00,ALPACA,421718,100.0,36.63657,127.322876,12,세종특별시
2026-06-17T00:00:37+09:00,ALPACA,422629,100.0,36.636574,127.32278,12,세종특별시
2026-06-17T00:00:37+09:00,ALPACA,422189,63.0,36.636612,127.322685,12,세종특별시
2026-06-17T00:00:37+09:00,ALPACA,422574,72.0,36.63713,127.325294,12,세종특별시
2026-06-17T00:00:37+09:00,ALPACA,422259,90.0,36.63718,127.32534,12,세종특별시
2026-06-17T00:00:37+09:00,ALPACA,422102,100.0,36.637207,127.3253,12,세종특별시
2026-06-17T00:00:37+09:00,ALPACA,422101,88.0,36.63721,127.329155,12,세종특별시
2026-06-17T00:00:37+09:00,ALPACA,418277,70.0,36.637234,127.328835,12,세종특별시
2026-06-17T00:00:37+09:00,ALPACA,422381,75.0,36.63725,127.328835,12,세종특별시
2026-06-17T00:00:37+09:00,ALPACA,422213,44.0,36.637257,127.32913,12,세종특별시
2026-06-17T00:00:37+09:00,ALPACA,421950,66.0,36.637943,127.328064,12,세종특별시
2026-06-17T00:00:37+09:00,ALPACA,422352,58.0,36.638725,127.31696,12,세종특별시
2026-06-17T00:00:37+09:00,ALPACA,422355,73.0,36.638966,127.334236,12,세종특별시
2026-06-17T00:00:37+09:00,ALPACA,422692,89.0,36.63899,127.33424,12,세종특별시
2026-06-17T00:00:37+09:00,ALPACA,422172,98.0,36.639,127.33427,12,세종특별시
2026-06-17T00:00:37+09:00,ALPACA,416786,100.0,36.639015,127.33428,12,세종특별시
2026-06-17T00:00:37+09:00,ALPACA,422573,100.0,36.639023,127.33424,12,세종특별시
2026-06-17T00:00:37+09:00,ALPACA,422496,84.0,36.639687,127.346886,12,세종특별시
2026-06-17T00:00:37+09:00,ALPACA,422388,73.0,36.641624,127.33624,12,세종특별시
2026-06-17T00:00:37+09:00,ALPACA,422326,82.0,36.642715,127.34169,12,세종특별시
2026-06-17T00:00:37+09:00,ALPACA,419832,96.0,36.643394,127.341896,12,세종특별시
2026-06-17T00:00:37+09:00,ALPACA,422362,84.0,36.643646,127.336334,12,세종특별시
2026-06-17T00:00:37+09:00,ALPACA,422455,93.0,36.644646,127.332825,12,세종특별시
2026-06-17T00:00:37+09:00,GBIKE,346764,100.0,36.440763,127.224465,12,세종특별시
2026-06-17T00:00:37+09:00,GBIKE,634021,39.0,36.441036,127.367041,12,세종특별시
2026-06-17T00:00:37+09:00,GBIKE,353074,100.0,36.447178,127.36564,12,세종특별시
2026-06-17T00:00:37+09:00,GBIKE,374180,30.0,36.447548,127.228638,12,세종특별시
2026-06-17T00:00:37+09:00,GBIKE,372222,85.0,36.451356,127.363478,12,세종특별시
2026-06-17T00:00:37+09:00,GBIKE,373279,72.0,36.451385,127.363731,12,세종특별시
2026-06-17T00:00:37+09:00,GBIKE,621255,59.0,36.451472,127.362621,12,세종특별시
2026-06-17T00:00:37+09:00,GBIKE,302403,83.0,36.451492,127.363731,12,세종특별시
2026-06-17T00:00:37+09:00,GBIKE,308243,63.0,36.451894,127.364033,12,세종특별시
2026-06-17T00:00:37+09:00,GBIKE,365258,35.0,36.451955,127.36238,12,세종특별시
2026-06-17T00:00:37+09:00,GBIKE,345118,64.0,36.452218,127.363803,12,세종특별시
2026-06-17T00:00:37+09:00,GBIKE,377379,30.0,36.453726,127.365486,12,세종특별시
2026-06-17T00:00:37+09:00,GBIKE,604668,34.0,36.453955,127.363456,12,세종특별시
2026-06-17T00:00:37+09:00,GBIKE,624269,42.0,36.454222,127.366902,12,세종특별시
2026-06-17T00:00:37+09:00,GBIKE,302018,56.0,36.454319,127.363726,12,세종특별시
2026-06-17T00:00:37+09:00,GBIKE,386937,36.0,36.45439,127.364053,12,세종특별시
2026-06-17T00:00:37+09:00,GBIKE,395865,55.0,36.45444,127.363745,12,세종특별시
2026-06-17T00:00:37+09:00,GBIKE,338805,65.0,36.454861,127.363988,12,세종특별시
2026-06-17T00:00:37+09:00,GBIKE,306339,73.0,36.454917,127.364158,12,세종특별시
2026-06-17T00:00:37+09:00,GBIKE,378795,77.0,36.455416,127.364158,12,세종특별시
2026-06-17T00:00:37+09:00,GBIKE,395213,64.0,36.456796,127.36045,12,세종특별시
2026-06-17T00:00:37+09:00,GBIKE,131067,42.0,36.459725,127.211824,12,세종특별시
2026-06-17T00:00:37+09:00,GBIKE,300588,74.0,36.463659,127.359857,12,세종특별시
2026-06-17T00:00:37+09:00,GBIKE,501246,46.0,36.46439,127.28255,12,세종특별시
2026-06-17T00:00:37+09:00,GBIKE,131038,38.0,36.467727,127.263752,12,세종특별시
2026-06-17T00:00:37+09:00,GBIKE,631883,68.0,36.467741,127.264109,12,세종특별시
2026-06-17T00:00:37+09:00,GBIKE,131565,88.0,36.467832,127.263722,12,세종특별시
2026-06-17T00:00:37+09:00,GBIKE,501276,73.0,36.468189,127.280859,12,세종특별시
2026-06-17T00:00:37+09:00,GBIKE,501113,30.0,36.468538,127.281152,12,세종특별시
2026-06-17T00:00:37+09:00,GBIKE,395909,30.0,36.468641,127.271155,12,세종특별시
2026-06-17T00:00:37+09:00,GBIKE,131990,38.0,36.468722,127.276767,12,세종특별시
2026-06-17T00:00:37+09:00,GBIKE,501170,96.0,36.468827,127.272085,12,세종특별시
2026-06-17T00:00:37+09:00,GBIKE,131435,87.0,36.46898,127.274306,12,세종특별시
2026-06-17T00:00:37+09:00,GBIKE,130931,75.0,36.468983,127.274261,12,세종특별시
2026-06-17T00:00:37+09:00,GBIKE,130960,77.0,36.468987,127.274277,12,세종특별시
2026-06-17T00:00:37+09:00,GBIKE,130619,71.0,36.468997,127.274274,12,세종특별시
2026-06-17T00:00:37+09:00,GBIKE,130308,100.0,36.468999,127.274276,12,세종특별시
2026-06-17T00:00:37+09:00,GBIKE,130113,100.0,36.469008,127.274262,12,세종특별시
2026-06-17T00:00:37+09:00,GBIKE,130388,87.0,36.469008,127.27426,12,세종특별시
2026-06-17T00:00:37+09:00,GBIKE,501495,30.0,36.469028,127.273093,12,세종특별시
2026-06-17T00:00:37+09:00,GBIKE,130876,99.0,36.469124,127.275109,12,세종특별시
2026-06-17T00:00:37+09:00,GBIKE,501298,38.0,36.46921,127.280658,12,세종특별시
2026-06-17T00:00:37+09:00,GBIKE,131712,76.0,36.46926,127.276843,12,세종특별시
2026-06-17T00:00:37+09:00,GBIKE,131326,54.0,36.469306,127.274024,12,세종특별시
2026-06-17T00:00:37+09:00,GBIKE,501538,43.0,36.470032,127.277856,12,세종특별시
2026-06-17T00:00:37+09:00,GBIKE,131547,82.0,36.470037,127.287619,12,세종특별시
2026-06-17T00:00:37+09:00,GBIKE,130990,91.0,36.470038,127.277654,12,세종특별시
2026-06-17T00:00:37+09:00,GBIKE,130924,100.0,36.470056,127.277988,12,세종특별시
2026-06-17T00:00:37+09:00,GBIKE,131573,82.0,36.47043,127.281147,12,세종특별시
2026-06-17T00:00:37+09:00,GBIKE,131791,88.0,36.470503,127.277333,12,세종특별시
2026-06-17T00:00:37+09:00,GBIKE,130279,99.0,36.470521,127.277387,12,세종특별시
2026-06-17T00:00:37+09:00,GBIKE,131357,90.0,36.470952,127.273275,12,세종특별시
2026-06-17T00:00:37+09:00,GBIKE,130956,80.0,36.470979,127.273238,12,세종특별시
2026-06-17T00:00:37+09:00,GBIKE,130163,46.0,36.470988,127.27327,12,세종특별시
2026-06-17T00:00:37+09:00,GBIKE,130967,63.0,36.471008,127.273333,12,세종특별시
2026-06-17T00:00:37+09:00,GBIKE,130405,87.0,36.471036,127.274502,12,세종특별시
2026-06-17T00:00:37+09:00,GBIKE,131544,43.0,36.471081,127.252117,12,세종특별시
2026-06-17T00:00:37+09:00,GBIKE,501532,30.0,36.471136,127.252138,12,세종특별시
2026-06-17T00:00:37+09:00,GBIKE,131942,37.0,36.471394,127.285832,12,세종특별시
2026-06-17T00:00:37+09:00,GBIKE,131656,41.0,36.471605,127.279682,12,세종특별시
2026-06-17T00:00:37+09:00,GBIKE,130488,95.0,36.471905,127.253116,12,세종특별시
2026-06-17T00:00:37+09:00,GBIKE,130695,93.0,36.471956,127.253127,12,세종특별시
2026-06-17T00:00:37+09:00,GBIKE,131953,95.0,36.47196,127.253181,12,세종특별시
2026-06-17T00:00:37+09:00,GBIKE,130972,44.0,36.47202,127.279283,12,세종특별시
2026-06-17T00:00:37+09:00,GBIKE,131836,33.0,36.472153,127.252479,12,세종특별시
2026-06-17T00:00:37+09:00,GBIKE,130045,32.0,36.472161,127.28487,12,세종특별시
2026-06-17T00:00:37+09:00,GBIKE,131463,54.0,36.472163,127.252637,12,세종특별시
2026-06-17T00:00:37+09:00,GBIKE,501207,30.0,36.472307,127.285186,12,세종특별시
2026-06-17T00:00:37+09:00,GBIKE,130861,99.0,36.472321,127.278127,12,세종특별시
2026-06-17T00:00:37+09:00,GBIKE,131824,100.0,36.472362,127.275944,12,세종특별시
2026-06-17T00:00:37+09:00,GBIKE,501289,83.0,36.472424,127.256011,12,세종특별시
2026-06-17T00:00:37+09:00,GBIKE,501348,71.0,36.472722,127.2776,12,세종특별시
2026-06-17T00:00:37+09:00,GBIKE,130105,34.0,36.472876,127.277879,12,세종특별시
2026-06-17T00:00:37+09:00,GBIKE,131556,83.0,36.473005,127.253394,12,세종특별시
2026-06-17T00:00:37+09:00,GBIKE,501498,44.0,36.473066,127.253667,12,세종특별시
2026-06-17T00:00:37+09:00,GBIKE,130449,57.0,36.473154,127.275328,12,세종특별시
2026-06-17T00:00:37+09:00,GBIKE,501552,91.0,36.473243,127.277728,12,세종특별시
2026-06-17T00:00:37+09:00,GBIKE,130461,64.0,36.473372,127.250806,12,세종특별시
2026-06-17T00:00:37+09:00,GBIKE,501339,89.0,36.473449,127.278001,12,세종특별시
2026-06-17T00:00:37+09:00,GBIKE,131321,71.0,36.4735,127.249995,12,세종특별시
2026-06-17T00:00:37+09:00,GBIKE,130264,91.0,36.473561,127.250065,12,세종특별시
2026-06-17T00:00:37+09:00,GBIKE,130992,73.0,36.473575,127.249998,12,세종특별시
2026-06-17T00:00:37+09:00,GBIKE,131084,56.0,36.473612,127.27572,12,세종특별시
2026-06-17T00:00:37+09:00,GBIKE,130819,85.0,36.473617,127.284996,12,세종특별시
2026-06-17T00:00:37+09:00,GBIKE,130691,60.0,36.473729,127.288268,12,세종특별시
2026-06-17T00:00:37+09:00,GBIKE,130601,36.0,36.473841,127.250201,12,세종특별시
2026-06-17T00:00:37+09:00,GBIKE,131747,44.0,36.473927,127.298248,12,세종특별시
2026-06-17T00:00:37+09:00,GBIKE,501317,76.0,36.47408,127.254989,12,세종특별시
2026-06-17T00:00:37+09:00,GBIKE,501561,59.0,36.474094,127.277022,12,세종특별시
2026-06-17T00:00:37+09:00,GBIKE,131317,77.0,36.474142,127.273523,12,세종특별시
2026-06-17T00:00:37+09:00,GBIKE,130171,100.0,36.474171,127.279923,12,세종특별시
2026-06-17T00:00:37+09:00,GBIKE,130755,96.0,36.474226,127.282394,12,세종특별시
2026-06-17T00:00:37+09:00,GBIKE,501148,100.0,36.474257,127.275679,12,세종특별시
2026-06-17T00:00:37+09:00,GBIKE,131454,64.0,36.474391,127.255424,12,세종특별시
2026-06-17T00:00:37+09:00,GBIKE,501270,94.0,36.474413,127.284347,12,세종특별시
2026-06-17T00:00:37+09:00,GBIKE,130769,35.0,36.474512,127.254529,12,세종특별시
2026-06-17T00:00:37+09:00,GBIKE,131504,38.0,36.474575,127.255371,12,세종특별시
2026-06-17T00:00:37+09:00,GBIKE,131290,54.0,36.474622,127.280629,12,세종특별시
2026-06-17T00:00:37+09:00,GBIKE,130714,32.0,36.474667,127.254185,12,세종특별시
2026-06-17T00:00:37+09:00,GBIKE,501414,99.0,36.474678,127.275816,12,세종특별시
2026-06-17T00:00:37+09:00,GBIKE,130023,86.0,36.474685,127.254829,12,세종특별시
2026-06-17T00:00:37+09:00,GBIKE,131217,31.0,36.474686,127.275773,12,세종특별시
2026-06-17T00:00:37+09:00,GBIKE,501391,31.0,36.474711,127.254653,12,세종특별시
2026-06-17T00:00:37+09:00,GBIKE,130652,31.0,36.47473,127.2548,12,세종특별시
2026-06-17T00:00:37+09:00,GBIKE,130072,65.0,36.474809,127.285116,12,세종특별시
2026-06-17T00:00:37+09:00,GBIKE,130836,30.0,36.474821,127.254732,12,세종특별시
2026-06-17T00:00:37+09:00,GBIKE,131802,30.0,36.474826,127.255741,12,세종특별시
2026-06-17T00:00:37+09:00,GBIKE,131841,83.0,36.474832,127.255746,12,세종특별시
2026-06-17T00:00:37+09:00,GBIKE,130749,35.0,36.474864,127.255649,12,세종특별시
2026-06-17T00:00:37+09:00,GBIKE,501282,76.0,36.474995,127.281044,12,세종특별시
2026-06-17T00:00:37+09:00,GBIKE,131261,100.0,36.474998,127.287824,12,세종특별시
2026-06-17T00:00:37+09:00,GBIKE,130588,60.0,36.475008,127.25586,12,세종특별시
2026-06-17T00:00:37+09:00,GBIKE,131552,53.0,36.475023,127.290839,12,세종특별시
2026-06-17T00:00:37+09:00,GBIKE,131095,90.0,36.475097,127.255255,12,세종특별시
2026-06-17T00:00:37+09:00,GBIKE,501380,58.0,36.475105,127.253803,12,세종특별시
2026-06-17T00:00:37+09:00,GBIKE,131101,88.0,36.475171,127.284529,12,세종특별시
2026-06-17T00:00:37+09:00,GBIKE,130893,58.0,36.4752,127.276685,12,세종특별시
2026-06-17T00:00:37+09:00,GBIKE,501264,48.0,36.475246,127.255433,12,세종특별시
2026-06-17T00:00:37+09:00,GBIKE,130519,32.0,36.475284,127.253306,12,세종특별시
2026-06-17T00:00:37+09:00,GBIKE,130133,89.0,36.475294,127.252726,12,세종특별시
2026-06-17T00:00:37+09:00,GBIKE,130909,99.0,36.475332,127.28676,12,세종특별시
2026-06-17T00:00:37+09:00,GBIKE,130590,97.0,36.475334,127.252786,12,세종특별시
2026-06-17T00:00:37+09:00,GBIKE,131528,100.0,36.47539,127.281894,12,세종특별시
2026-06-17T00:00:37+09:00,GBIKE,131077,35.0,36.475457,127.252374,12,세종특별시
2026-06-17T00:00:37+09:00,GBIKE,131115,82.0,36.475478,127.293468,12,세종특별시
2026-06-17T00:00:37+09:00,GBIKE,131257,30.0,36.47553,127.251759,12,세종특별시
2026-06-17T00:00:37+09:00,GBIKE,131327,58.0,36.475625,127.252091,12,세종특별시
2026-06-17T00:00:37+09:00,GBIKE,131992,100.0,36.475645,127.25301,12,세종특별시
2026-06-17T00:00:37+09:00,GBIKE,131800,39.0,36.475654,127.277655,12,세종특별시
2026-06-17T00:00:37+09:00,GBIKE,130411,68.0,36.475666,127.251994,12,세종특별시
2026-06-17T00:00:37+09:00,GBIKE,130121,30.0,36.475696,127.253007,12,세종특별시
2026-06-17T00:00:37+09:00,GBIKE,131801,51.0,36.475706,127.253152,12,세종특별시
2026-06-17T00:00:37+09:00,GBIKE,131759,70.0,36.475871,127.248261,12,세종특별시
2026-06-17T00:00:37+09:00,GBIKE,501311,61.0,36.475908,127.278072,12,세종특별시
2026-06-17T00:00:37+09:00,GBIKE,131756,39.0,36.475916,127.284118,12,세종특별시
2026-06-17T00:00:37+09:00,GBIKE,130394,93.0,36.475927,127.254213,12,세종특별시
2026-06-17T00:00:37+09:00,GBIKE,501382,58.0,36.4761,127.253948,12,세종특별시
2026-06-17T00:00:37+09:00,GBIKE,501458,99.0,36.476107,127.283946,12,세종특별시
2026-06-17T00:00:37+09:00,GBIKE,130415,35.0,36.47628,127.251707,12,세종특별시
2026-06-17T00:00:37+09:00,GBIKE,131548,96.0,36.476286,127.271739,12,세종특별시
2026-06-17T00:00:37+09:00,GBIKE,130621,54.0,36.47632,127.248052,12,세종특별시
2026-06-17T00:00:37+09:00,GBIKE,501408,33.0,36.476342,127.253931,12,세종특별시
2026-06-17T00:00:37+09:00,GBIKE,501555,63.0,36.476348,127.253856,12,세종특별시
2026-06-17T00:00:37+09:00,GBIKE,501157,30.0,36.476376,127.254023,12,세종특별시
2026-06-17T00:00:37+09:00,GBIKE,130160,35.0,36.476384,127.253849,12,세종특별시
2026-06-17T00:00:37+09:00,GBIKE,131059,96.0,36.476398,127.247904,12,세종특별시
2026-06-17T00:00:37+09:00,GBIKE,131089,97.0,36.47642,127.259023,12,세종특별시
2026-06-17T00:00:37+09:00,GBIKE,130452,96.0,36.476434,127.253886,12,세종특별시
2026-06-17T00:00:37+09:00,GBIKE,130782,61.0,36.476434,127.258994,12,세종특별시
2026-06-17T00:00:37+09:00,GBIKE,131035,31.0,36.476438,127.253906,12,세종특별시
2026-06-17T00:00:37+09:00,GBIKE,130226,73.0,36.476444,127.252698,12,세종특별시
2026-06-17T00:00:37+09:00,GBIKE,131040,40.0,36.476478,127.253901,12,세종특별시
2026-06-17T00:00:37+09:00,GBIKE,130455,89.0,36.47651,127.251389,12,세종특별시
2026-06-17T00:00:37+09:00,GBIKE,130649,91.0,36.476517,127.283365,12,세종특별시
2026-06-17T00:00:37+09:00,GBIKE,130339,100.0,36.476554,127.247864,12,세종특별시
2026-06-17T00:00:37+09:00,GBIKE,130706,54.0,36.476556,127.28858,12,세종특별시
2026-06-17T00:00:37+09:00,GBIKE,130517,68.0,36.476578,127.247924,12,세종특별시
2026-06-17T00:00:37+09:00,GBIKE,130166,80.0,36.476591,127.247899,12,세종특별시
2026-06-17T00:00:37+09:00,GBIKE,501127,34.0,36.476661,127.284594,12,세종특별시
2026-06-17T00:00:37+09:00,GBIKE,131362,47.0,36.476702,127.296552,12,세종특별시
2026-06-17T00:00:37+09:00,GBIKE,131558,34.0,36.476705,127.296728,12,세종특별시
2026-06-17T00:00:37+09:00,GBIKE,131702,98.0,36.476712,127.25096,12,세종특별시
2026-06-17T00:00:37+09:00,GBIKE,501450,99.0,36.476769,127.289379,12,세종특별시
2026-06-17T00:00:37+09:00,GBIKE,130961,83.0,36.476844,127.24899,12,세종특별시
2026-06-17T00:00:37+09:00,GBIKE,130843,97.0,36.476845,127.250769,12,세종특별시
2026-06-17T00:00:37+09:00,GBIKE,131817,40.0,36.476883,127.250747,12,세종특별시
2026-06-17T00:00:37+09:00,GBIKE,501154,57.0,36.476952,127.257754,12,세종특별시
2026-06-17T00:00:37+09:00,GBIKE,130052,71.0,36.476959,127.282868,12,세종특별시
2026-06-17T00:00:37+09:00,GBIKE,131768,94.0,36.477006,127.283389,12,세종특별시
2026-06-17T00:00:37+09:00,GBIKE,501517,96.0,36.477012,127.287929,12,세종특별시
2026-06-17T00:00:37+09:00,GBIKE,130776,37.0,36.477029,127.283451,12,세종특별시
2026-06-17T00:00:37+09:00,GBIKE,131559,62.0,36.477084,127.248249,12,세종특별시
2026-06-17T00:00:37+09:00,GBIKE,131305,47.0,36.477146,127.249984,12,세종특별시
2026-06-17T00:00:37+09:00,GBIKE,130175,93.0,36.477164,127.288638,12,세종특별시
2026-06-17T00:00:37+09:00,GBIKE,131378,31.0,36.477251,127.259329,12,세종특별시
2026-06-17T00:00:37+09:00,GBIKE,501206,82.0,36.477326,127.287791,12,세종특별시
2026-06-17T00:00:37+09:00,GBIKE,501387,30.0,36.477338,127.250906,12,세종특별시
2026-06-17T00:00:37+09:00,GBIKE,131625,68.0,36.477357,127.290516,12,세종특별시
2026-06-17T00:00:37+09:00,GBIKE,130069,74.0,36.477398,127.283198,12,세종특별시
2026-06-17T00:00:37+09:00,GBIKE,130556,33.0,36.47741,127.250577,12,세종특별시
2026-06-17T00:00:37+09:00,GBIKE,501133,60.0,36.47743,127.259871,12,세종특별시
2026-06-17T00:00:37+09:00,GBIKE,130842,58.0,36.477437,127.283217,12,세종특별시
2026-06-17T00:00:37+09:00,GBIKE,130126,40.0,36.47746,127.250106,12,세종특별시
2026-06-17T00:00:37+09:00,GBIKE,130039,96.0,36.477475,127.250111,12,세종특별시
2026-06-17T00:00:37+09:00,GBIKE,131727,81.0,36.477489,127.248761,12,세종특별시
2026-06-17T00:00:37+09:00,GBIKE,131994,36.0,36.477507,127.254338,12,세종특별시
2026-06-17T00:00:37+09:00,GBIKE,131090,38.0,36.477508,127.254259,12,세종특별시
2026-06-17T00:00:37+09:00,GBIKE,130916,100.0,36.477512,127.283101,12,세종특별시
2026-06-17T00:00:37+09:00,GBIKE,131127,74.0,36.477532,127.254327,12,세종특별시
2026-06-17T00:00:37+09:00,GBIKE,501468,81.0,36.477539,127.286005,12,세종특별시
2026-06-17T00:00:37+09:00,GBIKE,131537,98.0,36.477565,127.28602,12,세종특별시
2026-06-17T00:00:37+09:00,GBIKE,131602,100.0,36.477589,127.298115,12,세종특별시
2026-06-17T00:00:37+09:00,GBIKE,131593,76.0,36.477592,127.285985,12,세종특별시
2026-06-17T00:00:37+09:00,GBIKE,131997,31.0,36.477608,127.253996,12,세종특별시
2026-06-17T00:00:37+09:00,GBIKE,501105,82.0,36.477622,127.249817,12,세종특별시
2026-06-17T00:00:37+09:00,GBIKE,130434,76.0,36.477628,127.282839,12,세종특별시
2026-06-17T00:00:37+09:00,GBIKE,130065,36.0,36.477675,127.255619,12,세종특별시
2026-06-17T00:00:37+09:00,GBIKE,501491,37.0,36.477675,127.285971,12,세종특별시
2026-06-17T00:00:37+09:00,GBIKE,501103,69.0,36.477722,127.25363,12,세종특별시
2026-06-17T00:00:37+09:00,GBIKE,130735,52.0,36.477733,127.249151,12,세종특별시
2026-06-17T00:00:37+09:00,GBIKE,130688,60.0,36.47774,127.249142,12,세종특별시
2026-06-17T00:00:37+09:00,GBIKE,131049,31.0,36.477757,127.255476,12,세종특별시
2026-06-17T00:00:37+09:00,GBIKE,130296,81.0,36.477776,127.282709,12,세종특별시
2026-06-17T00:00:37+09:00,GBIKE,131083,59.0,36.477787,127.260083,12,세종특별시
2026-06-17T00:00:37+09:00,GBIKE,130925,74.0,36.477801,127.282628,12,세종특별시
2026-06-17T00:00:37+09:00,GBIKE,501209,79.0,36.477812,127.253515,12,세종특별시
2026-06-17T00:00:37+09:00,GBIKE,131276,85.0,36.477849,127.283186,12,세종특별시
2026-06-17T00:00:37+09:00,GBIKE,131023,53.0,36.477852,127.25999,12,세종특별시
2026-06-17T00:00:37+09:00,GBIKE,131728,100.0,36.477893,127.283151,12,세종특별시
2026-06-17T00:00:37+09:00,GBIKE,130026,88.0,36.477967,127.283137,12,세종특별시
2026-06-17T00:00:37+09:00,GBIKE,130970,98.0,36.477994,127.252072,12,세종특별시
2026-06-17T00:00:37+09:00,GBIKE,130173,83.0,36.477995,127.299338,12,세종특별시
2026-06-17T00:00:37+09:00,GBIKE,131395,32.0,36.478001,127.299306,12,세종특별시
2026-06-17T00:00:37+09:00,GBIKE,131521,93.0,36.478027,127.29937,12,세종특별시
2026-06-17T00:00:37+09:00,GBIKE,501600,100.0,36.478047,127.299277,12,세종특별시
2026-06-17T00:00:37+09:00,GBIKE,501542,46.0,36.47817,127.288233,12,세종특별시
2026-06-17T00:00:37+09:00,GBIKE,501509,63.0,36.478207,127.288302,12,세종특별시
2026-06-17T00:00:37+09:00,GBIKE,130281,100.0,36.478219,127.288337,12,세종특별시
2026-06-17T00:00:37+09:00,GBIKE,130043,38.0,36.478221,127.288237,12,세종특별시
2026-06-17T00:00:37+09:00,GBIKE,130952,47.0,36.478223,127.299957,12,세종특별시
2026-06-17T00:00:37+09:00,GBIKE,130529,76.0,36.478253,127.287447,12,세종특별시
2026-06-17T00:00:37+09:00,GBIKE,501324,85.0,36.478262,127.258213,12,세종특별시
2026-06-17T00:00:37+09:00,GBIKE,131204,87.0,36.478373,127.28773,12,세종특별시
2026-06-17T00:00:37+09:00,GBIKE,501159,100.0,36.47839,127.288088,12,세종특별시
2026-06-17T00:00:37+09:00,GBIKE,131022,100.0,36.478428,127.300561,12,세종특별시
2026-06-17T00:00:37+09:00,GBIKE,131275,30.0,36.478434,127.255517,12,세종특별시
2026-06-17T00:00:37+09:00,GBIKE,131280,84.0,36.478439,127.300554,12,세종특별시
2026-06-17T00:00:37+09:00,GBIKE,130153,35.0,36.478466,127.261429,12,세종특별시
2026-06-17T00:00:37+09:00,GBIKE,130686,32.0,36.478466,127.293575,12,세종특별시
2026-06-17T00:00:37+09:00,GBIKE,501357,93.0,36.478521,127.289409,12,세종특별시
2026-06-17T00:00:37+09:00,GBIKE,130228,46.0,36.478526,127.293768,12,세종특별시
2026-06-17T00:00:37+09:00,GBIKE,501269,84.0,36.478528,127.293706,12,세종특별시
2026-06-17T00:00:37+09:00,GBIKE,131746,57.0,36.478537,127.288072,12,세종특별시
2026-06-17T00:00:37+09:00,GBIKE,130438,80.0,36.478539,127.254393,12,세종특별시
2026-06-17T00:00:37+09:00,GBIKE,130977,83.0,36.478545,127.255441,12,세종특별시
2026-06-17T00:00:37+09:00,GBIKE,501409,73.0,36.47855,127.29376,12,세종특별시
2026-06-17T00:00:37+09:00,GBIKE,131086,96.0,36.478572,127.29039,12,세종특별시
2026-06-17T00:00:37+09:00,GBIKE,130127,100.0,36.478604,127.28944,12,세종특별시
2026-06-17T00:00:37+09:00,GBIKE,130680,75.0,36.478612,127.28833,12,세종특별시
2026-06-17T00:00:37+09:00,GBIKE,131157,76.0,36.478646,127.288339,12,세종특별시
2026-06-17T00:00:37+09:00,GBIKE,131713,59.0,36.47867,127.255614,12,세종특별시
2026-06-17T00:00:37+09:00,GBIKE,131681,100.0,36.478676,127.289276,12,세종특별시
2026-06-17T00:00:37+09:00,GBIKE,130143,31.0,36.478685,127.255591,12,세종특별시
2026-06-17T00:00:37+09:00,GBIKE,131898,66.0,36.478714,127.288656,12,세종특별시
2026-06-17T00:00:37+09:00,GBIKE,501598,100.0,36.478714,127.28932,12,세종특별시
2026-06-17T00:00:37+09:00,GBIKE,131414,100.0,36.478717,127.289274,12,세종특별시
2026-06-17T00:00:37+09:00,GBIKE,131453,65.0,36.478721,127.255657,12,세종특별시
2026-06-17T00:00:37+09:00,GBIKE,130920,58.0,36.478738,127.288673,12,세종특별시
2026-06-17T00:00:37+09:00,GBIKE,130402,55.0,36.478756,127.288622,12,세종특별시
2026-06-17T00:00:37+09:00,GBIKE,501161,80.0,36.478778,127.25101,12,세종특별시
2026-06-17T00:00:37+09:00,GBIKE,501112,51.0,36.478802,127.299344,12,세종특별시
2026-06-17T00:00:37+09:00,GBIKE,130374,57.0,36.478814,127.255646,12,세종특별시
2026-06-17T00:00:37+09:00,GBIKE,130697,77.0,36.478891,127.290236,12,세종특별시
2026-06-17T00:00:37+09:00,GBIKE,130272,43.0,36.478894,127.301173,12,세종특별시
2026-06-17T00:00:37+09:00,GBIKE,501319,85.0,36.478916,127.284553,12,세종특별시
2026-06-17T00:00:37+09:00,GBIKE,130670,100.0,36.478923,127.28454,12,세종특별시
2026-06-17T00:00:37+09:00,GBIKE,131956,30.0,36.47895,127.290343,12,세종특별시
2026-06-17T00:00:37+09:00,GBIKE,130957,31.0,36.479199,127.254698,12,세종특별시
2026-06-17T00:00:37+09:00,GBIKE,130271,88.0,36.479214,127.254848,12,세종특별시
2026-06-17T00:00:37+09:00,GBIKE,131961,98.0,36.479214,127.25507,12,세종특별시
2026-06-17T00:00:37+09:00,GBIKE,131870,47.0,36.47925,127.251627,12,세종특별시
2026-06-17T00:00:37+09:00,GBIKE,131303,34.0,36.479254,127.251635,12,세종특별시
2026-06-17T00:00:37+09:00,GBIKE,130441,34.0,36.479286,127.254696,12,세종특별시
2026-06-17T00:00:37+09:00,GBIKE,130481,85.0,36.479305,127.262754,12,세종특별시
2026-06-17T00:00:37+09:00,GBIKE,501236,95.0,36.479308,127.25004,12,세종특별시
2026-06-17T00:00:37+09:00,GBIKE,501504,70.0,36.479316,127.25255,12,세종특별시
2026-06-17T00:00:37+09:00,GBIKE,130259,100.0,36.479342,127.25254,12,세종특별시
2026-06-17T00:00:37+09:00,GBIKE,501513,100.0,36.479353,127.28556,12,세종특별시
2026-06-17T00:00:37+09:00,GBIKE,501506,94.0,36.479384,127.250225,12,세종특별시
2026-06-17T00:00:37+09:00,GBIKE,130548,94.0,36.479393,127.254858,12,세종특별시
2026-06-17T00:00:37+09:00,GBIKE,131612,30.0,36.4794,127.255082,12,세종특별시
2026-06-17T00:00:37+09:00,GBIKE,131373,30.0,36.479404,127.255104,12,세종특별시
2026-06-17T00:00:37+09:00,GBIKE,130886,64.0,36.47943,127.25506,12,세종특별시
2026-06-17T00:00:37+09:00,GBIKE,501407,60.0,36.479443,127.290167,12,세종특별시
2026-06-17T00:00:37+09:00,GBIKE,130702,34.0,36.479448,127.247107,12,세종특별시
2026-06-17T00:00:37+09:00,GBIKE,130617,100.0,36.479482,127.290375,12,세종특별시
2026-06-17T00:00:37+09:00,GBIKE,501312,64.0,36.479493,127.260799,12,세종특별시
2026-06-17T00:00:37+09:00,GBIKE,131820,31.0,36.479495,127.254717,12,세종특별시
2026-06-17T00:00:37+09:00,GBIKE,131742,51.0,36.479499,127.255135,12,세종특별시
2026-06-17T00:00:37+09:00,GBIKE,130720,46.0,36.479519,127.285897,12,세종특별시
2026-06-17T00:00:37+09:00,GBIKE,501303,56.0,36.479551,127.286585,12,세종특별시
2026-06-17T00:00:37+09:00,GBIKE,131149,33.0,36.479555,127.254704,12,세종특별시
2026-06-17T00:00:37+09:00,GBIKE,131207,57.0,36.479557,127.25512,12,세종특별시
2026-06-17T00:00:37+09:00,GBIKE,130287,73.0,36.479564,127.254791,12,세종특별시
2026-06-17T00:00:37+09:00,GBIKE,130122,100.0,36.479565,127.254875,12,세종특별시
2026-06-17T00:00:37+09:00,GBIKE,130472,31.0,36.479584,127.263221,12,세종특별시
2026-06-17T00:00:37+09:00,GBIKE,501172,38.0,36.479584,127.2642,12,세종특별시
2026-06-17T00:00:37+09:00,GBIKE,130451,69.0,36.479597,127.286587,12,세종특별시
2026-06-17T00:00:37+09:00,GBIKE,501135,97.0,36.479608,127.286584,12,세종특별시
2026-06-17T00:00:37+09:00,GBIKE,131726,30.0,36.479611,127.255094,12,세종특별시
2026-06-17T00:00:37+09:00,GBIKE,130643,31.0,36.479649,127.261235,12,세종특별시
2026-06-17T00:00:37+09:00,GBIKE,130482,79.0,36.479695,127.25462,12,세종특별시
2026-06-17T00:00:37+09:00,GBIKE,501307,31.0,36.479696,127.264541,12,세종특별시
2026-06-17T00:00:37+09:00,GBIKE,130567,48.0,36.479708,127.254528,12,세종특별시
2026-06-17T00:00:37+09:00,GBIKE,501410,72.0,36.479719,127.288618,12,세종특별시
2026-06-17T00:00:37+09:00,GBIKE,501469,82.0,36.47973,127.288604,12,세종특별시
2026-06-17T00:00:37+09:00,GBIKE,131496,68.0,36.479736,127.254881,12,세종특별시
2026-06-17T00:00:37+09:00,GBIKE,131937,40.0,36.479739,127.286478,12,세종특별시
2026-06-17T00:00:37+09:00,GBIKE,130396,34.0,36.479877,127.254522,12,세종특별시
2026-06-17T00:00:37+09:00,GBIKE,131398,100.0,36.479883,127.252385,12,세종특별시
2026-06-17T00:00:37+09:00,GBIKE,131598,45.0,36.47992,127.254573,12,세종특별시
2026-06-17T00:00:37+09:00,GBIKE,501482,65.0,36.479957,127.286978,12,세종특별시
2026-06-17T00:00:37+09:00,GBIKE,131616,95.0,36.480007,127.250128,12,세종특별시
2026-06-17T00:00:37+09:00,GBIKE,130853,62.0,36.480007,127.286636,12,세종특별시
2026-06-17T00:00:37+09:00,GBIKE,130352,69.0,36.480066,127.286624,12,세종특별시
2026-06-17T00:00:37+09:00,GBIKE,131899,74.0,36.480081,127.246683,12,세종특별시
2026-06-17T00:00:37+09:00,GBIKE,130399,54.0,36.480095,127.286705,12,세종특별시
2026-06-17T00:00:37+09:00,GBIKE,130541,39.0,36.480096,127.286744,12,세종특별시
2026-06-17T00:00:37+09:00,GBIKE,131634,34.0,36.480101,127.252348,12,세종특별시
2026-06-17T00:00:37+09:00,GBIKE,130637,94.0,36.480106,127.286646,12,세종특별시
2026-06-17T00:00:37+09:00,GBIKE,131583,69.0,36.480113,127.286759,12,세종특별시
2026-06-17T00:00:37+09:00,GBIKE,131056,95.0,36.480114,127.248326,12,세종특별시
2026-06-17T00:00:37+09:00,GBIKE,130211,93.0,36.480117,127.248297,12,세종특별시
2026-06-17T00:00:37+09:00,GBIKE,131765,99.0,36.480122,127.286791,12,세종특별시
2026-06-17T00:00:37+09:00,GBIKE,130507,89.0,36.480125,127.286691,12,세종특별시
2026-06-17T00:00:37+09:00,GBIKE,501285,55.0,36.480128,127.264298,12,세종특별시
2026-06-17T00:00:37+09:00,GBIKE,131264,51.0,36.480155,127.248325,12,세종특별시
2026-06-17T00:00:37+09:00,GBIKE,131869,81.0,36.480185,127.253166,12,세종특별시
2026-06-17T00:00:37+09:00,GBIKE,131954,100.0,36.480227,127.251719,12,세종특별시
2026-06-17T00:00:37+09:00,GBIKE,130762,66.0,36.480245,127.246412,12,세종특별시
2026-06-17T00:00:37+09:00,GBIKE,131889,46.0,36.480259,127.286654,12,세종특별시
2026-06-17T00:00:37+09:00,GBIKE,501132,41.0,36.480266,127.304053,12,세종특별시
2026-06-17T00:00:37+09:00,GBIKE,131983,55.0,36.4803,127.258479,12,세종특별시
2026-06-17T00:00:37+09:00,GBIKE,131043,55.0,36.480312,127.246391,12,세종특별시
2026-06-17T00:00:37+09:00,GBIKE,131282,89.0,36.480348,127.254872,12,세종특별시
2026-06-17T00:00:37+09:00,GBIKE,131707,34.0,36.480389,127.262081,12,세종특별시
2026-06-17T00:00:37+09:00,GBIKE,130584,35.0,36.480661,127.299595,12,세종특별시
2026-06-17T00:00:37+09:00,GBIKE,501252,47.0,36.480725,127.246777,12,세종특별시
2026-06-17T00:00:37+09:00,GBIKE,501177,94.0,36.480771,127.29889,12,세종특별시
2026-06-17T00:00:37+09:00,GBIKE,130116,31.0,36.480788,127.261635,12,세종특별시
2026-06-17T00:00:37+09:00,GBIKE,501108,30.0,36.480798,127.261874,12,세종특별시
2026-06-17T00:00:37+09:00,GBIKE,131924,39.0,36.480808,127.289061,12,세종특별시
2026-06-17T00:00:37+09:00,GBIKE,131514,58.0,36.480809,127.28908,12,세종특별시
2026-06-17T00:00:37+09:00,GBIKE,130616,93.0,36.480874,127.259079,12,세종특별시
2026-06-17T00:00:37+09:00,GBIKE,131515,30.0,36.480892,127.259063,12,세종특별시
2026-06-17T00:00:37+09:00,GBIKE,131749,68.0,36.480893,127.258963,12,세종특별시
2026-06-17T00:00:37+09:00,GBIKE,131795,30.0,36.480897,127.261741,12,세종특별시
2026-06-17T00:00:37+09:00,GBIKE,131283,32.0,36.480902,127.261698,12,세종특별시
2026-06-17T00:00:37+09:00,GBIKE,131703,30.0,36.480924,127.261706,12,세종특별시
2026-06-17T00:00:37+09:00,GBIKE,130789,90.0,36.480946,127.259072,12,세종특별시
2026-06-17T00:00:37+09:00,GBIKE,131526,94.0,36.480966,127.300291,12,세종특별시
2026-06-17T00:00:37+09:00,GBIKE,131682,34.0,36.480969,127.259135,12,세종특별시
2026-06-17T00:00:37+09:00,GBIKE,130350,86.0,36.481008,127.290725,12,세종특별시
2026-06-17T00:00:37+09:00,GBIKE,131345,69.0,36.481022,127.262049,12,세종특별시
2026-06-17T00:00:37+09:00,GBIKE,501430,50.0,36.481095,127.261583,12,세종특별시
2026-06-17T00:00:37+09:00,GBIKE,130516,84.0,36.481139,127.263106,12,세종특별시
2026-06-17T00:00:37+09:00,GBIKE,130729,44.0,36.48115,127.253388,12,세종특별시
2026-06-17T00:00:37+09:00,GBIKE,501591,47.0,36.481152,127.301281,12,세종특별시
2026-06-17T00:00:37+09:00,GBIKE,130305,67.0,36.481158,127.261971,12,세종특별시
2026-06-17T00:00:37+09:00,GBIKE,130902,88.0,36.481165,127.252393,12,세종특별시
2026-06-17T00:00:37+09:00,GBIKE,130202,76.0,36.481184,127.290563,12,세종특별시
2026-06-17T00:00:37+09:00,GBIKE,131522,31.0,36.481222,127.261499,12,세종특별시
2026-06-17T00:00:37+09:00,GBIKE,131470,54.0,36.481234,127.290525,12,세종특별시
2026-06-17T00:00:37+09:00,GBIKE,501344,64.0,36.481236,127.260306,12,세종특별시
2026-06-17T00:00:37+09:00,GBIKE,131384,55.0,36.481257,127.290092,12,세종특별시
2026-06-17T00:00:37+09:00,GBIKE,131799,70.0,36.481288,127.307475,12,세종특별시
2026-06-17T00:00:37+09:00,GBIKE,130360,96.0,36.481293,127.290205,12,세종특별시
2026-06-17T00:00:37+09:00,GBIKE,130328,89.0,36.481309,127.302145,12,세종특별시
2026-06-17T00:00:37+09:00,GBIKE,130137,95.0,36.481326,127.290683,12,세종특별시
2026-06-17T00:00:37+09:00,GBIKE,131513,43.0,36.48137,127.308364,12,세종특별시
2026-06-17T00:00:37+09:00,GBIKE,501499,93.0,36.481383,127.307826,12,세종특별시
2026-06-17T00:00:37+09:00,GBIKE,501323,44.0,36.4814,127.30782,12,세종특별시
2026-06-17T00:00:37+09:00,GBIKE,501131,48.0,36.481423,127.24633,12,세종특별시
2026-06-17T00:00:37+09:00,GBIKE,131653,69.0,36.481425,127.246348,12,세종특별시
2026-06-17T00:00:37+09:00,GBIKE,131037,35.0,36.481432,127.261797,12,세종특별시
2026-06-17T00:00:37+09:00,GBIKE,332827,30.0,36.481435,127.24633,12,세종특별시
2026-06-17T00:00:37+09:00,GBIKE,130094,55.0,36.481464,127.304097,12,세종특별시
2026-06-17T00:00:37+09:00,GBIKE,130161,38.0,36.481479,127.252007,12,세종특별시
2026-06-17T00:00:37+09:00,GBIKE,130117,46.0,36.48148,127.290247,12,세종특별시
2026-06-17T00:00:37+09:00,GBIKE,130248,92.0,36.481481,127.261772,12,세종특별시
2026-06-17T00:00:37+09:00,GBIKE,130583,31.0,36.481499,127.26384,12,세종특별시
2026-06-17T00:00:37+09:00,GBIKE,131643,75.0,36.481534,127.290688,12,세종특별시
2026-06-17T00:00:37+09:00,GBIKE,131424,78.0,36.481551,127.246339,12,세종특별시
2026-06-17T00:00:37+09:00,GBIKE,130873,87.0,36.481566,127.290541,12,세종특별시
2026-06-17T00:00:37+09:00,GBIKE,501129,30.0,36.481576,127.260242,12,세종특별시
2026-06-17T00:00:37+09:00,GBIKE,131695,76.0,36.481659,127.293573,12,세종특별시
2026-06-17T00:00:37+09:00,GBIKE,130381,30.0,36.481765,127.253322,12,세종특별시
2026-06-17T00:00:37+09:00,GBIKE,131150,32.0,36.481815,127.248029,12,세종특별시
2026-06-17T00:00:37+09:00,GBIKE,131033,33.0,36.481991,127.259754,12,세종특별시
2026-06-17T00:00:37+09:00,GBIKE,501547,71.0,36.481998,127.291914,12,세종특별시
2026-06-17T00:00:37+09:00,GBIKE,131025,74.0,36.481999,127.308535,12,세종특별시
2026-06-17T00:00:37+09:00,GBIKE,131211,84.0,36.482064,127.25307,12,세종특별시
2026-06-17T00:00:37+09:00,GBIKE,131428,32.0,36.482153,127.307846,12,세종특별시
2026-06-17T00:00:37+09:00,GBIKE,130354,32.0,36.48223,127.249695,12,세종특별시
2026-06-17T00:00:37+09:00,GBIKE,501412,63.0,36.482286,127.261272,12,세종특별시
2026-06-17T00:00:37+09:00,GBIKE,131587,45.0,36.482309,127.248603,12,세종특별시
2026-06-17T00:00:37+09:00,GBIKE,130860,38.0,36.482339,127.307059,12,세종특별시
2026-06-17T00:00:37+09:00,GBIKE,501195,60.0,36.482385,127.246382,12,세종특별시
2026-06-17T00:00:37+09:00,GBIKE,130503,100.0,36.48239,127.262781,12,세종특별시
2026-06-17T00:00:37+09:00,GBIKE,131168,91.0,36.482426,127.307013,12,세종특별시
2026-06-17T00:00:37+09:00,GBIKE,131717,31.0,36.482459,127.249824,12,세종특별시
2026-06-17T00:00:37+09:00,GBIKE,130500,33.0,36.482471,127.261047,12,세종특별시
2026-06-17T00:00:37+09:00,GBIKE,130982,37.0,36.482475,127.300831,12,세종특별시
2026-06-17T00:00:37+09:00,GBIKE,130781,63.0,36.482534,127.247591,12,세종특별시
2026-06-17T00:00:37+09:00,GBIKE,131594,43.0,36.482554,127.247608,12,세종특별시
2026-06-17T00:00:37+09:00,GBIKE,130591,44.0,36.482602,127.267196,12,세종특별시
2026-06-17T00:00:37+09:00,GBIKE,131462,68.0,36.482629,127.293185,12,세종특별시
2026-06-17T00:00:37+09:00,GBIKE,501139,68.0,36.482629,127.31126,12,세종특별시
2026-06-17T00:00:37+09:00,GBIKE,130566,100.0,36.482633,127.249901,12,세종특별시
2026-06-17T00:00:37+09:00,GBIKE,131880,31.0,36.482641,127.24983,12,세종특별시
2026-06-17T00:00:37+09:00,GBIKE,130783,45.0,36.482655,127.261177,12,세종특별시
2026-06-17T00:00:37+09:00,GBIKE,130194,42.0,36.482659,127.246357,12,세종특별시
2026-06-17T00:00:37+09:00,GBIKE,130736,51.0,36.482666,127.261155,12,세종특별시
2026-06-17T00:00:37+09:00,GBIKE,131349,90.0,36.482705,127.303497,12,세종특별시
2026-06-17T00:00:37+09:00,GBIKE,501355,65.0,36.482732,127.263567,12,세종특별시
2026-06-17T00:00:37+09:00,GBIKE,131710,66.0,36.482746,127.258044,12,세종특별시
2026-06-17T00:00:37+09:00,GBIKE,130234,34.0,36.482748,127.252556,12,세종특별시
2026-06-17T00:00:37+09:00,GBIKE,130068,73.0,36.482784,127.297717,12,세종특별시
2026-06-17T00:00:37+09:00,GBIKE,501189,30.0,36.482821,127.259804,12,세종특별시
2026-06-17T00:00:37+09:00,GBIKE,131284,31.0,36.482821,127.259508,12,세종특별시
2026-06-17T00:00:37+09:00,GBIKE,131917,91.0,36.482824,127.293452,12,세종특별시
2026-06-17T00:00:37+09:00,GBIKE,501411,31.0,36.482854,127.263905,12,세종특별시
2026-06-17T00:00:37+09:00,GBIKE,131566,79.0,36.482867,127.260279,12,세종특별시
2026-06-17T00:00:37+09:00,GBIKE,131660,31.0,36.482891,127.260499,12,세종특별시
2026-06-17T00:00:37+09:00,GBIKE,130103,84.0,36.482945,127.246083,12,세종특별시
2026-06-17T00:00:37+09:00,GBIKE,130669,47.0,36.482946,127.248361,12,세종특별시
2026-06-17T00:00:37+09:00,GBIKE,131255,34.0,36.48295,127.303514,12,세종특별시
2026-06-17T00:00:37+09:00,GBIKE,130365,32.0,36.482999,127.264113,12,세종특별시
2026-06-17T00:00:37+09:00,GBIKE,501365,58.0,36.483021,127.263694,12,세종특별시
2026-06-17T00:00:37+09:00,GBIKE,131517,41.0,36.483036,127.248331,12,세종특별시
2026-06-17T00:00:37+09:00,GBIKE,131092,91.0,36.483047,127.260652,12,세종특별시
2026-06-17T00:00:37+09:00,GBIKE,131206,33.0,36.483082,127.260612,12,세종특별시
2026-06-17T00:00:37+09:00,GBIKE,130050,100.0,36.483094,127.247929,12,세종특별시
2026-06-17T00:00:37+09:00,GBIKE,501556,100.0,36.483186,127.293358,12,세종특별시
2026-06-17T00:00:37+09:00,GBIKE,131392,100.0,36.483209,127.26419,12,세종특별시
2026-06-17T00:00:37+09:00,GBIKE,131984,98.0,36.483396,127.250789,12,세종특별시
2026-06-17T00:00:37+09:00,GBIKE,501151,69.0,36.483416,127.262629,12,세종특별시
2026-06-17T00:00:37+09:00,GBIKE,130204,54.0,36.483524,127.250701,12,세종특별시
2026-06-17T00:00:37+09:00,GBIKE,130315,100.0,36.483537,127.297659,12,세종특별시
2026-06-17T00:00:37+09:00,GBIKE,130178,74.0,36.483539,127.252555,12,세종특별시
2026-06-17T00:00:37+09:00,GBIKE,131263,30.0,36.483539,127.26285,12,세종특별시
2026-06-17T00:00:37+09:00,GBIKE,131244,53.0,36.483579,127.3058,12,세종특별시
2026-06-17T00:00:37+09:00,GBIKE,131741,43.0,36.483588,127.249517,12,세종특별시
2026-06-17T00:00:37+09:00,GBIKE,130864,30.0,36.483607,127.263258,12,세종특별시
2026-06-17T00:00:37+09:00,GBIKE,131153,100.0,36.483628,127.262597,12,세종특별시
2026-06-17T00:00:37+09:00,GBIKE,130943,31.0,36.483628,127.253017,12,세종특별시
2026-06-17T00:00:37+09:00,GBIKE,131005,64.0,36.483671,127.26272,12,세종특별시
2026-06-17T00:00:37+09:00,GBIKE,131026,41.0,36.483765,127.264058,12,세종특별시
2026-06-17T00:00:37+09:00,GBIKE,501187,60.0,36.483787,127.306227,12,세종특별시
2026-06-17T00:00:37+09:00,GBIKE,501275,67.0,36.483789,127.306247,12,세종특별시
2026-06-17T00:00:37+09:00,GBIKE,130335,35.0,36.483819,127.263091,12,세종특별시
2026-06-17T00:00:37+09:00,GBIKE,130389,35.0,36.483826,127.294021,12,세종특별시
2026-06-17T00:00:37+09:00,GBIKE,130310,99.0,36.48383,127.294318,12,세종특별시
2026-06-17T00:00:37+09:00,GBIKE,131657,100.0,36.483846,127.294,12,세종특별시
2026-06-17T00:00:37+09:00,GBIKE,130545,53.0,36.483856,127.294033,12,세종특별시
2026-06-17T00:00:37+09:00,GBIKE,501425,99.0,36.483856,127.298874,12,세종특별시
2026-06-17T00:00:37+09:00,GBIKE,131652,80.0,36.48388,127.294032,12,세종특별시
2026-06-17T00:00:37+09:00,GBIKE,130660,98.0,36.483891,127.259322,12,세종특별시
2026-06-17T00:00:37+09:00,GBIKE,131946,34.0,36.483891,127.25666,12,세종특별시
2026-06-17T00:00:37+09:00,GBIKE,130141,41.0,36.483902,127.298703,12,세종특별시
2026-06-17T00:00:37+09:00,GBIKE,131805,96.0,36.483917,127.294068,12,세종특별시
2026-06-17T00:00:37+09:00,GBIKE,130928,33.0,36.483919,127.25178,12,세종특별시
2026-06-17T00:00:37+09:00,GBIKE,131715,35.0,36.483924,127.247291,12,세종특별시
2026-06-17T00:00:37+09:00,GBIKE,130555,32.0,36.483924,127.251987,12,세종특별시
2026-06-17T00:00:37+09:00,GBIKE,130282,47.0,36.483925,127.246137,12,세종특별시
2026-06-17T00:00:37+09:00,GBIKE,501109,46.0,36.483987,127.249034,12,세종특별시
2026-06-17T00:00:37+09:00,GBIKE,130824,84.0,36.484001,127.246149,12,세종특별시
2026-06-17T00:00:37+09:00,GBIKE,130473,40.0,36.484017,127.252677,12,세종특별시
2026-06-17T00:00:37+09:00,GBIKE,131258,94.0,36.484022,127.246039,12,세종특별시
2026-06-17T00:00:37+09:00,GBIKE,130487,60.0,36.484023,127.251109,12,세종특별시
2026-06-17T00:00:37+09:00,GBIKE,130675,31.0,36.484025,127.25902,12,세종특별시
2026-06-17T00:00:37+09:00,GBIKE,130863,31.0,36.484071,127.294567,12,세종특별시
2026-06-17T00:00:37+09:00,GBIKE,131436,83.0,36.484086,127.264087,12,세종특별시
2026-06-17T00:00:37+09:00,GBIKE,131448,33.0,36.484151,127.249017,12,세종특별시
2026-06-17T00:00:37+09:00,GBIKE,130205,54.0,36.48416,127.249027,12,세종특별시
2026-06-17T00:00:37+09:00,GBIKE,130676,68.0,36.484244,127.249237,12,세종특별시
2026-06-17T00:00:37+09:00,GBIKE,130090,31.0,36.484296,127.25005,12,세종특별시
2026-06-17T00:00:37+09:00,GBIKE,130459,30.0,36.484357,127.251004,12,세종특별시
2026-06-17T00:00:37+09:00,GBIKE,501374,100.0,36.484391,127.260735,12,세종특별시
2026-06-17T00:00:37+09:00,GBIKE,131200,78.0,36.48441,127.250144,12,세종특별시
2026-06-17T00:00:37+09:00,GBIKE,131647,63.0,36.484442,127.249375,12,세종특별시
2026-06-17T00:00:37+09:00,GBIKE,130904,86.0,36.484501,127.249013,12,세종특별시
2026-06-17T00:00:37+09:00,GBIKE,131842,31.0,36.484546,127.255633,12,세종특별시
2026-06-17T00:00:37+09:00,GBIKE,130945,35.0,36.484551,127.252891,12,세종특별시
2026-06-17T00:00:37+09:00,GBIKE,130661,96.0,36.484554,127.295278,12,세종특별시
2026-06-17T00:00:37+09:00,GBIKE,131927,87.0,36.484571,127.246083,12,세종특별시
2026-06-17T00:00:37+09:00,GBIKE,131635,33.0,36.484593,127.258473,12,세종특별시
2026-06-17T00:00:37+09:00,GBIKE,131331,97.0,36.484598,127.248841,12,세종특별시
2026-06-17T00:00:37+09:00,GBIKE,501484,67.0,36.484651,127.319338,12,세종특별시
2026-06-17T00:00:37+09:00,GBIKE,131347,56.0,36.484662,127.249131,12,세종특별시
2026-06-17T00:00:37+09:00,GBIKE,131438,84.0,36.484669,127.245938,12,세종특별시
2026-06-17T00:00:37+09:00,GBIKE,130923,30.0,36.484684,127.248745,12,세종특별시
2026-06-17T00:00:37+09:00,GBIKE,130682,89.0,36.4847,127.246188,12,세종특별시
2026-06-17T00:00:37+09:00,GBIKE,130540,32.0,36.484701,127.248795,12,세종특별시
2026-06-17T00:00:37+09:00,GBIKE,131782,34.0,36.484704,127.258971,12,세종특별시
2026-06-17T00:00:37+09:00,GBIKE,501150,34.0,36.484731,127.301834,12,세종특별시
2026-06-17T00:00:37+09:00,GBIKE,131915,33.0,36.484743,127.259406,12,세종특별시
2026-06-17T00:00:37+09:00,GBIKE,131858,33.0,36.484758,127.249223,12,세종특별시
2026-06-17T00:00:37+09:00,GBIKE,130737,31.0,36.484759,127.260785,12,세종특별시
2026-06-17T00:00:37+09:00,GBIKE,130627,71.0,36.48476,127.254433,12,세종특별시
2026-06-17T00:00:37+09:00,GBIKE,130038,58.0,36.484783,127.252278,12,세종특별시
2026-06-17T00:00:37+09:00,GBIKE,131952,100.0,36.484792,127.252246,12,세종특별시
2026-06-17T00:00:37+09:00,GBIKE,131160,32.0,36.484862,127.249173,12,세종특별시
2026-06-17T00:00:37+09:00,GBIKE,131172,45.0,36.484927,127.26634,12,세종특별시
2026-06-17T00:00:37+09:00,GBIKE,501390,100.0,36.484977,127.303281,12,세종특별시
2026-06-17T00:00:37+09:00,GBIKE,131985,46.0,36.485007,127.258729,12,세종특별시
2026-06-17T00:00:37+09:00,GBIKE,131333,100.0,36.485013,127.266767,12,세종특별시
2026-06-17T00:00:37+09:00,GBIKE,131450,32.0,36.485019,127.251032,12,세종특별시
2026-06-17T00:00:37+09:00,GBIKE,501566,32.0,36.485019,127.301814,12,세종특별시
2026-06-17T00:00:37+09:00,GBIKE,130910,73.0,36.485048,127.262022,12,세종특별시
2026-06-17T00:00:37+09:00,GBIKE,131415,56.0,36.485054,127.300529,12,세종특별시
2026-06-17T00:00:37+09:00,GBIKE,130356,81.0,36.485132,127.250631,12,세종특별시
2026-06-17T00:00:37+09:00,GBIKE,131231,49.0,36.485139,127.300159,12,세종특별시
2026-06-17T00:00:37+09:00,GBIKE,501176,80.0,36.485177,127.25053,12,세종특별시
2026-06-17T00:00:37+09:00,GBIKE,130653,46.0,36.485202,127.30061,12,세종특별시
2026-06-17T00:00:37+09:00,GBIKE,501597,96.0,36.485251,127.29717,12,세종특별시
2026-06-17T00:00:37+09:00,GBIKE,131265,93.0,36.485284,127.261556,12,세종특별시
2026-06-17T00:00:37+09:00,GBIKE,130446,33.0,36.485351,127.250388,12,세종특별시
2026-06-17T00:00:37+09:00,GBIKE,130407,58.0,36.485355,127.266038,12,세종특별시
2026-06-17T00:00:37+09:00,GBIKE,131644,31.0,36.485358,127.259024,12,세종특별시
2026-06-17T00:00:37+09:00,GBIKE,131798,32.0,36.485368,127.250491,12,세종특별시
2026-06-17T00:00:37+09:00,GBIKE,501341,30.0,36.485383,127.251108,12,세종특별시
2026-06-17T00:00:37+09:00,GBIKE,501443,30.0,36.485428,127.25011,12,세종특별시
2026-06-17T00:00:37+09:00,GBIKE,131501,30.0,36.48547,127.250355,12,세종특별시
2026-06-17T00:00:37+09:00,GBIKE,130896,76.0,36.485511,127.261925,12,세종특별시
2026-06-17T00:00:37+09:00,GBIKE,131361,42.0,36.485525,127.247191,12,세종특별시
2026-06-17T00:00:37+09:00,GBIKE,130568,85.0,36.485551,127.296829,12,세종특별시
2026-06-17T00:00:37+09:00,GBIKE,130857,31.0,36.485577,127.248098,12,세종특별시
2026-06-17T00:00:37+09:00,GBIKE,131639,56.0,36.485676,127.245419,12,세종특별시
2026-06-17T00:00:37+09:00,GBIKE,130212,81.0,36.485701,127.250257,12,세종특별시
2026-06-17T00:00:37+09:00,GBIKE,131055,97.0,36.485722,127.26236,12,세종특별시
2026-06-17T00:00:37+09:00,GBIKE,393554,30.0,36.485738,127.296456,12,세종특별시
2026-06-17T00:00:37+09:00,GBIKE,131312,30.0,36.485749,127.261833,12,세종특별시
2026-06-17T00:00:37+09:00,GBIKE,131069,84.0,36.485749,127.250163,12,세종특별시
2026-06-17T00:00:37+09:00,GBIKE,130377,97.0,36.485759,127.252152,12,세종특별시
2026-06-17T00:00:37+09:00,GBIKE,131080,62.0,36.485765,127.320487,12,세종특별시
2026-06-17T00:00:37+09:00,GBIKE,130799,82.0,36.485826,127.248157,12,세종특별시
2026-06-17T00:00:37+09:00,GBIKE,131238,68.0,36.485828,127.2548,12,세종특별시
2026-06-17T00:00:37+09:00,GBIKE,131106,40.0,36.485855,127.262358,12,세종특별시
2026-06-17T00:00:37+09:00,GBIKE,131497,30.0,36.485875,127.248058,12,세종특별시
2026-06-17T00:00:37+09:00,GBIKE,131208,77.0,36.485905,127.29623,12,세종특별시
2026-06-17T00:00:37+09:00,GBIKE,130570,58.0,36.485909,127.247818,12,세종특별시
2026-06-17T00:00:37+09:00,GBIKE,130364,30.0,36.485912,127.248109,12,세종특별시
2026-06-17T00:00:37+09:00,GBIKE,130775,35.0,36.48593,127.299396,12,세종특별시
2026-06-17T00:00:37+09:00,GBIKE,131058,76.0,36.485997,127.302265,12,세종특별시
2026-06-17T00:00:37+09:00,GBIKE,130554,70.0,36.486008,127.245458,12,세종특별시
2026-06-17T00:00:37+09:00,GBIKE,501121,100.0,36.486036,127.295252,12,세종특별시
2026-06-17T00:00:37+09:00,GBIKE,130887,77.0,36.486036,127.250079,12,세종특별시
2026-06-17T00:00:37+09:00,GBIKE,130233,68.0,36.486048,127.249964,12,세종특별시
2026-06-17T00:00:37+09:00,GBIKE,131560,73.0,36.486103,127.250122,12,세종특별시
2026-06-17T00:00:37+09:00,GBIKE,130075,100.0,36.486124,127.304839,12,세종특별시
2026-06-17T00:00:37+09:00,GBIKE,130774,96.0,36.486209,127.250847,12,세종특별시
2026-06-17T00:00:37+09:00,GBIKE,131311,32.0,36.486217,127.250923,12,세종특별시
2026-06-17T00:00:37+09:00,GBIKE,501473,30.0,36.48624,127.25054,12,세종특별시
2026-06-17T00:00:37+09:00,GBIKE,501210,64.0,36.486256,127.245554,12,세종특별시
2026-06-17T00:00:37+09:00,GBIKE,501395,65.0,36.486263,127.245225,12,세종특별시
2026-06-17T00:00:37+09:00,GBIKE,130293,30.0,36.486282,127.246786,12,세종특별시
2026-06-17T00:00:37+09:00,GBIKE,501263,65.0,36.486284,127.248172,12,세종특별시
2026-06-17T00:00:37+09:00,GBIKE,501225,90.0,36.486286,127.298418,12,세종특별시
2026-06-17T00:00:37+09:00,GBIKE,501522,30.0,36.486291,127.258271,12,세종특별시
2026-06-17T00:00:37+09:00,GBIKE,131286,32.0,36.486296,127.248106,12,세종특별시
2026-06-17T00:00:37+09:00,GBIKE,130612,36.0,36.486309,127.248052,12,세종특별시
2026-06-17T00:00:37+09:00,GBIKE,501466,30.0,36.486329,127.247844,12,세종특별시
2026-06-17T00:00:37+09:00,GBIKE,131847,93.0,36.486345,127.249945,12,세종특별시
2026-06-17T00:00:37+09:00,GBIKE,501315,100.0,36.486357,127.283489,12,세종특별시
2026-06-17T00:00:37+09:00,GBIKE,130027,31.0,36.486359,127.257252,12,세종특별시
2026-06-17T00:00:37+09:00,GBIKE,501171,31.0,36.486428,127.321262,12,세종특별시
2026-06-17T00:00:37+09:00,GBIKE,130940,100.0,36.486447,127.251467,12,세종특별시
2026-06-17T00:00:37+09:00,GBIKE,501302,34.0,36.486459,127.251068,12,세종특별시
2026-06-17T00:00:37+09:00,GBIKE,130779,33.0,36.486473,127.283309,12,세종특별시
2026-06-17T00:00:37+09:00,GBIKE,130985,67.0,36.486473,127.250531,12,세종특별시
2026-06-17T00:00:37+09:00,GBIKE,130222,36.0,36.486477,127.28331,12,세종특별시
2026-06-17T00:00:37+09:00,GBIKE,501372,30.0,36.486477,127.250114,12,세종특별시
2026-06-17T00:00:37+09:00,GBIKE,130564,57.0,36.486483,127.28331,12,세종특별시
2026-06-17T00:00:37+09:00,GBIKE,130033,31.0,36.48649,127.257698,12,세종특별시
2026-06-17T00:00:37+09:00,GBIKE,501220,55.0,36.486529,127.251489,12,세종특별시
2026-06-17T00:00:37+09:00,GBIKE,501211,85.0,36.486545,127.257716,12,세종특별시
2026-06-17T00:00:37+09:00,GBIKE,501415,94.0,36.486554,127.246436,12,세종특별시
2026-06-17T00:00:37+09:00,GBIKE,501464,71.0,36.486584,127.248095,12,세종특별시
2026-06-17T00:00:37+09:00,GBIKE,131227,93.0,36.486586,127.246788,12,세종특별시
2026-06-17T00:00:37+09:00,GBIKE,501580,43.0,36.486607,127.303947,12,세종특별시
2026-06-17T00:00:37+09:00,GBIKE,131754,100.0,36.486624,127.296575,12,세종특별시
2026-06-17T00:00:37+09:00,GBIKE,130426,67.0,36.486668,127.303706,12,세종특별시
2026-06-17T00:00:37+09:00,GBIKE,131030,41.0,36.486671,127.26277,12,세종특별시
2026-06-17T00:00:37+09:00,GBIKE,130850,30.0,36.486675,127.262741,12,세종특별시
2026-06-17T00:00:37+09:00,GBIKE,131617,32.0,36.486686,127.293826,12,세종특별시
2026-06-17T00:00:37+09:00,GBIKE,130733,34.0,36.486702,127.301233,12,세종특별시
2026-06-17T00:00:37+09:00,GBIKE,130989,47.0,36.486713,127.24822,12,세종특별시
2026-06-17T00:00:37+09:00,GBIKE,130867,30.0,36.486809,127.250729,12,세종특별시
2026-06-17T00:00:37+09:00,GBIKE,130605,57.0,36.486825,127.249669,12,세종특별시
2026-06-17T00:00:37+09:00,GBIKE,131187,47.0,36.486831,127.250089,12,세종특별시
2026-06-17T00:00:37+09:00,GBIKE,501353,73.0,36.486854,127.249654,12,세종특별시
2026-06-17T00:00:37+09:00,GBIKE,131235,48.0,36.486858,127.264834,12,세종특별시
2026-06-17T00:00:37+09:00,GBIKE,131054,57.0,36.486912,127.249005,12,세종특별시
2026-06-17T00:00:37+09:00,GBIKE,130030,60.0,36.48693,127.25001,12,세종특별시
2026-06-17T00:00:37+09:00,GBIKE,131881,31.0,36.486942,127.26487,12,세종특별시
2026-06-17T00:00:37+09:00,GBIKE,501449,61.0,36.486952,127.251319,12,세종특별시
2026-06-17T00:00:37+09:00,GBIKE,131878,35.0,36.486958,127.249296,12,세종특별시
2026-06-17T00:00:37+09:00,GBIKE,501350,30.0,36.48696,127.249688,12,세종특별시
2026-06-17T00:00:37+09:00,GBIKE,130953,33.0,36.486984,127.249801,12,세종특별시
2026-06-17T00:00:37+09:00,GBIKE,501227,39.0,36.48699,127.263385,12,세종특별시
2026-06-17T00:00:37+09:00,GBIKE,131784,82.0,36.487012,127.249549,12,세종특별시
2026-06-17T00:00:37+09:00,GBIKE,501197,100.0,36.487015,127.257852,12,세종특별시
2026-06-17T00:00:37+09:00,GBIKE,501384,100.0,36.487056,127.257863,12,세종특별시
2026-06-17T00:00:37+09:00,GBIKE,339068,33.0,36.487068,127.257466,12,세종특별시
2026-06-17T00:00:37+09:00,GBIKE,131629,30.0,36.487069,127.256858,12,세종특별시
2026-06-17T00:00:37+09:00,GBIKE,130742,30.0,36.487072,127.247622,12,세종특별시
2026-06-17T00:00:37+09:00,GBIKE,130032,35.0,36.487095,127.255941,12,세종특별시
2026-06-17T00:00:37+09:00,GBIKE,131471,38.0,36.487098,127.257848,12,세종특별시
2026-06-17T00:00:37+09:00,GBIKE,130830,93.0,36.487158,127.264961,12,세종특별시
2026-06-17T00:00:37+09:00,GBIKE,130040,56.0,36.487188,127.25766,12,세종특별시
2026-06-17T00:00:37+09:00,GBIKE,131995,82.0,36.487194,127.249354,12,세종특별시
2026-06-17T00:00:37+09:00,GBIKE,130763,70.0,36.487198,127.248709,12,세종특별시
2026-06-17T00:00:37+09:00,GBIKE,131429,31.0,36.487221,127.248094,12,세종특별시
2026-06-17T00:00:37+09:00,GBIKE,131411,31.0,36.487239,127.247813,12,세종특별시
2026-06-17T00:00:37+09:00,GBIKE,130298,54.0,36.487261,127.24937,12,세종특별시
2026-06-17T00:00:37+09:00,GBIKE,131532,31.0,36.487311,127.257003,12,세종특별시
2026-06-17T00:00:37+09:00,GBIKE,131014,67.0,36.487333,127.248534,12,세종특별시
2026-06-17T00:00:37+09:00,GBIKE,131045,32.0,36.487383,127.322264,12,세종특별시
2026-06-17T00:00:37+09:00,GBIKE,130726,100.0,36.487397,127.302115,12,세종특별시
2026-06-17T00:00:37+09:00,GBIKE,501577,55.0,36.487398,127.322265,12,세종특별시
2026-06-17T00:00:37+09:00,GBIKE,131300,74.0,36.487411,127.244635,12,세종특별시
2026-06-17T00:00:37+09:00,GBIKE,130333,48.0,36.487434,127.24468,12,세종특별시
2026-06-17T00:00:37+09:00,GBIKE,131803,100.0,36.487436,127.30211,12,세종특별시
2026-06-17T00:00:37+09:00,GBIKE,130511,31.0,36.487481,127.257398,12,세종특별시
2026-06-17T00:00:37+09:00,GBIKE,130980,35.0,36.487482,127.244711,12,세종특별시
2026-06-17T00:00:37+09:00,GBIKE,131806,81.0,36.487487,127.247713,12,세종특별시
2026-06-17T00:00:37+09:00,GBIKE,130804,88.0,36.487492,127.266347,12,세종특별시
2026-06-17T00:00:37+09:00,GBIKE,131509,92.0,36.487495,127.244647,12,세종특별시
2026-06-17T00:00:37+09:00,GBIKE,130408,54.0,36.487503,127.244716,12,세종특별시
2026-06-17T00:00:37+09:00,GBIKE,130862,30.0,36.487536,127.244759,12,세종특별시
2026-06-17T00:00:37+09:00,GBIKE,131051,70.0,36.48759,127.247746,12,세종특별시
2026-06-17T00:00:37+09:00,GBIKE,130998,30.0,36.487594,127.257589,12,세종특별시
2026-06-17T00:00:37+09:00,GBIKE,131555,99.0,36.487646,127.251631,12,세종특별시
2026-06-17T00:00:37+09:00,GBIKE,501502,31.0,36.487654,127.266656,12,세종특별시
2026-06-17T00:00:37+09:00,GBIKE,501342,97.0,36.487673,127.261621,12,세종특별시
2026-06-17T00:00:37+09:00,GBIKE,130646,100.0,36.487743,127.264271,12,세종특별시
2026-06-17T00:00:37+09:00,GBIKE,131126,31.0,36.487748,127.26419,12,세종특별시
2026-06-17T00:00:37+09:00,GBIKE,501332,41.0,36.48791,127.261038,12,세종특별시
2026-06-17T00:00:37+09:00,GBIKE,130600,95.0,36.487925,127.256403,12,세종특별시
2026-06-17T00:00:37+09:00,GBIKE,130380,77.0,36.487935,127.256427,12,세종특별시
2026-06-17T00:00:37+09:00,GBIKE,130838,34.0,36.487938,127.256433,12,세종특별시
2026-06-17T00:00:37+09:00,GBIKE,501356,82.0,36.487981,127.264022,12,세종특별시
2026-06-17T00:00:37+09:00,GBIKE,131607,45.0,36.487987,127.268087,12,세종특별시
2026-06-17T00:00:37+09:00,GBIKE,130362,57.0,36.488004,127.250339,12,세종특별시
2026-06-17T00:00:37+09:00,GBIKE,501175,43.0,36.488128,127.250241,12,세종특별시
2026-06-17T00:00:37+09:00,GBIKE,501136,37.0,36.488143,127.263978,12,세종특별시
2026-06-17T00:00:37+09:00,GBIKE,131137,37.0,36.488145,127.264021,12,세종특별시
2026-06-17T00:00:37+09:00,GBIKE,131813,66.0,36.488163,127.250235,12,세종특별시
2026-06-17T00:00:37+09:00,GBIKE,501528,100.0,36.488252,127.263899,12,세종특별시
2026-06-17T00:00:37+09:00,GBIKE,130095,72.0,36.488262,127.263134,12,세종특별시
2026-06-17T00:00:37+09:00,GBIKE,130715,31.0,36.488276,127.263745,12,세종특별시
2026-06-17T00:00:37+09:00,GBIKE,131066,56.0,36.488319,127.264545,12,세종특별시
2026-06-17T00:00:37+09:00,GBIKE,131062,30.0,36.488433,127.247482,12,세종특별시
2026-06-17T00:00:37+09:00,GBIKE,130544,65.0,36.488444,127.243731,12,세종특별시
2026-06-17T00:00:37+09:00,GBIKE,130334,67.0,36.488485,127.24658,12,세종특별시
2026-06-17T00:00:37+09:00,GBIKE,130958,31.0,36.488493,127.247609,12,세종특별시
2026-06-17T00:00:37+09:00,GBIKE,131007,77.0,36.488505,127.322191,12,세종특별시
2026-06-17T00:00:37+09:00,GBIKE,131441,32.0,36.488553,127.254687,12,세종특별시
2026-06-17T00:00:37+09:00,GBIKE,130167,30.0,36.488581,127.260401,12,세종특별시
2026-06-17T00:00:37+09:00,GBIKE,130463,33.0,36.488593,127.264554,12,세종특별시
2026-06-17T00:00:37+09:00,GBIKE,130024,89.0,36.488599,127.260458,12,세종특별시
2026-06-17T00:00:37+09:00,GBIKE,501452,93.0,36.48861,127.260884,12,세종특별시
2026-06-17T00:00:37+09:00,GBIKE,131636,77.0,36.488615,127.257123,12,세종특별시
2026-06-17T00:00:37+09:00,GBIKE,130448,93.0,36.488622,127.261323,12,세종특별시
2026-06-17T00:00:37+09:00,GBIKE,501363,76.0,36.48865,127.263614,12,세종특별시
2026-06-17T00:00:37+09:00,GBIKE,131202,33.0,36.488665,127.261136,12,세종특별시
2026-06-17T00:00:37+09:00,GBIKE,501593,44.0,36.488681,127.267206,12,세종특별시
2026-06-17T00:00:37+09:00,GBIKE,130933,35.0,36.488695,127.255106,12,세종특별시
2026-06-17T00:00:37+09:00,GBIKE,130880,82.0,36.488699,127.247489,12,세종특별시
2026-06-17T00:00:37+09:00,GBIKE,130186,57.0,36.488701,127.247548,12,세종특별시
2026-06-17T00:00:37+09:00,GBIKE,131298,100.0,36.488706,127.267274,12,세종특별시
2026-06-17T00:00:37+09:00,GBIKE,130738,50.0,36.488749,127.247521,12,세종특별시
2026-06-17T00:00:37+09:00,GBIKE,131793,30.0,36.488752,127.265011,12,세종특별시
2026-06-17T00:00:37+09:00,GBIKE,130176,32.0,36.488809,127.247247,12,세종특별시
2026-06-17T00:00:37+09:00,GBIKE,131725,44.0,36.488813,127.255697,12,세종특별시
2026-06-17T00:00:37+09:00,GBIKE,130635,35.0,36.488829,127.257131,12,세종특별시
2026-06-17T00:00:37+09:00,GBIKE,130698,75.0,36.488876,127.257074,12,세종특별시
2026-06-17T00:00:37+09:00,GBIKE,501489,44.0,36.488888,127.255909,12,세종특별시
2026-06-17T00:00:37+09:00,GBIKE,131551,32.0,36.48889,127.257096,12,세종특별시
2026-06-17T00:00:37+09:00,GBIKE,131861,46.0,36.488891,127.302123,12,세종특별시
2026-06-17T00:00:37+09:00,GBIKE,131046,60.0,36.488895,127.257073,12,세종특별시
2026-06-17T00:00:37+09:00,GBIKE,501320,92.0,36.488907,127.257064,12,세종특별시
2026-06-17T00:00:37+09:00,GBIKE,501553,69.0,36.488917,127.255033,12,세종특별시
2026-06-17T00:00:37+09:00,GBIKE,130650,53.0,36.488937,127.257023,12,세종특별시
2026-06-17T00:00:37+09:00,GBIKE,130780,30.0,36.488939,127.255813,12,세종특별시
2026-06-17T00:00:37+09:00,GBIKE,130922,39.0,36.488942,127.257033,12,세종특별시
2026-06-17T00:00:37+09:00,GBIKE,131393,92.0,36.488948,127.253955,12,세종특별시
2026-06-17T00:00:37+09:00,GBIKE,131714,30.0,36.488955,127.247378,12,세종특별시
2026-06-17T00:00:37+09:00,GBIKE,130232,40.0,36.488963,127.247208,12,세종특별시
2026-06-17T00:00:37+09:00,GBIKE,130131,34.0,36.488983,127.257038,12,세종특별시
2026-06-17T00:00:37+09:00,GBIKE,131319,80.0,36.488989,127.252864,12,세종특별시
2026-06-17T00:00:37+09:00,GBIKE,130093,30.0,36.488995,127.266245,12,세종특별시
2026-06-17T00:00:37+09:00,GBIKE,130230,31.0,36.489003,127.247335,12,세종특별시
2026-06-17T00:00:37+09:00,GBIKE,130700,77.0,36.489029,127.265673,12,세종특별시
2026-06-17T00:00:37+09:00,GBIKE,130397,55.0,36.489031,127.265657,12,세종특별시
2026-06-17T00:00:37+09:00,GBIKE,131063,46.0,36.489058,127.266454,12,세종특별시
2026-06-17T00:00:37+09:00,GBIKE,131002,64.0,36.489072,127.263422,12,세종특별시
2026-06-17T00:00:37+09:00,GBIKE,130640,30.0,36.489088,127.256172,12,세종특별시
2026-06-17T00:00:37+09:00,GBIKE,131533,32.0,36.489089,127.266375,12,세종특별시
2026-06-17T00:00:37+09:00,GBIKE,130524,31.0,36.489095,127.255556,12,세종특별시
2026-06-17T00:00:37+09:00,GBIKE,130084,100.0,36.4891,127.260449,12,세종특별시
2026-06-17T00:00:37+09:00,GBIKE,130508,32.0,36.489106,127.247365,12,세종특별시
2026-06-17T00:00:37+09:00,GBIKE,130250,52.0,36.48911,127.247415,12,세종특별시
2026-06-17T00:00:37+09:00,GBIKE,130267,56.0,36.489128,127.256256,12,세종특별시
2026-06-17T00:00:37+09:00,GBIKE,131027,87.0,36.489154,127.247048,12,세종특별시
2026-06-17T00:00:37+09:00,GBIKE,131628,34.0,36.489169,127.256181,12,세종특별시
2026-06-17T00:00:37+09:00,GBIKE,130300,34.0,36.48917,127.259791,12,세종특별시
2026-06-17T00:00:37+09:00,GBIKE,131108,94.0,36.489187,127.246518,12,세종특별시
2026-06-17T00:00:37+09:00,GBIKE,130209,46.0,36.489199,127.271137,12,세종특별시
2026-06-17T00:00:37+09:00,GBIKE,501370,92.0,36.4892,127.302319,12,세종특별시
2026-06-17T00:00:37+09:00,GBIKE,131379,48.0,36.48928,127.256511,12,세종특별시
2026-06-17T00:00:37+09:00,GBIKE,131891,46.0,36.489309,127.246998,12,세종특별시
2026-06-17T00:00:37+09:00,GBIKE,501224,36.0,36.489335,127.257926,12,세종특별시
2026-06-17T00:00:37+09:00,GBIKE,131619,55.0,36.489351,127.256594,12,세종특별시
2026-06-17T00:00:37+09:00,GBIKE,130944,60.0,36.48936,127.256528,12,세종특별시
2026-06-17T00:00:37+09:00,GBIKE,501378,82.0,36.489367,127.25654,12,세종특별시
2026-06-17T00:00:37+09:00,GBIKE,131337,31.0,36.489386,127.256584,12,세종특별시
2026-06-17T00:00:37+09:00,GBIKE,131018,41.0,36.489405,127.257962,12,세종특별시
2026-06-17T00:00:37+09:00,GBIKE,131599,89.0,36.489411,127.25685,12,세종특별시
2026-06-17T00:00:37+09:00,GBIKE,130965,58.0,36.489412,127.256537,12,세종특별시
2026-06-17T00:00:37+09:00,GBIKE,131838,75.0,36.489417,127.298466,12,세종특별시
2026-06-17T00:00:37+09:00,GBIKE,130221,76.0,36.489431,127.256517,12,세종특별시
2026-06-17T00:00:37+09:00,GBIKE,131595,83.0,36.489434,127.256908,12,세종특별시
2026-06-17T00:00:37+09:00,GBIKE,130154,30.0,36.489436,127.257019,12,세종특별시
2026-06-17T00:00:37+09:00,GBIKE,131923,33.0,36.489436,127.259374,12,세종특별시
2026-06-17T00:00:37+09:00,GBIKE,131019,45.0,36.489443,127.25819,12,세종특별시
2026-06-17T00:00:37+09:00,GBIKE,131004,54.0,36.489445,127.256495,12,세종특별시
2026-06-17T00:00:37+09:00,GBIKE,131568,80.0,36.489446,127.256516,12,세종특별시
2026-06-17T00:00:37+09:00,GBIKE,131911,32.0,36.489454,127.256492,12,세종특별시
2026-06-17T00:00:37+09:00,GBIKE,130633,70.0,36.489455,127.247161,12,세종특별시
2026-06-17T00:00:37+09:00,GBIKE,130790,83.0,36.489459,127.256584,12,세종특별시
2026-06-17T00:00:37+09:00,GBIKE,131469,100.0,36.489468,127.259359,12,세종특별시
2026-06-17T00:00:37+09:00,GBIKE,130727,31.0,36.489471,127.256582,12,세종특별시
2026-06-17T00:00:37+09:00,GBIKE,130355,100.0,36.489472,127.243596,12,세종특별시
2026-06-17T00:00:37+09:00,GBIKE,130657,71.0,36.489477,127.256576,12,세종특별시
2026-06-17T00:00:37+09:00,GBIKE,131354,96.0,36.489478,127.255723,12,세종특별시
2026-06-17T00:00:37+09:00,GBIKE,501165,38.0,36.489478,127.260032,12,세종특별시
2026-06-17T00:00:37+09:00,GBIKE,131908,43.0,36.48948,127.25652,12,세종특별시
2026-06-17T00:00:37+09:00,GBIKE,131410,33.0,36.48948,127.256513,12,세종특별시
2026-06-17T00:00:37+09:00,GBIKE,131088,53.0,36.489491,127.256796,12,세종특별시
2026-06-17T00:00:37+09:00,GBIKE,130246,99.0,36.489496,127.259322,12,세종특별시
2026-06-17T00:00:37+09:00,GBIKE,130096,46.0,36.489497,127.259403,12,세종특별시
2026-06-17T00:00:37+09:00,GBIKE,130041,82.0,36.489498,127.256569,12,세종특별시
2026-06-17T00:00:37+09:00,GBIKE,130751,34.0,36.489498,127.256446,12,세종특별시
2026-06-17T00:00:37+09:00,GBIKE,501167,30.0,36.489509,127.254702,12,세종특별시
2026-06-17T00:00:37+09:00,GBIKE,131000,34.0,36.489509,127.256617,12,세종특별시
2026-06-17T00:00:37+09:00,GBIKE,131015,31.0,36.489517,127.25649,12,세종특별시
2026-06-17T00:00:37+09:00,GBIKE,130766,35.0,36.489525,127.301725,12,세종특별시
2026-06-17T00:00:37+09:00,GBIKE,130994,64.0,36.489554,127.322787,12,세종특별시
2026-06-17T00:00:37+09:00,GBIKE,131788,70.0,36.489559,127.256582,12,세종특별시
2026-06-17T00:00:37+09:00,GBIKE,130689,37.0,36.489569,127.256476,12,세종특별시
2026-06-17T00:00:37+09:00,GBIKE,130934,65.0,36.489572,127.301777,12,세종특별시
2026-06-17T00:00:37+09:00,GBIKE,131989,63.0,36.489579,127.256924,12,세종특별시
2026-06-17T00:00:37+09:00,GBIKE,131531,80.0,36.48958,127.256891,12,세종특별시
2026-06-17T00:00:37+09:00,GBIKE,130313,30.0,36.489627,127.256437,12,세종특별시
2026-06-17T00:00:37+09:00,GBIKE,130906,95.0,36.489629,127.256437,12,세종특별시
2026-06-17T00:00:37+09:00,GBIKE,131577,41.0,36.489639,127.256457,12,세종특별시
2026-06-17T00:00:37+09:00,GBIKE,131032,44.0,36.489661,127.262897,12,세종특별시
2026-06-17T00:00:37+09:00,GBIKE,501527,91.0,36.489686,127.260435,12,세종특별시
2026-06-17T00:00:37+09:00,GBIKE,501237,60.0,36.489701,127.244964,12,세종특별시
2026-06-17T00:00:37+09:00,GBIKE,131973,32.0,36.489783,127.259577,12,세종특별시
2026-06-17T00:00:37+09:00,GBIKE,501582,42.0,36.489845,127.255819,12,세종특별시
2026-06-17T00:00:37+09:00,GBIKE,131949,54.0,36.489854,127.302678,12,세종특별시
2026-06-17T00:00:37+09:00,GBIKE,130383,57.0,36.489855,127.24499,12,세종특별시
2026-06-17T00:00:37+09:00,GBIKE,130321,76.0,36.489858,127.249853,12,세종특별시
2026-06-17T00:00:37+09:00,GBIKE,131335,81.0,36.48995,127.302216,12,세종특별시
2026-06-17T00:00:37+09:00,GBIKE,131407,76.0,36.489972,127.245066,12,세종특별시
2026-06-17T00:00:37+09:00,GBIKE,130878,70.0,36.489985,127.243909,12,세종특별시
2026-06-17T00:00:37+09:00,GBIKE,501101,84.0,36.490028,127.255547,12,세종특별시
2026-06-17T00:00:37+09:00,GBIKE,501140,96.0,36.490106,127.298579,12,세종특별시
2026-06-17T00:00:37+09:00,GBIKE,130471,83.0,36.490183,127.262425,12,세종특별시
2026-06-17T00:00:37+09:00,GBIKE,130618,59.0,36.490193,127.256745,12,세종특별시
2026-06-17T00:00:37+09:00,GBIKE,131162,57.0,36.490221,127.252905,12,세종특별시
2026-06-17T00:00:37+09:00,GBIKE,131843,64.0,36.490232,127.262137,12,세종특별시
2026-06-17T00:00:37+09:00,GBIKE,131571,32.0,36.490238,127.247121,12,세종특별시
2026-06-17T00:00:37+09:00,GBIKE,501516,96.0,36.490239,127.256727,12,세종특별시
2026-06-17T00:00:37+09:00,GBIKE,130363,100.0,36.490309,127.256757,12,세종특별시
2026-06-17T00:00:37+09:00,GBIKE,130518,32.0,36.490326,127.243378,12,세종특별시
2026-06-17T00:00:37+09:00,GBIKE,131271,31.0,36.490354,127.259432,12,세종특별시
2026-06-17T00:00:37+09:00,GBIKE,501427,30.0,36.490392,127.246987,12,세종특별시
2026-06-17T00:00:37+09:00,GBIKE,131966,31.0,36.490409,127.259057,12,세종특별시
2026-06-17T00:00:37+09:00,GBIKE,131686,68.0,36.490433,127.245362,12,세종특별시
2026-06-17T00:00:37+09:00,GBIKE,501543,52.0,36.490539,127.25914,12,세종특별시
2026-06-17T00:00:37+09:00,GBIKE,130674,32.0,36.490546,127.259114,12,세종특별시
2026-06-17T00:00:37+09:00,GBIKE,501128,79.0,36.490618,127.259101,12,세종특별시
2026-06-17T00:00:37+09:00,GBIKE,131323,41.0,36.490646,127.246428,12,세종특별시
2026-06-17T00:00:37+09:00,GBIKE,131575,93.0,36.490676,127.25914,12,세종특별시
2026-06-17T00:00:37+09:00,GBIKE,131774,100.0,36.490715,127.262512,12,세종특별시
2026-06-17T00:00:37+09:00,GBIKE,131760,100.0,36.490723,127.246507,12,세종특별시
2026-06-17T00:00:37+09:00,GBIKE,131666,89.0,36.490761,127.262735,12,세종특별시
2026-06-17T00:00:37+09:00,GBIKE,501345,90.0,36.490812,127.25624,12,세종특별시
2026-06-17T00:00:37+09:00,GBIKE,130845,31.0,36.490856,127.256288,12,세종특별시
2026-06-17T00:00:37+09:00,GBIKE,131289,33.0,36.49086,127.256273,12,세종특별시
2026-06-17T00:00:37+09:00,GBIKE,131962,34.0,36.490866,127.256209,12,세종특별시
2026-06-17T00:00:37+09:00,GBIKE,131050,60.0,36.490905,127.252369,12,세종특별시
2026-06-17T00:00:37+09:00,GBIKE,131210,91.0,36.490907,127.301942,12,세종특별시
2026-06-17T00:00:37+09:00,GBIKE,130573,100.0,36.490916,127.252466,12,세종특별시
2026-06-17T00:00:37+09:00,GBIKE,131931,38.0,36.490916,127.251208,12,세종특별시
2026-06-17T00:00:37+09:00,GBIKE,501462,100.0,36.490986,127.262607,12,세종특별시
2026-06-17T00:00:37+09:00,GBIKE,131698,31.0,36.490986,127.257377,12,세종특별시
2026-06-17T00:00:37+09:00,GBIKE,501110,100.0,36.491001,127.257225,12,세종특별시
2026-06-17T00:00:37+09:00,GBIKE,130169,32.0,36.49101,127.258261,12,세종특별시
2026-06-17T00:00:37+09:00,GBIKE,130276,32.0,36.491015,127.257199,12,세종특별시
2026-06-17T00:00:37+09:00,GBIKE,131443,65.0,36.491031,127.253273,12,세종특별시
2026-06-17T00:00:37+09:00,GBIKE,501203,46.0,36.491035,127.321465,12,세종특별시
2026-06-17T00:00:37+09:00,GBIKE,131845,63.0,36.491067,127.255484,12,세종특별시
2026-06-17T00:00:37+09:00,GBIKE,501126,72.0,36.491068,127.262957,12,세종특별시
2026-06-17T00:00:37+09:00,GBIKE,131563,33.0,36.491074,127.246224,12,세종특별시
2026-06-17T00:00:37+09:00,GBIKE,501417,75.0,36.491087,127.25146,12,세종특별시
2026-06-17T00:00:37+09:00,GBIKE,131164,33.0,36.491129,127.32459,12,세종특별시
2026-06-17T00:00:37+09:00,GBIKE,130157,46.0,36.491137,127.300714,12,세종특별시
2026-06-17T00:00:37+09:00,GBIKE,130149,32.0,36.491145,127.255333,12,세종특별시
2026-06-17T00:00:37+09:00,GBIKE,131752,33.0,36.49115,127.249537,12,세종특별시
2026-06-17T00:00:37+09:00,GBIKE,131600,55.0,36.491158,127.255673,12,세종특별시
2026-06-17T00:00:37+09:00,GBIKE,501596,82.0,36.491171,127.246282,12,세종특별시
2026-06-17T00:00:37+09:00,GBIKE,130445,95.0,36.491178,127.255681,12,세종특별시
2026-06-17T00:00:37+09:00,GBIKE,131737,68.0,36.491195,127.249324,12,세종특별시
2026-06-17T00:00:37+09:00,GBIKE,501366,81.0,36.4912,127.254538,12,세종특별시
2026-06-17T00:00:37+09:00,GBIKE,131584,74.0,36.4912,127.258975,12,세종특별시
2026-06-17T00:00:37+09:00,GBIKE,131203,91.0,36.491234,127.249632,12,세종특별시
2026-06-17T00:00:37+09:00,GBIKE,501579,87.0,36.491254,127.255968,12,세종특별시
2026-06-17T00:00:37+09:00,GBIKE,345936,63.0,36.49126,127.255483,12,세종특별시
2026-06-17T00:00:37+09:00,GBIKE,130291,46.0,36.491283,127.25614,12,세종특별시
2026-06-17T00:00:37+09:00,GBIKE,130936,51.0,36.491293,127.256171,12,세종특별시
2026-06-17T00:00:37+09:00,GBIKE,501152,72.0,36.491297,127.258039,12,세종특별시
2026-06-17T00:00:37+09:00,GBIKE,130120,37.0,36.491334,127.255971,12,세종특별시
2026-06-17T00:00:37+09:00,GBIKE,130665,36.0,36.491341,127.255867,12,세종특별시
2026-06-17T00:00:37+09:00,GBIKE,131135,55.0,36.491343,127.256127,12,세종특별시
2026-06-17T00:00:37+09:00,GBIKE,501201,34.0,36.491348,127.269604,12,세종특별시
2026-06-17T00:00:37+09:00,GBIKE,131828,100.0,36.491349,127.261268,12,세종특별시
2026-06-17T00:00:37+09:00,GBIKE,131356,34.0,36.491349,127.26979,12,세종특별시
2026-06-17T00:00:37+09:00,GBIKE,131114,38.0,36.491353,127.256118,12,세종특별시
2026-06-17T00:00:37+09:00,GBIKE,131100,36.0,36.491355,127.256142,12,세종특별시
2026-06-17T00:00:37+09:00,GBIKE,131405,35.0,36.491356,127.256136,12,세종특별시
2026-06-17T00:00:37+09:00,GBIKE,130314,33.0,36.491357,127.256157,12,세종특별시
2026-06-17T00:00:37+09:00,GBIKE,501413,31.0,36.491357,127.269595,12,세종특별시
2026-06-17T00:00:37+09:00,GBIKE,131854,67.0,36.491363,127.256108,12,세종특별시
2026-06-17T00:00:37+09:00,GBIKE,131837,36.0,36.491365,127.256107,12,세종특별시
2026-06-17T00:00:37+09:00,GBIKE,501546,30.0,36.491371,127.25801,12,세종특별시
2026-06-17T00:00:37+09:00,GBIKE,131510,48.0,36.491373,127.256036,12,세종특별시
2026-06-17T00:00:37+09:00,GBIKE,130639,57.0,36.491377,127.256139,12,세종특별시
2026-06-17T00:00:37+09:00,GBIKE,131739,58.0,36.491386,127.256097,12,세종특별시
2026-06-17T00:00:37+09:00,GBIKE,130773,30.0,36.491388,127.256138,12,세종특별시
2026-06-17T00:00:37+09:00,GBIKE,131778,32.0,36.491388,127.258154,12,세종특별시
2026-06-17T00:00:37+09:00,GBIKE,131057,38.0,36.491388,127.25614,12,세종특별시
2026-06-17T00:00:37+09:00,GBIKE,131359,49.0,36.491389,127.256128,12,세종특별시
2026-06-17T00:00:37+09:00,GBIKE,130629,94.0,36.49139,127.256143,12,세종특별시
2026-06-17T00:00:37+09:00,GBIKE,130615,42.0,36.491393,127.256157,12,세종특별시
2026-06-17T00:00:37+09:00,GBIKE,501258,84.0,36.491394,127.258173,12,세종특별시
2026-06-17T00:00:37+09:00,GBIKE,501519,69.0,36.491398,127.254355,12,세종특별시
2026-06-17T00:00:37+09:00,GBIKE,131222,96.0,36.491405,127.25613,12,세종특별시
2026-06-17T00:00:37+09:00,GBIKE,130225,44.0,36.491407,127.256146,12,세종특별시
2026-06-17T00:00:37+09:00,GBIKE,130569,48.0,36.491423,127.257717,12,세종특별시
2026-06-17T00:00:37+09:00,GBIKE,131569,100.0,36.491436,127.258528,12,세종특별시
2026-06-17T00:00:37+09:00,GBIKE,130978,32.0,36.491438,127.256196,12,세종특별시
2026-06-17T00:00:37+09:00,GBIKE,130512,68.0,36.491439,127.24635,12,세종특별시
2026-06-17T00:00:37+09:00,GBIKE,130531,86.0,36.49144,127.258172,12,세종특별시
2026-06-17T00:00:37+09:00,GBIKE,130955,70.0,36.491447,127.256135,12,세종특별시
2026-06-17T00:00:37+09:00,GBIKE,131809,48.0,36.491448,127.258197,12,세종특별시
2026-06-17T00:00:37+09:00,GBIKE,130560,34.0,36.491452,127.256116,12,세종특별시
2026-06-17T00:00:37+09:00,GBIKE,130421,46.0,36.491464,127.258162,12,세종특별시
2026-06-17T00:00:37+09:00,GBIKE,501386,98.0,36.491466,127.262587,12,세종특별시
2026-06-17T00:00:37+09:00,GBIKE,130703,50.0,36.491466,127.256136,12,세종특별시
2026-06-17T00:00:37+09:00,GBIKE,131408,86.0,36.491466,127.256112,12,세종특별시
2026-06-17T00:00:37+09:00,GBIKE,131711,69.0,36.491485,127.256139,12,세종특별시
2026-06-17T00:00:37+09:00,GBIKE,131895,52.0,36.491488,127.256103,12,세종특별시
2026-06-17T00:00:37+09:00,GBIKE,130412,81.0,36.491519,127.256159,12,세종특별시
2026-06-17T00:00:37+09:00,GBIKE,131464,52.0,36.491539,127.256127,12,세종특별시
2026-06-17T00:00:37+09:00,GBIKE,130721,64.0,36.491543,127.256128,12,세종특별시
2026-06-17T00:00:37+09:00,GBIKE,131498,34.0,36.491556,127.256121,12,세종특별시
2026-06-17T00:00:37+09:00,GBIKE,131888,32.0,36.491557,127.243764,12,세종특별시
2026-06-17T00:00:37+09:00,GBIKE,131716,30.0,36.49156,127.259548,12,세종특별시
2026-06-17T00:00:37+09:00,GBIKE,130879,32.0,36.491563,127.256122,12,세종특별시
2026-06-17T00:00:37+09:00,GBIKE,130393,90.0,36.491593,127.256196,12,세종특별시
2026-06-17T00:00:37+09:00,GBIKE,130435,86.0,36.491605,127.261395,12,세종특별시
2026-06-17T00:00:37+09:00,GBIKE,131171,43.0,36.491624,127.246278,12,세종특별시
2026-06-17T00:00:37+09:00,GBIKE,130406,79.0,36.49163,127.246251,12,세종특별시
2026-06-17T00:00:37+09:00,GBIKE,130266,100.0,36.491645,127.254894,12,세종특별시
2026-06-17T00:00:37+09:00,GBIKE,131097,61.0,36.491648,127.253959,12,세종특별시
2026-06-17T00:00:37+09:00,GBIKE,501477,31.0,36.49165,127.246103,12,세종특별시
2026-06-17T00:00:37+09:00,GBIKE,131173,64.0,36.491654,127.303354,12,세종특별시
2026-06-17T00:00:37+09:00,GBIKE,130261,100.0,36.491666,127.261948,12,세종특별시
2026-06-17T00:00:37+09:00,GBIKE,501441,48.0,36.491715,127.255417,12,세종특별시
2026-06-17T00:00:37+09:00,GBIKE,130187,43.0,36.491719,127.25659,12,세종특별시
2026-06-17T00:00:37+09:00,GBIKE,130594,77.0,36.491739,127.256643,12,세종특별시
2026-06-17T00:00:37+09:00,GBIKE,130165,100.0,36.491748,127.256591,12,세종특별시
2026-06-17T00:00:37+09:00,GBIKE,131776,30.0,36.491764,127.25658,12,세종특별시
2026-06-17T00:00:37+09:00,GBIKE,131651,100.0,36.49178,127.25658,12,세종특별시
2026-06-17T00:00:37+09:00,GBIKE,501191,67.0,36.491803,127.256623,12,세종특별시
2026-06-17T00:00:37+09:00,GBIKE,131481,30.0,36.491817,127.246222,12,세종특별시
2026-06-17T00:00:37+09:00,GBIKE,131567,31.0,36.491818,127.256588,12,세종특별시
2026-06-17T00:00:37+09:00,GBIKE,130662,39.0,36.491857,127.246233,12,세종특별시
2026-06-17T00:00:37+09:00,GBIKE,130533,58.0,36.491861,127.253998,12,세종특별시
2026-06-17T00:00:37+09:00,GBIKE,131396,38.0,36.491896,127.303614,12,세종특별시
2026-06-17T00:00:37+09:00,GBIKE,130366,36.0,36.49194,127.251673,12,세종특별시
2026-06-17T00:00:37+09:00,GBIKE,130042,48.0,36.492057,127.325183,12,세종특별시
2026-06-17T00:00:37+09:00,GBIKE,131455,44.0,36.492069,127.325143,12,세종특별시
2026-06-17T00:00:37+09:00,GBIKE,130418,73.0,36.492075,127.256113,12,세종특별시
2026-06-17T00:00:37+09:00,GBIKE,130239,85.0,36.492092,127.246185,12,세종특별시
2026-06-17T00:00:37+09:00,GBIKE,131352,38.0,36.492106,127.246006,12,세종특별시
2026-06-17T00:00:37+09:00,GBIKE,130937,40.0,36.492109,127.255941,12,세종특별시
2026-06-17T00:00:37+09:00,GBIKE,131930,85.0,36.492121,127.256073,12,세종특별시
2026-06-17T00:00:37+09:00,GBIKE,131034,51.0,36.492131,127.25654,12,세종특별시
2026-06-17T00:00:37+09:00,GBIKE,131185,100.0,36.492145,127.260439,12,세종특별시
2026-06-17T00:00:37+09:00,GBIKE,130237,59.0,36.492147,127.256036,12,세종특별시
2026-06-17T00:00:37+09:00,GBIKE,131218,46.0,36.492154,127.252808,12,세종특별시
2026-06-17T00:00:37+09:00,GBIKE,130942,43.0,36.492181,127.25661,12,세종특별시
2026-06-17T00:00:37+09:00,GBIKE,131969,90.0,36.492265,127.256196,12,세종특별시
2026-06-17T00:00:37+09:00,GBIKE,130930,81.0,36.4923,127.255939,12,세종특별시
2026-06-17T00:00:37+09:00,GBIKE,131472,32.0,36.492305,127.241771,12,세종특별시
2026-06-17T00:00:37+09:00,GBIKE,131993,79.0,36.492321,127.32502,12,세종특별시
2026-06-17T00:00:37+09:00,GBIKE,130210,99.0,36.492322,127.252875,12,세종특별시
2026-06-17T00:00:37+09:00,GBIKE,131738,30.0,36.492325,127.241406,12,세종특별시
2026-06-17T00:00:37+09:00,GBIKE,130991,34.0,36.492359,127.318988,12,세종특별시
2026-06-17T00:00:37+09:00,GBIKE,131745,30.0,36.492366,127.241373,12,세종특별시
2026-06-17T00:00:37+09:00,GBIKE,130077,59.0,36.492383,127.258068,12,세종특별시
2026-06-17T00:00:37+09:00,GBIKE,131340,96.0,36.492435,127.254942,12,세종특별시
2026-06-17T00:00:37+09:00,GBIKE,130811,30.0,36.492437,127.254875,12,세종특별시
2026-06-17T00:00:37+09:00,GBIKE,130561,78.0,36.492449,127.260504,12,세종특별시
2026-06-17T00:00:37+09:00,GBIKE,131307,95.0,36.492486,127.254492,12,세종특별시
2026-06-17T00:00:37+09:00,GBIKE,131482,40.0,36.492497,127.254401,12,세종특별시
2026-06-17T00:00:37+09:00,GBIKE,501381,59.0,36.492512,127.302975,12,세종특별시
2026-06-17T00:00:37+09:00,GBIKE,501581,37.0,36.492522,127.302977,12,세종특별시
2026-06-17T00:00:37+09:00,GBIKE,501576,100.0,36.492525,127.305065,12,세종특별시
2026-06-17T00:00:37+09:00,GBIKE,131564,42.0,36.492528,127.254449,12,세종특별시
2026-06-17T00:00:37+09:00,GBIKE,131423,53.0,36.49255,127.302949,12,세종특별시
2026-06-17T00:00:37+09:00,GBIKE,131332,70.0,36.492553,127.260699,12,세종특별시
2026-06-17T00:00:37+09:00,GBIKE,501371,49.0,36.492566,127.269656,12,세종특별시
2026-06-17T00:00:37+09:00,GBIKE,501438,70.0,36.492566,127.269787,12,세종특별시
2026-06-17T00:00:37+09:00,GBIKE,501142,54.0,36.492585,127.269783,12,세종특별시
2026-06-17T00:00:37+09:00,GBIKE,130109,62.0,36.492595,127.260742,12,세종특별시
2026-06-17T00:00:37+09:00,GBIKE,130358,39.0,36.492599,127.257101,12,세종특별시
2026-06-17T00:00:37+09:00,GBIKE,131249,69.0,36.492623,127.303049,12,세종특별시
2026-06-17T00:00:37+09:00,GBIKE,501523,81.0,36.492627,127.256536,12,세종특별시
2026-06-17T00:00:37+09:00,GBIKE,130462,47.0,36.492642,127.256511,12,세종특별시
2026-06-17T00:00:37+09:00,GBIKE,130589,72.0,36.49265,127.30308,12,세종특별시
2026-06-17T00:00:37+09:00,GBIKE,501574,86.0,36.492653,127.255076,12,세종특별시
2026-06-17T00:00:37+09:00,GBIKE,131503,30.0,36.492659,127.303074,12,세종특별시
2026-06-17T00:00:37+09:00,GBIKE,130083,83.0,36.492709,127.251523,12,세종특별시
2026-06-17T00:00:37+09:00,GBIKE,130929,31.0,36.492725,127.242054,12,세종특별시
2026-06-17T00:00:37+09:00,GBIKE,131012,81.0,36.492744,127.255086,12,세종특별시
2026-06-17T00:00:37+09:00,GBIKE,131897,73.0,36.492773,127.255507,12,세종특별시
2026-06-17T00:00:37+09:00,GBIKE,131473,37.0,36.492828,127.256079,12,세종특별시
2026-06-17T00:00:37+09:00,GBIKE,501114,85.0,36.492831,127.253969,12,세종특별시
2026-06-17T00:00:37+09:00,GBIKE,131761,34.0,36.492895,127.254582,12,세종특별시
2026-06-17T00:00:37+09:00,GBIKE,501284,100.0,36.492904,127.252144,12,세종특별시
2026-06-17T00:00:37+09:00,GBIKE,501322,75.0,36.492944,127.252986,12,세종특별시
2026-06-17T00:00:37+09:00,GBIKE,501367,63.0,36.492963,127.254711,12,세종특별시
2026-06-17T00:00:37+09:00,GBIKE,131770,72.0,36.492977,127.255977,12,세종특별시
2026-06-17T00:00:37+09:00,GBIKE,131386,78.0,36.49298,127.257136,12,세종특별시
2026-06-17T00:00:37+09:00,GBIKE,130214,62.0,36.492996,127.251989,12,세종특별시
2026-06-17T00:00:37+09:00,GBIKE,131270,35.0,36.492996,127.254712,12,세종특별시
2026-06-17T00:00:37+09:00,GBIKE,131664,51.0,36.493022,127.25725,12,세종특별시
2026-06-17T00:00:37+09:00,GBIKE,131158,44.0,36.493073,127.25172,12,세종특별시
2026-06-17T00:00:37+09:00,GBIKE,131488,46.0,36.493088,127.251258,12,세종특별시
2026-06-17T00:00:37+09:00,GBIKE,130966,61.0,36.493098,127.256062,12,세종특별시
2026-06-17T00:00:37+09:00,GBIKE,130885,57.0,36.493132,127.243409,12,세종특별시
2026-06-17T00:00:37+09:00,GBIKE,130668,30.0,36.493145,127.250822,12,세종특별시
2026-06-17T00:00:37+09:00,GBIKE,501501,49.0,36.493149,127.252354,12,세종특별시
2026-06-17T00:00:37+09:00,GBIKE,501137,95.0,36.493198,127.301405,12,세종특별시
2026-06-17T00:00:37+09:00,GBIKE,501188,97.0,36.493209,127.256018,12,세종특별시
2026-06-17T00:00:37+09:00,GBIKE,130701,49.0,36.493246,127.256107,12,세종특별시
2026-06-17T00:00:37+09:00,GBIKE,131241,37.0,36.493388,127.25288,12,세종특별시
2026-06-17T00:00:37+09:00,GBIKE,131254,63.0,36.493427,127.247189,12,세종특별시
2026-06-17T00:00:37+09:00,GBIKE,501107,87.0,36.493447,127.247661,12,세종특별시
2026-06-17T00:00:37+09:00,GBIKE,501163,41.0,36.493469,127.256181,12,세종특별시
2026-06-17T00:00:37+09:00,GBIKE,501164,96.0,36.493512,127.248973,12,세종특별시
2026-06-17T00:00:37+09:00,GBIKE,130981,40.0,36.493544,127.247399,12,세종특별시
2026-06-17T00:00:37+09:00,GBIKE,131325,40.0,36.49355,127.256044,12,세종특별시
2026-06-17T00:00:37+09:00,GBIKE,501123,100.0,36.493586,127.258342,12,세종특별시
2026-06-17T00:00:37+09:00,GBIKE,501446,54.0,36.493606,127.248915,12,세종특별시
2026-06-17T00:00:37+09:00,GBIKE,130606,59.0,36.493711,127.255975,12,세종특별시
2026-06-17T00:00:37+09:00,GBIKE,501471,50.0,36.493747,127.247301,12,세종특별시
2026-06-17T00:00:37+09:00,GBIKE,131762,31.0,36.493777,127.256077,12,세종특별시
2026-06-17T00:00:37+09:00,GBIKE,131851,30.0,36.493795,127.325488,12,세종특별시
2026-06-17T00:00:37+09:00,GBIKE,131751,33.0,36.493874,127.248504,12,세종특별시
2026-06-17T00:00:37+09:00,GBIKE,131133,100.0,36.494045,127.261479,12,세종특별시
2026-06-17T00:00:37+09:00,GBIKE,131029,51.0,36.494045,127.261402,12,세종특별시
2026-06-17T00:00:37+09:00,GBIKE,131191,35.0,36.494048,127.256538,12,세종특별시
2026-06-17T00:00:37+09:00,GBIKE,501329,38.0,36.494077,127.261503,12,세종특별시
2026-06-17T00:00:37+09:00,GBIKE,501308,35.0,36.49418,127.261213,12,세종특별시
2026-06-17T00:00:37+09:00,GBIKE,130505,38.0,36.494244,127.249495,12,세종특별시
2026-06-17T00:00:37+09:00,GBIKE,131964,30.0,36.494333,127.255764,12,세종특별시
2026-06-17T00:00:37+09:00,GBIKE,131358,92.0,36.494388,127.30226,12,세종특별시
2026-06-17T00:00:37+09:00,GBIKE,130390,32.0,36.494401,127.248759,12,세종특별시
2026-06-17T00:00:37+09:00,GBIKE,131662,35.0,36.494416,127.256639,12,세종특별시
2026-06-17T00:00:37+09:00,GBIKE,130875,63.0,36.494419,127.253131,12,세종특별시
2026-06-17T00:00:37+09:00,GBIKE,130794,57.0,36.494428,127.251773,12,세종특별시
2026-06-17T00:00:37+09:00,GBIKE,501141,92.0,36.494556,127.249113,12,세종특별시
2026-06-17T00:00:37+09:00,GBIKE,501217,37.0,36.494568,127.240654,12,세종특별시
2026-06-17T00:00:37+09:00,GBIKE,131980,31.0,36.494575,127.260524,12,세종특별시
2026-06-17T00:00:37+09:00,GBIKE,130609,92.0,36.494645,127.249133,12,세종특별시
2026-06-17T00:00:37+09:00,GBIKE,501194,90.0,36.494687,127.240597,12,세종특별시
2026-06-17T00:00:37+09:00,GBIKE,501351,48.0,36.494688,127.256325,12,세종특별시
2026-06-17T00:00:37+09:00,GBIKE,130815,63.0,36.4947,127.247196,12,세종특별시
2026-06-17T00:00:37+09:00,GBIKE,131678,43.0,36.494726,127.249706,12,세종특별시
2026-06-17T00:00:37+09:00,GBIKE,131199,35.0,36.494828,127.2573,12,세종특별시
2026-06-17T00:00:37+09:00,GBIKE,501208,50.0,36.494906,127.244618,12,세종특별시
2026-06-17T00:00:37+09:00,GBIKE,131011,31.0,36.494938,127.249146,12,세종특별시
2026-06-17T00:00:37+09:00,GBIKE,131483,52.0,36.494943,127.257259,12,세종특별시
2026-06-17T00:00:37+09:00,GBIKE,501299,48.0,36.494948,127.24899,12,세종특별시
2026-06-17T00:00:37+09:00,GBIKE,131433,48.0,36.494966,127.257245,12,세종특별시
2026-06-17T00:00:37+09:00,GBIKE,501186,59.0,36.49515,127.262754,12,세종특별시
2026-06-17T00:00:37+09:00,GBIKE,131474,52.0,36.49518,127.303028,12,세종특별시
2026-06-17T00:00:37+09:00,GBIKE,131182,92.0,36.495235,127.209446,12,세종특별시
2026-06-17T00:00:37+09:00,GBIKE,130351,100.0,36.495249,127.317752,12,세종특별시
2026-06-17T00:00:37+09:00,GBIKE,131524,31.0,36.49525,127.248991,12,세종특별시
2026-06-17T00:00:37+09:00,GBIKE,131480,30.0,36.49529,127.262811,12,세종특별시
2026-06-17T00:00:37+09:00,GBIKE,131772,31.0,36.495303,127.266848,12,세종특별시
2026-06-17T00:00:37+09:00,GBIKE,130324,100.0,36.49531,127.256854,12,세종특별시
2026-06-17T00:00:37+09:00,GBIKE,131832,100.0,36.495429,127.317607,12,세종특별시
2026-06-17T00:00:37+09:00,GBIKE,131811,41.0,36.495456,127.25696,12,세종특별시
2026-06-17T00:00:37+09:00,GBIKE,501274,64.0,36.495459,127.249085,12,세종특별시
2026-06-17T00:00:37+09:00,GBIKE,501361,30.0,36.495466,127.31759,12,세종특별시
2026-06-17T00:00:37+09:00,GBIKE,131381,53.0,36.495472,127.256973,12,세종특별시
2026-06-17T00:00:37+09:00,GBIKE,130152,54.0,36.495475,127.259259,12,세종특별시
2026-06-17T00:00:37+09:00,GBIKE,501375,51.0,36.495477,127.259258,12,세종특별시
2026-06-17T00:00:37+09:00,GBIKE,501204,90.0,36.49548,127.248993,12,세종특별시
2026-06-17T00:00:37+09:00,GBIKE,130215,63.0,36.495507,127.265929,12,세종특별시
2026-06-17T00:00:37+09:00,GBIKE,130693,70.0,36.495535,127.263777,12,세종특별시
2026-06-17T00:00:37+09:00,GBIKE,130344,56.0,36.495582,127.259013,12,세종특별시
2026-06-17T00:00:37+09:00,GBIKE,131366,78.0,36.495621,127.258961,12,세종특별시
2026-06-17T00:00:37+09:00,GBIKE,131579,90.0,36.495652,127.262763,12,세종특별시
2026-06-17T00:00:37+09:00,GBIKE,501334,41.0,36.495656,127.248838,12,세종특별시
2026-06-17T00:00:37+09:00,GBIKE,130172,93.0,36.495673,127.244965,12,세종특별시
2026-06-17T00:00:37+09:00,GBIKE,130098,30.0,36.495674,127.248733,12,세종특별시
2026-06-17T00:00:37+09:00,GBIKE,131145,100.0,36.495735,127.266321,12,세종특별시
2026-06-17T00:00:37+09:00,GBIKE,131167,75.0,36.495767,127.258525,12,세종특별시
2026-06-17T00:00:37+09:00,GBIKE,130193,41.0,36.49577,127.258591,12,세종특별시
2026-06-17T00:00:37+09:00,GBIKE,131853,40.0,36.495776,127.258565,12,세종특별시
2026-06-17T00:00:37+09:00,GBIKE,130475,37.0,36.495782,127.251842,12,세종특별시
2026-06-17T00:00:37+09:00,GBIKE,130841,70.0,36.495801,127.258602,12,세종특별시
2026-06-17T00:00:37+09:00,GBIKE,130856,30.0,36.495802,127.24777,12,세종특별시
2026-06-17T00:00:37+09:00,GBIKE,131839,97.0,36.495806,127.310189,12,세종특별시
2026-06-17T00:00:37+09:00,GBIKE,131913,87.0,36.495815,127.258559,12,세종특별시
2026-06-17T00:00:37+09:00,GBIKE,130761,30.0,36.495827,127.266232,12,세종특별시
2026-06-17T00:00:37+09:00,GBIKE,131243,61.0,36.495837,127.241793,12,세종특별시
2026-06-17T00:00:37+09:00,GBIKE,501280,65.0,36.49584,127.258759,12,세종특별시
2026-06-17T00:00:37+09:00,GBIKE,501261,31.0,36.495917,127.244495,12,세종특별시
2026-06-17T00:00:37+09:00,GBIKE,130443,40.0,36.495924,127.266353,12,세종특별시
2026-06-17T00:00:37+09:00,GBIKE,130235,94.0,36.49593,127.25057,12,세종특별시
2026-06-17T00:00:37+09:00,GBIKE,501549,33.0,36.49593,127.250711,12,세종특별시
2026-06-17T00:00:37+09:00,GBIKE,131661,41.0,36.495948,127.2659,12,세종특별시
2026-06-17T00:00:37+09:00,GBIKE,131507,61.0,36.495953,127.250725,12,세종특별시
2026-06-17T00:00:37+09:00,GBIKE,130743,53.0,36.495961,127.243327,12,세종특별시
2026-06-17T00:00:37+09:00,GBIKE,131071,64.0,36.495966,127.238882,12,세종특별시
2026-06-17T00:00:37+09:00,GBIKE,130847,44.0,36.495967,127.238725,12,세종특별시
2026-06-17T00:00:37+09:00,GBIKE,131183,75.0,36.495984,127.243283,12,세종특별시
2026-06-17T00:00:37+09:00,GBIKE,131459,48.0,36.495984,127.238737,12,세종특별시
2026-06-17T00:00:37+09:00,GBIKE,130478,36.0,36.495994,127.317594,12,세종특별시
2026-06-17T00:00:37+09:00,GBIKE,130414,57.0,36.49602,127.2433,12,세종특별시
2026-06-17T00:00:37+09:00,GBIKE,130497,95.0,36.496063,127.239087,12,세종특별시
2026-06-17T00:00:37+09:00,GBIKE,130986,50.0,36.496079,127.248415,12,세종특별시
2026-06-17T00:00:37+09:00,GBIKE,130995,55.0,36.496088,127.24911,12,세종특별시
2026-06-17T00:00:37+09:00,GBIKE,130294,99.0,36.496117,127.249137,12,세종특별시
2026-06-17T00:00:37+09:00,GBIKE,501457,99.0,36.496162,127.248986,12,세종특별시
2026-06-17T00:00:37+09:00,GBIKE,131458,84.0,36.49617,127.248981,12,세종특별시
2026-06-17T00:00:37+09:00,GBIKE,130865,48.0,36.496199,127.249038,12,세종특별시
2026-06-17T00:00:37+09:00,GBIKE,501251,30.0,36.496234,127.304699,12,세종특별시
2026-06-17T00:00:37+09:00,GBIKE,130592,90.0,36.49634,127.266231,12,세종특별시
2026-06-17T00:00:37+09:00,GBIKE,130997,87.0,36.496361,127.238735,12,세종특별시
2026-06-17T00:00:37+09:00,GBIKE,130238,35.0,36.49646,127.263271,12,세종특별시
2026-06-17T00:00:37+09:00,GBIKE,130063,79.0,36.496471,127.23747,12,세종특별시
2026-06-17T00:00:37+09:00,GBIKE,130057,48.0,36.4966,127.237297,12,세종특별시
2026-06-17T00:00:37+09:00,GBIKE,130403,74.0,36.496651,127.266377,12,세종특별시
2026-06-17T00:00:37+09:00,GBIKE,130988,37.0,36.496688,127.303892,12,세종특별시
2026-06-17T00:00:37+09:00,GBIKE,131550,30.0,36.496706,127.256264,12,세종특별시
2026-06-17T00:00:37+09:00,GBIKE,131439,45.0,36.496741,127.262965,12,세종특별시
2026-06-17T00:00:37+09:00,GBIKE,131518,60.0,36.496814,127.258466,12,세종특별시
2026-06-17T00:00:37+09:00,GBIKE,131979,38.0,36.496933,127.307874,12,세종특별시
2026-06-17T00:00:37+09:00,GBIKE,131886,79.0,36.496996,127.247557,12,세종특별시
2026-06-17T00:00:37+09:00,GBIKE,130797,66.0,36.497025,127.246591,12,세종특별시
2026-06-17T00:00:37+09:00,GBIKE,131148,89.0,36.497041,127.240656,12,세종특별시
2026-06-17T00:00:37+09:00,GBIKE,501115,61.0,36.497068,127.257178,12,세종특별시
2026-06-17T00:00:37+09:00,GBIKE,501400,43.0,36.497088,127.253257,12,세종특별시
2026-06-17T00:00:37+09:00,GBIKE,130969,39.0,36.497187,127.308307,12,세종특별시
2026-06-17T00:00:37+09:00,GBIKE,131039,31.0,36.497199,127.252969,12,세종특별시
2026-06-17T00:00:37+09:00,GBIKE,130571,49.0,36.497213,127.249036,12,세종특별시
2026-06-17T00:00:37+09:00,GBIKE,131611,66.0,36.497272,127.308628,12,세종특별시
2026-06-17T00:00:37+09:00,GBIKE,131348,97.0,36.497359,127.244658,12,세종특별시
2026-06-17T00:00:37+09:00,GBIKE,131299,34.0,36.497439,127.24907,12,세종특별시
2026-06-17T00:00:37+09:00,GBIKE,131683,100.0,36.497498,127.310723,12,세종특별시
2026-06-17T00:00:37+09:00,GBIKE,501346,38.0,36.497516,127.313891,12,세종특별시
2026-06-17T00:00:37+09:00,GBIKE,501184,61.0,36.497523,127.251989,12,세종특별시
2026-06-17T00:00:37+09:00,GBIKE,131677,53.0,36.497524,127.257132,12,세종특별시
2026-06-17T00:00:37+09:00,GBIKE,131371,34.0,36.497571,127.257104,12,세종특별시
2026-06-17T00:00:37+09:00,GBIKE,131260,73.0,36.497576,127.257066,12,세종특별시
2026-06-17T00:00:37+09:00,GBIKE,130801,61.0,36.497597,127.314293,12,세종특별시
2026-06-17T00:00:37+09:00,GBIKE,501476,100.0,36.497709,127.310671,12,세종특별시
2026-06-17T00:00:37+09:00,GBIKE,131883,51.0,36.49771,127.317058,12,세종특별시
2026-06-17T00:00:37+09:00,GBIKE,130926,100.0,36.497711,127.310663,12,세종특별시
2026-06-17T00:00:37+09:00,GBIKE,130135,48.0,36.497722,127.235608,12,세종특별시
2026-06-17T00:00:37+09:00,GBIKE,130347,90.0,36.497723,127.316932,12,세종특별시
2026-06-17T00:00:37+09:00,GBIKE,131538,95.0,36.497747,127.310663,12,세종특별시
2026-06-17T00:00:37+09:00,GBIKE,501340,39.0,36.497747,127.255986,12,세종특별시
2026-06-17T00:00:37+09:00,GBIKE,501180,100.0,36.497751,127.322009,12,세종특별시
2026-06-17T00:00:37+09:00,GBIKE,131920,100.0,36.497757,127.310705,12,세종특별시
2026-06-17T00:00:37+09:00,GBIKE,130428,100.0,36.49776,127.311955,12,세종특별시
2026-06-17T00:00:37+09:00,GBIKE,131988,87.0,36.497772,127.311184,12,세종특별시
2026-06-17T00:00:37+09:00,GBIKE,501586,61.0,36.497777,127.249113,12,세종특별시
2026-06-17T00:00:37+09:00,GBIKE,131690,92.0,36.497779,127.255751,12,세종특별시
2026-06-17T00:00:37+09:00,GBIKE,131590,42.0,36.497802,127.243249,12,세종특별시
2026-06-17T00:00:37+09:00,GBIKE,131519,74.0,36.497884,127.266985,12,세종특별시
2026-06-17T00:00:37+09:00,GBIKE,131447,43.0,36.497887,127.244943,12,세종특별시
2026-06-17T00:00:37+09:00,GBIKE,130730,86.0,36.49791,127.312483,12,세종특별시
2026-06-17T00:00:37+09:00,GBIKE,131902,57.0,36.497939,127.244925,12,세종특별시
2026-06-17T00:00:37+09:00,GBIKE,130946,54.0,36.497945,127.240644,12,세종특별시
2026-06-17T00:00:37+09:00,GBIKE,131445,30.0,36.497968,127.24073,12,세종특별시
2026-06-17T00:00:37+09:00,GBIKE,131523,41.0,36.497972,127.240737,12,세종특별시
2026-06-17T00:00:37+09:00,GBIKE,130107,70.0,36.498001,127.244762,12,세종특별시
2026-06-17T00:00:37+09:00,GBIKE,501169,67.0,36.498067,127.281205,12,세종특별시
2026-06-17T00:00:37+09:00,GBIKE,131008,63.0,36.498069,127.313795,12,세종특별시
2026-06-17T00:00:37+09:00,GBIKE,130644,37.0,36.49808,127.258224,12,세종특별시
2026-06-17T00:00:37+09:00,GBIKE,131380,76.0,36.498083,127.235203,12,세종특별시
2026-06-17T00:00:37+09:00,GBIKE,130036,43.0,36.498154,127.247116,12,세종특별시
2026-06-17T00:00:37+09:00,GBIKE,131295,36.0,36.498166,127.245023,12,세종특별시
2026-06-17T00:00:37+09:00,GBIKE,130379,83.0,36.498265,127.233305,12,세종특별시
2026-06-17T00:00:37+09:00,GBIKE,501145,41.0,36.498288,127.257766,12,세종특별시
2026-06-17T00:00:37+09:00,GBIKE,130018,88.0,36.498334,127.257697,12,세종특별시
2026-06-17T00:00:37+09:00,GBIKE,130921,71.0,36.498342,127.223548,12,세종특별시
2026-06-17T00:00:37+09:00,GBIKE,131986,86.0,36.498357,127.312813,12,세종특별시
2026-06-17T00:00:37+09:00,GBIKE,131465,87.0,36.49841,127.249166,12,세종특별시
2026-06-17T00:00:37+09:00,GBIKE,501529,74.0,36.498454,127.242354,12,세종특별시
2026-06-17T00:00:37+09:00,GBIKE,131873,70.0,36.498455,127.242439,12,세종특별시
2026-06-17T00:00:37+09:00,GBIKE,130694,30.0,36.498473,127.308381,12,세종특별시
2026-06-17T00:00:37+09:00,GBIKE,131121,88.0,36.498503,127.26579,12,세종특별시
2026-06-17T00:00:37+09:00,GBIKE,130436,71.0,36.498528,127.311472,12,세종특별시
2026-06-17T00:00:37+09:00,GBIKE,501362,87.0,36.49855,127.313487,12,세종특별시
2026-06-17T00:00:37+09:00,GBIKE,501392,41.0,36.49859,127.255389,12,세종특별시
2026-06-17T00:00:37+09:00,GBIKE,501336,92.0,36.498615,127.258069,12,세종특별시
2026-06-17T00:00:37+09:00,GBIKE,131844,63.0,36.498622,127.25802,12,세종특별시
2026-06-17T00:00:37+09:00,GBIKE,130758,76.0,36.498637,127.257992,12,세종특별시
2026-06-17T00:00:37+09:00,GBIKE,131427,84.0,36.498639,127.257983,12,세종특별시
2026-06-17T00:00:37+09:00,GBIKE,131665,100.0,36.49868,127.258094,12,세종특별시
2026-06-17T00:00:37+09:00,GBIKE,130574,93.0,36.498685,127.256047,12,세종특별시
2026-06-17T00:00:37+09:00,GBIKE,130224,78.0,36.498696,127.258083,12,세종특별시
2026-06-17T00:00:37+09:00,GBIKE,130201,58.0,36.498726,127.258108,12,세종특별시
2026-06-17T00:00:37+09:00,GBIKE,130372,66.0,36.498732,127.254696,12,세종특별시
2026-06-17T00:00:37+09:00,GBIKE,131412,100.0,36.498757,127.232736,12,세종특별시
2026-06-17T00:00:37+09:00,GBIKE,501405,63.0,36.498806,127.33185,12,세종특별시
2026-06-17T00:00:37+09:00,GBIKE,131868,75.0,36.49886,127.25619,12,세종특별시
2026-06-17T00:00:37+09:00,GBIKE,336891,44.0,36.498906,127.249625,12,세종특별시
2026-06-17T00:00:37+09:00,GBIKE,501419,96.0,36.499047,127.253309,12,세종특별시
2026-06-17T00:00:37+09:00,GBIKE,501196,85.0,36.499091,127.255043,12,세종특별시
2026-06-17T00:00:37+09:00,GBIKE,501503,93.0,36.499136,127.270127,12,세종특별시
2026-06-17T00:00:37+09:00,GBIKE,616900,56.0,36.499152,127.307621,12,세종특별시
2026-06-17T00:00:37+09:00,GBIKE,130891,57.0,36.499201,127.255008,12,세종특별시
2026-06-17T00:00:37+09:00,GBIKE,130101,88.0,36.499227,127.23667,12,세종특별시
2026-06-17T00:00:37+09:00,GBIKE,130795,56.0,36.499266,127.259813,12,세종특별시
2026-06-17T00:00:37+09:00,GBIKE,501554,86.0,36.499288,127.307622,12,세종특별시
2026-06-17T00:00:37+09:00,GBIKE,131370,35.0,36.499331,127.259627,12,세종특별시
2026-06-17T00:00:37+09:00,GBIKE,130746,33.0,36.499423,127.335911,12,세종특별시
2026-06-17T00:00:37+09:00,GBIKE,130537,100.0,36.499425,127.258619,12,세종특별시
2026-06-17T00:00:37+09:00,GBIKE,501104,100.0,36.499434,127.232214,12,세종특별시
2026-06-17T00:00:37+09:00,GBIKE,131259,57.0,36.49944,127.232538,12,세종특별시
2026-06-17T00:00:37+09:00,GBIKE,131118,61.0,36.499449,127.219208,12,세종특별시
2026-06-17T00:00:37+09:00,GBIKE,501592,39.0,36.499452,127.243036,12,세종특별시
2026-06-17T00:00:37+09:00,GBIKE,131879,32.0,36.499473,127.247126,12,세종특별시
2026-06-17T00:00:37+09:00,GBIKE,131719,89.0,36.499474,127.24715,12,세종특별시
2026-06-17T00:00:37+09:00,GBIKE,131876,34.0,36.499479,127.236376,12,세종특별시
2026-06-17T00:00:37+09:00,GBIKE,131890,82.0,36.499487,127.259114,12,세종특별시
2026-06-17T00:00:37+09:00,GBIKE,131808,41.0,36.499493,127.269616,12,세종특별시
2026-06-17T00:00:37+09:00,GBIKE,130249,78.0,36.499527,127.25911,12,세종특별시
2026-06-17T00:00:37+09:00,GBIKE,131467,99.0,36.499544,127.241406,12,세종특별시
2026-06-17T00:00:37+09:00,GBIKE,131557,50.0,36.499544,127.240749,12,세종특별시
2026-06-17T00:00:37+09:00,GBIKE,374246,30.0,36.499555,127.240646,12,세종특별시
2026-06-17T00:00:37+09:00,GBIKE,131545,31.0,36.499571,127.221001,12,세종특별시
2026-06-17T00:00:37+09:00,GBIKE,131998,66.0,36.499684,127.255984,12,세종특별시
2026-06-17T00:00:37+09:00,GBIKE,131176,57.0,36.49969,127.269793,12,세종특별시
2026-06-17T00:00:37+09:00,GBIKE,130119,100.0,36.499715,127.333085,12,세종특별시
2026-06-17T00:00:37+09:00,GBIKE,131506,76.0,36.499728,127.243073,12,세종특별시
2026-06-17T00:00:37+09:00,GBIKE,501306,74.0,36.499732,127.24305,12,세종특별시
2026-06-17T00:00:37+09:00,GBIKE,131070,53.0,36.499752,127.243063,12,세종특별시
2026-06-17T00:00:37+09:00,GBIKE,130236,96.0,36.49977,127.25932,12,세종특별시
2026-06-17T00:00:37+09:00,GBIKE,131476,53.0,36.499784,127.23195,12,세종특별시
2026-06-17T00:00:37+09:00,GBIKE,131687,64.0,36.499784,127.23196,12,세종특별시
2026-06-17T00:00:37+09:00,GBIKE,501260,52.0,36.499801,127.26972,12,세종특별시
2026-06-17T00:00:37+09:00,GBIKE,130125,94.0,36.499882,127.2321,12,세종특별시
2026-06-17T00:00:37+09:00,GBIKE,130897,80.0,36.499896,127.254113,12,세종특별시
2026-06-17T00:00:37+09:00,GBIKE,131487,81.0,36.499896,127.220624,12,세종특별시
2026-06-17T00:00:37+09:00,GBIKE,130270,45.0,36.499945,127.232122,12,세종특별시
2026-06-17T00:00:37+09:00,GBIKE,131144,81.0,36.499959,127.232384,12,세종특별시
2026-06-17T00:00:37+09:00,GBIKE,131534,90.0,36.500007,127.249555,12,세종특별시
2026-06-17T00:00:37+09:00,GBIKE,131884,39.0,36.500014,127.268049,12,세종특별시
2026-06-17T00:00:37+09:00,GBIKE,131399,40.0,36.500032,127.235627,12,세종특별시
2026-06-17T00:00:37+09:00,GBIKE,131024,95.0,36.500039,127.234741,12,세종특별시
2026-06-17T00:00:37+09:00,GBIKE,131974,76.0,36.50004,127.235592,12,세종특별시
2026-06-17T00:00:37+09:00,GBIKE,337807,51.0,36.500041,127.235431,12,세종특별시
2026-06-17T00:00:37+09:00,GBIKE,131129,61.0,36.500045,127.235587,12,세종특별시
2026-06-17T00:00:37+09:00,GBIKE,131400,92.0,36.500045,127.235595,12,세종특별시
2026-06-17T00:00:37+09:00,GBIKE,131932,65.0,36.500047,127.235634,12,세종특별시
2026-06-17T00:00:37+09:00,GBIKE,130012,58.0,36.500048,127.235866,12,세종특별시
2026-06-17T00:00:37+09:00,GBIKE,130816,94.0,36.500049,127.235558,12,세종특별시
2026-06-17T00:00:37+09:00,GBIKE,130964,64.0,36.500049,127.260267,12,세종특별시
2026-06-17T00:00:37+09:00,GBIKE,130376,62.0,36.500052,127.235579,12,세종특별시
2026-06-17T00:00:37+09:00,GBIKE,501511,84.0,36.500052,127.235584,12,세종특별시
2026-06-17T00:00:37+09:00,GBIKE,131146,88.0,36.500053,127.235602,12,세종특별시
2026-06-17T00:00:37+09:00,GBIKE,501368,34.0,36.500056,127.282328,12,세종특별시
2026-06-17T00:00:37+09:00,GBIKE,131434,52.0,36.500057,127.235654,12,세종특별시
2026-06-17T00:00:37+09:00,GBIKE,130145,97.0,36.500061,127.23561,12,세종특별시
2026-06-17T00:00:37+09:00,GBIKE,130713,84.0,36.500072,127.235598,12,세종특별시
2026-06-17T00:00:37+09:00,GBIKE,130812,58.0,36.500073,127.235606,12,세종특별시
2026-06-17T00:00:37+09:00,GBIKE,131603,94.0,36.500073,127.235654,12,세종특별시
2026-06-17T00:00:37+09:00,GBIKE,130528,77.0,36.500075,127.235546,12,세종특별시
2026-06-17T00:00:37+09:00,GBIKE,501475,47.0,36.500076,127.23553,12,세종특별시
2026-06-17T00:00:37+09:00,GBIKE,131234,39.0,36.500081,127.268528,12,세종특별시
2026-06-17T00:00:37+09:00,GBIKE,131219,94.0,36.500093,127.236007,12,세종특별시
2026-06-17T00:00:37+09:00,GBIKE,130712,100.0,36.500136,127.236051,12,세종특별시
2026-06-17T00:00:37+09:00,GBIKE,130959,72.0,36.500162,127.267728,12,세종특별시
2026-06-17T00:00:37+09:00,GBIKE,131642,52.0,36.500208,127.259871,12,세종특별시
2026-06-17T00:00:37+09:00,GBIKE,131840,51.0,36.500232,127.23599,12,세종특별시
2026-06-17T00:00:37+09:00,GBIKE,130151,88.0,36.500245,127.251979,12,세종특별시
2026-06-17T00:00:37+09:00,GBIKE,130192,47.0,36.500247,127.235998,12,세종특별시
2026-06-17T00:00:37+09:00,GBIKE,131334,95.0,36.500276,127.236053,12,세종특별시
2026-06-17T00:00:37+09:00,GBIKE,131094,88.0,36.500329,127.249397,12,세종특별시
2026-06-17T00:00:37+09:00,GBIKE,130129,33.0,36.5004,127.332333,12,세종특별시
2026-06-17T00:00:37+09:00,GBIKE,131154,41.0,36.500409,127.268414,12,세종특별시
2026-06-17T00:00:37+09:00,GBIKE,131926,78.0,36.500435,127.316711,12,세종특별시
2026-06-17T00:00:37+09:00,GBIKE,501578,73.0,36.500437,127.261648,12,세종특별시
2026-06-17T00:00:37+09:00,GBIKE,501421,66.0,36.50047,127.309792,12,세종특별시
2026-06-17T00:00:37+09:00,GBIKE,130538,75.0,36.500521,127.236029,12,세종특별시
2026-06-17T00:00:37+09:00,GBIKE,501397,100.0,36.500533,127.316218,12,세종특별시
2026-06-17T00:00:37+09:00,GBIKE,131403,71.0,36.500618,127.245209,12,세종특별시
2026-06-17T00:00:37+09:00,GBIKE,501562,82.0,36.500627,127.249431,12,세종특별시
2026-06-17T00:00:37+09:00,GBIKE,130759,37.0,36.500638,127.258517,12,세종특별시
2026-06-17T00:00:37+09:00,GBIKE,131111,85.0,36.500639,127.261264,12,세종특별시
2026-06-17T00:00:37+09:00,GBIKE,131624,46.0,36.500641,127.257941,12,세종특별시
2026-06-17T00:00:37+09:00,GBIKE,130679,35.0,36.500696,127.240796,12,세종특별시
2026-06-17T00:00:37+09:00,GBIKE,130523,81.0,36.500698,127.26068,12,세종특별시
2026-06-17T00:00:37+09:00,GBIKE,501428,65.0,36.500731,127.259791,12,세종특별시
2026-06-17T00:00:37+09:00,GBIKE,501548,37.0,36.500849,127.328566,12,세종특별시
2026-06-17T00:00:37+09:00,GBIKE,130086,42.0,36.500888,127.22199,12,세종특별시
2026-06-17T00:00:37+09:00,GBIKE,501212,30.0,36.500993,127.308386,12,세종특별시
2026-06-17T00:00:37+09:00,GBIKE,130752,34.0,36.500994,127.315437,12,세종특별시
2026-06-17T00:00:37+09:00,GBIKE,130454,95.0,36.500996,127.259827,12,세종특별시
2026-06-17T00:00:37+09:00,GBIKE,130361,86.0,36.501037,127.259819,12,세종특별시
2026-06-17T00:00:37+09:00,GBIKE,130341,38.0,36.501061,127.246769,12,세종특별시
2026-06-17T00:00:37+09:00,GBIKE,501465,84.0,36.501103,127.268822,12,세종특별시
2026-06-17T00:00:37+09:00,GBIKE,501202,31.0,36.501105,127.311117,12,세종특별시
2026-06-17T00:00:37+09:00,GBIKE,501291,69.0,36.50114,127.2583,12,세종특별시
2026-06-17T00:00:37+09:00,GBIKE,501198,62.0,36.501142,127.280284,12,세종특별시
2026-06-17T00:00:37+09:00,GBIKE,501358,36.0,36.501197,127.2406,12,세종특별시
2026-06-17T00:00:37+09:00,GBIKE,130258,40.0,36.501209,127.255947,12,세종특별시
2026-06-17T00:00:37+09:00,GBIKE,130708,39.0,36.501212,127.259622,12,세종특별시
2026-06-17T00:00:37+09:00,GBIKE,130479,48.0,36.501217,127.254528,12,세종특별시
2026-06-17T00:00:37+09:00,GBIKE,130899,90.0,36.501274,127.256963,12,세종특별시
2026-06-17T00:00:37+09:00,GBIKE,130613,69.0,36.501302,127.259576,12,세종특별시
2026-06-17T00:00:37+09:00,GBIKE,130577,31.0,36.501377,127.264403,12,세종특별시
2026-06-17T00:00:37+09:00,GBIKE,130498,95.0,36.501395,127.268896,12,세종특별시
2026-06-17T00:00:37+09:00,GBIKE,501583,94.0,36.501418,127.253288,12,세종특별시
2026-06-17T00:00:37+09:00,GBIKE,131009,36.0,36.501448,127.246,12,세종특별시
2026-06-17T00:00:37+09:00,GBIKE,131819,55.0,36.501484,127.24401,12,세종특별시
2026-06-17T00:00:37+09:00,GBIKE,131630,100.0,36.501488,127.243963,12,세종특별시
2026-06-17T00:00:37+09:00,GBIKE,131351,94.0,36.501503,127.263842,12,세종특별시
2026-06-17T00:00:37+09:00,GBIKE,501122,92.0,36.501503,127.263835,12,세종특별시
2026-06-17T00:00:37+09:00,GBIKE,501467,88.0,36.501519,127.260076,12,세종특별시
2026-06-17T00:00:37+09:00,GBIKE,130150,87.0,36.50154,127.263098,12,세종특별시
2026-06-17T00:00:37+09:00,GBIKE,130950,65.0,36.501563,127.259717,12,세종특별시
2026-06-17T00:00:37+09:00,GBIKE,501480,99.0,36.501573,127.258645,12,세종특별시
2026-06-17T00:00:37+09:00,GBIKE,130283,82.0,36.501586,127.252661,12,세종특별시
2026-06-17T00:00:37+09:00,GBIKE,130284,97.0,36.501604,127.259677,12,세종특별시
2026-06-17T00:00:37+09:00,GBIKE,130124,78.0,36.501615,127.245254,12,세종특별시
2026-06-17T00:00:37+09:00,GBIKE,131512,47.0,36.501628,127.25974,12,세종특별시
2026-06-17T00:00:37+09:00,GBIKE,131141,59.0,36.501647,127.259783,12,세종특별시
2026-06-17T00:00:37+09:00,GBIKE,131679,86.0,36.501656,127.259712,12,세종특별시
2026-06-17T00:00:37+09:00,GBIKE,130332,64.0,36.501661,127.259738,12,세종특별시
2026-06-17T00:00:37+09:00,GBIKE,131417,41.0,36.501687,127.236072,12,세종특별시
2026-06-17T00:00:37+09:00,GBIKE,131169,62.0,36.501692,127.236098,12,세종특별시
2026-06-17T00:00:37+09:00,GBIKE,131748,96.0,36.50174,127.23636,12,세종특별시
2026-06-17T00:00:37+09:00,GBIKE,501290,100.0,36.501743,127.265852,12,세종특별시
2026-06-17T00:00:37+09:00,GBIKE,131343,30.0,36.50175,127.245151,12,세종특별시
2026-06-17T00:00:37+09:00,GBIKE,501545,92.0,36.501751,127.244731,12,세종특별시
2026-06-17T00:00:37+09:00,GBIKE,131794,31.0,36.501755,127.326225,12,세종특별시
2026-06-17T00:00:37+09:00,GBIKE,131804,80.0,36.501759,127.243733,12,세종특별시
2026-06-17T00:00:37+09:00,GBIKE,131082,77.0,36.501779,127.243074,12,세종특별시
2026-06-17T00:00:37+09:00,GBIKE,131857,66.0,36.501786,127.236264,12,세종특별시
2026-06-17T00:00:37+09:00,GBIKE,130019,93.0,36.50181,127.250778,12,세종특별시
2026-06-17T00:00:37+09:00,GBIKE,131232,100.0,36.501814,127.244786,12,세종특별시
2026-06-17T00:00:37+09:00,GBIKE,131138,86.0,36.50183,127.247317,12,세종특별시
2026-06-17T00:00:37+09:00,GBIKE,130146,85.0,36.501834,127.243063,12,세종특별시
2026-06-17T00:00:37+09:00,GBIKE,131315,32.0,36.501851,127.32515,12,세종특별시
2026-06-17T00:00:37+09:00,GBIKE,130785,41.0,36.501858,127.250628,12,세종특별시
2026-06-17T00:00:37+09:00,GBIKE,130469,72.0,36.501897,127.241011,12,세종특별시
2026-06-17T00:00:37+09:00,GBIKE,501436,54.0,36.501935,127.262271,12,세종특별시
2026-06-17T00:00:37+09:00,GBIKE,130410,32.0,36.501977,127.248157,12,세종특별시
2026-06-17T00:00:37+09:00,GBIKE,131906,95.0,36.501977,127.235174,12,세종특별시
2026-06-17T00:00:37+09:00,GBIKE,130092,74.0,36.501985,127.234274,12,세종특별시
2026-06-17T00:00:37+09:00,GBIKE,131810,94.0,36.501987,127.234309,12,세종특별시
2026-06-17T00:00:37+09:00,GBIKE,131672,31.0,36.501994,127.248716,12,세종특별시
2026-06-17T00:00:37+09:00,GBIKE,130486,95.0,36.501995,127.23426,12,세종특별시
2026-06-17T00:00:37+09:00,GBIKE,501297,58.0,36.502001,127.241327,12,세종특별시
2026-06-17T00:00:37+09:00,GBIKE,130851,95.0,36.502022,127.234311,12,세종특별시
2026-06-17T00:00:37+09:00,GBIKE,130707,95.0,36.502043,127.234305,12,세종특별시
2026-06-17T00:00:37+09:00,GBIKE,131192,90.0,36.502043,127.24875,12,세종특별시
2026-06-17T00:00:37+09:00,GBIKE,130796,41.0,36.502045,127.248415,12,세종특별시
2026-06-17T00:00:37+09:00,GBIKE,131179,61.0,36.502054,127.24816,12,세종특별시
2026-06-17T00:00:37+09:00,GBIKE,501520,54.0,36.502076,127.242788,12,세종특별시
2026-06-17T00:00:37+09:00,GBIKE,131248,63.0,36.502094,127.236201,12,세종특별시
2026-06-17T00:00:37+09:00,GBIKE,131233,70.0,36.502121,127.251495,12,세종특별시
2026-06-17T00:00:37+09:00,GBIKE,131981,42.0,36.502161,127.24715,12,세종특별시
2026-06-17T00:00:37+09:00,GBIKE,131304,66.0,36.502162,127.248931,12,세종특별시
2026-06-17T00:00:37+09:00,GBIKE,501479,75.0,36.502173,127.261141,12,세종특별시
2026-06-17T00:00:37+09:00,GBIKE,130973,83.0,36.502189,127.26056,12,세종특별시
2026-06-17T00:00:37+09:00,GBIKE,131404,67.0,36.502205,127.248845,12,세종특별시
2026-06-17T00:00:37+09:00,GBIKE,130941,56.0,36.502208,127.260556,12,세종특별시
2026-06-17T00:00:37+09:00,GBIKE,629253,45.0,36.502214,127.248912,12,세종특별시
2026-06-17T00:00:37+09:00,GBIKE,130079,100.0,36.502216,127.248747,12,세종특별시
2026-06-17T00:00:37+09:00,GBIKE,501453,58.0,36.502239,127.251588,12,세종특별시
2026-06-17T00:00:37+09:00,GBIKE,501567,39.0,36.502267,127.249088,12,세종특별시
2026-06-17T00:00:37+09:00,GBIKE,501229,100.0,36.502272,127.261413,12,세종특별시
2026-06-17T00:00:37+09:00,GBIKE,130029,48.0,36.502282,127.257567,12,세종특별시
2026-06-17T00:00:37+09:00,GBIKE,130917,69.0,36.502307,127.248926,12,세종특별시
2026-06-17T00:00:37+09:00,GBIKE,131646,58.0,36.502326,127.241388,12,세종특별시
2026-06-17T00:00:37+09:00,GBIKE,130177,96.0,36.50234,127.26058,12,세종특별시
2026-06-17T00:00:37+09:00,GBIKE,131530,87.0,36.502373,127.242836,12,세종특별시
2026-06-17T00:00:37+09:00,GBIKE,130814,79.0,36.502374,127.23985,12,세종특별시
2026-06-17T00:00:37+09:00,GBIKE,130359,86.0,36.502418,127.241073,12,세종특별시
2026-06-17T00:00:37+09:00,GBIKE,131456,91.0,36.502457,127.260073,12,세종특별시
2026-06-17T00:00:37+09:00,GBIKE,501241,87.0,36.502534,127.248859,12,세종특별시
2026-06-17T00:00:37+09:00,GBIKE,130831,72.0,36.502719,127.263652,12,세종특별시
2026-06-17T00:00:37+09:00,GBIKE,501278,41.0,36.502728,127.26367,12,세종특별시
2026-06-17T00:00:37+09:00,GBIKE,131338,88.0,36.502733,127.242992,12,세종특별시
2026-06-17T00:00:37+09:00,GBIKE,131505,84.0,36.502745,127.263642,12,세종특별시
2026-06-17T00:00:37+09:00,GBIKE,131397,73.0,36.502761,127.232936,12,세종특별시
2026-06-17T00:00:37+09:00,GBIKE,130954,41.0,36.50278,127.263626,12,세종특별시
2026-06-17T00:00:37+09:00,GBIKE,131079,58.0,36.5028,127.26018,12,세종특별시
2026-06-17T00:00:37+09:00,GBIKE,130184,82.0,36.502833,127.257029,12,세종특별시
2026-06-17T00:00:37+09:00,GBIKE,131491,80.0,36.502857,127.232601,12,세종특별시
2026-06-17T00:00:37+09:00,GBIKE,131894,61.0,36.502956,127.232609,12,세종특별시
2026-06-17T00:00:37+09:00,GBIKE,131597,80.0,36.502996,127.237038,12,세종특별시
2026-06-17T00:00:37+09:00,GBIKE,131875,69.0,36.503013,127.334513,12,세종특별시
2026-06-17T00:00:37+09:00,GBIKE,131669,67.0,36.503025,127.334475,12,세종특별시
2026-06-17T00:00:37+09:00,GBIKE,131267,30.0,36.503027,127.334479,12,세종특별시
2026-06-17T00:00:37+09:00,GBIKE,130368,30.0,36.503035,127.334521,12,세종특별시
2026-06-17T00:00:37+09:00,GBIKE,131708,91.0,36.503075,127.232632,12,세종특별시
2026-06-17T00:00:37+09:00,GBIKE,130951,34.0,36.503138,127.237109,12,세종특별시
2026-06-17T00:00:37+09:00,GBIKE,131936,100.0,36.503151,127.253671,12,세종특별시
2026-06-17T00:00:37+09:00,GBIKE,131418,34.0,36.503193,127.246316,12,세종특별시
2026-06-17T00:00:37+09:00,GBIKE,501456,76.0,36.503215,127.335061,12,세종특별시
2026-06-17T00:00:37+09:00,GBIKE,130489,36.0,36.503243,127.33507,12,세종특별시
2026-06-17T00:00:37+09:00,GBIKE,131970,88.0,36.503247,127.250433,12,세종특별시
2026-06-17T00:00:37+09:00,GBIKE,130993,100.0,36.503261,127.334706,12,세종특별시
2026-06-17T00:00:37+09:00,GBIKE,131623,50.0,36.503279,127.245015,12,세종특별시
2026-06-17T00:00:37+09:00,GBIKE,130306,87.0,36.503327,127.240977,12,세종특별시
2026-06-17T00:00:37+09:00,GBIKE,130539,61.0,36.503351,127.243131,12,세종특별시
2026-06-17T00:00:37+09:00,GBIKE,131663,47.0,36.503363,127.250613,12,세종특별시
2026-06-17T00:00:37+09:00,GBIKE,131375,33.0,36.503367,127.250395,12,세종특별시
2026-06-17T00:00:37+09:00,GBIKE,131867,80.0,36.503381,127.240985,12,세종특별시
2026-06-17T00:00:37+09:00,GBIKE,131377,38.0,36.503401,127.260941,12,세종특별시
2026-06-17T00:00:37+09:00,GBIKE,501149,81.0,36.503425,127.236811,12,세종특별시
2026-06-17T00:00:37+09:00,GBIKE,130447,37.0,36.503432,127.249931,12,세종특별시
2026-06-17T00:00:37+09:00,GBIKE,131655,42.0,36.503474,127.249588,12,세종특별시
2026-06-17T00:00:37+09:00,GBIKE,131353,100.0,36.503496,127.334435,12,세종특별시
2026-06-17T00:00:37+09:00,GBIKE,131944,30.0,36.503541,127.250093,12,세종특별시
2026-06-17T00:00:37+09:00,GBIKE,131346,55.0,36.50355,127.334456,12,세종특별시
2026-06-17T00:00:37+09:00,GBIKE,131119,98.0,36.503557,127.334354,12,세종특별시
2026-06-17T00:00:37+09:00,GBIKE,130622,88.0,36.503576,127.242633,12,세종특별시
2026-06-17T00:00:37+09:00,GBIKE,131887,96.0,36.503577,127.235883,12,세종특별시
2026-06-17T00:00:37+09:00,GBIKE,130685,96.0,36.503587,127.269645,12,세종특별시
2026-06-17T00:00:37+09:00,GBIKE,130430,75.0,36.503591,127.235947,12,세종특별시
2026-06-17T00:00:37+09:00,GBIKE,130820,36.0,36.503646,127.246632,12,세종특별시
2026-06-17T00:00:37+09:00,GBIKE,131490,39.0,36.50365,127.266968,12,세종특별시
2026-06-17T00:00:37+09:00,GBIKE,131117,78.0,36.503661,127.23623,12,세종특별시
2026-06-17T00:00:37+09:00,GBIKE,131048,67.0,36.503707,127.247285,12,세종특별시
2026-06-17T00:00:37+09:00,GBIKE,130071,42.0,36.503708,127.237544,12,세종특별시
2026-06-17T00:00:37+09:00,GBIKE,130147,92.0,36.50371,127.261317,12,세종특별시
2026-06-17T00:00:37+09:00,GBIKE,130240,55.0,36.503714,127.237601,12,세종특별시
2026-06-17T00:00:37+09:00,GBIKE,131684,89.0,36.503747,127.253683,12,세종특별시
2026-06-17T00:00:37+09:00,GBIKE,130883,74.0,36.503773,127.261246,12,세종특별시
2026-06-17T00:00:37+09:00,GBIKE,130551,95.0,36.503841,127.246391,12,세종특별시
2026-06-17T00:00:37+09:00,GBIKE,131960,72.0,36.503847,127.25028,12,세종특별시
2026-06-17T00:00:37+09:00,GBIKE,130723,100.0,36.503872,127.271605,12,세종특별시
2026-06-17T00:00:37+09:00,GBIKE,130534,32.0,36.503877,127.261321,12,세종특별시
2026-06-17T00:00:37+09:00,GBIKE,131444,58.0,36.503886,127.250261,12,세종특별시
2026-06-17T00:00:37+09:00,GBIKE,131163,32.0,36.50389,127.249274,12,세종특별시
2026-06-17T00:00:37+09:00,GBIKE,131833,65.0,36.503903,127.245004,12,세종특별시
2026-06-17T00:00:37+09:00,GBIKE,130705,100.0,36.503905,127.250291,12,세종특별시
2026-06-17T00:00:37+09:00,GBIKE,131787,42.0,36.503905,127.261296,12,세종특별시
2026-06-17T00:00:37+09:00,GBIKE,501183,43.0,36.503933,127.261256,12,세종특별시
2026-06-17T00:00:37+09:00,GBIKE,130327,87.0,36.503944,127.237685,12,세종특별시
2026-06-17T00:00:37+09:00,GBIKE,501111,81.0,36.503977,127.245179,12,세종특별시
2026-06-17T00:00:37+09:00,GBIKE,130191,80.0,36.503979,127.244925,12,세종특별시
2026-06-17T00:00:37+09:00,GBIKE,501293,90.0,36.504001,127.271593,12,세종특별시
2026-06-17T00:00:37+09:00,GBIKE,130739,35.0,36.504044,127.235133,12,세종특별시
2026-06-17T00:00:37+09:00,GBIKE,130427,100.0,36.504049,127.252782,12,세종특별시
2026-06-17T00:00:37+09:00,GBIKE,130164,41.0,36.504051,127.252813,12,세종특별시
2026-06-17T00:00:37+09:00,GBIKE,130654,40.0,36.504063,127.252343,12,세종특별시
2026-06-17T00:00:37+09:00,GBIKE,131269,54.0,36.504066,127.240837,12,세종특별시
2026-06-17T00:00:37+09:00,GBIKE,131215,78.0,36.504081,127.252701,12,세종특별시
2026-06-17T00:00:37+09:00,GBIKE,342605,33.0,36.504121,127.235255,12,세종특별시
2026-06-17T00:00:37+09:00,GBIKE,131925,76.0,36.504148,127.244559,12,세종특별시
2026-06-17T00:00:37+09:00,GBIKE,131475,69.0,36.504211,127.235495,12,세종특별시
2026-06-17T00:00:37+09:00,GBIKE,130144,88.0,36.504214,127.235429,12,세종특별시
2026-06-17T00:00:37+09:00,GBIKE,130485,67.0,36.504262,127.247001,12,세종특별시
2026-06-17T00:00:37+09:00,GBIKE,130417,31.0,36.504271,127.244596,12,세종특별시
2026-06-17T00:00:37+09:00,GBIKE,130467,82.0,36.504271,127.234948,12,세종특별시
2026-06-17T00:00:37+09:00,GBIKE,131180,32.0,36.50429,127.264274,12,세종특별시
2026-06-17T00:00:37+09:00,GBIKE,131691,44.0,36.504301,127.234823,12,세종특별시
2026-06-17T00:00:37+09:00,GBIKE,130631,86.0,36.504302,127.23531,12,세종특별시
2026-06-17T00:00:37+09:00,GBIKE,131081,70.0,36.504303,127.235224,12,세종특별시
2026-06-17T00:00:37+09:00,GBIKE,501448,76.0,36.504317,127.235466,12,세종특별시
2026-06-17T00:00:37+09:00,GBIKE,130492,87.0,36.504327,127.235244,12,세종특별시
2026-06-17T00:00:37+09:00,GBIKE,130034,61.0,36.504329,127.252072,12,세종특별시
2026-06-17T00:00:37+09:00,GBIKE,131775,77.0,36.504338,127.23484,12,세종특별시
2026-06-17T00:00:37+09:00,GBIKE,130562,96.0,36.504342,127.235347,12,세종특별시
2026-06-17T00:00:37+09:00,GBIKE,130898,100.0,36.504344,127.235286,12,세종특별시
2026-06-17T00:00:37+09:00,GBIKE,130756,66.0,36.504347,127.235485,12,세종특별시
2026-06-17T00:00:37+09:00,GBIKE,130599,86.0,36.504349,127.235477,12,세종특별시
2026-06-17T00:00:37+09:00,GBIKE,131525,100.0,36.504351,127.235243,12,세종특별시
2026-06-17T00:00:37+09:00,GBIKE,131091,95.0,36.504358,127.235248,12,세종특별시
2026-06-17T00:00:37+09:00,GBIKE,131807,56.0,36.504365,127.237962,12,세종특별시
2026-06-17T00:00:37+09:00,GBIKE,130218,58.0,36.504435,127.234409,12,세종특별시
2026-06-17T00:00:37+09:00,GBIKE,130624,74.0,36.504444,127.241553,12,세종특별시
2026-06-17T00:00:37+09:00,GBIKE,131539,97.0,36.50447,127.24155,12,세종특별시
2026-06-17T00:00:37+09:00,GBIKE,130067,84.0,36.504589,127.235802,12,세종특별시
2026-06-17T00:00:37+09:00,GBIKE,131856,60.0,36.504665,127.236045,12,세종특별시
2026-06-17T00:00:37+09:00,GBIKE,130384,86.0,36.504674,127.271248,12,세종특별시
2026-06-17T00:00:37+09:00,GBIKE,131709,66.0,36.504709,127.234684,12,세종특별시
2026-06-17T00:00:37+09:00,GBIKE,130309,82.0,36.504739,127.234163,12,세종특별시
2026-06-17T00:00:37+09:00,GBIKE,131006,79.0,36.504745,127.234155,12,세종특별시
2026-06-17T00:00:37+09:00,GBIKE,131236,38.0,36.504774,127.274549,12,세종특별시
2026-06-17T00:00:37+09:00,GBIKE,131849,55.0,36.50478,127.234601,12,세종특별시
2026-06-17T00:00:37+09:00,GBIKE,130581,54.0,36.504788,127.274455,12,세종특별시
2026-06-17T00:00:37+09:00,GBIKE,130572,71.0,36.504804,127.234188,12,세종특별시
2026-06-17T00:00:37+09:00,GBIKE,131285,70.0,36.504815,127.236273,12,세종특별시
2026-06-17T00:00:37+09:00,GBIKE,130996,95.0,36.504821,127.236205,12,세종특별시
2026-06-17T00:00:37+09:00,GBIKE,130788,30.0,36.504839,127.261815,12,세종특별시
2026-06-17T00:00:37+09:00,GBIKE,130268,97.0,36.504865,127.236808,12,세종특별시
2026-06-17T00:00:37+09:00,GBIKE,131654,31.0,36.504865,127.261621,12,세종특별시
2026-06-17T00:00:37+09:00,GBIKE,131388,33.0,36.504891,127.250173,12,세종특별시
2026-06-17T00:00:37+09:00,GBIKE,131835,86.0,36.504892,127.269542,12,세종특별시
2026-06-17T00:00:37+09:00,GBIKE,501433,66.0,36.504933,127.249602,12,세종특별시
2026-06-17T00:00:37+09:00,GBIKE,130610,58.0,36.504934,127.247452,12,세종특별시
2026-06-17T00:00:37+09:00,GBIKE,501535,61.0,36.50496,127.248134,12,세종특별시
2026-06-17T00:00:37+09:00,GBIKE,501588,71.0,36.504961,127.247813,12,세종특별시
2026-06-17T00:00:37+09:00,GBIKE,131812,96.0,36.504992,127.242836,12,세종특별시
2026-06-17T00:00:37+09:00,GBIKE,501575,95.0,36.505009,127.246917,12,세종특별시
2026-06-17T00:00:37+09:00,GBIKE,130404,69.0,36.505022,127.233807,12,세종특별시
2026-06-17T00:00:37+09:00,GBIKE,130476,63.0,36.505046,127.272515,12,세종특별시
2026-06-17T00:00:37+09:00,GBIKE,131735,94.0,36.505071,127.23848,12,세종특별시
2026-06-17T00:00:37+09:00,GBIKE,131239,54.0,36.505082,127.242843,12,세종특별시
2026-06-17T00:00:37+09:00,GBIKE,131933,52.0,36.50512,127.248062,12,세종특별시
2026-06-17T00:00:37+09:00,GBIKE,501221,71.0,36.505133,127.260067,12,세종특별시
2026-06-17T00:00:37+09:00,GBIKE,131580,84.0,36.505134,127.240414,12,세종특별시
2026-06-17T00:00:37+09:00,GBIKE,130938,93.0,36.505139,127.240305,12,세종특별시
2026-06-17T00:00:37+09:00,GBIKE,131866,94.0,36.505147,127.275626,12,세종특별시
2026-06-17T00:00:37+09:00,GBIKE,131848,63.0,36.50517,127.236143,12,세종특별시
2026-06-17T00:00:37+09:00,GBIKE,130055,67.0,36.505178,127.275517,12,세종특별시
2026-06-17T00:00:37+09:00,GBIKE,501401,60.0,36.505178,127.247337,12,세종특별시
2026-06-17T00:00:37+09:00,GBIKE,130979,46.0,36.505186,127.232878,12,세종특별시
2026-06-17T00:00:37+09:00,GBIKE,131155,33.0,36.505192,127.249239,12,세종특별시
2026-06-17T00:00:37+09:00,GBIKE,131500,93.0,36.505195,127.236085,12,세종특별시
2026-06-17T00:00:37+09:00,GBIKE,501250,61.0,36.505206,127.233828,12,세종특별시
2026-06-17T00:00:37+09:00,GBIKE,131098,94.0,36.505213,127.275441,12,세종특별시
2026-06-17T00:00:37+09:00,GBIKE,501288,72.0,36.505219,127.258718,12,세종특별시
2026-06-17T00:00:37+09:00,GBIKE,130578,80.0,36.50522,127.232851,12,세종특별시
2026-06-17T00:00:37+09:00,GBIKE,130525,31.0,36.505226,127.233846,12,세종특별시
2026-06-17T00:00:37+09:00,GBIKE,131903,100.0,36.505226,127.275453,12,세종특별시
2026-06-17T00:00:37+09:00,GBIKE,130353,97.0,36.505242,127.232894,12,세종특별시
2026-06-17T00:00:37+09:00,GBIKE,130768,49.0,36.505243,127.245278,12,세종특별시
2026-06-17T00:00:37+09:00,GBIKE,131609,82.0,36.50526,127.233005,12,세종특별시
2026-06-17T00:00:37+09:00,GBIKE,131329,76.0,36.50528,127.261852,12,세종특별시
2026-06-17T00:00:37+09:00,GBIKE,131825,84.0,36.50528,127.236169,12,세종특별시
2026-06-17T00:00:37+09:00,GBIKE,131339,93.0,36.505282,127.243477,12,세종특별시
2026-06-17T00:00:37+09:00,GBIKE,130914,81.0,36.505288,127.261858,12,세종특별시
2026-06-17T00:00:37+09:00,GBIKE,130558,60.0,36.505311,127.242888,12,세종특별시
2026-06-17T00:00:37+09:00,GBIKE,131699,91.0,36.505312,127.245009,12,세종특별시
2026-06-17T00:00:37+09:00,GBIKE,131668,65.0,36.505362,127.239622,12,세종특별시
2026-06-17T00:00:37+09:00,GBIKE,131322,95.0,36.505365,127.23339,12,세종특별시
2026-06-17T00:00:37+09:00,GBIKE,131461,96.0,36.505376,127.2333,12,세종특별시
2026-06-17T00:00:37+09:00,GBIKE,130180,70.0,36.505377,127.235154,12,세종특별시
2026-06-17T00:00:37+09:00,GBIKE,130870,75.0,36.505391,127.241054,12,세종특별시
2026-06-17T00:00:37+09:00,GBIKE,130087,38.0,36.505403,127.238683,12,세종특별시
2026-06-17T00:00:37+09:00,GBIKE,130793,32.0,36.505469,127.240114,12,세종특별시
2026-06-17T00:00:37+09:00,GBIKE,501500,76.0,36.505476,127.269277,12,세종특별시
2026-06-17T00:00:37+09:00,GBIKE,131147,79.0,36.50549,127.23561,12,세종특별시
2026-06-17T00:00:37+09:00,GBIKE,131904,57.0,36.505503,127.235132,12,세종특별시
2026-06-17T00:00:37+09:00,GBIKE,131028,56.0,36.505524,127.235596,12,세종특별시
2026-06-17T00:00:37+09:00,GBIKE,130139,42.0,36.505533,127.235651,12,세종특별시
2026-06-17T00:00:37+09:00,GBIKE,501262,54.0,36.505541,127.233004,12,세종특별시
2026-06-17T00:00:37+09:00,GBIKE,131764,100.0,36.505556,127.235688,12,세종특별시
2026-06-17T00:00:37+09:00,GBIKE,131492,63.0,36.505579,127.234092,12,세종특별시
2026-06-17T00:00:37+09:00,GBIKE,131818,61.0,36.50558,127.235411,12,세종특별시
2026-06-17T00:00:37+09:00,GBIKE,130280,45.0,36.505608,127.248994,12,세종특별시
2026-06-17T00:00:37+09:00,GBIKE,130834,47.0,36.505653,127.233298,12,세종특별시
2026-06-17T00:00:37+09:00,GBIKE,131948,86.0,36.50572,127.235015,12,세종특별시
2026-06-17T00:00:37+09:00,GBIKE,130579,78.0,36.505742,127.235166,12,세종특별시
2026-06-17T00:00:37+09:00,GBIKE,131632,33.0,36.505765,127.248655,12,세종특별시
2026-06-17T00:00:37+09:00,GBIKE,131075,94.0,36.505776,127.233087,12,세종특별시
2026-06-17T00:00:37+09:00,GBIKE,131109,57.0,36.505793,127.233043,12,세종특별시
2026-06-17T00:00:37+09:00,GBIKE,130196,85.0,36.505794,127.233069,12,세종특별시
2026-06-17T00:00:37+09:00,GBIKE,131871,40.0,36.505813,127.238992,12,세종특별시
2026-06-17T00:00:37+09:00,GBIKE,130771,49.0,36.50582,127.249924,12,세종특별시
2026-06-17T00:00:37+09:00,GBIKE,130595,66.0,36.505833,127.235187,12,세종특별시
2026-06-17T00:00:37+09:00,GBIKE,130136,58.0,36.505841,127.234999,12,세종특별시
2026-06-17T00:00:37+09:00,GBIKE,131972,35.0,36.505844,127.253409,12,세종특별시
2026-06-17T00:00:37+09:00,GBIKE,131136,86.0,36.505845,127.234608,12,세종특별시
2026-06-17T00:00:37+09:00,GBIKE,131783,76.0,36.505874,127.235077,12,세종특별시
2026-06-17T00:00:37+09:00,GBIKE,131225,34.0,36.505876,127.250125,12,세종특별시
2026-06-17T00:00:37+09:00,GBIKE,130132,55.0,36.505907,127.23506,12,세종특별시
2026-06-17T00:00:37+09:00,GBIKE,131753,71.0,36.505911,127.235128,12,세종특별시
2026-06-17T00:00:37+09:00,GBIKE,131042,91.0,36.505978,127.238982,12,세종특별시
2026-06-17T00:00:37+09:00,GBIKE,130587,66.0,36.506007,127.234141,12,세종특별시
2026-06-17T00:00:37+09:00,GBIKE,130439,88.0,36.506032,127.234808,12,세종특별시
2026-06-17T00:00:37+09:00,GBIKE,131862,39.0,36.506045,127.272708,12,세종특별시
2026-06-17T00:00:37+09:00,GBIKE,130484,69.0,36.506049,127.234763,12,세종특별시
2026-06-17T00:00:37+09:00,GBIKE,131125,98.0,36.506052,127.233998,12,세종특별시
2026-06-17T00:00:37+09:00,GBIKE,131502,77.0,36.506054,127.234728,12,세종특별시
2026-06-17T00:00:37+09:00,GBIKE,131758,73.0,36.506063,127.245044,12,세종특별시
2026-06-17T00:00:37+09:00,GBIKE,130337,75.0,36.506085,127.234719,12,세종특별시
2026-06-17T00:00:37+09:00,GBIKE,131786,47.0,36.506099,127.234681,12,세종특별시
2026-06-17T00:00:37+09:00,GBIKE,131671,91.0,36.5061,127.234727,12,세종특별시
2026-06-17T00:00:37+09:00,GBIKE,130183,50.0,36.506119,127.245013,12,세종특별시
2026-06-17T00:00:37+09:00,GBIKE,130078,62.0,36.506126,127.234208,12,세종특별시
2026-06-17T00:00:37+09:00,GBIKE,131132,30.0,36.506128,127.33688,12,세종특별시
2026-06-17T00:00:37+09:00,GBIKE,501273,93.0,36.506138,127.245013,12,세종특별시
2026-06-17T00:00:37+09:00,GBIKE,131047,93.0,36.506149,127.272569,12,세종특별시
2026-06-17T00:00:37+09:00,GBIKE,131596,65.0,36.50615,127.233867,12,세종특별시
2026-06-17T00:00:37+09:00,GBIKE,131120,64.0,36.506155,127.245082,12,세종특별시
2026-06-17T00:00:37+09:00,GBIKE,130269,74.0,36.506198,127.336862,12,세종특별시
2026-06-17T00:00:37+09:00,GBIKE,130522,74.0,36.506201,127.245061,12,세종특별시
2026-06-17T00:00:37+09:00,GBIKE,501493,64.0,36.506213,127.249648,12,세종특별시
2026-06-17T00:00:37+09:00,GBIKE,131205,57.0,36.506243,127.273048,12,세종특별시
2026-06-17T00:00:37+09:00,GBIKE,131421,97.0,36.506329,127.234542,12,세종특별시
2026-06-17T00:00:37+09:00,GBIKE,130174,74.0,36.506345,127.239064,12,세종특별시
2026-06-17T00:00:37+09:00,GBIKE,131242,81.0,36.506475,127.234294,12,세종특별시
2026-06-17T00:00:37+09:00,GBIKE,501116,93.0,36.506493,127.234265,12,세종특별시
2026-06-17T00:00:37+09:00,GBIKE,131247,39.0,36.506494,127.269858,12,세종특별시
2026-06-17T00:00:37+09:00,GBIKE,130968,70.0,36.506506,127.258384,12,세종특별시
2026-06-17T00:00:37+09:00,GBIKE,131574,54.0,36.506516,127.234281,12,세종특별시
2026-06-17T00:00:37+09:00,GBIKE,130244,91.0,36.506518,127.262015,12,세종특별시
2026-06-17T00:00:37+09:00,GBIKE,130647,95.0,36.506525,127.234269,12,세종특별시
2026-06-17T00:00:37+09:00,GBIKE,131485,57.0,36.506541,127.234204,12,세종특별시
2026-06-17T00:00:37+09:00,GBIKE,501551,69.0,36.506583,127.25864,12,세종특별시
2026-06-17T00:00:37+09:00,GBIKE,130254,84.0,36.506584,127.272803,12,세종특별시
2026-06-17T00:00:37+09:00,GBIKE,131402,31.0,36.506589,127.258665,12,세종특별시
2026-06-17T00:00:37+09:00,GBIKE,130677,67.0,36.50661,127.269865,12,세종특별시
2026-06-17T00:00:37+09:00,GBIKE,501214,43.0,36.506675,127.2583,12,세종특별시
2026-06-17T00:00:37+09:00,GBIKE,501537,53.0,36.506683,127.263168,12,세종특별시
2026-06-17T00:00:37+09:00,GBIKE,130134,94.0,36.506687,127.258301,12,세종특별시
2026-06-17T00:00:37+09:00,GBIKE,131975,84.0,36.506689,127.232091,12,세종특별시
2026-06-17T00:00:37+09:00,GBIKE,131406,86.0,36.506691,127.232118,12,세종특별시
2026-06-17T00:00:37+09:00,GBIKE,131826,73.0,36.506702,127.258253,12,세종특별시
2026-06-17T00:00:37+09:00,GBIKE,130840,73.0,36.506713,127.236538,12,세종특별시
2026-06-17T00:00:37+09:00,GBIKE,130663,85.0,36.506721,127.232023,12,세종특별시
2026-06-17T00:00:37+09:00,GBIKE,130058,75.0,36.506756,127.245173,12,세종특별시
2026-06-17T00:00:37+09:00,GBIKE,130667,89.0,36.506801,127.234995,12,세종특별시
2026-06-17T00:00:37+09:00,GBIKE,131705,49.0,36.506801,127.237053,12,세종특별시
2026-06-17T00:00:37+09:00,GBIKE,131387,81.0,36.506822,127.245178,12,세종특별시
2026-06-17T00:00:37+09:00,GBIKE,501243,48.0,36.506822,127.258282,12,세종특별시
2026-06-17T00:00:37+09:00,GBIKE,130748,36.0,36.506828,127.23701,12,세종특별시
2026-06-17T00:00:37+09:00,GBIKE,130108,89.0,36.506856,127.261382,12,세종특별시
2026-06-17T00:00:37+09:00,GBIKE,130263,51.0,36.506872,127.270193,12,세종특별시
2026-06-17T00:00:37+09:00,GBIKE,130213,66.0,36.506878,127.270203,12,세종특별시
2026-06-17T00:00:37+09:00,GBIKE,130031,33.0,36.506904,127.253763,12,세종특별시
2026-06-17T00:00:37+09:00,GBIKE,130048,68.0,36.506921,127.259876,12,세종특별시
2026-06-17T00:00:37+09:00,GBIKE,130611,100.0,36.506922,127.253837,12,세종특별시
2026-06-17T00:00:37+09:00,GBIKE,130805,45.0,36.506922,127.259871,12,세종특별시
2026-06-17T00:00:37+09:00,GBIKE,130827,43.0,36.506925,127.259852,12,세종특별시
2026-06-17T00:00:37+09:00,GBIKE,130382,91.0,36.506936,127.253827,12,세종특별시
2026-06-17T00:00:37+09:00,GBIKE,131139,34.0,36.506942,127.247707,12,세종특별시
2026-06-17T00:00:37+09:00,GBIKE,130170,62.0,36.506954,127.267956,12,세종특별시
2026-06-17T00:00:37+09:00,GBIKE,501253,71.0,36.506992,127.262016,12,세종특별시
2026-06-17T00:00:37+09:00,GBIKE,130217,78.0,36.507152,127.235837,12,세종특별시
2026-06-17T00:00:37+09:00,GBIKE,131310,78.0,36.507158,127.251326,12,세종특별시
2026-06-17T00:00:37+09:00,GBIKE,131003,48.0,36.507207,127.249989,12,세종특별시
2026-06-17T00:00:37+09:00,GBIKE,131152,81.0,36.507227,127.25124,12,세종특별시
2026-06-17T00:00:37+09:00,GBIKE,130868,78.0,36.507229,127.236627,12,세종특별시
2026-06-17T00:00:37+09:00,GBIKE,131688,48.0,36.507232,127.262042,12,세종특별시
2026-06-17T00:00:37+09:00,GBIKE,131934,88.0,36.507256,127.239427,12,세종특별시
2026-06-17T00:00:37+09:00,GBIKE,131250,89.0,36.50726,127.236524,12,세종특별시
2026-06-17T00:00:37+09:00,GBIKE,131916,98.0,36.507262,127.263498,12,세종특별시
2026-06-17T00:00:37+09:00,GBIKE,131061,59.0,36.507265,127.236277,12,세종특별시
2026-06-17T00:00:37+09:00,GBIKE,130757,51.0,36.507349,127.268924,12,세종특별시
2026-06-17T00:00:37+09:00,GBIKE,131216,57.0,36.507373,127.268962,12,세종특별시
2026-06-17T00:00:37+09:00,GBIKE,130392,87.0,36.507389,127.268933,12,세종특별시
2026-06-17T00:00:37+09:00,GBIKE,501215,64.0,36.507424,127.263119,12,세종특별시
2026-06-17T00:00:37+09:00,GBIKE,130155,46.0,36.507442,127.243209,12,세종특별시
2026-06-17T00:00:37+09:00,GBIKE,501402,93.0,36.507484,127.263087,12,세종특별시
2026-06-17T00:00:37+09:00,GBIKE,501338,62.0,36.507501,127.262015,12,세종특별시
2026-06-17T00:00:37+09:00,GBIKE,130872,70.0,36.507516,127.239414,12,세종특별시
2026-06-17T00:00:37+09:00,GBIKE,130527,57.0,36.507607,127.239459,12,세종특별시
2026-06-17T00:00:37+09:00,GBIKE,131175,92.0,36.507635,127.25752,12,세종특별시
2026-06-17T00:00:37+09:00,GBIKE,131604,93.0,36.507636,127.237115,12,세종특별시
2026-06-17T00:00:37+09:00,GBIKE,131951,79.0,36.507665,127.239114,12,세종특별시
2026-06-17T00:00:37+09:00,GBIKE,131570,72.0,36.507673,127.26903,12,세종특별시
2026-06-17T00:00:37+09:00,GBIKE,130301,57.0,36.507815,127.262361,12,세종특별시
2026-06-17T00:00:37+09:00,GBIKE,501590,49.0,36.50782,127.249189,12,세종특별시
2026-06-17T00:00:37+09:00,GBIKE,131336,73.0,36.507849,127.231185,12,세종특별시
2026-06-17T00:00:37+09:00,GBIKE,130375,68.0,36.507951,127.26148,12,세종특별시
2026-06-17T00:00:37+09:00,GBIKE,130509,51.0,36.507975,127.261485,12,세종특별시
2026-06-17T00:00:37+09:00,GBIKE,341583,38.0,36.507998,127.257881,12,세종특별시
2026-06-17T00:00:37+09:00,GBIKE,130659,62.0,36.508065,127.241499,12,세종특별시
2026-06-17T00:00:37+09:00,GBIKE,130744,55.0,36.508084,127.257233,12,세종특별시
2026-06-17T00:00:37+09:00,GBIKE,130331,34.0,36.508149,127.246548,12,세종특별시
2026-06-17T00:00:37+09:00,GBIKE,131645,78.0,36.508264,127.257673,12,세종특별시
2026-06-17T00:00:37+09:00,GBIKE,131896,59.0,36.508294,127.267062,12,세종특별시
2026-06-17T00:00:37+09:00,GBIKE,501507,60.0,36.508311,127.231136,12,세종특별시
2026-06-17T00:00:37+09:00,GBIKE,501572,85.0,36.508319,127.257711,12,세종특별시
2026-06-17T00:00:37+09:00,GBIKE,501434,87.0,36.508342,127.261872,12,세종특별시
2026-06-17T00:00:37+09:00,GBIKE,501485,96.0,36.50838,127.262156,12,세종특별시
2026-06-17T00:00:37+09:00,GBIKE,130971,68.0,36.508436,127.249717,12,세종특별시
2026-06-17T00:00:37+09:00,GBIKE,501318,57.0,36.508441,127.266346,12,세종특별시
2026-06-17T00:00:37+09:00,GBIKE,130642,33.0,36.508449,127.249718,12,세종특별시
2026-06-17T00:00:37+09:00,GBIKE,131696,84.0,36.508451,127.239231,12,세종특별시
2026-06-17T00:00:37+09:00,GBIKE,131065,65.0,36.508485,127.249992,12,세종특별시
2026-06-17T00:00:37+09:00,GBIKE,130716,95.0,36.508516,127.239123,12,세종특별시
2026-06-17T00:00:37+09:00,GBIKE,131308,86.0,36.508524,127.248719,12,세종특별시
2026-06-17T00:00:37+09:00,GBIKE,130342,48.0,36.508527,127.239099,12,세종특별시
2026-06-17T00:00:37+09:00,GBIKE,130099,45.0,36.508606,127.23915,12,세종특별시
2026-06-17T00:00:37+09:00,GBIKE,130190,96.0,36.508717,127.240225,12,세종특별시
2026-06-17T00:00:37+09:00,GBIKE,131865,88.0,36.508722,127.24028,12,세종특별시
2026-06-17T00:00:37+09:00,GBIKE,130501,65.0,36.508731,127.240181,12,세종특별시
2026-06-17T00:00:37+09:00,GBIKE,131816,43.0,36.508731,127.234403,12,세종특별시
2026-06-17T00:00:37+09:00,GBIKE,501321,53.0,36.508735,127.261242,12,세종특별시
2026-06-17T00:00:37+09:00,GBIKE,131252,99.0,36.508738,127.261808,12,세종특별시
2026-06-17T00:00:37+09:00,GBIKE,130286,60.0,36.508759,127.240242,12,세종특별시
2026-06-17T00:00:37+09:00,GBIKE,131950,71.0,36.508766,127.240213,12,세종특별시
2026-06-17T00:00:37+09:00,GBIKE,131922,42.0,36.50877,127.239618,12,세종특별시
2026-06-17T00:00:37+09:00,GBIKE,131674,65.0,36.508797,127.264276,12,세종특별시
2026-06-17T00:00:37+09:00,GBIKE,131680,74.0,36.5088,127.234394,12,세종특별시
2026-06-17T00:00:37+09:00,GBIKE,131493,95.0,36.508831,127.234364,12,세종특별시
2026-06-17T00:00:37+09:00,GBIKE,131766,72.0,36.508847,127.26624,12,세종특별시
2026-06-17T00:00:37+09:00,GBIKE,130625,64.0,36.508913,127.264811,12,세종특별시
2026-06-17T00:00:37+09:00,GBIKE,130740,96.0,36.508924,127.231952,12,세종특별시
2026-06-17T00:00:37+09:00,GBIKE,130241,72.0,36.508936,127.240393,12,세종특별시
2026-06-17T00:00:37+09:00,GBIKE,131977,38.0,36.508949,127.257193,12,세종특별시
2026-06-17T00:00:37+09:00,GBIKE,130274,55.0,36.509034,127.269633,12,세종특별시
2026-06-17T00:00:37+09:00,GBIKE,130602,54.0,36.509036,127.267215,12,세종특별시
2026-06-17T00:00:37+09:00,GBIKE,130444,57.0,36.509065,127.234144,12,세종특별시
2026-06-17T00:00:37+09:00,GBIKE,130304,98.0,36.509112,127.241615,12,세종특별시
2026-06-17T00:00:37+09:00,GBIKE,131196,68.0,36.509131,127.231905,12,세종특별시
2026-06-17T00:00:37+09:00,GBIKE,501313,83.0,36.509136,127.267482,12,세종특별시
2026-06-17T00:00:37+09:00,GBIKE,131721,69.0,36.509154,127.234104,12,세종특별시
2026-06-17T00:00:37+09:00,GBIKE,130704,68.0,36.509221,127.243959,12,세종특별시
2026-06-17T00:00:37+09:00,GBIKE,130632,88.0,36.509252,127.239789,12,세종특별시
2026-06-17T00:00:37+09:00,GBIKE,130480,80.0,36.50931,127.234003,12,세종특별시
2026-06-17T00:00:37+09:00,GBIKE,131017,67.0,36.509315,127.232346,12,세종특별시
2026-06-17T00:00:37+09:00,GBIKE,130089,94.0,36.509331,127.23227,12,세종특별시
2026-06-17T00:00:37+09:00,GBIKE,130526,76.0,36.50935,127.232279,12,세종특별시
2026-06-17T00:00:37+09:00,GBIKE,131296,73.0,36.509365,127.232495,12,세종특별시
2026-06-17T00:00:37+09:00,GBIKE,131052,96.0,36.509371,127.2325,12,세종특별시
2026-06-17T00:00:37+09:00,GBIKE,131266,89.0,36.509371,127.232392,12,세종특별시
2026-06-17T00:00:37+09:00,GBIKE,130543,65.0,36.509374,127.23242,12,세종특별시
2026-06-17T00:00:37+09:00,GBIKE,131846,58.0,36.509389,127.232507,12,세종특별시
2026-06-17T00:00:37+09:00,GBIKE,130343,98.0,36.509405,127.267849,12,세종특별시
2026-06-17T00:00:37+09:00,GBIKE,131797,94.0,36.509442,127.244456,12,세종특별시
2026-06-17T00:00:37+09:00,GBIKE,130514,63.0,36.509516,127.233059,12,세종특별시
2026-06-17T00:00:37+09:00,GBIKE,130638,99.0,36.509549,127.233071,12,세종특별시
2026-06-17T00:00:37+09:00,GBIKE,130348,35.0,36.509553,127.259172,12,세종특별시
2026-06-17T00:00:37+09:00,GBIKE,130535,69.0,36.509553,127.233122,12,세종특별시
2026-06-17T00:00:37+09:00,GBIKE,130634,95.0,36.509585,127.233608,12,세종특별시
2026-06-17T00:00:37+09:00,GBIKE,131935,94.0,36.509585,127.233645,12,세종특별시
2026-06-17T00:00:37+09:00,GBIKE,130311,81.0,36.509592,127.233606,12,세종특별시
2026-06-17T00:00:37+09:00,GBIKE,131943,94.0,36.509615,127.241585,12,세종특별시
2026-06-17T00:00:37+09:00,GBIKE,131780,67.0,36.50965,127.233622,12,세종특별시
2026-06-17T00:00:37+09:00,GBIKE,130760,64.0,36.509672,127.233957,12,세종특별시
2026-06-17T00:00:37+09:00,GBIKE,130299,65.0,36.509695,127.249657,12,세종특별시
2026-06-17T00:00:37+09:00,GBIKE,131364,59.0,36.50971,127.233879,12,세종특별시
2026-06-17T00:00:37+09:00,GBIKE,130130,59.0,36.509716,127.233641,12,세종특별시
2026-06-17T00:00:37+09:00,GBIKE,130502,87.0,36.509719,127.229185,12,세종특별시
2026-06-17T00:00:37+09:00,GBIKE,131302,62.0,36.50973,127.263848,12,세종특별시
2026-06-17T00:00:37+09:00,GBIKE,131277,58.0,36.509752,127.246294,12,세종특별시
2026-06-17T00:00:37+09:00,GBIKE,131991,96.0,36.509817,127.267419,12,세종특별시
2026-06-17T00:00:37+09:00,GBIKE,130168,84.0,36.509866,127.26045,12,세종특별시
2026-06-17T00:00:37+09:00,GBIKE,131640,68.0,36.509998,127.250157,12,세종특별시
2026-06-17T00:00:37+09:00,GBIKE,501271,56.0,36.510039,127.246173,12,세종특별시
2026-06-17T00:00:37+09:00,GBIKE,130398,74.0,36.510184,127.246075,12,세종특별시
2026-06-17T00:00:37+09:00,GBIKE,130220,61.0,36.510255,127.267193,12,세종특별시
2026-06-17T00:00:37+09:00,GBIKE,130717,85.0,36.51038,127.260408,12,세종특별시
2026-06-17T00:00:37+09:00,GBIKE,131900,76.0,36.510402,127.233986,12,세종특별시
2026-06-17T00:00:37+09:00,GBIKE,130453,77.0,36.510451,127.258786,12,세종특별시
2026-06-17T00:00:37+09:00,GBIKE,130085,66.0,36.510453,127.241335,12,세종특별시
2026-06-17T00:00:37+09:00,GBIKE,501360,91.0,36.510454,127.241193,12,세종특별시
2026-06-17T00:00:37+09:00,GBIKE,130064,54.0,36.510462,127.231882,12,세종특별시
2026-06-17T00:00:37+09:00,GBIKE,131273,50.0,36.510472,127.231751,12,세종특별시
2026-06-17T00:00:37+09:00,GBIKE,130636,87.0,36.510473,127.231766,12,세종특별시
2026-06-17T00:00:37+09:00,GBIKE,131246,96.0,36.51048,127.231713,12,세종특별시
2026-06-17T00:00:37+09:00,GBIKE,131976,36.0,36.510488,127.231768,12,세종특별시
2026-06-17T00:00:37+09:00,GBIKE,130049,49.0,36.510497,127.231571,12,세종특별시
2026-06-17T00:00:37+09:00,GBIKE,131959,48.0,36.510509,127.23179,12,세종특별시
2026-06-17T00:00:37+09:00,GBIKE,131060,51.0,36.510513,127.241349,12,세종특별시
2026-06-17T00:00:37+09:00,GBIKE,131194,65.0,36.510525,127.2315,12,세종특별시
2026-06-17T00:00:37+09:00,GBIKE,131360,96.0,36.510525,127.241316,12,세종특별시
2026-06-17T00:00:37+09:00,GBIKE,501279,96.0,36.510529,127.230002,12,세종특별시
2026-06-17T00:00:37+09:00,GBIKE,131223,70.0,36.510533,127.241329,12,세종특별시
2026-06-17T00:00:37+09:00,GBIKE,130066,36.0,36.510536,127.244187,12,세종특별시
2026-06-17T00:00:37+09:00,GBIKE,131863,70.0,36.510539,127.23205,12,세종특별시
2026-06-17T00:00:37+09:00,GBIKE,130022,88.0,36.510542,127.241352,12,세종특별시
2026-06-17T00:00:37+09:00,GBIKE,130844,35.0,36.510564,127.230876,12,세종특별시
2026-06-17T00:00:37+09:00,GBIKE,612778,63.0,36.51058,127.246234,12,세종특별시
2026-06-17T00:00:37+09:00,GBIKE,131620,82.0,36.510581,127.241316,12,세종특별시
2026-06-17T00:00:37+09:00,GBIKE,130747,80.0,36.510582,127.232418,12,세종특별시
2026-06-17T00:00:37+09:00,GBIKE,131864,68.0,36.510612,127.238994,12,세종특별시
2026-06-17T00:00:37+09:00,GBIKE,130550,100.0,36.510635,127.243992,12,세종특별시
2026-06-17T00:00:37+09:00,GBIKE,131166,100.0,36.510645,127.24304,12,세종특별시
2026-06-17T00:00:37+09:00,GBIKE,131272,63.0,36.510651,127.239269,12,세종특별시
2026-06-17T00:00:37+09:00,GBIKE,131589,70.0,36.51066,127.232074,12,세종특별시
2026-06-17T00:00:37+09:00,GBIKE,130835,68.0,36.510661,127.232086,12,세종특별시
2026-06-17T00:00:37+09:00,GBIKE,130549,54.0,36.51068,127.242972,12,세종특별시
2026-06-17T00:00:37+09:00,GBIKE,130429,83.0,36.510683,127.243092,12,세종특별시
2026-06-17T00:00:37+09:00,GBIKE,130223,64.0,36.510703,127.26064,12,세종특별시
2026-06-17T00:00:37+09:00,GBIKE,131220,64.0,36.510705,127.261503,12,세종특별시
2026-06-17T00:00:37+09:00,GBIKE,131016,97.0,36.510725,127.233721,12,세종특별시
2026-06-17T00:00:37+09:00,GBIKE,131314,96.0,36.510739,127.231612,12,세종특별시
2026-06-17T00:00:37+09:00,GBIKE,501200,75.0,36.510746,127.24391,12,세종특별시
2026-06-17T00:00:37+09:00,GBIKE,501147,54.0,36.510753,127.239764,12,세종특별시
2026-06-17T00:00:37+09:00,GBIKE,131724,74.0,36.510784,127.263567,12,세종특별시
2026-06-17T00:00:37+09:00,GBIKE,130106,80.0,36.510791,127.23173,12,세종특별시
2026-06-17T00:00:37+09:00,GBIKE,130292,55.0,36.510805,127.256109,12,세종특별시
2026-06-17T00:00:37+09:00,GBIKE,130158,85.0,36.510806,127.239552,12,세종특별시
2026-06-17T00:00:37+09:00,GBIKE,130666,55.0,36.510806,127.23291,12,세종특별시
2026-06-17T00:00:37+09:00,GBIKE,130378,74.0,36.510812,127.236026,12,세종특별시
2026-06-17T00:00:37+09:00,GBIKE,358176,42.0,36.510821,127.243048,12,세종특별시
2026-06-17T00:00:37+09:00,GBIKE,130949,100.0,36.510826,127.232431,12,세종특별시
2026-06-17T00:00:37+09:00,GBIKE,130188,57.0,36.51083,127.233618,12,세종특별시
2026-06-17T00:00:37+09:00,GBIKE,359456,34.0,36.510831,127.23251,12,세종특별시
2026-06-17T00:00:37+09:00,GBIKE,130603,53.0,36.510832,127.243123,12,세종특별시
2026-06-17T00:00:37+09:00,GBIKE,131076,80.0,36.510848,127.242856,12,세종특별시
2026-06-17T00:00:37+09:00,GBIKE,131344,46.0,36.510852,127.232463,12,세종특별시
2026-06-17T00:00:37+09:00,GBIKE,130826,69.0,36.510866,127.239555,12,세종특별시
2026-06-17T00:00:37+09:00,GBIKE,130791,78.0,36.510873,127.232934,12,세종특별시
2026-06-17T00:00:37+09:00,GBIKE,501337,68.0,36.510886,127.232901,12,세종특별시
2026-06-17T00:00:37+09:00,GBIKE,130025,95.0,36.510889,127.232915,12,세종특별시
2026-06-17T00:00:37+09:00,GBIKE,130504,95.0,36.51089,127.233553,12,세종특별시
2026-06-17T00:00:37+09:00,GBIKE,130553,50.0,36.51089,127.241055,12,세종특별시
2026-06-17T00:00:37+09:00,GBIKE,130854,76.0,36.510891,127.263564,12,세종특별시
2026-06-17T00:00:37+09:00,GBIKE,131731,95.0,36.510891,127.232935,12,세종특별시
2026-06-17T00:00:37+09:00,GBIKE,130672,40.0,36.510899,127.229813,12,세종특별시
2026-06-17T00:00:37+09:00,GBIKE,130559,78.0,36.510905,127.243074,12,세종특별시
2026-06-17T00:00:37+09:00,GBIKE,130053,45.0,36.510915,127.232386,12,세종특별시
2026-06-17T00:00:37+09:00,GBIKE,131452,62.0,36.510915,127.242889,12,세종특별시
2026-06-17T00:00:37+09:00,GBIKE,131638,85.0,36.510918,127.240915,12,세종특별시
2026-06-17T00:00:37+09:00,GBIKE,501536,70.0,36.510921,127.255685,12,세종특별시
2026-06-17T00:00:37+09:00,GBIKE,131785,71.0,36.510931,127.24106,12,세종특별시
2026-06-17T00:00:37+09:00,GBIKE,130303,89.0,36.510932,127.241058,12,세종특별시
2026-06-17T00:00:37+09:00,GBIKE,130496,66.0,36.51094,127.232959,12,세종특별시
2026-06-17T00:00:37+09:00,GBIKE,131704,54.0,36.510968,127.232294,12,세종특별시
2026-06-17T00:00:37+09:00,GBIKE,130848,71.0,36.51098,127.239608,12,세종특별시
2026-06-17T00:00:37+09:00,GBIKE,131773,73.0,36.510987,127.239589,12,세종특별시
2026-06-17T00:00:37+09:00,GBIKE,130277,96.0,36.511042,127.23335,12,세종특별시
2026-06-17T00:00:37+09:00,GBIKE,131013,59.0,36.511046,127.23227,12,세종특별시
2026-06-17T00:00:37+09:00,GBIKE,130664,78.0,36.511077,127.240802,12,세종특별시
2026-06-17T00:00:37+09:00,GBIKE,130070,76.0,36.511078,127.23321,12,세종특별시
2026-06-17T00:00:37+09:00,GBIKE,130437,56.0,36.511118,127.264697,12,세종특별시
2026-06-17T00:00:37+09:00,GBIKE,131755,51.0,36.511135,127.249816,12,세종특별시
2026-06-17T00:00:37+09:00,GBIKE,131367,100.0,36.511145,127.243737,12,세종특별시
2026-06-17T00:00:37+09:00,GBIKE,130849,87.0,36.51115,127.23959,12,세종특별시
2026-06-17T00:00:37+09:00,GBIKE,130832,76.0,36.511153,127.265402,12,세종특별시
2026-06-17T00:00:37+09:00,GBIKE,131855,66.0,36.511157,127.233293,12,세종특별시
2026-06-17T00:00:37+09:00,GBIKE,130456,44.0,36.511168,127.240882,12,세종특별시
2026-06-17T00:00:37+09:00,GBIKE,130515,95.0,36.511208,127.236412,12,세종특별시
2026-06-17T00:00:37+09:00,GBIKE,131419,95.0,36.511212,127.240139,12,세종특별시
2026-06-17T00:00:37+09:00,GBIKE,130371,61.0,36.511215,127.240305,12,세종특별시
2026-06-17T00:00:37+09:00,GBIKE,130345,85.0,36.511219,127.240042,12,세종특별시
2026-06-17T00:00:37+09:00,GBIKE,501515,75.0,36.511223,127.248187,12,세종특별시
2026-06-17T00:00:37+09:00,GBIKE,130181,69.0,36.511254,127.249205,12,세종특별시
2026-06-17T00:00:37+09:00,GBIKE,501594,52.0,36.511265,127.243792,12,세종특별시
2026-06-17T00:00:37+09:00,GBIKE,130251,76.0,36.511279,127.265798,12,세종특별시
2026-06-17T00:00:37+09:00,GBIKE,131460,74.0,36.511293,127.248611,12,세종특별시
2026-06-17T00:00:37+09:00,GBIKE,501424,62.0,36.51134,127.244321,12,세종특별시
2026-06-17T00:00:37+09:00,GBIKE,131102,86.0,36.511402,127.250228,12,세종특별시
2026-06-17T00:00:37+09:00,GBIKE,130607,74.0,36.511411,127.250194,12,세종특별시
2026-06-17T00:00:37+09:00,GBIKE,501193,43.0,36.511418,127.241669,12,세종특별시
2026-06-17T00:00:37+09:00,GBIKE,130903,100.0,36.511432,127.250628,12,세종특별시
2026-06-17T00:00:37+09:00,GBIKE,130082,56.0,36.511464,127.241684,12,세종특별시
2026-06-17T00:00:37+09:00,GBIKE,131068,97.0,36.511472,127.24166,12,세종특별시
2026-06-17T00:00:37+09:00,GBIKE,131827,77.0,36.511476,127.265436,12,세종특별시
2026-06-17T00:00:37+09:00,GBIKE,131140,66.0,36.511479,127.249676,12,세종특별시
2026-06-17T00:00:37+09:00,GBIKE,131240,92.0,36.511494,127.25048,12,세종특별시
2026-06-17T00:00:37+09:00,GBIKE,501525,59.0,36.511495,127.250605,12,세종특별시
2026-06-17T00:00:37+09:00,GBIKE,501569,71.0,36.511499,127.250667,12,세종특별시
2026-06-17T00:00:37+09:00,GBIKE,130792,45.0,36.5115,127.250764,12,세종특별시
2026-06-17T00:00:37+09:00,GBIKE,131743,89.0,36.511503,127.250742,12,세종특별시
2026-06-17T00:00:37+09:00,GBIKE,130203,100.0,36.511511,127.250196,12,세종특별시
2026-06-17T00:00:37+09:00,GBIKE,130425,74.0,36.511517,127.250617,12,세종특별시
2026-06-17T00:00:37+09:00,GBIKE,130198,78.0,36.511521,127.250458,12,세종특별시
2026-06-17T00:00:37+09:00,GBIKE,501435,46.0,36.511532,127.249447,12,세종특별시
2026-06-17T00:00:37+09:00,GBIKE,130419,90.0,36.511551,127.250575,12,세종특별시
2026-06-17T00:00:37+09:00,GBIKE,130329,100.0,36.511566,127.250433,12,세종특별시
2026-06-17T00:00:37+09:00,GBIKE,131706,100.0,36.511583,127.248963,12,세종특별시
2026-06-17T00:00:37+09:00,GBIKE,131064,81.0,36.511603,127.240091,12,세종특별시
2026-06-17T00:00:37+09:00,GBIKE,501178,79.0,36.511622,127.247186,12,세종특별시
2026-06-17T00:00:37+09:00,GBIKE,130091,66.0,36.511633,127.252005,12,세종특별시
2026-06-17T00:00:37+09:00,GBIKE,130552,90.0,36.511634,127.249054,12,세종특별시
2026-06-17T00:00:37+09:00,GBIKE,131224,48.0,36.51164,127.239654,12,세종특별시
2026-06-17T00:00:37+09:00,GBIKE,131945,84.0,36.51165,127.247136,12,세종특별시
2026-06-17T00:00:37+09:00,GBIKE,130431,80.0,36.511651,127.255321,12,세종특별시
2026-06-17T00:00:37+09:00,GBIKE,131390,62.0,36.511651,127.239932,12,세종특별시
2026-06-17T00:00:37+09:00,GBIKE,501233,64.0,36.511662,127.240858,12,세종특별시
2026-06-17T00:00:37+09:00,GBIKE,131420,76.0,36.511668,127.251896,12,세종특별시
2026-06-17T00:00:37+09:00,GBIKE,332266,50.0,36.511675,127.246423,12,세종특별시
2026-06-17T00:00:37+09:00,GBIKE,501403,81.0,36.511679,127.240848,12,세종특별시
2026-06-17T00:00:37+09:00,GBIKE,131621,55.0,36.511683,127.241689,12,세종특별시
2026-06-17T00:00:37+09:00,GBIKE,131369,47.0,36.5117,127.248819,12,세종특별시
2026-06-17T00:00:37+09:00,GBIKE,358190,51.0,36.511708,127.246433,12,세종특별시
2026-06-17T00:00:37+09:00,GBIKE,501190,51.0,36.511717,127.243071,12,세종특별시
2026-06-17T00:00:37+09:00,GBIKE,130247,73.0,36.511725,127.244032,12,세종특별시
2026-06-17T00:00:37+09:00,GBIKE,501301,54.0,36.511725,127.229872,12,세종특별시
2026-06-17T00:00:37+09:00,GBIKE,131099,83.0,36.511726,127.266891,12,세종특별시
2026-06-17T00:00:37+09:00,GBIKE,501478,53.0,36.511726,127.229956,12,세종특별시
2026-06-17T00:00:37+09:00,GBIKE,501294,78.0,36.511727,127.241706,12,세종특별시
2026-06-17T00:00:37+09:00,GBIKE,131442,31.0,36.511758,127.241627,12,세종특별시
2026-06-17T00:00:37+09:00,GBIKE,131479,56.0,36.511771,127.241631,12,세종특별시
2026-06-17T00:00:37+09:00,GBIKE,131181,79.0,36.511774,127.249013,12,세종특별시
2026-06-17T00:00:37+09:00,GBIKE,131188,66.0,36.511802,127.244806,12,세종특별시
2026-06-17T00:00:37+09:00,GBIKE,131230,58.0,36.511844,127.241073,12,세종특별시
2026-06-17T00:00:37+09:00,GBIKE,501117,60.0,36.51186,127.241654,12,세종특별시
2026-06-17T00:00:37+09:00,GBIKE,130563,58.0,36.511879,127.241028,12,세종특별시
2026-06-17T00:00:37+09:00,GBIKE,131921,99.0,36.511898,127.241818,12,세종특별시
2026-06-17T00:00:37+09:00,GBIKE,501565,94.0,36.511916,127.245581,12,세종특별시
2026-06-17T00:00:37+09:00,GBIKE,501451,100.0,36.511931,127.240882,12,세종특별시
2026-06-17T00:00:37+09:00,GBIKE,501235,76.0,36.511933,127.245158,12,세종특별시
2026-06-17T00:00:37+09:00,GBIKE,501359,59.0,36.511934,127.240907,12,세종특별시
2026-06-17T00:00:37+09:00,GBIKE,501257,85.0,36.511941,127.259525,12,세종특별시
2026-06-17T00:00:37+09:00,GBIKE,501432,76.0,36.511943,127.240929,12,세종특별시
2026-06-17T00:00:37+09:00,GBIKE,131821,72.0,36.511963,127.24099,12,세종특별시
2026-06-17T00:00:37+09:00,GBIKE,130683,92.0,36.51201,127.243976,12,세종특별시
2026-06-17T00:00:37+09:00,GBIKE,130732,90.0,36.512016,127.244078,12,세종특별시
2026-06-17T00:00:37+09:00,GBIKE,501422,60.0,36.512026,127.243942,12,세종특별시
2026-06-17T00:00:37+09:00,GBIKE,501333,94.0,36.512028,127.243006,12,세종특별시
2026-06-17T00:00:37+09:00,GBIKE,131822,46.0,36.512031,127.244002,12,세종특별시
2026-06-17T00:00:37+09:00,GBIKE,501352,86.0,36.512032,127.24389,12,세종특별시
2026-06-17T00:00:37+09:00,GBIKE,130772,31.0,36.512037,127.243949,12,세종특별시
2026-06-17T00:00:37+09:00,GBIKE,501585,91.0,36.512045,127.243977,12,세종특별시
2026-06-17T00:00:37+09:00,GBIKE,131297,42.0,36.512046,127.24357,12,세종특별시
2026-06-17T00:00:37+09:00,GBIKE,501347,100.0,36.512049,127.244426,12,세종특별시
2026-06-17T00:00:37+09:00,GBIKE,131987,75.0,36.512053,127.229438,12,세종특별시
2026-06-17T00:00:37+09:00,GBIKE,501255,61.0,36.512063,127.243776,12,세종특별시
2026-06-17T00:00:37+09:00,GBIKE,501242,93.0,36.51208,127.247064,12,세종특별시
2026-06-17T00:00:37+09:00,GBIKE,130468,92.0,36.512086,127.241031,12,세종특별시
2026-06-17T00:00:37+09:00,GBIKE,131440,57.0,36.512089,127.229945,12,세종특별시
2026-06-17T00:00:37+09:00,GBIKE,131831,100.0,36.51211,127.247748,12,세종특별시
2026-06-17T00:00:37+09:00,GBIKE,131615,53.0,36.512113,127.241255,12,세종특별시
2026-06-17T00:00:37+09:00,GBIKE,130974,63.0,36.512121,127.242198,12,세종특별시
2026-06-17T00:00:37+09:00,GBIKE,131318,100.0,36.512156,127.256426,12,세종특별시
2026-06-17T00:00:37+09:00,GBIKE,131882,100.0,36.512159,127.241287,12,세종특별시
2026-06-17T00:00:37+09:00,GBIKE,501496,92.0,36.512162,127.248051,12,세종특별시
2026-06-17T00:00:37+09:00,GBIKE,501394,67.0,36.512172,127.241655,12,세종특별시
2026-06-17T00:00:37+09:00,GBIKE,131020,100.0,36.512177,127.239632,12,세종특별시
2026-06-17T00:00:37+09:00,GBIKE,130546,61.0,36.512179,127.256382,12,세종특별시
2026-06-17T00:00:37+09:00,GBIKE,501398,98.0,36.512183,127.241744,12,세종특별시
2026-06-17T00:00:37+09:00,GBIKE,130159,80.0,36.512213,127.240777,12,세종특별시
2026-06-17T00:00:37+09:00,GBIKE,130182,95.0,36.512226,127.244529,12,세종특별시
2026-06-17T00:00:37+09:00,GBIKE,130128,40.0,36.512233,127.264004,12,세종특별시
2026-06-17T00:00:37+09:00,GBIKE,130037,84.0,36.512239,127.229317,12,세종특별시
2026-06-17T00:00:37+09:00,GBIKE,130206,47.0,36.512249,127.242494,12,세종특별시
2026-06-17T00:00:37+09:00,GBIKE,130156,82.0,36.512261,127.258648,12,세종특별시
2026-06-17T00:00:37+09:00,GBIKE,131431,96.0,36.51227,127.250119,12,세종특별시
2026-06-17T00:00:37+09:00,GBIKE,130889,60.0,36.512287,127.249983,12,세종특별시
2026-06-17T00:00:37+09:00,GBIKE,130807,100.0,36.51229,127.259375,12,세종특별시
2026-06-17T00:00:37+09:00,GBIKE,131971,87.0,36.512292,127.259834,12,세종특별시
2026-06-17T00:00:37+09:00,GBIKE,130460,46.0,36.512297,127.243532,12,세종특별시
2026-06-17T00:00:37+09:00,GBIKE,501331,38.0,36.512329,127.241288,12,세종특별시
2026-06-17T00:00:37+09:00,GBIKE,131963,77.0,36.512348,127.239948,12,세종특별시
2026-06-17T00:00:37+09:00,GBIKE,501249,95.0,36.512366,127.24799,12,세종특별시
2026-06-17T00:00:37+09:00,GBIKE,131901,97.0,36.512388,127.239924,12,세종특별시
2026-06-17T00:00:37+09:00,GBIKE,130076,50.0,36.512389,127.241638,12,세종특별시
2026-06-17T00:00:37+09:00,GBIKE,130859,99.0,36.51239,127.249904,12,세종특별시
2026-06-17T00:00:37+09:00,GBIKE,131830,74.0,36.51239,127.233272,12,세종특별시
2026-06-17T00:00:37+09:00,GBIKE,501192,83.0,36.51239,127.258281,12,세종특별시
2026-06-17T00:00:37+09:00,GBIKE,131306,77.0,36.512399,127.241611,12,세종특별시
2026-06-17T00:00:37+09:00,GBIKE,501490,79.0,36.512406,127.25834,12,세종특별시
2026-06-17T00:00:37+09:00,GBIKE,130100,83.0,36.512468,127.23994,12,세종특별시
2026-06-17T00:00:37+09:00,GBIKE,501256,58.0,36.512501,127.247845,12,세종특별시
2026-06-17T00:00:37+09:00,GBIKE,130322,57.0,36.512517,127.241682,12,세종특별시
2026-06-17T00:00:37+09:00,GBIKE,130409,39.0,36.512536,127.246259,12,세종특별시
2026-06-17T00:00:37+09:00,GBIKE,130054,66.0,36.512612,127.246751,12,세종특별시
2026-06-17T00:00:37+09:00,GBIKE,131909,92.0,36.512613,127.246827,12,세종특별시
2026-06-17T00:00:37+09:00,GBIKE,130231,64.0,36.512625,127.246396,12,세종특별시
2026-06-17T00:00:37+09:00,GBIKE,501584,90.0,36.512733,127.259321,12,세종특별시
2026-06-17T00:00:37+09:00,GBIKE,130442,33.0,36.512756,127.260996,12,세종특별시
2026-06-17T00:00:37+09:00,GBIKE,130062,90.0,36.512765,127.262569,12,세종특별시
2026-06-17T00:00:37+09:00,GBIKE,501455,89.0,36.512771,127.259215,12,세종특별시
2026-06-17T00:00:37+09:00,GBIKE,501219,50.0,36.512779,127.242345,12,세종특별시
2026-06-17T00:00:37+09:00,GBIKE,130597,56.0,36.512785,127.241019,12,세종특별시
2026-06-17T00:00:37+09:00,GBIKE,130423,84.0,36.512794,127.241923,12,세종특별시
2026-06-17T00:00:37+09:00,GBIKE,501445,87.0,36.512795,127.259232,12,세종특별시
2026-06-17T00:00:37+09:00,GBIKE,130495,49.0,36.512802,127.262611,12,세종특별시
2026-06-17T00:00:37+09:00,GBIKE,501238,59.0,36.51282,127.243445,12,세종특별시
2026-06-17T00:00:37+09:00,GBIKE,501124,78.0,36.512824,127.243157,12,세종특별시
2026-06-17T00:00:37+09:00,GBIKE,130678,93.0,36.51283,127.259681,12,세종특별시
2026-06-17T00:00:37+09:00,GBIKE,130987,95.0,36.512833,127.23311,12,세종특별시
2026-06-17T00:00:37+09:00,GBIKE,130580,56.0,36.512835,127.259689,12,세종특별시
2026-06-17T00:00:37+09:00,GBIKE,130767,95.0,36.512838,127.241019,12,세종특별시
2026-06-17T00:00:37+09:00,GBIKE,130470,98.0,36.512842,127.258505,12,세종특별시
2026-06-17T00:00:37+09:00,GBIKE,131451,68.0,36.512854,127.2615,12,세종특별시
2026-06-17T00:00:37+09:00,GBIKE,131689,38.0,36.512873,127.24242,12,세종특별시
2026-06-17T00:00:37+09:00,GBIKE,130808,45.0,36.512905,127.265245,12,세종특별시
2026-06-17T00:00:37+09:00,GBIKE,501505,71.0,36.512949,127.229644,12,세종특별시
2026-06-17T00:00:37+09:00,GBIKE,130620,73.0,36.512954,127.229372,12,세종특별시
2026-06-17T00:00:37+09:00,GBIKE,130681,99.0,36.513052,127.241355,12,세종특별시
2026-06-17T00:00:37+09:00,GBIKE,131072,84.0,36.513114,127.22938,12,세종특별시
2026-06-17T00:00:37+09:00,GBIKE,131177,72.0,36.513114,127.229393,12,세종특별시
2026-06-17T00:00:37+09:00,GBIKE,130195,68.0,36.513207,127.233108,12,세종특별시
2026-06-17T00:00:37+09:00,GBIKE,130839,91.0,36.513221,127.229689,12,세종특별시
2026-06-17T00:00:37+09:00,GBIKE,501166,95.0,36.513391,127.264559,12,세종특별시
2026-06-17T00:00:37+09:00,GBIKE,501118,42.0,36.513478,127.264287,12,세종특별시
2026-06-17T00:00:37+09:00,GBIKE,501544,86.0,36.513487,127.255685,12,세종특별시
2026-06-17T00:00:37+09:00,GBIKE,130576,95.0,36.51349,127.232964,12,세종특별시
2026-06-17T00:00:37+09:00,GBIKE,130115,49.0,36.513519,127.232914,12,세종특별시
2026-06-17T00:00:37+09:00,GBIKE,130253,65.0,36.513521,127.265602,12,세종특별시
2026-06-17T00:00:37+09:00,GBIKE,130975,60.0,36.513527,127.233279,12,세종특별시
2026-06-17T00:00:37+09:00,GBIKE,131554,80.0,36.513573,127.24166,12,세종특별시
2026-06-17T00:00:37+09:00,GBIKE,131637,78.0,36.513591,127.258941,12,세종특별시
2026-06-17T00:00:37+09:00,GBIKE,130728,82.0,36.513593,127.233242,12,세종특별시
2026-06-17T00:00:37+09:00,GBIKE,130777,100.0,36.513597,127.266614,12,세종특별시
2026-06-17T00:00:37+09:00,GBIKE,130046,64.0,36.513608,127.266671,12,세종특별시
2026-06-17T00:00:37+09:00,GBIKE,131673,100.0,36.51361,127.25905,12,세종특별시
2026-06-17T00:00:37+09:00,GBIKE,130608,86.0,36.513612,127.259049,12,세종특별시
2026-06-17T00:00:37+09:00,GBIKE,501541,98.0,36.513619,127.243493,12,세종특별시
2026-06-17T00:00:37+09:00,GBIKE,130651,95.0,36.513622,127.258988,12,세종특별시
2026-06-17T00:00:37+09:00,GBIKE,131585,91.0,36.513631,127.233229,12,세종특별시
2026-06-17T00:00:37+09:00,GBIKE,131520,53.0,36.513633,127.259135,12,세종특별시
2026-06-17T00:00:37+09:00,GBIKE,131829,96.0,36.513644,127.259046,12,세종특별시
2026-06-17T00:00:37+09:00,GBIKE,130905,65.0,36.513649,127.257898,12,세종특별시
2026-06-17T00:00:37+09:00,GBIKE,131389,31.0,36.513654,127.257766,12,세종특별시
2026-06-17T00:00:37+09:00,GBIKE,131174,57.0,36.513658,127.257824,12,세종특별시
2026-06-17T00:00:37+09:00,GBIKE,130881,41.0,36.513676,127.257784,12,세종특별시
2026-06-17T00:00:37+09:00,GBIKE,131341,77.0,36.513681,127.257803,12,세종특별시
2026-06-17T00:00:37+09:00,GBIKE,131468,39.0,36.513729,127.265289,12,세종특별시
2026-06-17T00:00:37+09:00,GBIKE,130273,71.0,36.51375,127.259162,12,세종특별시
2026-06-17T00:00:37+09:00,GBIKE,130385,33.0,36.513766,127.229379,12,세종특별시
2026-06-17T00:00:37+09:00,GBIKE,131823,43.0,36.513768,127.2588,12,세종특별시
2026-06-17T00:00:37+09:00,GBIKE,131885,45.0,36.513784,127.259507,12,세종특별시
2026-06-17T00:00:37+09:00,GBIKE,501168,100.0,36.513798,127.258941,12,세종특별시
2026-06-17T00:00:37+09:00,GBIKE,130088,91.0,36.513828,127.250681,12,세종특별시
2026-06-17T00:00:37+09:00,GBIKE,501379,55.0,36.513831,127.246657,12,세종특별시
2026-06-17T00:00:37+09:00,GBIKE,130458,45.0,36.513849,127.260763,12,세종특별시
2026-06-17T00:00:37+09:00,GBIKE,131781,69.0,36.513859,127.258922,12,세종특별시
2026-06-17T00:00:37+09:00,GBIKE,130474,91.0,36.513873,127.228899,12,세종특별시
2026-06-17T00:00:37+09:00,GBIKE,131535,46.0,36.513879,127.25874,12,세종특별시
2026-06-17T00:00:37+09:00,GBIKE,131324,45.0,36.513897,127.259018,12,세종특별시
2026-06-17T00:00:37+09:00,GBIKE,130770,88.0,36.513901,127.259732,12,세종특별시
2026-06-17T00:00:37+09:00,GBIKE,130855,41.0,36.513921,127.243355,12,세종특별시
2026-06-17T00:00:37+09:00,GBIKE,131606,97.0,36.513925,127.228888,12,세종특별시
2026-06-17T00:00:37+09:00,GBIKE,130510,77.0,36.514178,127.259333,12,세종특별시
2026-06-17T00:00:37+09:00,GBIKE,130433,72.0,36.514316,127.232889,12,세종특별시
2026-06-17T00:00:37+09:00,GBIKE,131228,32.0,36.514324,127.259361,12,세종특별시
2026-06-17T00:00:37+09:00,GBIKE,131697,51.0,36.514364,127.229751,12,세종특별시
2026-06-17T00:00:37+09:00,GBIKE,130357,79.0,36.514375,127.2317,12,세종특별시
2026-06-17T00:00:37+09:00,GBIKE,130021,76.0,36.51441,127.259247,12,세종특별시
2026-06-17T00:00:37+09:00,GBIKE,131499,40.0,36.514476,127.259313,12,세종특별시
2026-06-17T00:00:37+09:00,GBIKE,501162,48.0,36.514488,127.232429,12,세종특별시
2026-06-17T00:00:37+09:00,GBIKE,131151,86.0,36.514526,127.232109,12,세종특별시
2026-06-17T00:00:37+09:00,GBIKE,130346,51.0,36.514529,127.232066,12,세종특별시
2026-06-17T00:00:37+09:00,GBIKE,501272,44.0,36.514613,127.268013,12,세종특별시
2026-06-17T00:00:37+09:00,GBIKE,130778,58.0,36.514615,127.228648,12,세종특별시
2026-06-17T00:00:37+09:00,GBIKE,130074,92.0,36.514659,127.258854,12,세종특별시
2026-06-17T00:00:37+09:00,GBIKE,131892,30.0,36.514681,127.245594,12,세종특별시
2026-06-17T00:00:37+09:00,GBIKE,130939,71.0,36.514744,127.25919,12,세종특별시
2026-06-17T00:00:37+09:00,GBIKE,131212,95.0,36.514775,127.259197,12,세종특별시
2026-06-17T00:00:37+09:00,GBIKE,501461,93.0,36.514775,127.250653,12,세종특별시
2026-06-17T00:00:37+09:00,GBIKE,131256,47.0,36.514794,127.257497,12,세종특별시
2026-06-17T00:00:37+09:00,GBIKE,130466,86.0,36.514801,127.259248,12,세종특별시
2026-06-17T00:00:37+09:00,GBIKE,501247,49.0,36.514807,127.265982,12,세종특별시
2026-06-17T00:00:37+09:00,GBIKE,130877,97.0,36.51481,127.259125,12,세종특별시
2026-06-17T00:00:37+09:00,GBIKE,130162,64.0,36.51482,127.265963,12,세종특별시
2026-06-17T00:00:37+09:00,GBIKE,130295,47.0,36.514828,127.259226,12,세종특별시
2026-06-17T00:00:37+09:00,GBIKE,130963,96.0,36.514832,127.228719,12,세종특별시
2026-06-17T00:00:37+09:00,GBIKE,131123,68.0,36.514837,127.25059,12,세종특별시
2026-06-17T00:00:37+09:00,GBIKE,501497,77.0,36.514842,127.256579,12,세종특별시
2026-06-17T00:00:37+09:00,GBIKE,130927,71.0,36.514853,127.259228,12,세종특별시
2026-06-17T00:00:37+09:00,GBIKE,130483,57.0,36.514871,127.228833,12,세종특별시
2026-06-17T00:00:37+09:00,GBIKE,131385,32.0,36.514871,127.258555,12,세종특별시
2026-06-17T00:00:37+09:00,GBIKE,130696,70.0,36.514874,127.259239,12,세종특별시
2026-06-17T00:00:37+09:00,GBIKE,130542,81.0,36.514875,127.241372,12,세종특별시
2026-06-17T00:00:37+09:00,GBIKE,131905,59.0,36.514879,127.264487,12,세종특별시
2026-06-17T00:00:37+09:00,GBIKE,131777,77.0,36.514881,127.264454,12,세종특별시
2026-06-17T00:00:37+09:00,GBIKE,131113,86.0,36.514897,127.259188,12,세종특별시
2026-06-17T00:00:37+09:00,GBIKE,131288,50.0,36.514902,127.259276,12,세종특별시
2026-06-17T00:00:37+09:00,GBIKE,131670,43.0,36.514903,127.259197,12,세종특별시
2026-06-17T00:00:37+09:00,GBIKE,131457,83.0,36.514905,127.259199,12,세종특별시
2026-06-17T00:00:37+09:00,GBIKE,131287,52.0,36.514915,127.259239,12,세종특별시
2026-06-17T00:00:37+09:00,GBIKE,130420,83.0,36.514919,127.259195,12,세종특별시
2026-06-17T00:00:37+09:00,GBIKE,501292,47.0,36.514927,127.244162,12,세종특별시
2026-06-17T00:00:37+09:00,GBIKE,131790,77.0,36.514932,127.259146,12,세종특별시
2026-06-17T00:00:37+09:00,GBIKE,130547,96.0,36.51494,127.259186,12,세종특별시
2026-06-17T00:00:37+09:00,GBIKE,131001,40.0,36.514942,127.228696,12,세종특별시
2026-06-17T00:00:37+09:00,GBIKE,130915,97.0,36.514957,127.259161,12,세종특별시
2026-06-17T00:00:37+09:00,GBIKE,130725,95.0,36.514958,127.233102,12,세종특별시
2026-06-17T00:00:37+09:00,GBIKE,131720,55.0,36.514965,127.255813,12,세종특별시
2026-06-17T00:00:37+09:00,GBIKE,131197,95.0,36.515001,127.262514,12,세종특별시
2026-06-17T00:00:37+09:00,GBIKE,131342,71.0,36.515002,127.258484,12,세종특별시
2026-06-17T00:00:37+09:00,GBIKE,131376,53.0,36.515012,127.257781,12,세종특별시
2026-06-17T00:00:37+09:00,GBIKE,131320,91.0,36.515018,127.265884,12,세종특별시
2026-06-17T00:00:37+09:00,GBIKE,131641,31.0,36.515098,127.2576,12,세종특별시
2026-06-17T00:00:37+09:00,GBIKE,131779,82.0,36.515212,127.265789,12,세종특별시
2026-06-17T00:00:37+09:00,GBIKE,130656,63.0,36.515327,127.228009,12,세종특별시
2026-06-17T00:00:37+09:00,GBIKE,130491,45.0,36.515339,127.262167,12,세종특별시
2026-06-17T00:00:37+09:00,GBIKE,131477,77.0,36.51544,127.258749,12,세종특별시
2026-06-17T00:00:37+09:00,GBIKE,131631,71.0,36.51551,127.255847,12,세종특별시
2026-06-17T00:00:37+09:00,GBIKE,130935,67.0,36.51552,127.23326,12,세종특별시
2026-06-17T00:00:37+09:00,GBIKE,130628,99.0,36.51562,127.245497,12,세종특별시
2026-06-17T00:00:37+09:00,GBIKE,130709,71.0,36.515625,127.245478,12,세종특별시
2026-06-17T00:00:37+09:00,GBIKE,130073,52.0,36.51577,127.26549,12,세종특별시
2026-06-17T00:00:37+09:00,GBIKE,131279,41.0,36.515774,127.258769,12,세종특별시
2026-06-17T00:00:37+09:00,GBIKE,130051,43.0,36.515795,127.255845,12,세종특별시
2026-06-17T00:00:37+09:00,GBIKE,501423,71.0,36.515821,127.250364,12,세종특별시
2026-06-17T00:00:37+09:00,GBIKE,130325,66.0,36.515838,127.23952,12,세종특별시
2026-06-17T00:00:37+09:00,GBIKE,130323,49.0,36.51585,127.265438,12,세종특별시
2026-06-17T00:00:37+09:00,GBIKE,130255,60.0,36.515871,127.264568,12,세종특별시
2026-06-17T00:00:37+09:00,GBIKE,501335,45.0,36.515892,127.239691,12,세종특별시
2026-06-17T00:00:37+09:00,GBIKE,130852,78.0,36.515897,127.265849,12,세종특별시
2026-06-17T00:00:37+09:00,GBIKE,131918,90.0,36.515905,127.264457,12,세종특별시
2026-06-17T00:00:37+09:00,GBIKE,131074,99.0,36.515934,127.264528,12,세종특별시
2026-06-17T00:00:37+09:00,GBIKE,131382,39.0,36.51594,127.2645,12,세종특별시
2026-06-17T00:00:37+09:00,GBIKE,131586,44.0,36.515949,127.261636,12,세종특별시
2026-06-17T00:00:37+09:00,GBIKE,501444,43.0,36.515984,127.241213,12,세종특별시
2026-06-17T00:00:37+09:00,GBIKE,131422,41.0,36.516007,127.261697,12,세종특별시
2026-06-17T00:00:37+09:00,GBIKE,131294,90.0,36.51602,127.258014,12,세종특별시
2026-06-17T00:00:37+09:00,GBIKE,130104,91.0,36.516026,127.257975,12,세종특별시
2026-06-17T00:00:37+09:00,GBIKE,130614,71.0,36.51603,127.245701,12,세종특별시
2026-06-17T00:00:37+09:00,GBIKE,130962,36.0,36.516035,127.257991,12,세종특별시
2026-06-17T00:00:37+09:00,GBIKE,131613,44.0,36.516045,127.260414,12,세종특별시
2026-06-17T00:00:37+09:00,GBIKE,130112,93.0,36.516086,127.228111,12,세종특별시
2026-06-17T00:00:37+09:00,GBIKE,130655,90.0,36.516113,127.24544,12,세종특별시
2026-06-17T00:00:37+09:00,GBIKE,131262,31.0,36.51612,127.264146,12,세종특별시
2026-06-17T00:00:37+09:00,GBIKE,130521,78.0,36.516156,127.262259,12,세종특별시
2026-06-17T00:00:37+09:00,GBIKE,131967,100.0,36.51618,127.256441,12,세종특별시
2026-06-17T00:00:37+09:00,GBIKE,501393,71.0,36.516183,127.239534,12,세종특별시
2026-06-17T00:00:37+09:00,GBIKE,130895,53.0,36.516265,127.260891,12,세종특별시
2026-06-17T00:00:37+09:00,GBIKE,131143,97.0,36.516275,127.262733,12,세종특별시
2026-06-17T00:00:37+09:00,GBIKE,130645,30.0,36.516342,127.258714,12,세종특별시
2026-06-17T00:00:37+09:00,GBIKE,501267,67.0,36.516348,127.245747,12,세종특별시
2026-06-17T00:00:37+09:00,GBIKE,131209,79.0,36.51635,127.259281,12,세종특별시
2026-06-17T00:00:37+09:00,GBIKE,130829,70.0,36.51639,127.245431,12,세종특별시
2026-06-17T00:00:37+09:00,GBIKE,130630,88.0,36.516401,127.241469,12,세종특별시
2026-06-17T00:00:37+09:00,GBIKE,130722,71.0,36.516407,127.241438,12,세종특별시
2026-06-17T00:00:37+09:00,GBIKE,130719,76.0,36.516408,127.241451,12,세종특별시
2026-06-17T00:00:37+09:00,GBIKE,501429,41.0,36.516411,127.244543,12,세종특별시
2026-06-17T00:00:37+09:00,GBIKE,501539,100.0,36.516438,127.241434,12,세종특별시
2026-06-17T00:00:37+09:00,GBIKE,131161,42.0,36.516455,127.241442,12,세종특별시
2026-06-17T00:00:37+09:00,GBIKE,130947,46.0,36.51646,127.241457,12,세종특별시
2026-06-17T00:00:37+09:00,GBIKE,131508,71.0,36.51647,127.255825,12,세종특별시
2026-06-17T00:00:37+09:00,GBIKE,501327,75.0,36.516524,127.255758,12,세종특별시
2026-06-17T00:00:37+09:00,GBIKE,501560,79.0,36.516538,127.23521,12,세종특별시
2026-06-17T00:00:37+09:00,GBIKE,501213,98.0,36.516605,127.251314,12,세종특별시
2026-06-17T00:00:37+09:00,GBIKE,130490,96.0,36.516618,127.231961,12,세종특별시
2026-06-17T00:00:37+09:00,GBIKE,131368,77.0,36.516635,127.251332,12,세종특별시
2026-06-17T00:00:37+09:00,GBIKE,501558,100.0,36.516649,127.251334,12,세종특별시
2026-06-17T00:00:37+09:00,GBIKE,130825,73.0,36.516669,127.262219,12,세종특별시
2026-06-17T00:00:37+09:00,GBIKE,131073,36.0,36.516694,127.262595,12,세종특별시
2026-06-17T00:00:37+09:00,GBIKE,131572,46.0,36.516705,127.259085,12,세종특별시
2026-06-17T00:00:37+09:00,GBIKE,131413,53.0,36.516819,127.262527,12,세종특별시
2026-06-17T00:00:37+09:00,GBIKE,131085,100.0,36.516897,127.244169,12,세종특별시
2026-06-17T00:00:37+09:00,GBIKE,130189,57.0,36.516947,127.236309,12,세종특별시
2026-06-17T00:00:37+09:00,GBIKE,130197,55.0,36.516962,127.259297,12,세종특별시
2026-06-17T00:00:37+09:00,GBIKE,131292,77.0,36.516974,127.259285,12,세종특별시
2026-06-17T00:00:37+09:00,GBIKE,131432,89.0,36.517233,127.264707,12,세종특별시
2026-06-17T00:00:37+09:00,GBIKE,131588,87.0,36.517312,127.236297,12,세종특별시
2026-06-17T00:00:37+09:00,GBIKE,131978,66.0,36.517314,127.236211,12,세종특별시
2026-06-17T00:00:37+09:00,GBIKE,131313,98.0,36.517319,127.245467,12,세종특별시
2026-06-17T00:00:37+09:00,GBIKE,130984,87.0,36.517347,127.241861,12,세종특별시
2026-06-17T00:00:37+09:00,GBIKE,131363,40.0,36.517354,127.245489,12,세종특별시
2026-06-17T00:00:37+09:00,GBIKE,501486,56.0,36.517359,127.245485,12,세종특별시
2026-06-17T00:00:37+09:00,GBIKE,131734,80.0,36.517362,127.240694,12,세종특별시
2026-06-17T00:00:37+09:00,GBIKE,501531,72.0,36.517377,127.259179,12,세종특별시
2026-06-17T00:00:37+09:00,GBIKE,130908,60.0,36.517381,127.241829,12,세종특별시
2026-06-17T00:00:37+09:00,GBIKE,358231,30.0,36.51742,127.23707,12,세종특별시
2026-06-17T00:00:37+09:00,GBIKE,130275,90.0,36.51744,127.241249,12,세종특별시
2026-06-17T00:00:37+09:00,GBIKE,130604,82.0,36.517472,127.241382,12,세종특별시
2026-06-17T00:00:37+09:00,GBIKE,130557,67.0,36.517503,127.243469,12,세종특별시
2026-06-17T00:00:37+09:00,GBIKE,501155,57.0,36.517541,127.264552,12,세종특별시
2026-06-17T00:00:37+09:00,GBIKE,131622,37.0,36.51762,127.245707,12,세종특별시
2026-06-17T00:00:37+09:00,GBIKE,131274,53.0,36.517633,127.258546,12,세종특별시
2026-06-17T00:00:37+09:00,GBIKE,131722,69.0,36.517647,127.237922,12,세종특별시
2026-06-17T00:00:37+09:00,GBIKE,131372,86.0,36.517709,127.241967,12,세종특별시
2026-06-17T00:00:37+09:00,GBIKE,131939,100.0,36.517711,127.259195,12,세종특별시
2026-06-17T00:00:37+09:00,GBIKE,131478,40.0,36.517736,127.261971,12,세종특별시
2026-06-17T00:00:37+09:00,GBIKE,501589,46.0,36.51774,127.23031,12,세종특별시
2026-06-17T00:00:37+09:00,GBIKE,131316,66.0,36.51776,127.240667,12,세종특별시
2026-06-17T00:00:37+09:00,GBIKE,131116,73.0,36.517782,127.236981,12,세종특별시
2026-06-17T00:00:37+09:00,GBIKE,130229,86.0,36.517864,127.241339,12,세종특별시
2026-06-17T00:00:37+09:00,GBIKE,131036,97.0,36.517903,127.234642,12,세종특별시
2026-06-17T00:00:37+09:00,GBIKE,501530,52.0,36.517917,127.239953,12,세종특별시
2026-06-17T00:00:37+09:00,GBIKE,130059,93.0,36.517935,127.232473,12,세종특별시
2026-06-17T00:00:37+09:00,GBIKE,501119,77.0,36.517949,127.229438,12,세종특별시
2026-06-17T00:00:37+09:00,GBIKE,131159,58.0,36.518022,127.251953,12,세종특별시
2026-06-17T00:00:37+09:00,GBIKE,131178,46.0,36.518071,127.252026,12,세종특별시
2026-06-17T00:00:37+09:00,GBIKE,131105,93.0,36.518124,127.233863,12,세종특별시
2026-06-17T00:00:37+09:00,GBIKE,131124,50.0,36.518129,127.234566,12,세종특별시
2026-06-17T00:00:37+09:00,GBIKE,131718,61.0,36.518144,127.261771,12,세종특별시
2026-06-17T00:00:37+09:00,GBIKE,130319,52.0,36.518187,127.234886,12,세종특별시
2026-06-17T00:00:37+09:00,GBIKE,130784,46.0,36.51823,127.234844,12,세종특별시
2026-06-17T00:00:37+09:00,GBIKE,131576,79.0,36.51824,127.263436,12,세종특별시
2026-06-17T00:00:37+09:00,GBIKE,131618,64.0,36.518251,127.263428,12,세종특별시
2026-06-17T00:00:37+09:00,GBIKE,131466,93.0,36.518269,127.263421,12,세종특별시
2026-06-17T00:00:37+09:00,GBIKE,131667,79.0,36.518317,127.235113,12,세종특별시
2026-06-17T00:00:37+09:00,GBIKE,130593,76.0,36.518331,127.263445,12,세종특별시
2026-06-17T00:00:37+09:00,GBIKE,131740,56.0,36.518373,127.263766,12,세종특별시
2026-06-17T00:00:37+09:00,GBIKE,130623,48.0,36.518374,127.231805,12,세종특별시
2026-06-17T00:00:37+09:00,GBIKE,130821,56.0,36.518374,127.229965,12,세종특별시
2026-06-17T00:00:37+09:00,GBIKE,130911,53.0,36.518441,127.261985,12,세종특별시
2026-06-17T00:00:37+09:00,GBIKE,131078,72.0,36.51852,127.234854,12,세종특별시
2026-06-17T00:00:37+09:00,GBIKE,131968,45.0,36.518525,127.25684,12,세종특별시
2026-06-17T00:00:37+09:00,GBIKE,131792,51.0,36.518526,127.256872,12,세종특별시
2026-06-17T00:00:37+09:00,GBIKE,131184,86.0,36.518536,127.25674,12,세종특별시
2026-06-17T00:00:37+09:00,GBIKE,130373,51.0,36.518628,127.246318,12,세종특별시
2026-06-17T00:00:37+09:00,GBIKE,131130,47.0,36.518637,127.24195,12,세종특별시
2026-06-17T00:00:37+09:00,GBIKE,131107,39.0,36.518657,127.252517,12,세종특별시
2026-06-17T00:00:37+09:00,GBIKE,131355,73.0,36.518665,127.24679,12,세종특별시
2026-06-17T00:00:37+09:00,GBIKE,131142,56.0,36.518674,127.25252,12,세종특별시
2026-06-17T00:00:37+09:00,GBIKE,130718,96.0,36.518678,127.233049,12,세종특별시
2026-06-17T00:00:37+09:00,GBIKE,130536,100.0,36.518747,127.233757,12,세종특별시
2026-06-17T00:00:37+09:00,GBIKE,130387,35.0,36.518757,127.24455,12,세종특별시
2026-06-17T00:00:37+09:00,GBIKE,358227,99.0,36.518761,127.245071,12,세종특별시
2026-06-17T00:00:37+09:00,GBIKE,131928,67.0,36.518778,127.235574,12,세종특별시
2026-06-17T00:00:37+09:00,GBIKE,131693,49.0,36.518797,127.235544,12,세종특별시
2026-06-17T00:00:37+09:00,GBIKE,131540,98.0,36.518801,127.235562,12,세종특별시
2026-06-17T00:00:37+09:00,GBIKE,131940,93.0,36.518819,127.235689,12,세종특별시
2026-06-17T00:00:37+09:00,GBIKE,131608,45.0,36.518844,127.23796,12,세종특별시
2026-06-17T00:00:37+09:00,GBIKE,130493,70.0,36.518855,127.235527,12,세종특별시
2026-06-17T00:00:37+09:00,GBIKE,130110,87.0,36.518862,127.23593,12,세종특별시
2026-06-17T00:00:37+09:00,GBIKE,501300,71.0,36.518864,127.238315,12,세종특별시
2026-06-17T00:00:37+09:00,GBIKE,131190,52.0,36.518868,127.235744,12,세종특별시
2026-06-17T00:00:37+09:00,GBIKE,130227,73.0,36.518884,127.235442,12,세종특별시
2026-06-17T00:00:37+09:00,GBIKE,130185,91.0,36.5189,127.232978,12,세종특별시
2026-06-17T00:00:37+09:00,GBIKE,130976,78.0,36.518908,127.252531,12,세종특별시
2026-06-17T00:00:37+09:00,GBIKE,131744,71.0,36.518908,127.235855,12,세종특별시
2026-06-17T00:00:37+09:00,GBIKE,130818,54.0,36.518911,127.233424,12,세종특별시
2026-06-17T00:00:37+09:00,GBIKE,130256,85.0,36.518937,127.252095,12,세종특별시
2026-06-17T00:00:37+09:00,GBIKE,131122,86.0,36.518958,127.243904,12,세종특별시
2026-06-17T00:00:37+09:00,GBIKE,501158,78.0,36.518976,127.246563,12,세종특별시
2026-06-17T00:00:37+09:00,GBIKE,131253,49.0,36.518997,127.252143,12,세종특별시
2026-06-17T00:00:37+09:00,GBIKE,131729,88.0,36.519018,127.252555,12,세종특별시
2026-06-17T00:00:37+09:00,GBIKE,131268,78.0,36.519072,127.234287,12,세종특별시
2026-06-17T00:00:37+09:00,GBIKE,131996,41.0,36.519107,127.239764,12,세종특별시
2026-06-17T00:00:37+09:00,GBIKE,130817,66.0,36.519109,127.240768,12,세종특별시
2026-06-17T00:00:37+09:00,GBIKE,130918,75.0,36.519123,127.23593,12,세종특별시
2026-06-17T00:00:37+09:00,GBIKE,131495,94.0,36.519191,127.236279,12,세종특별시
2026-06-17T00:00:37+09:00,GBIKE,131449,87.0,36.519215,127.236206,12,세종특별시
2026-06-17T00:00:37+09:00,GBIKE,131763,87.0,36.519216,127.23627,12,세종특별시
2026-06-17T00:00:37+09:00,GBIKE,130432,79.0,36.519266,127.249815,12,세종특별시
2026-06-17T00:00:37+09:00,GBIKE,130699,100.0,36.519291,127.251485,12,세종특별시
2026-06-17T00:00:37+09:00,GBIKE,501144,85.0,36.5193,127.252546,12,세종특별시
2026-06-17T00:00:37+09:00,GBIKE,131031,46.0,36.519334,127.239218,12,세종특별시
2026-06-17T00:00:37+09:00,GBIKE,130285,96.0,36.519395,127.25166,12,세종특별시
2026-06-17T00:00:37+09:00,GBIKE,131757,50.0,36.519402,127.25314,12,세종특별시
2026-06-17T00:00:37+09:00,GBIKE,131549,94.0,36.519427,127.253069,12,세종특별시
2026-06-17T00:00:37+09:00,GBIKE,130265,51.0,36.519471,127.252879,12,세종특별시
2026-06-17T00:00:37+09:00,GBIKE,501254,51.0,36.519502,127.234037,12,세종특별시
2026-06-17T00:00:37+09:00,GBIKE,130871,84.0,36.519506,127.250301,12,세종특별시
2026-06-17T00:00:37+09:00,GBIKE,131685,98.0,36.519575,127.236888,12,세종특별시
2026-06-17T00:00:37+09:00,GBIKE,130401,61.0,36.519728,127.234398,12,세종특별시
2026-06-17T00:00:37+09:00,GBIKE,130219,62.0,36.519739,127.235268,12,세종특별시
2026-06-17T00:00:37+09:00,GBIKE,501376,66.0,36.519762,127.235671,12,세종특별시
2026-06-17T00:00:37+09:00,GBIKE,501153,83.0,36.519778,127.239445,12,세종특별시
2026-06-17T00:00:37+09:00,GBIKE,130800,87.0,36.519789,127.234839,12,세종특별시
2026-06-17T00:00:37+09:00,GBIKE,130912,77.0,36.519868,127.236845,12,세종특별시
2026-06-17T00:00:37+09:00,GBIKE,130809,90.0,36.519905,127.235787,12,세종특별시
2026-06-17T00:00:37+09:00,GBIKE,131128,59.0,36.519905,127.236808,12,세종특별시
2026-06-17T00:00:37+09:00,GBIKE,131193,87.0,36.519932,127.23621,12,세종특별시
2026-06-17T00:00:37+09:00,GBIKE,130858,86.0,36.519933,127.236242,12,세종특별시
2026-06-17T00:00:37+09:00,GBIKE,131511,46.0,36.519937,127.234946,12,세종특별시
2026-06-17T00:00:37+09:00,GBIKE,131156,93.0,36.519959,127.240192,12,세종특별시
2026-06-17T00:00:37+09:00,GBIKE,130869,77.0,36.520039,127.236884,12,세종특별시
2026-06-17T00:00:37+09:00,GBIKE,130424,64.0,36.520048,127.241492,12,세종특별시
2026-06-17T00:00:37+09:00,GBIKE,131112,57.0,36.520458,127.236706,12,세종특별시
2026-06-17T00:00:37+09:00,GBIKE,130450,82.0,36.520462,127.239381,12,세종특별시
2026-06-17T00:00:37+09:00,GBIKE,130386,53.0,36.520629,127.246821,12,세종특별시
2026-06-17T00:00:37+09:00,GBIKE,130765,42.0,36.520817,127.233586,12,세종특별시
2026-06-17T00:00:37+09:00,GBIKE,501134,55.0,36.52104,127.262181,12,세종특별시
2026-06-17T00:00:37+09:00,GBIKE,501120,90.0,36.521054,127.262148,12,세종특별시
2026-06-17T00:00:37+09:00,GBIKE,131053,89.0,36.521065,127.233165,12,세종특별시
2026-06-17T00:00:37+09:00,GBIKE,501143,92.0,36.521087,127.262141,12,세종특별시
2026-06-17T00:00:37+09:00,GBIKE,130340,92.0,36.521102,127.233168,12,세종특별시
2026-06-17T00:00:37+09:00,GBIKE,131965,91.0,36.521204,127.247567,12,세종특별시
2026-06-17T00:00:37+09:00,GBIKE,131426,82.0,36.521205,127.247471,12,세종특별시
2026-06-17T00:00:37+09:00,GBIKE,130262,79.0,36.521283,127.259603,12,세종특별시
2026-06-17T00:00:37+09:00,GBIKE,501287,44.0,36.521433,127.251316,12,세종특별시
2026-06-17T00:00:37+09:00,GBIKE,501385,40.0,36.521437,127.251339,12,세종특별시
2026-06-17T00:00:37+09:00,GBIKE,130465,94.0,36.521484,127.232826,12,세종특별시
2026-06-17T00:00:37+09:00,GBIKE,131328,74.0,36.521709,127.23337,12,세종특별시
2026-06-17T00:00:37+09:00,GBIKE,131850,43.0,36.521715,127.233366,12,세종특별시
2026-06-17T00:00:37+09:00,GBIKE,131229,37.0,36.521721,127.233365,12,세종특별시
2026-06-17T00:00:37+09:00,GBIKE,131834,96.0,36.52176,127.232735,12,세종특별시
2026-06-17T00:00:37+09:00,GBIKE,130111,47.0,36.521778,127.233353,12,세종특별시
2026-06-17T00:00:37+09:00,GBIKE,130828,77.0,36.521798,127.234063,12,세종특별시
2026-06-17T00:00:37+09:00,GBIKE,130888,50.0,36.521893,127.248445,12,세종특별시
2026-06-17T00:00:37+09:00,GBIKE,130464,95.0,36.521912,127.234155,12,세종특별시
2026-06-17T00:00:37+09:00,GBIKE,130575,76.0,36.521929,127.234335,12,세종특별시
2026-06-17T00:00:37+09:00,GBIKE,131914,87.0,36.521987,127.249232,12,세종특별시
2026-06-17T00:00:37+09:00,GBIKE,130061,53.0,36.521994,127.248946,12,세종특별시
2026-06-17T00:00:37+09:00,GBIKE,501571,95.0,36.522002,127.248909,12,세종특별시
2026-06-17T00:00:37+09:00,GBIKE,131516,70.0,36.522145,127.234168,12,세종특별시
2026-06-17T00:00:37+09:00,GBIKE,130520,42.0,36.522167,127.234235,12,세종특별시
2026-06-17T00:00:37+09:00,GBIKE,130983,48.0,36.522195,127.23428,12,세종특별시
2026-06-17T00:00:37+09:00,GBIKE,131860,51.0,36.522199,127.234264,12,세종특별시
2026-06-17T00:00:37+09:00,GBIKE,131771,36.0,36.522317,127.234552,12,세종특별시
2026-06-17T00:00:37+09:00,GBIKE,130894,44.0,36.522345,127.234565,12,세종특별시
2026-06-17T00:00:37+09:00,GBIKE,130114,64.0,36.522351,127.232321,12,세종특별시
2026-06-17T00:00:37+09:00,GBIKE,131852,53.0,36.522363,127.234549,12,세종특별시
2026-06-17T00:00:37+09:00,GBIKE,131189,100.0,36.522414,127.235136,12,세종특별시
2026-06-17T00:00:37+09:00,GBIKE,501343,70.0,36.522436,127.232504,12,세종특별시
2026-06-17T00:00:37+09:00,GBIKE,501454,89.0,36.522462,127.232428,12,세종특별시
2026-06-17T00:00:37+09:00,GBIKE,130318,88.0,36.522573,127.232359,12,세종특별시
2026-06-17T00:00:37+09:00,GBIKE,130416,92.0,36.522606,127.232322,12,세종특별시
2026-06-17T00:00:37+09:00,GBIKE,501512,93.0,36.523156,127.267487,12,세종특별시
2026-06-17T00:00:37+09:00,GBIKE,501244,30.0,36.523182,127.267474,12,세종특별시
2026-06-17T00:00:37+09:00,GBIKE,131543,57.0,36.523379,127.279217,12,세종특별시
2026-06-17T00:00:37+09:00,GBIKE,131601,30.0,36.523584,127.26687,12,세종특별시
2026-06-17T00:00:37+09:00,GBIKE,131374,84.0,36.52361,127.266852,12,세종특별시
2026-06-17T00:00:37+09:00,GBIKE,130798,51.0,36.523829,127.277054,12,세종특별시
2026-06-17T00:00:37+09:00,GBIKE,131877,55.0,36.523854,127.277047,12,세종특별시
2026-06-17T00:00:37+09:00,GBIKE,130118,85.0,36.524067,127.277258,12,세종특별시
2026-06-17T00:00:37+09:00,GBIKE,130787,100.0,36.524122,127.269648,12,세종특별시
2026-06-17T00:00:37+09:00,GBIKE,131484,76.0,36.524234,127.277377,12,세종특별시
2026-06-17T00:00:37+09:00,GBIKE,131365,69.0,36.524294,127.277232,12,세종특별시
2026-06-17T00:00:37+09:00,GBIKE,131350,95.0,36.524306,127.277221,12,세종특별시
2026-06-17T00:00:37+09:00,GBIKE,130252,79.0,36.524597,127.271394,12,세종특별시
2026-06-17T00:00:37+09:00,GBIKE,131700,95.0,36.524741,127.265251,12,세종특별시
2026-06-17T00:00:37+09:00,GBIKE,130400,78.0,36.524818,127.266316,12,세종특별시
2026-06-17T00:00:37+09:00,GBIKE,130302,30.0,36.524988,127.275997,12,세종특별시
2026-06-17T00:00:37+09:00,GBIKE,501570,63.0,36.525016,127.261085,12,세종특별시
2026-06-17T00:00:37+09:00,GBIKE,131430,88.0,36.525087,127.26161,12,세종특별시
2026-06-17T00:00:37+09:00,GBIKE,130919,44.0,36.525171,127.261074,12,세종특별시
2026-06-17T00:00:37+09:00,GBIKE,131750,82.0,36.525471,127.261217,12,세종특별시
2026-06-17T00:00:37+09:00,GBIKE,131912,82.0,36.526461,127.26319,12,세종특별시
2026-06-17T00:00:37+09:00,GBIKE,131226,47.0,36.526524,127.263198,12,세종특별시
2026-06-17T00:00:37+09:00,GBIKE,131330,34.0,36.526617,127.267274,12,세종특별시
2026-06-17T00:00:37+09:00,GBIKE,131103,63.0,36.526707,127.262661,12,세종특별시
2026-06-17T00:00:37+09:00,GBIKE,131237,51.0,36.526799,127.267223,12,세종특별시
2026-06-17T00:00:37+09:00,GBIKE,131723,94.0,36.526943,127.256978,12,세종특별시
2026-06-17T00:00:37+09:00,GBIKE,131401,78.0,36.526956,127.271017,12,세종특별시
2026-06-17T00:00:37+09:00,GBIKE,501316,32.0,36.527041,127.270951,12,세종특별시
2026-06-17T00:00:37+09:00,GBIKE,130582,37.0,36.527043,127.263382,12,세종특별시
2026-06-17T00:00:37+09:00,GBIKE,501330,63.0,36.527073,127.270926,12,세종특별시
2026-06-17T00:00:37+09:00,GBIKE,131730,33.0,36.527085,127.269657,12,세종특별시
2026-06-17T00:00:37+09:00,GBIKE,130307,30.0,36.527097,127.263611,12,세종특별시
2026-06-17T00:00:37+09:00,GBIKE,130932,53.0,36.527249,127.249429,12,세종특별시
2026-06-17T00:00:37+09:00,GBIKE,131733,100.0,36.52732,127.271642,12,세종특별시
2026-06-17T00:00:37+09:00,GBIKE,130290,65.0,36.527358,127.271616,12,세종특별시
2026-06-17T00:00:37+09:00,GBIKE,130179,88.0,36.527759,127.267426,12,세종특별시
2026-06-17T00:00:37+09:00,GBIKE,130892,54.0,36.527876,127.262185,12,세종특별시
2026-06-17T00:00:37+09:00,GBIKE,130336,33.0,36.527994,127.267558,12,세종특별시
2026-06-17T00:00:37+09:00,GBIKE,131872,79.0,36.52817,127.267522,12,세종특별시
2026-06-17T00:00:37+09:00,GBIKE,131561,59.0,36.528214,127.270385,12,세종특별시
2026-06-17T00:00:37+09:00,GBIKE,501439,87.0,36.528238,127.267661,12,세종특별시
2026-06-17T00:00:37+09:00,GBIKE,131581,84.0,36.528278,127.270344,12,세종특별시
2026-06-17T00:00:37+09:00,GBIKE,131627,100.0,36.528282,127.267611,12,세종특별시
2026-06-17T00:00:37+09:00,GBIKE,131186,34.0,36.52832,127.270175,12,세종특별시
2026-06-17T00:00:37+09:00,GBIKE,130999,88.0,36.528342,127.248346,12,세종특별시
2026-06-17T00:00:37+09:00,GBIKE,130734,67.0,36.528487,127.263952,12,세종특별시
2026-06-17T00:00:37+09:00,GBIKE,130056,36.0,36.528495,127.263973,12,세종특별시
2026-06-17T00:00:37+09:00,GBIKE,130907,46.0,36.528501,127.264,12,세종특별시
2026-06-17T00:00:37+09:00,GBIKE,130142,82.0,36.528735,127.256987,12,세종특별시
2026-06-17T00:00:37+09:00,GBIKE,130207,84.0,36.529215,127.261108,12,세종특별시
2026-06-17T00:00:37+09:00,GBIKE,501146,51.0,36.529218,127.265909,12,세종특별시
2026-06-17T00:00:37+09:00,GBIKE,131394,32.0,36.529251,127.264307,12,세종특별시
2026-06-17T00:00:37+09:00,GBIKE,130810,32.0,36.529354,127.264282,12,세종특별시
2026-06-17T00:00:37+09:00,GBIKE,131562,72.0,36.529389,127.26015,12,세종특별시
2026-06-17T00:00:37+09:00,GBIKE,131291,31.0,36.529488,127.264394,12,세종특별시
2026-06-17T00:00:37+09:00,GBIKE,131383,31.0,36.529491,127.264408,12,세종특별시
2026-06-17T00:00:37+09:00,GBIKE,131170,30.0,36.529613,127.267962,12,세종특별시
2026-06-17T00:00:37+09:00,GBIKE,130257,100.0,36.529688,127.260102,12,세종특별시
2026-06-17T00:00:37+09:00,GBIKE,131044,95.0,36.529738,127.255013,12,세종특별시
2026-06-17T00:00:37+09:00,GBIKE,130803,38.0,36.529742,127.255153,12,세종특별시
2026-06-17T00:00:37+09:00,GBIKE,131010,92.0,36.529768,127.255224,12,세종특별시
2026-06-17T00:00:37+09:00,GBIKE,501388,37.0,36.529772,127.255232,12,세종특별시
2026-06-17T00:00:37+09:00,GBIKE,131929,78.0,36.529776,127.255092,12,세종특별시
2026-06-17T00:00:37+09:00,GBIKE,130764,64.0,36.529778,127.254978,12,세종특별시
2026-06-17T00:00:37+09:00,GBIKE,130753,100.0,36.529779,127.254873,12,세종특별시
2026-06-17T00:00:37+09:00,GBIKE,131582,46.0,36.52978,127.254909,12,세종특별시
2026-06-17T00:00:37+09:00,GBIKE,130317,33.0,36.529784,127.254931,12,세종특별시
2026-06-17T00:00:37+09:00,GBIKE,131907,100.0,36.529786,127.254911,12,세종특별시
2026-06-17T00:00:37+09:00,GBIKE,131957,39.0,36.529791,127.254949,12,세종특별시
2026-06-17T00:00:37+09:00,GBIKE,131553,30.0,36.529812,127.254928,12,세종특별시
2026-06-17T00:00:37+09:00,GBIKE,131021,100.0,36.529824,127.254908,12,세종특별시
2026-06-17T00:00:37+09:00,GBIKE,131489,45.0,36.529831,127.256019,12,세종특별시
2026-06-17T00:00:37+09:00,GBIKE,501550,30.0,36.529837,127.264838,12,세종특별시
2026-06-17T00:00:37+09:00,GBIKE,501281,100.0,36.529842,127.254911,12,세종특별시
2026-06-17T00:00:37+09:00,GBIKE,131214,70.0,36.529933,127.255091,12,세종특별시
2026-06-17T00:00:37+09:00,GBIKE,131251,69.0,36.529992,127.258471,12,세종특별시
2026-06-17T00:00:37+09:00,GBIKE,130802,51.0,36.530046,127.262283,12,세종특별시
2026-06-17T00:00:37+09:00,GBIKE,501174,70.0,36.53013,127.258908,12,세종특별시
2026-06-17T00:00:37+09:00,GBIKE,130499,32.0,36.530146,127.267339,12,세종특별시
2026-06-17T00:00:37+09:00,GBIKE,131938,71.0,36.530284,127.267081,12,세종특별시
2026-06-17T00:00:37+09:00,GBIKE,130457,50.0,36.530293,127.260599,12,세종특별시
2026-06-17T00:00:37+09:00,GBIKE,501474,87.0,36.530404,127.266888,12,세종특별시
2026-06-17T00:00:37+09:00,GBIKE,131281,44.0,36.53043,127.254882,12,세종특별시
2026-06-17T00:00:37+09:00,GBIKE,130806,56.0,36.530462,127.25483,12,세종특별시
2026-06-17T00:00:37+09:00,GBIKE,501156,33.0,36.530485,127.254941,12,세종특별시
2026-06-17T00:00:37+09:00,GBIKE,130648,42.0,36.530487,127.265385,12,세종특별시
2026-06-17T00:00:37+09:00,GBIKE,130123,85.0,36.530502,127.265372,12,세종특별시
2026-06-17T00:00:37+09:00,GBIKE,130900,36.0,36.530523,127.254909,12,세종특별시
2026-06-17T00:00:37+09:00,GBIKE,130028,100.0,36.530549,127.253896,12,세종특별시
2026-06-17T00:00:37+09:00,GBIKE,501326,50.0,36.530633,127.256906,12,세종특별시
2026-06-17T00:00:37+09:00,GBIKE,130822,50.0,36.53067,127.259085,12,세종특별시
2026-06-17T00:00:37+09:00,GBIKE,501369,100.0,36.530676,127.254589,12,세종특별시
2026-06-17T00:00:37+09:00,GBIKE,501488,76.0,36.53069,127.268777,12,세종특별시
2026-06-17T00:00:37+09:00,GBIKE,130823,100.0,36.530691,127.259156,12,세종특별시
2026-06-17T00:00:37+09:00,GBIKE,501526,85.0,36.530715,127.268994,12,세종특별시
2026-06-17T00:00:37+09:00,GBIKE,131814,66.0,36.530722,127.25468,12,세종특별시
2026-06-17T00:00:37+09:00,GBIKE,131958,96.0,36.530728,127.254604,12,세종특별시
2026-06-17T00:00:37+09:00,GBIKE,130530,41.0,36.530748,127.259025,12,세종특별시
2026-06-17T00:00:37+09:00,GBIKE,130658,62.0,36.53075,127.254416,12,세종특별시
2026-06-17T00:00:37+09:00,GBIKE,130684,38.0,36.530757,127.262284,12,세종특별시
2026-06-17T00:00:37+09:00,GBIKE,130097,85.0,36.530761,127.259001,12,세종특별시
2026-06-17T00:00:37+09:00,GBIKE,131446,80.0,36.530878,127.262501,12,세종특별시
2026-06-17T00:00:37+09:00,GBIKE,130585,100.0,36.530886,127.253546,12,세종특별시
2026-06-17T00:00:37+09:00,GBIKE,130316,100.0,36.530889,127.253049,12,세종특별시
2026-06-17T00:00:37+09:00,GBIKE,130513,57.0,36.530894,127.253566,12,세종특별시
2026-06-17T00:00:37+09:00,GBIKE,131736,49.0,36.53091,127.253074,12,세종특별시
2026-06-17T00:00:37+09:00,GBIKE,131592,61.0,36.530913,127.253094,12,세종특별시
2026-06-17T00:00:37+09:00,GBIKE,130297,92.0,36.530926,127.253552,12,세종특별시
2026-06-17T00:00:37+09:00,GBIKE,130586,100.0,36.530948,127.253546,12,세종특별시
2026-06-17T00:00:37+09:00,GBIKE,130413,85.0,36.53097,127.259193,12,세종특별시
2026-06-17T00:00:37+09:00,GBIKE,130626,63.0,36.530976,127.259363,12,세종특별시
2026-06-17T00:00:37+09:00,GBIKE,343326,35.0,36.531011,127.259373,12,세종특별시
2026-06-17T00:00:37+09:00,GBIKE,130890,67.0,36.531066,127.253581,12,세종특별시
2026-06-17T00:00:37+09:00,GBIKE,130506,44.0,36.531091,127.253993,12,세종특별시
2026-06-17T00:00:37+09:00,GBIKE,130690,68.0,36.531095,127.245813,12,세종특별시
2026-06-17T00:00:37+09:00,GBIKE,131245,75.0,36.531098,127.253962,12,세종특별시
2026-06-17T00:00:37+09:00,GBIKE,131391,72.0,36.531136,127.245742,12,세종특별시
2026-06-17T00:00:37+09:00,GBIKE,131658,83.0,36.531263,127.253769,12,세종특별시
2026-06-17T00:00:37+09:00,GBIKE,131437,64.0,36.531306,127.254064,12,세종특별시
2026-06-17T00:00:37+09:00,GBIKE,130671,39.0,36.531308,127.267669,12,세종특별시
2026-06-17T00:00:37+09:00,GBIKE,131649,85.0,36.531396,127.265605,12,세종특별시
2026-06-17T00:00:37+09:00,GBIKE,130874,60.0,36.53142,127.265557,12,세종특별시
2026-06-17T00:00:37+09:00,GBIKE,131919,75.0,36.531502,127.268246,12,세종특별시
2026-06-17T00:00:37+09:00,GBIKE,130948,42.0,36.531601,127.245179,12,세종특별시
2026-06-17T00:00:37+09:00,GBIKE,501216,78.0,36.531633,127.245247,12,세종특별시
2026-06-17T00:00:37+09:00,GBIKE,131486,60.0,36.531644,127.245201,12,세종특별시
2026-06-17T00:00:37+09:00,GBIKE,130882,86.0,36.531787,127.261534,12,세종특별시
2026-06-17T00:00:37+09:00,GBIKE,131676,32.0,36.531911,127.268666,12,세종특별시
2026-06-17T00:00:37+09:00,GBIKE,130320,75.0,36.531977,127.265603,12,세종특별시
2026-06-17T00:00:37+09:00,GBIKE,131769,74.0,36.532173,127.265702,12,세종특별시
2026-06-17T00:00:37+09:00,GBIKE,130216,49.0,36.532202,127.264341,12,세종특별시
2026-06-17T00:00:37+09:00,GBIKE,131104,100.0,36.532205,127.264316,12,세종특별시
2026-06-17T00:00:37+09:00,GBIKE,131213,100.0,36.532267,127.26444,12,세종특별시
2026-06-17T00:00:37+09:00,GBIKE,131633,43.0,36.532425,127.265159,12,세종특별시
2026-06-17T00:00:37+09:00,GBIKE,501240,30.0,36.532582,127.257046,12,세종특별시
2026-06-17T00:00:37+09:00,GBIKE,130833,70.0,36.533124,127.266094,12,세종특별시
2026-06-17T00:00:37+09:00,GBIKE,501222,41.0,36.533345,127.261942,12,세종특별시
2026-06-17T00:00:37+09:00,GBIKE,130754,32.0,36.533512,127.266268,12,세종특별시
2026-06-17T00:00:37+09:00,GBIKE,130641,67.0,36.533598,127.266203,12,세종특별시
2026-06-17T00:00:37+09:00,GBIKE,131648,43.0,36.533688,127.266832,12,세종특별시
2026-06-17T00:00:37+09:00,GBIKE,130312,40.0,36.534569,127.262621,12,세종특별시
2026-06-17T00:00:37+09:00,GBIKE,130060,100.0,36.542703,127.364494,12,세종특별시
2026-06-17T00:00:37+09:00,GBIKE,501534,100.0,36.542759,127.364738,12,세종특별시
2026-06-17T00:00:37+09:00,GBIKE,301478,50.0,36.542767,127.36581,12,세종특별시
2026-06-17T00:00:37+09:00,GBIKE,131874,93.0,36.542795,127.364727,12,세종특별시
2026-06-17T00:00:37+09:00,GBIKE,130245,77.0,36.54284,127.364697,12,세종특별시
2026-06-17T00:00:37+09:00,GBIKE,501228,100.0,36.542868,127.364729,12,세종특별시
2026-06-17T00:00:37+09:00,GBIKE,130148,95.0,36.542871,127.364809,12,세종특별시
2026-06-17T00:00:37+09:00,GBIKE,130440,100.0,36.542922,127.364492,12,세종특별시
2026-06-17T00:00:37+09:00,GBIKE,501559,100.0,36.542932,127.36435,12,세종특별시
2026-06-17T00:00:37+09:00,GBIKE,385850,30.0,36.585196,127.369438,12,세종특별시
2026-06-17T00:00:37+09:00,GBIKE,385504,61.0,36.585886,127.295251,12,세종특별시
2026-06-17T00:00:37+09:00,GBIKE,625563,35.0,36.586397,127.293774,12,세종특별시
2026-06-17T00:00:37+09:00,GBIKE,381538,100.0,36.588483,127.29062,12,세종특별시
2026-06-17T00:00:37+09:00,GBIKE,384782,62.0,36.588676,127.291876,12,세종특별시
2026-06-17T00:00:37+09:00,GBIKE,383566,58.0,36.588816,127.27456,12,세종특별시
2026-06-17T00:00:37+09:00,GBIKE,365682,38.0,36.589265,127.298868,12,세종특별시
2026-06-17T00:00:37+09:00,GBIKE,630534,33.0,36.590556,127.291661,12,세종특별시
2026-06-17T00:00:37+09:00,GBIKE,354814,33.0,36.590928,127.289155,12,세종특별시
2026-06-17T00:00:37+09:00,GBIKE,353905,78.0,36.590971,127.289233,12,세종특별시
2026-06-17T00:00:37+09:00,GBIKE,376034,30.0,36.59153,127.295066,12,세종특별시
2026-06-17T00:00:37+09:00,GBIKE,374639,30.0,36.591551,127.29188,12,세종특별시
2026-06-17T00:00:37+09:00,GBIKE,390746,90.0,36.591578,127.291368,12,세종특별시
2026-06-17T00:00:37+09:00,GBIKE,369717,30.0,36.591691,127.29141,12,세종특별시
2026-06-17T00:00:37+09:00,GBIKE,612853,41.0,36.592948,127.287105,12,세종특별시
2026-06-17T00:00:37+09:00,GBIKE,378077,30.0,36.593095,127.284795,12,세종특별시
2026-06-17T00:00:37+09:00,GBIKE,367523,57.0,36.593735,127.295728,12,세종특별시
2026-06-17T00:00:37+09:00,GBIKE,638395,68.0,36.594066,127.284543,12,세종특별시
2026-06-17T00:00:37+09:00,GBIKE,617731,92.0,36.594435,127.286912,12,세종특별시
2026-06-17T00:00:37+09:00,GBIKE,375544,36.0,36.594608,127.28848,12,세종특별시
2026-06-17T00:00:37+09:00,GBIKE,617006,70.0,36.594661,127.284498,12,세종특별시
2026-06-17T00:00:37+09:00,GBIKE,383788,30.0,36.594758,127.285415,12,세종특별시
2026-06-17T00:00:37+09:00,GBIKE,617603,70.0,36.5948,127.285511,12,세종특별시
2026-06-17T00:00:37+09:00,GBIKE,625200,100.0,36.594977,127.290874,12,세종특별시
2026-06-17T00:00:37+09:00,GBIKE,390480,92.0,36.594985,127.27958,12,세종특별시
2026-06-17T00:00:37+09:00,GBIKE,383605,30.0,36.59501,127.289535,12,세종특별시
2026-06-17T00:00:37+09:00,GBIKE,611872,48.0,36.595112,127.289181,12,세종특별시
2026-06-17T00:00:37+09:00,GBIKE,371981,30.0,36.595326,127.290863,12,세종특별시
2026-06-17T00:00:37+09:00,GBIKE,384378,80.0,36.595476,127.291138,12,세종특별시
2026-06-17T00:00:37+09:00,GBIKE,607530,37.0,36.595478,127.291181,12,세종특별시
2026-06-17T00:00:37+09:00,GBIKE,384350,33.0,36.596916,127.300061,12,세종특별시
2026-06-17T00:00:37+09:00,GBIKE,613103,43.0,36.596964,127.30177,12,세종특별시
2026-06-17T00:00:37+09:00,GBIKE,610792,82.0,36.598646,127.299698,12,세종특별시
2026-06-17T00:00:37+09:00,GBIKE,389748,82.0,36.599631,127.290111,12,세종특별시
2026-06-17T00:00:37+09:00,GBIKE,614001,36.0,36.599921,127.298397,12,세종특별시
2026-06-17T00:00:37+09:00,GBIKE,617890,61.0,36.600099,127.289535,12,세종특별시
2026-06-17T00:00:37+09:00,GBIKE,377732,87.0,36.60014,127.301511,12,세종특별시
2026-06-17T00:00:37+09:00,GBIKE,367806,69.0,36.60032,127.29523,12,세종특별시
2026-06-17T00:00:37+09:00,GBIKE,382545,46.0,36.600483,127.301911,12,세종특별시
2026-06-17T00:00:37+09:00,GBIKE,620595,93.0,36.60053,127.301249,12,세종특별시
2026-06-17T00:00:37+09:00,GBIKE,632897,84.0,36.600762,127.290261,12,세종특별시
2026-06-17T00:00:37+09:00,GBIKE,365321,100.0,36.60083,127.302533,12,세종특별시
2026-06-17T00:00:37+09:00,GBIKE,371887,71.0,36.600851,127.295216,12,세종특별시
2026-06-17T00:00:37+09:00,GBIKE,624613,75.0,36.600908,127.290037,12,세종특별시
2026-06-17T00:00:37+09:00,GBIKE,604326,79.0,36.600921,127.295078,12,세종특별시
2026-06-17T00:00:37+09:00,GBIKE,624252,87.0,36.600952,127.295205,12,세종특별시
2026-06-17T00:00:37+09:00,GBIKE,631918,84.0,36.600959,127.295135,12,세종특별시
2026-06-17T00:00:37+09:00,GBIKE,612617,45.0,36.60099,127.295182,12,세종특별시
2026-06-17T00:00:37+09:00,GBIKE,620566,38.0,36.600994,127.295174,12,세종특별시
2026-06-17T00:00:37+09:00,GBIKE,635581,97.0,36.601001,127.295127,12,세종특별시
2026-06-17T00:00:37+09:00,GBIKE,375444,50.0,36.601028,127.29503,12,세종특별시
2026-06-17T00:00:37+09:00,GBIKE,617634,48.0,36.601197,127.289722,12,세종특별시
2026-06-17T00:00:37+09:00,GBIKE,390748,69.0,36.601245,127.289926,12,세종특별시
2026-06-17T00:00:37+09:00,GBIKE,618647,43.0,36.601381,127.295091,12,세종특별시
2026-06-17T00:00:37+09:00,GBIKE,618953,83.0,36.601405,127.294825,12,세종특별시
2026-06-17T00:00:37+09:00,GBIKE,635266,56.0,36.601605,127.289932,12,세종특별시
2026-06-17T00:00:37+09:00,GBIKE,376390,100.0,36.601676,127.29094,12,세종특별시
2026-06-17T00:00:37+09:00,GBIKE,636622,89.0,36.60172,127.303358,12,세종특별시
2026-06-17T00:00:37+09:00,GBIKE,386357,40.0,36.601721,127.303365,12,세종특별시
2026-06-17T00:00:37+09:00,GBIKE,384300,50.0,36.601773,127.303378,12,세종특별시
2026-06-17T00:00:37+09:00,GBIKE,383829,54.0,36.601865,127.292661,12,세종특별시
2026-06-17T00:00:37+09:00,GBIKE,367059,48.0,36.601883,127.280045,12,세종특별시
2026-06-17T00:00:37+09:00,GBIKE,365775,37.0,36.601926,127.294901,12,세종특별시
2026-06-17T00:00:37+09:00,GBIKE,345485,30.0,36.601953,127.294798,12,세종특별시
2026-06-17T00:00:37+09:00,GBIKE,624662,77.0,36.601979,127.294921,12,세종특별시
2026-06-17T00:00:37+09:00,GBIKE,373224,67.0,36.60202,127.290093,12,세종특별시
2026-06-17T00:00:37+09:00,GBIKE,383706,31.0,36.602133,127.294841,12,세종특별시
2026-06-17T00:00:37+09:00,GBIKE,346312,100.0,36.602158,127.292421,12,세종특별시
2026-06-17T00:00:37+09:00,GBIKE,347335,52.0,36.602205,127.291653,12,세종특별시
2026-06-17T00:00:37+09:00,GBIKE,386474,100.0,36.602431,127.28969,12,세종특별시
2026-06-17T00:00:37+09:00,GBIKE,347574,55.0,36.602485,127.294848,12,세종특별시
2026-06-17T00:00:37+09:00,GBIKE,368833,80.0,36.602531,127.285783,12,세종특별시
2026-06-17T00:00:37+09:00,GBIKE,389105,55.0,36.602575,127.289731,12,세종특별시
2026-06-17T00:00:37+09:00,GBIKE,388650,100.0,36.602585,127.303388,12,세종특별시
2026-06-17T00:00:37+09:00,GBIKE,629818,46.0,36.602606,127.29388,12,세종특별시
2026-06-17T00:00:37+09:00,GBIKE,383557,98.0,36.602671,127.28958,12,세종특별시
2026-06-17T00:00:37+09:00,GBIKE,630536,97.0,36.602887,127.282308,12,세종특별시
2026-06-17T00:00:37+09:00,GBIKE,389847,55.0,36.6029,127.291335,12,세종특별시
2026-06-17T00:00:37+09:00,GBIKE,383734,55.0,36.602956,127.279865,12,세종특별시
2026-06-17T00:00:37+09:00,GBIKE,351964,35.0,36.603023,127.289603,12,세종특별시
2026-06-17T00:00:37+09:00,GBIKE,387871,74.0,36.603025,127.289591,12,세종특별시
2026-06-17T00:00:37+09:00,GBIKE,614604,84.0,36.603062,127.289978,12,세종특별시
2026-06-17T00:00:37+09:00,GBIKE,347727,41.0,36.603196,127.290665,12,세종특별시
2026-06-17T00:00:37+09:00,GBIKE,370121,85.0,36.603211,127.290713,12,세종특별시
2026-06-17T00:00:37+09:00,GBIKE,362212,34.0,36.603246,127.290401,12,세종특별시
2026-06-17T00:00:37+09:00,GBIKE,628466,34.0,36.603394,127.304844,12,세종특별시
2026-06-17T00:00:37+09:00,GBIKE,604011,38.0,36.603415,127.289525,12,세종특별시
2026-06-17T00:00:37+09:00,GBIKE,628141,39.0,36.603444,127.289582,12,세종특별시
2026-06-17T00:00:37+09:00,GBIKE,618274,76.0,36.603474,127.28958,12,세종특별시
2026-06-17T00:00:37+09:00,GBIKE,384363,47.0,36.603498,127.289586,12,세종특별시
2026-06-17T00:00:37+09:00,GBIKE,602862,68.0,36.603553,127.289576,12,세종특별시
2026-06-17T00:00:37+09:00,GBIKE,623385,94.0,36.603615,127.293166,12,세종특별시
2026-06-17T00:00:37+09:00,GBIKE,389490,100.0,36.603675,127.291401,12,세종특별시
2026-06-17T00:00:37+09:00,GBIKE,380931,45.0,36.603706,127.293206,12,세종특별시
2026-06-17T00:00:37+09:00,GBIKE,635165,97.0,36.60372,127.296588,12,세종특별시
2026-06-17T00:00:37+09:00,GBIKE,610809,78.0,36.60377,127.296428,12,세종특별시
2026-06-17T00:00:37+09:00,GBIKE,367389,43.0,36.603775,127.291613,12,세종특별시
2026-06-17T00:00:37+09:00,GBIKE,635969,67.0,36.603844,127.297523,12,세종특별시
2026-06-17T00:00:37+09:00,GBIKE,377781,98.0,36.60389,127.297235,12,세종특별시
2026-06-17T00:00:37+09:00,GBIKE,375093,41.0,36.603908,127.287095,12,세종특별시
2026-06-17T00:00:37+09:00,GBIKE,623923,100.0,36.603956,127.297812,12,세종특별시
2026-06-17T00:00:37+09:00,GBIKE,625142,45.0,36.604058,127.298766,12,세종특별시
2026-06-17T00:00:37+09:00,GBIKE,384694,62.0,36.604118,127.291536,12,세종특별시
2026-06-17T00:00:37+09:00,GBIKE,632681,86.0,36.604168,127.291539,12,세종특별시
2026-06-17T00:00:37+09:00,GBIKE,374614,92.0,36.604291,127.29702,12,세종특별시
2026-06-17T00:00:37+09:00,GBIKE,392507,67.0,36.604383,127.300783,12,세종특별시
2026-06-17T00:00:37+09:00,GBIKE,382652,49.0,36.604388,127.300781,12,세종특별시
2026-06-17T00:00:37+09:00,GBIKE,637500,39.0,36.604428,127.291025,12,세종특별시
2026-06-17T00:00:37+09:00,GBIKE,382570,31.0,36.604525,127.292483,12,세종특별시
2026-06-17T00:00:37+09:00,GBIKE,386032,56.0,36.604526,127.292496,12,세종특별시
2026-06-17T00:00:37+09:00,GBIKE,367251,45.0,36.604548,127.292486,12,세종특별시
2026-06-17T00:00:37+09:00,GBIKE,369480,90.0,36.604595,127.29248,12,세종특별시
2026-06-17T00:00:37+09:00,GBIKE,609454,70.0,36.604867,127.292012,12,세종특별시
2026-06-17T00:00:37+09:00,GBIKE,629532,30.0,36.604938,127.287893,12,세종특별시
2026-06-17T00:00:37+09:00,GBIKE,633367,90.0,36.605102,127.289948,12,세종특별시
2026-06-17T00:00:37+09:00,GBIKE,374386,68.0,36.605181,127.290211,12,세종특별시
2026-06-17T00:00:37+09:00,GBIKE,381375,92.0,36.605318,127.297415,12,세종특별시
2026-06-17T00:00:37+09:00,GBIKE,385508,86.0,36.605336,127.292276,12,세종특별시
2026-06-17T00:00:37+09:00,GBIKE,383611,38.0,36.605486,127.292686,12,세종특별시
2026-06-17T00:00:37+09:00,GBIKE,639358,41.0,36.605549,127.291485,12,세종특별시
2026-06-17T00:00:37+09:00,GBIKE,368537,49.0,36.605621,127.292765,12,세종특별시
2026-06-17T00:00:37+09:00,GBIKE,383781,30.0,36.60563,127.300511,12,세종특별시
2026-06-17T00:00:37+09:00,GBIKE,620391,89.0,36.605719,127.294068,12,세종특별시
2026-06-17T00:00:37+09:00,GBIKE,387673,100.0,36.60572,127.294081,12,세종특별시
2026-06-17T00:00:37+09:00,GBIKE,383778,34.0,36.605735,127.289481,12,세종특별시
2026-06-17T00:00:37+09:00,GBIKE,379750,43.0,36.60592,127.286675,12,세종특별시
2026-06-17T00:00:37+09:00,GBIKE,384302,57.0,36.606028,127.277433,12,세종특별시
2026-06-17T00:00:37+09:00,GBIKE,604672,45.0,36.606073,127.292315,12,세종특별시
2026-06-17T00:00:37+09:00,GBIKE,384342,50.0,36.606113,127.293325,12,세종특별시
2026-06-17T00:00:37+09:00,GBIKE,347317,77.0,36.606123,127.2864,12,세종특별시
2026-06-17T00:00:37+09:00,GBIKE,391985,86.0,36.606243,127.293175,12,세종특별시
2026-06-17T00:00:37+09:00,GBIKE,394330,69.0,36.60638,127.294115,12,세종특별시
2026-06-17T00:00:37+09:00,GBIKE,383739,70.0,36.60652,127.297191,12,세종특별시
2026-06-17T00:00:37+09:00,GBIKE,636680,39.0,36.606608,127.291355,12,세종특별시
2026-06-17T00:00:37+09:00,GBIKE,345320,92.0,36.606783,127.29385,12,세종특별시
2026-06-17T00:00:37+09:00,GBIKE,373290,51.0,36.606788,127.290368,12,세종특별시
2026-06-17T00:00:37+09:00,GBIKE,374569,31.0,36.606853,127.293958,12,세종특별시
2026-06-17T00:00:37+09:00,GBIKE,367752,73.0,36.606901,127.290138,12,세종특별시
2026-06-17T00:00:37+09:00,GBIKE,388632,73.0,36.606991,127.290141,12,세종특별시
2026-06-17T00:00:37+09:00,GBIKE,369515,31.0,36.607013,127.29047,12,세종특별시
2026-06-17T00:00:37+09:00,GBIKE,384358,100.0,36.60705,127.285491,12,세종특별시
2026-06-17T00:00:37+09:00,GBIKE,368384,50.0,36.607103,127.283605,12,세종특별시
2026-06-17T00:00:37+09:00,GBIKE,365501,64.0,36.607105,127.284271,12,세종특별시
2026-06-17T00:00:37+09:00,GBIKE,616066,72.0,36.607114,127.284546,12,세종특별시
2026-06-17T00:00:37+09:00,GBIKE,603979,52.0,36.607151,127.284215,12,세종특별시
2026-06-17T00:00:37+09:00,GBIKE,619363,48.0,36.607155,127.291906,12,세종특별시
2026-06-17T00:00:37+09:00,GBIKE,377098,63.0,36.607175,127.284298,12,세종특별시
2026-06-17T00:00:37+09:00,GBIKE,384327,60.0,36.60723,127.29015,12,세종특별시
2026-06-17T00:00:37+09:00,GBIKE,365795,41.0,36.607318,127.286208,12,세종특별시
2026-06-17T00:00:37+09:00,GBIKE,348952,100.0,36.607323,127.286298,12,세종특별시
2026-06-17T00:00:37+09:00,GBIKE,394908,86.0,36.607328,127.28633,12,세종특별시
2026-06-17T00:00:37+09:00,GBIKE,368132,38.0,36.607418,127.29245,12,세종특별시
2026-06-17T00:00:37+09:00,GBIKE,368554,58.0,36.607475,127.290173,12,세종특별시
2026-06-17T00:00:37+09:00,GBIKE,613735,52.0,36.607696,127.289245,12,세종특별시
2026-06-17T00:00:37+09:00,GBIKE,373517,74.0,36.607861,127.285596,12,세종특별시
2026-06-17T00:00:37+09:00,GBIKE,390771,61.0,36.607925,127.289385,12,세종특별시
2026-06-17T00:00:37+09:00,GBIKE,369487,40.0,36.608006,127.288451,12,세종특별시
2026-06-17T00:00:37+09:00,GBIKE,348243,95.0,36.608046,127.289146,12,세종특별시
2026-06-17T00:00:37+09:00,GBIKE,628775,95.0,36.608128,127.285122,12,세종특별시
2026-06-17T00:00:37+09:00,GBIKE,608840,54.0,36.608148,127.288329,12,세종특별시
2026-06-17T00:00:37+09:00,GBIKE,631743,38.0,36.608152,127.288656,12,세종특별시
2026-06-17T00:00:37+09:00,GBIKE,384361,94.0,36.608205,127.288313,12,세종특별시
2026-06-17T00:00:37+09:00,GBIKE,368846,87.0,36.608315,127.283953,12,세종특별시
2026-06-17T00:00:37+09:00,GBIKE,633047,66.0,36.60833,127.289103,12,세종특별시
2026-06-17T00:00:37+09:00,GBIKE,637354,76.0,36.608403,127.29295,12,세종특별시
2026-06-17T00:00:37+09:00,GBIKE,381658,51.0,36.60842,127.28834,12,세종특별시
2026-06-17T00:00:37+09:00,GBIKE,627925,71.0,36.608518,127.285617,12,세종특별시
2026-06-17T00:00:37+09:00,GBIKE,375487,31.0,36.60852,127.289178,12,세종특별시
2026-06-17T00:00:37+09:00,GBIKE,382588,100.0,36.608523,127.289188,12,세종특별시
2026-06-17T00:00:37+09:00,GBIKE,370374,31.0,36.608611,127.289476,12,세종특별시
2026-06-17T00:00:37+09:00,GBIKE,638335,86.0,36.608631,127.288874,12,세종특별시
2026-06-17T00:00:37+09:00,GBIKE,381468,80.0,36.608633,127.283736,12,세종특별시
2026-06-17T00:00:37+09:00,GBIKE,389216,79.0,36.608653,127.289148,12,세종특별시
2026-06-17T00:00:37+09:00,GBIKE,388389,88.0,36.608656,127.283895,12,세종특별시
2026-06-17T00:00:37+09:00,GBIKE,383266,100.0,36.60866,127.283866,12,세종특별시
2026-06-17T00:00:37+09:00,GBIKE,373770,91.0,36.608663,127.288871,12,세종특별시
2026-06-17T00:00:37+09:00,GBIKE,389295,100.0,36.608666,127.28383,12,세종특별시
2026-06-17T00:00:37+09:00,GBIKE,392829,87.0,36.608666,127.28885,12,세종특별시
2026-06-17T00:00:37+09:00,GBIKE,365780,65.0,36.60867,127.283898,12,세종특별시
2026-06-17T00:00:37+09:00,GBIKE,370217,81.0,36.608671,127.28379,12,세종특별시
2026-06-17T00:00:37+09:00,GBIKE,374638,49.0,36.608671,127.28372,12,세종특별시
2026-06-17T00:00:37+09:00,GBIKE,371895,63.0,36.608673,127.283775,12,세종특별시
2026-06-17T00:00:37+09:00,GBIKE,383197,86.0,36.608673,127.283971,12,세종특별시
2026-06-17T00:00:37+09:00,GBIKE,387829,51.0,36.608675,127.288863,12,세종특별시
2026-06-17T00:00:37+09:00,GBIKE,377780,89.0,36.60868,127.289008,12,세종특별시
2026-06-17T00:00:37+09:00,GBIKE,387860,49.0,36.60868,127.283845,12,세종특별시
2026-06-17T00:00:37+09:00,GBIKE,383531,65.0,36.608681,127.283705,12,세종특별시
2026-06-17T00:00:37+09:00,GBIKE,389159,100.0,36.608686,127.283745,12,세종특별시
2026-06-17T00:00:37+09:00,GBIKE,628253,45.0,36.608686,127.289191,12,세종특별시
2026-06-17T00:00:37+09:00,GBIKE,392112,36.0,36.608696,127.289103,12,세종특별시
2026-06-17T00:00:37+09:00,GBIKE,369437,77.0,36.6087,127.289163,12,세종특별시
2026-06-17T00:00:37+09:00,GBIKE,608280,99.0,36.608707,127.289116,12,세종특별시
2026-06-17T00:00:37+09:00,GBIKE,623340,62.0,36.608707,127.289214,12,세종특별시
2026-06-17T00:00:37+09:00,GBIKE,384392,72.0,36.608708,127.283821,12,세종특별시
2026-06-17T00:00:37+09:00,GBIKE,392076,82.0,36.608708,127.283758,12,세종특별시
2026-06-17T00:00:37+09:00,GBIKE,369472,79.0,36.60871,127.283756,12,세종특별시
2026-06-17T00:00:37+09:00,GBIKE,383883,85.0,36.608713,127.283758,12,세종특별시
2026-06-17T00:00:37+09:00,GBIKE,372626,62.0,36.608716,127.283788,12,세종특별시
2026-06-17T00:00:37+09:00,GBIKE,376044,48.0,36.608716,127.283813,12,세종특별시
2026-06-17T00:00:37+09:00,GBIKE,382510,56.0,36.608716,127.283715,12,세종특별시
2026-06-17T00:00:37+09:00,GBIKE,371898,100.0,36.608718,127.28373,12,세종특별시
2026-06-17T00:00:37+09:00,GBIKE,601083,87.0,36.608721,127.28375,12,세종특별시
2026-06-17T00:00:37+09:00,GBIKE,625620,62.0,36.608722,127.289127,12,세종특별시
2026-06-17T00:00:37+09:00,GBIKE,375376,98.0,36.608723,127.289175,12,세종특별시
2026-06-17T00:00:37+09:00,GBIKE,384555,100.0,36.608723,127.283723,12,세종특별시
2026-06-17T00:00:37+09:00,GBIKE,367411,81.0,36.608725,127.288913,12,세종특별시
2026-06-17T00:00:37+09:00,GBIKE,373521,50.0,36.608726,127.283776,12,세종특별시
2026-06-17T00:00:37+09:00,GBIKE,366505,43.0,36.608728,127.283965,12,세종특별시
2026-06-17T00:00:37+09:00,GBIKE,368100,70.0,36.608728,127.289081,12,세종특별시
2026-06-17T00:00:37+09:00,GBIKE,368693,54.0,36.608728,127.283845,12,세종특별시
2026-06-17T00:00:37+09:00,GBIKE,372817,100.0,36.608728,127.289156,12,세종특별시
2026-06-17T00:00:37+09:00,GBIKE,630894,91.0,36.608729,127.2838,12,세종특별시
2026-06-17T00:00:37+09:00,GBIKE,388893,67.0,36.60873,127.283771,12,세종특별시
2026-06-17T00:00:37+09:00,GBIKE,611134,50.0,36.608732,127.2918,12,세종특별시
2026-06-17T00:00:37+09:00,GBIKE,372728,100.0,36.608733,127.289168,12,세종특별시
2026-06-17T00:00:37+09:00,GBIKE,347357,43.0,36.608735,127.28912,12,세종특별시
2026-06-17T00:00:37+09:00,GBIKE,383553,55.0,36.608735,127.28378,12,세종특별시
2026-06-17T00:00:37+09:00,GBIKE,387855,60.0,36.608735,127.289053,12,세종특별시
2026-06-17T00:00:37+09:00,GBIKE,332032,100.0,36.608736,127.289156,12,세종특별시
2026-06-17T00:00:37+09:00,GBIKE,377296,100.0,36.608738,127.289181,12,세종특별시
2026-06-17T00:00:37+09:00,GBIKE,381932,100.0,36.60874,127.289168,12,세종특별시
2026-06-17T00:00:37+09:00,GBIKE,352898,100.0,36.608741,127.289158,12,세종특별시
2026-06-17T00:00:37+09:00,GBIKE,377794,46.0,36.608741,127.289163,12,세종특별시
2026-06-17T00:00:37+09:00,GBIKE,383223,38.0,36.608741,127.28918,12,세종특별시
2026-06-17T00:00:37+09:00,GBIKE,367103,81.0,36.608745,127.283795,12,세종특별시
2026-06-17T00:00:37+09:00,GBIKE,376304,93.0,36.60875,127.283801,12,세종특별시
2026-06-17T00:00:37+09:00,GBIKE,381351,72.0,36.60875,127.28377,12,세종특별시
2026-06-17T00:00:37+09:00,GBIKE,631829,88.0,36.608751,127.289127,12,세종특별시
2026-06-17T00:00:37+09:00,GBIKE,348558,100.0,36.608753,127.289083,12,세종특별시
2026-06-17T00:00:37+09:00,GBIKE,364370,83.0,36.608753,127.283763,12,세종특별시
2026-06-17T00:00:37+09:00,GBIKE,363877,72.0,36.608756,127.283858,12,세종특별시
2026-06-17T00:00:37+09:00,GBIKE,367058,46.0,36.608756,127.28402,12,세종특별시
2026-06-17T00:00:37+09:00,GBIKE,375524,87.0,36.608756,127.283835,12,세종특별시
2026-06-17T00:00:37+09:00,GBIKE,378828,39.0,36.608756,127.288828,12,세종특별시
2026-06-17T00:00:37+09:00,GBIKE,377483,85.0,36.608758,127.283901,12,세종특별시
2026-06-17T00:00:37+09:00,GBIKE,386746,65.0,36.608758,127.283786,12,세종특별시
2026-06-17T00:00:37+09:00,GBIKE,375527,40.0,36.60876,127.288865,12,세종특별시
2026-06-17T00:00:37+09:00,GBIKE,383321,92.0,36.608761,127.28375,12,세종특별시
2026-06-17T00:00:37+09:00,GBIKE,392296,44.0,36.608761,127.289095,12,세종특별시
2026-06-17T00:00:37+09:00,GBIKE,375391,100.0,36.608765,127.289071,12,세종특별시
2026-06-17T00:00:37+09:00,GBIKE,390703,51.0,36.608776,127.283936,12,세종특별시
2026-06-17T00:00:37+09:00,GBIKE,385514,50.0,36.60878,127.283928,12,세종특별시
2026-06-17T00:00:37+09:00,GBIKE,345843,59.0,36.608781,127.283948,12,세종특별시
2026-06-17T00:00:37+09:00,GBIKE,385642,42.0,36.608786,127.28389,12,세종특별시
2026-06-17T00:00:37+09:00,GBIKE,390838,50.0,36.60879,127.288925,12,세종특별시
2026-06-17T00:00:37+09:00,GBIKE,387312,56.0,36.608793,127.283931,12,세종특별시
2026-06-17T00:00:37+09:00,GBIKE,617885,86.0,36.608794,127.289102,12,세종특별시
2026-06-17T00:00:37+09:00,GBIKE,355329,63.0,36.608795,127.283898,12,세종특별시
2026-06-17T00:00:37+09:00,GBIKE,609681,80.0,36.608796,127.289096,12,세종특별시
2026-06-17T00:00:37+09:00,GBIKE,630518,87.0,36.608799,127.289127,12,세종특별시
2026-06-17T00:00:37+09:00,GBIKE,343439,80.0,36.6088,127.288925,12,세종특별시
2026-06-17T00:00:37+09:00,GBIKE,383623,46.0,36.6088,127.28894,12,세종특별시
2026-06-17T00:00:37+09:00,GBIKE,611309,91.0,36.6088,127.2889,12,세종특별시
2026-06-17T00:00:37+09:00,GBIKE,621289,42.0,36.6088,127.288902,12,세종특별시
2026-06-17T00:00:37+09:00,GBIKE,365565,87.0,36.608801,127.283926,12,세종특별시
2026-06-17T00:00:37+09:00,GBIKE,392835,63.0,36.608806,127.28893,12,세종특별시
2026-06-17T00:00:37+09:00,GBIKE,625542,43.0,36.608809,127.288896,12,세종특별시
2026-06-17T00:00:37+09:00,GBIKE,370368,54.0,36.60881,127.28894,12,세종특별시
2026-06-17T00:00:37+09:00,GBIKE,382936,58.0,36.60881,127.288921,12,세종특별시
2026-06-17T00:00:37+09:00,GBIKE,347346,46.0,36.608811,127.288925,12,세종특별시
2026-06-17T00:00:37+09:00,GBIKE,379855,100.0,36.608813,127.288916,12,세종특별시
2026-06-17T00:00:37+09:00,GBIKE,388764,56.0,36.608813,127.288923,12,세종특별시
2026-06-17T00:00:37+09:00,GBIKE,361763,69.0,36.608816,127.28893,12,세종특별시
2026-06-17T00:00:37+09:00,GBIKE,376030,47.0,36.608816,127.288933,12,세종특별시
2026-06-17T00:00:37+09:00,GBIKE,367718,68.0,36.608821,127.283916,12,세종특별시
2026-06-17T00:00:37+09:00,GBIKE,612172,54.0,36.608833,127.288896,12,세종특별시
2026-06-17T00:00:37+09:00,GBIKE,622703,100.0,36.608835,127.288884,12,세종특별시
2026-06-17T00:00:37+09:00,GBIKE,365828,60.0,36.608836,127.28909,12,세종특별시
2026-06-17T00:00:37+09:00,GBIKE,636806,76.0,36.608841,127.289075,12,세종특별시
2026-06-17T00:00:37+09:00,GBIKE,355960,58.0,36.608845,127.288898,12,세종특별시
2026-06-17T00:00:37+09:00,GBIKE,615848,100.0,36.608855,127.288909,12,세종특별시
2026-06-17T00:00:37+09:00,GBIKE,377729,46.0,36.608858,127.28394,12,세종특별시
2026-06-17T00:00:37+09:00,GBIKE,369424,38.0,36.608873,127.291815,12,세종특별시
2026-06-17T00:00:37+09:00,GBIKE,377293,39.0,36.608878,127.291746,12,세종특별시
2026-06-17T00:00:37+09:00,GBIKE,395237,100.0,36.608878,127.289061,12,세종특별시
2026-06-17T00:00:37+09:00,GBIKE,371980,62.0,36.60888,127.289086,12,세종특별시
2026-06-17T00:00:37+09:00,GBIKE,617002,86.0,36.608901,127.289115,12,세종특별시
2026-06-17T00:00:37+09:00,GBIKE,385493,78.0,36.608906,127.28442,12,세종특별시
2026-06-17T00:00:37+09:00,GBIKE,381716,48.0,36.609005,127.292028,12,세종특별시
2026-06-17T00:00:37+09:00,GBIKE,365566,54.0,36.609043,127.286016,12,세종특별시
2026-06-17T00:00:37+09:00,GBIKE,374050,90.0,36.609051,127.286048,12,세종특별시
2026-06-17T00:00:37+09:00,GBIKE,618900,64.0,36.609053,127.285972,12,세종특별시
2026-06-17T00:00:37+09:00,GBIKE,367416,41.0,36.609058,127.286045,12,세종특별시
2026-06-17T00:00:37+09:00,GBIKE,638332,54.0,36.609065,127.286077,12,세종특별시
2026-06-17T00:00:37+09:00,GBIKE,380917,72.0,36.609071,127.286028,12,세종특별시
2026-06-17T00:00:37+09:00,GBIKE,390561,44.0,36.609071,127.286013,12,세종특별시
2026-06-17T00:00:37+09:00,GBIKE,372868,89.0,36.609093,127.286073,12,세종특별시
2026-06-17T00:00:37+09:00,GBIKE,615828,47.0,36.609097,127.285969,12,세종특별시
2026-06-17T00:00:37+09:00,GBIKE,390484,34.0,36.6091,127.28609,12,세종특별시
2026-06-17T00:00:37+09:00,GBIKE,637872,32.0,36.6091,127.286002,12,세종특별시
2026-06-17T00:00:37+09:00,GBIKE,380915,30.0,36.60911,127.285976,12,세종특별시
2026-06-17T00:00:37+09:00,GBIKE,380639,34.0,36.609263,127.29129,12,세종특별시
2026-06-17T00:00:37+09:00,GBIKE,382505,100.0,36.609295,127.292561,12,세종특별시
2026-06-17T00:00:37+09:00,GBIKE,349257,32.0,36.609325,127.292735,12,세종특별시
2026-06-17T00:00:37+09:00,GBIKE,352300,65.0,36.609473,127.291261,12,세종특별시
2026-06-17T00:00:37+09:00,GBIKE,383163,92.0,36.609646,127.288595,12,세종특별시
2026-06-17T00:00:37+09:00,GBIKE,383624,83.0,36.609653,127.28689,12,세종특별시
2026-06-17T00:00:37+09:00,GBIKE,372399,33.0,36.609668,127.286911,12,세종특별시
2026-06-17T00:00:37+09:00,GBIKE,385638,32.0,36.609691,127.286855,12,세종특별시
2026-06-17T00:00:37+09:00,GBIKE,388372,33.0,36.609705,127.286891,12,세종특별시
2026-06-17T00:00:37+09:00,GBIKE,379183,69.0,36.609728,127.290318,12,세종특별시
2026-06-17T00:00:37+09:00,GBIKE,630625,30.0,36.609807,127.293207,12,세종특별시
2026-06-17T00:00:37+09:00,GBIKE,612254,74.0,36.610376,127.289123,12,세종특별시
2026-06-17T00:00:37+09:00,GBIKE,389584,33.0,36.610378,127.289981,12,세종특별시
2026-06-17T00:00:37+09:00,GBIKE,384693,80.0,36.61041,127.28914,12,세종특별시
2026-06-17T00:00:37+09:00,GBIKE,351622,70.0,36.610508,127.285521,12,세종특별시
2026-06-17T00:00:37+09:00,GBIKE,362145,98.0,36.610511,127.285586,12,세종특별시
2026-06-17T00:00:37+09:00,GBIKE,377611,68.0,36.61052,127.285491,12,세종특별시
2026-06-17T00:00:37+09:00,GBIKE,366565,31.0,36.610521,127.285605,12,세종특별시
2026-06-17T00:00:37+09:00,GBIKE,386463,90.0,36.610528,127.285513,12,세종특별시
2026-06-17T00:00:37+09:00,GBIKE,370088,98.0,36.61053,127.285515,12,세종특별시
2026-06-17T00:00:37+09:00,GBIKE,375058,61.0,36.610545,127.285543,12,세종특별시
2026-06-17T00:00:37+09:00,GBIKE,390769,73.0,36.610548,127.285553,12,세종특별시
2026-06-17T00:00:37+09:00,GBIKE,377574,52.0,36.610563,127.28553,12,세종특별시
2026-06-17T00:00:37+09:00,GBIKE,392267,100.0,36.610566,127.285518,12,세종특별시
2026-06-17T00:00:37+09:00,GBIKE,616296,56.0,36.610568,127.285423,12,세종특별시
2026-06-17T00:00:37+09:00,GBIKE,343404,35.0,36.610571,127.29318,12,세종특별시
2026-06-17T00:00:37+09:00,GBIKE,380920,47.0,36.610576,127.285535,12,세종특별시
2026-06-17T00:00:37+09:00,GBIKE,390685,33.0,36.610671,127.297201,12,세종특별시
2026-06-17T00:00:37+09:00,GBIKE,380113,86.0,36.610728,127.296703,12,세종특별시
2026-06-17T00:00:37+09:00,GBIKE,364026,50.0,36.610751,127.297315,12,세종특별시
2026-06-17T00:00:37+09:00,GBIKE,373233,43.0,36.610761,127.286005,12,세종특별시
2026-06-17T00:00:37+09:00,GBIKE,394098,32.0,36.610773,127.298521,12,세종특별시
2026-06-17T00:00:37+09:00,GBIKE,614015,62.0,36.610942,127.285846,12,세종특별시
2026-06-17T00:00:37+09:00,GBIKE,383149,42.0,36.610965,127.28607,12,세종특별시
2026-06-17T00:00:37+09:00,GBIKE,601954,34.0,36.611001,127.293075,12,세종특별시
2026-06-17T00:00:37+09:00,GBIKE,394153,44.0,36.61101,127.286136,12,세종특별시
2026-06-17T00:00:37+09:00,GBIKE,378803,33.0,36.611025,127.286126,12,세종특별시
2026-06-17T00:00:37+09:00,GBIKE,375429,63.0,36.611033,127.28611,12,세종특별시
2026-06-17T00:00:37+09:00,GBIKE,374698,60.0,36.611043,127.290075,12,세종특별시
2026-06-17T00:00:37+09:00,GBIKE,368120,100.0,36.611053,127.29009,12,세종특별시
2026-06-17T00:00:37+09:00,GBIKE,369415,55.0,36.611053,127.286108,12,세종특별시
2026-06-17T00:00:37+09:00,GBIKE,376081,57.0,36.611076,127.290128,12,세종특별시
2026-06-17T00:00:37+09:00,GBIKE,368766,72.0,36.61108,127.28607,12,세종특별시
2026-06-17T00:00:37+09:00,GBIKE,390382,64.0,36.611083,127.289985,12,세종특별시
2026-06-17T00:00:37+09:00,GBIKE,383834,44.0,36.611085,127.289961,12,세종특별시
2026-06-17T00:00:37+09:00,GBIKE,377436,89.0,36.611086,127.289978,12,세종특별시
2026-06-17T00:00:37+09:00,GBIKE,394836,43.0,36.611088,127.289936,12,세종특별시
2026-06-17T00:00:37+09:00,GBIKE,366495,71.0,36.61109,127.290036,12,세종특별시
2026-06-17T00:00:37+09:00,GBIKE,372070,33.0,36.61109,127.289973,12,세종특별시
2026-06-17T00:00:37+09:00,GBIKE,378931,89.0,36.61109,127.289996,12,세종특별시
2026-06-17T00:00:37+09:00,GBIKE,363973,100.0,36.611098,127.290041,12,세종특별시
2026-06-17T00:00:37+09:00,GBIKE,627295,36.0,36.611103,127.29664,12,세종특별시
2026-06-17T00:00:37+09:00,GBIKE,388680,75.0,36.611106,127.290108,12,세종특별시
2026-06-17T00:00:37+09:00,GBIKE,392394,85.0,36.61111,127.296715,12,세종특별시
2026-06-17T00:00:37+09:00,GBIKE,363571,39.0,36.611113,127.289985,12,세종특별시
2026-06-17T00:00:37+09:00,GBIKE,603533,73.0,36.611116,127.287344,12,세종특별시
2026-06-17T00:00:37+09:00,GBIKE,368902,56.0,36.611118,127.290086,12,세종특별시
2026-06-17T00:00:37+09:00,GBIKE,382998,90.0,36.611118,127.287281,12,세종특별시
2026-06-17T00:00:37+09:00,GBIKE,366516,31.0,36.611123,127.287396,12,세종특별시
2026-06-17T00:00:37+09:00,GBIKE,381177,49.0,36.611123,127.29006,12,세종특별시
2026-06-17T00:00:37+09:00,GBIKE,383887,95.0,36.611128,127.289965,12,세종특별시
2026-06-17T00:00:37+09:00,GBIKE,394095,50.0,36.611128,127.290073,12,세종특별시
2026-06-17T00:00:37+09:00,GBIKE,628874,97.0,36.61113,127.287343,12,세종특별시
2026-06-17T00:00:37+09:00,GBIKE,363636,62.0,36.611133,127.289965,12,세종특별시
2026-06-17T00:00:37+09:00,GBIKE,372400,42.0,36.611145,127.290008,12,세종특별시
2026-06-17T00:00:37+09:00,GBIKE,626724,51.0,36.611145,127.287363,12,세종특별시
2026-06-17T00:00:37+09:00,GBIKE,630979,100.0,36.611146,127.287349,12,세종특별시
2026-06-17T00:00:37+09:00,GBIKE,338106,100.0,36.611148,127.290055,12,세종특별시
2026-06-17T00:00:37+09:00,GBIKE,344002,95.0,36.611148,127.289946,12,세종특별시
2026-06-17T00:00:37+09:00,GBIKE,388631,64.0,36.611148,127.290086,12,세종특별시
2026-06-17T00:00:37+09:00,GBIKE,630578,100.0,36.611148,127.287227,12,세종특별시
2026-06-17T00:00:37+09:00,GBIKE,607348,34.0,36.611157,127.287385,12,세종특별시
2026-06-17T00:00:37+09:00,GBIKE,364199,40.0,36.611158,127.289955,12,세종특별시
2026-06-17T00:00:37+09:00,GBIKE,389488,88.0,36.611158,127.287363,12,세종특별시
2026-06-17T00:00:37+09:00,GBIKE,376843,41.0,36.61116,127.29004,12,세종특별시
2026-06-17T00:00:37+09:00,GBIKE,638562,41.0,36.61116,127.289955,12,세종특별시
2026-06-17T00:00:37+09:00,GBIKE,631081,93.0,36.611163,127.287368,12,세종특별시
2026-06-17T00:00:37+09:00,GBIKE,372751,83.0,36.611176,127.290061,12,세종특별시
2026-06-17T00:00:37+09:00,GBIKE,624058,77.0,36.611181,127.290074,12,세종특별시
2026-06-17T00:00:37+09:00,GBIKE,367831,95.0,36.611183,127.289878,12,세종특별시
2026-06-17T00:00:37+09:00,GBIKE,613464,50.0,36.611184,127.287277,12,세종특별시
2026-06-17T00:00:37+09:00,GBIKE,348036,51.0,36.61119,127.287375,12,세종특별시
2026-06-17T00:00:37+09:00,GBIKE,394698,45.0,36.61119,127.287246,12,세종특별시
2026-06-17T00:00:37+09:00,GBIKE,368165,65.0,36.611195,127.28735,12,세종특별시
2026-06-17T00:00:37+09:00,GBIKE,379519,36.0,36.611195,127.287433,12,세종특별시
2026-06-17T00:00:37+09:00,GBIKE,384713,78.0,36.611195,127.287306,12,세종특별시
2026-06-17T00:00:37+09:00,GBIKE,347359,53.0,36.611196,127.287328,12,세종특별시
2026-06-17T00:00:37+09:00,GBIKE,373728,36.0,36.611201,127.287281,12,세종특별시
2026-06-17T00:00:37+09:00,GBIKE,382650,38.0,36.611203,127.28744,12,세종특별시
2026-06-17T00:00:37+09:00,GBIKE,367387,100.0,36.611205,127.28734,12,세종특별시
2026-06-17T00:00:37+09:00,GBIKE,385510,36.0,36.611205,127.290043,12,세종특별시
2026-06-17T00:00:37+09:00,GBIKE,382533,30.0,36.611206,127.287365,12,세종특별시
2026-06-17T00:00:37+09:00,GBIKE,390442,100.0,36.611206,127.287348,12,세종특별시
2026-06-17T00:00:37+09:00,GBIKE,389264,58.0,36.611208,127.287368,12,세종특별시
2026-06-17T00:00:37+09:00,GBIKE,367351,98.0,36.611211,127.287345,12,세종특별시
2026-06-17T00:00:37+09:00,GBIKE,371839,40.0,36.611211,127.287435,12,세종특별시
2026-06-17T00:00:37+09:00,GBIKE,383726,61.0,36.611213,127.287246,12,세종특별시
2026-06-17T00:00:37+09:00,GBIKE,626567,89.0,36.611213,127.289937,12,세종특별시
2026-06-17T00:00:37+09:00,GBIKE,638303,40.0,36.611214,127.287295,12,세종특별시
2026-06-17T00:00:37+09:00,GBIKE,389536,59.0,36.611216,127.287393,12,세종특별시
2026-06-17T00:00:37+09:00,GBIKE,367102,85.0,36.611225,127.28746,12,세종특별시
2026-06-17T00:00:37+09:00,GBIKE,374717,64.0,36.611225,127.287306,12,세종특별시
2026-06-17T00:00:37+09:00,GBIKE,377764,80.0,36.611225,127.287253,12,세종특별시
2026-06-17T00:00:37+09:00,GBIKE,364617,89.0,36.61123,127.289993,12,세종특별시
2026-06-17T00:00:37+09:00,GBIKE,378994,94.0,36.61123,127.287496,12,세종특별시
2026-06-17T00:00:37+09:00,GBIKE,377014,41.0,36.611235,127.287363,12,세종특별시
2026-06-17T00:00:37+09:00,GBIKE,364639,76.0,36.611238,127.287261,12,세종특별시
2026-06-17T00:00:37+09:00,GBIKE,393158,77.0,36.611238,127.287491,12,세종특별시
2026-06-17T00:00:37+09:00,GBIKE,382502,33.0,36.611241,127.287396,12,세종특별시
2026-06-17T00:00:37+09:00,GBIKE,378046,37.0,36.611248,127.28741,12,세종특별시
2026-06-17T00:00:37+09:00,GBIKE,386486,37.0,36.611255,127.287413,12,세종특별시
2026-06-17T00:00:37+09:00,GBIKE,339870,85.0,36.611271,127.287438,12,세종특별시
2026-06-17T00:00:37+09:00,GBIKE,372771,31.0,36.611296,127.287371,12,세종특별시
2026-06-17T00:00:37+09:00,GBIKE,603062,87.0,36.611473,127.28458,12,세종특별시
2026-06-17T00:00:37+09:00,GBIKE,374321,41.0,36.611526,127.284613,12,세종특별시
2026-06-17T00:00:37+09:00,GBIKE,369813,67.0,36.611553,127.284593,12,세종특별시
2026-06-17T00:00:37+09:00,GBIKE,362576,31.0,36.611943,127.284883,12,세종특별시
2026-06-17T00:00:37+09:00,GBIKE,377735,31.0,36.611946,127.284841,12,세종특별시
2026-06-17T00:00:37+09:00,GBIKE,382436,46.0,36.611976,127.284825,12,세종특별시
2026-06-17T00:00:37+09:00,GBIKE,367380,61.0,36.612721,127.293211,12,세종특별시
2026-06-17T00:00:37+09:00,GBIKE,347744,87.0,36.613296,127.331585,12,세종특별시
2026-06-17T00:00:37+09:00,GBIKE,385435,67.0,36.613308,127.331583,12,세종특별시
2026-06-17T00:00:37+09:00,GBIKE,376326,45.0,36.613496,127.291278,12,세종특별시
2026-06-17T00:00:37+09:00,GBIKE,367337,33.0,36.613763,127.2925,12,세종특별시
2026-06-17T00:00:37+09:00,GBIKE,387886,30.0,36.613773,127.290445,12,세종특별시
2026-06-17T00:00:37+09:00,GBIKE,345873,98.0,36.613828,127.290213,12,세종특별시
2026-06-17T00:00:37+09:00,GBIKE,384398,32.0,36.613971,127.292441,12,세종특별시
2026-06-17T00:00:37+09:00,GBIKE,604547,78.0,36.614015,127.289775,12,세종특별시
2026-06-17T00:00:37+09:00,GBIKE,638210,100.0,36.614018,127.315002,12,세종특별시
2026-06-17T00:00:37+09:00,GBIKE,607950,56.0,36.614639,127.282405,12,세종특별시
2026-06-17T00:00:37+09:00,GBIKE,367874,59.0,36.614648,127.288476,12,세종특별시
2026-06-17T00:00:37+09:00,GBIKE,390295,35.0,36.614725,127.288108,12,세종특별시
2026-06-17T00:00:37+09:00,GBIKE,375330,60.0,36.614738,127.288396,12,세종특별시
2026-06-17T00:00:37+09:00,GBIKE,383347,96.0,36.614836,127.28433,12,세종특별시
2026-06-17T00:00:37+09:00,GBIKE,637526,70.0,36.615302,127.360331,12,세종특별시
2026-06-17T00:00:37+09:00,GBIKE,612261,47.0,36.61579,127.283644,12,세종특별시
2026-06-17T00:00:37+09:00,GBIKE,385640,53.0,36.615945,127.287456,12,세종특별시
2026-06-17T00:00:37+09:00,GBIKE,379960,63.0,36.616015,127.287118,12,세종특별시
2026-06-17T00:00:37+09:00,GBIKE,382690,99.0,36.616063,127.360265,12,세종특별시
2026-06-17T00:00:37+09:00,GBIKE,383612,30.0,36.616083,127.287236,12,세종특별시
2026-06-17T00:00:37+09:00,GBIKE,617959,90.0,36.616561,127.2869,12,세종특별시
2026-06-17T00:00:37+09:00,GBIKE,384320,68.0,36.616603,127.28692,12,세종특별시
2026-06-17T00:00:37+09:00,GBIKE,355297,59.0,36.616608,127.286908,12,세종특별시
2026-06-17T00:00:37+09:00,GBIKE,372300,36.0,36.616611,127.28667,12,세종특별시
2026-06-17T00:00:37+09:00,GBIKE,381308,59.0,36.616613,127.28691,12,세종특별시
2026-06-17T00:00:37+09:00,GBIKE,375506,95.0,36.616618,127.286918,12,세종특별시
2026-06-17T00:00:37+09:00,GBIKE,374564,55.0,36.61662,127.28692,12,세종특별시
2026-06-17T00:00:37+09:00,GBIKE,388399,64.0,36.61662,127.286946,12,세종특별시
2026-06-17T00:00:37+09:00,GBIKE,392234,57.0,36.616623,127.28692,12,세종특별시
2026-06-17T00:00:37+09:00,GBIKE,383167,66.0,36.616635,127.286915,12,세종특별시
2026-06-17T00:00:37+09:00,GBIKE,384375,64.0,36.616831,127.329133,12,세종특별시
2026-06-17T00:00:37+09:00,GBIKE,625545,100.0,36.617035,127.286941,12,세종특별시
2026-06-17T00:00:37+09:00,GBIKE,383890,52.0,36.617205,127.286245,12,세종특별시
2026-06-17T00:00:37+09:00,GBIKE,130745,33.0,36.617507,127.285737,12,세종특별시
2026-06-17T00:00:37+09:00,GBIKE,372776,89.0,36.617553,127.290468,12,세종특별시
2026-06-17T00:00:37+09:00,GBIKE,392376,100.0,36.617858,127.285845,12,세종특별시
2026-06-17T00:00:37+09:00,GBIKE,368400,71.0,36.618043,127.321585,12,세종특별시
2026-06-17T00:00:37+09:00,GBIKE,375561,54.0,36.61818,127.285788,12,세종특별시
2026-06-17T00:00:37+09:00,GBIKE,376341,100.0,36.618185,127.285771,12,세종특별시
2026-06-17T00:00:37+09:00,GBIKE,375530,30.0,36.618186,127.285706,12,세종특별시
2026-06-17T00:00:37+09:00,GBIKE,390538,50.0,36.618233,127.285766,12,세종특별시
2026-06-17T00:00:37+09:00,GBIKE,366207,62.0,36.618245,127.285758,12,세종특별시
2026-06-17T00:00:37+09:00,GBIKE,386976,85.0,36.618258,127.285805,12,세종특별시
2026-06-17T00:00:37+09:00,GBIKE,382572,31.0,36.618263,127.285765,12,세종특별시
2026-06-17T00:00:37+09:00,GBIKE,332859,42.0,36.618293,127.285791,12,세종특별시
2026-06-17T00:00:37+09:00,GBIKE,384391,74.0,36.618601,127.290193,12,세종특별시
2026-06-17T00:00:37+09:00,GBIKE,333967,92.0,36.618813,127.290806,12,세종특별시
2026-06-17T00:00:37+09:00,GBIKE,370326,54.0,36.618836,127.28499,12,세종특별시
2026-06-17T00:00:37+09:00,GBIKE,383590,43.0,36.618901,127.288586,12,세종특별시
2026-06-17T00:00:37+09:00,GBIKE,386756,43.0,36.61891,127.288586,12,세종특별시
2026-06-17T00:00:37+09:00,GBIKE,620351,96.0,36.618988,127.318896,12,세종특별시
2026-06-17T00:00:37+09:00,GBIKE,349173,42.0,36.61987,127.310753,12,세종특별시
2026-06-17T00:00:37+09:00,GBIKE,630971,31.0,36.620506,127.29064,12,세종특별시
2026-06-17T00:00:37+09:00,GBIKE,367800,36.0,36.62091,127.282471,12,세종특별시
2026-06-17T00:00:37+09:00,GBIKE,377277,92.0,36.621166,127.290566,12,세종특별시
2026-06-17T00:00:37+09:00,GBIKE,374732,39.0,36.62144,127.358601,12,세종특별시
2026-06-17T00:00:37+09:00,GBIKE,381558,100.0,36.621485,127.321955,12,세종특별시
2026-06-17T00:00:37+09:00,GBIKE,337661,78.0,36.621506,127.290936,12,세종특별시
2026-06-17T00:00:37+09:00,GBIKE,379714,54.0,36.62151,127.290941,12,세종특별시
2026-06-17T00:00:37+09:00,GBIKE,374566,100.0,36.62153,127.283371,12,세종특별시
2026-06-17T00:00:37+09:00,GBIKE,383567,50.0,36.621611,127.283366,12,세종특별시
2026-06-17T00:00:37+09:00,GBIKE,363988,39.0,36.621636,127.283413,12,세종특별시
2026-06-17T00:00:37+09:00,GBIKE,372002,45.0,36.622896,127.28918,12,세종특별시
2026-06-17T00:00:37+09:00,GBIKE,638316,87.0,36.622977,127.289454,12,세종특별시
2026-06-17T00:00:37+09:00,GBIKE,343399,100.0,36.623003,127.290195,12,세종특별시
2026-06-17T00:00:37+09:00,GBIKE,383599,99.0,36.623733,127.286858,12,세종특별시
2026-06-17T00:00:37+09:00,GBIKE,385639,72.0,36.624126,127.33088,12,세종특별시
2026-06-17T00:00:37+09:00,GBIKE,632299,41.0,36.629276,127.333273,12,세종특별시
2026-06-17T00:00:37+09:00,GBIKE,620356,93.0,36.631625,127.328545,12,세종특별시
2026-06-17T00:00:37+09:00,GBIKE,602329,62.0,36.631713,127.32859,12,세종특별시
2026-06-17T00:00:37+09:00,GBIKE,368357,67.0,36.656701,127.369016,12,세종특별시
