timestamp,operator_name,device_id,battery_level,latitude,longitude,city_code,city_name
2026-06-18T10:15:09+09:00,GBIKE,346764,100.0,36.440763,127.224465,12,세종특별시
2026-06-18T10:15:09+09:00,GBIKE,634021,39.0,36.441036,127.367041,12,세종특별시
2026-06-18T10:15:09+09:00,GBIKE,353074,100.0,36.447178,127.36564,12,세종특별시
2026-06-18T10:15:09+09:00,GBIKE,374180,30.0,36.447548,127.228638,12,세종특별시
2026-06-18T10:15:09+09:00,GBIKE,372222,85.0,36.451356,127.363478,12,세종특별시
2026-06-18T10:15:09+09:00,GBIKE,373279,72.0,36.451385,127.363731,12,세종특별시
2026-06-18T10:15:09+09:00,GBIKE,621255,59.0,36.451472,127.362621,12,세종특별시
2026-06-18T10:15:09+09:00,GBIKE,302403,83.0,36.451492,127.363731,12,세종특별시
2026-06-18T10:15:09+09:00,GBIKE,308243,63.0,36.451894,127.364033,12,세종특별시
2026-06-18T10:15:09+09:00,GBIKE,365258,35.0,36.451955,127.36238,12,세종특별시
2026-06-18T10:15:09+09:00,GBIKE,345118,64.0,36.452218,127.363803,12,세종특별시
2026-06-18T10:15:09+09:00,GBIKE,377379,30.0,36.453726,127.365486,12,세종특별시
2026-06-18T10:15:09+09:00,GBIKE,604668,34.0,36.453955,127.363456,12,세종특별시
2026-06-18T10:15:09+09:00,GBIKE,624269,42.0,36.454222,127.366902,12,세종특별시
2026-06-18T10:15:09+09:00,GBIKE,302018,56.0,36.454319,127.363726,12,세종특별시
2026-06-18T10:15:09+09:00,GBIKE,386937,36.0,36.45439,127.364053,12,세종특별시
2026-06-18T10:15:09+09:00,GBIKE,395865,55.0,36.45444,127.363745,12,세종특별시
2026-06-18T10:15:09+09:00,GBIKE,338805,65.0,36.454861,127.363988,12,세종특별시
2026-06-18T10:15:09+09:00,GBIKE,306339,73.0,36.454917,127.364158,12,세종특별시
2026-06-18T10:15:09+09:00,GBIKE,378795,77.0,36.455416,127.364158,12,세종특별시
2026-06-18T10:15:09+09:00,GBIKE,395213,64.0,36.456796,127.36045,12,세종특별시
2026-06-18T10:15:09+09:00,GBIKE,300588,74.0,36.463659,127.359857,12,세종특별시
2026-06-18T10:15:09+09:00,GBIKE,501246,45.0,36.46443,127.282555,12,세종특별시
2026-06-18T10:15:09+09:00,GBIKE,131793,85.0,36.465113,127.245772,12,세종특별시
2026-06-18T10:15:09+09:00,GBIKE,130938,71.0,36.467053,127.281728,12,세종특별시
2026-06-18T10:15:09+09:00,GBIKE,131038,38.0,36.467727,127.263752,12,세종특별시
2026-06-18T10:15:09+09:00,GBIKE,631883,68.0,36.467741,127.264109,12,세종특별시
2026-06-18T10:15:09+09:00,GBIKE,131565,87.0,36.467856,127.263715,12,세종특별시
2026-06-18T10:15:09+09:00,GBIKE,501113,30.0,36.468538,127.281152,12,세종특별시
2026-06-18T10:15:09+09:00,GBIKE,130893,50.0,36.468577,127.271387,12,세종특별시
2026-06-18T10:15:09+09:00,GBIKE,395909,30.0,36.468641,127.271155,12,세종특별시
2026-06-18T10:15:09+09:00,GBIKE,131084,35.0,36.4688,127.273573,12,세종특별시
2026-06-18T10:15:09+09:00,GBIKE,130931,74.0,36.468983,127.274261,12,세종특별시
2026-06-18T10:15:09+09:00,GBIKE,130619,63.0,36.468997,127.274274,12,세종특별시
2026-06-18T10:15:09+09:00,GBIKE,130388,86.0,36.469007,127.274257,12,세종특별시
2026-06-18T10:15:09+09:00,GBIKE,501495,30.0,36.469028,127.273093,12,세종특별시
2026-06-18T10:15:09+09:00,GBIKE,501449,45.0,36.469046,127.27513,12,세종특별시
2026-06-18T10:15:09+09:00,GBIKE,130308,100.0,36.469217,127.280616,12,세종특별시
2026-06-18T10:15:09+09:00,GBIKE,130555,81.0,36.46941,127.276777,12,세종특별시
2026-06-18T10:15:09+09:00,GBIKE,131547,75.0,36.470037,127.28762,12,세종특별시
2026-06-18T10:15:09+09:00,GBIKE,131139,80.0,36.470273,127.251582,12,세종특별시
2026-06-18T10:15:09+09:00,GBIKE,131357,82.0,36.470952,127.273275,12,세종특별시
2026-06-18T10:15:09+09:00,GBIKE,130163,39.0,36.470988,127.27327,12,세종특별시
2026-06-18T10:15:09+09:00,GBIKE,131681,100.0,36.471137,127.275053,12,세종특별시
2026-06-18T10:15:09+09:00,GBIKE,501348,68.0,36.471141,127.275012,12,세종특별시
2026-06-18T10:15:09+09:00,GBIKE,131656,40.0,36.471727,127.279732,12,세종특별시
2026-06-18T10:15:09+09:00,GBIKE,130669,30.0,36.47173,127.276046,12,세종특별시
2026-06-18T10:15:09+09:00,GBIKE,130972,44.0,36.47202,127.279283,12,세종특별시
2026-06-18T10:15:09+09:00,GBIKE,131836,32.0,36.472152,127.252479,12,세종특별시
2026-06-18T10:15:09+09:00,GBIKE,130045,30.0,36.472161,127.28487,12,세종특별시
2026-06-18T10:15:09+09:00,GBIKE,131463,47.0,36.472163,127.252636,12,세종특별시
2026-06-18T10:15:09+09:00,GBIKE,501207,30.0,36.472282,127.285173,12,세종특별시
2026-06-18T10:15:09+09:00,GBIKE,131824,100.0,36.472417,127.275939,12,세종특별시
2026-06-18T10:15:09+09:00,GBIKE,130925,64.0,36.472465,127.275862,12,세종특별시
2026-06-18T10:15:09+09:00,GBIKE,501276,64.0,36.472473,127.277209,12,세종특별시
2026-06-18T10:15:09+09:00,GBIKE,130310,81.0,36.47288,127.27709,12,세종특별시
2026-06-18T10:15:09+09:00,GBIKE,131573,65.0,36.473083,127.25368,12,세종특별시
2026-06-18T10:15:09+09:00,GBIKE,130661,84.0,36.473123,127.277089,12,세종특별시
2026-06-18T10:15:09+09:00,GBIKE,130405,57.0,36.473209,127.276296,12,세종특별시
2026-06-18T10:15:09+09:00,GBIKE,131321,68.0,36.473509,127.249994,12,세종특별시
2026-06-18T10:15:09+09:00,GBIKE,130665,95.0,36.473514,127.250049,12,세종특별시
2026-06-18T10:15:09+09:00,GBIKE,501225,79.0,36.473523,127.277879,12,세종특별시
2026-06-18T10:15:09+09:00,GBIKE,130264,89.0,36.473542,127.25006,12,세종특별시
2026-06-18T10:15:09+09:00,GBIKE,130992,66.0,36.473562,127.250011,12,세종특별시
2026-06-18T10:15:09+09:00,GBIKE,130819,83.0,36.473625,127.284989,12,세종특별시
2026-06-18T10:15:09+09:00,GBIKE,130691,58.0,36.473705,127.288292,12,세종특별시
2026-06-18T10:15:09+09:00,GBIKE,130601,35.0,36.473841,127.250201,12,세종특별시
2026-06-18T10:15:09+09:00,GBIKE,131747,36.0,36.47389,127.298192,12,세종특별시
2026-06-18T10:15:09+09:00,GBIKE,130279,91.0,36.473971,127.278654,12,세종특별시
2026-06-18T10:15:09+09:00,GBIKE,130906,84.0,36.474055,127.254948,12,세종특별시
2026-06-18T10:15:09+09:00,GBIKE,501317,73.0,36.474082,127.254989,12,세종특별시
2026-06-18T10:15:09+09:00,GBIKE,130287,58.0,36.474137,127.251363,12,세종특별시
2026-06-18T10:15:09+09:00,GBIKE,131317,75.0,36.47414,127.273524,12,세종특별시
2026-06-18T10:15:09+09:00,GBIKE,501555,57.0,36.474154,127.25521,12,세종특별시
2026-06-18T10:15:09+09:00,GBIKE,501148,97.0,36.474255,127.275678,12,세종특별시
2026-06-18T10:15:09+09:00,GBIKE,131225,100.0,36.474264,127.282324,12,세종특별시
2026-06-18T10:15:09+09:00,GBIKE,130425,51.0,36.474333,127.285787,12,세종특별시
2026-06-18T10:15:09+09:00,GBIKE,130018,67.0,36.474375,127.27618,12,세종특별시
2026-06-18T10:15:09+09:00,GBIKE,130960,71.0,36.474443,127.280105,12,세종특별시
2026-06-18T10:15:09+09:00,GBIKE,130488,86.0,36.474633,127.25427,12,세종특별시
2026-06-18T10:15:09+09:00,GBIKE,130174,50.0,36.474638,127.254123,12,세종특별시
2026-06-18T10:15:09+09:00,GBIKE,131217,30.0,36.474686,127.275773,12,세종특별시
2026-06-18T10:15:09+09:00,GBIKE,501414,91.0,36.4747,127.275822,12,세종특별시
2026-06-18T10:15:09+09:00,GBIKE,130583,30.0,36.474724,127.254815,12,세종특별시
2026-06-18T10:15:09+09:00,GBIKE,130335,30.0,36.474732,127.254824,12,세종특별시
2026-06-18T10:15:09+09:00,GBIKE,130143,30.0,36.474738,127.254813,12,세종특별시
2026-06-18T10:15:09+09:00,GBIKE,131961,92.0,36.474772,127.252601,12,세종특별시
2026-06-18T10:15:09+09:00,GBIKE,501498,31.0,36.474797,127.254907,12,세종특별시
2026-06-18T10:15:09+09:00,GBIKE,501289,76.0,36.474816,127.255696,12,세종특별시
2026-06-18T10:15:09+09:00,GBIKE,130162,35.0,36.474847,127.255757,12,세종특별시
2026-06-18T10:15:09+09:00,GBIKE,130749,35.0,36.474864,127.255648,12,세종특별시
2026-06-18T10:15:09+09:00,GBIKE,131742,46.0,36.474966,127.248735,12,세종특별시
2026-06-18T10:15:09+09:00,GBIKE,131261,100.0,36.474998,127.287824,12,세종특별시
2026-06-18T10:15:09+09:00,GBIKE,501380,49.0,36.475108,127.253801,12,세종특별시
2026-06-18T10:15:09+09:00,GBIKE,501538,98.0,36.475243,127.281587,12,세종특별시
2026-06-18T10:15:09+09:00,GBIKE,131005,46.0,36.475252,127.280781,12,세종특별시
2026-06-18T10:15:09+09:00,GBIKE,501312,62.0,36.475273,127.255444,12,세종특별시
2026-06-18T10:15:09+09:00,GBIKE,130519,32.0,36.475284,127.253306,12,세종특별시
2026-06-18T10:15:09+09:00,GBIKE,131528,100.0,36.475388,127.281893,12,세종특별시
2026-06-18T10:15:09+09:00,GBIKE,131090,31.0,36.475403,127.25261,12,세종특별시
2026-06-18T10:15:09+09:00,GBIKE,131077,35.0,36.475457,127.252374,12,세종특별시
2026-06-18T10:15:09+09:00,GBIKE,130588,48.0,36.475491,127.256387,12,세종특별시
2026-06-18T10:15:09+09:00,GBIKE,130220,39.0,36.475586,127.252137,12,세종특별시
2026-06-18T10:15:09+09:00,GBIKE,501170,92.0,36.475594,127.286483,12,세종특별시
2026-06-18T10:15:09+09:00,GBIKE,131327,56.0,36.475631,127.252086,12,세종특별시
2026-06-18T10:15:09+09:00,GBIKE,130235,69.0,36.475649,127.252484,12,세종특별시
2026-06-18T10:15:09+09:00,GBIKE,130936,42.0,36.475689,127.252971,12,세종특별시
2026-06-18T10:15:09+09:00,GBIKE,130121,30.0,36.475696,127.253007,12,세종특별시
2026-06-18T10:15:09+09:00,GBIKE,130282,33.0,36.475732,127.254171,12,세종특별시
2026-06-18T10:15:09+09:00,GBIKE,131962,100.0,36.475806,127.25168,12,세종특별시
2026-06-18T10:15:09+09:00,GBIKE,131552,97.0,36.475904,127.286924,12,세종특별시
2026-06-18T10:15:09+09:00,GBIKE,131756,39.0,36.475916,127.284118,12,세종특별시
2026-06-18T10:15:09+09:00,GBIKE,130394,86.0,36.475928,127.254213,12,세종특별시
2026-06-18T10:15:09+09:00,GBIKE,501430,98.0,36.475943,127.283415,12,세종특별시
2026-06-18T10:15:09+09:00,GBIKE,131548,95.0,36.47629,127.271752,12,세종특별시
2026-06-18T10:15:09+09:00,GBIKE,130982,84.0,36.476304,127.283605,12,세종특별시
2026-06-18T10:15:09+09:00,GBIKE,130116,97.0,36.47631,127.252636,12,세종특별시
2026-06-18T10:15:09+09:00,GBIKE,501157,30.0,36.476377,127.254023,12,세종특별시
2026-06-18T10:15:09+09:00,GBIKE,130160,30.0,36.476388,127.253857,12,세종특별시
2026-06-18T10:15:09+09:00,GBIKE,131089,94.0,36.47642,127.259023,12,세종특별시
2026-06-18T10:15:09+09:00,GBIKE,130695,86.0,36.476433,127.253948,12,세종특별시
2026-06-18T10:15:09+09:00,GBIKE,130452,95.0,36.476434,127.253886,12,세종특별시
2026-06-18T10:15:09+09:00,GBIKE,130782,53.0,36.476434,127.258994,12,세종특별시
2026-06-18T10:15:09+09:00,GBIKE,130226,72.0,36.476444,127.252697,12,세종특별시
2026-06-18T10:15:09+09:00,GBIKE,131040,39.0,36.476474,127.2539,12,세종특별시
2026-06-18T10:15:09+09:00,GBIKE,131349,93.0,36.476536,127.288512,12,세종특별시
2026-06-18T10:15:09+09:00,GBIKE,130339,92.0,36.476554,127.247864,12,세종특별시
2026-06-18T10:15:09+09:00,GBIKE,130212,46.0,36.476561,127.25138,12,세종특별시
2026-06-18T10:15:09+09:00,GBIKE,131222,73.0,36.476591,127.253932,12,세종특별시
2026-06-18T10:15:09+09:00,GBIKE,130376,37.0,36.476599,127.248294,12,세종특별시
2026-06-18T10:15:09+09:00,GBIKE,131509,81.0,36.476608,127.25129,12,세종특별시
2026-06-18T10:15:09+09:00,GBIKE,131880,98.0,36.476617,127.247937,12,세종특별시
2026-06-18T10:15:09+09:00,GBIKE,131362,45.0,36.476702,127.296552,12,세종특별시
2026-06-18T10:15:09+09:00,GBIKE,130151,64.0,36.47677,127.249121,12,세종특별시
2026-06-18T10:15:09+09:00,GBIKE,131752,100.0,36.476788,127.253077,12,세종특별시
2026-06-18T10:15:09+09:00,GBIKE,131990,30.0,36.476813,127.283505,12,세종특별시
2026-06-18T10:15:09+09:00,GBIKE,130154,100.0,36.476843,127.25871,12,세종특별시
2026-06-18T10:15:09+09:00,GBIKE,131513,82.0,36.476852,127.283506,12,세종특별시
2026-06-18T10:15:09+09:00,GBIKE,501458,95.0,36.476935,127.285572,12,세종특별시
2026-06-18T10:15:09+09:00,GBIKE,501154,50.0,36.476972,127.257767,12,세종특별시
2026-06-18T10:15:09+09:00,GBIKE,501409,64.0,36.476972,127.285507,12,세종특별시
2026-06-18T10:15:09+09:00,GBIKE,501517,88.0,36.477016,127.287925,12,세종특별시
2026-06-18T10:15:09+09:00,GBIKE,130776,99.0,36.47703,127.283452,12,세종특별시
2026-06-18T10:15:09+09:00,GBIKE,501298,100.0,36.477047,127.283444,12,세종특별시
2026-06-18T10:15:09+09:00,GBIKE,130315,100.0,36.477098,127.295609,12,세종특별시
2026-06-18T10:15:09+09:00,GBIKE,131150,91.0,36.477121,127.250888,12,세종특별시
2026-06-18T10:15:09+09:00,GBIKE,131453,57.0,36.47718,127.25411,12,세종특별시
2026-06-18T10:15:09+09:00,GBIKE,130462,100.0,36.477189,127.254184,12,세종특별시
2026-06-18T10:15:09+09:00,GBIKE,131378,30.0,36.477251,127.259329,12,세종특별시
2026-06-18T10:15:09+09:00,GBIKE,131738,79.0,36.477318,127.297392,12,세종특별시
2026-06-18T10:15:09+09:00,GBIKE,131305,32.0,36.477333,127.254053,12,세종특별시
2026-06-18T10:15:09+09:00,GBIKE,130568,76.0,36.477336,127.297415,12,세종특별시
2026-06-18T10:15:09+09:00,GBIKE,501387,30.0,36.477338,127.250906,12,세종특별시
2026-06-18T10:15:09+09:00,GBIKE,501206,74.0,36.477339,127.287817,12,세종특별시
2026-06-18T10:15:09+09:00,GBIKE,130556,33.0,36.47741,127.250577,12,세종특별시
2026-06-18T10:15:09+09:00,GBIKE,131936,94.0,36.477451,127.250142,12,세종특별시
2026-06-18T10:15:09+09:00,GBIKE,131985,30.0,36.477451,127.25429,12,세종특별시
2026-06-18T10:15:09+09:00,GBIKE,130842,50.0,36.477459,127.2832,12,세종특별시
2026-06-18T10:15:09+09:00,GBIKE,131115,76.0,36.477463,127.297843,12,세종특별시
2026-06-18T10:15:09+09:00,GBIKE,501532,100.0,36.47747,127.254127,12,세종특별시
2026-06-18T10:15:09+09:00,GBIKE,131672,66.0,36.477473,127.283171,12,세종특별시
2026-06-18T10:15:09+09:00,GBIKE,501598,100.0,36.477487,127.287144,12,세종특별시
2026-06-18T10:15:09+09:00,GBIKE,130069,67.0,36.47751,127.283071,12,세종특별시
2026-06-18T10:15:09+09:00,GBIKE,130916,100.0,36.477517,127.283134,12,세종특별시
2026-06-18T10:15:09+09:00,GBIKE,131560,56.0,36.477532,127.281875,12,세종특별시
2026-06-18T10:15:09+09:00,GBIKE,131127,66.0,36.477532,127.254327,12,세종특별시
2026-06-18T10:15:09+09:00,GBIKE,131994,32.0,36.477533,127.25435,12,세종특별시
2026-06-18T10:15:09+09:00,GBIKE,131537,95.0,36.477565,127.28602,12,세종특별시
2026-06-18T10:15:09+09:00,GBIKE,131593,69.0,36.477565,127.285986,12,세종특별시
2026-06-18T10:15:09+09:00,GBIKE,131558,96.0,36.47758,127.29185,12,세종특별시
2026-06-18T10:15:09+09:00,GBIKE,131602,100.0,36.477589,127.298115,12,세종특별시
2026-06-18T10:15:09+09:00,GBIKE,501468,73.0,36.477602,127.285999,12,세종특별시
2026-06-18T10:15:09+09:00,GBIKE,130652,37.0,36.47761,127.249822,12,세종특별시
2026-06-18T10:15:09+09:00,GBIKE,130434,69.0,36.477628,127.282839,12,세종특별시
2026-06-18T10:15:09+09:00,GBIKE,130920,47.0,36.477631,127.298745,12,세종특별시
2026-06-18T10:15:09+09:00,GBIKE,501491,100.0,36.477635,127.286027,12,세종특별시
2026-06-18T10:15:09+09:00,GBIKE,131774,100.0,36.47766,127.248873,12,세종특별시
2026-06-18T10:15:09+09:00,GBIKE,130755,74.0,36.47767,127.255407,12,세종특별시
2026-06-18T10:15:09+09:00,GBIKE,130065,35.0,36.477675,127.255619,12,세종특별시
2026-06-18T10:15:09+09:00,GBIKE,131749,63.0,36.477683,127.255368,12,세종특별시
2026-06-18T10:15:09+09:00,GBIKE,131227,74.0,36.477693,127.255408,12,세종특별시
2026-06-18T10:15:09+09:00,GBIKE,501133,54.0,36.477721,127.253622,12,세종특별시
2026-06-18T10:15:09+09:00,GBIKE,501103,61.0,36.477722,127.253629,12,세종특별시
2026-06-18T10:15:09+09:00,GBIKE,130567,40.0,36.477733,127.257463,12,세종특별시
2026-06-18T10:15:09+09:00,GBIKE,501408,30.0,36.477737,127.253731,12,세종특별시
2026-06-18T10:15:09+09:00,GBIKE,130688,53.0,36.477747,127.249084,12,세종특별시
2026-06-18T10:15:09+09:00,GBIKE,131983,48.0,36.477759,127.255633,12,세종특별시
2026-06-18T10:15:09+09:00,GBIKE,130616,82.0,36.477771,127.249629,12,세종특별시
2026-06-18T10:15:09+09:00,GBIKE,130296,80.0,36.477776,127.282709,12,세종특별시
2026-06-18T10:15:09+09:00,GBIKE,501324,74.0,36.477801,127.253659,12,세종특별시
2026-06-18T10:15:09+09:00,GBIKE,501209,77.0,36.477807,127.253592,12,세종특별시
2026-06-18T10:15:09+09:00,GBIKE,501597,91.0,36.477819,127.283228,12,세종특별시
2026-06-18T10:15:09+09:00,GBIKE,131435,70.0,36.477839,127.283187,12,세종특별시
2026-06-18T10:15:09+09:00,GBIKE,131276,84.0,36.477849,127.283186,12,세종특별시
2026-06-18T10:15:09+09:00,GBIKE,131167,99.0,36.477927,127.287685,12,세종특별시
2026-06-18T10:15:09+09:00,GBIKE,130026,86.0,36.477963,127.283133,12,세종특별시
2026-06-18T10:15:09+09:00,GBIKE,501112,100.0,36.477976,127.287757,12,세종특별시
2026-06-18T10:15:09+09:00,GBIKE,130924,95.0,36.477988,127.287683,12,세종특별시
2026-06-18T10:15:09+09:00,GBIKE,130173,74.0,36.477993,127.299339,12,세종특별시
2026-06-18T10:15:09+09:00,GBIKE,130970,95.0,36.477994,127.252072,12,세종특별시
2026-06-18T10:15:09+09:00,GBIKE,131395,30.0,36.478002,127.299306,12,세종특별시
2026-06-18T10:15:09+09:00,GBIKE,130967,42.0,36.478004,127.250052,12,세종특별시
2026-06-18T10:15:09+09:00,GBIKE,131521,85.0,36.478027,127.299369,12,세종특별시
2026-06-18T10:15:09+09:00,GBIKE,501600,100.0,36.478031,127.299328,12,세종특별시
2026-06-18T10:15:09+09:00,GBIKE,501547,67.0,36.478033,127.283213,12,세종특별시
2026-06-18T10:15:09+09:00,GBIKE,131554,42.0,36.47815,127.288152,12,세종특별시
2026-06-18T10:15:09+09:00,GBIKE,501282,71.0,36.478209,127.288225,12,세종특별시
2026-06-18T10:15:09+09:00,GBIKE,130952,38.0,36.478223,127.299957,12,세종특별시
2026-06-18T10:15:09+09:00,GBIKE,130171,100.0,36.478225,127.299917,12,세종특별시
2026-06-18T10:15:09+09:00,GBIKE,501339,79.0,36.478231,127.28827,12,세종특별시
2026-06-18T10:15:09+09:00,GBIKE,131104,83.0,36.478254,127.287647,12,세종특별시
2026-06-18T10:15:09+09:00,GBIKE,130990,73.0,36.478295,127.28748,12,세종특별시
2026-06-18T10:15:09+09:00,GBIKE,130988,100.0,36.478315,127.25555,12,세종특별시
2026-06-18T10:15:09+09:00,GBIKE,131080,51.0,36.478358,127.287669,12,세종특별시
2026-06-18T10:15:09+09:00,GBIKE,130775,100.0,36.478363,127.300622,12,세종특별시
2026-06-18T10:15:09+09:00,GBIKE,501159,100.0,36.478376,127.288135,12,세종특별시
2026-06-18T10:15:09+09:00,GBIKE,501315,92.0,36.478423,127.257842,12,세종특별시
2026-06-18T10:15:09+09:00,GBIKE,131022,100.0,36.478428,127.30056,12,세종특별시
2026-06-18T10:15:09+09:00,GBIKE,131280,76.0,36.478437,127.300555,12,세종특별시
2026-06-18T10:15:09+09:00,GBIKE,130153,35.0,36.478466,127.261429,12,세종특별시
2026-06-18T10:15:09+09:00,GBIKE,130686,32.0,36.478466,127.293575,12,세종특별시
2026-06-18T10:15:09+09:00,GBIKE,130977,81.0,36.478507,127.255465,12,세종특별시
2026-06-18T10:15:09+09:00,GBIKE,131746,49.0,36.478527,127.288065,12,세종특별시
2026-06-18T10:15:09+09:00,GBIKE,130438,79.0,36.478542,127.254409,12,세종특별시
2026-06-18T10:15:09+09:00,GBIKE,501357,83.0,36.478563,127.289308,12,세종특별시
2026-06-18T10:15:09+09:00,GBIKE,131157,75.0,36.478646,127.28834,12,세종특별시
2026-06-18T10:15:09+09:00,GBIKE,130225,100.0,36.478672,127.289337,12,세종특별시
2026-06-18T10:15:09+09:00,GBIKE,130364,100.0,36.478677,127.289343,12,세종특별시
2026-06-18T10:15:09+09:00,GBIKE,131501,95.0,36.478688,127.250921,12,세종특별시
2026-06-18T10:15:09+09:00,GBIKE,130324,100.0,36.478698,127.289455,12,세종특별시
2026-06-18T10:15:09+09:00,GBIKE,131651,84.0,36.478702,127.289429,12,세종특별시
2026-06-18T10:15:09+09:00,GBIKE,130726,100.0,36.478765,127.288674,12,세종특별시
2026-06-18T10:15:09+09:00,GBIKE,130374,51.0,36.478814,127.255646,12,세종특별시
2026-06-18T10:15:09+09:00,GBIKE,131754,98.0,36.478825,127.288582,12,세종특별시
2026-06-18T10:15:09+09:00,GBIKE,130863,95.0,36.478828,127.288866,12,세종특별시
2026-06-18T10:15:09+09:00,GBIKE,131249,67.0,36.478852,127.288908,12,세종특별시
2026-06-18T10:15:09+09:00,GBIKE,131839,100.0,36.478852,127.288893,12,세종특별시
2026-06-18T10:15:09+09:00,GBIKE,130743,38.0,36.478852,127.251036,12,세종특별시
2026-06-18T10:15:09+09:00,GBIKE,131503,100.0,36.478855,127.288911,12,세종특별시
2026-06-18T10:15:09+09:00,GBIKE,130589,71.0,36.478866,127.288929,12,세종특별시
2026-06-18T10:15:09+09:00,GBIKE,130272,35.0,36.478867,127.301188,12,세종특별시
2026-06-18T10:15:09+09:00,GBIKE,501319,77.0,36.478914,127.284567,12,세종특별시
2026-06-18T10:15:09+09:00,GBIKE,130670,100.0,36.478923,127.284541,12,세종특별시
2026-06-18T10:15:09+09:00,GBIKE,131956,30.0,36.47895,127.290343,12,세종특별시
2026-06-18T10:15:09+09:00,GBIKE,131898,99.0,36.478972,127.290273,12,세종특별시
2026-06-18T10:15:09+09:00,GBIKE,131386,50.0,36.478973,127.290222,12,세종특별시
2026-06-18T10:15:09+09:00,GBIKE,131719,67.0,36.479122,127.262625,12,세종특별시
2026-06-18T10:15:09+09:00,GBIKE,130957,31.0,36.479199,127.254698,12,세종특별시
2026-06-18T10:15:09+09:00,GBIKE,130271,88.0,36.479206,127.254846,12,세종특별시
2026-06-18T10:15:09+09:00,GBIKE,131870,37.0,36.47925,127.251627,12,세종특별시
2026-06-18T10:15:09+09:00,GBIKE,131303,31.0,36.479256,127.25164,12,세종특별시
2026-06-18T10:15:09+09:00,GBIKE,131995,52.0,36.479275,127.261972,12,세종특별시
2026-06-18T10:15:09+09:00,GBIKE,130441,33.0,36.479286,127.254695,12,세종특별시
2026-06-18T10:15:09+09:00,GBIKE,501513,100.0,36.479318,127.285438,12,세종특별시
2026-06-18T10:15:09+09:00,GBIKE,501506,86.0,36.479391,127.250263,12,세종특별시
2026-06-18T10:15:09+09:00,GBIKE,130548,86.0,36.479398,127.254861,12,세종특별시
2026-06-18T10:15:09+09:00,GBIKE,131373,30.0,36.479404,127.255104,12,세종특별시
2026-06-18T10:15:09+09:00,GBIKE,130333,94.0,36.479428,127.254702,12,세종특별시
2026-06-18T10:15:09+09:00,GBIKE,130886,57.0,36.47943,127.255061,12,세종특별시
2026-06-18T10:15:09+09:00,GBIKE,130702,32.0,36.479448,127.247107,12,세종특별시
2026-06-18T10:15:09+09:00,GBIKE,130617,100.0,36.47948,127.290382,12,세종특별시
2026-06-18T10:15:09+09:00,GBIKE,131682,92.0,36.47948,127.254675,12,세종특별시
2026-06-18T10:15:09+09:00,GBIKE,131820,31.0,36.479495,127.254717,12,세종특별시
2026-06-18T10:15:09+09:00,GBIKE,130072,54.0,36.47954,127.263306,12,세종특별시
2026-06-18T10:15:09+09:00,GBIKE,131207,50.0,36.479557,127.25512,12,세종특별시
2026-06-18T10:15:09+09:00,GBIKE,130472,31.0,36.479584,127.263221,12,세종특별시
2026-06-18T10:15:09+09:00,GBIKE,130451,68.0,36.479597,127.286587,12,세종특별시
2026-06-18T10:15:09+09:00,GBIKE,501135,93.0,36.479609,127.286584,12,세종특별시
2026-06-18T10:15:09+09:00,GBIKE,501303,46.0,36.47962,127.28661,12,세종특별시
2026-06-18T10:15:09+09:00,GBIKE,501172,30.0,36.479622,127.264214,12,세종특별시
2026-06-18T10:15:09+09:00,GBIKE,130643,30.0,36.479649,127.261235,12,세종특별시
2026-06-18T10:15:09+09:00,GBIKE,131726,100.0,36.479662,127.255213,12,세종특별시
2026-06-18T10:15:09+09:00,GBIKE,131059,90.0,36.479664,127.254804,12,세종특별시
2026-06-18T10:15:09+09:00,GBIKE,131275,96.0,36.479682,127.255033,12,세종특별시
2026-06-18T10:15:09+09:00,GBIKE,501307,30.0,36.479695,127.264542,12,세종특별시
2026-06-18T10:15:09+09:00,GBIKE,501410,71.0,36.479719,127.288576,12,세종특별시
2026-06-18T10:15:09+09:00,GBIKE,131496,60.0,36.479735,127.254882,12,세종특별시
2026-06-18T10:15:09+09:00,GBIKE,501561,55.0,36.479735,127.28648,12,세종특별시
2026-06-18T10:15:09+09:00,GBIKE,130396,97.0,36.479737,127.247873,12,세종특별시
2026-06-18T10:15:09+09:00,GBIKE,131937,95.0,36.479739,127.286478,12,세종특별시
2026-06-18T10:15:09+09:00,GBIKE,501469,73.0,36.47974,127.28863,12,세종특별시
2026-06-18T10:15:09+09:00,GBIKE,131813,48.0,36.4798,127.254583,12,세종특별시
2026-06-18T10:15:09+09:00,GBIKE,130024,74.0,36.47989,127.254451,12,세종특별시
2026-06-18T10:15:09+09:00,GBIKE,131598,45.0,36.47992,127.254573,12,세종특별시
2026-06-18T10:15:09+09:00,GBIKE,501482,63.0,36.479963,127.286907,12,세종특별시
2026-06-18T10:15:09+09:00,GBIKE,131083,45.0,36.479982,127.261769,12,세종특별시
2026-06-18T10:15:09+09:00,GBIKE,131200,52.0,36.480001,127.254251,12,세종특별시
2026-06-18T10:15:09+09:00,GBIKE,131283,97.0,36.480001,127.254559,12,세종특별시
2026-06-18T10:15:09+09:00,GBIKE,131616,94.0,36.480007,127.250129,12,세종특별시
2026-06-18T10:15:09+09:00,GBIKE,130853,54.0,36.480007,127.286636,12,세종특별시
2026-06-18T10:15:09+09:00,GBIKE,130352,68.0,36.480066,127.286625,12,세종특별시
2026-06-18T10:15:09+09:00,GBIKE,131712,69.0,36.480072,127.286652,12,세종특별시
2026-06-18T10:15:09+09:00,GBIKE,131899,66.0,36.480081,127.246683,12,세종특별시
2026-06-18T10:15:09+09:00,GBIKE,130399,45.0,36.480095,127.286705,12,세종특별시
2026-06-18T10:15:09+09:00,GBIKE,130541,95.0,36.480095,127.286746,12,세종특별시
2026-06-18T10:15:09+09:00,GBIKE,130637,92.0,36.480106,127.286646,12,세종특별시
2026-06-18T10:15:09+09:00,GBIKE,131660,100.0,36.480107,127.253478,12,세종특별시
2026-06-18T10:15:09+09:00,GBIKE,131583,61.0,36.480113,127.286759,12,세종특별시
2026-06-18T10:15:09+09:00,GBIKE,131765,95.0,36.480122,127.286791,12,세종특별시
2026-06-18T10:15:09+09:00,GBIKE,130507,82.0,36.480125,127.286691,12,세종특별시
2026-06-18T10:15:09+09:00,GBIKE,131544,35.0,36.480126,127.25341,12,세종특별시
2026-06-18T10:15:09+09:00,GBIKE,501285,53.0,36.480127,127.264309,12,세종특별시
2026-06-18T10:15:09+09:00,GBIKE,501543,40.0,36.480151,127.248309,12,세종특별시
2026-06-18T10:15:09+09:00,GBIKE,130943,100.0,36.480152,127.253103,12,세종특별시
2026-06-18T10:15:09+09:00,GBIKE,131713,47.0,36.480181,127.25194,12,세종특별시
2026-06-18T10:15:09+09:00,GBIKE,131265,67.0,36.480192,127.292866,12,세종특별시
2026-06-18T10:15:09+09:00,GBIKE,131931,31.0,36.480196,127.262255,12,세종특별시
2026-06-18T10:15:09+09:00,GBIKE,501101,80.0,36.480216,127.261535,12,세종특별시
2026-06-18T10:15:09+09:00,GBIKE,130190,70.0,36.48022,127.246386,12,세종특별시
2026-06-18T10:15:09+09:00,GBIKE,130027,96.0,36.480227,127.24637,12,세종특별시
2026-06-18T10:15:09+09:00,GBIKE,131889,96.0,36.480237,127.286658,12,세종특별시
2026-06-18T10:15:09+09:00,GBIKE,501504,57.0,36.480257,127.246398,12,세종특별시
2026-06-18T10:15:09+09:00,GBIKE,131202,96.0,36.480316,127.24636,12,세종특별시
2026-06-18T10:15:09+09:00,GBIKE,131556,65.0,36.480363,127.262054,12,세종특별시
2026-06-18T10:15:09+09:00,GBIKE,131707,34.0,36.480389,127.262081,12,세종특별시
2026-06-18T10:15:09+09:00,GBIKE,130746,100.0,36.480417,127.287853,12,세종특별시
2026-06-18T10:15:09+09:00,GBIKE,130540,100.0,36.480506,127.246545,12,세종특별시
2026-06-18T10:15:09+09:00,GBIKE,130250,47.0,36.480531,127.253591,12,세종특별시
2026-06-18T10:15:09+09:00,GBIKE,501425,85.0,36.480534,127.292766,12,세종특별시
2026-06-18T10:15:09+09:00,GBIKE,130390,100.0,36.480555,127.246615,12,세종특별시
2026-06-18T10:15:09+09:00,GBIKE,131282,77.0,36.480584,127.254707,12,세종특별시
2026-06-18T10:15:09+09:00,GBIKE,131026,31.0,36.480636,127.262396,12,세종특별시
2026-06-18T10:15:09+09:00,GBIKE,130584,35.0,36.480661,127.299595,12,세종특별시
2026-06-18T10:15:09+09:00,GBIKE,131043,40.0,36.480689,127.246527,12,세종특별시
2026-06-18T10:15:09+09:00,GBIKE,501252,39.0,36.480723,127.246779,12,세종특별시
2026-06-18T10:15:09+09:00,GBIKE,130965,44.0,36.480733,127.246843,12,세종특별시
2026-06-18T10:15:09+09:00,GBIKE,501591,100.0,36.480748,127.298782,12,세종특별시
2026-06-18T10:15:09+09:00,GBIKE,501108,30.0,36.480798,127.261874,12,세종특별시
2026-06-18T10:15:09+09:00,GBIKE,131942,97.0,36.480826,127.289058,12,세종특별시
2026-06-18T10:15:09+09:00,GBIKE,131323,32.0,36.480839,127.247225,12,세종특별시
2026-06-18T10:15:09+09:00,GBIKE,131515,99.0,36.480892,127.259063,12,세종특별시
2026-06-18T10:15:09+09:00,GBIKE,131082,61.0,36.480899,127.261784,12,세종특별시
2026-06-18T10:15:09+09:00,GBIKE,130921,100.0,36.480909,127.287648,12,세종특별시
2026-06-18T10:15:09+09:00,GBIKE,131208,65.0,36.480949,127.299467,12,세종특별시
2026-06-18T10:15:09+09:00,GBIKE,130517,98.0,36.480954,127.299442,12,세종특별시
2026-06-18T10:15:09+09:00,GBIKE,130350,85.0,36.481008,127.290725,12,세종특별시
2026-06-18T10:15:09+09:00,GBIKE,501344,55.0,36.48104,127.262047,12,세종특별시
2026-06-18T10:15:09+09:00,GBIKE,131277,35.0,36.48116,127.26317,12,세종특별시
2026-06-18T10:15:09+09:00,GBIKE,130202,68.0,36.481184,127.290563,12,세종특별시
2026-06-18T10:15:09+09:00,GBIKE,501593,39.0,36.481192,127.263211,12,세종특별시
2026-06-18T10:15:09+09:00,GBIKE,131384,48.0,36.481267,127.290092,12,세종특별시
2026-06-18T10:15:09+09:00,GBIKE,131799,68.0,36.481288,127.307475,12,세종특별시
2026-06-18T10:15:09+09:00,GBIKE,130360,96.0,36.481299,127.290189,12,세종특별시
2026-06-18T10:15:09+09:00,GBIKE,131795,91.0,36.481325,127.290173,12,세종특별시
2026-06-18T10:15:09+09:00,GBIKE,131118,87.0,36.481346,127.307882,12,세종특별시
2026-06-18T10:15:09+09:00,GBIKE,131428,100.0,36.481357,127.308386,12,세종특별시
2026-06-18T10:15:09+09:00,GBIKE,131255,92.0,36.481369,127.308445,12,세종특별시
2026-06-18T10:15:09+09:00,GBIKE,501499,91.0,36.481387,127.307824,12,세종특별시
2026-06-18T10:15:09+09:00,GBIKE,130909,77.0,36.481412,127.301485,12,세종특별시
2026-06-18T10:15:09+09:00,GBIKE,131037,35.0,36.481432,127.261797,12,세종특별시
2026-06-18T10:15:09+09:00,GBIKE,332827,30.0,36.481435,127.24633,12,세종특별시
2026-06-18T10:15:09+09:00,GBIKE,131470,96.0,36.481443,127.301024,12,세종특별시
2026-06-18T10:15:09+09:00,GBIKE,130098,100.0,36.481451,127.261838,12,세종특별시
2026-06-18T10:15:09+09:00,GBIKE,131514,38.0,36.481457,127.253691,12,세종특별시
2026-06-18T10:15:09+09:00,GBIKE,501509,53.0,36.481476,127.293399,12,세종특별시
2026-06-18T10:15:09+09:00,GBIKE,130117,99.0,36.481477,127.290261,12,세종특별시
2026-06-18T10:15:09+09:00,GBIKE,130380,57.0,36.481479,127.251987,12,세종특별시
2026-06-18T10:15:09+09:00,GBIKE,130896,58.0,36.481503,127.251896,12,세종특별시
2026-06-18T10:15:09+09:00,GBIKE,501177,89.0,36.481507,127.300968,12,세종특별시
2026-06-18T10:15:09+09:00,GBIKE,130926,100.0,36.481509,127.302481,12,세종특별시
2026-06-18T10:15:09+09:00,GBIKE,501194,81.0,36.481519,127.250435,12,세종특별시
2026-06-18T10:15:09+09:00,GBIKE,131204,79.0,36.481529,127.308153,12,세종특별시
2026-06-18T10:15:09+09:00,GBIKE,131643,68.0,36.481546,127.290655,12,세종특별시
2026-06-18T10:15:09+09:00,GBIKE,130141,85.0,36.481552,127.304291,12,세종특별시
2026-06-18T10:15:09+09:00,GBIKE,501542,81.0,36.481565,127.304523,12,세종특별시
2026-06-18T10:15:09+09:00,GBIKE,130873,80.0,36.481566,127.290541,12,세종특별시
2026-06-18T10:15:09+09:00,GBIKE,501129,30.0,36.481576,127.260242,12,세종특별시
2026-06-18T10:15:09+09:00,GBIKE,131695,75.0,36.48166,127.293573,12,세종특별시
2026-06-18T10:15:09+09:00,GBIKE,501132,96.0,36.481825,127.307173,12,세종특별시
2026-06-18T10:15:09+09:00,GBIKE,131684,72.0,36.481886,127.261564,12,세종특별시
2026-06-18T10:15:09+09:00,GBIKE,131033,33.0,36.481991,127.259754,12,세종특별시
2026-06-18T10:15:09+09:00,GBIKE,131924,91.0,36.482037,127.291919,12,세종특별시
2026-06-18T10:15:09+09:00,GBIKE,131244,50.0,36.482045,127.306976,12,세종특별시
2026-06-18T10:15:09+09:00,GBIKE,131563,100.0,36.482046,127.259728,12,세종특별시
2026-06-18T10:15:09+09:00,GBIKE,130406,63.0,36.482119,127.259572,12,세종특별시
2026-06-18T10:15:09+09:00,GBIKE,130461,40.0,36.48212,127.257102,12,세종특별시
2026-06-18T10:15:09+09:00,GBIKE,130867,95.0,36.48217,127.250204,12,세종특별시
2026-06-18T10:15:09+09:00,GBIKE,131980,100.0,36.482171,127.262327,12,세종특별시
2026-06-18T10:15:09+09:00,GBIKE,131092,84.0,36.482179,127.250192,12,세종특별시
2026-06-18T10:15:09+09:00,GBIKE,501450,86.0,36.4822,127.30802,12,세종특별시
2026-06-18T10:15:09+09:00,GBIKE,130354,32.0,36.48223,127.249695,12,세종특별시
2026-06-18T10:15:09+09:00,GBIKE,131335,71.0,36.482271,127.292911,12,세종특별시
2026-06-18T10:15:09+09:00,GBIKE,131231,100.0,36.482281,127.260637,12,세종특별시
2026-06-18T10:15:09+09:00,GBIKE,131456,92.0,36.482283,127.260458,12,세종특별시
2026-06-18T10:15:09+09:00,GBIKE,130259,74.0,36.482293,127.255304,12,세종특별시
2026-06-18T10:15:09+09:00,GBIKE,131587,37.0,36.482307,127.248575,12,세종특별시
2026-06-18T10:15:09+09:00,GBIKE,130860,100.0,36.482338,127.307059,12,세종특별시
2026-06-18T10:15:09+09:00,GBIKE,130503,100.0,36.482367,127.262775,12,세종특별시
2026-06-18T10:15:09+09:00,GBIKE,130697,58.0,36.48242,127.30708,12,세종특별시
2026-06-18T10:15:09+09:00,GBIKE,131717,31.0,36.482459,127.249824,12,세종특별시
2026-06-18T10:15:09+09:00,GBIKE,131367,74.0,36.482486,127.253191,12,세종특별시
2026-06-18T10:15:09+09:00,GBIKE,131025,55.0,36.482523,127.311266,12,세종특별시
2026-06-18T10:15:09+09:00,GBIKE,130591,37.0,36.482602,127.267197,12,세종특별시
2026-06-18T10:15:09+09:00,GBIKE,501484,63.0,36.482604,127.311775,12,세종특별시
2026-06-18T10:15:09+09:00,GBIKE,131997,97.0,36.482625,127.246369,12,세종특별시
2026-06-18T10:15:09+09:00,GBIKE,131791,41.0,36.482633,127.293182,12,세종특별시
2026-06-18T10:15:09+09:00,GBIKE,131462,67.0,36.482668,127.29317,12,세종특별시
2026-06-18T10:15:09+09:00,GBIKE,130305,51.0,36.482692,127.263206,12,세종특별시
2026-06-18T10:15:09+09:00,GBIKE,131007,57.0,36.482703,127.305158,12,세종특별시
2026-06-18T10:15:09+09:00,GBIKE,501139,60.0,36.482712,127.311215,12,세종특별시
2026-06-18T10:15:09+09:00,GBIKE,501355,56.0,36.482732,127.263568,12,세종특별시
2026-06-18T10:15:09+09:00,GBIKE,130234,34.0,36.482748,127.252556,12,세종특별시
2026-06-18T10:15:09+09:00,GBIKE,130347,69.0,36.482784,127.303343,12,세종특별시
2026-06-18T10:15:09+09:00,GBIKE,130950,34.0,36.482836,127.261093,12,세종특별시
2026-06-18T10:15:09+09:00,GBIKE,130705,79.0,36.482837,127.261562,12,세종특별시
2026-06-18T10:15:09+09:00,GBIKE,131917,89.0,36.482845,127.293443,12,세종특별시
2026-06-18T10:15:09+09:00,GBIKE,501411,31.0,36.482854,127.263905,12,세종특별시
2026-06-18T10:15:09+09:00,GBIKE,131615,35.0,36.482864,127.260773,12,세종특별시
2026-06-18T10:15:09+09:00,GBIKE,130103,83.0,36.482953,127.246087,12,세종특별시
2026-06-18T10:15:09+09:00,GBIKE,130276,100.0,36.482979,127.303028,12,세종특별시
2026-06-18T10:15:09+09:00,GBIKE,131206,100.0,36.482991,127.261748,12,세종특별시
2026-06-18T10:15:09+09:00,GBIKE,131566,57.0,36.482998,127.246132,12,세종특별시
2026-06-18T10:15:09+09:00,GBIKE,501365,50.0,36.483022,127.263705,12,세종특별시
2026-06-18T10:15:09+09:00,GBIKE,131517,41.0,36.483036,127.248331,12,세종특별시
2026-06-18T10:15:09+09:00,GBIKE,130075,100.0,36.483096,127.293763,12,세종특별시
2026-06-18T10:15:09+09:00,GBIKE,501556,99.0,36.483117,127.293708,12,세종특별시
2026-06-18T10:15:09+09:00,GBIKE,131067,100.0,36.483203,127.293405,12,세종특별시
2026-06-18T10:15:09+09:00,GBIKE,130122,92.0,36.483215,127.249919,12,세종특별시
2026-06-18T10:15:09+09:00,GBIKE,131392,100.0,36.483215,127.26419,12,세종특별시
2026-06-18T10:15:09+09:00,GBIKE,131986,72.0,36.483306,127.293505,12,세종특별시
2026-06-18T10:15:09+09:00,GBIKE,130995,36.0,36.483341,127.259103,12,세종특별시
2026-06-18T10:15:09+09:00,GBIKE,131768,85.0,36.483389,127.264397,12,세종특별시
2026-06-18T10:15:09+09:00,GBIKE,130281,84.0,36.483396,127.293965,12,세종특별시
2026-06-18T10:15:09+09:00,GBIKE,501151,62.0,36.483414,127.262622,12,세종특별시
2026-06-18T10:15:09+09:00,GBIKE,130095,38.0,36.483453,127.249132,12,세종특별시
2026-06-18T10:15:09+09:00,GBIKE,130204,47.0,36.483524,127.250705,12,세종특별시
2026-06-18T10:15:09+09:00,GBIKE,130504,66.0,36.483531,127.252569,12,세종특별시
2026-06-18T10:15:09+09:00,GBIKE,130178,72.0,36.483539,127.252555,12,세종특별시
2026-06-18T10:15:09+09:00,GBIKE,131741,42.0,36.483588,127.249517,12,세종특별시
2026-06-18T10:15:09+09:00,GBIKE,130864,30.0,36.483607,127.263258,12,세종특별시
2026-06-18T10:15:09+09:00,GBIKE,130981,32.0,36.483626,127.259255,12,세종특별시
2026-06-18T10:15:09+09:00,GBIKE,130905,44.0,36.483754,127.252603,12,세종특별시
2026-06-18T10:15:09+09:00,GBIKE,501187,59.0,36.483787,127.306227,12,세종특별시
2026-06-18T10:15:09+09:00,GBIKE,130211,82.0,36.48379,127.264047,12,세종특별시
2026-06-18T10:15:09+09:00,GBIKE,501275,59.0,36.483793,127.306244,12,세종특별시
2026-06-18T10:15:09+09:00,GBIKE,130094,41.0,36.483819,127.293947,12,세종특별시
2026-06-18T10:15:09+09:00,GBIKE,130407,42.0,36.483823,127.294368,12,세종특별시
2026-06-18T10:15:09+09:00,GBIKE,130389,100.0,36.483826,127.294023,12,세종특별시
2026-06-18T10:15:09+09:00,GBIKE,131657,96.0,36.483845,127.294003,12,세종특별시
2026-06-18T10:15:09+09:00,GBIKE,501131,32.0,36.483847,127.252052,12,세종특별시
2026-06-18T10:15:09+09:00,GBIKE,131805,90.0,36.483851,127.294169,12,세종특별시
2026-06-18T10:15:09+09:00,GBIKE,130545,41.0,36.483856,127.294033,12,세종특별시
2026-06-18T10:15:09+09:00,GBIKE,131652,73.0,36.48388,127.294032,12,세종특별시
2026-06-18T10:15:09+09:00,GBIKE,130857,92.0,36.483881,127.246121,12,세종특별시
2026-06-18T10:15:09+09:00,GBIKE,131946,34.0,36.483891,127.25666,12,세종특별시
2026-06-18T10:15:09+09:00,GBIKE,130133,57.0,36.483891,127.252086,12,세종특별시
2026-06-18T10:15:09+09:00,GBIKE,130381,95.0,36.483917,127.246018,12,세종특별시
2026-06-18T10:15:09+09:00,GBIKE,131715,35.0,36.483924,127.247291,12,세종특별시
2026-06-18T10:15:09+09:00,GBIKE,131442,77.0,36.483994,127.248296,12,세종특별시
2026-06-18T10:15:09+09:00,GBIKE,131101,79.0,36.484,127.299825,12,세종특별시
2026-06-18T10:15:09+09:00,GBIKE,130487,58.0,36.484013,127.251106,12,세종특별시
2026-06-18T10:15:09+09:00,GBIKE,130675,31.0,36.484025,127.25902,12,세종특별시
2026-06-18T10:15:09+09:00,GBIKE,130060,100.0,36.484035,127.294333,12,세종특별시
2026-06-18T10:15:09+09:00,GBIKE,130681,62.0,36.484066,127.294184,12,세종특별시
2026-06-18T10:15:09+09:00,GBIKE,501264,42.0,36.484125,127.252691,12,세종특별시
2026-06-18T10:15:09+09:00,GBIKE,131448,32.0,36.484136,127.249008,12,세종특별시
2026-06-18T10:15:09+09:00,GBIKE,130194,30.0,36.484223,127.25018,12,세종특별시
2026-06-18T10:15:09+09:00,GBIKE,130164,76.0,36.484231,127.248752,12,세종특별시
2026-06-18T10:15:09+09:00,GBIKE,131817,38.0,36.484283,127.252213,12,세종특별시
2026-06-18T10:15:09+09:00,GBIKE,130843,94.0,36.484287,127.252205,12,세종특별시
2026-06-18T10:15:09+09:00,GBIKE,130516,47.0,36.484288,127.251533,12,세종특별시
2026-06-18T10:15:09+09:00,GBIKE,131798,99.0,36.484295,127.250681,12,세종특별시
2026-06-18T10:15:09+09:00,GBIKE,130090,31.0,36.484296,127.25005,12,세종특별시
2026-06-18T10:15:09+09:00,GBIKE,131702,95.0,36.484297,127.252193,12,세종특별시
2026-06-18T10:15:09+09:00,GBIKE,130783,32.0,36.484342,127.252208,12,세종특별시
2026-06-18T10:15:09+09:00,GBIKE,501224,30.0,36.484355,127.258304,12,세종특별시
2026-06-18T10:15:09+09:00,GBIKE,501374,100.0,36.484391,127.260737,12,세종특별시
2026-06-18T10:15:09+09:00,GBIKE,501384,100.0,36.4844,127.260798,12,세종특별시
2026-06-18T10:15:09+09:00,GBIKE,131886,51.0,36.484452,127.248794,12,세종특별시
2026-06-18T10:15:09+09:00,GBIKE,130904,79.0,36.484457,127.248998,12,세종특별시
2026-06-18T10:15:09+09:00,GBIKE,131966,100.0,36.484497,127.250661,12,세종특별시
2026-06-18T10:15:09+09:00,GBIKE,131647,57.0,36.484528,127.249493,12,세종특별시
2026-06-18T10:15:09+09:00,GBIKE,131842,31.0,36.484546,127.255633,12,세종특별시
2026-06-18T10:15:09+09:00,GBIKE,131927,80.0,36.484567,127.246086,12,세종특별시
2026-06-18T10:15:09+09:00,GBIKE,131635,32.0,36.484593,127.258473,12,세종특별시
2026-06-18T10:15:09+09:00,GBIKE,131653,61.0,36.484595,127.260501,12,세종특별시
2026-06-18T10:15:09+09:00,GBIKE,131055,78.0,36.4846,127.24884,12,세종특별시
2026-06-18T10:15:09+09:00,GBIKE,131438,77.0,36.484635,127.245927,12,세종특별시
2026-06-18T10:15:09+09:00,GBIKE,130570,42.0,36.484675,127.246235,12,세종특별시
2026-06-18T10:15:09+09:00,GBIKE,130923,30.0,36.484684,127.248745,12,세종특별시
2026-06-18T10:15:09+09:00,GBIKE,131097,40.0,36.484694,127.249028,12,세종특별시
2026-06-18T10:15:09+09:00,GBIKE,131491,70.0,36.484699,127.245745,12,세종특별시
2026-06-18T10:15:09+09:00,GBIKE,130682,88.0,36.4847,127.246188,12,세종특별시
2026-06-18T10:15:09+09:00,GBIKE,131858,33.0,36.484758,127.249223,12,세종특별시
2026-06-18T10:15:09+09:00,GBIKE,501392,35.0,36.484787,127.255497,12,세종특별시
2026-06-18T10:15:09+09:00,GBIKE,501150,95.0,36.484789,127.301882,12,세종특별시
2026-06-18T10:15:09+09:00,GBIKE,131801,42.0,36.484801,127.260713,12,세종특별시
2026-06-18T10:15:09+09:00,GBIKE,131160,32.0,36.484862,127.249173,12,세종특별시
2026-06-18T10:15:09+09:00,GBIKE,131172,43.0,36.484927,127.26634,12,세종특별시
2026-06-18T10:15:09+09:00,GBIKE,130531,51.0,36.484933,127.266368,12,세종특별시
2026-06-18T10:15:09+09:00,GBIKE,131003,92.0,36.48494,127.262068,12,세종특별시
2026-06-18T10:15:09+09:00,GBIKE,501390,97.0,36.484977,127.303281,12,세종특별시
2026-06-18T10:15:09+09:00,GBIKE,131333,98.0,36.485013,127.266773,12,세종특별시
2026-06-18T10:15:09+09:00,GBIKE,501566,32.0,36.485019,127.301814,12,세종특별시
2026-06-18T10:15:09+09:00,GBIKE,131450,32.0,36.485019,127.251032,12,세종특별시
2026-06-18T10:15:09+09:00,GBIKE,131716,95.0,36.485025,127.250973,12,세종특별시
2026-06-18T10:15:09+09:00,GBIKE,131655,75.0,36.48503,127.250956,12,세종특별시
2026-06-18T10:15:09+09:00,GBIKE,131916,71.0,36.485035,127.259181,12,세종특별시
2026-06-18T10:15:09+09:00,GBIKE,131415,54.0,36.485055,127.300529,12,세종특별시
2026-06-18T10:15:09+09:00,GBIKE,501516,91.0,36.485056,127.258711,12,세종특별시
2026-06-18T10:15:09+09:00,GBIKE,501583,77.0,36.485099,127.250905,12,세종특별시
2026-06-18T10:15:09+09:00,GBIKE,131436,66.0,36.485103,127.250963,12,세종특별시
2026-06-18T10:15:09+09:00,GBIKE,501176,80.0,36.485177,127.25053,12,세종특별시
2026-06-18T10:15:09+09:00,GBIKE,131320,65.0,36.485244,127.25906,12,세종특별시
2026-06-18T10:15:09+09:00,GBIKE,131594,39.0,36.485274,127.250462,12,세종특별시
2026-06-18T10:15:09+09:00,GBIKE,130077,31.0,36.485304,127.251193,12,세종특별시
2026-06-18T10:15:09+09:00,GBIKE,131393,81.0,36.485334,127.250522,12,세종특별시
2026-06-18T10:15:09+09:00,GBIKE,131737,34.0,36.485347,127.251196,12,세종특별시
2026-06-18T10:15:09+09:00,GBIKE,131913,78.0,36.485367,127.248389,12,세종특별시
2026-06-18T10:15:09+09:00,GBIKE,131356,100.0,36.485368,127.258824,12,세종특별시
2026-06-18T10:15:09+09:00,GBIKE,130266,98.0,36.485369,127.251132,12,세종특별시
2026-06-18T10:15:09+09:00,GBIKE,501341,30.0,36.485383,127.251108,12,세종특별시
2026-06-18T10:15:09+09:00,GBIKE,501443,30.0,36.485428,127.25011,12,세종특별시
2026-06-18T10:15:09+09:00,GBIKE,131902,37.0,36.485441,127.251123,12,세종특별시
2026-06-18T10:15:09+09:00,GBIKE,131290,34.0,36.485451,127.302394,12,세종특별시
2026-06-18T10:15:09+09:00,GBIKE,131351,65.0,36.485458,127.248364,12,세종특별시
2026-06-18T10:15:09+09:00,GBIKE,131639,36.0,36.485472,127.251087,12,세종특별시
2026-06-18T10:15:09+09:00,GBIKE,130377,90.0,36.485477,127.251083,12,세종특별시
2026-06-18T10:15:09+09:00,GBIKE,130068,54.0,36.485486,127.320033,12,세종특별시
2026-06-18T10:15:09+09:00,GBIKE,130729,30.0,36.485497,127.251021,12,세종특별시
2026-06-18T10:15:09+09:00,GBIKE,501345,72.0,36.485501,127.251137,12,세종특별시
2026-06-18T10:15:09+09:00,GBIKE,131361,41.0,36.485527,127.247192,12,세종특별시
2026-06-18T10:15:09+09:00,GBIKE,501452,86.0,36.485594,127.250696,12,세종특별시
2026-06-18T10:15:09+09:00,GBIKE,131735,78.0,36.485636,127.250046,12,세종특별시
2026-06-18T10:15:09+09:00,GBIKE,501446,48.0,36.485653,127.250976,12,세종특별시
2026-06-18T10:15:09+09:00,GBIKE,131069,73.0,36.485653,127.250709,12,세종특별시
2026-06-18T10:15:09+09:00,GBIKE,130483,100.0,36.485671,127.300942,12,세종특별시
2026-06-18T10:15:09+09:00,GBIKE,501203,31.0,36.485689,127.320354,12,세종특별시
2026-06-18T10:15:09+09:00,GBIKE,130836,100.0,36.485697,127.30092,12,세종특별시
2026-06-18T10:15:09+09:00,GBIKE,130214,98.0,36.485716,127.302206,12,세종특별시
2026-06-18T10:15:09+09:00,GBIKE,130351,100.0,36.48572,127.320349,12,세종특별시
2026-06-18T10:15:09+09:00,GBIKE,501334,31.0,36.485724,127.25736,12,세종특별시
2026-06-18T10:15:09+09:00,GBIKE,393554,30.0,36.485738,127.296456,12,세종특별시
2026-06-18T10:15:09+09:00,GBIKE,501596,72.0,36.485766,127.257021,12,세종특별시
2026-06-18T10:15:09+09:00,GBIKE,501269,78.0,36.485797,127.301825,12,세종특별시
2026-06-18T10:15:09+09:00,GBIKE,131238,61.0,36.485828,127.2548,12,세종특별시
2026-06-18T10:15:09+09:00,GBIKE,131106,39.0,36.485871,127.262365,12,세종특별시
2026-06-18T10:15:09+09:00,GBIKE,131497,30.0,36.485875,127.248058,12,세종특별시
2026-06-18T10:15:09+09:00,GBIKE,131047,61.0,36.485899,127.250795,12,세종특별시
2026-06-18T10:15:09+09:00,GBIKE,501236,91.0,36.485916,127.24813,12,세종특별시
2026-06-18T10:15:09+09:00,GBIKE,130030,39.0,36.485933,127.255849,12,세종특별시
2026-06-18T10:15:09+09:00,GBIKE,130554,68.0,36.486008,127.245458,12,세종특별시
2026-06-18T10:15:09+09:00,GBIKE,130989,35.0,36.486019,127.248001,12,세종특별시
2026-06-18T10:15:09+09:00,GBIKE,130233,66.0,36.486022,127.24999,12,세종특별시
2026-06-18T10:15:09+09:00,GBIKE,131923,99.0,36.486023,127.259078,12,세종특별시
2026-06-18T10:15:09+09:00,GBIKE,501121,100.0,36.486036,127.295252,12,세종특별시
2026-06-18T10:15:09+09:00,GBIKE,130500,100.0,36.486053,127.259077,12,세종특별시
2026-06-18T10:15:09+09:00,GBIKE,130318,30.0,36.48608,127.259055,12,세종특별시
2026-06-18T10:15:09+09:00,GBIKE,130781,40.0,36.486164,127.251936,12,세종특별시
2026-06-18T10:15:09+09:00,GBIKE,131263,100.0,36.486203,127.262747,12,세종특별시
2026-06-18T10:15:09+09:00,GBIKE,131311,32.0,36.486217,127.250923,12,세종특별시
2026-06-18T10:15:09+09:00,GBIKE,131054,39.0,36.486225,127.248186,12,세종특별시
2026-06-18T10:15:09+09:00,GBIKE,501195,57.0,36.486233,127.248238,12,세종특별시
2026-06-18T10:15:09+09:00,GBIKE,131802,100.0,36.48624,127.257782,12,세종특별시
2026-06-18T10:15:09+09:00,GBIKE,501473,30.0,36.48624,127.25054,12,세종특별시
2026-06-18T10:15:09+09:00,GBIKE,130830,81.0,36.486241,127.254066,12,세종특별시
2026-06-18T10:15:09+09:00,GBIKE,501211,76.0,36.486262,127.248186,12,세종특별시
2026-06-18T10:15:09+09:00,GBIKE,130344,40.0,36.486291,127.25082,12,세종특별시
2026-06-18T10:15:09+09:00,GBIKE,130084,98.0,36.486293,127.248194,12,세종특별시
2026-06-18T10:15:09+09:00,GBIKE,501161,68.0,36.4863,127.250765,12,세종특별시
2026-06-18T10:15:09+09:00,GBIKE,131984,88.0,36.486306,127.257245,12,세종특별시
2026-06-18T10:15:09+09:00,GBIKE,501274,49.0,36.486316,127.257864,12,세종특별시
2026-06-18T10:15:09+09:00,GBIKE,501466,30.0,36.486329,127.247844,12,세종특별시
2026-06-18T10:15:09+09:00,GBIKE,501109,34.0,36.486333,127.257825,12,세종특별시
2026-06-18T10:15:09+09:00,GBIKE,130161,31.0,36.486353,127.246836,12,세종특별시
2026-06-18T10:15:09+09:00,GBIKE,130449,33.0,36.486383,127.257202,12,세종특별시
2026-06-18T10:15:09+09:00,GBIKE,131595,61.0,36.486417,127.248185,12,세종특별시
2026-06-18T10:15:09+09:00,GBIKE,131834,77.0,36.486421,127.247889,12,세종특별시
2026-06-18T10:15:09+09:00,GBIKE,501171,31.0,36.486428,127.321262,12,세종특별시
2026-06-18T10:15:09+09:00,GBIKE,501302,30.0,36.486473,127.251055,12,세종특별시
2026-06-18T10:15:09+09:00,GBIKE,130985,67.0,36.486473,127.250531,12,세종특별시
2026-06-18T10:15:09+09:00,GBIKE,130779,32.0,36.486474,127.283309,12,세종특별시
2026-06-18T10:15:09+09:00,GBIKE,501372,30.0,36.486477,127.250114,12,세종특별시
2026-06-18T10:15:09+09:00,GBIKE,130564,56.0,36.486483,127.28331,12,세종특별시
2026-06-18T10:15:09+09:00,GBIKE,130033,31.0,36.48649,127.257698,12,세종특별시
2026-06-18T10:15:09+09:00,GBIKE,501220,45.0,36.486529,127.251488,12,세종특별시
2026-06-18T10:15:09+09:00,GBIKE,131138,79.0,36.48653,127.25779,12,세종특별시
2026-06-18T10:15:09+09:00,GBIKE,130955,30.0,36.486531,127.257714,12,세종특별시
2026-06-18T10:15:09+09:00,GBIKE,131948,68.0,36.486538,127.25009,12,세종특별시
2026-06-18T10:15:09+09:00,GBIKE,130715,77.0,36.48654,127.257758,12,세종특별시
2026-06-18T10:15:09+09:00,GBIKE,501415,92.0,36.486562,127.246437,12,세종특별시
2026-06-18T10:15:09+09:00,GBIKE,131398,85.0,36.486584,127.257681,12,세종특별시
2026-06-18T10:15:09+09:00,GBIKE,130544,50.0,36.486595,127.257713,12,세종특별시
2026-06-18T10:15:09+09:00,GBIKE,131637,47.0,36.486602,127.254856,12,세종특별시
2026-06-18T10:15:09+09:00,GBIKE,130878,54.0,36.486603,127.257703,12,세종특별시
2026-06-18T10:15:09+09:00,GBIKE,501464,63.0,36.486607,127.248091,12,세종특별시
2026-06-18T10:15:09+09:00,GBIKE,131051,66.0,36.486614,127.257677,12,세종특별시
2026-06-18T10:15:09+09:00,GBIKE,501580,95.0,36.48662,127.303836,12,세종특별시
2026-06-18T10:15:09+09:00,GBIKE,130850,100.0,36.486672,127.262739,12,세종특별시
2026-06-18T10:15:09+09:00,GBIKE,130426,66.0,36.486677,127.303701,12,세종특별시
2026-06-18T10:15:09+09:00,GBIKE,131617,32.0,36.486686,127.293826,12,세종특별시
2026-06-18T10:15:09+09:00,GBIKE,131027,66.0,36.486701,127.246943,12,세종특별시
2026-06-18T10:15:09+09:00,GBIKE,130733,34.0,36.486702,127.301233,12,세종특별시
2026-06-18T10:15:09+09:00,GBIKE,130780,100.0,36.486755,127.256917,12,세종특별시
2026-06-18T10:15:09+09:00,GBIKE,130605,55.0,36.486842,127.249661,12,세종특별시
2026-06-18T10:15:09+09:00,GBIKE,501191,57.0,36.486843,127.257546,12,세종특별시
2026-06-18T10:15:09+09:00,GBIKE,130246,90.0,36.486855,127.249851,12,세종특별시
2026-06-18T10:15:09+09:00,GBIKE,131235,39.0,36.486869,127.249901,12,세종특별시
2026-06-18T10:15:09+09:00,GBIKE,131469,100.0,36.486882,127.24991,12,세종특별시
2026-06-18T10:15:09+09:00,GBIKE,501471,40.0,36.486898,127.249968,12,세종특별시
2026-06-18T10:15:09+09:00,GBIKE,130660,82.0,36.4869,127.269091,12,세종특별시
2026-06-18T10:15:09+09:00,GBIKE,130627,65.0,36.486909,127.249925,12,세종특별시
2026-06-18T10:15:09+09:00,GBIKE,130414,48.0,36.486927,127.249812,12,세종특별시
2026-06-18T10:15:09+09:00,GBIKE,501378,76.0,36.486928,127.249464,12,세종특별시
2026-06-18T10:15:09+09:00,GBIKE,131071,46.0,36.48693,127.250007,12,세종특별시
2026-06-18T10:15:09+09:00,GBIKE,131881,31.0,36.486943,127.26487,12,세종특별시
2026-06-18T10:15:09+09:00,GBIKE,131388,80.0,36.486951,127.249295,12,세종특별시
2026-06-18T10:15:09+09:00,GBIKE,131878,34.0,36.486955,127.249292,12,세종특별시
2026-06-18T10:15:09+09:00,GBIKE,130917,55.0,36.486955,127.249905,12,세종특별시
2026-06-18T10:15:09+09:00,GBIKE,501263,59.0,36.486957,127.249204,12,세종특별시
2026-06-18T10:15:09+09:00,GBIKE,130646,98.0,36.486959,127.249922,12,세종특별시
2026-06-18T10:15:09+09:00,GBIKE,130737,100.0,36.486961,127.263387,12,세종특별시
2026-06-18T10:15:09+09:00,GBIKE,130533,46.0,36.486963,127.249365,12,세종특별시
2026-06-18T10:15:09+09:00,GBIKE,130481,55.0,36.486977,127.24985,12,세종특별시
2026-06-18T10:15:09+09:00,GBIKE,130953,32.0,36.486984,127.249801,12,세종특별시
2026-06-18T10:15:09+09:00,GBIKE,501227,39.0,36.48699,127.263385,12,세종특별시
2026-06-18T10:15:09+09:00,GBIKE,501237,56.0,36.486996,127.249494,12,세종특별시
2026-06-18T10:15:09+09:00,GBIKE,501350,95.0,36.487005,127.257473,12,세종특별시
2026-06-18T10:15:09+09:00,GBIKE,130096,31.0,36.487008,127.251757,12,세종특별시
2026-06-18T10:15:09+09:00,GBIKE,131788,58.0,36.487017,127.249921,12,세종특별시
2026-06-18T10:15:09+09:00,GBIKE,501197,100.0,36.487029,127.257861,12,세종특별시
2026-06-18T10:15:09+09:00,GBIKE,131339,64.0,36.487054,127.257858,12,세종특별시
2026-06-18T10:15:09+09:00,GBIKE,339068,33.0,36.487068,127.257466,12,세종특별시
2026-06-18T10:15:09+09:00,GBIKE,131271,100.0,36.487075,127.257843,12,세종특별시
2026-06-18T10:15:09+09:00,GBIKE,131254,57.0,36.487085,127.257855,12,세종특별시
2026-06-18T10:15:09+09:00,GBIKE,130032,35.0,36.487095,127.255941,12,세종특별시
2026-06-18T10:15:09+09:00,GBIKE,131471,38.0,36.487098,127.257848,12,세종특별시
2026-06-18T10:15:09+09:00,GBIKE,130829,30.0,36.487108,127.256098,12,세종특별시
2026-06-18T10:15:09+09:00,GBIKE,131381,30.0,36.487111,127.256184,12,세종특별시
2026-06-18T10:15:09+09:00,GBIKE,131058,71.0,36.487116,127.301979,12,세종특별시
2026-06-18T10:15:09+09:00,GBIKE,131559,53.0,36.487163,127.248758,12,세종특별시
2026-06-18T10:15:09+09:00,GBIKE,130512,42.0,36.487181,127.250895,12,세종특별시
2026-06-18T10:15:09+09:00,GBIKE,131429,31.0,36.487221,127.248094,12,세종특별시
2026-06-18T10:15:09+09:00,GBIKE,130293,90.0,36.487233,127.2493,12,세종특별시
2026-06-18T10:15:09+09:00,GBIKE,501175,31.0,36.487263,127.249496,12,세종특별시
2026-06-18T10:15:09+09:00,GBIKE,130041,55.0,36.487274,127.257746,12,세종특별시
2026-06-18T10:15:09+09:00,GBIKE,131312,99.0,36.487277,127.248588,12,세종특별시
2026-06-18T10:15:09+09:00,GBIKE,131050,55.0,36.48728,127.248609,12,세종특별시
2026-06-18T10:15:09+09:00,GBIKE,130258,87.0,36.487286,127.248584,12,세종특별시
2026-06-18T10:15:09+09:00,GBIKE,131532,31.0,36.487311,127.257003,12,세종특별시
2026-06-18T10:15:09+09:00,GBIKE,130446,90.0,36.487312,127.249967,12,세종특별시
2026-06-18T10:15:09+09:00,GBIKE,131014,59.0,36.487333,127.248534,12,세종특별시
2026-06-18T10:15:09+09:00,GBIKE,131634,100.0,36.487352,127.257366,12,세종특별시
2026-06-18T10:15:09+09:00,GBIKE,130768,34.0,36.487368,127.256811,12,세종특별시
2026-06-18T10:15:09+09:00,GBIKE,131045,100.0,36.487372,127.322222,12,세종특별시
2026-06-18T10:15:09+09:00,GBIKE,131284,98.0,36.487391,127.251919,12,세종특별시
2026-06-18T10:15:09+09:00,GBIKE,501577,52.0,36.487398,127.322265,12,세종특별시
2026-06-18T10:15:09+09:00,GBIKE,131841,64.0,36.487428,127.24465,12,세종특별시
2026-06-18T10:15:09+09:00,GBIKE,131803,100.0,36.487436,127.30211,12,세종특별시
2026-06-18T10:15:09+09:00,GBIKE,131458,58.0,36.48745,127.265886,12,세종특별시
2026-06-18T10:15:09+09:00,GBIKE,130511,31.0,36.487481,127.257398,12,세종특별시
2026-06-18T10:15:09+09:00,GBIKE,130980,35.0,36.487482,127.244711,12,세종특별시
2026-06-18T10:15:09+09:00,GBIKE,130170,43.0,36.487493,127.256803,12,세종특별시
2026-06-18T10:15:09+09:00,GBIKE,130408,53.0,36.487506,127.244716,12,세종특별시
2026-06-18T10:15:09+09:00,GBIKE,131137,35.0,36.487525,127.257691,12,세종특별시
2026-06-18T10:15:09+09:00,GBIKE,130321,70.0,36.487536,127.257255,12,세종특별시
2026-06-18T10:15:09+09:00,GBIKE,130862,30.0,36.487536,127.244759,12,세종특별시
2026-06-18T10:15:09+09:00,GBIKE,130693,38.0,36.48756,127.261455,12,세종특별시
2026-06-18T10:15:09+09:00,GBIKE,501330,47.0,36.487563,127.257194,12,세종특별시
2026-06-18T10:15:09+09:00,GBIKE,501105,73.0,36.48758,127.257701,12,세종특별시
2026-06-18T10:15:09+09:00,GBIKE,131784,56.0,36.487585,127.257817,12,세종특별시
2026-06-18T10:15:09+09:00,GBIKE,501486,46.0,36.487599,127.265102,12,세종특별시
2026-06-18T10:15:09+09:00,GBIKE,131555,81.0,36.487615,127.257216,12,세종특별시
2026-06-18T10:15:09+09:00,GBIKE,130680,60.0,36.487655,127.300587,12,세종특별시
2026-06-18T10:15:09+09:00,GBIKE,501502,100.0,36.487661,127.266691,12,세종특별시
2026-06-18T10:15:09+09:00,GBIKE,130762,45.0,36.487698,127.257526,12,세종특별시
2026-06-18T10:15:09+09:00,GBIKE,130127,80.0,36.487706,127.257552,12,세종특별시
2026-06-18T10:15:09+09:00,GBIKE,131126,31.0,36.487748,127.26419,12,세종특별시
2026-06-18T10:15:09+09:00,GBIKE,131008,49.0,36.487749,127.3006,12,세종특별시
2026-06-18T10:15:09+09:00,GBIKE,501332,39.0,36.487858,127.261038,12,세종특별시
2026-06-18T10:15:09+09:00,GBIKE,130838,33.0,36.487871,127.256413,12,세종특별시
2026-06-18T10:15:09+09:00,GBIKE,130166,66.0,36.487889,127.249231,12,세종특별시
2026-06-18T10:15:09+09:00,GBIKE,501412,50.0,36.487903,127.256283,12,세종특별시
2026-06-18T10:15:09+09:00,GBIKE,131971,67.0,36.487969,127.247845,12,세종특별시
2026-06-18T10:15:09+09:00,GBIKE,130418,62.0,36.487976,127.256968,12,세종특별시
2026-06-18T10:15:09+09:00,GBIKE,501356,79.0,36.487988,127.264014,12,세종특별시
2026-06-18T10:15:09+09:00,GBIKE,501489,38.0,36.4881,127.26066,12,세종특별시
2026-06-18T10:15:09+09:00,GBIKE,501136,35.0,36.488168,127.263972,12,세종특별시
2026-06-18T10:15:09+09:00,GBIKE,501382,49.0,36.488172,127.256127,12,세종특별시
2026-06-18T10:15:09+09:00,GBIKE,130958,100.0,36.488239,127.247724,12,세종특별시
2026-06-18T10:15:09+09:00,GBIKE,130410,61.0,36.488248,127.260999,12,세종특별시
2026-06-18T10:15:09+09:00,GBIKE,501528,95.0,36.488253,127.263901,12,세종특별시
2026-06-18T10:15:09+09:00,GBIKE,130107,38.0,36.488352,127.259834,12,세종특별시
2026-06-18T10:15:09+09:00,GBIKE,130473,33.0,36.488476,127.247649,12,세종특별시
2026-06-18T10:15:09+09:00,GBIKE,130334,66.0,36.488485,127.24658,12,세종특별시
2026-06-18T10:15:09+09:00,GBIKE,130706,41.0,36.48849,127.322492,12,세종특별시
2026-06-18T10:15:09+09:00,GBIKE,130167,30.0,36.488581,127.260401,12,세종특별시
2026-06-18T10:15:09+09:00,GBIKE,131081,41.0,36.488591,127.26131,12,세종특별시
2026-06-18T10:15:09+09:00,GBIKE,131414,100.0,36.488603,127.322023,12,세종특별시
2026-06-18T10:15:09+09:00,GBIKE,501552,77.0,36.488638,127.263687,12,세종특별시
2026-06-18T10:15:09+09:00,GBIKE,501152,68.0,36.488683,127.263696,12,세종특별시
2026-06-18T10:15:09+09:00,GBIKE,131270,81.0,36.488684,127.256222,12,세종특별시
2026-06-18T10:15:09+09:00,GBIKE,131035,89.0,36.488684,127.256182,12,세종특별시
2026-06-18T10:15:09+09:00,GBIKE,501546,94.0,36.488685,127.263687,12,세종특별시
2026-06-18T10:15:09+09:00,GBIKE,130518,97.0,36.48869,127.255959,12,세종특별시
2026-06-18T10:15:09+09:00,GBIKE,130933,35.0,36.488695,127.255106,12,세종특별시
2026-06-18T10:15:09+09:00,GBIKE,130880,81.0,36.488699,127.247489,12,세종특별시
2026-06-18T10:15:09+09:00,GBIKE,130653,95.0,36.488759,127.302244,12,세종특별시
2026-06-18T10:15:09+09:00,GBIKE,501284,100.0,36.488782,127.256684,12,세종특별시
2026-06-18T10:15:09+09:00,GBIKE,130550,82.0,36.488804,127.255887,12,세종특별시
2026-06-18T10:15:09+09:00,GBIKE,131232,100.0,36.488808,127.256688,12,세종특별시
2026-06-18T10:15:09+09:00,GBIKE,130176,30.0,36.488809,127.247247,12,세종특별시
2026-06-18T10:15:09+09:00,GBIKE,131094,48.0,36.488811,127.247337,12,세종특별시
2026-06-18T10:15:09+09:00,GBIKE,501208,43.0,36.488824,127.247277,12,세종특별시
2026-06-18T10:15:09+09:00,GBIKE,130635,35.0,36.488829,127.257131,12,세종특별시
2026-06-18T10:15:09+09:00,GBIKE,130662,31.0,36.488849,127.25595,12,세종특별시
2026-06-18T10:15:09+09:00,GBIKE,130459,96.0,36.488856,127.256748,12,세종특별시
2026-06-18T10:15:09+09:00,GBIKE,130698,74.0,36.488864,127.257076,12,세종특별시
2026-06-18T10:15:09+09:00,GBIKE,501323,39.0,36.488875,127.302073,12,세종특별시
2026-06-18T10:15:09+09:00,GBIKE,131224,30.0,36.488879,127.257066,12,세종특별시
2026-06-18T10:15:09+09:00,GBIKE,130600,71.0,36.488882,127.256626,12,세종특별시
2026-06-18T10:15:09+09:00,GBIKE,131800,100.0,36.488888,127.256719,12,세종특별시
2026-06-18T10:15:09+09:00,GBIKE,131551,30.0,36.48889,127.257096,12,세종특별시
2026-06-18T10:15:09+09:00,GBIKE,131211,71.0,36.488891,127.25661,12,세종특별시
2026-06-18T10:15:09+09:00,GBIKE,131714,100.0,36.488896,127.255873,12,세종특별시
2026-06-18T10:15:09+09:00,GBIKE,130998,99.0,36.488907,127.25665,12,세종특별시
2026-06-18T10:15:09+09:00,GBIKE,501553,69.0,36.488917,127.255033,12,세종특별시
2026-06-18T10:15:09+09:00,GBIKE,130871,59.0,36.488919,127.256746,12,세종특별시
2026-06-18T10:15:09+09:00,GBIKE,131319,71.0,36.488932,127.252816,12,세종특별시
2026-06-18T10:15:09+09:00,GBIKE,131861,96.0,36.488933,127.302101,12,세종특별시
2026-06-18T10:15:09+09:00,GBIKE,130945,30.0,36.488938,127.256638,12,세종특별시
2026-06-18T10:15:09+09:00,GBIKE,130922,37.0,36.488943,127.257034,12,세종특별시
2026-06-18T10:15:09+09:00,GBIKE,130131,33.0,36.488983,127.257038,12,세종특별시
2026-06-18T10:15:09+09:00,GBIKE,130966,32.0,36.489075,127.25491,12,세종특별시
2026-06-18T10:15:09+09:00,GBIKE,130640,30.0,36.489088,127.256172,12,세종특별시
2026-06-18T10:15:09+09:00,GBIKE,131725,34.0,36.489088,127.266421,12,세종특별시
2026-06-18T10:15:09+09:00,GBIKE,130508,31.0,36.489106,127.247365,12,세종특별시
2026-06-18T10:15:09+09:00,GBIKE,131628,30.0,36.489169,127.256181,12,세종특별시
2026-06-18T10:15:09+09:00,GBIKE,130300,34.0,36.48917,127.259791,12,세종특별시
2026-06-18T10:15:09+09:00,GBIKE,131727,68.0,36.489172,127.256187,12,세종특별시
2026-06-18T10:15:09+09:00,GBIKE,131644,100.0,36.489196,127.247406,12,세종특별시
2026-06-18T10:15:09+09:00,GBIKE,501370,89.0,36.489198,127.302381,12,세종특별시
2026-06-18T10:15:09+09:00,GBIKE,130366,31.0,36.489201,127.256266,12,세종특별시
2026-06-18T10:15:09+09:00,GBIKE,130469,61.0,36.489201,127.259685,12,세종특별시
2026-06-18T10:15:09+09:00,GBIKE,131379,40.0,36.489282,127.256512,12,세종특별시
2026-06-18T10:15:09+09:00,GBIKE,130639,37.0,36.489297,127.256531,12,세종특별시
2026-06-18T10:15:09+09:00,GBIKE,501167,100.0,36.489304,127.254734,12,세종특별시
2026-06-18T10:15:09+09:00,GBIKE,131443,40.0,36.489305,127.256565,12,세종특별시
2026-06-18T10:15:09+09:00,GBIKE,130023,76.0,36.489311,127.25654,12,세종특별시
2026-06-18T10:15:09+09:00,GBIKE,131619,48.0,36.489351,127.256594,12,세종특별시
2026-06-18T10:15:09+09:00,GBIKE,131337,31.0,36.489386,127.256584,12,세종특별시
2026-06-18T10:15:09+09:00,GBIKE,130126,32.0,36.489387,127.256499,12,세종특별시
2026-06-18T10:15:09+09:00,GBIKE,131354,94.0,36.4894,127.255879,12,세종특별시
2026-06-18T10:15:09+09:00,GBIKE,130722,46.0,36.489426,127.258355,12,세종특별시
2026-06-18T10:15:09+09:00,GBIKE,131949,100.0,36.489431,127.256534,12,세종특별시
2026-06-18T10:15:09+09:00,GBIKE,131019,44.0,36.489431,127.258148,12,세종특별시
2026-06-18T10:15:09+09:00,GBIKE,130221,76.0,36.489435,127.256516,12,세종특별시
2026-06-18T10:15:09+09:00,GBIKE,131911,32.0,36.489454,127.256492,12,세종특별시
2026-06-18T10:15:09+09:00,GBIKE,130790,81.0,36.489459,127.256584,12,세종특별시
2026-06-18T10:15:09+09:00,GBIKE,131879,82.0,36.489466,127.255438,12,세종특별시
2026-06-18T10:15:09+09:00,GBIKE,131568,72.0,36.489466,127.256524,12,세종특별시
2026-06-18T10:15:09+09:00,GBIKE,130727,30.0,36.489472,127.256583,12,세종특별시
2026-06-18T10:15:09+09:00,GBIKE,131758,89.0,36.489476,127.256616,12,세종특별시
2026-06-18T10:15:09+09:00,GBIKE,130657,69.0,36.489477,127.256575,12,세종특별시
2026-06-18T10:15:09+09:00,GBIKE,131811,30.0,36.489486,127.243674,12,세종특별시
2026-06-18T10:15:09+09:00,GBIKE,131000,33.0,36.489511,127.256607,12,세종특별시
2026-06-18T10:15:09+09:00,GBIKE,131015,30.0,36.489518,127.256489,12,세종특별시
2026-06-18T10:15:09+09:00,GBIKE,130763,44.0,36.489533,127.256545,12,세종특별시
2026-06-18T10:15:09+09:00,GBIKE,130934,58.0,36.489572,127.301777,12,세종특별시
2026-06-18T10:15:09+09:00,GBIKE,131531,79.0,36.489583,127.256891,12,세종특별시
2026-06-18T10:15:09+09:00,GBIKE,131326,37.0,36.489599,127.302445,12,세종특별시
2026-06-18T10:15:09+09:00,GBIKE,130313,30.0,36.489627,127.256437,12,세종특별시
2026-06-18T10:15:09+09:00,GBIKE,131133,100.0,36.489684,127.258888,12,세종특별시
2026-06-18T10:15:09+09:00,GBIKE,501527,87.0,36.489686,127.260439,12,세종특별시
2026-06-18T10:15:09+09:00,GBIKE,131973,32.0,36.489783,127.259577,12,세종특별시
2026-06-18T10:15:09+09:00,GBIKE,131100,31.0,36.489785,127.250018,12,세종특별시
2026-06-18T10:15:09+09:00,GBIKE,131347,37.0,36.489796,127.244967,12,세종특별시
2026-06-18T10:15:09+09:00,GBIKE,130328,82.0,36.489849,127.30196,12,세종특별시
2026-06-18T10:15:09+09:00,GBIKE,501261,94.0,36.489875,127.26038,12,세종특별시
2026-06-18T10:15:09+09:00,GBIKE,501582,38.0,36.48991,127.25575,12,세종특별시
2026-06-18T10:15:09+09:00,GBIKE,501140,94.0,36.489914,127.302035,12,세종특별시
2026-06-18T10:15:09+09:00,GBIKE,130676,52.0,36.489924,127.254576,12,세종특별시
2026-06-18T10:15:09+09:00,GBIKE,130215,30.0,36.489926,127.249908,12,세종특별시
2026-06-18T10:15:09+09:00,GBIKE,131185,100.0,36.489929,127.245052,12,세종특별시
2026-06-18T10:15:09+09:00,GBIKE,131600,44.0,36.489949,127.24426,12,세종특별시
2026-06-18T10:15:09+09:00,GBIKE,131661,100.0,36.489961,127.245004,12,세종특별시
2026-06-18T10:15:09+09:00,GBIKE,130136,44.0,36.490019,127.255643,12,세종특별시
2026-06-18T10:15:09+09:00,GBIKE,130239,69.0,36.490026,127.243841,12,세종특별시
2026-06-18T10:15:09+09:00,GBIKE,131248,36.0,36.49018,127.256786,12,세종특별시
2026-06-18T10:15:09+09:00,GBIKE,131088,34.0,36.490193,127.25635,12,세종특별시
2026-06-18T10:15:09+09:00,GBIKE,131571,32.0,36.490238,127.247121,12,세종특별시
2026-06-18T10:15:09+09:00,GBIKE,131002,52.0,36.490285,127.243278,12,세종특별시
2026-06-18T10:15:09+09:00,GBIKE,130363,100.0,36.490309,127.256757,12,세종특별시
2026-06-18T10:15:09+09:00,GBIKE,501427,30.0,36.490392,127.246987,12,세종특별시
2026-06-18T10:15:09+09:00,GBIKE,131686,60.0,36.490433,127.245362,12,세종특별시
2026-06-18T10:15:09+09:00,GBIKE,131171,31.0,36.490442,127.257266,12,세종특별시
2026-06-18T10:15:09+09:00,GBIKE,130674,32.0,36.490546,127.259114,12,세종특별시
2026-06-18T10:15:09+09:00,GBIKE,130086,100.0,36.49055,127.259096,12,세종특별시
2026-06-18T10:15:09+09:00,GBIKE,130735,30.0,36.490566,127.258997,12,세종특별시
2026-06-18T10:15:09+09:00,GBIKE,131895,73.0,36.49057,127.262788,12,세종특별시
2026-06-18T10:15:09+09:00,GBIKE,130372,43.0,36.490595,127.259115,12,세종특별시
2026-06-18T10:15:09+09:00,GBIKE,130703,32.0,36.490603,127.248206,12,세종특별시
2026-06-18T10:15:09+09:00,GBIKE,131233,31.0,36.490641,127.248159,12,세종특별시
2026-06-18T10:15:09+09:00,GBIKE,130647,53.0,36.490655,127.259102,12,세종특별시
2026-06-18T10:15:09+09:00,GBIKE,130383,38.0,36.490671,127.242833,12,세종특별시
2026-06-18T10:15:09+09:00,GBIKE,130415,100.0,36.490728,127.259118,12,세종특별시
2026-06-18T10:15:09+09:00,GBIKE,130039,85.0,36.490738,127.260693,12,세종특별시
2026-06-18T10:15:09+09:00,GBIKE,130087,72.0,36.490747,127.257233,12,세종특별시
2026-06-18T10:15:09+09:00,GBIKE,131286,93.0,36.490754,127.25723,12,세종특별시
2026-06-18T10:15:09+09:00,GBIKE,131192,74.0,36.490755,127.248169,12,세종특별시
2026-06-18T10:15:09+09:00,GBIKE,131666,78.0,36.490768,127.262749,12,세종특별시
2026-06-18T10:15:09+09:00,GBIKE,131030,30.0,36.490816,127.259054,12,세종특별시
2026-06-18T10:15:09+09:00,GBIKE,130649,57.0,36.490819,127.256282,12,세종특별시
2026-06-18T10:15:09+09:00,GBIKE,131289,33.0,36.49086,127.256273,12,세종특별시
2026-06-18T10:15:09+09:00,GBIKE,131210,84.0,36.490905,127.301945,12,세종특별시
2026-06-18T10:15:09+09:00,GBIKE,131352,31.0,36.490928,127.255956,12,세종특별시
2026-06-18T10:15:09+09:00,GBIKE,130777,72.0,36.490942,127.259036,12,세종특별시
2026-06-18T10:15:09+09:00,GBIKE,501189,100.0,36.490948,127.260707,12,세종특별시
2026-06-18T10:15:09+09:00,GBIKE,501462,100.0,36.490999,127.262648,12,세종특별시
2026-06-18T10:15:09+09:00,GBIKE,131683,100.0,36.491009,127.304,12,세종특별시
2026-06-18T10:15:09+09:00,GBIKE,130169,32.0,36.49101,127.258261,12,세종특별시
2026-06-18T10:15:09+09:00,GBIKE,131806,53.0,36.491011,127.257356,12,세종특별시
2026-06-18T10:15:09+09:00,GBIKE,130738,38.0,36.491054,127.25903,12,세종특별시
2026-06-18T10:15:09+09:00,GBIKE,501126,72.0,36.491068,127.262957,12,세종특별시
2026-06-18T10:15:09+09:00,GBIKE,131164,30.0,36.491129,127.32459,12,세종특별시
2026-06-18T10:15:09+09:00,GBIKE,131454,47.0,36.491133,127.260656,12,세종특별시
2026-06-18T10:15:09+09:00,GBIKE,130149,32.0,36.491149,127.255335,12,세종특별시
2026-06-18T10:15:09+09:00,GBIKE,130529,49.0,36.491173,127.260572,12,세종특별시
2026-06-18T10:15:09+09:00,GBIKE,130751,100.0,36.491184,127.258366,12,세종특별시
2026-06-18T10:15:09+09:00,GBIKE,501366,81.0,36.4912,127.254538,12,세종특별시
2026-06-18T10:15:09+09:00,GBIKE,501258,66.0,36.491274,127.269214,12,세종특별시
2026-06-18T10:15:09+09:00,GBIKE,130291,45.0,36.491283,127.25614,12,세종특별시
2026-06-18T10:15:09+09:00,GBIKE,130650,33.0,36.491287,127.254362,12,세종특별시
2026-06-18T10:15:09+09:00,GBIKE,131141,37.0,36.491305,127.256193,12,세종특별시
2026-06-18T10:15:09+09:00,GBIKE,130546,36.0,36.491314,127.255098,12,세종특별시
2026-06-18T10:15:09+09:00,GBIKE,131934,47.0,36.491353,127.269578,12,세종특별시
2026-06-18T10:15:09+09:00,GBIKE,131114,30.0,36.491353,127.256118,12,세종특별시
2026-06-18T10:15:09+09:00,GBIKE,130815,46.0,36.491355,127.269567,12,세종특별시
2026-06-18T10:15:09+09:00,GBIKE,131405,35.0,36.491356,127.256136,12,세종특별시
2026-06-18T10:15:09+09:00,GBIKE,130314,30.0,36.491357,127.256153,12,세종특별시
2026-06-18T10:15:09+09:00,GBIKE,501413,100.0,36.491359,127.269597,12,세종특별시
2026-06-18T10:15:09+09:00,GBIKE,131837,30.0,36.491364,127.256107,12,세종특별시
2026-06-18T10:15:09+09:00,GBIKE,131510,48.0,36.491373,127.256036,12,세종특별시
2026-06-18T10:15:09+09:00,GBIKE,130577,98.0,36.491377,127.256113,12,세종특별시
2026-06-18T10:15:09+09:00,GBIKE,131743,72.0,36.491378,127.2697,12,세종특별시
2026-06-18T10:15:09+09:00,GBIKE,131739,57.0,36.491385,127.256102,12,세종특별시
2026-06-18T10:15:09+09:00,GBIKE,131778,32.0,36.491388,127.258154,12,세종특별시
2026-06-18T10:15:09+09:00,GBIKE,130773,30.0,36.491388,127.256138,12,세종특별시
2026-06-18T10:15:09+09:00,GBIKE,131057,30.0,36.491388,127.256143,12,세종특별시
2026-06-18T10:15:09+09:00,GBIKE,131954,82.0,36.491391,127.258131,12,세종특별시
2026-06-18T10:15:09+09:00,GBIKE,130248,82.0,36.491404,127.260801,12,세종특별시
2026-06-18T10:15:09+09:00,GBIKE,501386,94.0,36.491449,127.262637,12,세종특별시
2026-06-18T10:15:09+09:00,GBIKE,130560,32.0,36.491451,127.256116,12,세종특별시
2026-06-18T10:15:09+09:00,GBIKE,130742,100.0,36.491478,127.258926,12,세종특별시
2026-06-18T10:15:09+09:00,GBIKE,130571,41.0,36.491492,127.256165,12,세종특별시
2026-06-18T10:15:09+09:00,GBIKE,130193,100.0,36.491505,127.256161,12,세종특별시
2026-06-18T10:15:09+09:00,GBIKE,131569,100.0,36.491513,127.258592,12,세종특별시
2026-06-18T10:15:09+09:00,GBIKE,131498,34.0,36.491556,127.256121,12,세종특별시
2026-06-18T10:15:09+09:00,GBIKE,131888,30.0,36.491557,127.243764,12,세종특별시
2026-06-18T10:15:09+09:00,GBIKE,130879,30.0,36.491562,127.256122,12,세종특별시
2026-06-18T10:15:09+09:00,GBIKE,131596,32.0,36.491567,127.259257,12,세종특별시
2026-06-18T10:15:09+09:00,GBIKE,130402,33.0,36.491602,127.258676,12,세종특별시
2026-06-18T10:15:09+09:00,GBIKE,501210,53.0,36.491635,127.241978,12,세종특별시
2026-06-18T10:15:09+09:00,GBIKE,501477,31.0,36.49165,127.246103,12,세종특별시
2026-06-18T10:15:09+09:00,GBIKE,131173,57.0,36.491654,127.303354,12,세종특별시
2026-06-18T10:15:09+09:00,GBIKE,130232,32.0,36.491662,127.250428,12,세종특별시
2026-06-18T10:15:09+09:00,GBIKE,501186,51.0,36.491668,127.260211,12,세종특별시
2026-06-18T10:15:09+09:00,GBIKE,131522,88.0,36.491685,127.261349,12,세종특별시
2026-06-18T10:15:09+09:00,GBIKE,130298,32.0,36.491697,127.241883,12,세종특별시
2026-06-18T10:15:09+09:00,GBIKE,501441,44.0,36.491708,127.255426,12,세종특별시
2026-06-18T10:15:09+09:00,GBIKE,131988,48.0,36.491809,127.30378,12,세종특별시
2026-06-18T10:15:09+09:00,GBIKE,131481,30.0,36.491817,127.246222,12,세종특별시
2026-06-18T10:15:09+09:00,GBIKE,131838,62.0,36.491828,127.30374,12,세종특별시
2026-06-18T10:15:09+09:00,GBIKE,131396,38.0,36.491896,127.303614,12,세종특별시
2026-06-18T10:15:09+09:00,GBIKE,501585,84.0,36.491954,127.257729,12,세종특별시
2026-06-18T10:15:09+09:00,GBIKE,130421,91.0,36.492052,127.302275,12,세종특별시
2026-06-18T10:15:09+09:00,GBIKE,130618,41.0,36.492118,127.241606,12,세종특별시
2026-06-18T10:15:09+09:00,GBIKE,130237,57.0,36.492141,127.25604,12,세종특별시
2026-06-18T10:15:09+09:00,GBIKE,131336,57.0,36.492151,127.257075,12,세종특별시
2026-06-18T10:15:09+09:00,GBIKE,130411,46.0,36.492175,127.241466,12,세종특별시
2026-06-18T10:15:09+09:00,GBIKE,131218,39.0,36.492189,127.252828,12,세종특별시
2026-06-18T10:15:09+09:00,GBIKE,130612,98.0,36.492199,127.256171,12,세종특별시
2026-06-18T10:15:09+09:00,GBIKE,131149,96.0,36.49222,127.241493,12,세종특별시
2026-06-18T10:15:09+09:00,GBIKE,131472,32.0,36.492305,127.241771,12,세종특별시
2026-06-18T10:15:09+09:00,GBIKE,130799,68.0,36.49231,127.241512,12,세종특별시
2026-06-18T10:15:09+09:00,GBIKE,345936,54.0,36.492331,127.241548,12,세종특별시
2026-06-18T10:15:09+09:00,GBIKE,130940,92.0,36.492332,127.255565,12,세종특별시
2026-06-18T10:15:09+09:00,GBIKE,130172,82.0,36.492352,127.255342,12,세종특별시
2026-06-18T10:15:09+09:00,GBIKE,130991,32.0,36.492359,127.318988,12,세종특별시
2026-06-18T10:15:09+09:00,GBIKE,131745,30.0,36.492366,127.241373,12,세종특별시
2026-06-18T10:15:09+09:00,GBIKE,130362,32.0,36.492374,127.244367,12,세종특별시
2026-06-18T10:15:09+09:00,GBIKE,131897,60.0,36.492424,127.255706,12,세종특별시
2026-06-18T10:15:09+09:00,GBIKE,130811,98.0,36.492434,127.254923,12,세종특별시
2026-06-18T10:15:09+09:00,GBIKE,131340,95.0,36.492435,127.25494,12,세종특별시
2026-06-18T10:15:09+09:00,GBIKE,130561,76.0,36.492451,127.260503,12,세종특별시
2026-06-18T10:15:09+09:00,GBIKE,130063,58.0,36.49251,127.241927,12,세종특별시
2026-06-18T10:15:09+09:00,GBIKE,501381,57.0,36.49252,127.303042,12,세종특별시
2026-06-18T10:15:09+09:00,GBIKE,131423,51.0,36.492553,127.303025,12,세종특별시
2026-06-18T10:15:09+09:00,GBIKE,130135,41.0,36.492559,127.242349,12,세종특별시
2026-06-18T10:15:09+09:00,GBIKE,501371,46.0,36.492568,127.269656,12,세종특별시
2026-06-18T10:15:09+09:00,GBIKE,501581,30.0,36.492569,127.303042,12,세종특별시
2026-06-18T10:15:09+09:00,GBIKE,501438,67.0,36.49257,127.269787,12,세종특별시
2026-06-18T10:15:09+09:00,GBIKE,501142,51.0,36.49259,127.269784,12,세종특별시
2026-06-18T10:15:09+09:00,GBIKE,131086,74.0,36.492646,127.255605,12,세종특별시
2026-06-18T10:15:09+09:00,GBIKE,501395,59.0,36.492652,127.241892,12,세종특별시
2026-06-18T10:15:09+09:00,GBIKE,501574,86.0,36.492653,127.255076,12,세종특별시
2026-06-18T10:15:09+09:00,GBIKE,130621,39.0,36.49266,127.255061,12,세종특별시
2026-06-18T10:15:09+09:00,GBIKE,130709,31.0,36.492662,127.255079,12,세종특별시
2026-06-18T10:15:09+09:00,GBIKE,130445,75.0,36.492666,127.255142,12,세종특별시
2026-06-18T10:15:09+09:00,GBIKE,130228,97.0,36.49267,127.300688,12,세종특별시
2026-06-18T10:15:09+09:00,GBIKE,130114,47.0,36.492711,127.253298,12,세종특별시
2026-06-18T10:15:09+09:00,GBIKE,501114,77.0,36.492871,127.242694,12,세종특별시
2026-06-18T10:15:09+09:00,GBIKE,130401,88.0,36.492873,127.242727,12,세종특별시
2026-06-18T10:15:09+09:00,GBIKE,131761,32.0,36.492891,127.254584,12,세종특별시
2026-06-18T10:15:09+09:00,GBIKE,131397,50.0,36.492916,127.251362,12,세종특별시
2026-06-18T10:15:09+09:00,GBIKE,131720,78.0,36.492929,127.253197,12,세종특별시
2026-06-18T10:15:09+09:00,GBIKE,501322,71.0,36.492962,127.252974,12,세종특별시
2026-06-18T10:15:09+09:00,GBIKE,131102,69.0,36.492963,127.24378,12,세종특별시
2026-06-18T10:15:09+09:00,GBIKE,131145,100.0,36.492973,127.243863,12,세종특별시
2026-06-18T10:15:09+09:00,GBIKE,130230,97.0,36.493004,127.243138,12,세종특별시
2026-06-18T10:15:09+09:00,GBIKE,501367,59.0,36.493015,127.254686,12,세종특별시
2026-06-18T10:15:09+09:00,GBIKE,130668,30.0,36.493145,127.250822,12,세종특별시
2026-06-18T10:15:09+09:00,GBIKE,131664,40.0,36.493147,127.257079,12,세종특별시
2026-06-18T10:15:09+09:00,GBIKE,131977,100.0,36.493184,127.243743,12,세종특별시
2026-06-18T10:15:09+09:00,GBIKE,501164,90.0,36.493206,127.243412,12,세종특별시
2026-06-18T10:15:09+09:00,GBIKE,501137,93.0,36.493216,127.301426,12,세종특별시
2026-06-18T10:15:09+09:00,GBIKE,131611,51.0,36.49323,127.304611,12,세종특별시
2026-06-18T10:15:09+09:00,GBIKE,130732,78.0,36.493348,127.252971,12,세종특별시
2026-06-18T10:15:09+09:00,GBIKE,501107,83.0,36.493395,127.24682,12,세종특별시
2026-06-18T10:15:09+09:00,GBIKE,501123,100.0,36.493554,127.258335,12,세종특별시
2026-06-18T10:15:09+09:00,GBIKE,501217,34.0,36.493565,127.240945,12,세종특별시
2026-06-18T10:15:09+09:00,GBIKE,130196,78.0,36.49369,127.256551,12,세종특별시
2026-06-18T10:15:09+09:00,GBIKE,130851,86.0,36.493706,127.256521,12,세종특별시
2026-06-18T10:15:09+09:00,GBIKE,130486,93.0,36.493711,127.256579,12,세종특별시
2026-06-18T10:15:09+09:00,GBIKE,130572,63.0,36.493713,127.25655,12,세종특별시
2026-06-18T10:15:09+09:00,GBIKE,131322,92.0,36.493715,127.256532,12,세종특별시
2026-06-18T10:15:09+09:00,GBIKE,131810,75.0,36.493715,127.256571,12,세종특별시
2026-06-18T10:15:09+09:00,GBIKE,131894,52.0,36.493716,127.256537,12,세종특별시
2026-06-18T10:15:09+09:00,GBIKE,131762,31.0,36.493777,127.256077,12,세종특별시
2026-06-18T10:15:09+09:00,GBIKE,501320,83.0,36.493792,127.255605,12,세종특별시
2026-06-18T10:15:09+09:00,GBIKE,131851,30.0,36.493795,127.325488,12,세종특별시
2026-06-18T10:15:09+09:00,GBIKE,131467,93.0,36.493828,127.240896,12,세종특별시
2026-06-18T10:15:09+09:00,GBIKE,131804,62.0,36.493833,127.256588,12,세종특별시
2026-06-18T10:15:09+09:00,GBIKE,501128,65.0,36.493866,127.248154,12,세종특별시
2026-06-18T10:15:09+09:00,GBIKE,131751,33.0,36.493874,127.248504,12,세종특별시
2026-06-18T10:15:09+09:00,GBIKE,131550,100.0,36.493967,127.261522,12,세종특별시
2026-06-18T10:15:09+09:00,GBIKE,131564,35.0,36.494008,127.256184,12,세종특별시
2026-06-18T10:15:09+09:00,GBIKE,130403,60.0,36.494044,127.261708,12,세종특별시
2026-06-18T10:15:09+09:00,GBIKE,131325,39.0,36.494145,127.256129,12,세종특별시
2026-06-18T10:15:09+09:00,GBIKE,130887,65.0,36.494146,127.241732,12,세종특별시
2026-06-18T10:15:09+09:00,GBIKE,131908,31.0,36.494161,127.256177,12,세종특별시
2026-06-18T10:15:09+09:00,GBIKE,131162,38.0,36.494189,127.256609,12,세종특별시
2026-06-18T10:15:09+09:00,GBIKE,130826,61.0,36.494204,127.248892,12,세종특별시
2026-06-18T10:15:09+09:00,GBIKE,131864,56.0,36.494224,127.248957,12,세종특별시
2026-06-18T10:15:09+09:00,GBIKE,130505,36.0,36.494244,127.249492,12,세종특별시
2026-06-18T10:15:09+09:00,GBIKE,131260,59.0,36.494257,127.249348,12,세종특별시
2026-06-18T10:15:09+09:00,GBIKE,131964,30.0,36.494333,127.255764,12,세종특별시
2026-06-18T10:15:09+09:00,GBIKE,130515,80.0,36.494376,127.255811,12,세종특별시
2026-06-18T10:15:09+09:00,GBIKE,131358,85.0,36.494391,127.302281,12,세종특별시
2026-06-18T10:15:09+09:00,GBIKE,130794,56.0,36.494432,127.251773,12,세종특별시
2026-06-18T10:15:09+09:00,GBIKE,130875,49.0,36.49445,127.244257,12,세종특별시
2026-06-18T10:15:09+09:00,GBIKE,131332,47.0,36.494452,127.248801,12,세종특별시
2026-06-18T10:15:09+09:00,GBIKE,131885,30.0,36.494458,127.244193,12,세종특별시
2026-06-18T10:15:09+09:00,GBIKE,131854,49.0,36.494524,127.260745,12,세종특별시
2026-06-18T10:15:09+09:00,GBIKE,130821,42.0,36.494547,127.248918,12,세종특별시
2026-06-18T10:15:09+09:00,GBIKE,131161,35.0,36.49456,127.248377,12,세종특별시
2026-06-18T10:15:09+09:00,GBIKE,130797,56.0,36.49456,127.256447,12,세종특별시
2026-06-18T10:15:09+09:00,GBIKE,130865,35.0,36.49456,127.256185,12,세종특별시
2026-06-18T10:15:09+09:00,GBIKE,130789,67.0,36.494567,127.249507,12,세종특별시
2026-06-18T10:15:09+09:00,GBIKE,131699,82.0,36.494585,127.256329,12,세종특별시
2026-06-18T10:15:09+09:00,GBIKE,130058,64.0,36.494591,127.256199,12,세종특별시
2026-06-18T10:15:09+09:00,GBIKE,501165,89.0,36.494597,127.256333,12,세종특별시
2026-06-18T10:15:09+09:00,GBIKE,130191,62.0,36.494602,127.256339,12,세종특별시
2026-06-18T10:15:09+09:00,GBIKE,131264,33.0,36.494624,127.260675,12,세종특별시
2026-06-18T10:15:09+09:00,GBIKE,501490,74.0,36.494625,127.256345,12,세종특별시
2026-06-18T10:15:09+09:00,GBIKE,501391,96.0,36.494694,127.240663,12,세종특별시
2026-06-18T10:15:09+09:00,GBIKE,130040,100.0,36.494703,127.256027,12,세종특별시
2026-06-18T10:15:09+09:00,GBIKE,131678,41.0,36.494727,127.249706,12,세종특별시
2026-06-18T10:15:09+09:00,GBIKE,130774,83.0,36.494731,127.249799,12,세종특별시
2026-06-18T10:15:09+09:00,GBIKE,130615,34.0,36.494734,127.249727,12,세종특별시
2026-06-18T10:15:09+09:00,GBIKE,131625,35.0,36.494742,127.249763,12,세종특별시
2026-06-18T10:15:09+09:00,GBIKE,501530,38.0,36.494742,127.249741,12,세종특별시
2026-06-18T10:15:09+09:00,GBIKE,130137,81.0,36.494759,127.306069,12,세종특별시
2026-06-18T10:15:09+09:00,GBIKE,131883,42.0,36.494912,127.325377,12,세종특별시
2026-06-18T10:15:09+09:00,GBIKE,501353,59.0,36.49506,127.255535,12,세종특별시
2026-06-18T10:15:09+09:00,GBIKE,501204,85.0,36.495071,127.249084,12,세종특별시
2026-06-18T10:15:09+09:00,GBIKE,130930,79.0,36.495079,127.257072,12,세종특별시
2026-06-18T10:15:09+09:00,GBIKE,131728,78.0,36.495095,127.264681,12,세종특별시
2026-06-18T10:15:09+09:00,GBIKE,501435,86.0,36.495164,127.265031,12,세종특별시
2026-06-18T10:15:09+09:00,GBIKE,131474,44.0,36.495183,127.303027,12,세종특별시
2026-06-18T10:15:09+09:00,GBIKE,130876,79.0,36.49519,127.303043,12,세종특별시
2026-06-18T10:15:09+09:00,GBIKE,501270,86.0,36.49519,127.303052,12,세종특별시
2026-06-18T10:15:09+09:00,GBIKE,131023,38.0,36.495214,127.249404,12,세종특별시
2026-06-18T10:15:09+09:00,GBIKE,131182,92.0,36.495235,127.209446,12,세종특별시
2026-06-18T10:15:09+09:00,GBIKE,131524,31.0,36.49525,127.248991,12,세종특별시
2026-06-18T10:15:09+09:00,GBIKE,501115,52.0,36.49527,127.242642,12,세종특별시
2026-06-18T10:15:09+09:00,GBIKE,131307,66.0,36.49528,127.256842,12,세종특별시
2026-06-18T10:15:09+09:00,GBIKE,131399,37.0,36.495311,127.256854,12,세종특별시
2026-06-18T10:15:09+09:00,GBIKE,130444,48.0,36.495401,127.2488,12,세종특별시
2026-06-18T10:15:09+09:00,GBIKE,130699,66.0,36.495463,127.25703,12,세종특별시
2026-06-18T10:15:09+09:00,GBIKE,501361,30.0,36.495466,127.31759,12,세종특별시
2026-06-18T10:15:09+09:00,GBIKE,130152,53.0,36.495475,127.259259,12,세종특별시
2026-06-18T10:15:09+09:00,GBIKE,131845,41.0,36.495475,127.249061,12,세종특별시
2026-06-18T10:15:09+09:00,GBIKE,501375,47.0,36.495477,127.259258,12,세종특별시
2026-06-18T10:15:09+09:00,GBIKE,130397,76.0,36.495535,127.263723,12,세종특별시
2026-06-18T10:15:09+09:00,GBIKE,501299,33.0,36.495538,127.24896,12,세종특별시
2026-06-18T10:15:09+09:00,GBIKE,130707,91.0,36.495559,127.258995,12,세종특별시
2026-06-18T10:15:09+09:00,GBIKE,131759,48.0,36.495605,127.259045,12,세종특별시
2026-06-18T10:15:09+09:00,GBIKE,131076,57.0,36.495616,127.258988,12,세종특별시
2026-06-18T10:15:09+09:00,GBIKE,130708,100.0,36.495618,127.257057,12,세종특별시
2026-06-18T10:15:09+09:00,GBIKE,131579,82.0,36.495652,127.262763,12,세종특별시
2026-06-18T10:15:09+09:00,GBIKE,131180,97.0,36.495654,127.249487,12,세종특별시
2026-06-18T10:15:09+09:00,GBIKE,131406,75.0,36.495677,127.249446,12,세종특별시
2026-06-18T10:15:09+09:00,GBIKE,131998,43.0,36.49568,127.241852,12,세종특별시
2026-06-18T10:15:09+09:00,GBIKE,131075,74.0,36.495726,127.256999,12,세종특별시
2026-06-18T10:15:09+09:00,GBIKE,131920,87.0,36.495747,127.303483,12,세종특별시
2026-06-18T10:15:09+09:00,GBIKE,131257,76.0,36.495765,127.24211,12,세종특별시
2026-06-18T10:15:09+09:00,GBIKE,130050,84.0,36.495766,127.258553,12,세종특별시
2026-06-18T10:15:09+09:00,GBIKE,130475,36.0,36.495782,127.251842,12,세종특별시
2026-06-18T10:15:09+09:00,GBIKE,130841,32.0,36.495798,127.258579,12,세종특별시
2026-06-18T10:15:09+09:00,GBIKE,130856,30.0,36.495802,127.24777,12,세종특별시
2026-06-18T10:15:09+09:00,GBIKE,130299,30.0,36.495829,127.266302,12,세종특별시
2026-06-18T10:15:09+09:00,GBIKE,130109,41.0,36.495836,127.26552,12,세종특별시
2026-06-18T10:15:09+09:00,GBIKE,501280,61.0,36.495844,127.25876,12,세종특별시
2026-06-18T10:15:09+09:00,GBIKE,131130,30.0,36.495855,127.251283,12,세종특별시
2026-06-18T10:15:09+09:00,GBIKE,131166,78.0,36.495855,127.244744,12,세종특별시
2026-06-18T10:15:09+09:00,GBIKE,131853,32.0,36.495871,127.258512,12,세종특별시
2026-06-18T10:15:09+09:00,GBIKE,130885,74.0,36.49589,127.243274,12,세종특별시
2026-06-18T10:15:09+09:00,GBIKE,131147,67.0,36.495911,127.248435,12,세종특별시
2026-06-18T10:15:09+09:00,GBIKE,131449,72.0,36.495916,127.262909,12,세종특별시
2026-06-18T10:15:09+09:00,GBIKE,501549,33.0,36.49593,127.250711,12,세종특별시
2026-06-18T10:15:09+09:00,GBIKE,131869,65.0,36.495958,127.238718,12,세종특별시
2026-06-18T10:15:09+09:00,GBIKE,130198,61.0,36.495966,127.251281,12,세종특별시
2026-06-18T10:15:09+09:00,GBIKE,130847,42.0,36.495967,127.238725,12,세종특별시
2026-06-18T10:15:09+09:00,GBIKE,131459,40.0,36.495984,127.238737,12,세종특별시
2026-06-18T10:15:09+09:00,GBIKE,130736,39.0,36.495999,127.250638,12,세종특별시
2026-06-18T10:15:09+09:00,GBIKE,130294,95.0,36.496117,127.249137,12,세종특별시
2026-06-18T10:15:09+09:00,GBIKE,501251,90.0,36.496193,127.304682,12,세종특별시
2026-06-18T10:15:09+09:00,GBIKE,501476,100.0,36.496197,127.304626,12,세종특별시
2026-06-18T10:15:09+09:00,GBIKE,130146,68.0,36.496239,127.238567,12,세종특별시
2026-06-18T10:15:09+09:00,GBIKE,130157,41.0,36.496239,127.30402,12,세종특별시
2026-06-18T10:15:09+09:00,GBIKE,130997,85.0,36.496363,127.238733,12,세종특별시
2026-06-18T10:15:09+09:00,GBIKE,131465,54.0,36.496384,127.237584,12,세종특별시
2026-06-18T10:15:09+09:00,GBIKE,130238,35.0,36.49646,127.263271,12,세종특별시
2026-06-18T10:15:09+09:00,GBIKE,131011,82.0,36.496463,127.24918,12,세종특별시
2026-06-18T10:15:09+09:00,GBIKE,131915,75.0,36.496503,127.256456,12,세종특별시
2026-06-18T10:15:09+09:00,GBIKE,130428,100.0,36.496521,127.307305,12,세종특별시
2026-06-18T10:15:09+09:00,GBIKE,130942,31.0,36.496531,127.263173,12,세종특별시
2026-06-18T10:15:09+09:00,GBIKE,130073,33.0,36.496581,127.256852,12,세종특별시
2026-06-18T10:15:09+09:00,GBIKE,130057,40.0,36.4966,127.237298,12,세종특별시
2026-06-18T10:15:09+09:00,GBIKE,501311,41.0,36.496696,127.30465,12,세종특별시
2026-06-18T10:15:09+09:00,GBIKE,501196,75.0,36.496799,127.256234,12,세종특별시
2026-06-18T10:15:09+09:00,GBIKE,501141,86.0,36.496829,127.256239,12,세종특별시
2026-06-18T10:15:09+09:00,GBIKE,130766,100.0,36.49693,127.304174,12,세종특별시
2026-06-18T10:15:09+09:00,GBIKE,501400,40.0,36.497098,127.25323,12,세종특별시
2026-06-18T10:15:09+09:00,GBIKE,501200,71.0,36.497141,127.25302,12,세종특별시
2026-06-18T10:15:09+09:00,GBIKE,131039,31.0,36.497199,127.252969,12,세종특별시
2026-06-18T10:15:09+09:00,GBIKE,130969,31.0,36.497255,127.308571,12,세종특별시
2026-06-18T10:15:09+09:00,GBIKE,501342,89.0,36.497285,127.260694,12,세종특별시
2026-06-18T10:15:09+09:00,GBIKE,131346,46.0,36.497372,127.308801,12,세종특별시
2026-06-18T10:15:09+09:00,GBIKE,130937,31.0,36.49741,127.240681,12,세종특별시
2026-06-18T10:15:09+09:00,GBIKE,130482,58.0,36.49743,127.256068,12,세종특별시
2026-06-18T10:15:09+09:00,GBIKE,130435,66.0,36.497435,127.255858,12,세종특별시
2026-06-18T10:15:09+09:00,GBIKE,131299,34.0,36.497439,127.24907,12,세종특별시
2026-06-18T10:15:09+09:00,GBIKE,130594,38.0,36.49746,127.309158,12,세종특별시
2026-06-18T10:15:09+09:00,GBIKE,501405,42.0,36.497477,127.322536,12,세종특별시
2026-06-18T10:15:09+09:00,GBIKE,131677,51.0,36.497481,127.257095,12,세종특별시
2026-06-18T10:15:09+09:00,GBIKE,501346,34.0,36.497515,127.313894,12,세종특별시
2026-06-18T10:15:09+09:00,GBIKE,501184,61.0,36.497523,127.251989,12,세종특별시
2026-06-18T10:15:09+09:00,GBIKE,130257,100.0,36.497538,127.255886,12,세종특별시
2026-06-18T10:15:09+09:00,GBIKE,131455,30.0,36.497561,127.312078,12,세종특별시
2026-06-18T10:15:09+09:00,GBIKE,131979,34.0,36.497562,127.311227,12,세종특별시
2026-06-18T10:15:09+09:00,GBIKE,131371,34.0,36.497571,127.257104,12,세종특별시
2026-06-18T10:15:09+09:00,GBIKE,130801,54.0,36.497602,127.314297,12,세종특별시
2026-06-18T10:15:09+09:00,GBIKE,130268,84.0,36.497632,127.257105,12,세종특별시
2026-06-18T10:15:09+09:00,GBIKE,501417,65.0,36.497652,127.25994,12,세종특별시
2026-06-18T10:15:09+09:00,GBIKE,131486,39.0,36.497653,127.258043,12,세종특별시
2026-06-18T10:15:09+09:00,GBIKE,501548,30.0,36.497656,127.310402,12,세종특별시
2026-06-18T10:15:09+09:00,GBIKE,501457,91.0,36.497657,127.256053,12,세종특별시
2026-06-18T10:15:09+09:00,GBIKE,130177,70.0,36.497737,127.259241,12,세종특별시
2026-06-18T10:15:09+09:00,GBIKE,130730,72.0,36.497744,127.322103,12,세종특별시
2026-06-18T10:15:09+09:00,GBIKE,130478,33.0,36.497748,127.315713,12,세종특별시
2026-06-18T10:15:09+09:00,GBIKE,501180,100.0,36.497783,127.322025,12,세종특별시
2026-06-18T10:15:09+09:00,GBIKE,131590,40.0,36.497802,127.243249,12,세종특별시
2026-06-18T10:15:09+09:00,GBIKE,130994,58.0,36.497811,127.32253,12,세종특별시
2026-06-18T10:15:09+09:00,GBIKE,501586,54.0,36.497815,127.249126,12,세종특별시
2026-06-18T10:15:09+09:00,GBIKE,130638,92.0,36.497838,127.259331,12,세종특별시
2026-06-18T10:15:09+09:00,GBIKE,131034,45.0,36.49784,127.259301,12,세종특별시
2026-06-18T10:15:09+09:00,GBIKE,130761,97.0,36.497885,127.267007,12,세종특별시
2026-06-18T10:15:09+09:00,GBIKE,130946,46.0,36.497945,127.240644,12,세종특별시
2026-06-18T10:15:09+09:00,GBIKE,131445,30.0,36.497968,127.24073,12,세종특별시
2026-06-18T10:15:09+09:00,GBIKE,131523,38.0,36.497982,127.240722,12,세종특별시
2026-06-18T10:15:09+09:00,GBIKE,131477,85.0,36.497985,127.255946,12,세종특별시
2026-06-18T10:15:09+09:00,GBIKE,130175,72.0,36.497988,127.330713,12,세종특별시
2026-06-18T10:15:09+09:00,GBIKE,131538,82.0,36.498004,127.312828,12,세종특별시
2026-06-18T10:15:09+09:00,GBIKE,131380,74.0,36.498069,127.235211,12,세종특별시
2026-06-18T10:15:09+09:00,GBIKE,130644,30.0,36.49808,127.258224,12,세종특별시
2026-06-18T10:15:09+09:00,GBIKE,501169,63.0,36.498086,127.281228,12,세종특별시
2026-06-18T10:15:09+09:00,GBIKE,501592,35.0,36.49812,127.247337,12,세종특별시
2026-06-18T10:15:09+09:00,GBIKE,501340,36.0,36.498127,127.255946,12,세종특별시
2026-06-18T10:15:09+09:00,GBIKE,130655,78.0,36.498136,127.258536,12,세종특별시
2026-06-18T10:15:09+09:00,GBIKE,131295,35.0,36.498166,127.245023,12,세종특별시
2026-06-18T10:15:09+09:00,GBIKE,131480,96.0,36.498206,127.26122,12,세종특별시
2026-06-18T10:15:09+09:00,GBIKE,130379,82.0,36.498265,127.233305,12,세종특별시
2026-06-18T10:15:09+09:00,GBIKE,501145,98.0,36.498307,127.257753,12,세종특별시
2026-06-18T10:15:09+09:00,GBIKE,130573,93.0,36.498317,127.261218,12,세종특별시
2026-06-18T10:15:09+09:00,GBIKE,130285,81.0,36.498343,127.241625,12,세종특별시
2026-06-18T10:15:09+09:00,GBIKE,131618,44.0,36.498416,127.255647,12,세종특별시
2026-06-18T10:15:09+09:00,GBIKE,131482,95.0,36.498419,127.255734,12,세종특별시
2026-06-18T10:15:09+09:00,GBIKE,501407,37.0,36.498426,127.265564,12,세종특별시
2026-06-18T10:15:09+09:00,GBIKE,130694,30.0,36.498473,127.308381,12,세종특별시
2026-06-18T10:15:09+09:00,GBIKE,501511,72.0,36.498496,127.255972,12,세종특별시
2026-06-18T10:15:09+09:00,GBIKE,131121,87.0,36.498503,127.26579,12,세종특별시
2026-06-18T10:15:09+09:00,GBIKE,501529,71.0,36.498522,127.242407,12,세종특별시
2026-06-18T10:15:09+09:00,GBIKE,501362,85.0,36.498535,127.313524,12,세종특별시
2026-06-18T10:15:09+09:00,GBIKE,130861,78.0,36.498541,127.256188,12,세종특별시
2026-06-18T10:15:09+09:00,GBIKE,131488,100.0,36.498541,127.256525,12,세종특별시
2026-06-18T10:15:09+09:00,GBIKE,130543,49.0,36.498542,127.265704,12,세종특별시
2026-06-18T10:15:09+09:00,GBIKE,131063,83.0,36.498564,127.255649,12,세종특별시
2026-06-18T10:15:09+09:00,GBIKE,130120,100.0,36.498577,127.256071,12,세종특별시
2026-06-18T10:15:09+09:00,GBIKE,130205,100.0,36.498592,127.256275,12,세종특별시
2026-06-18T10:15:09+09:00,GBIKE,130497,90.0,36.498622,127.244481,12,세종특별시
2026-06-18T10:15:09+09:00,GBIKE,131698,98.0,36.498635,127.258046,12,세종특별시
2026-06-18T10:15:09+09:00,GBIKE,130758,69.0,36.498637,127.257995,12,세종특별시
2026-06-18T10:15:09+09:00,GBIKE,131427,83.0,36.498638,127.257981,12,세종특별시
2026-06-18T10:15:09+09:00,GBIKE,501336,82.0,36.498692,127.258089,12,세종특별시
2026-06-18T10:15:09+09:00,GBIKE,130168,77.0,36.498707,127.256395,12,세종특별시
2026-06-18T10:15:09+09:00,GBIKE,130224,77.0,36.498709,127.258061,12,세종특별시
2026-06-18T10:15:09+09:00,GBIKE,130201,56.0,36.498739,127.258109,12,세종특별시
2026-06-18T10:15:09+09:00,GBIKE,131237,88.0,36.498746,127.258153,12,세종특별시
2026-06-18T10:15:09+09:00,GBIKE,501321,46.0,36.498787,127.256981,12,세종특별시
2026-06-18T10:15:09+09:00,GBIKE,131412,100.0,36.4988,127.232741,12,세종특별시
2026-06-18T10:15:09+09:00,GBIKE,336891,44.0,36.498906,127.249625,12,세종특별시
2026-06-18T10:15:09+09:00,GBIKE,131183,48.0,36.498907,127.249627,12,세종특별시
2026-06-18T10:15:09+09:00,GBIKE,131607,99.0,36.498909,127.256787,12,세종특별시
2026-06-18T10:15:09+09:00,GBIKE,131612,94.0,36.498947,127.256695,12,세종특별시
2026-06-18T10:15:09+09:00,GBIKE,130910,45.0,36.498953,127.256734,12,세종특별시
2026-06-18T10:15:09+09:00,GBIKE,130329,68.0,36.498975,127.25225,12,세종특별시
2026-06-18T10:15:09+09:00,GBIKE,131812,86.0,36.499019,127.264427,12,세종특별시
2026-06-18T10:15:09+09:00,GBIKE,501241,79.0,36.499023,127.253675,12,세종특별시
2026-06-18T10:15:09+09:00,GBIKE,501562,73.0,36.499079,127.252759,12,세종특별시
2026-06-18T10:15:09+09:00,GBIKE,130052,42.0,36.499096,127.331843,12,세종특별시
2026-06-18T10:15:09+09:00,GBIKE,131410,93.0,36.499117,127.240812,12,세종특별시
2026-06-18T10:15:09+09:00,GBIKE,616900,56.0,36.499152,127.307621,12,세종특별시
2026-06-18T10:15:09+09:00,GBIKE,501503,85.0,36.499179,127.27012,12,세종특별시
2026-06-18T10:15:09+09:00,GBIKE,130891,57.0,36.499201,127.255008,12,세종특별시
2026-06-18T10:15:09+09:00,GBIKE,501554,84.0,36.49926,127.307638,12,세종특별시
2026-06-18T10:15:09+09:00,GBIKE,130795,56.0,36.499266,127.259813,12,세종특별시
2026-06-18T10:15:09+09:00,GBIKE,130436,63.0,36.499297,127.307009,12,세종특별시
2026-06-18T10:15:09+09:00,GBIKE,131241,99.0,36.499327,127.259596,12,세종특별시
2026-06-18T10:15:09+09:00,GBIKE,131871,93.0,36.499337,127.233747,12,세종특별시
2026-06-18T10:15:09+09:00,GBIKE,130558,53.0,36.499351,127.232248,12,세종특별시
2026-06-18T10:15:09+09:00,GBIKE,131348,81.0,36.499355,127.259596,12,세종특별시
2026-06-18T10:15:09+09:00,GBIKE,131108,100.0,36.499429,127.236386,12,세종특별시
2026-06-18T10:15:09+09:00,GBIKE,501104,100.0,36.499432,127.232216,12,세종특별시
2026-06-18T10:15:09+09:00,GBIKE,130679,78.0,36.499452,127.259079,12,세종특별시
2026-06-18T10:15:09+09:00,GBIKE,131876,32.0,36.499479,127.236376,12,세종특별시
2026-06-18T10:15:09+09:00,GBIKE,501520,46.0,36.49948,127.264731,12,세종특별시
2026-06-18T10:15:09+09:00,GBIKE,131890,74.0,36.499487,127.259114,12,세종특별시
2026-06-18T10:15:09+09:00,GBIKE,130607,62.0,36.499491,127.259096,12,세종특별시
2026-06-18T10:15:09+09:00,GBIKE,131808,38.0,36.499493,127.269616,12,세종특별시
2026-06-18T10:15:09+09:00,GBIKE,130606,50.0,36.499524,127.240778,12,세종특별시
2026-06-18T10:15:09+09:00,GBIKE,131687,45.0,36.499526,127.23456,12,세종특별시
2026-06-18T10:15:09+09:00,GBIKE,130249,70.0,36.499527,127.25911,12,세종특별시
2026-06-18T10:15:09+09:00,GBIKE,131868,58.0,36.499541,127.259086,12,세종특별시
2026-06-18T10:15:09+09:00,GBIKE,131557,49.0,36.499545,127.240749,12,세종특별시
2026-06-18T10:15:09+09:00,GBIKE,374246,30.0,36.499555,127.240646,12,세종특별시
2026-06-18T10:15:09+09:00,GBIKE,131197,81.0,36.499608,127.266223,12,세종특별시
2026-06-18T10:15:09+09:00,GBIKE,130355,100.0,36.499623,127.235756,12,세종특별시
2026-06-18T10:15:09+09:00,GBIKE,131662,80.0,36.499687,127.244545,12,세종특별시
2026-06-18T10:15:09+09:00,GBIKE,131176,46.0,36.49969,127.269793,12,세종특별시
2026-06-18T10:15:09+09:00,GBIKE,130859,83.0,36.499713,127.255941,12,세종특별시
2026-06-18T10:15:09+09:00,GBIKE,131070,52.0,36.499736,127.243087,12,세종특별시
2026-06-18T10:15:09+09:00,GBIKE,131239,48.0,36.499771,127.262,12,세종특별시
2026-06-18T10:15:09+09:00,GBIKE,501306,66.0,36.499782,127.243008,12,세종특별시
2026-06-18T10:15:09+09:00,GBIKE,130101,75.0,36.499803,127.232089,12,세종특별시
2026-06-18T10:15:09+09:00,GBIKE,130236,94.0,36.49981,127.259302,12,세종특별시
2026-06-18T10:15:09+09:00,GBIKE,130125,84.0,36.499819,127.256019,12,세종특별시
2026-06-18T10:15:09+09:00,GBIKE,501260,42.0,36.49984,127.269758,12,세종특별시
2026-06-18T10:15:09+09:00,GBIKE,131400,84.0,36.499888,127.232374,12,세종특별시
2026-06-18T10:15:09+09:00,GBIKE,131755,36.0,36.499926,127.25646,12,세종특별시
2026-06-18T10:15:09+09:00,GBIKE,130270,43.0,36.499942,127.232128,12,세종특별시
2026-06-18T10:15:09+09:00,GBIKE,130559,44.0,36.499998,127.258873,12,세종특별시
2026-06-18T10:15:09+09:00,GBIKE,131645,72.0,36.500014,127.260238,12,세종특별시
2026-06-18T10:15:09+09:00,GBIKE,130284,83.0,36.500036,127.235756,12,세종특별시
2026-06-18T10:15:09+09:00,GBIKE,131024,95.0,36.500039,127.234741,12,세종특별시
2026-06-18T10:15:09+09:00,GBIKE,337807,51.0,36.500041,127.235431,12,세종특별시
2026-06-18T10:15:09+09:00,GBIKE,131129,53.0,36.500045,127.235587,12,세종특별시
2026-06-18T10:15:09+09:00,GBIKE,131932,64.0,36.500047,127.235634,12,세종특별시
2026-06-18T10:15:09+09:00,GBIKE,130012,58.0,36.500048,127.235866,12,세종특별시
2026-06-18T10:15:09+09:00,GBIKE,130964,63.0,36.500048,127.260269,12,세종특별시
2026-06-18T10:15:09+09:00,GBIKE,130816,94.0,36.500049,127.235558,12,세종특별시
2026-06-18T10:15:09+09:00,GBIKE,130903,92.0,36.500052,127.256384,12,세종특별시
2026-06-18T10:15:09+09:00,GBIKE,131146,81.0,36.500053,127.235602,12,세종특별시
2026-06-18T10:15:09+09:00,GBIKE,131974,68.0,36.500054,127.235624,12,세종특별시
2026-06-18T10:15:09+09:00,GBIKE,131434,45.0,36.500057,127.235654,12,세종특별시
2026-06-18T10:15:09+09:00,GBIKE,130552,59.0,36.500058,127.235592,12,세종특별시
2026-06-18T10:15:09+09:00,GBIKE,130145,94.0,36.50006,127.23561,12,세종특별시
2026-06-18T10:15:09+09:00,GBIKE,501475,43.0,36.500068,127.235543,12,세종특별시
2026-06-18T10:15:09+09:00,GBIKE,131905,38.0,36.50007,127.235494,12,세종특별시
2026-06-18T10:15:09+09:00,GBIKE,130159,71.0,36.500072,127.235653,12,세종특별시
2026-06-18T10:15:09+09:00,GBIKE,130812,56.0,36.500073,127.235606,12,세종특별시
2026-06-18T10:15:09+09:00,GBIKE,131603,93.0,36.500073,127.235654,12,세종특별시
2026-06-18T10:15:09+09:00,GBIKE,130528,76.0,36.500075,127.235546,12,세종특별시
2026-06-18T10:15:09+09:00,GBIKE,130393,59.0,36.500086,127.25705,12,세종특별시
2026-06-18T10:15:09+09:00,GBIKE,501368,31.0,36.500086,127.282331,12,세종특별시
2026-06-18T10:15:09+09:00,GBIKE,131219,94.0,36.500093,127.236007,12,세종특별시
2026-06-18T10:15:09+09:00,GBIKE,130712,100.0,36.500136,127.236051,12,세종특별시
2026-06-18T10:15:09+09:00,GBIKE,130959,71.0,36.500162,127.267728,12,세종특별시
2026-06-18T10:15:09+09:00,GBIKE,131772,94.0,36.500168,127.267741,12,세종특별시
2026-06-18T10:15:09+09:00,GBIKE,131519,72.0,36.500173,127.267693,12,세종특별시
2026-06-18T10:15:09+09:00,GBIKE,130796,91.0,36.500175,127.26772,12,세종특별시
2026-06-18T10:15:09+09:00,GBIKE,131642,51.0,36.500196,127.259894,12,세종특별시
2026-06-18T10:15:09+09:00,GBIKE,130269,69.0,36.500225,127.332011,12,세종특별시
2026-06-18T10:15:09+09:00,GBIKE,131840,44.0,36.500232,127.23599,12,세종특별시
2026-06-18T10:15:09+09:00,GBIKE,130192,40.0,36.500249,127.236004,12,세종특별시
2026-06-18T10:15:09+09:00,GBIKE,130223,56.0,36.500251,127.263832,12,세종특별시
2026-06-18T10:15:09+09:00,GBIKE,131711,62.0,36.500257,127.245075,12,세종특별시
2026-06-18T10:15:09+09:00,GBIKE,501149,60.0,36.50026,127.314084,12,세종특별시
2026-06-18T10:15:09+09:00,GBIKE,131334,95.0,36.500276,127.236053,12,세종특별시
2026-06-18T10:15:09+09:00,GBIKE,130563,39.0,36.500387,127.255866,12,세종특별시
2026-06-18T10:15:09+09:00,GBIKE,131993,70.0,36.500395,127.332414,12,세종특별시
2026-06-18T10:15:09+09:00,GBIKE,130129,33.0,36.5004,127.332333,12,세종특별시
2026-06-18T10:15:09+09:00,GBIKE,131926,70.0,36.500435,127.316711,12,세종특별시
2026-06-18T10:15:09+09:00,GBIKE,501578,65.0,36.500438,127.261636,12,세종특별시
2026-06-18T10:15:09+09:00,GBIKE,501421,63.0,36.500457,127.309793,12,세종특별시
2026-06-18T10:15:09+09:00,GBIKE,130538,74.0,36.500521,127.236029,12,세종특별시
2026-06-18T10:15:09+09:00,GBIKE,501397,97.0,36.500539,127.316221,12,세종특별시
2026-06-18T10:15:09+09:00,GBIKE,131111,84.0,36.500639,127.261264,12,세종특별시
2026-06-18T10:15:09+09:00,GBIKE,130267,38.0,36.500644,127.257958,12,세종특별시
2026-06-18T10:15:09+09:00,GBIKE,131780,62.0,36.500655,127.260774,12,세종특별시
2026-06-18T10:15:09+09:00,GBIKE,131669,64.0,36.500656,127.332107,12,세종특별시
2026-06-18T10:15:09+09:00,GBIKE,131158,95.0,36.500665,127.257801,12,세종특별시
2026-06-18T10:15:09+09:00,GBIKE,131298,100.0,36.500675,127.258451,12,세종특별시
2026-06-18T10:15:09+09:00,GBIKE,131534,71.0,36.500696,127.257932,12,세종특별시
2026-06-18T10:15:09+09:00,GBIKE,131492,39.0,36.5007,127.25922,12,세종특별시
2026-06-18T10:15:09+09:00,GBIKE,501428,63.0,36.500769,127.259813,12,세종특별시
2026-06-18T10:15:09+09:00,GBIKE,130759,97.0,36.500796,127.257979,12,세종특별시
2026-06-18T10:15:09+09:00,GBIKE,130689,100.0,36.500806,127.249532,12,세종특별시
2026-06-18T10:15:09+09:00,GBIKE,501501,38.0,36.500806,127.259791,12,세종특별시
2026-06-18T10:15:09+09:00,GBIKE,130042,30.0,36.500841,127.332116,12,세종특별시
2026-06-18T10:15:09+09:00,GBIKE,131960,59.0,36.500903,127.259374,12,세종특별시
2026-06-18T10:15:09+09:00,GBIKE,131056,61.0,36.500924,127.257885,12,세종특별시
2026-06-18T10:15:09+09:00,GBIKE,131046,99.0,36.500926,127.259415,12,세종특별시
2026-06-18T10:15:09+09:00,GBIKE,131533,80.0,36.500944,127.259408,12,세종특별시
2026-06-18T10:15:09+09:00,GBIKE,131032,96.0,36.50095,127.265891,12,세종특별시
2026-06-18T10:15:09+09:00,GBIKE,130210,85.0,36.500984,127.259385,12,세종특별시
2026-06-18T10:15:09+09:00,GBIKE,131776,80.0,36.50099,127.259849,12,세종특별시
2026-06-18T10:15:09+09:00,GBIKE,501212,30.0,36.500993,127.308386,12,세종특별시
2026-06-18T10:15:09+09:00,GBIKE,131873,54.0,36.501032,127.25941,12,세종특별시
2026-06-18T10:15:09+09:00,GBIKE,501523,68.0,36.501038,127.2594,12,세종특별시
2026-06-18T10:15:09+09:00,GBIKE,130479,98.0,36.501066,127.259525,12,세종특별시
2026-06-18T10:15:09+09:00,GBIKE,131906,85.0,36.501084,127.259622,12,세종특별시
2026-06-18T10:15:09+09:00,GBIKE,501188,93.0,36.501086,127.260019,12,세종특별시
2026-06-18T10:15:09+09:00,GBIKE,131930,65.0,36.501087,127.259434,12,세종특별시
2026-06-18T10:15:09+09:00,GBIKE,130720,68.0,36.501092,127.259482,12,세종특별시
2026-06-18T10:15:09+09:00,GBIKE,501465,77.0,36.501103,127.268822,12,세종특별시
2026-06-18T10:15:09+09:00,GBIKE,501202,31.0,36.501105,127.311117,12,세종특별시
2026-06-18T10:15:09+09:00,GBIKE,131179,100.0,36.501112,127.259425,12,세종특별시
2026-06-18T10:15:09+09:00,GBIKE,131364,52.0,36.501113,127.259439,12,세종특별시
2026-06-18T10:15:09+09:00,GBIKE,131269,98.0,36.501117,127.259459,12,세종특별시
2026-06-18T10:15:09+09:00,GBIKE,130079,95.0,36.501129,127.259414,12,세종특별시
2026-06-18T10:15:09+09:00,GBIKE,501291,58.0,36.501139,127.258301,12,세종특별시
2026-06-18T10:15:09+09:00,GBIKE,130986,100.0,36.50114,127.259502,12,세종특별시
2026-06-18T10:15:09+09:00,GBIKE,501198,54.0,36.501167,127.280306,12,세종특별시
2026-06-18T10:15:09+09:00,GBIKE,131641,90.0,36.50119,127.259354,12,세종특별시
2026-06-18T10:15:09+09:00,GBIKE,501358,92.0,36.501197,127.2406,12,세종특별시
2026-06-18T10:15:09+09:00,GBIKE,130971,39.0,36.501227,127.259376,12,세종특별시
2026-06-18T10:15:09+09:00,GBIKE,131970,84.0,36.501228,127.259471,12,세종특별시
2026-06-18T10:15:09+09:00,GBIKE,130629,60.0,36.501248,127.260115,12,세종특별시
2026-06-18T10:15:09+09:00,GBIKE,130752,31.0,36.50125,127.31237,12,세종특별시
2026-06-18T10:15:09+09:00,GBIKE,131168,77.0,36.501259,127.31381,12,세종특별시
2026-06-18T10:15:09+09:00,GBIKE,130437,34.0,36.501274,127.313816,12,세종특별시
2026-06-18T10:15:09+09:00,GBIKE,130899,86.0,36.501274,127.256963,12,세종특별시
2026-06-18T10:15:09+09:00,GBIKE,501576,100.0,36.501302,127.313796,12,세종특별시
2026-06-18T10:15:09+09:00,GBIKE,131447,96.0,36.501378,127.243946,12,세종특별시
2026-06-18T10:15:09+09:00,GBIKE,130498,93.0,36.501391,127.268884,12,세종특별시
2026-06-18T10:15:09+09:00,GBIKE,131526,75.0,36.50141,127.268916,12,세종특별시
2026-06-18T10:15:09+09:00,GBIKE,131387,53.0,36.501436,127.264018,12,세종특별시
2026-06-18T10:15:09+09:00,GBIKE,131009,36.0,36.501448,127.246,12,세종특별시
2026-06-18T10:15:09+09:00,GBIKE,130492,76.0,36.501449,127.259597,12,세종특별시
2026-06-18T10:15:09+09:00,GBIKE,131819,55.0,36.501484,127.24401,12,세종특별시
2026-06-18T10:15:09+09:00,GBIKE,131243,99.0,36.501485,127.264015,12,세종특별시
2026-06-18T10:15:09+09:00,GBIKE,131630,96.0,36.501488,127.243963,12,세종특별시
2026-06-18T10:15:09+09:00,GBIKE,131939,61.0,36.501505,127.263868,12,세종특별시
2026-06-18T10:15:09+09:00,GBIKE,131234,98.0,36.501511,127.262994,12,세종특별시
2026-06-18T10:15:09+09:00,GBIKE,130150,86.0,36.501536,127.263093,12,세종특별시
2026-06-18T10:15:09+09:00,GBIKE,501352,81.0,36.501539,127.24959,12,세종특별시
2026-06-18T10:15:09+09:00,GBIKE,131107,95.0,36.501545,127.25978,12,세종특별시
2026-06-18T10:15:09+09:00,GBIKE,501467,85.0,36.501547,127.260085,12,세종특별시
2026-06-18T10:15:09+09:00,GBIKE,130713,62.0,36.501556,127.259714,12,세종특별시
2026-06-18T10:15:09+09:00,GBIKE,131832,100.0,36.501569,127.329199,12,세종특별시
2026-06-18T10:15:09+09:00,GBIKE,130427,90.0,36.501574,127.259699,12,세종특별시
2026-06-18T10:15:09+09:00,GBIKE,130409,91.0,36.501583,127.259708,12,세종특별시
2026-06-18T10:15:09+09:00,GBIKE,130590,75.0,36.501583,127.256756,12,세종특별시
2026-06-18T10:15:09+09:00,GBIKE,130825,56.0,36.501599,127.259716,12,세종특별시
2026-06-18T10:15:09+09:00,GBIKE,130440,100.0,36.501606,127.259761,12,세종특별시
2026-06-18T10:15:09+09:00,GBIKE,131431,77.0,36.501612,127.259673,12,세종특별시
2026-06-18T10:15:09+09:00,GBIKE,131360,79.0,36.501622,127.25891,12,세종특별시
2026-06-18T10:15:09+09:00,GBIKE,130983,99.0,36.501623,127.259713,12,세종특별시
2026-06-18T10:15:09+09:00,GBIKE,131512,46.0,36.501628,127.259741,12,세종특별시
2026-06-18T10:15:09+09:00,GBIKE,130827,89.0,36.501629,127.25974,12,세종특별시
2026-06-18T10:15:09+09:00,GBIKE,131366,65.0,36.501637,127.253711,12,세종특별시
2026-06-18T10:15:09+09:00,GBIKE,131663,95.0,36.501667,127.259733,12,세종특별시
2026-06-18T10:15:09+09:00,GBIKE,131148,73.0,36.50168,127.259787,12,세종특별시
2026-06-18T10:15:09+09:00,GBIKE,131169,55.0,36.501695,127.236095,12,세종특별시
2026-06-18T10:15:09+09:00,GBIKE,131884,95.0,36.501699,127.259046,12,세종특별시
2026-06-18T10:15:09+09:00,GBIKE,131417,30.0,36.501711,127.236093,12,세종특별시
2026-06-18T10:15:09+09:00,GBIKE,131807,52.0,36.501719,127.236067,12,세종특별시
2026-06-18T10:15:09+09:00,GBIKE,131577,96.0,36.501723,127.264248,12,세종특별시
2026-06-18T10:15:09+09:00,GBIKE,131570,52.0,36.501727,127.243043,12,세종특별시
2026-06-18T10:15:09+09:00,GBIKE,131199,95.0,36.501731,127.258939,12,세종특별시
2026-06-18T10:15:09+09:00,GBIKE,501480,95.0,36.501738,127.258637,12,세종특별시
2026-06-18T10:15:09+09:00,GBIKE,131748,95.0,36.50174,127.23636,12,세종특별시
2026-06-18T10:15:09+09:00,GBIKE,501290,100.0,36.501743,127.265852,12,세종특별시
2026-06-18T10:15:09+09:00,GBIKE,501545,90.0,36.501751,127.244731,12,세종특별시
2026-06-18T10:15:09+09:00,GBIKE,131794,31.0,36.501755,127.326225,12,세종특별시
2026-06-18T10:15:09+09:00,GBIKE,131857,59.0,36.501792,127.236264,12,세종특별시
2026-06-18T10:15:09+09:00,GBIKE,130341,92.0,36.501825,127.242637,12,세종특별시
2026-06-18T10:15:09+09:00,GBIKE,131518,47.0,36.501831,127.262609,12,세종특별시
2026-06-18T10:15:09+09:00,GBIKE,131315,32.0,36.501852,127.32515,12,세종특별시
2026-06-18T10:15:09+09:00,GBIKE,130261,100.0,36.501867,127.259783,12,세종특별시
2026-06-18T10:15:09+09:00,GBIKE,130614,62.0,36.501872,127.258537,12,세종특별시
2026-06-18T10:15:09+09:00,GBIKE,131439,39.0,36.5019,127.265951,12,세종특별시
2026-06-18T10:15:09+09:00,GBIKE,130108,79.0,36.501936,127.241548,12,세종특별시
2026-06-18T10:15:09+09:00,GBIKE,501363,70.0,36.501939,127.262458,12,세종특별시
2026-06-18T10:15:09+09:00,GBIKE,131473,95.0,36.50195,127.265944,12,세종특별시
2026-06-18T10:15:09+09:00,GBIKE,501579,77.0,36.501957,127.244659,12,세종특별시
2026-06-18T10:15:09+09:00,GBIKE,130725,69.0,36.501961,127.234312,12,세종특별시
2026-06-18T10:15:09+09:00,GBIKE,131951,51.0,36.501975,127.265961,12,세종특별시
2026-06-18T10:15:09+09:00,GBIKE,130524,88.0,36.501976,127.265935,12,세종특별시
2026-06-18T10:15:09+09:00,GBIKE,130092,67.0,36.501985,127.234273,12,세종특별시
2026-06-18T10:15:09+09:00,GBIKE,501163,97.0,36.501994,127.262296,12,세종특별시
2026-06-18T10:15:09+09:00,GBIKE,501436,47.0,36.502002,127.26229,12,세종특별시
2026-06-18T10:15:09+09:00,GBIKE,501522,100.0,36.502013,127.262309,12,세종특별시
2026-06-18T10:15:09+09:00,GBIKE,131629,94.0,36.502016,127.264913,12,세종특별시
2026-06-18T10:15:09+09:00,GBIKE,501297,55.0,36.50205,127.241319,12,세종특별시
2026-06-18T10:15:09+09:00,GBIKE,131691,41.0,36.502078,127.23429,12,세종특별시
2026-06-18T10:15:09+09:00,GBIKE,130701,36.0,36.502183,127.247188,12,세종특별시
2026-06-18T10:15:09+09:00,GBIKE,130973,76.0,36.502188,127.260553,12,세종특별시
2026-06-18T10:15:09+09:00,GBIKE,131342,51.0,36.502205,127.260545,12,세종특별시
2026-06-18T10:15:09+09:00,GBIKE,131304,58.0,36.502206,127.248967,12,세종특별시
2026-06-18T10:15:09+09:00,GBIKE,130941,48.0,36.502207,127.260556,12,세종특별시
2026-06-18T10:15:09+09:00,GBIKE,629253,45.0,36.502214,127.248912,12,세종특별시
2026-06-18T10:15:09+09:00,GBIKE,130539,98.0,36.50222,127.250681,12,세종특별시
2026-06-18T10:15:09+09:00,GBIKE,501479,67.0,36.502238,127.26112,12,세종특별시
2026-06-18T10:15:09+09:00,GBIKE,130631,84.0,36.502266,127.249038,12,세종특별시
2026-06-18T10:15:09+09:00,GBIKE,501229,100.0,36.502272,127.261413,12,세종특별시
2026-06-18T10:15:09+09:00,GBIKE,131091,87.0,36.502283,127.249029,12,세종특별시
2026-06-18T10:15:09+09:00,GBIKE,131953,72.0,36.502284,127.260626,12,세종특별시
2026-06-18T10:15:09+09:00,GBIKE,130029,47.0,36.502288,127.257576,12,세종특별시
2026-06-18T10:15:09+09:00,GBIKE,130186,43.0,36.502289,127.248907,12,세종특별시
2026-06-18T10:15:09+09:00,GBIKE,130956,97.0,36.502296,127.249016,12,세종특별시
2026-06-18T10:15:09+09:00,GBIKE,130219,47.0,36.502323,127.248934,12,세종특별시
2026-06-18T10:15:09+09:00,GBIKE,131302,100.0,36.502353,127.257691,12,세종특별시
2026-06-18T10:15:09+09:00,GBIKE,131833,56.0,36.50242,127.242822,12,세종특별시
2026-06-18T10:15:09+09:00,GBIKE,131230,33.0,36.502439,127.260023,12,세종특별시
2026-06-18T10:15:09+09:00,GBIKE,130019,86.0,36.502443,127.259947,12,세종특별시
2026-06-18T10:15:09+09:00,GBIKE,130537,85.0,36.502444,127.260072,12,세종특별시
2026-06-18T10:15:09+09:00,GBIKE,130714,95.0,36.502513,127.266202,12,세종특별시
2026-06-18T10:15:09+09:00,GBIKE,130527,54.0,36.50256,127.238304,12,세종특별시
2026-06-18T10:15:09+09:00,GBIKE,130831,65.0,36.502719,127.263652,12,세종특별시
2026-06-18T10:15:09+09:00,GBIKE,130059,74.0,36.502732,127.23296,12,세종특별시
2026-06-18T10:15:09+09:00,GBIKE,130342,35.0,36.502732,127.260161,12,세종특별시
2026-06-18T10:15:09+09:00,GBIKE,131389,100.0,36.502732,127.263622,12,세종특별시
2026-06-18T10:15:09+09:00,GBIKE,131505,84.0,36.502745,127.263641,12,세종특별시
2026-06-18T10:15:09+09:00,GBIKE,130954,39.0,36.502779,127.263626,12,세종특별시
2026-06-18T10:15:09+09:00,GBIKE,501278,38.0,36.50278,127.263567,12,세종특별시
2026-06-18T10:15:09+09:00,GBIKE,131079,50.0,36.5028,127.26018,12,세종특별시
2026-06-18T10:15:09+09:00,GBIKE,131152,57.0,36.502824,127.232803,12,세종특별시
2026-06-18T10:15:09+09:00,GBIKE,131343,76.0,36.50283,127.260297,12,세종특별시
2026-06-18T10:15:09+09:00,GBIKE,130700,67.0,36.50284,127.260104,12,세종특별시
2026-06-18T10:15:09+09:00,GBIKE,130814,71.0,36.502943,127.240738,12,세종특별시
2026-06-18T10:15:09+09:00,GBIKE,131155,87.0,36.502949,127.24859,12,세종특별시
2026-06-18T10:15:09+09:00,GBIKE,501127,100.0,36.50295,127.236932,12,세종특별시
2026-06-18T10:15:09+09:00,GBIKE,130184,75.0,36.50297,127.257072,12,세종특별시
2026-06-18T10:15:09+09:00,GBIKE,130824,98.0,36.502991,127.260919,12,세종특별시
2026-06-18T10:15:09+09:00,GBIKE,131875,69.0,36.50302,127.334506,12,세종특별시
2026-06-18T10:15:09+09:00,GBIKE,130043,72.0,36.503022,127.334379,12,세종특별시
2026-06-18T10:15:09+09:00,GBIKE,501507,54.0,36.503025,127.23259,12,세종특별시
2026-06-18T10:15:09+09:00,GBIKE,131267,30.0,36.503027,127.334479,12,세종특별시
2026-06-18T10:15:09+09:00,GBIKE,130368,30.0,36.503035,127.334521,12,세종특별시
2026-06-18T10:15:09+09:00,GBIKE,131359,35.0,36.503102,127.253715,12,세종특별시
2026-06-18T10:15:09+09:00,GBIKE,130951,34.0,36.503138,127.237109,12,세종특별시
2026-06-18T10:15:09+09:00,GBIKE,131065,49.0,36.503146,127.266336,12,세종특별시
2026-06-18T10:15:09+09:00,GBIKE,131418,34.0,36.503193,127.246316,12,세종특별시
2026-06-18T10:15:09+09:00,GBIKE,131029,98.0,36.503214,127.249698,12,세종특별시
2026-06-18T10:15:09+09:00,GBIKE,501456,67.0,36.503241,127.335076,12,세종특별시
2026-06-18T10:15:09+09:00,GBIKE,130489,100.0,36.503242,127.335069,12,세종특별시
2026-06-18T10:15:09+09:00,GBIKE,131175,79.0,36.503248,127.249622,12,세종특별시
2026-06-18T10:15:09+09:00,GBIKE,131935,88.0,36.503248,127.246383,12,세종특별시
2026-06-18T10:15:09+09:00,GBIKE,130626,100.0,36.503251,127.258195,12,세종특별시
2026-06-18T10:15:09+09:00,GBIKE,130119,95.0,36.503262,127.334646,12,세종특별시
2026-06-18T10:15:09+09:00,GBIKE,501567,93.0,36.503266,127.253275,12,세종특별시
2026-06-18T10:15:09+09:00,GBIKE,130929,96.0,36.50328,127.249592,12,세종특별시
2026-06-18T10:15:09+09:00,GBIKE,130306,87.0,36.503327,127.240977,12,세종특별시
2026-06-18T10:15:09+09:00,GBIKE,130501,52.0,36.50338,127.241015,12,세종특별시
2026-06-18T10:15:09+09:00,GBIKE,131867,78.0,36.503385,127.241005,12,세종특별시
2026-06-18T10:15:09+09:00,GBIKE,131882,95.0,36.503388,127.240996,12,세종특별시
2026-06-18T10:15:09+09:00,GBIKE,131154,37.0,36.503414,127.265669,12,세종특별시
2026-06-18T10:15:09+09:00,GBIKE,131187,32.0,36.503424,127.242749,12,세종특별시
2026-06-18T10:15:09+09:00,GBIKE,131353,100.0,36.503496,127.334435,12,세종특별시
2026-06-18T10:15:09+09:00,GBIKE,501192,70.0,36.503504,127.240959,12,세종특별시
2026-06-18T10:15:09+09:00,GBIKE,130881,95.0,36.503524,127.267729,12,세종특별시
2026-06-18T10:15:09+09:00,GBIKE,131679,74.0,36.503531,127.250098,12,세종특별시
2026-06-18T10:15:09+09:00,GBIKE,130993,93.0,36.503535,127.33447,12,세종특별시
2026-06-18T10:15:09+09:00,GBIKE,131119,95.0,36.503561,127.334352,12,세종특별시
2026-06-18T10:15:09+09:00,GBIKE,130820,87.0,36.503566,127.24998,12,세종특별시
2026-06-18T10:15:09+09:00,GBIKE,131140,46.0,36.503573,127.244912,12,세종특별시
2026-06-18T10:15:09+09:00,GBIKE,131887,95.0,36.503577,127.235883,12,세종특별시
2026-06-18T10:15:09+09:00,GBIKE,131530,84.0,36.503584,127.237395,12,세종특별시
2026-06-18T10:15:09+09:00,GBIKE,130685,95.0,36.503585,127.269645,12,세종특별시
2026-06-18T10:15:09+09:00,GBIKE,130566,84.0,36.503622,127.241334,12,세종특별시
2026-06-18T10:15:09+09:00,GBIKE,130356,54.0,36.503628,127.237335,12,세종특별시
2026-06-18T10:15:09+09:00,GBIKE,130721,39.0,36.50364,127.236304,12,세종특별시
2026-06-18T10:15:09+09:00,GBIKE,131490,97.0,36.50365,127.266968,12,세종특별시
2026-06-18T10:15:09+09:00,GBIKE,131575,56.0,36.503653,127.245292,12,세종특별시
2026-06-18T10:15:09+09:00,GBIKE,131117,77.0,36.503661,127.23623,12,세종특별시
2026-06-18T10:15:09+09:00,GBIKE,130071,96.0,36.503698,127.237566,12,세종특별시
2026-06-18T10:15:09+09:00,GBIKE,130756,56.0,36.503707,127.240888,12,세종특별시
2026-06-18T10:15:09+09:00,GBIKE,130625,57.0,36.503708,127.265529,12,세종특별시
2026-06-18T10:15:09+09:00,GBIKE,130055,57.0,36.503712,127.265492,12,세종특별시
2026-06-18T10:15:09+09:00,GBIKE,130240,47.0,36.503714,127.237601,12,세종특별시
2026-06-18T10:15:09+09:00,GBIKE,130523,67.0,36.503719,127.267003,12,세종특별시
2026-06-18T10:15:09+09:00,GBIKE,130961,63.0,36.503756,127.237585,12,세종특별시
2026-06-18T10:15:09+09:00,GBIKE,130883,67.0,36.503773,127.261246,12,세종특별시
2026-06-18T10:15:09+09:00,GBIKE,130038,40.0,36.503788,127.265518,12,세종특별시
2026-06-18T10:15:09+09:00,GBIKE,131703,81.0,36.503797,127.261272,12,세종특별시
2026-06-18T10:15:09+09:00,GBIKE,130633,62.0,36.503798,127.261231,12,세종특별시
2026-06-18T10:15:09+09:00,GBIKE,501201,95.0,36.503829,127.261243,12,세종특별시
2026-06-18T10:15:09+09:00,GBIKE,130551,89.0,36.503847,127.246392,12,세종특별시
2026-06-18T10:15:09+09:00,GBIKE,130723,98.0,36.503872,127.271605,12,세종특별시
2026-06-18T10:15:09+09:00,GBIKE,501423,55.0,36.503911,127.261249,12,세종특별시
2026-06-18T10:15:09+09:00,GBIKE,130275,66.0,36.50392,127.261349,12,세종특별시
2026-06-18T10:15:09+09:00,GBIKE,130147,91.0,36.503924,127.261209,12,세종특별시
2026-06-18T10:15:09+09:00,GBIKE,130034,47.0,36.503941,127.266819,12,세종특별시
2026-06-18T10:15:09+09:00,GBIKE,130327,85.0,36.503944,127.237685,12,세종특별시
2026-06-18T10:15:09+09:00,GBIKE,501338,55.0,36.503946,127.271726,12,세종특별시
2026-06-18T10:15:09+09:00,GBIKE,131787,87.0,36.503967,127.261199,12,세종특별시
2026-06-18T10:15:09+09:00,GBIKE,130574,56.0,36.503968,127.257031,12,세종특별시
2026-06-18T10:15:09+09:00,GBIKE,131252,83.0,36.503969,127.261259,12,세종특별시
2026-06-18T10:15:09+09:00,GBIKE,131844,37.0,36.50397,127.263948,12,세종특별시
2026-06-18T10:15:09+09:00,GBIKE,131673,87.0,36.503983,127.271587,12,세종특별시
2026-06-18T10:15:09+09:00,GBIKE,131891,97.0,36.503986,127.263818,12,세종특별시
2026-06-18T10:15:09+09:00,GBIKE,131368,64.0,36.503987,127.237708,12,세종특별시
2026-06-18T10:15:09+09:00,GBIKE,131310,69.0,36.504026,127.271552,12,세종특별시
2026-06-18T10:15:09+09:00,GBIKE,131331,91.0,36.504031,127.244817,12,세종특별시
2026-06-18T10:15:09+09:00,GBIKE,131760,75.0,36.504063,127.26418,12,세종특별시
2026-06-18T10:15:09+09:00,GBIKE,130144,81.0,36.504105,127.235296,12,세종특별시
2026-06-18T10:15:09+09:00,GBIKE,130928,98.0,36.504105,127.244637,12,세종특별시
2026-06-18T10:15:09+09:00,GBIKE,342605,33.0,36.504121,127.235255,12,세종특별시
2026-06-18T10:15:09+09:00,GBIKE,130283,78.0,36.504128,127.245229,12,세종특별시
2026-06-18T10:15:09+09:00,GBIKE,131925,66.0,36.504148,127.244559,12,세종특별시
2026-06-18T10:15:09+09:00,GBIKE,131174,30.0,36.504158,127.252541,12,세종특별시
2026-06-18T10:15:09+09:00,GBIKE,131952,86.0,36.504186,127.270935,12,세종특별시
2026-06-18T10:15:09+09:00,GBIKE,130485,66.0,36.504188,127.24698,12,세종특별시
2026-06-18T10:15:09+09:00,GBIKE,131441,73.0,36.504198,127.270914,12,세종특별시
2026-06-18T10:15:09+09:00,GBIKE,130858,62.0,36.504202,127.245232,12,세종특별시
2026-06-18T10:15:09+09:00,GBIKE,131407,61.0,36.504233,127.26429,12,세종특별시
2026-06-18T10:15:09+09:00,GBIKE,130769,94.0,36.504264,127.234834,12,세종특별시
2026-06-18T10:15:09+09:00,GBIKE,130417,95.0,36.504271,127.244596,12,세종특별시
2026-06-18T10:15:09+09:00,GBIKE,130557,40.0,36.504271,127.244971,12,세종특별시
2026-06-18T10:15:09+09:00,GBIKE,130083,41.0,36.50431,127.261004,12,세종특별시
2026-06-18T10:15:09+09:00,GBIKE,130562,95.0,36.504324,127.235356,12,세종특별시
2026-06-18T10:15:09+09:00,GBIKE,130099,95.0,36.504325,127.262721,12,세종특별시
2026-06-18T10:15:09+09:00,GBIKE,131377,96.0,36.504365,127.270406,12,세종특별시
2026-06-18T10:15:09+09:00,GBIKE,131452,44.0,36.504368,127.270371,12,세종특별시
2026-06-18T10:15:09+09:00,GBIKE,131567,88.0,36.504389,127.261609,12,세종특별시
2026-06-18T10:15:09+09:00,GBIKE,130113,74.0,36.504392,127.261599,12,세종특별시
2026-06-18T10:15:09+09:00,GBIKE,131724,57.0,36.504425,127.261091,12,세종특별시
2026-06-18T10:15:09+09:00,GBIKE,501515,63.0,36.504432,127.261086,12,세종특별시
2026-06-18T10:15:09+09:00,GBIKE,130624,73.0,36.504444,127.241553,12,세종특별시
2026-06-18T10:15:09+09:00,GBIKE,131539,95.0,36.50447,127.24155,12,세종특별시
2026-06-18T10:15:09+09:00,GBIKE,130839,60.0,36.504598,127.238136,12,세종특별시
2026-06-18T10:15:09+09:00,GBIKE,130359,67.0,36.504672,127.238124,12,세종특별시
2026-06-18T10:15:09+09:00,GBIKE,130384,80.0,36.504674,127.271248,12,세종특별시
2026-06-18T10:15:09+09:00,GBIKE,131709,66.0,36.504708,127.234683,12,세종특별시
2026-06-18T10:15:09+09:00,GBIKE,501433,60.0,36.50472,127.234666,12,세종특별시
2026-06-18T10:15:09+09:00,GBIKE,131816,39.0,36.504721,127.234258,12,세종특별시
2026-06-18T10:15:09+09:00,GBIKE,131849,47.0,36.504742,127.238128,12,세종특별시
2026-06-18T10:15:09+09:00,GBIKE,131006,71.0,36.504747,127.234117,12,세종특별시
2026-06-18T10:15:09+09:00,GBIKE,131236,30.0,36.504773,127.274548,12,세종특별시
2026-06-18T10:15:09+09:00,GBIKE,501122,82.0,36.504777,127.234687,12,세종특별시
2026-06-18T10:15:09+09:00,GBIKE,131072,45.0,36.504787,127.261695,12,세종특별시
2026-06-18T10:15:09+09:00,GBIKE,130581,47.0,36.504794,127.274494,12,세종특별시
2026-06-18T10:15:09+09:00,GBIKE,131338,81.0,36.5048,127.234108,12,세종특별시
2026-06-18T10:15:09+09:00,GBIKE,130256,70.0,36.504816,127.261666,12,세종특별시
2026-06-18T10:15:09+09:00,GBIKE,130448,71.0,36.504818,127.261231,12,세종특별시
2026-06-18T10:15:09+09:00,GBIKE,131012,69.0,36.504824,127.234672,12,세종특별시
2026-06-18T10:15:09+09:00,GBIKE,130788,30.0,36.504839,127.261815,12,세종특별시
2026-06-18T10:15:09+09:00,GBIKE,131476,38.0,36.504843,127.261294,12,세종특별시
2026-06-18T10:15:09+09:00,GBIKE,131285,68.0,36.504844,127.236269,12,세종특별시
2026-06-18T10:15:09+09:00,GBIKE,130301,48.0,36.504848,127.270951,12,세종특별시
2026-06-18T10:15:09+09:00,GBIKE,131835,78.0,36.504892,127.269542,12,세종특별시
2026-06-18T10:15:09+09:00,GBIKE,131370,93.0,36.504933,127.243833,12,세종특별시
2026-06-18T10:15:09+09:00,GBIKE,130608,67.0,36.504958,127.261699,12,세종특별시
2026-06-18T10:15:09+09:00,GBIKE,501193,36.0,36.504972,127.234803,12,세종특별시
2026-06-18T10:15:09+09:00,GBIKE,501535,55.0,36.505012,127.248211,12,세종특별시
2026-06-18T10:15:09+09:00,GBIKE,130747,72.0,36.505022,127.238469,12,세종특별시
2026-06-18T10:15:09+09:00,GBIKE,130404,62.0,36.505033,127.233809,12,세종특별시
2026-06-18T10:15:09+09:00,GBIKE,131345,82.0,36.505033,127.234239,12,세종특별시
2026-06-18T10:15:09+09:00,GBIKE,130632,81.0,36.50508,127.234054,12,세종특별시
2026-06-18T10:15:09+09:00,GBIKE,130454,71.0,36.50509,127.261349,12,세종특별시
2026-06-18T10:15:09+09:00,GBIKE,130476,62.0,36.505129,127.272517,12,세종특별시
2026-06-18T10:15:09+09:00,GBIKE,501221,62.0,36.505138,127.26007,12,세종특별시
2026-06-18T10:15:09+09:00,GBIKE,130412,65.0,36.505148,127.260129,12,세종특별시
2026-06-18T10:15:09+09:00,GBIKE,131866,87.0,36.50515,127.275655,12,세종특별시
2026-06-18T10:15:09+09:00,GBIKE,131848,62.0,36.50517,127.236142,12,세종특별시
2026-06-18T10:15:09+09:00,GBIKE,131843,30.0,36.505172,127.249574,12,세종특별시
2026-06-18T10:15:09+09:00,GBIKE,501401,59.0,36.505183,127.247352,12,세종특별시
2026-06-18T10:15:09+09:00,GBIKE,130979,39.0,36.505186,127.232878,12,세종특별시
2026-06-18T10:15:09+09:00,GBIKE,131500,92.0,36.505195,127.236085,12,세종특별시
2026-06-18T10:15:09+09:00,GBIKE,131621,38.0,36.505202,127.236139,12,세종특별시
2026-06-18T10:15:09+09:00,GBIKE,501288,69.0,36.505216,127.258715,12,세종특별시
2026-06-18T10:15:09+09:00,GBIKE,130578,78.0,36.50522,127.232851,12,세종특별시
2026-06-18T10:15:09+09:00,GBIKE,130611,100.0,36.505223,127.245801,12,세종특별시
2026-06-18T10:15:09+09:00,GBIKE,130525,31.0,36.505226,127.233846,12,세종특별시
2026-06-18T10:15:09+09:00,GBIKE,130353,95.0,36.505242,127.232894,12,세종특별시
2026-06-18T10:15:09+09:00,GBIKE,131825,82.0,36.505248,127.236148,12,세종특별시
2026-06-18T10:15:09+09:00,GBIKE,130651,77.0,36.505273,127.247257,12,세종특별시
2026-06-18T10:15:09+09:00,GBIKE,131624,100.0,36.505286,127.261439,12,세종특별시
2026-06-18T10:15:09+09:00,GBIKE,130914,75.0,36.505287,127.261861,12,세종특별시
2026-06-18T10:15:09+09:00,GBIKE,131300,44.0,36.505299,127.258483,12,세종특별시
2026-06-18T10:15:09+09:00,GBIKE,130222,100.0,36.505301,127.261453,12,세종특별시
2026-06-18T10:15:09+09:00,GBIKE,131060,41.0,36.505326,127.242891,12,세종특별시
2026-06-18T10:15:09+09:00,GBIKE,131636,100.0,36.50534,127.261467,12,세종특별시
2026-06-18T10:15:09+09:00,GBIKE,130036,96.0,36.505344,127.266688,12,세종특별시
2026-06-18T10:15:09+09:00,GBIKE,130180,63.0,36.505345,127.235175,12,세종특별시
2026-06-18T10:15:09+09:00,GBIKE,131461,95.0,36.505376,127.2333,12,세종특별시
2026-06-18T10:15:09+09:00,GBIKE,131766,57.0,36.505376,127.26485,12,세종특별시
2026-06-18T10:15:09+09:00,GBIKE,501584,85.0,36.505397,127.264846,12,세종특별시
2026-06-18T10:15:09+09:00,GBIKE,130128,98.0,36.505404,127.266472,12,세종특별시
2026-06-18T10:15:09+09:00,GBIKE,131775,63.0,36.505406,127.234117,12,세종특별시
2026-06-18T10:15:09+09:00,GBIKE,130587,66.0,36.505414,127.235193,12,세종특별시
2026-06-18T10:15:09+09:00,GBIKE,131818,60.0,36.505421,127.235164,12,세종특별시
2026-06-18T10:15:09+09:00,GBIKE,131259,51.0,36.505422,127.233196,12,세종특별시
2026-06-18T10:15:09+09:00,GBIKE,130484,68.0,36.505448,127.2353,12,세종특별시
2026-06-18T10:15:09+09:00,GBIKE,130757,43.0,36.50547,127.261889,12,세종특별시
2026-06-18T10:15:09+09:00,GBIKE,501500,73.0,36.505483,127.269406,12,세종특별시
2026-06-18T10:15:09+09:00,GBIKE,131904,57.0,36.505503,127.235132,12,세종특별시
2026-06-18T10:15:09+09:00,GBIKE,131028,55.0,36.505523,127.23559,12,세종특별시
2026-06-18T10:15:09+09:00,GBIKE,131764,96.0,36.505545,127.235674,12,세종특별시
2026-06-18T10:15:09+09:00,GBIKE,131972,94.0,36.505556,127.249946,12,세종특별시
2026-06-18T10:15:09+09:00,GBIKE,130218,50.0,36.505637,127.234798,12,세종특별시
2026-06-18T10:15:09+09:00,GBIKE,130834,39.0,36.505653,127.233298,12,세종특별시
2026-06-18T10:15:09+09:00,GBIKE,130187,94.0,36.505684,127.265108,12,세종특별시
2026-06-18T10:15:09+09:00,GBIKE,131520,44.0,36.505687,127.269997,12,세종특별시
2026-06-18T10:15:09+09:00,GBIKE,130579,77.0,36.505742,127.235163,12,세종특별시
2026-06-18T10:15:09+09:00,GBIKE,131632,95.0,36.505765,127.248655,12,세종특별시
2026-06-18T10:15:09+09:00,GBIKE,131109,56.0,36.505795,127.233042,12,세종특별시
2026-06-18T10:15:09+09:00,GBIKE,130595,65.0,36.505838,127.235175,12,세종특별시
2026-06-18T10:15:09+09:00,GBIKE,131042,83.0,36.505842,127.233697,12,세종특별시
2026-06-18T10:15:09+09:00,GBIKE,131136,80.0,36.505845,127.234608,12,세종특별시
2026-06-18T10:15:09+09:00,GBIKE,130784,30.0,36.505865,127.233683,12,세종특별시
2026-06-18T10:15:09+09:00,GBIKE,131783,76.0,36.505874,127.235077,12,세종특별시
2026-06-18T10:15:09+09:00,GBIKE,131483,99.0,36.50589,127.265227,12,세종특별시
2026-06-18T10:15:09+09:00,GBIKE,130031,85.0,36.505902,127.245254,12,세종특별시
2026-06-18T10:15:09+09:00,GBIKE,130132,47.0,36.50592,127.235062,12,세종특별시
2026-06-18T10:15:09+09:00,GBIKE,131499,31.0,36.50592,127.27296,12,세종특별시
2026-06-18T10:15:09+09:00,GBIKE,131969,100.0,36.505987,127.272898,12,세종특별시
2026-06-18T10:15:09+09:00,GBIKE,130130,55.0,36.505992,127.234392,12,세종특별시
2026-06-18T10:15:09+09:00,GBIKE,130274,38.0,36.506031,127.267953,12,세종특별시
2026-06-18T10:15:09+09:00,GBIKE,131250,83.0,36.506047,127.232387,12,세종특별시
2026-06-18T10:15:09+09:00,GBIKE,130337,74.0,36.506084,127.234719,12,세종특별시
2026-06-18T10:15:09+09:00,GBIKE,130432,60.0,36.50609,127.272685,12,세종특별시
2026-06-18T10:15:09+09:00,GBIKE,131786,45.0,36.506091,127.234695,12,세종특별시
2026-06-18T10:15:09+09:00,GBIKE,131671,91.0,36.5061,127.234726,12,세종특별시
2026-06-18T10:15:09+09:00,GBIKE,131132,30.0,36.506128,127.33688,12,세종특별시
2026-06-18T10:15:09+09:00,GBIKE,501478,48.0,36.506134,127.233653,12,세종특별시
2026-06-18T10:15:09+09:00,GBIKE,131156,81.0,36.506145,127.234626,12,세종특별시
2026-06-18T10:15:09+09:00,GBIKE,131273,47.0,36.506148,127.234694,12,세종특별시
2026-06-18T10:15:09+09:00,GBIKE,130592,83.0,36.506196,127.263375,12,세종특별시
2026-06-18T10:15:09+09:00,GBIKE,501493,64.0,36.506213,127.249648,12,세종특별시
2026-06-18T10:15:09+09:00,GBIKE,130139,30.0,36.506217,127.249608,12,세종특별시
2026-06-18T10:15:09+09:00,GBIKE,131144,50.0,36.50623,127.234698,12,세종특별시
2026-06-18T10:15:09+09:00,GBIKE,371780,40.0,36.506248,127.234743,12,세종특별시
2026-06-18T10:15:09+09:00,GBIKE,131205,50.0,36.506255,127.273037,12,세종특별시
2026-06-18T10:15:09+09:00,GBIKE,130765,32.0,36.5063,127.237336,12,세종특별시
2026-06-18T10:15:09+09:00,GBIKE,131421,94.0,36.506325,127.23451,12,세종특별시
2026-06-18T10:15:09+09:00,GBIKE,131256,93.0,36.506423,127.26202,12,세종특별시
2026-06-18T10:15:09+09:00,GBIKE,130677,58.0,36.506436,127.271615,12,세종특별시
2026-06-18T10:15:09+09:00,GBIKE,131242,80.0,36.506472,127.23429,12,세종특별시
2026-06-18T10:15:09+09:00,GBIKE,131247,96.0,36.506494,127.269859,12,세종특별시
2026-06-18T10:15:09+09:00,GBIKE,130968,69.0,36.506499,127.258373,12,세종특별시
2026-06-18T10:15:09+09:00,GBIKE,130244,84.0,36.50651,127.262028,12,세종특별시
2026-06-18T10:15:09+09:00,GBIKE,131004,34.0,36.506511,127.269974,12,세종특별시
2026-06-18T10:15:09+09:00,GBIKE,131189,100.0,36.506517,127.258387,12,세종특별시
2026-06-18T10:15:09+09:00,GBIKE,131485,55.0,36.506541,127.234204,12,세종특별시
2026-06-18T10:15:09+09:00,GBIKE,130534,86.0,36.50656,127.258379,12,세종특별시
2026-06-18T10:15:09+09:00,GBIKE,501551,69.0,36.506583,127.25864,12,세종특별시
2026-06-18T10:15:09+09:00,GBIKE,130254,84.0,36.506584,127.272803,12,세종특별시
2026-06-18T10:15:09+09:00,GBIKE,131402,31.0,36.506589,127.258665,12,세종특별시
2026-06-18T10:15:09+09:00,GBIKE,131535,30.0,36.506591,127.258923,12,세종특별시
2026-06-18T10:15:09+09:00,GBIKE,501257,77.0,36.506591,127.262172,12,세종특별시
2026-06-18T10:15:09+09:00,GBIKE,501445,80.0,36.506624,127.262152,12,세종특별시
2026-06-18T10:15:09+09:00,GBIKE,131487,66.0,36.506627,127.247542,12,세종특별시
2026-06-18T10:15:09+09:00,GBIKE,501272,40.0,36.506641,127.263234,12,세종특별시
2026-06-18T10:15:09+09:00,GBIKE,131163,73.0,36.506659,127.258847,12,세종특별시
2026-06-18T10:15:09+09:00,GBIKE,501214,95.0,36.506675,127.2583,12,세종특별시
2026-06-18T10:15:09+09:00,GBIKE,501537,46.0,36.506683,127.263168,12,세종특별시
2026-06-18T10:15:09+09:00,GBIKE,130134,92.0,36.506687,127.258297,12,세종특별시
2026-06-18T10:15:09+09:00,GBIKE,131440,50.0,36.506692,127.232107,12,세종특별시
2026-06-18T10:15:09+09:00,GBIKE,131975,83.0,36.506699,127.232097,12,세종특별시
2026-06-18T10:15:09+09:00,GBIKE,131826,66.0,36.506701,127.25826,12,세종특별시
2026-06-18T10:15:09+09:00,GBIKE,130542,64.0,36.506716,127.232094,12,세종특별시
2026-06-18T10:15:09+09:00,GBIKE,130663,85.0,36.506721,127.232023,12,세종특별시
2026-06-18T10:15:09+09:00,GBIKE,131460,52.0,36.50677,127.2583,12,세종특별시
2026-06-18T10:15:09+09:00,GBIKE,130667,78.0,36.506801,127.258643,12,세종특별시
2026-06-18T10:15:09+09:00,GBIKE,130443,76.0,36.506818,127.258606,12,세종특별시
2026-06-18T10:15:09+09:00,GBIKE,501243,48.0,36.506822,127.258282,12,세종특별시
2026-06-18T10:15:09+09:00,GBIKE,131073,79.0,36.506832,127.261428,12,세종특별시
2026-06-18T10:15:09+09:00,GBIKE,130263,45.0,36.506869,127.270194,12,세종특별시
2026-06-18T10:15:09+09:00,GBIKE,130213,64.0,36.506878,127.270203,12,세종특별시
2026-06-18T10:15:09+09:00,GBIKE,130467,69.0,36.506899,127.258506,12,세종특별시
2026-06-18T10:15:09+09:00,GBIKE,131572,36.0,36.506921,127.259799,12,세종특별시
2026-06-18T10:15:09+09:00,GBIKE,130048,59.0,36.506922,127.259876,12,세종특별시
2026-06-18T10:15:09+09:00,GBIKE,130805,95.0,36.506922,127.259871,12,세종특별시
2026-06-18T10:15:09+09:00,GBIKE,130927,58.0,36.506923,127.259841,12,세종특별시
2026-06-18T10:15:09+09:00,GBIKE,130634,33.0,36.506975,127.259752,12,세종특별시
2026-06-18T10:15:09+09:00,GBIKE,131892,88.0,36.506992,127.25849,12,세종특별시
2026-06-18T10:15:09+09:00,GBIKE,501253,63.0,36.506997,127.262042,12,세종특별시
2026-06-18T10:15:09+09:00,GBIKE,130062,80.0,36.507125,127.268225,12,세종특별시
2026-06-18T10:15:09+09:00,GBIKE,131411,99.0,36.507171,127.235856,12,세종특별시
2026-06-18T10:15:09+09:00,GBIKE,131654,96.0,36.507225,127.262028,12,세종특별시
2026-06-18T10:15:09+09:00,GBIKE,131688,46.0,36.507232,127.262042,12,세종특별시
2026-06-18T10:15:09+09:00,GBIKE,131062,77.0,36.507274,127.263332,12,세종특별시
2026-06-18T10:15:09+09:00,GBIKE,130209,33.0,36.507319,127.243432,12,세종특별시
2026-06-18T10:15:09+09:00,GBIKE,130155,37.0,36.50733,127.243035,12,세종특별시
2026-06-18T10:15:09+09:00,GBIKE,501293,72.0,36.507348,127.268935,12,세종특별시
2026-06-18T10:15:09+09:00,GBIKE,130840,68.0,36.507369,127.239032,12,세종특별시
2026-06-18T10:15:09+09:00,GBIKE,131216,49.0,36.507373,127.268962,12,세종특별시
2026-06-18T10:15:09+09:00,GBIKE,130392,86.0,36.507389,127.268932,12,세종특별시
2026-06-18T10:15:09+09:00,GBIKE,501215,56.0,36.507424,127.263183,12,세종특별시
2026-06-18T10:15:09+09:00,GBIKE,501419,89.0,36.50747,127.263134,12,세종특별시
2026-06-18T10:15:09+09:00,GBIKE,501402,85.0,36.507482,127.263106,12,세종특별시
2026-06-18T10:15:09+09:00,GBIKE,130112,84.0,36.507484,127.231251,12,세종특별시
2026-06-18T10:15:09+09:00,GBIKE,130082,40.0,36.507597,127.257174,12,세종특별시
2026-06-18T10:15:09+09:00,GBIKE,131604,86.0,36.507636,127.237114,12,세종특별시
2026-06-18T10:15:09+09:00,GBIKE,131506,66.0,36.507734,127.249591,12,세종특별시
2026-06-18T10:15:09+09:00,GBIKE,501434,76.0,36.507817,127.267487,12,세종특별시
2026-06-18T10:15:09+09:00,GBIKE,131215,54.0,36.507889,127.261534,12,세종특별시
2026-06-18T10:15:09+09:00,GBIKE,130375,66.0,36.50795,127.261477,12,세종특별시
2026-06-18T10:15:09+09:00,GBIKE,131318,92.0,36.507951,127.258889,12,세종특별시
2026-06-18T10:15:09+09:00,GBIKE,130509,49.0,36.507975,127.261431,12,세종특별시
2026-06-18T10:15:09+09:00,GBIKE,341583,38.0,36.507998,127.257881,12,세종특별시
2026-06-18T10:15:09+09:00,GBIKE,130602,33.0,36.508056,127.261897,12,세종특별시
2026-06-18T10:15:09+09:00,GBIKE,130744,47.0,36.508084,127.257233,12,세종특별시
2026-06-18T10:15:09+09:00,GBIKE,131329,68.0,36.508097,127.261947,12,세종특별시
2026-06-18T10:15:09+09:00,GBIKE,130106,58.0,36.508098,127.258385,12,세종특별시
2026-06-18T10:15:09+09:00,GBIKE,131770,47.0,36.508179,127.264774,12,세종특별시
2026-06-18T10:15:09+09:00,GBIKE,131258,100.0,36.508183,127.267502,12,세종특별시
2026-06-18T10:15:09+09:00,GBIKE,130622,77.0,36.508206,127.234465,12,세종특별시
2026-06-18T10:15:09+09:00,GBIKE,131623,93.0,36.508277,127.257739,12,세종특별시
2026-06-18T10:15:09+09:00,GBIKE,501453,49.0,36.508301,127.260769,12,세종특별시
2026-06-18T10:15:09+09:00,GBIKE,131696,82.0,36.508452,127.239232,12,세종특별시
2026-06-18T10:15:09+09:00,GBIKE,130897,63.0,36.508471,127.266342,12,세종특별시
2026-06-18T10:15:09+09:00,GBIKE,131120,56.0,36.508488,127.239104,12,세종특별시
2026-06-18T10:15:09+09:00,GBIKE,130716,94.0,36.508518,127.239122,12,세종특별시
2026-06-18T10:15:09+09:00,GBIKE,130949,100.0,36.508625,127.241282,12,세종특별시
2026-06-18T10:15:09+09:00,GBIKE,131419,85.0,36.508635,127.239108,12,세종특별시
2026-06-18T10:15:09+09:00,GBIKE,131355,66.0,36.508668,127.245755,12,세종특별시
2026-06-18T10:15:09+09:00,GBIKE,130066,92.0,36.50868,127.261183,12,세종특별시
2026-06-18T10:15:09+09:00,GBIKE,131781,39.0,36.50873,127.266336,12,세종특별시
2026-06-18T10:15:09+09:00,GBIKE,131827,64.0,36.508764,127.264,12,세종특별시
2026-06-18T10:15:09+09:00,GBIKE,130978,100.0,36.508777,127.261614,12,세종특별시
2026-06-18T10:15:09+09:00,GBIKE,131184,76.0,36.508792,127.261719,12,세종특별시
2026-06-18T10:15:09+09:00,GBIKE,131680,72.0,36.5088,127.234394,12,세종특별시
2026-06-18T10:15:09+09:00,GBIKE,130470,89.0,36.508844,127.261153,12,세종특별시
2026-06-18T10:15:09+09:00,GBIKE,131408,77.0,36.50893,127.257221,12,세종특별시
2026-06-18T10:15:09+09:00,GBIKE,130241,71.0,36.508936,127.240393,12,세종특별시
2026-06-18T10:15:09+09:00,GBIKE,131153,83.0,36.509006,127.257228,12,세종특별시
2026-06-18T10:15:09+09:00,GBIKE,130304,95.0,36.509112,127.241615,12,세종특별시
2026-06-18T10:15:09+09:00,GBIKE,131196,61.0,36.509131,127.231905,12,세종특별시
2026-06-18T10:15:09+09:00,GBIKE,131697,32.0,36.509285,127.267064,12,세종특별시
2026-06-18T10:15:09+09:00,GBIKE,131705,35.0,36.509298,127.234058,12,세종특별시
2026-06-18T10:15:09+09:00,GBIKE,130480,73.0,36.50931,127.234003,12,세종특별시
2026-06-18T10:15:09+09:00,GBIKE,130740,95.0,36.509319,127.232296,12,세종특별시
2026-06-18T10:15:09+09:00,GBIKE,131095,72.0,36.509328,127.259044,12,세종특별시
2026-06-18T10:15:09+09:00,GBIKE,130704,61.0,36.509345,127.234309,12,세종특별시
2026-06-18T10:15:09+09:00,GBIKE,131052,95.0,36.509374,127.232501,12,세종특별시
2026-06-18T10:15:09+09:00,GBIKE,131690,70.0,36.509376,127.261412,12,세종특별시
2026-06-18T10:15:09+09:00,GBIKE,131209,69.0,36.509388,127.261426,12,세종특별시
2026-06-18T10:15:09+09:00,GBIKE,131846,54.0,36.509392,127.232513,12,세종특별시
2026-06-18T10:15:09+09:00,GBIKE,501247,38.0,36.509512,127.267536,12,세종특별시
2026-06-18T10:15:09+09:00,GBIKE,130514,55.0,36.509516,127.233059,12,세종특별시
2026-06-18T10:15:09+09:00,GBIKE,131018,100.0,36.509518,127.251098,12,세종특별시
2026-06-18T10:15:09+09:00,GBIKE,130348,34.0,36.509554,127.259172,12,세종특별시
2026-06-18T10:15:09+09:00,GBIKE,130464,72.0,36.509554,127.233641,12,세종특별시
2026-06-18T10:15:09+09:00,GBIKE,130280,90.0,36.509575,127.23366,12,세종특별시
2026-06-18T10:15:09+09:00,GBIKE,501519,52.0,36.509587,127.267514,12,세종특별시
2026-06-18T10:15:09+09:00,GBIKE,130872,62.0,36.509589,127.233603,12,세종특별시
2026-06-18T10:15:09+09:00,GBIKE,130311,79.0,36.509592,127.233606,12,세종특별시
2026-06-18T10:15:09+09:00,GBIKE,130423,70.0,36.509603,127.23361,12,세종특별시
2026-06-18T10:15:09+09:00,GBIKE,131466,84.0,36.509606,127.267714,12,세종특별시
2026-06-18T10:15:09+09:00,GBIKE,130832,64.0,36.509614,127.267733,12,세종특별시
2026-06-18T10:15:09+09:00,GBIKE,131943,92.0,36.509631,127.241538,12,세종특별시
2026-06-18T10:15:09+09:00,GBIKE,130760,55.0,36.509678,127.233668,12,세종특별시
2026-06-18T10:15:09+09:00,GBIKE,131296,61.0,36.509726,127.233795,12,세종특별시
2026-06-18T10:15:09+09:00,GBIKE,130468,76.0,36.509743,127.233846,12,세종특별시
2026-06-18T10:15:09+09:00,GBIKE,501250,48.0,36.509798,127.233866,12,세종특별시
2026-06-18T10:15:09+09:00,GBIKE,130323,94.0,36.509836,127.267729,12,세종특별시
2026-06-18T10:15:09+09:00,GBIKE,130074,78.0,36.509941,127.26761,12,세종특별시
2026-06-18T10:15:09+09:00,GBIKE,130984,72.0,36.509952,127.241581,12,세종특별시
2026-06-18T10:15:09+09:00,GBIKE,130442,93.0,36.509954,127.267655,12,세종특별시
2026-06-18T10:15:09+09:00,GBIKE,501271,56.0,36.510039,127.246173,12,세종특별시
2026-06-18T10:15:09+09:00,GBIKE,131987,59.0,36.510062,127.266965,12,세종특별시
2026-06-18T10:15:09+09:00,GBIKE,131900,68.0,36.510401,127.233988,12,세종특별시
2026-06-18T10:15:09+09:00,GBIKE,131704,46.0,36.510425,127.233782,12,세종특별시
2026-06-18T10:15:09+09:00,GBIKE,131375,76.0,36.510442,127.230254,12,세종특별시
2026-06-18T10:15:09+09:00,GBIKE,131782,91.0,36.510442,127.249857,12,세종특별시
2026-06-18T10:15:09+09:00,GBIKE,130085,65.0,36.510453,127.241336,12,세종특별시
2026-06-18T10:15:09+09:00,GBIKE,131976,35.0,36.510488,127.231768,12,세종특별시
2026-06-18T10:15:09+09:00,GBIKE,130636,79.0,36.510493,127.231755,12,세종특별시
2026-06-18T10:15:09+09:00,GBIKE,130049,41.0,36.510497,127.231571,12,세종특별시
2026-06-18T10:15:09+09:00,GBIKE,131246,90.0,36.5105,127.231703,12,세종특별시
2026-06-18T10:15:09+09:00,GBIKE,130089,86.0,36.510507,127.231414,12,세종특별시
2026-06-18T10:15:09+09:00,GBIKE,131959,41.0,36.510513,127.231785,12,세종특별시
2026-06-18T10:15:09+09:00,GBIKE,130181,49.0,36.510521,127.231746,12,세종특별시
2026-06-18T10:15:09+09:00,GBIKE,131194,64.0,36.510523,127.231514,12,세종특별시
2026-06-18T10:15:09+09:00,GBIKE,131945,62.0,36.510531,127.23171,12,세종특별시
2026-06-18T10:15:09+09:00,GBIKE,130800,70.0,36.510532,127.229933,12,세종특별시
2026-06-18T10:15:09+09:00,GBIKE,131863,64.0,36.510539,127.23205,12,세종특별시
2026-06-18T10:15:09+09:00,GBIKE,131933,45.0,36.510562,127.241335,12,세종특별시
2026-06-18T10:15:09+09:00,GBIKE,130022,88.0,36.51057,127.241361,12,세종특별시
2026-06-18T10:15:09+09:00,GBIKE,130748,95.0,36.510572,127.230957,12,세종특별시
2026-06-18T10:15:09+09:00,GBIKE,130870,72.0,36.510572,127.241361,12,세종특별시
2026-06-18T10:15:09+09:00,GBIKE,612778,63.0,36.51058,127.246234,12,세종특별시
2026-06-18T10:15:09+09:00,GBIKE,130717,76.0,36.510587,127.258843,12,세종특별시
2026-06-18T10:15:09+09:00,GBIKE,501393,68.0,36.510589,127.24159,12,세종특별시
2026-06-18T10:15:09+09:00,GBIKE,131797,64.0,36.51063,127.241225,12,세종특별시
2026-06-18T10:15:09+09:00,GBIKE,131272,56.0,36.510651,127.239267,12,세종특별시
2026-06-18T10:15:09+09:00,GBIKE,130642,95.0,36.510652,127.244028,12,세종특별시
2026-06-18T10:15:09+09:00,GBIKE,131589,63.0,36.510658,127.232079,12,세종특별시
2026-06-18T10:15:09+09:00,GBIKE,130277,85.0,36.510663,127.239082,12,세종특별시
2026-06-18T10:15:09+09:00,GBIKE,130835,61.0,36.510664,127.232075,12,세종특별시
2026-06-18T10:15:09+09:00,GBIKE,130947,30.0,36.510668,127.243892,12,세종특별시
2026-06-18T10:15:09+09:00,GBIKE,130599,65.0,36.510693,127.243962,12,세종특별시
2026-06-18T10:15:09+09:00,GBIKE,131266,88.0,36.510707,127.229876,12,세종특별시
2026-06-18T10:15:09+09:00,GBIKE,130974,38.0,36.510727,127.231737,12,세종특별시
2026-06-18T10:15:09+09:00,GBIKE,501360,88.0,36.510733,127.241049,12,세종특별시
2026-06-18T10:15:09+09:00,GBIKE,130526,68.0,36.510733,127.229872,12,세종특별시
2026-06-18T10:15:09+09:00,GBIKE,131017,60.0,36.510737,127.229856,12,세종특별시
2026-06-18T10:15:09+09:00,GBIKE,130576,78.0,36.510757,127.231776,12,세종특별시
2026-06-18T10:15:09+09:00,GBIKE,130490,81.0,36.510764,127.232461,12,세종특별시
2026-06-18T10:15:09+09:00,GBIKE,130656,50.0,36.510768,127.231833,12,세종특별시
2026-06-18T10:15:09+09:00,GBIKE,130793,80.0,36.510776,127.242426,12,세종특별시
2026-06-18T10:15:09+09:00,GBIKE,130771,37.0,36.510795,127.232913,12,세종특별시
2026-06-18T10:15:09+09:00,GBIKE,130158,84.0,36.510806,127.239552,12,세종특별시
2026-06-18T10:15:09+09:00,GBIKE,130666,49.0,36.510806,127.23291,12,세종특별시
2026-06-18T10:15:09+09:00,GBIKE,130620,66.0,36.510817,127.233599,12,세종특별시
2026-06-18T10:15:09+09:00,GBIKE,501147,52.0,36.510821,127.239752,12,세종특별시
2026-06-18T10:15:09+09:00,GBIKE,358176,42.0,36.510821,127.243048,12,세종특별시
2026-06-18T10:15:09+09:00,GBIKE,130286,53.0,36.510827,127.229909,12,세종특별시
2026-06-18T10:15:09+09:00,GBIKE,359456,34.0,36.510831,127.23251,12,세종특별시
2026-06-18T10:15:09+09:00,GBIKE,131831,90.0,36.510839,127.23247,12,세종특별시
2026-06-18T10:15:09+09:00,GBIKE,131668,52.0,36.510842,127.232388,12,세종특별시
2026-06-18T10:15:09+09:00,GBIKE,131638,84.0,36.510849,127.240984,12,세종특별시
2026-06-18T10:15:09+09:00,GBIKE,131922,39.0,36.51085,127.242105,12,세종특별시
2026-06-18T10:15:09+09:00,GBIKE,131785,68.0,36.510855,127.240725,12,세종특별시
2026-06-18T10:15:09+09:00,GBIKE,131646,50.0,36.510863,127.241797,12,세종특별시
2026-06-18T10:15:09+09:00,GBIKE,131950,68.0,36.510864,127.24231,12,세종특별시
2026-06-18T10:15:09+09:00,GBIKE,130610,47.0,36.510866,127.239522,12,세종특별시
2026-06-18T10:15:09+09:00,GBIKE,130791,71.0,36.510873,127.232934,12,세종특별시
2026-06-18T10:15:09+09:00,GBIKE,131404,43.0,36.510874,127.232947,12,세종특별시
2026-06-18T10:15:09+09:00,GBIKE,131620,73.0,36.510884,127.232935,12,세종특별시
2026-06-18T10:15:09+09:00,GBIKE,130078,56.0,36.510889,127.232927,12,세종특별시
2026-06-18T10:15:09+09:00,GBIKE,131731,88.0,36.510891,127.232935,12,세종특별시
2026-06-18T10:15:09+09:00,GBIKE,131223,58.0,36.510894,127.232912,12,세종특별시
2026-06-18T10:15:09+09:00,GBIKE,130877,89.0,36.510895,127.232944,12,세종특별시
2026-06-18T10:15:09+09:00,GBIKE,130874,41.0,36.510896,127.242963,12,세종특별시
2026-06-18T10:15:09+09:00,GBIKE,130672,39.0,36.5109,127.229813,12,세종특별시
2026-06-18T10:15:09+09:00,GBIKE,130502,86.0,36.510912,127.229691,12,세종특별시
2026-06-18T10:15:09+09:00,GBIKE,130496,65.0,36.510933,127.232949,12,세종특별시
2026-06-18T10:15:09+09:00,GBIKE,131585,74.0,36.510937,127.232558,12,세종특별시
2026-06-18T10:15:09+09:00,GBIKE,131773,73.0,36.510987,127.239589,12,세종특별시
2026-06-18T10:15:09+09:00,GBIKE,131991,85.0,36.510988,127.241296,12,세종특별시
2026-06-18T10:15:09+09:00,GBIKE,131016,87.0,36.510989,127.233367,12,세종특별시
2026-06-18T10:15:09+09:00,GBIKE,131048,59.0,36.510996,127.242834,12,세종특별시
2026-06-18T10:15:09+09:00,GBIKE,130976,65.0,36.511022,127.232453,12,세종특별시
2026-06-18T10:15:09+09:00,GBIKE,130345,83.0,36.511024,127.239648,12,세종특별시
2026-06-18T10:15:09+09:00,GBIKE,131013,52.0,36.511046,127.232204,12,세종특별시
2026-06-18T10:15:09+09:00,GBIKE,130664,72.0,36.511077,127.240802,12,세종특별시
2026-06-18T10:15:09+09:00,GBIKE,130070,69.0,36.511091,127.233247,12,세종특별시
2026-06-18T10:15:09+09:00,GBIKE,501111,77.0,36.511135,127.248959,12,세종특별시
2026-06-18T10:15:09+09:00,GBIKE,130849,79.0,36.511155,127.239561,12,세종특별시
2026-06-18T10:15:09+09:00,GBIKE,130456,41.0,36.511168,127.240882,12,세종특별시
2026-06-18T10:15:09+09:00,GBIKE,131574,42.0,36.511176,127.241608,12,세종특별시
2026-06-18T10:15:09+09:00,GBIKE,131708,86.0,36.511176,127.240874,12,세종특별시
2026-06-18T10:15:09+09:00,GBIKE,130183,41.0,36.511228,127.241291,12,세종특별시
2026-06-18T10:15:09+09:00,GBIKE,130358,99.0,36.511229,127.239942,12,세종특별시
2026-06-18T10:15:09+09:00,GBIKE,501560,73.0,36.511239,127.233624,12,세종특별시
2026-06-18T10:15:09+09:00,GBIKE,130371,59.0,36.511242,127.240235,12,세종특별시
2026-06-18T10:15:09+09:00,GBIKE,131734,48.0,36.511286,127.229815,12,세종특별시
2026-06-18T10:15:09+09:00,GBIKE,130303,86.0,36.511293,127.239846,12,세종특별시
2026-06-18T10:15:09+09:00,GBIKE,501590,39.0,36.511316,127.249999,12,세종특별시
2026-06-18T10:15:09+09:00,GBIKE,130463,76.0,36.511321,127.249955,12,세종특별시
2026-06-18T10:15:09+09:00,GBIKE,131855,65.0,36.51134,127.233363,12,세종특별시
2026-06-18T10:15:09+09:00,GBIKE,130944,30.0,36.511356,127.250185,12,세종특별시
2026-06-18T10:15:09+09:00,GBIKE,501424,50.0,36.511357,127.244328,12,세종특별시
2026-06-18T10:15:09+09:00,GBIKE,130912,56.0,36.511364,127.23366,12,세종특별시
2026-06-18T10:15:09+09:00,GBIKE,131061,39.0,36.511365,127.233623,12,세종특별시
2026-06-18T10:15:09+09:00,GBIKE,501594,40.0,36.511395,127.243839,12,세종특별시
2026-06-18T10:15:09+09:00,GBIKE,130818,40.0,36.511399,127.231688,12,세종특별시
2026-06-18T10:15:09+09:00,GBIKE,501455,81.0,36.511412,127.26678,12,세종특별시
2026-06-18T10:15:09+09:00,GBIKE,131122,77.0,36.511439,127.233898,12,세종특별시
2026-06-18T10:15:09+09:00,GBIKE,130398,60.0,36.511444,127.241303,12,세종특별시
2026-06-18T10:15:09+09:00,GBIKE,131823,86.0,36.511454,127.233915,12,세종특별시
2026-06-18T10:15:09+09:00,GBIKE,501536,63.0,36.511461,127.253401,12,세종특별시
2026-06-18T10:15:09+09:00,GBIKE,131068,95.0,36.511472,127.241658,12,세종특별시
2026-06-18T10:15:09+09:00,GBIKE,131135,40.0,36.511474,127.241304,12,세종특별시
2026-06-18T10:15:09+09:00,GBIKE,131181,58.0,36.511484,127.240256,12,세종특별시
2026-06-18T10:15:09+09:00,GBIKE,130902,70.0,36.511488,127.241311,12,세종특별시
2026-06-18T10:15:09+09:00,GBIKE,501569,62.0,36.511499,127.250583,12,세종특별시
2026-06-18T10:15:09+09:00,GBIKE,131981,52.0,36.511512,127.250627,12,세종특별시
2026-06-18T10:15:09+09:00,GBIKE,130123,66.0,36.511554,127.248498,12,세종특별시
2026-06-18T10:15:09+09:00,GBIKE,131268,65.0,36.51158,127.240655,12,세종특별시
2026-06-18T10:15:09+09:00,GBIKE,501588,66.0,36.51162,127.246168,12,세종특별시
2026-06-18T10:15:09+09:00,GBIKE,131064,80.0,36.511623,127.239992,12,세종특별시
2026-06-18T10:15:09+09:00,GBIKE,501539,90.0,36.511643,127.247984,12,세종특별시
2026-06-18T10:15:09+09:00,GBIKE,131390,54.0,36.511651,127.239932,12,세종특별시
2026-06-18T10:15:09+09:00,GBIKE,332266,50.0,36.511675,127.246423,12,세종특별시
2026-06-18T10:15:09+09:00,GBIKE,501178,72.0,36.511689,127.247182,12,세종특별시
2026-06-18T10:15:09+09:00,GBIKE,130739,30.0,36.511699,127.241643,12,세종특별시
2026-06-18T10:15:09+09:00,GBIKE,358190,51.0,36.511708,127.246433,12,세종특별시
2026-06-18T10:15:09+09:00,GBIKE,501403,74.0,36.511709,127.240883,12,세종특별시
2026-06-18T10:15:09+09:00,GBIKE,130247,73.0,36.511725,127.244032,12,세종특별시
2026-06-18T10:15:09+09:00,GBIKE,130382,75.0,36.51175,127.241691,12,세종특별시
2026-06-18T10:15:09+09:00,GBIKE,131613,31.0,36.511771,127.250382,12,세종특별시
2026-06-18T10:15:09+09:00,GBIKE,501116,89.0,36.511781,127.229872,12,세종특별시
2026-06-18T10:15:09+09:00,GBIKE,501301,47.0,36.511784,127.229906,12,세종특별시
2026-06-18T10:15:09+09:00,GBIKE,501190,49.0,36.511794,127.242995,12,세종특별시
2026-06-18T10:15:09+09:00,GBIKE,131188,58.0,36.5118,127.244806,12,세종특별시
2026-06-18T10:15:09+09:00,GBIKE,501351,32.0,36.511824,127.244025,12,세종특별시
2026-06-18T10:15:09+09:00,GBIKE,131609,69.0,36.511832,127.227171,12,세종특별시
2026-06-18T10:15:09+09:00,GBIKE,501329,96.0,36.511848,127.24327,12,세종특별시
2026-06-18T10:15:09+09:00,GBIKE,501505,56.0,36.51186,127.243496,12,세종특별시
2026-06-18T10:15:09+09:00,GBIKE,131444,34.0,36.511906,127.255477,12,세종특별시
2026-06-18T10:15:09+09:00,GBIKE,501565,94.0,36.511916,127.245581,12,세종특별시
2026-06-18T10:15:09+09:00,GBIKE,501376,53.0,36.511926,127.240881,12,세종특별시
2026-06-18T10:15:09+09:00,GBIKE,501359,50.0,36.511934,127.240907,12,세종특별시
2026-06-18T10:15:09+09:00,GBIKE,501432,72.0,36.511943,127.240929,12,세종특별시
2026-06-18T10:15:09+09:00,GBIKE,501451,95.0,36.511949,127.240886,12,세종특별시
2026-06-18T10:15:09+09:00,GBIKE,501331,30.0,36.511953,127.241506,12,세종특별시
2026-06-18T10:15:09+09:00,GBIKE,130227,66.0,36.511969,127.227846,12,세종특별시
2026-06-18T10:15:09+09:00,GBIKE,131865,70.0,36.511977,127.246599,12,세종특별시
2026-06-18T10:15:09+09:00,GBIKE,130804,64.0,36.511984,127.240486,12,세종특별시
2026-06-18T10:15:09+09:00,GBIKE,501347,100.0,36.512018,127.244414,12,세종특별시
2026-06-18T10:15:09+09:00,GBIKE,501333,86.0,36.512028,127.243005,12,세종특별시
2026-06-18T10:15:09+09:00,GBIKE,131036,75.0,36.512029,127.245945,12,세종특별시
2026-06-18T10:15:09+09:00,GBIKE,501448,72.0,36.512036,127.242989,12,세종특별시
2026-06-18T10:15:09+09:00,GBIKE,130453,74.0,36.512038,127.258424,12,세종특별시
2026-06-18T10:15:09+09:00,GBIKE,131314,81.0,36.512038,127.227573,12,세종특별시
2026-06-18T10:15:09+09:00,GBIKE,131420,46.0,36.512054,127.242927,12,세종특별시
2026-06-18T10:15:09+09:00,GBIKE,130845,100.0,36.512056,127.243897,12,세종특별시
2026-06-18T10:15:09+09:00,GBIKE,130603,42.0,36.512058,127.243056,12,세종특별시
2026-06-18T10:15:09+09:00,GBIKE,131313,52.0,36.512063,127.242365,12,세종특별시
2026-06-18T10:15:09+09:00,GBIKE,130975,46.0,36.512066,127.24196,12,세종특별시
2026-06-18T10:15:09+09:00,GBIKE,501254,36.0,36.512127,127.241247,12,세종특별시
2026-06-18T10:15:09+09:00,GBIKE,501496,92.0,36.512162,127.248051,12,세종특별시
2026-06-18T10:15:09+09:00,GBIKE,501394,64.0,36.512167,127.241661,12,세종특별시
2026-06-18T10:15:09+09:00,GBIKE,131020,95.0,36.512177,127.239632,12,세종특별시
2026-06-18T10:15:09+09:00,GBIKE,501213,92.0,36.512187,127.241618,12,세종특별시
2026-06-18T10:15:09+09:00,GBIKE,501398,95.0,36.512189,127.241744,12,세종특별시
2026-06-18T10:15:09+09:00,GBIKE,501454,77.0,36.512196,127.24125,12,세종특별시
2026-06-18T10:15:09+09:00,GBIKE,130182,94.0,36.512232,127.244537,12,세종특별시
2026-06-18T10:15:09+09:00,GBIKE,130037,83.0,36.512239,127.229317,12,세종특별시
2026-06-18T10:15:09+09:00,GBIKE,130206,46.0,36.512243,127.24249,12,세종특별시
2026-06-18T10:15:09+09:00,GBIKE,130188,44.0,36.512247,127.231364,12,세종특별시
2026-06-18T10:15:09+09:00,GBIKE,131667,65.0,36.512275,127.242499,12,세종특별시
2026-06-18T10:15:09+09:00,GBIKE,130460,46.0,36.512297,127.243532,12,세종특별시
2026-06-18T10:15:09+09:00,GBIKE,131504,100.0,36.512299,127.266816,12,세종특별시
2026-06-18T10:15:09+09:00,GBIKE,131403,35.0,36.512342,127.2594,12,세종특별시
2026-06-18T10:15:09+09:00,GBIKE,131963,70.0,36.512349,127.239948,12,세종특별시
2026-06-18T10:15:09+09:00,GBIKE,130076,49.0,36.512385,127.241637,12,세종특별시
2026-06-18T10:15:09+09:00,GBIKE,131901,95.0,36.512388,127.239924,12,세종특별시
2026-06-18T10:15:09+09:00,GBIKE,131830,72.0,36.51239,127.233272,12,세종특별시
2026-06-18T10:15:09+09:00,GBIKE,130156,73.0,36.51245,127.258461,12,세종특별시
2026-06-18T10:15:09+09:00,GBIKE,130100,71.0,36.512467,127.239941,12,세종특별시
2026-06-18T10:15:09+09:00,GBIKE,130054,51.0,36.512479,127.242566,12,세종특별시
2026-06-18T10:15:09+09:00,GBIKE,130419,64.0,36.512484,127.229424,12,세종특별시
2026-06-18T10:15:09+09:00,GBIKE,130322,55.0,36.512497,127.241674,12,세종특별시
2026-06-18T10:15:09+09:00,GBIKE,130654,72.0,36.512525,127.246021,12,세종특별시
2026-06-18T10:15:09+09:00,GBIKE,130604,76.0,36.512534,127.241727,12,세종특별시
2026-06-18T10:15:09+09:00,GBIKE,131344,91.0,36.512548,127.246302,12,세종특별시
2026-06-18T10:15:09+09:00,GBIKE,501233,46.0,36.512586,127.246273,12,세종특별시
2026-06-18T10:15:09+09:00,GBIKE,130229,69.0,36.512591,127.241697,12,세종특별시
2026-06-18T10:15:09+09:00,GBIKE,501273,81.0,36.512591,127.246365,12,세종특별시
2026-06-18T10:15:09+09:00,GBIKE,501166,89.0,36.512636,127.246038,12,세종특별시
2026-06-18T10:15:09+09:00,GBIKE,131508,63.0,36.51265,127.261636,12,세종특별시
2026-06-18T10:15:09+09:00,GBIKE,130067,51.0,36.512658,127.243444,12,세종특별시
2026-06-18T10:15:09+09:00,GBIKE,501249,92.0,36.512661,127.245987,12,세종특별시
2026-06-18T10:15:09+09:00,GBIKE,130251,43.0,36.512684,127.261631,12,세종특별시
2026-06-18T10:15:09+09:00,GBIKE,130535,64.0,36.512684,127.229847,12,세종특별시
2026-06-18T10:15:09+09:00,GBIKE,131809,31.0,36.512699,127.250111,12,세종특별시
2026-06-18T10:15:09+09:00,GBIKE,501219,37.0,36.512772,127.24235,12,세종특별시
2026-06-18T10:15:09+09:00,GBIKE,130597,49.0,36.512785,127.241019,12,세종특별시
2026-06-18T10:15:09+09:00,GBIKE,131599,64.0,36.512798,127.228654,12,세종특별시
2026-06-18T10:15:09+09:00,GBIKE,501238,51.0,36.512807,127.243426,12,세종특별시
2026-06-18T10:15:09+09:00,GBIKE,501124,75.0,36.51287,127.243132,12,세종특별시
2026-06-18T10:15:09+09:00,GBIKE,501267,46.0,36.512888,127.233152,12,세종특별시
2026-06-18T10:15:09+09:00,GBIKE,501525,45.0,36.512969,127.243296,12,세종특별시
2026-06-18T10:15:09+09:00,GBIKE,130319,48.0,36.512991,127.231323,12,세종특별시
2026-06-18T10:15:09+09:00,GBIKE,131996,97.0,36.513029,127.243025,12,세종특별시
2026-06-18T10:15:09+09:00,GBIKE,501337,54.0,36.51305,127.246014,12,세종특별시
2026-06-18T10:15:09+09:00,GBIKE,131177,57.0,36.513128,127.241668,12,세종특별시
2026-06-18T10:15:09+09:00,GBIKE,131376,34.0,36.513132,127.229632,12,세종특별시
2026-06-18T10:15:09+09:00,GBIKE,130628,95.0,36.513147,127.241691,12,세종특별시
2026-06-18T10:15:09+09:00,GBIKE,131665,95.0,36.51325,127.262896,12,세종특별시
2026-06-18T10:15:09+09:00,GBIKE,131722,40.0,36.513277,127.243416,12,세종특별시
2026-06-18T10:15:09+09:00,GBIKE,130165,100.0,36.513306,127.265053,12,세종특별시
2026-06-18T10:15:09+09:00,GBIKE,130807,100.0,36.513367,127.259102,12,세종특별시
2026-06-18T10:15:09+09:00,GBIKE,501183,86.0,36.513396,127.265042,12,세종특별시
2026-06-18T10:15:09+09:00,GBIKE,131451,47.0,36.513433,127.261351,12,세종특별시
2026-06-18T10:15:09+09:00,GBIKE,130868,58.0,36.513455,127.245881,12,세종특별시
2026-06-18T10:15:09+09:00,GBIKE,131369,34.0,36.513476,127.259454,12,세종특별시
2026-06-18T10:15:09+09:00,GBIKE,501118,42.0,36.513478,127.264287,12,세종특별시
2026-06-18T10:15:09+09:00,GBIKE,130253,57.0,36.513521,127.265602,12,세종특별시
2026-06-18T10:15:09+09:00,GBIKE,130189,38.0,36.513529,127.266055,12,세종특별시
2026-06-18T10:15:09+09:00,GBIKE,130817,40.0,36.513531,127.233221,12,세종특별시
2026-06-18T10:15:09+09:00,GBIKE,131316,49.0,36.51356,127.232953,12,세종특별시
2026-06-18T10:15:09+09:00,GBIKE,130021,42.0,36.513562,127.232953,12,세종특별시
2026-06-18T10:15:09+09:00,GBIKE,130728,81.0,36.513593,127.233242,12,세종특별시
2026-06-18T10:15:09+09:00,GBIKE,501541,93.0,36.513639,127.243511,12,세종특별시
2026-06-18T10:15:09+09:00,GBIKE,501235,70.0,36.513641,127.245778,12,세종특별시
2026-06-18T10:15:09+09:00,GBIKE,131829,95.0,36.513647,127.259048,12,세종특별시
2026-06-18T10:15:09+09:00,GBIKE,131306,53.0,36.513653,127.262873,12,세종특별시
2026-06-18T10:15:09+09:00,GBIKE,131847,70.0,36.513655,127.250288,12,세종특별시
2026-06-18T10:15:09+09:00,GBIKE,131921,69.0,36.513666,127.245806,12,세종특별시
2026-06-18T10:15:09+09:00,GBIKE,501318,52.0,36.513669,127.259466,12,세종특별시
2026-06-18T10:15:09+09:00,GBIKE,130245,87.0,36.513709,127.229387,12,세종특별시
2026-06-18T10:15:09+09:00,GBIKE,130455,78.0,36.513763,127.229406,12,세종특별시
2026-06-18T10:15:09+09:00,GBIKE,130385,32.0,36.513765,127.22938,12,세종특별시
2026-06-18T10:15:09+09:00,GBIKE,130273,64.0,36.513777,127.259175,12,세종특별시
2026-06-18T10:15:09+09:00,GBIKE,501168,92.0,36.513818,127.258918,12,세종특별시
2026-06-18T10:15:09+09:00,GBIKE,501379,46.0,36.513824,127.246633,12,세종특별시
2026-06-18T10:15:09+09:00,GBIKE,501292,44.0,36.513835,127.24588,12,세종특별시
2026-06-18T10:15:09+09:00,GBIKE,130458,95.0,36.513851,127.260763,12,세종특별시
2026-06-18T10:15:09+09:00,GBIKE,130785,93.0,36.513866,127.243344,12,세종특별시
2026-06-18T10:15:09+09:00,GBIKE,131502,62.0,36.51387,127.243368,12,세종특별시
2026-06-18T10:15:09+09:00,GBIKE,501294,75.0,36.513872,127.239423,12,세종특별시
2026-06-18T10:15:09+09:00,GBIKE,130474,85.0,36.513873,127.228899,12,세종특별시
2026-06-18T10:15:09+09:00,GBIKE,501308,100.0,36.513885,127.245872,12,세종특별시
2026-06-18T10:15:09+09:00,GBIKE,131190,49.0,36.513896,127.258951,12,세종특별시
2026-06-18T10:15:09+09:00,GBIKE,131940,84.0,36.513906,127.258901,12,세종특별시
2026-06-18T10:15:09+09:00,GBIKE,131229,33.0,36.513918,127.258907,12,세종특별시
2026-06-18T10:15:09+09:00,GBIKE,130855,97.0,36.513921,127.243355,12,세종특별시
2026-06-18T10:15:09+09:00,GBIKE,131606,95.0,36.513925,127.228888,12,세종특별시
2026-06-18T10:15:09+09:00,GBIKE,131771,32.0,36.513927,127.258903,12,세종특별시
2026-06-18T10:15:09+09:00,GBIKE,131850,39.0,36.513927,127.258809,12,세종특별시
2026-06-18T10:15:09+09:00,GBIKE,501117,44.0,36.513961,127.245839,12,세종특별시
2026-06-18T10:15:09+09:00,GBIKE,130536,100.0,36.513966,127.258903,12,세종특별시
2026-06-18T10:15:09+09:00,GBIKE,131744,63.0,36.513966,127.258953,12,세종특별시
2026-06-18T10:15:09+09:00,GBIKE,131105,80.0,36.513973,127.258911,12,세종특별시
2026-06-18T10:15:09+09:00,GBIKE,130429,67.0,36.513996,127.243158,12,세종특별시
2026-06-18T10:15:09+09:00,GBIKE,501153,79.0,36.514005,127.245707,12,세종특별시
2026-06-18T10:15:09+09:00,GBIKE,130996,84.0,36.514045,127.241724,12,세종특별시
2026-06-18T10:15:09+09:00,GBIKE,501313,72.0,36.51406,127.24582,12,세종특별시
2026-06-18T10:15:09+09:00,GBIKE,130025,81.0,36.514061,127.241078,12,세종특별시
2026-06-18T10:15:09+09:00,GBIKE,131608,39.0,36.51412,127.241818,12,세종특별시
2026-06-18T10:15:09+09:00,GBIKE,131203,80.0,36.514123,127.241774,12,세종특별시
2026-06-18T10:15:09+09:00,GBIKE,131297,93.0,36.514135,127.25898,12,세종특별시
2026-06-18T10:15:09+09:00,GBIKE,131464,34.0,36.514143,127.258925,12,세종특별시
2026-06-18T10:15:09+09:00,GBIKE,130495,41.0,36.514155,127.259398,12,세종특별시
2026-06-18T10:15:09+09:00,GBIKE,131507,36.0,36.51417,127.258938,12,세종특별시
2026-06-18T10:15:09+09:00,GBIKE,130898,81.0,36.514171,127.258903,12,세종특별시
2026-06-18T10:15:09+09:00,GBIKE,130510,77.0,36.514178,127.259333,12,세종특별시
2026-06-18T10:15:09+09:00,GBIKE,130231,51.0,36.514282,127.258972,12,세종특별시
2026-06-18T10:15:09+09:00,GBIKE,130433,72.0,36.514316,127.232889,12,세종특별시
2026-06-18T10:15:09+09:00,GBIKE,130808,35.0,36.514397,127.258912,12,세종특별시
2026-06-18T10:15:09+09:00,GBIKE,131777,69.0,36.514439,127.2593,12,세종특별시
2026-06-18T10:15:09+09:00,GBIKE,131151,82.0,36.514521,127.232094,12,세종특별시
2026-06-18T10:15:09+09:00,GBIKE,131240,68.0,36.514523,127.258923,12,세종특별시
2026-06-18T10:15:09+09:00,GBIKE,130346,43.0,36.514524,127.232072,12,세종특별시
2026-06-18T10:15:09+09:00,GBIKE,131545,100.0,36.514542,127.231642,12,세종특별시
2026-06-18T10:15:09+09:00,GBIKE,131856,57.0,36.51455,127.231636,12,세종특별시
2026-06-18T10:15:09+09:00,GBIKE,131978,51.0,36.514566,127.259319,12,세종특별시
2026-06-18T10:15:09+09:00,GBIKE,131475,62.0,36.514573,127.23163,12,세종특별시
2026-06-18T10:15:09+09:00,GBIKE,130778,50.0,36.514615,127.228648,12,세종특별시
2026-06-18T10:15:09+09:00,GBIKE,131220,53.0,36.514617,127.259257,12,세종특별시
2026-06-18T10:15:09+09:00,GBIKE,131099,77.0,36.514705,127.25962,12,세종특별시
2026-06-18T10:15:09+09:00,GBIKE,130343,84.0,36.514712,127.262887,12,세종특별시
2026-06-18T10:15:09+09:00,GBIKE,131294,82.0,36.514742,127.262874,12,세종특별시
2026-06-18T10:15:09+09:00,GBIKE,131757,30.0,36.514751,127.262859,12,세종특별시
2026-06-18T10:15:09+09:00,GBIKE,501461,91.0,36.514774,127.250649,12,세종특별시
2026-06-18T10:15:09+09:00,GBIKE,130430,44.0,36.514775,127.262859,12,세종특별시
2026-06-18T10:15:09+09:00,GBIKE,130549,38.0,36.514776,127.258775,12,세종특별시
2026-06-18T10:15:09+09:00,GBIKE,131992,68.0,36.51478,127.229927,12,세종특별시
2026-06-18T10:15:09+09:00,GBIKE,501544,83.0,36.514782,127.262839,12,세종특별시
2026-06-18T10:15:09+09:00,GBIKE,131779,79.0,36.514782,127.262842,12,세종특별시
2026-06-18T10:15:09+09:00,GBIKE,131918,81.0,36.514783,127.25921,12,세종특별시
2026-06-18T10:15:09+09:00,GBIKE,130696,67.0,36.514807,127.262853,12,세종특별시
2026-06-18T10:15:09+09:00,GBIKE,130963,95.0,36.514832,127.228719,12,세종특별시
2026-06-18T10:15:09+09:00,GBIKE,131288,32.0,36.514835,127.259203,12,세종특별시
2026-06-18T10:15:09+09:00,GBIKE,130466,78.0,36.514837,127.259207,12,세종특별시
2026-06-18T10:15:09+09:00,GBIKE,130491,36.0,36.514839,127.25922,12,세종특별시
2026-06-18T10:15:09+09:00,GBIKE,501558,96.0,36.514854,127.244854,12,세종특별시
2026-06-18T10:15:09+09:00,GBIKE,130593,65.0,36.514868,127.259206,12,세종특별시
2026-06-18T10:15:09+09:00,GBIKE,130848,54.0,36.514871,127.231246,12,세종특별시
2026-06-18T10:15:09+09:00,GBIKE,131862,30.0,36.514871,127.25857,12,세종특별시
2026-06-18T10:15:09+09:00,GBIKE,131580,58.0,36.514872,127.259217,12,세종특별시
2026-06-18T10:15:09+09:00,GBIKE,130580,31.0,36.514879,127.258686,12,세종특별시
2026-06-18T10:15:09+09:00,GBIKE,501262,40.0,36.51488,127.258721,12,세종특별시
2026-06-18T10:15:09+09:00,GBIKE,131457,76.0,36.514883,127.259212,12,세종특별시
2026-06-18T10:15:09+09:00,GBIKE,131710,43.0,36.514901,127.250647,12,세종특별시
2026-06-18T10:15:09+09:00,GBIKE,130854,67.0,36.514904,127.259197,12,세종특별시
2026-06-18T10:15:09+09:00,GBIKE,131821,62.0,36.51491,127.256694,12,세종특별시
2026-06-18T10:15:09+09:00,GBIKE,501497,69.0,36.514919,127.256582,12,세종특별시
2026-06-18T10:15:09+09:00,GBIKE,130420,76.0,36.514928,127.259169,12,세종특별시
2026-06-18T10:15:09+09:00,GBIKE,131670,97.0,36.514931,127.259185,12,세종특별시
2026-06-18T10:15:09+09:00,GBIKE,131790,69.0,36.514933,127.259146,12,세종특별시
2026-06-18T10:15:09+09:00,GBIKE,131790,69.0,36.514933,127.259146,12,세종특별시
2026-06-18T10:15:09+09:00,GBIKE,130547,88.0,36.514939,127.259187,12,세종특별시
2026-06-18T10:15:09+09:00,GBIKE,130915,95.0,36.514955,127.259185,12,세종특별시
2026-06-18T10:15:09+09:00,GBIKE,131228,90.0,36.514963,127.259073,12,세종특별시
2026-06-18T10:15:09+09:00,GBIKE,130895,50.0,36.514965,127.25866,12,세종특별시
2026-06-18T10:15:09+09:00,GBIKE,130400,66.0,36.514968,127.259208,12,세종특별시
2026-06-18T10:15:09+09:00,GBIKE,131001,40.0,36.515037,127.228634,12,세종특별시
2026-06-18T10:15:09+09:00,GBIKE,501279,94.0,36.515177,127.229603,12,세종특별시
2026-06-18T10:15:09+09:00,GBIKE,131828,97.0,36.515192,127.239168,12,세종특별시
2026-06-18T10:15:09+09:00,GBIKE,501110,85.0,36.515205,127.259143,12,세종특별시
2026-06-18T10:15:09+09:00,GBIKE,131253,43.0,36.515249,127.258805,12,세종특별시
2026-06-18T10:15:09+09:00,GBIKE,131479,50.0,36.515253,127.239067,12,세종특별시
2026-06-18T10:15:09+09:00,GBIKE,501242,81.0,36.515262,127.239063,12,세종특별시
2026-06-18T10:15:09+09:00,GBIKE,501144,77.0,36.515355,127.245516,12,세종특별시
2026-06-18T10:15:09+09:00,GBIKE,131631,63.0,36.51551,127.25586,12,세종특별시
2026-06-18T10:15:09+09:00,GBIKE,131213,100.0,36.515516,127.228273,12,세종특별시
2026-06-18T10:15:09+09:00,GBIKE,130935,61.0,36.51552,127.23326,12,세종특별시
2026-06-18T10:15:09+09:00,GBIKE,130987,93.0,36.515581,127.233492,12,세종특별시
2026-06-18T10:15:09+09:00,GBIKE,501335,42.0,36.515606,127.239362,12,세종특별시
2026-06-18T10:15:09+09:00,GBIKE,131279,41.0,36.515774,127.258769,12,세종특별시
2026-06-18T10:15:09+09:00,GBIKE,130051,36.0,36.515795,127.255845,12,세종특별시
2026-06-18T10:15:09+09:00,GBIKE,130447,96.0,36.515799,127.265449,12,세종특별시
2026-06-18T10:15:09+09:00,GBIKE,131123,59.0,36.515832,127.261613,12,세종특별시
2026-06-18T10:15:09+09:00,GBIKE,130569,100.0,36.515884,127.239523,12,세종특별시
2026-06-18T10:15:09+09:00,GBIKE,131909,70.0,36.515888,127.262017,12,세종특별시
2026-06-18T10:15:09+09:00,GBIKE,130852,70.0,36.515897,127.265849,12,세종특별시
2026-06-18T10:15:09+09:00,GBIKE,130292,40.0,36.5159,127.265387,12,세종특별시
2026-06-18T10:15:09+09:00,GBIKE,131385,92.0,36.515913,127.264486,12,세종특별시
2026-06-18T10:15:09+09:00,GBIKE,131074,95.0,36.515934,127.264528,12,세종특별시
2026-06-18T10:15:09+09:00,GBIKE,131422,95.0,36.515937,127.261656,12,세종특별시
2026-06-18T10:15:09+09:00,GBIKE,131586,37.0,36.515943,127.261642,12,세종특별시
2026-06-18T10:15:09+09:00,GBIKE,130939,61.0,36.515968,127.262741,12,세종특별시
2026-06-18T10:15:09+09:00,GBIKE,130255,58.0,36.515994,127.264517,12,세종특별시
2026-06-18T10:15:09+09:00,GBIKE,501422,53.0,36.515998,127.239554,12,세종특별시
2026-06-18T10:15:09+09:00,GBIKE,501444,36.0,36.516022,127.241217,12,세종특별시
2026-06-18T10:15:09+09:00,GBIKE,130104,91.0,36.516026,127.257975,12,세종특별시
2026-06-18T10:15:09+09:00,GBIKE,130962,36.0,36.516035,127.257991,12,세종특별시
2026-06-18T10:15:09+09:00,GBIKE,130295,39.0,36.516036,127.265346,12,세종특별시
2026-06-18T10:15:09+09:00,GBIKE,501575,82.0,36.51608,127.22811,12,세종특별시
2026-06-18T10:15:09+09:00,GBIKE,131382,95.0,36.516084,127.264473,12,세종특별시
2026-06-18T10:15:09+09:00,GBIKE,501256,55.0,36.516118,127.24549,12,세종특별시
2026-06-18T10:15:09+09:00,GBIKE,131049,76.0,36.516144,127.262897,12,세종특별시
2026-06-18T10:15:09+09:00,GBIKE,130361,52.0,36.516154,127.251421,12,세종특별시
2026-06-18T10:15:09+09:00,GBIKE,131124,45.0,36.516167,127.231798,12,세종특별시
2026-06-18T10:15:09+09:00,GBIKE,130290,52.0,36.516175,127.265697,12,세종특별시
2026-06-18T10:15:09+09:00,GBIKE,131967,95.0,36.516181,127.256441,12,세종특별시
2026-06-18T10:15:09+09:00,GBIKE,130521,67.0,36.516186,127.262886,12,세종특별시
2026-06-18T10:15:09+09:00,GBIKE,131363,95.0,36.516214,127.265315,12,세종특별시
2026-06-18T10:15:09+09:00,GBIKE,130900,100.0,36.516264,127.262633,12,세종특별시
2026-06-18T10:15:09+09:00,GBIKE,131143,94.0,36.516278,127.262735,12,세종특별시
2026-06-18T10:15:09+09:00,GBIKE,131308,73.0,36.51631,127.228223,12,세종특별시
2026-06-18T10:15:09+09:00,GBIKE,131576,64.0,36.516311,127.262391,12,세종특별시
2026-06-18T10:15:09+09:00,GBIKE,501531,69.0,36.516317,127.25932,12,세종특별시
2026-06-18T10:15:09+09:00,GBIKE,131142,53.0,36.51633,127.258807,12,세종특별시
2026-06-18T10:15:09+09:00,GBIKE,130645,30.0,36.516342,127.258714,12,세종특별시
2026-06-18T10:15:09+09:00,GBIKE,501485,91.0,36.516342,127.259271,12,세종특별시
2026-06-18T10:15:09+09:00,GBIKE,130630,81.0,36.5164,127.24147,12,세종특별시
2026-06-18T10:15:09+09:00,GBIKE,130809,87.0,36.516407,127.241452,12,세종특별시
2026-06-18T10:15:09+09:00,GBIKE,501429,34.0,36.516411,127.244543,12,세종특별시
2026-06-18T10:15:09+09:00,GBIKE,130439,79.0,36.516441,127.241456,12,세종특별시
2026-06-18T10:15:09+09:00,GBIKE,131540,87.0,36.516445,127.234965,12,세종특별시
2026-06-18T10:15:09+09:00,GBIKE,130718,86.0,36.516509,127.241466,12,세종특별시
2026-06-18T10:15:09+09:00,GBIKE,501327,72.0,36.516524,127.255758,12,세종특별시
2026-06-18T10:15:09+09:00,GBIKE,131191,85.0,36.516573,127.228757,12,세종특별시
2026-06-18T10:15:09+09:00,GBIKE,130373,41.0,36.516645,127.228907,12,세종특별시
2026-06-18T10:15:09+09:00,GBIKE,131753,49.0,36.516653,127.228985,12,세종특별시
2026-06-18T10:15:09+09:00,GBIKE,501162,42.0,36.516674,127.228951,12,세종특별시
2026-06-18T10:15:09+09:00,GBIKE,131113,66.0,36.516677,127.256039,12,세종특별시
2026-06-18T10:15:09+09:00,GBIKE,131125,85.0,36.516685,127.228982,12,세종특별시
2026-06-18T10:15:09+09:00,GBIKE,130332,39.0,36.516787,127.239488,12,세종특별시
2026-06-18T10:15:09+09:00,GBIKE,130365,100.0,36.51679,127.262651,12,세종특별시
2026-06-18T10:15:09+09:00,GBIKE,131328,64.0,36.516829,127.228679,12,세종특별시
2026-06-18T10:15:09+09:00,GBIKE,131874,68.0,36.516904,127.262599,12,세종특별시
2026-06-18T10:15:09+09:00,GBIKE,130197,47.0,36.516964,127.259296,12,세종특별시
2026-06-18T10:15:09+09:00,GBIKE,131292,69.0,36.516975,127.259288,12,세종특별시
2026-06-18T10:15:09+09:00,GBIKE,131597,45.0,36.516995,127.239309,12,세종특별시
2026-06-18T10:15:09+09:00,GBIKE,131852,41.0,36.517065,127.228863,12,세종특별시
2026-06-18T10:15:09+09:00,GBIKE,130613,45.0,36.51714,127.231474,12,세종특별시
2026-06-18T10:15:09+09:00,GBIKE,131287,33.0,36.51718,127.236013,12,세종특별시
2026-06-18T10:15:09+09:00,GBIKE,130064,34.0,36.51723,127.236298,12,세종특별시
2026-06-18T10:15:09+09:00,GBIKE,130844,97.0,36.517306,127.237345,12,세종특별시
2026-06-18T10:15:09+09:00,GBIKE,358231,30.0,36.51742,127.23707,12,세종특별시
2026-06-18T10:15:09+09:00,GBIKE,501119,66.0,36.517484,127.237777,12,세종특별시
2026-06-18T10:15:09+09:00,GBIKE,131031,42.0,36.517556,127.237367,12,세종특별시
2026-06-18T10:15:09+09:00,GBIKE,131689,33.0,36.517604,127.240952,12,세종특별시
2026-06-18T10:15:09+09:00,GBIKE,130623,39.0,36.517619,127.231307,12,세종특별시
2026-06-18T10:15:09+09:00,GBIKE,131274,45.0,36.517633,127.258546,12,세종특별시
2026-06-18T10:15:09+09:00,GBIKE,501255,46.0,36.517655,127.239154,12,세종특별시
2026-06-18T10:15:09+09:00,GBIKE,131944,96.0,36.51766,127.256411,12,세종특별시
2026-06-18T10:15:09+09:00,GBIKE,131478,100.0,36.517733,127.261971,12,세종특별시
2026-06-18T10:15:09+09:00,GBIKE,130124,48.0,36.51776,127.256115,12,세종특별시
2026-06-18T10:15:09+09:00,GBIKE,501589,38.0,36.517773,127.230303,12,세종특별시
2026-06-18T10:15:09+09:00,GBIKE,131116,72.0,36.517782,127.236981,12,세종특별시
2026-06-18T10:15:09+09:00,GBIKE,130522,67.0,36.517832,127.239654,12,세종특별시
2026-06-18T10:15:09+09:00,GBIKE,131989,45.0,36.517844,127.25221,12,세종특별시
2026-06-18T10:15:09+09:00,GBIKE,131468,100.0,36.5179,127.261996,12,세종특별시
2026-06-18T10:15:09+09:00,GBIKE,130207,69.0,36.517993,127.252449,12,세종특별시
2026-06-18T10:15:09+09:00,GBIKE,130387,95.0,36.518069,127.251987,12,세종특별시
2026-06-18T10:15:09+09:00,GBIKE,131896,43.0,36.518085,127.263777,12,세종특별시
2026-06-18T10:15:09+09:00,GBIKE,130378,42.0,36.518114,127.262913,12,세종특별시
2026-06-18T10:15:09+09:00,GBIKE,131674,59.0,36.518202,127.263389,12,세종특별시
2026-06-18T10:15:09+09:00,GBIKE,130659,54.0,36.518222,127.252041,12,세종특별시
2026-06-18T10:15:09+09:00,GBIKE,130424,56.0,36.518225,127.234951,12,세종특별시
2026-06-18T10:15:09+09:00,GBIKE,131433,33.0,36.518249,127.263357,12,세종특별시
2026-06-18T10:15:09+09:00,GBIKE,131740,48.0,36.518373,127.263766,12,세종특별시
2026-06-18T10:15:09+09:00,GBIKE,130195,58.0,36.518383,127.241745,12,세종특별시
2026-06-18T10:15:09+09:00,GBIKE,130908,52.0,36.518435,127.232275,12,세종특별시
2026-06-18T10:15:09+09:00,GBIKE,131078,64.0,36.51852,127.234854,12,세종특별시
2026-06-18T10:15:09+09:00,GBIKE,131792,43.0,36.51853,127.256869,12,세종특별시
2026-06-18T10:15:09+09:00,GBIKE,131968,37.0,36.51853,127.256843,12,세종특별시
2026-06-18T10:15:09+09:00,GBIKE,131324,79.0,36.518537,127.257493,12,세종특별시
2026-06-18T10:15:09+09:00,GBIKE,130767,90.0,36.51856,127.241979,12,세종특별시
2026-06-18T10:15:09+09:00,GBIKE,131700,81.0,36.518656,127.257089,12,세종특별시
2026-06-18T10:15:09+09:00,GBIKE,131525,87.0,36.518672,127.256663,12,세종특별시
2026-06-18T10:15:09+09:00,GBIKE,130110,80.0,36.518678,127.235343,12,세종특별시
2026-06-18T10:15:09+09:00,GBIKE,358227,99.0,36.518761,127.245071,12,세종특별시
2026-06-18T10:15:09+09:00,GBIKE,131693,41.0,36.518797,127.235544,12,세종특별시
2026-06-18T10:15:09+09:00,GBIKE,130493,62.0,36.518855,127.235551,12,세종특별시
2026-06-18T10:15:09+09:00,GBIKE,130046,45.0,36.518878,127.245888,12,세종특별시
2026-06-18T10:15:09+09:00,GBIKE,131928,59.0,36.51888,127.235502,12,세종특별시
2026-06-18T10:15:09+09:00,GBIKE,130770,55.0,36.518882,127.237938,12,세종특별시
2026-06-18T10:15:09+09:00,GBIKE,130185,83.0,36.5189,127.232978,12,세종특별시
2026-06-18T10:15:09+09:00,GBIKE,131588,84.0,36.51892,127.235815,12,세종특별시
2026-06-18T10:15:09+09:00,GBIKE,501300,59.0,36.518957,127.237867,12,세종특별시
2026-06-18T10:15:09+09:00,GBIKE,501158,71.0,36.518976,127.246563,12,세종특별시
2026-06-18T10:15:09+09:00,GBIKE,131729,87.0,36.519007,127.252501,12,세종특별시
2026-06-18T10:15:09+09:00,GBIKE,131860,38.0,36.519007,127.243706,12,세종특별시
2026-06-18T10:15:09+09:00,GBIKE,130918,53.0,36.519009,127.236044,12,세종특별시
2026-06-18T10:15:09+09:00,GBIKE,131495,87.0,36.519191,127.236279,12,세종특별시
2026-06-18T10:15:09+09:00,GBIKE,131763,79.0,36.519216,127.236269,12,세종특별시
2026-06-18T10:15:09+09:00,GBIKE,131341,64.0,36.51935,127.253981,12,세종특별시
2026-06-18T10:15:09+09:00,GBIKE,131178,30.0,36.519353,127.252184,12,세종특별시
2026-06-18T10:15:09+09:00,GBIKE,131549,80.0,36.5194,127.25291,12,세종특별시
2026-06-18T10:15:09+09:00,GBIKE,131912,66.0,36.519403,127.252917,12,세종특별시
2026-06-18T10:15:09+09:00,GBIKE,131627,100.0,36.519421,127.252749,12,세종특별시
2026-06-18T10:15:09+09:00,GBIKE,130265,50.0,36.519475,127.25289,12,세종특별시
2026-06-18T10:15:09+09:00,GBIKE,130416,79.0,36.519502,127.23456,12,세종특별시
2026-06-18T10:15:09+09:00,GBIKE,130719,61.0,36.519505,127.234574,12,세종특별시
2026-06-18T10:15:09+09:00,GBIKE,131718,56.0,36.519506,127.257266,12,세종특별시
2026-06-18T10:15:09+09:00,GBIKE,130431,53.0,36.519509,127.234638,12,세종특별시
2026-06-18T10:15:09+09:00,GBIKE,131685,95.0,36.519575,127.236888,12,세종특별시
2026-06-18T10:15:09+09:00,GBIKE,501572,76.0,36.519623,127.253056,12,세종특별시
2026-06-18T10:15:09+09:00,GBIKE,130520,30.0,36.519672,127.252594,12,세종특별시
2026-06-18T10:15:09+09:00,GBIKE,130357,65.0,36.519784,127.234582,12,세종특별시
2026-06-18T10:15:09+09:00,GBIKE,130217,63.0,36.519817,127.235533,12,세종특별시
2026-06-18T10:15:09+09:00,GBIKE,131066,85.0,36.51984,127.23578,12,세종특별시
2026-06-18T10:15:09+09:00,GBIKE,130115,41.0,36.519858,127.235481,12,세종특별시
2026-06-18T10:15:09+09:00,GBIKE,130683,79.0,36.519874,127.235777,12,세종특별시
2026-06-18T10:15:09+09:00,GBIKE,130053,36.0,36.519893,127.235734,12,세종특별시
2026-06-18T10:15:09+09:00,GBIKE,131128,51.0,36.519905,127.236808,12,세종특별시
2026-06-18T10:15:09+09:00,GBIKE,131633,32.0,36.519911,127.241372,12,세종특별시
2026-06-18T10:15:09+09:00,GBIKE,131193,86.0,36.519932,127.23621,12,세종특별시
2026-06-18T10:15:09+09:00,GBIKE,130553,43.0,36.519971,127.240454,12,세종특별시
2026-06-18T10:15:09+09:00,GBIKE,130889,41.0,36.520002,127.235647,12,세종특별시
2026-06-18T10:15:09+09:00,GBIKE,130869,71.0,36.520052,127.236908,12,세종특별시
2026-06-18T10:15:09+09:00,GBIKE,131112,51.0,36.52046,127.236707,12,세종특별시
2026-06-18T10:15:09+09:00,GBIKE,130450,80.0,36.520493,127.239392,12,세종특별시
2026-06-18T10:15:09+09:00,GBIKE,131822,30.0,36.520502,127.252414,12,세종특별시
2026-06-18T10:15:09+09:00,GBIKE,130386,45.0,36.520656,127.246816,12,세종특별시
2026-06-18T10:15:09+09:00,GBIKE,130678,84.0,36.520795,127.259318,12,세종특별시
2026-06-18T10:15:09+09:00,GBIKE,131085,83.0,36.520843,127.25972,12,세종특별시
2026-06-18T10:15:09+09:00,GBIKE,501120,82.0,36.521057,127.262147,12,세종특별시
2026-06-18T10:15:09+09:00,GBIKE,131053,88.0,36.521065,127.233165,12,세종특별시
2026-06-18T10:15:09+09:00,GBIKE,501134,51.0,36.521065,127.262172,12,세종특별시
2026-06-18T10:15:09+09:00,GBIKE,501143,90.0,36.52109,127.26214,12,세종특별시
2026-06-18T10:15:09+09:00,GBIKE,130340,84.0,36.521102,127.233168,12,세종특별시
2026-06-18T10:15:09+09:00,GBIKE,131424,32.0,36.521192,127.247479,12,세종특별시
2026-06-18T10:15:09+09:00,GBIKE,131965,84.0,36.521206,127.247563,12,세종특별시
2026-06-18T10:15:09+09:00,GBIKE,131721,57.0,36.521211,127.247535,12,세종특별시
2026-06-18T10:15:09+09:00,GBIKE,131511,35.0,36.521223,127.232965,12,세종특별시
2026-06-18T10:15:09+09:00,GBIKE,501287,36.0,36.521434,127.251314,12,세종특별시
2026-06-18T10:15:09+09:00,GBIKE,501385,38.0,36.521438,127.251338,12,세종특별시
2026-06-18T10:15:09+09:00,GBIKE,130465,87.0,36.521485,127.232827,12,세종특별시
2026-06-18T10:15:09+09:00,GBIKE,131159,45.0,36.521662,127.233793,12,세종특별시
2026-06-18T10:15:09+09:00,GBIKE,130111,41.0,36.521778,127.233353,12,세종특별시
2026-06-18T10:15:09+09:00,GBIKE,130828,66.0,36.521829,127.234027,12,세종특별시
2026-06-18T10:15:09+09:00,GBIKE,130888,43.0,36.521901,127.248424,12,세종특별시
2026-06-18T10:15:09+09:00,GBIKE,130575,75.0,36.521925,127.234337,12,세종특별시
2026-06-18T10:15:09+09:00,GBIKE,131914,79.0,36.521987,127.249232,12,세종특별시
2026-06-18T10:15:09+09:00,GBIKE,130061,46.0,36.521994,127.248946,12,세종특별시
2026-06-18T10:15:09+09:00,GBIKE,501571,93.0,36.522,127.248911,12,세종특별시
2026-06-18T10:15:09+09:00,GBIKE,130894,36.0,36.522337,127.234559,12,세종특별시
2026-06-18T10:15:09+09:00,GBIKE,501343,62.0,36.522431,127.232489,12,세종특별시
2026-06-18T10:15:09+09:00,GBIKE,130609,59.0,36.522574,127.232364,12,세종특별시
2026-06-18T10:15:09+09:00,GBIKE,501512,84.0,36.523169,127.267516,12,세종특별시
2026-06-18T10:15:09+09:00,GBIKE,501244,30.0,36.523182,127.267474,12,세종특별시
2026-06-18T10:15:09+09:00,GBIKE,501526,76.0,36.523194,127.267469,12,세종특별시
2026-06-18T10:15:09+09:00,GBIKE,131543,49.0,36.523379,127.279217,12,세종특별시
2026-06-18T10:15:09+09:00,GBIKE,130798,50.0,36.523829,127.277054,12,세종특별시
2026-06-18T10:15:09+09:00,GBIKE,131877,48.0,36.523843,127.277084,12,세종특별시
2026-06-18T10:15:09+09:00,GBIKE,130787,100.0,36.524122,127.269648,12,세종특별시
2026-06-18T10:15:09+09:00,GBIKE,131484,68.0,36.524236,127.277379,12,세종특별시
2026-06-18T10:15:09+09:00,GBIKE,131365,69.0,36.524294,127.277232,12,세종특별시
2026-06-18T10:15:09+09:00,GBIKE,131350,87.0,36.524305,127.277229,12,세종특별시
2026-06-18T10:15:09+09:00,GBIKE,130252,63.0,36.524582,127.27141,12,세종특별시
2026-06-18T10:15:09+09:00,GBIKE,130822,33.0,36.524842,127.266312,12,세종특별시
2026-06-18T10:15:09+09:00,GBIKE,130302,30.0,36.524988,127.275997,12,세종특별시
2026-06-18T10:15:09+09:00,GBIKE,130734,57.0,36.524998,127.275899,12,세종특별시
2026-06-18T10:15:09+09:00,GBIKE,501570,59.0,36.525047,127.2611,12,세종특별시
2026-06-18T10:15:09+09:00,GBIKE,131430,82.0,36.525086,127.26161,12,세종특별시
2026-06-18T10:15:09+09:00,GBIKE,131226,32.0,36.525095,127.26159,12,세종특별시
2026-06-18T10:15:09+09:00,GBIKE,501146,43.0,36.525333,127.274511,12,세종특별시
2026-06-18T10:15:09+09:00,GBIKE,131750,76.0,36.525471,127.261217,12,세종특별시
2026-06-18T10:15:09+09:00,GBIKE,130307,100.0,36.52558,127.267468,12,세종특별시
2026-06-18T10:15:09+09:00,GBIKE,131330,34.0,36.526617,127.267275,12,세종특별시
2026-06-18T10:15:09+09:00,GBIKE,131103,63.0,36.526707,127.262661,12,세종특별시
2026-06-18T10:15:09+09:00,GBIKE,131622,100.0,36.52673,127.263475,12,세종특별시
2026-06-18T10:15:09+09:00,GBIKE,130336,30.0,36.526773,127.271483,12,세종특별시
2026-06-18T10:15:09+09:00,GBIKE,501155,50.0,36.526786,127.263525,12,세종특별시
2026-06-18T10:15:09+09:00,GBIKE,130833,59.0,36.526857,127.263305,12,세종특별시
2026-06-18T10:15:09+09:00,GBIKE,130331,84.0,36.526988,127.267448,12,세종특별시
2026-06-18T10:15:09+09:00,GBIKE,501316,30.0,36.527041,127.270956,12,세종특별시
2026-06-18T10:15:09+09:00,GBIKE,131730,33.0,36.527085,127.269657,12,세종특별시
2026-06-18T10:15:09+09:00,GBIKE,130148,73.0,36.527201,127.263649,12,세종특별시
2026-06-18T10:15:09+09:00,GBIKE,130932,44.0,36.527249,127.249429,12,세종특별시
2026-06-18T10:15:09+09:00,GBIKE,130772,85.0,36.527324,127.270496,12,세종특별시
2026-06-18T10:15:09+09:00,GBIKE,130179,87.0,36.527785,127.267475,12,세종특별시
2026-06-18T10:15:09+09:00,GBIKE,501326,44.0,36.528044,127.262864,12,세종특별시
2026-06-18T10:15:09+09:00,GBIKE,130911,35.0,36.528053,127.270067,12,세종특별시
2026-06-18T10:15:09+09:00,GBIKE,130056,100.0,36.528231,127.269131,12,세종특별시
2026-06-18T10:15:09+09:00,GBIKE,501439,83.0,36.528238,127.267661,12,세종특별시
2026-06-18T10:15:09+09:00,GBIKE,130309,60.0,36.528314,127.267552,12,세종특별시
2026-06-18T10:15:09+09:00,GBIKE,131516,58.0,36.528317,127.268666,12,세종특별시
2026-06-18T10:15:09+09:00,GBIKE,130999,80.0,36.528342,127.248345,12,세종특별시
2026-06-18T10:15:09+09:00,GBIKE,130907,46.0,36.528551,127.263933,12,세종특별시
2026-06-18T10:15:09+09:00,GBIKE,131291,100.0,36.528552,127.26906,12,세종특별시
2026-06-18T10:15:09+09:00,GBIKE,130320,68.0,36.528642,127.264093,12,세종특별시
2026-06-18T10:15:09+09:00,GBIKE,130316,100.0,36.528671,127.256713,12,세종특별시
2026-06-18T10:15:09+09:00,GBIKE,131401,68.0,36.528693,127.264793,12,세종특별시
2026-06-18T10:15:09+09:00,GBIKE,130142,74.0,36.528734,127.256987,12,세종특별시
2026-06-18T10:15:09+09:00,GBIKE,130471,42.0,36.528782,127.263583,12,세종특별시
2026-06-18T10:15:09+09:00,GBIKE,130506,33.0,36.529005,127.263911,12,세종특별시
2026-06-18T10:15:09+09:00,GBIKE,130088,83.0,36.529229,127.256128,12,세종특별시
2026-06-18T10:15:09+09:00,GBIKE,130792,30.0,36.529271,127.264681,12,세종특별시
2026-06-18T10:15:09+09:00,GBIKE,131262,92.0,36.529288,127.26445,12,세종특별시
2026-06-18T10:15:09+09:00,GBIKE,131919,67.0,36.529289,127.264798,12,세종특별시
2026-06-18T10:15:09+09:00,GBIKE,130262,65.0,36.529313,127.264306,12,세종특별시
2026-06-18T10:15:09+09:00,GBIKE,501222,31.0,36.52933,127.264323,12,세종특별시
2026-06-18T10:15:09+09:00,GBIKE,130810,32.0,36.529354,127.264282,12,세종특별시
2026-06-18T10:15:09+09:00,GBIKE,130530,30.0,36.529456,127.264435,12,세종특별시
2026-06-18T10:15:09+09:00,GBIKE,131733,100.0,36.529462,127.267866,12,세종특별시
2026-06-18T10:15:09+09:00,GBIKE,131562,61.0,36.529471,127.264485,12,세종특별시
2026-06-18T10:15:09+09:00,GBIKE,131723,82.0,36.529505,127.264448,12,세종특별시
2026-06-18T10:15:09+09:00,GBIKE,130312,30.0,36.529507,127.264418,12,세종특별시
2026-06-18T10:15:09+09:00,GBIKE,131372,69.0,36.529594,127.268013,12,세종특별시
2026-06-18T10:15:09+09:00,GBIKE,131044,95.0,36.529738,127.255013,12,세종특별시
2026-06-18T10:15:09+09:00,GBIKE,130803,30.0,36.529742,127.255153,12,세종특별시
2026-06-18T10:15:09+09:00,GBIKE,501174,56.0,36.529743,127.255025,12,세종특별시
2026-06-18T10:15:09+09:00,GBIKE,130499,99.0,36.529761,127.255063,12,세종특별시
2026-06-18T10:15:09+09:00,GBIKE,131212,75.0,36.529762,127.254972,12,세종특별시
2026-06-18T10:15:09+09:00,GBIKE,131383,100.0,36.529765,127.254876,12,세종특별시
2026-06-18T10:15:09+09:00,GBIKE,131010,91.0,36.529768,127.255224,12,세종특별시
2026-06-18T10:15:09+09:00,GBIKE,131929,77.0,36.529768,127.255132,12,세종특별시
2026-06-18T10:15:09+09:00,GBIKE,501388,35.0,36.529772,127.255231,12,세종특별시
2026-06-18T10:15:09+09:00,GBIKE,130753,100.0,36.529779,127.254875,12,세종특별시
2026-06-18T10:15:09+09:00,GBIKE,130764,56.0,36.529779,127.254978,12,세종특별시
2026-06-18T10:15:09+09:00,GBIKE,131582,45.0,36.52978,127.254909,12,세종특별시
2026-06-18T10:15:09+09:00,GBIKE,130317,100.0,36.529785,127.254931,12,세종특별시
2026-06-18T10:15:09+09:00,GBIKE,131957,32.0,36.529785,127.254943,12,세종특별시
2026-06-18T10:15:09+09:00,GBIKE,131658,73.0,36.529786,127.254844,12,세종특별시
2026-06-18T10:15:09+09:00,GBIKE,131907,100.0,36.529786,127.254911,12,세종특별시
2026-06-18T10:15:09+09:00,GBIKE,131394,100.0,36.529796,127.254946,12,세종특별시
2026-06-18T10:15:09+09:00,GBIKE,131938,57.0,36.529796,127.25517,12,세종특별시
2026-06-18T10:15:09+09:00,GBIKE,131426,57.0,36.529806,127.254897,12,세종특별시
2026-06-18T10:15:09+09:00,GBIKE,131021,100.0,36.529823,127.254909,12,세종특별시
2026-06-18T10:15:09+09:00,GBIKE,131251,62.0,36.529827,127.254845,12,세종특별시
2026-06-18T10:15:09+09:00,GBIKE,131489,44.0,36.529836,127.256038,12,세종특별시
2026-06-18T10:15:09+09:00,GBIKE,130802,39.0,36.529921,127.25512,12,세종특별시
2026-06-18T10:15:09+09:00,GBIKE,131584,30.0,36.530123,127.258876,12,세종특별시
2026-06-18T10:15:09+09:00,GBIKE,501488,72.0,36.530159,127.267342,12,세종특별시
2026-06-18T10:15:09+09:00,GBIKE,501369,100.0,36.530173,127.258683,12,세종특별시
2026-06-18T10:15:09+09:00,GBIKE,131493,77.0,36.530317,127.265415,12,세종특별시
2026-06-18T10:15:09+09:00,GBIKE,130413,80.0,36.530423,127.26544,12,세종특별시
2026-06-18T10:15:09+09:00,GBIKE,131281,43.0,36.53043,127.254882,12,세종특별시
2026-06-18T10:15:09+09:00,GBIKE,131553,100.0,36.530435,127.266203,12,세종특별시
2026-06-18T10:15:09+09:00,GBIKE,501474,76.0,36.530442,127.266872,12,세종특별시
2026-06-18T10:15:09+09:00,GBIKE,130806,55.0,36.530462,127.25483,12,세종특별시
2026-06-18T10:15:09+09:00,GBIKE,130028,100.0,36.53055,127.253895,12,세종특별시
2026-06-18T10:15:09+09:00,GBIKE,131186,30.0,36.530709,127.265855,12,세종특별시
2026-06-18T10:15:09+09:00,GBIKE,131814,65.0,36.530722,127.25468,12,세종특별시
2026-06-18T10:15:09+09:00,GBIKE,130658,54.0,36.530734,127.254349,12,세종특별시
2026-06-18T10:15:09+09:00,GBIKE,130684,31.0,36.530757,127.262284,12,세종특별시
2026-06-18T10:15:09+09:00,GBIKE,130105,67.0,36.530872,127.262538,12,세종특별시
2026-06-18T10:15:09+09:00,GBIKE,131446,79.0,36.530878,127.262501,12,세종특별시
2026-06-18T10:15:09+09:00,GBIKE,130585,100.0,36.530894,127.25356,12,세종특별시
2026-06-18T10:15:09+09:00,GBIKE,130513,55.0,36.530906,127.253555,12,세종특별시
2026-06-18T10:15:09+09:00,GBIKE,131736,45.0,36.53091,127.253074,12,세종특별시
2026-06-18T10:15:09+09:00,GBIKE,131592,53.0,36.530911,127.253098,12,세종특별시
2026-06-18T10:15:09+09:00,GBIKE,130297,81.0,36.530917,127.253542,12,세종특별시
2026-06-18T10:15:09+09:00,GBIKE,130586,100.0,36.530948,127.253552,12,세종특별시
2026-06-18T10:15:09+09:00,GBIKE,130919,39.0,36.530993,127.264602,12,세종특별시
2026-06-18T10:15:09+09:00,GBIKE,343326,35.0,36.531011,127.259373,12,세종특별시
2026-06-18T10:15:09+09:00,GBIKE,130890,67.0,36.531037,127.25362,12,세종특별시
2026-06-18T10:15:09+09:00,GBIKE,131958,83.0,36.53106,127.253968,12,세종특별시
2026-06-18T10:15:09+09:00,GBIKE,130690,60.0,36.531095,127.245813,12,세종특별시
2026-06-18T10:15:09+09:00,GBIKE,501550,100.0,36.531111,127.266374,12,세종특별시
2026-06-18T10:15:09+09:00,GBIKE,131245,72.0,36.531128,127.253977,12,세종특별시
2026-06-18T10:15:09+09:00,GBIKE,131391,64.0,36.531139,127.245748,12,세종특별시
2026-06-18T10:15:09+09:00,GBIKE,130457,39.0,36.53119,127.253967,12,세종특별시
2026-06-18T10:15:09+09:00,GBIKE,130671,38.0,36.531206,127.267715,12,세종특별시
2026-06-18T10:15:09+09:00,GBIKE,130882,76.0,36.531305,127.254013,12,세종특별시
2026-06-18T10:15:09+09:00,GBIKE,131437,56.0,36.531306,127.254064,12,세종특별시
2026-06-18T10:15:09+09:00,GBIKE,130582,100.0,36.531439,127.25405,12,세종특별시
2026-06-18T10:15:09+09:00,GBIKE,131413,30.0,36.531501,127.265552,12,세종특별시
2026-06-18T10:15:09+09:00,GBIKE,131706,79.0,36.531505,127.265448,12,세종특별시
2026-06-18T10:15:09+09:00,GBIKE,130948,34.0,36.5316,127.24518,12,세종특별시
2026-06-18T10:15:09+09:00,GBIKE,501216,70.0,36.531633,127.245247,12,세종특별시
2026-06-18T10:15:09+09:00,GBIKE,130641,56.0,36.531718,127.261576,12,세종특별시
2026-06-18T10:15:09+09:00,GBIKE,131676,30.0,36.531917,127.268667,12,세종특별시
2026-06-18T10:15:09+09:00,GBIKE,131769,73.0,36.532171,127.265697,12,세종특별시
2026-06-18T10:15:09+09:00,GBIKE,131170,100.0,36.53219,127.264316,12,세종특별시
2026-06-18T10:15:09+09:00,GBIKE,130097,77.0,36.532363,127.265562,12,세종특별시
2026-06-18T10:15:09+09:00,GBIKE,130648,30.0,36.5324,127.265261,12,세종특별시
2026-06-18T10:15:09+09:00,GBIKE,501240,30.0,36.532582,127.257046,12,세종특별시
2026-06-18T10:15:09+09:00,GBIKE,501156,100.0,36.532794,127.265268,12,세종특별시
2026-06-18T10:15:09+09:00,GBIKE,130325,39.0,36.533499,127.266284,12,세종특별시
2026-06-18T10:15:09+09:00,GBIKE,130754,31.0,36.533522,127.266268,12,세종특별시
2026-06-18T10:15:09+09:00,GBIKE,130823,100.0,36.53359,127.266026,12,세종특별시
2026-06-18T10:15:09+09:00,GBIKE,131601,100.0,36.533614,127.266053,12,세종특별시
2026-06-18T10:15:09+09:00,GBIKE,130216,46.0,36.533651,127.266034,12,세종특별시
2026-06-18T10:15:09+09:00,GBIKE,501281,97.0,36.533667,127.266057,12,세종특별시
2026-06-18T10:15:09+09:00,GBIKE,131648,36.0,36.533688,127.266832,12,세종특별시
2026-06-18T10:15:09+09:00,GBIKE,130203,100.0,36.534622,127.263387,12,세종특별시
2026-06-18T10:15:09+09:00,GBIKE,131374,83.0,36.542647,127.364902,12,세종특별시
2026-06-18T10:15:09+09:00,GBIKE,131903,100.0,36.542689,127.364844,12,세종특별시
2026-06-18T10:15:09+09:00,GBIKE,131649,77.0,36.542704,127.364777,12,세종특별시
2026-06-18T10:15:09+09:00,GBIKE,131432,88.0,36.542718,127.364774,12,세종특별시
2026-06-18T10:15:09+09:00,GBIKE,131098,93.0,36.542727,127.364731,12,세종특별시
2026-06-18T10:15:09+09:00,GBIKE,501534,100.0,36.542759,127.364738,12,세종특별시
2026-06-18T10:15:09+09:00,GBIKE,301478,50.0,36.542767,127.36581,12,세종특별시
2026-06-18T10:15:09+09:00,GBIKE,131640,62.0,36.542778,127.364643,12,세종특별시
2026-06-18T10:15:09+09:00,GBIKE,130093,100.0,36.54278,127.364632,12,세종특별시
2026-06-18T10:15:09+09:00,GBIKE,131214,65.0,36.542783,127.364576,12,세종특별시
2026-06-18T10:15:09+09:00,GBIKE,131561,58.0,36.542838,127.364705,12,세종특별시
2026-06-18T10:15:09+09:00,GBIKE,131872,79.0,36.542859,127.3647,12,세종특별시
2026-06-18T10:15:09+09:00,GBIKE,130091,48.0,36.542863,127.364701,12,세종특별시
2026-06-18T10:15:09+09:00,GBIKE,501228,100.0,36.542868,127.364729,12,세종특별시
2026-06-18T10:15:09+09:00,GBIKE,130118,85.0,36.542869,127.364679,12,세종특별시
2026-06-18T10:15:09+09:00,GBIKE,130892,49.0,36.542875,127.36469,12,세종특별시
2026-06-18T10:15:09+09:00,GBIKE,501559,100.0,36.542932,127.36435,12,세종특별시
2026-06-18T10:15:09+09:00,GBIKE,385850,30.0,36.585196,127.369438,12,세종특별시
2026-06-18T10:15:09+09:00,GBIKE,385504,61.0,36.585886,127.295251,12,세종특별시
2026-06-18T10:15:09+09:00,GBIKE,625563,30.0,36.586432,127.293778,12,세종특별시
2026-06-18T10:15:09+09:00,GBIKE,617603,59.0,36.588485,127.292226,12,세종특별시
2026-06-18T10:15:09+09:00,GBIKE,384782,62.0,36.588676,127.291876,12,세종특별시
2026-06-18T10:15:09+09:00,GBIKE,383566,55.0,36.5888,127.27457,12,세종특별시
2026-06-18T10:15:09+09:00,GBIKE,365682,38.0,36.589265,127.298868,12,세종특별시
2026-06-18T10:15:09+09:00,GBIKE,630534,33.0,36.590556,127.291661,12,세종특별시
2026-06-18T10:15:09+09:00,GBIKE,354814,33.0,36.590928,127.289155,12,세종특별시
2026-06-18T10:15:09+09:00,GBIKE,353905,73.0,36.590971,127.289233,12,세종특별시
2026-06-18T10:15:09+09:00,GBIKE,378077,30.0,36.591423,127.29003,12,세종특별시
2026-06-18T10:15:09+09:00,GBIKE,376034,30.0,36.59153,127.295066,12,세종특별시
2026-06-18T10:15:09+09:00,GBIKE,374639,30.0,36.591551,127.29188,12,세종특별시
2026-06-18T10:15:09+09:00,GBIKE,369717,30.0,36.591691,127.29141,12,세종특별시
2026-06-18T10:15:09+09:00,GBIKE,381716,34.0,36.591911,127.295605,12,세종특별시
2026-06-18T10:15:09+09:00,GBIKE,381538,86.0,36.59202,127.295131,12,세종특별시
2026-06-18T10:15:09+09:00,GBIKE,612853,33.0,36.592822,127.28479,12,세종특별시
2026-06-18T10:15:09+09:00,GBIKE,380931,30.0,36.593283,127.291471,12,세종특별시
2026-06-18T10:15:09+09:00,GBIKE,392507,47.0,36.593731,127.285718,12,세종특별시
2026-06-18T10:15:09+09:00,GBIKE,377296,80.0,36.594473,127.287015,12,세종특별시
2026-06-18T10:15:09+09:00,GBIKE,375544,36.0,36.594608,127.28848,12,세종특별시
2026-06-18T10:15:09+09:00,GBIKE,384327,45.0,36.594708,127.291135,12,세종특별시
2026-06-18T10:15:09+09:00,GBIKE,380917,50.0,36.59472,127.284578,12,세종특별시
2026-06-18T10:15:09+09:00,GBIKE,383788,30.0,36.594758,127.285415,12,세종특별시
2026-06-18T10:15:09+09:00,GBIKE,390480,92.0,36.594985,127.27958,12,세종특별시
2026-06-18T10:15:09+09:00,GBIKE,383605,30.0,36.59501,127.289535,12,세종특별시
2026-06-18T10:15:09+09:00,GBIKE,355960,38.0,36.595321,127.290861,12,세종특별시
2026-06-18T10:15:09+09:00,GBIKE,371981,30.0,36.595326,127.290863,12,세종특별시
2026-06-18T10:15:09+09:00,GBIKE,607530,37.0,36.595478,127.291181,12,세종특별시
2026-06-18T10:15:09+09:00,GBIKE,384350,33.0,36.596916,127.300061,12,세종특별시
2026-06-18T10:15:09+09:00,GBIKE,613103,43.0,36.596964,127.30177,12,세종특별시
2026-06-18T10:15:09+09:00,GBIKE,347317,57.0,36.598628,127.29031,12,세종특별시
2026-06-18T10:15:09+09:00,GBIKE,639358,33.0,36.598651,127.290332,12,세종특별시
2026-06-18T10:15:09+09:00,GBIKE,389748,78.0,36.59963,127.29012,12,세종특별시
2026-06-18T10:15:09+09:00,GBIKE,614001,36.0,36.599921,127.298397,12,세종특별시
2026-06-18T10:15:09+09:00,GBIKE,377732,87.0,36.60014,127.301511,12,세종특별시
2026-06-18T10:15:09+09:00,GBIKE,386976,69.0,36.60021,127.298361,12,세종특별시
2026-06-18T10:15:09+09:00,GBIKE,367806,69.0,36.60032,127.29523,12,세종특별시
2026-06-18T10:15:09+09:00,GBIKE,382545,46.0,36.600483,127.301911,12,세종특별시
2026-06-18T10:15:09+09:00,GBIKE,620595,93.0,36.60053,127.301249,12,세종특별시
2026-06-18T10:15:09+09:00,GBIKE,377794,38.0,36.60064,127.290065,12,세종특별시
2026-06-18T10:15:09+09:00,GBIKE,365321,96.0,36.60083,127.302533,12,세종특별시
2026-06-18T10:15:09+09:00,GBIKE,371887,71.0,36.600851,127.295216,12,세종특별시
2026-06-18T10:15:09+09:00,GBIKE,375444,50.0,36.601028,127.29503,12,세종특별시
2026-06-18T10:15:09+09:00,GBIKE,625542,36.0,36.601098,127.29512,12,세종특별시
2026-06-18T10:15:09+09:00,GBIKE,631829,83.0,36.601105,127.289385,12,세종특별시
2026-06-18T10:15:09+09:00,GBIKE,621289,33.0,36.60132,127.295093,12,세종특별시
2026-06-18T10:15:09+09:00,GBIKE,632897,73.0,36.601549,127.294797,12,세종특별시
2026-06-18T10:15:09+09:00,GBIKE,631918,68.0,36.601551,127.281079,12,세종특별시
2026-06-18T10:15:09+09:00,GBIKE,394153,40.0,36.601588,127.29417,12,세종특별시
2026-06-18T10:15:09+09:00,GBIKE,636622,89.0,36.60172,127.303358,12,세종특별시
2026-06-18T10:15:09+09:00,GBIKE,384300,50.0,36.601773,127.303378,12,세종특별시
2026-06-18T10:15:09+09:00,GBIKE,613735,44.0,36.601782,127.29497,12,세종특별시
2026-06-18T10:15:09+09:00,GBIKE,618953,71.0,36.601854,127.281302,12,세종특별시
2026-06-18T10:15:09+09:00,GBIKE,367059,48.0,36.601883,127.280045,12,세종특별시
2026-06-18T10:15:09+09:00,GBIKE,365775,37.0,36.601926,127.294901,12,세종특별시
2026-06-18T10:15:09+09:00,GBIKE,345485,30.0,36.601953,127.294798,12,세종특별시
2026-06-18T10:15:09+09:00,GBIKE,373224,67.0,36.60202,127.290093,12,세종특별시
2026-06-18T10:15:09+09:00,GBIKE,366495,52.0,36.602031,127.285033,12,세종특별시
2026-06-18T10:15:09+09:00,GBIKE,615828,40.0,36.602039,127.281579,12,세종특별시
2026-06-18T10:15:09+09:00,GBIKE,370121,74.0,36.602081,127.284898,12,세종특별시
2026-06-18T10:15:09+09:00,GBIKE,383829,50.0,36.602093,127.29221,12,세종특별시
2026-06-18T10:15:09+09:00,GBIKE,383706,31.0,36.602133,127.294841,12,세종특별시
2026-06-18T10:15:09+09:00,GBIKE,346312,100.0,36.602158,127.292421,12,세종특별시
2026-06-18T10:15:09+09:00,GBIKE,347574,55.0,36.602485,127.294848,12,세종특별시
2026-06-18T10:15:09+09:00,GBIKE,611872,40.0,36.602492,127.291517,12,세종특별시
2026-06-18T10:15:09+09:00,GBIKE,368833,76.0,36.602531,127.285783,12,세종특별시
2026-06-18T10:15:09+09:00,GBIKE,388650,100.0,36.602585,127.303388,12,세종특별시
2026-06-18T10:15:09+09:00,GBIKE,368846,82.0,36.602721,127.291133,12,세종특별시
2026-06-18T10:15:09+09:00,GBIKE,383734,55.0,36.602956,127.279865,12,세종특별시
2026-06-18T10:15:09+09:00,GBIKE,351964,35.0,36.603023,127.289603,12,세종특별시
2026-06-18T10:15:09+09:00,GBIKE,614604,84.0,36.603062,127.289978,12,세종특별시
2026-06-18T10:15:09+09:00,GBIKE,612261,37.0,36.603169,127.289502,12,세종특별시
2026-06-18T10:15:09+09:00,GBIKE,347727,36.0,36.603175,127.290663,12,세종특별시
2026-06-18T10:15:09+09:00,GBIKE,362212,32.0,36.603246,127.290401,12,세종특별시
2026-06-18T10:15:09+09:00,GBIKE,383623,40.0,36.603268,127.29155,12,세종특별시
2026-06-18T10:15:09+09:00,GBIKE,392234,39.0,36.603326,127.291408,12,세종특별시
2026-06-18T10:15:09+09:00,GBIKE,624613,61.0,36.603384,127.291344,12,세종특별시
2026-06-18T10:15:09+09:00,GBIKE,635165,92.0,36.60339,127.291923,12,세종특별시
2026-06-18T10:15:09+09:00,GBIKE,628466,34.0,36.603394,127.304844,12,세종특별시
2026-06-18T10:15:09+09:00,GBIKE,604011,31.0,36.603415,127.289525,12,세종특별시
2026-06-18T10:15:09+09:00,GBIKE,379750,35.0,36.603455,127.289576,12,세종특별시
2026-06-18T10:15:09+09:00,GBIKE,629818,39.0,36.603475,127.289554,12,세종특별시
2026-06-18T10:15:09+09:00,GBIKE,623385,94.0,36.603615,127.293166,12,세종특별시
2026-06-18T10:15:09+09:00,GBIKE,612617,37.0,36.603628,127.293717,12,세종특별시
2026-06-18T10:15:09+09:00,GBIKE,618900,52.0,36.603693,127.291042,12,세종특별시
2026-06-18T10:15:09+09:00,GBIKE,636806,67.0,36.603693,127.29099,12,세종특별시
2026-06-18T10:15:09+09:00,GBIKE,625200,92.0,36.6037,127.296151,12,세종특별시
2026-06-18T10:15:09+09:00,GBIKE,389105,36.0,36.603756,127.29647,12,세종특별시
2026-06-18T10:15:09+09:00,GBIKE,367389,39.0,36.603765,127.291613,12,세종특별시
2026-06-18T10:15:09+09:00,GBIKE,610809,78.0,36.60377,127.296428,12,세종특별시
2026-06-18T10:15:09+09:00,GBIKE,635969,67.0,36.603844,127.297523,12,세종특별시
2026-06-18T10:15:09+09:00,GBIKE,386474,54.0,36.60387,127.291251,12,세종특별시
2026-06-18T10:15:09+09:00,GBIKE,377781,98.0,36.60389,127.297235,12,세종특별시
2026-06-18T10:15:09+09:00,GBIKE,375093,36.0,36.603908,127.287095,12,세종특별시
2026-06-18T10:15:09+09:00,GBIKE,601083,77.0,36.603925,127.296718,12,세종특별시
2026-06-18T10:15:09+09:00,GBIKE,390746,74.0,36.603953,127.297906,12,세종특별시
2026-06-18T10:15:09+09:00,GBIKE,625142,40.0,36.604138,127.298802,12,세종특별시
2026-06-18T10:15:09+09:00,GBIKE,374614,92.0,36.604291,127.29702,12,세종특별시
2026-06-18T10:15:09+09:00,GBIKE,631743,30.0,36.604379,127.300764,12,세종특별시
2026-06-18T10:15:09+09:00,GBIKE,382652,49.0,36.604388,127.300781,12,세종특별시
2026-06-18T10:15:09+09:00,GBIKE,616296,42.0,36.604392,127.291116,12,세종특별시
2026-06-18T10:15:09+09:00,GBIKE,382570,31.0,36.604525,127.292483,12,세종특별시
2026-06-18T10:15:09+09:00,GBIKE,386357,30.0,36.604553,127.292516,12,세종특별시
2026-06-18T10:15:09+09:00,GBIKE,369480,90.0,36.604595,127.29248,12,세종특별시
2026-06-18T10:15:09+09:00,GBIKE,383739,37.0,36.604771,127.290681,12,세종특별시
2026-06-18T10:15:09+09:00,GBIKE,375330,43.0,36.60484,127.294293,12,세종특별시
2026-06-18T10:15:09+09:00,GBIKE,624058,69.0,36.604922,127.292441,12,세종특별시
2026-06-18T10:15:09+09:00,GBIKE,629532,30.0,36.604938,127.287893,12,세종특별시
2026-06-18T10:15:09+09:00,GBIKE,332032,67.0,36.605026,127.293215,12,세종특별시
2026-06-18T10:15:09+09:00,GBIKE,633367,90.0,36.605102,127.289948,12,세종특별시
2026-06-18T10:15:09+09:00,GBIKE,381375,92.0,36.605318,127.297415,12,세종특별시
2026-06-18T10:15:09+09:00,GBIKE,385508,86.0,36.605336,127.292276,12,세종특별시
2026-06-18T10:15:09+09:00,GBIKE,383611,37.0,36.605481,127.292665,12,세종특별시
2026-06-18T10:15:09+09:00,GBIKE,386463,60.0,36.605505,127.288511,12,세종특별시
2026-06-18T10:15:09+09:00,GBIKE,368537,49.0,36.605621,127.292765,12,세종특별시
2026-06-18T10:15:09+09:00,GBIKE,383781,30.0,36.60563,127.300511,12,세종특별시
2026-06-18T10:15:09+09:00,GBIKE,620391,89.0,36.605719,127.294068,12,세종특별시
2026-06-18T10:15:09+09:00,GBIKE,387673,100.0,36.60572,127.294081,12,세종특별시
2026-06-18T10:15:09+09:00,GBIKE,384693,38.0,36.605725,127.297435,12,세종특별시
2026-06-18T10:15:09+09:00,GBIKE,383778,34.0,36.605735,127.289481,12,세종특별시
2026-06-18T10:15:09+09:00,GBIKE,367523,45.0,36.605761,127.294171,12,세종특별시
2026-06-18T10:15:09+09:00,GBIKE,367102,76.0,36.605763,127.292136,12,세종특별시
2026-06-18T10:15:09+09:00,GBIKE,637354,67.0,36.605882,127.292247,12,세종특별시
2026-06-18T10:15:09+09:00,GBIKE,376326,30.0,36.605958,127.286655,12,세종특별시
2026-06-18T10:15:09+09:00,GBIKE,384302,57.0,36.606028,127.277433,12,세종특별시
2026-06-18T10:15:09+09:00,GBIKE,617890,44.0,36.606096,127.294011,12,세종특별시
2026-06-18T10:15:09+09:00,GBIKE,384342,50.0,36.606113,127.293325,12,세종특별시
2026-06-18T10:15:09+09:00,GBIKE,630536,90.0,36.606219,127.289894,12,세종특별시
2026-06-18T10:15:09+09:00,GBIKE,382436,32.0,36.60623,127.289673,12,세종특별시
2026-06-18T10:15:09+09:00,GBIKE,391985,86.0,36.606243,127.293175,12,세종특별시
2026-06-18T10:15:09+09:00,GBIKE,394330,69.0,36.60638,127.294115,12,세종특별시
2026-06-18T10:15:09+09:00,GBIKE,636680,32.0,36.606696,127.291471,12,세종특별시
2026-06-18T10:15:09+09:00,GBIKE,374569,31.0,36.606853,127.293958,12,세종특별시
2026-06-18T10:15:09+09:00,GBIKE,617731,86.0,36.606856,127.291058,12,세종특별시
2026-06-18T10:15:09+09:00,GBIKE,388632,73.0,36.606991,127.290141,12,세종특별시
2026-06-18T10:15:09+09:00,GBIKE,345320,82.0,36.607011,127.284333,12,세종특별시
2026-06-18T10:15:09+09:00,GBIKE,369515,31.0,36.607013,127.29047,12,세종특별시
2026-06-18T10:15:09+09:00,GBIKE,384363,40.0,36.607076,127.283635,12,세종특별시
2026-06-18T10:15:09+09:00,GBIKE,375527,31.0,36.6071,127.284493,12,세종특별시
2026-06-18T10:15:09+09:00,GBIKE,368384,50.0,36.607103,127.283605,12,세종특별시
2026-06-18T10:15:09+09:00,GBIKE,365501,61.0,36.607105,127.284271,12,세종특별시
2026-06-18T10:15:09+09:00,GBIKE,619363,48.0,36.607155,127.291906,12,세종특별시
2026-06-18T10:15:09+09:00,GBIKE,375058,53.0,36.60717,127.28461,12,세종특별시
2026-06-18T10:15:09+09:00,GBIKE,377098,63.0,36.607175,127.284298,12,세종특별시
2026-06-18T10:15:09+09:00,GBIKE,364617,75.0,36.607196,127.284218,12,세종특별시
2026-06-18T10:15:09+09:00,GBIKE,611309,88.0,36.607266,127.28611,12,세종특별시
2026-06-18T10:15:09+09:00,GBIKE,365795,41.0,36.607318,127.286208,12,세종특별시
2026-06-18T10:15:09+09:00,GBIKE,348952,100.0,36.607323,127.286298,12,세종특별시
2026-06-18T10:15:09+09:00,GBIKE,394908,86.0,36.607328,127.28633,12,세종특별시
2026-06-18T10:15:09+09:00,GBIKE,368132,38.0,36.607418,127.29245,12,세종특별시
2026-06-18T10:15:09+09:00,GBIKE,624662,69.0,36.607442,127.289475,12,세종특별시
2026-06-18T10:15:09+09:00,GBIKE,602329,84.0,36.607733,127.297113,12,세종특별시
2026-06-18T10:15:09+09:00,GBIKE,630518,65.0,36.607867,127.285658,12,세종특별시
2026-06-18T10:15:09+09:00,GBIKE,392394,71.0,36.607936,127.292711,12,세종특별시
2026-06-18T10:15:09+09:00,GBIKE,638316,67.0,36.608014,127.289861,12,세종특별시
2026-06-18T10:15:09+09:00,GBIKE,348243,95.0,36.608046,127.289146,12,세종특별시
2026-06-18T10:15:09+09:00,GBIKE,628775,95.0,36.608128,127.285122,12,세종특별시
2026-06-18T10:15:09+09:00,GBIKE,608840,54.0,36.608148,127.288329,12,세종특별시
2026-06-18T10:15:09+09:00,GBIKE,347335,39.0,36.608196,127.288551,12,세종특별시
2026-06-18T10:15:09+09:00,GBIKE,384361,94.0,36.608205,127.288313,12,세종특별시
2026-06-18T10:15:09+09:00,GBIKE,637500,30.0,36.608215,127.291314,12,세종특별시
2026-06-18T10:15:09+09:00,GBIKE,386032,47.0,36.608238,127.29124,12,세종특별시
2026-06-18T10:15:09+09:00,GBIKE,381932,90.0,36.608248,127.284341,12,세종특별시
2026-06-18T10:15:09+09:00,GBIKE,638395,49.0,36.608272,127.28558,12,세종특별시
2026-06-18T10:15:09+09:00,GBIKE,633047,66.0,36.60833,127.289103,12,세종특별시
2026-06-18T10:15:09+09:00,GBIKE,628141,81.0,36.608351,127.28397,12,세종특별시
2026-06-18T10:15:09+09:00,GBIKE,381658,46.0,36.60842,127.28834,12,세종특별시
2026-06-18T10:15:09+09:00,GBIKE,387871,69.0,36.608436,127.288336,12,세종특별시
2026-06-18T10:15:09+09:00,GBIKE,384694,37.0,36.608473,127.285696,12,세종특별시
2026-06-18T10:15:09+09:00,GBIKE,384378,39.0,36.608506,127.283953,12,세종특별시
2026-06-18T10:15:09+09:00,GBIKE,627925,71.0,36.608518,127.285617,12,세종특별시
2026-06-18T10:15:09+09:00,GBIKE,375487,31.0,36.60852,127.289178,12,세종특별시
2026-06-18T10:15:09+09:00,GBIKE,370374,31.0,36.608611,127.289476,12,세종특별시
2026-06-18T10:15:09+09:00,GBIKE,369487,30.0,36.608613,127.289291,12,세종특별시
2026-06-18T10:15:09+09:00,GBIKE,381468,80.0,36.608633,127.283736,12,세종특별시
2026-06-18T10:15:09+09:00,GBIKE,389216,79.0,36.608653,127.289148,12,세종특별시
2026-06-18T10:15:09+09:00,GBIKE,370217,73.0,36.608655,127.283785,12,세종특별시
2026-06-18T10:15:09+09:00,GBIKE,388389,88.0,36.608656,127.283895,12,세종특별시
2026-06-18T10:15:09+09:00,GBIKE,388764,42.0,36.608658,127.283885,12,세종특별시
2026-06-18T10:15:09+09:00,GBIKE,381351,66.0,36.608661,127.28384,12,세종특별시
2026-06-18T10:15:09+09:00,GBIKE,373770,91.0,36.608663,127.288871,12,세종특별시
2026-06-18T10:15:09+09:00,GBIKE,392829,87.0,36.608666,127.28885,12,세종특별시
2026-06-18T10:15:09+09:00,GBIKE,383266,98.0,36.608671,127.28369,12,세종특별시
2026-06-18T10:15:09+09:00,GBIKE,368693,52.0,36.608673,127.283815,12,세종특별시
2026-06-18T10:15:09+09:00,GBIKE,371895,63.0,36.608673,127.283775,12,세종특별시
2026-06-18T10:15:09+09:00,GBIKE,383197,86.0,36.608673,127.283971,12,세종특별시
2026-06-18T10:15:09+09:00,GBIKE,387829,51.0,36.608675,127.288863,12,세종특별시
2026-06-18T10:15:09+09:00,GBIKE,377780,89.0,36.60868,127.289008,12,세종특별시
2026-06-18T10:15:09+09:00,GBIKE,387860,49.0,36.60868,127.283845,12,세종특별시
2026-06-18T10:15:09+09:00,GBIKE,383321,88.0,36.608685,127.283768,12,세종특별시
2026-06-18T10:15:09+09:00,GBIKE,389159,98.0,36.608688,127.283816,12,세종특별시
2026-06-18T10:15:09+09:00,GBIKE,385640,41.0,36.608695,127.283868,12,세종특별시
2026-06-18T10:15:09+09:00,GBIKE,382936,48.0,36.608698,127.283861,12,세종특별시
2026-06-18T10:15:09+09:00,GBIKE,369437,77.0,36.6087,127.289163,12,세종특별시
2026-06-18T10:15:09+09:00,GBIKE,388893,63.0,36.608701,127.283756,12,세종특별시
2026-06-18T10:15:09+09:00,GBIKE,389490,80.0,36.608706,127.283846,12,세종특별시
2026-06-18T10:15:09+09:00,GBIKE,608280,99.0,36.608707,127.289116,12,세종특별시
2026-06-18T10:15:09+09:00,GBIKE,384392,72.0,36.608708,127.283821,12,세종특별시
2026-06-18T10:15:09+09:00,GBIKE,389295,100.0,36.608708,127.283791,12,세종특별시
2026-06-18T10:15:09+09:00,GBIKE,392076,82.0,36.608708,127.283758,12,세종특별시
2026-06-18T10:15:09+09:00,GBIKE,369472,74.0,36.60871,127.283756,12,세종특별시
2026-06-18T10:15:09+09:00,GBIKE,383883,79.0,36.608713,127.283758,12,세종특별시
2026-06-18T10:15:09+09:00,GBIKE,372626,62.0,36.608716,127.283788,12,세종특별시
2026-06-18T10:15:09+09:00,GBIKE,376044,48.0,36.608716,127.283813,12,세종특별시
2026-06-18T10:15:09+09:00,GBIKE,382510,56.0,36.608716,127.283715,12,세종특별시
2026-06-18T10:15:09+09:00,GBIKE,376304,89.0,36.608718,127.283881,12,세종특별시
2026-06-18T10:15:09+09:00,GBIKE,384555,100.0,36.608723,127.283723,12,세종특별시
2026-06-18T10:15:09+09:00,GBIKE,367411,81.0,36.608725,127.288913,12,세종특별시
2026-06-18T10:15:09+09:00,GBIKE,347346,31.0,36.608728,127.283776,12,세종특별시
2026-06-18T10:15:09+09:00,GBIKE,366505,43.0,36.608728,127.283965,12,세종특별시
2026-06-18T10:15:09+09:00,GBIKE,368100,70.0,36.608728,127.289081,12,세종특별시
2026-06-18T10:15:09+09:00,GBIKE,364370,77.0,36.608731,127.283756,12,세종특별시
2026-06-18T10:15:09+09:00,GBIKE,611134,50.0,36.608732,127.2918,12,세종특별시
2026-06-18T10:15:09+09:00,GBIKE,371898,100.0,36.608733,127.283785,12,세종특별시
2026-06-18T10:15:09+09:00,GBIKE,347357,43.0,36.608735,127.28912,12,세종특별시
2026-06-18T10:15:09+09:00,GBIKE,383553,51.0,36.608735,127.28378,12,세종특별시
2026-06-18T10:15:09+09:00,GBIKE,387855,60.0,36.608735,127.289053,12,세종특별시
2026-06-18T10:15:09+09:00,GBIKE,374638,44.0,36.608736,127.283835,12,세종특별시
2026-06-18T10:15:09+09:00,GBIKE,367103,81.0,36.608745,127.283795,12,세종특별시
2026-06-18T10:15:09+09:00,GBIKE,630894,86.0,36.608749,127.283874,12,세종특별시
2026-06-18T10:15:09+09:00,GBIKE,375524,81.0,36.60875,127.283925,12,세종특별시
2026-06-18T10:15:09+09:00,GBIKE,348558,100.0,36.608753,127.289083,12,세종특별시
2026-06-18T10:15:09+09:00,GBIKE,374386,58.0,36.608755,127.283811,12,세종특별시
2026-06-18T10:15:09+09:00,GBIKE,363877,72.0,36.608756,127.283858,12,세종특별시
2026-06-18T10:15:09+09:00,GBIKE,367058,46.0,36.608756,127.28402,12,세종특별시
2026-06-18T10:15:09+09:00,GBIKE,378828,39.0,36.608756,127.288828,12,세종특별시
2026-06-18T10:15:09+09:00,GBIKE,377483,85.0,36.608758,127.283901,12,세종특별시
2026-06-18T10:15:09+09:00,GBIKE,381308,44.0,36.608761,127.28375,12,세종특별시
2026-06-18T10:15:09+09:00,GBIKE,392296,44.0,36.608761,127.289095,12,세종특별시
2026-06-18T10:15:09+09:00,GBIKE,625620,50.0,36.608764,127.283832,12,세종특별시
2026-06-18T10:15:09+09:00,GBIKE,375391,100.0,36.608765,127.289071,12,세종특별시
2026-06-18T10:15:09+09:00,GBIKE,384358,92.0,36.60877,127.283773,12,세종특별시
2026-06-18T10:15:09+09:00,GBIKE,365780,59.0,36.608771,127.283936,12,세종특별시
2026-06-18T10:15:09+09:00,GBIKE,390703,51.0,36.608776,127.283936,12,세종특별시
2026-06-18T10:15:09+09:00,GBIKE,385514,50.0,36.60878,127.283928,12,세종특별시
2026-06-18T10:15:09+09:00,GBIKE,345843,59.0,36.608781,127.283948,12,세종특별시
2026-06-18T10:15:09+09:00,GBIKE,385642,42.0,36.608786,127.28389,12,세종특별시
2026-06-18T10:15:09+09:00,GBIKE,387312,56.0,36.608793,127.283931,12,세종특별시
2026-06-18T10:15:09+09:00,GBIKE,355329,63.0,36.608795,127.283898,12,세종특별시
2026-06-18T10:15:09+09:00,GBIKE,623340,53.0,36.608796,127.283872,12,세종특별시
2026-06-18T10:15:09+09:00,GBIKE,365565,87.0,36.608801,127.283926,12,세종특별시
2026-06-18T10:15:09+09:00,GBIKE,369424,30.0,36.608805,127.28383,12,세종특별시
2026-06-18T10:15:09+09:00,GBIKE,367718,68.0,36.608821,127.283916,12,세종특별시
2026-06-18T10:15:09+09:00,GBIKE,382588,94.0,36.60883,127.283931,12,세종특별시
2026-06-18T10:15:09+09:00,GBIKE,612172,51.0,36.608833,127.288873,12,세종특별시
2026-06-18T10:15:09+09:00,GBIKE,622703,100.0,36.608835,127.288884,12,세종특별시
2026-06-18T10:15:09+09:00,GBIKE,365828,60.0,36.608836,127.28909,12,세종특별시
2026-06-18T10:15:09+09:00,GBIKE,615848,100.0,36.608855,127.288909,12,세종특별시
2026-06-18T10:15:09+09:00,GBIKE,377729,46.0,36.608858,127.28394,12,세종특별시
2026-06-18T10:15:09+09:00,GBIKE,395237,100.0,36.608878,127.289061,12,세종특별시
2026-06-18T10:15:09+09:00,GBIKE,604326,71.0,36.608928,127.293316,12,세종특별시
2026-06-18T10:15:09+09:00,GBIKE,365566,54.0,36.609043,127.286016,12,세종특별시
2026-06-18T10:15:09+09:00,GBIKE,374050,90.0,36.609051,127.286048,12,세종특별시
2026-06-18T10:15:09+09:00,GBIKE,367416,41.0,36.609058,127.286045,12,세종특별시
2026-06-18T10:15:09+09:00,GBIKE,638332,54.0,36.609065,127.286077,12,세종특별시
2026-06-18T10:15:09+09:00,GBIKE,390561,44.0,36.609071,127.286013,12,세종특별시
2026-06-18T10:15:09+09:00,GBIKE,632681,63.0,36.609072,127.286006,12,세종특별시
2026-06-18T10:15:09+09:00,GBIKE,372868,89.0,36.609093,127.286073,12,세종특별시
2026-06-18T10:15:09+09:00,GBIKE,390484,34.0,36.6091,127.28609,12,세종특별시
2026-06-18T10:15:09+09:00,GBIKE,637872,30.0,36.609101,127.286029,12,세종특별시
2026-06-18T10:15:09+09:00,GBIKE,380915,30.0,36.60911,127.285976,12,세종특별시
2026-06-18T10:15:09+09:00,GBIKE,376390,88.0,36.609111,127.286063,12,세종특별시
2026-06-18T10:15:09+09:00,GBIKE,352300,44.0,36.609113,127.286131,12,세종특별시
2026-06-18T10:15:09+09:00,GBIKE,617634,39.0,36.609121,127.285972,12,세종특별시
2026-06-18T10:15:09+09:00,GBIKE,380639,34.0,36.609263,127.29129,12,세종특별시
2026-06-18T10:15:09+09:00,GBIKE,392835,42.0,36.609291,127.286093,12,세종특별시
2026-06-18T10:15:09+09:00,GBIKE,382505,100.0,36.609295,127.292561,12,세종특별시
2026-06-18T10:15:09+09:00,GBIKE,349257,32.0,36.609325,127.292735,12,세종특별시
2026-06-18T10:15:09+09:00,GBIKE,628253,34.0,36.609537,127.290191,12,세종특별시
2026-06-18T10:15:09+09:00,GBIKE,383163,92.0,36.609646,127.288595,12,세종특별시
2026-06-18T10:15:09+09:00,GBIKE,383624,83.0,36.609653,127.28689,12,세종특별시
2026-06-18T10:15:09+09:00,GBIKE,372399,33.0,36.609668,127.286911,12,세종특별시
2026-06-18T10:15:09+09:00,GBIKE,351622,56.0,36.609686,127.286905,12,세종특별시
2026-06-18T10:15:09+09:00,GBIKE,385638,32.0,36.609691,127.286855,12,세종특별시
2026-06-18T10:15:09+09:00,GBIKE,388372,33.0,36.609705,127.286891,12,세종특별시
2026-06-18T10:15:09+09:00,GBIKE,625545,93.0,36.609792,127.29323,12,세종특별시
2026-06-18T10:15:09+09:00,GBIKE,630625,30.0,36.609807,127.293207,12,세종특별시
2026-06-18T10:15:09+09:00,GBIKE,618274,63.0,36.610366,127.289146,12,세종특별시
2026-06-18T10:15:09+09:00,GBIKE,612254,68.0,36.61037,127.289115,12,세종특별시
2026-06-18T10:15:09+09:00,GBIKE,389584,33.0,36.610378,127.289981,12,세종특별시
2026-06-18T10:15:09+09:00,GBIKE,368554,42.0,36.61045,127.285581,12,세종특별시
2026-06-18T10:15:09+09:00,GBIKE,384391,52.0,36.610508,127.285671,12,세종특별시
2026-06-18T10:15:09+09:00,GBIKE,366565,31.0,36.610521,127.285605,12,세종특별시
2026-06-18T10:15:09+09:00,GBIKE,367752,49.0,36.610526,127.285571,12,세종특별시
2026-06-18T10:15:09+09:00,GBIKE,370088,92.0,36.610545,127.285535,12,세종특별시
2026-06-18T10:15:09+09:00,GBIKE,379183,64.0,36.61055,127.285566,12,세종특별시
2026-06-18T10:15:09+09:00,GBIKE,635581,84.0,36.61055,127.28553,12,세종특별시
2026-06-18T10:15:09+09:00,GBIKE,372817,95.0,36.610551,127.28553,12,세종특별시
2026-06-18T10:15:09+09:00,GBIKE,367380,48.0,36.610553,127.285513,12,세종특별시
2026-06-18T10:15:09+09:00,GBIKE,380920,44.0,36.610553,127.285558,12,세종특별시
2026-06-18T10:15:09+09:00,GBIKE,392267,100.0,36.610553,127.28552,12,세종특별시
2026-06-18T10:15:09+09:00,GBIKE,383149,31.0,36.610558,127.285518,12,세종특별시
2026-06-18T10:15:09+09:00,GBIKE,367874,45.0,36.61056,127.285526,12,세종특별시
2026-06-18T10:15:09+09:00,GBIKE,607950,40.0,36.610564,127.285533,12,세종특별시
2026-06-18T10:15:09+09:00,GBIKE,343404,35.0,36.610571,127.29318,12,세종특별시
2026-06-18T10:15:09+09:00,GBIKE,389847,33.0,36.610571,127.285556,12,세종특별시
2026-06-18T10:15:09+09:00,GBIKE,362145,95.0,36.610576,127.285481,12,세종특별시
2026-06-18T10:15:09+09:00,GBIKE,618647,32.0,36.610581,127.285511,12,세종특별시
2026-06-18T10:15:09+09:00,GBIKE,377574,47.0,36.610596,127.285521,12,세종특별시
2026-06-18T10:15:09+09:00,GBIKE,385510,30.0,36.610596,127.285491,12,세종특별시
2026-06-18T10:15:09+09:00,GBIKE,377611,65.0,36.610608,127.285515,12,세종특별시
2026-06-18T10:15:09+09:00,GBIKE,374564,48.0,36.610611,127.293485,12,세종특별시
2026-06-18T10:15:09+09:00,GBIKE,390685,33.0,36.610671,127.297201,12,세종특별시
2026-06-18T10:15:09+09:00,GBIKE,373517,39.0,36.610695,127.296733,12,세종특별시
2026-06-18T10:15:09+09:00,GBIKE,604547,64.0,36.610715,127.291438,12,세종특별시
2026-06-18T10:15:09+09:00,GBIKE,603062,70.0,36.610739,127.298356,12,세종특별시
2026-06-18T10:15:09+09:00,GBIKE,364026,49.0,36.610751,127.297315,12,세종특별시
2026-06-18T10:15:09+09:00,GBIKE,394098,32.0,36.610773,127.298521,12,세종특별시
2026-06-18T10:15:09+09:00,GBIKE,392112,30.0,36.610841,127.285911,12,세종특별시
2026-06-18T10:15:09+09:00,GBIKE,374321,33.0,36.61085,127.289985,12,세종특별시
2026-06-18T10:15:09+09:00,GBIKE,614015,62.0,36.610942,127.285846,12,세종특별시
2026-06-18T10:15:09+09:00,GBIKE,368120,100.0,36.610998,127.290035,12,세종특별시
2026-06-18T10:15:09+09:00,GBIKE,609681,70.0,36.611006,127.286195,12,세종특별시
2026-06-18T10:15:09+09:00,GBIKE,377293,30.0,36.611021,127.286191,12,세종특별시
2026-06-18T10:15:09+09:00,GBIKE,374698,56.0,36.611043,127.290075,12,세종특별시
2026-06-18T10:15:09+09:00,GBIKE,369415,51.0,36.611051,127.28611,12,세종특별시
2026-06-18T10:15:09+09:00,GBIKE,616066,54.0,36.611058,127.286196,12,세종특별시
2026-06-18T10:15:09+09:00,GBIKE,378803,30.0,36.611066,127.286173,12,세종특별시
2026-06-18T10:15:09+09:00,GBIKE,367831,92.0,36.611068,127.289945,12,세종특별시
2026-06-18T10:15:09+09:00,GBIKE,376081,57.0,36.611076,127.290128,12,세종특별시
2026-06-18T10:15:09+09:00,GBIKE,390382,64.0,36.611083,127.289985,12,세종특별시
2026-06-18T10:15:09+09:00,GBIKE,368766,59.0,36.611086,127.286118,12,세종특별시
2026-06-18T10:15:09+09:00,GBIKE,377436,89.0,36.611086,127.289978,12,세종특별시
2026-06-18T10:15:09+09:00,GBIKE,372070,33.0,36.61109,127.289973,12,세종특별시
2026-06-18T10:15:09+09:00,GBIKE,378931,89.0,36.61109,127.289996,12,세종특별시
2026-06-18T10:15:09+09:00,GBIKE,339870,72.0,36.611095,127.290046,12,세종특별시
2026-06-18T10:15:09+09:00,GBIKE,390748,55.0,36.611095,127.289956,12,세종특별시
2026-06-18T10:15:09+09:00,GBIKE,363973,100.0,36.611098,127.290041,12,세종특별시
2026-06-18T10:15:09+09:00,GBIKE,627295,36.0,36.611103,127.29664,12,세종특별시
2026-06-18T10:15:09+09:00,GBIKE,388680,75.0,36.611106,127.290108,12,세종특별시
2026-06-18T10:15:09+09:00,GBIKE,623923,89.0,36.61111,127.289924,12,세종특별시
2026-06-18T10:15:09+09:00,GBIKE,363571,37.0,36.611113,127.289985,12,세종특별시
2026-06-18T10:15:09+09:00,GBIKE,368902,56.0,36.611118,127.290086,12,세종특별시
2026-06-18T10:15:09+09:00,GBIKE,375429,58.0,36.611118,127.28996,12,세종특별시
2026-06-18T10:15:09+09:00,GBIKE,366516,31.0,36.611123,127.287396,12,세종특별시
2026-06-18T10:15:09+09:00,GBIKE,381177,49.0,36.611123,127.29006,12,세종특별시
2026-06-18T10:15:09+09:00,GBIKE,371980,44.0,36.611126,127.289925,12,세종특별시
2026-06-18T10:15:09+09:00,GBIKE,383834,43.0,36.611126,127.29002,12,세종특별시
2026-06-18T10:15:09+09:00,GBIKE,383887,95.0,36.611128,127.289965,12,세종특별시
2026-06-18T10:15:09+09:00,GBIKE,385493,71.0,36.611128,127.289968,12,세종특별시
2026-06-18T10:15:09+09:00,GBIKE,394095,50.0,36.611128,127.290073,12,세종특별시
2026-06-18T10:15:09+09:00,GBIKE,363636,58.0,36.611133,127.289965,12,세종특별시
2026-06-18T10:15:09+09:00,GBIKE,638335,71.0,36.611133,127.289938,12,세종특별시
2026-06-18T10:15:09+09:00,GBIKE,369813,62.0,36.611136,127.289956,12,세종특별시
2026-06-18T10:15:09+09:00,GBIKE,610792,66.0,36.611137,127.287426,12,세종특별시
2026-06-18T10:15:09+09:00,GBIKE,617959,74.0,36.611139,127.287389,12,세종특별시
2026-06-18T10:15:09+09:00,GBIKE,386746,43.0,36.611141,127.290045,12,세종특별시
2026-06-18T10:15:09+09:00,GBIKE,630979,93.0,36.611142,127.287373,12,세종특별시
2026-06-18T10:15:09+09:00,GBIKE,372400,42.0,36.611145,127.290008,12,세종특별시
2026-06-18T10:15:09+09:00,GBIKE,603533,63.0,36.611147,127.287374,12,세종특별시
2026-06-18T10:15:09+09:00,GBIKE,338106,100.0,36.611148,127.290055,12,세종특별시
2026-06-18T10:15:09+09:00,GBIKE,344002,89.0,36.611148,127.289951,12,세종특별시
2026-06-18T10:15:09+09:00,GBIKE,355297,30.0,36.611148,127.289956,12,세종특별시
2026-06-18T10:15:09+09:00,GBIKE,388631,64.0,36.611148,127.290086,12,세종특별시
2026-06-18T10:15:09+09:00,GBIKE,635266,42.0,36.611151,127.287411,12,세종특별시
2026-06-18T10:15:09+09:00,GBIKE,383557,87.0,36.611155,127.287396,12,세종특별시
2026-06-18T10:15:09+09:00,GBIKE,364199,35.0,36.611158,127.289955,12,세종특별시
2026-06-18T10:15:09+09:00,GBIKE,389488,88.0,36.611158,127.287363,12,세종특별시
2026-06-18T10:15:09+09:00,GBIKE,607348,30.0,36.611159,127.287346,12,세종특별시
2026-06-18T10:15:09+09:00,GBIKE,626724,45.0,36.611159,127.287348,12,세종특별시
2026-06-18T10:15:09+09:00,GBIKE,372728,89.0,36.61116,127.287406,12,세종특별시
2026-06-18T10:15:09+09:00,GBIKE,376843,41.0,36.61116,127.29004,12,세종특별시
2026-06-18T10:15:09+09:00,GBIKE,638562,41.0,36.61116,127.289955,12,세종특별시
2026-06-18T10:15:09+09:00,GBIKE,628874,88.0,36.611168,127.287372,12,세종특별시
2026-06-18T10:15:09+09:00,GBIKE,631081,89.0,36.611168,127.28738,12,세종특별시
2026-06-18T10:15:09+09:00,GBIKE,366207,46.0,36.61117,127.287436,12,세종특별시
2026-06-18T10:15:09+09:00,GBIKE,372751,71.0,36.61117,127.289928,12,세종특별시
2026-06-18T10:15:09+09:00,GBIKE,620566,30.0,36.611176,127.287361,12,세종특별시
2026-06-18T10:15:09+09:00,GBIKE,604672,37.0,36.611181,127.287385,12,세종특별시
2026-06-18T10:15:09+09:00,GBIKE,390838,43.0,36.611186,127.287401,12,세종특별시
2026-06-18T10:15:09+09:00,GBIKE,377764,75.0,36.611188,127.287236,12,세종특별시
2026-06-18T10:15:09+09:00,GBIKE,613464,44.0,36.611188,127.287272,12,세종특별시
2026-06-18T10:15:09+09:00,GBIKE,348036,48.0,36.61119,127.287375,12,세종특별시
2026-06-18T10:15:09+09:00,GBIKE,394698,45.0,36.61119,127.287246,12,세종특별시
2026-06-18T10:15:09+09:00,GBIKE,364639,71.0,36.611191,127.28725,12,세종특별시
2026-06-18T10:15:09+09:00,GBIKE,368165,59.0,36.611195,127.28735,12,세종특별시
2026-06-18T10:15:09+09:00,GBIKE,379519,36.0,36.611195,127.287433,12,세종특별시
2026-06-18T10:15:09+09:00,GBIKE,347359,49.0,36.611196,127.287328,12,세종특별시
2026-06-18T10:15:09+09:00,GBIKE,373728,30.0,36.611201,127.287281,12,세종특별시
2026-06-18T10:15:09+09:00,GBIKE,382650,38.0,36.611203,127.28744,12,세종특별시
2026-06-18T10:15:09+09:00,GBIKE,638303,31.0,36.611203,127.287363,12,세종특별시
2026-06-18T10:15:09+09:00,GBIKE,367387,96.0,36.611205,127.28734,12,세종특별시
2026-06-18T10:15:09+09:00,GBIKE,382533,30.0,36.611206,127.287365,12,세종특별시
2026-06-18T10:15:09+09:00,GBIKE,390442,100.0,36.611206,127.287348,12,세종특별시
2026-06-18T10:15:09+09:00,GBIKE,624252,82.0,36.611207,127.287369,12,세종특별시
2026-06-18T10:15:09+09:00,GBIKE,389264,53.0,36.611208,127.287368,12,세종특별시
2026-06-18T10:15:09+09:00,GBIKE,382998,83.0,36.61121,127.287301,12,세종특별시
2026-06-18T10:15:09+09:00,GBIKE,367351,94.0,36.611211,127.287345,12,세종특별시
2026-06-18T10:15:09+09:00,GBIKE,371839,40.0,36.611211,127.287435,12,세종특별시
2026-06-18T10:15:09+09:00,GBIKE,390771,38.0,36.611211,127.287213,12,세종특별시
2026-06-18T10:15:09+09:00,GBIKE,383726,61.0,36.611213,127.287246,12,세종특별시
2026-06-18T10:15:09+09:00,GBIKE,389536,45.0,36.611216,127.287393,12,세종특별시
2026-06-18T10:15:09+09:00,GBIKE,626567,85.0,36.611217,127.289948,12,세종특별시
2026-06-18T10:15:09+09:00,GBIKE,373290,43.0,36.61122,127.287401,12,세종특별시
2026-06-18T10:15:09+09:00,GBIKE,384713,72.0,36.611221,127.28733,12,세종특별시
2026-06-18T10:15:09+09:00,GBIKE,380113,60.0,36.611223,127.287266,12,세종특별시
2026-06-18T10:15:09+09:00,GBIKE,374717,60.0,36.611225,127.287306,12,세종특별시
2026-06-18T10:15:09+09:00,GBIKE,375376,85.0,36.611225,127.287408,12,세종특별시
2026-06-18T10:15:09+09:00,GBIKE,375506,83.0,36.611225,127.28724,12,세종특별시
2026-06-18T10:15:09+09:00,GBIKE,630971,84.0,36.611228,127.287423,12,세종특별시
2026-06-18T10:15:09+09:00,GBIKE,378994,89.0,36.61123,127.287496,12,세종특별시
2026-06-18T10:15:09+09:00,GBIKE,377014,37.0,36.611235,127.287363,12,세종특별시
2026-06-18T10:15:09+09:00,GBIKE,393158,73.0,36.611238,127.287491,12,세종특별시
2026-06-18T10:15:09+09:00,GBIKE,382502,33.0,36.611241,127.287396,12,세종특별시
2026-06-18T10:15:09+09:00,GBIKE,617885,72.0,36.611241,127.290092,12,세종특별시
2026-06-18T10:15:09+09:00,GBIKE,383599,59.0,36.611246,127.28745,12,세종특별시
2026-06-18T10:15:09+09:00,GBIKE,378046,35.0,36.611248,127.28741,12,세종특별시
2026-06-18T10:15:09+09:00,GBIKE,386486,37.0,36.611255,127.287413,12,세종특별시
2026-06-18T10:15:09+09:00,GBIKE,376030,30.0,36.61126,127.287228,12,세종특별시
2026-06-18T10:15:09+09:00,GBIKE,372771,31.0,36.611296,127.287371,12,세종특별시
2026-06-18T10:15:09+09:00,GBIKE,373521,45.0,36.611403,127.296475,12,세종특별시
2026-06-18T10:15:09+09:00,GBIKE,361763,47.0,36.611523,127.284598,12,세종특별시
2026-06-18T10:15:09+09:00,GBIKE,383223,30.0,36.611931,127.284846,12,세종특별시
2026-06-18T10:15:09+09:00,GBIKE,343439,49.0,36.611936,127.28489,12,세종특별시
2026-06-18T10:15:09+09:00,GBIKE,362576,31.0,36.611943,127.284883,12,세종특별시
2026-06-18T10:15:09+09:00,GBIKE,377735,31.0,36.611946,127.284841,12,세종특별시
2026-06-18T10:15:09+09:00,GBIKE,379855,65.0,36.611981,127.284828,12,세종특별시
2026-06-18T10:15:09+09:00,GBIKE,347744,87.0,36.613296,127.331585,12,세종특별시
2026-06-18T10:15:09+09:00,GBIKE,385435,67.0,36.613308,127.331583,12,세종특별시
2026-06-18T10:15:09+09:00,GBIKE,367337,33.0,36.613763,127.2925,12,세종특별시
2026-06-18T10:15:09+09:00,GBIKE,387886,30.0,36.613773,127.290445,12,세종특별시
2026-06-18T10:15:09+09:00,GBIKE,617006,55.0,36.613834,127.290128,12,세종특별시
2026-06-18T10:15:09+09:00,GBIKE,603979,42.0,36.613846,127.29025,12,세종특별시
2026-06-18T10:15:09+09:00,GBIKE,370368,35.0,36.613958,127.308843,12,세종특별시
2026-06-18T10:15:09+09:00,GBIKE,383167,48.0,36.613963,127.292495,12,세종특별시
2026-06-18T10:15:09+09:00,GBIKE,384398,32.0,36.613971,127.292441,12,세종특별시
2026-06-18T10:15:09+09:00,GBIKE,638210,100.0,36.614018,127.315002,12,세종특별시
2026-06-18T10:15:09+09:00,GBIKE,615987,32.0,36.614064,127.290251,12,세종특별시
2026-06-18T10:15:09+09:00,GBIKE,390295,35.0,36.614725,127.288108,12,세종특별시
2026-06-18T10:15:09+09:00,GBIKE,383347,96.0,36.614836,127.28433,12,세종특별시
2026-06-18T10:15:09+09:00,GBIKE,637526,70.0,36.615302,127.360331,12,세종특별시
2026-06-18T10:15:09+09:00,GBIKE,367251,34.0,36.615383,127.29262,12,세종특별시
2026-06-18T10:15:09+09:00,GBIKE,379960,63.0,36.616015,127.287118,12,세종특별시
2026-06-18T10:15:09+09:00,GBIKE,382690,99.0,36.616063,127.360265,12,세종특별시
2026-06-18T10:15:09+09:00,GBIKE,383612,30.0,36.616083,127.287236,12,세종특별시
2026-06-18T10:15:09+09:00,GBIKE,372300,36.0,36.616611,127.28667,12,세종특별시
2026-06-18T10:15:09+09:00,GBIKE,617002,70.0,36.616635,127.286863,12,세종특별시
2026-06-18T10:15:09+09:00,GBIKE,384375,64.0,36.616831,127.329133,12,세종특별시
2026-06-18T10:15:09+09:00,GBIKE,130745,33.0,36.617507,127.285737,12,세종특별시
2026-06-18T10:15:09+09:00,GBIKE,345873,67.0,36.617526,127.28612,12,세종특별시
2026-06-18T10:15:09+09:00,GBIKE,372776,89.0,36.617553,127.290468,12,세종특별시
2026-06-18T10:15:09+09:00,GBIKE,392376,100.0,36.617858,127.285845,12,세종특별시
2026-06-18T10:15:09+09:00,GBIKE,368400,71.0,36.618043,127.321585,12,세종특별시
2026-06-18T10:15:09+09:00,GBIKE,383890,46.0,36.618181,127.285828,12,세종특별시
2026-06-18T10:15:09+09:00,GBIKE,376341,96.0,36.618185,127.285771,12,세종특별시
2026-06-18T10:15:09+09:00,GBIKE,375530,30.0,36.618186,127.285706,12,세종특별시
2026-06-18T10:15:09+09:00,GBIKE,375561,52.0,36.618186,127.285816,12,세종특별시
2026-06-18T10:15:09+09:00,GBIKE,373233,30.0,36.618206,127.285786,12,세종특별시
2026-06-18T10:15:09+09:00,GBIKE,601954,30.0,36.618218,127.285785,12,세종특별시
2026-06-18T10:15:09+09:00,GBIKE,388399,58.0,36.618226,127.285768,12,세종특별시
2026-06-18T10:15:09+09:00,GBIKE,390538,47.0,36.618233,127.285766,12,세종특별시
2026-06-18T10:15:09+09:00,GBIKE,352898,63.0,36.618248,127.28577,12,세종특별시
2026-06-18T10:15:09+09:00,GBIKE,382572,42.0,36.618263,127.285765,12,세종특별시
2026-06-18T10:15:09+09:00,GBIKE,333967,92.0,36.618813,127.290806,12,세종특별시
2026-06-18T10:15:09+09:00,GBIKE,383531,41.0,36.618895,127.284968,12,세종특별시
2026-06-18T10:15:09+09:00,GBIKE,383590,43.0,36.618901,127.288586,12,세종특별시
2026-06-18T10:15:09+09:00,GBIKE,386756,43.0,36.61891,127.288586,12,세종특별시
2026-06-18T10:15:09+09:00,GBIKE,390769,47.0,36.61891,127.288546,12,세종특별시
2026-06-18T10:15:09+09:00,GBIKE,370326,53.0,36.618951,127.284973,12,세종특별시
2026-06-18T10:15:09+09:00,GBIKE,620351,96.0,36.618988,127.318896,12,세종특별시
2026-06-18T10:15:09+09:00,GBIKE,384320,61.0,36.619101,127.289851,12,세종특별시
2026-06-18T10:15:09+09:00,GBIKE,602862,56.0,36.619175,127.289921,12,세종특별시
2026-06-18T10:15:09+09:00,GBIKE,349173,42.0,36.61987,127.310753,12,세종특별시
2026-06-18T10:15:09+09:00,GBIKE,367800,36.0,36.62091,127.282471,12,세종특별시
2026-06-18T10:15:09+09:00,GBIKE,609454,58.0,36.621139,127.290569,12,세종특별시
2026-06-18T10:15:09+09:00,GBIKE,377277,92.0,36.621166,127.290566,12,세종특별시
2026-06-18T10:15:09+09:00,GBIKE,374732,39.0,36.62144,127.358601,12,세종특별시
2026-06-18T10:15:09+09:00,GBIKE,381558,100.0,36.621485,127.321955,12,세종특별시
2026-06-18T10:15:09+09:00,GBIKE,337661,78.0,36.621506,127.290936,12,세종특별시
2026-06-18T10:15:09+09:00,GBIKE,379714,54.0,36.62151,127.290941,12,세종특별시
2026-06-18T10:15:09+09:00,GBIKE,374566,95.0,36.62153,127.283371,12,세종특별시
2026-06-18T10:15:09+09:00,GBIKE,383567,48.0,36.621611,127.283366,12,세종특별시
2026-06-18T10:15:09+09:00,GBIKE,363988,38.0,36.621636,127.283413,12,세종특별시
2026-06-18T10:15:09+09:00,GBIKE,332859,30.0,36.621851,127.285451,12,세종특별시
2026-06-18T10:15:09+09:00,GBIKE,372002,42.0,36.622901,127.289191,12,세종특별시
2026-06-18T10:15:09+09:00,GBIKE,394836,30.0,36.622901,127.289275,12,세종특별시
2026-06-18T10:15:09+09:00,GBIKE,630578,86.0,36.622944,127.289461,12,세종특별시
2026-06-18T10:15:09+09:00,GBIKE,343399,100.0,36.623003,127.290195,12,세종특별시
2026-06-18T10:15:09+09:00,GBIKE,385639,72.0,36.624126,127.33088,12,세종특별시
2026-06-18T10:15:09+09:00,GBIKE,632299,41.0,36.629276,127.333273,12,세종특별시
2026-06-18T10:15:09+09:00,GBIKE,620356,93.0,36.631625,127.328545,12,세종특별시
2026-06-18T10:15:09+09:00,GBIKE,368357,67.0,36.656701,127.369016,12,세종특별시
2026-06-18T10:15:09+09:00,ALPACA,425055,30.0,36.32547,127.348305,12,세종특별시
2026-06-18T10:15:09+09:00,ALPACA,425373,39.0,36.326492,127.33874,12,세종특별시
2026-06-18T10:15:09+09:00,ALPACA,425451,31.0,36.32762,127.33943,12,세종특별시
2026-06-18T10:15:09+09:00,ALPACA,424720,48.0,36.33012,127.34353,12,세종특별시
2026-06-18T10:15:09+09:00,ALPACA,425050,100.0,36.330578,127.340164,12,세종특별시
2026-06-18T10:15:09+09:00,ALPACA,425455,49.0,36.336636,127.33467,12,세종특별시
2026-06-18T10:15:09+09:00,ALPACA,425975,62.0,36.338486,127.34279,12,세종특별시
2026-06-18T10:15:09+09:00,ALPACA,425413,62.0,36.338505,127.33282,12,세종특별시
2026-06-18T10:15:09+09:00,ALPACA,424952,46.0,36.339375,127.34195,12,세종특별시
2026-06-18T10:15:09+09:00,ALPACA,425006,38.0,36.339462,127.34202,12,세종특별시
2026-06-18T10:15:09+09:00,ALPACA,424743,82.0,36.339527,127.342,12,세종특별시
2026-06-18T10:15:09+09:00,ALPACA,424714,55.0,36.340332,127.34499,12,세종특별시
2026-06-18T10:15:09+09:00,ALPACA,425212,34.0,36.341503,127.33795,12,세종특별시
2026-06-18T10:15:09+09:00,ALPACA,425061,76.0,36.341545,127.34444,12,세종특별시
2026-06-18T10:15:09+09:00,ALPACA,425057,52.0,36.341568,127.34428,12,세종특별시
2026-06-18T10:15:09+09:00,ALPACA,424770,77.0,36.34157,127.34442,12,세종특별시
2026-06-18T10:15:09+09:00,ALPACA,424908,77.0,36.34158,127.34444,12,세종특별시
2026-06-18T10:15:09+09:00,ALPACA,424920,49.0,36.341583,127.34441,12,세종특별시
2026-06-18T10:15:09+09:00,ALPACA,424350,47.0,36.34164,127.33769,12,세종특별시
2026-06-18T10:15:09+09:00,ALPACA,424710,79.0,36.34184,127.34715,12,세종특별시
2026-06-18T10:15:09+09:00,ALPACA,425679,41.0,36.342346,127.340965,12,세종특별시
2026-06-18T10:15:09+09:00,ALPACA,425476,97.0,36.342384,127.34097,12,세종특별시
2026-06-18T10:15:09+09:00,ALPACA,425126,97.0,36.342384,127.34094,12,세종특별시
2026-06-18T10:15:09+09:00,ALPACA,424450,54.0,36.34246,127.34149,12,세종특별시
2026-06-18T10:15:09+09:00,ALPACA,424868,64.0,36.3427,127.339806,12,세종특별시
2026-06-18T10:15:09+09:00,ALPACA,424324,54.0,36.342773,127.33894,12,세종특별시
2026-06-18T10:15:09+09:00,ALPACA,424404,40.0,36.34278,127.3389,12,세종특별시
2026-06-18T10:15:09+09:00,ALPACA,424432,73.0,36.342785,127.33886,12,세종특별시
2026-06-18T10:15:09+09:00,ALPACA,424501,76.0,36.342796,127.338936,12,세종특별시
2026-06-18T10:15:09+09:00,ALPACA,424402,87.0,36.3428,127.33888,12,세종특별시
2026-06-18T10:15:09+09:00,ALPACA,424486,79.0,36.342808,127.3389,12,세종특별시
2026-06-18T10:15:09+09:00,ALPACA,424358,78.0,36.34281,127.33892,12,세종특별시
2026-06-18T10:15:09+09:00,ALPACA,424568,51.0,36.34281,127.33892,12,세종특별시
2026-06-18T10:15:09+09:00,ALPACA,424165,52.0,36.34282,127.337494,12,세종특별시
2026-06-18T10:15:09+09:00,ALPACA,424367,78.0,36.34282,127.3389,12,세종특별시
2026-06-18T10:15:09+09:00,ALPACA,425094,50.0,36.34283,127.3441,12,세종특별시
2026-06-18T10:15:09+09:00,ALPACA,424517,65.0,36.342922,127.344,12,세종특별시
2026-06-18T10:15:09+09:00,ALPACA,424839,64.0,36.342976,127.33981,12,세종특별시
2026-06-18T10:15:09+09:00,ALPACA,425238,54.0,36.343094,127.3444,12,세종특별시
2026-06-18T10:15:09+09:00,ALPACA,424425,40.0,36.34312,127.33904,12,세종특별시
2026-06-18T10:15:09+09:00,ALPACA,424508,33.0,36.34314,127.33361,12,세종특별시
2026-06-18T10:15:09+09:00,ALPACA,424544,57.0,36.3432,127.339165,12,세종특별시
2026-06-18T10:15:09+09:00,ALPACA,425151,59.0,36.34334,127.34419,12,세종특별시
2026-06-18T10:15:09+09:00,ALPACA,425383,59.0,36.343346,127.34419,12,세종특별시
2026-06-18T10:15:09+09:00,ALPACA,425524,53.0,36.343357,127.34417,12,세종특별시
2026-06-18T10:15:09+09:00,ALPACA,424787,81.0,36.34337,127.34419,12,세종특별시
2026-06-18T10:15:09+09:00,ALPACA,425112,68.0,36.343372,127.34417,12,세종특별시
2026-06-18T10:15:09+09:00,ALPACA,424897,50.0,36.34348,127.33816,12,세종특별시
2026-06-18T10:15:09+09:00,ALPACA,424709,71.0,36.343708,127.34429,12,세종특별시
2026-06-18T10:15:09+09:00,ALPACA,425677,67.0,36.34379,127.382706,12,세종특별시
2026-06-18T10:15:09+09:00,ALPACA,424707,51.0,36.344,127.34178,12,세종특별시
2026-06-18T10:15:09+09:00,ALPACA,424506,55.0,36.34425,127.33572,12,세종특별시
2026-06-18T10:15:09+09:00,ALPACA,425695,55.0,36.34427,127.34741,12,세종특별시
2026-06-18T10:15:09+09:00,ALPACA,425000,48.0,36.344334,127.34692,12,세종특별시
2026-06-18T10:15:09+09:00,ALPACA,425197,43.0,36.34453,127.33241,12,세종특별시
2026-06-18T10:15:09+09:00,ALPACA,424124,75.0,36.344643,127.33933,12,세종특별시
2026-06-18T10:15:09+09:00,ALPACA,424372,38.0,36.34483,127.34741,12,세종특별시
2026-06-18T10:15:09+09:00,ALPACA,425142,31.0,36.34541,127.32393,12,세종특별시
2026-06-18T10:15:09+09:00,ALPACA,425355,63.0,36.345676,127.33903,12,세종특별시
2026-06-18T10:15:09+09:00,ALPACA,425002,37.0,36.345753,127.337074,12,세종특별시
2026-06-18T10:15:09+09:00,ALPACA,424664,96.0,36.346123,127.34138,12,세종특별시
2026-06-18T10:15:09+09:00,ALPACA,425699,69.0,36.346195,127.33606,12,세종특별시
2026-06-18T10:15:09+09:00,ALPACA,424704,61.0,36.3468,127.33569,12,세종특별시
2026-06-18T10:15:09+09:00,ALPACA,425458,33.0,36.346813,127.33569,12,세종특별시
2026-06-18T10:15:09+09:00,ALPACA,425152,58.0,36.34684,127.33569,12,세종특별시
2026-06-18T10:15:09+09:00,ALPACA,424383,30.0,36.346848,127.3357,12,세종특별시
2026-06-18T10:15:09+09:00,ALPACA,425270,78.0,36.34685,127.335724,12,세종특별시
2026-06-18T10:15:09+09:00,ALPACA,424449,34.0,36.346855,127.335686,12,세종특별시
2026-06-18T10:15:09+09:00,ALPACA,425397,42.0,36.34703,127.33079,12,세종특별시
2026-06-18T10:15:09+09:00,ALPACA,425375,52.0,36.34705,127.33089,12,세종특별시
2026-06-18T10:15:09+09:00,ALPACA,424863,56.0,36.34708,127.34418,12,세종특별시
2026-06-18T10:15:09+09:00,ALPACA,425321,46.0,36.34708,127.33897,12,세종특별시
2026-06-18T10:15:09+09:00,ALPACA,425034,48.0,36.347115,127.33427,12,세종특별시
2026-06-18T10:15:09+09:00,ALPACA,424769,55.0,36.34713,127.340744,12,세종특별시
2026-06-18T10:15:09+09:00,ALPACA,425537,49.0,36.347977,127.34169,12,세종특별시
2026-06-18T10:15:09+09:00,ALPACA,425376,68.0,36.348225,127.33536,12,세종특별시
2026-06-18T10:15:09+09:00,ALPACA,424617,55.0,36.348232,127.331154,12,세종특별시
2026-06-18T10:15:09+09:00,ALPACA,425320,31.0,36.348244,127.33526,12,세종특별시
2026-06-18T10:15:09+09:00,ALPACA,425036,42.0,36.348267,127.33569,12,세종특별시
2026-06-18T10:15:09+09:00,ALPACA,424357,82.0,36.348293,127.335205,12,세종특별시
2026-06-18T10:15:09+09:00,ALPACA,426463,37.0,36.348343,127.33219,12,세종특별시
2026-06-18T10:15:09+09:00,ALPACA,424939,47.0,36.348362,127.33257,12,세종특별시
2026-06-18T10:15:09+09:00,ALPACA,425095,42.0,36.348408,127.33114,12,세종특별시
2026-06-18T10:15:09+09:00,ALPACA,425683,67.0,36.348576,127.33992,12,세종특별시
2026-06-18T10:15:09+09:00,ALPACA,425509,66.0,36.34864,127.33996,12,세종특별시
2026-06-18T10:15:09+09:00,ALPACA,425546,67.0,36.348648,127.339935,12,세종특별시
2026-06-18T10:15:09+09:00,ALPACA,425285,59.0,36.34868,127.335335,12,세종특별시
2026-06-18T10:15:09+09:00,ALPACA,425746,34.0,36.34869,127.339935,12,세종특별시
2026-06-18T10:15:09+09:00,ALPACA,425343,34.0,36.348724,127.3327,12,세종특별시
2026-06-18T10:15:09+09:00,ALPACA,425754,43.0,36.348732,127.33499,12,세종특별시
2026-06-18T10:15:09+09:00,ALPACA,424829,53.0,36.34877,127.32756,12,세종특별시
2026-06-18T10:15:09+09:00,ALPACA,424999,38.0,36.34963,127.33635,12,세종특별시
2026-06-18T10:15:09+09:00,ALPACA,424989,54.0,36.349663,127.336586,12,세종특별시
2026-06-18T10:15:09+09:00,ALPACA,426276,41.0,36.349823,127.38254,12,세종특별시
2026-06-18T10:15:09+09:00,ALPACA,424446,79.0,36.349888,127.33428,12,세종특별시
2026-06-18T10:15:09+09:00,ALPACA,425274,45.0,36.350433,127.329445,12,세종특별시
2026-06-18T10:15:09+09:00,ALPACA,425205,68.0,36.35046,127.34865,12,세종특별시
2026-06-18T10:15:09+09:00,ALPACA,425681,73.0,36.35048,127.32943,12,세종특별시
2026-06-18T10:15:09+09:00,ALPACA,425370,51.0,36.35068,127.33554,12,세종특별시
2026-06-18T10:15:09+09:00,ALPACA,423582,53.0,36.350746,127.33879,12,세종특별시
2026-06-18T10:15:09+09:00,ALPACA,426375,99.0,36.35077,127.3544,12,세종특별시
2026-06-18T10:15:09+09:00,ALPACA,424890,89.0,36.35124,127.33933,12,세종특별시
2026-06-18T10:15:09+09:00,ALPACA,425398,53.0,36.35127,127.33036,12,세종특별시
2026-06-18T10:15:09+09:00,ALPACA,425250,81.0,36.351402,127.332756,12,세종특별시
2026-06-18T10:15:09+09:00,ALPACA,425178,54.0,36.351433,127.35114,12,세종특별시
2026-06-18T10:15:09+09:00,ALPACA,425037,78.0,36.351437,127.33275,12,세종특별시
2026-06-18T10:15:09+09:00,ALPACA,425272,46.0,36.351517,127.34447,12,세종특별시
2026-06-18T10:15:09+09:00,ALPACA,425279,44.0,36.35155,127.3445,12,세종특별시
2026-06-18T10:15:09+09:00,ALPACA,425166,53.0,36.35158,127.34449,12,세종특별시
2026-06-18T10:15:09+09:00,ALPACA,425431,48.0,36.351585,127.34447,12,세종특별시
2026-06-18T10:15:09+09:00,ALPACA,425463,46.0,36.351597,127.34452,12,세종특별시
2026-06-18T10:15:09+09:00,ALPACA,425338,45.0,36.351597,127.346924,12,세종특별시
2026-06-18T10:15:09+09:00,ALPACA,426232,97.0,36.35173,127.34654,12,세종특별시
2026-06-18T10:15:09+09:00,ALPACA,425181,50.0,36.351772,127.34651,12,세종특별시
2026-06-18T10:15:09+09:00,ALPACA,425634,96.0,36.351948,127.34456,12,세종특별시
2026-06-18T10:15:09+09:00,ALPACA,425405,79.0,36.351967,127.33053,12,세종특별시
2026-06-18T10:15:09+09:00,ALPACA,425428,53.0,36.351982,127.33056,12,세종특별시
2026-06-18T10:15:09+09:00,ALPACA,424679,55.0,36.351986,127.33054,12,세종특별시
2026-06-18T10:15:09+09:00,ALPACA,425392,79.0,36.35199,127.33057,12,세종특별시
2026-06-18T10:15:09+09:00,ALPACA,424875,78.0,36.352005,127.33059,12,세종특별시
2026-06-18T10:15:09+09:00,ALPACA,424848,58.0,36.352013,127.337074,12,세종특별시
2026-06-18T10:15:09+09:00,ALPACA,424531,43.0,36.352016,127.33705,12,세종특별시
2026-06-18T10:15:09+09:00,ALPACA,424790,83.0,36.35203,127.33708,12,세종특별시
2026-06-18T10:15:09+09:00,ALPACA,425330,54.0,36.352066,127.34851,12,세종특별시
2026-06-18T10:15:09+09:00,ALPACA,425532,42.0,36.35213,127.34611,12,세종특별시
2026-06-18T10:15:09+09:00,ALPACA,424667,57.0,36.352142,127.341324,12,세종특별시
2026-06-18T10:15:09+09:00,ALPACA,425724,32.0,36.352177,127.333824,12,세종특별시
2026-06-18T10:15:09+09:00,ALPACA,425337,83.0,36.352417,127.37541,12,세종특별시
2026-06-18T10:15:09+09:00,ALPACA,424435,58.0,36.352432,127.341324,12,세종특별시
2026-06-18T10:15:09+09:00,ALPACA,424205,49.0,36.352486,127.33277,12,세종특별시
2026-06-18T10:15:09+09:00,ALPACA,424972,37.0,36.35249,127.344025,12,세종특별시
2026-06-18T10:15:09+09:00,ALPACA,424420,83.0,36.35261,127.33354,12,세종특별시
2026-06-18T10:15:09+09:00,ALPACA,425504,75.0,36.352695,127.32905,12,세종특별시
2026-06-18T10:15:09+09:00,ALPACA,423869,60.0,36.352776,127.33581,12,세종특별시
2026-06-18T10:15:09+09:00,ALPACA,424379,100.0,36.352863,127.37431,12,세종특별시
2026-06-18T10:15:09+09:00,ALPACA,424955,98.0,36.352867,127.37439,12,세종특별시
2026-06-18T10:15:09+09:00,ALPACA,424978,83.0,36.352875,127.37447,12,세종특별시
2026-06-18T10:15:09+09:00,ALPACA,425535,98.0,36.35288,127.374374,12,세종특별시
2026-06-18T10:15:09+09:00,ALPACA,424490,100.0,36.352882,127.37442,12,세종특별시
2026-06-18T10:15:09+09:00,ALPACA,424575,100.0,36.352882,127.37443,12,세종특별시
2026-06-18T10:15:09+09:00,ALPACA,425234,100.0,36.352882,127.37444,12,세종특별시
2026-06-18T10:15:09+09:00,ALPACA,426307,87.0,36.352898,127.374405,12,세종특별시
2026-06-18T10:15:09+09:00,ALPACA,424249,100.0,36.3529,127.374405,12,세종특별시
2026-06-18T10:15:09+09:00,ALPACA,424967,100.0,36.352905,127.37436,12,세종특별시
2026-06-18T10:15:09+09:00,ALPACA,425254,100.0,36.352905,127.37443,12,세종특별시
2026-06-18T10:15:09+09:00,ALPACA,425700,85.0,36.352924,127.3744,12,세종특별시
2026-06-18T10:15:09+09:00,ALPACA,425308,95.0,36.352924,127.37443,12,세종특별시
2026-06-18T10:15:09+09:00,ALPACA,424352,100.0,36.35293,127.37446,12,세종특별시
2026-06-18T10:15:09+09:00,ALPACA,425689,51.0,36.353,127.347534,12,세종특별시
2026-06-18T10:15:09+09:00,ALPACA,425508,63.0,36.353073,127.34147,12,세종특별시
2026-06-18T10:15:09+09:00,ALPACA,424609,57.0,36.353096,127.33522,12,세종특별시
2026-06-18T10:15:09+09:00,ALPACA,424430,84.0,36.353127,127.34475,12,세종특별시
2026-06-18T10:15:09+09:00,ALPACA,425351,61.0,36.353138,127.3299,12,세종특별시
2026-06-18T10:15:09+09:00,ALPACA,425435,43.0,36.353153,127.329796,12,세종특별시
2026-06-18T10:15:09+09:00,ALPACA,424343,76.0,36.353153,127.3352,12,세종특별시
2026-06-18T10:15:09+09:00,ALPACA,424772,34.0,36.353165,127.32981,12,세종특별시
2026-06-18T10:15:09+09:00,ALPACA,424347,79.0,36.353172,127.34127,12,세종특별시
2026-06-18T10:15:09+09:00,ALPACA,424581,83.0,36.353172,127.33526,12,세종특별시
2026-06-18T10:15:09+09:00,ALPACA,424498,52.0,36.353188,127.33999,12,세종특별시
2026-06-18T10:15:09+09:00,ALPACA,424364,72.0,36.35328,127.34211,12,세종특별시
2026-06-18T10:15:09+09:00,ALPACA,425698,100.0,36.353283,127.34215,12,세종특별시
2026-06-18T10:15:09+09:00,ALPACA,424348,43.0,36.353287,127.34213,12,세종특별시
2026-06-18T10:15:09+09:00,ALPACA,424412,73.0,36.35329,127.34213,12,세종특별시
2026-06-18T10:15:09+09:00,ALPACA,425738,100.0,36.353306,127.34211,12,세종특별시
2026-06-18T10:15:09+09:00,ALPACA,424437,100.0,36.35331,127.34216,12,세종특별시
2026-06-18T10:15:09+09:00,ALPACA,425016,90.0,36.35331,127.342125,12,세종특별시
2026-06-18T10:15:09+09:00,ALPACA,425499,99.0,36.353313,127.3421,12,세종특별시
2026-06-18T10:15:09+09:00,ALPACA,424447,46.0,36.353333,127.34298,12,세종특별시
2026-06-18T10:15:09+09:00,ALPACA,424465,100.0,36.353336,127.34208,12,세종특별시
2026-06-18T10:15:09+09:00,ALPACA,425432,63.0,36.353344,127.34212,12,세종특별시
2026-06-18T10:15:09+09:00,ALPACA,425229,100.0,36.353344,127.34212,12,세종특별시
2026-06-18T10:15:09+09:00,ALPACA,424431,100.0,36.353386,127.34214,12,세종특별시
2026-06-18T10:15:09+09:00,ALPACA,424296,48.0,36.35341,127.342865,12,세종특별시
2026-06-18T10:15:09+09:00,ALPACA,425420,59.0,36.353436,127.3429,12,세종특별시
2026-06-18T10:15:09+09:00,ALPACA,425682,65.0,36.35344,127.34301,12,세종특별시
2026-06-18T10:15:09+09:00,ALPACA,425984,46.0,36.35345,127.40027,12,세종특별시
2026-06-18T10:15:09+09:00,ALPACA,424414,49.0,36.353455,127.342834,12,세종특별시
2026-06-18T10:15:09+09:00,ALPACA,425726,32.0,36.35346,127.342926,12,세종특별시
2026-06-18T10:15:09+09:00,ALPACA,424627,65.0,36.35346,127.34284,12,세종특별시
2026-06-18T10:15:09+09:00,ALPACA,425739,64.0,36.353477,127.342865,12,세종특별시
2026-06-18T10:15:09+09:00,ALPACA,424334,66.0,36.35349,127.34308,12,세종특별시
2026-06-18T10:15:09+09:00,ALPACA,424453,76.0,36.35353,127.342926,12,세종특별시
2026-06-18T10:15:09+09:00,ALPACA,425327,77.0,36.353535,127.3301,12,세종특별시
2026-06-18T10:15:09+09:00,ALPACA,425219,50.0,36.35354,127.34168,12,세종특별시
2026-06-18T10:15:09+09:00,ALPACA,424615,39.0,36.353783,127.33769,12,세종특별시
2026-06-18T10:15:09+09:00,ALPACA,424365,45.0,36.353848,127.33775,12,세종특별시
2026-06-18T10:15:09+09:00,ALPACA,424426,60.0,36.353985,127.32902,12,세종특별시
2026-06-18T10:15:09+09:00,ALPACA,425445,85.0,36.3541,127.37092,12,세종특별시
2026-06-18T10:15:09+09:00,ALPACA,424631,76.0,36.354164,127.3372,12,세종특별시
2026-06-18T10:15:09+09:00,ALPACA,425346,50.0,36.354313,127.34257,12,세종특별시
2026-06-18T10:15:09+09:00,ALPACA,424155,42.0,36.354412,127.34485,12,세종특별시
2026-06-18T10:15:09+09:00,ALPACA,425710,58.0,36.35442,127.34386,12,세종특별시
2026-06-18T10:15:09+09:00,ALPACA,426329,99.0,36.354454,127.35456,12,세종특별시
2026-06-18T10:15:09+09:00,ALPACA,426482,100.0,36.354465,127.35452,12,세종특별시
2026-06-18T10:15:09+09:00,ALPACA,426354,100.0,36.35447,127.35452,12,세종특별시
2026-06-18T10:15:09+09:00,ALPACA,425577,100.0,36.35448,127.354546,12,세종특별시
2026-06-18T10:15:09+09:00,ALPACA,425937,100.0,36.35448,127.35452,12,세종특별시
2026-06-18T10:15:09+09:00,ALPACA,424345,100.0,36.35448,127.35455,12,세종특별시
2026-06-18T10:15:09+09:00,ALPACA,426330,100.0,36.354485,127.35453,12,세종특별시
2026-06-18T10:15:09+09:00,ALPACA,424752,100.0,36.35449,127.354515,12,세종특별시
2026-06-18T10:15:09+09:00,ALPACA,426248,99.0,36.354492,127.35457,12,세종특별시
2026-06-18T10:15:09+09:00,ALPACA,426512,100.0,36.354496,127.35454,12,세종특별시
2026-06-18T10:15:09+09:00,ALPACA,424605,100.0,36.354496,127.35452,12,세종특별시
2026-06-18T10:15:09+09:00,ALPACA,426376,100.0,36.354504,127.35457,12,세종특별시
2026-06-18T10:15:09+09:00,ALPACA,425052,98.0,36.354507,127.35457,12,세종특별시
2026-06-18T10:15:09+09:00,ALPACA,424349,62.0,36.35456,127.343636,12,세종특별시
2026-06-18T10:15:09+09:00,ALPACA,424487,49.0,36.35457,127.34355,12,세종특별시
2026-06-18T10:15:09+09:00,ALPACA,425461,31.0,36.354595,127.33806,12,세종특별시
2026-06-18T10:15:09+09:00,ALPACA,424468,96.0,36.354626,127.34351,12,세종특별시
2026-06-18T10:15:09+09:00,ALPACA,424673,65.0,36.35463,127.331,12,세종특별시
2026-06-18T10:15:09+09:00,ALPACA,426253,91.0,36.354668,127.34213,12,세종특별시
2026-06-18T10:15:09+09:00,ALPACA,425391,79.0,36.354694,127.34072,12,세종특별시
2026-06-18T10:15:09+09:00,ALPACA,424589,42.0,36.35471,127.335434,12,세종특별시
2026-06-18T10:15:09+09:00,ALPACA,425312,64.0,36.35471,127.34337,12,세종특별시
2026-06-18T10:15:09+09:00,ALPACA,424645,39.0,36.35472,127.33947,12,세종특별시
2026-06-18T10:15:09+09:00,ALPACA,425259,63.0,36.354847,127.33122,12,세종특별시
2026-06-18T10:15:09+09:00,ALPACA,424650,87.0,36.35498,127.34769,12,세종특별시
2026-06-18T10:15:09+09:00,ALPACA,424639,46.0,36.35506,127.337006,12,세종특별시
2026-06-18T10:15:09+09:00,ALPACA,425025,67.0,36.35509,127.33698,12,세종특별시
2026-06-18T10:15:09+09:00,ALPACA,424433,39.0,36.35512,127.337006,12,세종특별시
2026-06-18T10:15:09+09:00,ALPACA,425545,44.0,36.355125,127.34306,12,세종특별시
2026-06-18T10:15:09+09:00,ALPACA,424838,49.0,36.355125,127.34424,12,세종특별시
2026-06-18T10:15:09+09:00,ALPACA,424574,85.0,36.35513,127.34304,12,세종특별시
2026-06-18T10:15:09+09:00,ALPACA,424603,46.0,36.35513,127.344246,12,세종특별시
2026-06-18T10:15:09+09:00,ALPACA,425419,61.0,36.35514,127.33696,12,세종특별시
2026-06-18T10:15:09+09:00,ALPACA,425688,91.0,36.35518,127.35096,12,세종특별시
2026-06-18T10:15:09+09:00,ALPACA,424356,67.0,36.355316,127.34521,12,세종특별시
2026-06-18T10:15:09+09:00,ALPACA,425339,39.0,36.355343,127.335724,12,세종특별시
2026-06-18T10:15:09+09:00,ALPACA,424315,63.0,36.355366,127.33185,12,세종특별시
2026-06-18T10:15:09+09:00,ALPACA,425676,47.0,36.35537,127.33531,12,세종특별시
2026-06-18T10:15:09+09:00,ALPACA,424608,96.0,36.355385,127.33186,12,세종특별시
2026-06-18T10:15:09+09:00,ALPACA,424554,50.0,36.35547,127.3438,12,세종특별시
2026-06-18T10:15:09+09:00,ALPACA,424965,70.0,36.35557,127.33481,12,세종특별시
2026-06-18T10:15:09+09:00,ALPACA,424853,37.0,36.355625,127.34307,12,세종특별시
2026-06-18T10:15:09+09:00,ALPACA,412506,82.0,36.35568,127.37574,12,세종특별시
2026-06-18T10:15:09+09:00,ALPACA,424862,44.0,36.355717,127.33943,12,세종특별시
2026-06-18T10:15:09+09:00,ALPACA,424451,49.0,36.355732,127.36027,12,세종특별시
2026-06-18T10:15:09+09:00,ALPACA,425486,60.0,36.35579,127.33127,12,세종특별시
2026-06-18T10:15:09+09:00,ALPACA,425269,35.0,36.355877,127.35214,12,세종특별시
2026-06-18T10:15:09+09:00,ALPACA,424289,40.0,36.355896,127.3441,12,세종특별시
2026-06-18T10:15:09+09:00,ALPACA,425430,51.0,36.355976,127.33678,12,세종특별시
2026-06-18T10:15:09+09:00,ALPACA,425678,82.0,36.355984,127.33124,12,세종특별시
2026-06-18T10:15:09+09:00,ALPACA,424884,79.0,36.35599,127.33125,12,세종특별시
2026-06-18T10:15:09+09:00,ALPACA,424264,57.0,36.356014,127.33124,12,세종특별시
2026-06-18T10:15:09+09:00,ALPACA,424613,62.0,36.356018,127.34417,12,세종특별시
2026-06-18T10:15:09+09:00,ALPACA,425470,60.0,36.356026,127.33964,12,세종특별시
2026-06-18T10:15:09+09:00,ALPACA,425045,56.0,36.3561,127.33079,12,세종특별시
2026-06-18T10:15:09+09:00,ALPACA,425547,87.0,36.356148,127.35081,12,세종특별시
2026-06-18T10:15:09+09:00,ALPACA,425007,74.0,36.356277,127.36386,12,세종특별시
2026-06-18T10:15:09+09:00,ALPACA,425407,92.0,36.35636,127.361046,12,세종특별시
2026-06-18T10:15:09+09:00,ALPACA,425047,75.0,36.35641,127.34814,12,세종특별시
2026-06-18T10:15:09+09:00,ALPACA,424818,77.0,36.35644,127.34812,12,세종특별시
2026-06-18T10:15:09+09:00,ALPACA,425282,76.0,36.356503,127.348045,12,세종특별시
2026-06-18T10:15:09+09:00,ALPACA,425233,54.0,36.356514,127.341774,12,세종특별시
2026-06-18T10:15:09+09:00,ALPACA,425265,78.0,36.35654,127.34811,12,세종특별시
2026-06-18T10:15:09+09:00,ALPACA,425402,77.0,36.356552,127.348076,12,세종특별시
2026-06-18T10:15:09+09:00,ALPACA,424713,66.0,36.35656,127.34803,12,세종특별시
2026-06-18T10:15:09+09:00,ALPACA,425008,67.0,36.35658,127.331184,12,세종특별시
2026-06-18T10:15:09+09:00,ALPACA,424595,64.0,36.356632,127.33812,12,세종특별시
2026-06-18T10:15:09+09:00,ALPACA,424183,49.0,36.35665,127.33153,12,세종특별시
2026-06-18T10:15:09+09:00,ALPACA,426460,70.0,36.356766,127.33561,12,세종특별시
2026-06-18T10:15:09+09:00,ALPACA,424502,44.0,36.35679,127.33562,12,세종특별시
2026-06-18T10:15:09+09:00,ALPACA,425411,90.0,36.35689,127.33546,12,세종특별시
2026-06-18T10:15:09+09:00,ALPACA,414766,87.0,36.3569,127.335464,12,세종특별시
2026-06-18T10:15:09+09:00,ALPACA,424909,40.0,36.35701,127.34502,12,세종특별시
2026-06-18T10:15:09+09:00,ALPACA,424821,49.0,36.357014,127.35436,12,세종특별시
2026-06-18T10:15:09+09:00,ALPACA,424828,51.0,36.357162,127.35101,12,세종특별시
2026-06-18T10:15:09+09:00,ALPACA,424966,65.0,36.357216,127.358055,12,세종특별시
2026-06-18T10:15:09+09:00,ALPACA,426311,43.0,36.35722,127.340034,12,세종특별시
2026-06-18T10:15:09+09:00,ALPACA,426301,87.0,36.35723,127.34008,12,세종특별시
2026-06-18T10:15:09+09:00,ALPACA,425222,41.0,36.35726,127.35034,12,세종특별시
2026-06-18T10:15:09+09:00,ALPACA,424693,44.0,36.357384,127.34778,12,세종특별시
2026-06-18T10:15:09+09:00,ALPACA,425475,91.0,36.357407,127.37182,12,세종특별시
2026-06-18T10:15:09+09:00,ALPACA,425056,94.0,36.357414,127.37181,12,세종특별시
2026-06-18T10:15:09+09:00,ALPACA,424371,90.0,36.357418,127.371826,12,세종특별시
2026-06-18T10:15:09+09:00,ALPACA,425539,100.0,36.35742,127.37179,12,세종특별시
2026-06-18T10:15:09+09:00,ALPACA,425536,98.0,36.35743,127.37181,12,세종특별시
2026-06-18T10:15:09+09:00,ALPACA,425194,69.0,36.35743,127.34778,12,세종특별시
2026-06-18T10:15:09+09:00,ALPACA,424375,90.0,36.357433,127.371826,12,세종특별시
2026-06-18T10:15:09+09:00,ALPACA,424986,66.0,36.357433,127.34782,12,세종특별시
2026-06-18T10:15:09+09:00,ALPACA,424716,93.0,36.357437,127.371826,12,세종특별시
2026-06-18T10:15:09+09:00,ALPACA,424836,95.0,36.357437,127.37183,12,세종특별시
2026-06-18T10:15:09+09:00,ALPACA,424992,93.0,36.357437,127.37179,12,세종특별시
2026-06-18T10:15:09+09:00,ALPACA,425304,83.0,36.35744,127.37408,12,세종특별시
2026-06-18T10:15:09+09:00,ALPACA,412524,84.0,36.35745,127.37182,12,세종특별시
2026-06-18T10:15:09+09:00,ALPACA,424366,100.0,36.35745,127.37182,12,세종특별시
2026-06-18T10:15:09+09:00,ALPACA,424519,100.0,36.35745,127.37177,12,세종특별시
2026-06-18T10:15:09+09:00,ALPACA,424881,94.0,36.35745,127.37179,12,세종특별시
2026-06-18T10:15:09+09:00,ALPACA,424931,90.0,36.35745,127.37182,12,세종특별시
2026-06-18T10:15:09+09:00,ALPACA,425284,100.0,36.35745,127.37181,12,세종특별시
2026-06-18T10:15:09+09:00,ALPACA,424573,100.0,36.357452,127.37184,12,세종특별시
2026-06-18T10:15:09+09:00,ALPACA,424398,100.0,36.357464,127.37182,12,세종특별시
2026-06-18T10:15:09+09:00,ALPACA,414820,42.0,36.357468,127.37182,12,세종특별시
2026-06-18T10:15:09+09:00,ALPACA,425772,100.0,36.357468,127.3718,12,세종특별시
2026-06-18T10:15:09+09:00,ALPACA,425382,100.0,36.357468,127.37181,12,세종특별시
2026-06-18T10:15:09+09:00,ALPACA,425714,100.0,36.35747,127.37181,12,세종특별시
2026-06-18T10:15:09+09:00,ALPACA,426451,71.0,36.357475,127.37181,12,세종특별시
2026-06-18T10:15:09+09:00,ALPACA,414275,82.0,36.357483,127.37183,12,세종특별시
2026-06-18T10:15:09+09:00,ALPACA,414686,88.0,36.357487,127.37181,12,세종특별시
2026-06-18T10:15:09+09:00,ALPACA,415028,51.0,36.357487,127.37182,12,세종특별시
2026-06-18T10:15:09+09:00,ALPACA,424445,100.0,36.357487,127.371826,12,세종특별시
2026-06-18T10:15:09+09:00,ALPACA,424845,100.0,36.35749,127.371796,12,세종특별시
2026-06-18T10:15:09+09:00,ALPACA,425701,40.0,36.357494,127.371826,12,세종특별시
2026-06-18T10:15:09+09:00,ALPACA,414769,51.0,36.35751,127.37182,12,세종특별시
2026-06-18T10:15:09+09:00,ALPACA,425583,71.0,36.357517,127.37181,12,세종특별시
2026-06-18T10:15:09+09:00,ALPACA,425200,82.0,36.357517,127.371796,12,세종특별시
2026-06-18T10:15:09+09:00,ALPACA,425015,62.0,36.357536,127.37182,12,세종특별시
2026-06-18T10:15:09+09:00,ALPACA,425755,52.0,36.35756,127.3515,12,세종특별시
2026-06-18T10:15:09+09:00,ALPACA,425674,44.0,36.35757,127.35059,12,세종특별시
2026-06-18T10:15:09+09:00,ALPACA,426441,89.0,36.357574,127.34979,12,세종특별시
2026-06-18T10:15:09+09:00,ALPACA,425357,55.0,36.357647,127.33109,12,세종특별시
2026-06-18T10:15:09+09:00,ALPACA,424906,41.0,36.35765,127.35195,12,세종특별시
2026-06-18T10:15:09+09:00,ALPACA,425485,53.0,36.357685,127.34431,12,세종특별시
2026-06-18T10:15:09+09:00,ALPACA,424916,65.0,36.357822,127.35125,12,세종특별시
2026-06-18T10:15:09+09:00,ALPACA,425491,42.0,36.357883,127.34583,12,세종특별시
2026-06-18T10:15:09+09:00,ALPACA,425332,45.0,36.3579,127.35129,12,세종특별시
2026-06-18T10:15:09+09:00,ALPACA,425422,100.0,36.35791,127.36395,12,세종특별시
2026-06-18T10:15:09+09:00,ALPACA,425460,100.0,36.35793,127.36385,12,세종특별시
2026-06-18T10:15:09+09:00,ALPACA,425753,73.0,36.35793,127.36391,12,세종특별시
2026-06-18T10:15:09+09:00,ALPACA,426268,100.0,36.357937,127.36383,12,세종특별시
2026-06-18T10:15:09+09:00,ALPACA,425765,88.0,36.357944,127.36386,12,세종특별시
2026-06-18T10:15:09+09:00,ALPACA,423880,99.0,36.357956,127.363785,12,세종특별시
2026-06-18T10:15:09+09:00,ALPACA,424185,100.0,36.35796,127.36382,12,세종특별시
2026-06-18T10:15:09+09:00,ALPACA,425209,85.0,36.35796,127.37969,12,세종특별시
2026-06-18T10:15:09+09:00,ALPACA,424400,100.0,36.357964,127.363815,12,세종특별시
2026-06-18T10:15:09+09:00,ALPACA,425543,78.0,36.357975,127.36382,12,세종특별시
2026-06-18T10:15:09+09:00,ALPACA,424326,100.0,36.357983,127.364,12,세종특별시
2026-06-18T10:15:09+09:00,ALPACA,425992,100.0,36.357986,127.363785,12,세종특별시
2026-06-18T10:15:09+09:00,ALPACA,424388,69.0,36.357994,127.36381,12,세종특별시
2026-06-18T10:15:09+09:00,ALPACA,424569,76.0,36.358,127.36382,12,세종특별시
2026-06-18T10:15:09+09:00,ALPACA,424403,76.0,36.358006,127.36379,12,세종특별시
2026-06-18T10:15:09+09:00,ALPACA,424572,86.0,36.358013,127.363914,12,세종특별시
2026-06-18T10:15:09+09:00,ALPACA,425223,49.0,36.35813,127.35243,12,세종특별시
2026-06-18T10:15:09+09:00,ALPACA,424560,38.0,36.358322,127.35582,12,세종특별시
2026-06-18T10:15:09+09:00,ALPACA,425127,51.0,36.358402,127.32857,12,세종특별시
2026-06-18T10:15:09+09:00,ALPACA,424479,62.0,36.358505,127.34494,12,세종특별시
2026-06-18T10:15:09+09:00,ALPACA,424808,47.0,36.358772,127.35916,12,세종특별시
2026-06-18T10:15:09+09:00,ALPACA,424789,58.0,36.35878,127.359116,12,세종특별시
2026-06-18T10:15:09+09:00,ALPACA,424817,76.0,36.358967,127.33226,12,세종특별시
2026-06-18T10:15:09+09:00,ALPACA,424979,68.0,36.35902,127.33379,12,세종특별시
2026-06-18T10:15:09+09:00,ALPACA,424943,64.0,36.359043,127.33376,12,세종특별시
2026-06-18T10:15:09+09:00,ALPACA,425161,70.0,36.359043,127.35218,12,세종특별시
2026-06-18T10:15:09+09:00,ALPACA,424970,45.0,36.35905,127.333725,12,세종특별시
2026-06-18T10:15:09+09:00,ALPACA,425440,66.0,36.359055,127.33343,12,세종특별시
2026-06-18T10:15:09+09:00,ALPACA,425210,46.0,36.35906,127.33347,12,세종특별시
2026-06-18T10:15:09+09:00,ALPACA,425421,62.0,36.359062,127.33345,12,세종특별시
2026-06-18T10:15:09+09:00,ALPACA,425393,56.0,36.359062,127.35218,12,세종특별시
2026-06-18T10:15:09+09:00,ALPACA,425396,71.0,36.359062,127.33344,12,세종특별시
2026-06-18T10:15:09+09:00,ALPACA,425410,63.0,36.35907,127.33347,12,세종특별시
2026-06-18T10:15:09+09:00,ALPACA,425325,56.0,36.35909,127.33349,12,세종특별시
2026-06-18T10:15:09+09:00,ALPACA,424859,62.0,36.359093,127.333466,12,세종특별시
2026-06-18T10:15:09+09:00,ALPACA,425201,65.0,36.359097,127.34553,12,세종특별시
2026-06-18T10:15:09+09:00,ALPACA,424630,81.0,36.359272,127.3417,12,세종특별시
2026-06-18T10:15:09+09:00,ALPACA,424558,84.0,36.359306,127.35442,12,세종특별시
2026-06-18T10:15:09+09:00,ALPACA,424684,51.0,36.359425,127.333916,12,세종특별시
2026-06-18T10:15:09+09:00,ALPACA,424448,89.0,36.35951,127.33482,12,세종특별시
2026-06-18T10:15:09+09:00,ALPACA,425358,98.0,36.359547,127.343346,12,세종특별시
2026-06-18T10:15:09+09:00,ALPACA,425564,87.0,36.359573,127.34343,12,세종특별시
2026-06-18T10:15:09+09:00,ALPACA,424610,46.0,36.359737,127.33646,12,세종특별시
2026-06-18T10:15:09+09:00,ALPACA,424638,40.0,36.359737,127.33638,12,세종특별시
2026-06-18T10:15:09+09:00,ALPACA,414824,48.0,36.35978,127.374146,12,세종특별시
2026-06-18T10:15:09+09:00,ALPACA,425077,99.0,36.359863,127.371994,12,세종특별시
2026-06-18T10:15:09+09:00,ALPACA,424998,54.0,36.360413,127.33222,12,세종특별시
2026-06-18T10:15:09+09:00,ALPACA,424985,41.0,36.360596,127.33354,12,세종특별시
2026-06-18T10:15:09+09:00,ALPACA,425626,32.0,36.360767,127.333916,12,세종특별시
2026-06-18T10:15:09+09:00,ALPACA,424598,65.0,36.360916,127.350266,12,세종특별시
2026-06-18T10:15:09+09:00,ALPACA,424894,58.0,36.361115,127.33635,12,세종특별시
2026-06-18T10:15:09+09:00,ALPACA,425326,71.0,36.361115,127.3372,12,세종특별시
2026-06-18T10:15:09+09:00,ALPACA,425353,44.0,36.361145,127.338425,12,세종특별시
2026-06-18T10:15:09+09:00,ALPACA,424556,100.0,36.36118,127.356,12,세종특별시
2026-06-18T10:15:09+09:00,ALPACA,425046,85.0,36.361324,127.33851,12,세종특별시
2026-06-18T10:15:09+09:00,ALPACA,425246,44.0,36.36135,127.33777,12,세종특별시
2026-06-18T10:15:09+09:00,ALPACA,424374,97.0,36.36141,127.33746,12,세종특별시
2026-06-18T10:15:09+09:00,ALPACA,424976,100.0,36.36153,127.35697,12,세종특별시
2026-06-18T10:15:09+09:00,ALPACA,426378,100.0,36.36154,127.35697,12,세종특별시
2026-06-18T10:15:09+09:00,ALPACA,424441,86.0,36.361656,127.33664,12,세종특별시
2026-06-18T10:15:09+09:00,ALPACA,414826,32.0,36.36168,127.353264,12,세종특별시
2026-06-18T10:15:09+09:00,ALPACA,425693,95.0,36.36177,127.344894,12,세종특별시
2026-06-18T10:15:09+09:00,ALPACA,425454,59.0,36.36179,127.33026,12,세종특별시
2026-06-18T10:15:09+09:00,ALPACA,424634,58.0,36.361794,127.35746,12,세종특별시
2026-06-18T10:15:09+09:00,ALPACA,424369,90.0,36.36182,127.357475,12,세종특별시
2026-06-18T10:15:09+09:00,ALPACA,424885,97.0,36.36183,127.357574,12,세종특별시
2026-06-18T10:15:09+09:00,ALPACA,426262,100.0,36.36184,127.3576,12,세종특별시
2026-06-18T10:15:09+09:00,ALPACA,424405,100.0,36.36185,127.35762,12,세종특별시
2026-06-18T10:15:09+09:00,ALPACA,424889,100.0,36.36185,127.357574,12,세종특별시
2026-06-18T10:15:09+09:00,ALPACA,424415,34.0,36.361877,127.34437,12,세종특별시
2026-06-18T10:15:09+09:00,ALPACA,424786,50.0,36.361923,127.35732,12,세종특별시
2026-06-18T10:15:09+09:00,ALPACA,424958,74.0,36.361958,127.35738,12,세종특별시
2026-06-18T10:15:09+09:00,ALPACA,425371,74.0,36.361965,127.357376,12,세종특별시
2026-06-18T10:15:09+09:00,ALPACA,424922,46.0,36.36197,127.35737,12,세종특별시
2026-06-18T10:15:09+09:00,ALPACA,425368,75.0,36.36197,127.35735,12,세종특별시
2026-06-18T10:15:09+09:00,ALPACA,424584,67.0,36.36198,127.35785,12,세종특별시
2026-06-18T10:15:09+09:00,ALPACA,425527,76.0,36.36202,127.35738,12,세종특별시
2026-06-18T10:15:09+09:00,ALPACA,425114,44.0,36.36203,127.36115,12,세종특별시
2026-06-18T10:15:09+09:00,ALPACA,424399,82.0,36.362183,127.37412,12,세종특별시
2026-06-18T10:15:09+09:00,ALPACA,424778,95.0,36.36247,127.34416,12,세종특별시
2026-06-18T10:15:09+09:00,ALPACA,425184,100.0,36.362507,127.35731,12,세종특별시
2026-06-18T10:15:09+09:00,ALPACA,424578,94.0,36.36252,127.33519,12,세종특별시
2026-06-18T10:15:09+09:00,ALPACA,425389,55.0,36.36252,127.357346,12,세종특별시
2026-06-18T10:15:09+09:00,ALPACA,424941,100.0,36.362583,127.3447,12,세종특별시
2026-06-18T10:15:09+09:00,ALPACA,425118,95.0,36.362583,127.34451,12,세종특별시
2026-06-18T10:15:09+09:00,ALPACA,424957,97.0,36.362587,127.3446,12,세종특별시
2026-06-18T10:15:09+09:00,ALPACA,424592,76.0,36.362595,127.34471,12,세종특별시
2026-06-18T10:15:09+09:00,ALPACA,425434,100.0,36.3626,127.34471,12,세종특별시
2026-06-18T10:15:09+09:00,ALPACA,424332,100.0,36.362602,127.34473,12,세종특별시
2026-06-18T10:15:09+09:00,ALPACA,424585,100.0,36.362602,127.3447,12,세종특별시
2026-06-18T10:15:09+09:00,ALPACA,425588,100.0,36.362606,127.34472,12,세종특별시
2026-06-18T10:15:09+09:00,ALPACA,425703,68.0,36.36261,127.344505,12,세종특별시
2026-06-18T10:15:09+09:00,ALPACA,425224,98.0,36.362614,127.344475,12,세종특별시
2026-06-18T10:15:09+09:00,ALPACA,424429,99.0,36.36262,127.34457,12,세종특별시
2026-06-18T10:15:09+09:00,ALPACA,424919,100.0,36.36262,127.34452,12,세종특별시
2026-06-18T10:15:09+09:00,ALPACA,425345,100.0,36.36262,127.344734,12,세종특별시
2026-06-18T10:15:09+09:00,ALPACA,425400,62.0,36.362625,127.34453,12,세종특별시
2026-06-18T10:15:09+09:00,ALPACA,425377,100.0,36.36263,127.34456,12,세종특별시
2026-06-18T10:15:09+09:00,ALPACA,425549,94.0,36.362633,127.34458,12,세종특별시
2026-06-18T10:15:09+09:00,ALPACA,424937,100.0,36.36264,127.34456,12,세종특별시
2026-06-18T10:15:09+09:00,ALPACA,425314,95.0,36.36265,127.34456,12,세종특별시
2026-06-18T10:15:09+09:00,ALPACA,425955,100.0,36.36266,127.344696,12,세종특별시
2026-06-18T10:15:09+09:00,ALPACA,424727,92.0,36.362663,127.34357,12,세종특별시
2026-06-18T10:15:09+09:00,ALPACA,424767,79.0,36.36267,127.343605,12,세종특별시
2026-06-18T10:15:09+09:00,ALPACA,425005,75.0,36.36267,127.34359,12,세종특별시
2026-06-18T10:15:09+09:00,ALPACA,426413,32.0,36.36271,127.34346,12,세종특별시
2026-06-18T10:15:09+09:00,ALPACA,424493,76.0,36.362835,127.35148,12,세종특별시
2026-06-18T10:15:09+09:00,ALPACA,424758,53.0,36.362843,127.356865,12,세종특별시
2026-06-18T10:15:09+09:00,ALPACA,425129,100.0,36.36287,127.35676,12,세종특별시
2026-06-18T10:15:09+09:00,ALPACA,425630,84.0,36.363148,127.34218,12,세종특별시
2026-06-18T10:15:09+09:00,ALPACA,424342,73.0,36.363224,127.334885,12,세종특별시
2026-06-18T10:15:09+09:00,ALPACA,425472,35.0,36.363243,127.34195,12,세종특별시
2026-06-18T10:15:09+09:00,ALPACA,424485,51.0,36.363274,127.33416,12,세종특별시
2026-06-18T10:15:09+09:00,ALPACA,425336,100.0,36.36348,127.35655,12,세종특별시
2026-06-18T10:15:09+09:00,ALPACA,424804,95.0,36.363518,127.356926,12,세종특별시
2026-06-18T10:15:09+09:00,ALPACA,425623,91.0,36.36368,127.3582,12,세종특별시
2026-06-18T10:15:09+09:00,ALPACA,425437,54.0,36.3637,127.358185,12,세종특별시
2026-06-18T10:15:09+09:00,ALPACA,425459,50.0,36.36404,127.35904,12,세종특별시
2026-06-18T10:15:09+09:00,ALPACA,425356,43.0,36.364616,127.34049,12,세종특별시
2026-06-18T10:15:09+09:00,ALPACA,425323,41.0,36.36463,127.34037,12,세종특별시
2026-06-18T10:15:09+09:00,ALPACA,424557,92.0,36.36471,127.34718,12,세종특별시
2026-06-18T10:15:09+09:00,ALPACA,425687,100.0,36.364986,127.347565,12,세종특별시
2026-06-18T10:15:09+09:00,ALPACA,425237,70.0,36.364998,127.34737,12,세종특별시
2026-06-18T10:15:09+09:00,ALPACA,424728,98.0,36.365192,127.34632,12,세종특별시
2026-06-18T10:15:09+09:00,ALPACA,424962,100.0,36.36541,127.36342,12,세종특별시
2026-06-18T10:15:09+09:00,ALPACA,423883,66.0,36.365643,127.346085,12,세종특별시
2026-06-18T10:15:09+09:00,ALPACA,425031,47.0,36.365723,127.33681,12,세종특별시
2026-06-18T10:15:09+09:00,ALPACA,424308,76.0,36.36589,127.36466,12,세종특별시
2026-06-18T10:15:09+09:00,ALPACA,425748,68.0,36.3659,127.36465,12,세종특별시
2026-06-18T10:15:09+09:00,ALPACA,424567,76.0,36.365902,127.364655,12,세종특별시
2026-06-18T10:15:09+09:00,ALPACA,424566,75.0,36.365906,127.364655,12,세종특별시
2026-06-18T10:15:09+09:00,ALPACA,425744,66.0,36.365913,127.36465,12,세종특별시
2026-06-18T10:15:09+09:00,ALPACA,424207,67.0,36.365913,127.364655,12,세종특별시
2026-06-18T10:15:09+09:00,ALPACA,424413,75.0,36.365917,127.36466,12,세종특별시
2026-06-18T10:15:09+09:00,ALPACA,426462,76.0,36.36644,127.31598,12,세종특별시
2026-06-18T10:15:09+09:00,ALPACA,424805,99.0,36.366493,127.3428,12,세종특별시
2026-06-18T10:15:09+09:00,ALPACA,426436,95.0,36.366497,127.34273,12,세종특별시
2026-06-18T10:15:09+09:00,ALPACA,424344,96.0,36.3665,127.3428,12,세종특별시
2026-06-18T10:15:09+09:00,ALPACA,424823,56.0,36.3665,127.342834,12,세종특별시
2026-06-18T10:15:09+09:00,ALPACA,425014,92.0,36.3665,127.34282,12,세종특별시
2026-06-18T10:15:09+09:00,ALPACA,425137,63.0,36.3665,127.34271,12,세종특별시
2026-06-18T10:15:09+09:00,ALPACA,424528,33.0,36.36651,127.3425,12,세종특별시
2026-06-18T10:15:09+09:00,ALPACA,425313,34.0,36.366512,127.34256,12,세종특별시
2026-06-18T10:15:09+09:00,ALPACA,424833,88.0,36.366516,127.342804,12,세종특별시
2026-06-18T10:15:09+09:00,ALPACA,425514,81.0,36.366528,127.342636,12,세종특별시
2026-06-18T10:15:09+09:00,ALPACA,425466,96.0,36.36654,127.3428,12,세종특별시
2026-06-18T10:15:09+09:00,ALPACA,425416,62.0,36.366554,127.34257,12,세종특별시
2026-06-18T10:15:09+09:00,ALPACA,425340,91.0,36.366554,127.34517,12,세종특별시
2026-06-18T10:15:09+09:00,ALPACA,425974,96.0,36.366566,127.342476,12,세종특별시
2026-06-18T10:15:09+09:00,ALPACA,425559,72.0,36.366577,127.34559,12,세종특별시
2026-06-18T10:15:09+09:00,ALPACA,424964,100.0,36.366577,127.36243,12,세종특별시
2026-06-18T10:15:09+09:00,ALPACA,424553,37.0,36.366688,127.3446,12,세종특별시
2026-06-18T10:15:09+09:00,ALPACA,424338,38.0,36.36674,127.34466,12,세종특별시
2026-06-18T10:15:09+09:00,ALPACA,425716,90.0,36.366745,127.34466,12,세종특별시
2026-06-18T10:15:09+09:00,ALPACA,425168,44.0,36.366848,127.3447,12,세종특별시
2026-06-18T10:15:09+09:00,ALPACA,425493,56.0,36.366856,127.34641,12,세종특별시
2026-06-18T10:15:09+09:00,ALPACA,424571,98.0,36.366863,127.34466,12,세종특별시
2026-06-18T10:15:09+09:00,ALPACA,425208,77.0,36.36688,127.344734,12,세종특별시
2026-06-18T10:15:09+09:00,ALPACA,425048,97.0,36.36689,127.34468,12,세종특별시
2026-06-18T10:15:09+09:00,ALPACA,425251,97.0,36.366936,127.34473,12,세종특별시
2026-06-18T10:15:09+09:00,ALPACA,424337,97.0,36.367,127.340836,12,세종특별시
2026-06-18T10:15:09+09:00,ALPACA,425598,78.0,36.36701,127.34084,12,세종특별시
2026-06-18T10:15:09+09:00,ALPACA,425009,88.0,36.367023,127.340866,12,세종특별시
2026-06-18T10:15:09+09:00,ALPACA,425756,98.0,36.367115,127.345894,12,세종특별시
2026-06-18T10:15:09+09:00,ALPACA,425060,74.0,36.367153,127.36254,12,세종특별시
2026-06-18T10:15:09+09:00,ALPACA,424496,100.0,36.36717,127.36254,12,세종특별시
2026-06-18T10:15:09+09:00,ALPACA,424802,61.0,36.367344,127.35677,12,세종특별시
2026-06-18T10:15:09+09:00,ALPACA,424454,76.0,36.36738,127.34067,12,세종특별시
2026-06-18T10:15:09+09:00,ALPACA,424968,91.0,36.36739,127.34069,12,세종특별시
2026-06-18T10:15:09+09:00,ALPACA,425018,43.0,36.367558,127.36122,12,세종특별시
2026-06-18T10:15:09+09:00,ALPACA,424751,68.0,36.367603,127.34084,12,세종특별시
2026-06-18T10:15:09+09:00,ALPACA,425106,95.0,36.367783,127.3656,12,세종특별시
2026-06-18T10:15:09+09:00,ALPACA,424987,100.0,36.367794,127.3421,12,세종특별시
2026-06-18T10:15:09+09:00,ALPACA,424742,71.0,36.367817,127.34209,12,세종특별시
2026-06-18T10:15:09+09:00,ALPACA,425125,65.0,36.367817,127.34215,12,세종특별시
2026-06-18T10:15:09+09:00,ALPACA,425441,100.0,36.367825,127.365616,12,세종특별시
2026-06-18T10:15:09+09:00,ALPACA,425684,80.0,36.36783,127.36563,12,세종특별시
2026-06-18T10:15:09+09:00,ALPACA,425119,62.0,36.36783,127.34214,12,세종특별시
2026-06-18T10:15:09+09:00,ALPACA,425691,83.0,36.367836,127.34036,12,세종특별시
2026-06-18T10:15:09+09:00,ALPACA,424551,34.0,36.367836,127.34211,12,세종특별시
2026-06-18T10:15:09+09:00,ALPACA,424391,85.0,36.36784,127.34212,12,세종특별시
2026-06-18T10:15:09+09:00,ALPACA,425483,77.0,36.367844,127.34205,12,세종특별시
2026-06-18T10:15:09+09:00,ALPACA,425620,68.0,36.367847,127.34213,12,세종특별시
2026-06-18T10:15:09+09:00,ALPACA,425468,100.0,36.367855,127.36566,12,세종특별시
2026-06-18T10:15:09+09:00,ALPACA,424361,96.0,36.367867,127.342064,12,세종특별시
2026-06-18T10:15:09+09:00,ALPACA,424773,90.0,36.36788,127.34211,12,세종특별시
2026-06-18T10:15:09+09:00,ALPACA,425185,93.0,36.36789,127.34206,12,세종특별시
2026-06-18T10:15:09+09:00,ALPACA,425426,81.0,36.36792,127.34157,12,세종특별시
2026-06-18T10:15:09+09:00,ALPACA,425480,84.0,36.368137,127.34601,12,세종특별시
2026-06-18T10:15:09+09:00,ALPACA,425777,64.0,36.368137,127.34604,12,세종특별시
2026-06-18T10:15:09+09:00,ALPACA,424851,52.0,36.368145,127.34598,12,세종특별시
2026-06-18T10:15:09+09:00,ALPACA,423922,33.0,36.368153,127.34598,12,세종특별시
2026-06-18T10:15:09+09:00,ALPACA,414685,71.0,36.368164,127.34597,12,세종특별시
2026-06-18T10:15:09+09:00,ALPACA,425624,100.0,36.368176,127.34594,12,세종특별시
2026-06-18T10:15:09+09:00,ALPACA,425729,87.0,36.36821,127.34595,12,세종특별시
2026-06-18T10:15:09+09:00,ALPACA,425478,83.0,36.368275,127.34259,12,세종특별시
2026-06-18T10:15:09+09:00,ALPACA,425481,90.0,36.368275,127.34272,12,세종특별시
2026-06-18T10:15:09+09:00,ALPACA,425139,81.0,36.368282,127.34259,12,세종특별시
2026-06-18T10:15:09+09:00,ALPACA,425331,58.0,36.368282,127.34254,12,세종특별시
2026-06-18T10:15:09+09:00,ALPACA,425003,75.0,36.368313,127.34261,12,세종특별시
2026-06-18T10:15:09+09:00,ALPACA,424524,75.0,36.36832,127.342575,12,세종특별시
2026-06-18T10:15:09+09:00,ALPACA,425617,39.0,36.368324,127.34259,12,세종특별시
2026-06-18T10:15:09+09:00,ALPACA,425621,53.0,36.36834,127.34257,12,세종특별시
2026-06-18T10:15:09+09:00,ALPACA,425063,97.0,36.368347,127.34267,12,세종특별시
2026-06-18T10:15:09+09:00,ALPACA,424858,100.0,36.36853,127.36599,12,세종특별시
2026-06-18T10:15:09+09:00,ALPACA,424409,48.0,36.36859,127.34063,12,세종특별시
2026-06-18T10:15:09+09:00,ALPACA,424428,33.0,36.36863,127.343735,12,세종특별시
2026-06-18T10:15:09+09:00,ALPACA,425423,83.0,36.36864,127.34067,12,세종특별시
2026-06-18T10:15:09+09:00,ALPACA,425088,31.0,36.36864,127.34377,12,세종특별시
2026-06-18T10:15:09+09:00,ALPACA,411802,73.0,36.368645,127.34372,12,세종특별시
2026-06-18T10:15:09+09:00,ALPACA,424123,55.0,36.368645,127.34071,12,세종특별시
2026-06-18T10:15:09+09:00,ALPACA,425315,96.0,36.36865,127.34379,12,세종특별시
2026-06-18T10:15:09+09:00,ALPACA,424907,92.0,36.368652,127.340645,12,세종특별시
2026-06-18T10:15:09+09:00,ALPACA,424683,71.0,36.368683,127.34074,12,세종특별시
2026-06-18T10:15:09+09:00,ALPACA,424824,45.0,36.368683,127.338264,12,세종특별시
2026-06-18T10:15:09+09:00,ALPACA,424423,100.0,36.368687,127.34073,12,세종특별시
2026-06-18T10:15:09+09:00,ALPACA,424632,60.0,36.368687,127.34072,12,세종특별시
2026-06-18T10:15:09+09:00,ALPACA,425548,97.0,36.36869,127.34071,12,세종특별시
2026-06-18T10:15:09+09:00,ALPACA,424945,69.0,36.36869,127.34189,12,세종특별시
2026-06-18T10:15:09+09:00,ALPACA,425158,80.0,36.368702,127.34065,12,세종특별시
2026-06-18T10:15:09+09:00,ALPACA,424354,32.0,36.368706,127.340706,12,세종특별시
2026-06-18T10:15:09+09:00,ALPACA,424362,45.0,36.368706,127.34187,12,세종특별시
2026-06-18T10:15:09+09:00,ALPACA,424530,100.0,36.368706,127.340675,12,세종특별시
2026-06-18T10:15:09+09:00,ALPACA,425540,51.0,36.368717,127.34193,12,세종특별시
2026-06-18T10:15:09+09:00,ALPACA,425442,78.0,36.368725,127.3407,12,세종특별시
2026-06-18T10:15:09+09:00,ALPACA,414402,83.0,36.36873,127.34073,12,세종특별시
2026-06-18T10:15:09+09:00,ALPACA,425172,56.0,36.36873,127.341965,12,세종특별시
2026-06-18T10:15:09+09:00,ALPACA,425715,76.0,36.368732,127.34067,12,세종특별시
2026-06-18T10:15:09+09:00,ALPACA,424626,56.0,36.368732,127.34056,12,세종특별시
2026-06-18T10:15:09+09:00,ALPACA,425394,100.0,36.368732,127.34068,12,세종특별시
2026-06-18T10:15:09+09:00,ALPACA,425522,58.0,36.368736,127.34069,12,세종특별시
2026-06-18T10:15:09+09:00,ALPACA,424475,50.0,36.368736,127.34069,12,세종특별시
2026-06-18T10:15:09+09:00,ALPACA,425230,100.0,36.368736,127.3407,12,세종특별시
2026-06-18T10:15:09+09:00,ALPACA,425249,84.0,36.368736,127.3406,12,세종특별시
2026-06-18T10:15:09+09:00,ALPACA,415497,55.0,36.368744,127.34252,12,세종특별시
2026-06-18T10:15:09+09:00,ALPACA,425473,52.0,36.368767,127.3419,12,세종특별시
2026-06-18T10:15:09+09:00,ALPACA,424500,87.0,36.36877,127.34069,12,세종특별시
2026-06-18T10:15:09+09:00,ALPACA,424877,75.0,36.36877,127.340675,12,세종특별시
2026-06-18T10:15:09+09:00,ALPACA,425277,93.0,36.36877,127.340706,12,세종특별시
2026-06-18T10:15:09+09:00,ALPACA,424959,75.0,36.368786,127.34069,12,세종특별시
2026-06-18T10:15:09+09:00,ALPACA,424633,80.0,36.36879,127.34076,12,세종특별시
2026-06-18T10:15:09+09:00,ALPACA,425457,62.0,36.368793,127.34071,12,세종특별시
2026-06-18T10:15:09+09:00,ALPACA,425542,52.0,36.368805,127.34252,12,세종특별시
2026-06-18T10:15:09+09:00,ALPACA,424440,60.0,36.36884,127.340004,12,세종특별시
2026-06-18T10:15:09+09:00,ALPACA,425538,49.0,36.36886,127.33998,12,세종특별시
2026-06-18T10:15:09+09:00,ALPACA,426105,97.0,36.368874,127.31593,12,세종특별시
2026-06-18T10:15:09+09:00,ALPACA,425080,76.0,36.368877,127.34285,12,세종특별시
2026-06-18T10:15:09+09:00,ALPACA,426099,86.0,36.36888,127.34277,12,세종특별시
2026-06-18T10:15:09+09:00,ALPACA,425043,52.0,36.368885,127.339966,12,세종특별시
2026-06-18T10:15:09+09:00,ALPACA,425311,57.0,36.36889,127.33994,12,세종특별시
2026-06-18T10:15:09+09:00,ALPACA,425081,51.0,36.368896,127.339966,12,세종특별시
2026-06-18T10:15:09+09:00,ALPACA,424417,52.0,36.3689,127.33996,12,세종특별시
2026-06-18T10:15:09+09:00,ALPACA,425415,67.0,36.368904,127.34292,12,세종특별시
2026-06-18T10:15:09+09:00,ALPACA,424686,48.0,36.368904,127.34285,12,세종특별시
2026-06-18T10:15:09+09:00,ALPACA,424718,77.0,36.368908,127.35069,12,세종특별시
2026-06-18T10:15:09+09:00,ALPACA,425071,53.0,36.36891,127.34288,12,세종특별시
2026-06-18T10:15:09+09:00,ALPACA,426361,87.0,36.368916,127.34398,12,세종특별시
2026-06-18T10:15:09+09:00,ALPACA,424355,72.0,36.368935,127.340996,12,세종특별시
2026-06-18T10:15:09+09:00,ALPACA,424980,36.0,36.368954,127.34293,12,세종특별시
2026-06-18T10:15:09+09:00,ALPACA,426267,75.0,36.36896,127.340836,12,세종특별시
2026-06-18T10:15:09+09:00,ALPACA,424552,61.0,36.368973,127.3398,12,세종특별시
2026-06-18T10:15:09+09:00,ALPACA,424940,49.0,36.368977,127.33997,12,세종특별시
2026-06-18T10:15:09+09:00,ALPACA,424339,67.0,36.36899,127.339966,12,세종특별시
2026-06-18T10:15:09+09:00,ALPACA,425163,39.0,36.36899,127.3425,12,세종특별시
2026-06-18T10:15:09+09:00,ALPACA,425447,100.0,36.368996,127.34001,12,세종특별시
2026-06-18T10:15:09+09:00,ALPACA,425264,69.0,36.369022,127.33998,12,세종특별시
2026-06-18T10:15:09+09:00,ALPACA,425429,64.0,36.36903,127.339935,12,세종특별시
2026-06-18T10:15:09+09:00,ALPACA,425628,42.0,36.369175,127.33391,12,세종특별시
2026-06-18T10:15:09+09:00,ALPACA,425232,100.0,36.369297,127.366806,12,세종특별시
2026-06-18T10:15:09+09:00,ALPACA,426370,51.0,36.369522,127.35133,12,세종특별시
2026-06-18T10:15:09+09:00,ALPACA,424341,31.0,36.369537,127.35133,12,세종특별시
2026-06-18T10:15:09+09:00,ALPACA,424513,82.0,36.369537,127.35133,12,세종특별시
2026-06-18T10:15:09+09:00,ALPACA,425771,70.0,36.36954,127.35135,12,세종특별시
2026-06-18T10:15:09+09:00,ALPACA,424351,79.0,36.36954,127.351295,12,세종특별시
2026-06-18T10:15:09+09:00,ALPACA,425633,46.0,36.369545,127.35128,12,세종특별시
2026-06-18T10:15:09+09:00,ALPACA,425280,77.0,36.369545,127.35132,12,세종특별시
2026-06-18T10:15:09+09:00,ALPACA,425418,95.0,36.369553,127.351326,12,세종특별시
2026-06-18T10:15:09+09:00,ALPACA,425187,73.0,36.369553,127.35134,12,세종특별시
2026-06-18T10:15:09+09:00,ALPACA,425528,74.0,36.369556,127.35126,12,세종특별시
2026-06-18T10:15:09+09:00,ALPACA,424796,100.0,36.369556,127.35134,12,세종특별시
2026-06-18T10:15:09+09:00,ALPACA,425177,100.0,36.369556,127.35128,12,세종특별시
2026-06-18T10:15:09+09:00,ALPACA,425692,94.0,36.36956,127.35127,12,세종특별시
2026-06-18T10:15:09+09:00,ALPACA,424888,83.0,36.36956,127.35126,12,세종특별시
2026-06-18T10:15:09+09:00,ALPACA,425176,71.0,36.36956,127.35123,12,세종특별시
2026-06-18T10:15:09+09:00,ALPACA,425484,95.0,36.369564,127.35133,12,세종특별시
2026-06-18T10:15:09+09:00,ALPACA,424186,87.0,36.369568,127.351265,12,세종특별시
2026-06-18T10:15:09+09:00,ALPACA,424749,93.0,36.369568,127.34378,12,세종특별시
2026-06-18T10:15:09+09:00,ALPACA,424803,62.0,36.369583,127.35124,12,세종특별시
2026-06-18T10:15:09+09:00,ALPACA,425462,89.0,36.369587,127.3513,12,세종특별시
2026-06-18T10:15:09+09:00,ALPACA,425631,50.0,36.36959,127.35129,12,세종특별시
2026-06-18T10:15:09+09:00,ALPACA,424464,36.0,36.369595,127.31903,12,세종특별시
2026-06-18T10:15:09+09:00,ALPACA,425534,46.0,36.3696,127.3437,12,세종특별시
2026-06-18T10:15:09+09:00,ALPACA,423908,97.0,36.369606,127.351166,12,세종특별시
2026-06-18T10:15:09+09:00,ALPACA,425581,99.0,36.369614,127.35119,12,세종특별시
2026-06-18T10:15:09+09:00,ALPACA,424855,95.0,36.369614,127.35117,12,세종특별시
2026-06-18T10:15:09+09:00,ALPACA,425328,61.0,36.369614,127.35118,12,세종특별시
2026-06-18T10:15:09+09:00,ALPACA,425775,99.0,36.369617,127.343285,12,세종특별시
2026-06-18T10:15:09+09:00,ALPACA,425105,77.0,36.36963,127.351166,12,세종특별시
2026-06-18T10:15:09+09:00,ALPACA,425513,72.0,36.369637,127.34374,12,세종특별시
2026-06-18T10:15:09+09:00,ALPACA,424480,67.0,36.369637,127.35117,12,세종특별시
2026-06-18T10:15:09+09:00,ALPACA,425369,100.0,36.36964,127.36308,12,세종특별시
2026-06-18T10:15:09+09:00,ALPACA,424784,85.0,36.369648,127.3512,12,세종특별시
2026-06-18T10:15:09+09:00,ALPACA,424419,58.0,36.36966,127.31805,12,세종특별시
2026-06-18T10:15:09+09:00,ALPACA,424368,67.0,36.36967,127.35114,12,세종특별시
2026-06-18T10:15:09+09:00,ALPACA,425069,100.0,36.36967,127.343445,12,세종특별시
2026-06-18T10:15:09+09:00,ALPACA,425283,89.0,36.36971,127.36292,12,세종특별시
2026-06-18T10:15:09+09:00,ALPACA,424774,58.0,36.369747,127.362854,12,세종특별시
2026-06-18T10:15:09+09:00,ALPACA,425474,100.0,36.36976,127.343666,12,세종특별시
2026-06-18T10:15:09+09:00,ALPACA,425399,98.0,36.369865,127.34422,12,세종특별시
2026-06-18T10:15:09+09:00,ALPACA,424353,80.0,36.369884,127.3439,12,세종특별시
2026-06-18T10:15:09+09:00,ALPACA,424522,58.0,36.36989,127.34386,12,세종특별시
2026-06-18T10:15:09+09:00,ALPACA,424167,67.0,36.3699,127.34381,12,세종특별시
2026-06-18T10:15:09+09:00,ALPACA,425100,77.0,36.369915,127.34536,12,세종특별시
2026-06-18T10:15:09+09:00,ALPACA,425686,92.0,36.36993,127.343834,12,세종특별시
2026-06-18T10:15:09+09:00,ALPACA,425512,84.0,36.369938,127.3386,12,세종특별시
2026-06-18T10:15:09+09:00,ALPACA,426360,90.0,36.369976,127.36287,12,세종특별시
2026-06-18T10:15:09+09:00,ALPACA,411686,80.0,36.370014,127.33849,12,세종특별시
2026-06-18T10:15:09+09:00,ALPACA,424680,54.0,36.37004,127.36051,12,세종특별시
2026-06-18T10:15:09+09:00,ALPACA,424721,50.0,36.37004,127.36049,12,세종특별시
2026-06-18T10:15:09+09:00,ALPACA,424659,70.0,36.370064,127.3623,12,세종특별시
2026-06-18T10:15:09+09:00,ALPACA,424359,100.0,36.370087,127.36006,12,세종특별시
2026-06-18T10:15:09+09:00,ALPACA,424444,94.0,36.37011,127.36043,12,세종특별시
2026-06-18T10:15:09+09:00,ALPACA,425023,91.0,36.370174,127.33713,12,세종특별시
2026-06-18T10:15:09+09:00,ALPACA,425523,76.0,36.370678,127.363815,12,세종특별시
2026-06-18T10:15:09+09:00,ALPACA,424822,67.0,36.370678,127.35352,12,세종특별시
2026-06-18T10:15:09+09:00,ALPACA,424996,90.0,36.37071,127.36244,12,세종특별시
2026-06-18T10:15:09+09:00,ALPACA,425108,34.0,36.370777,127.362526,12,세종특별시
2026-06-18T10:15:09+09:00,ALPACA,424473,99.0,36.370804,127.36242,12,세종특별시
2026-06-18T10:15:09+09:00,ALPACA,424988,100.0,36.37086,127.362404,12,세종특별시
2026-06-18T10:15:09+09:00,ALPACA,426302,97.0,36.37099,127.33506,12,세종특별시
2026-06-18T10:15:09+09:00,ALPACA,425576,95.0,36.371258,127.34147,12,세종특별시
2026-06-18T10:15:09+09:00,ALPACA,424373,63.0,36.371258,127.34145,12,세종특별시
2026-06-18T10:15:09+09:00,ALPACA,425026,96.0,36.371265,127.34145,12,세종특별시
2026-06-18T10:15:09+09:00,ALPACA,425425,98.0,36.37127,127.3415,12,세종특별시
2026-06-18T10:15:09+09:00,ALPACA,425511,96.0,36.37127,127.34154,12,세종특별시
2026-06-18T10:15:09+09:00,ALPACA,425533,100.0,36.37127,127.34148,12,세종특별시
2026-06-18T10:15:09+09:00,ALPACA,425145,100.0,36.37127,127.341324,12,세종특별시
2026-06-18T10:15:09+09:00,ALPACA,424421,100.0,36.371277,127.34138,12,세종특별시
2026-06-18T10:15:09+09:00,ALPACA,425082,97.0,36.371277,127.34136,12,세종특별시
2026-06-18T10:15:09+09:00,ALPACA,425500,94.0,36.37128,127.341415,12,세종특별시
2026-06-18T10:15:09+09:00,ALPACA,424798,100.0,36.37128,127.34133,12,세종특별시
2026-06-18T10:15:09+09:00,ALPACA,425501,100.0,36.371284,127.34147,12,세종특별시
2026-06-18T10:15:09+09:00,ALPACA,425439,100.0,36.37129,127.341385,12,세종특별시
2026-06-18T10:15:09+09:00,ALPACA,425530,40.0,36.37129,127.34139,12,세종특별시
2026-06-18T10:15:09+09:00,ALPACA,424489,64.0,36.371292,127.33516,12,세종특별시
2026-06-18T10:15:09+09:00,ALPACA,425099,49.0,36.371292,127.341446,12,세종특별시
2026-06-18T10:15:09+09:00,ALPACA,425495,73.0,36.371307,127.34139,12,세종특별시
2026-06-18T10:15:09+09:00,ALPACA,426495,36.0,36.37135,127.3334,12,세종특별시
2026-06-18T10:15:09+09:00,ALPACA,424340,62.0,36.37135,127.33523,12,세종특별시
2026-06-18T10:15:09+09:00,ALPACA,424689,90.0,36.37144,127.34334,12,세종특별시
2026-06-18T10:15:09+09:00,ALPACA,425170,55.0,36.37144,127.34328,12,세종특별시
2026-06-18T10:15:09+09:00,ALPACA,425276,100.0,36.37144,127.34322,12,세종특별시
2026-06-18T10:15:09+09:00,ALPACA,424565,87.0,36.371468,127.34339,12,세종특별시
2026-06-18T10:15:09+09:00,ALPACA,426231,78.0,36.371475,127.34335,12,세종특별시
2026-06-18T10:15:09+09:00,ALPACA,425503,62.0,36.37149,127.34339,12,세종특별시
2026-06-18T10:15:09+09:00,ALPACA,424766,100.0,36.37149,127.343346,12,세종특별시
2026-06-18T10:15:09+09:00,ALPACA,426499,63.0,36.371517,127.343254,12,세종특별시
2026-06-18T10:15:09+09:00,ALPACA,424390,100.0,36.371548,127.343254,12,세종특별시
2026-06-18T10:15:09+09:00,ALPACA,424923,96.0,36.37156,127.34324,12,세종특별시
2026-06-18T10:15:09+09:00,ALPACA,425011,65.0,36.37156,127.34327,12,세종특별시
2026-06-18T10:15:09+09:00,ALPACA,424636,100.0,36.371567,127.343254,12,세종특별시
2026-06-18T10:15:09+09:00,ALPACA,424606,100.0,36.37161,127.34328,12,세종특별시
2026-06-18T10:15:09+09:00,ALPACA,424122,100.0,36.371834,127.35854,12,세종특별시
2026-06-18T10:15:09+09:00,ALPACA,425452,100.0,36.371937,127.36205,12,세종특별시
2026-06-18T10:15:09+09:00,ALPACA,425469,42.0,36.3721,127.338486,12,세종특별시
2026-06-18T10:15:09+09:00,ALPACA,424549,97.0,36.372116,127.341644,12,세종특별시
2026-06-18T10:15:09+09:00,ALPACA,426455,100.0,36.372143,127.31735,12,세종특별시
2026-06-18T10:15:09+09:00,ALPACA,426166,99.0,36.372253,127.319115,12,세종특별시
2026-06-18T10:15:09+09:00,ALPACA,425708,100.0,36.372253,127.31916,12,세종특별시
2026-06-18T10:15:09+09:00,ALPACA,424757,37.0,36.372307,127.32329,12,세종특별시
2026-06-18T10:15:09+09:00,ALPACA,424043,47.0,36.372322,127.33547,12,세종특별시
2026-06-18T10:15:09+09:00,ALPACA,425146,91.0,36.372368,127.318184,12,세종특별시
2026-06-18T10:15:09+09:00,ALPACA,424854,43.0,36.372383,127.33531,12,세종특별시
2026-06-18T10:15:09+09:00,ALPACA,426560,79.0,36.37239,127.317566,12,세종특별시
2026-06-18T10:15:09+09:00,ALPACA,424831,47.0,36.372395,127.33536,12,세종특별시
2026-06-18T10:15:09+09:00,ALPACA,424476,57.0,36.372402,127.335365,12,세종특별시
2026-06-18T10:15:09+09:00,ALPACA,425580,56.0,36.372406,127.33523,12,세종특별시
2026-06-18T10:15:09+09:00,ALPACA,424867,52.0,36.372406,127.3354,12,세종특별시
2026-06-18T10:15:09+09:00,ALPACA,426247,100.0,36.372437,127.31809,12,세종특별시
2026-06-18T10:15:09+09:00,ALPACA,426433,100.0,36.372448,127.31799,12,세종특별시
2026-06-18T10:15:09+09:00,ALPACA,426492,100.0,36.37245,127.31804,12,세종특별시
2026-06-18T10:15:09+09:00,ALPACA,426108,41.0,36.372513,127.33413,12,세종특별시
2026-06-18T10:15:09+09:00,ALPACA,424702,91.0,36.372513,127.343254,12,세종특별시
2026-06-18T10:15:09+09:00,ALPACA,426389,85.0,36.372578,127.316505,12,세종특별시
2026-06-18T10:15:09+09:00,ALPACA,425347,67.0,36.372673,127.339615,12,세종특별시
2026-06-18T10:15:09+09:00,ALPACA,424474,33.0,36.372723,127.33958,12,세종특별시
2026-06-18T10:15:09+09:00,ALPACA,425022,75.0,36.37283,127.33968,12,세종특별시
2026-06-18T10:15:09+09:00,ALPACA,426278,92.0,36.3729,127.34384,12,세종특별시
2026-06-18T10:15:09+09:00,ALPACA,424869,70.0,36.372925,127.34386,12,세종특별시
2026-06-18T10:15:09+09:00,ALPACA,424690,50.0,36.37295,127.34388,12,세종특별시
2026-06-18T10:15:09+09:00,ALPACA,424406,51.0,36.37296,127.35964,12,세종특별시
2026-06-18T10:15:09+09:00,ALPACA,425544,93.0,36.372963,127.34385,12,세종특별시
2026-06-18T10:15:09+09:00,ALPACA,424503,71.0,36.372963,127.34382,12,세종특별시
2026-06-18T10:15:09+09:00,ALPACA,425707,96.0,36.372986,127.359566,12,세종특별시
2026-06-18T10:15:09+09:00,ALPACA,424730,46.0,36.37302,127.3229,12,세종특별시
2026-06-18T10:15:09+09:00,ALPACA,425783,73.0,36.37322,127.31787,12,세종특별시
2026-06-18T10:15:09+09:00,ALPACA,426206,78.0,36.373222,127.31785,12,세종특별시
2026-06-18T10:15:09+09:00,ALPACA,426341,75.0,36.373226,127.31795,12,세종특별시
2026-06-18T10:15:09+09:00,ALPACA,426488,100.0,36.373234,127.317955,12,세종특별시
2026-06-18T10:15:09+09:00,ALPACA,425768,84.0,36.37325,127.31785,12,세종특별시
2026-06-18T10:15:09+09:00,ALPACA,424604,99.0,36.373253,127.31787,12,세종특별시
2026-06-18T10:15:09+09:00,ALPACA,426269,75.0,36.373257,127.3177,12,세종특별시
2026-06-18T10:15:09+09:00,ALPACA,426271,74.0,36.37326,127.317955,12,세종특별시
2026-06-18T10:15:09+09:00,ALPACA,426180,78.0,36.37326,127.31786,12,세종특별시
2026-06-18T10:15:09+09:00,ALPACA,426374,77.0,36.373264,127.317825,12,세종특별시
2026-06-18T10:15:09+09:00,ALPACA,426309,76.0,36.373264,127.317856,12,세종특별시
2026-06-18T10:15:09+09:00,ALPACA,426259,76.0,36.37328,127.31791,12,세종특별시
2026-06-18T10:15:09+09:00,ALPACA,426181,75.0,36.373295,127.31789,12,세종특별시
2026-06-18T10:15:09+09:00,ALPACA,426346,75.0,36.373356,127.31793,12,세종특별시
2026-06-18T10:15:09+09:00,ALPACA,424559,77.0,36.373486,127.35942,12,세종특별시
2026-06-18T10:15:09+09:00,ALPACA,424477,99.0,36.3735,127.35747,12,세종특별시
2026-06-18T10:15:09+09:00,ALPACA,425012,100.0,36.37351,127.35943,12,세종특별시
2026-06-18T10:15:09+09:00,ALPACA,425414,100.0,36.37352,127.36153,12,세종특별시
2026-06-18T10:15:09+09:00,ALPACA,424463,99.0,36.373528,127.344246,12,세종특별시
2026-06-18T10:15:09+09:00,ALPACA,414534,33.0,36.37355,127.34421,12,세종특별시
2026-06-18T10:15:09+09:00,ALPACA,425776,100.0,36.37355,127.34419,12,세종특별시
2026-06-18T10:15:09+09:00,ALPACA,425372,97.0,36.373554,127.3442,12,세종특별시
2026-06-18T10:15:09+09:00,ALPACA,426359,100.0,36.373558,127.34419,12,세종특별시
2026-06-18T10:15:09+09:00,ALPACA,424118,60.0,36.37356,127.344185,12,세종특별시
2026-06-18T10:15:09+09:00,ALPACA,425604,100.0,36.373577,127.34417,12,세종특별시
2026-06-18T10:15:09+09:00,ALPACA,425378,35.0,36.37358,127.36044,12,세종특별시
2026-06-18T10:15:09+09:00,ALPACA,425390,84.0,36.373585,127.34157,12,세종특별시
2026-06-18T10:15:09+09:00,ALPACA,425541,37.0,36.373592,127.34407,12,세종특별시
2026-06-18T10:15:09+09:00,ALPACA,425978,71.0,36.373596,127.318825,12,세종특별시
2026-06-18T10:15:09+09:00,ALPACA,425449,76.0,36.373596,127.344215,12,세종특별시
2026-06-18T10:15:09+09:00,ALPACA,424537,33.0,36.373596,127.34419,12,세종특별시
2026-06-18T10:15:09+09:00,ALPACA,426308,62.0,36.373833,127.31935,12,세종특별시
2026-06-18T10:15:09+09:00,ALPACA,426552,42.0,36.37385,127.31868,12,세종특별시
2026-06-18T10:15:09+09:00,ALPACA,424472,58.0,36.373928,127.36016,12,세종특별시
2026-06-18T10:15:09+09:00,ALPACA,426358,93.0,36.374073,127.32251,12,세종특별시
2026-06-18T10:15:09+09:00,ALPACA,425706,97.0,36.37411,127.36511,12,세종특별시
2026-06-18T10:15:09+09:00,ALPACA,426213,33.0,36.374172,127.319435,12,세종특별시
2026-06-18T10:15:09+09:00,ALPACA,425252,35.0,36.37425,127.37938,12,세종특별시
2026-06-18T10:15:09+09:00,ALPACA,424729,48.0,36.374523,127.34653,12,세종특별시
2026-06-18T10:15:09+09:00,ALPACA,426515,95.0,36.374584,127.31869,12,세종특별시
2026-06-18T10:15:09+09:00,ALPACA,414747,41.0,36.374588,127.3592,12,세종특별시
2026-06-18T10:15:09+09:00,ALPACA,425444,78.0,36.374622,127.34199,12,세종특별시
2026-06-18T10:15:09+09:00,ALPACA,426270,100.0,36.37484,127.31804,12,세종특별시
2026-06-18T10:15:09+09:00,ALPACA,425619,80.0,36.374844,127.31805,12,세종특별시
2026-06-18T10:15:09+09:00,ALPACA,425903,100.0,36.374844,127.318016,12,세종특별시
2026-06-18T10:15:09+09:00,ALPACA,425895,100.0,36.37485,127.318016,12,세종특별시
2026-06-18T10:15:09+09:00,ALPACA,426363,100.0,36.37485,127.31805,12,세종특별시
2026-06-18T10:15:09+09:00,ALPACA,426319,73.0,36.374866,127.31801,12,세종특별시
2026-06-18T10:15:09+09:00,ALPACA,426327,99.0,36.37488,127.3181,12,세종특별시
2026-06-18T10:15:09+09:00,ALPACA,425273,48.0,36.374928,127.33777,12,세종특별시
2026-06-18T10:15:09+09:00,ALPACA,426510,93.0,36.374958,127.31813,12,세종특별시
2026-06-18T10:15:09+09:00,ALPACA,426345,46.0,36.37507,127.322754,12,세종특별시
2026-06-18T10:15:09+09:00,ALPACA,426501,74.0,36.37531,127.31902,12,세종특별시
2026-06-18T10:15:09+09:00,ALPACA,426264,47.0,36.375626,127.305466,12,세종특별시
2026-06-18T10:15:09+09:00,ALPACA,425550,91.0,36.375713,127.34391,12,세종특별시
2026-06-18T10:15:09+09:00,ALPACA,425395,84.0,36.37572,127.34391,12,세종특별시
2026-06-18T10:15:09+09:00,ALPACA,423795,37.0,36.375755,127.3439,12,세종특별시
2026-06-18T10:15:09+09:00,ALPACA,414468,74.0,36.375767,127.3918,12,세종특별시
2026-06-18T10:15:09+09:00,ALPACA,411696,100.0,36.375797,127.39184,12,세종특별시
2026-06-18T10:15:09+09:00,ALPACA,425521,100.0,36.375797,127.39178,12,세종특별시
2026-06-18T10:15:09+09:00,ALPACA,426491,72.0,36.375816,127.32071,12,세종특별시
2026-06-18T10:15:09+09:00,ALPACA,424974,70.0,36.375847,127.34323,12,세종특별시
2026-06-18T10:15:09+09:00,ALPACA,425424,100.0,36.37585,127.39187,12,세종특별시
2026-06-18T10:15:09+09:00,ALPACA,414802,100.0,36.375854,127.39182,12,세종특별시
2026-06-18T10:15:09+09:00,ALPACA,424975,65.0,36.37587,127.34326,12,세종특별시
2026-06-18T10:15:09+09:00,ALPACA,425675,39.0,36.375874,127.34323,12,세종특별시
2026-06-18T10:15:09+09:00,ALPACA,424928,86.0,36.375877,127.34329,12,세종특별시
2026-06-18T10:15:09+09:00,ALPACA,424706,90.0,36.375885,127.34326,12,세종특별시
2026-06-18T10:15:09+09:00,ALPACA,424763,91.0,36.37589,127.34326,12,세종특별시
2026-06-18T10:15:09+09:00,ALPACA,424224,99.0,36.375893,127.34325,12,세종특별시
2026-06-18T10:15:09+09:00,ALPACA,425221,94.0,36.375908,127.34323,12,세종특별시
2026-06-18T10:15:09+09:00,ALPACA,424387,35.0,36.375923,127.34327,12,세종특별시
2026-06-18T10:15:09+09:00,ALPACA,425049,95.0,36.37593,127.34325,12,세종특별시
2026-06-18T10:15:09+09:00,ALPACA,424458,99.0,36.37594,127.343315,12,세종특별시
2026-06-18T10:15:09+09:00,ALPACA,424903,88.0,36.37599,127.343346,12,세종특별시
2026-06-18T10:15:09+09:00,ALPACA,425385,98.0,36.37601,127.343346,12,세종특별시
2026-06-18T10:15:09+09:00,ALPACA,426367,64.0,36.376015,127.315575,12,세종특별시
2026-06-18T10:15:09+09:00,ALPACA,426380,72.0,36.37604,127.31558,12,세종특별시
2026-06-18T10:15:09+09:00,ALPACA,426275,53.0,36.37618,127.318115,12,세종특별시
2026-06-18T10:15:09+09:00,ALPACA,425970,65.0,36.376225,127.32361,12,세종특별시
2026-06-18T10:15:09+09:00,ALPACA,426468,81.0,36.37625,127.3178,12,세종특별시
2026-06-18T10:15:09+09:00,ALPACA,425713,96.0,36.376305,127.31809,12,세종특별시
2026-06-18T10:15:09+09:00,ALPACA,426369,89.0,36.376423,127.34488,12,세종특별시
2026-06-18T10:15:09+09:00,ALPACA,424401,68.0,36.37653,127.356346,12,세종특별시
2026-06-18T10:15:09+09:00,ALPACA,424346,40.0,36.37665,127.34351,12,세종특별시
2026-06-18T10:15:09+09:00,ALPACA,424668,93.0,36.37673,127.344185,12,세종특별시
2026-06-18T10:15:09+09:00,ALPACA,425202,81.0,36.376736,127.34402,12,세종특별시
2026-06-18T10:15:09+09:00,ALPACA,425705,93.0,36.376785,127.34415,12,세종특별시
2026-06-18T10:15:09+09:00,ALPACA,425029,68.0,36.37679,127.344055,12,세종특별시
2026-06-18T10:15:09+09:00,ALPACA,424665,83.0,36.376812,127.34418,12,세종특별시
2026-06-18T10:15:09+09:00,ALPACA,424850,91.0,36.376842,127.34418,12,세종특별시
2026-06-18T10:15:09+09:00,ALPACA,426352,38.0,36.376865,127.315025,12,세종특별시
2026-06-18T10:15:09+09:00,ALPACA,426106,48.0,36.37703,127.324646,12,세종특별시
2026-06-18T10:15:09+09:00,ALPACA,425349,80.0,36.37728,127.34337,12,세종특별시
2026-06-18T10:15:09+09:00,ALPACA,425961,42.0,36.37787,127.324715,12,세종특별시
2026-06-18T10:15:09+09:00,ALPACA,426233,91.0,36.377945,127.30402,12,세종특별시
2026-06-18T10:15:09+09:00,ALPACA,426317,44.0,36.37842,127.316895,12,세종특별시
2026-06-18T10:15:09+09:00,ALPACA,425248,47.0,36.378452,127.34295,12,세종특별시
2026-06-18T10:15:09+09:00,ALPACA,424880,92.0,36.378475,127.315636,12,세종특별시
2026-06-18T10:15:09+09:00,ALPACA,424982,76.0,36.378605,127.31698,12,세종특별시
2026-06-18T10:15:09+09:00,ALPACA,426447,49.0,36.378735,127.3202,12,세종특별시
2026-06-18T10:15:09+09:00,ALPACA,426110,65.0,36.379402,127.31587,12,세종특별시
2026-06-18T10:15:09+09:00,ALPACA,426469,49.0,36.379536,127.32516,12,세종특별시
2026-06-18T10:15:09+09:00,ALPACA,426364,72.0,36.37954,127.316086,12,세종특별시
2026-06-18T10:15:09+09:00,ALPACA,424525,68.0,36.38085,127.33766,12,세종특별시
2026-06-18T10:15:09+09:00,ALPACA,425241,30.0,36.381367,127.324715,12,세종특별시
2026-06-18T10:15:09+09:00,ALPACA,425531,43.0,36.38258,127.319176,12,세종특별시
2026-06-18T10:15:09+09:00,ALPACA,424949,96.0,36.382713,127.323875,12,세종특별시
2026-06-18T10:15:09+09:00,ALPACA,425117,84.0,36.383396,127.32094,12,세종특별시
2026-06-18T10:15:09+09:00,ALPACA,426207,35.0,36.38366,127.3195,12,세종특별시
2026-06-18T10:15:09+09:00,ALPACA,426443,100.0,36.38367,127.31982,12,세종특별시
2026-06-18T10:15:09+09:00,ALPACA,426303,100.0,36.383705,127.3198,12,세종특별시
2026-06-18T10:15:09+09:00,ALPACA,426440,100.0,36.38371,127.3198,12,세종특별시
2026-06-18T10:15:09+09:00,ALPACA,426479,89.0,36.383713,127.319855,12,세종특별시
2026-06-18T10:15:09+09:00,ALPACA,426561,99.0,36.383717,127.31979,12,세종특별시
2026-06-18T10:15:09+09:00,ALPACA,426356,90.0,36.38372,127.31977,12,세종특별시
2026-06-18T10:15:09+09:00,ALPACA,426230,100.0,36.383724,127.31979,12,세종특별시
2026-06-18T10:15:09+09:00,ALPACA,426432,52.0,36.383724,127.31917,12,세종특별시
2026-06-18T10:15:09+09:00,ALPACA,425905,81.0,36.383728,127.319756,12,세종특별시
2026-06-18T10:15:09+09:00,ALPACA,425971,100.0,36.38375,127.31977,12,세종특별시
2026-06-18T10:15:09+09:00,ALPACA,426326,60.0,36.383774,127.31974,12,세종특별시
2026-06-18T10:15:09+09:00,ALPACA,424717,83.0,36.383774,127.30337,12,세종특별시
2026-06-18T10:15:09+09:00,ALPACA,425702,95.0,36.3838,127.31977,12,세종특별시
2026-06-18T10:15:09+09:00,ALPACA,426430,70.0,36.383823,127.319145,12,세종특별시
2026-06-18T10:15:09+09:00,ALPACA,426130,99.0,36.383854,127.3191,12,세종특별시
2026-06-18T10:15:09+09:00,ALPACA,426372,100.0,36.383865,127.31909,12,세종특별시
2026-06-18T10:15:09+09:00,ALPACA,426485,94.0,36.383907,127.319115,12,세종특별시
2026-06-18T10:15:09+09:00,ALPACA,425506,80.0,36.384212,127.36762,12,세종특별시
2026-06-18T10:15:09+09:00,ALPACA,425243,85.0,36.384308,127.31998,12,세종특별시
2026-06-18T10:15:09+09:00,ALPACA,426404,56.0,36.38485,127.324615,12,세종특별시
2026-06-18T10:15:09+09:00,ALPACA,425179,54.0,36.384888,127.32376,12,세종특별시
2026-06-18T10:15:09+09:00,ALPACA,425727,82.0,36.38503,127.32436,12,세종특별시
2026-06-18T10:15:09+09:00,ALPACA,426296,62.0,36.385063,127.32424,12,세종특별시
2026-06-18T10:15:09+09:00,ALPACA,426472,39.0,36.385086,127.324326,12,세종특별시
2026-06-18T10:15:09+09:00,ALPACA,426412,97.0,36.38509,127.30794,12,세종특별시
2026-06-18T10:15:09+09:00,ALPACA,426528,36.0,36.385265,127.32443,12,세종특별시
2026-06-18T10:15:09+09:00,ALPACA,426298,61.0,36.385635,127.328224,12,세종특별시
2026-06-18T10:15:09+09:00,ALPACA,425969,92.0,36.385647,127.32822,12,세종특별시
2026-06-18T10:15:09+09:00,ALPACA,424712,80.0,36.38569,127.32819,12,세종특별시
2026-06-18T10:15:09+09:00,ALPACA,426428,38.0,36.385708,127.32818,12,세종특별시
2026-06-18T10:15:09+09:00,ALPACA,426390,91.0,36.38571,127.32817,12,세종특별시
2026-06-18T10:15:09+09:00,ALPACA,414714,100.0,36.385803,127.377365,12,세종특별시
2026-06-18T10:15:09+09:00,ALPACA,426129,58.0,36.385807,127.30859,12,세종특별시
2026-06-18T10:15:09+09:00,ALPACA,424509,100.0,36.385815,127.37732,12,세종특별시
2026-06-18T10:15:09+09:00,ALPACA,414750,100.0,36.385822,127.37734,12,세종특별시
2026-06-18T10:15:09+09:00,ALPACA,414717,100.0,36.385826,127.37734,12,세종특별시
2026-06-18T10:15:09+09:00,ALPACA,414748,100.0,36.385826,127.37734,12,세종특별시
2026-06-18T10:15:09+09:00,ALPACA,426046,100.0,36.385838,127.377335,12,세종특별시
2026-06-18T10:15:09+09:00,ALPACA,426109,51.0,36.386055,127.32817,12,세종특별시
2026-06-18T10:15:09+09:00,ALPACA,426280,88.0,36.3861,127.32676,12,세종특별시
2026-06-18T10:15:09+09:00,ALPACA,425083,92.0,36.3862,127.32527,12,세종특별시
2026-06-18T10:15:09+09:00,ALPACA,426244,85.0,36.386227,127.32521,12,세종특별시
2026-06-18T10:15:09+09:00,ALPACA,426086,94.0,36.386375,127.318375,12,세종특별시
2026-06-18T10:15:09+09:00,ALPACA,425909,98.0,36.38664,127.315865,12,세종특별시
2026-06-18T10:15:09+09:00,ALPACA,426377,48.0,36.386665,127.31672,12,세종특별시
2026-06-18T10:15:09+09:00,ALPACA,425642,100.0,36.38679,127.31584,12,세종특별시
2026-06-18T10:15:09+09:00,ALPACA,426387,39.0,36.386887,127.31594,12,세종특별시
2026-06-18T10:15:09+09:00,ALPACA,426347,45.0,36.386913,127.31802,12,세종특별시
2026-06-18T10:15:09+09:00,ALPACA,426229,100.0,36.38696,127.315956,12,세종특별시
2026-06-18T10:15:09+09:00,ALPACA,426202,99.0,36.386967,127.31781,12,세종특별시
2026-06-18T10:15:09+09:00,ALPACA,424832,68.0,36.386997,127.31789,12,세종특별시
2026-06-18T10:15:09+09:00,ALPACA,426449,72.0,36.387016,127.317856,12,세종특별시
2026-06-18T10:15:09+09:00,ALPACA,425281,87.0,36.387028,127.322464,12,세종특별시
2026-06-18T10:15:09+09:00,ALPACA,426388,99.0,36.38733,127.32552,12,세종특별시
2026-06-18T10:15:09+09:00,ALPACA,424635,89.0,36.387386,127.30984,12,세종특별시
2026-06-18T10:15:09+09:00,ALPACA,414796,93.0,36.387424,127.40487,12,세종특별시
2026-06-18T10:15:09+09:00,ALPACA,426239,86.0,36.38745,127.31304,12,세종특별시
2026-06-18T10:15:09+09:00,ALPACA,424328,84.0,36.38746,127.31294,12,세종특별시
2026-06-18T10:15:09+09:00,ALPACA,424363,76.0,36.387497,127.31835,12,세종특별시
2026-06-18T10:15:09+09:00,ALPACA,426148,96.0,36.387505,127.318375,12,세종특별시
2026-06-18T10:15:09+09:00,ALPACA,426383,33.0,36.387604,127.3089,12,세종특별시
2026-06-18T10:15:09+09:00,ALPACA,426498,95.0,36.387653,127.30948,12,세종특별시
2026-06-18T10:15:09+09:00,ALPACA,426445,70.0,36.38767,127.32451,12,세종특별시
2026-06-18T10:15:09+09:00,ALPACA,426252,87.0,36.387684,127.3122,12,세종특별시
2026-06-18T10:15:09+09:00,ALPACA,426240,55.0,36.387722,127.311806,12,세종특별시
2026-06-18T10:15:09+09:00,ALPACA,426417,93.0,36.38773,127.31176,12,세종특별시
2026-06-18T10:15:09+09:00,ALPACA,426532,84.0,36.387753,127.303246,12,세종특별시
2026-06-18T10:15:09+09:00,ALPACA,426274,57.0,36.387863,127.32413,12,세종특별시
2026-06-18T10:15:09+09:00,ALPACA,425448,81.0,36.388226,127.34913,12,세종특별시
2026-06-18T10:15:09+09:00,ALPACA,426060,75.0,36.388245,127.33357,12,세종특별시
2026-06-18T10:15:09+09:00,ALPACA,426362,96.0,36.38874,127.31272,12,세종특별시
2026-06-18T10:15:09+09:00,ALPACA,426266,61.0,36.389297,127.314186,12,세종특별시
2026-06-18T10:15:09+09:00,ALPACA,426272,74.0,36.389503,127.29989,12,세종특별시
2026-06-18T10:15:09+09:00,ALPACA,426351,99.0,36.38966,127.30327,12,세종특별시
2026-06-18T10:15:09+09:00,ALPACA,426429,100.0,36.389664,127.350945,12,세종특별시
2026-06-18T10:15:09+09:00,ALPACA,424708,100.0,36.38975,127.348724,12,세종특별시
2026-06-18T10:15:09+09:00,ALPACA,415442,94.0,36.39018,127.39921,12,세종특별시
2026-06-18T10:15:09+09:00,ALPACA,414901,100.0,36.390182,127.399284,12,세종특별시
2026-06-18T10:15:09+09:00,ALPACA,424883,72.0,36.390182,127.39919,12,세종특별시
2026-06-18T10:15:09+09:00,ALPACA,414612,99.0,36.390186,127.399155,12,세종특별시
2026-06-18T10:15:09+09:00,ALPACA,424646,94.0,36.390186,127.39919,12,세종특별시
2026-06-18T10:15:09+09:00,ALPACA,415142,97.0,36.390194,127.399185,12,세종특별시
2026-06-18T10:15:09+09:00,ALPACA,424697,98.0,36.390194,127.399315,12,세종특별시
2026-06-18T10:15:09+09:00,ALPACA,426203,36.0,36.390198,127.31471,12,세종특별시
2026-06-18T10:15:09+09:00,ALPACA,424973,99.0,36.390198,127.399254,12,세종특별시
2026-06-18T10:15:09+09:00,ALPACA,414739,96.0,36.3902,127.39926,12,세종특별시
2026-06-18T10:15:09+09:00,ALPACA,426517,98.0,36.39021,127.39923,12,세종특별시
2026-06-18T10:15:09+09:00,ALPACA,425182,97.0,36.39021,127.39931,12,세종특별시
2026-06-18T10:15:09+09:00,ALPACA,415292,80.0,36.390213,127.399155,12,세종특별시
2026-06-18T10:15:09+09:00,ALPACA,425433,68.0,36.39022,127.39917,12,세종특별시
2026-06-18T10:15:09+09:00,ALPACA,424887,83.0,36.39023,127.40696,12,세종특별시
2026-06-18T10:15:09+09:00,ALPACA,426273,56.0,36.390278,127.3048,12,세종특별시
2026-06-18T10:15:09+09:00,ALPACA,426382,84.0,36.390472,127.305885,12,세종특별시
2026-06-18T10:15:09+09:00,ALPACA,426464,97.0,36.39052,127.30593,12,세종특별시
2026-06-18T10:15:09+09:00,ALPACA,426209,57.0,36.390526,127.30587,12,세종특별시
2026-06-18T10:15:09+09:00,ALPACA,426245,90.0,36.390743,127.30877,12,세종특별시
2026-06-18T10:15:09+09:00,ALPACA,424439,74.0,36.39101,127.32967,12,세종특별시
2026-06-18T10:15:09+09:00,ALPACA,414678,75.0,36.39109,127.40185,12,세종특별시
2026-06-18T10:15:09+09:00,ALPACA,414429,63.0,36.391315,127.31566,12,세종특별시
2026-06-18T10:15:09+09:00,ALPACA,425525,66.0,36.391342,127.312164,12,세종특별시
2026-06-18T10:15:09+09:00,ALPACA,426343,69.0,36.3915,127.31477,12,세종특별시
2026-06-18T10:15:09+09:00,ALPACA,425374,55.0,36.391506,127.36472,12,세종특별시
2026-06-18T10:15:09+09:00,ALPACA,426518,57.0,36.391514,127.3148,12,세종특별시
2026-06-18T10:15:09+09:00,ALPACA,424725,69.0,36.391537,127.31474,12,세종특별시
2026-06-18T10:15:09+09:00,ALPACA,425436,71.0,36.39154,127.31479,12,세종특별시
2026-06-18T10:15:09+09:00,ALPACA,425973,92.0,36.391624,127.31248,12,세종특별시
2026-06-18T10:15:09+09:00,ALPACA,426328,43.0,36.39181,127.31407,12,세종특별시
2026-06-18T10:15:09+09:00,ALPACA,426385,98.0,36.391815,127.31145,12,세종특별시
2026-06-18T10:15:09+09:00,ALPACA,426102,54.0,36.39187,127.31431,12,세종특별시
2026-06-18T10:15:09+09:00,ALPACA,426473,38.0,36.391926,127.31432,12,세종특별시
2026-06-18T10:15:09+09:00,ALPACA,424764,45.0,36.392334,127.314804,12,세종특별시
2026-06-18T10:15:09+09:00,ALPACA,425977,58.0,36.392525,127.31403,12,세종특별시
2026-06-18T10:15:09+09:00,ALPACA,426178,89.0,36.39258,127.313034,12,세종특별시
2026-06-18T10:15:09+09:00,ALPACA,424926,79.0,36.393276,127.3996,12,세종특별시
2026-06-18T10:15:09+09:00,ALPACA,426265,80.0,36.39347,127.35267,12,세종특별시
2026-06-18T10:15:09+09:00,ALPACA,426250,38.0,36.393757,127.31229,12,세종특별시
2026-06-18T10:15:09+09:00,ALPACA,426386,92.0,36.39455,127.31088,12,세종특별시
2026-06-18T10:15:09+09:00,ALPACA,425446,65.0,36.39505,127.3129,12,세종특별시
2026-06-18T10:15:09+09:00,ALPACA,426353,64.0,36.39544,127.313324,12,세종특별시
2026-06-18T10:15:09+09:00,ALPACA,424418,77.0,36.395535,127.310326,12,세종특별시
2026-06-18T10:15:09+09:00,ALPACA,414936,74.0,36.39674,127.400276,12,세종특별시
2026-06-18T10:15:09+09:00,ALPACA,424904,69.0,36.398495,127.400375,12,세종특별시
2026-06-18T10:15:09+09:00,ALPACA,425335,98.0,36.398674,127.39261,12,세종특별시
2026-06-18T10:15:09+09:00,ALPACA,414702,99.0,36.399685,127.391335,12,세종특별시
2026-06-18T10:15:09+09:00,ALPACA,414825,98.0,36.399708,127.40745,12,세종특별시
2026-06-18T10:15:09+09:00,ALPACA,425257,83.0,36.399757,127.39752,12,세종특별시
2026-06-18T10:15:09+09:00,ALPACA,415044,96.0,36.399815,127.402466,12,세종특별시
2026-06-18T10:15:09+09:00,ALPACA,414727,98.0,36.40091,127.411026,12,세종특별시
2026-06-18T10:15:09+09:00,ALPACA,425362,76.0,36.401062,127.390686,12,세종특별시
2026-06-18T10:15:09+09:00,ALPACA,414672,99.0,36.401077,127.390656,12,세종특별시
2026-06-18T10:15:09+09:00,ALPACA,414690,69.0,36.401077,127.390656,12,세종특별시
2026-06-18T10:15:09+09:00,ALPACA,414773,76.0,36.401085,127.390625,12,세종특별시
2026-06-18T10:15:09+09:00,ALPACA,424314,97.0,36.401104,127.39068,12,세종특별시
2026-06-18T10:15:09+09:00,ALPACA,424460,97.0,36.40111,127.39061,12,세종특별시
2026-06-18T10:15:09+09:00,ALPACA,414524,89.0,36.401436,127.40765,12,세종특별시
2026-06-18T10:15:09+09:00,ALPACA,425192,98.0,36.403355,127.397575,12,세종특별시
2026-06-18T10:15:09+09:00,ALPACA,414898,56.0,36.40528,127.39769,12,세종특별시
2026-06-18T10:15:09+09:00,ALPACA,414643,62.0,36.411682,127.40615,12,세종특별시
2026-06-18T10:15:09+09:00,ALPACA,424765,87.0,36.41186,127.41124,12,세종특별시
2026-06-18T10:15:09+09:00,ALPACA,425305,57.0,36.412758,127.40816,12,세종특별시
2026-06-18T10:15:09+09:00,ALPACA,425704,44.0,36.41315,127.40505,12,세종특별시
2026-06-18T10:15:09+09:00,ALPACA,415569,56.0,36.41324,127.40635,12,세종특별시
2026-06-18T10:15:09+09:00,ALPACA,424780,69.0,36.41326,127.406334,12,세종특별시
2026-06-18T10:15:09+09:00,ALPACA,414541,58.0,36.416164,127.3965,12,세종특별시
2026-06-18T10:15:09+09:00,ALPACA,424593,83.0,36.417976,127.39082,12,세종특별시
2026-06-18T10:15:09+09:00,ALPACA,425387,65.0,36.418247,127.39745,12,세종특별시
2026-06-18T10:15:09+09:00,ALPACA,414779,95.0,36.41845,127.39742,12,세종특별시
2026-06-18T10:15:09+09:00,ALPACA,424954,94.0,36.418774,127.40836,12,세종특별시
2026-06-18T10:15:09+09:00,ALPACA,414687,100.0,36.419006,127.387054,12,세종특별시
2026-06-18T10:15:09+09:00,ALPACA,414648,79.0,36.419205,127.38161,12,세종특별시
2026-06-18T10:15:09+09:00,ALPACA,414827,95.0,36.419476,127.41061,12,세종특별시
2026-06-18T10:15:09+09:00,ALPACA,424550,66.0,36.419666,127.39398,12,세종특별시
2026-06-18T10:15:09+09:00,ALPACA,425409,58.0,36.419746,127.40644,12,세종특별시
2026-06-18T10:15:09+09:00,ALPACA,425191,86.0,36.420033,127.38586,12,세종특별시
2026-06-18T10:15:09+09:00,ALPACA,414669,99.0,36.420067,127.39225,12,세종특별시
2026-06-18T10:15:09+09:00,ALPACA,414966,91.0,36.420147,127.39225,12,세종특별시
2026-06-18T10:15:09+09:00,ALPACA,415070,96.0,36.420494,127.39177,12,세종특별시
2026-06-18T10:15:09+09:00,ALPACA,424827,57.0,36.420643,127.38442,12,세종특별시
2026-06-18T10:15:09+09:00,ALPACA,425575,68.0,36.42106,127.38172,12,세종특별시
2026-06-18T10:15:09+09:00,ALPACA,414689,100.0,36.421383,127.39428,12,세종특별시
2026-06-18T10:15:09+09:00,ALPACA,414566,100.0,36.421726,127.394264,12,세종특별시
2026-06-18T10:15:09+09:00,ALPACA,414953,86.0,36.421738,127.39323,12,세종특별시
2026-06-18T10:15:09+09:00,ALPACA,424539,71.0,36.421803,127.40433,12,세종특별시
2026-06-18T10:15:09+09:00,ALPACA,425367,60.0,36.42183,127.40773,12,세종특별시
2026-06-18T10:15:09+09:00,ALPACA,425551,77.0,36.422134,127.39613,12,세종특별시
2026-06-18T10:15:09+09:00,ALPACA,414831,100.0,36.422195,127.38757,12,세종특별시
2026-06-18T10:15:09+09:00,ALPACA,414776,100.0,36.422256,127.387596,12,세종특별시
2026-06-18T10:15:09+09:00,ALPACA,414914,100.0,36.422268,127.38754,12,세종특별시
2026-06-18T10:15:09+09:00,ALPACA,411733,96.0,36.422504,127.407,12,세종특별시
2026-06-18T10:15:09+09:00,ALPACA,414823,93.0,36.422623,127.40054,12,세종특별시
2026-06-18T10:15:09+09:00,ALPACA,425494,61.0,36.422726,127.40008,12,세종특별시
2026-06-18T10:15:09+09:00,ALPACA,414268,64.0,36.422913,127.38895,12,세종특별시
2026-06-18T10:15:09+09:00,ALPACA,414821,89.0,36.423122,127.40594,12,세종특별시
2026-06-18T10:15:09+09:00,ALPACA,425236,100.0,36.423275,127.39275,12,세종특별시
2026-06-18T10:15:09+09:00,ALPACA,414732,100.0,36.42347,127.39226,12,세종특별시
2026-06-18T10:15:09+09:00,ALPACA,424825,96.0,36.42347,127.392265,12,세종특별시
2026-06-18T10:15:09+09:00,ALPACA,414937,73.0,36.42349,127.39224,12,세종특별시
2026-06-18T10:15:09+09:00,ALPACA,425711,68.0,36.42349,127.39227,12,세종특별시
2026-06-18T10:15:09+09:00,ALPACA,426257,100.0,36.42349,127.39225,12,세종특별시
2026-06-18T10:15:09+09:00,ALPACA,414830,79.0,36.423496,127.39229,12,세종특별시
2026-06-18T10:15:09+09:00,ALPACA,424816,100.0,36.423496,127.39228,12,세종특별시
2026-06-18T10:15:09+09:00,ALPACA,414753,97.0,36.42365,127.40516,12,세종특별시
2026-06-18T10:15:09+09:00,ALPACA,414533,93.0,36.42367,127.4053,12,세종특별시
2026-06-18T10:15:09+09:00,ALPACA,424583,81.0,36.423676,127.405205,12,세종특별시
2026-06-18T10:15:09+09:00,ALPACA,414651,90.0,36.423725,127.40488,12,세종특별시
2026-06-18T10:15:09+09:00,ALPACA,414767,63.0,36.424538,127.389465,12,세종특별시
2026-06-18T10:15:09+09:00,ALPACA,425734,100.0,36.42461,127.39297,12,세종특별시
2026-06-18T10:15:09+09:00,ALPACA,414754,57.0,36.424698,127.40046,12,세종특별시
2026-06-18T10:15:09+09:00,ALPACA,424116,67.0,36.42471,127.39227,12,세종특별시
2026-06-18T10:15:09+09:00,ALPACA,424555,81.0,36.425125,127.39005,12,세종특별시
2026-06-18T10:15:09+09:00,ALPACA,415078,95.0,36.425358,127.39216,12,세종특별시
2026-06-18T10:15:09+09:00,ALPACA,414284,95.0,36.425426,127.39216,12,세종특별시
2026-06-18T10:15:09+09:00,ALPACA,414481,53.0,36.425526,127.393074,12,세종특별시
2026-06-18T10:15:09+09:00,ALPACA,425467,59.0,36.42554,127.393005,12,세종특별시
2026-06-18T10:15:09+09:00,ALPACA,415586,52.0,36.425552,127.39418,12,세종특별시
2026-06-18T10:15:09+09:00,ALPACA,425510,60.0,36.42561,127.39305,12,세종특별시
2026-06-18T10:15:09+09:00,ALPACA,414681,77.0,36.42564,127.39891,12,세종특별시
2026-06-18T10:15:09+09:00,ALPACA,424586,48.0,36.42572,127.389824,12,세종특별시
2026-06-18T10:15:09+09:00,ALPACA,425412,62.0,36.4258,127.38987,12,세종특별시
2026-06-18T10:15:09+09:00,ALPACA,424442,67.0,36.426086,127.39168,12,세종특별시
2026-06-18T10:15:09+09:00,ALPACA,425348,100.0,36.4261,127.390884,12,세종특별시
2026-06-18T10:15:09+09:00,ALPACA,414539,51.0,36.426254,127.391335,12,세종특별시
2026-06-18T10:15:09+09:00,ALPACA,414790,92.0,36.426254,127.390465,12,세종특별시
2026-06-18T10:15:09+09:00,ALPACA,414375,100.0,36.426323,127.39255,12,세종특별시
2026-06-18T10:15:09+09:00,ALPACA,425148,100.0,36.426376,127.39363,12,세종특별시
2026-06-18T10:15:09+09:00,ALPACA,410295,100.0,36.426437,127.39041,12,세종특별시
2026-06-18T10:15:09+09:00,ALPACA,424942,95.0,36.42664,127.3903,12,세종특별시
2026-06-18T10:15:09+09:00,ALPACA,411692,92.0,36.426975,127.38953,12,세종특별시
2026-06-18T10:15:09+09:00,ALPACA,424938,100.0,36.427086,127.394066,12,세종특별시
2026-06-18T10:15:09+09:00,ALPACA,414915,79.0,36.427414,127.402504,12,세종특별시
2026-06-18T10:15:09+09:00,ALPACA,424443,65.0,36.427795,127.39089,12,세종특별시
2026-06-18T10:15:09+09:00,ALPACA,425306,76.0,36.428364,127.3985,12,세종특별시
2026-06-18T10:15:09+09:00,ALPACA,414731,100.0,36.428577,127.391426,12,세종특별시
2026-06-18T10:15:09+09:00,ALPACA,415221,60.0,36.428673,127.3916,12,세종특별시
2026-06-18T10:15:09+09:00,ALPACA,425087,70.0,36.42878,127.39551,12,세종특별시
2026-06-18T10:15:09+09:00,ALPACA,425253,92.0,36.428925,127.39552,12,세종특별시
2026-06-18T10:15:09+09:00,ALPACA,425021,100.0,36.428967,127.38932,12,세종특별시
2026-06-18T10:15:09+09:00,ALPACA,425226,86.0,36.429646,127.38841,12,세종특별시
2026-06-18T10:15:09+09:00,ALPACA,414653,81.0,36.429653,127.393234,12,세종특별시
2026-06-18T10:15:09+09:00,ALPACA,424649,90.0,36.42984,127.39624,12,세종특별시
2026-06-18T10:15:09+09:00,ALPACA,425275,98.0,36.43029,127.39371,12,세종특별시
2026-06-18T10:15:09+09:00,ALPACA,414763,81.0,36.430313,127.39371,12,세종특별시
2026-06-18T10:15:09+09:00,ALPACA,414304,70.0,36.43032,127.38999,12,세종특별시
2026-06-18T10:15:09+09:00,ALPACA,414730,100.0,36.43057,127.39298,12,세종특별시
2026-06-18T10:15:09+09:00,ALPACA,424601,62.0,36.43121,127.38357,12,세종특별시
2026-06-18T10:15:09+09:00,ALPACA,414308,86.0,36.431248,127.39436,12,세종특별시
2026-06-18T10:15:09+09:00,ALPACA,414931,97.0,36.431248,127.39438,12,세종특별시
2026-06-18T10:15:09+09:00,ALPACA,410334,49.0,36.431282,127.394485,12,세종특별시
2026-06-18T10:15:09+09:00,ALPACA,414704,100.0,36.431293,127.39335,12,세종특별시
2026-06-18T10:15:09+09:00,ALPACA,425453,88.0,36.431355,127.39758,12,세종특별시
2026-06-18T10:15:09+09:00,ALPACA,414543,96.0,36.431534,127.39754,12,세종특별시
2026-06-18T10:15:09+09:00,ALPACA,415427,70.0,36.431553,127.39399,12,세종특별시
2026-06-18T10:15:09+09:00,ALPACA,414728,89.0,36.431667,127.39372,12,세종특별시
2026-06-18T10:15:09+09:00,ALPACA,414765,52.0,36.43168,127.39379,12,세종특별시
2026-06-18T10:15:09+09:00,ALPACA,414676,57.0,36.431934,127.39356,12,세종특별시
2026-06-18T10:15:09+09:00,ALPACA,424768,100.0,36.432198,127.393135,12,세종특별시
2026-06-18T10:15:09+09:00,ALPACA,425110,100.0,36.432365,127.39407,12,세종특별시
2026-06-18T10:15:09+09:00,ALPACA,414775,100.0,36.43237,127.39418,12,세종특별시
2026-06-18T10:15:09+09:00,ALPACA,414558,99.0,36.43239,127.38155,12,세종특별시
2026-06-18T10:15:09+09:00,ALPACA,424434,52.0,36.432396,127.38414,12,세종특별시
2026-06-18T10:15:09+09:00,ALPACA,414738,53.0,36.43243,127.39408,12,세종특별시
2026-06-18T10:15:09+09:00,ALPACA,414774,80.0,36.4326,127.38414,12,세종특별시
2026-06-18T10:15:09+09:00,ALPACA,414746,64.0,36.43275,127.39161,12,세종특별시
2026-06-18T10:15:09+09:00,ALPACA,414737,51.0,36.432827,127.394516,12,세종특별시
2026-06-18T10:15:09+09:00,ALPACA,414679,100.0,36.43294,127.38458,12,세종특별시
2026-06-18T10:15:09+09:00,ALPACA,425183,97.0,36.43316,127.38392,12,세종특별시
2026-06-18T10:15:09+09:00,ALPACA,425417,91.0,36.433212,127.384415,12,세종특별시
2026-06-18T10:15:09+09:00,ALPACA,415275,100.0,36.43347,127.382935,12,세종특별시
2026-06-18T10:15:09+09:00,ALPACA,414654,100.0,36.433575,127.38274,12,세종특별시
2026-06-18T10:15:09+09:00,ALPACA,424820,100.0,36.43375,127.385925,12,세종특별시
2026-06-18T10:15:09+09:00,ALPACA,414677,94.0,36.43431,127.385216,12,세종특별시
2026-06-18T10:15:09+09:00,ALPACA,424917,99.0,36.434444,127.392876,12,세종특별시
2026-06-18T10:15:09+09:00,ALPACA,426235,94.0,36.434452,127.40869,12,세종특별시
2026-06-18T10:15:09+09:00,ALPACA,414416,100.0,36.434555,127.38898,12,세종특별시
2026-06-18T10:15:09+09:00,ALPACA,415253,61.0,36.434692,127.38795,12,세종특별시
2026-06-18T10:15:09+09:00,ALPACA,414513,99.0,36.434956,127.39313,12,세종특별시
2026-06-18T10:15:09+09:00,ALPACA,425479,87.0,36.435455,127.403046,12,세종특별시
2026-06-18T10:15:09+09:00,ALPACA,414696,96.0,36.435905,127.403885,12,세종특별시
2026-06-18T10:15:09+09:00,ALPACA,414503,54.0,36.435974,127.40406,12,세종특별시
2026-06-18T10:15:09+09:00,ALPACA,414839,100.0,36.436565,127.389275,12,세종특별시
2026-06-18T10:15:09+09:00,ALPACA,415470,87.0,36.436783,127.3813,12,세종특별시
2026-06-18T10:15:09+09:00,ALPACA,426234,83.0,36.436787,127.38891,12,세종특별시
2026-06-18T10:15:09+09:00,ALPACA,426484,100.0,36.43732,127.388435,12,세종특별시
2026-06-18T10:15:09+09:00,ALPACA,426256,82.0,36.437454,127.388435,12,세종특별시
2026-06-18T10:15:09+09:00,ALPACA,414948,94.0,36.438084,127.39494,12,세종특별시
2026-06-18T10:15:09+09:00,ALPACA,426305,69.0,36.438095,127.381996,12,세종특별시
2026-06-18T10:15:09+09:00,ALPACA,414912,100.0,36.438103,127.38237,12,세종특별시
2026-06-18T10:15:09+09:00,ALPACA,414759,100.0,36.43812,127.3815,12,세종특별시
2026-06-18T10:15:09+09:00,ALPACA,414794,80.0,36.43812,127.38202,12,세종특별시
2026-06-18T10:15:09+09:00,ALPACA,414943,100.0,36.43813,127.38232,12,세종특별시
2026-06-18T10:15:09+09:00,ALPACA,424760,100.0,36.43815,127.38154,12,세종특별시
2026-06-18T10:15:09+09:00,ALPACA,415516,76.0,36.438152,127.38194,12,세종특별시
2026-06-18T10:15:09+09:00,ALPACA,414706,79.0,36.438187,127.382065,12,세종특별시
2026-06-18T10:15:09+09:00,ALPACA,414684,97.0,36.43893,127.39512,12,세종특별시
2026-06-18T10:15:09+09:00,ALPACA,414532,57.0,36.43929,127.38143,12,세종특별시
2026-06-18T10:15:09+09:00,ALPACA,415439,100.0,36.439877,127.38223,12,세종특별시
2026-06-18T10:15:09+09:00,ALPACA,424542,90.0,36.439896,127.38476,12,세종특별시
2026-06-18T10:15:09+09:00,ALPACA,424564,58.0,36.440174,127.38336,12,세종특별시
2026-06-18T10:15:09+09:00,ALPACA,424719,100.0,36.440266,127.38345,12,세종특별시
2026-06-18T10:15:09+09:00,ALPACA,424382,54.0,36.44033,127.38437,12,세종특별시
2026-06-18T10:15:09+09:00,ALPACA,425193,62.0,36.44123,127.38599,12,세종특별시
2026-06-18T10:15:09+09:00,ALPACA,414659,45.0,36.441647,127.399925,12,세종특별시
2026-06-18T10:15:09+09:00,ALPACA,414644,32.0,36.444366,127.41042,12,세종특별시
2026-06-18T10:15:09+09:00,ALPACA,414724,63.0,36.445915,127.41399,12,세종특별시
2026-06-18T10:15:09+09:00,ALPACA,425712,67.0,36.445957,127.405624,12,세종특별시
2026-06-18T10:15:09+09:00,ALPACA,425384,68.0,36.447025,127.40838,12,세종특별시
2026-06-18T10:15:09+09:00,ALPACA,415049,49.0,36.448135,127.42335,12,세종특별시
2026-06-18T10:15:09+09:00,ALPACA,414760,38.0,36.449184,127.41195,12,세종특별시
2026-06-18T10:15:09+09:00,ALPACA,424455,43.0,36.450794,127.432045,12,세종특별시
2026-06-18T10:15:09+09:00,ALPACA,424792,36.0,36.45336,127.423874,12,세종특별시
2026-06-18T10:15:09+09:00,ALPACA,422610,69.0,36.58649,127.294586,12,세종특별시
2026-06-18T10:15:09+09:00,ALPACA,422236,78.0,36.588135,127.28902,12,세종특별시
2026-06-18T10:15:09+09:00,ALPACA,422154,100.0,36.588425,127.29001,12,세종특별시
2026-06-18T10:15:09+09:00,ALPACA,421288,100.0,36.588444,127.290054,12,세종특별시
2026-06-18T10:15:09+09:00,ALPACA,414865,100.0,36.590813,127.29184,12,세종특별시
2026-06-18T10:15:09+09:00,ALPACA,422500,100.0,36.590828,127.291824,12,세종특별시
2026-06-18T10:15:09+09:00,ALPACA,422087,100.0,36.59086,127.29185,12,세종특별시
2026-06-18T10:15:09+09:00,ALPACA,422425,89.0,36.590874,127.29187,12,세종특별시
2026-06-18T10:15:09+09:00,ALPACA,422363,100.0,36.590958,127.29519,12,세종특별시
2026-06-18T10:15:09+09:00,ALPACA,422600,74.0,36.59098,127.29518,12,세종특별시
2026-06-18T10:15:09+09:00,ALPACA,421876,85.0,36.590992,127.2952,12,세종특별시
2026-06-18T10:15:09+09:00,ALPACA,422397,89.0,36.592003,127.29626,12,세종특별시
2026-06-18T10:15:09+09:00,ALPACA,422249,83.0,36.592037,127.29636,12,세종특별시
2026-06-18T10:15:09+09:00,ALPACA,422376,100.0,36.592087,127.29632,12,세종특별시
2026-06-18T10:15:09+09:00,ALPACA,421720,100.0,36.593098,127.28476,12,세종특별시
2026-06-18T10:15:09+09:00,ALPACA,422047,100.0,36.5931,127.284775,12,세종특별시
2026-06-18T10:15:09+09:00,ALPACA,422220,100.0,36.593105,127.28477,12,세종특별시
2026-06-18T10:15:09+09:00,ALPACA,414795,93.0,36.593204,127.28924,12,세종특별시
2026-06-18T10:15:09+09:00,ALPACA,422434,93.0,36.59417,127.30133,12,세종특별시
2026-06-18T10:15:09+09:00,ALPACA,422562,93.0,36.59511,127.28873,12,세종특별시
2026-06-18T10:15:09+09:00,ALPACA,422379,100.0,36.59515,127.28925,12,세종특별시
2026-06-18T10:15:09+09:00,ALPACA,422393,100.0,36.59518,127.289215,12,세종특별시
2026-06-18T10:15:09+09:00,ALPACA,410262,100.0,36.595184,127.28924,12,세종특별시
2026-06-18T10:15:09+09:00,ALPACA,422023,75.0,36.59577,127.289406,12,세종특별시
2026-06-18T10:15:09+09:00,ALPACA,422491,78.0,36.596176,127.29575,12,세종특별시
2026-06-18T10:15:09+09:00,ALPACA,421904,100.0,36.59622,127.29577,12,세종특별시
2026-06-18T10:15:09+09:00,ALPACA,422567,100.0,36.59646,127.28842,12,세종특별시
2026-06-18T10:15:09+09:00,ALPACA,422125,73.0,36.59647,127.2884,12,세종특별시
2026-06-18T10:15:09+09:00,ALPACA,422414,81.0,36.596535,127.30081,12,세종특별시
2026-06-18T10:15:09+09:00,ALPACA,421733,74.0,36.597267,127.29874,12,세종특별시
2026-06-18T10:15:09+09:00,ALPACA,422338,88.0,36.597286,127.29744,12,세종특별시
2026-06-18T10:15:09+09:00,ALPACA,422449,55.0,36.599773,127.29535,12,세종특별시
2026-06-18T10:15:09+09:00,ALPACA,422228,73.0,36.600174,127.294624,12,세종특별시
2026-06-18T10:15:09+09:00,ALPACA,422136,100.0,36.601013,127.29504,12,세종특별시
2026-06-18T10:15:09+09:00,ALPACA,422350,81.0,36.60106,127.29497,12,세종특별시
2026-06-18T10:15:09+09:00,ALPACA,422701,100.0,36.601227,127.29114,12,세종특별시
2026-06-18T10:15:09+09:00,ALPACA,422467,100.0,36.60136,127.2885,12,세종특별시
2026-06-18T10:15:09+09:00,ALPACA,410385,85.0,36.601765,127.28865,12,세종특별시
2026-06-18T10:15:09+09:00,ALPACA,422265,100.0,36.60182,127.290085,12,세종특별시
2026-06-18T10:15:09+09:00,ALPACA,422258,97.0,36.601833,127.29012,12,세종특별시
2026-06-18T10:15:09+09:00,ALPACA,422566,81.0,36.60185,127.294945,12,세종특별시
2026-06-18T10:15:09+09:00,ALPACA,421703,100.0,36.601852,127.2901,12,세종특별시
2026-06-18T10:15:09+09:00,ALPACA,422446,91.0,36.602337,127.29036,12,세종특별시
2026-06-18T10:15:09+09:00,ALPACA,422306,73.0,36.60238,127.28648,12,세종특별시
2026-06-18T10:15:09+09:00,ALPACA,422138,100.0,36.602406,127.29489,12,세종특별시
2026-06-18T10:15:09+09:00,ALPACA,422571,100.0,36.603333,127.29134,12,세종특별시
2026-06-18T10:15:09+09:00,ALPACA,422387,90.0,36.60345,127.30732,12,세종특별시
2026-06-18T10:15:09+09:00,ALPACA,418661,90.0,36.603523,127.29319,12,세종특별시
2026-06-18T10:15:09+09:00,ALPACA,422399,100.0,36.603596,127.29317,12,세종특별시
2026-06-18T10:15:09+09:00,ALPACA,422203,100.0,36.603607,127.29011,12,세종특별시
2026-06-18T10:15:09+09:00,ALPACA,421775,70.0,36.60373,127.29318,12,세종특별시
2026-06-18T10:15:09+09:00,ALPACA,422364,71.0,36.603767,127.29316,12,세종특별시
2026-06-18T10:15:09+09:00,ALPACA,421566,86.0,36.603878,127.29712,12,세종특별시
2026-06-18T10:15:09+09:00,ALPACA,422303,100.0,36.604046,127.297485,12,세종특별시
2026-06-18T10:15:09+09:00,ALPACA,422075,91.0,36.60406,127.29753,12,세종특별시
2026-06-18T10:15:09+09:00,ALPACA,422344,100.0,36.604065,127.29751,12,세종특별시
2026-06-18T10:15:09+09:00,ALPACA,422246,100.0,36.604084,127.297516,12,세종특별시
2026-06-18T10:15:09+09:00,ALPACA,422484,62.0,36.6041,127.297516,12,세종특별시
2026-06-18T10:15:09+09:00,ALPACA,421987,100.0,36.60448,127.292564,12,세종특별시
2026-06-18T10:15:09+09:00,ALPACA,422337,80.0,36.60455,127.29248,12,세종특별시
2026-06-18T10:15:09+09:00,ALPACA,421831,41.0,36.60456,127.29253,12,세종특별시
2026-06-18T10:15:09+09:00,ALPACA,422248,64.0,36.604572,127.2925,12,세종특별시
2026-06-18T10:15:09+09:00,ALPACA,422173,95.0,36.605038,127.293236,12,세종특별시
2026-06-18T10:15:09+09:00,ALPACA,422452,100.0,36.60527,127.29278,12,세종특별시
2026-06-18T10:15:09+09:00,ALPACA,422282,71.0,36.605328,127.29324,12,세종특별시
2026-06-18T10:15:09+09:00,ALPACA,422458,75.0,36.60533,127.29211,12,세종특별시
2026-06-18T10:15:09+09:00,ALPACA,422396,100.0,36.605366,127.29211,12,세종특별시
2026-06-18T10:15:09+09:00,ALPACA,422435,73.0,36.605366,127.29209,12,세종특별시
2026-06-18T10:15:09+09:00,ALPACA,422699,100.0,36.605373,127.29213,12,세종특별시
2026-06-18T10:15:09+09:00,ALPACA,422025,100.0,36.605587,127.297226,12,세종특별시
2026-06-18T10:15:09+09:00,ALPACA,422413,100.0,36.60559,127.29723,12,세종특별시
2026-06-18T10:15:09+09:00,ALPACA,422406,100.0,36.6056,127.29729,12,세종특별시
2026-06-18T10:15:09+09:00,ALPACA,422238,79.0,36.606304,127.29312,12,세종특별시
2026-06-18T10:15:09+09:00,ALPACA,422324,84.0,36.606316,127.2878,12,세종특별시
2026-06-18T10:15:09+09:00,ALPACA,422522,74.0,36.606323,127.29306,12,세종특별시
2026-06-18T10:15:09+09:00,ALPACA,422884,93.0,36.606495,127.29192,12,세종특별시
2026-06-18T10:15:09+09:00,ALPACA,422336,34.0,36.60691,127.289345,12,세종특별시
2026-06-18T10:15:09+09:00,ALPACA,412614,54.0,36.608784,127.29224,12,세종특별시
2026-06-18T10:15:09+09:00,ALPACA,422463,45.0,36.60894,127.28361,12,세종특별시
2026-06-18T10:15:09+09:00,ALPACA,422322,94.0,36.608997,127.28384,12,세종특별시
2026-06-18T10:15:09+09:00,ALPACA,422175,40.0,36.60901,127.28372,12,세종특별시
2026-06-18T10:15:09+09:00,ALPACA,422465,57.0,36.609043,127.283714,12,세종특별시
2026-06-18T10:15:09+09:00,ALPACA,422620,94.0,36.609062,127.28379,12,세종특별시
2026-06-18T10:15:09+09:00,ALPACA,422559,83.0,36.609077,127.283806,12,세종특별시
2026-06-18T10:15:09+09:00,ALPACA,412597,87.0,36.6091,127.28372,12,세종특별시
2026-06-18T10:15:09+09:00,ALPACA,422576,60.0,36.6091,127.2837,12,세종특별시
2026-06-18T10:15:09+09:00,ALPACA,422720,62.0,36.60919,127.28498,12,세종특별시
2026-06-18T10:15:09+09:00,ALPACA,422607,46.0,36.6092,127.29094,12,세종특별시
2026-06-18T10:15:09+09:00,ALPACA,418665,98.0,36.609303,127.28459,12,세종특별시
2026-06-18T10:15:09+09:00,ALPACA,422432,57.0,36.609337,127.28333,12,세종특별시
2026-06-18T10:15:09+09:00,ALPACA,422560,74.0,36.609386,127.286194,12,세종특별시
2026-06-18T10:15:09+09:00,ALPACA,421025,61.0,36.60967,127.28503,12,세종특별시
2026-06-18T10:15:09+09:00,ALPACA,422502,36.0,36.60986,127.28495,12,세종특별시
2026-06-18T10:15:09+09:00,ALPACA,422439,66.0,36.61011,127.284966,12,세종특별시
2026-06-18T10:15:09+09:00,ALPACA,422205,100.0,36.610172,127.29321,12,세종특별시
2026-06-18T10:15:09+09:00,ALPACA,422499,91.0,36.610237,127.28474,12,세종특별시
2026-06-18T10:15:09+09:00,ALPACA,422378,75.0,36.610306,127.296616,12,세종특별시
2026-06-18T10:15:09+09:00,ALPACA,422703,85.0,36.61031,127.29676,12,세종특별시
2026-06-18T10:15:09+09:00,ALPACA,421725,100.0,36.61032,127.29676,12,세종특별시
2026-06-18T10:15:09+09:00,ALPACA,422226,93.0,36.610325,127.28631,12,세종특별시
2026-06-18T10:15:09+09:00,ALPACA,422556,100.0,36.610325,127.29679,12,세종특별시
2026-06-18T10:15:09+09:00,ALPACA,422430,94.0,36.610447,127.2932,12,세종특별시
2026-06-18T10:15:09+09:00,ALPACA,422184,70.0,36.61051,127.2871,12,세종특별시
2026-06-18T10:15:09+09:00,ALPACA,422420,73.0,36.610695,127.293465,12,세종특별시
2026-06-18T10:15:09+09:00,ALPACA,422394,80.0,36.61074,127.29136,12,세종특별시
2026-06-18T10:15:09+09:00,ALPACA,422181,66.0,36.610786,127.29172,12,세종특별시
2026-06-18T10:15:09+09:00,ALPACA,422128,79.0,36.610897,127.288284,12,세종특별시
2026-06-18T10:15:09+09:00,ALPACA,422770,52.0,36.610916,127.29091,12,세종특별시
2026-06-18T10:15:09+09:00,ALPACA,421741,100.0,36.610943,127.29311,12,세종특별시
2026-06-18T10:15:09+09:00,ALPACA,422180,99.0,36.610947,127.28872,12,세종특별시
2026-06-18T10:15:09+09:00,ALPACA,422143,64.0,36.610985,127.28645,12,세종특별시
2026-06-18T10:15:09+09:00,ALPACA,422291,74.0,36.611,127.28635,12,세종특별시
2026-06-18T10:15:09+09:00,ALPACA,422468,100.0,36.61101,127.28643,12,세종특별시
2026-06-18T10:15:09+09:00,ALPACA,422147,68.0,36.61102,127.28641,12,세종특별시
2026-06-18T10:15:09+09:00,ALPACA,422328,38.0,36.61106,127.29008,12,세종특별시
2026-06-18T10:15:09+09:00,ALPACA,422450,30.0,36.611088,127.2864,12,세종특별시
2026-06-18T10:15:09+09:00,ALPACA,422130,47.0,36.611103,127.28619,12,세종특별시
2026-06-18T10:15:09+09:00,ALPACA,422391,100.0,36.611156,127.29014,12,세종특별시
2026-06-18T10:15:09+09:00,ALPACA,422472,94.0,36.61116,127.28979,12,세종특별시
2026-06-18T10:15:09+09:00,ALPACA,422426,77.0,36.611164,127.29007,12,세종특별시
2026-06-18T10:15:09+09:00,ALPACA,422384,47.0,36.61117,127.29002,12,세종특별시
2026-06-18T10:15:09+09:00,ALPACA,422178,39.0,36.611176,127.28975,12,세종특별시
2026-06-18T10:15:09+09:00,ALPACA,422028,85.0,36.611187,127.29089,12,세종특별시
2026-06-18T10:15:09+09:00,ALPACA,422697,37.0,36.611225,127.28979,12,세종특별시
2026-06-18T10:15:09+09:00,ALPACA,422480,87.0,36.61125,127.28734,12,세종특별시
2026-06-18T10:15:09+09:00,ALPACA,412728,54.0,36.61128,127.28816,12,세종특별시
2026-06-18T10:15:09+09:00,ALPACA,421740,94.0,36.611286,127.29007,12,세종특별시
2026-06-18T10:15:09+09:00,ALPACA,422456,79.0,36.611317,127.28831,12,세종특별시
2026-06-18T10:15:09+09:00,ALPACA,422776,41.0,36.61132,127.288216,12,세종특별시
2026-06-18T10:15:09+09:00,ALPACA,422395,94.0,36.611336,127.28808,12,세종특별시
2026-06-18T10:15:09+09:00,ALPACA,421979,98.0,36.611347,127.288185,12,세종특별시
2026-06-18T10:15:09+09:00,ALPACA,422270,76.0,36.61135,127.288124,12,세종특별시
2026-06-18T10:15:09+09:00,ALPACA,421907,99.0,36.611355,127.28818,12,세종특별시
2026-06-18T10:15:09+09:00,ALPACA,422505,59.0,36.611355,127.288216,12,세종특별시
2026-06-18T10:15:09+09:00,ALPACA,422253,98.0,36.611366,127.28825,12,세종특별시
2026-06-18T10:15:09+09:00,ALPACA,421889,73.0,36.611374,127.28744,12,세종특별시
2026-06-18T10:15:09+09:00,ALPACA,422359,95.0,36.611374,127.28823,12,세종특별시
2026-06-18T10:15:09+09:00,ALPACA,422264,95.0,36.61138,127.28822,12,세종특별시
2026-06-18T10:15:09+09:00,ALPACA,422244,47.0,36.6114,127.28746,12,세종특별시
2026-06-18T10:15:09+09:00,ALPACA,422730,74.0,36.61144,127.287445,12,세종특별시
2026-06-18T10:15:09+09:00,ALPACA,422277,99.0,36.611454,127.28744,12,세종특별시
2026-06-18T10:15:09+09:00,ALPACA,422131,88.0,36.611458,127.28745,12,세종특별시
2026-06-18T10:15:09+09:00,ALPACA,422107,43.0,36.611633,127.287544,12,세종특별시
2026-06-18T10:15:09+09:00,ALPACA,422339,32.0,36.611954,127.2846,12,세종특별시
2026-06-18T10:15:09+09:00,ALPACA,422709,86.0,36.613125,127.29592,12,세종특별시
2026-06-18T10:15:09+09:00,ALPACA,422386,86.0,36.613197,127.29332,12,세종특별시
2026-06-18T10:15:09+09:00,ALPACA,422103,100.0,36.613853,127.31,12,세종특별시
2026-06-18T10:15:09+09:00,ALPACA,418558,100.0,36.613876,127.309975,12,세종특별시
2026-06-18T10:15:09+09:00,ALPACA,422168,73.0,36.61406,127.28906,12,세종특별시
2026-06-18T10:15:09+09:00,ALPACA,422371,62.0,36.61409,127.28907,12,세종특별시
2026-06-18T10:15:09+09:00,ALPACA,422335,100.0,36.614174,127.28884,12,세종특별시
2026-06-18T10:15:09+09:00,ALPACA,422367,100.0,36.614174,127.2888,12,세종특별시
2026-06-18T10:15:09+09:00,ALPACA,422207,95.0,36.61456,127.30835,12,세종특별시
2026-06-18T10:15:09+09:00,ALPACA,422242,77.0,36.614662,127.3059,12,세종특별시
2026-06-18T10:15:09+09:00,ALPACA,422603,100.0,36.614918,127.28499,12,세종특별시
2026-06-18T10:15:09+09:00,ALPACA,422358,75.0,36.615963,127.286064,12,세종특별시
2026-06-18T10:15:09+09:00,ALPACA,422086,76.0,36.61633,127.31405,12,세종특별시
2026-06-18T10:15:09+09:00,ALPACA,422185,100.0,36.618057,127.288795,12,세종특별시
2026-06-18T10:15:09+09:00,ALPACA,422296,87.0,36.6188,127.32029,12,세종특별시
2026-06-18T10:15:09+09:00,ALPACA,410365,76.0,36.618816,127.29082,12,세종특별시
2026-06-18T10:15:09+09:00,ALPACA,422176,100.0,36.61898,127.28855,12,세종특별시
2026-06-18T10:15:09+09:00,ALPACA,422243,75.0,36.619553,127.309944,12,세종특별시
2026-06-18T10:15:09+09:00,ALPACA,421998,82.0,36.620438,127.32027,12,세종특별시
2026-06-18T10:15:09+09:00,ALPACA,422039,70.0,36.620907,127.28249,12,세종특별시
2026-06-18T10:15:09+09:00,ALPACA,422705,93.0,36.62092,127.28246,12,세종특별시
2026-06-18T10:15:09+09:00,ALPACA,422357,82.0,36.621124,127.30795,12,세종특별시
2026-06-18T10:15:09+09:00,ALPACA,422333,97.0,36.62135,127.29062,12,세종특별시
2026-06-18T10:15:09+09:00,ALPACA,422509,68.0,36.621548,127.28891,12,세종특별시
2026-06-18T10:15:09+09:00,ALPACA,422469,73.0,36.6216,127.30235,12,세종특별시
2026-06-18T10:15:09+09:00,ALPACA,422309,92.0,36.621677,127.28371,12,세종특별시
2026-06-18T10:15:09+09:00,ALPACA,422329,97.0,36.621685,127.28388,12,세종특별시
2026-06-18T10:15:09+09:00,ALPACA,421908,99.0,36.62169,127.28588,12,세종특별시
2026-06-18T10:15:09+09:00,ALPACA,422141,69.0,36.621693,127.28588,12,세종특별시
2026-06-18T10:15:09+09:00,ALPACA,422299,79.0,36.621696,127.28384,12,세종특별시
2026-06-18T10:15:09+09:00,ALPACA,421186,85.0,36.62171,127.28384,12,세종특별시
2026-06-18T10:15:09+09:00,ALPACA,422568,98.0,36.621758,127.283844,12,세종특별시
2026-06-18T10:15:09+09:00,ALPACA,422148,81.0,36.62177,127.28556,12,세종특별시
2026-06-18T10:15:09+09:00,ALPACA,422251,41.0,36.62178,127.326614,12,세종특별시
2026-06-18T10:15:09+09:00,ALPACA,422580,99.0,36.621788,127.28554,12,세종특별시
2026-06-18T10:15:09+09:00,ALPACA,422702,52.0,36.621857,127.32653,12,세종특별시
2026-06-18T10:15:09+09:00,ALPACA,421945,47.0,36.621864,127.304695,12,세종특별시
2026-06-18T10:15:09+09:00,ALPACA,422304,97.0,36.623657,127.28743,12,세종특별시
2026-06-18T10:15:09+09:00,ALPACA,422211,82.0,36.623665,127.28685,12,세종특별시
2026-06-18T10:15:09+09:00,ALPACA,422212,66.0,36.623714,127.286835,12,세종특별시
2026-06-18T10:15:09+09:00,ALPACA,422507,87.0,36.62377,127.325096,12,세종특별시
2026-06-18T10:15:09+09:00,ALPACA,422403,97.0,36.62414,127.32578,12,세종특별시
2026-06-18T10:15:09+09:00,ALPACA,422440,86.0,36.626568,127.33195,12,세종특별시
2026-06-18T10:15:09+09:00,ALPACA,413919,54.0,36.62669,127.33202,12,세종특별시
2026-06-18T10:15:09+09:00,ALPACA,422412,58.0,36.62692,127.323326,12,세종특별시
2026-06-18T10:15:09+09:00,ALPACA,422372,92.0,36.627663,127.32866,12,세종특별시
2026-06-18T10:15:09+09:00,ALPACA,422622,61.0,36.627975,127.33185,12,세종특별시
2026-06-18T10:15:09+09:00,ALPACA,422382,81.0,36.628136,127.332634,12,세종특별시
2026-06-18T10:15:09+09:00,ALPACA,422194,72.0,36.629448,127.33293,12,세종특별시
2026-06-18T10:15:09+09:00,ALPACA,422575,98.0,36.63005,127.333046,12,세종특별시
2026-06-18T10:15:09+09:00,ALPACA,422121,98.0,36.63006,127.33041,12,세종특별시
2026-06-18T10:15:09+09:00,ALPACA,422297,97.0,36.630157,127.33284,12,세종특별시
2026-06-18T10:15:09+09:00,ALPACA,422528,47.0,36.63016,127.329994,12,세종특별시
2026-06-18T10:15:09+09:00,ALPACA,421994,100.0,36.630173,127.33289,12,세종특별시
2026-06-18T10:15:09+09:00,ALPACA,410342,97.0,36.630188,127.33287,12,세종특별시
2026-06-18T10:15:09+09:00,ALPACA,422188,59.0,36.630276,127.33359,12,세종특별시
2026-06-18T10:15:09+09:00,ALPACA,422486,55.0,36.630577,127.33085,12,세종특별시
2026-06-18T10:15:09+09:00,ALPACA,422408,57.0,36.630856,127.32952,12,세종특별시
2026-06-18T10:15:09+09:00,ALPACA,422278,70.0,36.630898,127.33079,12,세종특별시
2026-06-18T10:15:09+09:00,ALPACA,422316,94.0,36.631054,127.32807,12,세종특별시
2026-06-18T10:15:09+09:00,ALPACA,422427,48.0,36.631268,127.319305,12,세종특별시
2026-06-18T10:15:09+09:00,ALPACA,422126,93.0,36.6313,127.328636,12,세종특별시
2026-06-18T10:15:09+09:00,ALPACA,422431,57.0,36.63147,127.328804,12,세종특별시
2026-06-18T10:15:09+09:00,ALPACA,416273,77.0,36.631496,127.32945,12,세종특별시
2026-06-18T10:15:09+09:00,ALPACA,422032,63.0,36.631508,127.319214,12,세종특별시
2026-06-18T10:15:09+09:00,ALPACA,422161,86.0,36.631527,127.31919,12,세종특별시
2026-06-18T10:15:09+09:00,ALPACA,422049,84.0,36.63154,127.32607,12,세종특별시
2026-06-18T10:15:09+09:00,ALPACA,421772,91.0,36.6316,127.32905,12,세종특별시
2026-06-18T10:15:09+09:00,ALPACA,422552,100.0,36.631626,127.33032,12,세종특별시
2026-06-18T10:15:09+09:00,ALPACA,422691,75.0,36.63166,127.319824,12,세종특별시
2026-06-18T10:15:09+09:00,ALPACA,422164,89.0,36.631817,127.330444,12,세종특별시
2026-06-18T10:15:09+09:00,ALPACA,422365,78.0,36.632095,127.3274,12,세종특별시
2026-06-18T10:15:09+09:00,ALPACA,422534,63.0,36.63249,127.32635,12,세종특별시
2026-06-18T10:15:09+09:00,ALPACA,422402,87.0,36.632725,127.33509,12,세종특별시
2026-06-18T10:15:09+09:00,ALPACA,422558,98.0,36.63276,127.33506,12,세종특별시
2026-06-18T10:15:09+09:00,ALPACA,422334,72.0,36.632767,127.33112,12,세종특별시
2026-06-18T10:15:09+09:00,ALPACA,422375,70.0,36.632843,127.32338,12,세종특별시
2026-06-18T10:15:09+09:00,ALPACA,422034,71.0,36.632965,127.31423,12,세종특별시
2026-06-18T10:15:09+09:00,ALPACA,422625,100.0,36.633327,127.32107,12,세종특별시
2026-06-18T10:15:09+09:00,ALPACA,422536,100.0,36.633335,127.32108,12,세종특별시
2026-06-18T10:15:09+09:00,ALPACA,422604,100.0,36.633335,127.32109,12,세종특별시
2026-06-18T10:15:09+09:00,ALPACA,419034,97.0,36.633343,127.32108,12,세종특별시
2026-06-18T10:15:09+09:00,ALPACA,422535,95.0,36.633766,127.32904,12,세종특별시
2026-06-18T10:15:09+09:00,ALPACA,422498,77.0,36.635105,127.32707,12,세종특별시
2026-06-18T10:15:09+09:00,ALPACA,422389,95.0,36.635406,127.32625,12,세종특별시
2026-06-18T10:15:09+09:00,ALPACA,421739,76.0,36.635544,127.33448,12,세종특별시
2026-06-18T10:15:09+09:00,ALPACA,422538,43.0,36.63556,127.32583,12,세종특별시
2026-06-18T10:15:09+09:00,ALPACA,422142,81.0,36.63571,127.33876,12,세종특별시
2026-06-18T10:15:09+09:00,ALPACA,422256,63.0,36.635918,127.317535,12,세종특별시
2026-06-18T10:15:09+09:00,ALPACA,422122,61.0,36.63613,127.32849,12,세종특별시
2026-06-18T10:15:09+09:00,ALPACA,421718,100.0,36.63657,127.322876,12,세종특별시
2026-06-18T10:15:09+09:00,ALPACA,422629,100.0,36.636574,127.32278,12,세종특별시
2026-06-18T10:15:09+09:00,ALPACA,422189,63.0,36.636612,127.322685,12,세종특별시
2026-06-18T10:15:09+09:00,ALPACA,422574,72.0,36.63713,127.325294,12,세종특별시
2026-06-18T10:15:09+09:00,ALPACA,422259,90.0,36.63718,127.32534,12,세종특별시
2026-06-18T10:15:09+09:00,ALPACA,422102,100.0,36.637207,127.3253,12,세종특별시
2026-06-18T10:15:09+09:00,ALPACA,422101,88.0,36.63721,127.329155,12,세종특별시
2026-06-18T10:15:09+09:00,ALPACA,418277,70.0,36.637234,127.328835,12,세종특별시
2026-06-18T10:15:09+09:00,ALPACA,422381,75.0,36.63725,127.328835,12,세종특별시
2026-06-18T10:15:09+09:00,ALPACA,422213,44.0,36.637257,127.32913,12,세종특별시
2026-06-18T10:15:09+09:00,ALPACA,421950,66.0,36.637943,127.328064,12,세종특별시
2026-06-18T10:15:09+09:00,ALPACA,422352,58.0,36.638725,127.31696,12,세종특별시
2026-06-18T10:15:09+09:00,ALPACA,422355,73.0,36.638966,127.334236,12,세종특별시
2026-06-18T10:15:09+09:00,ALPACA,422692,89.0,36.63899,127.33424,12,세종특별시
2026-06-18T10:15:09+09:00,ALPACA,422172,98.0,36.639,127.33427,12,세종특별시
2026-06-18T10:15:09+09:00,ALPACA,416786,100.0,36.639015,127.33428,12,세종특별시
2026-06-18T10:15:09+09:00,ALPACA,422573,100.0,36.639023,127.33424,12,세종특별시
2026-06-18T10:15:09+09:00,ALPACA,422496,84.0,36.639687,127.346886,12,세종특별시
2026-06-18T10:15:09+09:00,ALPACA,422388,73.0,36.641624,127.33624,12,세종특별시
2026-06-18T10:15:09+09:00,ALPACA,422326,82.0,36.642715,127.34169,12,세종특별시
2026-06-18T10:15:09+09:00,ALPACA,419832,96.0,36.643394,127.341896,12,세종특별시
2026-06-18T10:15:09+09:00,ALPACA,422362,84.0,36.643646,127.336334,12,세종특별시
2026-06-18T10:15:09+09:00,ALPACA,422455,93.0,36.644646,127.332825,12,세종특별시
