timestamp,operator_name,device_id,battery_level,latitude,longitude,city_code,city_name
2026-06-14T21:50:12+09:00,ALPACA,425055,30.0,36.32547,127.348305,12,세종특별시
2026-06-14T21:50:12+09:00,ALPACA,425373,39.0,36.326492,127.33874,12,세종특별시
2026-06-14T21:50:12+09:00,ALPACA,425451,31.0,36.32762,127.33943,12,세종특별시
2026-06-14T21:50:12+09:00,ALPACA,424720,48.0,36.33012,127.34353,12,세종특별시
2026-06-14T21:50:12+09:00,ALPACA,425050,100.0,36.330578,127.340164,12,세종특별시
2026-06-14T21:50:12+09:00,ALPACA,425455,49.0,36.336636,127.33467,12,세종특별시
2026-06-14T21:50:12+09:00,ALPACA,425975,62.0,36.338486,127.34279,12,세종특별시
2026-06-14T21:50:12+09:00,ALPACA,425413,62.0,36.338505,127.33282,12,세종특별시
2026-06-14T21:50:12+09:00,ALPACA,424952,46.0,36.339375,127.34195,12,세종특별시
2026-06-14T21:50:12+09:00,ALPACA,425006,38.0,36.339462,127.34202,12,세종특별시
2026-06-14T21:50:12+09:00,ALPACA,424743,82.0,36.339527,127.342,12,세종특별시
2026-06-14T21:50:12+09:00,ALPACA,424714,55.0,36.340332,127.34499,12,세종특별시
2026-06-14T21:50:12+09:00,ALPACA,425212,34.0,36.341503,127.33795,12,세종특별시
2026-06-14T21:50:12+09:00,ALPACA,425061,76.0,36.341545,127.34444,12,세종특별시
2026-06-14T21:50:12+09:00,ALPACA,425057,52.0,36.341568,127.34428,12,세종특별시
2026-06-14T21:50:12+09:00,ALPACA,424770,77.0,36.34157,127.34442,12,세종특별시
2026-06-14T21:50:12+09:00,ALPACA,424908,77.0,36.34158,127.34444,12,세종특별시
2026-06-14T21:50:12+09:00,ALPACA,424920,49.0,36.341583,127.34441,12,세종특별시
2026-06-14T21:50:12+09:00,ALPACA,424350,47.0,36.34164,127.33769,12,세종특별시
2026-06-14T21:50:12+09:00,ALPACA,424710,79.0,36.34184,127.34715,12,세종특별시
2026-06-14T21:50:12+09:00,ALPACA,425679,41.0,36.342346,127.340965,12,세종특별시
2026-06-14T21:50:12+09:00,ALPACA,425476,97.0,36.342384,127.34097,12,세종특별시
2026-06-14T21:50:12+09:00,ALPACA,425126,97.0,36.342384,127.34094,12,세종특별시
2026-06-14T21:50:12+09:00,ALPACA,424450,54.0,36.34246,127.34149,12,세종특별시
2026-06-14T21:50:12+09:00,ALPACA,424868,64.0,36.3427,127.339806,12,세종특별시
2026-06-14T21:50:12+09:00,ALPACA,424324,54.0,36.342773,127.33894,12,세종특별시
2026-06-14T21:50:12+09:00,ALPACA,424404,40.0,36.34278,127.3389,12,세종특별시
2026-06-14T21:50:12+09:00,ALPACA,424432,73.0,36.342785,127.33886,12,세종특별시
2026-06-14T21:50:12+09:00,ALPACA,424501,76.0,36.342796,127.338936,12,세종특별시
2026-06-14T21:50:12+09:00,ALPACA,424402,87.0,36.3428,127.33888,12,세종특별시
2026-06-14T21:50:12+09:00,ALPACA,424486,79.0,36.342808,127.3389,12,세종특별시
2026-06-14T21:50:12+09:00,ALPACA,424358,78.0,36.34281,127.33892,12,세종특별시
2026-06-14T21:50:12+09:00,ALPACA,424568,51.0,36.34281,127.33892,12,세종특별시
2026-06-14T21:50:12+09:00,ALPACA,424165,52.0,36.34282,127.337494,12,세종특별시
2026-06-14T21:50:12+09:00,ALPACA,424367,78.0,36.34282,127.3389,12,세종특별시
2026-06-14T21:50:12+09:00,ALPACA,425094,50.0,36.34283,127.3441,12,세종특별시
2026-06-14T21:50:12+09:00,ALPACA,424517,65.0,36.342922,127.344,12,세종특별시
2026-06-14T21:50:12+09:00,ALPACA,424839,64.0,36.342976,127.33981,12,세종특별시
2026-06-14T21:50:12+09:00,ALPACA,425238,54.0,36.343094,127.3444,12,세종특별시
2026-06-14T21:50:12+09:00,ALPACA,424425,40.0,36.34312,127.33904,12,세종특별시
2026-06-14T21:50:12+09:00,ALPACA,424508,33.0,36.34314,127.33361,12,세종특별시
2026-06-14T21:50:12+09:00,ALPACA,424544,57.0,36.3432,127.339165,12,세종특별시
2026-06-14T21:50:12+09:00,ALPACA,425151,59.0,36.34334,127.34419,12,세종특별시
2026-06-14T21:50:12+09:00,ALPACA,425383,59.0,36.343346,127.34419,12,세종특별시
2026-06-14T21:50:12+09:00,ALPACA,425524,53.0,36.343357,127.34417,12,세종특별시
2026-06-14T21:50:12+09:00,ALPACA,424787,81.0,36.34337,127.34419,12,세종특별시
2026-06-14T21:50:12+09:00,ALPACA,425112,68.0,36.343372,127.34417,12,세종특별시
2026-06-14T21:50:12+09:00,ALPACA,424897,50.0,36.34348,127.33816,12,세종특별시
2026-06-14T21:50:12+09:00,ALPACA,424709,71.0,36.343708,127.34429,12,세종특별시
2026-06-14T21:50:12+09:00,ALPACA,425677,67.0,36.34379,127.382706,12,세종특별시
2026-06-14T21:50:12+09:00,ALPACA,424707,51.0,36.344,127.34178,12,세종특별시
2026-06-14T21:50:12+09:00,ALPACA,424506,55.0,36.34425,127.33572,12,세종특별시
2026-06-14T21:50:12+09:00,ALPACA,425695,55.0,36.34427,127.34741,12,세종특별시
2026-06-14T21:50:12+09:00,ALPACA,425000,48.0,36.344334,127.34692,12,세종특별시
2026-06-14T21:50:12+09:00,ALPACA,425197,43.0,36.34453,127.33241,12,세종특별시
2026-06-14T21:50:12+09:00,ALPACA,424124,75.0,36.344643,127.33933,12,세종특별시
2026-06-14T21:50:12+09:00,ALPACA,424372,38.0,36.34483,127.34741,12,세종특별시
2026-06-14T21:50:12+09:00,ALPACA,425142,31.0,36.34541,127.32393,12,세종특별시
2026-06-14T21:50:12+09:00,ALPACA,425355,63.0,36.345676,127.33903,12,세종특별시
2026-06-14T21:50:12+09:00,ALPACA,425002,37.0,36.345753,127.337074,12,세종특별시
2026-06-14T21:50:12+09:00,ALPACA,424664,96.0,36.346123,127.34138,12,세종특별시
2026-06-14T21:50:12+09:00,ALPACA,425699,69.0,36.346195,127.33606,12,세종특별시
2026-06-14T21:50:12+09:00,ALPACA,424704,61.0,36.3468,127.33569,12,세종특별시
2026-06-14T21:50:12+09:00,ALPACA,425458,33.0,36.346813,127.33569,12,세종특별시
2026-06-14T21:50:12+09:00,ALPACA,425152,58.0,36.34684,127.33569,12,세종특별시
2026-06-14T21:50:12+09:00,ALPACA,424383,30.0,36.346848,127.3357,12,세종특별시
2026-06-14T21:50:12+09:00,ALPACA,425270,78.0,36.34685,127.335724,12,세종특별시
2026-06-14T21:50:12+09:00,ALPACA,424449,34.0,36.346855,127.335686,12,세종특별시
2026-06-14T21:50:12+09:00,ALPACA,425397,42.0,36.34703,127.33079,12,세종특별시
2026-06-14T21:50:12+09:00,ALPACA,425375,52.0,36.34705,127.33089,12,세종특별시
2026-06-14T21:50:12+09:00,ALPACA,424863,56.0,36.34708,127.34418,12,세종특별시
2026-06-14T21:50:12+09:00,ALPACA,425321,46.0,36.34708,127.33897,12,세종특별시
2026-06-14T21:50:12+09:00,ALPACA,425034,48.0,36.347115,127.33427,12,세종특별시
2026-06-14T21:50:12+09:00,ALPACA,424769,55.0,36.34713,127.340744,12,세종특별시
2026-06-14T21:50:12+09:00,ALPACA,425537,49.0,36.347977,127.34169,12,세종특별시
2026-06-14T21:50:12+09:00,ALPACA,425376,68.0,36.348225,127.33536,12,세종특별시
2026-06-14T21:50:12+09:00,ALPACA,424617,55.0,36.348232,127.331154,12,세종특별시
2026-06-14T21:50:12+09:00,ALPACA,425320,31.0,36.348244,127.33526,12,세종특별시
2026-06-14T21:50:12+09:00,ALPACA,425036,42.0,36.348267,127.33569,12,세종특별시
2026-06-14T21:50:12+09:00,ALPACA,424357,82.0,36.348293,127.335205,12,세종특별시
2026-06-14T21:50:12+09:00,ALPACA,426463,37.0,36.348343,127.33219,12,세종특별시
2026-06-14T21:50:12+09:00,ALPACA,424939,47.0,36.348362,127.33257,12,세종특별시
2026-06-14T21:50:12+09:00,ALPACA,425095,42.0,36.348408,127.33114,12,세종특별시
2026-06-14T21:50:12+09:00,ALPACA,425683,67.0,36.348576,127.33992,12,세종특별시
2026-06-14T21:50:12+09:00,ALPACA,425509,66.0,36.34864,127.33996,12,세종특별시
2026-06-14T21:50:12+09:00,ALPACA,425546,67.0,36.348648,127.339935,12,세종특별시
2026-06-14T21:50:12+09:00,ALPACA,425285,59.0,36.34868,127.335335,12,세종특별시
2026-06-14T21:50:12+09:00,ALPACA,425746,34.0,36.34869,127.339935,12,세종특별시
2026-06-14T21:50:12+09:00,ALPACA,425343,34.0,36.348724,127.3327,12,세종특별시
2026-06-14T21:50:12+09:00,ALPACA,425754,43.0,36.348732,127.33499,12,세종특별시
2026-06-14T21:50:12+09:00,ALPACA,424829,53.0,36.34877,127.32756,12,세종특별시
2026-06-14T21:50:12+09:00,ALPACA,424999,38.0,36.34963,127.33635,12,세종특별시
2026-06-14T21:50:12+09:00,ALPACA,424989,54.0,36.349663,127.336586,12,세종특별시
2026-06-14T21:50:12+09:00,ALPACA,426276,41.0,36.349823,127.38254,12,세종특별시
2026-06-14T21:50:12+09:00,ALPACA,424446,79.0,36.349888,127.33428,12,세종특별시
2026-06-14T21:50:12+09:00,ALPACA,425274,45.0,36.350433,127.329445,12,세종특별시
2026-06-14T21:50:12+09:00,ALPACA,425205,68.0,36.35046,127.34865,12,세종특별시
2026-06-14T21:50:12+09:00,ALPACA,425681,73.0,36.35048,127.32943,12,세종특별시
2026-06-14T21:50:12+09:00,ALPACA,425370,51.0,36.35068,127.33554,12,세종특별시
2026-06-14T21:50:12+09:00,ALPACA,423582,53.0,36.350746,127.33879,12,세종특별시
2026-06-14T21:50:12+09:00,ALPACA,426375,99.0,36.35077,127.3544,12,세종특별시
2026-06-14T21:50:12+09:00,ALPACA,424890,89.0,36.35124,127.33933,12,세종특별시
2026-06-14T21:50:12+09:00,ALPACA,425398,53.0,36.35127,127.33036,12,세종특별시
2026-06-14T21:50:12+09:00,ALPACA,425250,81.0,36.351402,127.332756,12,세종특별시
2026-06-14T21:50:12+09:00,ALPACA,425178,54.0,36.351433,127.35114,12,세종특별시
2026-06-14T21:50:12+09:00,ALPACA,425037,78.0,36.351437,127.33275,12,세종특별시
2026-06-14T21:50:12+09:00,ALPACA,425272,46.0,36.351517,127.34447,12,세종특별시
2026-06-14T21:50:12+09:00,ALPACA,425279,44.0,36.35155,127.3445,12,세종특별시
2026-06-14T21:50:12+09:00,ALPACA,425166,53.0,36.35158,127.34449,12,세종특별시
2026-06-14T21:50:12+09:00,ALPACA,425431,48.0,36.351585,127.34447,12,세종특별시
2026-06-14T21:50:12+09:00,ALPACA,425463,46.0,36.351597,127.34452,12,세종특별시
2026-06-14T21:50:12+09:00,ALPACA,425338,45.0,36.351597,127.346924,12,세종특별시
2026-06-14T21:50:12+09:00,ALPACA,426232,97.0,36.35173,127.34654,12,세종특별시
2026-06-14T21:50:12+09:00,ALPACA,425181,50.0,36.351772,127.34651,12,세종특별시
2026-06-14T21:50:12+09:00,ALPACA,425634,96.0,36.351948,127.34456,12,세종특별시
2026-06-14T21:50:12+09:00,ALPACA,425405,79.0,36.351967,127.33053,12,세종특별시
2026-06-14T21:50:12+09:00,ALPACA,425428,53.0,36.351982,127.33056,12,세종특별시
2026-06-14T21:50:12+09:00,ALPACA,424679,55.0,36.351986,127.33054,12,세종특별시
2026-06-14T21:50:12+09:00,ALPACA,425392,79.0,36.35199,127.33057,12,세종특별시
2026-06-14T21:50:12+09:00,ALPACA,424875,78.0,36.352005,127.33059,12,세종특별시
2026-06-14T21:50:12+09:00,ALPACA,424848,58.0,36.352013,127.337074,12,세종특별시
2026-06-14T21:50:12+09:00,ALPACA,424531,43.0,36.352016,127.33705,12,세종특별시
2026-06-14T21:50:12+09:00,ALPACA,424790,83.0,36.35203,127.33708,12,세종특별시
2026-06-14T21:50:12+09:00,ALPACA,425330,54.0,36.352066,127.34851,12,세종특별시
2026-06-14T21:50:12+09:00,ALPACA,425532,42.0,36.35213,127.34611,12,세종특별시
2026-06-14T21:50:12+09:00,ALPACA,424667,57.0,36.352142,127.341324,12,세종특별시
2026-06-14T21:50:12+09:00,ALPACA,425724,32.0,36.352177,127.333824,12,세종특별시
2026-06-14T21:50:12+09:00,ALPACA,425337,83.0,36.352417,127.37541,12,세종특별시
2026-06-14T21:50:12+09:00,ALPACA,424435,58.0,36.352432,127.341324,12,세종특별시
2026-06-14T21:50:12+09:00,ALPACA,424205,49.0,36.352486,127.33277,12,세종특별시
2026-06-14T21:50:12+09:00,ALPACA,424972,37.0,36.35249,127.344025,12,세종특별시
2026-06-14T21:50:12+09:00,ALPACA,424420,83.0,36.35261,127.33354,12,세종특별시
2026-06-14T21:50:12+09:00,ALPACA,425504,75.0,36.352695,127.32905,12,세종특별시
2026-06-14T21:50:12+09:00,ALPACA,423869,60.0,36.352776,127.33581,12,세종특별시
2026-06-14T21:50:12+09:00,ALPACA,424379,100.0,36.352863,127.37431,12,세종특별시
2026-06-14T21:50:12+09:00,ALPACA,424955,98.0,36.352867,127.37439,12,세종특별시
2026-06-14T21:50:12+09:00,ALPACA,424978,83.0,36.352875,127.37447,12,세종특별시
2026-06-14T21:50:12+09:00,ALPACA,425535,98.0,36.35288,127.374374,12,세종특별시
2026-06-14T21:50:12+09:00,ALPACA,424490,100.0,36.352882,127.37442,12,세종특별시
2026-06-14T21:50:12+09:00,ALPACA,424575,100.0,36.352882,127.37443,12,세종특별시
2026-06-14T21:50:12+09:00,ALPACA,425234,100.0,36.352882,127.37444,12,세종특별시
2026-06-14T21:50:12+09:00,ALPACA,426307,87.0,36.352898,127.374405,12,세종특별시
2026-06-14T21:50:12+09:00,ALPACA,424249,100.0,36.3529,127.374405,12,세종특별시
2026-06-14T21:50:12+09:00,ALPACA,424967,100.0,36.352905,127.37436,12,세종특별시
2026-06-14T21:50:12+09:00,ALPACA,425254,100.0,36.352905,127.37443,12,세종특별시
2026-06-14T21:50:12+09:00,ALPACA,425700,85.0,36.352924,127.3744,12,세종특별시
2026-06-14T21:50:12+09:00,ALPACA,425308,95.0,36.352924,127.37443,12,세종특별시
2026-06-14T21:50:12+09:00,ALPACA,424352,100.0,36.35293,127.37446,12,세종특별시
2026-06-14T21:50:12+09:00,ALPACA,425689,51.0,36.353,127.347534,12,세종특별시
2026-06-14T21:50:12+09:00,ALPACA,425508,63.0,36.353073,127.34147,12,세종특별시
2026-06-14T21:50:12+09:00,ALPACA,424609,57.0,36.353096,127.33522,12,세종특별시
2026-06-14T21:50:12+09:00,ALPACA,424430,84.0,36.353127,127.34475,12,세종특별시
2026-06-14T21:50:12+09:00,ALPACA,425351,61.0,36.353138,127.3299,12,세종특별시
2026-06-14T21:50:12+09:00,ALPACA,425435,43.0,36.353153,127.329796,12,세종특별시
2026-06-14T21:50:12+09:00,ALPACA,424343,76.0,36.353153,127.3352,12,세종특별시
2026-06-14T21:50:12+09:00,ALPACA,424772,34.0,36.353165,127.32981,12,세종특별시
2026-06-14T21:50:12+09:00,ALPACA,424347,79.0,36.353172,127.34127,12,세종특별시
2026-06-14T21:50:12+09:00,ALPACA,424581,83.0,36.353172,127.33526,12,세종특별시
2026-06-14T21:50:12+09:00,ALPACA,424498,52.0,36.353188,127.33999,12,세종특별시
2026-06-14T21:50:12+09:00,ALPACA,424364,72.0,36.35328,127.34211,12,세종특별시
2026-06-14T21:50:12+09:00,ALPACA,425698,100.0,36.353283,127.34215,12,세종특별시
2026-06-14T21:50:12+09:00,ALPACA,424348,43.0,36.353287,127.34213,12,세종특별시
2026-06-14T21:50:12+09:00,ALPACA,424412,73.0,36.35329,127.34213,12,세종특별시
2026-06-14T21:50:12+09:00,ALPACA,425738,100.0,36.353306,127.34211,12,세종특별시
2026-06-14T21:50:12+09:00,ALPACA,424437,100.0,36.35331,127.34216,12,세종특별시
2026-06-14T21:50:12+09:00,ALPACA,425016,90.0,36.35331,127.342125,12,세종특별시
2026-06-14T21:50:12+09:00,ALPACA,425499,99.0,36.353313,127.3421,12,세종특별시
2026-06-14T21:50:12+09:00,ALPACA,424447,46.0,36.353333,127.34298,12,세종특별시
2026-06-14T21:50:12+09:00,ALPACA,424465,100.0,36.353336,127.34208,12,세종특별시
2026-06-14T21:50:12+09:00,ALPACA,425432,63.0,36.353344,127.34212,12,세종특별시
2026-06-14T21:50:12+09:00,ALPACA,425229,100.0,36.353344,127.34212,12,세종특별시
2026-06-14T21:50:12+09:00,ALPACA,424431,100.0,36.353386,127.34214,12,세종특별시
2026-06-14T21:50:12+09:00,ALPACA,424296,48.0,36.35341,127.342865,12,세종특별시
2026-06-14T21:50:12+09:00,ALPACA,425420,59.0,36.353436,127.3429,12,세종특별시
2026-06-14T21:50:12+09:00,ALPACA,425682,65.0,36.35344,127.34301,12,세종특별시
2026-06-14T21:50:12+09:00,ALPACA,425984,46.0,36.35345,127.40027,12,세종특별시
2026-06-14T21:50:12+09:00,ALPACA,424414,49.0,36.353455,127.342834,12,세종특별시
2026-06-14T21:50:12+09:00,ALPACA,425726,32.0,36.35346,127.342926,12,세종특별시
2026-06-14T21:50:12+09:00,ALPACA,424627,65.0,36.35346,127.34284,12,세종특별시
2026-06-14T21:50:12+09:00,ALPACA,425739,64.0,36.353477,127.342865,12,세종특별시
2026-06-14T21:50:12+09:00,ALPACA,424334,66.0,36.35349,127.34308,12,세종특별시
2026-06-14T21:50:12+09:00,ALPACA,424453,76.0,36.35353,127.342926,12,세종특별시
2026-06-14T21:50:12+09:00,ALPACA,425327,77.0,36.353535,127.3301,12,세종특별시
2026-06-14T21:50:12+09:00,ALPACA,425219,50.0,36.35354,127.34168,12,세종특별시
2026-06-14T21:50:12+09:00,ALPACA,424615,39.0,36.353783,127.33769,12,세종특별시
2026-06-14T21:50:12+09:00,ALPACA,424365,45.0,36.353848,127.33775,12,세종특별시
2026-06-14T21:50:12+09:00,ALPACA,424426,60.0,36.353985,127.32902,12,세종특별시
2026-06-14T21:50:12+09:00,ALPACA,425445,85.0,36.3541,127.37092,12,세종특별시
2026-06-14T21:50:12+09:00,ALPACA,424631,76.0,36.354164,127.3372,12,세종특별시
2026-06-14T21:50:12+09:00,ALPACA,425346,50.0,36.354313,127.34257,12,세종특별시
2026-06-14T21:50:12+09:00,ALPACA,424155,42.0,36.354412,127.34485,12,세종특별시
2026-06-14T21:50:12+09:00,ALPACA,425710,58.0,36.35442,127.34386,12,세종특별시
2026-06-14T21:50:12+09:00,ALPACA,426329,99.0,36.354454,127.35456,12,세종특별시
2026-06-14T21:50:12+09:00,ALPACA,426482,100.0,36.354465,127.35452,12,세종특별시
2026-06-14T21:50:12+09:00,ALPACA,426354,100.0,36.35447,127.35452,12,세종특별시
2026-06-14T21:50:12+09:00,ALPACA,425577,100.0,36.35448,127.354546,12,세종특별시
2026-06-14T21:50:12+09:00,ALPACA,425937,100.0,36.35448,127.35452,12,세종특별시
2026-06-14T21:50:12+09:00,ALPACA,424345,100.0,36.35448,127.35455,12,세종특별시
2026-06-14T21:50:12+09:00,ALPACA,426330,100.0,36.354485,127.35453,12,세종특별시
2026-06-14T21:50:12+09:00,ALPACA,424752,100.0,36.35449,127.354515,12,세종특별시
2026-06-14T21:50:12+09:00,ALPACA,426248,99.0,36.354492,127.35457,12,세종특별시
2026-06-14T21:50:12+09:00,ALPACA,426512,100.0,36.354496,127.35454,12,세종특별시
2026-06-14T21:50:12+09:00,ALPACA,424605,100.0,36.354496,127.35452,12,세종특별시
2026-06-14T21:50:12+09:00,ALPACA,426376,100.0,36.354504,127.35457,12,세종특별시
2026-06-14T21:50:12+09:00,ALPACA,425052,98.0,36.354507,127.35457,12,세종특별시
2026-06-14T21:50:12+09:00,ALPACA,424349,62.0,36.35456,127.343636,12,세종특별시
2026-06-14T21:50:12+09:00,ALPACA,424487,49.0,36.35457,127.34355,12,세종특별시
2026-06-14T21:50:12+09:00,ALPACA,425461,31.0,36.354595,127.33806,12,세종특별시
2026-06-14T21:50:12+09:00,ALPACA,424468,96.0,36.354626,127.34351,12,세종특별시
2026-06-14T21:50:12+09:00,ALPACA,424673,65.0,36.35463,127.331,12,세종특별시
2026-06-14T21:50:12+09:00,ALPACA,426253,91.0,36.354668,127.34213,12,세종특별시
2026-06-14T21:50:12+09:00,ALPACA,425391,79.0,36.354694,127.34072,12,세종특별시
2026-06-14T21:50:12+09:00,ALPACA,424589,42.0,36.35471,127.335434,12,세종특별시
2026-06-14T21:50:12+09:00,ALPACA,425312,64.0,36.35471,127.34337,12,세종특별시
2026-06-14T21:50:12+09:00,ALPACA,424645,39.0,36.35472,127.33947,12,세종특별시
2026-06-14T21:50:12+09:00,ALPACA,425259,63.0,36.354847,127.33122,12,세종특별시
2026-06-14T21:50:12+09:00,ALPACA,424650,87.0,36.35498,127.34769,12,세종특별시
2026-06-14T21:50:12+09:00,ALPACA,424639,46.0,36.35506,127.337006,12,세종특별시
2026-06-14T21:50:12+09:00,ALPACA,425025,67.0,36.35509,127.33698,12,세종특별시
2026-06-14T21:50:12+09:00,ALPACA,424433,39.0,36.35512,127.337006,12,세종특별시
2026-06-14T21:50:12+09:00,ALPACA,425545,44.0,36.355125,127.34306,12,세종특별시
2026-06-14T21:50:12+09:00,ALPACA,424838,49.0,36.355125,127.34424,12,세종특별시
2026-06-14T21:50:12+09:00,ALPACA,424574,85.0,36.35513,127.34304,12,세종특별시
2026-06-14T21:50:12+09:00,ALPACA,424603,46.0,36.35513,127.344246,12,세종특별시
2026-06-14T21:50:12+09:00,ALPACA,425419,61.0,36.35514,127.33696,12,세종특별시
2026-06-14T21:50:12+09:00,ALPACA,425688,91.0,36.35518,127.35096,12,세종특별시
2026-06-14T21:50:12+09:00,ALPACA,424356,67.0,36.355316,127.34521,12,세종특별시
2026-06-14T21:50:12+09:00,ALPACA,425339,39.0,36.355343,127.335724,12,세종특별시
2026-06-14T21:50:12+09:00,ALPACA,424315,63.0,36.355366,127.33185,12,세종특별시
2026-06-14T21:50:12+09:00,ALPACA,425676,47.0,36.35537,127.33531,12,세종특별시
2026-06-14T21:50:12+09:00,ALPACA,424608,96.0,36.355385,127.33186,12,세종특별시
2026-06-14T21:50:12+09:00,ALPACA,424554,50.0,36.35547,127.3438,12,세종특별시
2026-06-14T21:50:12+09:00,ALPACA,424965,70.0,36.35557,127.33481,12,세종특별시
2026-06-14T21:50:12+09:00,ALPACA,424853,37.0,36.355625,127.34307,12,세종특별시
2026-06-14T21:50:12+09:00,ALPACA,412506,82.0,36.35568,127.37574,12,세종특별시
2026-06-14T21:50:12+09:00,ALPACA,424862,44.0,36.355717,127.33943,12,세종특별시
2026-06-14T21:50:12+09:00,ALPACA,424451,49.0,36.355732,127.36027,12,세종특별시
2026-06-14T21:50:12+09:00,ALPACA,425486,60.0,36.35579,127.33127,12,세종특별시
2026-06-14T21:50:12+09:00,ALPACA,425269,35.0,36.355877,127.35214,12,세종특별시
2026-06-14T21:50:12+09:00,ALPACA,424289,40.0,36.355896,127.3441,12,세종특별시
2026-06-14T21:50:12+09:00,ALPACA,425430,51.0,36.355976,127.33678,12,세종특별시
2026-06-14T21:50:12+09:00,ALPACA,425678,82.0,36.355984,127.33124,12,세종특별시
2026-06-14T21:50:12+09:00,ALPACA,424884,79.0,36.35599,127.33125,12,세종특별시
2026-06-14T21:50:12+09:00,ALPACA,424264,57.0,36.356014,127.33124,12,세종특별시
2026-06-14T21:50:12+09:00,ALPACA,424613,62.0,36.356018,127.34417,12,세종특별시
2026-06-14T21:50:12+09:00,ALPACA,425470,60.0,36.356026,127.33964,12,세종특별시
2026-06-14T21:50:12+09:00,ALPACA,425045,56.0,36.3561,127.33079,12,세종특별시
2026-06-14T21:50:12+09:00,ALPACA,425547,87.0,36.356148,127.35081,12,세종특별시
2026-06-14T21:50:12+09:00,ALPACA,425007,74.0,36.356277,127.36386,12,세종특별시
2026-06-14T21:50:12+09:00,ALPACA,425407,92.0,36.35636,127.361046,12,세종특별시
2026-06-14T21:50:12+09:00,ALPACA,425047,75.0,36.35641,127.34814,12,세종특별시
2026-06-14T21:50:12+09:00,ALPACA,424818,77.0,36.35644,127.34812,12,세종특별시
2026-06-14T21:50:12+09:00,ALPACA,425282,76.0,36.356503,127.348045,12,세종특별시
2026-06-14T21:50:12+09:00,ALPACA,425233,54.0,36.356514,127.341774,12,세종특별시
2026-06-14T21:50:12+09:00,ALPACA,425265,78.0,36.35654,127.34811,12,세종특별시
2026-06-14T21:50:12+09:00,ALPACA,425402,77.0,36.356552,127.348076,12,세종특별시
2026-06-14T21:50:12+09:00,ALPACA,424713,66.0,36.35656,127.34803,12,세종특별시
2026-06-14T21:50:12+09:00,ALPACA,425008,67.0,36.35658,127.331184,12,세종특별시
2026-06-14T21:50:12+09:00,ALPACA,424595,64.0,36.356632,127.33812,12,세종특별시
2026-06-14T21:50:12+09:00,ALPACA,424183,49.0,36.35665,127.33153,12,세종특별시
2026-06-14T21:50:12+09:00,ALPACA,426460,70.0,36.356766,127.33561,12,세종특별시
2026-06-14T21:50:12+09:00,ALPACA,424502,44.0,36.35679,127.33562,12,세종특별시
2026-06-14T21:50:12+09:00,ALPACA,425411,90.0,36.35689,127.33546,12,세종특별시
2026-06-14T21:50:12+09:00,ALPACA,414766,87.0,36.3569,127.335464,12,세종특별시
2026-06-14T21:50:12+09:00,ALPACA,424909,40.0,36.35701,127.34502,12,세종특별시
2026-06-14T21:50:12+09:00,ALPACA,424821,49.0,36.357014,127.35436,12,세종특별시
2026-06-14T21:50:12+09:00,ALPACA,424828,51.0,36.357162,127.35101,12,세종특별시
2026-06-14T21:50:12+09:00,ALPACA,424966,65.0,36.357216,127.358055,12,세종특별시
2026-06-14T21:50:12+09:00,ALPACA,426311,43.0,36.35722,127.340034,12,세종특별시
2026-06-14T21:50:12+09:00,ALPACA,426301,87.0,36.35723,127.34008,12,세종특별시
2026-06-14T21:50:12+09:00,ALPACA,425222,41.0,36.35726,127.35034,12,세종특별시
2026-06-14T21:50:12+09:00,ALPACA,424693,44.0,36.357384,127.34778,12,세종특별시
2026-06-14T21:50:12+09:00,ALPACA,425475,91.0,36.357407,127.37182,12,세종특별시
2026-06-14T21:50:12+09:00,ALPACA,425056,94.0,36.357414,127.37181,12,세종특별시
2026-06-14T21:50:12+09:00,ALPACA,424371,90.0,36.357418,127.371826,12,세종특별시
2026-06-14T21:50:12+09:00,ALPACA,425539,100.0,36.35742,127.37179,12,세종특별시
2026-06-14T21:50:12+09:00,ALPACA,425536,98.0,36.35743,127.37181,12,세종특별시
2026-06-14T21:50:12+09:00,ALPACA,425194,69.0,36.35743,127.34778,12,세종특별시
2026-06-14T21:50:12+09:00,ALPACA,424375,90.0,36.357433,127.371826,12,세종특별시
2026-06-14T21:50:12+09:00,ALPACA,424986,66.0,36.357433,127.34782,12,세종특별시
2026-06-14T21:50:12+09:00,ALPACA,424716,93.0,36.357437,127.371826,12,세종특별시
2026-06-14T21:50:12+09:00,ALPACA,424836,95.0,36.357437,127.37183,12,세종특별시
2026-06-14T21:50:12+09:00,ALPACA,424992,93.0,36.357437,127.37179,12,세종특별시
2026-06-14T21:50:12+09:00,ALPACA,425304,83.0,36.35744,127.37408,12,세종특별시
2026-06-14T21:50:12+09:00,ALPACA,412524,84.0,36.35745,127.37182,12,세종특별시
2026-06-14T21:50:12+09:00,ALPACA,424366,100.0,36.35745,127.37182,12,세종특별시
2026-06-14T21:50:12+09:00,ALPACA,424519,100.0,36.35745,127.37177,12,세종특별시
2026-06-14T21:50:12+09:00,ALPACA,424881,94.0,36.35745,127.37179,12,세종특별시
2026-06-14T21:50:12+09:00,ALPACA,424931,90.0,36.35745,127.37182,12,세종특별시
2026-06-14T21:50:12+09:00,ALPACA,425284,100.0,36.35745,127.37181,12,세종특별시
2026-06-14T21:50:12+09:00,ALPACA,424573,100.0,36.357452,127.37184,12,세종특별시
2026-06-14T21:50:12+09:00,ALPACA,424398,100.0,36.357464,127.37182,12,세종특별시
2026-06-14T21:50:12+09:00,ALPACA,414820,42.0,36.357468,127.37182,12,세종특별시
2026-06-14T21:50:12+09:00,ALPACA,425772,100.0,36.357468,127.3718,12,세종특별시
2026-06-14T21:50:12+09:00,ALPACA,425382,100.0,36.357468,127.37181,12,세종특별시
2026-06-14T21:50:12+09:00,ALPACA,425714,100.0,36.35747,127.37181,12,세종특별시
2026-06-14T21:50:12+09:00,ALPACA,426451,71.0,36.357475,127.37181,12,세종특별시
2026-06-14T21:50:12+09:00,ALPACA,414275,82.0,36.357483,127.37183,12,세종특별시
2026-06-14T21:50:12+09:00,ALPACA,414686,88.0,36.357487,127.37181,12,세종특별시
2026-06-14T21:50:12+09:00,ALPACA,415028,51.0,36.357487,127.37182,12,세종특별시
2026-06-14T21:50:12+09:00,ALPACA,424445,100.0,36.357487,127.371826,12,세종특별시
2026-06-14T21:50:12+09:00,ALPACA,424845,100.0,36.35749,127.371796,12,세종특별시
2026-06-14T21:50:12+09:00,ALPACA,425701,40.0,36.357494,127.371826,12,세종특별시
2026-06-14T21:50:12+09:00,ALPACA,414769,51.0,36.35751,127.37182,12,세종특별시
2026-06-14T21:50:12+09:00,ALPACA,425583,71.0,36.357517,127.37181,12,세종특별시
2026-06-14T21:50:12+09:00,ALPACA,425200,82.0,36.357517,127.371796,12,세종특별시
2026-06-14T21:50:12+09:00,ALPACA,425015,62.0,36.357536,127.37182,12,세종특별시
2026-06-14T21:50:12+09:00,ALPACA,425755,52.0,36.35756,127.3515,12,세종특별시
2026-06-14T21:50:12+09:00,ALPACA,425674,44.0,36.35757,127.35059,12,세종특별시
2026-06-14T21:50:12+09:00,ALPACA,426441,89.0,36.357574,127.34979,12,세종특별시
2026-06-14T21:50:12+09:00,ALPACA,425357,55.0,36.357647,127.33109,12,세종특별시
2026-06-14T21:50:12+09:00,ALPACA,424906,41.0,36.35765,127.35195,12,세종특별시
2026-06-14T21:50:12+09:00,ALPACA,425485,53.0,36.357685,127.34431,12,세종특별시
2026-06-14T21:50:12+09:00,ALPACA,424916,65.0,36.357822,127.35125,12,세종특별시
2026-06-14T21:50:12+09:00,ALPACA,425491,42.0,36.357883,127.34583,12,세종특별시
2026-06-14T21:50:12+09:00,ALPACA,425332,45.0,36.3579,127.35129,12,세종특별시
2026-06-14T21:50:12+09:00,ALPACA,425422,100.0,36.35791,127.36395,12,세종특별시
2026-06-14T21:50:12+09:00,ALPACA,425460,100.0,36.35793,127.36385,12,세종특별시
2026-06-14T21:50:12+09:00,ALPACA,425753,73.0,36.35793,127.36391,12,세종특별시
2026-06-14T21:50:12+09:00,ALPACA,426268,100.0,36.357937,127.36383,12,세종특별시
2026-06-14T21:50:12+09:00,ALPACA,425765,88.0,36.357944,127.36386,12,세종특별시
2026-06-14T21:50:12+09:00,ALPACA,423880,99.0,36.357956,127.363785,12,세종특별시
2026-06-14T21:50:12+09:00,ALPACA,424185,100.0,36.35796,127.36382,12,세종특별시
2026-06-14T21:50:12+09:00,ALPACA,425209,85.0,36.35796,127.37969,12,세종특별시
2026-06-14T21:50:12+09:00,ALPACA,424400,100.0,36.357964,127.363815,12,세종특별시
2026-06-14T21:50:12+09:00,ALPACA,425543,78.0,36.357975,127.36382,12,세종특별시
2026-06-14T21:50:12+09:00,ALPACA,424326,100.0,36.357983,127.364,12,세종특별시
2026-06-14T21:50:12+09:00,ALPACA,425992,100.0,36.357986,127.363785,12,세종특별시
2026-06-14T21:50:12+09:00,ALPACA,424388,69.0,36.357994,127.36381,12,세종특별시
2026-06-14T21:50:12+09:00,ALPACA,424569,76.0,36.358,127.36382,12,세종특별시
2026-06-14T21:50:12+09:00,ALPACA,424403,76.0,36.358006,127.36379,12,세종특별시
2026-06-14T21:50:12+09:00,ALPACA,424572,86.0,36.358013,127.363914,12,세종특별시
2026-06-14T21:50:12+09:00,ALPACA,425223,49.0,36.35813,127.35243,12,세종특별시
2026-06-14T21:50:12+09:00,ALPACA,424560,38.0,36.358322,127.35582,12,세종특별시
2026-06-14T21:50:12+09:00,ALPACA,425127,51.0,36.358402,127.32857,12,세종특별시
2026-06-14T21:50:12+09:00,ALPACA,424479,62.0,36.358505,127.34494,12,세종특별시
2026-06-14T21:50:12+09:00,ALPACA,424808,47.0,36.358772,127.35916,12,세종특별시
2026-06-14T21:50:12+09:00,ALPACA,424789,58.0,36.35878,127.359116,12,세종특별시
2026-06-14T21:50:12+09:00,ALPACA,424817,76.0,36.358967,127.33226,12,세종특별시
2026-06-14T21:50:12+09:00,ALPACA,424979,68.0,36.35902,127.33379,12,세종특별시
2026-06-14T21:50:12+09:00,ALPACA,424943,64.0,36.359043,127.33376,12,세종특별시
2026-06-14T21:50:12+09:00,ALPACA,425161,70.0,36.359043,127.35218,12,세종특별시
2026-06-14T21:50:12+09:00,ALPACA,424970,45.0,36.35905,127.333725,12,세종특별시
2026-06-14T21:50:12+09:00,ALPACA,425440,66.0,36.359055,127.33343,12,세종특별시
2026-06-14T21:50:12+09:00,ALPACA,425210,46.0,36.35906,127.33347,12,세종특별시
2026-06-14T21:50:12+09:00,ALPACA,425421,62.0,36.359062,127.33345,12,세종특별시
2026-06-14T21:50:12+09:00,ALPACA,425393,56.0,36.359062,127.35218,12,세종특별시
2026-06-14T21:50:12+09:00,ALPACA,425396,71.0,36.359062,127.33344,12,세종특별시
2026-06-14T21:50:12+09:00,ALPACA,425410,63.0,36.35907,127.33347,12,세종특별시
2026-06-14T21:50:12+09:00,ALPACA,425325,56.0,36.35909,127.33349,12,세종특별시
2026-06-14T21:50:12+09:00,ALPACA,424859,62.0,36.359093,127.333466,12,세종특별시
2026-06-14T21:50:12+09:00,ALPACA,425201,65.0,36.359097,127.34553,12,세종특별시
2026-06-14T21:50:12+09:00,ALPACA,424630,81.0,36.359272,127.3417,12,세종특별시
2026-06-14T21:50:12+09:00,ALPACA,424558,84.0,36.359306,127.35442,12,세종특별시
2026-06-14T21:50:12+09:00,ALPACA,424684,51.0,36.359425,127.333916,12,세종특별시
2026-06-14T21:50:12+09:00,ALPACA,424448,89.0,36.35951,127.33482,12,세종특별시
2026-06-14T21:50:12+09:00,ALPACA,425358,98.0,36.359547,127.343346,12,세종특별시
2026-06-14T21:50:12+09:00,ALPACA,425564,87.0,36.359573,127.34343,12,세종특별시
2026-06-14T21:50:12+09:00,ALPACA,424610,46.0,36.359737,127.33646,12,세종특별시
2026-06-14T21:50:12+09:00,ALPACA,424638,40.0,36.359737,127.33638,12,세종특별시
2026-06-14T21:50:12+09:00,ALPACA,414824,48.0,36.35978,127.374146,12,세종특별시
2026-06-14T21:50:12+09:00,ALPACA,425077,99.0,36.359863,127.371994,12,세종특별시
2026-06-14T21:50:12+09:00,ALPACA,424998,54.0,36.360413,127.33222,12,세종특별시
2026-06-14T21:50:12+09:00,ALPACA,424985,41.0,36.360596,127.33354,12,세종특별시
2026-06-14T21:50:12+09:00,ALPACA,425626,32.0,36.360767,127.333916,12,세종특별시
2026-06-14T21:50:12+09:00,ALPACA,424598,65.0,36.360916,127.350266,12,세종특별시
2026-06-14T21:50:12+09:00,ALPACA,424894,58.0,36.361115,127.33635,12,세종특별시
2026-06-14T21:50:12+09:00,ALPACA,425326,71.0,36.361115,127.3372,12,세종특별시
2026-06-14T21:50:12+09:00,ALPACA,425353,44.0,36.361145,127.338425,12,세종특별시
2026-06-14T21:50:12+09:00,ALPACA,424556,100.0,36.36118,127.356,12,세종특별시
2026-06-14T21:50:12+09:00,ALPACA,425046,85.0,36.361324,127.33851,12,세종특별시
2026-06-14T21:50:12+09:00,ALPACA,425246,44.0,36.36135,127.33777,12,세종특별시
2026-06-14T21:50:12+09:00,ALPACA,424374,97.0,36.36141,127.33746,12,세종특별시
2026-06-14T21:50:12+09:00,ALPACA,424976,100.0,36.36153,127.35697,12,세종특별시
2026-06-14T21:50:12+09:00,ALPACA,426378,100.0,36.36154,127.35697,12,세종특별시
2026-06-14T21:50:12+09:00,ALPACA,424441,86.0,36.361656,127.33664,12,세종특별시
2026-06-14T21:50:12+09:00,ALPACA,414826,32.0,36.36168,127.353264,12,세종특별시
2026-06-14T21:50:12+09:00,ALPACA,425693,95.0,36.36177,127.344894,12,세종특별시
2026-06-14T21:50:12+09:00,ALPACA,425454,59.0,36.36179,127.33026,12,세종특별시
2026-06-14T21:50:12+09:00,ALPACA,424634,58.0,36.361794,127.35746,12,세종특별시
2026-06-14T21:50:12+09:00,ALPACA,424369,90.0,36.36182,127.357475,12,세종특별시
2026-06-14T21:50:12+09:00,ALPACA,424885,97.0,36.36183,127.357574,12,세종특별시
2026-06-14T21:50:12+09:00,ALPACA,426262,100.0,36.36184,127.3576,12,세종특별시
2026-06-14T21:50:12+09:00,ALPACA,424405,100.0,36.36185,127.35762,12,세종특별시
2026-06-14T21:50:12+09:00,ALPACA,424889,100.0,36.36185,127.357574,12,세종특별시
2026-06-14T21:50:12+09:00,ALPACA,424415,34.0,36.361877,127.34437,12,세종특별시
2026-06-14T21:50:12+09:00,ALPACA,424786,50.0,36.361923,127.35732,12,세종특별시
2026-06-14T21:50:12+09:00,ALPACA,424958,74.0,36.361958,127.35738,12,세종특별시
2026-06-14T21:50:12+09:00,ALPACA,425371,74.0,36.361965,127.357376,12,세종특별시
2026-06-14T21:50:12+09:00,ALPACA,424922,46.0,36.36197,127.35737,12,세종특별시
2026-06-14T21:50:12+09:00,ALPACA,425368,75.0,36.36197,127.35735,12,세종특별시
2026-06-14T21:50:12+09:00,ALPACA,424584,67.0,36.36198,127.35785,12,세종특별시
2026-06-14T21:50:12+09:00,ALPACA,425527,76.0,36.36202,127.35738,12,세종특별시
2026-06-14T21:50:12+09:00,ALPACA,425114,44.0,36.36203,127.36115,12,세종특별시
2026-06-14T21:50:12+09:00,ALPACA,424399,82.0,36.362183,127.37412,12,세종특별시
2026-06-14T21:50:12+09:00,ALPACA,424778,95.0,36.36247,127.34416,12,세종특별시
2026-06-14T21:50:12+09:00,ALPACA,425184,100.0,36.362507,127.35731,12,세종특별시
2026-06-14T21:50:12+09:00,ALPACA,424578,94.0,36.36252,127.33519,12,세종특별시
2026-06-14T21:50:12+09:00,ALPACA,425389,55.0,36.36252,127.357346,12,세종특별시
2026-06-14T21:50:12+09:00,ALPACA,424941,100.0,36.362583,127.3447,12,세종특별시
2026-06-14T21:50:12+09:00,ALPACA,425118,95.0,36.362583,127.34451,12,세종특별시
2026-06-14T21:50:12+09:00,ALPACA,424957,97.0,36.362587,127.3446,12,세종특별시
2026-06-14T21:50:12+09:00,ALPACA,424592,76.0,36.362595,127.34471,12,세종특별시
2026-06-14T21:50:12+09:00,ALPACA,425434,100.0,36.3626,127.34471,12,세종특별시
2026-06-14T21:50:12+09:00,ALPACA,424332,100.0,36.362602,127.34473,12,세종특별시
2026-06-14T21:50:12+09:00,ALPACA,424585,100.0,36.362602,127.3447,12,세종특별시
2026-06-14T21:50:12+09:00,ALPACA,425588,100.0,36.362606,127.34472,12,세종특별시
2026-06-14T21:50:12+09:00,ALPACA,425703,68.0,36.36261,127.344505,12,세종특별시
2026-06-14T21:50:12+09:00,ALPACA,425224,98.0,36.362614,127.344475,12,세종특별시
2026-06-14T21:50:12+09:00,ALPACA,424429,99.0,36.36262,127.34457,12,세종특별시
2026-06-14T21:50:12+09:00,ALPACA,424919,100.0,36.36262,127.34452,12,세종특별시
2026-06-14T21:50:12+09:00,ALPACA,425345,100.0,36.36262,127.344734,12,세종특별시
2026-06-14T21:50:12+09:00,ALPACA,425400,62.0,36.362625,127.34453,12,세종특별시
2026-06-14T21:50:12+09:00,ALPACA,425377,100.0,36.36263,127.34456,12,세종특별시
2026-06-14T21:50:12+09:00,ALPACA,425549,94.0,36.362633,127.34458,12,세종특별시
2026-06-14T21:50:12+09:00,ALPACA,424937,100.0,36.36264,127.34456,12,세종특별시
2026-06-14T21:50:12+09:00,ALPACA,425314,95.0,36.36265,127.34456,12,세종특별시
2026-06-14T21:50:12+09:00,ALPACA,425955,100.0,36.36266,127.344696,12,세종특별시
2026-06-14T21:50:12+09:00,ALPACA,424727,92.0,36.362663,127.34357,12,세종특별시
2026-06-14T21:50:12+09:00,ALPACA,424767,79.0,36.36267,127.343605,12,세종특별시
2026-06-14T21:50:12+09:00,ALPACA,425005,75.0,36.36267,127.34359,12,세종특별시
2026-06-14T21:50:12+09:00,ALPACA,426413,32.0,36.36271,127.34346,12,세종특별시
2026-06-14T21:50:12+09:00,ALPACA,424493,76.0,36.362835,127.35148,12,세종특별시
2026-06-14T21:50:12+09:00,ALPACA,424758,53.0,36.362843,127.356865,12,세종특별시
2026-06-14T21:50:12+09:00,ALPACA,425129,100.0,36.36287,127.35676,12,세종특별시
2026-06-14T21:50:12+09:00,ALPACA,425630,84.0,36.363148,127.34218,12,세종특별시
2026-06-14T21:50:12+09:00,ALPACA,424342,73.0,36.363224,127.334885,12,세종특별시
2026-06-14T21:50:12+09:00,ALPACA,425472,35.0,36.363243,127.34195,12,세종특별시
2026-06-14T21:50:12+09:00,ALPACA,424485,51.0,36.363274,127.33416,12,세종특별시
2026-06-14T21:50:12+09:00,ALPACA,425336,100.0,36.36348,127.35655,12,세종특별시
2026-06-14T21:50:12+09:00,ALPACA,424804,95.0,36.363518,127.356926,12,세종특별시
2026-06-14T21:50:12+09:00,ALPACA,425623,91.0,36.36368,127.3582,12,세종특별시
2026-06-14T21:50:12+09:00,ALPACA,425437,54.0,36.3637,127.358185,12,세종특별시
2026-06-14T21:50:12+09:00,ALPACA,425459,50.0,36.36404,127.35904,12,세종특별시
2026-06-14T21:50:12+09:00,ALPACA,425356,43.0,36.364616,127.34049,12,세종특별시
2026-06-14T21:50:12+09:00,ALPACA,425323,41.0,36.36463,127.34037,12,세종특별시
2026-06-14T21:50:12+09:00,ALPACA,424557,92.0,36.36471,127.34718,12,세종특별시
2026-06-14T21:50:12+09:00,ALPACA,425687,100.0,36.364986,127.347565,12,세종특별시
2026-06-14T21:50:12+09:00,ALPACA,425237,70.0,36.364998,127.34737,12,세종특별시
2026-06-14T21:50:12+09:00,ALPACA,424728,98.0,36.365192,127.34632,12,세종특별시
2026-06-14T21:50:12+09:00,ALPACA,424962,100.0,36.36541,127.36342,12,세종특별시
2026-06-14T21:50:12+09:00,ALPACA,423883,66.0,36.365643,127.346085,12,세종특별시
2026-06-14T21:50:12+09:00,ALPACA,425031,47.0,36.365723,127.33681,12,세종특별시
2026-06-14T21:50:12+09:00,ALPACA,424308,76.0,36.36589,127.36466,12,세종특별시
2026-06-14T21:50:12+09:00,ALPACA,425748,68.0,36.3659,127.36465,12,세종특별시
2026-06-14T21:50:12+09:00,ALPACA,424567,76.0,36.365902,127.364655,12,세종특별시
2026-06-14T21:50:12+09:00,ALPACA,424566,75.0,36.365906,127.364655,12,세종특별시
2026-06-14T21:50:12+09:00,ALPACA,425744,66.0,36.365913,127.36465,12,세종특별시
2026-06-14T21:50:12+09:00,ALPACA,424207,67.0,36.365913,127.364655,12,세종특별시
2026-06-14T21:50:12+09:00,ALPACA,424413,75.0,36.365917,127.36466,12,세종특별시
2026-06-14T21:50:12+09:00,ALPACA,426462,76.0,36.36644,127.31598,12,세종특별시
2026-06-14T21:50:12+09:00,ALPACA,424805,99.0,36.366493,127.3428,12,세종특별시
2026-06-14T21:50:12+09:00,ALPACA,426436,95.0,36.366497,127.34273,12,세종특별시
2026-06-14T21:50:12+09:00,ALPACA,424344,96.0,36.3665,127.3428,12,세종특별시
2026-06-14T21:50:12+09:00,ALPACA,424823,56.0,36.3665,127.342834,12,세종특별시
2026-06-14T21:50:12+09:00,ALPACA,425014,92.0,36.3665,127.34282,12,세종특별시
2026-06-14T21:50:12+09:00,ALPACA,425137,63.0,36.3665,127.34271,12,세종특별시
2026-06-14T21:50:12+09:00,ALPACA,424528,33.0,36.36651,127.3425,12,세종특별시
2026-06-14T21:50:12+09:00,ALPACA,425313,34.0,36.366512,127.34256,12,세종특별시
2026-06-14T21:50:12+09:00,ALPACA,424833,88.0,36.366516,127.342804,12,세종특별시
2026-06-14T21:50:12+09:00,ALPACA,425514,81.0,36.366528,127.342636,12,세종특별시
2026-06-14T21:50:12+09:00,ALPACA,425466,96.0,36.36654,127.3428,12,세종특별시
2026-06-14T21:50:12+09:00,ALPACA,425416,62.0,36.366554,127.34257,12,세종특별시
2026-06-14T21:50:12+09:00,ALPACA,425340,91.0,36.366554,127.34517,12,세종특별시
2026-06-14T21:50:12+09:00,ALPACA,425974,96.0,36.366566,127.342476,12,세종특별시
2026-06-14T21:50:12+09:00,ALPACA,425559,72.0,36.366577,127.34559,12,세종특별시
2026-06-14T21:50:12+09:00,ALPACA,424964,100.0,36.366577,127.36243,12,세종특별시
2026-06-14T21:50:12+09:00,ALPACA,424553,37.0,36.366688,127.3446,12,세종특별시
2026-06-14T21:50:12+09:00,ALPACA,424338,38.0,36.36674,127.34466,12,세종특별시
2026-06-14T21:50:12+09:00,ALPACA,425716,90.0,36.366745,127.34466,12,세종특별시
2026-06-14T21:50:12+09:00,ALPACA,425168,44.0,36.366848,127.3447,12,세종특별시
2026-06-14T21:50:12+09:00,ALPACA,425493,56.0,36.366856,127.34641,12,세종특별시
2026-06-14T21:50:12+09:00,ALPACA,424571,98.0,36.366863,127.34466,12,세종특별시
2026-06-14T21:50:12+09:00,ALPACA,425208,77.0,36.36688,127.344734,12,세종특별시
2026-06-14T21:50:12+09:00,ALPACA,425048,97.0,36.36689,127.34468,12,세종특별시
2026-06-14T21:50:12+09:00,ALPACA,425251,97.0,36.366936,127.34473,12,세종특별시
2026-06-14T21:50:12+09:00,ALPACA,424337,97.0,36.367,127.340836,12,세종특별시
2026-06-14T21:50:12+09:00,ALPACA,425598,78.0,36.36701,127.34084,12,세종특별시
2026-06-14T21:50:12+09:00,ALPACA,425009,88.0,36.367023,127.340866,12,세종특별시
2026-06-14T21:50:12+09:00,ALPACA,425756,98.0,36.367115,127.345894,12,세종특별시
2026-06-14T21:50:12+09:00,ALPACA,425060,74.0,36.367153,127.36254,12,세종특별시
2026-06-14T21:50:12+09:00,ALPACA,424496,100.0,36.36717,127.36254,12,세종특별시
2026-06-14T21:50:12+09:00,ALPACA,424802,61.0,36.367344,127.35677,12,세종특별시
2026-06-14T21:50:12+09:00,ALPACA,424454,76.0,36.36738,127.34067,12,세종특별시
2026-06-14T21:50:12+09:00,ALPACA,424968,91.0,36.36739,127.34069,12,세종특별시
2026-06-14T21:50:12+09:00,ALPACA,425018,43.0,36.367558,127.36122,12,세종특별시
2026-06-14T21:50:12+09:00,ALPACA,424751,68.0,36.367603,127.34084,12,세종특별시
2026-06-14T21:50:12+09:00,ALPACA,425106,95.0,36.367783,127.3656,12,세종특별시
2026-06-14T21:50:12+09:00,ALPACA,424987,100.0,36.367794,127.3421,12,세종특별시
2026-06-14T21:50:12+09:00,ALPACA,424742,71.0,36.367817,127.34209,12,세종특별시
2026-06-14T21:50:12+09:00,ALPACA,425125,65.0,36.367817,127.34215,12,세종특별시
2026-06-14T21:50:12+09:00,ALPACA,425441,100.0,36.367825,127.365616,12,세종특별시
2026-06-14T21:50:12+09:00,ALPACA,425684,80.0,36.36783,127.36563,12,세종특별시
2026-06-14T21:50:12+09:00,ALPACA,425119,62.0,36.36783,127.34214,12,세종특별시
2026-06-14T21:50:12+09:00,ALPACA,425691,83.0,36.367836,127.34036,12,세종특별시
2026-06-14T21:50:12+09:00,ALPACA,424551,34.0,36.367836,127.34211,12,세종특별시
2026-06-14T21:50:12+09:00,ALPACA,424391,85.0,36.36784,127.34212,12,세종특별시
2026-06-14T21:50:12+09:00,ALPACA,425483,77.0,36.367844,127.34205,12,세종특별시
2026-06-14T21:50:12+09:00,ALPACA,425620,68.0,36.367847,127.34213,12,세종특별시
2026-06-14T21:50:12+09:00,ALPACA,425468,100.0,36.367855,127.36566,12,세종특별시
2026-06-14T21:50:12+09:00,ALPACA,424361,96.0,36.367867,127.342064,12,세종특별시
2026-06-14T21:50:12+09:00,ALPACA,424773,90.0,36.36788,127.34211,12,세종특별시
2026-06-14T21:50:12+09:00,ALPACA,425185,93.0,36.36789,127.34206,12,세종특별시
2026-06-14T21:50:12+09:00,ALPACA,425426,81.0,36.36792,127.34157,12,세종특별시
2026-06-14T21:50:12+09:00,ALPACA,425480,84.0,36.368137,127.34601,12,세종특별시
2026-06-14T21:50:12+09:00,ALPACA,425777,64.0,36.368137,127.34604,12,세종특별시
2026-06-14T21:50:12+09:00,ALPACA,424851,52.0,36.368145,127.34598,12,세종특별시
2026-06-14T21:50:12+09:00,ALPACA,423922,33.0,36.368153,127.34598,12,세종특별시
2026-06-14T21:50:12+09:00,ALPACA,414685,71.0,36.368164,127.34597,12,세종특별시
2026-06-14T21:50:12+09:00,ALPACA,425624,100.0,36.368176,127.34594,12,세종특별시
2026-06-14T21:50:12+09:00,ALPACA,425729,87.0,36.36821,127.34595,12,세종특별시
2026-06-14T21:50:12+09:00,ALPACA,425478,83.0,36.368275,127.34259,12,세종특별시
2026-06-14T21:50:12+09:00,ALPACA,425481,90.0,36.368275,127.34272,12,세종특별시
2026-06-14T21:50:12+09:00,ALPACA,425139,81.0,36.368282,127.34259,12,세종특별시
2026-06-14T21:50:12+09:00,ALPACA,425331,58.0,36.368282,127.34254,12,세종특별시
2026-06-14T21:50:12+09:00,ALPACA,425003,75.0,36.368313,127.34261,12,세종특별시
2026-06-14T21:50:12+09:00,ALPACA,424524,75.0,36.36832,127.342575,12,세종특별시
2026-06-14T21:50:12+09:00,ALPACA,425617,39.0,36.368324,127.34259,12,세종특별시
2026-06-14T21:50:12+09:00,ALPACA,425621,53.0,36.36834,127.34257,12,세종특별시
2026-06-14T21:50:12+09:00,ALPACA,425063,97.0,36.368347,127.34267,12,세종특별시
2026-06-14T21:50:12+09:00,ALPACA,424858,100.0,36.36853,127.36599,12,세종특별시
2026-06-14T21:50:12+09:00,ALPACA,424409,48.0,36.36859,127.34063,12,세종특별시
2026-06-14T21:50:12+09:00,ALPACA,424428,33.0,36.36863,127.343735,12,세종특별시
2026-06-14T21:50:12+09:00,ALPACA,425423,83.0,36.36864,127.34067,12,세종특별시
2026-06-14T21:50:12+09:00,ALPACA,425088,31.0,36.36864,127.34377,12,세종특별시
2026-06-14T21:50:12+09:00,ALPACA,411802,73.0,36.368645,127.34372,12,세종특별시
2026-06-14T21:50:12+09:00,ALPACA,424123,55.0,36.368645,127.34071,12,세종특별시
2026-06-14T21:50:12+09:00,ALPACA,425315,96.0,36.36865,127.34379,12,세종특별시
2026-06-14T21:50:12+09:00,ALPACA,424907,92.0,36.368652,127.340645,12,세종특별시
2026-06-14T21:50:12+09:00,ALPACA,424683,71.0,36.368683,127.34074,12,세종특별시
2026-06-14T21:50:12+09:00,ALPACA,424824,45.0,36.368683,127.338264,12,세종특별시
2026-06-14T21:50:12+09:00,ALPACA,424423,100.0,36.368687,127.34073,12,세종특별시
2026-06-14T21:50:12+09:00,ALPACA,424632,60.0,36.368687,127.34072,12,세종특별시
2026-06-14T21:50:12+09:00,ALPACA,425548,97.0,36.36869,127.34071,12,세종특별시
2026-06-14T21:50:12+09:00,ALPACA,424945,69.0,36.36869,127.34189,12,세종특별시
2026-06-14T21:50:12+09:00,ALPACA,425158,80.0,36.368702,127.34065,12,세종특별시
2026-06-14T21:50:12+09:00,ALPACA,424354,32.0,36.368706,127.340706,12,세종특별시
2026-06-14T21:50:12+09:00,ALPACA,424362,45.0,36.368706,127.34187,12,세종특별시
2026-06-14T21:50:12+09:00,ALPACA,424530,100.0,36.368706,127.340675,12,세종특별시
2026-06-14T21:50:12+09:00,ALPACA,425540,51.0,36.368717,127.34193,12,세종특별시
2026-06-14T21:50:12+09:00,ALPACA,425442,78.0,36.368725,127.3407,12,세종특별시
2026-06-14T21:50:12+09:00,ALPACA,414402,83.0,36.36873,127.34073,12,세종특별시
2026-06-14T21:50:12+09:00,ALPACA,425172,56.0,36.36873,127.341965,12,세종특별시
2026-06-14T21:50:12+09:00,ALPACA,425715,76.0,36.368732,127.34067,12,세종특별시
2026-06-14T21:50:12+09:00,ALPACA,424626,56.0,36.368732,127.34056,12,세종특별시
2026-06-14T21:50:12+09:00,ALPACA,425394,100.0,36.368732,127.34068,12,세종특별시
2026-06-14T21:50:12+09:00,ALPACA,425522,58.0,36.368736,127.34069,12,세종특별시
2026-06-14T21:50:12+09:00,ALPACA,424475,50.0,36.368736,127.34069,12,세종특별시
2026-06-14T21:50:12+09:00,ALPACA,425230,100.0,36.368736,127.3407,12,세종특별시
2026-06-14T21:50:12+09:00,ALPACA,425249,84.0,36.368736,127.3406,12,세종특별시
2026-06-14T21:50:12+09:00,ALPACA,415497,55.0,36.368744,127.34252,12,세종특별시
2026-06-14T21:50:12+09:00,ALPACA,425473,52.0,36.368767,127.3419,12,세종특별시
2026-06-14T21:50:12+09:00,ALPACA,424500,87.0,36.36877,127.34069,12,세종특별시
2026-06-14T21:50:12+09:00,ALPACA,424877,75.0,36.36877,127.340675,12,세종특별시
2026-06-14T21:50:12+09:00,ALPACA,425277,93.0,36.36877,127.340706,12,세종특별시
2026-06-14T21:50:12+09:00,ALPACA,424959,75.0,36.368786,127.34069,12,세종특별시
2026-06-14T21:50:12+09:00,ALPACA,424633,80.0,36.36879,127.34076,12,세종특별시
2026-06-14T21:50:12+09:00,ALPACA,425457,62.0,36.368793,127.34071,12,세종특별시
2026-06-14T21:50:12+09:00,ALPACA,425542,52.0,36.368805,127.34252,12,세종특별시
2026-06-14T21:50:12+09:00,ALPACA,424440,60.0,36.36884,127.340004,12,세종특별시
2026-06-14T21:50:12+09:00,ALPACA,425538,49.0,36.36886,127.33998,12,세종특별시
2026-06-14T21:50:12+09:00,ALPACA,426105,97.0,36.368874,127.31593,12,세종특별시
2026-06-14T21:50:12+09:00,ALPACA,425080,76.0,36.368877,127.34285,12,세종특별시
2026-06-14T21:50:12+09:00,ALPACA,426099,86.0,36.36888,127.34277,12,세종특별시
2026-06-14T21:50:12+09:00,ALPACA,425043,52.0,36.368885,127.339966,12,세종특별시
2026-06-14T21:50:12+09:00,ALPACA,425311,57.0,36.36889,127.33994,12,세종특별시
2026-06-14T21:50:12+09:00,ALPACA,425081,51.0,36.368896,127.339966,12,세종특별시
2026-06-14T21:50:12+09:00,ALPACA,424417,52.0,36.3689,127.33996,12,세종특별시
2026-06-14T21:50:12+09:00,ALPACA,425415,67.0,36.368904,127.34292,12,세종특별시
2026-06-14T21:50:12+09:00,ALPACA,424686,48.0,36.368904,127.34285,12,세종특별시
2026-06-14T21:50:12+09:00,ALPACA,424718,77.0,36.368908,127.35069,12,세종특별시
2026-06-14T21:50:12+09:00,ALPACA,425071,53.0,36.36891,127.34288,12,세종특별시
2026-06-14T21:50:12+09:00,ALPACA,426361,87.0,36.368916,127.34398,12,세종특별시
2026-06-14T21:50:12+09:00,ALPACA,424355,72.0,36.368935,127.340996,12,세종특별시
2026-06-14T21:50:12+09:00,ALPACA,424980,36.0,36.368954,127.34293,12,세종특별시
2026-06-14T21:50:12+09:00,ALPACA,426267,75.0,36.36896,127.340836,12,세종특별시
2026-06-14T21:50:12+09:00,ALPACA,424552,61.0,36.368973,127.3398,12,세종특별시
2026-06-14T21:50:12+09:00,ALPACA,424940,49.0,36.368977,127.33997,12,세종특별시
2026-06-14T21:50:12+09:00,ALPACA,424339,67.0,36.36899,127.339966,12,세종특별시
2026-06-14T21:50:12+09:00,ALPACA,425163,39.0,36.36899,127.3425,12,세종특별시
2026-06-14T21:50:12+09:00,ALPACA,425447,100.0,36.368996,127.34001,12,세종특별시
2026-06-14T21:50:12+09:00,ALPACA,425264,69.0,36.369022,127.33998,12,세종특별시
2026-06-14T21:50:12+09:00,ALPACA,425429,64.0,36.36903,127.339935,12,세종특별시
2026-06-14T21:50:12+09:00,ALPACA,425628,42.0,36.369175,127.33391,12,세종특별시
2026-06-14T21:50:12+09:00,ALPACA,425232,100.0,36.369297,127.366806,12,세종특별시
2026-06-14T21:50:12+09:00,ALPACA,426370,51.0,36.369522,127.35133,12,세종특별시
2026-06-14T21:50:12+09:00,ALPACA,424341,31.0,36.369537,127.35133,12,세종특별시
2026-06-14T21:50:12+09:00,ALPACA,424513,82.0,36.369537,127.35133,12,세종특별시
2026-06-14T21:50:12+09:00,ALPACA,425771,70.0,36.36954,127.35135,12,세종특별시
2026-06-14T21:50:12+09:00,ALPACA,424351,79.0,36.36954,127.351295,12,세종특별시
2026-06-14T21:50:12+09:00,ALPACA,425633,46.0,36.369545,127.35128,12,세종특별시
2026-06-14T21:50:12+09:00,ALPACA,425280,77.0,36.369545,127.35132,12,세종특별시
2026-06-14T21:50:12+09:00,ALPACA,425418,95.0,36.369553,127.351326,12,세종특별시
2026-06-14T21:50:12+09:00,ALPACA,425187,73.0,36.369553,127.35134,12,세종특별시
2026-06-14T21:50:12+09:00,ALPACA,425528,74.0,36.369556,127.35126,12,세종특별시
2026-06-14T21:50:12+09:00,ALPACA,424796,100.0,36.369556,127.35134,12,세종특별시
2026-06-14T21:50:12+09:00,ALPACA,425177,100.0,36.369556,127.35128,12,세종특별시
2026-06-14T21:50:12+09:00,ALPACA,425692,94.0,36.36956,127.35127,12,세종특별시
2026-06-14T21:50:12+09:00,ALPACA,424888,83.0,36.36956,127.35126,12,세종특별시
2026-06-14T21:50:12+09:00,ALPACA,425176,71.0,36.36956,127.35123,12,세종특별시
2026-06-14T21:50:12+09:00,ALPACA,425484,95.0,36.369564,127.35133,12,세종특별시
2026-06-14T21:50:12+09:00,ALPACA,424186,87.0,36.369568,127.351265,12,세종특별시
2026-06-14T21:50:12+09:00,ALPACA,424749,93.0,36.369568,127.34378,12,세종특별시
2026-06-14T21:50:12+09:00,ALPACA,424803,62.0,36.369583,127.35124,12,세종특별시
2026-06-14T21:50:12+09:00,ALPACA,425462,89.0,36.369587,127.3513,12,세종특별시
2026-06-14T21:50:12+09:00,ALPACA,425631,50.0,36.36959,127.35129,12,세종특별시
2026-06-14T21:50:12+09:00,ALPACA,424464,36.0,36.369595,127.31903,12,세종특별시
2026-06-14T21:50:12+09:00,ALPACA,425534,46.0,36.3696,127.3437,12,세종특별시
2026-06-14T21:50:12+09:00,ALPACA,423908,97.0,36.369606,127.351166,12,세종특별시
2026-06-14T21:50:12+09:00,ALPACA,425581,99.0,36.369614,127.35119,12,세종특별시
2026-06-14T21:50:12+09:00,ALPACA,424855,95.0,36.369614,127.35117,12,세종특별시
2026-06-14T21:50:12+09:00,ALPACA,425328,61.0,36.369614,127.35118,12,세종특별시
2026-06-14T21:50:12+09:00,ALPACA,425775,99.0,36.369617,127.343285,12,세종특별시
2026-06-14T21:50:12+09:00,ALPACA,425105,77.0,36.36963,127.351166,12,세종특별시
2026-06-14T21:50:12+09:00,ALPACA,425513,72.0,36.369637,127.34374,12,세종특별시
2026-06-14T21:50:12+09:00,ALPACA,424480,67.0,36.369637,127.35117,12,세종특별시
2026-06-14T21:50:12+09:00,ALPACA,425369,100.0,36.36964,127.36308,12,세종특별시
2026-06-14T21:50:12+09:00,ALPACA,424784,85.0,36.369648,127.3512,12,세종특별시
2026-06-14T21:50:12+09:00,ALPACA,424419,58.0,36.36966,127.31805,12,세종특별시
2026-06-14T21:50:12+09:00,ALPACA,424368,67.0,36.36967,127.35114,12,세종특별시
2026-06-14T21:50:12+09:00,ALPACA,425069,100.0,36.36967,127.343445,12,세종특별시
2026-06-14T21:50:12+09:00,ALPACA,425283,89.0,36.36971,127.36292,12,세종특별시
2026-06-14T21:50:12+09:00,ALPACA,424774,58.0,36.369747,127.362854,12,세종특별시
2026-06-14T21:50:12+09:00,ALPACA,425474,100.0,36.36976,127.343666,12,세종특별시
2026-06-14T21:50:12+09:00,ALPACA,425399,98.0,36.369865,127.34422,12,세종특별시
2026-06-14T21:50:12+09:00,ALPACA,424353,80.0,36.369884,127.3439,12,세종특별시
2026-06-14T21:50:12+09:00,ALPACA,424522,58.0,36.36989,127.34386,12,세종특별시
2026-06-14T21:50:12+09:00,ALPACA,424167,67.0,36.3699,127.34381,12,세종특별시
2026-06-14T21:50:12+09:00,ALPACA,425100,77.0,36.369915,127.34536,12,세종특별시
2026-06-14T21:50:12+09:00,ALPACA,425686,92.0,36.36993,127.343834,12,세종특별시
2026-06-14T21:50:12+09:00,ALPACA,425512,84.0,36.369938,127.3386,12,세종특별시
2026-06-14T21:50:12+09:00,ALPACA,426360,90.0,36.369976,127.36287,12,세종특별시
2026-06-14T21:50:12+09:00,ALPACA,411686,80.0,36.370014,127.33849,12,세종특별시
2026-06-14T21:50:12+09:00,ALPACA,424680,54.0,36.37004,127.36051,12,세종특별시
2026-06-14T21:50:12+09:00,ALPACA,424721,50.0,36.37004,127.36049,12,세종특별시
2026-06-14T21:50:12+09:00,ALPACA,424659,70.0,36.370064,127.3623,12,세종특별시
2026-06-14T21:50:12+09:00,ALPACA,424359,100.0,36.370087,127.36006,12,세종특별시
2026-06-14T21:50:12+09:00,ALPACA,424444,94.0,36.37011,127.36043,12,세종특별시
2026-06-14T21:50:12+09:00,ALPACA,425023,91.0,36.370174,127.33713,12,세종특별시
2026-06-14T21:50:12+09:00,ALPACA,425523,76.0,36.370678,127.363815,12,세종특별시
2026-06-14T21:50:12+09:00,ALPACA,424822,67.0,36.370678,127.35352,12,세종특별시
2026-06-14T21:50:12+09:00,ALPACA,424996,90.0,36.37071,127.36244,12,세종특별시
2026-06-14T21:50:12+09:00,ALPACA,425108,34.0,36.370777,127.362526,12,세종특별시
2026-06-14T21:50:12+09:00,ALPACA,424473,99.0,36.370804,127.36242,12,세종특별시
2026-06-14T21:50:12+09:00,ALPACA,424988,100.0,36.37086,127.362404,12,세종특별시
2026-06-14T21:50:12+09:00,ALPACA,426302,97.0,36.37099,127.33506,12,세종특별시
2026-06-14T21:50:12+09:00,ALPACA,425576,95.0,36.371258,127.34147,12,세종특별시
2026-06-14T21:50:12+09:00,ALPACA,424373,63.0,36.371258,127.34145,12,세종특별시
2026-06-14T21:50:12+09:00,ALPACA,425026,96.0,36.371265,127.34145,12,세종특별시
2026-06-14T21:50:12+09:00,ALPACA,425425,98.0,36.37127,127.3415,12,세종특별시
2026-06-14T21:50:12+09:00,ALPACA,425511,96.0,36.37127,127.34154,12,세종특별시
2026-06-14T21:50:12+09:00,ALPACA,425533,100.0,36.37127,127.34148,12,세종특별시
2026-06-14T21:50:12+09:00,ALPACA,425145,100.0,36.37127,127.341324,12,세종특별시
2026-06-14T21:50:12+09:00,ALPACA,424421,100.0,36.371277,127.34138,12,세종특별시
2026-06-14T21:50:12+09:00,ALPACA,425082,97.0,36.371277,127.34136,12,세종특별시
2026-06-14T21:50:12+09:00,ALPACA,425500,94.0,36.37128,127.341415,12,세종특별시
2026-06-14T21:50:12+09:00,ALPACA,424798,100.0,36.37128,127.34133,12,세종특별시
2026-06-14T21:50:12+09:00,ALPACA,425501,100.0,36.371284,127.34147,12,세종특별시
2026-06-14T21:50:12+09:00,ALPACA,425439,100.0,36.37129,127.341385,12,세종특별시
2026-06-14T21:50:12+09:00,ALPACA,425530,40.0,36.37129,127.34139,12,세종특별시
2026-06-14T21:50:12+09:00,ALPACA,424489,64.0,36.371292,127.33516,12,세종특별시
2026-06-14T21:50:12+09:00,ALPACA,425099,49.0,36.371292,127.341446,12,세종특별시
2026-06-14T21:50:12+09:00,ALPACA,425495,73.0,36.371307,127.34139,12,세종특별시
2026-06-14T21:50:12+09:00,ALPACA,426495,36.0,36.37135,127.3334,12,세종특별시
2026-06-14T21:50:12+09:00,ALPACA,424340,62.0,36.37135,127.33523,12,세종특별시
2026-06-14T21:50:12+09:00,ALPACA,424689,90.0,36.37144,127.34334,12,세종특별시
2026-06-14T21:50:12+09:00,ALPACA,425170,55.0,36.37144,127.34328,12,세종특별시
2026-06-14T21:50:12+09:00,ALPACA,425276,100.0,36.37144,127.34322,12,세종특별시
2026-06-14T21:50:12+09:00,ALPACA,424565,87.0,36.371468,127.34339,12,세종특별시
2026-06-14T21:50:12+09:00,ALPACA,426231,78.0,36.371475,127.34335,12,세종특별시
2026-06-14T21:50:12+09:00,ALPACA,425503,62.0,36.37149,127.34339,12,세종특별시
2026-06-14T21:50:12+09:00,ALPACA,424766,100.0,36.37149,127.343346,12,세종특별시
2026-06-14T21:50:12+09:00,ALPACA,426499,63.0,36.371517,127.343254,12,세종특별시
2026-06-14T21:50:12+09:00,ALPACA,424390,100.0,36.371548,127.343254,12,세종특별시
2026-06-14T21:50:12+09:00,ALPACA,424923,96.0,36.37156,127.34324,12,세종특별시
2026-06-14T21:50:12+09:00,ALPACA,425011,65.0,36.37156,127.34327,12,세종특별시
2026-06-14T21:50:12+09:00,ALPACA,424636,100.0,36.371567,127.343254,12,세종특별시
2026-06-14T21:50:12+09:00,ALPACA,424606,100.0,36.37161,127.34328,12,세종특별시
2026-06-14T21:50:12+09:00,ALPACA,424122,100.0,36.371834,127.35854,12,세종특별시
2026-06-14T21:50:12+09:00,ALPACA,425452,100.0,36.371937,127.36205,12,세종특별시
2026-06-14T21:50:12+09:00,ALPACA,425469,42.0,36.3721,127.338486,12,세종특별시
2026-06-14T21:50:12+09:00,ALPACA,424549,97.0,36.372116,127.341644,12,세종특별시
2026-06-14T21:50:12+09:00,ALPACA,426455,100.0,36.372143,127.31735,12,세종특별시
2026-06-14T21:50:12+09:00,ALPACA,426166,99.0,36.372253,127.319115,12,세종특별시
2026-06-14T21:50:12+09:00,ALPACA,425708,100.0,36.372253,127.31916,12,세종특별시
2026-06-14T21:50:12+09:00,ALPACA,424757,37.0,36.372307,127.32329,12,세종특별시
2026-06-14T21:50:12+09:00,ALPACA,424043,47.0,36.372322,127.33547,12,세종특별시
2026-06-14T21:50:12+09:00,ALPACA,425146,91.0,36.372368,127.318184,12,세종특별시
2026-06-14T21:50:12+09:00,ALPACA,424854,43.0,36.372383,127.33531,12,세종특별시
2026-06-14T21:50:12+09:00,ALPACA,426560,79.0,36.37239,127.317566,12,세종특별시
2026-06-14T21:50:12+09:00,ALPACA,424831,47.0,36.372395,127.33536,12,세종특별시
2026-06-14T21:50:12+09:00,ALPACA,424476,57.0,36.372402,127.335365,12,세종특별시
2026-06-14T21:50:12+09:00,ALPACA,425580,56.0,36.372406,127.33523,12,세종특별시
2026-06-14T21:50:12+09:00,ALPACA,424867,52.0,36.372406,127.3354,12,세종특별시
2026-06-14T21:50:12+09:00,ALPACA,426247,100.0,36.372437,127.31809,12,세종특별시
2026-06-14T21:50:12+09:00,ALPACA,426433,100.0,36.372448,127.31799,12,세종특별시
2026-06-14T21:50:12+09:00,ALPACA,426492,100.0,36.37245,127.31804,12,세종특별시
2026-06-14T21:50:12+09:00,ALPACA,426108,41.0,36.372513,127.33413,12,세종특별시
2026-06-14T21:50:12+09:00,ALPACA,424702,91.0,36.372513,127.343254,12,세종특별시
2026-06-14T21:50:12+09:00,ALPACA,426389,85.0,36.372578,127.316505,12,세종특별시
2026-06-14T21:50:12+09:00,ALPACA,425347,67.0,36.372673,127.339615,12,세종특별시
2026-06-14T21:50:12+09:00,ALPACA,424474,33.0,36.372723,127.33958,12,세종특별시
2026-06-14T21:50:12+09:00,ALPACA,425022,75.0,36.37283,127.33968,12,세종특별시
2026-06-14T21:50:12+09:00,ALPACA,426278,92.0,36.3729,127.34384,12,세종특별시
2026-06-14T21:50:12+09:00,ALPACA,424869,70.0,36.372925,127.34386,12,세종특별시
2026-06-14T21:50:12+09:00,ALPACA,424690,50.0,36.37295,127.34388,12,세종특별시
2026-06-14T21:50:12+09:00,ALPACA,424406,51.0,36.37296,127.35964,12,세종특별시
2026-06-14T21:50:12+09:00,ALPACA,425544,93.0,36.372963,127.34385,12,세종특별시
2026-06-14T21:50:12+09:00,ALPACA,424503,71.0,36.372963,127.34382,12,세종특별시
2026-06-14T21:50:12+09:00,ALPACA,425707,96.0,36.372986,127.359566,12,세종특별시
2026-06-14T21:50:12+09:00,ALPACA,424730,46.0,36.37302,127.3229,12,세종특별시
2026-06-14T21:50:12+09:00,ALPACA,425783,73.0,36.37322,127.31787,12,세종특별시
2026-06-14T21:50:12+09:00,ALPACA,426206,78.0,36.373222,127.31785,12,세종특별시
2026-06-14T21:50:12+09:00,ALPACA,426341,75.0,36.373226,127.31795,12,세종특별시
2026-06-14T21:50:12+09:00,ALPACA,426488,100.0,36.373234,127.317955,12,세종특별시
2026-06-14T21:50:12+09:00,ALPACA,425768,84.0,36.37325,127.31785,12,세종특별시
2026-06-14T21:50:12+09:00,ALPACA,424604,99.0,36.373253,127.31787,12,세종특별시
2026-06-14T21:50:12+09:00,ALPACA,426269,75.0,36.373257,127.3177,12,세종특별시
2026-06-14T21:50:12+09:00,ALPACA,426271,74.0,36.37326,127.317955,12,세종특별시
2026-06-14T21:50:12+09:00,ALPACA,426180,78.0,36.37326,127.31786,12,세종특별시
2026-06-14T21:50:12+09:00,ALPACA,426374,77.0,36.373264,127.317825,12,세종특별시
2026-06-14T21:50:12+09:00,ALPACA,426309,76.0,36.373264,127.317856,12,세종특별시
2026-06-14T21:50:12+09:00,ALPACA,426259,76.0,36.37328,127.31791,12,세종특별시
2026-06-14T21:50:12+09:00,ALPACA,426181,75.0,36.373295,127.31789,12,세종특별시
2026-06-14T21:50:12+09:00,ALPACA,426346,75.0,36.373356,127.31793,12,세종특별시
2026-06-14T21:50:12+09:00,ALPACA,424559,77.0,36.373486,127.35942,12,세종특별시
2026-06-14T21:50:12+09:00,ALPACA,424477,99.0,36.3735,127.35747,12,세종특별시
2026-06-14T21:50:12+09:00,ALPACA,425012,100.0,36.37351,127.35943,12,세종특별시
2026-06-14T21:50:12+09:00,ALPACA,425414,100.0,36.37352,127.36153,12,세종특별시
2026-06-14T21:50:12+09:00,ALPACA,424463,99.0,36.373528,127.344246,12,세종특별시
2026-06-14T21:50:12+09:00,ALPACA,414534,33.0,36.37355,127.34421,12,세종특별시
2026-06-14T21:50:12+09:00,ALPACA,425776,100.0,36.37355,127.34419,12,세종특별시
2026-06-14T21:50:12+09:00,ALPACA,425372,97.0,36.373554,127.3442,12,세종특별시
2026-06-14T21:50:12+09:00,ALPACA,426359,100.0,36.373558,127.34419,12,세종특별시
2026-06-14T21:50:12+09:00,ALPACA,424118,60.0,36.37356,127.344185,12,세종특별시
2026-06-14T21:50:12+09:00,ALPACA,425604,100.0,36.373577,127.34417,12,세종특별시
2026-06-14T21:50:12+09:00,ALPACA,425378,35.0,36.37358,127.36044,12,세종특별시
2026-06-14T21:50:12+09:00,ALPACA,425390,84.0,36.373585,127.34157,12,세종특별시
2026-06-14T21:50:12+09:00,ALPACA,425541,37.0,36.373592,127.34407,12,세종특별시
2026-06-14T21:50:12+09:00,ALPACA,425978,71.0,36.373596,127.318825,12,세종특별시
2026-06-14T21:50:12+09:00,ALPACA,425449,76.0,36.373596,127.344215,12,세종특별시
2026-06-14T21:50:12+09:00,ALPACA,424537,33.0,36.373596,127.34419,12,세종특별시
2026-06-14T21:50:12+09:00,ALPACA,426308,62.0,36.373833,127.31935,12,세종특별시
2026-06-14T21:50:12+09:00,ALPACA,426552,42.0,36.37385,127.31868,12,세종특별시
2026-06-14T21:50:12+09:00,ALPACA,424472,58.0,36.373928,127.36016,12,세종특별시
2026-06-14T21:50:12+09:00,ALPACA,426358,93.0,36.374073,127.32251,12,세종특별시
2026-06-14T21:50:12+09:00,ALPACA,425706,97.0,36.37411,127.36511,12,세종특별시
2026-06-14T21:50:12+09:00,ALPACA,426213,33.0,36.374172,127.319435,12,세종특별시
2026-06-14T21:50:12+09:00,ALPACA,425252,35.0,36.37425,127.37938,12,세종특별시
2026-06-14T21:50:12+09:00,ALPACA,424729,48.0,36.374523,127.34653,12,세종특별시
2026-06-14T21:50:12+09:00,ALPACA,426515,95.0,36.374584,127.31869,12,세종특별시
2026-06-14T21:50:12+09:00,ALPACA,414747,41.0,36.374588,127.3592,12,세종특별시
2026-06-14T21:50:12+09:00,ALPACA,425444,78.0,36.374622,127.34199,12,세종특별시
2026-06-14T21:50:12+09:00,ALPACA,426270,100.0,36.37484,127.31804,12,세종특별시
2026-06-14T21:50:12+09:00,ALPACA,425619,80.0,36.374844,127.31805,12,세종특별시
2026-06-14T21:50:12+09:00,ALPACA,425903,100.0,36.374844,127.318016,12,세종특별시
2026-06-14T21:50:12+09:00,ALPACA,425895,100.0,36.37485,127.318016,12,세종특별시
2026-06-14T21:50:12+09:00,ALPACA,426363,100.0,36.37485,127.31805,12,세종특별시
2026-06-14T21:50:12+09:00,ALPACA,426319,73.0,36.374866,127.31801,12,세종특별시
2026-06-14T21:50:12+09:00,ALPACA,426327,99.0,36.37488,127.3181,12,세종특별시
2026-06-14T21:50:12+09:00,ALPACA,425273,48.0,36.374928,127.33777,12,세종특별시
2026-06-14T21:50:12+09:00,ALPACA,426510,93.0,36.374958,127.31813,12,세종특별시
2026-06-14T21:50:12+09:00,ALPACA,426345,46.0,36.37507,127.322754,12,세종특별시
2026-06-14T21:50:12+09:00,ALPACA,426501,74.0,36.37531,127.31902,12,세종특별시
2026-06-14T21:50:12+09:00,ALPACA,426264,47.0,36.375626,127.305466,12,세종특별시
2026-06-14T21:50:12+09:00,ALPACA,425550,91.0,36.375713,127.34391,12,세종특별시
2026-06-14T21:50:12+09:00,ALPACA,425395,84.0,36.37572,127.34391,12,세종특별시
2026-06-14T21:50:12+09:00,ALPACA,423795,37.0,36.375755,127.3439,12,세종특별시
2026-06-14T21:50:12+09:00,ALPACA,414468,74.0,36.375767,127.3918,12,세종특별시
2026-06-14T21:50:12+09:00,ALPACA,411696,100.0,36.375797,127.39184,12,세종특별시
2026-06-14T21:50:12+09:00,ALPACA,425521,100.0,36.375797,127.39178,12,세종특별시
2026-06-14T21:50:12+09:00,ALPACA,426491,72.0,36.375816,127.32071,12,세종특별시
2026-06-14T21:50:12+09:00,ALPACA,424974,70.0,36.375847,127.34323,12,세종특별시
2026-06-14T21:50:12+09:00,ALPACA,425424,100.0,36.37585,127.39187,12,세종특별시
2026-06-14T21:50:12+09:00,ALPACA,414802,100.0,36.375854,127.39182,12,세종특별시
2026-06-14T21:50:12+09:00,ALPACA,424975,65.0,36.37587,127.34326,12,세종특별시
2026-06-14T21:50:12+09:00,ALPACA,425675,39.0,36.375874,127.34323,12,세종특별시
2026-06-14T21:50:12+09:00,ALPACA,424928,86.0,36.375877,127.34329,12,세종특별시
2026-06-14T21:50:12+09:00,ALPACA,424706,90.0,36.375885,127.34326,12,세종특별시
2026-06-14T21:50:12+09:00,ALPACA,424763,91.0,36.37589,127.34326,12,세종특별시
2026-06-14T21:50:12+09:00,ALPACA,424224,99.0,36.375893,127.34325,12,세종특별시
2026-06-14T21:50:12+09:00,ALPACA,425221,94.0,36.375908,127.34323,12,세종특별시
2026-06-14T21:50:12+09:00,ALPACA,424387,35.0,36.375923,127.34327,12,세종특별시
2026-06-14T21:50:12+09:00,ALPACA,425049,95.0,36.37593,127.34325,12,세종특별시
2026-06-14T21:50:12+09:00,ALPACA,424458,99.0,36.37594,127.343315,12,세종특별시
2026-06-14T21:50:12+09:00,ALPACA,424903,88.0,36.37599,127.343346,12,세종특별시
2026-06-14T21:50:12+09:00,ALPACA,425385,98.0,36.37601,127.343346,12,세종특별시
2026-06-14T21:50:12+09:00,ALPACA,426367,64.0,36.376015,127.315575,12,세종특별시
2026-06-14T21:50:12+09:00,ALPACA,426380,72.0,36.37604,127.31558,12,세종특별시
2026-06-14T21:50:12+09:00,ALPACA,426275,53.0,36.37618,127.318115,12,세종특별시
2026-06-14T21:50:12+09:00,ALPACA,425970,65.0,36.376225,127.32361,12,세종특별시
2026-06-14T21:50:12+09:00,ALPACA,426468,81.0,36.37625,127.3178,12,세종특별시
2026-06-14T21:50:12+09:00,ALPACA,425713,96.0,36.376305,127.31809,12,세종특별시
2026-06-14T21:50:12+09:00,ALPACA,426369,89.0,36.376423,127.34488,12,세종특별시
2026-06-14T21:50:12+09:00,ALPACA,424401,68.0,36.37653,127.356346,12,세종특별시
2026-06-14T21:50:12+09:00,ALPACA,424346,40.0,36.37665,127.34351,12,세종특별시
2026-06-14T21:50:12+09:00,ALPACA,424668,93.0,36.37673,127.344185,12,세종특별시
2026-06-14T21:50:12+09:00,ALPACA,425202,81.0,36.376736,127.34402,12,세종특별시
2026-06-14T21:50:12+09:00,ALPACA,425705,93.0,36.376785,127.34415,12,세종특별시
2026-06-14T21:50:12+09:00,ALPACA,425029,68.0,36.37679,127.344055,12,세종특별시
2026-06-14T21:50:12+09:00,ALPACA,424665,83.0,36.376812,127.34418,12,세종특별시
2026-06-14T21:50:12+09:00,ALPACA,424850,91.0,36.376842,127.34418,12,세종특별시
2026-06-14T21:50:12+09:00,ALPACA,426352,38.0,36.376865,127.315025,12,세종특별시
2026-06-14T21:50:12+09:00,ALPACA,426106,48.0,36.37703,127.324646,12,세종특별시
2026-06-14T21:50:12+09:00,ALPACA,425349,80.0,36.37728,127.34337,12,세종특별시
2026-06-14T21:50:12+09:00,ALPACA,425961,42.0,36.37787,127.324715,12,세종특별시
2026-06-14T21:50:12+09:00,ALPACA,426233,91.0,36.377945,127.30402,12,세종특별시
2026-06-14T21:50:12+09:00,ALPACA,426317,44.0,36.37842,127.316895,12,세종특별시
2026-06-14T21:50:12+09:00,ALPACA,425248,47.0,36.378452,127.34295,12,세종특별시
2026-06-14T21:50:12+09:00,ALPACA,424880,92.0,36.378475,127.315636,12,세종특별시
2026-06-14T21:50:12+09:00,ALPACA,424982,76.0,36.378605,127.31698,12,세종특별시
2026-06-14T21:50:12+09:00,ALPACA,426447,49.0,36.378735,127.3202,12,세종특별시
2026-06-14T21:50:12+09:00,ALPACA,426110,65.0,36.379402,127.31587,12,세종특별시
2026-06-14T21:50:12+09:00,ALPACA,426469,49.0,36.379536,127.32516,12,세종특별시
2026-06-14T21:50:12+09:00,ALPACA,426364,72.0,36.37954,127.316086,12,세종특별시
2026-06-14T21:50:12+09:00,ALPACA,424525,68.0,36.38085,127.33766,12,세종특별시
2026-06-14T21:50:12+09:00,ALPACA,425241,30.0,36.381367,127.324715,12,세종특별시
2026-06-14T21:50:12+09:00,ALPACA,425531,43.0,36.38258,127.319176,12,세종특별시
2026-06-14T21:50:12+09:00,ALPACA,424949,96.0,36.382713,127.323875,12,세종특별시
2026-06-14T21:50:12+09:00,ALPACA,425117,84.0,36.383396,127.32094,12,세종특별시
2026-06-14T21:50:12+09:00,ALPACA,426207,35.0,36.38366,127.3195,12,세종특별시
2026-06-14T21:50:12+09:00,ALPACA,426443,100.0,36.38367,127.31982,12,세종특별시
2026-06-14T21:50:12+09:00,ALPACA,426303,100.0,36.383705,127.3198,12,세종특별시
2026-06-14T21:50:12+09:00,ALPACA,426440,100.0,36.38371,127.3198,12,세종특별시
2026-06-14T21:50:12+09:00,ALPACA,426479,89.0,36.383713,127.319855,12,세종특별시
2026-06-14T21:50:12+09:00,ALPACA,426561,99.0,36.383717,127.31979,12,세종특별시
2026-06-14T21:50:12+09:00,ALPACA,426356,90.0,36.38372,127.31977,12,세종특별시
2026-06-14T21:50:12+09:00,ALPACA,426230,100.0,36.383724,127.31979,12,세종특별시
2026-06-14T21:50:12+09:00,ALPACA,426432,52.0,36.383724,127.31917,12,세종특별시
2026-06-14T21:50:12+09:00,ALPACA,425905,81.0,36.383728,127.319756,12,세종특별시
2026-06-14T21:50:12+09:00,ALPACA,425971,100.0,36.38375,127.31977,12,세종특별시
2026-06-14T21:50:12+09:00,ALPACA,426326,60.0,36.383774,127.31974,12,세종특별시
2026-06-14T21:50:12+09:00,ALPACA,424717,83.0,36.383774,127.30337,12,세종특별시
2026-06-14T21:50:12+09:00,ALPACA,425702,95.0,36.3838,127.31977,12,세종특별시
2026-06-14T21:50:12+09:00,ALPACA,426430,70.0,36.383823,127.319145,12,세종특별시
2026-06-14T21:50:12+09:00,ALPACA,426130,99.0,36.383854,127.3191,12,세종특별시
2026-06-14T21:50:12+09:00,ALPACA,426372,100.0,36.383865,127.31909,12,세종특별시
2026-06-14T21:50:12+09:00,ALPACA,426485,94.0,36.383907,127.319115,12,세종특별시
2026-06-14T21:50:12+09:00,ALPACA,425506,80.0,36.384212,127.36762,12,세종특별시
2026-06-14T21:50:12+09:00,ALPACA,425243,85.0,36.384308,127.31998,12,세종특별시
2026-06-14T21:50:12+09:00,ALPACA,426404,56.0,36.38485,127.324615,12,세종특별시
2026-06-14T21:50:12+09:00,ALPACA,425179,54.0,36.384888,127.32376,12,세종특별시
2026-06-14T21:50:12+09:00,ALPACA,425727,82.0,36.38503,127.32436,12,세종특별시
2026-06-14T21:50:12+09:00,ALPACA,426296,62.0,36.385063,127.32424,12,세종특별시
2026-06-14T21:50:12+09:00,ALPACA,426472,39.0,36.385086,127.324326,12,세종특별시
2026-06-14T21:50:12+09:00,ALPACA,426412,97.0,36.38509,127.30794,12,세종특별시
2026-06-14T21:50:12+09:00,ALPACA,426528,36.0,36.385265,127.32443,12,세종특별시
2026-06-14T21:50:12+09:00,ALPACA,426298,61.0,36.385635,127.328224,12,세종특별시
2026-06-14T21:50:12+09:00,ALPACA,425969,92.0,36.385647,127.32822,12,세종특별시
2026-06-14T21:50:12+09:00,ALPACA,424712,80.0,36.38569,127.32819,12,세종특별시
2026-06-14T21:50:12+09:00,ALPACA,426428,38.0,36.385708,127.32818,12,세종특별시
2026-06-14T21:50:12+09:00,ALPACA,426390,91.0,36.38571,127.32817,12,세종특별시
2026-06-14T21:50:12+09:00,ALPACA,414714,100.0,36.385803,127.377365,12,세종특별시
2026-06-14T21:50:12+09:00,ALPACA,426129,58.0,36.385807,127.30859,12,세종특별시
2026-06-14T21:50:12+09:00,ALPACA,424509,100.0,36.385815,127.37732,12,세종특별시
2026-06-14T21:50:12+09:00,ALPACA,414750,100.0,36.385822,127.37734,12,세종특별시
2026-06-14T21:50:12+09:00,ALPACA,414717,100.0,36.385826,127.37734,12,세종특별시
2026-06-14T21:50:12+09:00,ALPACA,414748,100.0,36.385826,127.37734,12,세종특별시
2026-06-14T21:50:12+09:00,ALPACA,426046,100.0,36.385838,127.377335,12,세종특별시
2026-06-14T21:50:12+09:00,ALPACA,426109,51.0,36.386055,127.32817,12,세종특별시
2026-06-14T21:50:12+09:00,ALPACA,426280,88.0,36.3861,127.32676,12,세종특별시
2026-06-14T21:50:12+09:00,ALPACA,425083,92.0,36.3862,127.32527,12,세종특별시
2026-06-14T21:50:12+09:00,ALPACA,426244,85.0,36.386227,127.32521,12,세종특별시
2026-06-14T21:50:12+09:00,ALPACA,426086,94.0,36.386375,127.318375,12,세종특별시
2026-06-14T21:50:12+09:00,ALPACA,425909,98.0,36.38664,127.315865,12,세종특별시
2026-06-14T21:50:12+09:00,ALPACA,426377,48.0,36.386665,127.31672,12,세종특별시
2026-06-14T21:50:12+09:00,ALPACA,425642,100.0,36.38679,127.31584,12,세종특별시
2026-06-14T21:50:12+09:00,ALPACA,426387,39.0,36.386887,127.31594,12,세종특별시
2026-06-14T21:50:12+09:00,ALPACA,426347,45.0,36.386913,127.31802,12,세종특별시
2026-06-14T21:50:12+09:00,ALPACA,426229,100.0,36.38696,127.315956,12,세종특별시
2026-06-14T21:50:12+09:00,ALPACA,426202,99.0,36.386967,127.31781,12,세종특별시
2026-06-14T21:50:12+09:00,ALPACA,424832,68.0,36.386997,127.31789,12,세종특별시
2026-06-14T21:50:12+09:00,ALPACA,426449,72.0,36.387016,127.317856,12,세종특별시
2026-06-14T21:50:12+09:00,ALPACA,425281,87.0,36.387028,127.322464,12,세종특별시
2026-06-14T21:50:12+09:00,ALPACA,426388,99.0,36.38733,127.32552,12,세종특별시
2026-06-14T21:50:12+09:00,ALPACA,424635,89.0,36.387386,127.30984,12,세종특별시
2026-06-14T21:50:12+09:00,ALPACA,414796,93.0,36.387424,127.40487,12,세종특별시
2026-06-14T21:50:12+09:00,ALPACA,426239,86.0,36.38745,127.31304,12,세종특별시
2026-06-14T21:50:12+09:00,ALPACA,424328,84.0,36.38746,127.31294,12,세종특별시
2026-06-14T21:50:12+09:00,ALPACA,424363,76.0,36.387497,127.31835,12,세종특별시
2026-06-14T21:50:12+09:00,ALPACA,426148,96.0,36.387505,127.318375,12,세종특별시
2026-06-14T21:50:12+09:00,ALPACA,426383,33.0,36.387604,127.3089,12,세종특별시
2026-06-14T21:50:12+09:00,ALPACA,426498,95.0,36.387653,127.30948,12,세종특별시
2026-06-14T21:50:12+09:00,ALPACA,426445,70.0,36.38767,127.32451,12,세종특별시
2026-06-14T21:50:12+09:00,ALPACA,426252,87.0,36.387684,127.3122,12,세종특별시
2026-06-14T21:50:12+09:00,ALPACA,426240,55.0,36.387722,127.311806,12,세종특별시
2026-06-14T21:50:12+09:00,ALPACA,426417,93.0,36.38773,127.31176,12,세종특별시
2026-06-14T21:50:12+09:00,ALPACA,426532,84.0,36.387753,127.303246,12,세종특별시
2026-06-14T21:50:12+09:00,ALPACA,426274,57.0,36.387863,127.32413,12,세종특별시
2026-06-14T21:50:12+09:00,ALPACA,425448,81.0,36.388226,127.34913,12,세종특별시
2026-06-14T21:50:12+09:00,ALPACA,426060,75.0,36.388245,127.33357,12,세종특별시
2026-06-14T21:50:12+09:00,ALPACA,426362,96.0,36.38874,127.31272,12,세종특별시
2026-06-14T21:50:12+09:00,ALPACA,426266,61.0,36.389297,127.314186,12,세종특별시
2026-06-14T21:50:12+09:00,ALPACA,426272,74.0,36.389503,127.29989,12,세종특별시
2026-06-14T21:50:12+09:00,ALPACA,426351,99.0,36.38966,127.30327,12,세종특별시
2026-06-14T21:50:12+09:00,ALPACA,426429,100.0,36.389664,127.350945,12,세종특별시
2026-06-14T21:50:12+09:00,ALPACA,424708,100.0,36.38975,127.348724,12,세종특별시
2026-06-14T21:50:12+09:00,ALPACA,415442,94.0,36.39018,127.39921,12,세종특별시
2026-06-14T21:50:12+09:00,ALPACA,414901,100.0,36.390182,127.399284,12,세종특별시
2026-06-14T21:50:12+09:00,ALPACA,424883,72.0,36.390182,127.39919,12,세종특별시
2026-06-14T21:50:12+09:00,ALPACA,414612,99.0,36.390186,127.399155,12,세종특별시
2026-06-14T21:50:12+09:00,ALPACA,424646,94.0,36.390186,127.39919,12,세종특별시
2026-06-14T21:50:12+09:00,ALPACA,415142,97.0,36.390194,127.399185,12,세종특별시
2026-06-14T21:50:12+09:00,ALPACA,424697,98.0,36.390194,127.399315,12,세종특별시
2026-06-14T21:50:12+09:00,ALPACA,426203,36.0,36.390198,127.31471,12,세종특별시
2026-06-14T21:50:12+09:00,ALPACA,424973,99.0,36.390198,127.399254,12,세종특별시
2026-06-14T21:50:12+09:00,ALPACA,414739,96.0,36.3902,127.39926,12,세종특별시
2026-06-14T21:50:12+09:00,ALPACA,426517,98.0,36.39021,127.39923,12,세종특별시
2026-06-14T21:50:12+09:00,ALPACA,425182,97.0,36.39021,127.39931,12,세종특별시
2026-06-14T21:50:12+09:00,ALPACA,415292,80.0,36.390213,127.399155,12,세종특별시
2026-06-14T21:50:12+09:00,ALPACA,425433,68.0,36.39022,127.39917,12,세종특별시
2026-06-14T21:50:12+09:00,ALPACA,424887,83.0,36.39023,127.40696,12,세종특별시
2026-06-14T21:50:12+09:00,ALPACA,426273,56.0,36.390278,127.3048,12,세종특별시
2026-06-14T21:50:12+09:00,ALPACA,426382,84.0,36.390472,127.305885,12,세종특별시
2026-06-14T21:50:12+09:00,ALPACA,426464,97.0,36.39052,127.30593,12,세종특별시
2026-06-14T21:50:12+09:00,ALPACA,426209,57.0,36.390526,127.30587,12,세종특별시
2026-06-14T21:50:12+09:00,ALPACA,426245,90.0,36.390743,127.30877,12,세종특별시
2026-06-14T21:50:12+09:00,ALPACA,424439,74.0,36.39101,127.32967,12,세종특별시
2026-06-14T21:50:12+09:00,ALPACA,414678,75.0,36.39109,127.40185,12,세종특별시
2026-06-14T21:50:12+09:00,ALPACA,414429,63.0,36.391315,127.31566,12,세종특별시
2026-06-14T21:50:12+09:00,ALPACA,425525,66.0,36.391342,127.312164,12,세종특별시
2026-06-14T21:50:12+09:00,ALPACA,426343,69.0,36.3915,127.31477,12,세종특별시
2026-06-14T21:50:12+09:00,ALPACA,425374,55.0,36.391506,127.36472,12,세종특별시
2026-06-14T21:50:12+09:00,ALPACA,426518,57.0,36.391514,127.3148,12,세종특별시
2026-06-14T21:50:12+09:00,ALPACA,424725,69.0,36.391537,127.31474,12,세종특별시
2026-06-14T21:50:12+09:00,ALPACA,425436,71.0,36.39154,127.31479,12,세종특별시
2026-06-14T21:50:12+09:00,ALPACA,425973,92.0,36.391624,127.31248,12,세종특별시
2026-06-14T21:50:12+09:00,ALPACA,426328,43.0,36.39181,127.31407,12,세종특별시
2026-06-14T21:50:12+09:00,ALPACA,426385,98.0,36.391815,127.31145,12,세종특별시
2026-06-14T21:50:12+09:00,ALPACA,426102,54.0,36.39187,127.31431,12,세종특별시
2026-06-14T21:50:12+09:00,ALPACA,426473,38.0,36.391926,127.31432,12,세종특별시
2026-06-14T21:50:12+09:00,ALPACA,424764,45.0,36.392334,127.314804,12,세종특별시
2026-06-14T21:50:12+09:00,ALPACA,425977,58.0,36.392525,127.31403,12,세종특별시
2026-06-14T21:50:12+09:00,ALPACA,426178,89.0,36.39258,127.313034,12,세종특별시
2026-06-14T21:50:12+09:00,ALPACA,424926,79.0,36.393276,127.3996,12,세종특별시
2026-06-14T21:50:12+09:00,ALPACA,426265,80.0,36.39347,127.35267,12,세종특별시
2026-06-14T21:50:12+09:00,ALPACA,426250,38.0,36.393757,127.31229,12,세종특별시
2026-06-14T21:50:12+09:00,ALPACA,426386,92.0,36.39455,127.31088,12,세종특별시
2026-06-14T21:50:12+09:00,ALPACA,425446,65.0,36.39505,127.3129,12,세종특별시
2026-06-14T21:50:12+09:00,ALPACA,426353,64.0,36.39544,127.313324,12,세종특별시
2026-06-14T21:50:12+09:00,ALPACA,424418,77.0,36.395535,127.310326,12,세종특별시
2026-06-14T21:50:12+09:00,ALPACA,414936,74.0,36.39674,127.400276,12,세종특별시
2026-06-14T21:50:12+09:00,ALPACA,424904,69.0,36.398495,127.400375,12,세종특별시
2026-06-14T21:50:12+09:00,ALPACA,425335,98.0,36.398674,127.39261,12,세종특별시
2026-06-14T21:50:12+09:00,ALPACA,414702,99.0,36.399685,127.391335,12,세종특별시
2026-06-14T21:50:12+09:00,ALPACA,414825,98.0,36.399708,127.40745,12,세종특별시
2026-06-14T21:50:12+09:00,ALPACA,425257,83.0,36.399757,127.39752,12,세종특별시
2026-06-14T21:50:12+09:00,ALPACA,415044,96.0,36.399815,127.402466,12,세종특별시
2026-06-14T21:50:12+09:00,ALPACA,414727,98.0,36.40091,127.411026,12,세종특별시
2026-06-14T21:50:12+09:00,ALPACA,425362,76.0,36.401062,127.390686,12,세종특별시
2026-06-14T21:50:12+09:00,ALPACA,414672,99.0,36.401077,127.390656,12,세종특별시
2026-06-14T21:50:12+09:00,ALPACA,414690,69.0,36.401077,127.390656,12,세종특별시
2026-06-14T21:50:12+09:00,ALPACA,414773,76.0,36.401085,127.390625,12,세종특별시
2026-06-14T21:50:12+09:00,ALPACA,424314,97.0,36.401104,127.39068,12,세종특별시
2026-06-14T21:50:12+09:00,ALPACA,424460,97.0,36.40111,127.39061,12,세종특별시
2026-06-14T21:50:12+09:00,ALPACA,414524,89.0,36.401436,127.40765,12,세종특별시
2026-06-14T21:50:12+09:00,ALPACA,425192,98.0,36.403355,127.397575,12,세종특별시
2026-06-14T21:50:12+09:00,ALPACA,414898,56.0,36.40528,127.39769,12,세종특별시
2026-06-14T21:50:12+09:00,ALPACA,414643,62.0,36.411682,127.40615,12,세종특별시
2026-06-14T21:50:12+09:00,ALPACA,424765,87.0,36.41186,127.41124,12,세종특별시
2026-06-14T21:50:12+09:00,ALPACA,425305,57.0,36.412758,127.40816,12,세종특별시
2026-06-14T21:50:12+09:00,ALPACA,425704,44.0,36.41315,127.40505,12,세종특별시
2026-06-14T21:50:12+09:00,ALPACA,415569,56.0,36.41324,127.40635,12,세종특별시
2026-06-14T21:50:12+09:00,ALPACA,424780,69.0,36.41326,127.406334,12,세종특별시
2026-06-14T21:50:12+09:00,ALPACA,414541,58.0,36.416164,127.3965,12,세종특별시
2026-06-14T21:50:12+09:00,ALPACA,424593,83.0,36.417976,127.39082,12,세종특별시
2026-06-14T21:50:12+09:00,ALPACA,425387,65.0,36.418247,127.39745,12,세종특별시
2026-06-14T21:50:12+09:00,ALPACA,414779,95.0,36.41845,127.39742,12,세종특별시
2026-06-14T21:50:12+09:00,ALPACA,424954,94.0,36.418774,127.40836,12,세종특별시
2026-06-14T21:50:12+09:00,ALPACA,414687,100.0,36.419006,127.387054,12,세종특별시
2026-06-14T21:50:12+09:00,ALPACA,414648,79.0,36.419205,127.38161,12,세종특별시
2026-06-14T21:50:12+09:00,ALPACA,414827,95.0,36.419476,127.41061,12,세종특별시
2026-06-14T21:50:12+09:00,ALPACA,424550,66.0,36.419666,127.39398,12,세종특별시
2026-06-14T21:50:12+09:00,ALPACA,425409,58.0,36.419746,127.40644,12,세종특별시
2026-06-14T21:50:12+09:00,ALPACA,425191,86.0,36.420033,127.38586,12,세종특별시
2026-06-14T21:50:12+09:00,ALPACA,414669,99.0,36.420067,127.39225,12,세종특별시
2026-06-14T21:50:12+09:00,ALPACA,414966,91.0,36.420147,127.39225,12,세종특별시
2026-06-14T21:50:12+09:00,ALPACA,415070,96.0,36.420494,127.39177,12,세종특별시
2026-06-14T21:50:12+09:00,ALPACA,424827,57.0,36.420643,127.38442,12,세종특별시
2026-06-14T21:50:12+09:00,ALPACA,425575,68.0,36.42106,127.38172,12,세종특별시
2026-06-14T21:50:12+09:00,ALPACA,414689,100.0,36.421383,127.39428,12,세종특별시
2026-06-14T21:50:12+09:00,ALPACA,414566,100.0,36.421726,127.394264,12,세종특별시
2026-06-14T21:50:12+09:00,ALPACA,414953,86.0,36.421738,127.39323,12,세종특별시
2026-06-14T21:50:12+09:00,ALPACA,424539,71.0,36.421803,127.40433,12,세종특별시
2026-06-14T21:50:12+09:00,ALPACA,425367,60.0,36.42183,127.40773,12,세종특별시
2026-06-14T21:50:12+09:00,ALPACA,425551,77.0,36.422134,127.39613,12,세종특별시
2026-06-14T21:50:12+09:00,ALPACA,414831,100.0,36.422195,127.38757,12,세종특별시
2026-06-14T21:50:12+09:00,ALPACA,414776,100.0,36.422256,127.387596,12,세종특별시
2026-06-14T21:50:12+09:00,ALPACA,414914,100.0,36.422268,127.38754,12,세종특별시
2026-06-14T21:50:12+09:00,ALPACA,411733,96.0,36.422504,127.407,12,세종특별시
2026-06-14T21:50:12+09:00,ALPACA,414823,93.0,36.422623,127.40054,12,세종특별시
2026-06-14T21:50:12+09:00,ALPACA,425494,61.0,36.422726,127.40008,12,세종특별시
2026-06-14T21:50:12+09:00,ALPACA,414268,64.0,36.422913,127.38895,12,세종특별시
2026-06-14T21:50:12+09:00,ALPACA,414821,89.0,36.423122,127.40594,12,세종특별시
2026-06-14T21:50:12+09:00,ALPACA,425236,100.0,36.423275,127.39275,12,세종특별시
2026-06-14T21:50:12+09:00,ALPACA,414732,100.0,36.42347,127.39226,12,세종특별시
2026-06-14T21:50:12+09:00,ALPACA,424825,96.0,36.42347,127.392265,12,세종특별시
2026-06-14T21:50:12+09:00,ALPACA,414937,73.0,36.42349,127.39224,12,세종특별시
2026-06-14T21:50:12+09:00,ALPACA,425711,68.0,36.42349,127.39227,12,세종특별시
2026-06-14T21:50:12+09:00,ALPACA,426257,100.0,36.42349,127.39225,12,세종특별시
2026-06-14T21:50:12+09:00,ALPACA,414830,79.0,36.423496,127.39229,12,세종특별시
2026-06-14T21:50:12+09:00,ALPACA,424816,100.0,36.423496,127.39228,12,세종특별시
2026-06-14T21:50:12+09:00,ALPACA,414753,97.0,36.42365,127.40516,12,세종특별시
2026-06-14T21:50:12+09:00,ALPACA,414533,93.0,36.42367,127.4053,12,세종특별시
2026-06-14T21:50:12+09:00,ALPACA,424583,81.0,36.423676,127.405205,12,세종특별시
2026-06-14T21:50:12+09:00,ALPACA,414651,90.0,36.423725,127.40488,12,세종특별시
2026-06-14T21:50:12+09:00,ALPACA,414767,63.0,36.424538,127.389465,12,세종특별시
2026-06-14T21:50:12+09:00,ALPACA,425734,100.0,36.42461,127.39297,12,세종특별시
2026-06-14T21:50:12+09:00,ALPACA,414754,57.0,36.424698,127.40046,12,세종특별시
2026-06-14T21:50:12+09:00,ALPACA,424116,67.0,36.42471,127.39227,12,세종특별시
2026-06-14T21:50:12+09:00,ALPACA,424555,81.0,36.425125,127.39005,12,세종특별시
2026-06-14T21:50:12+09:00,ALPACA,415078,95.0,36.425358,127.39216,12,세종특별시
2026-06-14T21:50:12+09:00,ALPACA,414284,95.0,36.425426,127.39216,12,세종특별시
2026-06-14T21:50:12+09:00,ALPACA,414481,53.0,36.425526,127.393074,12,세종특별시
2026-06-14T21:50:12+09:00,ALPACA,425467,59.0,36.42554,127.393005,12,세종특별시
2026-06-14T21:50:12+09:00,ALPACA,415586,52.0,36.425552,127.39418,12,세종특별시
2026-06-14T21:50:12+09:00,ALPACA,425510,60.0,36.42561,127.39305,12,세종특별시
2026-06-14T21:50:12+09:00,ALPACA,414681,77.0,36.42564,127.39891,12,세종특별시
2026-06-14T21:50:12+09:00,ALPACA,424586,48.0,36.42572,127.389824,12,세종특별시
2026-06-14T21:50:12+09:00,ALPACA,425412,62.0,36.4258,127.38987,12,세종특별시
2026-06-14T21:50:12+09:00,ALPACA,424442,67.0,36.426086,127.39168,12,세종특별시
2026-06-14T21:50:12+09:00,ALPACA,425348,100.0,36.4261,127.390884,12,세종특별시
2026-06-14T21:50:12+09:00,ALPACA,414539,51.0,36.426254,127.391335,12,세종특별시
2026-06-14T21:50:12+09:00,ALPACA,414790,92.0,36.426254,127.390465,12,세종특별시
2026-06-14T21:50:12+09:00,ALPACA,414375,100.0,36.426323,127.39255,12,세종특별시
2026-06-14T21:50:12+09:00,ALPACA,425148,100.0,36.426376,127.39363,12,세종특별시
2026-06-14T21:50:12+09:00,ALPACA,410295,100.0,36.426437,127.39041,12,세종특별시
2026-06-14T21:50:12+09:00,ALPACA,424942,95.0,36.42664,127.3903,12,세종특별시
2026-06-14T21:50:12+09:00,ALPACA,411692,92.0,36.426975,127.38953,12,세종특별시
2026-06-14T21:50:12+09:00,ALPACA,424938,100.0,36.427086,127.394066,12,세종특별시
2026-06-14T21:50:12+09:00,ALPACA,414915,79.0,36.427414,127.402504,12,세종특별시
2026-06-14T21:50:12+09:00,ALPACA,424443,65.0,36.427795,127.39089,12,세종특별시
2026-06-14T21:50:12+09:00,ALPACA,425306,76.0,36.428364,127.3985,12,세종특별시
2026-06-14T21:50:12+09:00,ALPACA,414731,100.0,36.428577,127.391426,12,세종특별시
2026-06-14T21:50:12+09:00,ALPACA,415221,60.0,36.428673,127.3916,12,세종특별시
2026-06-14T21:50:12+09:00,ALPACA,425087,70.0,36.42878,127.39551,12,세종특별시
2026-06-14T21:50:12+09:00,ALPACA,425253,92.0,36.428925,127.39552,12,세종특별시
2026-06-14T21:50:12+09:00,ALPACA,425021,100.0,36.428967,127.38932,12,세종특별시
2026-06-14T21:50:12+09:00,ALPACA,425226,86.0,36.429646,127.38841,12,세종특별시
2026-06-14T21:50:12+09:00,ALPACA,414653,81.0,36.429653,127.393234,12,세종특별시
2026-06-14T21:50:12+09:00,ALPACA,424649,90.0,36.42984,127.39624,12,세종특별시
2026-06-14T21:50:12+09:00,ALPACA,425275,98.0,36.43029,127.39371,12,세종특별시
2026-06-14T21:50:12+09:00,ALPACA,414763,81.0,36.430313,127.39371,12,세종특별시
2026-06-14T21:50:12+09:00,ALPACA,414304,70.0,36.43032,127.38999,12,세종특별시
2026-06-14T21:50:12+09:00,ALPACA,414730,100.0,36.43057,127.39298,12,세종특별시
2026-06-14T21:50:12+09:00,ALPACA,424601,62.0,36.43121,127.38357,12,세종특별시
2026-06-14T21:50:12+09:00,ALPACA,414308,86.0,36.431248,127.39436,12,세종특별시
2026-06-14T21:50:12+09:00,ALPACA,414931,97.0,36.431248,127.39438,12,세종특별시
2026-06-14T21:50:12+09:00,ALPACA,410334,49.0,36.431282,127.394485,12,세종특별시
2026-06-14T21:50:12+09:00,ALPACA,414704,100.0,36.431293,127.39335,12,세종특별시
2026-06-14T21:50:12+09:00,ALPACA,425453,88.0,36.431355,127.39758,12,세종특별시
2026-06-14T21:50:12+09:00,ALPACA,414543,96.0,36.431534,127.39754,12,세종특별시
2026-06-14T21:50:12+09:00,ALPACA,415427,70.0,36.431553,127.39399,12,세종특별시
2026-06-14T21:50:12+09:00,ALPACA,414728,89.0,36.431667,127.39372,12,세종특별시
2026-06-14T21:50:12+09:00,ALPACA,414765,52.0,36.43168,127.39379,12,세종특별시
2026-06-14T21:50:12+09:00,ALPACA,414676,57.0,36.431934,127.39356,12,세종특별시
2026-06-14T21:50:12+09:00,ALPACA,424768,100.0,36.432198,127.393135,12,세종특별시
2026-06-14T21:50:12+09:00,ALPACA,425110,100.0,36.432365,127.39407,12,세종특별시
2026-06-14T21:50:12+09:00,ALPACA,414775,100.0,36.43237,127.39418,12,세종특별시
2026-06-14T21:50:12+09:00,ALPACA,414558,99.0,36.43239,127.38155,12,세종특별시
2026-06-14T21:50:12+09:00,ALPACA,424434,52.0,36.432396,127.38414,12,세종특별시
2026-06-14T21:50:12+09:00,ALPACA,414738,53.0,36.43243,127.39408,12,세종특별시
2026-06-14T21:50:12+09:00,ALPACA,414774,80.0,36.4326,127.38414,12,세종특별시
2026-06-14T21:50:12+09:00,ALPACA,414746,64.0,36.43275,127.39161,12,세종특별시
2026-06-14T21:50:12+09:00,ALPACA,414737,51.0,36.432827,127.394516,12,세종특별시
2026-06-14T21:50:12+09:00,ALPACA,414679,100.0,36.43294,127.38458,12,세종특별시
2026-06-14T21:50:12+09:00,ALPACA,425183,97.0,36.43316,127.38392,12,세종특별시
2026-06-14T21:50:12+09:00,ALPACA,425417,91.0,36.433212,127.384415,12,세종특별시
2026-06-14T21:50:12+09:00,ALPACA,415275,100.0,36.43347,127.382935,12,세종특별시
2026-06-14T21:50:12+09:00,ALPACA,414654,100.0,36.433575,127.38274,12,세종특별시
2026-06-14T21:50:12+09:00,ALPACA,424820,100.0,36.43375,127.385925,12,세종특별시
2026-06-14T21:50:12+09:00,ALPACA,414677,94.0,36.43431,127.385216,12,세종특별시
2026-06-14T21:50:12+09:00,ALPACA,424917,99.0,36.434444,127.392876,12,세종특별시
2026-06-14T21:50:12+09:00,ALPACA,426235,94.0,36.434452,127.40869,12,세종특별시
2026-06-14T21:50:12+09:00,ALPACA,414416,100.0,36.434555,127.38898,12,세종특별시
2026-06-14T21:50:12+09:00,ALPACA,415253,61.0,36.434692,127.38795,12,세종특별시
2026-06-14T21:50:12+09:00,ALPACA,414513,99.0,36.434956,127.39313,12,세종특별시
2026-06-14T21:50:12+09:00,ALPACA,425479,87.0,36.435455,127.403046,12,세종특별시
2026-06-14T21:50:12+09:00,ALPACA,414696,96.0,36.435905,127.403885,12,세종특별시
2026-06-14T21:50:12+09:00,ALPACA,414503,54.0,36.435974,127.40406,12,세종특별시
2026-06-14T21:50:12+09:00,ALPACA,414839,100.0,36.436565,127.389275,12,세종특별시
2026-06-14T21:50:12+09:00,ALPACA,415470,87.0,36.436783,127.3813,12,세종특별시
2026-06-14T21:50:12+09:00,ALPACA,426234,83.0,36.436787,127.38891,12,세종특별시
2026-06-14T21:50:12+09:00,ALPACA,426484,100.0,36.43732,127.388435,12,세종특별시
2026-06-14T21:50:12+09:00,ALPACA,426256,82.0,36.437454,127.388435,12,세종특별시
2026-06-14T21:50:12+09:00,ALPACA,414948,94.0,36.438084,127.39494,12,세종특별시
2026-06-14T21:50:12+09:00,ALPACA,426305,69.0,36.438095,127.381996,12,세종특별시
2026-06-14T21:50:12+09:00,ALPACA,414912,100.0,36.438103,127.38237,12,세종특별시
2026-06-14T21:50:12+09:00,ALPACA,414759,100.0,36.43812,127.3815,12,세종특별시
2026-06-14T21:50:12+09:00,ALPACA,414794,80.0,36.43812,127.38202,12,세종특별시
2026-06-14T21:50:12+09:00,ALPACA,414943,100.0,36.43813,127.38232,12,세종특별시
2026-06-14T21:50:12+09:00,ALPACA,424760,100.0,36.43815,127.38154,12,세종특별시
2026-06-14T21:50:12+09:00,ALPACA,415516,76.0,36.438152,127.38194,12,세종특별시
2026-06-14T21:50:12+09:00,ALPACA,414706,79.0,36.438187,127.382065,12,세종특별시
2026-06-14T21:50:12+09:00,ALPACA,414684,97.0,36.43893,127.39512,12,세종특별시
2026-06-14T21:50:12+09:00,ALPACA,414532,57.0,36.43929,127.38143,12,세종특별시
2026-06-14T21:50:12+09:00,ALPACA,415439,100.0,36.439877,127.38223,12,세종특별시
2026-06-14T21:50:12+09:00,ALPACA,424542,90.0,36.439896,127.38476,12,세종특별시
2026-06-14T21:50:12+09:00,ALPACA,424564,58.0,36.440174,127.38336,12,세종특별시
2026-06-14T21:50:12+09:00,ALPACA,424719,100.0,36.440266,127.38345,12,세종특별시
2026-06-14T21:50:12+09:00,ALPACA,424382,54.0,36.44033,127.38437,12,세종특별시
2026-06-14T21:50:12+09:00,ALPACA,425193,62.0,36.44123,127.38599,12,세종특별시
2026-06-14T21:50:12+09:00,ALPACA,414659,45.0,36.441647,127.399925,12,세종특별시
2026-06-14T21:50:12+09:00,ALPACA,414644,32.0,36.444366,127.41042,12,세종특별시
2026-06-14T21:50:12+09:00,ALPACA,414724,63.0,36.445915,127.41399,12,세종특별시
2026-06-14T21:50:12+09:00,ALPACA,425712,67.0,36.445957,127.405624,12,세종특별시
2026-06-14T21:50:12+09:00,ALPACA,425384,68.0,36.447025,127.40838,12,세종특별시
2026-06-14T21:50:12+09:00,ALPACA,415049,49.0,36.448135,127.42335,12,세종특별시
2026-06-14T21:50:12+09:00,ALPACA,414760,38.0,36.449184,127.41195,12,세종특별시
2026-06-14T21:50:12+09:00,ALPACA,424455,43.0,36.450794,127.432045,12,세종특별시
2026-06-14T21:50:12+09:00,ALPACA,424792,36.0,36.45336,127.423874,12,세종특별시
2026-06-14T21:50:12+09:00,ALPACA,422610,69.0,36.58649,127.294586,12,세종특별시
2026-06-14T21:50:12+09:00,ALPACA,422236,78.0,36.588135,127.28902,12,세종특별시
2026-06-14T21:50:12+09:00,ALPACA,422154,100.0,36.588425,127.29001,12,세종특별시
2026-06-14T21:50:12+09:00,ALPACA,421288,100.0,36.588444,127.290054,12,세종특별시
2026-06-14T21:50:12+09:00,ALPACA,414865,100.0,36.590813,127.29184,12,세종특별시
2026-06-14T21:50:12+09:00,ALPACA,422500,100.0,36.590828,127.291824,12,세종특별시
2026-06-14T21:50:12+09:00,ALPACA,422087,100.0,36.59086,127.29185,12,세종특별시
2026-06-14T21:50:12+09:00,ALPACA,422425,89.0,36.590874,127.29187,12,세종특별시
2026-06-14T21:50:12+09:00,ALPACA,422363,100.0,36.590958,127.29519,12,세종특별시
2026-06-14T21:50:12+09:00,ALPACA,422600,74.0,36.59098,127.29518,12,세종특별시
2026-06-14T21:50:12+09:00,ALPACA,421876,85.0,36.590992,127.2952,12,세종특별시
2026-06-14T21:50:12+09:00,ALPACA,422397,89.0,36.592003,127.29626,12,세종특별시
2026-06-14T21:50:12+09:00,ALPACA,422249,83.0,36.592037,127.29636,12,세종특별시
2026-06-14T21:50:12+09:00,ALPACA,422376,100.0,36.592087,127.29632,12,세종특별시
2026-06-14T21:50:12+09:00,ALPACA,421720,100.0,36.593098,127.28476,12,세종특별시
2026-06-14T21:50:12+09:00,ALPACA,422047,100.0,36.5931,127.284775,12,세종특별시
2026-06-14T21:50:12+09:00,ALPACA,422220,100.0,36.593105,127.28477,12,세종특별시
2026-06-14T21:50:12+09:00,ALPACA,414795,93.0,36.593204,127.28924,12,세종특별시
2026-06-14T21:50:12+09:00,ALPACA,422434,93.0,36.59417,127.30133,12,세종특별시
2026-06-14T21:50:12+09:00,ALPACA,422562,93.0,36.59511,127.28873,12,세종특별시
2026-06-14T21:50:12+09:00,ALPACA,422379,100.0,36.59515,127.28925,12,세종특별시
2026-06-14T21:50:12+09:00,ALPACA,422393,100.0,36.59518,127.289215,12,세종특별시
2026-06-14T21:50:12+09:00,ALPACA,410262,100.0,36.595184,127.28924,12,세종특별시
2026-06-14T21:50:12+09:00,ALPACA,422023,75.0,36.59577,127.289406,12,세종특별시
2026-06-14T21:50:12+09:00,ALPACA,422491,78.0,36.596176,127.29575,12,세종특별시
2026-06-14T21:50:12+09:00,ALPACA,421904,100.0,36.59622,127.29577,12,세종특별시
2026-06-14T21:50:12+09:00,ALPACA,422567,100.0,36.59646,127.28842,12,세종특별시
2026-06-14T21:50:12+09:00,ALPACA,422125,73.0,36.59647,127.2884,12,세종특별시
2026-06-14T21:50:12+09:00,ALPACA,422414,81.0,36.596535,127.30081,12,세종특별시
2026-06-14T21:50:12+09:00,ALPACA,421733,74.0,36.597267,127.29874,12,세종특별시
2026-06-14T21:50:12+09:00,ALPACA,422338,88.0,36.597286,127.29744,12,세종특별시
2026-06-14T21:50:12+09:00,ALPACA,422449,55.0,36.599773,127.29535,12,세종특별시
2026-06-14T21:50:12+09:00,ALPACA,422228,73.0,36.600174,127.294624,12,세종특별시
2026-06-14T21:50:12+09:00,ALPACA,422136,100.0,36.601013,127.29504,12,세종특별시
2026-06-14T21:50:12+09:00,ALPACA,422350,81.0,36.60106,127.29497,12,세종특별시
2026-06-14T21:50:12+09:00,ALPACA,422701,100.0,36.601227,127.29114,12,세종특별시
2026-06-14T21:50:12+09:00,ALPACA,422467,100.0,36.60136,127.2885,12,세종특별시
2026-06-14T21:50:12+09:00,ALPACA,410385,85.0,36.601765,127.28865,12,세종특별시
2026-06-14T21:50:12+09:00,ALPACA,422265,100.0,36.60182,127.290085,12,세종특별시
2026-06-14T21:50:12+09:00,ALPACA,422258,97.0,36.601833,127.29012,12,세종특별시
2026-06-14T21:50:12+09:00,ALPACA,422566,81.0,36.60185,127.294945,12,세종특별시
2026-06-14T21:50:12+09:00,ALPACA,421703,100.0,36.601852,127.2901,12,세종특별시
2026-06-14T21:50:12+09:00,ALPACA,422446,91.0,36.602337,127.29036,12,세종특별시
2026-06-14T21:50:12+09:00,ALPACA,422306,73.0,36.60238,127.28648,12,세종특별시
2026-06-14T21:50:12+09:00,ALPACA,422138,100.0,36.602406,127.29489,12,세종특별시
2026-06-14T21:50:12+09:00,ALPACA,422571,100.0,36.603333,127.29134,12,세종특별시
2026-06-14T21:50:12+09:00,ALPACA,422387,90.0,36.60345,127.30732,12,세종특별시
2026-06-14T21:50:12+09:00,ALPACA,418661,90.0,36.603523,127.29319,12,세종특별시
2026-06-14T21:50:12+09:00,ALPACA,422399,100.0,36.603596,127.29317,12,세종특별시
2026-06-14T21:50:12+09:00,ALPACA,422203,100.0,36.603607,127.29011,12,세종특별시
2026-06-14T21:50:12+09:00,ALPACA,421775,70.0,36.60373,127.29318,12,세종특별시
2026-06-14T21:50:12+09:00,ALPACA,422364,71.0,36.603767,127.29316,12,세종특별시
2026-06-14T21:50:12+09:00,ALPACA,421566,86.0,36.603878,127.29712,12,세종특별시
2026-06-14T21:50:12+09:00,ALPACA,422303,100.0,36.604046,127.297485,12,세종특별시
2026-06-14T21:50:12+09:00,ALPACA,422075,91.0,36.60406,127.29753,12,세종특별시
2026-06-14T21:50:12+09:00,ALPACA,422344,100.0,36.604065,127.29751,12,세종특별시
2026-06-14T21:50:12+09:00,ALPACA,422246,100.0,36.604084,127.297516,12,세종특별시
2026-06-14T21:50:12+09:00,ALPACA,422484,62.0,36.6041,127.297516,12,세종특별시
2026-06-14T21:50:12+09:00,ALPACA,421987,100.0,36.60448,127.292564,12,세종특별시
2026-06-14T21:50:12+09:00,ALPACA,422337,80.0,36.60455,127.29248,12,세종특별시
2026-06-14T21:50:12+09:00,ALPACA,421831,41.0,36.60456,127.29253,12,세종특별시
2026-06-14T21:50:12+09:00,ALPACA,422248,64.0,36.604572,127.2925,12,세종특별시
2026-06-14T21:50:12+09:00,ALPACA,422173,95.0,36.605038,127.293236,12,세종특별시
2026-06-14T21:50:12+09:00,ALPACA,422452,100.0,36.60527,127.29278,12,세종특별시
2026-06-14T21:50:12+09:00,ALPACA,422282,71.0,36.605328,127.29324,12,세종특별시
2026-06-14T21:50:12+09:00,ALPACA,422458,75.0,36.60533,127.29211,12,세종특별시
2026-06-14T21:50:12+09:00,ALPACA,422396,100.0,36.605366,127.29211,12,세종특별시
2026-06-14T21:50:12+09:00,ALPACA,422435,73.0,36.605366,127.29209,12,세종특별시
2026-06-14T21:50:12+09:00,ALPACA,422699,100.0,36.605373,127.29213,12,세종특별시
2026-06-14T21:50:12+09:00,ALPACA,422025,100.0,36.605587,127.297226,12,세종특별시
2026-06-14T21:50:12+09:00,ALPACA,422413,100.0,36.60559,127.29723,12,세종특별시
2026-06-14T21:50:12+09:00,ALPACA,422406,100.0,36.6056,127.29729,12,세종특별시
2026-06-14T21:50:12+09:00,ALPACA,422238,79.0,36.606304,127.29312,12,세종특별시
2026-06-14T21:50:12+09:00,ALPACA,422324,84.0,36.606316,127.2878,12,세종특별시
2026-06-14T21:50:12+09:00,ALPACA,422522,74.0,36.606323,127.29306,12,세종특별시
2026-06-14T21:50:12+09:00,ALPACA,422884,93.0,36.606495,127.29192,12,세종특별시
2026-06-14T21:50:12+09:00,ALPACA,422336,34.0,36.60691,127.289345,12,세종특별시
2026-06-14T21:50:12+09:00,ALPACA,412614,54.0,36.608784,127.29224,12,세종특별시
2026-06-14T21:50:12+09:00,ALPACA,422463,45.0,36.60894,127.28361,12,세종특별시
2026-06-14T21:50:12+09:00,ALPACA,422322,94.0,36.608997,127.28384,12,세종특별시
2026-06-14T21:50:12+09:00,ALPACA,422175,40.0,36.60901,127.28372,12,세종특별시
2026-06-14T21:50:12+09:00,ALPACA,422465,57.0,36.609043,127.283714,12,세종특별시
2026-06-14T21:50:12+09:00,ALPACA,422620,94.0,36.609062,127.28379,12,세종특별시
2026-06-14T21:50:12+09:00,ALPACA,422559,83.0,36.609077,127.283806,12,세종특별시
2026-06-14T21:50:12+09:00,ALPACA,412597,87.0,36.6091,127.28372,12,세종특별시
2026-06-14T21:50:12+09:00,ALPACA,422576,60.0,36.6091,127.2837,12,세종특별시
2026-06-14T21:50:12+09:00,ALPACA,422720,62.0,36.60919,127.28498,12,세종특별시
2026-06-14T21:50:12+09:00,ALPACA,422607,46.0,36.6092,127.29094,12,세종특별시
2026-06-14T21:50:12+09:00,ALPACA,418665,98.0,36.609303,127.28459,12,세종특별시
2026-06-14T21:50:12+09:00,ALPACA,422432,57.0,36.609337,127.28333,12,세종특별시
2026-06-14T21:50:12+09:00,ALPACA,422560,74.0,36.609386,127.286194,12,세종특별시
2026-06-14T21:50:12+09:00,ALPACA,421025,61.0,36.60967,127.28503,12,세종특별시
2026-06-14T21:50:12+09:00,ALPACA,422502,36.0,36.60986,127.28495,12,세종특별시
2026-06-14T21:50:12+09:00,ALPACA,422439,66.0,36.61011,127.284966,12,세종특별시
2026-06-14T21:50:12+09:00,ALPACA,422205,100.0,36.610172,127.29321,12,세종특별시
2026-06-14T21:50:12+09:00,ALPACA,422499,91.0,36.610237,127.28474,12,세종특별시
2026-06-14T21:50:12+09:00,ALPACA,422378,75.0,36.610306,127.296616,12,세종특별시
2026-06-14T21:50:12+09:00,ALPACA,422703,85.0,36.61031,127.29676,12,세종특별시
2026-06-14T21:50:12+09:00,ALPACA,421725,100.0,36.61032,127.29676,12,세종특별시
2026-06-14T21:50:12+09:00,ALPACA,422226,93.0,36.610325,127.28631,12,세종특별시
2026-06-14T21:50:12+09:00,ALPACA,422556,100.0,36.610325,127.29679,12,세종특별시
2026-06-14T21:50:12+09:00,ALPACA,422430,94.0,36.610447,127.2932,12,세종특별시
2026-06-14T21:50:12+09:00,ALPACA,422184,70.0,36.61051,127.2871,12,세종특별시
2026-06-14T21:50:12+09:00,ALPACA,422420,73.0,36.610695,127.293465,12,세종특별시
2026-06-14T21:50:12+09:00,ALPACA,422394,80.0,36.61074,127.29136,12,세종특별시
2026-06-14T21:50:12+09:00,ALPACA,422181,66.0,36.610786,127.29172,12,세종특별시
2026-06-14T21:50:12+09:00,ALPACA,422128,79.0,36.610897,127.288284,12,세종특별시
2026-06-14T21:50:12+09:00,ALPACA,422770,52.0,36.610916,127.29091,12,세종특별시
2026-06-14T21:50:12+09:00,ALPACA,421741,100.0,36.610943,127.29311,12,세종특별시
2026-06-14T21:50:12+09:00,ALPACA,422180,99.0,36.610947,127.28872,12,세종특별시
2026-06-14T21:50:12+09:00,ALPACA,422143,64.0,36.610985,127.28645,12,세종특별시
2026-06-14T21:50:12+09:00,ALPACA,422291,74.0,36.611,127.28635,12,세종특별시
2026-06-14T21:50:12+09:00,ALPACA,422468,100.0,36.61101,127.28643,12,세종특별시
2026-06-14T21:50:12+09:00,ALPACA,422147,68.0,36.61102,127.28641,12,세종특별시
2026-06-14T21:50:12+09:00,ALPACA,422328,38.0,36.61106,127.29008,12,세종특별시
2026-06-14T21:50:12+09:00,ALPACA,422450,30.0,36.611088,127.2864,12,세종특별시
2026-06-14T21:50:12+09:00,ALPACA,422130,47.0,36.611103,127.28619,12,세종특별시
2026-06-14T21:50:12+09:00,ALPACA,422391,100.0,36.611156,127.29014,12,세종특별시
2026-06-14T21:50:12+09:00,ALPACA,422472,94.0,36.61116,127.28979,12,세종특별시
2026-06-14T21:50:12+09:00,ALPACA,422426,77.0,36.611164,127.29007,12,세종특별시
2026-06-14T21:50:12+09:00,ALPACA,422384,47.0,36.61117,127.29002,12,세종특별시
2026-06-14T21:50:12+09:00,ALPACA,422178,39.0,36.611176,127.28975,12,세종특별시
2026-06-14T21:50:12+09:00,ALPACA,422028,85.0,36.611187,127.29089,12,세종특별시
2026-06-14T21:50:12+09:00,ALPACA,422697,37.0,36.611225,127.28979,12,세종특별시
2026-06-14T21:50:12+09:00,ALPACA,422480,87.0,36.61125,127.28734,12,세종특별시
2026-06-14T21:50:12+09:00,ALPACA,412728,54.0,36.61128,127.28816,12,세종특별시
2026-06-14T21:50:12+09:00,ALPACA,421740,94.0,36.611286,127.29007,12,세종특별시
2026-06-14T21:50:12+09:00,ALPACA,422456,79.0,36.611317,127.28831,12,세종특별시
2026-06-14T21:50:12+09:00,ALPACA,422776,41.0,36.61132,127.288216,12,세종특별시
2026-06-14T21:50:12+09:00,ALPACA,422395,94.0,36.611336,127.28808,12,세종특별시
2026-06-14T21:50:12+09:00,ALPACA,421979,98.0,36.611347,127.288185,12,세종특별시
2026-06-14T21:50:12+09:00,ALPACA,422270,76.0,36.61135,127.288124,12,세종특별시
2026-06-14T21:50:12+09:00,ALPACA,421907,99.0,36.611355,127.28818,12,세종특별시
2026-06-14T21:50:12+09:00,ALPACA,422505,59.0,36.611355,127.288216,12,세종특별시
2026-06-14T21:50:12+09:00,ALPACA,422253,98.0,36.611366,127.28825,12,세종특별시
2026-06-14T21:50:12+09:00,ALPACA,421889,73.0,36.611374,127.28744,12,세종특별시
2026-06-14T21:50:12+09:00,ALPACA,422359,95.0,36.611374,127.28823,12,세종특별시
2026-06-14T21:50:12+09:00,ALPACA,422264,95.0,36.61138,127.28822,12,세종특별시
2026-06-14T21:50:12+09:00,ALPACA,422244,47.0,36.6114,127.28746,12,세종특별시
2026-06-14T21:50:12+09:00,ALPACA,422730,74.0,36.61144,127.287445,12,세종특별시
2026-06-14T21:50:12+09:00,ALPACA,422277,99.0,36.611454,127.28744,12,세종특별시
2026-06-14T21:50:12+09:00,ALPACA,422131,88.0,36.611458,127.28745,12,세종특별시
2026-06-14T21:50:12+09:00,ALPACA,422107,43.0,36.611633,127.287544,12,세종특별시
2026-06-14T21:50:12+09:00,ALPACA,422339,32.0,36.611954,127.2846,12,세종특별시
2026-06-14T21:50:12+09:00,ALPACA,422709,86.0,36.613125,127.29592,12,세종특별시
2026-06-14T21:50:12+09:00,ALPACA,422386,86.0,36.613197,127.29332,12,세종특별시
2026-06-14T21:50:12+09:00,ALPACA,422103,100.0,36.613853,127.31,12,세종특별시
2026-06-14T21:50:12+09:00,ALPACA,418558,100.0,36.613876,127.309975,12,세종특별시
2026-06-14T21:50:12+09:00,ALPACA,422168,73.0,36.61406,127.28906,12,세종특별시
2026-06-14T21:50:12+09:00,ALPACA,422371,62.0,36.61409,127.28907,12,세종특별시
2026-06-14T21:50:12+09:00,ALPACA,422335,100.0,36.614174,127.28884,12,세종특별시
2026-06-14T21:50:12+09:00,ALPACA,422367,100.0,36.614174,127.2888,12,세종특별시
2026-06-14T21:50:12+09:00,ALPACA,422207,95.0,36.61456,127.30835,12,세종특별시
2026-06-14T21:50:12+09:00,ALPACA,422242,77.0,36.614662,127.3059,12,세종특별시
2026-06-14T21:50:12+09:00,ALPACA,422603,100.0,36.614918,127.28499,12,세종특별시
2026-06-14T21:50:12+09:00,ALPACA,422358,75.0,36.615963,127.286064,12,세종특별시
2026-06-14T21:50:12+09:00,ALPACA,422086,76.0,36.61633,127.31405,12,세종특별시
2026-06-14T21:50:12+09:00,ALPACA,422185,100.0,36.618057,127.288795,12,세종특별시
2026-06-14T21:50:12+09:00,ALPACA,422296,87.0,36.6188,127.32029,12,세종특별시
2026-06-14T21:50:12+09:00,ALPACA,410365,76.0,36.618816,127.29082,12,세종특별시
2026-06-14T21:50:12+09:00,ALPACA,422176,100.0,36.61898,127.28855,12,세종특별시
2026-06-14T21:50:12+09:00,ALPACA,422243,75.0,36.619553,127.309944,12,세종특별시
2026-06-14T21:50:12+09:00,ALPACA,421998,82.0,36.620438,127.32027,12,세종특별시
2026-06-14T21:50:12+09:00,ALPACA,422039,70.0,36.620907,127.28249,12,세종특별시
2026-06-14T21:50:12+09:00,ALPACA,422705,93.0,36.62092,127.28246,12,세종특별시
2026-06-14T21:50:12+09:00,ALPACA,422357,82.0,36.621124,127.30795,12,세종특별시
2026-06-14T21:50:12+09:00,ALPACA,422333,97.0,36.62135,127.29062,12,세종특별시
2026-06-14T21:50:12+09:00,ALPACA,422509,68.0,36.621548,127.28891,12,세종특별시
2026-06-14T21:50:12+09:00,ALPACA,422469,73.0,36.6216,127.30235,12,세종특별시
2026-06-14T21:50:12+09:00,ALPACA,422309,92.0,36.621677,127.28371,12,세종특별시
2026-06-14T21:50:12+09:00,ALPACA,422329,97.0,36.621685,127.28388,12,세종특별시
2026-06-14T21:50:12+09:00,ALPACA,421908,99.0,36.62169,127.28588,12,세종특별시
2026-06-14T21:50:12+09:00,ALPACA,422141,69.0,36.621693,127.28588,12,세종특별시
2026-06-14T21:50:12+09:00,ALPACA,422299,79.0,36.621696,127.28384,12,세종특별시
2026-06-14T21:50:12+09:00,ALPACA,421186,85.0,36.62171,127.28384,12,세종특별시
2026-06-14T21:50:12+09:00,ALPACA,422568,98.0,36.621758,127.283844,12,세종특별시
2026-06-14T21:50:12+09:00,ALPACA,422148,81.0,36.62177,127.28556,12,세종특별시
2026-06-14T21:50:12+09:00,ALPACA,422251,41.0,36.62178,127.326614,12,세종특별시
2026-06-14T21:50:12+09:00,ALPACA,422580,99.0,36.621788,127.28554,12,세종특별시
2026-06-14T21:50:12+09:00,ALPACA,422702,52.0,36.621857,127.32653,12,세종특별시
2026-06-14T21:50:12+09:00,ALPACA,421945,47.0,36.621864,127.304695,12,세종특별시
2026-06-14T21:50:12+09:00,ALPACA,422304,97.0,36.623657,127.28743,12,세종특별시
2026-06-14T21:50:12+09:00,ALPACA,422211,82.0,36.623665,127.28685,12,세종특별시
2026-06-14T21:50:12+09:00,ALPACA,422212,66.0,36.623714,127.286835,12,세종특별시
2026-06-14T21:50:12+09:00,ALPACA,422507,87.0,36.62377,127.325096,12,세종특별시
2026-06-14T21:50:12+09:00,ALPACA,422403,97.0,36.62414,127.32578,12,세종특별시
2026-06-14T21:50:12+09:00,ALPACA,422440,86.0,36.626568,127.33195,12,세종특별시
2026-06-14T21:50:12+09:00,ALPACA,413919,54.0,36.62669,127.33202,12,세종특별시
2026-06-14T21:50:12+09:00,ALPACA,422412,58.0,36.62692,127.323326,12,세종특별시
2026-06-14T21:50:12+09:00,ALPACA,422372,92.0,36.627663,127.32866,12,세종특별시
2026-06-14T21:50:12+09:00,ALPACA,422622,61.0,36.627975,127.33185,12,세종특별시
2026-06-14T21:50:12+09:00,ALPACA,422382,81.0,36.628136,127.332634,12,세종특별시
2026-06-14T21:50:12+09:00,ALPACA,422194,72.0,36.629448,127.33293,12,세종특별시
2026-06-14T21:50:12+09:00,ALPACA,422575,98.0,36.63005,127.333046,12,세종특별시
2026-06-14T21:50:12+09:00,ALPACA,422121,98.0,36.63006,127.33041,12,세종특별시
2026-06-14T21:50:12+09:00,ALPACA,422297,97.0,36.630157,127.33284,12,세종특별시
2026-06-14T21:50:12+09:00,ALPACA,422528,47.0,36.63016,127.329994,12,세종특별시
2026-06-14T21:50:12+09:00,ALPACA,421994,100.0,36.630173,127.33289,12,세종특별시
2026-06-14T21:50:12+09:00,ALPACA,410342,97.0,36.630188,127.33287,12,세종특별시
2026-06-14T21:50:12+09:00,ALPACA,422188,59.0,36.630276,127.33359,12,세종특별시
2026-06-14T21:50:12+09:00,ALPACA,422486,55.0,36.630577,127.33085,12,세종특별시
2026-06-14T21:50:12+09:00,ALPACA,422408,57.0,36.630856,127.32952,12,세종특별시
2026-06-14T21:50:12+09:00,ALPACA,422278,70.0,36.630898,127.33079,12,세종특별시
2026-06-14T21:50:12+09:00,ALPACA,422316,94.0,36.631054,127.32807,12,세종특별시
2026-06-14T21:50:12+09:00,ALPACA,422427,48.0,36.631268,127.319305,12,세종특별시
2026-06-14T21:50:12+09:00,ALPACA,422126,93.0,36.6313,127.328636,12,세종특별시
2026-06-14T21:50:12+09:00,ALPACA,422431,57.0,36.63147,127.328804,12,세종특별시
2026-06-14T21:50:12+09:00,ALPACA,416273,77.0,36.631496,127.32945,12,세종특별시
2026-06-14T21:50:12+09:00,ALPACA,422032,63.0,36.631508,127.319214,12,세종특별시
2026-06-14T21:50:12+09:00,ALPACA,422161,86.0,36.631527,127.31919,12,세종특별시
2026-06-14T21:50:12+09:00,ALPACA,422049,84.0,36.63154,127.32607,12,세종특별시
2026-06-14T21:50:12+09:00,ALPACA,421772,91.0,36.6316,127.32905,12,세종특별시
2026-06-14T21:50:12+09:00,ALPACA,422552,100.0,36.631626,127.33032,12,세종특별시
2026-06-14T21:50:12+09:00,ALPACA,422691,75.0,36.63166,127.319824,12,세종특별시
2026-06-14T21:50:12+09:00,ALPACA,422164,89.0,36.631817,127.330444,12,세종특별시
2026-06-14T21:50:12+09:00,ALPACA,422365,78.0,36.632095,127.3274,12,세종특별시
2026-06-14T21:50:12+09:00,ALPACA,422534,63.0,36.63249,127.32635,12,세종특별시
2026-06-14T21:50:12+09:00,ALPACA,422402,87.0,36.632725,127.33509,12,세종특별시
2026-06-14T21:50:12+09:00,ALPACA,422558,98.0,36.63276,127.33506,12,세종특별시
2026-06-14T21:50:12+09:00,ALPACA,422334,72.0,36.632767,127.33112,12,세종특별시
2026-06-14T21:50:12+09:00,ALPACA,422375,70.0,36.632843,127.32338,12,세종특별시
2026-06-14T21:50:12+09:00,ALPACA,422034,71.0,36.632965,127.31423,12,세종특별시
2026-06-14T21:50:12+09:00,ALPACA,422625,100.0,36.633327,127.32107,12,세종특별시
2026-06-14T21:50:12+09:00,ALPACA,422536,100.0,36.633335,127.32108,12,세종특별시
2026-06-14T21:50:12+09:00,ALPACA,422604,100.0,36.633335,127.32109,12,세종특별시
2026-06-14T21:50:12+09:00,ALPACA,419034,97.0,36.633343,127.32108,12,세종특별시
2026-06-14T21:50:12+09:00,ALPACA,422535,95.0,36.633766,127.32904,12,세종특별시
2026-06-14T21:50:12+09:00,ALPACA,422498,77.0,36.635105,127.32707,12,세종특별시
2026-06-14T21:50:12+09:00,ALPACA,422389,95.0,36.635406,127.32625,12,세종특별시
2026-06-14T21:50:12+09:00,ALPACA,421739,76.0,36.635544,127.33448,12,세종특별시
2026-06-14T21:50:12+09:00,ALPACA,422538,43.0,36.63556,127.32583,12,세종특별시
2026-06-14T21:50:12+09:00,ALPACA,422142,81.0,36.63571,127.33876,12,세종특별시
2026-06-14T21:50:12+09:00,ALPACA,422256,63.0,36.635918,127.317535,12,세종특별시
2026-06-14T21:50:12+09:00,ALPACA,422122,61.0,36.63613,127.32849,12,세종특별시
2026-06-14T21:50:12+09:00,ALPACA,421718,100.0,36.63657,127.322876,12,세종특별시
2026-06-14T21:50:12+09:00,ALPACA,422629,100.0,36.636574,127.32278,12,세종특별시
2026-06-14T21:50:12+09:00,ALPACA,422189,63.0,36.636612,127.322685,12,세종특별시
2026-06-14T21:50:12+09:00,ALPACA,422574,72.0,36.63713,127.325294,12,세종특별시
2026-06-14T21:50:12+09:00,ALPACA,422259,90.0,36.63718,127.32534,12,세종특별시
2026-06-14T21:50:12+09:00,ALPACA,422102,100.0,36.637207,127.3253,12,세종특별시
2026-06-14T21:50:12+09:00,ALPACA,422101,88.0,36.63721,127.329155,12,세종특별시
2026-06-14T21:50:12+09:00,ALPACA,418277,70.0,36.637234,127.328835,12,세종특별시
2026-06-14T21:50:12+09:00,ALPACA,422381,75.0,36.63725,127.328835,12,세종특별시
2026-06-14T21:50:12+09:00,ALPACA,422213,44.0,36.637257,127.32913,12,세종특별시
2026-06-14T21:50:12+09:00,ALPACA,421950,66.0,36.637943,127.328064,12,세종특별시
2026-06-14T21:50:12+09:00,ALPACA,422352,58.0,36.638725,127.31696,12,세종특별시
2026-06-14T21:50:12+09:00,ALPACA,422355,73.0,36.638966,127.334236,12,세종특별시
2026-06-14T21:50:12+09:00,ALPACA,422692,89.0,36.63899,127.33424,12,세종특별시
2026-06-14T21:50:12+09:00,ALPACA,422172,98.0,36.639,127.33427,12,세종특별시
2026-06-14T21:50:12+09:00,ALPACA,416786,100.0,36.639015,127.33428,12,세종특별시
2026-06-14T21:50:12+09:00,ALPACA,422573,100.0,36.639023,127.33424,12,세종특별시
2026-06-14T21:50:12+09:00,ALPACA,422496,84.0,36.639687,127.346886,12,세종특별시
2026-06-14T21:50:12+09:00,ALPACA,422388,73.0,36.641624,127.33624,12,세종특별시
2026-06-14T21:50:12+09:00,ALPACA,422326,82.0,36.642715,127.34169,12,세종특별시
2026-06-14T21:50:12+09:00,ALPACA,419832,96.0,36.643394,127.341896,12,세종특별시
2026-06-14T21:50:12+09:00,ALPACA,422362,84.0,36.643646,127.336334,12,세종특별시
2026-06-14T21:50:12+09:00,ALPACA,422455,93.0,36.644646,127.332825,12,세종특별시
2026-06-14T21:50:12+09:00,GBIKE,131037,44.0,36.437559,127.220179,12,세종특별시
2026-06-14T21:50:12+09:00,GBIKE,346764,100.0,36.440763,127.224465,12,세종특별시
2026-06-14T21:50:12+09:00,GBIKE,130206,68.0,36.440959,127.251918,12,세종특별시
2026-06-14T21:50:12+09:00,GBIKE,130674,69.0,36.443051,127.209869,12,세종특별시
2026-06-14T21:50:12+09:00,GBIKE,353074,100.0,36.447178,127.36564,12,세종특별시
2026-06-14T21:50:12+09:00,GBIKE,374180,30.0,36.447548,127.228638,12,세종특별시
2026-06-14T21:50:12+09:00,GBIKE,131067,52.0,36.448747,127.21067,12,세종특별시
2026-06-14T21:50:12+09:00,GBIKE,372222,85.0,36.451356,127.363478,12,세종특별시
2026-06-14T21:50:12+09:00,GBIKE,373279,72.0,36.451385,127.363731,12,세종특별시
2026-06-14T21:50:12+09:00,GBIKE,621255,59.0,36.451472,127.362621,12,세종특별시
2026-06-14T21:50:12+09:00,GBIKE,302403,83.0,36.451492,127.363731,12,세종특별시
2026-06-14T21:50:12+09:00,GBIKE,308243,63.0,36.451894,127.364033,12,세종특별시
2026-06-14T21:50:12+09:00,GBIKE,365258,35.0,36.451955,127.36238,12,세종특별시
2026-06-14T21:50:12+09:00,GBIKE,345118,64.0,36.452218,127.363803,12,세종특별시
2026-06-14T21:50:12+09:00,GBIKE,377379,30.0,36.453726,127.365486,12,세종특별시
2026-06-14T21:50:12+09:00,GBIKE,604668,34.0,36.453955,127.363456,12,세종특별시
2026-06-14T21:50:12+09:00,GBIKE,624269,53.0,36.454218,127.366885,12,세종특별시
2026-06-14T21:50:12+09:00,GBIKE,302018,56.0,36.454319,127.363726,12,세종특별시
2026-06-14T21:50:12+09:00,GBIKE,386937,36.0,36.45439,127.364053,12,세종특별시
2026-06-14T21:50:12+09:00,GBIKE,130726,54.0,36.454399,127.284022,12,세종특별시
2026-06-14T21:50:12+09:00,GBIKE,395865,55.0,36.45444,127.363745,12,세종특별시
2026-06-14T21:50:12+09:00,GBIKE,338805,65.0,36.454861,127.363988,12,세종특별시
2026-06-14T21:50:12+09:00,GBIKE,306339,73.0,36.454917,127.364158,12,세종특별시
2026-06-14T21:50:12+09:00,GBIKE,378795,77.0,36.455416,127.364158,12,세종특별시
2026-06-14T21:50:12+09:00,GBIKE,395213,64.0,36.456796,127.36045,12,세종특별시
2026-06-14T21:50:12+09:00,GBIKE,300588,74.0,36.463659,127.359857,12,세종특별시
2026-06-14T21:50:12+09:00,GBIKE,631883,68.0,36.467741,127.264109,12,세종특별시
2026-06-14T21:50:12+09:00,GBIKE,501276,76.0,36.468186,127.280865,12,세종특별시
2026-06-14T21:50:12+09:00,GBIKE,501113,30.0,36.468538,127.281152,12,세종특별시
2026-06-14T21:50:12+09:00,GBIKE,395909,30.0,36.468641,127.271155,12,세종특별시
2026-06-14T21:50:12+09:00,GBIKE,501347,34.0,36.468921,127.274226,12,세종특별시
2026-06-14T21:50:12+09:00,GBIKE,501495,30.0,36.469028,127.273093,12,세종특별시
2026-06-14T21:50:12+09:00,GBIKE,131980,52.0,36.469112,127.273563,12,세종특별시
2026-06-14T21:50:12+09:00,GBIKE,501339,96.0,36.469208,127.280569,12,세종특별시
2026-06-14T21:50:12+09:00,GBIKE,501298,44.0,36.469227,127.280639,12,세종특별시
2026-06-14T21:50:12+09:00,GBIKE,130481,68.0,36.469369,127.280905,12,세종특별시
2026-06-14T21:50:12+09:00,GBIKE,131547,90.0,36.470038,127.287621,12,세종특별시
2026-06-14T21:50:12+09:00,GBIKE,130175,30.0,36.470064,127.27773,12,세종특별시
2026-06-14T21:50:12+09:00,GBIKE,130691,72.0,36.470314,127.281967,12,세종특별시
2026-06-14T21:50:12+09:00,GBIKE,131754,35.0,36.470692,127.273297,12,세종특별시
2026-06-14T21:50:12+09:00,GBIKE,501148,46.0,36.470897,127.279932,12,세종특별시
2026-06-14T21:50:12+09:00,GBIKE,131357,91.0,36.470952,127.273275,12,세종특별시
2026-06-14T21:50:12+09:00,GBIKE,130956,83.0,36.470955,127.273251,12,세종특별시
2026-06-14T21:50:12+09:00,GBIKE,130105,49.0,36.470962,127.273235,12,세종특별시
2026-06-14T21:50:12+09:00,GBIKE,131891,73.0,36.470971,127.273287,12,세종특별시
2026-06-14T21:50:12+09:00,GBIKE,130163,48.0,36.470988,127.27327,12,세종특별시
2026-06-14T21:50:12+09:00,GBIKE,501375,64.0,36.47102,127.251829,12,세종특별시
2026-06-14T21:50:12+09:00,GBIKE,131544,51.0,36.471099,127.252129,12,세종특별시
2026-06-14T21:50:12+09:00,GBIKE,131942,44.0,36.471394,127.285832,12,세종특별시
2026-06-14T21:50:12+09:00,GBIKE,131593,93.0,36.471574,127.276723,12,세종특별시
2026-06-14T21:50:12+09:00,GBIKE,131530,91.0,36.471623,127.274993,12,세종특별시
2026-06-14T21:50:12+09:00,GBIKE,130600,30.0,36.47171,127.252491,12,세종특별시
2026-06-14T21:50:12+09:00,GBIKE,131559,100.0,36.472021,127.252867,12,세종특별시
2026-06-14T21:50:12+09:00,GBIKE,131933,100.0,36.472212,127.275936,12,세종특별시
2026-06-14T21:50:12+09:00,GBIKE,131917,37.0,36.472275,127.279264,12,세종특별시
2026-06-14T21:50:12+09:00,GBIKE,130967,84.0,36.472304,127.278279,12,세종특별시
2026-06-14T21:50:12+09:00,GBIKE,501207,37.0,36.472336,127.285173,12,세종특별시
2026-06-14T21:50:12+09:00,GBIKE,130860,85.0,36.472415,127.27627,12,세종특별시
2026-06-14T21:50:12+09:00,GBIKE,131994,45.0,36.472421,127.256511,12,세종특별시
2026-06-14T21:50:12+09:00,GBIKE,501289,95.0,36.472511,127.276575,12,세종특별시
2026-06-14T21:50:12+09:00,GBIKE,131988,100.0,36.472551,127.278926,12,세종특별시
2026-06-14T21:50:12+09:00,GBIKE,130127,33.0,36.472752,127.278234,12,세종특별시
2026-06-14T21:50:12+09:00,GBIKE,131299,69.0,36.472983,127.283909,12,세종특별시
2026-06-14T21:50:12+09:00,GBIKE,130194,69.0,36.472995,127.253569,12,세종특별시
2026-06-14T21:50:12+09:00,GBIKE,130137,35.0,36.472997,127.283887,12,세종특별시
2026-06-14T21:50:12+09:00,GBIKE,131853,68.0,36.473035,127.253622,12,세종특별시
2026-06-14T21:50:12+09:00,GBIKE,501315,32.0,36.473458,127.278668,12,세종특별시
2026-06-14T21:50:12+09:00,GBIKE,501591,65.0,36.47348,127.277789,12,세종특별시
2026-06-14T21:50:12+09:00,GBIKE,130695,30.0,36.473537,127.254495,12,세종특별시
2026-06-14T21:50:12+09:00,GBIKE,130819,92.0,36.473611,127.285005,12,세종특별시
2026-06-14T21:50:12+09:00,GBIKE,131747,47.0,36.473971,127.298112,12,세종특별시
2026-06-14T21:50:12+09:00,GBIKE,501517,40.0,36.474068,127.277007,12,세종특별시
2026-06-14T21:50:12+09:00,GBIKE,131002,77.0,36.474135,127.273459,12,세종특별시
2026-06-14T21:50:12+09:00,GBIKE,131627,51.0,36.474325,127.279991,12,세종특별시
2026-06-14T21:50:12+09:00,GBIKE,131981,30.0,36.474384,127.255462,12,세종특별시
2026-06-14T21:50:12+09:00,GBIKE,131504,38.0,36.474575,127.255371,12,세종특별시
2026-06-14T21:50:12+09:00,GBIKE,130714,33.0,36.474667,127.254185,12,세종특별시
2026-06-14T21:50:12+09:00,GBIKE,501270,30.0,36.474682,127.294289,12,세종특별시
2026-06-14T21:50:12+09:00,GBIKE,131211,41.0,36.474715,127.284832,12,세종특별시
2026-06-14T21:50:12+09:00,GBIKE,130652,31.0,36.47473,127.2548,12,세종특별시
2026-06-14T21:50:12+09:00,GBIKE,501351,60.0,36.47478,127.254867,12,세종특별시
2026-06-14T21:50:12+09:00,GBIKE,131171,32.0,36.474794,127.254894,12,세종특별시
2026-06-14T21:50:12+09:00,GBIKE,130836,30.0,36.474821,127.254732,12,세종특별시
2026-06-14T21:50:12+09:00,GBIKE,130210,36.0,36.474828,127.255798,12,세종특별시
2026-06-14T21:50:12+09:00,GBIKE,501532,46.0,36.474828,127.254905,12,세종특별시
2026-06-14T21:50:12+09:00,GBIKE,501206,91.0,36.475085,127.285162,12,세종특별시
2026-06-14T21:50:12+09:00,GBIKE,131469,34.0,36.47512,127.255262,12,세종특별시
2026-06-14T21:50:12+09:00,GBIKE,130566,35.0,36.47514,127.248194,12,세종특별시
2026-06-14T21:50:12+09:00,GBIKE,130769,44.0,36.475165,127.255418,12,세종특별시
2026-06-14T21:50:12+09:00,GBIKE,131264,66.0,36.475224,127.252837,12,세종특별시
2026-06-14T21:50:12+09:00,GBIKE,131369,78.0,36.475261,127.252727,12,세종특별시
2026-06-14T21:50:12+09:00,GBIKE,131936,31.0,36.475321,127.2481,12,세종특별시
2026-06-14T21:50:12+09:00,GBIKE,501157,43.0,36.475332,127.248113,12,세종특별시
2026-06-14T21:50:12+09:00,GBIKE,130405,32.0,36.475371,127.252651,12,세종특별시
2026-06-14T21:50:12+09:00,GBIKE,131719,36.0,36.475405,127.252585,12,세종특별시
2026-06-14T21:50:12+09:00,GBIKE,130519,51.0,36.475445,127.252419,12,세종특별시
2026-06-14T21:50:12+09:00,GBIKE,131257,30.0,36.47553,127.251759,12,세종특별시
2026-06-14T21:50:12+09:00,GBIKE,130072,84.0,36.475582,127.276969,12,세종특별시
2026-06-14T21:50:12+09:00,GBIKE,131327,66.0,36.475612,127.252079,12,세종특별시
2026-06-14T21:50:12+09:00,GBIKE,501450,31.0,36.475634,127.28093,12,세종특별시
2026-06-14T21:50:12+09:00,GBIKE,130153,50.0,36.475655,127.252266,12,세종특별시
2026-06-14T21:50:12+09:00,GBIKE,130121,30.0,36.475696,127.253007,12,세종특별시
2026-06-14T21:50:12+09:00,GBIKE,501246,63.0,36.475767,127.276439,12,세종특별시
2026-06-14T21:50:12+09:00,GBIKE,131612,46.0,36.475798,127.252262,12,세종특별시
2026-06-14T21:50:12+09:00,GBIKE,130660,31.0,36.475881,127.254297,12,세종특별시
2026-06-14T21:50:12+09:00,GBIKE,501552,31.0,36.475892,127.279904,12,세종특별시
2026-06-14T21:50:12+09:00,GBIKE,501491,46.0,36.47599,127.280048,12,세종특별시
2026-06-14T21:50:12+09:00,GBIKE,130541,72.0,36.475996,127.287846,12,세종특별시
2026-06-14T21:50:12+09:00,GBIKE,130876,82.0,36.476043,127.288043,12,세종특별시
2026-06-14T21:50:12+09:00,GBIKE,131396,64.0,36.476049,127.278449,12,세종특별시
2026-06-14T21:50:12+09:00,GBIKE,130091,32.0,36.476105,127.256044,12,세종특별시
2026-06-14T21:50:12+09:00,GBIKE,131672,72.0,36.476176,127.251692,12,세종특별시
2026-06-14T21:50:12+09:00,GBIKE,131548,100.0,36.476295,127.271747,12,세종특별시
2026-06-14T21:50:12+09:00,GBIKE,130488,59.0,36.476313,127.251179,12,세종특별시
2026-06-14T21:50:12+09:00,GBIKE,131059,30.0,36.476396,127.247892,12,세종특별시
2026-06-14T21:50:12+09:00,GBIKE,131376,68.0,36.476408,127.253869,12,세종특별시
2026-06-14T21:50:12+09:00,GBIKE,131089,100.0,36.47642,127.259023,12,세종특별시
2026-06-14T21:50:12+09:00,GBIKE,130782,65.0,36.476434,127.258994,12,세종특별시
2026-06-14T21:50:12+09:00,GBIKE,501409,84.0,36.476532,127.283262,12,세종특별시
2026-06-14T21:50:12+09:00,GBIKE,130584,55.0,36.476549,127.288608,12,세종특별시
2026-06-14T21:50:12+09:00,GBIKE,130279,55.0,36.476551,127.288536,12,세종특별시
2026-06-14T21:50:12+09:00,GBIKE,131474,65.0,36.476575,127.288684,12,세종특별시
2026-06-14T21:50:12+09:00,GBIKE,130517,74.0,36.476578,127.247924,12,세종특별시
2026-06-14T21:50:12+09:00,GBIKE,130166,89.0,36.476591,127.247899,12,세종특별시
2026-06-14T21:50:12+09:00,GBIKE,130637,34.0,36.476643,127.289337,12,세종특별시
2026-06-14T21:50:12+09:00,GBIKE,501127,38.0,36.476681,127.284589,12,세종특별시
2026-06-14T21:50:12+09:00,GBIKE,130045,60.0,36.476695,127.284586,12,세종특별시
2026-06-14T21:50:12+09:00,GBIKE,131558,35.0,36.476705,127.296728,12,세종특별시
2026-06-14T21:50:12+09:00,GBIKE,131702,100.0,36.476712,127.250943,12,세종특별시
2026-06-14T21:50:12+09:00,GBIKE,130570,66.0,36.476737,127.247694,12,세종특별시
2026-06-14T21:50:12+09:00,GBIKE,131868,100.0,36.476772,127.250792,12,세종특별시
2026-06-14T21:50:12+09:00,GBIKE,130160,64.0,36.47681,127.250872,12,세종특별시
2026-06-14T21:50:12+09:00,GBIKE,130843,34.0,36.476817,127.250787,12,세종특별시
2026-06-14T21:50:12+09:00,GBIKE,130612,62.0,36.476876,127.250792,12,세종특별시
2026-06-14T21:50:12+09:00,GBIKE,131817,49.0,36.476883,127.250755,12,세종특별시
2026-06-14T21:50:12+09:00,GBIKE,130845,50.0,36.476903,127.250853,12,세종특별시
2026-06-14T21:50:12+09:00,GBIKE,130716,59.0,36.476922,127.254026,12,세종특별시
2026-06-14T21:50:12+09:00,GBIKE,130857,41.0,36.476934,127.24797,12,세종특별시
2026-06-14T21:50:12+09:00,GBIKE,131550,55.0,36.477,127.254006,12,세종특별시
2026-06-14T21:50:12+09:00,GBIKE,501154,67.0,36.477023,127.257772,12,세종특별시
2026-06-14T21:50:12+09:00,GBIKE,131286,57.0,36.477045,127.250913,12,세종특별시
2026-06-14T21:50:12+09:00,GBIKE,131084,89.0,36.477096,127.289787,12,세종특별시
2026-06-14T21:50:12+09:00,GBIKE,131973,54.0,36.477248,127.259409,12,세종특별시
2026-06-14T21:50:12+09:00,GBIKE,501195,74.0,36.477281,127.248609,12,세종특별시
2026-06-14T21:50:12+09:00,GBIKE,130445,32.0,36.477331,127.24867,12,세종특별시
2026-06-14T21:50:12+09:00,GBIKE,131890,32.0,36.477335,127.254055,12,세종특별시
2026-06-14T21:50:12+09:00,GBIKE,131703,37.0,36.477337,127.254127,12,세종특별시
2026-06-14T21:50:12+09:00,GBIKE,501387,30.0,36.477338,127.250906,12,세종특별시
2026-06-14T21:50:12+09:00,GBIKE,131033,57.0,36.477362,127.250641,12,세종특별시
2026-06-14T21:50:12+09:00,GBIKE,130556,33.0,36.47741,127.250577,12,세종특별시
2026-06-14T21:50:12+09:00,GBIKE,130842,67.0,36.477463,127.283218,12,세종특별시
2026-06-14T21:50:12+09:00,GBIKE,130924,49.0,36.477543,127.298078,12,세종특별시
2026-06-14T21:50:12+09:00,GBIKE,130356,47.0,36.477545,127.254158,12,세종특별시
2026-06-14T21:50:12+09:00,GBIKE,501468,90.0,36.477579,127.285963,12,세종특별시
2026-06-14T21:50:12+09:00,GBIKE,131602,100.0,36.477589,127.298115,12,세종특별시
2026-06-14T21:50:12+09:00,GBIKE,131249,31.0,36.477646,127.295476,12,세종특별시
2026-06-14T21:50:12+09:00,GBIKE,130815,34.0,36.47767,127.255329,12,세종특별시
2026-06-14T21:50:12+09:00,GBIKE,130990,31.0,36.477722,127.290349,12,세종특별시
2026-06-14T21:50:12+09:00,GBIKE,130296,88.0,36.477777,127.28271,12,세종특별시
2026-06-14T21:50:12+09:00,GBIKE,131204,96.0,36.477777,127.282648,12,세종특별시
2026-06-14T21:50:12+09:00,GBIKE,130925,83.0,36.47779,127.282628,12,세종특별시
2026-06-14T21:50:12+09:00,GBIKE,501282,94.0,36.477805,127.283201,12,세종특별시
2026-06-14T21:50:12+09:00,GBIKE,130604,36.0,36.477842,127.249143,12,세종특별시
2026-06-14T21:50:12+09:00,GBIKE,131276,94.0,36.477849,127.283186,12,세종특별시
2026-06-14T21:50:12+09:00,GBIKE,131405,67.0,36.477978,127.287674,12,세종특별시
2026-06-14T21:50:12+09:00,GBIKE,131573,100.0,36.477996,127.287696,12,세종특별시
2026-06-14T21:50:12+09:00,GBIKE,130173,86.0,36.47803,127.299383,12,세종특별시
2026-06-14T21:50:12+09:00,GBIKE,131551,82.0,36.478032,127.25208,12,세종특별시
2026-06-14T21:50:12+09:00,GBIKE,131395,42.0,36.478038,127.299328,12,세종특별시
2026-06-14T21:50:12+09:00,GBIKE,131029,90.0,36.47804,127.287855,12,세종특별시
2026-06-14T21:50:12+09:00,GBIKE,131521,96.0,36.478056,127.299373,12,세종특별시
2026-06-14T21:50:12+09:00,GBIKE,501284,30.0,36.478057,127.264327,12,세종특별시
2026-06-14T21:50:12+09:00,GBIKE,130861,38.0,36.478076,127.288823,12,세종특별시
2026-06-14T21:50:12+09:00,GBIKE,130934,80.0,36.478158,127.288236,12,세종특별시
2026-06-14T21:50:12+09:00,GBIKE,130463,74.0,36.478164,127.287908,12,세종특별시
2026-06-14T21:50:12+09:00,GBIKE,130075,52.0,36.478165,127.299062,12,세종특별시
2026-06-14T21:50:12+09:00,GBIKE,501600,30.0,36.478211,127.299102,12,세종특별시
2026-06-14T21:50:12+09:00,GBIKE,130043,38.0,36.478221,127.288237,12,세종특별시
2026-06-14T21:50:12+09:00,GBIKE,501348,83.0,36.478221,127.261128,12,세종특별시
2026-06-14T21:50:12+09:00,GBIKE,131526,41.0,36.478241,127.288275,12,세종특별시
2026-06-14T21:50:12+09:00,GBIKE,130830,100.0,36.478331,127.287663,12,세종특별시
2026-06-14T21:50:12+09:00,GBIKE,131415,88.0,36.478336,127.287057,12,세종특별시
2026-06-14T21:50:12+09:00,GBIKE,501159,100.0,36.478339,127.287555,12,세종특별시
2026-06-14T21:50:12+09:00,GBIKE,130141,100.0,36.478394,127.258413,12,세종특별시
2026-06-14T21:50:12+09:00,GBIKE,131407,100.0,36.478402,127.287776,12,세종특별시
2026-06-14T21:50:12+09:00,GBIKE,501170,100.0,36.478424,127.261937,12,세종특별시
2026-06-14T21:50:12+09:00,GBIKE,131022,100.0,36.478427,127.300563,12,세종특별시
2026-06-14T21:50:12+09:00,GBIKE,131275,30.0,36.478434,127.255517,12,세종특별시
2026-06-14T21:50:12+09:00,GBIKE,130331,82.0,36.478435,127.300519,12,세종특별시
2026-06-14T21:50:12+09:00,GBIKE,501561,96.0,36.478438,127.300569,12,세종특별시
2026-06-14T21:50:12+09:00,GBIKE,130568,100.0,36.478443,127.300518,12,세종특별시
2026-06-14T21:50:12+09:00,GBIKE,131280,93.0,36.478443,127.300555,12,세종특별시
2026-06-14T21:50:12+09:00,GBIKE,130616,99.0,36.478482,127.255547,12,세종특별시
2026-06-14T21:50:12+09:00,GBIKE,130916,100.0,36.478498,127.28772,12,세종특별시
2026-06-14T21:50:12+09:00,GBIKE,501151,77.0,36.478512,127.261504,12,세종특별시
2026-06-14T21:50:12+09:00,GBIKE,130977,92.0,36.478539,127.255455,12,세종특별시
2026-06-14T21:50:12+09:00,GBIKE,501357,100.0,36.478598,127.289404,12,세종특별시
2026-06-14T21:50:12+09:00,GBIKE,501121,79.0,36.478601,127.28913,12,세종특별시
2026-06-14T21:50:12+09:00,GBIKE,131208,100.0,36.478603,127.288314,12,세종특별시
2026-06-14T21:50:12+09:00,GBIKE,130646,100.0,36.478619,127.288373,12,세종특별시
2026-06-14T21:50:12+09:00,GBIKE,131362,68.0,36.478629,127.288341,12,세종특별시
2026-06-14T21:50:12+09:00,GBIKE,131712,92.0,36.478629,127.288271,12,세종특별시
2026-06-14T21:50:12+09:00,GBIKE,130644,84.0,36.478634,127.288309,12,세종특별시
2026-06-14T21:50:12+09:00,GBIKE,131695,95.0,36.478636,127.288321,12,세종특별시
2026-06-14T21:50:12+09:00,GBIKE,130680,84.0,36.478637,127.288309,12,세종특별시
2026-06-14T21:50:12+09:00,GBIKE,501225,100.0,36.478641,127.289337,12,세종특별시
2026-06-14T21:50:12+09:00,GBIKE,131157,84.0,36.478646,127.288338,12,세종특별시
2026-06-14T21:50:12+09:00,GBIKE,501390,100.0,36.478664,127.28925,12,세종특별시
2026-06-14T21:50:12+09:00,GBIKE,131682,37.0,36.478665,127.255634,12,세종특별시
2026-06-14T21:50:12+09:00,GBIKE,131713,62.0,36.478673,127.255615,12,세종특별시
2026-06-14T21:50:12+09:00,GBIKE,130143,38.0,36.478685,127.255591,12,세종특별시
2026-06-14T21:50:12+09:00,GBIKE,131284,41.0,36.478704,127.261912,12,세종특별시
2026-06-14T21:50:12+09:00,GBIKE,131453,72.0,36.478721,127.255657,12,세종특별시
2026-06-14T21:50:12+09:00,GBIKE,131990,56.0,36.478731,127.288654,12,세종특별시
2026-06-14T21:50:12+09:00,GBIKE,130374,65.0,36.478771,127.255626,12,세종특별시
2026-06-14T21:50:12+09:00,GBIKE,501112,54.0,36.478798,127.299341,12,세종특별시
2026-06-14T21:50:12+09:00,GBIKE,501299,71.0,36.478803,127.288813,12,세종특별시
2026-06-14T21:50:12+09:00,GBIKE,131841,87.0,36.478806,127.255328,12,세종특별시
2026-06-14T21:50:12+09:00,GBIKE,131228,64.0,36.478809,127.250935,12,세종특별시
2026-06-14T21:50:12+09:00,GBIKE,131443,79.0,36.478834,127.251074,12,세종특별시
2026-06-14T21:50:12+09:00,GBIKE,131042,31.0,36.478884,127.261713,12,세종특별시
2026-06-14T21:50:12+09:00,GBIKE,130201,79.0,36.478891,127.251036,12,세종특별시
2026-06-14T21:50:12+09:00,GBIKE,130272,51.0,36.478895,127.301191,12,세종특별시
2026-06-14T21:50:12+09:00,GBIKE,501319,94.0,36.478896,127.28457,12,세종특별시
2026-06-14T21:50:12+09:00,GBIKE,131231,69.0,36.478919,127.29031,12,세종특별시
2026-06-14T21:50:12+09:00,GBIKE,130670,100.0,36.478927,127.284519,12,세종특별시
2026-06-14T21:50:12+09:00,GBIKE,130436,93.0,36.478945,127.290203,12,세종특별시
2026-06-14T21:50:12+09:00,GBIKE,130863,38.0,36.478947,127.290111,12,세종특별시
2026-06-14T21:50:12+09:00,GBIKE,131956,36.0,36.47895,127.290343,12,세종특별시
2026-06-14T21:50:12+09:00,GBIKE,130897,48.0,36.478975,127.290231,12,세종특별시
2026-06-14T21:50:12+09:00,GBIKE,130952,58.0,36.478975,127.290122,12,세종특별시
2026-06-14T21:50:12+09:00,GBIKE,131115,50.0,36.47898,127.290273,12,세종특별시
2026-06-14T21:50:12+09:00,GBIKE,131652,86.0,36.479002,127.290218,12,세종특별시
2026-06-14T21:50:12+09:00,GBIKE,130083,32.0,36.479014,127.26187,12,세종특별시
2026-06-14T21:50:12+09:00,GBIKE,131514,95.0,36.479047,127.299908,12,세종특별시
2026-06-14T21:50:12+09:00,GBIKE,130293,54.0,36.479051,127.262238,12,세종특별시
2026-06-14T21:50:12+09:00,GBIKE,130647,86.0,36.479062,127.290124,12,세종특별시
2026-06-14T21:50:12+09:00,GBIKE,131127,80.0,36.479072,127.261928,12,세종특별시
2026-06-14T21:50:12+09:00,GBIKE,131346,95.0,36.479088,127.290133,12,세종특별시
2026-06-14T21:50:12+09:00,GBIKE,130601,41.0,36.479158,127.25812,12,세종특별시
2026-06-14T21:50:12+09:00,GBIKE,130971,32.0,36.479186,127.252631,12,세종특별시
2026-06-14T21:50:12+09:00,GBIKE,130957,32.0,36.479199,127.254698,12,세종특별시
2026-06-14T21:50:12+09:00,GBIKE,130271,95.0,36.479202,127.254849,12,세종특별시
2026-06-14T21:50:12+09:00,GBIKE,501380,71.0,36.479251,127.285379,12,세종특별시
2026-06-14T21:50:12+09:00,GBIKE,131870,52.0,36.479263,127.251631,12,세종특별시
2026-06-14T21:50:12+09:00,GBIKE,501513,40.0,36.479277,127.285667,12,세종특별시
2026-06-14T21:50:12+09:00,GBIKE,130441,41.0,36.479286,127.254696,12,세종특별시
2026-06-14T21:50:12+09:00,GBIKE,131049,42.0,36.479288,127.261957,12,세종특별시
2026-06-14T21:50:12+09:00,GBIKE,130131,48.0,36.479335,127.261906,12,세종특별시
2026-06-14T21:50:12+09:00,GBIKE,501236,100.0,36.479338,127.250032,12,세종특별시
2026-06-14T21:50:12+09:00,GBIKE,130259,30.0,36.479342,127.25254,12,세종특별시
2026-06-14T21:50:12+09:00,GBIKE,130548,97.0,36.479393,127.254859,12,세종특별시
2026-06-14T21:50:12+09:00,GBIKE,131373,37.0,36.479404,127.255104,12,세종특별시
2026-06-14T21:50:12+09:00,GBIKE,130269,30.0,36.479429,127.262784,12,세종특별시
2026-06-14T21:50:12+09:00,GBIKE,130886,70.0,36.47943,127.25506,12,세종특별시
2026-06-14T21:50:12+09:00,GBIKE,501407,67.0,36.479459,127.290149,12,세종특별시
2026-06-14T21:50:12+09:00,GBIKE,130617,100.0,36.479487,127.29038,12,세종특별시
2026-06-14T21:50:12+09:00,GBIKE,130881,95.0,36.479493,127.254988,12,세종특별시
2026-06-14T21:50:12+09:00,GBIKE,131820,33.0,36.479495,127.254717,12,세종특별시
2026-06-14T21:50:12+09:00,GBIKE,130720,48.0,36.479519,127.285897,12,세종특별시
2026-06-14T21:50:12+09:00,GBIKE,131742,59.0,36.479522,127.255167,12,세종특별시
2026-06-14T21:50:12+09:00,GBIKE,131332,88.0,36.479533,127.254764,12,세종특별시
2026-06-14T21:50:12+09:00,GBIKE,131149,33.0,36.479555,127.254704,12,세종특별시
2026-06-14T21:50:12+09:00,GBIKE,131207,64.0,36.479557,127.255119,12,세종특별시
2026-06-14T21:50:12+09:00,GBIKE,130287,82.0,36.479564,127.254791,12,세종특별시
2026-06-14T21:50:12+09:00,GBIKE,131454,87.0,36.479575,127.286559,12,세종특별시
2026-06-14T21:50:12+09:00,GBIKE,130451,77.0,36.479592,127.286593,12,세종특별시
2026-06-14T21:50:12+09:00,GBIKE,501303,62.0,36.4796,127.286592,12,세종특별시
2026-06-14T21:50:12+09:00,GBIKE,131726,30.0,36.479611,127.255094,12,세종특별시
2026-06-14T21:50:12+09:00,GBIKE,131398,40.0,36.479621,127.261728,12,세종특별시
2026-06-14T21:50:12+09:00,GBIKE,501172,48.0,36.479636,127.26415,12,세종특별시
2026-06-14T21:50:12+09:00,GBIKE,131217,41.0,36.479647,127.264233,12,세종특별시
2026-06-14T21:50:12+09:00,GBIKE,130643,40.0,36.479648,127.261237,12,세종특별시
2026-06-14T21:50:12+09:00,GBIKE,130023,100.0,36.479652,127.255058,12,세종특별시
2026-06-14T21:50:12+09:00,GBIKE,130902,34.0,36.479677,127.285519,12,세종특별시
2026-06-14T21:50:12+09:00,GBIKE,130122,33.0,36.479682,127.254834,12,세종특별시
2026-06-14T21:50:12+09:00,GBIKE,130482,86.0,36.479695,127.25462,12,세종특별시
2026-06-14T21:50:12+09:00,GBIKE,501414,42.0,36.479699,127.2645,12,세종특별시
2026-06-14T21:50:12+09:00,GBIKE,130621,100.0,36.479708,127.252394,12,세종특별시
2026-06-14T21:50:12+09:00,GBIKE,131937,46.0,36.479745,127.286469,12,세종특별시
2026-06-14T21:50:12+09:00,GBIKE,501482,83.0,36.479763,127.294461,12,세종특별시
2026-06-14T21:50:12+09:00,GBIKE,501410,82.0,36.479763,127.288646,12,세종특별시
2026-06-14T21:50:12+09:00,GBIKE,501469,87.0,36.479809,127.288608,12,세종특별시
2026-06-14T21:50:12+09:00,GBIKE,131598,54.0,36.479859,127.254461,12,세종특별시
2026-06-14T21:50:12+09:00,GBIKE,131957,94.0,36.479863,127.254545,12,세종특별시
2026-06-14T21:50:12+09:00,GBIKE,130396,36.0,36.479877,127.254522,12,세종특별시
2026-06-14T21:50:12+09:00,GBIKE,130411,78.0,36.479881,127.2545,12,세종특별시
2026-06-14T21:50:12+09:00,GBIKE,130426,89.0,36.479947,127.286979,12,세종특별시
2026-06-14T21:50:12+09:00,GBIKE,130940,37.0,36.479959,127.252401,12,세종특별시
2026-06-14T21:50:12+09:00,GBIKE,130789,37.0,36.479993,127.252722,12,세종특별시
2026-06-14T21:50:12+09:00,GBIKE,130721,33.0,36.480006,127.252361,12,세종특별시
2026-06-14T21:50:12+09:00,GBIKE,130928,59.0,36.480015,127.252398,12,세종특별시
2026-06-14T21:50:12+09:00,GBIKE,501371,61.0,36.480025,127.254453,12,세종특별시
2026-06-14T21:50:12+09:00,GBIKE,501208,66.0,36.480032,127.251925,12,세종특별시
2026-06-14T21:50:12+09:00,GBIKE,130425,40.0,36.480048,127.254675,12,세종특별시
2026-06-14T21:50:12+09:00,GBIKE,130352,78.0,36.480066,127.286624,12,세종특별시
2026-06-14T21:50:12+09:00,GBIKE,501527,30.0,36.480078,127.252664,12,세종특별시
2026-06-14T21:50:12+09:00,GBIKE,131899,81.0,36.480081,127.246683,12,세종특별시
2026-06-14T21:50:12+09:00,GBIKE,130399,56.0,36.480095,127.286705,12,세종특별시
2026-06-14T21:50:12+09:00,GBIKE,131583,72.0,36.480113,127.286759,12,세종특별시
2026-06-14T21:50:12+09:00,GBIKE,130472,44.0,36.480124,127.264324,12,세종특별시
2026-06-14T21:50:12+09:00,GBIKE,130507,92.0,36.480124,127.286691,12,세종특별시
2026-06-14T21:50:12+09:00,GBIKE,131148,33.0,36.480124,127.260588,12,세종특별시
2026-06-14T21:50:12+09:00,GBIKE,130590,30.0,36.480138,127.253069,12,세종특별시
2026-06-14T21:50:12+09:00,GBIKE,131035,35.0,36.480153,127.253153,12,세종특별시
2026-06-14T21:50:12+09:00,GBIKE,130156,56.0,36.480155,127.252187,12,세종특별시
2026-06-14T21:50:12+09:00,GBIKE,501285,66.0,36.480156,127.264303,12,세종특별시
2026-06-14T21:50:12+09:00,GBIKE,131993,35.0,36.480176,127.299945,12,세종특별시
2026-06-14T21:50:12+09:00,GBIKE,130920,69.0,36.480188,127.292833,12,세종특별시
2026-06-14T21:50:12+09:00,GBIKE,131046,90.0,36.480199,127.262307,12,세종특별시
2026-06-14T21:50:12+09:00,GBIKE,130799,89.0,36.480221,127.252305,12,세종특별시
2026-06-14T21:50:12+09:00,GBIKE,130953,47.0,36.480243,127.25228,12,세종특별시
2026-06-14T21:50:12+09:00,GBIKE,131043,65.0,36.480248,127.246353,12,세종특별시
2026-06-14T21:50:12+09:00,GBIKE,501317,90.0,36.480249,127.262175,12,세종특별시
2026-06-14T21:50:12+09:00,GBIKE,131889,53.0,36.48026,127.286654,12,세종특별시
2026-06-14T21:50:12+09:00,GBIKE,131038,73.0,36.480276,127.246371,12,세종특별시
2026-06-14T21:50:12+09:00,GBIKE,501332,55.0,36.480293,127.251707,12,세종특별시
2026-06-14T21:50:12+09:00,GBIKE,501132,50.0,36.480299,127.304041,12,세종특별시
2026-06-14T21:50:12+09:00,GBIKE,131424,94.0,36.480312,127.246378,12,세종특별시
2026-06-14T21:50:12+09:00,GBIKE,501381,76.0,36.480338,127.293686,12,세종특별시
2026-06-14T21:50:12+09:00,GBIKE,131847,30.0,36.480347,127.249819,12,세종특별시
2026-06-14T21:50:12+09:00,GBIKE,131403,32.0,36.480541,127.253623,12,세종특별시
2026-06-14T21:50:12+09:00,GBIKE,501307,42.0,36.480606,127.254684,12,세종특별시
2026-06-14T21:50:12+09:00,GBIKE,501504,86.0,36.480626,127.246504,12,세종특별시
2026-06-14T21:50:12+09:00,GBIKE,501222,64.0,36.480671,127.246511,12,세종특별시
2026-06-14T21:50:12+09:00,GBIKE,131114,60.0,36.480673,127.246536,12,세종특별시
2026-06-14T21:50:12+09:00,GBIKE,501203,59.0,36.48078,127.299739,12,세종특별시
2026-06-14T21:50:12+09:00,GBIKE,501509,73.0,36.480786,127.298879,12,세종특별시
2026-06-14T21:50:12+09:00,GBIKE,131657,38.0,36.480792,127.289096,12,세종특별시
2026-06-14T21:50:12+09:00,GBIKE,130931,82.0,36.480813,127.28904,12,세종특별시
2026-06-14T21:50:12+09:00,GBIKE,131924,52.0,36.480815,127.289058,12,세종특별시
2026-06-14T21:50:12+09:00,GBIKE,131057,69.0,36.480837,127.259034,12,세종특별시
2026-06-14T21:50:12+09:00,GBIKE,131283,32.0,36.480902,127.261698,12,세종특별시
2026-06-14T21:50:12+09:00,GBIKE,131523,70.0,36.480923,127.26189,12,세종특별시
2026-06-14T21:50:12+09:00,GBIKE,130350,94.0,36.481008,127.290725,12,세종특별시
2026-06-14T21:50:12+09:00,GBIKE,130991,78.0,36.481056,127.301207,12,세종특별시
2026-06-14T21:50:12+09:00,GBIKE,131317,32.0,36.48107,127.300678,12,세종특별시
2026-06-14T21:50:12+09:00,GBIKE,130097,31.0,36.48108,127.253374,12,세종특별시
2026-06-14T21:50:12+09:00,GBIKE,131140,31.0,36.48111,127.261431,12,세종특별시
2026-06-14T21:50:12+09:00,GBIKE,131326,78.0,36.481114,127.247492,12,세종특별시
2026-06-14T21:50:12+09:00,GBIKE,131811,73.0,36.481122,127.261588,12,세종특별시
2026-06-14T21:50:12+09:00,GBIKE,130202,83.0,36.481183,127.290563,12,세종특별시
2026-06-14T21:50:12+09:00,GBIKE,130619,73.0,36.481234,127.290037,12,세종특별시
2026-06-14T21:50:12+09:00,GBIKE,501324,89.0,36.481235,127.258923,12,세종특별시
2026-06-14T21:50:12+09:00,GBIKE,130388,95.0,36.481247,127.290031,12,세종특별시
2026-06-14T21:50:12+09:00,GBIKE,501467,32.0,36.481284,127.261934,12,세종특별시
2026-06-14T21:50:12+09:00,GBIKE,130328,30.0,36.481296,127.300892,12,세종특별시
2026-06-14T21:50:12+09:00,GBIKE,501344,70.0,36.481307,127.260415,12,세종특별시
2026-06-14T21:50:12+09:00,GBIKE,130428,31.0,36.481307,127.307531,12,세종특별시
2026-06-14T21:50:12+09:00,GBIKE,130960,85.0,36.481309,127.290084,12,세종특별시
2026-06-14T21:50:12+09:00,GBIKE,501323,55.0,36.481333,127.303882,12,세종특별시
2026-06-14T21:50:12+09:00,GBIKE,501458,41.0,36.481334,127.303875,12,세종특별시
2026-06-14T21:50:12+09:00,GBIKE,130282,73.0,36.481403,127.253692,12,세종특별시
2026-06-14T21:50:12+09:00,GBIKE,131839,33.0,36.481411,127.290316,12,세종특별시
2026-06-14T21:50:12+09:00,GBIKE,332827,30.0,36.481435,127.24633,12,세종특별시
2026-06-14T21:50:12+09:00,GBIKE,130068,32.0,36.481436,127.305147,12,세종특별시
2026-06-14T21:50:12+09:00,GBIKE,501473,40.0,36.481447,127.246326,12,세종특별시
2026-06-14T21:50:12+09:00,GBIKE,131167,100.0,36.481474,127.246284,12,세종특별시
2026-06-14T21:50:12+09:00,GBIKE,130583,39.0,36.481504,127.26385,12,세종특별시
2026-06-14T21:50:12+09:00,GBIKE,131643,78.0,36.481524,127.290666,12,세종특별시
2026-06-14T21:50:12+09:00,GBIKE,130873,95.0,36.481566,127.290541,12,세종특별시
2026-06-14T21:50:12+09:00,GBIKE,501129,30.0,36.481576,127.260242,12,세종특별시
2026-06-14T21:50:12+09:00,GBIKE,131560,85.0,36.481596,127.246393,12,세종특별시
2026-06-14T21:50:12+09:00,GBIKE,130893,90.0,36.481707,127.30424,12,세종특별시
2026-06-14T21:50:12+09:00,GBIKE,130554,33.0,36.481711,127.253344,12,세종특별시
2026-06-14T21:50:12+09:00,GBIKE,501415,30.0,36.481725,127.253251,12,세종특별시
2026-06-14T21:50:12+09:00,GBIKE,130544,97.0,36.481911,127.25484,12,세종특별시
2026-06-14T21:50:12+09:00,GBIKE,131800,60.0,36.481913,127.305593,12,세종특별시
2026-06-14T21:50:12+09:00,GBIKE,501547,81.0,36.482026,127.291911,12,세종특별시
2026-06-14T21:50:12+09:00,GBIKE,130179,66.0,36.482034,127.306968,12,세종특별시
2026-06-14T21:50:12+09:00,GBIKE,501269,96.0,36.482052,127.291955,12,세종특별시
2026-06-14T21:50:12+09:00,GBIKE,130084,31.0,36.482097,127.260404,12,세종특별시
2026-06-14T21:50:12+09:00,GBIKE,130438,89.0,36.48218,127.249255,12,세종특별시
2026-06-14T21:50:12+09:00,GBIKE,501108,39.0,36.482199,127.260589,12,세종특별시
2026-06-14T21:50:12+09:00,GBIKE,131923,79.0,36.482203,127.249299,12,세종특별시
2026-06-14T21:50:12+09:00,GBIKE,130354,39.0,36.48223,127.249695,12,세종특별시
2026-06-14T21:50:12+09:00,GBIKE,130796,93.0,36.482248,127.26071,12,세종특별시
2026-06-14T21:50:12+09:00,GBIKE,131065,98.0,36.482274,127.25018,12,세종특별시
2026-06-14T21:50:12+09:00,GBIKE,131538,33.0,36.482288,127.307149,12,세종특별시
2026-06-14T21:50:12+09:00,GBIKE,130661,31.0,36.482346,127.309407,12,세종특별시
2026-06-14T21:50:12+09:00,GBIKE,131335,39.0,36.482348,127.309426,12,세종특별시
2026-06-14T21:50:12+09:00,GBIKE,130994,75.0,36.482359,127.309406,12,세종특별시
2026-06-14T21:50:12+09:00,GBIKE,501580,60.0,36.482372,127.311315,12,세종특별시
2026-06-14T21:50:12+09:00,GBIKE,131025,87.0,36.482393,127.307118,12,세종특별시
2026-06-14T21:50:12+09:00,GBIKE,501499,100.0,36.4824,127.311464,12,세종특별시
2026-06-14T21:50:12+09:00,GBIKE,130407,84.0,36.48244,127.261732,12,세종특별시
2026-06-14T21:50:12+09:00,GBIKE,501261,69.0,36.482537,127.253153,12,세종특별시
2026-06-14T21:50:12+09:00,GBIKE,130415,60.0,36.482548,127.303551,12,세종특별시
2026-06-14T21:50:12+09:00,GBIKE,131799,100.0,36.482571,127.297832,12,세종특별시
2026-06-14T21:50:12+09:00,GBIKE,501529,88.0,36.482573,127.253137,12,세종특별시
2026-06-14T21:50:12+09:00,GBIKE,130591,52.0,36.482598,127.2672,12,세종특별시
2026-06-14T21:50:12+09:00,GBIKE,131660,52.0,36.482618,127.249918,12,세종특별시
2026-06-14T21:50:12+09:00,GBIKE,131984,43.0,36.482623,127.249868,12,세종특별시
2026-06-14T21:50:12+09:00,GBIKE,130649,41.0,36.482628,127.301062,12,세종특별시
2026-06-14T21:50:12+09:00,GBIKE,131880,31.0,36.482641,127.24983,12,세종특별시
2026-06-14T21:50:12+09:00,GBIKE,131549,32.0,36.482664,127.259954,12,세종특별시
2026-06-14T21:50:12+09:00,GBIKE,131183,30.0,36.482667,127.25794,12,세종특별시
2026-06-14T21:50:12+09:00,GBIKE,131153,30.0,36.482694,127.246576,12,세종특별시
2026-06-14T21:50:12+09:00,GBIKE,501139,78.0,36.482705,127.31125,12,세종특별시
2026-06-14T21:50:12+09:00,GBIKE,501355,77.0,36.482737,127.263569,12,세종특별시
2026-06-14T21:50:12+09:00,GBIKE,130234,34.0,36.482748,127.252556,12,세종특별시
2026-06-14T21:50:12+09:00,GBIKE,131239,87.0,36.482769,127.249476,12,세종특별시
2026-06-14T21:50:12+09:00,GBIKE,501451,100.0,36.482773,127.261736,12,세종특별시
2026-06-14T21:50:12+09:00,GBIKE,131842,59.0,36.482773,127.249959,12,세종특별시
2026-06-14T21:50:12+09:00,GBIKE,501189,30.0,36.482821,127.259804,12,세종특별시
2026-06-14T21:50:12+09:00,GBIKE,131778,46.0,36.482844,127.259586,12,세종특별시
2026-06-14T21:50:12+09:00,GBIKE,501411,35.0,36.482859,127.263881,12,세종특별시
2026-06-14T21:50:12+09:00,GBIKE,130909,51.0,36.482869,127.251387,12,세종특별시
2026-06-14T21:50:12+09:00,GBIKE,131117,96.0,36.482893,127.246169,12,세종특별시
2026-06-14T21:50:12+09:00,GBIKE,131053,66.0,36.482925,127.261262,12,세종특별시
2026-06-14T21:50:12+09:00,GBIKE,130501,96.0,36.482953,127.298807,12,세종특별시
2026-06-14T21:50:12+09:00,GBIKE,130365,32.0,36.482999,127.264113,12,세종특별시
2026-06-14T21:50:12+09:00,GBIKE,130730,100.0,36.483008,127.297739,12,세종특별시
2026-06-14T21:50:12+09:00,GBIKE,131517,41.0,36.483036,127.248331,12,세종특별시
2026-06-14T21:50:12+09:00,GBIKE,130703,95.0,36.483076,127.303369,12,세종특별시
2026-06-14T21:50:12+09:00,GBIKE,131206,33.0,36.483082,127.260612,12,세종특별시
2026-06-14T21:50:12+09:00,GBIKE,501412,71.0,36.483125,127.260559,12,세종특별시
2026-06-14T21:50:12+09:00,GBIKE,131779,30.0,36.483129,127.260648,12,세종특별시
2026-06-14T21:50:12+09:00,GBIKE,130452,100.0,36.483129,127.26085,12,세종특별시
2026-06-14T21:50:12+09:00,GBIKE,130633,83.0,36.483171,127.251507,12,세종특별시
2026-06-14T21:50:12+09:00,GBIKE,131922,80.0,36.483213,127.251467,12,세종특별시
2026-06-14T21:50:12+09:00,GBIKE,501187,84.0,36.483217,127.293519,12,세종특별시
2026-06-14T21:50:12+09:00,GBIKE,131333,36.0,36.483235,127.264458,12,세종특별시
2026-06-14T21:50:12+09:00,GBIKE,130749,47.0,36.483472,127.262957,12,세종특별시
2026-06-14T21:50:12+09:00,GBIKE,130437,82.0,36.483481,127.262855,12,세종특별시
2026-06-14T21:50:12+09:00,GBIKE,130204,62.0,36.483487,127.250789,12,세종특별시
2026-06-14T21:50:12+09:00,GBIKE,501104,32.0,36.483538,127.252768,12,세종특별시
2026-06-14T21:50:12+09:00,GBIKE,131263,38.0,36.483539,127.26285,12,세종특별시
2026-06-14T21:50:12+09:00,GBIKE,131242,35.0,36.483603,127.250144,12,세종특별시
2026-06-14T21:50:12+09:00,GBIKE,130864,30.0,36.483608,127.263258,12,세종특별시
2026-06-14T21:50:12+09:00,GBIKE,130267,93.0,36.48361,127.263314,12,세종특별시
2026-06-14T21:50:12+09:00,GBIKE,131462,38.0,36.48364,127.337794,12,세종특별시
2026-06-14T21:50:12+09:00,GBIKE,131027,40.0,36.483641,127.252146,12,세종특별시
2026-06-14T21:50:12+09:00,GBIKE,131139,76.0,36.48365,127.26263,12,세종특별시
2026-06-14T21:50:12+09:00,GBIKE,130595,91.0,36.483669,127.26269,12,세종특별시
2026-06-14T21:50:12+09:00,GBIKE,131039,79.0,36.483738,127.246475,12,세종특별시
2026-06-14T21:50:12+09:00,GBIKE,131953,36.0,36.483756,127.263358,12,세종특별시
2026-06-14T21:50:12+09:00,GBIKE,131245,100.0,36.483797,127.2627,12,세종특별시
2026-06-14T21:50:12+09:00,GBIKE,130050,32.0,36.483812,127.251611,12,세종특별시
2026-06-14T21:50:12+09:00,GBIKE,131728,31.0,36.483817,127.294267,12,세종특별시
2026-06-14T21:50:12+09:00,GBIKE,130335,48.0,36.483819,127.26309,12,세종특별시
2026-06-14T21:50:12+09:00,GBIKE,130686,42.0,36.483825,127.298844,12,세종특별시
2026-06-14T21:50:12+09:00,GBIKE,130389,44.0,36.483826,127.294021,12,세종특별시
2026-06-14T21:50:12+09:00,GBIKE,130880,95.0,36.483853,127.247203,12,세종특별시
2026-06-14T21:50:12+09:00,GBIKE,130545,69.0,36.483856,127.294033,12,세종특별시
2026-06-14T21:50:12+09:00,GBIKE,131946,34.0,36.483891,127.25666,12,세종특별시
2026-06-14T21:50:12+09:00,GBIKE,130567,57.0,36.483891,127.251487,12,세종특별시
2026-06-14T21:50:12+09:00,GBIKE,130653,71.0,36.483895,127.294028,12,세종특별시
2026-06-14T21:50:12+09:00,GBIKE,131300,93.0,36.4839,127.263733,12,세종특별시
2026-06-14T21:50:12+09:00,GBIKE,130555,32.0,36.483924,127.251987,12,세종특별시
2026-06-14T21:50:12+09:00,GBIKE,501501,69.0,36.483928,127.252787,12,세종특별시
2026-06-14T21:50:12+09:00,GBIKE,130824,84.0,36.484001,127.246149,12,세종특별시
2026-06-14T21:50:12+09:00,GBIKE,131258,94.0,36.484022,127.246039,12,세종특별시
2026-06-14T21:50:12+09:00,GBIKE,130487,69.0,36.484033,127.251111,12,세종특별시
2026-06-14T21:50:12+09:00,GBIKE,501150,47.0,36.484062,127.294165,12,세종특별시
2026-06-14T21:50:12+09:00,GBIKE,501556,100.0,36.484073,127.305797,12,세종특별시
2026-06-14T21:50:12+09:00,GBIKE,131003,100.0,36.484172,127.252719,12,세종특별시
2026-06-14T21:50:12+09:00,GBIKE,130561,100.0,36.484194,127.248965,12,세종특별시
2026-06-14T21:50:12+09:00,GBIKE,131080,93.0,36.484195,127.304664,12,세종특별시
2026-06-14T21:50:12+09:00,GBIKE,131727,93.0,36.484227,127.248662,12,세종특별시
2026-06-14T21:50:12+09:00,GBIKE,131556,97.0,36.484239,127.248975,12,세종특별시
2026-06-14T21:50:12+09:00,GBIKE,131634,50.0,36.48428,127.251696,12,세종특별시
2026-06-14T21:50:12+09:00,GBIKE,130090,31.0,36.484296,127.25005,12,세종특별시
2026-06-14T21:50:12+09:00,GBIKE,501175,53.0,36.484307,127.252253,12,세종특별시
2026-06-14T21:50:12+09:00,GBIKE,131964,54.0,36.484327,127.251045,12,세종특별시
2026-06-14T21:50:12+09:00,GBIKE,130862,42.0,36.484338,127.249063,12,세종특별시
2026-06-14T21:50:12+09:00,GBIKE,131187,92.0,36.48434,127.259978,12,세종특별시
2026-06-14T21:50:12+09:00,GBIKE,130214,87.0,36.484354,127.249246,12,세종특별시
2026-06-14T21:50:12+09:00,GBIKE,131511,84.0,36.484358,127.25309,12,세종특별시
2026-06-14T21:50:12+09:00,GBIKE,131051,32.0,36.484473,127.252027,12,세종특별시
2026-06-14T21:50:12+09:00,GBIKE,130024,100.0,36.484475,127.260435,12,세종특별시
2026-06-14T21:50:12+09:00,GBIKE,130226,100.0,36.484503,127.252849,12,세종특별시
2026-06-14T21:50:12+09:00,GBIKE,131791,30.0,36.484503,127.299354,12,세종특별시
2026-06-14T21:50:12+09:00,GBIKE,501220,70.0,36.484509,127.258305,12,세종특별시
2026-06-14T21:50:12+09:00,GBIKE,130281,82.0,36.48452,127.298954,12,세종특별시
2026-06-14T21:50:12+09:00,GBIKE,131927,88.0,36.484571,127.246083,12,세종특별시
2026-06-14T21:50:12+09:00,GBIKE,131759,89.0,36.484585,127.259501,12,세종특별시
2026-06-14T21:50:12+09:00,GBIKE,131635,40.0,36.484593,127.258473,12,세종특별시
2026-06-14T21:50:12+09:00,GBIKE,501543,61.0,36.484613,127.259421,12,세종특별시
2026-06-14T21:50:12+09:00,GBIKE,130178,31.0,36.484642,127.250906,12,세종특별시
2026-06-14T21:50:12+09:00,GBIKE,131351,100.0,36.484653,127.259431,12,세종특별시
2026-06-14T21:50:12+09:00,GBIKE,131795,44.0,36.48466,127.251441,12,세종특별시
2026-06-14T21:50:12+09:00,GBIKE,130310,30.0,36.484668,127.298429,12,세종특별시
2026-06-14T21:50:12+09:00,GBIKE,131647,70.0,36.484675,127.249228,12,세종특별시
2026-06-14T21:50:12+09:00,GBIKE,131805,43.0,36.484676,127.319334,12,세종특별시
2026-06-14T21:50:12+09:00,GBIKE,131303,48.0,36.484693,127.246056,12,세종특별시
2026-06-14T21:50:12+09:00,GBIKE,130540,32.0,36.484701,127.248795,12,세종특별시
2026-06-14T21:50:12+09:00,GBIKE,130096,92.0,36.484739,127.252876,12,세종특별시
2026-06-14T21:50:12+09:00,GBIKE,131915,34.0,36.484752,127.259423,12,세종특별시
2026-06-14T21:50:12+09:00,GBIKE,501140,100.0,36.484768,127.301627,12,세종특별시
2026-06-14T21:50:12+09:00,GBIKE,130635,46.0,36.484769,127.259406,12,세종특별시
2026-06-14T21:50:12+09:00,GBIKE,130929,43.0,36.484772,127.251256,12,세종특별시
2026-06-14T21:50:12+09:00,GBIKE,131952,30.0,36.484808,127.252268,12,세종특별시
2026-06-14T21:50:12+09:00,GBIKE,130034,97.0,36.48484,127.25886,12,세종특별시
2026-06-14T21:50:12+09:00,GBIKE,131056,32.0,36.484844,127.258543,12,세종특별시
2026-06-14T21:50:12+09:00,GBIKE,501263,78.0,36.484904,127.251123,12,세종특별시
2026-06-14T21:50:12+09:00,GBIKE,130961,72.0,36.484941,127.266348,12,세종특별시
2026-06-14T21:50:12+09:00,GBIKE,130360,44.0,36.484982,127.301826,12,세종특별시
2026-06-14T21:50:12+09:00,GBIKE,131092,100.0,36.485009,127.2524,12,세종특별시
2026-06-14T21:50:12+09:00,GBIKE,501566,32.0,36.485019,127.301814,12,세종특별시
2026-06-14T21:50:12+09:00,GBIKE,501425,48.0,36.485035,127.29996,12,세종특별시
2026-06-14T21:50:12+09:00,GBIKE,131886,100.0,36.485051,127.25056,12,세종특별시
2026-06-14T21:50:12+09:00,GBIKE,501597,46.0,36.48507,127.295337,12,세종특별시
2026-06-14T21:50:12+09:00,GBIKE,131436,93.0,36.485074,127.252482,12,세종특별시
2026-06-14T21:50:12+09:00,GBIKE,130026,30.0,36.485078,127.30385,12,세종특별시
2026-06-14T21:50:12+09:00,GBIKE,130285,31.0,36.48508,127.250948,12,세종특별시
2026-06-14T21:50:12+09:00,GBIKE,131524,42.0,36.485135,127.250967,12,세종특별시
2026-06-14T21:50:12+09:00,GBIKE,131833,100.0,36.485155,127.252681,12,세종특별시
2026-06-14T21:50:12+09:00,GBIKE,501176,80.0,36.485177,127.25053,12,세종특별시
2026-06-14T21:50:12+09:00,GBIKE,501384,30.0,36.485224,127.265929,12,세종특별시
2026-06-14T21:50:12+09:00,GBIKE,131265,95.0,36.485273,127.261519,12,세종특별시
2026-06-14T21:50:12+09:00,GBIKE,130434,87.0,36.48529,127.266614,12,세종특별시
2026-06-14T21:50:12+09:00,GBIKE,131798,32.0,36.485368,127.250491,12,세종특별시
2026-06-14T21:50:12+09:00,GBIKE,501341,30.0,36.485383,127.251108,12,세종특별시
2026-06-14T21:50:12+09:00,GBIKE,131644,39.0,36.485392,127.259171,12,세종특별시
2026-06-14T21:50:12+09:00,GBIKE,131305,55.0,36.485427,127.250286,12,세종특별시
2026-06-14T21:50:12+09:00,GBIKE,501443,30.0,36.485428,127.25011,12,세종특별시
2026-06-14T21:50:12+09:00,GBIKE,130402,36.0,36.485462,127.247234,12,세종특별시
2026-06-14T21:50:12+09:00,GBIKE,131501,30.0,36.48547,127.250355,12,세종특별시
2026-06-14T21:50:12+09:00,GBIKE,130727,49.0,36.485513,127.258735,12,세종특별시
2026-06-14T21:50:12+09:00,GBIKE,501320,32.0,36.485513,127.257387,12,세종특별시
2026-06-14T21:50:12+09:00,GBIKE,131966,63.0,36.485546,127.262139,12,세종특별시
2026-06-14T21:50:12+09:00,GBIKE,131058,94.0,36.485572,127.299783,12,세종특별시
2026-06-14T21:50:12+09:00,GBIKE,131361,79.0,36.485578,127.262184,12,세종특별시
2026-06-14T21:50:12+09:00,GBIKE,131483,76.0,36.485582,127.25889,12,세종특별시
2026-06-14T21:50:12+09:00,GBIKE,130576,63.0,36.485623,127.262096,12,세종특별시
2026-06-14T21:50:12+09:00,GBIKE,131639,63.0,36.485676,127.245419,12,세종특별시
2026-06-14T21:50:12+09:00,GBIKE,501577,70.0,36.485729,127.320378,12,세종특별시
2026-06-14T21:50:12+09:00,GBIKE,131271,37.0,36.48573,127.262151,12,세종특별시
2026-06-14T21:50:12+09:00,GBIKE,393554,30.0,36.485738,127.296456,12,세종특별시
2026-06-14T21:50:12+09:00,GBIKE,130498,30.0,36.485776,127.261796,12,세종특별시
2026-06-14T21:50:12+09:00,GBIKE,130442,95.0,36.485787,127.262544,12,세종특별시
2026-06-14T21:50:12+09:00,GBIKE,131803,36.0,36.485816,127.301556,12,세종특별시
2026-06-14T21:50:12+09:00,GBIKE,501462,100.0,36.485817,127.262613,12,세종특별시
2026-06-14T21:50:12+09:00,GBIKE,130191,100.0,36.48585,127.262356,12,세종특별시
2026-06-14T21:50:12+09:00,GBIKE,131143,61.0,36.48587,127.249969,12,세종특별시
2026-06-14T21:50:12+09:00,GBIKE,131715,42.0,36.485907,127.251036,12,세종특별시
2026-06-14T21:50:12+09:00,GBIKE,130364,30.0,36.485912,127.248109,12,세종특별시
2026-06-14T21:50:12+09:00,GBIKE,131961,31.0,36.485917,127.251041,12,세종특별시
2026-06-14T21:50:12+09:00,GBIKE,130380,93.0,36.485928,127.248247,12,세종특별시
2026-06-14T21:50:12+09:00,GBIKE,130775,35.0,36.48593,127.299396,12,세종특별시
2026-06-14T21:50:12+09:00,GBIKE,131428,38.0,36.48597,127.301559,12,세종특별시
2026-06-14T21:50:12+09:00,GBIKE,131233,31.0,36.485972,127.236725,12,세종특별시
2026-06-14T21:50:12+09:00,GBIKE,131911,37.0,36.485991,127.2462,12,세종특별시
2026-06-14T21:50:12+09:00,GBIKE,131295,55.0,36.486047,127.247947,12,세종특별시
2026-06-14T21:50:12+09:00,GBIKE,131138,30.0,36.486057,127.250053,12,세종특별시
2026-06-14T21:50:12+09:00,GBIKE,131120,84.0,36.486086,127.258839,12,세종특별시
2026-06-14T21:50:12+09:00,GBIKE,131985,95.0,36.486132,127.257164,12,세종특별시
2026-06-14T21:50:12+09:00,GBIKE,501321,84.0,36.48614,127.257112,12,세종특별시
2026-06-14T21:50:12+09:00,GBIKE,131690,100.0,36.486216,127.248147,12,세종특별시
2026-06-14T21:50:12+09:00,GBIKE,131770,30.0,36.48626,127.246499,12,세종특별시
2026-06-14T21:50:12+09:00,GBIKE,131155,81.0,36.486266,127.246495,12,세종특별시
2026-06-14T21:50:12+09:00,GBIKE,501555,73.0,36.486269,127.245316,12,세종특별시
2026-06-14T21:50:12+09:00,GBIKE,501522,36.0,36.486272,127.258292,12,세종특별시
2026-06-14T21:50:12+09:00,GBIKE,131241,79.0,36.486277,127.247852,12,세종특별시
2026-06-14T21:50:12+09:00,GBIKE,501210,69.0,36.486281,127.245533,12,세종특별시
2026-06-14T21:50:12+09:00,GBIKE,131196,95.0,36.486281,127.257006,12,세종특별시
2026-06-14T21:50:12+09:00,GBIKE,131806,49.0,36.486288,127.261591,12,세종특별시
2026-06-14T21:50:12+09:00,GBIKE,131768,34.0,36.486289,127.250273,12,세종특별시
2026-06-14T21:50:12+09:00,GBIKE,130027,31.0,36.486359,127.257252,12,세종특별시
2026-06-14T21:50:12+09:00,GBIKE,501171,35.0,36.486403,127.321237,12,세종특별시
2026-06-14T21:50:12+09:00,GBIKE,131513,52.0,36.486424,127.321314,12,세종특별시
2026-06-14T21:50:12+09:00,GBIKE,501395,75.0,36.486426,127.245207,12,세종특별시
2026-06-14T21:50:12+09:00,GBIKE,130448,36.0,36.486442,127.257194,12,세종특별시
2026-06-14T21:50:12+09:00,GBIKE,130985,67.0,36.486473,127.250531,12,세종특별시
2026-06-14T21:50:12+09:00,GBIKE,130222,36.0,36.486477,127.28331,12,세종특별시
2026-06-14T21:50:12+09:00,GBIKE,130779,42.0,36.486478,127.283307,12,세종특별시
2026-06-14T21:50:12+09:00,GBIKE,130923,33.0,36.486482,127.249925,12,세종특별시
2026-06-14T21:50:12+09:00,GBIKE,130564,66.0,36.486483,127.28331,12,세종특별시
2026-06-14T21:50:12+09:00,GBIKE,501391,36.0,36.486485,127.257751,12,세종특별시
2026-06-14T21:50:12+09:00,GBIKE,131101,31.0,36.486514,127.28333,12,세종특별시
2026-06-14T21:50:12+09:00,GBIKE,131926,96.0,36.486516,127.301598,12,세종특별시
2026-06-14T21:50:12+09:00,GBIKE,130877,63.0,36.486517,127.283329,12,세종특별시
2026-06-14T21:50:12+09:00,GBIKE,130739,97.0,36.486532,127.257641,12,세종특별시
2026-06-14T21:50:12+09:00,GBIKE,131600,90.0,36.486537,127.257729,12,세종특별시
2026-06-14T21:50:12+09:00,GBIKE,501180,30.0,36.486546,127.257703,12,세종특별시
2026-06-14T21:50:12+09:00,GBIKE,130628,71.0,36.486563,127.257689,12,세종특별시
2026-06-14T21:50:12+09:00,GBIKE,130447,65.0,36.486655,127.250569,12,세종특별시
2026-06-14T21:50:12+09:00,GBIKE,501103,78.0,36.486667,127.257597,12,세종특별시
2026-06-14T21:50:12+09:00,GBIKE,131617,32.0,36.486686,127.293827,12,세종특별시
2026-06-14T21:50:12+09:00,GBIKE,130733,34.0,36.486702,127.301233,12,세종특별시
2026-06-14T21:50:12+09:00,GBIKE,130605,65.0,36.486825,127.249669,12,세종특별시
2026-06-14T21:50:12+09:00,GBIKE,501372,37.0,36.486831,127.247615,12,세종특별시
2026-06-14T21:50:12+09:00,GBIKE,131055,36.0,36.486836,127.251833,12,세종특별시
2026-06-14T21:50:12+09:00,GBIKE,501252,55.0,36.4869,127.257451,12,세종특별시
2026-06-14T21:50:12+09:00,GBIKE,130944,65.0,36.4869,127.251546,12,세종특별시
2026-06-14T21:50:12+09:00,GBIKE,130019,100.0,36.486931,127.251655,12,세종특별시
2026-06-14T21:50:12+09:00,GBIKE,131563,64.0,36.486934,127.251539,12,세종특별시
2026-06-14T21:50:12+09:00,GBIKE,130264,100.0,36.486944,127.251618,12,세종특별시
2026-06-14T21:50:12+09:00,GBIKE,130855,56.0,36.486953,127.257927,12,세종특별시
2026-06-14T21:50:12+09:00,GBIKE,501164,30.0,36.486959,127.249661,12,세종특별시
2026-06-14T21:50:12+09:00,GBIKE,501350,30.0,36.48696,127.249688,12,세종특별시
2026-06-14T21:50:12+09:00,GBIKE,501353,82.0,36.486967,127.249601,12,세종특별시
2026-06-14T21:50:12+09:00,GBIKE,501413,43.0,36.486975,127.257908,12,세종특별시
2026-06-14T21:50:12+09:00,GBIKE,501264,72.0,36.486979,127.263406,12,세종특별시
2026-06-14T21:50:12+09:00,GBIKE,131718,92.0,36.486981,127.263394,12,세종특별시
2026-06-14T21:50:12+09:00,GBIKE,131465,30.0,36.486986,127.263356,12,세종특별시
2026-06-14T21:50:12+09:00,GBIKE,501227,39.0,36.48699,127.263385,12,세종특별시
2026-06-14T21:50:12+09:00,GBIKE,501466,41.0,36.486994,127.24936,12,세종특별시
2026-06-14T21:50:12+09:00,GBIKE,130838,60.0,36.486998,127.251539,12,세종특별시
2026-06-14T21:50:12+09:00,GBIKE,131169,77.0,36.486999,127.260458,12,세종특별시
2026-06-14T21:50:12+09:00,GBIKE,131533,43.0,36.48701,127.257895,12,세종특별시
2026-06-14T21:50:12+09:00,GBIKE,131429,39.0,36.487026,127.2575,12,세종특별시
2026-06-14T21:50:12+09:00,GBIKE,501449,69.0,36.487036,127.249358,12,세종특별시
2026-06-14T21:50:12+09:00,GBIKE,130910,86.0,36.487045,127.25589,12,세종특별시
2026-06-14T21:50:12+09:00,GBIKE,130797,88.0,36.487049,127.260505,12,세종특별시
2026-06-14T21:50:12+09:00,GBIKE,501567,60.0,36.487061,127.299765,12,세종특별시
2026-06-14T21:50:12+09:00,GBIKE,131887,55.0,36.487063,127.256898,12,세종특별시
2026-06-14T21:50:12+09:00,GBIKE,339068,33.0,36.487068,127.257466,12,세종특별시
2026-06-14T21:50:12+09:00,GBIKE,501538,66.0,36.48707,127.299728,12,세종특별시
2026-06-14T21:50:12+09:00,GBIKE,130742,30.0,36.487072,127.247622,12,세종특별시
2026-06-14T21:50:12+09:00,GBIKE,130705,42.0,36.487085,127.257508,12,세종특별시
2026-06-14T21:50:12+09:00,GBIKE,131274,87.0,36.487096,127.262317,12,세종특별시
2026-06-14T21:50:12+09:00,GBIKE,131471,39.0,36.487098,127.257848,12,세종특별시
2026-06-14T21:50:12+09:00,GBIKE,130371,91.0,36.487101,127.257859,12,세종특별시
2026-06-14T21:50:12+09:00,GBIKE,130228,93.0,36.487131,127.302104,12,세종특별시
2026-06-14T21:50:12+09:00,GBIKE,130766,37.0,36.487133,127.302143,12,세종특별시
2026-06-14T21:50:12+09:00,GBIKE,501506,30.0,36.48714,127.249543,12,세종특별시
2026-06-14T21:50:12+09:00,GBIKE,130167,58.0,36.48715,127.251479,12,세종특별시
2026-06-14T21:50:12+09:00,GBIKE,130305,78.0,36.487151,127.26495,12,세종특별시
2026-06-14T21:50:12+09:00,GBIKE,130273,94.0,36.487192,127.256507,12,세종특별시
2026-06-14T21:50:12+09:00,GBIKE,131028,98.0,36.487226,127.248053,12,세종특별시
2026-06-14T21:50:12+09:00,GBIKE,130429,32.0,36.487248,127.249316,12,세종특별시
2026-06-14T21:50:12+09:00,GBIKE,131172,62.0,36.487252,127.260671,12,세종특별시
2026-06-14T21:50:12+09:00,GBIKE,130503,30.0,36.487265,127.297062,12,세종특별시
2026-06-14T21:50:12+09:00,GBIKE,131008,78.0,36.487293,127.3194,12,세종특별시
2026-06-14T21:50:12+09:00,GBIKE,131565,31.0,36.487299,127.257371,12,세종특별시
2026-06-14T21:50:12+09:00,GBIKE,131320,65.0,36.487348,127.265736,12,세종특별시
2026-06-14T21:50:12+09:00,GBIKE,131866,100.0,36.487353,127.296652,12,세종특별시
2026-06-14T21:50:12+09:00,GBIKE,131045,39.0,36.487377,127.322273,12,세종특별시
2026-06-14T21:50:12+09:00,GBIKE,501585,31.0,36.487428,127.248612,12,세종특별시
2026-06-14T21:50:12+09:00,GBIKE,130762,85.0,36.487445,127.24468,12,세종특별시
2026-06-14T21:50:12+09:00,GBIKE,130355,30.0,36.487452,127.257155,12,세종특별시
2026-06-14T21:50:12+09:00,GBIKE,131397,36.0,36.487461,127.265981,12,세종특별시
2026-06-14T21:50:12+09:00,GBIKE,130759,59.0,36.487464,127.24475,12,세종특별시
2026-06-14T21:50:12+09:00,GBIKE,130980,36.0,36.487482,127.244711,12,세종특별시
2026-06-14T21:50:12+09:00,GBIKE,131311,81.0,36.487483,127.247773,12,세종특별시
2026-06-14T21:50:12+09:00,GBIKE,130408,61.0,36.487503,127.244716,12,세종특별시
2026-06-14T21:50:12+09:00,GBIKE,130333,79.0,36.487513,127.247742,12,세종특별시
2026-06-14T21:50:12+09:00,GBIKE,131992,30.0,36.487544,127.257571,12,세종특별시
2026-06-14T21:50:12+09:00,GBIKE,130325,95.0,36.487581,127.256612,12,세종특별시
2026-06-14T21:50:12+09:00,GBIKE,130558,83.0,36.487583,127.266274,12,세종특별시
2026-06-14T21:50:12+09:00,GBIKE,130998,30.0,36.487594,127.257589,12,세종특별시
2026-06-14T21:50:12+09:00,GBIKE,131307,31.0,36.487631,127.260687,12,세종특별시
2026-06-14T21:50:12+09:00,GBIKE,501502,40.0,36.487672,127.266678,12,세종특별시
2026-06-14T21:50:12+09:00,GBIKE,131260,51.0,36.487683,127.264372,12,세종특별시
2026-06-14T21:50:12+09:00,GBIKE,501362,95.0,36.487691,127.302867,12,세종특별시
2026-06-14T21:50:12+09:00,GBIKE,501365,65.0,36.487897,127.257011,12,세종특별시
2026-06-14T21:50:12+09:00,GBIKE,130972,59.0,36.487907,127.257017,12,세종특별시
2026-06-14T21:50:12+09:00,GBIKE,131642,100.0,36.487919,127.260882,12,세종특별시
2026-06-14T21:50:12+09:00,GBIKE,131063,62.0,36.487958,127.26729,12,세종특별시
2026-06-14T21:50:12+09:00,GBIKE,130074,65.0,36.488018,127.263357,12,세종특별시
2026-06-14T21:50:12+09:00,GBIKE,131083,99.0,36.488029,127.256213,12,세종특별시
2026-06-14T21:50:12+09:00,GBIKE,501489,55.0,36.488097,127.263663,12,세종특별시
2026-06-14T21:50:12+09:00,GBIKE,501136,44.0,36.488112,127.263679,12,세종특별시
2026-06-14T21:50:12+09:00,GBIKE,131227,49.0,36.488141,127.263948,12,세종특별시
2026-06-14T21:50:12+09:00,GBIKE,501131,64.0,36.488275,127.250271,12,세종특별시
2026-06-14T21:50:12+09:00,GBIKE,130715,31.0,36.488276,127.263745,12,세종특별시
2026-06-14T21:50:12+09:00,GBIKE,131447,63.0,36.48829,127.24755,12,세종특별시
2026-06-14T21:50:12+09:00,GBIKE,131066,56.0,36.488319,127.264545,12,세종특별시
2026-06-14T21:50:12+09:00,GBIKE,130524,38.0,36.488323,127.254954,12,세종특별시
2026-06-14T21:50:12+09:00,GBIKE,131979,59.0,36.488372,127.322304,12,세종특별시
2026-06-14T21:50:12+09:00,GBIKE,130919,75.0,36.488375,127.247441,12,세종특별시
2026-06-14T21:50:12+09:00,GBIKE,131005,91.0,36.488382,127.247541,12,세종특별시
2026-06-14T21:50:12+09:00,GBIKE,131954,42.0,36.488443,127.244047,12,세종특별시
2026-06-14T21:50:12+09:00,GBIKE,131062,39.0,36.488464,127.247414,12,세종특별시
2026-06-14T21:50:12+09:00,GBIKE,130697,31.0,36.488471,127.300111,12,세종특별시
2026-06-14T21:50:12+09:00,GBIKE,131801,71.0,36.488477,127.247587,12,세종특별시
2026-06-14T21:50:12+09:00,GBIKE,130334,74.0,36.488485,127.24658,12,세종특별시
2026-06-14T21:50:12+09:00,GBIKE,131441,41.0,36.488511,127.247635,12,세종특별시
2026-06-14T21:50:12+09:00,GBIKE,130176,90.0,36.488544,127.247598,12,세종특별시
2026-06-14T21:50:12+09:00,GBIKE,131238,76.0,36.488589,127.263652,12,세종특별시
2026-06-14T21:50:12+09:00,GBIKE,131636,77.0,36.488615,127.257123,12,세종특별시
2026-06-14T21:50:12+09:00,GBIKE,131218,54.0,36.488656,127.250125,12,세종특별시
2026-06-14T21:50:12+09:00,GBIKE,501484,91.0,36.488697,127.321585,12,세종특별시
2026-06-14T21:50:12+09:00,GBIKE,130094,64.0,36.488746,127.321591,12,세종특별시
2026-06-14T21:50:12+09:00,GBIKE,130237,88.0,36.48875,127.256366,12,세종특별시
2026-06-14T21:50:12+09:00,GBIKE,130974,92.0,36.488751,127.247269,12,세종특별시
2026-06-14T21:50:12+09:00,GBIKE,130363,32.0,36.488769,127.247347,12,세종특별시
2026-06-14T21:50:12+09:00,GBIKE,130688,31.0,36.488864,127.25663,12,세종특별시
2026-06-14T21:50:12+09:00,GBIKE,501135,38.0,36.488905,127.301999,12,세종특별시
2026-06-14T21:50:12+09:00,GBIKE,131393,42.0,36.488916,127.256674,12,세종특별시
2026-06-14T21:50:12+09:00,GBIKE,501553,69.0,36.488917,127.255033,12,세종특별시
2026-06-14T21:50:12+09:00,GBIKE,130103,62.0,36.488928,127.259819,12,세종특별시
2026-06-14T21:50:12+09:00,GBIKE,131802,70.0,36.48893,127.247476,12,세종특별시
2026-06-14T21:50:12+09:00,GBIKE,130232,49.0,36.488962,127.247143,12,세종특별시
2026-06-14T21:50:12+09:00,GBIKE,131679,100.0,36.488986,127.257064,12,세종특별시
2026-06-14T21:50:12+09:00,GBIKE,131069,44.0,36.488993,127.259754,12,세종특별시
2026-06-14T21:50:12+09:00,GBIKE,130093,30.0,36.488995,127.266245,12,세종특별시
2026-06-14T21:50:12+09:00,GBIKE,131716,36.0,36.488996,127.25702,12,세종특별시
2026-06-14T21:50:12+09:00,GBIKE,501258,92.0,36.488999,127.265761,12,세종특별시
2026-06-14T21:50:12+09:00,GBIKE,130230,33.0,36.489003,127.247335,12,세종특별시
2026-06-14T21:50:12+09:00,GBIKE,131412,64.0,36.489003,127.25703,12,세종특별시
2026-06-14T21:50:12+09:00,GBIKE,130650,83.0,36.489005,127.257052,12,세종특별시
2026-06-14T21:50:12+09:00,GBIKE,130970,30.0,36.489019,127.257016,12,세종특별시
2026-06-14T21:50:12+09:00,GBIKE,131108,42.0,36.489035,127.247347,12,세종특별시
2026-06-14T21:50:12+09:00,GBIKE,130516,91.0,36.48904,127.26646,12,세종특별시
2026-06-14T21:50:12+09:00,GBIKE,131235,67.0,36.489044,127.259564,12,세종특별시
2026-06-14T21:50:12+09:00,GBIKE,130351,35.0,36.489057,127.266342,12,세종특별시
2026-06-14T21:50:12+09:00,GBIKE,131054,92.0,36.489069,127.247398,12,세종특별시
2026-06-14T21:50:12+09:00,GBIKE,130693,95.0,36.489083,127.266421,12,세종특별시
2026-06-14T21:50:12+09:00,GBIKE,131154,77.0,36.489093,127.260646,12,세종특별시
2026-06-14T21:50:12+09:00,GBIKE,130609,33.0,36.489099,127.243797,12,세종특별시
2026-06-14T21:50:12+09:00,GBIKE,501542,76.0,36.489111,127.260443,12,세종특별시
2026-06-14T21:50:12+09:00,GBIKE,131133,36.0,36.489139,127.256237,12,세종특별시
2026-06-14T21:50:12+09:00,GBIKE,131628,54.0,36.489169,127.256181,12,세종특별시
2026-06-14T21:50:12+09:00,GBIKE,130958,39.0,36.489175,127.256215,12,세종특별시
2026-06-14T21:50:12+09:00,GBIKE,131496,88.0,36.489178,127.254545,12,세종특별시
2026-06-14T21:50:12+09:00,GBIKE,130772,49.0,36.489195,127.247054,12,세종특별시
2026-06-14T21:50:12+09:00,GBIKE,130209,56.0,36.489197,127.271136,12,세종특별시
2026-06-14T21:50:12+09:00,GBIKE,501370,97.0,36.489227,127.30233,12,세종특별시
2026-06-14T21:50:12+09:00,GBIKE,130885,100.0,36.489228,127.25647,12,세종특별시
2026-06-14T21:50:12+09:00,GBIKE,130475,77.0,36.489243,127.266559,12,세종특별시
2026-06-14T21:50:12+09:00,GBIKE,501297,78.0,36.489256,127.256173,12,세종특별시
2026-06-14T21:50:12+09:00,GBIKE,130468,66.0,36.489257,127.257408,12,세종특별시
2026-06-14T21:50:12+09:00,GBIKE,131379,56.0,36.489279,127.256511,12,세종특별시
2026-06-14T21:50:12+09:00,GBIKE,130761,36.0,36.489281,127.260564,12,세종특별시
2026-06-14T21:50:12+09:00,GBIKE,130896,95.0,36.489291,127.257852,12,세종특별시
2026-06-14T21:50:12+09:00,GBIKE,131319,82.0,36.489334,127.252946,12,세종특별시
2026-06-14T21:50:12+09:00,GBIKE,130965,39.0,36.489334,127.25791,12,세종특별시
2026-06-14T21:50:12+09:00,GBIKE,130664,47.0,36.489344,127.257288,12,세종특별시
2026-06-14T21:50:12+09:00,GBIKE,130512,85.0,36.489347,127.256516,12,세종특별시
2026-06-14T21:50:12+09:00,GBIKE,130889,77.0,36.489352,127.256577,12,세종특별시
2026-06-14T21:50:12+09:00,GBIKE,131019,54.0,36.489355,127.258111,12,세종특별시
2026-06-14T21:50:12+09:00,GBIKE,131095,33.0,36.489365,127.259635,12,세종특별시
2026-06-14T21:50:12+09:00,GBIKE,130887,33.0,36.489386,127.256921,12,세종특별시
2026-06-14T21:50:12+09:00,GBIKE,130294,30.0,36.489394,127.266105,12,세종특별시
2026-06-14T21:50:12+09:00,GBIKE,130751,36.0,36.489398,127.256425,12,세종특별시
2026-06-14T21:50:12+09:00,GBIKE,131337,38.0,36.489399,127.256557,12,세종특별시
2026-06-14T21:50:12+09:00,GBIKE,130239,33.0,36.489405,127.256822,12,세종특별시
2026-06-14T21:50:12+09:00,GBIKE,131018,41.0,36.489405,127.257962,12,세종특별시
2026-06-14T21:50:12+09:00,GBIKE,130099,71.0,36.48942,127.256914,12,세종특별시
2026-06-14T21:50:12+09:00,GBIKE,130790,91.0,36.489426,127.256502,12,세종특별시
2026-06-14T21:50:12+09:00,GBIKE,130867,46.0,36.489432,127.259709,12,세종특별시
2026-06-14T21:50:12+09:00,GBIKE,130304,84.0,36.489443,127.259624,12,세종특별시
2026-06-14T21:50:12+09:00,GBIKE,130221,83.0,36.489444,127.256511,12,세종특별시
2026-06-14T21:50:12+09:00,GBIKE,131825,75.0,36.489445,127.256556,12,세종특별시
2026-06-14T21:50:12+09:00,GBIKE,130945,52.0,36.489446,127.25656,12,세종특별시
2026-06-14T21:50:12+09:00,GBIKE,131568,83.0,36.489447,127.256516,12,세종특별시
2026-06-14T21:50:12+09:00,GBIKE,501217,54.0,36.489451,127.256492,12,세종특별시
2026-06-14T21:50:12+09:00,GBIKE,131725,58.0,36.489464,127.247169,12,세종특별시
2026-06-14T21:50:12+09:00,GBIKE,130126,69.0,36.489467,127.256567,12,세종특별시
2026-06-14T21:50:12+09:00,GBIKE,131289,81.0,36.489469,127.247215,12,세종특별시
2026-06-14T21:50:12+09:00,GBIKE,131410,33.0,36.48948,127.256513,12,세종특별시
2026-06-14T21:50:12+09:00,GBIKE,130197,74.0,36.48949,127.259329,12,세종특별시
2026-06-14T21:50:12+09:00,GBIKE,501464,78.0,36.48951,127.260223,12,세종특별시
2026-06-14T21:50:12+09:00,GBIKE,501338,81.0,36.489512,127.256524,12,세종특별시
2026-06-14T21:50:12+09:00,GBIKE,131185,30.0,36.489515,127.25699,12,세종특별시
2026-06-14T21:50:12+09:00,GBIKE,131298,35.0,36.489517,127.256523,12,세종특별시
2026-06-14T21:50:12+09:00,GBIKE,130569,86.0,36.489518,127.25908,12,세종특별시
2026-06-14T21:50:12+09:00,GBIKE,130783,64.0,36.489539,127.256518,12,세종특별시
2026-06-14T21:50:12+09:00,GBIKE,131312,38.0,36.489544,127.259329,12,세종특별시
2026-06-14T21:50:12+09:00,GBIKE,131040,68.0,36.489549,127.259216,12,세종특별시
2026-06-14T21:50:12+09:00,GBIKE,131788,79.0,36.489558,127.256582,12,세종특별시
2026-06-14T21:50:12+09:00,GBIKE,130571,84.0,36.489575,127.256565,12,세종특별시
2026-06-14T21:50:12+09:00,GBIKE,130780,84.0,36.489593,127.256568,12,세종특별시
2026-06-14T21:50:12+09:00,GBIKE,130906,100.0,36.489624,127.256437,12,세종특별시
2026-06-14T21:50:12+09:00,GBIKE,130033,41.0,36.489635,127.256454,12,세종특별시
2026-06-14T21:50:12+09:00,GBIKE,130854,67.0,36.489654,127.257256,12,세종특별시
2026-06-14T21:50:12+09:00,GBIKE,501109,61.0,36.489674,127.260804,12,세종특별시
2026-06-14T21:50:12+09:00,GBIKE,131977,48.0,36.489698,127.256753,12,세종특별시
2026-06-14T21:50:12+09:00,GBIKE,131126,37.0,36.489729,127.259553,12,세종특별시
2026-06-14T21:50:12+09:00,GBIKE,130031,75.0,36.489762,127.256903,12,세종특별시
2026-06-14T21:50:12+09:00,GBIKE,131302,100.0,36.489798,127.244997,12,세종특별시
2026-06-14T21:50:12+09:00,GBIKE,130418,80.0,36.489807,127.244917,12,세종특별시
2026-06-14T21:50:12+09:00,GBIKE,130029,69.0,36.489824,127.259109,12,세종특별시
2026-06-14T21:50:12+09:00,GBIKE,130313,37.0,36.489824,127.256333,12,세종특별시
2026-06-14T21:50:12+09:00,GBIKE,131929,100.0,36.489836,127.259547,12,세종특별시
2026-06-14T21:50:12+09:00,GBIKE,130737,73.0,36.489836,127.256916,12,세종특별시
2026-06-14T21:50:12+09:00,GBIKE,130622,64.0,36.489845,127.255706,12,세종특별시
2026-06-14T21:50:12+09:00,GBIKE,131463,77.0,36.489863,127.259272,12,세종특별시
2026-06-14T21:50:12+09:00,GBIKE,131706,63.0,36.489876,127.246733,12,세종특별시
2026-06-14T21:50:12+09:00,GBIKE,131714,63.0,36.489878,127.259314,12,세종특별시
2026-06-14T21:50:12+09:00,GBIKE,131949,96.0,36.489885,127.301875,12,세종특별시
2026-06-14T21:50:12+09:00,GBIKE,501582,49.0,36.489891,127.25585,12,세종특별시
2026-06-14T21:50:12+09:00,GBIKE,130701,94.0,36.489966,127.255796,12,세종특별시
2026-06-14T21:50:12+09:00,GBIKE,131836,61.0,36.489987,127.250177,12,세종특별시
2026-06-14T21:50:12+09:00,GBIKE,130212,61.0,36.489989,127.256861,12,세종특별시
2026-06-14T21:50:12+09:00,GBIKE,131588,35.0,36.48999,127.255632,12,세종특별시
2026-06-14T21:50:12+09:00,GBIKE,130781,82.0,36.490017,127.248733,12,세종특별시
2026-06-14T21:50:12+09:00,GBIKE,501408,59.0,36.49002,127.255676,12,세종특별시
2026-06-14T21:50:12+09:00,GBIKE,131824,34.0,36.490055,127.257312,12,세종특별시
2026-06-14T21:50:12+09:00,GBIKE,131995,35.0,36.490062,127.248734,12,세종특별시
2026-06-14T21:50:12+09:00,GBIKE,131748,100.0,36.490068,127.248677,12,세종특별시
2026-06-14T21:50:12+09:00,GBIKE,130464,52.0,36.490161,127.256796,12,세종특별시
2026-06-14T21:50:12+09:00,GBIKE,131665,64.0,36.490195,127.254184,12,세종특별시
2026-06-14T21:50:12+09:00,GBIKE,131510,71.0,36.490229,127.256746,12,세종특별시
2026-06-14T21:50:12+09:00,GBIKE,130394,100.0,36.490236,127.247116,12,세종특별시
2026-06-14T21:50:12+09:00,GBIKE,131571,32.0,36.490238,127.247121,12,세종특별시
2026-06-14T21:50:12+09:00,GBIKE,131144,93.0,36.490271,127.256773,12,세종특별시
2026-06-14T21:50:12+09:00,GBIKE,130738,84.0,36.490272,127.259192,12,세종특별시
2026-06-14T21:50:12+09:00,GBIKE,131698,59.0,36.490276,127.25416,12,세종특별시
2026-06-14T21:50:12+09:00,GBIKE,131784,75.0,36.490279,127.256192,12,세종특별시
2026-06-14T21:50:12+09:00,GBIKE,130518,42.0,36.490323,127.243372,12,세종특별시
2026-06-14T21:50:12+09:00,GBIKE,131145,32.0,36.490332,127.258653,12,세종특별시
2026-06-14T21:50:12+09:00,GBIKE,130238,52.0,36.490338,127.263258,12,세종특별시
2026-06-14T21:50:12+09:00,GBIKE,131572,72.0,36.490352,127.259129,12,세종특별시
2026-06-14T21:50:12+09:00,GBIKE,130618,65.0,36.490364,127.256763,12,세종특별시
2026-06-14T21:50:12+09:00,GBIKE,501128,98.0,36.490385,127.30302,12,세종특별시
2026-06-14T21:50:12+09:00,GBIKE,130856,41.0,36.490411,127.249011,12,세종특별시
2026-06-14T21:50:12+09:00,GBIKE,130743,32.0,36.490412,127.246773,12,세종특별시
2026-06-14T21:50:12+09:00,GBIKE,130062,59.0,36.490433,127.25913,12,세종특별시
2026-06-14T21:50:12+09:00,GBIKE,131686,69.0,36.490433,127.245362,12,세종특별시
2026-06-14T21:50:12+09:00,GBIKE,501123,31.0,36.490439,127.301676,12,세종특별시
2026-06-14T21:50:12+09:00,GBIKE,501554,95.0,36.490452,127.303005,12,세종특별시
2026-06-14T21:50:12+09:00,GBIKE,131255,65.0,36.490535,127.301755,12,세종특별시
2026-06-14T21:50:12+09:00,GBIKE,130427,36.0,36.490548,127.259163,12,세종특별시
2026-06-14T21:50:12+09:00,GBIKE,501592,52.0,36.490558,127.252397,12,세종특별시
2026-06-14T21:50:12+09:00,GBIKE,130261,30.0,36.490597,127.25912,12,세종특별시
2026-06-14T21:50:12+09:00,GBIKE,131898,80.0,36.490598,127.302407,12,세종특별시
2026-06-14T21:50:12+09:00,GBIKE,501392,55.0,36.490613,127.267864,12,세종특별시
2026-06-14T21:50:12+09:00,GBIKE,130495,88.0,36.490616,127.259125,12,세종특별시
2026-06-14T21:50:12+09:00,GBIKE,130853,94.0,36.490621,127.259084,12,세종특별시
2026-06-14T21:50:12+09:00,GBIKE,131173,74.0,36.490627,127.301396,12,세종특별시
2026-06-14T21:50:12+09:00,GBIKE,131106,60.0,36.490658,127.256229,12,세종특별시
2026-06-14T21:50:12+09:00,GBIKE,131160,50.0,36.49068,127.259102,12,세종특별시
2026-06-14T21:50:12+09:00,GBIKE,130280,70.0,36.490693,127.264438,12,세종특별시
2026-06-14T21:50:12+09:00,GBIKE,131030,71.0,36.490763,127.259075,12,세종특별시
2026-06-14T21:50:12+09:00,GBIKE,131997,51.0,36.490828,127.259111,12,세종특별시
2026-06-14T21:50:12+09:00,GBIKE,131387,31.0,36.49084,127.256137,12,세종특별시
2026-06-14T21:50:12+09:00,GBIKE,131490,79.0,36.490844,127.252359,12,세종특별시
2026-06-14T21:50:12+09:00,GBIKE,131816,82.0,36.490863,127.259048,12,세종특별시
2026-06-14T21:50:12+09:00,GBIKE,131371,40.0,36.490902,127.258329,12,세종특별시
2026-06-14T21:50:12+09:00,GBIKE,130709,89.0,36.490911,127.251101,12,세종특별시
2026-06-14T21:50:12+09:00,GBIKE,131888,57.0,36.490926,127.256145,12,세종특별시
2026-06-14T21:50:12+09:00,GBIKE,131001,83.0,36.490928,127.255961,12,세종특별시
2026-06-14T21:50:12+09:00,GBIKE,131878,58.0,36.490946,127.262691,12,세종특별시
2026-06-14T21:50:12+09:00,GBIKE,501439,100.0,36.490955,127.25728,12,세종특별시
2026-06-14T21:50:12+09:00,GBIKE,131963,96.0,36.490968,127.259007,12,세종특별시
2026-06-14T21:50:12+09:00,GBIKE,130904,30.0,36.490989,127.257326,12,세종특별시
2026-06-14T21:50:12+09:00,GBIKE,130300,47.0,36.491007,127.256951,12,세종특별시
2026-06-14T21:50:12+09:00,GBIKE,130529,31.0,36.491007,127.262647,12,세종특별시
2026-06-14T21:50:12+09:00,GBIKE,131515,59.0,36.491014,127.2574,12,세종특별시
2026-06-14T21:50:12+09:00,GBIKE,131015,50.0,36.491014,127.256056,12,세종특별시
2026-06-14T21:50:12+09:00,GBIKE,130276,32.0,36.491015,127.257199,12,세종특별시
2026-06-14T21:50:12+09:00,GBIKE,131456,37.0,36.491026,127.257174,12,세종특별시
2026-06-14T21:50:12+09:00,GBIKE,130941,69.0,36.491047,127.257369,12,세종특별시
2026-06-14T21:50:12+09:00,GBIKE,131579,34.0,36.491053,127.257125,12,세종특별시
2026-06-14T21:50:12+09:00,GBIKE,130471,32.0,36.491056,127.257157,12,세종특별시
2026-06-14T21:50:12+09:00,GBIKE,501126,72.0,36.491068,127.262957,12,세종특별시
2026-06-14T21:50:12+09:00,GBIKE,131282,34.0,36.491073,127.25676,12,세종특별시
2026-06-14T21:50:12+09:00,GBIKE,131735,48.0,36.491121,127.258952,12,세종특별시
2026-06-14T21:50:12+09:00,GBIKE,130157,54.0,36.491137,127.300714,12,세종특별시
2026-06-14T21:50:12+09:00,GBIKE,501366,81.0,36.4912,127.254538,12,세종특별시
2026-06-14T21:50:12+09:00,GBIKE,131699,57.0,36.491221,127.257462,12,세종특별시
2026-06-14T21:50:12+09:00,GBIKE,130266,35.0,36.491222,127.249566,12,세종특별시
2026-06-14T21:50:12+09:00,GBIKE,131461,30.0,36.491254,127.258416,12,세종특별시
2026-06-14T21:50:12+09:00,GBIKE,501516,30.0,36.491273,127.256172,12,세종특별시
2026-06-14T21:50:12+09:00,GBIKE,130587,39.0,36.491276,127.256047,12,세종특별시
2026-06-14T21:50:12+09:00,GBIKE,130152,78.0,36.491289,127.242254,12,세종특별시
2026-06-14T21:50:12+09:00,GBIKE,501228,57.0,36.491298,127.257694,12,세종특별시
2026-06-14T21:50:12+09:00,GBIKE,130133,36.0,36.491324,127.254992,12,세종특별시
2026-06-14T21:50:12+09:00,GBIKE,501498,52.0,36.491327,127.255973,12,세종특별시
2026-06-14T21:50:12+09:00,GBIKE,501427,43.0,36.491335,127.256227,12,세종특별시
2026-06-14T21:50:12+09:00,GBIKE,130665,36.0,36.491341,127.255867,12,세종특별시
2026-06-14T21:50:12+09:00,GBIKE,131420,84.0,36.491352,127.256162,12,세종특별시
2026-06-14T21:50:12+09:00,GBIKE,130603,75.0,36.491366,127.256058,12,세종특별시
2026-06-14T21:50:12+09:00,GBIKE,501186,68.0,36.491373,127.258028,12,세종특별시
2026-06-14T21:50:12+09:00,GBIKE,131619,86.0,36.491374,127.26017,12,세종특별시
2026-06-14T21:50:12+09:00,GBIKE,131772,59.0,36.491377,127.26975,12,세종특별시
2026-06-14T21:50:12+09:00,GBIKE,501152,82.0,36.491381,127.258021,12,세종특별시
2026-06-14T21:50:12+09:00,GBIKE,131623,100.0,36.491382,127.256135,12,세종특별시
2026-06-14T21:50:12+09:00,GBIKE,501196,94.0,36.491385,127.256085,12,세종특별시
2026-06-14T21:50:12+09:00,GBIKE,501334,55.0,36.491387,127.258161,12,세종특별시
2026-06-14T21:50:12+09:00,GBIKE,130773,31.0,36.491394,127.25613,12,세종특별시
2026-06-14T21:50:12+09:00,GBIKE,501430,68.0,36.491425,127.2556,12,세종특별시
2026-06-14T21:50:12+09:00,GBIKE,501275,95.0,36.491451,127.256557,12,세종특별시
2026-06-14T21:50:12+09:00,GBIKE,130981,57.0,36.491466,127.25614,12,세종특별시
2026-06-14T21:50:12+09:00,GBIKE,130736,74.0,36.491485,127.260705,12,세종특별시
2026-06-14T21:50:12+09:00,GBIKE,131141,32.0,36.491492,127.256078,12,세종특별시
2026-06-14T21:50:12+09:00,GBIKE,131625,97.0,36.491512,127.300075,12,세종특별시
2026-06-14T21:50:12+09:00,GBIKE,131444,89.0,36.491532,127.256075,12,세종특별시
2026-06-14T21:50:12+09:00,GBIKE,130248,66.0,36.491553,127.257353,12,세종특별시
2026-06-14T21:50:12+09:00,GBIKE,130393,91.0,36.491591,127.256196,12,세종특별시
2026-06-14T21:50:12+09:00,GBIKE,501419,35.0,36.491613,127.256175,12,세종특별시
2026-06-14T21:50:12+09:00,GBIKE,131577,64.0,36.491625,127.249696,12,세종특별시
2026-06-14T21:50:12+09:00,GBIKE,131616,44.0,36.491632,127.254125,12,세종특별시
2026-06-14T21:50:12+09:00,GBIKE,131741,66.0,36.491686,127.25514,12,세종특별시
2026-06-14T21:50:12+09:00,GBIKE,131838,93.0,36.491695,127.303369,12,세종특별시
2026-06-14T21:50:12+09:00,GBIKE,131162,100.0,36.491712,127.256612,12,세종특별시
2026-06-14T21:50:12+09:00,GBIKE,131539,46.0,36.491717,127.250273,12,세종특별시
2026-06-14T21:50:12+09:00,GBIKE,131581,100.0,36.491742,127.256661,12,세종특별시
2026-06-14T21:50:12+09:00,GBIKE,130626,34.0,36.491744,127.260417,12,세종특별시
2026-06-14T21:50:12+09:00,GBIKE,131163,80.0,36.491747,127.25663,12,세종특별시
2026-06-14T21:50:12+09:00,GBIKE,130165,100.0,36.491748,127.256591,12,세종특별시
2026-06-14T21:50:12+09:00,GBIKE,501142,71.0,36.491748,127.269545,12,세종특별시
2026-06-14T21:50:12+09:00,GBIKE,131378,72.0,36.491751,127.256597,12,세종특별시
2026-06-14T21:50:12+09:00,GBIKE,501438,84.0,36.491768,127.269519,12,세종특별시
2026-06-14T21:50:12+09:00,GBIKE,131223,96.0,36.491768,127.256567,12,세종특별시
2026-06-14T21:50:12+09:00,GBIKE,131651,100.0,36.49178,127.25658,12,세종특별시
2026-06-14T21:50:12+09:00,GBIKE,131468,80.0,36.491799,127.256587,12,세종특별시
2026-06-14T21:50:12+09:00,GBIKE,131758,54.0,36.491803,127.256574,12,세종특별시
2026-06-14T21:50:12+09:00,GBIKE,131079,88.0,36.491846,127.256591,12,세종특별시
2026-06-14T21:50:12+09:00,GBIKE,131331,54.0,36.49194,127.249648,12,세종특별시
2026-06-14T21:50:12+09:00,GBIKE,501578,81.0,36.491964,127.262354,12,세종특별시
2026-06-14T21:50:12+09:00,GBIKE,131215,100.0,36.492128,127.256538,12,세종특별시
2026-06-14T21:50:12+09:00,GBIKE,130937,47.0,36.492207,127.256035,12,세종특별시
2026-06-14T21:50:12+09:00,GBIKE,131367,39.0,36.492215,127.256105,12,세종특별시
2026-06-14T21:50:12+09:00,GBIKE,501436,61.0,36.492224,127.256169,12,세종특별시
2026-06-14T21:50:12+09:00,GBIKE,130907,88.0,36.492248,127.245807,12,세종특별시
2026-06-14T21:50:12+09:00,GBIKE,501400,55.0,36.492262,127.256998,12,세종특별시
2026-06-14T21:50:12+09:00,GBIKE,130968,92.0,36.49229,127.245933,12,세종특별시
2026-06-14T21:50:12+09:00,GBIKE,131168,54.0,36.492293,127.303126,12,세종특별시
2026-06-14T21:50:12+09:00,GBIKE,501122,100.0,36.492302,127.257042,12,세종특별시
2026-06-14T21:50:12+09:00,GBIKE,131738,30.0,36.492325,127.241406,12,세종특별시
2026-06-14T21:50:12+09:00,GBIKE,131745,30.0,36.492366,127.241373,12,세종특별시
2026-06-14T21:50:12+09:00,GBIKE,131555,32.0,36.492366,127.252969,12,세종특별시
2026-06-14T21:50:12+09:00,GBIKE,130847,62.0,36.492407,127.249504,12,세종특별시
2026-06-14T21:50:12+09:00,GBIKE,131813,36.0,36.492424,127.241933,12,세종특별시
2026-06-14T21:50:12+09:00,GBIKE,130811,31.0,36.492447,127.254885,12,세종특별시
2026-06-14T21:50:12+09:00,GBIKE,131482,50.0,36.492502,127.254393,12,세종특별시
2026-06-14T21:50:12+09:00,GBIKE,131921,37.0,36.492589,127.255917,12,세종특별시
2026-06-14T21:50:12+09:00,GBIKE,131720,77.0,36.49259,127.262859,12,세종특별시
2026-06-14T21:50:12+09:00,GBIKE,131408,31.0,36.492591,127.26283,12,세종특별시
2026-06-14T21:50:12+09:00,GBIKE,131989,83.0,36.492598,127.255931,12,세종특별시
2026-06-14T21:50:12+09:00,GBIKE,130358,39.0,36.492599,127.257101,12,세종특별시
2026-06-14T21:50:12+09:00,GBIKE,131519,92.0,36.492601,127.255866,12,세종특별시
2026-06-14T21:50:12+09:00,GBIKE,130308,100.0,36.49262,127.303067,12,세종특별시
2026-06-14T21:50:12+09:00,GBIKE,130589,90.0,36.492636,127.303064,12,세종특별시
2026-06-14T21:50:12+09:00,GBIKE,130113,100.0,36.492651,127.303075,12,세종특별시
2026-06-14T21:50:12+09:00,GBIKE,501574,86.0,36.492653,127.255076,12,세종특별시
2026-06-14T21:50:12+09:00,GBIKE,131210,37.0,36.492653,127.256227,12,세종특별시
2026-06-14T21:50:12+09:00,GBIKE,131503,30.0,36.492659,127.303074,12,세종특별시
2026-06-14T21:50:12+09:00,GBIKE,130668,39.0,36.492663,127.255018,12,세종특별시
2026-06-14T21:50:12+09:00,GBIKE,131356,47.0,36.492683,127.269491,12,세종특별시
2026-06-14T21:50:12+09:00,GBIKE,130986,89.0,36.492693,127.249123,12,세종특별시
2026-06-14T21:50:12+09:00,GBIKE,131775,97.0,36.492731,127.242115,12,세종특별시
2026-06-14T21:50:12+09:00,GBIKE,130419,44.0,36.492747,127.249076,12,세종특별시
2026-06-14T21:50:12+09:00,GBIKE,131575,41.0,36.492759,127.255154,12,세종특별시
2026-06-14T21:50:12+09:00,GBIKE,131762,40.0,36.49278,127.249409,12,세종특별시
2026-06-14T21:50:12+09:00,GBIKE,501114,90.0,36.492822,127.253903,12,세종특별시
2026-06-14T21:50:12+09:00,GBIKE,130859,68.0,36.492825,127.257683,12,세종특별시
2026-06-14T21:50:12+09:00,GBIKE,130959,82.0,36.492851,127.221774,12,세종특별시
2026-06-14T21:50:12+09:00,GBIKE,130235,30.0,36.492861,127.242642,12,세종특별시
2026-06-14T21:50:12+09:00,GBIKE,501273,32.0,36.492876,127.243447,12,세종특별시
2026-06-14T21:50:12+09:00,GBIKE,131611,73.0,36.492878,127.300832,12,세종특별시
2026-06-14T21:50:12+09:00,GBIKE,130412,99.0,36.492891,127.242614,12,세종특별시
2026-06-14T21:50:12+09:00,GBIKE,131761,43.0,36.492895,127.25458,12,세종특별시
2026-06-14T21:50:12+09:00,GBIKE,131828,100.0,36.4929,127.252118,12,세종특별시
2026-06-14T21:50:12+09:00,GBIKE,131411,62.0,36.492924,127.356066,12,세종특별시
2026-06-14T21:50:12+09:00,GBIKE,501161,96.0,36.492933,127.253741,12,세종특별시
2026-06-14T21:50:12+09:00,GBIKE,501579,99.0,36.492949,127.252881,12,세종특별시
2026-06-14T21:50:12+09:00,GBIKE,131426,57.0,36.492991,127.25651,12,세종특별시
2026-06-14T21:50:12+09:00,GBIKE,130092,96.0,36.492992,127.251189,12,세종특별시
2026-06-14T21:50:12+09:00,GBIKE,131270,36.0,36.492996,127.254712,12,세종특별시
2026-06-14T21:50:12+09:00,GBIKE,130698,95.0,36.492996,127.255386,12,세종특별시
2026-06-14T21:50:12+09:00,GBIKE,130922,92.0,36.492999,127.245663,12,세종특별시
2026-06-14T21:50:12+09:00,GBIKE,131656,52.0,36.493027,127.300523,12,세종특별시
2026-06-14T21:50:12+09:00,GBIKE,131470,68.0,36.493058,127.257197,12,세종특별시
2026-06-14T21:50:12+09:00,GBIKE,130479,85.0,36.493059,127.257212,12,세종특별시
2026-06-14T21:50:12+09:00,GBIKE,130186,78.0,36.493061,127.243466,12,세종특별시
2026-06-14T21:50:12+09:00,GBIKE,501367,70.0,36.493067,127.254689,12,세종특별시
2026-06-14T21:50:12+09:00,GBIKE,131506,34.0,36.49309,127.243416,12,세종특별시
2026-06-14T21:50:12+09:00,GBIKE,131587,71.0,36.493126,127.251727,12,세종특별시
2026-06-14T21:50:12+09:00,GBIKE,131785,92.0,36.493136,127.255498,12,세종특별시
2026-06-14T21:50:12+09:00,GBIKE,501471,64.0,36.493199,127.25298,12,세종특별시
2026-06-14T21:50:12+09:00,GBIKE,131164,78.0,36.493203,127.322645,12,세종특별시
2026-06-14T21:50:12+09:00,GBIKE,131435,96.0,36.493212,127.301416,12,세종특별시
2026-06-14T21:50:12+09:00,GBIKE,130066,53.0,36.493262,127.249305,12,세종특별시
2026-06-14T21:50:12+09:00,GBIKE,131261,31.0,36.493294,127.252958,12,세종특별시
2026-06-14T21:50:12+09:00,GBIKE,131567,43.0,36.49332,127.250826,12,세종특별시
2026-06-14T21:50:12+09:00,GBIKE,130406,55.0,36.493322,127.262104,12,세종특별시
2026-06-14T21:50:12+09:00,GBIKE,131464,85.0,36.493353,127.24688,12,세종특별시
2026-06-14T21:50:12+09:00,GBIKE,131090,64.0,36.493378,127.249258,12,세종특별시
2026-06-14T21:50:12+09:00,GBIKE,501105,95.0,36.493389,127.249029,12,세종특별시
2026-06-14T21:50:12+09:00,GBIKE,501167,52.0,36.493394,127.249022,12,세종특별시
2026-06-14T21:50:12+09:00,GBIKE,130654,66.0,36.493498,127.250477,12,세종특별시
2026-06-14T21:50:12+09:00,GBIKE,130606,96.0,36.493561,127.247474,12,세종특별시
2026-06-14T21:50:12+09:00,GBIKE,131085,84.0,36.493623,127.24941,12,세종특별시
2026-06-14T21:50:12+09:00,GBIKE,131360,58.0,36.493628,127.248763,12,세종특별시
2026-06-14T21:50:12+09:00,GBIKE,131509,57.0,36.493641,127.250547,12,세종특별시
2026-06-14T21:50:12+09:00,GBIKE,131203,40.0,36.493645,127.250544,12,세종특별시
2026-06-14T21:50:12+09:00,GBIKE,130930,33.0,36.49365,127.256524,12,세종특별시
2026-06-14T21:50:12+09:00,GBIKE,130505,95.0,36.493726,127.248908,12,세종특별시
2026-06-14T21:50:12+09:00,GBIKE,130992,97.0,36.49373,127.256225,12,세종특별시
2026-06-14T21:50:12+09:00,GBIKE,131646,97.0,36.493753,127.25614,12,세종특별시
2026-06-14T21:50:12+09:00,GBIKE,131667,35.0,36.49376,127.247125,12,세종특별시
2026-06-14T21:50:12+09:00,GBIKE,130611,50.0,36.493766,127.256036,12,세종특별시
2026-06-14T21:50:12+09:00,GBIKE,131797,48.0,36.493768,127.256076,12,세종특별시
2026-06-14T21:50:12+09:00,GBIKE,131226,94.0,36.493774,127.256094,12,세종특별시
2026-06-14T21:50:12+09:00,GBIKE,130776,92.0,36.493784,127.256127,12,세종특별시
2026-06-14T21:50:12+09:00,GBIKE,131343,64.0,36.493795,127.255966,12,세종특별시
2026-06-14T21:50:12+09:00,GBIKE,501188,30.0,36.493855,127.248255,12,세종특별시
2026-06-14T21:50:12+09:00,GBIKE,131751,34.0,36.493872,127.248507,12,세종특별시
2026-06-14T21:50:12+09:00,GBIKE,131857,82.0,36.494024,127.248534,12,세종특별시
2026-06-14T21:50:12+09:00,GBIKE,131150,69.0,36.494157,127.256254,12,세종특별시
2026-06-14T21:50:12+09:00,GBIKE,130110,50.0,36.494182,127.250251,12,세종특별시
2026-06-14T21:50:12+09:00,GBIKE,131764,44.0,36.494255,127.256352,12,세종특별시
2026-06-14T21:50:12+09:00,GBIKE,501308,40.0,36.494297,127.261265,12,세종특별시
2026-06-14T21:50:12+09:00,GBIKE,130398,87.0,36.494321,127.253001,12,세종특별시
2026-06-14T21:50:12+09:00,GBIKE,130875,65.0,36.49438,127.25322,12,세종특별시
2026-06-14T21:50:12+09:00,GBIKE,131358,95.0,36.494388,127.30226,12,세종특별시
2026-06-14T21:50:12+09:00,GBIKE,131696,36.0,36.494392,127.253587,12,세종특별시
2026-06-14T21:50:12+09:00,GBIKE,130390,32.0,36.494401,127.248759,12,세종특별시
2026-06-14T21:50:12+09:00,GBIKE,131649,34.0,36.494469,127.248904,12,세종특별시
2026-06-14T21:50:12+09:00,GBIKE,131248,97.0,36.494512,127.256164,12,세종특별시
2026-06-14T21:50:12+09:00,GBIKE,131668,100.0,36.494522,127.256108,12,세종특별시
2026-06-14T21:50:12+09:00,GBIKE,130588,83.0,36.494573,127.24994,12,세종특별시
2026-06-14T21:50:12+09:00,GBIKE,130362,92.0,36.494577,127.260686,12,세종특별시
2026-06-14T21:50:12+09:00,GBIKE,130763,85.0,36.494627,127.256305,12,세종특별시
2026-06-14T21:50:12+09:00,GBIKE,130381,42.0,36.494629,127.240655,12,세종특별시
2026-06-14T21:50:12+09:00,GBIKE,131739,70.0,36.494683,127.25427,12,세종특별시
2026-06-14T21:50:12+09:00,GBIKE,130794,84.0,36.4947,127.25633,12,세종특별시
2026-06-14T21:50:12+09:00,GBIKE,130978,52.0,36.494706,127.256327,12,세종특별시
2026-06-14T21:50:12+09:00,GBIKE,131439,78.0,36.494731,127.254256,12,세종특별시
2026-06-14T21:50:12+09:00,GBIKE,501194,96.0,36.494734,127.240601,12,세종특별시
2026-06-14T21:50:12+09:00,GBIKE,130459,44.0,36.494757,127.240658,12,세종특별시
2026-06-14T21:50:12+09:00,GBIKE,131760,32.0,36.494759,127.25428,12,세종특별시
2026-06-14T21:50:12+09:00,GBIKE,501346,64.0,36.494778,127.247093,12,세종특별시
2026-06-14T21:50:12+09:00,GBIKE,501141,32.0,36.494781,127.257462,12,세종특별시
2026-06-14T21:50:12+09:00,GBIKE,131884,50.0,36.494803,127.255269,12,세종특별시
2026-06-14T21:50:12+09:00,GBIKE,130579,32.0,36.494818,127.241342,12,세종특별시
2026-06-14T21:50:12+09:00,GBIKE,131199,35.0,36.494828,127.2573,12,세종특별시
2026-06-14T21:50:12+09:00,GBIKE,130032,68.0,36.494865,127.249726,12,세종특별시
2026-06-14T21:50:12+09:00,GBIKE,130511,50.0,36.4949,127.240564,12,세종특별시
2026-06-14T21:50:12+09:00,GBIKE,501374,32.0,36.494904,127.256082,12,세종특별시
2026-06-14T21:50:12+09:00,GBIKE,501598,38.0,36.494946,127.302361,12,세종특별시
2026-06-14T21:50:12+09:00,GBIKE,131023,70.0,36.494991,127.249019,12,세종특별시
2026-06-14T21:50:12+09:00,GBIKE,131629,57.0,36.495004,127.249444,12,세종특별시
2026-06-14T21:50:12+09:00,GBIKE,131352,80.0,36.495037,127.24904,12,세종특별시
2026-06-14T21:50:12+09:00,GBIKE,131324,98.0,36.495074,127.256858,12,세종특별시
2026-06-14T21:50:12+09:00,GBIKE,130218,81.0,36.495086,127.244718,12,세종특별시
2026-06-14T21:50:12+09:00,GBIKE,131472,70.0,36.495128,127.255583,12,세종특별시
2026-06-14T21:50:12+09:00,GBIKE,131776,54.0,36.495146,127.249039,12,세종특별시
2026-06-14T21:50:12+09:00,GBIKE,131873,47.0,36.495192,127.257197,12,세종특별시
2026-06-14T21:50:12+09:00,GBIKE,501433,80.0,36.495237,127.265062,12,세종특별시
2026-06-14T21:50:12+09:00,GBIKE,131182,92.0,36.495243,127.209456,12,세종특별시
2026-06-14T21:50:12+09:00,GBIKE,130324,100.0,36.49531,127.256854,12,세종특별시
2026-06-14T21:50:12+09:00,GBIKE,501213,56.0,36.495313,127.256823,12,세종특별시
2026-06-14T21:50:12+09:00,GBIKE,501576,30.0,36.495334,127.306984,12,세종특별시
2026-06-14T21:50:12+09:00,GBIKE,130559,48.0,36.495392,127.256827,12,세종특별시
2026-06-14T21:50:12+09:00,GBIKE,501345,95.0,36.495434,127.266212,12,세종특별시
2026-06-14T21:50:12+09:00,GBIKE,501361,31.0,36.495466,127.31759,12,세종특별시
2026-06-14T21:50:12+09:00,GBIKE,130850,47.0,36.495555,127.259116,12,세종특별시
2026-06-14T21:50:12+09:00,GBIKE,130732,49.0,36.495607,127.258916,12,세종특별시
2026-06-14T21:50:12+09:00,GBIKE,131345,97.0,36.495625,127.253972,12,세종특별시
2026-06-14T21:50:12+09:00,GBIKE,131677,65.0,36.495644,127.25898,12,세종특별시
2026-06-14T21:50:12+09:00,GBIKE,130098,30.0,36.495674,127.248733,12,세종특별시
2026-06-14T21:50:12+09:00,GBIKE,501549,54.0,36.495685,127.248291,12,세종특별시
2026-06-14T21:50:12+09:00,GBIKE,130551,41.0,36.495714,127.257007,12,세종특별시
2026-06-14T21:50:12+09:00,GBIKE,501306,80.0,36.495723,127.249523,12,세종특별시
2026-06-14T21:50:12+09:00,GBIKE,501197,30.0,36.495749,127.256981,12,세종특별시
2026-06-14T21:50:12+09:00,GBIKE,130215,88.0,36.495755,127.252026,12,세종특별시
2026-06-14T21:50:12+09:00,GBIKE,131531,31.0,36.495773,127.249553,12,세종특별시
2026-06-14T21:50:12+09:00,GBIKE,131214,56.0,36.49578,127.241771,12,세종특별시
2026-06-14T21:50:12+09:00,GBIKE,131854,30.0,36.495788,127.263366,12,세종특별시
2026-06-14T21:50:12+09:00,GBIKE,131774,36.0,36.495852,127.258545,12,세종특별시
2026-06-14T21:50:12+09:00,GBIKE,501280,72.0,36.495859,127.258743,12,세종특별시
2026-06-14T21:50:12+09:00,GBIKE,130430,34.0,36.495863,127.251163,12,세종특별시
2026-06-14T21:50:12+09:00,GBIKE,131678,82.0,36.495863,127.243276,12,세종특별시
2026-06-14T21:50:12+09:00,GBIKE,501183,56.0,36.495873,127.250559,12,세종특별시
2026-06-14T21:50:12+09:00,GBIKE,501294,91.0,36.495901,127.250502,12,세종특별시
2026-06-14T21:50:12+09:00,GBIKE,501311,81.0,36.495908,127.266109,12,세종특별시
2026-06-14T21:50:12+09:00,GBIKE,131099,32.0,36.495924,127.250603,12,세종특별시
2026-06-14T21:50:12+09:00,GBIKE,501360,100.0,36.495926,127.243374,12,세종특별시
2026-06-14T21:50:12+09:00,GBIKE,130508,43.0,36.495934,127.238664,12,세종특별시
2026-06-14T21:50:12+09:00,GBIKE,130063,93.0,36.495946,127.238843,12,세종특별시
2026-06-14T21:50:12+09:00,GBIKE,131349,30.0,36.495952,127.238705,12,세종특별시
2026-06-14T21:50:12+09:00,GBIKE,501204,95.0,36.495962,127.238874,12,세종특별시
2026-06-14T21:50:12+09:00,GBIKE,131071,71.0,36.495966,127.238882,12,세종특별시
2026-06-14T21:50:12+09:00,GBIKE,131459,56.0,36.495984,127.238737,12,세종특별시
2026-06-14T21:50:12+09:00,GBIKE,130497,30.0,36.496062,127.239087,12,세종특별시
2026-06-14T21:50:12+09:00,GBIKE,130989,95.0,36.496125,127.239118,12,세종특별시
2026-06-14T21:50:12+09:00,GBIKE,130249,93.0,36.49615,127.246978,12,세종특별시
2026-06-14T21:50:12+09:00,GBIKE,501342,30.0,36.496154,127.246868,12,세종특별시
2026-06-14T21:50:12+09:00,GBIKE,501237,69.0,36.496157,127.239352,12,세종특별시
2026-06-14T21:50:12+09:00,GBIKE,131664,90.0,36.496226,127.240536,12,세종특별시
2026-06-14T21:50:12+09:00,GBIKE,501251,31.0,36.496234,127.304699,12,세종특별시
2026-06-14T21:50:12+09:00,GBIKE,130377,34.0,36.496263,127.244713,12,세종특별시
2026-06-14T21:50:12+09:00,GBIKE,131552,90.0,36.496281,127.244823,12,세종특별시
2026-06-14T21:50:12+09:00,GBIKE,130685,36.0,36.496302,127.264473,12,세종특별시
2026-06-14T21:50:12+09:00,GBIKE,130997,95.0,36.496359,127.238736,12,세종특별시
2026-06-14T21:50:12+09:00,GBIKE,130679,65.0,36.496368,127.23764,12,세종특별시
2026-06-14T21:50:12+09:00,GBIKE,131592,84.0,36.496422,127.266272,12,세종특별시
2026-06-14T21:50:12+09:00,GBIKE,131869,34.0,36.496728,127.249167,12,세종특별시
2026-06-14T21:50:12+09:00,GBIKE,131262,88.0,36.496742,127.262964,12,세종특별시
2026-06-14T21:50:12+09:00,GBIKE,131746,91.0,36.496754,127.263005,12,세종특별시
2026-06-14T21:50:12+09:00,GBIKE,501115,75.0,36.496836,127.256198,12,세종특별시
2026-06-14T21:50:12+09:00,GBIKE,501224,60.0,36.496838,127.25629,12,세종특별시
2026-06-14T21:50:12+09:00,GBIKE,131766,94.0,36.496958,127.255876,12,세종특별시
2026-06-14T21:50:12+09:00,GBIKE,501363,86.0,36.497017,127.256141,12,세종특별시
2026-06-14T21:50:12+09:00,GBIKE,130120,63.0,36.497064,127.256301,12,세종특별시
2026-06-14T21:50:12+09:00,GBIKE,130339,45.0,36.497093,127.256296,12,세종특별시
2026-06-14T21:50:12+09:00,GBIKE,131557,74.0,36.497166,127.240679,12,세종특별시
2026-06-14T21:50:12+09:00,GBIKE,501221,79.0,36.497258,127.265107,12,세종특별시
2026-06-14T21:50:12+09:00,GBIKE,501191,81.0,36.497338,127.260659,12,세종특별시
2026-06-14T21:50:12+09:00,GBIKE,501593,59.0,36.497381,127.254,12,세종특별시
2026-06-14T21:50:12+09:00,GBIKE,131883,84.0,36.497388,127.317413,12,세종특별시
2026-06-14T21:50:12+09:00,GBIKE,130560,64.0,36.497453,127.240707,12,세종특별시
2026-06-14T21:50:12+09:00,GBIKE,501184,74.0,36.49751,127.251986,12,세종특별시
2026-06-14T21:50:12+09:00,GBIKE,131088,100.0,36.497522,127.244988,12,세종특별시
2026-06-14T21:50:12+09:00,GBIKE,131414,31.0,36.49753,127.312081,12,세종특별시
2026-06-14T21:50:12+09:00,GBIKE,501417,86.0,36.497581,127.25583,12,세종특별시
2026-06-14T21:50:12+09:00,GBIKE,130801,70.0,36.497625,127.314305,12,세종특별시
2026-06-14T21:50:12+09:00,GBIKE,130777,68.0,36.497645,127.249063,12,세종특별시
2026-06-14T21:50:12+09:00,GBIKE,131467,30.0,36.497703,127.255778,12,세종특별시
2026-06-14T21:50:12+09:00,GBIKE,130800,46.0,36.497717,127.235307,12,세종특별시
2026-06-14T21:50:12+09:00,GBIKE,130057,62.0,36.497718,127.235304,12,세종특별시
2026-06-14T21:50:12+09:00,GBIKE,130135,57.0,36.497722,127.23561,12,세종특별시
2026-06-14T21:50:12+09:00,GBIKE,131175,72.0,36.497726,127.330485,12,세종특별시
2026-06-14T21:50:12+09:00,GBIKE,131590,50.0,36.497802,127.243249,12,세종특별시
2026-06-14T21:50:12+09:00,GBIKE,130774,44.0,36.497812,127.26397,12,세종특별시
2026-06-14T21:50:12+09:00,GBIKE,130171,30.0,36.497821,127.311632,12,세종특별시
2026-06-14T21:50:12+09:00,GBIKE,130478,65.0,36.497888,127.31253,12,세종특별시
2026-06-14T21:50:12+09:00,GBIKE,131731,100.0,36.497951,127.244784,12,세종특별시
2026-06-14T21:50:12+09:00,GBIKE,131445,37.0,36.497967,127.24073,12,세종특별시
2026-06-14T21:50:12+09:00,GBIKE,130702,61.0,36.497985,127.241595,12,세종특별시
2026-06-14T21:50:12+09:00,GBIKE,131353,47.0,36.497989,127.330697,12,세종특별시
2026-06-14T21:50:12+09:00,GBIKE,501169,74.0,36.498086,127.28121,12,세종특별시
2026-06-14T21:50:12+09:00,GBIKE,501558,48.0,36.498091,127.267561,12,세종특별시
2026-06-14T21:50:12+09:00,GBIKE,501238,69.0,36.498099,127.267561,12,세종특별시
2026-06-14T21:50:12+09:00,GBIKE,131007,95.0,36.498099,127.311523,12,세종특별시
2026-06-14T21:50:12+09:00,GBIKE,131749,34.0,36.498119,127.257767,12,세종특별시
2026-06-14T21:50:12+09:00,GBIKE,131184,41.0,36.498167,127.246439,12,세종특별시
2026-06-14T21:50:12+09:00,GBIKE,131804,40.0,36.498208,127.248885,12,세종특별시
2026-06-14T21:50:12+09:00,GBIKE,130018,95.0,36.498336,127.257696,12,세종특별시
2026-06-14T21:50:12+09:00,GBIKE,130921,71.0,36.498342,127.223548,12,세종특별시
2026-06-14T21:50:12+09:00,GBIKE,131086,52.0,36.498353,127.312698,12,세종특별시
2026-06-14T21:50:12+09:00,GBIKE,131986,94.0,36.498365,127.312802,12,세종특별시
2026-06-14T21:50:12+09:00,GBIKE,130865,53.0,36.498371,127.257479,12,세종특별시
2026-06-14T21:50:12+09:00,GBIKE,130791,93.0,36.498553,127.244365,12,세종특별시
2026-06-14T21:50:12+09:00,GBIKE,131427,91.0,36.498598,127.258054,12,세종특별시
2026-06-14T21:50:12+09:00,GBIKE,501137,100.0,36.498651,127.306303,12,세종특별시
2026-06-14T21:50:12+09:00,GBIKE,501336,40.0,36.498662,127.258062,12,세종특별시
2026-06-14T21:50:12+09:00,GBIKE,130951,74.0,36.498691,127.261245,12,세종특별시
2026-06-14T21:50:12+09:00,GBIKE,131717,63.0,36.498713,127.232643,12,세종특별시
2026-06-14T21:50:12+09:00,GBIKE,130966,79.0,36.49878,127.258138,12,세종특별시
2026-06-14T21:50:12+09:00,GBIKE,501405,73.0,36.498839,127.331844,12,세종특별시
2026-06-14T21:50:12+09:00,GBIKE,130119,49.0,36.498841,127.313953,12,세종특별시
2026-06-14T21:50:12+09:00,GBIKE,130995,78.0,36.498882,127.256656,12,세종특별시
2026-06-14T21:50:12+09:00,GBIKE,336891,44.0,36.498906,127.249625,12,세종특별시
2026-06-14T21:50:12+09:00,GBIKE,131595,33.0,36.498938,127.261514,12,세종특별시
2026-06-14T21:50:12+09:00,GBIKE,130244,100.0,36.498944,127.256671,12,세종특별시
2026-06-14T21:50:12+09:00,GBIKE,130095,100.0,36.498978,127.256679,12,세종특별시
2026-06-14T21:50:12+09:00,GBIKE,130578,60.0,36.499093,127.24083,12,세종특별시
2026-06-14T21:50:12+09:00,GBIKE,131765,44.0,36.499115,127.325757,12,세종특별시
2026-06-14T21:50:12+09:00,GBIKE,616900,59.0,36.499126,127.30759,12,세종특별시
2026-06-14T21:50:12+09:00,GBIKE,501260,67.0,36.499128,127.270021,12,세종특별시
2026-06-14T21:50:12+09:00,GBIKE,501503,96.0,36.499146,127.270107,12,세종특별시
2026-06-14T21:50:12+09:00,GBIKE,501530,73.0,36.499154,127.240774,12,세종특별시
2026-06-14T21:50:12+09:00,GBIKE,130891,57.0,36.499201,127.255008,12,세종특별시
2026-06-14T21:50:12+09:00,GBIKE,131861,66.0,36.499206,127.317384,12,세종특별시
2026-06-14T21:50:12+09:00,GBIKE,130814,95.0,36.499211,127.233789,12,세종특별시
2026-06-14T21:50:12+09:00,GBIKE,131752,46.0,36.499212,127.243538,12,세종특별시
2026-06-14T21:50:12+09:00,GBIKE,131666,41.0,36.499214,127.236097,12,세종특별시
2026-06-14T21:50:12+09:00,GBIKE,131851,48.0,36.499252,127.307611,12,세종특별시
2026-06-14T21:50:12+09:00,GBIKE,130347,98.0,36.499322,127.316993,12,세종특별시
2026-06-14T21:50:12+09:00,GBIKE,130615,93.0,36.499329,127.243465,12,세종특별시
2026-06-14T21:50:12+09:00,GBIKE,131370,36.0,36.499331,127.259627,12,세종특별시
2026-06-14T21:50:12+09:00,GBIKE,130640,43.0,36.49935,127.259684,12,세종특별시
2026-06-14T21:50:12+09:00,GBIKE,130112,60.0,36.499394,127.249033,12,세종특별시
2026-06-14T21:50:12+09:00,GBIKE,130746,33.0,36.499423,127.335912,12,세종특별시
2026-06-14T21:50:12+09:00,GBIKE,131014,85.0,36.499425,127.231652,12,세종특별시
2026-06-14T21:50:12+09:00,GBIKE,131118,61.0,36.499449,127.219208,12,세종특별시
2026-06-14T21:50:12+09:00,GBIKE,131532,58.0,36.499465,127.25906,12,세종특별시
2026-06-14T21:50:12+09:00,GBIKE,130435,54.0,36.49947,127.232533,12,세종특별시
2026-06-14T21:50:12+09:00,GBIKE,131808,50.0,36.499492,127.269612,12,세종특별시
2026-06-14T21:50:12+09:00,GBIKE,131971,95.0,36.499497,127.259098,12,세종특별시
2026-06-14T21:50:12+09:00,GBIKE,131340,44.0,36.49951,127.259221,12,세종특별시
2026-06-14T21:50:12+09:00,GBIKE,130454,49.0,36.499511,127.259142,12,세종특별시
2026-06-14T21:50:12+09:00,GBIKE,130164,30.0,36.499517,127.247085,12,세종특별시
2026-06-14T21:50:12+09:00,GBIKE,501428,76.0,36.499518,127.259129,12,세종특별시
2026-06-14T21:50:12+09:00,GBIKE,374246,30.0,36.499555,127.240646,12,세종특별시
2026-06-14T21:50:12+09:00,GBIKE,131545,31.0,36.499571,127.221001,12,세종특별시
2026-06-14T21:50:12+09:00,GBIKE,130706,67.0,36.499612,127.312587,12,세종특별시
2026-06-14T21:50:12+09:00,GBIKE,130236,37.0,36.499779,127.259281,12,세종특별시
2026-06-14T21:50:12+09:00,GBIKE,130473,95.0,36.499832,127.256452,12,세종특별시
2026-06-14T21:50:12+09:00,GBIKE,130125,38.0,36.499882,127.232101,12,세종특별시
2026-06-14T21:50:12+09:00,GBIKE,131125,62.0,36.499892,127.256455,12,세종특별시
2026-06-14T21:50:12+09:00,GBIKE,131632,47.0,36.499895,127.256534,12,세종특별시
2026-06-14T21:50:12+09:00,GBIKE,131487,81.0,36.499896,127.220624,12,세종특별시
2026-06-14T21:50:12+09:00,GBIKE,130223,83.0,36.499949,127.258928,12,세종특별시
2026-06-14T21:50:12+09:00,GBIKE,130270,53.0,36.49995,127.23215,12,세종특별시
2026-06-14T21:50:12+09:00,GBIKE,131180,47.0,36.499958,127.255724,12,세종특별시
2026-06-14T21:50:12+09:00,GBIKE,131681,33.0,36.499968,127.312463,12,세종특별시
2026-06-14T21:50:12+09:00,GBIKE,337807,51.0,36.500041,127.235431,12,세종특별시
2026-06-14T21:50:12+09:00,GBIKE,130964,73.0,36.500048,127.260265,12,세종특별시
2026-06-14T21:50:12+09:00,GBIKE,131874,95.0,36.500048,127.235545,12,세종특별시
2026-06-14T21:50:12+09:00,GBIKE,131932,73.0,36.500049,127.235636,12,세종특별시
2026-06-14T21:50:12+09:00,GBIKE,130816,96.0,36.500051,127.23557,12,세종특별시
2026-06-14T21:50:12+09:00,GBIKE,131399,48.0,36.500051,127.235561,12,세종특별시
2026-06-14T21:50:12+09:00,GBIKE,131146,95.0,36.500054,127.235591,12,세종특별시
2026-06-14T21:50:12+09:00,GBIKE,131024,96.0,36.500061,127.235606,12,세종특별시
2026-06-14T21:50:12+09:00,GBIKE,130376,70.0,36.500068,127.235466,12,세종특별시
2026-06-14T21:50:12+09:00,GBIKE,131974,79.0,36.500068,127.235455,12,세종특별시
2026-06-14T21:50:12+09:00,GBIKE,501368,46.0,36.500071,127.282359,12,세종특별시
2026-06-14T21:50:12+09:00,GBIKE,130713,86.0,36.500071,127.235596,12,세종특별시
2026-06-14T21:50:12+09:00,GBIKE,130908,85.0,36.500073,127.260292,12,세종특별시
2026-06-14T21:50:12+09:00,GBIKE,501107,44.0,36.500083,127.235452,12,세종특별시
2026-06-14T21:50:12+09:00,GBIKE,131219,94.0,36.500093,127.236007,12,세종특별시
2026-06-14T21:50:12+09:00,GBIKE,131404,43.0,36.50012,127.268465,12,세종특별시
2026-06-14T21:50:12+09:00,GBIKE,130712,100.0,36.500136,127.236051,12,세종특별시
2026-06-14T21:50:12+09:00,GBIKE,130926,30.0,36.500142,127.331335,12,세종특별시
2026-06-14T21:50:12+09:00,GBIKE,130528,86.0,36.500147,127.235568,12,세종특별시
2026-06-14T21:50:12+09:00,GBIKE,130490,56.0,36.500189,127.236066,12,세종특별시
2026-06-14T21:50:12+09:00,GBIKE,131334,95.0,36.500276,127.236053,12,세종특별시
2026-06-14T21:50:12+09:00,GBIKE,131493,51.0,36.500277,127.236072,12,세종특별시
2026-06-14T21:50:12+09:00,GBIKE,130361,97.0,36.500278,127.251974,12,세종특별시
2026-06-14T21:50:12+09:00,GBIKE,131920,30.0,36.500284,127.332655,12,세종특별시
2026-06-14T21:50:12+09:00,GBIKE,130217,59.0,36.500335,127.236247,12,세종특별시
2026-06-14T21:50:12+09:00,GBIKE,130071,73.0,36.500356,127.236275,12,세종특별시
2026-06-14T21:50:12+09:00,GBIKE,131518,66.0,36.500356,127.262147,12,세종특별시
2026-06-14T21:50:12+09:00,GBIKE,131943,72.0,36.500365,127.236302,12,세종특별시
2026-06-14T21:50:12+09:00,GBIKE,130042,70.0,36.500399,127.332784,12,세종특별시
2026-06-14T21:50:12+09:00,GBIKE,131669,80.0,36.5004,127.324516,12,세종특별시
2026-06-14T21:50:12+09:00,GBIKE,130129,33.0,36.500413,127.33233,12,세종특별시
2026-06-14T21:50:12+09:00,GBIKE,131663,59.0,36.500461,127.252717,12,세종특별시
2026-06-14T21:50:12+09:00,GBIKE,131624,47.0,36.500498,127.257948,12,세종특별시
2026-06-14T21:50:12+09:00,GBIKE,501421,76.0,36.500509,127.309798,12,세종특별시
2026-06-14T21:50:12+09:00,GBIKE,131832,30.0,36.500527,127.315829,12,세종특별시
2026-06-14T21:50:12+09:00,GBIKE,131111,93.0,36.500645,127.261257,12,세종특별시
2026-06-14T21:50:12+09:00,GBIKE,131287,69.0,36.500671,127.2607,12,세종특별시
2026-06-14T21:50:12+09:00,GBIKE,501528,100.0,36.500712,127.258226,12,세종특별시
2026-06-14T21:50:12+09:00,GBIKE,130342,69.0,36.500734,127.249382,12,세종특별시
2026-06-14T21:50:12+09:00,GBIKE,130639,72.0,36.500742,127.259839,12,세종특별시
2026-06-14T21:50:12+09:00,GBIKE,131348,43.0,36.500794,127.29579,12,세종특별시
2026-06-14T21:50:12+09:00,GBIKE,130755,71.0,36.500837,127.250077,12,세종특별시
2026-06-14T21:50:12+09:00,GBIKE,130155,76.0,36.500876,127.245193,12,세종특별시
2026-06-14T21:50:12+09:00,GBIKE,130086,42.0,36.500888,127.22199,12,세종특별시
2026-06-14T21:50:12+09:00,GBIKE,130301,74.0,36.5009,127.258411,12,세종특별시
2026-06-14T21:50:12+09:00,GBIKE,131455,53.0,36.500901,127.332791,12,세종특별시
2026-06-14T21:50:12+09:00,GBIKE,501291,84.0,36.500915,127.257824,12,세종특별시
2026-06-14T21:50:12+09:00,GBIKE,501453,68.0,36.50092,127.25717,12,세종특별시
2026-06-14T21:50:12+09:00,GBIKE,131431,67.0,36.50092,127.245254,12,세종특별시
2026-06-14T21:50:12+09:00,GBIKE,130359,97.0,36.500997,127.257877,12,세종특별시
2026-06-14T21:50:12+09:00,GBIKE,501212,33.0,36.501015,127.308402,12,세종특별시
2026-06-14T21:50:12+09:00,GBIKE,131683,32.0,36.501025,127.327204,12,세종특별시
2026-06-14T21:50:12+09:00,GBIKE,130041,37.0,36.501076,127.259452,12,세종특별시
2026-06-14T21:50:12+09:00,GBIKE,130752,48.0,36.501077,127.311142,12,세종특별시
2026-06-14T21:50:12+09:00,GBIKE,501202,33.0,36.501082,127.311132,12,세종특별시
2026-06-14T21:50:12+09:00,GBIKE,130809,31.0,36.501099,127.259451,12,세종특별시
2026-06-14T21:50:12+09:00,GBIKE,130052,100.0,36.501106,127.25981,12,세종특별시
2026-06-14T21:50:12+09:00,GBIKE,501198,72.0,36.501117,127.280302,12,세종특별시
2026-06-14T21:50:12+09:00,GBIKE,130069,96.0,36.501131,127.265317,12,세종특별시
2026-06-14T21:50:12+09:00,GBIKE,131102,50.0,36.501133,127.259488,12,세종특별시
2026-06-14T21:50:12+09:00,GBIKE,131998,91.0,36.501137,127.259437,12,세종특별시
2026-06-14T21:50:12+09:00,GBIKE,130504,31.0,36.501179,127.260575,12,세종특별시
2026-06-14T21:50:12+09:00,GBIKE,130735,90.0,36.50131,127.252349,12,세종특별시
2026-06-14T21:50:12+09:00,GBIKE,501457,44.0,36.501361,127.244792,12,세종특별시
2026-06-14T21:50:12+09:00,GBIKE,501548,48.0,36.501394,127.323958,12,세종특별시
2026-06-14T21:50:12+09:00,GBIKE,131009,36.0,36.501448,127.246,12,세종특별시
2026-06-14T21:50:12+09:00,GBIKE,131132,41.0,36.50153,127.329184,12,세종특별시
2026-06-14T21:50:12+09:00,GBIKE,131885,62.0,36.501548,127.263762,12,세종특별시
2026-06-14T21:50:12+09:00,GBIKE,131597,91.0,36.501551,127.259688,12,세종특별시
2026-06-14T21:50:12+09:00,GBIKE,130839,60.0,36.501558,127.249433,12,세종특별시
2026-06-14T21:50:12+09:00,GBIKE,130421,95.0,36.501564,127.249479,12,세종특별시
2026-06-14T21:50:12+09:00,GBIKE,130146,33.0,36.501569,127.259188,12,세종특별시
2026-06-14T21:50:12+09:00,GBIKE,130065,67.0,36.501574,127.259661,12,세종특별시
2026-06-14T21:50:12+09:00,GBIKE,501480,100.0,36.501574,127.258759,12,세종특별시
2026-06-14T21:50:12+09:00,GBIKE,501575,100.0,36.501614,127.258785,12,세종특별시
2026-06-14T21:50:12+09:00,GBIKE,130942,59.0,36.501672,127.259784,12,세종특별시
2026-06-14T21:50:12+09:00,GBIKE,501515,96.0,36.501697,127.264243,12,세종특별시
2026-06-14T21:50:12+09:00,GBIKE,131417,59.0,36.501707,127.236043,12,세종특별시
2026-06-14T21:50:12+09:00,GBIKE,130841,97.0,36.501712,127.263382,12,세종특별시
2026-06-14T21:50:12+09:00,GBIKE,130315,33.0,36.501719,127.329235,12,세종특별시
2026-06-14T21:50:12+09:00,GBIKE,501519,83.0,36.501731,127.243723,12,세종특별시
2026-06-14T21:50:12+09:00,GBIKE,130527,95.0,36.501735,127.262711,12,세종특별시
2026-06-14T21:50:12+09:00,GBIKE,130821,99.0,36.501735,127.244756,12,세종특별시
2026-06-14T21:50:12+09:00,GBIKE,501290,100.0,36.501743,127.265852,12,세종특별시
2026-06-14T21:50:12+09:00,GBIKE,501201,57.0,36.501746,127.243051,12,세종특별시
2026-06-14T21:50:12+09:00,GBIKE,131497,58.0,36.501752,127.258692,12,세종특별시
2026-06-14T21:50:12+09:00,GBIKE,501397,100.0,36.501761,127.326204,12,세종특별시
2026-06-14T21:50:12+09:00,GBIKE,130130,95.0,36.501766,127.243715,12,세종특별시
2026-06-14T21:50:12+09:00,GBIKE,131528,35.0,36.501776,127.326223,12,세종특별시
2026-06-14T21:50:12+09:00,GBIKE,130154,82.0,36.501787,127.243723,12,세종특별시
2026-06-14T21:50:12+09:00,GBIKE,130233,98.0,36.501836,127.25082,12,세종특별시
2026-06-14T21:50:12+09:00,GBIKE,131688,68.0,36.501839,127.235582,12,세종특별시
2026-06-14T21:50:12+09:00,GBIKE,130321,96.0,36.501868,127.250794,12,세종특별시
2026-06-14T21:50:12+09:00,GBIKE,131135,84.0,36.501872,127.250781,12,세종특별시
2026-06-14T21:50:12+09:00,GBIKE,131137,62.0,36.501876,127.250767,12,세종특별시
2026-06-14T21:50:12+09:00,GBIKE,131648,67.0,36.501876,127.250842,12,세종특별시
2026-06-14T21:50:12+09:00,GBIKE,131630,100.0,36.501884,127.250764,12,세종특별시
2026-06-14T21:50:12+09:00,GBIKE,131290,95.0,36.501891,127.234241,12,세종특별시
2026-06-14T21:50:12+09:00,GBIKE,131363,74.0,36.501892,127.250808,12,세종특별시
2026-06-14T21:50:12+09:00,GBIKE,130662,66.0,36.501894,127.247281,12,세종특별시
2026-06-14T21:50:12+09:00,GBIKE,130059,52.0,36.501897,127.250777,12,세종특별시
2026-06-14T21:50:12+09:00,GBIKE,131622,59.0,36.501899,127.250773,12,세종특별시
2026-06-14T21:50:12+09:00,GBIKE,131338,41.0,36.501901,127.25123,12,세종특별시
2026-06-14T21:50:12+09:00,GBIKE,130240,77.0,36.501903,127.250769,12,세종특별시
2026-06-14T21:50:12+09:00,GBIKE,130455,47.0,36.501903,127.250729,12,세종특별시
2026-06-14T21:50:12+09:00,GBIKE,131380,93.0,36.501922,127.250164,12,세종특별시
2026-06-14T21:50:12+09:00,GBIKE,501545,35.0,36.501929,127.236095,12,세종특별시
2026-06-14T21:50:12+09:00,GBIKE,130748,71.0,36.501934,127.250178,12,세종특별시
2026-06-14T21:50:12+09:00,GBIKE,131488,87.0,36.501943,127.250185,12,세종특별시
2026-06-14T21:50:12+09:00,GBIKE,501572,93.0,36.501947,127.250195,12,세종특별시
2026-06-14T21:50:12+09:00,GBIKE,130500,64.0,36.501951,127.250157,12,세종특별시
2026-06-14T21:50:12+09:00,GBIKE,131900,100.0,36.501959,127.244739,12,세종특별시
2026-06-14T21:50:12+09:00,GBIKE,131810,97.0,36.501983,127.234321,12,세종특별시
2026-06-14T21:50:12+09:00,GBIKE,130669,79.0,36.501988,127.244697,12,세종특별시
2026-06-14T21:50:12+09:00,GBIKE,501288,81.0,36.501988,127.243823,12,세종특별시
2026-06-14T21:50:12+09:00,GBIKE,130486,44.0,36.501996,127.234267,12,세종특별시
2026-06-14T21:50:12+09:00,GBIKE,131097,95.0,36.502004,127.23424,12,세종특별시
2026-06-14T21:50:12+09:00,GBIKE,130851,97.0,36.502015,127.234322,12,세종특별시
2026-06-14T21:50:12+09:00,GBIKE,501596,45.0,36.502017,127.248297,12,세종특별시
2026-06-14T21:50:12+09:00,GBIKE,131970,45.0,36.502021,127.23505,12,세종특별시
2026-06-14T21:50:12+09:00,GBIKE,130707,50.0,36.502042,127.234305,12,세종특별시
2026-06-14T21:50:12+09:00,GBIKE,130346,79.0,36.502067,127.248266,12,세종특별시
2026-06-14T21:50:12+09:00,GBIKE,131308,95.0,36.502107,127.248868,12,세종특별시
2026-06-14T21:50:12+09:00,GBIKE,501153,100.0,36.502128,127.247264,12,세종특별시
2026-06-14T21:50:12+09:00,GBIKE,501382,70.0,36.502132,127.2513,12,세종특별시
2026-06-14T21:50:12+09:00,GBIKE,131304,74.0,36.502148,127.248759,12,세종특별시
2026-06-14T21:50:12+09:00,GBIKE,501340,61.0,36.502165,127.247203,12,세종특별시
2026-06-14T21:50:12+09:00,GBIKE,629253,45.0,36.502214,127.248912,12,세종특별시
2026-06-14T21:50:12+09:00,GBIKE,130087,72.0,36.502223,127.237361,12,세종특별시
2026-06-14T21:50:12+09:00,GBIKE,501581,51.0,36.502223,127.248865,12,세종특별시
2026-06-14T21:50:12+09:00,GBIKE,130943,60.0,36.502243,127.248932,12,세종특별시
2026-06-14T21:50:12+09:00,GBIKE,131076,46.0,36.502246,127.249021,12,세종특별시
2026-06-14T21:50:12+09:00,GBIKE,130817,95.0,36.502273,127.249093,12,세종특별시
2026-06-14T21:50:12+09:00,GBIKE,130386,70.0,36.502274,127.260598,12,세종특별시
2026-06-14T21:50:12+09:00,GBIKE,501163,54.0,36.502274,127.26059,12,세종특별시
2026-06-14T21:50:12+09:00,GBIKE,501253,80.0,36.502275,127.260588,12,세종특별시
2026-06-14T21:50:12+09:00,GBIKE,131661,83.0,36.502275,127.244893,12,세종특별시
2026-06-14T21:50:12+09:00,GBIKE,130594,100.0,36.502278,127.249094,12,세종특별시
2026-06-14T21:50:12+09:00,GBIKE,131564,50.0,36.502279,127.249007,12,세종특별시
2026-06-14T21:50:12+09:00,GBIKE,130134,63.0,36.502283,127.249072,12,세종특별시
2026-06-14T21:50:12+09:00,GBIKE,130379,48.0,36.502285,127.248931,12,세종특별시
2026-06-14T21:50:12+09:00,GBIKE,131321,50.0,36.502286,127.249034,12,세종특별시
2026-06-14T21:50:12+09:00,GBIKE,130808,74.0,36.502296,127.248673,12,세종특별시
2026-06-14T21:50:12+09:00,GBIKE,130642,48.0,36.502311,127.24901,12,세종특별시
2026-06-14T21:50:12+09:00,GBIKE,131640,36.0,36.502311,127.249017,12,세종특별시
2026-06-14T21:50:12+09:00,GBIKE,131734,100.0,36.502311,127.249049,12,세종특별시
2026-06-14T21:50:12+09:00,GBIKE,131892,66.0,36.50232,127.249049,12,세종특별시
2026-06-14T21:50:12+09:00,GBIKE,130414,80.0,36.502336,127.249099,12,세종특별시
2026-06-14T21:50:12+09:00,GBIKE,131968,78.0,36.502342,127.248893,12,세종특별시
2026-06-14T21:50:12+09:00,GBIKE,130917,96.0,36.502348,127.250288,12,세종특별시
2026-06-14T21:50:12+09:00,GBIKE,131783,94.0,36.502357,127.248967,12,세종특별시
2026-06-14T21:50:12+09:00,GBIKE,131991,45.0,36.502389,127.24889,12,세종특별시
2026-06-14T21:50:12+09:00,GBIKE,131330,66.0,36.502393,127.242744,12,세종특별시
2026-06-14T21:50:12+09:00,GBIKE,501356,89.0,36.50242,127.248967,12,세종특별시
2026-06-14T21:50:12+09:00,GBIKE,130955,88.0,36.502429,127.239809,12,세종특별시
2026-06-14T21:50:12+09:00,GBIKE,501465,93.0,36.502524,127.266195,12,세종특별시
2026-06-14T21:50:12+09:00,GBIKE,131243,80.0,36.502553,127.238205,12,세종특별시
2026-06-14T21:50:12+09:00,GBIKE,501241,93.0,36.502571,127.248828,12,세종특별시
2026-06-14T21:50:12+09:00,GBIKE,130969,76.0,36.502609,127.333871,12,세종특별시
2026-06-14T21:50:12+09:00,GBIKE,501337,93.0,36.502646,127.238038,12,세종특별시
2026-06-14T21:50:12+09:00,GBIKE,131297,67.0,36.502663,127.257202,12,세종특별시
2026-06-14T21:50:12+09:00,GBIKE,131119,100.0,36.502705,127.333053,12,세종특별시
2026-06-14T21:50:12+09:00,GBIKE,130299,83.0,36.502735,127.263638,12,세종특별시
2026-06-14T21:50:12+09:00,GBIKE,131329,85.0,36.502744,127.263635,12,세종특별시
2026-06-14T21:50:12+09:00,GBIKE,131505,86.0,36.502745,127.263642,12,세종특별시
2026-06-14T21:50:12+09:00,GBIKE,130613,93.0,36.502789,127.240026,12,세종특별시
2026-06-14T21:50:12+09:00,GBIKE,131491,89.0,36.502868,127.232593,12,세종특별시
2026-06-14T21:50:12+09:00,GBIKE,131894,64.0,36.502956,127.232609,12,세종특별시
2026-06-14T21:50:12+09:00,GBIKE,130672,53.0,36.503011,127.232785,12,세종특별시
2026-06-14T21:50:12+09:00,GBIKE,131177,51.0,36.503015,127.247882,12,세종특별시
2026-06-14T21:50:12+09:00,GBIKE,131267,39.0,36.503028,127.334484,12,세종특별시
2026-06-14T21:50:12+09:00,GBIKE,130368,31.0,36.503035,127.334521,12,세종특별시
2026-06-14T21:50:12+09:00,GBIKE,130694,80.0,36.503077,127.232677,12,세종특별시
2026-06-14T21:50:12+09:00,GBIKE,501539,92.0,36.503094,127.237518,12,세종특별시
2026-06-14T21:50:12+09:00,GBIKE,131176,74.0,36.503123,127.275475,12,세종특별시
2026-06-14T21:50:12+09:00,GBIKE,130973,91.0,36.503147,127.247822,12,세종특별시
2026-06-14T21:50:12+09:00,GBIKE,131418,34.0,36.503193,127.246316,12,세종특별시
2026-06-14T21:50:12+09:00,GBIKE,501386,41.0,36.503211,127.253304,12,세종특별시
2026-06-14T21:50:12+09:00,GBIKE,131875,90.0,36.503213,127.33511,12,세종특별시
2026-06-14T21:50:12+09:00,GBIKE,131315,42.0,36.50323,127.335044,12,세종특별시
2026-06-14T21:50:12+09:00,GBIKE,501476,30.0,36.503233,127.335051,12,세종특별시
2026-06-14T21:50:12+09:00,GBIKE,501456,89.0,36.503241,127.335028,12,세종특별시
2026-06-14T21:50:12+09:00,GBIKE,130489,36.0,36.503243,127.33507,12,세종특별시
2026-06-14T21:50:12+09:00,GBIKE,131094,47.0,36.503248,127.250358,12,세종특별시
2026-06-14T21:50:12+09:00,GBIKE,131423,92.0,36.503248,127.245005,12,세종특별시
2026-06-14T21:50:12+09:00,GBIKE,130538,95.0,36.50325,127.232916,12,세종특별시
2026-06-14T21:50:12+09:00,GBIKE,130993,100.0,36.503258,127.334712,12,세종특별시
2026-06-14T21:50:12+09:00,GBIKE,131906,65.0,36.503263,127.237343,12,세종특별시
2026-06-14T21:50:12+09:00,GBIKE,131844,95.0,36.503301,127.249959,12,세종특별시
2026-06-14T21:50:12+09:00,GBIKE,130306,87.0,36.503327,127.240977,12,세종특별시
2026-06-14T21:50:12+09:00,GBIKE,130537,38.0,36.503329,127.249966,12,세종특별시
2026-06-14T21:50:12+09:00,GBIKE,130241,91.0,36.503364,127.250039,12,세종특별시
2026-06-14T21:50:12+09:00,GBIKE,131492,83.0,36.503379,127.250004,12,세종특별시
2026-06-14T21:50:12+09:00,GBIKE,130607,86.0,36.503384,127.26098,12,세종특별시
2026-06-14T21:50:12+09:00,GBIKE,131377,46.0,36.503392,127.26095,12,세종특별시
2026-06-14T21:50:12+09:00,GBIKE,130220,77.0,36.503401,127.265637,12,세종특별시
2026-06-14T21:50:12+09:00,GBIKE,130547,60.0,36.503403,127.257038,12,세종특별시
2026-06-14T21:50:12+09:00,GBIKE,131794,43.0,36.503455,127.334429,12,세종특별시
2026-06-14T21:50:12+09:00,GBIKE,131026,78.0,36.503482,127.250065,12,세종특별시
2026-06-14T21:50:12+09:00,GBIKE,131000,79.0,36.50349,127.240789,12,세종특별시
2026-06-14T21:50:12+09:00,GBIKE,131684,49.0,36.503503,127.25002,12,세종특별시
2026-06-14T21:50:12+09:00,GBIKE,131359,79.0,36.503544,127.25007,12,세종특별시
2026-06-14T21:50:12+09:00,GBIKE,130467,96.0,36.50361,127.250017,12,세종특별시
2026-06-14T21:50:12+09:00,GBIKE,501352,99.0,36.503623,127.264097,12,세종특별시
2026-06-14T21:50:12+09:00,GBIKE,130936,98.0,36.503802,127.261251,12,세종특별시
2026-06-14T21:50:12+09:00,GBIKE,130250,82.0,36.503813,127.261241,12,세종특별시
2026-06-14T21:50:12+09:00,GBIKE,131950,96.0,36.503814,127.261238,12,세종특별시
2026-06-14T21:50:12+09:00,GBIKE,130509,82.0,36.503821,127.261251,12,세종특별시
2026-06-14T21:50:12+09:00,GBIKE,131466,58.0,36.503825,127.261264,12,세종특별시
2026-06-14T21:50:12+09:00,GBIKE,130954,51.0,36.503827,127.261246,12,세종특별시
2026-06-14T21:50:12+09:00,GBIKE,131473,66.0,36.50383,127.26121,12,세종특별시
2026-06-14T21:50:12+09:00,GBIKE,130336,68.0,36.503849,127.261254,12,세종특별시
2026-06-14T21:50:12+09:00,GBIKE,131277,73.0,36.503852,127.263739,12,세종특별시
2026-06-14T21:50:12+09:00,GBIKE,131485,80.0,36.503857,127.261268,12,세종특별시
2026-06-14T21:50:12+09:00,GBIKE,130534,32.0,36.503877,127.261321,12,세종특별시
2026-06-14T21:50:12+09:00,GBIKE,501318,66.0,36.503906,127.261207,12,세종특별시
2026-06-14T21:50:12+09:00,GBIKE,130542,63.0,36.503908,127.26123,12,세종특별시
2026-06-14T21:50:12+09:00,GBIKE,501446,69.0,36.503914,127.261223,12,세종특별시
2026-06-14T21:50:12+09:00,GBIKE,131313,68.0,36.503935,127.271726,12,세종특별시
2026-06-14T21:50:12+09:00,GBIKE,131876,69.0,36.503946,127.261203,12,세종특별시
2026-06-14T21:50:12+09:00,GBIKE,131561,88.0,36.503949,127.261212,12,세종특별시
2026-06-14T21:50:12+09:00,GBIKE,501235,87.0,36.50397,127.261239,12,세종특별시
2026-06-14T21:50:12+09:00,GBIKE,131934,42.0,36.503978,127.234898,12,세종특별시
2026-06-14T21:50:12+09:00,GBIKE,130689,85.0,36.504018,127.27011,12,세종특별시
2026-06-14T21:50:12+09:00,GBIKE,131959,61.0,36.504018,127.235227,12,세종특별시
2026-06-14T21:50:12+09:00,GBIKE,131064,95.0,36.504025,127.235393,12,세종특별시
2026-06-14T21:50:12+09:00,GBIKE,130192,51.0,36.504031,127.235199,12,세종특별시
2026-06-14T21:50:12+09:00,GBIKE,501477,43.0,36.504082,127.244831,12,세종특별시
2026-06-14T21:50:12+09:00,GBIKE,501388,69.0,36.504082,127.270158,12,세종특별시
2026-06-14T21:50:12+09:00,GBIKE,130825,96.0,36.504083,127.270511,12,세종특별시
2026-06-14T21:50:12+09:00,GBIKE,342605,33.0,36.504121,127.235255,12,세종특별시
2026-06-14T21:50:12+09:00,GBIKE,131925,92.0,36.504148,127.244559,12,세종특별시
2026-06-14T21:50:12+09:00,GBIKE,130758,95.0,36.50415,127.249155,12,세종특별시
2026-06-14T21:50:12+09:00,GBIKE,501209,99.0,36.504196,127.264265,12,세종특별시
2026-06-14T21:50:12+09:00,GBIKE,131475,71.0,36.50422,127.235515,12,세종특별시
2026-06-14T21:50:12+09:00,GBIKE,130417,31.0,36.504271,127.244596,12,세종특별시
2026-06-14T21:50:12+09:00,GBIKE,130144,96.0,36.504283,127.235358,12,세종특별시
2026-06-14T21:50:12+09:00,GBIKE,501133,81.0,36.504285,127.235487,12,세종특별시
2026-06-14T21:50:12+09:00,GBIKE,130148,37.0,36.50429,127.23792,12,세종특별시
2026-06-14T21:50:12+09:00,GBIKE,130446,59.0,36.504303,127.235443,12,세종특별시
2026-06-14T21:50:12+09:00,GBIKE,501302,57.0,36.504312,127.261563,12,세종특별시
2026-06-14T21:50:12+09:00,GBIKE,131081,78.0,36.50432,127.235162,12,세종특별시
2026-06-14T21:50:12+09:00,GBIKE,130631,94.0,36.504327,127.235072,12,세종특별시
2026-06-14T21:50:12+09:00,GBIKE,130492,98.0,36.50433,127.235172,12,세종특별시
2026-06-14T21:50:12+09:00,GBIKE,131091,99.0,36.50433,127.235156,12,세종특별시
2026-06-14T21:50:12+09:00,GBIKE,131638,95.0,36.504334,127.235202,12,세종특별시
2026-06-14T21:50:12+09:00,GBIKE,130067,93.0,36.504337,127.235454,12,세종특별시
2026-06-14T21:50:12+09:00,GBIKE,130439,99.0,36.504341,127.235465,12,세종특별시
2026-06-14T21:50:12+09:00,GBIKE,131525,100.0,36.504348,127.235144,12,세종특별시
2026-06-14T21:50:12+09:00,GBIKE,130599,94.0,36.504349,127.235477,12,세종특별시
2026-06-14T21:50:12+09:00,GBIKE,501293,95.0,36.50437,127.26158,12,세종특별시
2026-06-14T21:50:12+09:00,GBIKE,130203,30.0,36.504414,127.26105,12,세종특별시
2026-06-14T21:50:12+09:00,GBIKE,501571,34.0,36.504428,127.272358,12,세종특별시
2026-06-14T21:50:12+09:00,GBIKE,501117,77.0,36.504428,127.235011,12,세종특별시
2026-06-14T21:50:12+09:00,GBIKE,130898,100.0,36.504451,127.235208,12,세종특별시
2026-06-14T21:50:12+09:00,GBIKE,131645,96.0,36.504475,127.262188,12,세종특별시
2026-06-14T21:50:12+09:00,GBIKE,131837,45.0,36.504521,127.234828,12,세종특별시
2026-06-14T21:50:12+09:00,GBIKE,130443,50.0,36.504543,127.252083,12,세종특별시
2026-06-14T21:50:12+09:00,GBIKE,131848,96.0,36.50457,127.261815,12,세종특별시
2026-06-14T21:50:12+09:00,GBIKE,130740,46.0,36.504584,127.234738,12,세종특별시
2026-06-14T21:50:12+09:00,GBIKE,131793,56.0,36.504597,127.249866,12,세종특별시
2026-06-14T21:50:12+09:00,GBIKE,501177,36.0,36.504606,127.267444,12,세종특별시
2026-06-14T21:50:12+09:00,GBIKE,131856,68.0,36.504634,127.235937,12,세종특별시
2026-06-14T21:50:12+09:00,GBIKE,131004,83.0,36.504639,127.249844,12,세종특별시
2026-06-14T21:50:12+09:00,GBIKE,501588,80.0,36.50466,127.248047,12,세종특별시
2026-06-14T21:50:12+09:00,GBIKE,130227,91.0,36.504661,127.234727,12,세종특별시
2026-06-14T21:50:12+09:00,GBIKE,130309,91.0,36.504729,127.23418,12,세종특별시
2026-06-14T21:50:12+09:00,GBIKE,131962,44.0,36.504734,127.234117,12,세종특별시
2026-06-14T21:50:12+09:00,GBIKE,131006,82.0,36.504736,127.234167,12,세종특별시
2026-06-14T21:50:12+09:00,GBIKE,130572,73.0,36.50479,127.234208,12,세종특별시
2026-06-14T21:50:12+09:00,GBIKE,130337,91.0,36.504794,127.234675,12,세종특별시
2026-06-14T21:50:12+09:00,GBIKE,131285,78.0,36.504805,127.236195,12,세종특별시
2026-06-14T21:50:12+09:00,GBIKE,130996,44.0,36.504824,127.236192,12,세종특별시
2026-06-14T21:50:12+09:00,GBIKE,130284,59.0,36.50491,127.249539,12,세종특별시
2026-06-14T21:50:12+09:00,GBIKE,130666,84.0,36.504979,127.249507,12,세종특별시
2026-06-14T21:50:12+09:00,GBIKE,130180,84.0,36.504993,127.247546,12,세종특별시
2026-06-14T21:50:12+09:00,GBIKE,130268,100.0,36.505007,127.236525,12,세종특별시
2026-06-14T21:50:12+09:00,GBIKE,501535,69.0,36.505048,127.248234,12,세종특별시
2026-06-14T21:50:12+09:00,GBIKE,130161,92.0,36.505053,127.243504,12,세종특별시
2026-06-14T21:50:12+09:00,GBIKE,131197,41.0,36.505076,127.272519,12,세종특별시
2026-06-14T21:50:12+09:00,GBIKE,131944,84.0,36.505103,127.252164,12,세종특별시
2026-06-14T21:50:12+09:00,GBIKE,501479,81.0,36.505125,127.272535,12,세종특별시
2026-06-14T21:50:12+09:00,GBIKE,131607,69.0,36.505129,127.260102,12,세종특별시
2026-06-14T21:50:12+09:00,GBIKE,131121,97.0,36.505163,127.27243,12,세종특별시
2026-06-14T21:50:12+09:00,GBIKE,130116,74.0,36.505176,127.250159,12,세종특별시
2026-06-14T21:50:12+09:00,GBIKE,130979,54.0,36.505186,127.232878,12,세종특별시
2026-06-14T21:50:12+09:00,GBIKE,131512,63.0,36.505192,127.233799,12,세종특별시
2026-06-14T21:50:12+09:00,GBIKE,130055,75.0,36.505195,127.275553,12,세종특별시
2026-06-14T21:50:12+09:00,GBIKE,130520,61.0,36.5052,127.244896,12,세종특별시
2026-06-14T21:50:12+09:00,GBIKE,130770,36.0,36.505207,127.244152,12,세종특별시
2026-06-14T21:50:12+09:00,GBIKE,131098,98.0,36.505213,127.275441,12,세종특별시
2026-06-14T21:50:12+09:00,GBIKE,131386,46.0,36.505235,127.23294,12,세종특별시
2026-06-14T21:50:12+09:00,GBIKE,130562,41.0,36.505237,127.25869,12,세종특별시
2026-06-14T21:50:12+09:00,GBIKE,131372,40.0,36.505242,127.244581,12,세종특별시
2026-06-14T21:50:12+09:00,GBIKE,131826,95.0,36.505248,127.275395,12,세종특별시
2026-06-14T21:50:12+09:00,GBIKE,131903,100.0,36.505251,127.275458,12,세종특별시
2026-06-14T21:50:12+09:00,GBIKE,131609,90.0,36.50526,127.233005,12,세종특별시
2026-06-14T21:50:12+09:00,GBIKE,131522,81.0,36.505279,127.233815,12,세종특별시
2026-06-14T21:50:12+09:00,GBIKE,131451,83.0,36.505282,127.261819,12,세종특별시
2026-06-14T21:50:12+09:00,GBIKE,130914,88.0,36.505299,127.261825,12,세종특별시
2026-06-14T21:50:12+09:00,GBIKE,130109,100.0,36.505304,127.245028,12,세종특별시
2026-06-14T21:50:12+09:00,GBIKE,501478,69.0,36.505304,127.233785,12,세종특별시
2026-06-14T21:50:12+09:00,GBIKE,130627,100.0,36.505313,127.261834,12,세종특별시
2026-06-14T21:50:12+09:00,GBIKE,130696,95.0,36.505319,127.261817,12,세종특별시
2026-06-14T21:50:12+09:00,GBIKE,131222,52.0,36.505331,127.261854,12,세종특별시
2026-06-14T21:50:12+09:00,GBIKE,130169,44.0,36.505334,127.261869,12,세종특별시
2026-06-14T21:50:12+09:00,GBIKE,131322,99.0,36.505365,127.233388,12,세종특별시
2026-06-14T21:50:12+09:00,GBIKE,131247,87.0,36.505429,127.267513,12,세종특별시
2026-06-14T21:50:12+09:00,GBIKE,130833,47.0,36.505468,127.233562,12,세종특별시
2026-06-14T21:50:12+09:00,GBIKE,131107,72.0,36.505501,127.235609,12,세종특별시
2026-06-14T21:50:12+09:00,GBIKE,501500,82.0,36.50551,127.26931,12,세종특별시
2026-06-14T21:50:12+09:00,GBIKE,131230,66.0,36.505527,127.235614,12,세종특별시
2026-06-14T21:50:12+09:00,GBIKE,130311,95.0,36.505559,127.235497,12,세종특별시
2026-06-14T21:50:12+09:00,GBIKE,130190,51.0,36.505583,127.240083,12,세종특별시
2026-06-14T21:50:12+09:00,GBIKE,131846,72.0,36.505605,127.235344,12,세종특별시
2026-06-14T21:50:12+09:00,GBIKE,130183,84.0,36.505618,127.258754,12,세종특별시
2026-06-14T21:50:12+09:00,GBIKE,130834,50.0,36.50566,127.2333,12,세종특별시
2026-06-14T21:50:12+09:00,GBIKE,131948,87.0,36.505698,127.235036,12,세종특별시
2026-06-14T21:50:12+09:00,GBIKE,130132,63.0,36.505755,127.235102,12,세종특별시
2026-06-14T21:50:12+09:00,GBIKE,130291,70.0,36.505766,127.233694,12,세종특별시
2026-06-14T21:50:12+09:00,GBIKE,131075,46.0,36.505779,127.23309,12,세종특별시
2026-06-14T21:50:12+09:00,GBIKE,131904,67.0,36.505782,127.234639,12,세종특별시
2026-06-14T21:50:12+09:00,GBIKE,131928,90.0,36.505782,127.25001,12,세종특별시
2026-06-14T21:50:12+09:00,GBIKE,130196,92.0,36.505793,127.233069,12,세종특별시
2026-06-14T21:50:12+09:00,GBIKE,130136,65.0,36.505833,127.235007,12,세종특별시
2026-06-14T21:50:12+09:00,GBIKE,131136,87.0,36.505835,127.234672,12,세종특별시
2026-06-14T21:50:12+09:00,GBIKE,131438,95.0,36.505838,127.235098,12,세종특별시
2026-06-14T21:50:12+09:00,GBIKE,131972,44.0,36.505844,127.253409,12,세종특별시
2026-06-14T21:50:12+09:00,GBIKE,130899,46.0,36.505848,127.261577,12,세종특별시
2026-06-14T21:50:12+09:00,GBIKE,131225,34.0,36.505876,127.250125,12,세종특별시
2026-06-14T21:50:12+09:00,GBIKE,130245,98.0,36.505928,127.272934,12,세종특별시
2026-06-14T21:50:12+09:00,GBIKE,131865,41.0,36.505928,127.245004,12,세종특별시
2026-06-14T21:50:12+09:00,GBIKE,501475,56.0,36.505979,127.233509,12,세종특별시
2026-06-14T21:50:12+09:00,GBIKE,130553,63.0,36.506003,127.23484,12,세종특별시
2026-06-14T21:50:12+09:00,GBIKE,131273,61.0,36.506007,127.234803,12,세종특별시
2026-06-14T21:50:12+09:00,GBIKE,130903,66.0,36.50601,127.234824,12,세종특별시
2026-06-14T21:50:12+09:00,GBIKE,131818,84.0,36.506028,127.262033,12,세종특별시
2026-06-14T21:50:12+09:00,GBIKE,131328,87.0,36.506031,127.234814,12,세종특별시
2026-06-14T21:50:12+09:00,GBIKE,130574,37.0,36.506052,127.234218,12,세종특별시
2026-06-14T21:50:12+09:00,GBIKE,131502,84.0,36.506056,127.234725,12,세종특별시
2026-06-14T21:50:12+09:00,GBIKE,130484,76.0,36.506057,127.234765,12,세종특별시
2026-06-14T21:50:12+09:00,GBIKE,131205,78.0,36.506063,127.272539,12,세종특별시
2026-06-14T21:50:12+09:00,GBIKE,131786,55.0,36.506063,127.234769,12,세종특별시
2026-06-14T21:50:12+09:00,GBIKE,501300,90.0,36.506077,127.233537,12,세종특별시
2026-06-14T21:50:12+09:00,GBIKE,130078,73.0,36.506093,127.234016,12,세종특별시
2026-06-14T21:50:12+09:00,GBIKE,131052,36.0,36.5061,127.241575,12,세종특별시
2026-06-14T21:50:12+09:00,GBIKE,130625,76.0,36.506113,127.272521,12,세종특별시
2026-06-14T21:50:12+09:00,GBIKE,130514,68.0,36.506117,127.233758,12,세종특별시
2026-06-14T21:50:12+09:00,GBIKE,130188,81.0,36.50613,127.233832,12,세종특별시
2026-06-14T21:50:12+09:00,GBIKE,131978,81.0,36.506148,127.23409,12,세종특별시
2026-06-14T21:50:12+09:00,GBIKE,131596,67.0,36.506157,127.233857,12,세종특별시
2026-06-14T21:50:12+09:00,GBIKE,131603,53.0,36.506176,127.234168,12,세종특별시
2026-06-14T21:50:12+09:00,GBIKE,501493,64.0,36.506213,127.249648,12,세종특별시
2026-06-14T21:50:12+09:00,GBIKE,130224,96.0,36.506227,127.234266,12,세종특별시
2026-06-14T21:50:12+09:00,GBIKE,130493,84.0,36.506234,127.234556,12,세종특별시
2026-06-14T21:50:12+09:00,GBIKE,130320,95.0,36.506267,127.272963,12,세종특별시
2026-06-14T21:50:12+09:00,GBIKE,131236,53.0,36.506272,127.272999,12,세종특별시
2026-06-14T21:50:12+09:00,GBIKE,131457,95.0,36.506283,127.263285,12,세종특별시
2026-06-14T21:50:12+09:00,GBIKE,130848,82.0,36.506297,127.234378,12,세종특별시
2026-06-14T21:50:12+09:00,GBIKE,501211,99.0,36.506329,127.264091,12,세종특별시
2026-06-14T21:50:12+09:00,GBIKE,131507,84.0,36.506446,127.234298,12,세종특별시
2026-06-14T21:50:12+09:00,GBIKE,131916,100.0,36.506455,127.269599,12,세종특별시
2026-06-14T21:50:12+09:00,GBIKE,501589,65.0,36.506504,127.234261,12,세종특별시
2026-06-14T21:50:12+09:00,GBIKE,501520,64.0,36.506519,127.258383,12,세종특별시
2026-06-14T21:50:12+09:00,GBIKE,501551,69.0,36.506583,127.25864,12,세종특별시
2026-06-14T21:50:12+09:00,GBIKE,501434,96.0,36.506594,127.262168,12,세종특별시
2026-06-14T21:50:12+09:00,GBIKE,130290,100.0,36.506625,127.267952,12,세종특별시
2026-06-14T21:50:12+09:00,GBIKE,130768,77.0,36.506632,127.267915,12,세종특별시
2026-06-14T21:50:12+09:00,GBIKE,130879,61.0,36.506633,127.269821,12,세종특별시
2026-06-14T21:50:12+09:00,GBIKE,131400,96.0,36.506638,127.232159,12,세종특별시
2026-06-14T21:50:12+09:00,GBIKE,501331,54.0,36.506642,127.245108,12,세종특별시
2026-06-14T21:50:12+09:00,GBIKE,131103,81.0,36.506647,127.262216,12,세종특별시
2026-06-14T21:50:12+09:00,GBIKE,131905,83.0,36.506647,127.262808,12,세종특별시
2026-06-14T21:50:12+09:00,GBIKE,130757,67.0,36.506649,127.262846,12,세종특별시
2026-06-14T21:50:12+09:00,GBIKE,131433,87.0,36.506659,127.262854,12,세종특별시
2026-06-14T21:50:12+09:00,GBIKE,131250,93.0,36.506663,127.232138,12,세종특별시
2026-06-14T21:50:12+09:00,GBIKE,131807,95.0,36.506683,127.23665,12,세종특별시
2026-06-14T21:50:12+09:00,GBIKE,131406,95.0,36.506694,127.232123,12,세종특별시
2026-06-14T21:50:12+09:00,GBIKE,131440,70.0,36.506703,127.232107,12,세종특별시
2026-06-14T21:50:12+09:00,GBIKE,130723,70.0,36.506712,127.258263,12,세종특별시
2026-06-14T21:50:12+09:00,GBIKE,131691,61.0,36.506713,127.236647,12,세종특별시
2026-06-14T21:50:12+09:00,GBIKE,130663,93.0,36.506721,127.232023,12,세종특별시
2026-06-14T21:50:12+09:00,GBIKE,501511,91.0,36.506772,127.232041,12,세종특별시
2026-06-14T21:50:12+09:00,GBIKE,131202,48.0,36.506795,127.247647,12,세종특별시
2026-06-14T21:50:12+09:00,GBIKE,130420,32.0,36.506813,127.245117,12,세종특별시
2026-06-14T21:50:12+09:00,GBIKE,501243,48.0,36.506822,127.258282,12,세종특별시
2026-06-14T21:50:12+09:00,GBIKE,130655,53.0,36.506837,127.245129,12,세종특별시
2026-06-14T21:50:12+09:00,GBIKE,130895,64.0,36.506853,127.252137,12,세종특별시
2026-06-14T21:50:12+09:00,GBIKE,130108,96.0,36.506856,127.261382,12,세종특별시
2026-06-14T21:50:12+09:00,GBIKE,130263,59.0,36.506857,127.27018,12,세종특별시
2026-06-14T21:50:12+09:00,GBIKE,130677,96.0,36.506872,127.270143,12,세종특별시
2026-06-14T21:50:12+09:00,GBIKE,130207,96.0,36.506881,127.26562,12,세종특별시
2026-06-14T21:50:12+09:00,GBIKE,130213,75.0,36.506882,127.270178,12,세종특별시
2026-06-14T21:50:12+09:00,GBIKE,130573,67.0,36.506897,127.253836,12,세종특별시
2026-06-14T21:50:12+09:00,GBIKE,501402,98.0,36.506902,127.253434,12,세종특별시
2026-06-14T21:50:12+09:00,GBIKE,130795,86.0,36.506909,127.253861,12,세종특별시
2026-06-14T21:50:12+09:00,GBIKE,131364,77.0,36.506919,127.235101,12,세종특별시
2026-06-14T21:50:12+09:00,GBIKE,131174,71.0,36.506929,127.267705,12,세종특별시
2026-06-14T21:50:12+09:00,GBIKE,130049,82.0,36.50696,127.262082,12,세종특별시
2026-06-14T21:50:12+09:00,GBIKE,131753,86.0,36.506978,127.251014,12,세종특별시
2026-06-14T21:50:12+09:00,GBIKE,130581,89.0,36.507,127.267677,12,세종특별시
2026-06-14T21:50:12+09:00,GBIKE,130476,84.0,36.507052,127.267936,12,세종특별시
2026-06-14T21:50:12+09:00,GBIKE,131129,88.0,36.507216,127.236245,12,세종특별시
2026-06-14T21:50:12+09:00,GBIKE,130933,66.0,36.507384,127.250169,12,세종특별시
2026-06-14T21:50:12+09:00,GBIKE,130392,95.0,36.507406,127.268939,12,세종특별시
2026-06-14T21:50:12+09:00,GBIKE,501215,73.0,36.507424,127.263119,12,세종특별시
2026-06-14T21:50:12+09:00,GBIKE,131318,50.0,36.507439,127.262018,12,세종특별시
2026-06-14T21:50:12+09:00,GBIKE,130254,64.0,36.507477,127.262413,12,세종특별시
2026-06-14T21:50:12+09:00,GBIKE,131031,57.0,36.507528,127.235485,12,세종특별시
2026-06-14T21:50:12+09:00,GBIKE,131792,72.0,36.507561,127.263113,12,세종특별시
2026-06-14T21:50:12+09:00,GBIKE,131082,92.0,36.507573,127.239125,12,세종특별시
2026-06-14T21:50:12+09:00,GBIKE,130384,95.0,36.507604,127.267999,12,세종특별시
2026-06-14T21:50:12+09:00,GBIKE,131834,58.0,36.507608,127.269586,12,세종특별시
2026-06-14T21:50:12+09:00,GBIKE,131604,96.0,36.507639,127.237109,12,세종특별시
2026-06-14T21:50:12+09:00,GBIKE,501110,51.0,36.507649,127.269115,12,세종특별시
2026-06-14T21:50:12+09:00,GBIKE,131570,79.0,36.507673,127.26903,12,세종특별시
2026-06-14T21:50:12+09:00,GBIKE,501485,43.0,36.507689,127.257781,12,세종특별시
2026-06-14T21:50:12+09:00,GBIKE,131653,100.0,36.507826,127.261567,12,세종특별시
2026-06-14T21:50:12+09:00,GBIKE,131336,81.0,36.507847,127.231188,12,세종특별시
2026-06-14T21:50:12+09:00,GBIKE,130946,100.0,36.507857,127.26155,12,세종특별시
2026-06-14T21:50:12+09:00,GBIKE,130449,97.0,36.507894,127.261586,12,세종특별시
2026-06-14T21:50:12+09:00,GBIKE,130375,76.0,36.507896,127.261481,12,세종특별시
2026-06-14T21:50:12+09:00,GBIKE,131901,100.0,36.507917,127.249731,12,세종특별시
2026-06-14T21:50:12+09:00,GBIKE,130729,68.0,36.507941,127.257511,12,세종특별시
2026-06-14T21:50:12+09:00,GBIKE,501378,97.0,36.507969,127.257586,12,세종특별시
2026-06-14T21:50:12+09:00,GBIKE,501584,46.0,36.508023,127.261934,12,세종특별시
2026-06-14T21:50:12+09:00,GBIKE,131809,75.0,36.508039,127.261991,12,세종특별시
2026-06-14T21:50:12+09:00,GBIKE,341583,42.0,36.508056,127.257873,12,세종특별시
2026-06-14T21:50:12+09:00,GBIKE,130744,64.0,36.508084,127.257234,12,세종특별시
2026-06-14T21:50:12+09:00,GBIKE,131401,93.0,36.508152,127.267603,12,세종특별시
2026-06-14T21:50:12+09:00,GBIKE,131867,94.0,36.508176,127.241598,12,세종특별시
2026-06-14T21:50:12+09:00,GBIKE,131279,49.0,36.508183,127.267505,12,세종특별시
2026-06-14T21:50:12+09:00,GBIKE,131908,83.0,36.508204,127.259789,12,세종특별시
2026-06-14T21:50:12+09:00,GBIKE,501523,97.0,36.508219,127.247223,12,세종특별시
2026-06-14T21:50:12+09:00,GBIKE,131827,99.0,36.50826,127.267622,12,세종특별시
2026-06-14T21:50:12+09:00,GBIKE,130252,50.0,36.508268,127.261382,12,세종특별시
2026-06-14T21:50:12+09:00,GBIKE,130147,51.0,36.508272,127.267645,12,세종특별시
2026-06-14T21:50:12+09:00,GBIKE,131388,52.0,36.508273,127.26664,12,세종특별시
2026-06-14T21:50:12+09:00,GBIKE,130058,89.0,36.508282,127.260253,12,세종특별시
2026-06-14T21:50:12+09:00,GBIKE,501376,91.0,36.508286,127.263032,12,세종특별시
2026-06-14T21:50:12+09:00,GBIKE,131500,62.0,36.508301,127.261457,12,세종특별시
2026-06-14T21:50:12+09:00,GBIKE,130792,66.0,36.50833,127.261457,12,세종특별시
2026-06-14T21:50:12+09:00,GBIKE,130181,79.0,36.508333,127.257663,12,세종특별시
2026-06-14T21:50:12+09:00,GBIKE,131216,80.0,36.508333,127.261401,12,세종특별시
2026-06-14T21:50:12+09:00,GBIKE,131232,31.0,36.508381,127.262632,12,세종특별시
2026-06-14T21:50:12+09:00,GBIKE,130462,63.0,36.508386,127.266662,12,세종특별시
2026-06-14T21:50:12+09:00,GBIKE,131113,97.0,36.508392,127.262579,12,세종특별시
2026-06-14T21:50:12+09:00,GBIKE,130314,72.0,36.508425,127.262292,12,세종특별시
2026-06-14T21:50:12+09:00,GBIKE,131166,34.0,36.508429,127.263468,12,세종특별시
2026-06-14T21:50:12+09:00,GBIKE,130988,60.0,36.508465,127.261982,12,세종특별시
2026-06-14T21:50:12+09:00,GBIKE,130085,100.0,36.508493,127.262165,12,세종특별시
2026-06-14T21:50:12+09:00,GBIKE,130040,86.0,36.508501,127.249944,12,세종특별시
2026-06-14T21:50:12+09:00,GBIKE,130700,98.0,36.508514,127.260238,12,세종특별시
2026-06-14T21:50:12+09:00,GBIKE,131654,64.0,36.50852,127.262223,12,세종특별시
2026-06-14T21:50:12+09:00,GBIKE,130107,88.0,36.508623,127.239048,12,세종특별시
2026-06-14T21:50:12+09:00,GBIKE,131489,69.0,36.508632,127.24154,12,세종특별시
2026-06-14T21:50:12+09:00,GBIKE,130717,50.0,36.508716,127.240207,12,세종특별시
2026-06-14T21:50:12+09:00,GBIKE,131034,70.0,36.508793,127.265563,12,세종특별시
2026-06-14T21:50:12+09:00,GBIKE,131413,71.0,36.5089,127.267647,12,세종특별시
2026-06-14T21:50:12+09:00,GBIKE,131310,95.0,36.508903,127.249539,12,세종특별시
2026-06-14T21:50:12+09:00,GBIKE,131374,31.0,36.508954,127.243187,12,세종특별시
2026-06-14T21:50:12+09:00,GBIKE,130117,94.0,36.509023,127.241304,12,세종특별시
2026-06-14T21:50:12+09:00,GBIKE,131930,37.0,36.509029,127.241233,12,세종특별시
2026-06-14T21:50:12+09:00,GBIKE,130274,62.0,36.509034,127.269634,12,세종특별시
2026-06-14T21:50:12+09:00,GBIKE,130444,69.0,36.509067,127.234156,12,세종특별시
2026-06-14T21:50:12+09:00,GBIKE,130025,45.0,36.50911,127.242799,12,세종특별시
2026-06-14T21:50:12+09:00,GBIKE,130145,51.0,36.509294,127.243943,12,세종특별시
2026-06-14T21:50:12+09:00,GBIKE,131048,94.0,36.509304,127.233819,12,세종특별시
2026-06-14T21:50:12+09:00,GBIKE,131017,76.0,36.509314,127.232344,12,세종특별시
2026-06-14T21:50:12+09:00,GBIKE,130089,97.0,36.509329,127.232272,12,세종특별시
2026-06-14T21:50:12+09:00,GBIKE,131122,46.0,36.50933,127.232274,12,세종특별시
2026-06-14T21:50:12+09:00,GBIKE,130526,83.0,36.50935,127.232284,12,세종특별시
2026-06-14T21:50:12+09:00,GBIKE,131296,76.0,36.509364,127.232499,12,세종특별시
2026-06-14T21:50:12+09:00,GBIKE,131266,96.0,36.509372,127.232393,12,세종특별시
2026-06-14T21:50:12+09:00,GBIKE,130543,66.0,36.509374,127.232419,12,세종특별시
2026-06-14T21:50:12+09:00,GBIKE,131419,50.0,36.509378,127.234344,12,세종특별시
2026-06-14T21:50:12+09:00,GBIKE,501441,62.0,36.509378,127.261448,12,세종특별시
2026-06-14T21:50:12+09:00,GBIKE,130030,87.0,36.509389,127.234339,12,세종특별시
2026-06-14T21:50:12+09:00,GBIKE,131460,79.0,36.509409,127.244459,12,세종특별시
2026-06-14T21:50:12+09:00,GBIKE,130124,97.0,36.509435,127.242829,12,세종특별시
2026-06-14T21:50:12+09:00,GBIKE,130168,97.0,36.509448,127.260948,12,세종특별시
2026-06-14T21:50:12+09:00,GBIKE,131584,61.0,36.509448,127.267376,12,세종특별시
2026-06-14T21:50:12+09:00,GBIKE,131073,72.0,36.50947,127.261395,12,세종특별시
2026-06-14T21:50:12+09:00,GBIKE,501560,91.0,36.509474,127.241544,12,세종특별시
2026-06-14T21:50:12+09:00,GBIKE,130162,81.0,36.509542,127.267443,12,세종특별시
2026-06-14T21:50:12+09:00,GBIKE,130638,100.0,36.509546,127.233072,12,세종특별시
2026-06-14T21:50:12+09:00,GBIKE,131478,72.0,36.50955,127.267798,12,세종특별시
2026-06-14T21:50:12+09:00,GBIKE,130318,48.0,36.509555,127.232995,12,세종특별시
2026-06-14T21:50:12+09:00,GBIKE,130535,77.0,36.509555,127.233143,12,세종특별시
2026-06-14T21:50:12+09:00,GBIKE,131704,95.0,36.50956,127.233083,12,세종특별시
2026-06-14T21:50:12+09:00,GBIKE,131586,66.0,36.509568,127.233607,12,세종특별시
2026-06-14T21:50:12+09:00,GBIKE,131935,47.0,36.509588,127.233652,12,세종특별시
2026-06-14T21:50:12+09:00,GBIKE,130634,100.0,36.509608,127.233598,12,세종특별시
2026-06-14T21:50:12+09:00,GBIKE,130948,73.0,36.509619,127.264591,12,세종특별시
2026-06-14T21:50:12+09:00,GBIKE,131780,75.0,36.509651,127.233623,12,세종특별시
2026-06-14T21:50:12+09:00,GBIKE,131931,69.0,36.509667,127.267437,12,세종특별시
2026-06-14T21:50:12+09:00,GBIKE,130219,85.0,36.509709,127.241515,12,세종특별시
2026-06-14T21:50:12+09:00,GBIKE,130502,95.0,36.509745,127.229188,12,세종특별시
2026-06-14T21:50:12+09:00,GBIKE,130552,41.0,36.509749,127.259799,12,세종특별시
2026-06-14T21:50:12+09:00,GBIKE,130675,83.0,36.509775,127.259833,12,세종특별시
2026-06-14T21:50:12+09:00,GBIKE,130870,88.0,36.509866,127.229572,12,세종특별시
2026-06-14T21:50:12+09:00,GBIKE,130546,98.0,36.509879,127.260422,12,세종특별시
2026-06-14T21:50:12+09:00,GBIKE,131881,59.0,36.509962,127.246271,12,세종특별시
2026-06-14T21:50:12+09:00,GBIKE,131288,79.0,36.509971,127.267599,12,세종특별시
2026-06-14T21:50:12+09:00,GBIKE,130491,54.0,36.51,127.250112,12,세종특별시
2026-06-14T21:50:12+09:00,GBIKE,130037,43.0,36.510022,127.242676,12,세종특별시
2026-06-14T21:50:12+09:00,GBIKE,501271,56.0,36.510039,127.246173,12,세종특별시
2026-06-14T21:50:12+09:00,GBIKE,130046,70.0,36.51004,127.267657,12,세종특별시
2026-06-14T21:50:12+09:00,GBIKE,130170,55.0,36.510062,127.267037,12,세종특별시
2026-06-14T21:50:12+09:00,GBIKE,131368,97.0,36.510116,127.246165,12,세종특별시
2026-06-14T21:50:12+09:00,GBIKE,131975,96.0,36.510194,127.233746,12,세종특별시
2026-06-14T21:50:12+09:00,GBIKE,130676,99.0,36.510206,127.260273,12,세종특별시
2026-06-14T21:50:12+09:00,GBIKE,131458,99.0,36.510235,127.267486,12,세종특별시
2026-06-14T21:50:12+09:00,GBIKE,501219,77.0,36.51028,127.267477,12,세종특별시
2026-06-14T21:50:12+09:00,GBIKE,131450,78.0,36.510376,127.249782,12,세종특별시
2026-06-14T21:50:12+09:00,GBIKE,130480,90.0,36.510377,127.233811,12,세종특별시
2026-06-14T21:50:12+09:00,GBIKE,131830,95.0,36.510402,127.231496,12,세종특별시
2026-06-14T21:50:12+09:00,GBIKE,131147,87.0,36.510482,127.241352,12,세종특별시
2026-06-14T21:50:12+09:00,GBIKE,131909,96.0,36.510492,127.250172,12,세종특별시
2026-06-14T21:50:12+09:00,GBIKE,130246,58.0,36.5105,127.250237,12,세종특별시
2026-06-14T21:50:12+09:00,GBIKE,131060,59.0,36.51051,127.24132,12,세종특별시
2026-06-14T21:50:12+09:00,GBIKE,130064,62.0,36.510514,127.231889,12,세종특별시
2026-06-14T21:50:12+09:00,GBIKE,130253,93.0,36.510522,127.241336,12,세종특별시
2026-06-14T21:50:12+09:00,GBIKE,131863,72.0,36.510524,127.232047,12,세종특별시
2026-06-14T21:50:12+09:00,GBIKE,130385,67.0,36.510525,127.230071,12,세종특별시
2026-06-14T21:50:12+09:00,GBIKE,130636,95.0,36.510528,127.231789,12,세종특별시
2026-06-14T21:50:12+09:00,GBIKE,130022,95.0,36.510542,127.241352,12,세종특별시
2026-06-14T21:50:12+09:00,GBIKE,130174,86.0,36.510542,127.230824,12,세종특별시
2026-06-14T21:50:12+09:00,GBIKE,131849,71.0,36.510545,127.230838,12,세종특별시
2026-06-14T21:50:12+09:00,GBIKE,130195,85.0,36.510547,127.23083,12,세종특별시
2026-06-14T21:50:12+09:00,GBIKE,131240,100.0,36.510557,127.241342,12,세종특별시
2026-06-14T21:50:12+09:00,GBIKE,130424,84.0,36.510576,127.229951,12,세종특별시
2026-06-14T21:50:12+09:00,GBIKE,130747,86.0,36.510577,127.232412,12,세종특별시
2026-06-14T21:50:12+09:00,GBIKE,612778,63.0,36.51058,127.246234,12,세종특별시
2026-06-14T21:50:12+09:00,GBIKE,501178,88.0,36.510582,127.241332,12,세종특별시
2026-06-14T21:50:12+09:00,GBIKE,130878,100.0,36.510592,127.246529,12,세종특별시
2026-06-14T21:50:12+09:00,GBIKE,131708,31.0,36.510596,127.229619,12,세종특별시
2026-06-14T21:50:12+09:00,GBIKE,131864,84.0,36.510611,127.238995,12,세종특별시
2026-06-14T21:50:12+09:00,GBIKE,130453,94.0,36.510614,127.260339,12,세종특별시
2026-06-14T21:50:12+09:00,GBIKE,131272,75.0,36.51062,127.238999,12,세종특별시
2026-06-14T21:50:12+09:00,GBIKE,131498,65.0,36.510628,127.239495,12,세종특별시
2026-06-14T21:50:12+09:00,GBIKE,130327,44.0,36.510656,127.24339,12,세종특별시
2026-06-14T21:50:12+09:00,GBIKE,130756,78.0,36.510658,127.239852,12,세종특별시
2026-06-14T21:50:12+09:00,GBIKE,501312,87.0,36.510658,127.243948,12,세종특별시
2026-06-14T21:50:12+09:00,GBIKE,130835,76.0,36.510672,127.232036,12,세종특별시
2026-06-14T21:50:12+09:00,GBIKE,130053,65.0,36.5107,127.229712,12,세종특별시
2026-06-14T21:50:12+09:00,GBIKE,131220,66.0,36.510705,127.261503,12,세종특별시
2026-06-14T21:50:12+09:00,GBIKE,131705,76.0,36.510721,127.243139,12,세종특별시
2026-06-14T21:50:12+09:00,GBIKE,501145,50.0,36.510768,127.243284,12,세종특별시
2026-06-14T21:50:12+09:00,GBIKE,130106,88.0,36.510796,127.231741,12,세종특별시
2026-06-14T21:50:12+09:00,GBIKE,358176,42.0,36.510821,127.243048,12,세종특별시
2026-06-14T21:50:12+09:00,GBIKE,501147,64.0,36.510822,127.239763,12,세종특별시
2026-06-14T21:50:12+09:00,GBIKE,130378,90.0,36.510829,127.23602,12,세종특별시
2026-06-14T21:50:12+09:00,GBIKE,359456,34.0,36.510831,127.23251,12,세종특별시
2026-06-14T21:50:12+09:00,GBIKE,130804,58.0,36.510832,127.234024,12,세종특별시
2026-06-14T21:50:12+09:00,GBIKE,131913,100.0,36.510834,127.239553,12,세종특별시
2026-06-14T21:50:12+09:00,GBIKE,130807,100.0,36.510853,127.232514,12,세종특별시
2026-06-14T21:50:12+09:00,GBIKE,130549,73.0,36.510854,127.233965,12,세종특별시
2026-06-14T21:50:12+09:00,GBIKE,130211,100.0,36.510858,127.266948,12,세종특별시
2026-06-14T21:50:12+09:00,GBIKE,130826,71.0,36.510869,127.239552,12,세종특별시
2026-06-14T21:50:12+09:00,GBIKE,131831,100.0,36.510871,127.232434,12,세종특별시
2026-06-14T21:50:12+09:00,GBIKE,130785,90.0,36.510872,127.256139,12,세종특별시
2026-06-14T21:50:12+09:00,GBIKE,130456,77.0,36.510875,127.232187,12,세종특별시
2026-06-14T21:50:12+09:00,GBIKE,130550,60.0,36.510879,127.244575,12,세종특별시
2026-06-14T21:50:12+09:00,GBIKE,130632,46.0,36.510885,127.233163,12,세종특별시
2026-06-14T21:50:12+09:00,GBIKE,130466,95.0,36.510961,127.263899,12,세종특별시
2026-06-14T21:50:12+09:00,GBIKE,130844,88.0,36.510968,127.256297,12,세종특별시
2026-06-14T21:50:12+09:00,GBIKE,131434,72.0,36.510974,127.249858,12,세종특별시
2026-06-14T21:50:12+09:00,GBIKE,131773,80.0,36.510987,127.239589,12,세종특별시
2026-06-14T21:50:12+09:00,GBIKE,131763,96.0,36.511008,127.249785,12,세종특별시
2026-06-14T21:50:12+09:00,GBIKE,130172,48.0,36.511011,127.233261,12,세종특별시
2026-06-14T21:50:12+09:00,GBIKE,131845,86.0,36.511016,127.249812,12,세종특별시
2026-06-14T21:50:12+09:00,GBIKE,130784,64.0,36.511023,127.232052,12,세종특별시
2026-06-14T21:50:12+09:00,GBIKE,130151,97.0,36.511027,127.249762,12,세종특별시
2026-06-14T21:50:12+09:00,GBIKE,130905,95.0,36.511042,127.248876,12,세종특별시
2026-06-14T21:50:12+09:00,GBIKE,131480,55.0,36.511046,127.264192,12,세종특별시
2026-06-14T21:50:12+09:00,GBIKE,131589,97.0,36.511046,127.249694,12,세종특별시
2026-06-14T21:50:12+09:00,GBIKE,131620,65.0,36.511072,127.233365,12,세종특별시
2026-06-14T21:50:12+09:00,GBIKE,131710,89.0,36.511083,127.249231,12,세종특별시
2026-06-14T21:50:12+09:00,GBIKE,130255,82.0,36.511101,127.248454,12,세종특별시
2026-06-14T21:50:12+09:00,GBIKE,130523,95.0,36.511108,127.248436,12,세종특별시
2026-06-14T21:50:12+09:00,GBIKE,130513,85.0,36.511135,127.246314,12,세종특별시
2026-06-14T21:50:12+09:00,GBIKE,130629,63.0,36.511139,127.24857,12,세종특별시
2026-06-14T21:50:12+09:00,GBIKE,131499,53.0,36.511146,127.247884,12,세종특별시
2026-06-14T21:50:12+09:00,GBIKE,130849,89.0,36.511148,127.239609,12,세종특별시
2026-06-14T21:50:12+09:00,GBIKE,130592,37.0,36.511151,127.248059,12,세종특별시
2026-06-14T21:50:12+09:00,GBIKE,131341,95.0,36.511154,127.248089,12,세종특별시
2026-06-14T21:50:12+09:00,GBIKE,131782,82.0,36.511192,127.240131,12,세종특별시
2026-06-14T21:50:12+09:00,GBIKE,130515,37.0,36.511202,127.236401,12,세종특별시
2026-06-14T21:50:12+09:00,GBIKE,130345,94.0,36.511207,127.24005,12,세종특별시
2026-06-14T21:50:12+09:00,GBIKE,131072,60.0,36.511214,127.240059,12,세종특별시
2026-06-14T21:50:12+09:00,GBIKE,501214,56.0,36.511223,127.239978,12,세종특별시
2026-06-14T21:50:12+09:00,GBIKE,130038,88.0,36.511231,127.240121,12,세종특별시
2026-06-14T21:50:12+09:00,GBIKE,131339,46.0,36.511237,127.248171,12,세종특별시
2026-06-14T21:50:12+09:00,GBIKE,131855,73.0,36.511272,127.233387,12,세종특별시
2026-06-14T21:50:12+09:00,GBIKE,131123,100.0,36.511324,127.25031,12,세종특별시
2026-06-14T21:50:12+09:00,GBIKE,131375,69.0,36.511334,127.250522,12,세종특별시
2026-06-14T21:50:12+09:00,GBIKE,131294,49.0,36.511374,127.250156,12,세종특별시
2026-06-14T21:50:12+09:00,GBIKE,501424,76.0,36.511376,127.244325,12,세종특별시
2026-06-14T21:50:12+09:00,GBIKE,130818,99.0,36.511392,127.242842,12,세종특별시
2026-06-14T21:50:12+09:00,GBIKE,130123,47.0,36.511435,127.255642,12,세종특별시
2026-06-14T21:50:12+09:00,GBIKE,130510,94.0,36.511442,127.253481,12,세종특별시
2026-06-14T21:50:12+09:00,GBIKE,130522,88.0,36.511454,127.260191,12,세종특별시
2026-06-14T21:50:12+09:00,GBIKE,501242,45.0,36.511514,127.25032,12,세종특별시
2026-06-14T21:50:12+09:00,GBIKE,131306,89.0,36.511517,127.249247,12,세종특별시
2026-06-14T21:50:12+09:00,GBIKE,501174,91.0,36.511547,127.255546,12,세종특별시
2026-06-14T21:50:12+09:00,GBIKE,501193,56.0,36.511572,127.248876,12,세종특별시
2026-06-14T21:50:12+09:00,GBIKE,501166,100.0,36.511575,127.248852,12,세종특별시
2026-06-14T21:50:12+09:00,GBIKE,130258,80.0,36.511583,127.259765,12,세종특별시
2026-06-14T21:50:12+09:00,GBIKE,501562,93.0,36.511585,127.247859,12,세종특별시
2026-06-14T21:50:12+09:00,GBIKE,501401,70.0,36.511593,127.249685,12,세종특별시
2026-06-14T21:50:12+09:00,GBIKE,130404,93.0,36.511617,127.247959,12,세종특별시
2026-06-14T21:50:12+09:00,GBIKE,130341,69.0,36.511626,127.247978,12,세종특별시
2026-06-14T21:50:12+09:00,GBIKE,131621,88.0,36.511626,127.244084,12,세종특별시
2026-06-14T21:50:12+09:00,GBIKE,131902,96.0,36.511629,127.259751,12,세종특별시
2026-06-14T21:50:12+09:00,GBIKE,131945,92.0,36.511632,127.247115,12,세종특별시
2026-06-14T21:50:12+09:00,GBIKE,131224,63.0,36.511636,127.239651,12,세종특별시
2026-06-14T21:50:12+09:00,GBIKE,501257,92.0,36.51164,127.251982,12,세종특별시
2026-06-14T21:50:12+09:00,GBIKE,130704,79.0,36.511641,127.248014,12,세종특별시
2026-06-14T21:50:12+09:00,GBIKE,131254,100.0,36.511643,127.247968,12,세종특별시
2026-06-14T21:50:12+09:00,GBIKE,130286,78.0,36.511647,127.247132,12,세종특별시
2026-06-14T21:50:12+09:00,GBIKE,131390,64.0,36.511656,127.239933,12,세종특별시
2026-06-14T21:50:12+09:00,GBIKE,131268,95.0,36.511662,127.239897,12,세종특별시
2026-06-14T21:50:12+09:00,GBIKE,131391,90.0,36.511668,127.240874,12,세종특별시
2026-06-14T21:50:12+09:00,GBIKE,130158,34.0,36.511674,127.247995,12,세종특별시
2026-06-14T21:50:12+09:00,GBIKE,332266,50.0,36.511675,127.246423,12,세종특별시
2026-06-14T21:50:12+09:00,GBIKE,130461,40.0,36.511681,127.247113,12,세종특별시
2026-06-14T21:50:12+09:00,GBIKE,131100,58.0,36.511699,127.247095,12,세종특별시
2026-06-14T21:50:12+09:00,GBIKE,501233,80.0,36.511699,127.240855,12,세종특별시
2026-06-14T21:50:12+09:00,GBIKE,131689,60.0,36.5117,127.24713,12,세종특별시
2026-06-14T21:50:12+09:00,GBIKE,501165,54.0,36.511703,127.250399,12,세종특별시
2026-06-14T21:50:12+09:00,GBIKE,131707,58.0,36.511704,127.246182,12,세종특별시
2026-06-14T21:50:12+09:00,GBIKE,130139,86.0,36.511705,127.246124,12,세종특별시
2026-06-14T21:50:12+09:00,GBIKE,358190,51.0,36.511708,127.246433,12,세종특별시
2026-06-14T21:50:12+09:00,GBIKE,501403,90.0,36.511724,127.240833,12,세종특별시
2026-06-14T21:50:12+09:00,GBIKE,131130,57.0,36.511724,127.247124,12,세종특별시
2026-06-14T21:50:12+09:00,GBIKE,130247,73.0,36.511725,127.244032,12,세종특별시
2026-06-14T21:50:12+09:00,GBIKE,130982,94.0,36.511728,127.246498,12,세종특별시
2026-06-14T21:50:12+09:00,GBIKE,131476,89.0,36.511742,127.249383,12,세종특별시
2026-06-14T21:50:12+09:00,GBIKE,501322,88.0,36.511753,127.266152,12,세종특별시
2026-06-14T21:50:12+09:00,GBIKE,501301,64.0,36.511757,127.229894,12,세종특별시
2026-06-14T21:50:12+09:00,GBIKE,131534,75.0,36.511758,127.2496,12,세종특별시
2026-06-14T21:50:12+09:00,GBIKE,130410,39.0,36.511762,127.24398,12,세종특별시
2026-06-14T21:50:12+09:00,GBIKE,501452,51.0,36.511763,127.244037,12,세종특별시
2026-06-14T21:50:12+09:00,GBIKE,130950,33.0,36.511769,127.249274,12,세종특별시
2026-06-14T21:50:12+09:00,GBIKE,131432,42.0,36.511773,127.243923,12,세종특별시
2026-06-14T21:50:12+09:00,GBIKE,131020,95.0,36.511778,127.243932,12,세종특별시
2026-06-14T21:50:12+09:00,GBIKE,131812,67.0,36.511782,127.241665,12,세종특별시
2026-06-14T21:50:12+09:00,GBIKE,130450,83.0,36.51179,127.259522,12,세종특별시
2026-06-14T21:50:12+09:00,GBIKE,130303,43.0,36.511802,127.243532,12,세종특별시
2026-06-14T21:50:12+09:00,GBIKE,131671,50.0,36.511806,127.250136,12,세종특별시
2026-06-14T21:50:12+09:00,GBIKE,130423,100.0,36.511849,127.243365,12,세종특별시
2026-06-14T21:50:12+09:00,GBIKE,131068,64.0,36.511849,127.240766,12,세종특별시
2026-06-14T21:50:12+09:00,GBIKE,501149,92.0,36.511852,127.242815,12,세종특별시
2026-06-14T21:50:12+09:00,GBIKE,131879,91.0,36.511859,127.2435,12,세종특별시
2026-06-14T21:50:12+09:00,GBIKE,130932,76.0,36.51186,127.243356,12,세종특별시
2026-06-14T21:50:12+09:00,GBIKE,130976,33.0,36.511875,127.247779,12,세종특별시
2026-06-14T21:50:12+09:00,GBIKE,130409,81.0,36.511876,127.243132,12,세종특별시
2026-06-14T21:50:12+09:00,GBIKE,501101,95.0,36.511879,127.240561,12,세종특별시
2026-06-14T21:50:12+09:00,GBIKE,501359,65.0,36.511884,127.240972,12,세종특별시
2026-06-14T21:50:12+09:00,GBIKE,501444,54.0,36.511887,127.248144,12,세종특별시
2026-06-14T21:50:12+09:00,GBIKE,501393,83.0,36.511897,127.240995,12,세종특별시
2026-06-14T21:50:12+09:00,GBIKE,501333,40.0,36.511904,127.248163,12,세종특별시
2026-06-14T21:50:12+09:00,GBIKE,130373,96.0,36.511907,127.243226,12,세종특별시
2026-06-14T21:50:12+09:00,GBIKE,501565,94.0,36.511916,127.245581,12,세종특별시
2026-06-14T21:50:12+09:00,GBIKE,130525,89.0,36.511924,127.24194,12,세종특별시
2026-06-14T21:50:12+09:00,GBIKE,501497,86.0,36.511924,127.241031,12,세종특별시
2026-06-14T21:50:12+09:00,GBIKE,130082,63.0,36.511932,127.24519,12,세종특별시
2026-06-14T21:50:12+09:00,GBIKE,501329,57.0,36.511948,127.243473,12,세종특별시
2026-06-14T21:50:12+09:00,GBIKE,501505,92.0,36.512009,127.243507,12,세종특별시
2026-06-14T21:50:12+09:00,GBIKE,501429,52.0,36.512017,127.244012,12,세종특별시
2026-06-14T21:50:12+09:00,GBIKE,131709,86.0,36.512041,127.242571,12,세종특별시
2026-06-14T21:50:12+09:00,GBIKE,501116,48.0,36.512042,127.241445,12,세종특별시
2026-06-14T21:50:12+09:00,GBIKE,130469,100.0,36.512059,127.247882,12,세종특별시
2026-06-14T21:50:12+09:00,GBIKE,131109,79.0,36.512061,127.247855,12,세종특별시
2026-06-14T21:50:12+09:00,GBIKE,130984,61.0,36.512066,127.242614,12,세종특별시
2026-06-14T21:50:12+09:00,GBIKE,131580,44.0,36.51207,127.242272,12,세종특별시
2026-06-14T21:50:12+09:00,GBIKE,131965,32.0,36.512086,127.247901,12,세종특별시
2026-06-14T21:50:12+09:00,GBIKE,131951,96.0,36.512096,127.242688,12,세종특별시
2026-06-14T21:50:12+09:00,GBIKE,130719,83.0,36.51211,127.248128,12,세종특별시
2026-06-14T21:50:12+09:00,GBIKE,131967,80.0,36.512115,127.242114,12,세종특별시
2026-06-14T21:50:12+09:00,GBIKE,501247,62.0,36.512116,127.259262,12,세종특별시
2026-06-14T21:50:12+09:00,GBIKE,130229,55.0,36.512126,127.248103,12,세종특별시
2026-06-14T21:50:12+09:00,GBIKE,130070,32.0,36.51214,127.24794,12,세종특별시
2026-06-14T21:50:12+09:00,GBIKE,130383,78.0,36.512141,127.259471,12,세종특별시
2026-06-14T21:50:12+09:00,GBIKE,501274,68.0,36.512144,127.241307,12,세종특별시
2026-06-14T21:50:12+09:00,GBIKE,501379,61.0,36.512151,127.248123,12,세종특별시
2026-06-14T21:50:12+09:00,GBIKE,130823,40.0,36.512154,127.248055,12,세종특별시
2026-06-14T21:50:12+09:00,GBIKE,501496,92.0,36.512162,127.248051,12,세종특별시
2026-06-14T21:50:12+09:00,GBIKE,501279,47.0,36.512174,127.248056,12,세종특별시
2026-06-14T21:50:12+09:00,GBIKE,130765,54.0,36.512192,127.229678,12,세종특별시
2026-06-14T21:50:12+09:00,GBIKE,501394,82.0,36.512197,127.243655,12,세종특별시
2026-06-14T21:50:12+09:00,GBIKE,130182,43.0,36.512209,127.24453,12,세종특별시
2026-06-14T21:50:12+09:00,GBIKE,501525,64.0,36.512214,127.25862,12,세종특별시
2026-06-14T21:50:12+09:00,GBIKE,130177,85.0,36.512218,127.241724,12,세종특별시
2026-06-14T21:50:12+09:00,GBIKE,131680,87.0,36.512235,127.242047,12,세종특별시
2026-06-14T21:50:12+09:00,GBIKE,131178,77.0,36.512237,127.247508,12,세종특별시
2026-06-14T21:50:12+09:00,GBIKE,131479,69.0,36.512244,127.258425,12,세종특별시
2026-06-14T21:50:12+09:00,GBIKE,131737,91.0,36.512258,127.255728,12,세종특별시
2026-06-14T21:50:12+09:00,GBIKE,130912,46.0,36.512261,127.247979,12,세종특별시
2026-06-14T21:50:12+09:00,GBIKE,131323,71.0,36.512261,127.247918,12,세종특별시
2026-06-14T21:50:12+09:00,GBIKE,130457,93.0,36.512271,127.247939,12,세종특별시
2026-06-14T21:50:12+09:00,GBIKE,131477,86.0,36.512272,127.247977,12,세종특별시
2026-06-14T21:50:12+09:00,GBIKE,501144,93.0,36.51228,127.247915,12,세종특별시
2026-06-14T21:50:12+09:00,GBIKE,131976,91.0,36.512286,127.259452,12,세종특별시
2026-06-14T21:50:12+09:00,GBIKE,130593,56.0,36.512287,127.259403,12,세종특별시
2026-06-14T21:50:12+09:00,GBIKE,130460,46.0,36.512297,127.243532,12,세종특별시
2026-06-14T21:50:12+09:00,GBIKE,501155,71.0,36.512303,127.257731,12,세종특별시
2026-06-14T21:50:12+09:00,GBIKE,130329,60.0,36.51232,127.258521,12,세종특별시
2026-06-14T21:50:12+09:00,GBIKE,131516,44.0,36.512334,127.248981,12,세종특별시
2026-06-14T21:50:12+09:00,GBIKE,130332,87.0,36.512342,127.239945,12,세종특별시
2026-06-14T21:50:12+09:00,GBIKE,501486,69.0,36.512343,127.243506,12,세종특별시
2026-06-14T21:50:12+09:00,GBIKE,131252,57.0,36.512345,127.259353,12,세종특별시
2026-06-14T21:50:12+09:00,GBIKE,131194,94.0,36.512376,127.258303,12,세종특별시
2026-06-14T21:50:12+09:00,GBIKE,130076,57.0,36.512405,127.241665,12,세종특별시
2026-06-14T21:50:12+09:00,GBIKE,130262,55.0,36.512405,127.232982,12,세종특별시
2026-06-14T21:50:12+09:00,GBIKE,130225,56.0,36.512409,127.258374,12,세종특별시
2026-06-14T21:50:12+09:00,GBIKE,131421,46.0,36.512417,127.249923,12,세종특별시
2026-06-14T21:50:12+09:00,GBIKE,501546,48.0,36.51242,127.258402,12,세종특별시
2026-06-14T21:50:12+09:00,GBIKE,501490,88.0,36.51242,127.258298,12,세종특별시
2026-06-14T21:50:12+09:00,GBIKE,131554,100.0,36.512435,127.249295,12,세종특별시
2026-06-14T21:50:12+09:00,GBIKE,131044,100.0,36.512437,127.2504,12,세종특별시
2026-06-14T21:50:12+09:00,GBIKE,131355,36.0,36.512438,127.258038,12,세종특별시
2026-06-14T21:50:12+09:00,GBIKE,130608,97.0,36.512445,127.249431,12,세종특별시
2026-06-14T21:50:12+09:00,GBIKE,130039,66.0,36.51245,127.249384,12,세종특별시
2026-06-14T21:50:12+09:00,GBIKE,131246,80.0,36.512462,127.249975,12,세종특별시
2026-06-14T21:50:12+09:00,GBIKE,130054,75.0,36.512465,127.258411,12,세종특별시
2026-06-14T21:50:12+09:00,GBIKE,501583,53.0,36.512466,127.249348,12,세종특별시
2026-06-14T21:50:12+09:00,GBIKE,130100,46.0,36.512468,127.23994,12,세종특별시
2026-06-14T21:50:12+09:00,GBIKE,131896,48.0,36.512468,127.258531,12,세종특별시
2026-06-14T21:50:12+09:00,GBIKE,131013,72.0,36.512476,127.22938,12,세종특별시
2026-06-14T21:50:12+09:00,GBIKE,130820,55.0,36.512484,127.258353,12,세종특별시
2026-06-14T21:50:12+09:00,GBIKE,131188,79.0,36.51249,127.258371,12,세종특별시
2026-06-14T21:50:12+09:00,GBIKE,130077,99.0,36.512493,127.250349,12,세종특별시
2026-06-14T21:50:12+09:00,GBIKE,130557,91.0,36.512495,127.266444,12,세종특별시
2026-06-14T21:50:12+09:00,GBIKE,130577,63.0,36.51251,127.258911,12,세종특별시
2026-06-14T21:50:12+09:00,GBIKE,501255,66.0,36.512551,127.24702,12,세종특별시
2026-06-14T21:50:12+09:00,GBIKE,131755,85.0,36.512571,127.229399,12,세종특별시
2026-06-14T21:50:12+09:00,GBIKE,130831,81.0,36.512581,127.266423,12,세종특별시
2026-06-14T21:50:12+09:00,GBIKE,131365,42.0,36.512635,127.260247,12,세종특별시
2026-06-14T21:50:12+09:00,GBIKE,131253,50.0,36.512677,127.24182,12,세종특별시
2026-06-14T21:50:12+09:00,GBIKE,501461,100.0,36.512685,127.259307,12,세종특별시
2026-06-14T21:50:12+09:00,GBIKE,130012,76.0,36.512743,127.262192,12,세종특별시
2026-06-14T21:50:12+09:00,GBIKE,130918,99.0,36.512763,127.229375,12,세종특별시
2026-06-14T21:50:12+09:00,GBIKE,131314,94.0,36.512782,127.242193,12,세종특별시
2026-06-14T21:50:12+09:00,GBIKE,130987,33.0,36.512857,127.233108,12,세종특별시
2026-06-14T21:50:12+09:00,GBIKE,130465,46.0,36.512861,127.241065,12,세종특별시
2026-06-14T21:50:12+09:00,GBIKE,131452,69.0,36.512878,127.233127,12,세종특별시
2026-06-14T21:50:12+09:00,GBIKE,501124,84.0,36.51289,127.243122,12,세종특별시
2026-06-14T21:50:12+09:00,GBIKE,131032,68.0,36.512988,127.229406,12,세종특별시
2026-06-14T21:50:12+09:00,GBIKE,130149,63.0,36.513017,127.258486,12,세종특별시
2026-06-14T21:50:12+09:00,GBIKE,130681,99.0,36.513052,127.241355,12,세종특별시
2026-06-14T21:50:12+09:00,GBIKE,501455,98.0,36.513074,127.261985,12,세종특별시
2026-06-14T21:50:12+09:00,GBIKE,130150,32.0,36.513093,127.261886,12,세종특별시
2026-06-14T21:50:12+09:00,GBIKE,131256,85.0,36.513101,127.229423,12,세종특별시
2026-06-14T21:50:12+09:00,GBIKE,130620,99.0,36.51319,127.233089,12,세종특별시
2026-06-14T21:50:12+09:00,GBIKE,131721,93.0,36.513205,127.250404,12,세종특별시
2026-06-14T21:50:12+09:00,GBIKE,130431,96.0,36.513216,127.259544,12,세종특별시
2026-06-14T21:50:12+09:00,GBIKE,501267,76.0,36.513222,127.241697,12,세종특별시
2026-06-14T21:50:12+09:00,GBIKE,130829,92.0,36.513224,127.229603,12,세종특별시
2026-06-14T21:50:12+09:00,GBIKE,501118,42.0,36.513478,127.264287,12,세종특별시
2026-06-14T21:50:12+09:00,GBIKE,501454,97.0,36.513509,127.241763,12,세종특별시
2026-06-14T21:50:12+09:00,GBIKE,130975,69.0,36.513521,127.233227,12,세종특별시
2026-06-14T21:50:12+09:00,GBIKE,130115,57.0,36.513528,127.23299,12,세종특별시
2026-06-14T21:50:12+09:00,GBIKE,501544,94.0,36.513533,127.255665,12,세종특별시
2026-06-14T21:50:12+09:00,GBIKE,501190,66.0,36.513533,127.266407,12,세종특별시
2026-06-14T21:50:12+09:00,GBIKE,131448,81.0,36.513579,127.266416,12,세종특별시
2026-06-14T21:50:12+09:00,GBIKE,130728,90.0,36.513593,127.233237,12,세종특별시
2026-06-14T21:50:12+09:00,GBIKE,131047,32.0,36.513594,127.266721,12,세종특별시
2026-06-14T21:50:12+09:00,GBIKE,131637,86.0,36.513595,127.258958,12,세종특별시
2026-06-14T21:50:12+09:00,GBIKE,130403,50.0,36.513609,127.257779,12,세종특별시
2026-06-14T21:50:12+09:00,GBIKE,130036,74.0,36.51361,127.257781,12,세종특별시
2026-06-14T21:50:12+09:00,GBIKE,130651,96.0,36.513621,127.258988,12,세종특별시
2026-06-14T21:50:12+09:00,GBIKE,131520,62.0,36.513629,127.259067,12,세종특별시
2026-06-14T21:50:12+09:00,GBIKE,131585,94.0,36.513632,127.233217,12,세종특별시
2026-06-14T21:50:12+09:00,GBIKE,131673,100.0,36.513632,127.259035,12,세종특별시
2026-06-14T21:50:12+09:00,GBIKE,131829,100.0,36.513645,127.259046,12,세종특별시
2026-06-14T21:50:12+09:00,GBIKE,131615,63.0,36.513649,127.229407,12,세종특별시
2026-06-14T21:50:12+09:00,GBIKE,130610,92.0,36.513654,127.259467,12,세종특별시
2026-06-14T21:50:12+09:00,GBIKE,131858,53.0,36.513656,127.257721,12,세종특별시
2026-06-14T21:50:12+09:00,GBIKE,131843,100.0,36.513658,127.257948,12,세종특별시
2026-06-14T21:50:12+09:00,GBIKE,130630,92.0,36.513663,127.232921,12,세종특별시
2026-06-14T21:50:12+09:00,GBIKE,130372,96.0,36.513667,127.257761,12,세종특별시
2026-06-14T21:50:12+09:00,GBIKE,130793,54.0,36.513668,127.257863,12,세종특별시
2026-06-14T21:50:12+09:00,GBIKE,501278,56.0,36.513677,127.250593,12,세종특별시
2026-06-14T21:50:12+09:00,GBIKE,501216,94.0,36.513688,127.258986,12,세종특별시
2026-06-14T21:50:12+09:00,GBIKE,501192,91.0,36.513689,127.257813,12,세종특별시
2026-06-14T21:50:12+09:00,GBIKE,130678,96.0,36.5137,127.259499,12,세종특별시
2026-06-14T21:50:12+09:00,GBIKE,130533,40.0,36.513743,127.257917,12,세종특별시
2026-06-14T21:50:12+09:00,GBIKE,131200,64.0,36.513771,127.266841,12,세종특별시
2026-06-14T21:50:12+09:00,GBIKE,131599,79.0,36.513778,127.241668,12,세종특별시
2026-06-14T21:50:12+09:00,GBIKE,501536,80.0,36.513801,127.258299,12,세종특별시
2026-06-14T21:50:12+09:00,GBIKE,131606,39.0,36.513925,127.228888,12,세종특별시
2026-06-14T21:50:12+09:00,GBIKE,130322,73.0,36.513992,127.229359,12,세종특별시
2026-06-14T21:50:12+09:00,GBIKE,131382,54.0,36.514002,127.262978,12,세종특별시
2026-06-14T21:50:12+09:00,GBIKE,131402,58.0,36.514086,127.258881,12,세종특별시
2026-06-14T21:50:12+09:00,GBIKE,130353,96.0,36.51425,127.258762,12,세종특별시
2026-06-14T21:50:12+09:00,GBIKE,131385,54.0,36.514251,127.266466,12,세종특별시
2026-06-14T21:50:12+09:00,GBIKE,130433,72.0,36.514316,127.232889,12,세종특별시
2026-06-14T21:50:12+09:00,GBIKE,130539,78.0,36.514347,127.229209,12,세종특별시
2026-06-14T21:50:12+09:00,GBIKE,130805,81.0,36.514372,127.258909,12,세종특별시
2026-06-14T21:50:12+09:00,GBIKE,131381,91.0,36.514413,127.256533,12,세종특별시
2026-06-14T21:50:12+09:00,GBIKE,131012,51.0,36.514483,127.232367,12,세종특별시
2026-06-14T21:50:12+09:00,GBIKE,130128,55.0,36.514532,127.268014,12,세종특별시
2026-06-14T21:50:12+09:00,GBIKE,130788,53.0,36.514599,127.228328,12,세종특별시
2026-06-14T21:50:12+09:00,GBIKE,130667,50.0,36.514607,127.250611,12,세종특별시
2026-06-14T21:50:12+09:00,GBIKE,131537,50.0,36.514749,127.259241,12,세종특별시
2026-06-14T21:50:12+09:00,GBIKE,130184,30.0,36.514755,127.259228,12,세종특별시
2026-06-14T21:50:12+09:00,GBIKE,131655,79.0,36.514764,127.259169,12,세종특별시
2026-06-14T21:50:12+09:00,GBIKE,131212,100.0,36.514775,127.259197,12,세종특별시
2026-06-14T21:50:12+09:00,GBIKE,131687,72.0,36.514789,127.229776,12,세종특별시
2026-06-14T21:50:12+09:00,GBIKE,130531,100.0,36.514818,127.241723,12,세종특별시
2026-06-14T21:50:12+09:00,GBIKE,130624,100.0,36.51483,127.241709,12,세종특별시
2026-06-14T21:50:12+09:00,GBIKE,130963,46.0,36.514832,127.228719,12,세종특별시
2026-06-14T21:50:12+09:00,GBIKE,131077,81.0,36.514847,127.228633,12,세종특별시
2026-06-14T21:50:12+09:00,GBIKE,501537,63.0,36.514849,127.259188,12,세종특별시
2026-06-14T21:50:12+09:00,GBIKE,130021,93.0,36.514857,127.259243,12,세종특별시
2026-06-14T21:50:12+09:00,GBIKE,130483,65.0,36.514871,127.228833,12,세종특별시
2026-06-14T21:50:12+09:00,GBIKE,131074,100.0,36.514887,127.259193,12,세종특별시
2026-06-14T21:50:12+09:00,GBIKE,131442,68.0,36.514891,127.258622,12,세종특별시
2026-06-14T21:50:12+09:00,GBIKE,130382,46.0,36.514893,127.26442,12,세종특별시
2026-06-14T21:50:12+09:00,GBIKE,131347,96.0,36.514899,127.259229,12,세종특별시
2026-06-14T21:50:12+09:00,GBIKE,130597,76.0,36.514912,127.258701,12,세종특별시
2026-06-14T21:50:12+09:00,GBIKE,131960,88.0,36.514917,127.259188,12,세종특별시
2026-06-14T21:50:12+09:00,GBIKE,130344,85.0,36.514925,127.265807,12,세종특별시
2026-06-14T21:50:12+09:00,GBIKE,130832,91.0,36.51494,127.265971,12,세종특별시
2026-06-14T21:50:12+09:00,GBIKE,130657,92.0,36.514961,127.25846,12,세종특별시
2026-06-14T21:50:12+09:00,GBIKE,130682,100.0,36.51517,127.258804,12,세종특별시
2026-06-14T21:50:12+09:00,GBIKE,130256,96.0,36.51518,127.24181,12,세종특별시
2026-06-14T21:50:12+09:00,GBIKE,131700,100.0,36.515188,127.258769,12,세종특별시
2026-06-14T21:50:12+09:00,GBIKE,501313,94.0,36.515188,127.265766,12,세종특별시
2026-06-14T21:50:12+09:00,GBIKE,131354,100.0,36.515191,127.258754,12,세종특별시
2026-06-14T21:50:12+09:00,GBIKE,501569,79.0,36.515195,127.259168,12,세종특별시
2026-06-14T21:50:12+09:00,GBIKE,501445,95.0,36.515278,127.258771,12,세종특별시
2026-06-14T21:50:12+09:00,GBIKE,130935,75.0,36.51552,127.23326,12,세종특별시
2026-06-14T21:50:12+09:00,GBIKE,131191,63.0,36.515602,127.233527,12,세종특별시
2026-06-14T21:50:12+09:00,GBIKE,130725,99.0,36.515631,127.233529,12,세종특별시
2026-06-14T21:50:12+09:00,GBIKE,131070,78.0,36.515821,127.255815,12,세종특별시
2026-06-14T21:50:12+09:00,GBIKE,501590,65.0,36.515827,127.250313,12,세종특별시
2026-06-14T21:50:12+09:00,GBIKE,131912,99.0,36.51583,127.255842,12,세종특별시
2026-06-14T21:50:12+09:00,GBIKE,501423,80.0,36.515833,127.250257,12,세종특별시
2026-06-14T21:50:12+09:00,GBIKE,130323,51.0,36.515848,127.265441,12,세종특별시
2026-06-14T21:50:12+09:00,GBIKE,131918,92.0,36.515909,127.26444,12,세종특별시
2026-06-14T21:50:12+09:00,GBIKE,130580,99.0,36.51591,127.266797,12,세종특별시
2026-06-14T21:50:12+09:00,GBIKE,131594,66.0,36.515935,127.264478,12,세종특별시
2026-06-14T21:50:12+09:00,GBIKE,130051,57.0,36.515941,127.255789,12,세종특별시
2026-06-14T21:50:12+09:00,GBIKE,131422,50.0,36.516005,127.261698,12,세종특별시
2026-06-14T21:50:12+09:00,GBIKE,130485,92.0,36.516025,127.233923,12,세종특별시
2026-06-14T21:50:12+09:00,GBIKE,501272,57.0,36.51603,127.258102,12,세종특별시
2026-06-14T21:50:12+09:00,GBIKE,131112,81.0,36.516034,127.257963,12,세종특별시
2026-06-14T21:50:12+09:00,GBIKE,130530,66.0,36.516043,127.26187,12,세종특별시
2026-06-14T21:50:12+09:00,GBIKE,131781,82.0,36.516047,127.255946,12,세종특별시
2026-06-14T21:50:12+09:00,GBIKE,130298,83.0,36.516144,127.245657,12,세종특별시
2026-06-14T21:50:12+09:00,GBIKE,130521,87.0,36.516165,127.262261,12,세종특별시
2026-06-14T21:50:12+09:00,GBIKE,131292,96.0,36.516184,127.256097,12,세종특별시
2026-06-14T21:50:12+09:00,GBIKE,131938,96.0,36.516218,127.262328,12,세종특별시
2026-06-14T21:50:12+09:00,GBIKE,130073,61.0,36.516222,127.26234,12,세종특별시
2026-06-14T21:50:12+09:00,GBIKE,130683,59.0,36.516244,127.262283,12,세종특별시
2026-06-14T21:50:12+09:00,GBIKE,131872,95.0,36.516257,127.262322,12,세종특별시
2026-06-14T21:50:12+09:00,GBIKE,131562,83.0,36.516281,127.262302,12,세종특별시
2026-06-14T21:50:12+09:00,GBIKE,130432,100.0,36.516299,127.258336,12,세종특별시
2026-06-14T21:50:12+09:00,GBIKE,501327,82.0,36.516304,127.257755,12,세종특별시
2026-06-14T21:50:12+09:00,GBIKE,131158,100.0,36.516322,127.257846,12,세종특별시
2026-06-14T21:50:12+09:00,GBIKE,130397,87.0,36.516334,127.257827,12,세종특별시
2026-06-14T21:50:12+09:00,GBIKE,131209,87.0,36.516348,127.259285,12,세종특별시
2026-06-14T21:50:12+09:00,GBIKE,130056,51.0,36.516357,127.262397,12,세종특별시
2026-06-14T21:50:12+09:00,GBIKE,131259,94.0,36.51636,127.24572,12,세종특별시
2026-06-14T21:50:12+09:00,GBIKE,130251,100.0,36.516361,127.258744,12,세종특별시
2026-06-14T21:50:12+09:00,GBIKE,130658,76.0,36.516369,127.258772,12,세종특별시
2026-06-14T21:50:12+09:00,GBIKE,501249,52.0,36.516393,127.241466,12,세종특별시
2026-06-14T21:50:12+09:00,GBIKE,131011,83.0,36.516394,127.262024,12,세종특별시
2026-06-14T21:50:12+09:00,GBIKE,501448,91.0,36.516399,127.241683,12,세종특별시
2026-06-14T21:50:12+09:00,GBIKE,130722,73.0,36.516407,127.241438,12,세종특별시
2026-06-14T21:50:12+09:00,GBIKE,130648,74.0,36.516425,127.241456,12,세종특별시
2026-06-14T21:50:12+09:00,GBIKE,501594,69.0,36.516442,127.24451,12,세종특별시
2026-06-14T21:50:12+09:00,GBIKE,130699,65.0,36.516445,127.241424,12,세종특별시
2026-06-14T21:50:12+09:00,GBIKE,131161,50.0,36.516446,127.241439,12,세종특별시
2026-06-14T21:50:12+09:00,GBIKE,130623,64.0,36.516448,127.241462,12,세종특별시
2026-06-14T21:50:12+09:00,GBIKE,130947,59.0,36.516459,127.241456,12,세종특별시
2026-06-14T21:50:12+09:00,GBIKE,131269,69.0,36.516467,127.251522,12,세종특별시
2026-06-14T21:50:12+09:00,GBIKE,131882,100.0,36.516471,127.241456,12,세종특별시
2026-06-14T21:50:12+09:00,GBIKE,130718,53.0,36.516485,127.241439,12,세종특별시
2026-06-14T21:50:12+09:00,GBIKE,131192,75.0,36.51652,127.241479,12,세종특별시
2026-06-14T21:50:12+09:00,GBIKE,131016,58.0,36.516526,127.24147,12,세종특별시
2026-06-14T21:50:12+09:00,GBIKE,131819,99.0,36.516602,127.255792,12,세종특별시
2026-06-14T21:50:12+09:00,GBIKE,131724,34.0,36.516652,127.259116,12,세종특별시
2026-06-14T21:50:12+09:00,GBIKE,130205,83.0,36.516684,127.251671,12,세종특별시
2026-06-14T21:50:12+09:00,GBIKE,130458,67.0,36.516685,127.241471,12,세종특별시
2026-06-14T21:50:12+09:00,GBIKE,130827,59.0,36.51671,127.259109,12,세종특별시
2026-06-14T21:50:12+09:00,GBIKE,131769,94.0,36.516781,127.265229,12,세종특별시
2026-06-14T21:50:12+09:00,GBIKE,130939,74.0,36.516933,127.259202,12,세종특별시
2026-06-14T21:50:12+09:00,GBIKE,131777,53.0,36.516994,127.235516,12,세종특별시
2026-06-14T21:50:12+09:00,GBIKE,131574,78.0,36.517041,127.239742,12,세종특별시
2026-06-14T21:50:12+09:00,GBIKE,131508,83.0,36.51725,127.264718,12,세종특별시
2026-06-14T21:50:12+09:00,GBIKE,130778,78.0,36.517306,127.231073,12,세종특별시
2026-06-14T21:50:12+09:00,GBIKE,130734,95.0,36.517332,127.239837,12,세종특별시
2026-06-14T21:50:12+09:00,GBIKE,131251,86.0,36.517337,127.240652,12,세종특별시
2026-06-14T21:50:12+09:00,GBIKE,131618,81.0,36.517377,127.258684,12,세종특별시
2026-06-14T21:50:12+09:00,GBIKE,501541,100.0,36.517414,127.241859,12,세종특별시
2026-06-14T21:50:12+09:00,GBIKE,358231,30.0,36.51742,127.23707,12,세종특별시
2026-06-14T21:50:12+09:00,GBIKE,131159,83.0,36.517443,127.231522,12,세종특별시
2026-06-14T21:50:12+09:00,GBIKE,131969,68.0,36.517454,127.26453,12,세종특별시
2026-06-14T21:50:12+09:00,GBIKE,131384,31.0,36.517513,127.243867,12,세종특별시
2026-06-14T21:50:12+09:00,GBIKE,130198,95.0,36.517534,127.262032,12,세종특별시
2026-06-14T21:50:12+09:00,GBIKE,131711,86.0,36.517544,127.264913,12,세종특별시
2026-06-14T21:50:12+09:00,GBIKE,131481,59.0,36.517556,127.235605,12,세종특별시
2026-06-14T21:50:12+09:00,GBIKE,131325,76.0,36.517624,127.240906,12,세종특별시
2026-06-14T21:50:12+09:00,GBIKE,130868,98.0,36.517637,127.240794,12,세종특별시
2026-06-14T21:50:12+09:00,GBIKE,131823,68.0,36.517743,127.260002,12,세종특별시
2026-06-14T21:50:12+09:00,GBIKE,131658,100.0,36.51775,127.259247,12,세종특별시
2026-06-14T21:50:12+09:00,GBIKE,131392,41.0,36.517754,127.241381,12,세종특별시
2026-06-14T21:50:12+09:00,GBIKE,130771,73.0,36.517773,127.260689,12,세종특별시
2026-06-14T21:50:12+09:00,GBIKE,131116,81.0,36.517782,127.236981,12,세종특별시
2026-06-14T21:50:12+09:00,GBIKE,130708,76.0,36.517793,127.239478,12,세종특별시
2026-06-14T21:50:12+09:00,GBIKE,130645,48.0,36.517818,127.252243,12,세종특별시
2026-06-14T21:50:12+09:00,GBIKE,131814,88.0,36.517821,127.25219,12,세종특별시
2026-06-14T21:50:12+09:00,GBIKE,501120,94.0,36.517874,127.261947,12,세종특별시
2026-06-14T21:50:12+09:00,GBIKE,131036,54.0,36.517915,127.234639,12,세종특별시
2026-06-14T21:50:12+09:00,GBIKE,131342,49.0,36.517944,127.2325,12,세종특별시
2026-06-14T21:50:12+09:00,GBIKE,131181,97.0,36.517948,127.232477,12,세종특별시
2026-06-14T21:50:12+09:00,GBIKE,501119,88.0,36.517999,127.229794,12,세종특별시
2026-06-14T21:50:12+09:00,GBIKE,130840,99.0,36.518007,127.232298,12,세종특별시
2026-06-14T21:50:12+09:00,GBIKE,131897,100.0,36.518027,127.25202,12,세종특별시
2026-06-14T21:50:12+09:00,GBIKE,131566,40.0,36.518038,127.251961,12,세종특별시
2026-06-14T21:50:12+09:00,GBIKE,131871,85.0,36.51804,127.252009,12,세종특별시
2026-06-14T21:50:12+09:00,GBIKE,130348,83.0,36.518054,127.252019,12,세종특별시
2026-06-14T21:50:12+09:00,GBIKE,131631,87.0,36.518068,127.251987,12,세종특별시
2026-06-14T21:50:12+09:00,GBIKE,131576,96.0,36.51807,127.251992,12,세종특별시
2026-06-14T21:50:12+09:00,GBIKE,130231,75.0,36.518079,127.252305,12,세종특별시
2026-06-14T21:50:12+09:00,GBIKE,131787,93.0,36.518094,127.263797,12,세종특별시
2026-06-14T21:50:12+09:00,GBIKE,131152,97.0,36.518106,127.252324,12,세종특별시
2026-06-14T21:50:12+09:00,GBIKE,130275,100.0,36.518112,127.252335,12,세종특별시
2026-06-14T21:50:12+09:00,GBIKE,131105,95.0,36.518118,127.233863,12,세종특별시
2026-06-14T21:50:12+09:00,GBIKE,131996,53.0,36.518122,127.232764,12,세종특별시
2026-06-14T21:50:12+09:00,GBIKE,131124,59.0,36.518128,127.234565,12,세종특별시
2026-06-14T21:50:12+09:00,GBIKE,501586,71.0,36.518137,127.232743,12,세종특별시
2026-06-14T21:50:12+09:00,GBIKE,131987,98.0,36.518143,127.234905,12,세종특별시
2026-06-14T21:50:12+09:00,GBIKE,130104,40.0,36.518187,127.252079,12,세종특별시
2026-06-14T21:50:12+09:00,GBIKE,130760,81.0,36.518193,127.23518,12,세종특별시
2026-06-14T21:50:12+09:00,GBIKE,130690,86.0,36.518211,127.235152,12,세종특별시
2026-06-14T21:50:12+09:00,GBIKE,130295,73.0,36.518256,127.232058,12,세종특별시
2026-06-14T21:50:12+09:00,GBIKE,130159,95.0,36.518323,127.232556,12,세종특별시
2026-06-14T21:50:12+09:00,GBIKE,130366,80.0,36.518354,127.232215,12,세종특별시
2026-06-14T21:50:12+09:00,GBIKE,131740,64.0,36.518396,127.263805,12,세종특별시
2026-06-14T21:50:12+09:00,GBIKE,130764,77.0,36.518408,127.232293,12,세종특별시
2026-06-14T21:50:12+09:00,GBIKE,130911,60.0,36.518432,127.261986,12,세종특별시
2026-06-14T21:50:12+09:00,GBIKE,130416,49.0,36.518448,127.232636,12,세종특별시
2026-06-14T21:50:12+09:00,GBIKE,501343,79.0,36.518536,127.241947,12,세종특별시
2026-06-14T21:50:12+09:00,GBIKE,130048,81.0,36.518537,127.256813,12,세종특별시
2026-06-14T21:50:12+09:00,GBIKE,131535,40.0,36.518583,127.256775,12,세종특별시
2026-06-14T21:50:12+09:00,GBIKE,131151,93.0,36.518599,127.235071,12,세종특별시
2026-06-14T21:50:12+09:00,GBIKE,131142,65.0,36.518667,127.252525,12,세종특별시
2026-06-14T21:50:12+09:00,GBIKE,130536,100.0,36.518747,127.233757,12,세종특별시
2026-06-14T21:50:12+09:00,GBIKE,358227,99.0,36.518761,127.245071,12,세종특별시
2026-06-14T21:50:12+09:00,GBIKE,131693,58.0,36.518798,127.235542,12,세종특별시
2026-06-14T21:50:12+09:00,GBIKE,131940,95.0,36.518829,127.235676,12,세종특별시
2026-06-14T21:50:12+09:00,GBIKE,130101,37.0,36.518843,127.235464,12,세종특별시
2026-06-14T21:50:12+09:00,GBIKE,130938,47.0,36.518873,127.235552,12,세종특별시
2026-06-14T21:50:12+09:00,GBIKE,130277,59.0,36.518876,127.235548,12,세종특별시
2026-06-14T21:50:12+09:00,GBIKE,131237,94.0,36.518878,127.235857,12,세종특별시
2026-06-14T21:50:12+09:00,GBIKE,131190,59.0,36.518882,127.235752,12,세종특별시
2026-06-14T21:50:12+09:00,GBIKE,130185,92.0,36.5189,127.232977,12,세종특별시
2026-06-14T21:50:12+09:00,GBIKE,131744,79.0,36.518901,127.235857,12,세종특별시
2026-06-14T21:50:12+09:00,GBIKE,131729,95.0,36.518957,127.252534,12,세종특별시
2026-06-14T21:50:12+09:00,GBIKE,131540,47.0,36.518964,127.235582,12,세종특별시
2026-06-14T21:50:12+09:00,GBIKE,501158,87.0,36.518976,127.246563,12,세종특별시
2026-06-14T21:50:12+09:00,GBIKE,501292,62.0,36.518987,127.234639,12,세종특별시
2026-06-14T21:50:12+09:00,GBIKE,130563,72.0,36.518995,127.235084,12,세종특별시
2026-06-14T21:50:12+09:00,GBIKE,130999,96.0,36.519178,127.249383,12,세종특별시
2026-06-14T21:50:12+09:00,GBIKE,131495,97.0,36.519191,127.236279,12,세종특별시
2026-06-14T21:50:12+09:00,GBIKE,130614,45.0,36.519195,127.249728,12,세종특별시
2026-06-14T21:50:12+09:00,GBIKE,130888,68.0,36.51921,127.248549,12,세종특별시
2026-06-14T21:50:12+09:00,GBIKE,131449,95.0,36.519216,127.236205,12,세종특별시
2026-06-14T21:50:12+09:00,GBIKE,501262,75.0,36.519231,127.251763,12,세종특별시
2026-06-14T21:50:12+09:00,GBIKE,131790,97.0,36.519271,127.249683,12,세종특별시
2026-06-14T21:50:12+09:00,GBIKE,130892,66.0,36.519279,127.251498,12,세종특별시
2026-06-14T21:50:12+09:00,GBIKE,130812,45.0,36.519301,127.251401,12,세종특별시
2026-06-14T21:50:12+09:00,GBIKE,130283,98.0,36.519303,127.248654,12,세종특별시
2026-06-14T21:50:12+09:00,GBIKE,130088,38.0,36.519322,127.252555,12,세종특별시
2026-06-14T21:50:12+09:00,GBIKE,130189,94.0,36.519385,127.252856,12,세종특별시
2026-06-14T21:50:12+09:00,GBIKE,130871,96.0,36.519387,127.252899,12,세종특별시
2026-06-14T21:50:12+09:00,GBIKE,130602,66.0,36.519418,127.252808,12,세종특별시
2026-06-14T21:50:12+09:00,GBIKE,130883,87.0,36.519435,127.234677,12,세종특별시
2026-06-14T21:50:12+09:00,GBIKE,501335,55.0,36.519436,127.251742,12,세종특별시
2026-06-14T21:50:12+09:00,GBIKE,131821,86.0,36.519441,127.235872,12,세종특별시
2026-06-14T21:50:12+09:00,GBIKE,501111,97.0,36.519452,127.252673,12,세종특별시
2026-06-14T21:50:12+09:00,GBIKE,130265,60.0,36.519478,127.252893,12,세종특별시
2026-06-14T21:50:12+09:00,GBIKE,501254,76.0,36.519561,127.234798,12,세종특별시
2026-06-14T21:50:12+09:00,GBIKE,131050,57.0,36.519636,127.235565,12,세종특별시
2026-06-14T21:50:12+09:00,GBIKE,501435,64.0,36.519679,127.234016,12,세종특별시
2026-06-14T21:50:12+09:00,GBIKE,130474,95.0,36.519681,127.235606,12,세종특별시
2026-06-14T21:50:12+09:00,GBIKE,130872,93.0,36.519694,127.235766,12,세종특별시
2026-06-14T21:50:12+09:00,GBIKE,131344,59.0,36.519721,127.235202,12,세종특별시
2026-06-14T21:50:12+09:00,GBIKE,131822,80.0,36.519727,127.2353,12,세종특별시
2026-06-14T21:50:12+09:00,GBIKE,131757,46.0,36.519739,127.235737,12,세종특별시
2026-06-14T21:50:12+09:00,GBIKE,131156,53.0,36.519756,127.235623,12,세종특별시
2026-06-14T21:50:12+09:00,GBIKE,501422,82.0,36.519838,127.235505,12,세종특별시
2026-06-14T21:50:12+09:00,GBIKE,131674,84.0,36.519844,127.235769,12,세종특별시
2026-06-14T21:50:12+09:00,GBIKE,131128,66.0,36.519905,127.236808,12,세종특별시
2026-06-14T21:50:12+09:00,GBIKE,131685,48.0,36.519923,127.236175,12,세종특별시
2026-06-14T21:50:12+09:00,GBIKE,130858,94.0,36.519934,127.236241,12,세종특별시
2026-06-14T21:50:12+09:00,GBIKE,131193,95.0,36.519958,127.236217,12,세종특별시
2026-06-14T21:50:12+09:00,GBIKE,130869,85.0,36.519994,127.236823,12,세종특별시
2026-06-14T21:50:12+09:00,GBIKE,131895,85.0,36.520033,127.235715,12,세종특별시
2026-06-14T21:50:12+09:00,GBIKE,501162,62.0,36.520094,127.235149,12,세종특별시
2026-06-14T21:50:12+09:00,GBIKE,131983,86.0,36.520216,127.235741,12,세종특별시
2026-06-14T21:50:12+09:00,GBIKE,131569,57.0,36.520307,127.252263,12,세종특별시
2026-06-14T21:50:12+09:00,GBIKE,501287,59.0,36.520318,127.236387,12,세종특별시
2026-06-14T21:50:12+09:00,GBIKE,501256,70.0,36.520321,127.25226,12,세종특별시
2026-06-14T21:50:12+09:00,GBIKE,501531,90.0,36.520334,127.236408,12,세종특별시
2026-06-14T21:50:12+09:00,GBIKE,131697,71.0,36.520373,127.23632,12,세종특별시
2026-06-14T21:50:12+09:00,GBIKE,130193,87.0,36.520836,127.247111,12,세종특별시
2026-06-14T21:50:12+09:00,GBIKE,501134,62.0,36.521067,127.262152,12,세종특별시
2026-06-14T21:50:12+09:00,GBIKE,501143,97.0,36.521085,127.262142,12,세종특별시
2026-06-14T21:50:12+09:00,GBIKE,501358,51.0,36.521087,127.262149,12,세종특별시
2026-06-14T21:50:12+09:00,GBIKE,130340,93.0,36.521102,127.233168,12,세종특별시
2026-06-14T21:50:12+09:00,GBIKE,131486,81.0,36.521119,127.23314,12,세종특별시
2026-06-14T21:50:12+09:00,GBIKE,501385,56.0,36.521452,127.251326,12,세종특별시
2026-06-14T21:50:12+09:00,GBIKE,131722,87.0,36.521547,127.233739,12,세종특별시
2026-06-14T21:50:12+09:00,GBIKE,501398,47.0,36.521547,127.247898,12,세종특별시
2026-06-14T21:50:12+09:00,GBIKE,130470,100.0,36.521679,127.233303,12,세종특별시
2026-06-14T21:50:12+09:00,GBIKE,131850,51.0,36.521712,127.23337,12,세종특별시
2026-06-14T21:50:12+09:00,GBIKE,131229,46.0,36.521717,127.233367,12,세종특별시
2026-06-14T21:50:12+09:00,GBIKE,130357,30.0,36.521724,127.233397,12,세종특별시
2026-06-14T21:50:12+09:00,GBIKE,130111,54.0,36.521782,127.233349,12,세종특별시
2026-06-14T21:50:12+09:00,GBIKE,130828,96.0,36.521789,127.234068,12,세종특별시
2026-06-14T21:50:12+09:00,GBIKE,130767,48.0,36.521876,127.234251,12,세종특별시
2026-06-14T21:50:12+09:00,GBIKE,130401,69.0,36.521893,127.234288,12,세종특별시
2026-06-14T21:50:12+09:00,GBIKE,501507,74.0,36.5219,127.249019,12,세종특별시
2026-06-14T21:50:12+09:00,GBIKE,130575,84.0,36.521922,127.234322,12,세종특별시
2026-06-14T21:50:12+09:00,GBIKE,130496,95.0,36.521939,127.234335,12,세종특별시
2026-06-14T21:50:12+09:00,GBIKE,130962,53.0,36.52195,127.234496,12,세종특별시
2026-06-14T21:50:12+09:00,GBIKE,131914,89.0,36.521988,127.249266,12,세종특별시
2026-06-14T21:50:12+09:00,GBIKE,130061,60.0,36.521994,127.248946,12,세종특별시
2026-06-14T21:50:12+09:00,GBIKE,130656,38.0,36.522081,127.234204,12,세종특별시
2026-06-14T21:50:12+09:00,GBIKE,131662,78.0,36.522161,127.23419,12,세종특별시
2026-06-14T21:50:12+09:00,GBIKE,130983,56.0,36.522184,127.234308,12,세종특별시
2026-06-14T21:50:12+09:00,GBIKE,131860,59.0,36.522199,127.234264,12,세종특별시
2026-06-14T21:50:12+09:00,GBIKE,131771,44.0,36.522316,127.234552,12,세종특별시
2026-06-14T21:50:12+09:00,GBIKE,130894,53.0,36.52234,127.234566,12,세종특별시
2026-06-14T21:50:12+09:00,GBIKE,130387,83.0,36.522355,127.234554,12,세종특별시
2026-06-14T21:50:12+09:00,GBIKE,131852,61.0,36.522363,127.23455,12,세종특별시
2026-06-14T21:50:12+09:00,GBIKE,130114,73.0,36.522379,127.232328,12,세종특별시
2026-06-14T21:50:12+09:00,GBIKE,131189,100.0,36.522415,127.235149,12,세종특별시
2026-06-14T21:50:12+09:00,GBIKE,501432,86.0,36.522457,127.232469,12,세종특별시
2026-06-14T21:50:12+09:00,GBIKE,131316,88.0,36.522517,127.232273,12,세종특별시
2026-06-14T21:50:12+09:00,GBIKE,130915,73.0,36.522542,127.232397,12,세종특별시
2026-06-14T21:50:12+09:00,GBIKE,130292,46.0,36.522543,127.232381,12,세종특별시
2026-06-14T21:50:12+09:00,GBIKE,501200,89.0,36.522581,127.232388,12,세종특별시
2026-06-14T21:50:12+09:00,GBIKE,130319,81.0,36.522589,127.232354,12,세종특별시
2026-06-14T21:50:12+09:00,GBIKE,130343,43.0,36.522834,127.26756,12,세종특별시
2026-06-14T21:50:12+09:00,GBIKE,501244,32.0,36.523179,127.267483,12,세종특별시
2026-06-14T21:50:12+09:00,GBIKE,501512,100.0,36.52319,127.267487,12,세종특별시
2026-06-14T21:50:12+09:00,GBIKE,131078,76.0,36.523192,127.23284,12,세종특별시
2026-06-14T21:50:12+09:00,GBIKE,131601,30.0,36.523584,127.26687,12,세종특별시
2026-06-14T21:50:12+09:00,GBIKE,131835,30.0,36.523591,127.26686,12,세종특별시
2026-06-14T21:50:12+09:00,GBIKE,130798,59.0,36.523829,127.277054,12,세종특별시
2026-06-14T21:50:12+09:00,GBIKE,501316,46.0,36.523829,127.268795,12,세종특별시
2026-06-14T21:50:12+09:00,GBIKE,130787,100.0,36.524122,127.269648,12,세종특별시
2026-06-14T21:50:12+09:00,GBIKE,131613,65.0,36.52415,127.241251,12,세종특별시
2026-06-14T21:50:12+09:00,GBIKE,131543,80.0,36.524294,127.277215,12,세종특별시
2026-06-14T21:50:12+09:00,GBIKE,131350,98.0,36.524306,127.277221,12,세종특별시
2026-06-14T21:50:12+09:00,GBIKE,130927,85.0,36.524514,127.272845,12,세종특별시
2026-06-14T21:50:12+09:00,GBIKE,130302,30.0,36.524988,127.275997,12,세종특별시
2026-06-14T21:50:12+09:00,GBIKE,131484,84.0,36.524994,127.27589,12,세종특별시
2026-06-14T21:50:12+09:00,GBIKE,131430,96.0,36.525061,127.2617,12,세종특별시
2026-06-14T21:50:12+09:00,GBIKE,131244,83.0,36.525068,127.261677,12,세종특별시
2026-06-14T21:50:12+09:00,GBIKE,131743,100.0,36.525072,127.261658,12,세종특별시
2026-06-14T21:50:12+09:00,GBIKE,501570,69.0,36.525083,127.261043,12,세종특별시
2026-06-14T21:50:12+09:00,GBIKE,501330,79.0,36.525984,127.263432,12,세종특별시
2026-06-14T21:50:12+09:00,GBIKE,131213,30.0,36.526456,127.256538,12,세종특별시
2026-06-14T21:50:12+09:00,GBIKE,131670,59.0,36.5266,127.262478,12,세종특별시
2026-06-14T21:50:12+09:00,GBIKE,130641,78.0,36.526776,127.267324,12,세종특별시
2026-06-14T21:50:12+09:00,GBIKE,131862,78.0,36.526855,127.263322,12,세종특별시
2026-06-14T21:50:12+09:00,GBIKE,131730,34.0,36.527064,127.269683,12,세종특별시
2026-06-14T21:50:12+09:00,GBIKE,130307,30.0,36.527097,127.263611,12,세종특별시
2026-06-14T21:50:12+09:00,GBIKE,130890,81.0,36.527543,127.263263,12,세종특별시
2026-06-14T21:50:12+09:00,GBIKE,130753,39.0,36.527769,127.264259,12,세종특별시
2026-06-14T21:50:12+09:00,GBIKE,131676,41.0,36.528042,127.271955,12,세종특별시
2026-06-14T21:50:12+09:00,GBIKE,131234,59.0,36.528196,127.262447,12,세종특별시
2026-06-14T21:50:12+09:00,GBIKE,130803,45.0,36.528232,127.262986,12,세종특별시
2026-06-14T21:50:12+09:00,GBIKE,130806,71.0,36.528247,127.26287,12,세종특별시
2026-06-14T21:50:12+09:00,GBIKE,130852,100.0,36.528517,127.265142,12,세종특별시
2026-06-14T21:50:12+09:00,GBIKE,501250,80.0,36.528546,127.262419,12,세종특별시
2026-06-14T21:50:12+09:00,GBIKE,130142,85.0,36.528753,127.256978,12,세종특별시
2026-06-14T21:50:12+09:00,GBIKE,131919,82.0,36.528876,127.265384,12,세종특별시
2026-06-14T21:50:12+09:00,GBIKE,131281,62.0,36.529105,127.257914,12,세종특별시
2026-06-14T21:50:12+09:00,GBIKE,501146,57.0,36.529274,127.265927,12,세종특별시
2026-06-14T21:50:12+09:00,GBIKE,130802,54.0,36.529303,127.261529,12,세종특별시
2026-06-14T21:50:12+09:00,GBIKE,131733,30.0,36.529366,127.266331,12,세종특별시
2026-06-14T21:50:12+09:00,GBIKE,131756,82.0,36.529436,127.264973,12,세종특별시
2026-06-14T21:50:12+09:00,GBIKE,130079,48.0,36.529451,127.264412,12,세종특별시
2026-06-14T21:50:12+09:00,GBIKE,131907,35.0,36.529468,127.264334,12,세종특별시
2026-06-14T21:50:12+09:00,GBIKE,131383,31.0,36.529491,127.264408,12,세종특별시
2026-06-14T21:50:12+09:00,GBIKE,131750,89.0,36.529543,127.26452,12,세종특별시
2026-06-14T21:50:12+09:00,GBIKE,130413,96.0,36.52955,127.264302,12,세종특별시
2026-06-14T21:50:12+09:00,GBIKE,131021,52.0,36.529551,127.260541,12,세종특별시
2026-06-14T21:50:12+09:00,GBIKE,131170,49.0,36.529556,127.264533,12,세종특별시
2026-06-14T21:50:12+09:00,GBIKE,130297,55.0,36.529565,127.264394,12,세종특별시
2026-06-14T21:50:12+09:00,GBIKE,131389,68.0,36.529585,127.264406,12,세종특별시
2026-06-14T21:50:12+09:00,GBIKE,501550,37.0,36.5296,127.267836,12,세종특별시
2026-06-14T21:50:12+09:00,GBIKE,131877,64.0,36.529602,127.264503,12,세종특별시
2026-06-14T21:50:12+09:00,GBIKE,501326,63.0,36.529632,127.267813,12,세종특별시
2026-06-14T21:50:12+09:00,GBIKE,131633,61.0,36.529761,127.254992,12,세종특별시
2026-06-14T21:50:12+09:00,GBIKE,130317,34.0,36.529784,127.254931,12,세종특별시
2026-06-14T21:50:12+09:00,GBIKE,130822,61.0,36.529792,127.25495,12,세종특별시
2026-06-14T21:50:12+09:00,GBIKE,131179,100.0,36.529799,127.254884,12,세종특별시
2026-06-14T21:50:12+09:00,GBIKE,131553,36.0,36.529817,127.254926,12,세종특별시
2026-06-14T21:50:12+09:00,GBIKE,130499,43.0,36.530158,127.267369,12,세종특별시
2026-06-14T21:50:12+09:00,GBIKE,130949,35.0,36.530185,127.26509,12,세종특별시
2026-06-14T21:50:12+09:00,GBIKE,130187,81.0,36.530251,127.258704,12,세종특별시
2026-06-14T21:50:12+09:00,GBIKE,130506,55.0,36.530356,127.258375,12,세종특별시
2026-06-14T21:50:12+09:00,GBIKE,131186,73.0,36.530444,127.265414,12,세종특별시
2026-06-14T21:50:12+09:00,GBIKE,501474,100.0,36.530447,127.266861,12,세종특별시
2026-06-14T21:50:12+09:00,GBIKE,131939,40.0,36.530485,127.25731,12,세종특별시
2026-06-14T21:50:12+09:00,GBIKE,131291,41.0,36.530506,127.253933,12,세종특별시
2026-06-14T21:50:12+09:00,GBIKE,130810,36.0,36.530553,127.255087,12,세종특별시
2026-06-14T21:50:12+09:00,GBIKE,501526,98.0,36.530559,127.268637,12,세종특별시
2026-06-14T21:50:12+09:00,GBIKE,131641,77.0,36.530592,127.256867,12,세종특별시
2026-06-14T21:50:12+09:00,GBIKE,130659,49.0,36.530752,127.268922,12,세종특별시
2026-06-14T21:50:12+09:00,GBIKE,130684,47.0,36.530758,127.262282,12,세종특별시
2026-06-14T21:50:12+09:00,GBIKE,131608,100.0,36.53077,127.259073,12,세종특별시
2026-06-14T21:50:12+09:00,GBIKE,131366,60.0,36.530853,127.262481,12,세종특별시
2026-06-14T21:50:12+09:00,GBIKE,130316,100.0,36.530889,127.253048,12,세종특별시
2026-06-14T21:50:12+09:00,GBIKE,130882,96.0,36.530905,127.262501,12,세종특별시
2026-06-14T21:50:12+09:00,GBIKE,131736,52.0,36.530911,127.253074,12,세종특별시
2026-06-14T21:50:12+09:00,GBIKE,131723,97.0,36.530918,127.253112,12,세종특별시
2026-06-14T21:50:12+09:00,GBIKE,130586,37.0,36.530949,127.253546,12,세종특별시
2026-06-14T21:50:12+09:00,GBIKE,131446,87.0,36.530952,127.262527,12,세종특별시
2026-06-14T21:50:12+09:00,GBIKE,131104,45.0,36.530983,127.259343,12,세종특별시
2026-06-14T21:50:12+09:00,GBIKE,343326,35.0,36.531011,127.259373,12,세종특별시
2026-06-14T21:50:12+09:00,GBIKE,130440,69.0,36.531031,127.266206,12,세종특별시
2026-06-14T21:50:12+09:00,GBIKE,130028,39.0,36.531084,127.253641,12,세종특별시
2026-06-14T21:50:12+09:00,GBIKE,131010,100.0,36.531107,127.259461,12,세종특별시
2026-06-14T21:50:12+09:00,GBIKE,131437,81.0,36.531107,127.253918,12,세종특별시
2026-06-14T21:50:12+09:00,GBIKE,130585,33.0,36.531124,127.254075,12,세종특별시
2026-06-14T21:50:12+09:00,GBIKE,501369,50.0,36.531253,127.259561,12,세종특별시
2026-06-14T21:50:12+09:00,GBIKE,131958,100.0,36.531297,127.254568,12,세종특별시
2026-06-14T21:50:12+09:00,GBIKE,130754,63.0,36.531319,127.254023,12,세종특별시
2026-06-14T21:50:12+09:00,GBIKE,130582,45.0,36.531398,127.254051,12,세종특별시
2026-06-14T21:50:12+09:00,GBIKE,130874,68.0,36.531402,127.265581,12,세종특별시
2026-06-14T21:50:12+09:00,GBIKE,130400,87.0,36.531567,127.268285,12,세종특별시
2026-06-14T21:50:12+09:00,GBIKE,131582,62.0,36.531578,127.261843,12,세종특별시
2026-06-14T21:50:12+09:00,GBIKE,131394,37.0,36.531763,127.255333,12,세종특별시
2026-06-14T21:50:12+09:00,GBIKE,501488,87.0,36.53202,127.261144,12,세종특별시
2026-06-14T21:50:12+09:00,GBIKE,130900,59.0,36.532196,127.264381,12,세종특별시
2026-06-14T21:50:12+09:00,GBIKE,130216,59.0,36.532501,127.265433,12,세종특별시
2026-06-14T21:50:12+09:00,GBIKE,501240,30.0,36.532582,127.257046,12,세종특별시
2026-06-14T21:50:12+09:00,GBIKE,130257,33.0,36.533682,127.266235,12,세종특별시
2026-06-14T21:50:12+09:00,GBIKE,130118,96.0,36.533691,127.266104,12,세종특별시
2026-06-14T21:50:12+09:00,GBIKE,501281,100.0,36.533729,127.265695,12,세종특별시
2026-06-14T21:50:12+09:00,GBIKE,501156,42.0,36.533876,127.26602,12,세종특별시
2026-06-14T21:50:12+09:00,GBIKE,130312,48.0,36.534569,127.262621,12,세종특별시
2026-06-14T21:50:12+09:00,GBIKE,301478,50.0,36.542767,127.36581,12,세종특별시
2026-06-14T21:50:12+09:00,GBIKE,501559,100.0,36.542932,127.36435,12,세종특별시
2026-06-14T21:50:12+09:00,GBIKE,131061,91.0,36.578213,127.245894,12,세종특별시
2026-06-14T21:50:12+09:00,GBIKE,130671,39.0,36.582035,127.267715,12,세종특별시
2026-06-14T21:50:12+09:00,GBIKE,385850,30.0,36.585196,127.369438,12,세종특별시
2026-06-14T21:50:12+09:00,GBIKE,385504,61.0,36.585886,127.295251,12,세종특별시
2026-06-14T21:50:12+09:00,GBIKE,377611,30.0,36.587376,127.294388,12,세종특별시
2026-06-14T21:50:12+09:00,GBIKE,344002,37.0,36.587695,127.297221,12,세종특별시
2026-06-14T21:50:12+09:00,GBIKE,131840,60.0,36.588277,127.234817,12,세종특별시
2026-06-14T21:50:12+09:00,GBIKE,616296,79.0,36.588587,127.295669,12,세종특별시
2026-06-14T21:50:12+09:00,GBIKE,384782,62.0,36.588676,127.291876,12,세종특별시
2026-06-14T21:50:12+09:00,GBIKE,375524,36.0,36.588828,127.274538,12,세종특별시
2026-06-14T21:50:12+09:00,GBIKE,386357,62.0,36.589263,127.28959,12,세종특별시
2026-06-14T21:50:12+09:00,GBIKE,365682,42.0,36.589265,127.298868,12,세종특별시
2026-06-14T21:50:12+09:00,GBIKE,372817,38.0,36.589515,127.29172,12,세종특별시
2026-06-14T21:50:12+09:00,GBIKE,608280,32.0,36.589602,127.29679,12,세종특별시
2026-06-14T21:50:12+09:00,GBIKE,375376,33.0,36.589865,127.288506,12,세종특별시
2026-06-14T21:50:12+09:00,GBIKE,377764,100.0,36.590506,127.291891,12,세종특별시
2026-06-14T21:50:12+09:00,GBIKE,630534,33.0,36.590556,127.291661,12,세종특별시
2026-06-14T21:50:12+09:00,GBIKE,354814,33.0,36.590928,127.289155,12,세종특별시
2026-06-14T21:50:12+09:00,GBIKE,378803,44.0,36.59102,127.29247,12,세종특별시
2026-06-14T21:50:12+09:00,GBIKE,374639,30.0,36.591551,127.29188,12,세종특별시
2026-06-14T21:50:12+09:00,GBIKE,636680,51.0,36.591578,127.291506,12,세종특별시
2026-06-14T21:50:12+09:00,GBIKE,602862,90.0,36.59164,127.291535,12,세종특별시
2026-06-14T21:50:12+09:00,GBIKE,604672,62.0,36.591715,127.291455,12,세종특별시
2026-06-14T21:50:12+09:00,GBIKE,630578,40.0,36.592034,127.293824,12,세종특별시
2026-06-14T21:50:12+09:00,GBIKE,381658,94.0,36.592256,127.288018,12,세종특별시
2026-06-14T21:50:12+09:00,GBIKE,383605,37.0,36.592625,127.288098,12,세종특별시
2026-06-14T21:50:12+09:00,GBIKE,624252,43.0,36.593082,127.284816,12,세종특별시
2026-06-14T21:50:12+09:00,GBIKE,377794,53.0,36.593361,127.284676,12,세종특별시
2026-06-14T21:50:12+09:00,GBIKE,392112,49.0,36.593366,127.291823,12,세종특별시
2026-06-14T21:50:12+09:00,GBIKE,332032,32.0,36.593428,127.285651,12,세종특별시
2026-06-14T21:50:12+09:00,GBIKE,364199,58.0,36.594318,127.28862,12,세종특별시
2026-06-14T21:50:12+09:00,GBIKE,383788,30.0,36.594758,127.285415,12,세종특별시
2026-06-14T21:50:12+09:00,GBIKE,390480,92.0,36.594985,127.27958,12,세종특별시
2026-06-14T21:50:12+09:00,GBIKE,371981,30.0,36.595326,127.290863,12,세종특별시
2026-06-14T21:50:12+09:00,GBIKE,607530,37.0,36.595478,127.291181,12,세종특별시
2026-06-14T21:50:12+09:00,GBIKE,372002,69.0,36.595601,127.300703,12,세종특별시
2026-06-14T21:50:12+09:00,GBIKE,390442,41.0,36.595686,127.290833,12,세종특별시
2026-06-14T21:50:12+09:00,GBIKE,377293,51.0,36.596315,127.295245,12,세종특별시
2026-06-14T21:50:12+09:00,GBIKE,383321,32.0,36.596781,127.286908,12,세종특별시
2026-06-14T21:50:12+09:00,GBIKE,384350,33.0,36.596916,127.300061,12,세종특별시
2026-06-14T21:50:12+09:00,GBIKE,613103,43.0,36.596964,127.30177,12,세종특별시
2026-06-14T21:50:12+09:00,GBIKE,638303,55.0,36.597547,127.301709,12,세종특별시
2026-06-14T21:50:12+09:00,GBIKE,376304,43.0,36.598255,127.29066,12,세종특별시
2026-06-14T21:50:12+09:00,GBIKE,380931,52.0,36.598965,127.296765,12,세종특별시
2026-06-14T21:50:12+09:00,GBIKE,389490,46.0,36.599378,127.295171,12,세종특별시
2026-06-14T21:50:12+09:00,GBIKE,637500,55.0,36.599463,127.290273,12,세종특별시
2026-06-14T21:50:12+09:00,GBIKE,368846,39.0,36.599483,127.299775,12,세종특별시
2026-06-14T21:50:12+09:00,GBIKE,374321,82.0,36.599636,127.295206,12,세종특별시
2026-06-14T21:50:12+09:00,GBIKE,381538,51.0,36.59972,127.295328,12,세종특별시
2026-06-14T21:50:12+09:00,GBIKE,614001,36.0,36.599921,127.298397,12,세종특별시
2026-06-14T21:50:12+09:00,GBIKE,377732,87.0,36.60014,127.301511,12,세종특별시
2026-06-14T21:50:12+09:00,GBIKE,367806,69.0,36.60032,127.29523,12,세종특별시
2026-06-14T21:50:12+09:00,GBIKE,390746,41.0,36.600385,127.300783,12,세종특별시
2026-06-14T21:50:12+09:00,GBIKE,382545,46.0,36.600483,127.301911,12,세종특별시
2026-06-14T21:50:12+09:00,GBIKE,620595,93.0,36.60053,127.301249,12,세종특별시
2026-06-14T21:50:12+09:00,GBIKE,367351,32.0,36.600561,127.302518,12,세종특별시
2026-06-14T21:50:12+09:00,GBIKE,371887,71.0,36.600851,127.295216,12,세종특별시
2026-06-14T21:50:12+09:00,GBIKE,367251,56.0,36.600915,127.303825,12,세종특별시
2026-06-14T21:50:12+09:00,GBIKE,369717,57.0,36.600976,127.30383,12,세종특별시
2026-06-14T21:50:12+09:00,GBIKE,637872,59.0,36.600993,127.295054,12,세종특별시
2026-06-14T21:50:12+09:00,GBIKE,375444,50.0,36.601028,127.29503,12,세종특별시
2026-06-14T21:50:12+09:00,GBIKE,613735,76.0,36.601536,127.296435,12,세종특별시
2026-06-14T21:50:12+09:00,GBIKE,383557,46.0,36.601645,127.295031,12,세종특별시
2026-06-14T21:50:12+09:00,GBIKE,636622,89.0,36.60172,127.303358,12,세종특별시
2026-06-14T21:50:12+09:00,GBIKE,384300,50.0,36.601773,127.303378,12,세종특별시
2026-06-14T21:50:12+09:00,GBIKE,632681,33.0,36.601815,127.295026,12,세종특별시
2026-06-14T21:50:12+09:00,GBIKE,385493,98.0,36.601868,127.281341,12,세종특별시
2026-06-14T21:50:12+09:00,GBIKE,367059,66.0,36.601883,127.280045,12,세종특별시
2026-06-14T21:50:12+09:00,GBIKE,365775,37.0,36.601926,127.294901,12,세종특별시
2026-06-14T21:50:12+09:00,GBIKE,625545,44.0,36.601943,127.294955,12,세종특별시
2026-06-14T21:50:12+09:00,GBIKE,345485,30.0,36.601953,127.294798,12,세종특별시
2026-06-14T21:50:12+09:00,GBIKE,376326,52.0,36.601971,127.28977,12,세종특별시
2026-06-14T21:50:12+09:00,GBIKE,607950,32.0,36.601982,127.289696,12,세종특별시
2026-06-14T21:50:12+09:00,GBIKE,373224,67.0,36.60202,127.290093,12,세종특별시
2026-06-14T21:50:12+09:00,GBIKE,383706,31.0,36.602133,127.294841,12,세종특별시
2026-06-14T21:50:12+09:00,GBIKE,346312,38.0,36.602165,127.291781,12,세종특별시
2026-06-14T21:50:12+09:00,GBIKE,623923,42.0,36.602288,127.289512,12,세종특별시
2026-06-14T21:50:12+09:00,GBIKE,379183,95.0,36.602331,127.279988,12,세종특별시
2026-06-14T21:50:12+09:00,GBIKE,347574,55.0,36.602485,127.294848,12,세종특별시
2026-06-14T21:50:12+09:00,GBIKE,368833,88.0,36.602521,127.288761,12,세종특별시
2026-06-14T21:50:12+09:00,GBIKE,367874,87.0,36.602583,127.28972,12,세종특별시
2026-06-14T21:50:12+09:00,GBIKE,388650,100.0,36.602585,127.303388,12,세종특별시
2026-06-14T21:50:12+09:00,GBIKE,365321,39.0,36.602686,127.290405,12,세종특별시
2026-06-14T21:50:12+09:00,GBIKE,380920,57.0,36.602773,127.294593,12,세종특별시
2026-06-14T21:50:12+09:00,GBIKE,370326,81.0,36.602855,127.291311,12,세종특별시
2026-06-14T21:50:12+09:00,GBIKE,383734,55.0,36.602956,127.279865,12,세종특별시
2026-06-14T21:50:12+09:00,GBIKE,351964,35.0,36.603023,127.289603,12,세종특별시
2026-06-14T21:50:12+09:00,GBIKE,614604,84.0,36.603062,127.289978,12,세종특별시
2026-06-14T21:50:12+09:00,GBIKE,364639,100.0,36.603086,127.288938,12,세종특별시
2026-06-14T21:50:12+09:00,GBIKE,635165,35.0,36.603163,127.281945,12,세종특별시
2026-06-14T21:50:12+09:00,GBIKE,628466,34.0,36.603394,127.304844,12,세종특별시
2026-06-14T21:50:12+09:00,GBIKE,628141,39.0,36.603444,127.289582,12,세종특별시
2026-06-14T21:50:12+09:00,GBIKE,620566,56.0,36.603569,127.290556,12,세종특별시
2026-06-14T21:50:12+09:00,GBIKE,623385,94.0,36.603615,127.293166,12,세종특별시
2026-06-14T21:50:12+09:00,GBIKE,383739,94.0,36.60367,127.281481,12,세종특별시
2026-06-14T21:50:12+09:00,GBIKE,610809,78.0,36.60377,127.296428,12,세종특별시
2026-06-14T21:50:12+09:00,GBIKE,383223,68.0,36.603783,127.294285,12,세종특별시
2026-06-14T21:50:12+09:00,GBIKE,376390,39.0,36.603821,127.29734,12,세종특별시
2026-06-14T21:50:12+09:00,GBIKE,635969,67.0,36.603844,127.297523,12,세종특별시
2026-06-14T21:50:12+09:00,GBIKE,375093,49.0,36.603878,127.292231,12,세종특별시
2026-06-14T21:50:12+09:00,GBIKE,377781,98.0,36.60389,127.297235,12,세종특별시
2026-06-14T21:50:12+09:00,GBIKE,352898,37.0,36.603913,127.292218,12,세종특별시
2026-06-14T21:50:12+09:00,GBIKE,389847,79.0,36.603998,127.296921,12,세종특별시
2026-06-14T21:50:12+09:00,GBIKE,617731,44.0,36.604018,127.297638,12,세종특별시
2026-06-14T21:50:12+09:00,GBIKE,628874,42.0,36.604027,127.297709,12,세종특별시
2026-06-14T21:50:12+09:00,GBIKE,612261,73.0,36.604043,127.297724,12,세종특별시
2026-06-14T21:50:12+09:00,GBIKE,382588,47.0,36.604153,127.292091,12,세종특별시
2026-06-14T21:50:12+09:00,GBIKE,372728,70.0,36.604165,127.292115,12,세종특별시
2026-06-14T21:50:12+09:00,GBIKE,367831,45.0,36.604166,127.294311,12,세종특별시
2026-06-14T21:50:12+09:00,GBIKE,369472,34.0,36.604193,127.292518,12,세종특별시
2026-06-14T21:50:12+09:00,GBIKE,387871,95.0,36.604206,127.300838,12,세종특별시
2026-06-14T21:50:12+09:00,GBIKE,386474,39.0,36.60421,127.300825,12,세종특별시
2026-06-14T21:50:12+09:00,GBIKE,362576,51.0,36.60423,127.300156,12,세종특별시
2026-06-14T21:50:12+09:00,GBIKE,635266,82.0,36.604249,127.292621,12,세종특별시
2026-06-14T21:50:12+09:00,GBIKE,384358,42.0,36.604251,127.300728,12,세종특별시
2026-06-14T21:50:12+09:00,GBIKE,615828,70.0,36.604282,127.292561,12,세종특별시
2026-06-14T21:50:12+09:00,GBIKE,631743,50.0,36.60429,127.290558,12,세종특별시
2026-06-14T21:50:12+09:00,GBIKE,374614,92.0,36.604291,127.29702,12,세종특별시
2026-06-14T21:50:12+09:00,GBIKE,623340,77.0,36.604303,127.292586,12,세종특별시
2026-06-14T21:50:12+09:00,GBIKE,382652,49.0,36.604388,127.300781,12,세종특별시
2026-06-14T21:50:12+09:00,GBIKE,613464,78.0,36.604463,127.292578,12,세종특별시
2026-06-14T21:50:12+09:00,GBIKE,369480,90.0,36.604595,127.29248,12,세종특별시
2026-06-14T21:50:12+09:00,GBIKE,352300,91.0,36.60471,127.300671,12,세종특별시
2026-06-14T21:50:12+09:00,GBIKE,626567,47.0,36.604729,127.290835,12,세종특별시
2026-06-14T21:50:12+09:00,GBIKE,629532,30.0,36.604938,127.287893,12,세종특별시
2026-06-14T21:50:12+09:00,GBIKE,631918,94.0,36.604961,127.290213,12,세종특별시
2026-06-14T21:50:12+09:00,GBIKE,371898,47.0,36.604976,127.297443,12,세종특별시
2026-06-14T21:50:12+09:00,GBIKE,383612,49.0,36.605083,127.292475,12,세종특별시
2026-06-14T21:50:12+09:00,GBIKE,633367,90.0,36.605102,127.289948,12,세종특별시
2026-06-14T21:50:12+09:00,GBIKE,610792,88.0,36.605119,127.30071,12,세종특별시
2026-06-14T21:50:12+09:00,GBIKE,373521,83.0,36.60514,127.297938,12,세종특별시
2026-06-14T21:50:12+09:00,GBIKE,381375,92.0,36.605318,127.297415,12,세종특별시
2026-06-14T21:50:12+09:00,GBIKE,385508,86.0,36.605336,127.292276,12,세종특별시
2026-06-14T21:50:12+09:00,GBIKE,604011,49.0,36.605398,127.292756,12,세종특별시
2026-06-14T21:50:12+09:00,GBIKE,618647,52.0,36.605399,127.292822,12,세종특별시
2026-06-14T21:50:12+09:00,GBIKE,603979,69.0,36.605405,127.292745,12,세종특별시
2026-06-14T21:50:12+09:00,GBIKE,383566,30.0,36.60556,127.289736,12,세종특별시
2026-06-14T21:50:12+09:00,GBIKE,368537,49.0,36.605621,127.292765,12,세종특별시
2026-06-14T21:50:12+09:00,GBIKE,383781,30.0,36.60563,127.300511,12,세종특별시
2026-06-14T21:50:12+09:00,GBIKE,620391,89.0,36.605719,127.294068,12,세종특별시
2026-06-14T21:50:12+09:00,GBIKE,387673,100.0,36.60572,127.294081,12,세종특별시
2026-06-14T21:50:12+09:00,GBIKE,630536,51.0,36.605721,127.282021,12,세종특별시
2026-06-14T21:50:12+09:00,GBIKE,383778,34.0,36.605735,127.289481,12,세종특별시
2026-06-14T21:50:12+09:00,GBIKE,383599,46.0,36.605738,127.292418,12,세종특별시
2026-06-14T21:50:12+09:00,GBIKE,630971,50.0,36.605874,127.293406,12,세종특별시
2026-06-14T21:50:12+09:00,GBIKE,368120,43.0,36.606031,127.289636,12,세종특별시
2026-06-14T21:50:12+09:00,GBIKE,609454,90.0,36.606071,127.277407,12,세종특별시
2026-06-14T21:50:12+09:00,GBIKE,629818,57.0,36.606104,127.293623,12,세종특별시
2026-06-14T21:50:12+09:00,GBIKE,384342,51.0,36.606113,127.293325,12,세종특별시
2026-06-14T21:50:12+09:00,GBIKE,382998,30.0,36.606171,127.300393,12,세종특별시
2026-06-14T21:50:12+09:00,GBIKE,624662,88.0,36.606184,127.28912,12,세종특별시
2026-06-14T21:50:12+09:00,GBIKE,384713,94.0,36.606215,127.286726,12,세종특별시
2026-06-14T21:50:12+09:00,GBIKE,391985,86.0,36.606243,127.293175,12,세종특별시
2026-06-14T21:50:12+09:00,GBIKE,394330,69.0,36.60638,127.294115,12,세종특별시
2026-06-14T21:50:12+09:00,GBIKE,611872,68.0,36.606397,127.29336,12,세종특별시
2026-06-14T21:50:12+09:00,GBIKE,384327,98.0,36.606458,127.288671,12,세종특별시
2026-06-14T21:50:12+09:00,GBIKE,626724,65.0,36.606507,127.288659,12,세종특별시
2026-06-14T21:50:12+09:00,GBIKE,370088,36.0,36.6066,127.299266,12,세종특별시
2026-06-14T21:50:12+09:00,GBIKE,617006,90.0,36.606627,127.298717,12,세종특별시
2026-06-14T21:50:12+09:00,GBIKE,377296,37.0,36.606658,127.286443,12,세종특별시
2026-06-14T21:50:12+09:00,GBIKE,339870,33.0,36.60667,127.291028,12,세종특별시
2026-06-14T21:50:12+09:00,GBIKE,345320,100.0,36.606783,127.29385,12,세종특별시
2026-06-14T21:50:12+09:00,GBIKE,388632,73.0,36.606991,127.290141,12,세종특별시
2026-06-14T21:50:12+09:00,GBIKE,373728,71.0,36.606998,127.293805,12,세종특별시
2026-06-14T21:50:12+09:00,GBIKE,389264,84.0,36.607011,127.29053,12,세종특별시
2026-06-14T21:50:12+09:00,GBIKE,368384,53.0,36.607103,127.283605,12,세종특별시
2026-06-14T21:50:12+09:00,GBIKE,372751,94.0,36.607135,127.292108,12,세종특별시
2026-06-14T21:50:12+09:00,GBIKE,639358,68.0,36.607154,127.286311,12,세종특별시
2026-06-14T21:50:12+09:00,GBIKE,619363,48.0,36.607155,127.291906,12,세종특별시
2026-06-14T21:50:12+09:00,GBIKE,377098,63.0,36.607175,127.284298,12,세종특별시
2026-06-14T21:50:12+09:00,GBIKE,618953,33.0,36.607197,127.284362,12,세종특별시
2026-06-14T21:50:12+09:00,GBIKE,365795,41.0,36.607318,127.286208,12,세종특별시
2026-06-14T21:50:12+09:00,GBIKE,348952,100.0,36.607323,127.286298,12,세종특별시
2026-06-14T21:50:12+09:00,GBIKE,394908,86.0,36.607328,127.28633,12,세종특별시
2026-06-14T21:50:12+09:00,GBIKE,369515,40.0,36.607506,127.292486,12,세종특별시
2026-06-14T21:50:12+09:00,GBIKE,366207,86.0,36.607813,127.285601,12,세종특별시
2026-06-14T21:50:12+09:00,GBIKE,365501,73.0,36.607908,127.288533,12,세종특별시
2026-06-14T21:50:12+09:00,GBIKE,347727,61.0,36.607978,127.292816,12,세종특별시
2026-06-14T21:50:12+09:00,GBIKE,348243,95.0,36.608046,127.289146,12,세종특별시
2026-06-14T21:50:12+09:00,GBIKE,628775,95.0,36.608128,127.285122,12,세종특별시
2026-06-14T21:50:12+09:00,GBIKE,608840,54.0,36.608148,127.288329,12,세종특별시
2026-06-14T21:50:12+09:00,GBIKE,384361,94.0,36.608205,127.288313,12,세종특별시
2026-06-14T21:50:12+09:00,GBIKE,355960,68.0,36.608211,127.288585,12,세종특별시
2026-06-14T21:50:12+09:00,GBIKE,382436,92.0,36.608231,127.28974,12,세종특별시
2026-06-14T21:50:12+09:00,GBIKE,369487,52.0,36.608278,127.28858,12,세종특별시
2026-06-14T21:50:12+09:00,GBIKE,633047,66.0,36.60833,127.289103,12,세종특별시
2026-06-14T21:50:12+09:00,GBIKE,601083,33.0,36.608441,127.288306,12,세종특별시
2026-06-14T21:50:12+09:00,GBIKE,601954,47.0,36.608473,127.289538,12,세종특별시
2026-06-14T21:50:12+09:00,GBIKE,394153,56.0,36.608493,127.285658,12,세종특별시
2026-06-14T21:50:12+09:00,GBIKE,604326,90.0,36.608501,127.289541,12,세종특별시
2026-06-14T21:50:12+09:00,GBIKE,627925,71.0,36.608518,127.285617,12,세종특별시
2026-06-14T21:50:12+09:00,GBIKE,375487,31.0,36.60852,127.289178,12,세종특별시
2026-06-14T21:50:12+09:00,GBIKE,368693,93.0,36.608546,127.289568,12,세종특별시
2026-06-14T21:50:12+09:00,GBIKE,370374,31.0,36.608611,127.289476,12,세종특별시
2026-06-14T21:50:12+09:00,GBIKE,381468,80.0,36.608633,127.283736,12,세종특별시
2026-06-14T21:50:12+09:00,GBIKE,389216,79.0,36.608653,127.289148,12,세종특별시
2026-06-14T21:50:12+09:00,GBIKE,388389,88.0,36.608656,127.283895,12,세종특별시
2026-06-14T21:50:12+09:00,GBIKE,373770,91.0,36.608663,127.288871,12,세종특별시
2026-06-14T21:50:12+09:00,GBIKE,625200,45.0,36.608663,127.283916,12,세종특별시
2026-06-14T21:50:12+09:00,GBIKE,392829,87.0,36.608666,127.28885,12,세종특별시
2026-06-14T21:50:12+09:00,GBIKE,371895,63.0,36.608673,127.283775,12,세종특별시
2026-06-14T21:50:12+09:00,GBIKE,383197,86.0,36.608673,127.283971,12,세종특별시
2026-06-14T21:50:12+09:00,GBIKE,387829,51.0,36.608675,127.288863,12,세종특별시
2026-06-14T21:50:12+09:00,GBIKE,377780,89.0,36.60868,127.289008,12,세종특별시
2026-06-14T21:50:12+09:00,GBIKE,387860,49.0,36.60868,127.283845,12,세종특별시
2026-06-14T21:50:12+09:00,GBIKE,383531,73.0,36.608681,127.283705,12,세종특별시
2026-06-14T21:50:12+09:00,GBIKE,369437,77.0,36.6087,127.289163,12,세종특별시
2026-06-14T21:50:12+09:00,GBIKE,390838,57.0,36.608701,127.283733,12,세종특별시
2026-06-14T21:50:12+09:00,GBIKE,370121,36.0,36.608706,127.283761,12,세종특별시
2026-06-14T21:50:12+09:00,GBIKE,376030,55.0,36.608706,127.283743,12,세종특별시
2026-06-14T21:50:12+09:00,GBIKE,384392,72.0,36.608708,127.283821,12,세종특별시
2026-06-14T21:50:12+09:00,GBIKE,392076,82.0,36.608708,127.283758,12,세종특별시
2026-06-14T21:50:12+09:00,GBIKE,612853,54.0,36.608709,127.283907,12,세종특별시
2026-06-14T21:50:12+09:00,GBIKE,625542,51.0,36.60871,127.283877,12,세종특별시
2026-06-14T21:50:12+09:00,GBIKE,379750,51.0,36.608715,127.283823,12,세종특별시
2026-06-14T21:50:12+09:00,GBIKE,372626,62.0,36.608716,127.283788,12,세종특별시
2026-06-14T21:50:12+09:00,GBIKE,376044,48.0,36.608716,127.283813,12,세종특별시
2026-06-14T21:50:12+09:00,GBIKE,382510,56.0,36.608716,127.283715,12,세종특별시
2026-06-14T21:50:12+09:00,GBIKE,383623,50.0,36.60872,127.283776,12,세종특별시
2026-06-14T21:50:12+09:00,GBIKE,347346,52.0,36.608723,127.28389,12,세종특별시
2026-06-14T21:50:12+09:00,GBIKE,384555,100.0,36.608723,127.283723,12,세종특별시
2026-06-14T21:50:12+09:00,GBIKE,367411,81.0,36.608725,127.288913,12,세종특별시
2026-06-14T21:50:12+09:00,GBIKE,392394,30.0,36.608726,127.283728,12,세종특별시
2026-06-14T21:50:12+09:00,GBIKE,366505,43.0,36.608728,127.283965,12,세종특별시
2026-06-14T21:50:12+09:00,GBIKE,621289,52.0,36.60873,127.283777,12,세종특별시
2026-06-14T21:50:12+09:00,GBIKE,611309,46.0,36.608731,127.283785,12,세종특별시
2026-06-14T21:50:12+09:00,GBIKE,611134,50.0,36.608732,127.2918,12,세종특별시
2026-06-14T21:50:12+09:00,GBIKE,622703,49.0,36.608734,127.283733,12,세종특별시
2026-06-14T21:50:12+09:00,GBIKE,347357,43.0,36.608735,127.28912,12,세종특별시
2026-06-14T21:50:12+09:00,GBIKE,361763,77.0,36.60874,127.283868,12,세종특별시
2026-06-14T21:50:12+09:00,GBIKE,638316,31.0,36.608744,127.289191,12,세종특별시
2026-06-14T21:50:12+09:00,GBIKE,367103,81.0,36.608745,127.283795,12,세종특별시
2026-06-14T21:50:12+09:00,GBIKE,370217,37.0,36.608745,127.283861,12,세종특별시
2026-06-14T21:50:12+09:00,GBIKE,612172,70.0,36.608745,127.283774,12,세종특별시
2026-06-14T21:50:12+09:00,GBIKE,379855,100.0,36.608751,127.283853,12,세종특별시
2026-06-14T21:50:12+09:00,GBIKE,348558,100.0,36.608753,127.289083,12,세종특별시
2026-06-14T21:50:12+09:00,GBIKE,382936,67.0,36.608755,127.28387,12,세종특별시
2026-06-14T21:50:12+09:00,GBIKE,363877,72.0,36.608756,127.283858,12,세종특별시
2026-06-14T21:50:12+09:00,GBIKE,367058,46.0,36.608756,127.28402,12,세종특별시
2026-06-14T21:50:12+09:00,GBIKE,370368,59.0,36.608756,127.283816,12,세종특별시
2026-06-14T21:50:12+09:00,GBIKE,378828,39.0,36.608756,127.288828,12,세종특별시
2026-06-14T21:50:12+09:00,GBIKE,630894,33.0,36.608756,127.289245,12,세종특별시
2026-06-14T21:50:12+09:00,GBIKE,343439,88.0,36.608758,127.283778,12,세종특별시
2026-06-14T21:50:12+09:00,GBIKE,377483,85.0,36.608758,127.283901,12,세종특별시
2026-06-14T21:50:12+09:00,GBIKE,392296,44.0,36.608761,127.289095,12,세종특별시
2026-06-14T21:50:12+09:00,GBIKE,375391,100.0,36.608765,127.289071,12,세종특별시
2026-06-14T21:50:12+09:00,GBIKE,375058,74.0,36.608771,127.284266,12,세종특별시
2026-06-14T21:50:12+09:00,GBIKE,390703,51.0,36.608776,127.283936,12,세종특별시
2026-06-14T21:50:12+09:00,GBIKE,385514,50.0,36.60878,127.283928,12,세종특별시
2026-06-14T21:50:12+09:00,GBIKE,345843,59.0,36.608781,127.283948,12,세종특별시
2026-06-14T21:50:12+09:00,GBIKE,385642,42.0,36.608786,127.28389,12,세종특별시
2026-06-14T21:50:12+09:00,GBIKE,387312,56.0,36.608793,127.283931,12,세종특별시
2026-06-14T21:50:12+09:00,GBIKE,355329,63.0,36.608795,127.283898,12,세종특별시
2026-06-14T21:50:12+09:00,GBIKE,609681,88.0,36.608796,127.289096,12,세종특별시
2026-06-14T21:50:12+09:00,GBIKE,392835,72.0,36.608798,127.283873,12,세종특별시
2026-06-14T21:50:12+09:00,GBIKE,365565,87.0,36.608801,127.283926,12,세종특별시
2026-06-14T21:50:12+09:00,GBIKE,367718,68.0,36.608821,127.283916,12,세종특별시
2026-06-14T21:50:12+09:00,GBIKE,636806,88.0,36.608823,127.28909,12,세종특별시
2026-06-14T21:50:12+09:00,GBIKE,390748,84.0,36.608828,127.289018,12,세종특별시
2026-06-14T21:50:12+09:00,GBIKE,617885,92.0,36.608831,127.289099,12,세종특별시
2026-06-14T21:50:12+09:00,GBIKE,630518,93.0,36.608831,127.289118,12,세종특별시
2026-06-14T21:50:12+09:00,GBIKE,365828,60.0,36.608836,127.28909,12,세종특별시
2026-06-14T21:50:12+09:00,GBIKE,615848,100.0,36.608855,127.288909,12,세종특별시
2026-06-14T21:50:12+09:00,GBIKE,377729,46.0,36.608858,127.28394,12,세종특별시
2026-06-14T21:50:12+09:00,GBIKE,617002,93.0,36.608875,127.28912,12,세종특별시
2026-06-14T21:50:12+09:00,GBIKE,395237,100.0,36.608878,127.289061,12,세종특별시
2026-06-14T21:50:12+09:00,GBIKE,637354,91.0,36.608884,127.289127,12,세종특별시
2026-06-14T21:50:12+09:00,GBIKE,632897,93.0,36.608895,127.289105,12,세종특별시
2026-06-14T21:50:12+09:00,GBIKE,604547,92.0,36.608926,127.289126,12,세종특별시
2026-06-14T21:50:12+09:00,GBIKE,365566,54.0,36.609043,127.286016,12,세종특별시
2026-06-14T21:50:12+09:00,GBIKE,374050,90.0,36.609051,127.286048,12,세종특별시
2026-06-14T21:50:12+09:00,GBIKE,367416,41.0,36.609058,127.286045,12,세종특별시
2026-06-14T21:50:12+09:00,GBIKE,638332,54.0,36.609065,127.286077,12,세종특별시
2026-06-14T21:50:12+09:00,GBIKE,390561,44.0,36.609071,127.286013,12,세종특별시
2026-06-14T21:50:12+09:00,GBIKE,383834,56.0,36.609081,127.292111,12,세종특별시
2026-06-14T21:50:12+09:00,GBIKE,372868,89.0,36.609093,127.286073,12,세종특별시
2026-06-14T21:50:12+09:00,GBIKE,390484,34.0,36.6091,127.28609,12,세종특별시
2026-06-14T21:50:12+09:00,GBIKE,380915,30.0,36.60911,127.285976,12,세종특별시
2026-06-14T21:50:12+09:00,GBIKE,381351,89.0,36.609185,127.288786,12,세종특별시
2026-06-14T21:50:12+09:00,GBIKE,380639,34.0,36.609263,127.29129,12,세종특별시
2026-06-14T21:50:12+09:00,GBIKE,382505,100.0,36.609295,127.292561,12,세종특별시
2026-06-14T21:50:12+09:00,GBIKE,349257,32.0,36.609325,127.292735,12,세종특별시
2026-06-14T21:50:12+09:00,GBIKE,363571,52.0,36.609373,127.290533,12,세종특별시
2026-06-14T21:50:12+09:00,GBIKE,383163,92.0,36.609646,127.288595,12,세종특별시
2026-06-14T21:50:12+09:00,GBIKE,383624,83.0,36.609653,127.28689,12,세종특별시
2026-06-14T21:50:12+09:00,GBIKE,383149,76.0,36.609666,127.286941,12,세종특별시
2026-06-14T21:50:12+09:00,GBIKE,372399,33.0,36.609668,127.286911,12,세종특별시
2026-06-14T21:50:12+09:00,GBIKE,377014,55.0,36.609681,127.286846,12,세종특별시
2026-06-14T21:50:12+09:00,GBIKE,373233,71.0,36.609686,127.286943,12,세종특별시
2026-06-14T21:50:12+09:00,GBIKE,385638,32.0,36.609691,127.286855,12,세종특별시
2026-06-14T21:50:12+09:00,GBIKE,631081,33.0,36.609691,127.286847,12,세종특별시
2026-06-14T21:50:12+09:00,GBIKE,394698,76.0,36.609693,127.286906,12,세종특별시
2026-06-14T21:50:12+09:00,GBIKE,388372,33.0,36.609705,127.286891,12,세종특별시
2026-06-14T21:50:12+09:00,GBIKE,630625,30.0,36.609807,127.293207,12,세종특별시
2026-06-14T21:50:12+09:00,GBIKE,375561,82.0,36.60984,127.29322,12,세종특별시
2026-06-14T21:50:12+09:00,GBIKE,386032,90.0,36.609855,127.293231,12,세종특별시
2026-06-14T21:50:12+09:00,GBIKE,392267,42.0,36.609866,127.293238,12,세종특별시
2026-06-14T21:50:12+09:00,GBIKE,389584,34.0,36.610378,127.289981,12,세종특별시
2026-06-14T21:50:12+09:00,GBIKE,616066,87.0,36.610383,127.289113,12,세종특별시
2026-06-14T21:50:12+09:00,GBIKE,374638,86.0,36.6104,127.28915,12,세종특별시
2026-06-14T21:50:12+09:00,GBIKE,373290,79.0,36.610406,127.289175,12,세종특별시
2026-06-14T21:50:12+09:00,GBIKE,362145,55.0,36.610493,127.285493,12,세종특별시
2026-06-14T21:50:12+09:00,GBIKE,366565,31.0,36.610521,127.285605,12,세종특별시
2026-06-14T21:50:12+09:00,GBIKE,635581,40.0,36.610541,127.285515,12,세종특별시
2026-06-14T21:50:12+09:00,GBIKE,343404,35.0,36.610571,127.29318,12,세종특별시
2026-06-14T21:50:12+09:00,GBIKE,638335,31.0,36.610582,127.293169,12,세종특별시
2026-06-14T21:50:12+09:00,GBIKE,390685,33.0,36.610671,127.297201,12,세종특별시
2026-06-14T21:50:12+09:00,GBIKE,603533,95.0,36.610753,127.296818,12,세종특별시
2026-06-14T21:50:12+09:00,GBIKE,394098,32.0,36.610773,127.298521,12,세종특별시
2026-06-14T21:50:12+09:00,GBIKE,614015,62.0,36.610942,127.285846,12,세종특별시
2026-06-14T21:50:12+09:00,GBIKE,345873,39.0,36.610985,127.286115,12,세종특별시
2026-06-14T21:50:12+09:00,GBIKE,368766,81.0,36.611018,127.286005,12,세종특별시
2026-06-14T21:50:12+09:00,GBIKE,392234,63.0,36.611028,127.290081,12,세종특별시
2026-06-14T21:50:12+09:00,GBIKE,369415,58.0,36.611056,127.286106,12,세종특별시
2026-06-14T21:50:12+09:00,GBIKE,383590,51.0,36.611061,127.290093,12,세종특별시
2026-06-14T21:50:12+09:00,GBIKE,375506,48.0,36.611068,127.29006,12,세종특별시
2026-06-14T21:50:12+09:00,GBIKE,376081,57.0,36.611076,127.290128,12,세종특별시
2026-06-14T21:50:12+09:00,GBIKE,631829,34.0,36.611078,127.293068,12,세종특별시
2026-06-14T21:50:12+09:00,GBIKE,390382,64.0,36.611083,127.289985,12,세종특별시
2026-06-14T21:50:12+09:00,GBIKE,382572,34.0,36.611088,127.290051,12,세종특별시
2026-06-14T21:50:12+09:00,GBIKE,372070,34.0,36.61109,127.289973,12,세종특별시
2026-06-14T21:50:12+09:00,GBIKE,378931,89.0,36.61109,127.289996,12,세종특별시
2026-06-14T21:50:12+09:00,GBIKE,380113,62.0,36.611093,127.289951,12,세종특별시
2026-06-14T21:50:12+09:00,GBIKE,383167,75.0,36.611103,127.290053,12,세종특별시
2026-06-14T21:50:12+09:00,GBIKE,627295,36.0,36.611103,127.29664,12,세종특별시
2026-06-14T21:50:12+09:00,GBIKE,388680,76.0,36.611106,127.290108,12,세종특별시
2026-06-14T21:50:12+09:00,GBIKE,384320,74.0,36.61111,127.290098,12,세종특별시
2026-06-14T21:50:12+09:00,GBIKE,353905,52.0,36.611111,127.290018,12,세종특별시
2026-06-14T21:50:12+09:00,GBIKE,363973,34.0,36.611115,127.290028,12,세종특별시
2026-06-14T21:50:12+09:00,GBIKE,368902,57.0,36.611118,127.290086,12,세종특별시
2026-06-14T21:50:12+09:00,GBIKE,388399,75.0,36.61112,127.290065,12,세종특별시
2026-06-14T21:50:12+09:00,GBIKE,366516,31.0,36.611123,127.287396,12,세종특별시
2026-06-14T21:50:12+09:00,GBIKE,381177,49.0,36.611123,127.29006,12,세종특별시
2026-06-14T21:50:12+09:00,GBIKE,374564,61.0,36.611128,127.289991,12,세종특별시
2026-06-14T21:50:12+09:00,GBIKE,383887,95.0,36.611128,127.289965,12,세종특별시
2026-06-14T21:50:12+09:00,GBIKE,394095,51.0,36.611128,127.290073,12,세종특별시
2026-06-14T21:50:12+09:00,GBIKE,617634,60.0,36.611131,127.287337,12,세종특별시
2026-06-14T21:50:12+09:00,GBIKE,368132,44.0,36.611136,127.290091,12,세종특별시
2026-06-14T21:50:12+09:00,GBIKE,624613,49.0,36.611138,127.287403,12,세종특별시
2026-06-14T21:50:12+09:00,GBIKE,383553,61.0,36.61114,127.28742,12,세종특별시
2026-06-14T21:50:12+09:00,GBIKE,377436,91.0,36.611141,127.290078,12,세종특별시
2026-06-14T21:50:12+09:00,GBIKE,372400,43.0,36.611145,127.290008,12,세종특별시
2026-06-14T21:50:12+09:00,GBIKE,386976,33.0,36.611145,127.287405,12,세종특별시
2026-06-14T21:50:12+09:00,GBIKE,390769,96.0,36.611145,127.289958,12,세종특별시
2026-06-14T21:50:12+09:00,GBIKE,338106,100.0,36.611148,127.290055,12,세종특별시
2026-06-14T21:50:12+09:00,GBIKE,388631,65.0,36.611148,127.290086,12,세종특별시
2026-06-14T21:50:12+09:00,GBIKE,367380,88.0,36.61115,127.287475,12,세종특별시
2026-06-14T21:50:12+09:00,GBIKE,392376,54.0,36.611151,127.290073,12,세종특별시
2026-06-14T21:50:12+09:00,GBIKE,355297,69.0,36.611156,127.290028,12,세종특별시
2026-06-14T21:50:12+09:00,GBIKE,388764,65.0,36.611156,127.287388,12,세종특별시
2026-06-14T21:50:12+09:00,GBIKE,389488,88.0,36.611158,127.287363,12,세종특별시
2026-06-14T21:50:12+09:00,GBIKE,364026,73.0,36.61116,127.290086,12,세종특별시
2026-06-14T21:50:12+09:00,GBIKE,376843,42.0,36.61116,127.29004,12,세종특별시
2026-06-14T21:50:12+09:00,GBIKE,638562,41.0,36.61116,127.289955,12,세종특별시
2026-06-14T21:50:12+09:00,GBIKE,371980,70.0,36.611161,127.287471,12,세종특별시
2026-06-14T21:50:12+09:00,GBIKE,386746,81.0,36.611163,127.28747,12,세종특별시
2026-06-14T21:50:12+09:00,GBIKE,375544,51.0,36.611166,127.287356,12,세종특별시
2026-06-14T21:50:12+09:00,GBIKE,374698,69.0,36.611168,127.287576,12,세종특별시
2026-06-14T21:50:12+09:00,GBIKE,617603,34.0,36.611174,127.287407,12,세종특별시
2026-06-14T21:50:12+09:00,GBIKE,364370,99.0,36.611175,127.29006,12,세종특별시
2026-06-14T21:50:12+09:00,GBIKE,375330,78.0,36.611176,127.287451,12,세종특별시
2026-06-14T21:50:12+09:00,GBIKE,638395,89.0,36.611177,127.287431,12,세종특별시
2026-06-14T21:50:12+09:00,GBIKE,389536,72.0,36.611178,127.287415,12,세종특별시
2026-06-14T21:50:12+09:00,GBIKE,366495,33.0,36.61118,127.287386,12,세종특별시
2026-06-14T21:50:12+09:00,GBIKE,368100,71.0,36.61118,127.287423,12,세종특별시
2026-06-14T21:50:12+09:00,GBIKE,389159,48.0,36.611181,127.290056,12,세종특별시
2026-06-14T21:50:12+09:00,GBIKE,603062,32.0,36.611181,127.287439,12,세종특별시
2026-06-14T21:50:12+09:00,GBIKE,363636,75.0,36.611183,127.287216,12,세종특별시
2026-06-14T21:50:12+09:00,GBIKE,377574,79.0,36.611183,127.287446,12,세종특별시
2026-06-14T21:50:12+09:00,GBIKE,630979,38.0,36.611183,127.287492,12,세종특별시
2026-06-14T21:50:12+09:00,GBIKE,388893,46.0,36.611186,127.28728,12,세종특별시
2026-06-14T21:50:12+09:00,GBIKE,374566,47.0,36.61119,127.290043,12,세종특별시
2026-06-14T21:50:12+09:00,GBIKE,382570,61.0,36.611193,127.290011,12,세종특별시
2026-06-14T21:50:12+09:00,GBIKE,379519,37.0,36.611195,127.287433,12,세종특별시
2026-06-14T21:50:12+09:00,GBIKE,384693,46.0,36.611195,127.287468,12,세종특별시
2026-06-14T21:50:12+09:00,GBIKE,389748,47.0,36.611195,127.287383,12,세종특별시
2026-06-14T21:50:12+09:00,GBIKE,378994,30.0,36.611196,127.28729,12,세종특별시
2026-06-14T21:50:12+09:00,GBIKE,351622,33.0,36.611198,127.287393,12,세종특별시
2026-06-14T21:50:12+09:00,GBIKE,385640,84.0,36.611201,127.287193,12,세종특별시
2026-06-14T21:50:12+09:00,GBIKE,369813,32.0,36.611203,127.287475,12,세종특별시
2026-06-14T21:50:12+09:00,GBIKE,375429,75.0,36.611203,127.287481,12,세종특별시
2026-06-14T21:50:12+09:00,GBIKE,382650,38.0,36.611203,127.28744,12,세종특별시
2026-06-14T21:50:12+09:00,GBIKE,384378,46.0,36.611203,127.287396,12,세종특별시
2026-06-14T21:50:12+09:00,GBIKE,347317,100.0,36.611205,127.287445,12,세종특별시
2026-06-14T21:50:12+09:00,GBIKE,375530,38.0,36.611205,127.287466,12,세종특별시
2026-06-14T21:50:12+09:00,GBIKE,377735,52.0,36.611205,127.287466,12,세종특별시
2026-06-14T21:50:12+09:00,GBIKE,382533,30.0,36.611206,127.287365,12,세종특별시
2026-06-14T21:50:12+09:00,GBIKE,607348,42.0,36.611208,127.287481,12,세종특별시
2026-06-14T21:50:12+09:00,GBIKE,371839,40.0,36.611211,127.287435,12,세종특별시
2026-06-14T21:50:12+09:00,GBIKE,374386,85.0,36.611211,127.287478,12,세종특별시
2026-06-14T21:50:12+09:00,GBIKE,367387,37.0,36.611213,127.287501,12,세종특별시
2026-06-14T21:50:12+09:00,GBIKE,383726,61.0,36.611213,127.287246,12,세종특별시
2026-06-14T21:50:12+09:00,GBIKE,374717,85.0,36.611216,127.287326,12,세종특별시
2026-06-14T21:50:12+09:00,GBIKE,383611,52.0,36.611216,127.287455,12,세종특별시
2026-06-14T21:50:12+09:00,GBIKE,618274,88.0,36.611217,127.287478,12,세종특별시
2026-06-14T21:50:12+09:00,GBIKE,624058,91.0,36.611218,127.289963,12,세종특별시
2026-06-14T21:50:12+09:00,GBIKE,368165,79.0,36.611221,127.287475,12,세종특별시
2026-06-14T21:50:12+09:00,GBIKE,384302,59.0,36.611221,127.290053,12,세종특별시
2026-06-14T21:50:12+09:00,GBIKE,393158,89.0,36.611225,127.287373,12,세종특별시
2026-06-14T21:50:12+09:00,GBIKE,368554,77.0,36.61123,127.287291,12,세종특별시
2026-06-14T21:50:12+09:00,GBIKE,392507,40.0,36.611233,127.287318,12,세종특별시
2026-06-14T21:50:12+09:00,GBIKE,348036,56.0,36.611235,127.287483,12,세종특별시
2026-06-14T21:50:12+09:00,GBIKE,382502,34.0,36.611241,127.287396,12,세종특별시
2026-06-14T21:50:12+09:00,GBIKE,387855,61.0,36.611241,127.287445,12,세종특별시
2026-06-14T21:50:12+09:00,GBIKE,347335,74.0,36.611253,127.287466,12,세종특별시
2026-06-14T21:50:12+09:00,GBIKE,367389,84.0,36.611253,127.287443,12,세종특별시
2026-06-14T21:50:12+09:00,GBIKE,386486,37.0,36.611255,127.287413,12,세종특별시
2026-06-14T21:50:12+09:00,GBIKE,381308,65.0,36.611261,127.28743,12,세종특별시
2026-06-14T21:50:12+09:00,GBIKE,375527,48.0,36.611265,127.287415,12,세종특별시
2026-06-14T21:50:12+09:00,GBIKE,378077,37.0,36.611265,127.28742,12,세종특별시
2026-06-14T21:50:12+09:00,GBIKE,372771,31.0,36.611296,127.287371,12,세종특별시
2026-06-14T21:50:12+09:00,GBIKE,380917,85.0,36.611298,127.28739,12,세종특별시
2026-06-14T21:50:12+09:00,GBIKE,384363,54.0,36.61149,127.284631,12,세종특별시
2026-06-14T21:50:12+09:00,GBIKE,373517,89.0,36.611521,127.2846,12,세종특별시
2026-06-14T21:50:12+09:00,GBIKE,385510,49.0,36.611565,127.284638,12,세종특별시
2026-06-14T21:50:12+09:00,GBIKE,390771,80.0,36.611938,127.284863,12,세종특별시
2026-06-14T21:50:12+09:00,GBIKE,394836,68.0,36.611948,127.284771,12,세종특별시
2026-06-14T21:50:12+09:00,GBIKE,367752,91.0,36.61196,127.284776,12,세종특별시
2026-06-14T21:50:12+09:00,GBIKE,389295,36.0,36.611968,127.284798,12,세종특별시
2026-06-14T21:50:12+09:00,GBIKE,617959,37.0,36.611979,127.284819,12,세종특별시
2026-06-14T21:50:12+09:00,GBIKE,384694,31.0,36.613278,127.293198,12,세종특별시
2026-06-14T21:50:12+09:00,GBIKE,347744,87.0,36.613296,127.331585,12,세종특별시
2026-06-14T21:50:12+09:00,GBIKE,385435,67.0,36.613308,127.331583,12,세종특별시
2026-06-14T21:50:12+09:00,GBIKE,367337,33.0,36.613763,127.2925,12,세종특별시
2026-06-14T21:50:12+09:00,GBIKE,378046,41.0,36.613836,127.290366,12,세종특별시
2026-06-14T21:50:12+09:00,GBIKE,387886,43.0,36.613938,127.29035,12,세종특별시
2026-06-14T21:50:12+09:00,GBIKE,384398,32.0,36.613971,127.292441,12,세종특별시
2026-06-14T21:50:12+09:00,GBIKE,638210,100.0,36.614018,127.315002,12,세종특별시
2026-06-14T21:50:12+09:00,GBIKE,364617,31.0,36.614338,127.28257,12,세종특별시
2026-06-14T21:50:12+09:00,GBIKE,390295,35.0,36.614725,127.288108,12,세종특별시
2026-06-14T21:50:12+09:00,GBIKE,383347,100.0,36.614836,127.28433,12,세종특별시
2026-06-14T21:50:12+09:00,GBIKE,637526,70.0,36.615302,127.360331,12,세종특별시
2026-06-14T21:50:12+09:00,GBIKE,379960,63.0,36.616015,127.287118,12,세종특별시
2026-06-14T21:50:12+09:00,GBIKE,382690,99.0,36.616063,127.360265,12,세종특별시
2026-06-14T21:50:12+09:00,GBIKE,372300,36.0,36.616611,127.28667,12,세종특별시
2026-06-14T21:50:12+09:00,GBIKE,381932,46.0,36.616661,127.286898,12,세종특별시
2026-06-14T21:50:12+09:00,GBIKE,347359,33.0,36.616671,127.286908,12,세종특별시
2026-06-14T21:50:12+09:00,GBIKE,384375,64.0,36.616831,127.329133,12,세종특별시
2026-06-14T21:50:12+09:00,GBIKE,130745,33.0,36.617507,127.285737,12,세종특별시
2026-06-14T21:50:12+09:00,GBIKE,372776,92.0,36.617553,127.290468,12,세종특별시
2026-06-14T21:50:12+09:00,GBIKE,368400,71.0,36.618043,127.321585,12,세종특별시
2026-06-14T21:50:12+09:00,GBIKE,384391,31.0,36.618166,127.28579,12,세종특별시
2026-06-14T21:50:12+09:00,GBIKE,367102,47.0,36.618226,127.285798,12,세종특별시
2026-06-14T21:50:12+09:00,GBIKE,363988,54.0,36.61823,127.285761,12,세종특별시
2026-06-14T21:50:12+09:00,GBIKE,390538,56.0,36.618233,127.285766,12,세종특별시
2026-06-14T21:50:12+09:00,GBIKE,383567,67.0,36.61824,127.285766,12,세종특별시
2026-06-14T21:50:12+09:00,GBIKE,383266,50.0,36.61826,127.28578,12,세종특별시
2026-06-14T21:50:12+09:00,GBIKE,367523,100.0,36.618273,127.285778,12,세종특별시
2026-06-14T21:50:12+09:00,GBIKE,381716,80.0,36.618278,127.285753,12,세종특별시
2026-06-14T21:50:12+09:00,GBIKE,386756,72.0,36.618286,127.28576,12,세종특별시
2026-06-14T21:50:12+09:00,GBIKE,365780,97.0,36.618315,127.285755,12,세종특별시
2026-06-14T21:50:12+09:00,GBIKE,376341,37.0,36.618398,127.285986,12,세종특별시
2026-06-14T21:50:12+09:00,GBIKE,333967,92.0,36.618813,127.290806,12,세종특별시
2026-06-14T21:50:12+09:00,GBIKE,386463,38.0,36.618908,127.284991,12,세종특별시
2026-06-14T21:50:12+09:00,GBIKE,389105,87.0,36.618911,127.289425,12,세종특별시
2026-06-14T21:50:12+09:00,GBIKE,620351,96.0,36.618988,127.318896,12,세종특별시
2026-06-14T21:50:12+09:00,GBIKE,349173,42.0,36.61987,127.310753,12,세종특별시
2026-06-14T21:50:12+09:00,GBIKE,374569,42.0,36.620625,127.290623,12,세종특별시
2026-06-14T21:50:12+09:00,GBIKE,367800,36.0,36.62091,127.282471,12,세종특별시
2026-06-14T21:50:12+09:00,GBIKE,362212,56.0,36.62096,127.290605,12,세종특별시
2026-06-14T21:50:12+09:00,GBIKE,377277,92.0,36.621166,127.290566,12,세종특별시
2026-06-14T21:50:12+09:00,GBIKE,374732,39.0,36.62144,127.358601,12,세종특별시
2026-06-14T21:50:12+09:00,GBIKE,381558,100.0,36.621485,127.321955,12,세종특별시
2026-06-14T21:50:12+09:00,GBIKE,337661,83.0,36.621506,127.290936,12,세종특별시
2026-06-14T21:50:12+09:00,GBIKE,379714,60.0,36.62151,127.290941,12,세종특별시
2026-06-14T21:50:12+09:00,GBIKE,343399,100.0,36.623003,127.290195,12,세종특별시
2026-06-14T21:50:12+09:00,GBIKE,383890,73.0,36.623335,127.286915,12,세종특별시
2026-06-14T21:50:12+09:00,GBIKE,625142,58.0,36.623687,127.286841,12,세종특별시
2026-06-14T21:50:12+09:00,GBIKE,332859,60.0,36.623761,127.286933,12,세종특별시
2026-06-14T21:50:12+09:00,GBIKE,385639,72.0,36.624126,127.33088,12,세종특별시
2026-06-14T21:50:12+09:00,GBIKE,632299,41.0,36.629276,127.333273,12,세종특별시
2026-06-14T21:50:12+09:00,GBIKE,620356,93.0,36.631625,127.328545,12,세종특별시
2026-06-14T21:50:12+09:00,GBIKE,612254,40.0,36.631632,127.328576,12,세종특별시
2026-06-14T21:50:12+09:00,GBIKE,602329,62.0,36.631713,127.32859,12,세종특별시
2026-06-14T21:50:12+09:00,GBIKE,368357,67.0,36.656701,127.369016,12,세종특별시
